date,tenor,avg_yield,num_bonds_used,bond_names_used,min_remain_years,max_remain_years
2020-01-06,2Y,-0.1353,6,JGB130(5)|JGB319(10)|JGB320(10)|JGB408(2)|JGB53(20)|JGB54(20),1.955,1.988
2020-01-06,5Y,-0.1303,4,JGB336(10)|JGB337(10)|JGB73(20)|JGB74(20),4.956,4.956
2020-01-06,10Y,-0.0157,3,JGB WI(10)-01|JGB114(20)|JGB115(20),9.955,9.955
2020-01-06,20Y,0.28,1,JGB32(30),20.203,20.203
2020-01-06,30Y,0.41,1,JGB WI(30)-01,29.955,29.955
2020-01-06,40Y,0.435,1,JGB12(40),39.201,39.201
2020-01-07,2Y,-0.1398,6,JGB130(5)|JGB319(10)|JGB320(10)|JGB408(2)|JGB53(20)|JGB54(20),1.952,1.985
2020-01-07,5Y,-0.14,4,JGB336(10)|JGB337(10)|JGB73(20)|JGB74(20),4.953,4.953
2020-01-07,10Y,-0.026,3,JGB WI(10)-01|JGB114(20)|JGB115(20),9.952,9.952
2020-01-07,20Y,0.272,1,JGB32(30),20.2,20.2
2020-01-07,30Y,0.4,1,JGB WI(30)-01,29.952,29.952
2020-01-07,40Y,0.425,1,JGB12(40),39.198,39.198
2020-01-08,2Y,-0.1248,6,JGB130(5)|JGB319(10)|JGB320(10)|JGB408(2)|JGB53(20)|JGB54(20),1.949,1.982
2020-01-08,5Y,-0.119,4,JGB336(10)|JGB337(10)|JGB73(20)|JGB74(20),4.95,4.95
2020-01-08,10Y,-0.009,3,JGB114(20)|JGB115(20)|JGB357(10),9.949,9.949
2020-01-08,20Y,0.301,1,JGB32(30),20.197,20.197
2020-01-08,30Y,0.43,1,JGB WI(30)-01,29.949,29.949
2020-01-08,40Y,0.458,1,JGB12(40),39.195,39.195
2020-01-09,2Y,-0.1298,6,JGB130(5)|JGB319(10)|JGB320(10)|JGB408(2)|JGB53(20)|JGB54(20),1.947,1.979
2020-01-09,5Y,-0.1238,5,JGB WI(5)-01|JGB336(10)|JGB337(10)|JGB73(20)|JGB74(20),4.947,4.947
2020-01-09,10Y,-0.015,3,JGB114(20)|JGB115(20)|JGB357(10),9.947,9.947
2020-01-09,20Y,0.283,1,JGB32(30),20.194,20.194
2020-01-09,30Y,0.416,1,JGB WI(30)-01,29.947,29.947
2020-01-09,40Y,0.449,1,JGB12(40),39.192,39.192
2020-01-10,2Y,-0.135,6,JGB130(5)|JGB319(10)|JGB320(10)|JGB408(2)|JGB53(20)|JGB54(20),1.944,1.977
2020-01-10,5Y,-0.1182,5,JGB WI(5)-01|JGB336(10)|JGB337(10)|JGB73(20)|JGB74(20),4.945,4.945
2020-01-10,10Y,-0.0043,3,JGB114(20)|JGB115(20)|JGB357(10),9.944,9.944
2020-01-10,20Y,0.295,1,JGB32(30),20.192,20.192
2020-01-10,30Y,0.428,1,JGB65(30),29.944,29.944
2020-01-10,40Y,0.467,1,JGB12(40),39.19,39.19
2020-01-14,2Y,-0.1407,6,JGB130(5)|JGB319(10)|JGB320(10)|JGB408(2)|JGB53(20)|JGB54(20),1.933,1.966
2020-01-14,5Y,-0.1134,5,JGB WI(5)-01|JGB336(10)|JGB337(10)|JGB73(20)|JGB74(20),4.934,4.934
2020-01-14,10Y,-0.0043,3,JGB114(20)|JGB115(20)|JGB357(10),9.933,9.933
2020-01-14,20Y,0.295,1,JGB WI(20)-01,19.932,19.932
2020-01-14,30Y,0.437,1,JGB65(30),29.933,29.933
2020-01-14,40Y,0.477,1,JGB12(40),39.179,39.179
2020-01-15,2Y,-0.1307,6,JGB130(5)|JGB319(10)|JGB320(10)|JGB408(2)|JGB53(20)|JGB54(20),1.93,1.963
2020-01-15,5Y,-0.0926,5,JGB WI(5)-01|JGB336(10)|JGB337(10)|JGB73(20)|JGB74(20),4.931,4.931
2020-01-15,10Y,0.0107,3,JGB114(20)|JGB115(20)|JGB357(10),9.93,9.93
2020-01-15,20Y,0.31,1,JGB WI(20)-01,19.929,19.929
2020-01-15,30Y,0.447,1,JGB65(30),29.93,29.93
2020-01-15,40Y,0.481,1,JGB12(40),39.176,39.176
2020-01-16,2Y,-0.1265,6,JGB130(5)|JGB319(10)|JGB320(10)|JGB408(2)|JGB53(20)|JGB54(20),1.927,1.96
2020-01-16,5Y,-0.097,5,JGB142(5)|JGB336(10)|JGB337(10)|JGB73(20)|JGB74(20),4.928,4.928
2020-01-16,10Y,0.005,3,JGB114(20)|JGB115(20)|JGB357(10),9.927,9.927
2020-01-16,20Y,0.31,1,JGB WI(20)-01,19.926,19.926
2020-01-16,30Y,0.447,1,JGB65(30),29.927,29.927
2020-01-16,40Y,0.483,1,JGB12(40),39.173,39.173
2020-01-17,2Y,-0.131,6,JGB130(5)|JGB319(10)|JGB320(10)|JGB408(2)|JGB53(20)|JGB54(20),1.925,1.958
2020-01-17,5Y,-0.1016,5,JGB142(5)|JGB336(10)|JGB337(10)|JGB73(20)|JGB74(20),4.925,4.925
2020-01-17,10Y,0.0053,3,JGB114(20)|JGB115(20)|JGB357(10),9.925,9.925
2020-01-17,20Y,0.315,1,JGB WI(20)-01,19.923,19.923
2020-01-17,30Y,0.451,1,JGB65(30),29.925,29.925
2020-01-17,40Y,0.486,1,JGB12(40),39.17,39.17
2020-01-20,2Y,-0.134,1,JGB408(2),1.949,1.949
2020-01-20,5Y,-0.1094,5,JGB142(5)|JGB336(10)|JGB337(10)|JGB73(20)|JGB74(20),4.917,4.917
2020-01-20,10Y,-0.0043,3,JGB114(20)|JGB115(20)|JGB357(10),9.916,9.916
2020-01-20,20Y,0.307,1,JGB171(20),19.915,19.915
2020-01-20,30Y,0.451,1,JGB65(30),29.916,29.916
2020-01-20,40Y,0.486,1,JGB12(40),39.162,39.162
2020-01-21,2Y,-0.125,1,JGB408(2),1.947,1.947
2020-01-21,5Y,-0.1066,5,JGB142(5)|JGB336(10)|JGB337(10)|JGB73(20)|JGB74(20),4.914,4.914
2020-01-21,10Y,0.011,1,JGB2(30),10.084,10.084
2020-01-21,20Y,0.319,1,JGB171(20),19.912,19.912
2020-01-21,30Y,0.465,1,JGB65(30),29.914,29.914
2020-01-21,40Y,0.5,1,JGB12(40),39.159,39.159
2020-01-22,2Y,-0.125,1,JGB408(2),1.944,1.944
2020-01-22,5Y,-0.1172,5,JGB142(5)|JGB336(10)|JGB337(10)|JGB73(20)|JGB74(20),4.912,4.912
2020-01-22,10Y,-0.004,1,JGB2(30),10.081,10.081
2020-01-22,20Y,0.29,1,JGB171(20),19.91,19.91
2020-01-22,30Y,0.437,1,JGB65(30),29.911,29.911
2020-01-22,40Y,0.4725,2,JGB WI(40)-01|JGB12(40),39.157,39.157
2020-01-23,2Y,-0.121,1,JGB408(2),1.941,1.941
2020-01-23,5Y,-0.1176,5,JGB142(5)|JGB336(10)|JGB337(10)|JGB73(20)|JGB74(20),4.909,4.909
2020-01-23,10Y,-0.001,1,JGB2(30),10.078,10.078
2020-01-23,20Y,0.295,1,JGB171(20),19.907,19.907
2020-01-23,30Y,0.437,1,JGB65(30),29.908,29.908
2020-01-23,40Y,0.4735,2,JGB WI(40)-01|JGB12(40),39.154,39.154
2020-01-24,2Y,-0.1305,2,JGB WI(2)-02|JGB408(2),1.938,2.023
2020-01-24,5Y,-0.1326,5,JGB142(5)|JGB336(10)|JGB337(10)|JGB73(20)|JGB74(20),4.906,4.906
2020-01-24,10Y,-0.021,1,JGB2(30),10.075,10.075
2020-01-24,20Y,0.271,1,JGB171(20),19.904,19.904
2020-01-24,30Y,0.409,1,JGB65(30),29.906,29.906
2020-01-24,40Y,0.4445,2,JGB WI(40)-01|JGB12(40),39.151,39.151
2020-01-27,2Y,-0.1305,2,JGB WI(2)-02|JGB408(2),1.93,2.015
2020-01-27,5Y,-0.1326,5,JGB142(5)|JGB336(10)|JGB337(10)|JGB73(20)|JGB74(20),4.898,4.898
2020-01-27,10Y,-0.021,1,JGB2(30),10.067,10.067
2020-01-27,20Y,0.265,1,JGB171(20),19.896,19.896
2020-01-27,30Y,0.404,1,JGB65(30),29.897,29.897
2020-01-27,40Y,0.439,2,JGB WI(40)-01|JGB12(40),39.143,39.143
2020-01-28,2Y,-0.1415,2,JGB WI(2)-02|JGB408(2),1.927,2.012
2020-01-28,5Y,-0.153,5,JGB142(5)|JGB336(10)|JGB337(10)|JGB73(20)|JGB74(20),4.895,4.895
2020-01-28,10Y,-0.043,1,JGB2(30),10.064,10.064
2020-01-28,20Y,0.236,1,JGB171(20),19.893,19.893
2020-01-28,30Y,0.371,1,JGB65(30),29.895,29.895
2020-01-28,40Y,0.4005,2,JGB WI(40)-01|JGB12(40),39.14,39.14
2020-01-29,2Y,-0.1315,2,JGB WI(2)-02|JGB408(2),1.925,2.01
2020-01-29,5Y,-0.1428,5,JGB142(5)|JGB336(10)|JGB337(10)|JGB73(20)|JGB74(20),4.893,4.893
2020-01-29,10Y,-0.035,1,JGB2(30),10.062,10.062
2020-01-29,20Y,0.241,1,JGB171(20),19.89,19.89
2020-01-29,30Y,0.376,1,JGB65(30),29.892,29.892
2020-01-29,40Y,0.406,1,JGB12(40),39.138,39.138
2020-01-30,2Y,-0.1315,2,JGB WI(2)-02|JGB408(2),1.922,2.007
2020-01-30,5Y,-0.143,5,JGB142(5)|JGB336(10)|JGB337(10)|JGB73(20)|JGB74(20),4.89,4.89
2020-01-30,10Y,-0.038,1,JGB2(30),10.059,10.059
2020-01-30,20Y,0.236,1,JGB171(20),19.888,19.888
2020-01-30,30Y,0.371,1,JGB65(30),29.889,29.889
2020-01-30,40Y,0.397,1,JGB12(40),39.135,39.135
2020-01-31,2Y,-0.149,2,JGB408(2)|JGB409(2),1.919,2.004
2020-01-31,5Y,-0.1638,5,JGB142(5)|JGB336(10)|JGB337(10)|JGB73(20)|JGB74(20),4.887,4.887
2020-01-31,10Y,-0.055,1,JGB2(30),10.056,10.056
2020-01-31,20Y,0.226,1,JGB171(20),19.885,19.885
2020-01-31,30Y,0.3585,2,JGB WI(30)-02|JGB65(30),29.886,29.886
2020-01-31,40Y,0.382,1,JGB12(40),39.132,39.132
2020-02-03,2Y,-0.159,1,JGB409(2),1.996,1.996
2020-02-03,5Y,-0.1756,5,JGB142(5)|JGB336(10)|JGB337(10)|JGB73(20)|JGB74(20),4.879,4.879
2020-02-03,10Y,-0.06,1,JGB2(30),10.048,10.048
2020-02-03,20Y,0.231,1,JGB171(20),19.877,19.877
2020-02-03,30Y,0.366,2,JGB WI(30)-02|JGB65(30),29.878,29.878
2020-02-03,40Y,0.392,1,JGB12(40),39.124,39.124
2020-02-04,2Y,-0.165,1,JGB409(2),1.993,1.993
2020-02-04,5Y,-0.1815,4,JGB338(10)|JGB75(20)|JGB76(20)|JGB77(20),5.123,5.123
2020-02-04,10Y,-0.057,1,JGB2(30),10.045,10.045
2020-02-04,20Y,0.244,1,JGB32(30),20.123,20.123
2020-02-04,30Y,0.382,1,JGB3(40),30.122,30.122
2020-02-04,40Y,0.411,1,JGB12(40),39.121,39.121
2020-02-05,2Y,-0.15,1,JGB409(2),1.99,1.99
2020-02-05,5Y,-0.1713,4,JGB338(10)|JGB75(20)|JGB76(20)|JGB77(20),5.12,5.12
2020-02-05,10Y,-0.05,1,JGB2(30),10.042,10.042
2020-02-05,20Y,0.255,1,JGB32(30),20.12,20.12
2020-02-05,30Y,0.394,1,JGB3(40),30.119,30.119
2020-02-05,40Y,0.42,1,JGB12(40),39.118,39.118
2020-02-06,2Y,-0.14,1,JGB409(2),1.988,1.988
2020-02-06,5Y,-0.1557,4,JGB338(10)|JGB75(20)|JGB76(20)|JGB77(20),5.117,5.117
2020-02-06,10Y,-0.037,1,JGB2(30),10.04,10.04
2020-02-06,20Y,0.272,1,JGB32(30),20.118,20.118
2020-02-06,30Y,0.417,1,JGB3(40),30.116,30.116
2020-02-06,40Y,0.444,1,JGB12(40),39.116,39.116
2020-02-07,2Y,-0.131,1,JGB409(2),1.985,1.985
2020-02-07,5Y,-0.1395,4,JGB338(10)|JGB75(20)|JGB76(20)|JGB77(20),5.114,5.114
2020-02-07,10Y,-0.021,1,JGB2(30),10.037,10.037
2020-02-07,20Y,0.281,1,JGB32(30),20.115,20.115
2020-02-07,30Y,0.423,1,JGB3(40),30.114,30.114
2020-02-07,40Y,0.448,1,JGB12(40),39.113,39.113
2020-02-10,2Y,-0.146,1,JGB409(2),1.977,1.977
2020-02-10,5Y,-0.156,4,JGB338(10)|JGB75(20)|JGB76(20)|JGB77(20),5.106,5.106
2020-02-10,10Y,-0.042,1,JGB2(30),10.029,10.029
2020-02-10,20Y,0.255,1,JGB32(30),20.107,20.107
2020-02-10,30Y,0.389,1,JGB3(40),30.105,30.105
2020-02-10,40Y,0.42,1,JGB12(40),39.105,39.105
2020-02-12,2Y,-0.157,1,JGB409(2),1.971,1.971
2020-02-12,5Y,-0.169,4,JGB338(10)|JGB75(20)|JGB76(20)|JGB77(20),5.101,5.101
2020-02-12,10Y,-0.057,1,JGB2(30),10.023,10.023
2020-02-12,20Y,0.232,1,JGB32(30),20.101,20.101
2020-02-12,30Y,0.365,1,JGB3(40),30.1,30.1
2020-02-12,40Y,0.396,1,JGB12(40),39.099,39.099
2020-02-13,2Y,-0.153,1,JGB409(2),1.969,1.969
2020-02-13,5Y,-0.158,4,JGB338(10)|JGB75(20)|JGB76(20)|JGB77(20),5.098,5.098
2020-02-13,10Y,-0.043,1,JGB2(30),10.021,10.021
2020-02-13,20Y,0.249,1,JGB32(30),20.099,20.099
2020-02-13,30Y,0.377,1,JGB3(40),30.097,30.097
2020-02-13,40Y,0.406,1,JGB12(40),39.097,39.097
2020-02-14,2Y,-0.153,1,JGB409(2),1.966,1.966
2020-02-14,5Y,-0.1557,4,JGB338(10)|JGB75(20)|JGB76(20)|JGB77(20),5.095,5.095
2020-02-14,10Y,-0.033,1,JGB2(30),10.018,10.018
2020-02-14,20Y,0.261,1,JGB32(30),20.096,20.096
2020-02-14,30Y,0.388,1,JGB3(40),30.094,30.094
2020-02-14,40Y,0.415,1,JGB12(40),39.094,39.094
2020-02-17,2Y,-0.143,1,JGB409(2),1.958,1.958
2020-02-17,5Y,-0.1502,4,JGB338(10)|JGB75(20)|JGB76(20)|JGB77(20),5.087,5.087
2020-02-17,10Y,-0.027,1,JGB2(30),10.01,10.01
2020-02-17,20Y,0.261,1,JGB32(30),20.088,20.088
2020-02-17,30Y,0.388,1,JGB3(40),30.086,30.086
2020-02-17,40Y,0.415,1,JGB12(40),39.086,39.086
2020-02-18,2Y,-0.144,1,JGB409(2),1.955,1.955
2020-02-18,5Y,-0.1502,4,JGB338(10)|JGB75(20)|JGB76(20)|JGB77(20),5.084,5.084
2020-02-18,10Y,-0.032,1,JGB2(30),10.007,10.007
2020-02-18,20Y,0.244,1,JGB32(30),20.085,20.085
2020-02-18,30Y,0.371,1,JGB3(40),30.084,30.084
2020-02-18,40Y,0.396,1,JGB12(40),39.083,39.083
2020-02-19,2Y,-0.1542,4,JGB131(5)|JGB321(10)|JGB322(10)|JGB409(2),1.952,2.081
2020-02-19,5Y,-0.166,4,JGB338(10)|JGB75(20)|JGB76(20)|JGB77(20),5.081,5.081
2020-02-19,10Y,-0.0483,3,JGB116(20)|JGB117(20)|JGB2(30),10.004,10.081
2020-02-19,20Y,0.227,1,JGB32(30),20.082,20.082
2020-02-19,30Y,0.354,1,JGB3(40),30.081,30.081
2020-02-19,40Y,0.377,1,JGB12(40),39.08,39.08
2020-02-20,2Y,-0.1572,5,JGB131(5)|JGB321(10)|JGB322(10)|JGB409(2)|JGB55(20),1.949,2.081
2020-02-20,5Y,-0.1663,4,JGB338(10)|JGB75(20)|JGB76(20)|JGB77(20),5.079,5.079
2020-02-20,10Y,-0.043,3,JGB116(20)|JGB117(20)|JGB2(30),10.001,10.078
2020-02-20,20Y,0.238,1,JGB32(30),20.079,20.079
2020-02-20,30Y,0.366,1,JGB3(40),30.078,30.078
2020-02-20,40Y,0.392,1,JGB12(40),39.077,39.077
2020-02-21,2Y,-0.1538,5,JGB131(5)|JGB321(10)|JGB322(10)|JGB409(2)|JGB55(20),1.947,2.078
2020-02-21,5Y,-0.16,4,JGB338(10)|JGB75(20)|JGB76(20)|JGB77(20),5.076,5.076
2020-02-21,10Y,-0.0377,3,JGB116(20)|JGB117(20)|JGB2(30),9.999,10.075
2020-02-21,20Y,0.238,1,JGB32(30),20.077,20.077
2020-02-21,30Y,0.359,1,JGB3(40),30.075,30.075
2020-02-21,40Y,0.382,1,JGB12(40),39.075,39.075
2020-02-25,2Y,-0.1645,6,JGB WI(2)-03|JGB131(5)|JGB321(10)|JGB322(10)|JGB409(2)|JGB55(20),1.936,2.067
2020-02-25,5Y,-0.181,4,JGB338(10)|JGB75(20)|JGB76(20)|JGB77(20),5.065,5.065
2020-02-25,10Y,-0.0597,3,JGB116(20)|JGB117(20)|JGB2(30),9.988,10.064
2020-02-25,20Y,0.221,1,JGB32(30),20.066,20.066
2020-02-25,30Y,0.342,1,JGB3(40),30.064,30.064
2020-02-25,40Y,0.368,1,JGB12(40),39.064,39.064
2020-02-26,2Y,-0.2032,6,JGB WI(2)-03|JGB131(5)|JGB321(10)|JGB322(10)|JGB409(2)|JGB55(20),1.933,2.064
2020-02-26,5Y,-0.2278,4,JGB338(10)|JGB75(20)|JGB76(20)|JGB77(20),5.062,5.062
2020-02-26,10Y,-0.098,3,JGB116(20)|JGB117(20)|JGB2(30),9.985,10.062
2020-02-26,20Y,0.207,1,JGB32(30),20.063,20.063
2020-02-26,30Y,0.33,1,JGB3(40),30.062,30.062
2020-02-26,40Y,0.358,1,JGB12(40),39.061,39.061
2020-02-27,2Y,-0.2008,6,JGB WI(2)-03|JGB131(5)|JGB321(10)|JGB322(10)|JGB409(2)|JGB55(20),1.93,2.062
2020-02-27,5Y,-0.2182,4,JGB338(10)|JGB75(20)|JGB76(20)|JGB77(20),5.06,5.06
2020-02-27,10Y,-0.0867,3,JGB116(20)|JGB117(20)|JGB2(30),9.982,10.059
2020-02-27,20Y,0.221,1,JGB32(30),20.06,20.06
2020-02-27,30Y,0.342,1,JGB3(40),30.059,30.059
2020-02-27,40Y,0.368,1,JGB12(40),39.058,39.058
2020-02-28,2Y,-0.2095,6,JGB WI(2)-03|JGB131(5)|JGB321(10)|JGB322(10)|JGB409(2)|JGB55(20),1.927,2.059
2020-02-28,5Y,-0.2285,4,JGB338(10)|JGB75(20)|JGB76(20)|JGB77(20),5.057,5.057
2020-02-28,10Y,-0.1033,3,JGB116(20)|JGB117(20)|JGB2(30),9.979,10.056
2020-02-28,20Y,0.215,1,JGB32(30),20.057,20.057
2020-02-28,30Y,0.348,1,JGB3(40),30.056,30.056
2020-02-28,40Y,0.373,1,JGB12(40),39.055,39.055
2020-03-02,2Y,-0.2567,6,JGB131(5)|JGB321(10)|JGB322(10)|JGB409(2)|JGB410(2)|JGB55(20),1.919,2.051
2020-03-02,5Y,-0.2725,4,JGB338(10)|JGB75(20)|JGB76(20)|JGB77(20),5.049,5.049
2020-03-02,10Y,-0.1533,3,JGB116(20)|JGB117(20)|JGB2(30),9.971,10.048
2020-03-02,20Y,0.157,1,JGB32(30),20.049,20.049
2020-03-02,30Y,0.28,1,JGB3(40),30.048,30.048
2020-03-02,40Y,0.309,1,JGB12(40),39.047,39.047
2020-03-03,2Y,-0.2584,5,JGB131(5)|JGB321(10)|JGB322(10)|JGB410(2)|JGB55(20),1.993,2.048
2020-03-03,5Y,-0.261,4,JGB338(10)|JGB75(20)|JGB76(20)|JGB77(20),5.046,5.046
2020-03-03,10Y,-0.1313,3,JGB116(20)|JGB117(20)|JGB2(30),9.969,10.045
2020-03-03,20Y,0.157,1,JGB32(30),20.047,20.047
2020-03-03,30Y,0.278,1,JGB3(40),30.045,30.045
2020-03-03,40Y,0.305,1,JGB12(40),39.044,39.044
2020-03-04,2Y,-0.2434,5,JGB131(5)|JGB321(10)|JGB322(10)|JGB410(2)|JGB55(20),1.99,2.045
2020-03-04,5Y,-0.2455,4,JGB338(10)|JGB75(20)|JGB76(20)|JGB77(20),5.043,5.043
2020-03-04,10Y,-0.1033,3,JGB116(20)|JGB117(20)|JGB2(30),9.966,10.042
2020-03-04,20Y,0.192,1,JGB32(30),20.044,20.044
2020-03-04,30Y,0.319,1,JGB3(40),30.042,30.042
2020-03-04,40Y,0.344,1,JGB12(40),39.042,39.042
2020-03-05,2Y,-0.275,5,JGB131(5)|JGB321(10)|JGB322(10)|JGB410(2)|JGB55(20),1.988,2.042
2020-03-05,5Y,-0.2815,4,JGB338(10)|JGB75(20)|JGB76(20)|JGB77(20),5.04,5.04
2020-03-05,10Y,-0.132,3,JGB116(20)|JGB117(20)|JGB2(30),9.963,10.04
2020-03-05,20Y,0.177,1,JGB32(30),20.041,20.041
2020-03-05,30Y,0.311,1,JGB3(40),30.04,30.04
2020-03-05,40Y,0.334,1,JGB12(40),39.039,39.039
2020-03-06,2Y,-0.2472,5,JGB131(5)|JGB321(10)|JGB322(10)|JGB410(2)|JGB55(20),1.985,2.04
2020-03-06,5Y,-0.2515,4,JGB338(10)|JGB75(20)|JGB76(20)|JGB77(20),5.038,5.038
2020-03-06,10Y,-0.0997,3,JGB116(20)|JGB117(20)|JGB2(30),9.96,10.037
2020-03-06,20Y,0.217,1,JGB32(30),20.038,20.038
2020-03-06,30Y,0.35,1,JGB3(40),30.037,30.037
2020-03-06,40Y,0.37,1,JGB12(40),39.036,39.036
2020-03-09,2Y,-0.2828,5,JGB131(5)|JGB321(10)|JGB322(10)|JGB410(2)|JGB55(20),1.977,2.031
2020-03-09,5Y,-0.298,4,JGB338(10)|JGB75(20)|JGB76(20)|JGB77(20),5.029,5.029
2020-03-09,10Y,-0.122,3,JGB116(20)|JGB117(20)|JGB2(30),9.952,10.029
2020-03-09,20Y,0.185,1,JGB32(30),20.03,20.03
2020-03-09,30Y,0.313,1,JGB3(40),30.029,30.029
2020-03-09,40Y,0.334,1,JGB12(40),39.028,39.028
2020-03-10,2Y,-0.3096,5,JGB131(5)|JGB321(10)|JGB322(10)|JGB410(2)|JGB55(20),1.974,2.029
2020-03-10,5Y,-0.3397,4,JGB338(10)|JGB75(20)|JGB76(20)|JGB77(20),5.027,5.027
2020-03-10,10Y,-0.1383,3,JGB116(20)|JGB117(20)|JGB2(30),9.949,10.026
2020-03-10,20Y,0.148,1,JGB32(30),20.027,20.027
2020-03-10,30Y,0.261,1,JGB3(40),30.026,30.026
2020-03-10,40Y,0.281,1,JGB12(40),39.025,39.025
2020-03-11,2Y,-0.239,5,JGB131(5)|JGB321(10)|JGB322(10)|JGB410(2)|JGB55(20),1.971,2.026
2020-03-11,5Y,-0.2502,4,JGB338(10)|JGB75(20)|JGB76(20)|JGB77(20),5.024,5.024
2020-03-11,10Y,-0.0283,3,JGB116(20)|JGB117(20)|JGB2(30),9.947,10.023
2020-03-11,20Y,0.222,1,JGB32(30),20.025,20.025
2020-03-11,30Y,0.305,1,JGB3(40),30.023,30.023
2020-03-11,40Y,0.321,1,JGB12(40),39.023,39.023
2020-03-12,2Y,-0.2294,5,JGB131(5)|JGB321(10)|JGB322(10)|JGB410(2)|JGB55(20),1.969,2.023
2020-03-12,5Y,-0.256,4,JGB338(10)|JGB75(20)|JGB76(20)|JGB77(20),5.021,5.021
2020-03-12,10Y,-0.053,3,JGB116(20)|JGB117(20)|JGB2(30),9.944,10.021
2020-03-12,20Y,0.215,1,JGB32(30),20.022,20.022
2020-03-12,30Y,0.295,1,JGB3(40),30.021,30.021
2020-03-12,40Y,0.309,1,JGB12(40),39.02,39.02
2020-03-13,2Y,-0.2172,5,JGB131(5)|JGB321(10)|JGB322(10)|JGB410(2)|JGB55(20),1.966,2.021
2020-03-13,5Y,-0.2248,4,JGB338(10)|JGB75(20)|JGB76(20)|JGB77(20),5.018,5.018
2020-03-13,10Y,-0.0443,3,JGB116(20)|JGB117(20)|JGB2(30),9.941,10.018
2020-03-13,20Y,0.244,1,JGB32(30),20.019,20.019
2020-03-13,30Y,0.307,1,JGB3(40),30.018,30.018
2020-03-13,40Y,0.313,1,JGB12(40),39.017,39.017
2020-03-16,2Y,-0.1972,5,JGB131(5)|JGB321(10)|JGB322(10)|JGB410(2)|JGB55(20),1.958,2.012
2020-03-16,5Y,-0.1547,4,JGB338(10)|JGB75(20)|JGB76(20)|JGB77(20),5.01,5.01
2020-03-16,10Y,0.0093,3,JGB116(20)|JGB117(20)|JGB2(30),9.933,10.01
2020-03-16,20Y,0.292,1,JGB32(30),20.011,20.011
2020-03-16,30Y,0.323,1,JGB3(40),30.01,30.01
2020-03-16,40Y,0.319,1,JGB12(40),39.009,39.009
2020-03-17,2Y,-0.1894,5,JGB131(5)|JGB321(10)|JGB322(10)|JGB410(2)|JGB55(20),1.955,2.01
2020-03-17,5Y,-0.133,4,JGB338(10)|JGB75(20)|JGB76(20)|JGB77(20),5.008,5.008
2020-03-17,10Y,0.0257,3,JGB116(20)|JGB117(20)|JGB2(30),9.93,10.007
2020-03-17,20Y,0.297,1,JGB32(30),20.008,20.008
2020-03-17,30Y,0.344,1,JGB3(40),30.007,30.007
2020-03-17,40Y,0.339,1,JGB12(40),39.006,39.006
2020-03-18,2Y,-0.1898,5,JGB131(5)|JGB321(10)|JGB322(10)|JGB410(2)|JGB55(20),1.952,2.007
2020-03-18,5Y,-0.1283,4,JGB338(10)|JGB75(20)|JGB76(20)|JGB77(20),5.005,5.005
2020-03-18,10Y,0.02,3,JGB116(20)|JGB117(20)|JGB2(30),9.927,10.004
2020-03-18,20Y,0.278,1,JGB32(30),20.005,20.005
2020-03-18,30Y,0.359,1,JGB3(40),30.004,30.004
2020-03-18,40Y,0.358,1,JGB12(40),39.003,39.003
2020-03-19,2Y,-0.1614,5,JGB131(5)|JGB321(10)|JGB322(10)|JGB410(2)|JGB55(20),1.949,2.004
2020-03-19,5Y,-0.0867,4,JGB338(10)|JGB75(20)|JGB76(20)|JGB77(20),5.002,5.002
2020-03-19,10Y,0.0627,3,JGB116(20)|JGB117(20)|JGB2(30),9.925,10.001
2020-03-19,20Y,0.306,1,JGB32(30),20.003,20.003
2020-03-19,30Y,0.405,1,JGB3(40),30.001,30.001
2020-03-19,40Y,0.411,1,JGB12(40),39.001,39.001
2020-03-23,2Y,-0.1572,5,JGB131(5)|JGB321(10)|JGB322(10)|JGB410(2)|JGB55(20),1.938,1.993
2020-03-23,5Y,-0.056,4,JGB338(10)|JGB75(20)|JGB76(20)|JGB77(20),4.991,4.991
2020-03-23,10Y,0.109,2,JGB116(20)|JGB117(20),9.99,9.99
2020-03-23,20Y,0.337,1,JGB32(30),19.992,19.992
2020-03-23,30Y,0.44,1,JGB3(40),29.99,29.99
2020-03-23,40Y,0.444,2,JGB WI(40)-03|JGB12(40),38.99,38.99
2020-03-24,2Y,-0.1894,5,JGB131(5)|JGB321(10)|JGB322(10)|JGB410(2)|JGB55(20),1.936,1.99
2020-03-24,5Y,-0.0783,4,JGB338(10)|JGB75(20)|JGB76(20)|JGB77(20),4.988,4.988
2020-03-24,10Y,0.078,2,JGB116(20)|JGB117(20),9.988,9.988
2020-03-24,20Y,0.318,1,JGB32(30),19.989,19.989
2020-03-24,30Y,0.434,1,JGB3(40),29.988,29.988
2020-03-24,40Y,0.444,2,JGB WI(40)-03|JGB12(40),38.987,38.987
2020-03-25,2Y,-0.2118,6,JGB WI(2)-04|JGB131(5)|JGB321(10)|JGB322(10)|JGB410(2)|JGB55(20),1.933,2.018
2020-03-25,5Y,-0.1175,4,JGB338(10)|JGB75(20)|JGB76(20)|JGB77(20),4.986,4.986
2020-03-25,10Y,0.049,2,JGB116(20)|JGB117(20),9.985,9.985
2020-03-25,20Y,0.312,1,JGB32(30),19.986,19.986
2020-03-25,30Y,0.429,1,JGB3(40),29.985,29.985
2020-03-25,40Y,0.4445,2,JGB WI(40)-03|JGB12(40),38.984,38.984
2020-03-26,2Y,-0.2043,6,JGB WI(2)-04|JGB131(5)|JGB321(10)|JGB322(10)|JGB410(2)|JGB55(20),1.93,2.015
2020-03-26,5Y,-0.109,4,JGB338(10)|JGB75(20)|JGB76(20)|JGB77(20),4.983,4.983
2020-03-26,10Y,0.047,2,JGB116(20)|JGB117(20),9.982,9.982
2020-03-26,20Y,0.3,1,JGB32(30),19.984,19.984
2020-03-26,30Y,0.417,1,JGB3(40),29.982,29.982
2020-03-26,40Y,0.4395,2,JGB WI(40)-03|JGB12(40),38.982,38.982
2020-03-27,2Y,-0.2013,6,JGB WI(2)-04|JGB131(5)|JGB321(10)|JGB322(10)|JGB410(2)|JGB55(20),1.927,2.012
2020-03-27,5Y,-0.1195,4,JGB338(10)|JGB75(20)|JGB76(20)|JGB77(20),4.98,4.98
2020-03-27,10Y,0.0227,3,JGB WI(10)-04|JGB116(20)|JGB117(20),9.979,9.979
2020-03-27,20Y,0.3,1,JGB32(30),19.981,19.981
2020-03-27,30Y,0.423,1,JGB3(40),29.979,29.979
2020-03-27,40Y,0.451,1,JGB12(40),38.979,38.979
2020-03-30,2Y,-0.1557,6,JGB WI(2)-04|JGB131(5)|JGB321(10)|JGB322(10)|JGB410(2)|JGB55(20),1.919,2.004
2020-03-30,5Y,-0.1082,4,JGB338(10)|JGB75(20)|JGB76(20)|JGB77(20),4.972,4.972
2020-03-30,10Y,0.0227,3,JGB WI(10)-04|JGB116(20)|JGB117(20),9.971,9.971
2020-03-30,20Y,0.302,1,JGB32(30),19.973,19.973
2020-03-30,30Y,0.419,1,JGB3(40),29.971,29.971
2020-03-30,40Y,0.449,1,JGB12(40),38.971,38.971
2020-03-31,2Y,-0.1498,5,JGB WI(2)-04|JGB131(5)|JGB321(10)|JGB322(10)|JGB55(20),1.969,2.001
2020-03-31,5Y,-0.1318,4,JGB338(10)|JGB75(20)|JGB76(20)|JGB77(20),4.969,4.969
2020-03-31,10Y,0.0107,3,JGB WI(10)-04|JGB116(20)|JGB117(20),9.969,9.969
2020-03-31,20Y,0.3,1,JGB32(30),19.97,19.97
2020-03-31,30Y,0.395,1,JGB3(40),29.969,29.969
2020-03-31,40Y,0.42,1,JGB12(40),38.968,38.968
2020-04-01,2Y,-0.133,5,JGB131(5)|JGB321(10)|JGB322(10)|JGB411(2)|JGB55(20),1.966,1.999
2020-04-01,5Y,-0.1235,4,JGB338(10)|JGB75(20)|JGB76(20)|JGB77(20),4.966,4.966
2020-04-01,10Y,0.0257,3,JGB WI(10)-04|JGB116(20)|JGB117(20),9.966,9.966
2020-04-01,20Y,0.317,1,JGB32(30),19.967,19.967
2020-04-01,30Y,0.4185,2,JGB WI(30)-04|JGB3(40),29.966,29.966
2020-04-01,40Y,0.435,1,JGB12(40),38.965,38.965
2020-04-02,2Y,-0.1422,5,JGB131(5)|JGB321(10)|JGB322(10)|JGB411(2)|JGB55(20),1.963,1.996
2020-04-02,5Y,-0.134,4,JGB338(10)|JGB75(20)|JGB76(20)|JGB77(20),4.964,4.964
2020-04-02,10Y,0.0133,3,JGB WI(10)-04|JGB116(20)|JGB117(20),9.963,9.963
2020-04-02,20Y,0.293,1,JGB32(30),19.964,19.964
2020-04-02,30Y,0.4095,2,JGB WI(30)-04|JGB3(40),29.963,29.963
2020-04-02,40Y,0.43,1,JGB12(40),38.962,38.962
2020-04-03,2Y,-0.1414,5,JGB131(5)|JGB321(10)|JGB322(10)|JGB411(2)|JGB55(20),1.96,1.993
2020-04-03,5Y,-0.134,5,JGB WI(5)-04|JGB338(10)|JGB75(20)|JGB76(20)|JGB77(20),4.961,4.961
2020-04-03,10Y,-0.004,3,JGB116(20)|JGB117(20)|JGB358(10),9.96,9.96
2020-04-03,20Y,0.272,1,JGB32(30),19.962,19.962
2020-04-03,30Y,0.389,2,JGB WI(30)-04|JGB3(40),29.96,29.96
2020-04-03,40Y,0.407,1,JGB12(40),38.96,38.96
2020-04-06,2Y,-0.142,5,JGB131(5)|JGB321(10)|JGB322(10)|JGB411(2)|JGB55(20),1.952,1.985
2020-04-06,5Y,-0.126,5,JGB WI(5)-04|JGB338(10)|JGB75(20)|JGB76(20)|JGB77(20),4.953,4.953
2020-04-06,10Y,-0.0123,3,JGB116(20)|JGB117(20)|JGB358(10),9.952,9.952
2020-04-06,20Y,0.277,1,JGB32(30),19.953,19.953
2020-04-06,30Y,0.3945,2,JGB WI(30)-04|JGB3(40),29.952,29.952
2020-04-06,40Y,0.406,1,JGB12(40),38.951,38.951
2020-04-07,2Y,-0.136,5,JGB131(5)|JGB321(10)|JGB322(10)|JGB411(2)|JGB55(20),1.949,1.982
2020-04-07,5Y,-0.1062,5,JGB WI(5)-04|JGB338(10)|JGB75(20)|JGB76(20)|JGB77(20),4.95,4.95
2020-04-07,10Y,0.0007,3,JGB116(20)|JGB117(20)|JGB358(10),9.949,9.949
2020-04-07,20Y,0.3,1,JGB32(30),19.951,19.951
2020-04-07,30Y,0.4205,2,JGB WI(30)-04|JGB3(40),29.949,29.949
2020-04-07,40Y,0.425,1,JGB12(40),38.949,38.949
2020-04-08,2Y,-0.1362,5,JGB131(5)|JGB321(10)|JGB322(10)|JGB411(2)|JGB55(20),1.947,1.979
2020-04-08,5Y,-0.1056,5,JGB WI(5)-04|JGB338(10)|JGB75(20)|JGB76(20)|JGB77(20),4.947,4.947
2020-04-08,10Y,0.001,3,JGB116(20)|JGB117(20)|JGB358(10),9.947,9.947
2020-04-08,20Y,0.317,1,JGB32(30),19.948,19.948
2020-04-08,30Y,0.4435,2,JGB3(40)|JGB66(30),29.947,29.947
2020-04-08,40Y,0.455,1,JGB12(40),38.946,38.946
2020-04-09,2Y,-0.1374,5,JGB131(5)|JGB321(10)|JGB322(10)|JGB411(2)|JGB55(20),1.944,1.977
2020-04-09,5Y,-0.1006,5,JGB WI(5)-04|JGB338(10)|JGB75(20)|JGB76(20)|JGB77(20),4.945,4.945
2020-04-09,10Y,0.0103,3,JGB116(20)|JGB117(20)|JGB358(10),9.944,9.944
2020-04-09,20Y,0.323,1,JGB32(30),19.945,19.945
2020-04-09,30Y,0.4385,2,JGB3(40)|JGB66(30),29.944,29.944
2020-04-09,40Y,0.453,1,JGB12(40),38.943,38.943
2020-04-10,2Y,-0.152,5,JGB131(5)|JGB321(10)|JGB322(10)|JGB411(2)|JGB55(20),1.941,1.974
2020-04-10,5Y,-0.1134,5,JGB143(5)|JGB338(10)|JGB75(20)|JGB76(20)|JGB77(20),4.942,4.942
2020-04-10,10Y,0.0093,3,JGB116(20)|JGB117(20)|JGB358(10),9.941,9.941
2020-04-10,20Y,0.338,1,JGB32(30),19.943,19.943
2020-04-10,30Y,0.449,2,JGB3(40)|JGB66(30),29.941,29.941
2020-04-10,40Y,0.471,1,JGB12(40),38.94,38.94
2020-04-13,2Y,-0.1796,5,JGB131(5)|JGB321(10)|JGB322(10)|JGB411(2)|JGB55(20),1.933,1.966
2020-04-13,5Y,-0.1378,5,JGB143(5)|JGB338(10)|JGB75(20)|JGB76(20)|JGB77(20),4.934,4.934
2020-04-13,10Y,-0.0043,3,JGB116(20)|JGB117(20)|JGB358(10),9.933,9.933
2020-04-13,20Y,0.328,1,JGB32(30),19.934,19.934
2020-04-13,30Y,0.4385,2,JGB3(40)|JGB66(30),29.933,29.933
2020-04-13,40Y,0.462,1,JGB12(40),38.932,38.932
2020-04-14,2Y,-0.1838,5,JGB131(5)|JGB321(10)|JGB322(10)|JGB411(2)|JGB55(20),1.93,1.963
2020-04-14,5Y,-0.1326,5,JGB143(5)|JGB338(10)|JGB75(20)|JGB76(20)|JGB77(20),4.931,4.931
2020-04-14,10Y,0.0,3,JGB116(20)|JGB117(20)|JGB358(10),9.93,9.93
2020-04-14,20Y,0.334,1,JGB32(30),19.932,19.932
2020-04-14,30Y,0.444,2,JGB3(40)|JGB66(30),29.93,29.93
2020-04-14,40Y,0.467,1,JGB12(40),38.93,38.93
2020-04-15,2Y,-0.174,5,JGB131(5)|JGB321(10)|JGB322(10)|JGB411(2)|JGB55(20),1.927,1.96
2020-04-15,5Y,-0.117,5,JGB143(5)|JGB338(10)|JGB75(20)|JGB76(20)|JGB77(20),4.928,4.928
2020-04-15,10Y,0.0083,3,JGB116(20)|JGB117(20)|JGB358(10),9.927,9.927
2020-04-15,20Y,0.3455,2,JGB WI(20)-04|JGB32(30),19.929,19.929
2020-04-15,30Y,0.4535,2,JGB3(40)|JGB66(30),29.927,29.927
2020-04-15,40Y,0.476,1,JGB12(40),38.927,38.927
2020-04-16,2Y,-0.1642,5,JGB131(5)|JGB321(10)|JGB322(10)|JGB411(2)|JGB55(20),1.925,1.958
2020-04-16,5Y,-0.1066,5,JGB143(5)|JGB338(10)|JGB75(20)|JGB76(20)|JGB77(20),4.925,4.925
2020-04-16,10Y,0.0157,3,JGB116(20)|JGB117(20)|JGB358(10),9.925,9.925
2020-04-16,20Y,0.35,2,JGB WI(20)-04|JGB32(30),19.926,19.926
2020-04-16,30Y,0.457,2,JGB3(40)|JGB66(30),29.925,29.925
2020-04-16,40Y,0.481,1,JGB12(40),38.924,38.924
2020-04-17,2Y,-0.1637,6,JGB WI(2)-05|JGB131(5)|JGB321(10)|JGB322(10)|JGB411(2)|JGB55(20),1.922,2.037
2020-04-17,5Y,-0.1224,5,JGB143(5)|JGB338(10)|JGB75(20)|JGB76(20)|JGB77(20),4.923,4.923
2020-04-17,10Y,0.0,3,JGB116(20)|JGB117(20)|JGB358(10),9.922,9.922
2020-04-17,20Y,0.3455,2,JGB WI(20)-04|JGB32(30),19.923,19.923
2020-04-17,30Y,0.4615,2,JGB3(40)|JGB66(30),29.922,29.922
2020-04-17,40Y,0.481,1,JGB12(40),38.921,38.921
2020-04-20,2Y,-0.1445,2,JGB WI(2)-05|JGB411(2),1.947,2.029
2020-04-20,5Y,-0.1112,5,JGB143(5)|JGB338(10)|JGB75(20)|JGB76(20)|JGB77(20),4.914,4.914
2020-04-20,10Y,0.022,1,JGB3(30),10.081,10.081
2020-04-20,20Y,0.365,2,JGB WI(20)-04|JGB32(30),19.915,19.915
2020-04-20,30Y,0.4895,2,JGB3(40)|JGB66(30),29.914,29.914
2020-04-20,40Y,0.509,1,JGB12(40),38.913,38.913
2020-04-21,2Y,-0.1375,2,JGB WI(2)-05|JGB411(2),1.944,2.026
2020-04-21,5Y,-0.1066,5,JGB143(5)|JGB338(10)|JGB75(20)|JGB76(20)|JGB77(20),4.912,4.912
2020-04-21,10Y,0.021,1,JGB3(30),10.078,10.078
2020-04-21,20Y,0.3555,2,JGB WI(20)-04|JGB32(30),19.912,19.912
2020-04-21,30Y,0.474,2,JGB3(40)|JGB66(30),29.911,29.911
2020-04-21,40Y,0.487,1,JGB12(40),38.91,38.91
2020-04-22,2Y,-0.1325,2,JGB WI(2)-05|JGB411(2),1.941,2.023
2020-04-22,5Y,-0.1064,5,JGB143(5)|JGB338(10)|JGB75(20)|JGB76(20)|JGB77(20),4.909,4.909
2020-04-22,10Y,0.026,1,JGB3(30),10.075,10.075
2020-04-22,20Y,0.3435,2,JGB172(20)|JGB32(30),19.91,19.91
2020-04-22,30Y,0.4645,2,JGB3(40)|JGB66(30),29.908,29.908
2020-04-22,40Y,0.481,1,JGB12(40),38.908,38.908
2020-04-23,2Y,-0.143,2,JGB WI(2)-05|JGB411(2),1.938,2.021
2020-04-23,5Y,-0.1284,5,JGB143(5)|JGB338(10)|JGB75(20)|JGB76(20)|JGB77(20),4.906,4.906
2020-04-23,10Y,0.002,1,JGB3(30),10.073,10.073
2020-04-23,20Y,0.3155,2,JGB172(20)|JGB32(30),19.907,19.907
2020-04-23,30Y,0.4335,2,JGB3(40)|JGB66(30),29.906,29.906
2020-04-23,40Y,0.448,1,JGB12(40),38.905,38.905
2020-04-24,2Y,-0.1505,2,JGB411(2)|JGB412(2),1.936,2.018
2020-04-24,5Y,-0.137,5,JGB143(5)|JGB338(10)|JGB75(20)|JGB76(20)|JGB77(20),4.903,4.903
2020-04-24,10Y,0.0,1,JGB3(30),10.07,10.07
2020-04-24,20Y,0.3065,2,JGB172(20)|JGB32(30),19.904,19.904
2020-04-24,30Y,0.4125,2,JGB3(40)|JGB66(30),29.903,29.903
2020-04-24,40Y,0.425,1,JGB12(40),38.902,38.902
2020-04-27,2Y,-0.171,2,JGB411(2)|JGB412(2),1.927,2.01
2020-04-27,5Y,-0.1608,5,JGB143(5)|JGB338(10)|JGB75(20)|JGB76(20)|JGB77(20),4.895,4.895
2020-04-27,10Y,-0.01,1,JGB3(30),10.062,10.062
2020-04-27,20Y,0.306,2,JGB172(20)|JGB32(30),19.896,19.896
2020-04-27,30Y,0.416,2,JGB3(40)|JGB66(30),29.895,29.895
2020-04-27,40Y,0.43,1,JGB12(40),38.894,38.894
2020-04-28,2Y,-0.1765,2,JGB411(2)|JGB412(2),1.925,2.007
2020-04-28,5Y,-0.173,5,JGB143(5)|JGB338(10)|JGB75(20)|JGB76(20)|JGB77(20),4.893,4.893
2020-04-28,10Y,-0.021,1,JGB3(30),10.059,10.059
2020-04-28,20Y,0.312,2,JGB172(20)|JGB32(30),19.893,19.893
2020-04-28,30Y,0.428,2,JGB3(40)|JGB66(30),29.892,29.892
2020-04-28,40Y,0.441,1,JGB12(40),38.891,38.891
2020-04-30,2Y,-0.1815,2,JGB411(2)|JGB412(2),1.919,2.001
2020-04-30,5Y,-0.1792,5,JGB143(5)|JGB338(10)|JGB75(20)|JGB76(20)|JGB77(20),4.887,4.887
2020-04-30,10Y,-0.039,1,JGB3(30),10.053,10.053
2020-04-30,20Y,0.2925,2,JGB172(20)|JGB32(30),19.888,19.888
2020-04-30,30Y,0.4125,2,JGB3(40)|JGB66(30),29.886,29.886
2020-04-30,40Y,0.43,1,JGB12(40),38.886,38.886
2020-05-01,2Y,-0.184,1,JGB412(2),1.999,1.999
2020-05-01,5Y,-0.1686,5,JGB143(5)|JGB338(10)|JGB75(20)|JGB76(20)|JGB77(20),4.884,4.884
2020-05-01,10Y,-0.032,1,JGB3(30),10.051,10.051
2020-05-01,20Y,0.3045,2,JGB172(20)|JGB32(30),19.885,19.885
2020-05-01,30Y,0.421,2,JGB3(40)|JGB66(30),29.884,29.884
2020-05-01,40Y,0.438,1,JGB12(40),38.883,38.883
2020-05-07,2Y,-0.164,1,JGB412(2),1.982,1.982
2020-05-07,5Y,-0.1502,4,JGB339(10)|JGB78(20)|JGB79(20)|JGB80(20),5.12,5.12
2020-05-07,10Y,-0.021,1,JGB3(30),10.034,10.034
2020-05-07,20Y,0.312,2,JGB172(20)|JGB32(30),19.869,19.869
2020-05-07,30Y,0.428,2,JGB3(40)|JGB66(30),29.867,29.867
2020-05-07,40Y,0.444,1,JGB12(40),38.867,38.867
2020-05-08,2Y,-0.151,1,JGB412(2),1.979,1.979
2020-05-08,5Y,-0.1275,4,JGB339(10)|JGB78(20)|JGB79(20)|JGB80(20),5.117,5.117
2020-05-08,10Y,0.001,1,JGB3(30),10.031,10.031
2020-05-08,20Y,0.333,2,JGB172(20)|JGB32(30),19.866,19.866
2020-05-08,30Y,0.449,3,JGB WI(30)-05|JGB3(40)|JGB66(30),29.864,29.864
2020-05-08,40Y,0.462,1,JGB12(40),38.864,38.864
2020-05-11,2Y,-0.172,1,JGB412(2),1.971,1.971
2020-05-11,5Y,-0.1383,4,JGB339(10)|JGB78(20)|JGB79(20)|JGB80(20),5.109,5.109
2020-05-11,10Y,0.004,1,JGB3(30),10.023,10.023
2020-05-11,20Y,0.338,2,JGB172(20)|JGB32(30),19.858,19.858
2020-05-11,30Y,0.4547,3,JGB WI(30)-05|JGB3(40)|JGB66(30),29.856,29.856
2020-05-11,40Y,0.467,1,JGB12(40),38.856,38.856
2020-05-12,2Y,-0.173,1,JGB412(2),1.969,1.969
2020-05-12,5Y,-0.124,4,JGB339(10)|JGB78(20)|JGB79(20)|JGB80(20),5.106,5.106
2020-05-12,10Y,0.016,1,JGB3(30),10.021,10.021
2020-05-12,20Y,0.3435,2,JGB172(20)|JGB32(30),19.855,19.855
2020-05-12,30Y,0.4713,3,JGB WI(30)-05|JGB3(40)|JGB66(30),29.854,29.854
2020-05-12,40Y,0.481,1,JGB12(40),38.853,38.853
2020-05-13,2Y,-0.168,1,JGB412(2),1.966,1.966
2020-05-13,5Y,-0.1278,4,JGB339(10)|JGB78(20)|JGB79(20)|JGB80(20),5.103,5.103
2020-05-13,10Y,0.0,1,JGB3(30),10.018,10.018
2020-05-13,20Y,0.3275,2,JGB172(20)|JGB32(30),19.852,19.852
2020-05-13,30Y,0.4507,3,JGB WI(30)-05|JGB3(40)|JGB66(30),29.851,29.851
2020-05-13,40Y,0.467,1,JGB12(40),38.85,38.85
2020-05-14,2Y,-0.168,1,JGB412(2),1.963,1.963
2020-05-14,5Y,-0.1245,4,JGB339(10)|JGB78(20)|JGB79(20)|JGB80(20),5.101,5.101
2020-05-14,10Y,0.005,1,JGB3(30),10.015,10.015
2020-05-14,20Y,0.3337,3,JGB WI(20)-05|JGB172(20)|JGB32(30),19.849,19.849
2020-05-14,30Y,0.4557,3,JGB WI(30)-05|JGB3(40)|JGB66(30),29.848,29.848
2020-05-14,40Y,0.472,1,JGB12(40),38.847,38.847
2020-05-15,2Y,-0.169,1,JGB412(2),1.96,1.96
2020-05-15,5Y,-0.1242,4,JGB339(10)|JGB78(20)|JGB79(20)|JGB80(20),5.098,5.098
2020-05-15,10Y,0.0,1,JGB3(30),10.012,10.012
2020-05-15,20Y,0.3333,3,JGB WI(20)-05|JGB172(20)|JGB32(30),19.847,19.847
2020-05-15,30Y,0.451,2,JGB3(40)|JGB66(30),29.845,29.845
2020-05-15,40Y,0.472,1,JGB12(40),38.845,38.845
2020-05-18,2Y,-0.169,1,JGB412(2),1.952,1.952
2020-05-18,5Y,-0.1242,4,JGB339(10)|JGB78(20)|JGB79(20)|JGB80(20),5.09,5.09
2020-05-18,10Y,0.003,1,JGB3(30),10.004,10.004
2020-05-18,20Y,0.3447,3,JGB WI(20)-05|JGB172(20)|JGB32(30),19.838,19.838
2020-05-18,30Y,0.4695,2,JGB3(40)|JGB66(30),29.837,29.837
2020-05-18,40Y,0.494,1,JGB12(40),38.836,38.836
2020-05-19,2Y,-0.175,1,JGB412(2),1.949,1.949
2020-05-19,5Y,-0.1442,4,JGB339(10)|JGB78(20)|JGB79(20)|JGB80(20),5.087,5.087
2020-05-19,10Y,-0.005,1,JGB3(30),10.001,10.001
2020-05-19,20Y,0.3403,3,JGB WI(20)-05|JGB172(20)|JGB32(30),19.836,19.836
2020-05-19,30Y,0.464,2,JGB3(40)|JGB66(30),29.834,29.834
2020-05-19,40Y,0.49,1,JGB12(40),38.834,38.834
2020-05-20,2Y,-0.16,1,JGB412(2),1.947,1.947
2020-05-20,5Y,-0.128,4,JGB339(10)|JGB78(20)|JGB79(20)|JGB80(20),5.084,5.084
2020-05-20,10Y,0.009,1,JGB3(30),9.999,9.999
2020-05-20,20Y,0.3453,3,JGB WI(20)-05|JGB172(20)|JGB32(30),19.833,19.833
2020-05-20,30Y,0.469,2,JGB3(40)|JGB66(30),29.832,29.832
2020-05-20,40Y,0.5,1,JGB WI(40)-05,39.833,39.833
2020-05-21,2Y,-0.1723,6,JGB132(5)|JGB323(10)|JGB324(10)|JGB412(2)|JGB56(20)|JGB57(20),1.944,2.081
2020-05-21,5Y,-0.1295,4,JGB339(10)|JGB78(20)|JGB79(20)|JGB80(20),5.081,5.081
2020-05-21,10Y,0.011,4,JGB118(20)|JGB119(20)|JGB120(20)|JGB3(30),9.996,10.081
2020-05-21,20Y,0.333,2,JGB172(20)|JGB32(30),19.83,19.83
2020-05-21,30Y,0.4555,2,JGB3(40)|JGB66(30),29.829,29.829
2020-05-21,40Y,0.485,1,JGB WI(40)-05,39.83,39.83
2020-05-22,2Y,-0.1811,7,JGB WI(2)-06|JGB132(5)|JGB323(10)|JGB324(10)|JGB412(2)|JGB56(20)|JGB57(20),1.941,2.078
2020-05-22,5Y,-0.14,4,JGB339(10)|JGB78(20)|JGB79(20)|JGB80(20),5.079,5.079
2020-05-22,10Y,0.0053,4,JGB118(20)|JGB119(20)|JGB120(20)|JGB3(30),9.993,10.078
2020-05-22,20Y,0.317,2,JGB172(20)|JGB32(30),19.828,19.828
2020-05-22,30Y,0.4355,2,JGB3(40)|JGB66(30),29.826,29.826
2020-05-22,40Y,0.463,1,JGB WI(40)-05,39.828,39.828
2020-05-25,2Y,-0.1876,7,JGB WI(2)-06|JGB132(5)|JGB323(10)|JGB324(10)|JGB412(2)|JGB56(20)|JGB57(20),1.933,2.07
2020-05-25,5Y,-0.149,4,JGB339(10)|JGB78(20)|JGB79(20)|JGB80(20),5.07,5.07
2020-05-25,10Y,0.0,4,JGB118(20)|JGB119(20)|JGB120(20)|JGB3(30),9.985,10.07
2020-05-25,20Y,0.317,2,JGB172(20)|JGB32(30),19.819,19.819
2020-05-25,30Y,0.4405,2,JGB3(40)|JGB66(30),29.818,29.818
2020-05-25,40Y,0.466,1,JGB WI(40)-05,39.819,39.819
2020-05-26,2Y,-0.1776,7,JGB WI(2)-06|JGB132(5)|JGB323(10)|JGB324(10)|JGB412(2)|JGB56(20)|JGB57(20),1.93,2.067
2020-05-26,5Y,-0.1403,4,JGB339(10)|JGB78(20)|JGB79(20)|JGB80(20),5.068,5.068
2020-05-26,10Y,0.011,4,JGB118(20)|JGB119(20)|JGB120(20)|JGB3(30),9.982,10.067
2020-05-26,20Y,0.3425,2,JGB172(20)|JGB32(30),19.817,19.817
2020-05-26,30Y,0.469,2,JGB3(40)|JGB66(30),29.815,29.815
2020-05-26,40Y,0.495,1,JGB WI(40)-05,39.817,39.817
2020-05-27,2Y,-0.168,7,JGB WI(2)-06|JGB132(5)|JGB323(10)|JGB324(10)|JGB412(2)|JGB56(20)|JGB57(20),1.927,2.064
2020-05-27,5Y,-0.1398,4,JGB339(10)|JGB78(20)|JGB79(20)|JGB80(20),5.065,5.065
2020-05-27,10Y,0.0107,4,JGB118(20)|JGB119(20)|JGB120(20)|JGB3(30),9.979,10.064
2020-05-27,20Y,0.3435,2,JGB172(20)|JGB32(30),19.814,19.814
2020-05-27,30Y,0.474,2,JGB3(40)|JGB66(30),29.812,29.812
2020-05-27,40Y,0.504,1,JGB13(40),39.814,39.814
2020-05-28,2Y,-0.1563,7,JGB WI(2)-06|JGB132(5)|JGB323(10)|JGB324(10)|JGB412(2)|JGB56(20)|JGB57(20),1.925,2.062
2020-05-28,5Y,-0.1348,4,JGB339(10)|JGB78(20)|JGB79(20)|JGB80(20),5.062,5.062
2020-05-28,10Y,0.0053,4,JGB118(20)|JGB119(20)|JGB120(20)|JGB3(30),9.977,10.062
2020-05-28,20Y,0.329,2,JGB172(20)|JGB32(30),19.811,19.811
2020-05-28,30Y,0.464,2,JGB3(40)|JGB66(30),29.81,29.81
2020-05-28,40Y,0.497,1,JGB13(40),39.811,39.811
2020-05-29,2Y,-0.1706,7,JGB132(5)|JGB323(10)|JGB324(10)|JGB412(2)|JGB413(2)|JGB56(20)|JGB57(20),1.922,2.059
2020-05-29,5Y,-0.1403,4,JGB339(10)|JGB78(20)|JGB79(20)|JGB80(20),5.06,5.06
2020-05-29,10Y,0.0053,4,JGB118(20)|JGB119(20)|JGB120(20)|JGB3(30),9.974,10.059
2020-05-29,20Y,0.33,2,JGB172(20)|JGB32(30),19.808,19.808
2020-05-29,30Y,0.4743,3,JGB WI(30)-06|JGB3(40)|JGB66(30),29.807,29.807
2020-05-29,40Y,0.509,1,JGB13(40),39.808,39.808
2020-06-01,2Y,-0.1652,6,JGB132(5)|JGB323(10)|JGB324(10)|JGB413(2)|JGB56(20)|JGB57(20),1.999,2.051
2020-06-01,5Y,-0.1345,4,JGB339(10)|JGB78(20)|JGB79(20)|JGB80(20),5.051,5.051
2020-06-01,10Y,0.011,4,JGB118(20)|JGB119(20)|JGB120(20)|JGB3(30),9.966,10.051
2020-06-01,20Y,0.3505,2,JGB172(20)|JGB32(30),19.8,19.8
2020-06-01,30Y,0.4947,3,JGB WI(30)-06|JGB3(40)|JGB66(30),29.799,29.799
2020-06-01,40Y,0.527,1,JGB13(40),39.8,39.8
2020-06-02,2Y,-0.1685,6,JGB132(5)|JGB323(10)|JGB324(10)|JGB413(2)|JGB56(20)|JGB57(20),1.996,2.048
2020-06-02,5Y,-0.1355,4,JGB339(10)|JGB78(20)|JGB79(20)|JGB80(20),5.049,5.049
2020-06-02,10Y,0.0138,4,JGB118(20)|JGB119(20)|JGB120(20)|JGB3(30),9.963,10.048
2020-06-02,20Y,0.3505,2,JGB172(20)|JGB32(30),19.797,19.797
2020-06-02,30Y,0.5083,3,JGB WI(30)-06|JGB3(40)|JGB66(30),29.796,29.796
2020-06-02,40Y,0.545,1,JGB13(40),39.797,39.797
2020-06-03,2Y,-0.1692,6,JGB132(5)|JGB323(10)|JGB324(10)|JGB413(2)|JGB56(20)|JGB57(20),1.993,2.045
2020-06-03,5Y,-0.1343,4,JGB339(10)|JGB78(20)|JGB79(20)|JGB80(20),5.046,5.046
2020-06-03,10Y,0.0147,4,JGB118(20)|JGB119(20)|JGB120(20)|JGB3(30),9.96,10.045
2020-06-03,20Y,0.356,2,JGB172(20)|JGB32(30),19.795,19.795
2020-06-03,30Y,0.5087,3,JGB WI(30)-06|JGB3(40)|JGB66(30),29.793,29.793
2020-06-03,40Y,0.55,1,JGB13(40),39.795,39.795
2020-06-04,2Y,-0.1652,6,JGB132(5)|JGB323(10)|JGB324(10)|JGB413(2)|JGB56(20)|JGB57(20),1.99,2.042
2020-06-04,5Y,-0.1245,4,JGB339(10)|JGB78(20)|JGB79(20)|JGB80(20),5.043,5.043
2020-06-04,10Y,0.0203,4,JGB118(20)|JGB119(20)|JGB120(20)|JGB3(30),9.958,10.042
2020-06-04,20Y,0.3615,2,JGB172(20)|JGB32(30),19.792,19.792
2020-06-04,30Y,0.508,3,JGB WI(30)-06|JGB3(40)|JGB66(30),29.791,29.791
2020-06-04,40Y,0.545,1,JGB13(40),39.792,39.792
2020-06-05,2Y,-0.1618,6,JGB132(5)|JGB323(10)|JGB324(10)|JGB413(2)|JGB56(20)|JGB57(20),1.988,2.04
2020-06-05,5Y,-0.1087,4,JGB339(10)|JGB78(20)|JGB79(20)|JGB80(20),5.04,5.04
2020-06-05,10Y,0.0382,4,JGB118(20)|JGB119(20)|JGB120(20)|JGB3(30),9.955,10.04
2020-06-05,20Y,0.381,2,JGB172(20)|JGB32(30),19.789,19.789
2020-06-05,30Y,0.5295,2,JGB3(40)|JGB66(30),29.788,29.788
2020-06-05,40Y,0.568,1,JGB13(40),39.789,39.789
2020-06-08,2Y,-0.1487,6,JGB132(5)|JGB323(10)|JGB324(10)|JGB413(2)|JGB56(20)|JGB57(20),1.979,2.031
2020-06-08,5Y,-0.0877,4,JGB339(10)|JGB78(20)|JGB79(20)|JGB80(20),5.032,5.032
2020-06-08,10Y,0.0525,4,JGB118(20)|JGB119(20)|JGB120(20)|JGB3(30),9.947,10.031
2020-06-08,20Y,0.395,2,JGB172(20)|JGB32(30),19.781,19.781
2020-06-08,30Y,0.5475,2,JGB3(40)|JGB66(30),29.78,29.78
2020-06-08,40Y,0.582,1,JGB13(40),39.781,39.781
2020-06-09,2Y,-0.1492,6,JGB132(5)|JGB323(10)|JGB324(10)|JGB413(2)|JGB56(20)|JGB57(20),1.977,2.029
2020-06-09,5Y,-0.088,4,JGB339(10)|JGB78(20)|JGB79(20)|JGB80(20),5.029,5.029
2020-06-09,10Y,0.0525,4,JGB118(20)|JGB119(20)|JGB120(20)|JGB3(30),9.944,10.029
2020-06-09,20Y,0.4005,2,JGB172(20)|JGB32(30),19.778,19.778
2020-06-09,30Y,0.5575,2,JGB3(40)|JGB66(30),29.777,29.777
2020-06-09,40Y,0.586,1,JGB13(40),39.778,39.778
2020-06-10,2Y,-0.158,6,JGB132(5)|JGB323(10)|JGB324(10)|JGB413(2)|JGB56(20)|JGB57(20),1.974,2.026
2020-06-10,5Y,-0.1082,4,JGB339(10)|JGB78(20)|JGB79(20)|JGB80(20),5.027,5.027
2020-06-10,10Y,0.0258,4,JGB118(20)|JGB119(20)|JGB120(20)|JGB3(30),9.941,10.026
2020-06-10,20Y,0.374,2,JGB172(20)|JGB32(30),19.775,19.775
2020-06-10,30Y,0.525,2,JGB3(40)|JGB66(30),29.774,29.774
2020-06-10,40Y,0.552,1,JGB13(40),39.775,39.775
2020-06-11,2Y,-0.154,6,JGB132(5)|JGB323(10)|JGB324(10)|JGB413(2)|JGB56(20)|JGB57(20),1.971,2.023
2020-06-11,5Y,-0.0998,4,JGB339(10)|JGB78(20)|JGB79(20)|JGB80(20),5.024,5.024
2020-06-11,10Y,0.0305,4,JGB118(20)|JGB119(20)|JGB120(20)|JGB3(30),9.938,10.023
2020-06-11,20Y,0.3715,2,JGB172(20)|JGB32(30),19.773,19.773
2020-06-11,30Y,0.525,2,JGB3(40)|JGB66(30),29.771,29.771
2020-06-11,40Y,0.55,1,JGB13(40),39.773,39.773
2020-06-12,2Y,-0.1587,6,JGB132(5)|JGB323(10)|JGB324(10)|JGB413(2)|JGB56(20)|JGB57(20),1.969,2.021
2020-06-12,5Y,-0.114,4,JGB339(10)|JGB78(20)|JGB79(20)|JGB80(20),5.021,5.021
2020-06-12,10Y,0.015,4,JGB118(20)|JGB119(20)|JGB120(20)|JGB3(30),9.936,10.021
2020-06-12,20Y,0.356,2,JGB172(20)|JGB32(30),19.77,19.77
2020-06-12,30Y,0.5075,2,JGB3(40)|JGB66(30),29.769,29.769
2020-06-12,40Y,0.532,1,JGB13(40),39.77,39.77
2020-06-15,2Y,-0.157,6,JGB132(5)|JGB323(10)|JGB324(10)|JGB413(2)|JGB56(20)|JGB57(20),1.96,2.012
2020-06-15,5Y,-0.109,4,JGB339(10)|JGB78(20)|JGB79(20)|JGB80(20),5.013,5.013
2020-06-15,10Y,0.02,4,JGB118(20)|JGB119(20)|JGB120(20)|JGB3(30),9.927,10.012
2020-06-15,20Y,0.372,2,JGB172(20)|JGB32(30),19.762,19.762
2020-06-15,30Y,0.5225,2,JGB3(40)|JGB66(30),29.76,29.76
2020-06-15,40Y,0.545,1,JGB13(40),39.762,39.762
2020-06-16,2Y,-0.1647,6,JGB132(5)|JGB323(10)|JGB324(10)|JGB413(2)|JGB56(20)|JGB57(20),1.958,2.01
2020-06-16,5Y,-0.119,4,JGB339(10)|JGB78(20)|JGB79(20)|JGB80(20),5.01,5.01
2020-06-16,10Y,0.0095,4,JGB118(20)|JGB119(20)|JGB120(20)|JGB3(30),9.925,10.01
2020-06-16,20Y,0.3615,2,JGB172(20)|JGB32(30),19.759,19.759
2020-06-16,30Y,0.507,2,JGB3(40)|JGB66(30),29.758,29.758
2020-06-16,40Y,0.532,1,JGB13(40),39.759,39.759
2020-06-17,2Y,-0.1588,6,JGB132(5)|JGB323(10)|JGB324(10)|JGB413(2)|JGB56(20)|JGB57(20),1.955,2.007
2020-06-17,5Y,-0.1057,4,JGB339(10)|JGB78(20)|JGB79(20)|JGB80(20),5.008,5.008
2020-06-17,10Y,0.0307,4,JGB118(20)|JGB119(20)|JGB120(20)|JGB3(30),9.922,10.007
2020-06-17,20Y,0.3845,2,JGB172(20)|JGB32(30),19.756,19.756
2020-06-17,30Y,0.53,2,JGB3(40)|JGB66(30),29.755,29.755
2020-06-17,40Y,0.55,1,JGB13(40),39.756,39.756
2020-06-18,2Y,-0.1605,6,JGB132(5)|JGB323(10)|JGB324(10)|JGB413(2)|JGB56(20)|JGB57(20),1.952,2.004
2020-06-18,5Y,-0.1085,4,JGB339(10)|JGB78(20)|JGB79(20)|JGB80(20),5.005,5.005
2020-06-18,10Y,0.026,4,JGB118(20)|JGB119(20)|JGB120(20)|JGB3(30),9.919,10.004
2020-06-18,20Y,0.39,2,JGB172(20)|JGB32(30),19.754,19.754
2020-06-18,30Y,0.54,2,JGB3(40)|JGB66(30),29.752,29.752
2020-06-18,40Y,0.561,1,JGB13(40),39.754,39.754
2020-06-19,2Y,-0.1643,6,JGB132(5)|JGB323(10)|JGB324(10)|JGB413(2)|JGB56(20)|JGB57(20),1.949,2.001
2020-06-19,5Y,-0.114,4,JGB339(10)|JGB78(20)|JGB79(20)|JGB80(20),5.002,5.002
2020-06-19,10Y,0.0213,3,JGB118(20)|JGB119(20)|JGB120(20),10.001,10.001
2020-06-19,20Y,0.3897,3,JGB WI(20)-06|JGB172(20)|JGB32(30),19.751,19.751
2020-06-19,30Y,0.5485,2,JGB3(40)|JGB66(30),29.749,29.749
2020-06-19,40Y,0.572,1,JGB13(40),39.751,39.751
2020-06-22,2Y,-0.1577,6,JGB132(5)|JGB323(10)|JGB324(10)|JGB413(2)|JGB56(20)|JGB57(20),1.941,1.993
2020-06-22,5Y,-0.1085,4,JGB339(10)|JGB78(20)|JGB79(20)|JGB80(20),4.994,4.994
2020-06-22,10Y,0.0217,3,JGB118(20)|JGB119(20)|JGB120(20),9.993,9.993
2020-06-22,20Y,0.4,1,JGB33(30),20.246,20.246
2020-06-22,30Y,0.552,2,JGB3(40)|JGB66(30),29.741,29.741
2020-06-22,40Y,0.581,1,JGB13(40),39.743,39.743
2020-06-23,2Y,-0.1607,6,JGB132(5)|JGB323(10)|JGB324(10)|JGB413(2)|JGB56(20)|JGB57(20),1.938,1.99
2020-06-23,5Y,-0.1133,4,JGB339(10)|JGB78(20)|JGB79(20)|JGB80(20),4.991,4.991
2020-06-23,10Y,0.0163,3,JGB118(20)|JGB119(20)|JGB120(20),9.99,9.99
2020-06-23,20Y,0.395,1,JGB33(30),20.244,20.244
2020-06-23,30Y,0.5525,2,JGB3(40)|JGB66(30),29.739,29.739
2020-06-23,40Y,0.581,1,JGB13(40),39.74,39.74
2020-06-24,2Y,-0.1527,7,JGB WI(2)-07|JGB132(5)|JGB323(10)|JGB324(10)|JGB413(2)|JGB56(20)|JGB57(20),1.936,2.018
2020-06-24,5Y,-0.114,4,JGB339(10)|JGB78(20)|JGB79(20)|JGB80(20),4.988,4.988
2020-06-24,10Y,0.016,3,JGB118(20)|JGB119(20)|JGB120(20),9.988,9.988
2020-06-24,20Y,0.401,1,JGB33(30),20.241,20.241
2020-06-24,30Y,0.5575,2,JGB3(40)|JGB66(30),29.736,29.736
2020-06-24,40Y,0.59,1,JGB13(40),39.737,39.737
2020-06-25,2Y,-0.1474,7,JGB WI(2)-07|JGB132(5)|JGB323(10)|JGB324(10)|JGB413(2)|JGB56(20)|JGB57(20),1.933,2.015
2020-06-25,5Y,-0.1082,4,JGB339(10)|JGB78(20)|JGB79(20)|JGB80(20),4.986,4.986
2020-06-25,10Y,0.0203,3,JGB118(20)|JGB119(20)|JGB120(20),9.985,9.985
2020-06-25,20Y,0.4,1,JGB33(30),20.238,20.238
2020-06-25,30Y,0.5675,2,JGB3(40)|JGB66(30),29.733,29.733
2020-06-25,40Y,0.604,1,JGB13(40),39.734,39.734
2020-06-26,2Y,-0.1439,7,JGB WI(2)-07|JGB132(5)|JGB323(10)|JGB324(10)|JGB413(2)|JGB56(20)|JGB57(20),1.93,2.012
2020-06-26,5Y,-0.1035,4,JGB339(10)|JGB78(20)|JGB79(20)|JGB80(20),4.983,4.983
2020-06-26,10Y,0.0212,4,JGB WI(10)-07|JGB118(20)|JGB119(20)|JGB120(20),9.982,9.982
2020-06-26,20Y,0.398,1,JGB33(30),20.235,20.235
2020-06-26,30Y,0.565,2,JGB3(40)|JGB66(30),29.73,29.73
2020-06-26,40Y,0.602,1,JGB13(40),39.732,39.732
2020-06-29,2Y,-0.138,7,JGB WI(2)-07|JGB132(5)|JGB323(10)|JGB324(10)|JGB413(2)|JGB56(20)|JGB57(20),1.922,2.004
2020-06-29,5Y,-0.1085,4,JGB339(10)|JGB78(20)|JGB79(20)|JGB80(20),4.975,4.975
2020-06-29,10Y,0.0158,4,JGB WI(10)-07|JGB118(20)|JGB119(20)|JGB120(20),9.974,9.974
2020-06-29,20Y,0.4,1,JGB33(30),20.227,20.227
2020-06-29,30Y,0.5705,2,JGB3(40)|JGB66(30),29.722,29.722
2020-06-29,40Y,0.604,1,JGB13(40),39.723,39.723
2020-06-30,2Y,-0.139,7,JGB WI(2)-07|JGB132(5)|JGB323(10)|JGB324(10)|JGB413(2)|JGB56(20)|JGB57(20),1.919,2.001
2020-06-30,5Y,-0.1082,4,JGB339(10)|JGB78(20)|JGB79(20)|JGB80(20),4.972,4.972
2020-06-30,10Y,0.021,4,JGB WI(10)-07|JGB118(20)|JGB119(20)|JGB120(20),9.971,9.971
2020-06-30,20Y,0.401,1,JGB33(30),20.225,20.225
2020-06-30,30Y,0.5695,2,JGB3(40)|JGB66(30),29.719,29.719
2020-06-30,40Y,0.605,1,JGB13(40),39.721,39.721
2020-07-01,2Y,-0.1422,6,JGB132(5)|JGB323(10)|JGB324(10)|JGB414(2)|JGB56(20)|JGB57(20),1.969,1.999
2020-07-01,5Y,-0.1035,4,JGB339(10)|JGB78(20)|JGB79(20)|JGB80(20),4.969,4.969
2020-07-01,10Y,0.0367,4,JGB WI(10)-07|JGB118(20)|JGB119(20)|JGB120(20),9.969,9.969
2020-07-01,20Y,0.422,1,JGB33(30),20.222,20.222
2020-07-01,30Y,0.59,1,JGB WI(30)-07,29.969,29.969
2020-07-01,40Y,0.617,1,JGB13(40),39.718,39.718
2020-07-02,2Y,-0.1478,6,JGB132(5)|JGB323(10)|JGB324(10)|JGB414(2)|JGB56(20)|JGB57(20),1.966,1.996
2020-07-02,5Y,-0.0932,4,JGB339(10)|JGB78(20)|JGB79(20)|JGB80(20),4.966,4.966
2020-07-02,10Y,0.0595,4,JGB WI(10)-07|JGB118(20)|JGB119(20)|JGB120(20),9.966,9.966
2020-07-02,20Y,0.444,1,JGB33(30),20.219,20.219
2020-07-02,30Y,0.62,1,JGB WI(30)-07,29.966,29.966
2020-07-02,40Y,0.648,1,JGB13(40),39.715,39.715
2020-07-03,2Y,-0.1435,6,JGB132(5)|JGB323(10)|JGB324(10)|JGB414(2)|JGB56(20)|JGB57(20),1.963,1.993
2020-07-03,5Y,-0.0912,5,JGB WI(5)-07|JGB339(10)|JGB78(20)|JGB79(20)|JGB80(20),4.964,4.964
2020-07-03,10Y,0.0425,4,JGB118(20)|JGB119(20)|JGB120(20)|JGB359(10),9.963,9.963
2020-07-03,20Y,0.451,1,JGB33(30),20.216,20.216
2020-07-03,30Y,0.631,1,JGB WI(30)-07,29.963,29.963
2020-07-03,40Y,0.661,1,JGB13(40),39.713,39.713
2020-07-06,2Y,-0.1475,6,JGB132(5)|JGB323(10)|JGB324(10)|JGB414(2)|JGB56(20)|JGB57(20),1.955,1.985
2020-07-06,5Y,-0.1018,5,JGB WI(5)-07|JGB339(10)|JGB78(20)|JGB79(20)|JGB80(20),4.956,4.956
2020-07-06,10Y,0.0208,4,JGB118(20)|JGB119(20)|JGB120(20)|JGB359(10),9.955,9.955
2020-07-06,20Y,0.428,1,JGB33(30),20.208,20.208
2020-07-06,30Y,0.61,1,JGB WI(30)-07,29.955,29.955
2020-07-06,40Y,0.64,1,JGB13(40),39.704,39.704
2020-07-07,2Y,-0.1432,6,JGB132(5)|JGB323(10)|JGB324(10)|JGB414(2)|JGB56(20)|JGB57(20),1.952,1.982
2020-07-07,5Y,-0.0868,5,JGB WI(5)-07|JGB339(10)|JGB78(20)|JGB79(20)|JGB80(20),4.953,4.953
2020-07-07,10Y,0.0415,4,JGB118(20)|JGB119(20)|JGB120(20)|JGB359(10),9.952,9.952
2020-07-07,20Y,0.449,1,JGB33(30),20.205,20.205
2020-07-07,30Y,0.62,1,JGB WI(30)-07,29.952,29.952
2020-07-07,40Y,0.644,1,JGB13(40),39.702,39.702
2020-07-08,2Y,-0.1388,6,JGB132(5)|JGB323(10)|JGB324(10)|JGB414(2)|JGB56(20)|JGB57(20),1.949,1.979
2020-07-08,5Y,-0.0872,5,JGB WI(5)-07|JGB339(10)|JGB78(20)|JGB79(20)|JGB80(20),4.95,4.95
2020-07-08,10Y,0.0348,4,JGB118(20)|JGB119(20)|JGB120(20)|JGB359(10),9.949,9.949
2020-07-08,20Y,0.444,1,JGB33(30),20.203,20.203
2020-07-08,30Y,0.61,1,JGB67(30),29.949,29.949
2020-07-08,40Y,0.63,1,JGB13(40),39.699,39.699
2020-07-09,2Y,-0.1408,6,JGB132(5)|JGB323(10)|JGB324(10)|JGB414(2)|JGB56(20)|JGB57(20),1.947,1.977
2020-07-09,5Y,-0.0976,5,JGB WI(5)-07|JGB339(10)|JGB78(20)|JGB79(20)|JGB80(20),4.947,4.947
2020-07-09,10Y,0.0158,4,JGB118(20)|JGB119(20)|JGB120(20)|JGB359(10),9.947,9.947
2020-07-09,20Y,0.404,1,JGB33(30),20.2,20.2
2020-07-09,30Y,0.567,1,JGB67(30),29.947,29.947
2020-07-09,40Y,0.586,1,JGB13(40),39.696,39.696
2020-07-10,2Y,-0.1467,6,JGB132(5)|JGB323(10)|JGB324(10)|JGB414(2)|JGB56(20)|JGB57(20),1.944,1.974
2020-07-10,5Y,-0.1082,5,JGB144(5)|JGB339(10)|JGB78(20)|JGB79(20)|JGB80(20),4.945,4.945
2020-07-10,10Y,0.0158,4,JGB118(20)|JGB119(20)|JGB120(20)|JGB359(10),9.944,9.944
2020-07-10,20Y,0.4,1,JGB33(30),20.197,20.197
2020-07-10,30Y,0.553,1,JGB67(30),29.944,29.944
2020-07-10,40Y,0.573,1,JGB13(40),39.693,39.693
2020-07-13,2Y,-0.1508,6,JGB132(5)|JGB323(10)|JGB324(10)|JGB414(2)|JGB56(20)|JGB57(20),1.936,1.966
2020-07-13,5Y,-0.1138,5,JGB144(5)|JGB339(10)|JGB78(20)|JGB79(20)|JGB80(20),4.936,4.936
2020-07-13,10Y,0.0158,4,JGB118(20)|JGB119(20)|JGB120(20)|JGB359(10),9.936,9.936
2020-07-13,20Y,0.406,1,JGB33(30),20.189,20.189
2020-07-13,30Y,0.562,1,JGB67(30),29.936,29.936
2020-07-13,40Y,0.586,1,JGB13(40),39.685,39.685
2020-07-14,2Y,-0.1462,6,JGB132(5)|JGB323(10)|JGB324(10)|JGB414(2)|JGB56(20)|JGB57(20),1.933,1.963
2020-07-14,5Y,-0.1032,5,JGB144(5)|JGB339(10)|JGB78(20)|JGB79(20)|JGB80(20),4.934,4.934
2020-07-14,10Y,0.0262,4,JGB118(20)|JGB119(20)|JGB120(20)|JGB359(10),9.933,9.933
2020-07-14,20Y,0.433,1,JGB33(30),20.186,20.186
2020-07-14,30Y,0.595,1,JGB67(30),29.933,29.933
2020-07-14,40Y,0.617,1,JGB13(40),39.682,39.682
2020-07-15,2Y,-0.1517,6,JGB132(5)|JGB323(10)|JGB324(10)|JGB414(2)|JGB56(20)|JGB57(20),1.93,1.96
2020-07-15,5Y,-0.1092,5,JGB144(5)|JGB339(10)|JGB78(20)|JGB79(20)|JGB80(20),4.931,4.931
2020-07-15,10Y,0.021,4,JGB118(20)|JGB119(20)|JGB120(20)|JGB359(10),9.93,9.93
2020-07-15,20Y,0.426,1,JGB WI(20)-07,19.932,19.932
2020-07-15,30Y,0.59,1,JGB67(30),29.93,29.93
2020-07-15,40Y,0.617,1,JGB13(40),39.68,39.68
2020-07-16,2Y,-0.1527,6,JGB132(5)|JGB323(10)|JGB324(10)|JGB414(2)|JGB56(20)|JGB57(20),1.927,1.958
2020-07-16,5Y,-0.1086,5,JGB144(5)|JGB339(10)|JGB78(20)|JGB79(20)|JGB80(20),4.928,4.928
2020-07-16,10Y,0.021,4,JGB118(20)|JGB119(20)|JGB120(20)|JGB359(10),9.927,9.927
2020-07-16,20Y,0.435,1,JGB WI(20)-07,19.929,19.929
2020-07-16,30Y,0.604,1,JGB67(30),29.927,29.927
2020-07-16,40Y,0.63,1,JGB13(40),39.677,39.677
2020-07-17,2Y,-0.1567,6,JGB132(5)|JGB323(10)|JGB324(10)|JGB414(2)|JGB56(20)|JGB57(20),1.925,1.955
2020-07-17,5Y,-0.1244,5,JGB144(5)|JGB339(10)|JGB78(20)|JGB79(20)|JGB80(20),4.925,4.925
2020-07-17,10Y,0.0105,4,JGB118(20)|JGB119(20)|JGB120(20)|JGB359(10),9.925,9.925
2020-07-17,20Y,0.425,1,JGB WI(20)-07,19.926,19.926
2020-07-17,30Y,0.595,1,JGB67(30),29.925,29.925
2020-07-17,40Y,0.621,1,JGB13(40),39.674,39.674
2020-07-20,2Y,-0.15,1,JGB414(2),1.947,1.947
2020-07-20,5Y,-0.1244,5,JGB144(5)|JGB339(10)|JGB78(20)|JGB79(20)|JGB80(20),4.917,4.917
2020-07-20,10Y,0.0107,4,JGB118(20)|JGB119(20)|JGB120(20)|JGB359(10),9.916,9.916
2020-07-20,20Y,0.41,1,JGB WI(20)-07,19.918,19.918
2020-07-20,30Y,0.581,1,JGB67(30),29.916,29.916
2020-07-20,40Y,0.608,1,JGB13(40),39.666,39.666
2020-07-21,2Y,-0.14,1,JGB414(2),1.944,1.944
2020-07-21,5Y,-0.119,5,JGB144(5)|JGB339(10)|JGB78(20)|JGB79(20)|JGB80(20),4.914,4.914
2020-07-21,10Y,0.0215,4,JGB118(20)|JGB119(20)|JGB120(20)|JGB359(10),9.914,9.914
2020-07-21,20Y,0.425,1,JGB WI(20)-07,19.915,19.915
2020-07-21,30Y,0.595,1,JGB67(30),29.914,29.914
2020-07-21,40Y,0.619,1,JGB13(40),39.663,39.663
2020-07-22,2Y,-0.141,1,JGB414(2),1.941,1.941
2020-07-22,5Y,-0.1244,5,JGB144(5)|JGB339(10)|JGB78(20)|JGB79(20)|JGB80(20),4.912,4.912
2020-07-22,10Y,0.0103,4,JGB118(20)|JGB119(20)|JGB120(20)|JGB359(10),9.911,9.911
2020-07-22,20Y,0.409,1,JGB173(20),19.912,19.912
2020-07-22,30Y,0.577,1,JGB67(30),29.911,29.911
2020-07-22,40Y,0.5965,2,JGB WI(40)-07|JGB13(40),39.661,39.661
2020-07-27,2Y,-0.133,2,JGB WI(2)-08|JGB414(2),1.927,2.012
2020-07-27,5Y,-0.1246,5,JGB144(5)|JGB339(10)|JGB78(20)|JGB79(20)|JGB80(20),4.898,4.898
2020-07-27,10Y,0.0107,4,JGB118(20)|JGB119(20)|JGB120(20)|JGB359(10),9.897,9.897
2020-07-27,20Y,0.405,1,JGB173(20),19.899,19.899
2020-07-27,30Y,0.572,1,JGB67(30),29.897,29.897
2020-07-27,40Y,0.59,2,JGB WI(40)-07|JGB13(40),39.647,39.647
2020-07-28,2Y,-0.1285,2,JGB WI(2)-08|JGB414(2),1.925,2.01
2020-07-28,5Y,-0.1188,5,JGB144(5)|JGB339(10)|JGB78(20)|JGB79(20)|JGB80(20),4.895,4.895
2020-07-28,10Y,0.016,4,JGB118(20)|JGB119(20)|JGB120(20)|JGB359(10),9.895,9.895
2020-07-28,20Y,0.409,1,JGB173(20),19.896,19.896
2020-07-28,30Y,0.572,1,JGB67(30),29.895,29.895
2020-07-28,40Y,0.5855,2,JGB WI(40)-07|JGB13(40),39.644,39.644
2020-07-29,2Y,-0.129,2,JGB WI(2)-08|JGB414(2),1.922,2.007
2020-07-29,5Y,-0.115,5,JGB144(5)|JGB339(10)|JGB78(20)|JGB79(20)|JGB80(20),4.893,4.893
2020-07-29,10Y,0.021,5,JGB WI(10)-08|JGB118(20)|JGB119(20)|JGB120(20)|JGB359(10),9.892,9.892
2020-07-29,20Y,0.405,1,JGB173(20),19.893,19.893
2020-07-29,30Y,0.562,1,JGB67(30),29.892,29.892
2020-07-29,40Y,0.577,1,JGB13(40),39.641,39.641
2020-07-30,2Y,-0.129,2,JGB WI(2)-08|JGB414(2),1.919,2.004
2020-07-30,5Y,-0.1138,5,JGB144(5)|JGB339(10)|JGB78(20)|JGB79(20)|JGB80(20),4.89,4.89
2020-07-30,10Y,0.016,5,JGB WI(10)-08|JGB118(20)|JGB119(20)|JGB120(20)|JGB359(10),9.889,9.889
2020-07-30,20Y,0.387,1,JGB173(20),19.89,19.89
2020-07-30,30Y,0.539,1,JGB67(30),29.889,29.889
2020-07-30,40Y,0.551,1,JGB13(40),39.639,39.639
2020-07-31,2Y,-0.134,1,JGB415(2),2.001,2.001
2020-07-31,5Y,-0.1176,5,JGB144(5)|JGB339(10)|JGB78(20)|JGB79(20)|JGB80(20),4.887,4.887
2020-07-31,10Y,0.0158,5,JGB WI(10)-08|JGB118(20)|JGB119(20)|JGB120(20)|JGB359(10),9.886,9.886
2020-07-31,20Y,0.39,1,JGB173(20),19.888,19.888
2020-07-31,30Y,0.544,1,JGB67(30),29.886,29.886
2020-07-31,40Y,0.559,1,JGB13(40),39.636,39.636
2020-08-03,2Y,-0.144,1,JGB415(2),1.993,1.993
2020-08-03,5Y,-0.1288,5,JGB144(5)|JGB339(10)|JGB78(20)|JGB79(20)|JGB80(20),4.879,4.879
2020-08-03,10Y,0.0104,5,JGB WI(10)-08|JGB118(20)|JGB119(20)|JGB120(20)|JGB359(10),9.878,9.878
2020-08-03,20Y,0.381,1,JGB173(20),19.88,19.88
2020-08-03,30Y,0.529,1,JGB67(30),29.878,29.878
2020-08-03,40Y,0.541,1,JGB13(40),39.628,39.628
2020-08-04,2Y,-0.14,1,JGB415(2),1.99,1.99
2020-08-04,5Y,-0.1144,5,JGB144(5)|JGB339(10)|JGB78(20)|JGB79(20)|JGB80(20),4.876,4.876
2020-08-04,10Y,0.0208,5,JGB WI(10)-08|JGB118(20)|JGB119(20)|JGB120(20)|JGB359(10),9.875,9.875
2020-08-04,20Y,0.395,1,JGB173(20),19.877,19.877
2020-08-04,30Y,0.553,1,JGB67(30),29.875,29.875
2020-08-04,40Y,0.564,1,JGB13(40),39.625,39.625
2020-08-05,2Y,-0.135,1,JGB415(2),1.988,1.988
2020-08-05,5Y,-0.1277,3,JGB340(10)|JGB81(20)|JGB82(20),5.125,5.125
2020-08-05,10Y,0.027,2,JGB121(20)|JGB122(20),10.125,10.125
2020-08-05,20Y,0.3925,2,JGB173(20)|JGB33(30),19.874,20.126
2020-08-05,30Y,0.553,1,JGB67(30),29.873,29.873
2020-08-05,40Y,0.568,1,JGB13(40),39.622,39.622
2020-08-06,2Y,-0.13,1,JGB415(2),1.985,1.985
2020-08-06,5Y,-0.1243,3,JGB340(10)|JGB81(20)|JGB82(20),5.123,5.123
2020-08-06,10Y,0.022,2,JGB121(20)|JGB122(20),10.122,10.122
2020-08-06,20Y,0.384,1,JGB33(30),20.123,20.123
2020-08-06,30Y,0.544,1,JGB67(30),29.87,29.87
2020-08-06,40Y,0.559,1,JGB13(40),39.619,39.619
2020-08-07,2Y,-0.126,1,JGB415(2),1.982,1.982
2020-08-07,5Y,-0.1143,3,JGB340(10)|JGB81(20)|JGB82(20),5.12,5.12
2020-08-07,10Y,0.032,2,JGB121(20)|JGB122(20),10.119,10.119
2020-08-07,20Y,0.387,1,JGB33(30),20.12,20.12
2020-08-07,30Y,0.552,1,JGB67(30),29.867,29.867
2020-08-07,40Y,0.568,1,JGB13(40),39.617,39.617
2020-08-11,2Y,-0.126,1,JGB415(2),1.971,1.971
2020-08-11,5Y,-0.1147,3,JGB340(10)|JGB81(20)|JGB82(20),5.109,5.109
2020-08-11,10Y,0.024,2,JGB121(20)|JGB122(20),10.108,10.108
2020-08-11,20Y,0.384,1,JGB33(30),20.11,20.11
2020-08-11,30Y,0.548,1,JGB67(30),29.856,29.856
2020-08-11,40Y,0.565,1,JGB13(40),39.606,39.606
2020-08-12,2Y,-0.117,1,JGB415(2),1.969,1.969
2020-08-12,5Y,-0.096,3,JGB340(10)|JGB81(20)|JGB82(20),5.106,5.106
2020-08-12,10Y,0.0375,2,JGB121(20)|JGB122(20),10.105,10.105
2020-08-12,20Y,0.401,1,JGB33(30),20.107,20.107
2020-08-12,30Y,0.5685,2,JGB WI(30)-08|JGB67(30),29.854,29.854
2020-08-12,40Y,0.586,1,JGB13(40),39.603,39.603
2020-08-13,2Y,-0.112,1,JGB415(2),1.966,1.966
2020-08-13,5Y,-0.087,3,JGB340(10)|JGB81(20)|JGB82(20),5.103,5.103
2020-08-13,10Y,0.054,2,JGB121(20)|JGB122(20),10.103,10.103
2020-08-13,20Y,0.422,1,JGB33(30),20.104,20.104
2020-08-13,30Y,0.5945,2,JGB WI(30)-08|JGB67(30),29.851,29.851
2020-08-13,40Y,0.608,1,JGB13(40),39.6,39.6
2020-08-14,2Y,-0.123,1,JGB415(2),1.963,1.963
2020-08-14,5Y,-0.0883,3,JGB340(10)|JGB81(20)|JGB82(20),5.101,5.101
2020-08-14,10Y,0.0485,2,JGB121(20)|JGB122(20),10.1,10.1
2020-08-14,20Y,0.419,1,JGB33(30),20.101,20.101
2020-08-14,30Y,0.59,2,JGB WI(30)-08|JGB67(30),29.848,29.848
2020-08-14,40Y,0.604,1,JGB13(40),39.598,39.598
2020-08-17,2Y,-0.118,1,JGB415(2),1.955,1.955
2020-08-17,5Y,-0.0723,3,JGB340(10)|JGB81(20)|JGB82(20),5.092,5.092
2020-08-17,10Y,0.0595,2,JGB121(20)|JGB122(20),10.092,10.092
2020-08-17,20Y,0.439,1,JGB33(30),20.093,20.093
2020-08-17,30Y,0.614,2,JGB WI(30)-08|JGB67(30),29.84,29.84
2020-08-17,40Y,0.63,1,JGB13(40),39.589,39.589
2020-08-18,2Y,-0.119,1,JGB415(2),1.952,1.952
2020-08-18,5Y,-0.083,3,JGB340(10)|JGB81(20)|JGB82(20),5.09,5.09
2020-08-18,10Y,0.054,2,JGB121(20)|JGB122(20),10.089,10.089
2020-08-18,20Y,0.433,1,JGB33(30),20.09,20.09
2020-08-18,30Y,0.614,2,JGB WI(30)-08|JGB67(30),29.837,29.837
2020-08-18,40Y,0.626,1,JGB13(40),39.587,39.587
2020-08-19,2Y,-0.124,1,JGB415(2),1.949,1.949
2020-08-19,5Y,-0.093,3,JGB340(10)|JGB81(20)|JGB82(20),5.087,5.087
2020-08-19,10Y,0.0485,2,JGB121(20)|JGB122(20),10.086,10.086
2020-08-19,20Y,0.428,1,JGB33(30),20.088,20.088
2020-08-19,30Y,0.613,1,JGB67(30),29.834,29.834
2020-08-19,40Y,0.626,1,JGB13(40),39.584,39.584
2020-08-20,2Y,-0.12,1,JGB415(2),1.947,1.947
2020-08-20,5Y,-0.0937,3,JGB340(10)|JGB81(20)|JGB82(20),5.084,5.084
2020-08-20,10Y,0.0375,2,JGB121(20)|JGB122(20),10.084,10.084
2020-08-20,20Y,0.417,1,JGB33(30),20.085,20.085
2020-08-20,30Y,0.6,1,JGB67(30),29.832,29.832
2020-08-20,40Y,0.617,1,JGB13(40),39.581,39.581
2020-08-21,2Y,-0.1198,5,JGB WI(2)-09|JGB133(5)|JGB325(10)|JGB415(2)|JGB58(20),1.944,2.081
2020-08-21,5Y,-0.088,3,JGB340(10)|JGB81(20)|JGB82(20),5.081,5.081
2020-08-21,10Y,0.038,2,JGB121(20)|JGB122(20),10.081,10.081
2020-08-21,20Y,0.427,1,JGB33(30),20.082,20.082
2020-08-21,30Y,0.604,1,JGB67(30),29.829,29.829
2020-08-21,40Y,0.617,1,JGB13(40),39.578,39.578
2020-08-24,2Y,-0.1156,5,JGB WI(2)-09|JGB133(5)|JGB325(10)|JGB415(2)|JGB58(20),1.936,2.073
2020-08-24,5Y,-0.0847,3,JGB340(10)|JGB81(20)|JGB82(20),5.073,5.073
2020-08-24,10Y,0.043,2,JGB121(20)|JGB122(20),10.073,10.073
2020-08-24,20Y,0.433,1,JGB33(30),20.074,20.074
2020-08-24,30Y,0.613,1,JGB67(30),29.821,29.821
2020-08-24,40Y,0.63,1,JGB13(40),39.57,39.57
2020-08-25,2Y,-0.1156,5,JGB WI(2)-09|JGB133(5)|JGB325(10)|JGB415(2)|JGB58(20),1.933,2.07
2020-08-25,5Y,-0.099,3,JGB340(10)|JGB81(20)|JGB82(20),5.07,5.07
2020-08-25,10Y,0.032,2,JGB121(20)|JGB122(20),10.07,10.07
2020-08-25,20Y,0.417,1,JGB33(30),20.071,20.071
2020-08-25,30Y,0.6,1,JGB67(30),29.818,29.818
2020-08-25,40Y,0.613,1,JGB13(40),39.567,39.567
2020-08-26,2Y,-0.111,5,JGB WI(2)-09|JGB133(5)|JGB325(10)|JGB415(2)|JGB58(20),1.93,2.067
2020-08-26,5Y,-0.093,3,JGB340(10)|JGB81(20)|JGB82(20),5.068,5.068
2020-08-26,10Y,0.042,2,JGB121(20)|JGB122(20),10.067,10.067
2020-08-26,20Y,0.41,1,JGB33(30),20.068,20.068
2020-08-26,30Y,0.586,1,JGB67(30),29.815,29.815
2020-08-26,40Y,0.599,1,JGB13(40),39.565,39.565
2020-08-27,2Y,-0.1116,5,JGB WI(2)-09|JGB133(5)|JGB325(10)|JGB415(2)|JGB58(20),1.927,2.064
2020-08-27,5Y,-0.0847,3,JGB340(10)|JGB81(20)|JGB82(20),5.065,5.065
2020-08-27,10Y,0.0535,2,JGB121(20)|JGB122(20),10.064,10.064
2020-08-27,20Y,0.422,1,JGB33(30),20.066,20.066
2020-08-27,30Y,0.6,1,JGB67(30),29.812,29.812
2020-08-27,40Y,0.613,1,JGB13(40),39.562,39.562
2020-08-28,2Y,-0.1182,5,JGB133(5)|JGB325(10)|JGB415(2)|JGB416(2)|JGB58(20),1.925,2.062
2020-08-28,5Y,-0.088,3,JGB340(10)|JGB81(20)|JGB82(20),5.062,5.062
2020-08-28,10Y,0.054,2,JGB121(20)|JGB122(20),10.062,10.062
2020-08-28,20Y,0.422,1,JGB33(30),20.063,20.063
2020-08-28,30Y,0.595,2,JGB WI(30)-09|JGB67(30),29.81,29.81
2020-08-28,40Y,0.608,1,JGB13(40),39.559,39.559
2020-08-31,2Y,-0.1158,4,JGB133(5)|JGB325(10)|JGB416(2)|JGB58(20),2.001,2.053
2020-08-31,5Y,-0.067,3,JGB340(10)|JGB81(20)|JGB82(20),5.054,5.054
2020-08-31,10Y,0.07,2,JGB121(20)|JGB122(20),10.053,10.053
2020-08-31,20Y,0.444,1,JGB33(30),20.055,20.055
2020-08-31,30Y,0.6185,2,JGB WI(30)-09|JGB67(30),29.802,29.802
2020-08-31,40Y,0.63,1,JGB13(40),39.551,39.551
2020-09-01,2Y,-0.1177,4,JGB133(5)|JGB325(10)|JGB416(2)|JGB58(20),1.999,2.051
2020-09-01,5Y,-0.073,3,JGB340(10)|JGB81(20)|JGB82(20),5.051,5.051
2020-09-01,10Y,0.0605,2,JGB121(20)|JGB122(20),10.051,10.051
2020-09-01,20Y,0.428,1,JGB33(30),20.052,20.052
2020-09-01,30Y,0.6045,2,JGB WI(30)-09|JGB67(30),29.799,29.799
2020-09-01,40Y,0.617,1,JGB13(40),39.548,39.548
2020-09-02,2Y,-0.1187,4,JGB133(5)|JGB325(10)|JGB416(2)|JGB58(20),1.996,2.048
2020-09-02,5Y,-0.078,3,JGB340(10)|JGB81(20)|JGB82(20),5.049,5.049
2020-09-02,10Y,0.054,2,JGB121(20)|JGB122(20),10.048,10.048
2020-09-02,20Y,0.427,1,JGB33(30),20.049,20.049
2020-09-02,30Y,0.6095,2,JGB WI(30)-09|JGB67(30),29.796,29.796
2020-09-02,40Y,0.621,1,JGB13(40),39.546,39.546
2020-09-03,2Y,-0.1187,4,JGB133(5)|JGB325(10)|JGB416(2)|JGB58(20),1.993,2.045
2020-09-03,5Y,-0.078,3,JGB340(10)|JGB81(20)|JGB82(20),5.046,5.046
2020-09-03,10Y,0.054,2,JGB121(20)|JGB122(20),10.045,10.045
2020-09-03,20Y,0.427,1,JGB33(30),20.047,20.047
2020-09-03,30Y,0.61,2,JGB WI(30)-09|JGB67(30),29.793,29.793
2020-09-03,40Y,0.626,1,JGB13(40),39.543,39.543
2020-09-04,2Y,-0.1225,4,JGB133(5)|JGB325(10)|JGB416(2)|JGB58(20),1.99,2.042
2020-09-04,5Y,-0.0883,3,JGB340(10)|JGB81(20)|JGB82(20),5.043,5.043
2020-09-04,10Y,0.047,2,JGB121(20)|JGB122(20),10.042,10.042
2020-09-04,20Y,0.422,1,JGB33(30),20.044,20.044
2020-09-04,30Y,0.6,1,JGB67(30),29.791,29.791
2020-09-04,40Y,0.613,1,JGB13(40),39.54,39.54
2020-09-07,2Y,-0.1283,4,JGB133(5)|JGB325(10)|JGB416(2)|JGB58(20),1.982,2.034
2020-09-07,5Y,-0.087,3,JGB340(10)|JGB81(20)|JGB82(20),5.035,5.035
2020-09-07,10Y,0.052,2,JGB121(20)|JGB122(20),10.034,10.034
2020-09-07,20Y,0.427,1,JGB33(30),20.036,20.036
2020-09-07,30Y,0.604,1,JGB67(30),29.782,29.782
2020-09-07,40Y,0.617,1,JGB13(40),39.532,39.532
2020-09-08,2Y,-0.1268,4,JGB133(5)|JGB325(10)|JGB416(2)|JGB58(20),1.979,2.031
2020-09-08,5Y,-0.084,3,JGB340(10)|JGB81(20)|JGB82(20),5.032,5.032
2020-09-08,10Y,0.058,2,JGB121(20)|JGB122(20),10.031,10.031
2020-09-08,20Y,0.433,1,JGB33(30),20.033,20.033
2020-09-08,30Y,0.616,1,JGB67(30),29.78,29.78
2020-09-08,40Y,0.63,1,JGB13(40),39.529,39.529
2020-09-09,2Y,-0.128,4,JGB133(5)|JGB325(10)|JGB416(2)|JGB58(20),1.977,2.029
2020-09-09,5Y,-0.092,3,JGB340(10)|JGB81(20)|JGB82(20),5.029,5.029
2020-09-09,10Y,0.049,2,JGB121(20)|JGB122(20),10.029,10.029
2020-09-09,20Y,0.421,1,JGB33(30),20.03,20.03
2020-09-09,30Y,0.608,1,JGB67(30),29.777,29.777
2020-09-09,40Y,0.617,1,JGB13(40),39.526,39.526
2020-09-10,2Y,-0.1293,4,JGB133(5)|JGB325(10)|JGB416(2)|JGB58(20),1.974,2.026
2020-09-10,5Y,-0.098,3,JGB340(10)|JGB81(20)|JGB82(20),5.027,5.027
2020-09-10,10Y,0.037,2,JGB121(20)|JGB122(20),10.026,10.026
2020-09-10,20Y,0.411,1,JGB33(30),20.027,20.027
2020-09-10,30Y,0.595,1,JGB67(30),29.774,29.774
2020-09-10,40Y,0.608,1,JGB13(40),39.524,39.524
2020-09-11,2Y,-0.129,4,JGB133(5)|JGB325(10)|JGB416(2)|JGB58(20),1.971,2.023
2020-09-11,5Y,-0.0973,3,JGB340(10)|JGB81(20)|JGB82(20),5.024,5.024
2020-09-11,10Y,0.038,2,JGB121(20)|JGB122(20),10.023,10.023
2020-09-11,20Y,0.416,1,JGB33(30),20.025,20.025
2020-09-11,30Y,0.595,1,JGB67(30),29.771,29.771
2020-09-11,40Y,0.608,1,JGB13(40),39.521,39.521
2020-09-14,2Y,-0.1375,4,JGB133(5)|JGB325(10)|JGB416(2)|JGB58(20),1.963,2.015
2020-09-14,5Y,-0.1043,3,JGB340(10)|JGB81(20)|JGB82(20),5.016,5.016
2020-09-14,10Y,0.0325,2,JGB121(20)|JGB122(20),10.015,10.015
2020-09-14,20Y,0.4,1,JGB33(30),20.016,20.016
2020-09-14,30Y,0.576,1,JGB67(30),29.763,29.763
2020-09-14,40Y,0.586,1,JGB13(40),39.513,39.513
2020-09-15,2Y,-0.1398,4,JGB133(5)|JGB325(10)|JGB416(2)|JGB58(20),1.96,2.012
2020-09-15,5Y,-0.1087,3,JGB340(10)|JGB81(20)|JGB82(20),5.013,5.013
2020-09-15,10Y,0.032,2,JGB121(20)|JGB122(20),10.012,10.012
2020-09-15,20Y,0.4,1,JGB33(30),20.014,20.014
2020-09-15,30Y,0.576,1,JGB67(30),29.76,29.76
2020-09-15,40Y,0.586,1,JGB13(40),39.51,39.51
2020-09-16,2Y,-0.1385,4,JGB133(5)|JGB325(10)|JGB416(2)|JGB58(20),1.958,2.01
2020-09-16,5Y,-0.109,3,JGB340(10)|JGB81(20)|JGB82(20),5.01,5.01
2020-09-16,10Y,0.027,2,JGB121(20)|JGB122(20),10.01,10.01
2020-09-16,20Y,0.394,1,JGB33(30),20.011,20.011
2020-09-16,30Y,0.581,1,JGB67(30),29.758,29.758
2020-09-16,40Y,0.59,1,JGB13(40),39.507,39.507
2020-09-17,2Y,-0.14,4,JGB133(5)|JGB325(10)|JGB416(2)|JGB58(20),1.955,2.007
2020-09-17,5Y,-0.1087,3,JGB340(10)|JGB81(20)|JGB82(20),5.008,5.008
2020-09-17,10Y,0.027,2,JGB121(20)|JGB122(20),10.007,10.007
2020-09-17,20Y,0.4,1,JGB33(30),20.008,20.008
2020-09-17,30Y,0.59,1,JGB67(30),29.755,29.755
2020-09-17,40Y,0.599,1,JGB13(40),39.504,39.504
2020-09-18,2Y,-0.1398,4,JGB133(5)|JGB325(10)|JGB416(2)|JGB58(20),1.952,2.004
2020-09-18,5Y,-0.1137,3,JGB340(10)|JGB81(20)|JGB82(20),5.005,5.005
2020-09-18,10Y,0.022,2,JGB121(20)|JGB122(20),10.004,10.004
2020-09-18,20Y,0.394,1,JGB33(30),20.005,20.005
2020-09-18,30Y,0.586,1,JGB67(30),29.752,29.752
2020-09-18,40Y,0.6045,2,JGB WI(40)-09|JGB13(40),39.502,39.502
2020-09-23,2Y,-0.1442,5,JGB WI(2)-10|JGB133(5)|JGB325(10)|JGB416(2)|JGB58(20),1.938,2.021
2020-09-23,5Y,-0.119,3,JGB340(10)|JGB81(20)|JGB82(20),4.991,4.991
2020-09-23,10Y,0.021,2,JGB121(20)|JGB122(20),9.99,9.99
2020-09-23,20Y,0.395,1,JGB33(30),19.992,19.992
2020-09-23,30Y,0.586,1,JGB67(30),29.739,29.739
2020-09-23,40Y,0.6045,2,JGB WI(40)-09|JGB13(40),39.488,39.488
2020-09-24,2Y,-0.1496,5,JGB WI(2)-10|JGB133(5)|JGB325(10)|JGB416(2)|JGB58(20),1.936,2.018
2020-09-24,5Y,-0.1293,3,JGB340(10)|JGB81(20)|JGB82(20),4.988,4.988
2020-09-24,10Y,0.016,2,JGB121(20)|JGB122(20),9.988,9.988
2020-09-24,20Y,0.395,1,JGB33(30),19.989,19.989
2020-09-24,30Y,0.586,1,JGB67(30),29.736,29.736
2020-09-24,40Y,0.6045,2,JGB WI(40)-09|JGB13(40),39.485,39.485
2020-09-25,2Y,-0.1484,5,JGB WI(2)-10|JGB133(5)|JGB325(10)|JGB416(2)|JGB58(20),1.933,2.015
2020-09-25,5Y,-0.125,3,JGB340(10)|JGB81(20)|JGB82(20),4.986,4.986
2020-09-25,10Y,0.019,3,JGB WI(10)-10|JGB121(20)|JGB122(20),9.985,9.985
2020-09-25,20Y,0.399,1,JGB33(30),19.986,19.986
2020-09-25,30Y,0.59,1,JGB67(30),29.733,29.733
2020-09-25,40Y,0.608,1,JGB13(40),39.483,39.483
2020-09-28,2Y,-0.1542,5,JGB WI(2)-10|JGB133(5)|JGB325(10)|JGB416(2)|JGB58(20),1.925,2.007
2020-09-28,5Y,-0.1243,3,JGB340(10)|JGB81(20)|JGB82(20),4.977,4.977
2020-09-28,10Y,0.021,3,JGB WI(10)-10|JGB121(20)|JGB122(20),9.977,9.977
2020-09-28,20Y,0.4,1,JGB33(30),19.978,19.978
2020-09-28,30Y,0.6,1,JGB67(30),29.725,29.725
2020-09-28,40Y,0.622,1,JGB13(40),39.474,39.474
2020-09-29,2Y,-0.1432,5,JGB WI(2)-10|JGB133(5)|JGB325(10)|JGB416(2)|JGB58(20),1.922,2.004
2020-09-29,5Y,-0.109,3,JGB340(10)|JGB81(20)|JGB82(20),4.975,4.975
2020-09-29,10Y,0.0367,3,JGB WI(10)-10|JGB121(20)|JGB122(20),9.974,9.974
2020-09-29,20Y,0.416,1,JGB33(30),19.975,19.975
2020-09-29,30Y,0.614,1,JGB67(30),29.722,29.722
2020-09-29,40Y,0.639,1,JGB13(40),39.472,39.472
2020-09-30,2Y,-0.145,5,JGB133(5)|JGB325(10)|JGB416(2)|JGB417(2)|JGB58(20),1.919,2.001
2020-09-30,5Y,-0.1137,3,JGB340(10)|JGB81(20)|JGB82(20),4.972,4.972
2020-09-30,10Y,0.0317,3,JGB WI(10)-10|JGB121(20)|JGB122(20),9.971,9.971
2020-09-30,20Y,0.411,1,JGB33(30),19.973,19.973
2020-09-30,30Y,0.61,1,JGB WI(30)-10,29.971,29.971
2020-09-30,40Y,0.63,1,JGB13(40),39.469,39.469
2020-10-01,2Y,-0.1378,4,JGB133(5)|JGB325(10)|JGB417(2)|JGB58(20),1.969,1.999
2020-10-01,5Y,-0.1137,3,JGB340(10)|JGB81(20)|JGB82(20),4.969,4.969
2020-10-01,10Y,0.0263,3,JGB WI(10)-10|JGB121(20)|JGB122(20),9.969,9.969
2020-10-01,20Y,0.405,1,JGB33(30),19.97,19.97
2020-10-01,30Y,0.596,1,JGB WI(30)-10,29.969,29.969
2020-10-01,40Y,0.617,1,JGB13(40),39.466,39.466
2020-10-02,2Y,-0.1315,4,JGB133(5)|JGB325(10)|JGB417(2)|JGB58(20),1.966,1.996
2020-10-02,5Y,-0.11,4,JGB WI(5)-10|JGB340(10)|JGB81(20)|JGB82(20),4.966,4.966
2020-10-02,10Y,0.021,3,JGB121(20)|JGB122(20)|JGB360(10),9.966,9.966
2020-10-02,20Y,0.411,1,JGB33(30),19.967,19.967
2020-10-02,30Y,0.61,1,JGB WI(30)-10,29.966,29.966
2020-10-02,40Y,0.626,1,JGB13(40),39.463,39.463
2020-10-05,2Y,-0.1388,4,JGB133(5)|JGB325(10)|JGB417(2)|JGB58(20),1.958,1.988
2020-10-05,5Y,-0.1167,4,JGB WI(5)-10|JGB340(10)|JGB81(20)|JGB82(20),4.958,4.958
2020-10-05,10Y,0.016,3,JGB121(20)|JGB122(20)|JGB360(10),9.958,9.958
2020-10-05,20Y,0.4,1,JGB33(30),19.959,19.959
2020-10-05,30Y,0.605,1,JGB WI(30)-10,29.958,29.958
2020-10-05,40Y,0.621,1,JGB13(40),39.455,39.455
2020-10-06,2Y,-0.1373,4,JGB133(5)|JGB325(10)|JGB417(2)|JGB58(20),1.955,1.985
2020-10-06,5Y,-0.111,4,JGB WI(5)-10|JGB340(10)|JGB81(20)|JGB82(20),4.956,4.956
2020-10-06,10Y,0.021,3,JGB121(20)|JGB122(20)|JGB360(10),9.955,9.955
2020-10-06,20Y,0.411,1,JGB33(30),19.956,19.956
2020-10-06,30Y,0.62,1,JGB WI(30)-10,29.955,29.955
2020-10-06,40Y,0.631,1,JGB13(40),39.452,39.452
2020-10-07,2Y,-0.1285,4,JGB133(5)|JGB325(10)|JGB417(2)|JGB58(20),1.952,1.982
2020-10-07,5Y,-0.093,4,JGB WI(5)-10|JGB340(10)|JGB81(20)|JGB82(20),4.953,4.953
2020-10-07,10Y,0.0317,3,JGB121(20)|JGB122(20)|JGB360(10),9.952,9.952
2020-10-07,20Y,0.422,1,JGB33(30),19.953,19.953
2020-10-07,30Y,0.636,1,JGB68(30),29.952,29.952
2020-10-07,40Y,0.648,1,JGB13(40),39.45,39.45
2020-10-08,2Y,-0.1285,4,JGB133(5)|JGB325(10)|JGB417(2)|JGB58(20),1.949,1.979
2020-10-08,5Y,-0.0917,4,JGB WI(5)-10|JGB340(10)|JGB81(20)|JGB82(20),4.95,4.95
2020-10-08,10Y,0.037,3,JGB121(20)|JGB122(20)|JGB360(10),9.949,9.949
2020-10-08,20Y,0.416,1,JGB33(30),19.951,19.951
2020-10-08,30Y,0.632,1,JGB68(30),29.949,29.949
2020-10-08,40Y,0.641,1,JGB13(40),39.447,39.447
2020-10-09,2Y,-0.1308,4,JGB133(5)|JGB325(10)|JGB417(2)|JGB58(20),1.947,1.977
2020-10-09,5Y,-0.1037,4,JGB145(5)|JGB340(10)|JGB81(20)|JGB82(20),4.947,4.947
2020-10-09,10Y,0.0353,3,JGB121(20)|JGB122(20)|JGB360(10),9.947,9.947
2020-10-09,20Y,0.408,1,JGB33(30),19.948,19.948
2020-10-09,30Y,0.627,1,JGB68(30),29.947,29.947
2020-10-09,40Y,0.635,1,JGB13(40),39.444,39.444
2020-10-12,2Y,-0.1258,4,JGB133(5)|JGB325(10)|JGB417(2)|JGB58(20),1.938,1.969
2020-10-12,5Y,-0.0988,4,JGB145(5)|JGB340(10)|JGB81(20)|JGB82(20),4.939,4.939
2020-10-12,10Y,0.0307,3,JGB121(20)|JGB122(20)|JGB360(10),9.938,9.938
2020-10-12,20Y,0.405,1,JGB33(30),19.94,19.94
2020-10-12,30Y,0.627,1,JGB68(30),29.938,29.938
2020-10-12,40Y,0.644,1,JGB13(40),39.436,39.436
2020-10-13,2Y,-0.1333,4,JGB133(5)|JGB325(10)|JGB417(2)|JGB58(20),1.936,1.966
2020-10-13,5Y,-0.1035,4,JGB145(5)|JGB340(10)|JGB81(20)|JGB82(20),4.936,4.936
2020-10-13,10Y,0.0263,3,JGB121(20)|JGB122(20)|JGB360(10),9.936,9.936
2020-10-13,20Y,0.411,1,JGB33(30),19.937,19.937
2020-10-13,30Y,0.632,1,JGB68(30),29.936,29.936
2020-10-13,40Y,0.648,1,JGB13(40),39.433,39.433
2020-10-14,2Y,-0.1395,4,JGB133(5)|JGB325(10)|JGB417(2)|JGB58(20),1.933,1.963
2020-10-14,5Y,-0.1092,4,JGB145(5)|JGB340(10)|JGB81(20)|JGB82(20),4.934,4.934
2020-10-14,10Y,0.0263,3,JGB121(20)|JGB122(20)|JGB360(10),9.933,9.933
2020-10-14,20Y,0.4155,2,JGB WI(20)-10|JGB33(30),19.934,19.934
2020-10-14,30Y,0.637,1,JGB68(30),29.933,29.933
2020-10-14,40Y,0.657,1,JGB13(40),39.431,39.431
2020-10-15,2Y,-0.138,4,JGB133(5)|JGB325(10)|JGB417(2)|JGB58(20),1.93,1.96
2020-10-15,5Y,-0.1035,4,JGB145(5)|JGB340(10)|JGB81(20)|JGB82(20),4.931,4.931
2020-10-15,10Y,0.0273,3,JGB121(20)|JGB122(20)|JGB360(10),9.93,9.93
2020-10-15,20Y,0.4205,2,JGB WI(20)-10|JGB33(30),19.932,19.932
2020-10-15,30Y,0.636,1,JGB68(30),29.93,29.93
2020-10-15,40Y,0.652,1,JGB13(40),39.428,39.428
2020-10-16,2Y,-0.1405,4,JGB133(5)|JGB325(10)|JGB417(2)|JGB58(20),1.927,1.958
2020-10-16,5Y,-0.114,4,JGB145(5)|JGB340(10)|JGB81(20)|JGB82(20),4.928,4.928
2020-10-16,10Y,0.0207,3,JGB121(20)|JGB122(20)|JGB360(10),9.927,9.927
2020-10-16,20Y,0.4155,2,JGB WI(20)-10|JGB33(30),19.929,19.929
2020-10-16,30Y,0.627,1,JGB68(30),29.927,29.927
2020-10-16,40Y,0.644,1,JGB13(40),39.425,39.425
2020-10-19,2Y,-0.1393,4,JGB133(5)|JGB325(10)|JGB417(2)|JGB58(20),1.919,1.949
2020-10-19,5Y,-0.114,4,JGB145(5)|JGB340(10)|JGB81(20)|JGB82(20),4.92,4.92
2020-10-19,10Y,0.0213,3,JGB121(20)|JGB122(20)|JGB360(10),9.919,9.919
2020-10-19,20Y,0.4105,2,JGB WI(20)-10|JGB33(30),19.921,19.921
2020-10-19,30Y,0.617,1,JGB68(30),29.919,29.919
2020-10-19,40Y,0.63,1,JGB13(40),39.417,39.417
2020-10-20,2Y,-0.14,1,JGB417(2),1.947,1.947
2020-10-20,5Y,-0.1138,4,JGB145(5)|JGB340(10)|JGB81(20)|JGB82(20),4.917,4.917
2020-10-20,10Y,0.0227,4,JGB121(20)|JGB122(20)|JGB360(10)|JGB4(30),9.916,10.084
2020-10-20,20Y,0.4105,2,JGB WI(20)-10|JGB33(30),19.918,19.918
2020-10-20,30Y,0.618,1,JGB68(30),29.916,29.916
2020-10-20,40Y,0.63,1,JGB13(40),39.414,39.414
2020-10-21,2Y,-0.14,2,JGB WI(2)-11|JGB417(2),1.944,2.029
2020-10-21,5Y,-0.1138,4,JGB145(5)|JGB340(10)|JGB81(20)|JGB82(20),4.914,4.914
2020-10-21,10Y,0.028,1,JGB4(30),10.081,10.081
2020-10-21,20Y,0.3945,2,JGB174(20)|JGB33(30),19.915,19.915
2020-10-21,30Y,0.604,1,JGB68(30),29.914,29.914
2020-10-21,40Y,0.617,1,JGB13(40),39.411,39.411
2020-10-22,2Y,-0.13,2,JGB WI(2)-11|JGB417(2),1.941,2.026
2020-10-22,5Y,-0.1032,4,JGB145(5)|JGB340(10)|JGB81(20)|JGB82(20),4.912,4.912
2020-10-22,10Y,0.038,1,JGB4(30),10.078,10.078
2020-10-22,20Y,0.405,2,JGB174(20)|JGB33(30),19.912,19.912
2020-10-22,30Y,0.621,1,JGB68(30),29.911,29.911
2020-10-22,40Y,0.635,1,JGB13(40),39.409,39.409
2020-10-23,2Y,-0.133,2,JGB WI(2)-11|JGB417(2),1.938,2.023
2020-10-23,5Y,-0.1042,4,JGB145(5)|JGB340(10)|JGB81(20)|JGB82(20),4.909,4.909
2020-10-23,10Y,0.037,1,JGB4(30),10.075,10.075
2020-10-23,20Y,0.405,2,JGB174(20)|JGB33(30),19.91,19.91
2020-10-23,30Y,0.627,1,JGB68(30),29.908,29.908
2020-10-23,40Y,0.639,1,JGB13(40),39.406,39.406
2020-10-26,2Y,-0.128,2,JGB WI(2)-11|JGB417(2),1.93,2.015
2020-10-26,5Y,-0.0985,4,JGB145(5)|JGB340(10)|JGB81(20)|JGB82(20),4.901,4.901
2020-10-26,10Y,0.045,1,JGB4(30),10.067,10.067
2020-10-26,20Y,0.41,2,JGB174(20)|JGB33(30),19.901,19.901
2020-10-26,30Y,0.637,1,JGB68(30),29.9,29.9
2020-10-26,40Y,0.652,1,JGB13(40),39.398,39.398
2020-10-27,2Y,-0.1285,2,JGB WI(2)-11|JGB417(2),1.927,2.012
2020-10-27,5Y,-0.0983,4,JGB145(5)|JGB340(10)|JGB81(20)|JGB82(20),4.898,4.898
2020-10-27,10Y,0.039,1,JGB4(30),10.064,10.064
2020-10-27,20Y,0.405,2,JGB174(20)|JGB33(30),19.899,19.899
2020-10-27,30Y,0.637,1,JGB68(30),29.897,29.897
2020-10-27,40Y,0.652,1,JGB13(40),39.395,39.395
2020-10-28,2Y,-0.1335,2,JGB417(2)|JGB418(2),1.925,2.01
2020-10-28,5Y,-0.099,4,JGB145(5)|JGB340(10)|JGB81(20)|JGB82(20),4.895,4.895
2020-10-28,10Y,0.033,1,JGB4(30),10.062,10.062
2020-10-28,20Y,0.405,2,JGB174(20)|JGB33(30),19.896,19.896
2020-10-28,30Y,0.627,1,JGB68(30),29.895,29.895
2020-10-28,40Y,0.644,1,JGB13(40),39.392,39.392
2020-10-29,2Y,-0.1335,2,JGB417(2)|JGB418(2),1.922,2.007
2020-10-29,5Y,-0.108,4,JGB145(5)|JGB340(10)|JGB81(20)|JGB82(20),4.893,4.893
2020-10-29,10Y,0.032,1,JGB4(30),10.059,10.059
2020-10-29,20Y,0.405,2,JGB174(20)|JGB33(30),19.893,19.893
2020-10-29,30Y,0.627,1,JGB68(30),29.892,29.892
2020-10-29,40Y,0.644,1,JGB13(40),39.389,39.389
2020-10-30,2Y,-0.1335,2,JGB417(2)|JGB418(2),1.919,2.004
2020-10-30,5Y,-0.1085,4,JGB145(5)|JGB340(10)|JGB81(20)|JGB82(20),4.89,4.89
2020-10-30,10Y,0.034,1,JGB4(30),10.056,10.056
2020-10-30,20Y,0.404,2,JGB174(20)|JGB33(30),19.89,19.89
2020-10-30,30Y,0.623,1,JGB68(30),29.889,29.889
2020-10-30,40Y,0.639,1,JGB13(40),39.387,39.387
2020-11-02,2Y,-0.124,1,JGB418(2),1.996,1.996
2020-11-02,5Y,-0.0985,4,JGB145(5)|JGB340(10)|JGB81(20)|JGB82(20),4.882,4.882
2020-11-02,10Y,0.047,1,JGB4(30),10.048,10.048
2020-11-02,20Y,0.4145,2,JGB174(20)|JGB33(30),19.882,19.882
2020-11-02,30Y,0.637,1,JGB68(30),29.881,29.881
2020-11-02,40Y,0.656,1,JGB13(40),39.379,39.379
2020-11-04,2Y,-0.124,1,JGB418(2),1.99,1.99
2020-11-04,5Y,-0.093,4,JGB145(5)|JGB340(10)|JGB81(20)|JGB82(20),4.876,4.876
2020-11-04,10Y,0.05,1,JGB4(30),10.042,10.042
2020-11-04,20Y,0.41,2,JGB174(20)|JGB33(30),19.877,19.877
2020-11-04,30Y,0.6315,2,JGB WI(30)-11|JGB68(30),29.875,29.875
2020-11-04,40Y,0.652,1,JGB13(40),39.373,39.373
2020-11-05,2Y,-0.12,1,JGB418(2),1.988,1.988
2020-11-05,5Y,-0.1037,3,JGB341(10)|JGB83(20)|JGB84(20),5.123,5.123
2020-11-05,10Y,0.048,1,JGB4(30),10.04,10.04
2020-11-05,20Y,0.405,2,JGB174(20)|JGB33(30),19.874,19.874
2020-11-05,30Y,0.636,2,JGB WI(30)-11|JGB68(30),29.873,29.873
2020-11-05,40Y,0.657,1,JGB13(40),39.37,39.37
2020-11-06,2Y,-0.135,1,JGB418(2),1.985,1.985
2020-11-06,5Y,-0.119,3,JGB341(10)|JGB83(20)|JGB84(20),5.12,5.12
2020-11-06,10Y,0.028,1,JGB4(30),10.037,10.037
2020-11-06,20Y,0.3815,2,JGB174(20)|JGB33(30),19.871,19.871
2020-11-06,30Y,0.6085,2,JGB WI(30)-11|JGB68(30),29.87,29.87
2020-11-06,40Y,0.626,1,JGB13(40),39.368,39.368
2020-11-09,2Y,-0.146,1,JGB418(2),1.977,1.977
2020-11-09,5Y,-0.125,3,JGB341(10)|JGB83(20)|JGB84(20),5.112,5.112
2020-11-09,10Y,0.024,1,JGB4(30),10.029,10.029
2020-11-09,20Y,0.3895,2,JGB174(20)|JGB33(30),19.863,19.863
2020-11-09,30Y,0.624,2,JGB WI(30)-11|JGB68(30),29.862,29.862
2020-11-09,40Y,0.643,1,JGB13(40),39.359,39.359
2020-11-10,2Y,-0.147,1,JGB418(2),1.974,1.974
2020-11-10,5Y,-0.124,3,JGB341(10)|JGB83(20)|JGB84(20),5.109,5.109
2020-11-10,10Y,0.023,1,JGB4(30),10.026,10.026
2020-11-10,20Y,0.384,2,JGB174(20)|JGB33(30),19.86,19.86
2020-11-10,30Y,0.624,2,JGB WI(30)-11|JGB68(30),29.859,29.859
2020-11-10,40Y,0.644,1,JGB13(40),39.357,39.357
2020-11-11,2Y,-0.142,1,JGB418(2),1.971,1.971
2020-11-11,5Y,-0.1037,3,JGB341(10)|JGB83(20)|JGB84(20),5.106,5.106
2020-11-11,10Y,0.039,1,JGB4(30),10.023,10.023
2020-11-11,20Y,0.405,2,JGB174(20)|JGB33(30),19.858,19.858
2020-11-11,30Y,0.641,1,JGB68(30),29.856,29.856
2020-11-11,40Y,0.661,1,JGB13(40),39.354,39.354
2020-11-12,2Y,-0.137,1,JGB418(2),1.969,1.969
2020-11-12,5Y,-0.0933,3,JGB341(10)|JGB83(20)|JGB84(20),5.103,5.103
2020-11-12,10Y,0.044,1,JGB4(30),10.021,10.021
2020-11-12,20Y,0.4057,3,JGB WI(20)-11|JGB174(20)|JGB33(30),19.855,19.855
2020-11-12,30Y,0.646,1,JGB68(30),29.854,29.854
2020-11-12,40Y,0.67,1,JGB13(40),39.351,39.351
2020-11-13,2Y,-0.143,1,JGB418(2),1.966,1.966
2020-11-13,5Y,-0.1033,3,JGB341(10)|JGB83(20)|JGB84(20),5.101,5.101
2020-11-13,10Y,0.034,1,JGB4(30),10.018,10.018
2020-11-13,20Y,0.405,3,JGB WI(20)-11|JGB174(20)|JGB33(30),19.852,19.852
2020-11-13,30Y,0.646,1,JGB68(30),29.851,29.851
2020-11-13,40Y,0.67,1,JGB13(40),39.348,39.348
2020-11-16,2Y,-0.148,1,JGB418(2),1.958,1.958
2020-11-16,5Y,-0.1137,3,JGB341(10)|JGB83(20)|JGB84(20),5.092,5.092
2020-11-16,10Y,0.028,1,JGB4(30),10.01,10.01
2020-11-16,20Y,0.405,3,JGB WI(20)-11|JGB174(20)|JGB33(30),19.844,19.844
2020-11-16,30Y,0.65,1,JGB68(30),29.843,29.843
2020-11-16,40Y,0.674,1,JGB13(40),39.34,39.34
2020-11-17,2Y,-0.149,1,JGB418(2),1.955,1.955
2020-11-17,5Y,-0.1187,3,JGB341(10)|JGB83(20)|JGB84(20),5.09,5.09
2020-11-17,10Y,0.028,1,JGB4(30),10.007,10.007
2020-11-17,20Y,0.405,3,JGB WI(20)-11|JGB174(20)|JGB33(30),19.841,19.841
2020-11-17,30Y,0.65,1,JGB68(30),29.84,29.84
2020-11-17,40Y,0.674,1,JGB13(40),39.337,39.337
2020-11-18,2Y,-0.15,1,JGB418(2),1.952,1.952
2020-11-18,5Y,-0.1143,3,JGB341(10)|JGB83(20)|JGB84(20),5.087,5.087
2020-11-18,10Y,0.029,1,JGB4(30),10.004,10.004
2020-11-18,20Y,0.3997,3,JGB WI(20)-11|JGB174(20)|JGB33(30),19.838,19.838
2020-11-18,30Y,0.641,1,JGB68(30),29.837,29.837
2020-11-18,40Y,0.666,1,JGB13(40),39.335,39.335
2020-11-19,2Y,-0.15,1,JGB418(2),1.949,1.949
2020-11-19,5Y,-0.119,3,JGB341(10)|JGB83(20)|JGB84(20),5.084,5.084
2020-11-19,10Y,0.023,1,JGB4(30),10.001,10.001
2020-11-19,20Y,0.384,2,JGB174(20)|JGB33(30),19.836,19.836
2020-11-19,30Y,0.623,1,JGB68(30),29.834,29.834
2020-11-19,40Y,0.649,2,JGB WI(40)-11|JGB13(40),39.332,39.332
2020-11-20,2Y,-0.1445,6,JGB134(5)|JGB326(10)|JGB327(10)|JGB418(2)|JGB59(20)|JGB60(20),1.947,2.081
2020-11-20,5Y,-0.1183,3,JGB341(10)|JGB83(20)|JGB84(20),5.081,5.081
2020-11-20,10Y,0.0203,3,JGB123(20)|JGB124(20)|JGB4(30),9.999,10.081
2020-11-20,20Y,0.3815,2,JGB174(20)|JGB33(30),19.833,19.833
2020-11-20,30Y,0.627,1,JGB68(30),29.832,29.832
2020-11-20,40Y,0.654,2,JGB WI(40)-11|JGB13(40),39.329,39.329
2020-11-24,2Y,-0.1506,7,JGB WI(2)-12|JGB134(5)|JGB326(10)|JGB327(10)|JGB418(2)|JGB59(20)|JGB60(20),1.936,2.07
2020-11-24,5Y,-0.1297,3,JGB341(10)|JGB83(20)|JGB84(20),5.07,5.07
2020-11-24,10Y,0.019,3,JGB123(20)|JGB124(20)|JGB4(30),9.988,10.07
2020-11-24,20Y,0.376,2,JGB174(20)|JGB33(30),19.822,19.822
2020-11-24,30Y,0.623,1,JGB68(30),29.821,29.821
2020-11-24,40Y,0.6445,2,JGB WI(40)-11|JGB13(40),39.318,39.318
2020-11-25,2Y,-0.1451,7,JGB WI(2)-12|JGB134(5)|JGB326(10)|JGB327(10)|JGB418(2)|JGB59(20)|JGB60(20),1.933,2.067
2020-11-25,5Y,-0.1187,3,JGB341(10)|JGB83(20)|JGB84(20),5.068,5.068
2020-11-25,10Y,0.031,3,JGB123(20)|JGB124(20)|JGB4(30),9.985,10.067
2020-11-25,20Y,0.387,2,JGB174(20)|JGB33(30),19.819,19.819
2020-11-25,30Y,0.636,1,JGB68(30),29.818,29.818
2020-11-25,40Y,0.6585,2,JGB WI(40)-11|JGB13(40),39.316,39.316
2020-11-26,2Y,-0.1454,7,JGB WI(2)-12|JGB134(5)|JGB326(10)|JGB327(10)|JGB418(2)|JGB59(20)|JGB60(20),1.93,2.064
2020-11-26,5Y,-0.1197,3,JGB341(10)|JGB83(20)|JGB84(20),5.065,5.065
2020-11-26,10Y,0.0257,3,JGB123(20)|JGB124(20)|JGB4(30),9.982,10.064
2020-11-26,20Y,0.384,2,JGB174(20)|JGB33(30),19.817,19.817
2020-11-26,30Y,0.641,1,JGB68(30),29.815,29.815
2020-11-26,40Y,0.666,1,JGB13(40),39.313,39.313
2020-11-27,2Y,-0.1467,7,JGB WI(2)-12|JGB134(5)|JGB326(10)|JGB327(10)|JGB418(2)|JGB59(20)|JGB60(20),1.927,2.062
2020-11-27,5Y,-0.1137,3,JGB341(10)|JGB83(20)|JGB84(20),5.062,5.062
2020-11-27,10Y,0.031,3,JGB123(20)|JGB124(20)|JGB4(30),9.979,10.062
2020-11-27,20Y,0.3885,2,JGB174(20)|JGB33(30),19.814,19.814
2020-11-27,30Y,0.6455,2,JGB WI(30)-12|JGB68(30),29.812,29.812
2020-11-27,40Y,0.674,1,JGB13(40),39.31,39.31
2020-11-30,2Y,-0.1349,7,JGB134(5)|JGB326(10)|JGB327(10)|JGB418(2)|JGB419(2)|JGB59(20)|JGB60(20),1.919,2.053
2020-11-30,5Y,-0.1087,3,JGB341(10)|JGB83(20)|JGB84(20),5.054,5.054
2020-11-30,10Y,0.037,3,JGB123(20)|JGB124(20)|JGB4(30),9.971,10.053
2020-11-30,20Y,0.3945,2,JGB174(20)|JGB33(30),19.806,19.806
2020-11-30,30Y,0.6455,2,JGB WI(30)-12|JGB68(30),29.804,29.804
2020-11-30,40Y,0.677,1,JGB13(40),39.302,39.302
2020-12-01,2Y,-0.1295,6,JGB134(5)|JGB326(10)|JGB327(10)|JGB419(2)|JGB59(20)|JGB60(20),1.999,2.051
2020-12-01,5Y,-0.103,3,JGB341(10)|JGB83(20)|JGB84(20),5.051,5.051
2020-12-01,10Y,0.0363,3,JGB123(20)|JGB124(20)|JGB4(30),9.969,10.051
2020-12-01,20Y,0.3945,2,JGB174(20)|JGB33(30),19.803,19.803
2020-12-01,30Y,0.6405,2,JGB WI(30)-12|JGB68(30),29.802,29.802
2020-12-01,40Y,0.674,1,JGB13(40),39.299,39.299
2020-12-02,2Y,-0.1298,6,JGB134(5)|JGB326(10)|JGB327(10)|JGB419(2)|JGB59(20)|JGB60(20),1.996,2.048
2020-12-02,5Y,-0.109,3,JGB341(10)|JGB83(20)|JGB84(20),5.049,5.049
2020-12-02,10Y,0.0253,3,JGB123(20)|JGB124(20)|JGB4(30),9.966,10.048
2020-12-02,20Y,0.3895,2,JGB174(20)|JGB33(30),19.8,19.8
2020-12-02,30Y,0.6455,2,JGB WI(30)-12|JGB68(30),29.799,29.799
2020-12-02,40Y,0.675,1,JGB13(40),39.296,39.296
2020-12-03,2Y,-0.1308,6,JGB134(5)|JGB326(10)|JGB327(10)|JGB419(2)|JGB59(20)|JGB60(20),1.993,2.045
2020-12-03,5Y,-0.1033,3,JGB341(10)|JGB83(20)|JGB84(20),5.046,5.046
2020-12-03,10Y,0.0287,3,JGB123(20)|JGB124(20)|JGB4(30),9.963,10.045
2020-12-03,20Y,0.3895,2,JGB174(20)|JGB33(30),19.797,19.797
2020-12-03,30Y,0.6455,2,JGB WI(30)-12|JGB68(30),29.796,29.796
2020-12-03,40Y,0.674,1,JGB13(40),39.294,39.294
2020-12-04,2Y,-0.129,6,JGB134(5)|JGB326(10)|JGB327(10)|JGB419(2)|JGB59(20)|JGB60(20),1.99,2.042
2020-12-04,5Y,-0.104,3,JGB341(10)|JGB83(20)|JGB84(20),5.043,5.043
2020-12-04,10Y,0.031,3,JGB123(20)|JGB124(20)|JGB4(30),9.96,10.042
2020-12-04,20Y,0.385,3,JGB WI(20)-12|JGB174(20)|JGB33(30),19.795,19.795
2020-12-04,30Y,0.641,1,JGB68(30),29.793,29.793
2020-12-04,40Y,0.67,1,JGB13(40),39.291,39.291
2020-12-07,2Y,-0.135,6,JGB134(5)|JGB326(10)|JGB327(10)|JGB419(2)|JGB59(20)|JGB60(20),1.982,2.034
2020-12-07,5Y,-0.109,3,JGB341(10)|JGB83(20)|JGB84(20),5.035,5.035
2020-12-07,10Y,0.0313,3,JGB123(20)|JGB124(20)|JGB4(30),9.952,10.034
2020-12-07,20Y,0.3913,3,JGB WI(20)-12|JGB174(20)|JGB33(30),19.786,19.786
2020-12-07,30Y,0.646,1,JGB68(30),29.785,29.785
2020-12-07,40Y,0.679,1,JGB13(40),39.283,39.283
2020-12-08,2Y,-0.1363,6,JGB134(5)|JGB326(10)|JGB327(10)|JGB419(2)|JGB59(20)|JGB60(20),1.979,2.031
2020-12-08,5Y,-0.1087,3,JGB341(10)|JGB83(20)|JGB84(20),5.032,5.032
2020-12-08,10Y,0.0307,3,JGB123(20)|JGB124(20)|JGB4(30),9.949,10.031
2020-12-08,20Y,0.3863,3,JGB WI(20)-12|JGB174(20)|JGB33(30),19.784,19.784
2020-12-08,30Y,0.642,1,JGB68(30),29.782,29.782
2020-12-08,40Y,0.674,1,JGB13(40),39.28,39.28
2020-12-09,2Y,-0.1423,6,JGB134(5)|JGB326(10)|JGB327(10)|JGB419(2)|JGB59(20)|JGB60(20),1.977,2.029
2020-12-09,5Y,-0.1187,3,JGB341(10)|JGB83(20)|JGB84(20),5.029,5.029
2020-12-09,10Y,0.0253,3,JGB123(20)|JGB124(20)|JGB4(30),9.947,10.029
2020-12-09,20Y,0.3763,3,JGB WI(20)-12|JGB174(20)|JGB33(30),19.781,19.781
2020-12-09,30Y,0.628,1,JGB68(30),29.78,29.78
2020-12-09,40Y,0.661,1,JGB13(40),39.277,39.277
2020-12-10,2Y,-0.1407,6,JGB134(5)|JGB326(10)|JGB327(10)|JGB419(2)|JGB59(20)|JGB60(20),1.974,2.026
2020-12-10,5Y,-0.1197,3,JGB341(10)|JGB83(20)|JGB84(20),5.027,5.027
2020-12-10,10Y,0.0257,3,JGB123(20)|JGB124(20)|JGB4(30),9.944,10.026
2020-12-10,20Y,0.376,3,JGB WI(20)-12|JGB174(20)|JGB33(30),19.778,19.778
2020-12-10,30Y,0.618,1,JGB68(30),29.777,29.777
2020-12-10,40Y,0.648,1,JGB13(40),39.274,39.274
2020-12-11,2Y,-0.1412,6,JGB134(5)|JGB326(10)|JGB327(10)|JGB419(2)|JGB59(20)|JGB60(20),1.971,2.023
2020-12-11,5Y,-0.1203,3,JGB341(10)|JGB83(20)|JGB84(20),5.024,5.024
2020-12-11,10Y,0.0213,3,JGB123(20)|JGB124(20)|JGB4(30),9.941,10.023
2020-12-11,20Y,0.3765,2,JGB174(20)|JGB33(30),19.775,19.775
2020-12-11,30Y,0.609,1,JGB68(30),29.774,29.774
2020-12-11,40Y,0.635,1,JGB13(40),39.272,39.272
2020-12-14,2Y,-0.1422,6,JGB134(5)|JGB326(10)|JGB327(10)|JGB419(2)|JGB59(20)|JGB60(20),1.963,2.015
2020-12-14,5Y,-0.1243,3,JGB341(10)|JGB83(20)|JGB84(20),5.016,5.016
2020-12-14,10Y,0.02,3,JGB123(20)|JGB124(20)|JGB4(30),9.933,10.015
2020-12-14,20Y,0.376,2,JGB174(20)|JGB33(30),19.767,19.767
2020-12-14,30Y,0.609,1,JGB68(30),29.766,29.766
2020-12-14,40Y,0.635,1,JGB13(40),39.264,39.264
2020-12-15,2Y,-0.1427,6,JGB134(5)|JGB326(10)|JGB327(10)|JGB419(2)|JGB59(20)|JGB60(20),1.96,2.012
2020-12-15,5Y,-0.124,3,JGB341(10)|JGB83(20)|JGB84(20),5.013,5.013
2020-12-15,10Y,0.02,3,JGB123(20)|JGB124(20)|JGB4(30),9.93,10.012
2020-12-15,20Y,0.387,2,JGB174(20)|JGB33(30),19.765,19.765
2020-12-15,30Y,0.623,1,JGB68(30),29.763,29.763
2020-12-15,40Y,0.652,1,JGB13(40),39.261,39.261
2020-12-16,2Y,-0.1432,6,JGB134(5)|JGB326(10)|JGB327(10)|JGB419(2)|JGB59(20)|JGB60(20),1.958,2.01
2020-12-16,5Y,-0.13,3,JGB341(10)|JGB83(20)|JGB84(20),5.01,5.01
2020-12-16,10Y,0.0093,3,JGB123(20)|JGB124(20)|JGB4(30),9.927,10.01
2020-12-16,20Y,0.382,2,JGB174(20)|JGB33(30),19.762,19.762
2020-12-16,30Y,0.618,1,JGB68(30),29.76,29.76
2020-12-16,40Y,0.652,1,JGB13(40),39.258,39.258
2020-12-17,2Y,-0.1338,6,JGB134(5)|JGB326(10)|JGB327(10)|JGB419(2)|JGB59(20)|JGB60(20),1.955,2.007
2020-12-17,5Y,-0.1187,3,JGB341(10)|JGB83(20)|JGB84(20),5.008,5.008
2020-12-17,10Y,0.0143,3,JGB123(20)|JGB124(20)|JGB4(30),9.925,10.007
2020-12-17,20Y,0.387,2,JGB174(20)|JGB33(30),19.759,19.759
2020-12-17,30Y,0.623,1,JGB68(30),29.758,29.758
2020-12-17,40Y,0.657,1,JGB13(40),39.255,39.255
2020-12-18,2Y,-0.133,7,JGB WI(2)-01|JGB134(5)|JGB326(10)|JGB327(10)|JGB419(2)|JGB59(20)|JGB60(20),1.952,2.037
2020-12-18,5Y,-0.119,3,JGB341(10)|JGB83(20)|JGB84(20),5.005,5.005
2020-12-18,10Y,0.0143,3,JGB123(20)|JGB124(20)|JGB4(30),9.922,10.004
2020-12-18,20Y,0.382,2,JGB174(20)|JGB33(30),19.756,19.756
2020-12-18,30Y,0.621,1,JGB68(30),29.755,29.755
2020-12-18,40Y,0.655,1,JGB13(40),39.253,39.253
2020-12-21,2Y,-0.1347,7,JGB WI(2)-01|JGB134(5)|JGB326(10)|JGB327(10)|JGB419(2)|JGB59(20)|JGB60(20),1.944,2.029
2020-12-21,5Y,-0.1277,3,JGB341(10)|JGB83(20)|JGB84(20),4.997,4.997
2020-12-21,10Y,0.016,2,JGB123(20)|JGB124(20),9.996,9.996
2020-12-21,20Y,0.394,1,JGB34(30),20.244,20.244
2020-12-21,30Y,0.627,1,JGB4(40),30.242,30.242
2020-12-21,40Y,0.653,1,JGB13(40),39.244,39.244
2020-12-22,2Y,-0.1287,7,JGB WI(2)-01|JGB134(5)|JGB326(10)|JGB327(10)|JGB419(2)|JGB59(20)|JGB60(20),1.941,2.026
2020-12-22,5Y,-0.1227,3,JGB341(10)|JGB83(20)|JGB84(20),4.994,4.994
2020-12-22,10Y,0.022,2,JGB123(20)|JGB124(20),9.993,9.993
2020-12-22,20Y,0.404,1,JGB34(30),20.241,20.241
2020-12-22,30Y,0.641,1,JGB4(40),30.24,30.24
2020-12-22,40Y,0.666,1,JGB13(40),39.242,39.242
2020-12-23,2Y,-0.1284,7,JGB WI(2)-01|JGB134(5)|JGB326(10)|JGB327(10)|JGB419(2)|JGB59(20)|JGB60(20),1.938,2.023
2020-12-23,5Y,-0.1233,3,JGB341(10)|JGB83(20)|JGB84(20),4.991,4.991
2020-12-23,10Y,0.017,2,JGB123(20)|JGB124(20),9.99,9.99
2020-12-23,20Y,0.394,1,JGB34(30),20.238,20.238
2020-12-23,30Y,0.63,1,JGB4(40),30.237,30.237
2020-12-23,40Y,0.657,1,JGB13(40),39.239,39.239
2020-12-24,2Y,-0.1289,7,JGB WI(2)-01|JGB134(5)|JGB326(10)|JGB327(10)|JGB419(2)|JGB59(20)|JGB60(20),1.936,2.021
2020-12-24,5Y,-0.1277,3,JGB341(10)|JGB83(20)|JGB84(20),4.988,4.988
2020-12-24,10Y,0.016,2,JGB123(20)|JGB124(20),9.988,9.988
2020-12-24,20Y,0.389,1,JGB34(30),20.235,20.235
2020-12-24,30Y,0.613,1,JGB4(40),30.234,30.234
2020-12-24,40Y,0.639,1,JGB13(40),39.236,39.236
2020-12-25,2Y,-0.1291,7,JGB134(5)|JGB326(10)|JGB327(10)|JGB419(2)|JGB420(2)|JGB59(20)|JGB60(20),1.933,2.018
2020-12-25,5Y,-0.1177,3,JGB341(10)|JGB83(20)|JGB84(20),4.986,4.986
2020-12-25,10Y,0.027,2,JGB123(20)|JGB124(20),9.985,9.985
2020-12-25,20Y,0.395,1,JGB34(30),20.233,20.233
2020-12-25,30Y,0.625,1,JGB4(40),30.231,30.231
2020-12-25,40Y,0.648,1,JGB13(40),39.233,39.233
2020-12-28,2Y,-0.1296,7,JGB134(5)|JGB326(10)|JGB327(10)|JGB419(2)|JGB420(2)|JGB59(20)|JGB60(20),1.925,2.01
2020-12-28,5Y,-0.1123,3,JGB341(10)|JGB83(20)|JGB84(20),4.977,4.977
2020-12-28,10Y,0.0275,2,JGB123(20)|JGB124(20),9.977,9.977
2020-12-28,20Y,0.405,1,JGB34(30),20.225,20.225
2020-12-28,30Y,0.64,1,JGB4(40),30.223,30.223
2020-12-28,40Y,0.657,1,JGB13(40),39.225,39.225
2020-12-29,2Y,-0.1293,7,JGB134(5)|JGB326(10)|JGB327(10)|JGB419(2)|JGB420(2)|JGB59(20)|JGB60(20),1.922,2.007
2020-12-29,5Y,-0.1167,3,JGB341(10)|JGB83(20)|JGB84(20),4.975,4.975
2020-12-29,10Y,0.028,3,JGB WI(10)-01|JGB123(20)|JGB124(20),9.974,9.974
2020-12-29,20Y,0.405,1,JGB34(30),20.222,20.222
2020-12-29,30Y,0.645,1,JGB WI(30)-01,29.974,29.974
2020-12-29,40Y,0.661,1,JGB13(40),39.222,39.222
2020-12-30,2Y,-0.1237,7,JGB134(5)|JGB326(10)|JGB327(10)|JGB419(2)|JGB420(2)|JGB59(20)|JGB60(20),1.919,2.004
2020-12-30,5Y,-0.1173,3,JGB341(10)|JGB83(20)|JGB84(20),4.972,4.972
2020-12-30,10Y,0.028,3,JGB WI(10)-01|JGB123(20)|JGB124(20),9.971,9.971
2020-12-30,20Y,0.411,1,JGB34(30),20.219,20.219
2020-12-30,30Y,0.65,1,JGB WI(30)-01,29.971,29.971
2020-12-30,40Y,0.67,1,JGB13(40),39.22,39.22
2021-01-04,2Y,-0.1245,6,JGB134(5)|JGB326(10)|JGB327(10)|JGB420(2)|JGB59(20)|JGB60(20),1.958,1.99
2021-01-04,5Y,-0.1117,3,JGB341(10)|JGB83(20)|JGB84(20),4.958,4.958
2021-01-04,10Y,0.028,3,JGB WI(10)-01|JGB123(20)|JGB124(20),9.958,9.958
2021-01-04,20Y,0.409,1,JGB34(30),20.205,20.205
2021-01-04,30Y,0.648,1,JGB WI(30)-01,29.958,29.958
2021-01-04,40Y,0.669,1,JGB13(40),39.206,39.206
2021-01-05,2Y,-0.1248,6,JGB134(5)|JGB326(10)|JGB327(10)|JGB420(2)|JGB59(20)|JGB60(20),1.955,1.988
2021-01-05,5Y,-0.1123,3,JGB341(10)|JGB83(20)|JGB84(20),4.956,4.956
2021-01-05,10Y,0.0283,3,JGB WI(10)-01|JGB123(20)|JGB124(20),9.955,9.955
2021-01-05,20Y,0.416,1,JGB34(30),20.203,20.203
2021-01-05,30Y,0.655,1,JGB WI(30)-01,29.955,29.955
2021-01-05,40Y,0.674,1,JGB13(40),39.203,39.203
2021-01-06,2Y,-0.1252,6,JGB134(5)|JGB326(10)|JGB327(10)|JGB420(2)|JGB59(20)|JGB60(20),1.952,1.985
2021-01-06,5Y,-0.1223,3,JGB341(10)|JGB83(20)|JGB84(20),4.953,4.953
2021-01-06,10Y,0.0177,3,JGB WI(10)-01|JGB123(20)|JGB124(20),9.952,9.952
2021-01-06,20Y,0.405,1,JGB34(30),20.2,20.2
2021-01-06,30Y,0.64,1,JGB WI(30)-01,29.952,29.952
2021-01-06,40Y,0.666,1,JGB13(40),39.201,39.201
2021-01-07,2Y,-0.1207,6,JGB134(5)|JGB326(10)|JGB327(10)|JGB420(2)|JGB59(20)|JGB60(20),1.949,1.982
2021-01-07,5Y,-0.109,4,JGB WI(5)-01|JGB341(10)|JGB83(20)|JGB84(20),4.95,4.95
2021-01-07,10Y,0.0227,3,JGB123(20)|JGB124(20)|JGB361(10),9.949,9.949
2021-01-07,20Y,0.411,1,JGB34(30),20.197,20.197
2021-01-07,30Y,0.65,1,JGB WI(30)-01,29.949,29.949
2021-01-07,40Y,0.674,1,JGB13(40),39.198,39.198
2021-01-08,2Y,-0.1145,6,JGB134(5)|JGB326(10)|JGB327(10)|JGB420(2)|JGB59(20)|JGB60(20),1.947,1.979
2021-01-08,5Y,-0.104,4,JGB WI(5)-01|JGB341(10)|JGB83(20)|JGB84(20),4.947,4.947
2021-01-08,10Y,0.0333,3,JGB123(20)|JGB124(20)|JGB361(10),9.947,9.947
2021-01-08,20Y,0.421,1,JGB34(30),20.194,20.194
2021-01-08,30Y,0.655,1,JGB WI(30)-01,29.947,29.947
2021-01-08,40Y,0.674,1,JGB13(40),39.195,39.195
2021-01-12,2Y,-0.1173,6,JGB134(5)|JGB326(10)|JGB327(10)|JGB420(2)|JGB59(20)|JGB60(20),1.936,1.969
2021-01-12,5Y,-0.105,4,JGB WI(5)-01|JGB341(10)|JGB83(20)|JGB84(20),4.936,4.936
2021-01-12,10Y,0.0333,3,JGB123(20)|JGB124(20)|JGB361(10),9.936,9.936
2021-01-12,20Y,0.433,1,JGB34(30),20.183,20.183
2021-01-12,30Y,0.649,1,JGB69(30),29.936,29.936
2021-01-12,40Y,0.666,1,JGB13(40),39.184,39.184
2021-01-13,2Y,-0.1232,6,JGB134(5)|JGB326(10)|JGB327(10)|JGB420(2)|JGB59(20)|JGB60(20),1.933,1.966
2021-01-13,5Y,-0.112,4,JGB WI(5)-01|JGB341(10)|JGB83(20)|JGB84(20),4.934,4.934
2021-01-13,10Y,0.028,3,JGB123(20)|JGB124(20)|JGB361(10),9.933,9.933
2021-01-13,20Y,0.425,1,JGB WI(20)-01,19.934,19.934
2021-01-13,30Y,0.649,1,JGB69(30),29.933,29.933
2021-01-13,40Y,0.666,1,JGB13(40),39.181,39.181
2021-01-14,2Y,-0.1228,6,JGB134(5)|JGB326(10)|JGB327(10)|JGB420(2)|JGB59(20)|JGB60(20),1.93,1.963
2021-01-14,5Y,-0.1118,4,JGB146(5)|JGB341(10)|JGB83(20)|JGB84(20),4.931,4.931
2021-01-14,10Y,0.0223,3,JGB123(20)|JGB124(20)|JGB361(10),9.93,9.93
2021-01-14,20Y,0.415,1,JGB WI(20)-01,19.932,19.932
2021-01-14,30Y,0.635,1,JGB69(30),29.93,29.93
2021-01-14,40Y,0.649,1,JGB13(40),39.179,39.179
2021-01-15,2Y,-0.1198,6,JGB134(5)|JGB326(10)|JGB327(10)|JGB420(2)|JGB59(20)|JGB60(20),1.927,1.96
2021-01-15,5Y,-0.1062,4,JGB146(5)|JGB341(10)|JGB83(20)|JGB84(20),4.928,4.928
2021-01-15,10Y,0.028,3,JGB123(20)|JGB124(20)|JGB361(10),9.927,9.927
2021-01-15,20Y,0.42,1,JGB WI(20)-01,19.929,19.929
2021-01-15,30Y,0.643,1,JGB69(30),29.927,29.927
2021-01-15,40Y,0.661,1,JGB13(40),39.176,39.176
2021-01-18,2Y,-0.124,6,JGB134(5)|JGB326(10)|JGB327(10)|JGB420(2)|JGB59(20)|JGB60(20),1.919,1.952
2021-01-18,5Y,-0.107,4,JGB146(5)|JGB341(10)|JGB83(20)|JGB84(20),4.92,4.92
2021-01-18,10Y,0.028,3,JGB123(20)|JGB124(20)|JGB361(10),9.919,9.919
2021-01-18,20Y,0.425,1,JGB WI(20)-01,19.921,19.921
2021-01-18,30Y,0.649,1,JGB69(30),29.919,29.919
2021-01-18,40Y,0.67,1,JGB13(40),39.168,39.168
2021-01-19,2Y,-0.129,1,JGB420(2),1.949,1.949
2021-01-19,5Y,-0.102,4,JGB146(5)|JGB341(10)|JGB83(20)|JGB84(20),4.917,4.917
2021-01-19,10Y,0.044,3,JGB123(20)|JGB124(20)|JGB361(10),9.916,9.916
2021-01-19,20Y,0.45,1,JGB WI(20)-01,19.918,19.918
2021-01-19,30Y,0.658,1,JGB69(30),29.916,29.916
2021-01-19,40Y,0.679,1,JGB13(40),39.165,39.165
2021-01-20,2Y,-0.125,1,JGB420(2),1.947,1.947
2021-01-20,5Y,-0.1125,4,JGB146(5)|JGB341(10)|JGB83(20)|JGB84(20),4.914,4.914
2021-01-20,10Y,0.0387,3,JGB123(20)|JGB124(20)|JGB361(10),9.914,9.914
2021-01-20,20Y,0.447,1,JGB175(20),19.915,19.915
2021-01-20,30Y,0.658,1,JGB69(30),29.914,29.914
2021-01-20,40Y,0.675,2,JGB WI(40)-01|JGB13(40),39.162,39.162
2021-01-21,2Y,-0.13,1,JGB420(2),1.944,1.944
2021-01-21,5Y,-0.1175,4,JGB146(5)|JGB341(10)|JGB83(20)|JGB84(20),4.912,4.912
2021-01-21,10Y,0.033,3,JGB123(20)|JGB124(20)|JGB361(10),9.911,9.911
2021-01-21,20Y,0.447,1,JGB175(20),19.912,19.912
2021-01-21,30Y,0.663,1,JGB69(30),29.911,29.911
2021-01-21,40Y,0.6825,2,JGB WI(40)-01|JGB13(40),39.159,39.159
2021-01-22,2Y,-0.1355,2,JGB WI(2)-02|JGB420(2),1.941,2.026
2021-01-22,5Y,-0.1235,4,JGB146(5)|JGB341(10)|JGB83(20)|JGB84(20),4.909,4.909
2021-01-22,10Y,0.028,3,JGB123(20)|JGB124(20)|JGB361(10),9.908,9.908
2021-01-22,20Y,0.432,1,JGB175(20),19.91,19.91
2021-01-22,30Y,0.649,1,JGB69(30),29.908,29.908
2021-01-22,40Y,0.6655,2,JGB WI(40)-01|JGB13(40),39.157,39.157
2021-01-25,2Y,-0.1355,2,JGB WI(2)-02|JGB420(2),1.933,2.018
2021-01-25,5Y,-0.1182,4,JGB146(5)|JGB341(10)|JGB83(20)|JGB84(20),4.901,4.901
2021-01-25,10Y,0.037,3,JGB123(20)|JGB124(20)|JGB361(10),9.9,9.9
2021-01-25,20Y,0.447,1,JGB175(20),19.901,19.901
2021-01-25,30Y,0.653,1,JGB69(30),29.9,29.9
2021-01-25,40Y,0.6745,2,JGB WI(40)-01|JGB13(40),39.149,39.149
2021-01-26,2Y,-0.136,2,JGB WI(2)-02|JGB420(2),1.93,2.015
2021-01-26,5Y,-0.1227,4,JGB146(5)|JGB341(10)|JGB83(20)|JGB84(20),4.898,4.898
2021-01-26,10Y,0.037,3,JGB123(20)|JGB124(20)|JGB361(10),9.897,9.897
2021-01-26,20Y,0.447,1,JGB175(20),19.899,19.899
2021-01-26,30Y,0.658,1,JGB69(30),29.897,29.897
2021-01-26,40Y,0.6795,2,JGB WI(40)-01|JGB13(40),39.146,39.146
2021-01-27,2Y,-0.136,2,JGB WI(2)-02|JGB420(2),1.927,2.012
2021-01-27,5Y,-0.1227,4,JGB146(5)|JGB341(10)|JGB83(20)|JGB84(20),4.895,4.895
2021-01-27,10Y,0.0312,4,JGB WI(10)-02|JGB123(20)|JGB124(20)|JGB361(10),9.895,9.895
2021-01-27,20Y,0.432,1,JGB175(20),19.896,19.896
2021-01-27,30Y,0.649,1,JGB69(30),29.895,29.895
2021-01-27,40Y,0.677,1,JGB13(40),39.143,39.143
2021-01-28,2Y,-0.131,2,JGB WI(2)-02|JGB420(2),1.925,2.01
2021-01-28,5Y,-0.1175,4,JGB146(5)|JGB341(10)|JGB83(20)|JGB84(20),4.893,4.893
2021-01-28,10Y,0.0365,4,JGB WI(10)-02|JGB123(20)|JGB124(20)|JGB361(10),9.892,9.892
2021-01-28,20Y,0.442,1,JGB175(20),19.893,19.893
2021-01-28,30Y,0.649,1,JGB69(30),29.892,29.892
2021-01-28,40Y,0.678,1,JGB13(40),39.14,39.14
2021-01-29,2Y,-0.131,2,JGB420(2)|JGB421(2),1.922,2.007
2021-01-29,5Y,-0.117,4,JGB146(5)|JGB341(10)|JGB83(20)|JGB84(20),4.89,4.89
2021-01-29,10Y,0.0365,4,JGB WI(10)-02|JGB123(20)|JGB124(20)|JGB361(10),9.889,9.889
2021-01-29,20Y,0.442,1,JGB175(20),19.89,19.89
2021-01-29,30Y,0.6485,2,JGB WI(30)-02|JGB69(30),29.889,29.889
2021-01-29,40Y,0.67,1,JGB13(40),39.138,39.138
2021-02-01,2Y,-0.129,1,JGB421(2),1.999,1.999
2021-02-01,5Y,-0.1177,4,JGB146(5)|JGB341(10)|JGB83(20)|JGB84(20),4.882,4.882
2021-02-01,10Y,0.052,4,JGB WI(10)-02|JGB123(20)|JGB124(20)|JGB361(10),9.881,9.881
2021-02-01,20Y,0.456,1,JGB175(20),19.882,19.882
2021-02-01,30Y,0.659,2,JGB WI(30)-02|JGB69(30),29.881,29.881
2021-02-01,40Y,0.683,1,JGB13(40),39.129,39.129
2021-02-02,2Y,-0.124,1,JGB421(2),1.996,1.996
2021-02-02,5Y,-0.1125,4,JGB146(5)|JGB341(10)|JGB83(20)|JGB84(20),4.879,4.879
2021-02-02,10Y,0.0577,4,JGB WI(10)-02|JGB123(20)|JGB124(20)|JGB361(10),9.878,9.878
2021-02-02,20Y,0.466,1,JGB175(20),19.88,19.88
2021-02-02,30Y,0.6685,2,JGB WI(30)-02|JGB69(30),29.878,29.878
2021-02-02,40Y,0.688,1,JGB13(40),39.127,39.127
2021-02-03,2Y,-0.124,1,JGB421(2),1.993,1.993
2021-02-03,5Y,-0.1037,4,JGB342(10)|JGB85(20)|JGB86(20)|JGB87(20),5.123,5.123
2021-02-03,10Y,0.0653,3,JGB125(20)|JGB126(20)|JGB127(20),10.122,10.122
2021-02-03,20Y,0.4755,2,JGB175(20)|JGB34(30),19.877,20.123
2021-02-03,30Y,0.674,1,JGB4(40),30.122,30.122
2021-02-03,40Y,0.688,1,JGB13(40),39.124,39.124
2021-02-04,2Y,-0.125,1,JGB421(2),1.99,1.99
2021-02-04,5Y,-0.1035,4,JGB342(10)|JGB85(20)|JGB86(20)|JGB87(20),5.12,5.12
2021-02-04,10Y,0.0673,3,JGB125(20)|JGB126(20)|JGB127(20),10.119,10.119
2021-02-04,20Y,0.471,1,JGB34(30),20.12,20.12
2021-02-04,30Y,0.668,1,JGB4(40),30.119,30.119
2021-02-04,40Y,0.683,1,JGB13(40),39.121,39.121
2021-02-05,2Y,-0.13,1,JGB421(2),1.988,1.988
2021-02-05,5Y,-0.1037,4,JGB342(10)|JGB85(20)|JGB86(20)|JGB87(20),5.117,5.117
2021-02-05,10Y,0.0653,3,JGB125(20)|JGB126(20)|JGB127(20),10.116,10.116
2021-02-05,20Y,0.46,1,JGB34(30),20.118,20.118
2021-02-05,30Y,0.662,1,JGB4(40),30.116,30.116
2021-02-05,40Y,0.678,1,JGB13(40),39.118,39.118
2021-02-08,2Y,-0.13,1,JGB421(2),1.979,1.979
2021-02-08,5Y,-0.1037,4,JGB342(10)|JGB85(20)|JGB86(20)|JGB87(20),5.109,5.109
2021-02-08,10Y,0.065,3,JGB125(20)|JGB126(20)|JGB127(20),10.108,10.108
2021-02-08,20Y,0.455,1,JGB34(30),20.11,20.11
2021-02-08,30Y,0.657,1,JGB4(40),30.108,30.108
2021-02-08,40Y,0.674,1,JGB13(40),39.11,39.11
2021-02-09,2Y,-0.126,1,JGB421(2),1.977,1.977
2021-02-09,5Y,-0.0935,4,JGB342(10)|JGB85(20)|JGB86(20)|JGB87(20),5.106,5.106
2021-02-09,10Y,0.0757,3,JGB125(20)|JGB126(20)|JGB127(20),10.105,10.105
2021-02-09,20Y,0.468,1,JGB34(30),20.107,20.107
2021-02-09,30Y,0.674,1,JGB4(40),30.105,30.105
2021-02-09,40Y,0.686,1,JGB13(40),39.107,39.107
2021-02-10,2Y,-0.127,1,JGB421(2),1.974,1.974
2021-02-10,5Y,-0.0935,4,JGB342(10)|JGB85(20)|JGB86(20)|JGB87(20),5.103,5.103
2021-02-10,10Y,0.076,3,JGB125(20)|JGB126(20)|JGB127(20),10.103,10.103
2021-02-10,20Y,0.471,1,JGB34(30),20.104,20.104
2021-02-10,30Y,0.679,1,JGB4(40),30.103,30.103
2021-02-10,40Y,0.692,1,JGB13(40),39.105,39.105
2021-02-12,2Y,-0.122,1,JGB421(2),1.969,1.969
2021-02-12,5Y,-0.0882,4,JGB342(10)|JGB85(20)|JGB86(20)|JGB87(20),5.098,5.098
2021-02-12,10Y,0.087,3,JGB125(20)|JGB126(20)|JGB127(20),10.097,10.097
2021-02-12,20Y,0.477,1,JGB34(30),20.099,20.099
2021-02-12,30Y,0.674,1,JGB4(40),30.097,30.097
2021-02-12,40Y,0.687,1,JGB13(40),39.099,39.099
2021-02-15,2Y,-0.133,1,JGB421(2),1.96,1.96
2021-02-15,5Y,-0.1035,4,JGB342(10)|JGB85(20)|JGB86(20)|JGB87(20),5.09,5.09
2021-02-15,10Y,0.0703,3,JGB125(20)|JGB126(20)|JGB127(20),10.089,10.089
2021-02-15,20Y,0.471,1,JGB34(30),20.09,20.09
2021-02-15,30Y,0.673,1,JGB4(40),30.089,30.089
2021-02-15,40Y,0.687,1,JGB13(40),39.091,39.091
2021-02-16,2Y,-0.129,1,JGB421(2),1.958,1.958
2021-02-16,5Y,-0.0932,4,JGB342(10)|JGB85(20)|JGB86(20)|JGB87(20),5.087,5.087
2021-02-16,10Y,0.0867,3,JGB125(20)|JGB126(20)|JGB127(20),10.086,10.086
2021-02-16,20Y,0.487,1,JGB34(30),20.088,20.088
2021-02-16,30Y,0.684,1,JGB4(40),30.086,30.086
2021-02-16,40Y,0.692,1,JGB13(40),39.088,39.088
2021-02-17,2Y,-0.129,1,JGB421(2),1.955,1.955
2021-02-17,5Y,-0.0932,4,JGB342(10)|JGB85(20)|JGB86(20)|JGB87(20),5.084,5.084
2021-02-17,10Y,0.0863,3,JGB125(20)|JGB126(20)|JGB127(20),10.084,10.084
2021-02-17,20Y,0.482,1,JGB34(30),20.085,20.085
2021-02-17,30Y,0.679,1,JGB4(40),30.084,30.084
2021-02-17,40Y,0.692,1,JGB13(40),39.086,39.086
2021-02-18,2Y,-0.1143,4,JGB135(5)|JGB328(10)|JGB421(2)|JGB61(20),1.952,2.081
2021-02-18,5Y,-0.0725,4,JGB342(10)|JGB85(20)|JGB86(20)|JGB87(20),5.081,5.081
2021-02-18,10Y,0.108,3,JGB125(20)|JGB126(20)|JGB127(20),10.081,10.081
2021-02-18,20Y,0.504,1,JGB34(30),20.082,20.082
2021-02-18,30Y,0.69,1,JGB4(40),30.081,30.081
2021-02-18,40Y,0.7,1,JGB13(40),39.083,39.083
2021-02-19,2Y,-0.1187,4,JGB135(5)|JGB328(10)|JGB421(2)|JGB61(20),1.949,2.078
2021-02-19,5Y,-0.0772,4,JGB342(10)|JGB85(20)|JGB86(20)|JGB87(20),5.079,5.079
2021-02-19,10Y,0.1027,3,JGB125(20)|JGB126(20)|JGB127(20),10.078,10.078
2021-02-19,20Y,0.493,1,JGB34(30),20.079,20.079
2021-02-19,30Y,0.679,1,JGB4(40),30.078,30.078
2021-02-19,40Y,0.692,1,JGB13(40),39.08,39.08
2021-02-22,2Y,-0.115,5,JGB WI(2)-03|JGB135(5)|JGB328(10)|JGB421(2)|JGB61(20),1.941,2.07
2021-02-22,5Y,-0.0673,4,JGB342(10)|JGB85(20)|JGB86(20)|JGB87(20),5.07,5.07
2021-02-22,10Y,0.1133,3,JGB125(20)|JGB126(20)|JGB127(20),10.07,10.07
2021-02-22,20Y,0.504,1,JGB34(30),20.071,20.071
2021-02-22,30Y,0.684,1,JGB4(40),30.07,30.07
2021-02-22,40Y,0.696,1,JGB13(40),39.072,39.072
2021-02-24,2Y,-0.1086,5,JGB WI(2)-03|JGB135(5)|JGB328(10)|JGB421(2)|JGB61(20),1.936,2.064
2021-02-24,5Y,-0.0602,4,JGB342(10)|JGB85(20)|JGB86(20)|JGB87(20),5.065,5.065
2021-02-24,10Y,0.13,3,JGB125(20)|JGB126(20)|JGB127(20),10.064,10.064
2021-02-24,20Y,0.525,1,JGB34(30),20.066,20.066
2021-02-24,30Y,0.7,1,JGB4(40),30.064,30.064
2021-02-24,40Y,0.713,1,JGB13(40),39.066,39.066
2021-02-25,2Y,-0.109,5,JGB WI(2)-03|JGB135(5)|JGB328(10)|JGB421(2)|JGB61(20),1.933,2.062
2021-02-25,5Y,-0.061,4,JGB342(10)|JGB85(20)|JGB86(20)|JGB87(20),5.062,5.062
2021-02-25,10Y,0.13,3,JGB125(20)|JGB126(20)|JGB127(20),10.062,10.062
2021-02-25,20Y,0.536,1,JGB34(30),20.063,20.063
2021-02-25,30Y,0.717,1,JGB4(40),30.062,30.062
2021-02-25,40Y,0.726,1,JGB13(40),39.064,39.064
2021-02-26,2Y,-0.0988,5,JGB WI(2)-03|JGB135(5)|JGB328(10)|JGB421(2)|JGB61(20),1.93,2.059
2021-02-26,5Y,-0.0452,4,JGB342(10)|JGB85(20)|JGB86(20)|JGB87(20),5.06,5.06
2021-02-26,10Y,0.1513,3,JGB125(20)|JGB126(20)|JGB127(20),10.059,10.059
2021-02-26,20Y,0.558,1,JGB34(30),20.06,20.06
2021-02-26,30Y,0.75,1,JGB4(40),30.059,30.059
2021-02-26,40Y,0.76,1,JGB13(40),39.061,39.061
2021-03-01,2Y,-0.111,5,JGB135(5)|JGB328(10)|JGB421(2)|JGB422(2)|JGB61(20),1.922,2.051
2021-03-01,5Y,-0.0447,4,JGB342(10)|JGB85(20)|JGB86(20)|JGB87(20),5.051,5.051
2021-03-01,10Y,0.173,3,JGB125(20)|JGB126(20)|JGB127(20),10.051,10.051
2021-03-01,20Y,0.563,1,JGB34(30),20.052,20.052
2021-03-01,30Y,0.754,1,JGB4(40),30.051,30.051
2021-03-01,40Y,0.772,1,JGB13(40),39.053,39.053
2021-03-02,2Y,-0.117,5,JGB135(5)|JGB328(10)|JGB421(2)|JGB422(2)|JGB61(20),1.919,2.048
2021-03-02,5Y,-0.0558,4,JGB342(10)|JGB85(20)|JGB86(20)|JGB87(20),5.049,5.049
2021-03-02,10Y,0.162,3,JGB125(20)|JGB126(20)|JGB127(20),10.048,10.048
2021-03-02,20Y,0.536,1,JGB34(30),20.049,20.049
2021-03-02,30Y,0.727,1,JGB4(40),30.048,30.048
2021-03-02,40Y,0.748,1,JGB13(40),39.05,39.05
2021-03-03,2Y,-0.1197,4,JGB135(5)|JGB328(10)|JGB422(2)|JGB61(20),1.993,2.045
2021-03-03,5Y,-0.071,4,JGB342(10)|JGB85(20)|JGB86(20)|JGB87(20),5.046,5.046
2021-03-03,10Y,0.1353,3,JGB125(20)|JGB126(20)|JGB127(20),10.045,10.045
2021-03-03,20Y,0.511,1,JGB34(30),20.047,20.047
2021-03-03,30Y,0.709,1,JGB4(40),30.045,30.045
2021-03-03,40Y,0.726,1,JGB13(40),39.047,39.047
2021-03-04,2Y,-0.1133,4,JGB135(5)|JGB328(10)|JGB422(2)|JGB61(20),1.99,2.042
2021-03-04,5Y,-0.0715,4,JGB342(10)|JGB85(20)|JGB86(20)|JGB87(20),5.043,5.043
2021-03-04,10Y,0.1203,3,JGB125(20)|JGB126(20)|JGB127(20),10.042,10.042
2021-03-04,20Y,0.493,1,JGB34(30),20.044,20.044
2021-03-04,30Y,0.679,1,JGB4(40),30.042,30.042
2021-03-04,40Y,0.696,1,JGB13(40),39.044,39.044
2021-03-05,2Y,-0.115,4,JGB135(5)|JGB328(10)|JGB422(2)|JGB61(20),1.988,2.04
2021-03-05,5Y,-0.0605,4,JGB342(10)|JGB85(20)|JGB86(20)|JGB87(20),5.04,5.04
2021-03-05,10Y,0.1407,3,JGB125(20)|JGB126(20)|JGB127(20),10.04,10.04
2021-03-05,20Y,0.525,1,JGB34(30),20.041,20.041
2021-03-05,30Y,0.711,1,JGB4(40),30.04,30.04
2021-03-05,40Y,0.722,1,JGB13(40),39.042,39.042
2021-03-08,2Y,-0.128,4,JGB135(5)|JGB328(10)|JGB422(2)|JGB61(20),1.979,2.031
2021-03-08,5Y,-0.0915,4,JGB342(10)|JGB85(20)|JGB86(20)|JGB87(20),5.032,5.032
2021-03-08,10Y,0.092,3,JGB125(20)|JGB126(20)|JGB127(20),10.031,10.031
2021-03-08,20Y,0.481,1,JGB34(30),20.033,20.033
2021-03-08,30Y,0.671,1,JGB4(40),30.031,30.031
2021-03-08,40Y,0.687,1,JGB13(40),39.034,39.034
2021-03-09,2Y,-0.1148,4,JGB135(5)|JGB328(10)|JGB422(2)|JGB61(20),1.977,2.029
2021-03-09,5Y,-0.066,4,JGB342(10)|JGB85(20)|JGB86(20)|JGB87(20),5.029,5.029
2021-03-09,10Y,0.119,3,JGB125(20)|JGB126(20)|JGB127(20),10.029,10.029
2021-03-09,20Y,0.498,1,JGB34(30),20.03,20.03
2021-03-09,30Y,0.684,1,JGB4(40),30.029,30.029
2021-03-09,40Y,0.696,1,JGB13(40),39.031,39.031
2021-03-10,2Y,-0.1092,4,JGB135(5)|JGB328(10)|JGB422(2)|JGB61(20),1.974,2.026
2021-03-10,5Y,-0.0605,4,JGB342(10)|JGB85(20)|JGB86(20)|JGB87(20),5.027,5.027
2021-03-10,10Y,0.1403,3,JGB125(20)|JGB126(20)|JGB127(20),10.026,10.026
2021-03-10,20Y,0.52,1,JGB34(30),20.027,20.027
2021-03-10,30Y,0.706,1,JGB4(40),30.026,30.026
2021-03-10,40Y,0.713,1,JGB13(40),39.028,39.028
2021-03-11,2Y,-0.1113,4,JGB135(5)|JGB328(10)|JGB422(2)|JGB61(20),1.971,2.023
2021-03-11,5Y,-0.0658,4,JGB342(10)|JGB85(20)|JGB86(20)|JGB87(20),5.024,5.024
2021-03-11,10Y,0.1353,3,JGB125(20)|JGB126(20)|JGB127(20),10.023,10.023
2021-03-11,20Y,0.515,1,JGB34(30),20.025,20.025
2021-03-11,30Y,0.695,1,JGB4(40),30.023,30.023
2021-03-11,40Y,0.705,1,JGB13(40),39.025,39.025
2021-03-12,2Y,-0.1168,4,JGB135(5)|JGB328(10)|JGB422(2)|JGB61(20),1.969,2.021
2021-03-12,5Y,-0.0813,4,JGB342(10)|JGB85(20)|JGB86(20)|JGB87(20),5.021,5.021
2021-03-12,10Y,0.1137,3,JGB125(20)|JGB126(20)|JGB127(20),10.021,10.021
2021-03-12,20Y,0.486,1,JGB34(30),20.022,20.022
2021-03-12,30Y,0.651,1,JGB4(40),30.021,30.021
2021-03-12,40Y,0.67,1,JGB13(40),39.023,39.023
2021-03-15,2Y,-0.1215,4,JGB135(5)|JGB328(10)|JGB422(2)|JGB61(20),1.96,2.012
2021-03-15,5Y,-0.0765,4,JGB342(10)|JGB85(20)|JGB86(20)|JGB87(20),5.013,5.013
2021-03-15,10Y,0.1243,3,JGB125(20)|JGB126(20)|JGB127(20),10.012,10.012
2021-03-15,20Y,0.498,1,JGB34(30),20.014,20.014
2021-03-15,30Y,0.668,1,JGB4(40),30.012,30.012
2021-03-15,40Y,0.679,1,JGB13(40),39.014,39.014
2021-03-16,2Y,-0.1325,4,JGB135(5)|JGB328(10)|JGB422(2)|JGB61(20),1.958,2.01
2021-03-16,5Y,-0.087,4,JGB342(10)|JGB85(20)|JGB86(20)|JGB87(20),5.01,5.01
2021-03-16,10Y,0.119,3,JGB125(20)|JGB126(20)|JGB127(20),10.01,10.01
2021-03-16,20Y,0.498,1,JGB34(30),20.011,20.011
2021-03-16,30Y,0.679,1,JGB4(40),30.01,30.01
2021-03-16,40Y,0.692,1,JGB13(40),39.012,39.012
2021-03-17,2Y,-0.1417,4,JGB135(5)|JGB328(10)|JGB422(2)|JGB61(20),1.955,2.007
2021-03-17,5Y,-0.0975,4,JGB342(10)|JGB85(20)|JGB86(20)|JGB87(20),5.008,5.008
2021-03-17,10Y,0.108,3,JGB125(20)|JGB126(20)|JGB127(20),10.007,10.007
2021-03-17,20Y,0.487,1,JGB34(30),20.008,20.008
2021-03-17,30Y,0.668,1,JGB4(40),30.007,30.007
2021-03-17,40Y,0.683,1,JGB13(40),39.009,39.009
2021-03-18,2Y,-0.1375,4,JGB135(5)|JGB328(10)|JGB422(2)|JGB61(20),1.952,2.004
2021-03-18,5Y,-0.0973,4,JGB342(10)|JGB85(20)|JGB86(20)|JGB87(20),5.005,5.005
2021-03-18,10Y,0.103,3,JGB125(20)|JGB126(20)|JGB127(20),10.004,10.004
2021-03-18,20Y,0.486,1,JGB34(30),20.005,20.005
2021-03-18,30Y,0.663,1,JGB4(40),30.004,30.004
2021-03-18,40Y,0.679,1,JGB13(40),39.006,39.006
2021-03-19,2Y,-0.1358,4,JGB135(5)|JGB328(10)|JGB422(2)|JGB61(20),1.949,2.001
2021-03-19,5Y,-0.092,4,JGB342(10)|JGB85(20)|JGB86(20)|JGB87(20),5.002,5.002
2021-03-19,10Y,0.1133,3,JGB125(20)|JGB126(20)|JGB127(20),10.001,10.001
2021-03-19,20Y,0.493,1,JGB34(30),20.003,20.003
2021-03-19,30Y,0.662,1,JGB4(40),30.001,30.001
2021-03-19,40Y,0.68,2,JGB WI(40)-03|JGB13(40),39.003,39.003
2021-03-22,2Y,-0.1305,4,JGB135(5)|JGB328(10)|JGB422(2)|JGB61(20),1.941,1.993
2021-03-22,5Y,-0.0815,4,JGB342(10)|JGB85(20)|JGB86(20)|JGB87(20),4.994,4.994
2021-03-22,10Y,0.124,3,JGB125(20)|JGB126(20)|JGB127(20),9.993,9.993
2021-03-22,20Y,0.514,1,JGB34(30),19.995,19.995
2021-03-22,30Y,0.673,1,JGB4(40),29.993,29.993
2021-03-22,40Y,0.6885,2,JGB WI(40)-03|JGB13(40),38.995,38.995
2021-03-23,2Y,-0.1355,4,JGB135(5)|JGB328(10)|JGB422(2)|JGB61(20),1.938,1.99
2021-03-23,5Y,-0.0968,4,JGB342(10)|JGB85(20)|JGB86(20)|JGB87(20),4.991,4.991
2021-03-23,10Y,0.0867,3,JGB125(20)|JGB126(20)|JGB127(20),9.99,9.99
2021-03-23,20Y,0.465,1,JGB34(30),19.992,19.992
2021-03-23,30Y,0.635,1,JGB4(40),29.99,29.99
2021-03-23,40Y,0.6575,2,JGB WI(40)-03|JGB13(40),38.992,38.992
2021-03-24,2Y,-0.1298,5,JGB WI(2)-04|JGB135(5)|JGB328(10)|JGB422(2)|JGB61(20),1.936,2.021
2021-03-24,5Y,-0.092,4,JGB342(10)|JGB85(20)|JGB86(20)|JGB87(20),4.988,4.988
2021-03-24,10Y,0.0863,3,JGB125(20)|JGB126(20)|JGB127(20),9.988,9.988
2021-03-24,20Y,0.451,1,JGB34(30),19.989,19.989
2021-03-24,30Y,0.63,1,JGB4(40),29.988,29.988
2021-03-24,40Y,0.654,2,JGB WI(40)-03|JGB13(40),38.99,38.99
2021-03-25,2Y,-0.1352,5,JGB WI(2)-04|JGB135(5)|JGB328(10)|JGB422(2)|JGB61(20),1.933,2.018
2021-03-25,5Y,-0.1027,4,JGB342(10)|JGB85(20)|JGB86(20)|JGB87(20),4.986,4.986
2021-03-25,10Y,0.076,3,JGB125(20)|JGB126(20)|JGB127(20),9.985,9.985
2021-03-25,20Y,0.445,1,JGB34(30),19.986,19.986
2021-03-25,30Y,0.63,1,JGB4(40),29.985,29.985
2021-03-25,40Y,0.6585,2,JGB WI(40)-03|JGB13(40),38.987,38.987
2021-03-26,2Y,-0.1262,5,JGB WI(2)-04|JGB135(5)|JGB328(10)|JGB422(2)|JGB61(20),1.93,2.015
2021-03-26,5Y,-0.0965,4,JGB342(10)|JGB85(20)|JGB86(20)|JGB87(20),4.983,4.983
2021-03-26,10Y,0.0925,4,JGB WI(10)-04|JGB125(20)|JGB126(20)|JGB127(20),9.982,9.982
2021-03-26,20Y,0.465,1,JGB34(30),19.984,19.984
2021-03-26,30Y,0.635,1,JGB4(40),29.982,29.982
2021-03-26,40Y,0.654,1,JGB13(40),38.984,38.984
2021-03-29,2Y,-0.1294,5,JGB WI(2)-04|JGB135(5)|JGB328(10)|JGB422(2)|JGB61(20),1.922,2.007
2021-03-29,5Y,-0.1017,4,JGB342(10)|JGB85(20)|JGB86(20)|JGB87(20),4.975,4.975
2021-03-29,10Y,0.0875,4,JGB WI(10)-04|JGB125(20)|JGB126(20)|JGB127(20),9.974,9.974
2021-03-29,20Y,0.465,1,JGB34(30),19.975,19.975
2021-03-29,30Y,0.657,1,JGB4(40),29.974,29.974
2021-03-29,40Y,0.67,1,JGB13(40),38.976,38.976
2021-03-30,2Y,-0.1308,5,JGB WI(2)-04|JGB135(5)|JGB328(10)|JGB422(2)|JGB61(20),1.919,2.004
2021-03-30,5Y,-0.103,4,JGB342(10)|JGB85(20)|JGB86(20)|JGB87(20),4.972,4.972
2021-03-30,10Y,0.077,4,JGB WI(10)-04|JGB125(20)|JGB126(20)|JGB127(20),9.971,9.971
2021-03-30,20Y,0.454,1,JGB34(30),19.973,19.973
2021-03-30,30Y,0.641,1,JGB4(40),29.971,29.971
2021-03-30,40Y,0.653,1,JGB13(40),38.973,38.973
2021-03-31,2Y,-0.128,4,JGB135(5)|JGB328(10)|JGB423(2)|JGB61(20),1.969,2.001
2021-03-31,5Y,-0.097,4,JGB342(10)|JGB85(20)|JGB86(20)|JGB87(20),4.969,4.969
2021-03-31,10Y,0.0975,4,JGB WI(10)-04|JGB125(20)|JGB126(20)|JGB127(20),9.969,9.969
2021-03-31,20Y,0.465,1,JGB34(30),19.97,19.97
2021-03-31,30Y,0.6505,2,JGB WI(30)-04|JGB4(40),29.969,29.969
2021-03-31,40Y,0.666,1,JGB13(40),38.971,38.971
2021-04-01,2Y,-0.1303,4,JGB135(5)|JGB328(10)|JGB423(2)|JGB61(20),1.966,1.999
2021-04-01,5Y,-0.092,4,JGB342(10)|JGB85(20)|JGB86(20)|JGB87(20),4.966,4.966
2021-04-01,10Y,0.1035,4,JGB WI(10)-04|JGB125(20)|JGB126(20)|JGB127(20),9.966,9.966
2021-04-01,20Y,0.487,1,JGB34(30),19.967,19.967
2021-04-01,30Y,0.6745,2,JGB WI(30)-04|JGB4(40),29.966,29.966
2021-04-01,40Y,0.688,1,JGB13(40),38.968,38.968
2021-04-02,2Y,-0.1232,4,JGB135(5)|JGB328(10)|JGB423(2)|JGB61(20),1.963,1.996
2021-04-02,5Y,-0.0754,5,JGB WI(5)-04|JGB342(10)|JGB85(20)|JGB86(20)|JGB87(20),4.964,4.964
2021-04-02,10Y,0.1195,4,JGB125(20)|JGB126(20)|JGB127(20)|JGB362(10),9.963,9.963
2021-04-02,20Y,0.505,1,JGB34(30),19.964,19.964
2021-04-02,30Y,0.7,2,JGB WI(30)-04|JGB4(40),29.963,29.963
2021-04-02,40Y,0.713,1,JGB13(40),38.965,38.965
2021-04-05,2Y,-0.124,4,JGB135(5)|JGB328(10)|JGB423(2)|JGB61(20),1.955,1.988
2021-04-05,5Y,-0.0748,5,JGB WI(5)-04|JGB342(10)|JGB85(20)|JGB86(20)|JGB87(20),4.956,4.956
2021-04-05,10Y,0.1143,4,JGB125(20)|JGB126(20)|JGB127(20)|JGB362(10),9.955,9.955
2021-04-05,20Y,0.498,1,JGB34(30),19.956,19.956
2021-04-05,30Y,0.7,2,JGB WI(30)-04|JGB4(40),29.955,29.955
2021-04-05,40Y,0.713,1,JGB13(40),38.957,38.957
2021-04-06,2Y,-0.12,4,JGB135(5)|JGB328(10)|JGB423(2)|JGB61(20),1.952,1.985
2021-04-06,5Y,-0.079,5,JGB WI(5)-04|JGB342(10)|JGB85(20)|JGB86(20)|JGB87(20),4.953,4.953
2021-04-06,10Y,0.1138,4,JGB125(20)|JGB126(20)|JGB127(20)|JGB362(10),9.952,9.952
2021-04-06,20Y,0.498,1,JGB34(30),19.953,19.953
2021-04-06,30Y,0.7,2,JGB WI(30)-04|JGB4(40),29.952,29.952
2021-04-06,40Y,0.718,1,JGB13(40),38.954,38.954
2021-04-07,2Y,-0.1195,4,JGB135(5)|JGB328(10)|JGB423(2)|JGB61(20),1.949,1.982
2021-04-07,5Y,-0.0854,5,JGB WI(5)-04|JGB342(10)|JGB85(20)|JGB86(20)|JGB87(20),4.95,4.95
2021-04-07,10Y,0.1035,4,JGB125(20)|JGB126(20)|JGB127(20)|JGB362(10),9.949,9.949
2021-04-07,20Y,0.482,1,JGB34(30),19.951,19.951
2021-04-07,30Y,0.6805,2,JGB4(40)|JGB70(30),29.949,29.949
2021-04-07,40Y,0.7,1,JGB13(40),38.951,38.951
2021-04-08,2Y,-0.1177,4,JGB135(5)|JGB328(10)|JGB423(2)|JGB61(20),1.947,1.979
2021-04-08,5Y,-0.0906,5,JGB WI(5)-04|JGB342(10)|JGB85(20)|JGB86(20)|JGB87(20),4.947,4.947
2021-04-08,10Y,0.093,4,JGB125(20)|JGB126(20)|JGB127(20)|JGB362(10),9.947,9.947
2021-04-08,20Y,0.465,1,JGB34(30),19.948,19.948
2021-04-08,30Y,0.652,2,JGB4(40)|JGB70(30),29.947,29.947
2021-04-08,40Y,0.674,1,JGB13(40),38.949,38.949
2021-04-09,2Y,-0.1237,4,JGB135(5)|JGB328(10)|JGB423(2)|JGB61(20),1.944,1.977
2021-04-09,5Y,-0.0984,5,JGB147(5)|JGB342(10)|JGB85(20)|JGB86(20)|JGB87(20),4.945,4.945
2021-04-09,10Y,0.0922,4,JGB125(20)|JGB126(20)|JGB127(20)|JGB362(10),9.944,9.944
2021-04-09,20Y,0.472,1,JGB34(30),19.945,19.945
2021-04-09,30Y,0.6725,2,JGB4(40)|JGB70(30),29.944,29.944
2021-04-09,40Y,0.692,1,JGB13(40),38.946,38.946
2021-04-12,2Y,-0.1245,4,JGB135(5)|JGB328(10)|JGB423(2)|JGB61(20),1.936,1.969
2021-04-12,5Y,-0.093,5,JGB147(5)|JGB342(10)|JGB85(20)|JGB86(20)|JGB87(20),4.936,4.936
2021-04-12,10Y,0.098,4,JGB125(20)|JGB126(20)|JGB127(20)|JGB362(10),9.936,9.936
2021-04-12,20Y,0.476,1,JGB34(30),19.937,19.937
2021-04-12,30Y,0.678,2,JGB4(40)|JGB70(30),29.936,29.936
2021-04-12,40Y,0.692,1,JGB13(40),38.938,38.938
2021-04-13,2Y,-0.124,4,JGB135(5)|JGB328(10)|JGB423(2)|JGB61(20),1.933,1.966
2021-04-13,5Y,-0.0934,5,JGB147(5)|JGB342(10)|JGB85(20)|JGB86(20)|JGB87(20),4.934,4.934
2021-04-13,10Y,0.1032,4,JGB125(20)|JGB126(20)|JGB127(20)|JGB362(10),9.933,9.933
2021-04-13,20Y,0.487,1,JGB34(30),19.934,19.934
2021-04-13,30Y,0.6805,2,JGB4(40)|JGB70(30),29.933,29.933
2021-04-13,40Y,0.692,1,JGB13(40),38.935,38.935
2021-04-14,2Y,-0.1303,4,JGB135(5)|JGB328(10)|JGB423(2)|JGB61(20),1.93,1.963
2021-04-14,5Y,-0.0992,5,JGB147(5)|JGB342(10)|JGB85(20)|JGB86(20)|JGB87(20),4.931,4.931
2021-04-14,10Y,0.098,4,JGB125(20)|JGB126(20)|JGB127(20)|JGB362(10),9.93,9.93
2021-04-14,20Y,0.476,2,JGB WI(20)-04|JGB34(30),19.932,19.932
2021-04-14,30Y,0.6705,2,JGB4(40)|JGB70(30),29.93,29.93
2021-04-14,40Y,0.684,1,JGB13(40),38.932,38.932
2021-04-15,2Y,-0.1295,4,JGB135(5)|JGB328(10)|JGB423(2)|JGB61(20),1.927,1.96
2021-04-15,5Y,-0.1038,5,JGB147(5)|JGB342(10)|JGB85(20)|JGB86(20)|JGB87(20),4.928,4.928
2021-04-15,10Y,0.0862,4,JGB125(20)|JGB126(20)|JGB127(20)|JGB362(10),9.927,9.927
2021-04-15,20Y,0.4595,2,JGB WI(20)-04|JGB34(30),19.929,19.929
2021-04-15,30Y,0.6475,2,JGB4(40)|JGB70(30),29.927,29.927
2021-04-15,40Y,0.666,1,JGB13(40),38.93,38.93
2021-04-16,2Y,-0.1303,4,JGB135(5)|JGB328(10)|JGB423(2)|JGB61(20),1.925,1.958
2021-04-16,5Y,-0.0984,5,JGB147(5)|JGB342(10)|JGB85(20)|JGB86(20)|JGB87(20),4.925,4.925
2021-04-16,10Y,0.086,4,JGB125(20)|JGB126(20)|JGB127(20)|JGB362(10),9.925,9.925
2021-04-16,20Y,0.4595,2,JGB WI(20)-04|JGB34(30),19.926,19.926
2021-04-16,30Y,0.652,2,JGB4(40)|JGB70(30),29.925,29.925
2021-04-16,40Y,0.667,1,JGB13(40),38.927,38.927
2021-04-19,2Y,-0.132,1,JGB423(2),1.949,1.949
2021-04-19,5Y,-0.1038,5,JGB147(5)|JGB342(10)|JGB85(20)|JGB86(20)|JGB87(20),4.917,4.917
2021-04-19,10Y,0.0864,5,JGB125(20)|JGB126(20)|JGB127(20)|JGB362(10)|JGB5(30),9.916,10.084
2021-04-19,20Y,0.455,2,JGB WI(20)-04|JGB34(30),19.918,19.918
2021-04-19,30Y,0.652,2,JGB4(40)|JGB70(30),29.916,29.916
2021-04-19,40Y,0.67,1,JGB13(40),38.919,38.919
2021-04-20,2Y,-0.133,1,JGB423(2),1.947,1.947
2021-04-20,5Y,-0.098,5,JGB147(5)|JGB342(10)|JGB85(20)|JGB86(20)|JGB87(20),4.914,4.914
2021-04-20,10Y,0.083,1,JGB5(30),10.081,10.081
2021-04-20,20Y,0.4535,2,JGB WI(20)-04|JGB34(30),19.915,19.915
2021-04-20,30Y,0.652,2,JGB4(40)|JGB70(30),29.914,29.914
2021-04-20,40Y,0.67,1,JGB13(40),38.916,38.916
2021-04-21,2Y,-0.128,1,JGB423(2),1.944,1.944
2021-04-21,5Y,-0.0978,5,JGB147(5)|JGB342(10)|JGB85(20)|JGB86(20)|JGB87(20),4.912,4.912
2021-04-21,10Y,0.082,1,JGB5(30),10.078,10.078
2021-04-21,20Y,0.4425,2,JGB176(20)|JGB34(30),19.912,19.912
2021-04-21,30Y,0.642,2,JGB4(40)|JGB70(30),29.911,29.911
2021-04-21,40Y,0.658,1,JGB13(40),38.913,38.913
2021-04-22,2Y,-0.1315,2,JGB WI(2)-05|JGB423(2),1.941,2.023
2021-04-22,5Y,-0.104,5,JGB147(5)|JGB342(10)|JGB85(20)|JGB86(20)|JGB87(20),4.909,4.909
2021-04-22,10Y,0.069,1,JGB5(30),10.075,10.075
2021-04-22,20Y,0.432,2,JGB176(20)|JGB34(30),19.91,19.91
2021-04-22,30Y,0.63,2,JGB4(40)|JGB70(30),29.908,29.908
2021-04-22,40Y,0.648,1,JGB13(40),38.91,38.91
2021-04-23,2Y,-0.1315,2,JGB WI(2)-05|JGB423(2),1.938,2.021
2021-04-23,5Y,-0.1086,5,JGB147(5)|JGB342(10)|JGB85(20)|JGB86(20)|JGB87(20),4.906,4.906
2021-04-23,10Y,0.065,1,JGB5(30),10.073,10.073
2021-04-23,20Y,0.432,2,JGB176(20)|JGB34(30),19.907,19.907
2021-04-23,30Y,0.635,2,JGB4(40)|JGB70(30),29.906,29.906
2021-04-23,40Y,0.653,1,JGB13(40),38.908,38.908
2021-04-26,2Y,-0.1315,2,JGB WI(2)-05|JGB423(2),1.93,2.012
2021-04-26,5Y,-0.1084,5,JGB147(5)|JGB342(10)|JGB85(20)|JGB86(20)|JGB87(20),4.898,4.898
2021-04-26,10Y,0.066,1,JGB5(30),10.064,10.064
2021-04-26,20Y,0.432,2,JGB176(20)|JGB34(30),19.899,19.899
2021-04-26,30Y,0.64,2,JGB4(40)|JGB70(30),29.897,29.897
2021-04-26,40Y,0.657,1,JGB13(40),38.899,38.899
2021-04-27,2Y,-0.132,2,JGB WI(2)-05|JGB423(2),1.927,2.01
2021-04-27,5Y,-0.1038,5,JGB147(5)|JGB342(10)|JGB85(20)|JGB86(20)|JGB87(20),4.895,4.895
2021-04-27,10Y,0.07,1,JGB5(30),10.062,10.062
2021-04-27,20Y,0.4375,2,JGB176(20)|JGB34(30),19.896,19.896
2021-04-27,30Y,0.6495,2,JGB4(40)|JGB70(30),29.895,29.895
2021-04-27,40Y,0.666,1,JGB13(40),38.897,38.897
2021-04-28,2Y,-0.132,2,JGB WI(2)-05|JGB423(2),1.925,2.007
2021-04-28,5Y,-0.1032,5,JGB147(5)|JGB342(10)|JGB85(20)|JGB86(20)|JGB87(20),4.893,4.893
2021-04-28,10Y,0.081,1,JGB5(30),10.059,10.059
2021-04-28,20Y,0.446,2,JGB176(20)|JGB34(30),19.893,19.893
2021-04-28,30Y,0.645,2,JGB4(40)|JGB70(30),29.892,29.892
2021-04-28,40Y,0.661,1,JGB13(40),38.894,38.894
2021-04-30,2Y,-0.1315,2,JGB423(2)|JGB424(2),1.919,2.001
2021-04-30,5Y,-0.0932,5,JGB147(5)|JGB342(10)|JGB85(20)|JGB86(20)|JGB87(20),4.887,4.887
2021-04-30,10Y,0.098,1,JGB5(30),10.053,10.053
2021-04-30,20Y,0.458,2,JGB176(20)|JGB34(30),19.888,19.888
2021-04-30,30Y,0.655,2,JGB4(40)|JGB70(30),29.886,29.886
2021-04-30,40Y,0.675,1,JGB13(40),38.888,38.888
2021-05-06,2Y,-0.129,1,JGB424(2),1.985,1.985
2021-05-06,5Y,-0.0923,3,JGB343(10)|JGB88(20)|JGB89(20),5.123,5.123
2021-05-06,10Y,0.094,1,JGB5(30),10.037,10.037
2021-05-06,20Y,0.458,2,JGB176(20)|JGB34(30),19.871,19.871
2021-05-06,30Y,0.6575,2,JGB4(40)|JGB70(30),29.87,29.87
2021-05-06,40Y,0.679,1,JGB13(40),38.872,38.872
2021-05-07,2Y,-0.125,1,JGB424(2),1.982,1.982
2021-05-07,5Y,-0.0917,3,JGB343(10)|JGB88(20)|JGB89(20),5.12,5.12
2021-05-07,10Y,0.089,1,JGB5(30),10.034,10.034
2021-05-07,20Y,0.453,2,JGB176(20)|JGB34(30),19.869,19.869
2021-05-07,30Y,0.6533,3,JGB WI(30)-05|JGB4(40)|JGB70(30),29.867,29.867
2021-05-07,40Y,0.679,1,JGB13(40),38.869,38.869
2021-05-10,2Y,-0.13,1,JGB424(2),1.974,1.974
2021-05-10,5Y,-0.0923,3,JGB343(10)|JGB88(20)|JGB89(20),5.112,5.112
2021-05-10,10Y,0.087,1,JGB5(30),10.026,10.026
2021-05-10,20Y,0.453,2,JGB176(20)|JGB34(30),19.86,19.86
2021-05-10,30Y,0.653,3,JGB WI(30)-05|JGB4(40)|JGB70(30),29.859,29.859
2021-05-10,40Y,0.679,1,JGB13(40),38.861,38.861
2021-05-11,2Y,-0.131,1,JGB424(2),1.971,1.971
2021-05-11,5Y,-0.092,3,JGB343(10)|JGB88(20)|JGB89(20),5.109,5.109
2021-05-11,10Y,0.088,1,JGB5(30),10.023,10.023
2021-05-11,20Y,0.4475,2,JGB176(20)|JGB34(30),19.858,19.858
2021-05-11,30Y,0.6483,3,JGB WI(30)-05|JGB4(40)|JGB70(30),29.856,29.856
2021-05-11,40Y,0.671,1,JGB13(40),38.858,38.858
2021-05-12,2Y,-0.131,1,JGB424(2),1.969,1.969
2021-05-12,5Y,-0.0973,3,JGB343(10)|JGB88(20)|JGB89(20),5.106,5.106
2021-05-12,10Y,0.076,1,JGB5(30),10.021,10.021
2021-05-12,20Y,0.437,2,JGB176(20)|JGB34(30),19.855,19.855
2021-05-12,30Y,0.6397,3,JGB WI(30)-05|JGB4(40)|JGB70(30),29.854,29.854
2021-05-12,40Y,0.666,1,JGB13(40),38.856,38.856
2021-05-13,2Y,-0.126,1,JGB424(2),1.966,1.966
2021-05-13,5Y,-0.0917,3,JGB343(10)|JGB88(20)|JGB89(20),5.103,5.103
2021-05-13,10Y,0.082,1,JGB5(30),10.018,10.018
2021-05-13,20Y,0.4375,2,JGB176(20)|JGB34(30),19.852,19.852
2021-05-13,30Y,0.6397,3,JGB WI(30)-05|JGB4(40)|JGB70(30),29.851,29.851
2021-05-13,40Y,0.662,1,JGB13(40),38.853,38.853
2021-05-14,2Y,-0.126,1,JGB424(2),1.963,1.963
2021-05-14,5Y,-0.0813,3,JGB343(10)|JGB88(20)|JGB89(20),5.101,5.101
2021-05-14,10Y,0.098,1,JGB5(30),10.015,10.015
2021-05-14,20Y,0.4595,2,JGB176(20)|JGB34(30),19.849,19.849
2021-05-14,30Y,0.672,2,JGB4(40)|JGB70(30),29.848,29.848
2021-05-14,40Y,0.692,1,JGB13(40),38.85,38.85
2021-05-17,2Y,-0.127,1,JGB424(2),1.955,1.955
2021-05-17,5Y,-0.0917,3,JGB343(10)|JGB88(20)|JGB89(20),5.092,5.092
2021-05-17,10Y,0.083,1,JGB5(30),10.007,10.007
2021-05-17,20Y,0.4427,3,JGB WI(20)-05|JGB176(20)|JGB34(30),19.841,19.841
2021-05-17,30Y,0.6525,2,JGB4(40)|JGB70(30),29.84,29.84
2021-05-17,40Y,0.679,1,JGB13(40),38.842,38.842
2021-05-18,2Y,-0.127,1,JGB424(2),1.952,1.952
2021-05-18,5Y,-0.0963,3,JGB343(10)|JGB88(20)|JGB89(20),5.09,5.09
2021-05-18,10Y,0.077,1,JGB5(30),10.004,10.004
2021-05-18,20Y,0.4417,3,JGB WI(20)-05|JGB176(20)|JGB34(30),19.838,19.838
2021-05-18,30Y,0.6505,2,JGB4(40)|JGB70(30),29.837,29.837
2021-05-18,40Y,0.678,1,JGB13(40),38.839,38.839
2021-05-19,2Y,-0.127,1,JGB424(2),1.949,1.949
2021-05-19,5Y,-0.0967,3,JGB343(10)|JGB88(20)|JGB89(20),5.087,5.087
2021-05-19,10Y,0.076,1,JGB5(30),10.001,10.001
2021-05-19,20Y,0.4433,3,JGB WI(20)-05|JGB176(20)|JGB34(30),19.836,19.836
2021-05-19,30Y,0.657,2,JGB4(40)|JGB70(30),29.834,29.834
2021-05-19,40Y,0.682,1,JGB13(40),38.836,38.836
2021-05-20,2Y,-0.128,1,JGB424(2),1.947,1.947
2021-05-20,5Y,-0.0973,3,JGB343(10)|JGB88(20)|JGB89(20),5.084,5.084
2021-05-20,10Y,0.072,1,JGB5(30),9.999,9.999
2021-05-20,20Y,0.4427,3,JGB WI(20)-05|JGB176(20)|JGB34(30),19.833,19.833
2021-05-20,30Y,0.6575,2,JGB4(40)|JGB70(30),29.832,29.832
2021-05-20,40Y,0.683,1,JGB13(40),38.834,38.834
2021-05-21,2Y,-0.1294,5,JGB136(5)|JGB329(10)|JGB424(2)|JGB62(20)|JGB63(20),1.944,2.081
2021-05-21,5Y,-0.0867,3,JGB343(10)|JGB88(20)|JGB89(20),5.081,5.081
2021-05-21,10Y,0.0863,3,JGB128(20)|JGB129(20)|JGB5(30),9.996,10.081
2021-05-21,20Y,0.4487,3,JGB WI(20)-05|JGB176(20)|JGB34(30),19.83,19.83
2021-05-21,30Y,0.667,2,JGB4(40)|JGB70(30),29.829,29.829
2021-05-21,40Y,0.695,1,JGB WI(40)-05,39.83,39.83
2021-05-24,2Y,-0.1306,5,JGB136(5)|JGB329(10)|JGB424(2)|JGB62(20)|JGB63(20),1.936,2.073
2021-05-24,5Y,-0.0867,3,JGB343(10)|JGB88(20)|JGB89(20),5.073,5.073
2021-05-24,10Y,0.0877,3,JGB128(20)|JGB129(20)|JGB5(30),9.988,10.073
2021-05-24,20Y,0.4525,2,JGB176(20)|JGB34(30),19.822,19.822
2021-05-24,30Y,0.6775,2,JGB4(40)|JGB70(30),29.821,29.821
2021-05-24,40Y,0.705,1,JGB WI(40)-05,39.822,39.822
2021-05-25,2Y,-0.1295,6,JGB WI(2)-06|JGB136(5)|JGB329(10)|JGB424(2)|JGB62(20)|JGB63(20),1.933,2.07
2021-05-25,5Y,-0.0917,3,JGB343(10)|JGB88(20)|JGB89(20),5.07,5.07
2021-05-25,10Y,0.0833,3,JGB128(20)|JGB129(20)|JGB5(30),9.985,10.07
2021-05-25,20Y,0.4475,2,JGB176(20)|JGB34(30),19.819,19.819
2021-05-25,30Y,0.6725,2,JGB4(40)|JGB70(30),29.818,29.818
2021-05-25,40Y,0.705,1,JGB WI(40)-05,39.819,39.819
2021-05-26,2Y,-0.1297,6,JGB WI(2)-06|JGB136(5)|JGB329(10)|JGB424(2)|JGB62(20)|JGB63(20),1.93,2.067
2021-05-26,5Y,-0.097,3,JGB343(10)|JGB88(20)|JGB89(20),5.068,5.068
2021-05-26,10Y,0.0773,3,JGB128(20)|JGB129(20)|JGB5(30),9.982,10.067
2021-05-26,20Y,0.4425,2,JGB176(20)|JGB34(30),19.817,19.817
2021-05-26,30Y,0.6725,2,JGB4(40)|JGB70(30),29.815,29.815
2021-05-26,40Y,0.705,1,JGB WI(40)-05,39.817,39.817
2021-05-27,2Y,-0.1287,6,JGB WI(2)-06|JGB136(5)|JGB329(10)|JGB424(2)|JGB62(20)|JGB63(20),1.927,2.064
2021-05-27,5Y,-0.0967,3,JGB343(10)|JGB88(20)|JGB89(20),5.065,5.065
2021-05-27,10Y,0.0777,3,JGB128(20)|JGB129(20)|JGB5(30),9.979,10.064
2021-05-27,20Y,0.4425,2,JGB176(20)|JGB34(30),19.814,19.814
2021-05-27,30Y,0.6725,2,JGB4(40)|JGB70(30),29.812,29.812
2021-05-27,40Y,0.71,1,JGB WI(40)-05,39.814,39.814
2021-05-28,2Y,-0.132,6,JGB WI(2)-06|JGB136(5)|JGB329(10)|JGB424(2)|JGB62(20)|JGB63(20),1.925,2.062
2021-05-28,5Y,-0.1017,3,JGB343(10)|JGB88(20)|JGB89(20),5.062,5.062
2021-05-28,10Y,0.0773,3,JGB128(20)|JGB129(20)|JGB5(30),9.977,10.062
2021-05-28,20Y,0.443,2,JGB176(20)|JGB34(30),19.811,19.811
2021-05-28,30Y,0.6675,2,JGB4(40)|JGB70(30),29.81,29.81
2021-05-28,40Y,0.709,1,JGB14(40),39.811,39.811
2021-05-31,2Y,-0.128,5,JGB WI(2)-06|JGB136(5)|JGB329(10)|JGB62(20)|JGB63(20),2.001,2.053
2021-05-31,5Y,-0.0917,3,JGB343(10)|JGB88(20)|JGB89(20),5.054,5.054
2021-05-31,10Y,0.0883,3,JGB128(20)|JGB129(20)|JGB5(30),9.969,10.053
2021-05-31,20Y,0.453,2,JGB176(20)|JGB34(30),19.803,19.803
2021-05-31,30Y,0.6725,2,JGB4(40)|JGB70(30),29.802,29.802
2021-05-31,40Y,0.709,1,JGB14(40),39.803,39.803
2021-06-01,2Y,-0.129,5,JGB136(5)|JGB329(10)|JGB425(2)|JGB62(20)|JGB63(20),1.999,2.051
2021-06-01,5Y,-0.0933,3,JGB343(10)|JGB88(20)|JGB89(20),5.051,5.051
2021-06-01,10Y,0.083,3,JGB128(20)|JGB129(20)|JGB5(30),9.966,10.051
2021-06-01,20Y,0.4475,2,JGB176(20)|JGB34(30),19.8,19.8
2021-06-01,30Y,0.6725,2,JGB4(40)|JGB70(30),29.799,29.799
2021-06-01,40Y,0.709,1,JGB14(40),39.8,39.8
2021-06-02,2Y,-0.1292,5,JGB136(5)|JGB329(10)|JGB425(2)|JGB62(20)|JGB63(20),1.996,2.048
2021-06-02,5Y,-0.0917,3,JGB343(10)|JGB88(20)|JGB89(20),5.049,5.049
2021-06-02,10Y,0.0843,3,JGB128(20)|JGB129(20)|JGB5(30),9.963,10.048
2021-06-02,20Y,0.4475,2,JGB176(20)|JGB34(30),19.797,19.797
2021-06-02,30Y,0.68,3,JGB WI(30)-06|JGB4(40)|JGB70(30),29.796,29.796
2021-06-02,40Y,0.717,1,JGB14(40),39.797,39.797
2021-06-03,2Y,-0.1282,5,JGB136(5)|JGB329(10)|JGB425(2)|JGB62(20)|JGB63(20),1.993,2.045
2021-06-03,5Y,-0.092,3,JGB343(10)|JGB88(20)|JGB89(20),5.046,5.046
2021-06-03,10Y,0.0847,3,JGB128(20)|JGB129(20)|JGB5(30),9.96,10.045
2021-06-03,20Y,0.4575,2,JGB176(20)|JGB34(30),19.795,19.795
2021-06-03,30Y,0.6887,3,JGB WI(30)-06|JGB4(40)|JGB70(30),29.793,29.793
2021-06-03,40Y,0.722,1,JGB14(40),39.795,39.795
2021-06-04,2Y,-0.1264,5,JGB136(5)|JGB329(10)|JGB425(2)|JGB62(20)|JGB63(20),1.99,2.042
2021-06-04,5Y,-0.0913,3,JGB343(10)|JGB88(20)|JGB89(20),5.043,5.043
2021-06-04,10Y,0.0897,3,JGB128(20)|JGB129(20)|JGB5(30),9.958,10.042
2021-06-04,20Y,0.458,2,JGB176(20)|JGB34(30),19.792,19.792
2021-06-04,30Y,0.685,3,JGB WI(30)-06|JGB4(40)|JGB70(30),29.791,29.791
2021-06-04,40Y,0.717,1,JGB14(40),39.792,39.792
2021-06-07,2Y,-0.1248,5,JGB136(5)|JGB329(10)|JGB425(2)|JGB62(20)|JGB63(20),1.982,2.034
2021-06-07,5Y,-0.0913,3,JGB343(10)|JGB88(20)|JGB89(20),5.035,5.035
2021-06-07,10Y,0.0917,3,JGB128(20)|JGB129(20)|JGB5(30),9.949,10.034
2021-06-07,20Y,0.4585,2,JGB176(20)|JGB34(30),19.784,19.784
2021-06-07,30Y,0.69,3,JGB WI(30)-06|JGB4(40)|JGB70(30),29.782,29.782
2021-06-07,40Y,0.722,1,JGB14(40),39.784,39.784
2021-06-08,2Y,-0.123,5,JGB136(5)|JGB329(10)|JGB425(2)|JGB62(20)|JGB63(20),1.979,2.031
2021-06-08,5Y,-0.097,3,JGB343(10)|JGB88(20)|JGB89(20),5.032,5.032
2021-06-08,10Y,0.085,3,JGB128(20)|JGB129(20)|JGB5(30),9.947,10.031
2021-06-08,20Y,0.458,2,JGB176(20)|JGB34(30),19.781,19.781
2021-06-08,30Y,0.69,3,JGB WI(30)-06|JGB4(40)|JGB70(30),29.78,29.78
2021-06-08,40Y,0.722,1,JGB14(40),39.781,39.781
2021-06-09,2Y,-0.1244,5,JGB136(5)|JGB329(10)|JGB425(2)|JGB62(20)|JGB63(20),1.977,2.029
2021-06-09,5Y,-0.103,3,JGB343(10)|JGB88(20)|JGB89(20),5.029,5.029
2021-06-09,10Y,0.0793,3,JGB128(20)|JGB129(20)|JGB5(30),9.944,10.029
2021-06-09,20Y,0.447,2,JGB176(20)|JGB34(30),19.778,19.778
2021-06-09,30Y,0.6795,2,JGB4(40)|JGB70(30),29.777,29.777
2021-06-09,40Y,0.717,1,JGB14(40),39.778,39.778
2021-06-10,2Y,-0.1244,5,JGB136(5)|JGB329(10)|JGB425(2)|JGB62(20)|JGB63(20),1.974,2.026
2021-06-10,5Y,-0.103,3,JGB343(10)|JGB88(20)|JGB89(20),5.027,5.027
2021-06-10,10Y,0.074,3,JGB128(20)|JGB129(20)|JGB5(30),9.941,10.026
2021-06-10,20Y,0.432,2,JGB176(20)|JGB34(30),19.775,19.775
2021-06-10,30Y,0.6675,2,JGB4(40)|JGB70(30),29.774,29.774
2021-06-10,40Y,0.708,1,JGB14(40),39.775,39.775
2021-06-11,2Y,-0.1264,5,JGB136(5)|JGB329(10)|JGB425(2)|JGB62(20)|JGB63(20),1.971,2.023
2021-06-11,5Y,-0.1177,3,JGB343(10)|JGB88(20)|JGB89(20),5.024,5.024
2021-06-11,10Y,0.0523,3,JGB128(20)|JGB129(20)|JGB5(30),9.938,10.023
2021-06-11,20Y,0.4215,2,JGB176(20)|JGB34(30),19.773,19.773
2021-06-11,30Y,0.661,2,JGB4(40)|JGB70(30),29.771,29.771
2021-06-11,40Y,0.704,1,JGB14(40),39.773,39.773
2021-06-14,2Y,-0.1248,5,JGB136(5)|JGB329(10)|JGB425(2)|JGB62(20)|JGB63(20),1.963,2.015
2021-06-14,5Y,-0.123,3,JGB343(10)|JGB88(20)|JGB89(20),5.016,5.016
2021-06-14,10Y,0.0357,3,JGB128(20)|JGB129(20)|JGB5(30),9.93,10.015
2021-06-14,20Y,0.4105,2,JGB176(20)|JGB34(30),19.765,19.765
2021-06-14,30Y,0.6575,2,JGB4(40)|JGB70(30),29.763,29.763
2021-06-14,40Y,0.702,1,JGB14(40),39.765,39.765
2021-06-15,2Y,-0.1262,5,JGB136(5)|JGB329(10)|JGB425(2)|JGB62(20)|JGB63(20),1.96,2.012
2021-06-15,5Y,-0.1177,3,JGB343(10)|JGB88(20)|JGB89(20),5.013,5.013
2021-06-15,10Y,0.0413,3,JGB128(20)|JGB129(20)|JGB5(30),9.927,10.012
2021-06-15,20Y,0.417,2,JGB176(20)|JGB34(30),19.762,19.762
2021-06-15,30Y,0.6575,2,JGB4(40)|JGB70(30),29.76,29.76
2021-06-15,40Y,0.704,1,JGB14(40),39.762,39.762
2021-06-16,2Y,-0.1254,5,JGB136(5)|JGB329(10)|JGB425(2)|JGB62(20)|JGB63(20),1.958,2.01
2021-06-16,5Y,-0.1123,3,JGB343(10)|JGB88(20)|JGB89(20),5.01,5.01
2021-06-16,10Y,0.0523,3,JGB128(20)|JGB129(20)|JGB5(30),9.925,10.01
2021-06-16,20Y,0.432,2,JGB176(20)|JGB34(30),19.759,19.759
2021-06-16,30Y,0.6725,2,JGB4(40)|JGB70(30),29.758,29.758
2021-06-16,40Y,0.717,1,JGB14(40),39.759,39.759
2021-06-17,2Y,-0.1254,5,JGB136(5)|JGB329(10)|JGB425(2)|JGB62(20)|JGB63(20),1.955,2.007
2021-06-17,5Y,-0.1073,3,JGB343(10)|JGB88(20)|JGB89(20),5.008,5.008
2021-06-17,10Y,0.053,3,JGB128(20)|JGB129(20)|JGB5(30),9.922,10.007
2021-06-17,20Y,0.4425,2,JGB176(20)|JGB34(30),19.756,19.756
2021-06-17,30Y,0.6825,2,JGB4(40)|JGB70(30),29.755,29.755
2021-06-17,40Y,0.735,1,JGB14(40),39.756,39.756
2021-06-18,2Y,-0.1214,5,JGB136(5)|JGB329(10)|JGB425(2)|JGB62(20)|JGB63(20),1.952,2.004
2021-06-18,5Y,-0.097,3,JGB343(10)|JGB88(20)|JGB89(20),5.005,5.005
2021-06-18,10Y,0.0683,3,JGB128(20)|JGB129(20)|JGB5(30),9.919,10.004
2021-06-18,20Y,0.4477,3,JGB WI(20)-06|JGB176(20)|JGB34(30),19.754,19.754
2021-06-18,30Y,0.6875,2,JGB4(40)|JGB70(30),29.752,29.752
2021-06-18,40Y,0.74,1,JGB14(40),39.754,39.754
2021-06-21,2Y,-0.1198,5,JGB136(5)|JGB329(10)|JGB425(2)|JGB62(20)|JGB63(20),1.944,1.996
2021-06-21,5Y,-0.1023,3,JGB343(10)|JGB88(20)|JGB89(20),4.997,4.997
2021-06-21,10Y,0.0645,2,JGB128(20)|JGB129(20),9.996,9.996
2021-06-21,20Y,0.451,1,JGB35(30),20.249,20.249
2021-06-21,30Y,0.6725,2,JGB4(40)|JGB70(30),29.744,29.744
2021-06-21,40Y,0.73,1,JGB14(40),39.745,39.745
2021-06-22,2Y,-0.1168,5,JGB136(5)|JGB329(10)|JGB425(2)|JGB62(20)|JGB63(20),1.941,1.993
2021-06-22,5Y,-0.107,3,JGB343(10)|JGB88(20)|JGB89(20),4.994,4.994
2021-06-22,10Y,0.0515,2,JGB128(20)|JGB129(20),9.993,9.993
2021-06-22,20Y,0.444,1,JGB35(30),20.246,20.246
2021-06-22,30Y,0.6725,2,JGB4(40)|JGB70(30),29.741,29.741
2021-06-22,40Y,0.735,1,JGB14(40),39.743,39.743
2021-06-23,2Y,-0.1095,6,JGB WI(2)-07|JGB136(5)|JGB329(10)|JGB425(2)|JGB62(20)|JGB63(20),1.938,2.021
2021-06-23,5Y,-0.0963,3,JGB343(10)|JGB88(20)|JGB89(20),4.991,4.991
2021-06-23,10Y,0.0635,2,JGB128(20)|JGB129(20),9.99,9.99
2021-06-23,20Y,0.45,1,JGB35(30),20.244,20.244
2021-06-23,30Y,0.6725,2,JGB4(40)|JGB70(30),29.739,29.739
2021-06-23,40Y,0.735,1,JGB14(40),39.74,39.74
2021-06-24,2Y,-0.1103,6,JGB WI(2)-07|JGB136(5)|JGB329(10)|JGB425(2)|JGB62(20)|JGB63(20),1.936,2.018
2021-06-24,5Y,-0.097,3,JGB343(10)|JGB88(20)|JGB89(20),4.988,4.988
2021-06-24,10Y,0.0635,2,JGB128(20)|JGB129(20),9.988,9.988
2021-06-24,20Y,0.444,1,JGB35(30),20.241,20.241
2021-06-24,30Y,0.6625,2,JGB4(40)|JGB70(30),29.736,29.736
2021-06-24,40Y,0.726,1,JGB14(40),39.737,39.737
2021-06-25,2Y,-0.1102,6,JGB WI(2)-07|JGB136(5)|JGB329(10)|JGB425(2)|JGB62(20)|JGB63(20),1.933,2.015
2021-06-25,5Y,-0.0963,3,JGB343(10)|JGB88(20)|JGB89(20),4.986,4.986
2021-06-25,10Y,0.064,3,JGB WI(10)-07|JGB128(20)|JGB129(20),9.985,9.985
2021-06-25,20Y,0.44,1,JGB35(30),20.238,20.238
2021-06-25,30Y,0.6675,2,JGB4(40)|JGB70(30),29.733,29.733
2021-06-25,40Y,0.726,1,JGB14(40),39.734,39.734
2021-06-28,2Y,-0.1125,6,JGB WI(2)-07|JGB136(5)|JGB329(10)|JGB425(2)|JGB62(20)|JGB63(20),1.925,2.007
2021-06-28,5Y,-0.1017,3,JGB343(10)|JGB88(20)|JGB89(20),4.977,4.977
2021-06-28,10Y,0.0587,3,JGB WI(10)-07|JGB128(20)|JGB129(20),9.977,9.977
2021-06-28,20Y,0.444,1,JGB35(30),20.23,20.23
2021-06-28,30Y,0.6775,2,JGB4(40)|JGB70(30),29.725,29.725
2021-06-28,40Y,0.74,1,JGB14(40),39.726,39.726
2021-06-29,2Y,-0.1117,6,JGB WI(2)-07|JGB136(5)|JGB329(10)|JGB425(2)|JGB62(20)|JGB63(20),1.922,2.004
2021-06-29,5Y,-0.0963,3,JGB343(10)|JGB88(20)|JGB89(20),4.975,4.975
2021-06-29,10Y,0.0647,3,JGB WI(10)-07|JGB128(20)|JGB129(20),9.974,9.974
2021-06-29,20Y,0.449,1,JGB35(30),20.227,20.227
2021-06-29,30Y,0.6855,2,JGB4(40)|JGB70(30),29.722,29.722
2021-06-29,40Y,0.749,1,JGB14(40),39.723,39.723
2021-06-30,2Y,-0.1122,6,JGB136(5)|JGB329(10)|JGB425(2)|JGB426(2)|JGB62(20)|JGB63(20),1.919,2.001
2021-06-30,5Y,-0.098,3,JGB343(10)|JGB88(20)|JGB89(20),4.972,4.972
2021-06-30,10Y,0.0647,3,JGB WI(10)-07|JGB128(20)|JGB129(20),9.971,9.971
2021-06-30,20Y,0.455,1,JGB35(30),20.225,20.225
2021-06-30,30Y,0.695,1,JGB WI(30)-07,29.971,29.971
2021-06-30,40Y,0.749,1,JGB14(40),39.721,39.721
2021-07-01,2Y,-0.1122,5,JGB136(5)|JGB329(10)|JGB426(2)|JGB62(20)|JGB63(20),1.969,1.999
2021-07-01,5Y,-0.1033,3,JGB343(10)|JGB88(20)|JGB89(20),4.969,4.969
2021-07-01,10Y,0.0647,3,JGB WI(10)-07|JGB128(20)|JGB129(20),9.969,9.969
2021-07-01,20Y,0.46,1,JGB35(30),20.222,20.222
2021-07-01,30Y,0.695,1,JGB WI(30)-07,29.969,29.969
2021-07-01,40Y,0.758,1,JGB14(40),39.718,39.718
2021-07-02,2Y,-0.1152,5,JGB136(5)|JGB329(10)|JGB426(2)|JGB62(20)|JGB63(20),1.966,1.996
2021-07-02,5Y,-0.1113,4,JGB WI(5)-07|JGB343(10)|JGB88(20)|JGB89(20),4.966,4.966
2021-07-02,10Y,0.049,3,JGB128(20)|JGB129(20)|JGB363(10),9.966,9.966
2021-07-02,20Y,0.444,1,JGB35(30),20.219,20.219
2021-07-02,30Y,0.685,1,JGB WI(30)-07,29.966,29.966
2021-07-02,40Y,0.744,1,JGB14(40),39.715,39.715
2021-07-05,2Y,-0.1152,5,JGB136(5)|JGB329(10)|JGB426(2)|JGB62(20)|JGB63(20),1.958,1.988
2021-07-05,5Y,-0.1125,4,JGB WI(5)-07|JGB343(10)|JGB88(20)|JGB89(20),4.958,4.958
2021-07-05,10Y,0.0383,3,JGB128(20)|JGB129(20)|JGB363(10),9.958,9.958
2021-07-05,20Y,0.433,1,JGB35(30),20.211,20.211
2021-07-05,30Y,0.675,1,JGB WI(30)-07,29.958,29.958
2021-07-05,40Y,0.731,1,JGB14(40),39.707,39.707
2021-07-06,2Y,-0.1138,5,JGB136(5)|JGB329(10)|JGB426(2)|JGB62(20)|JGB63(20),1.955,1.985
2021-07-06,5Y,-0.1182,4,JGB WI(5)-07|JGB343(10)|JGB88(20)|JGB89(20),4.956,4.956
2021-07-06,10Y,0.028,3,JGB128(20)|JGB129(20)|JGB363(10),9.955,9.955
2021-07-06,20Y,0.428,1,JGB35(30),20.208,20.208
2021-07-06,30Y,0.68,1,JGB WI(30)-07,29.955,29.955
2021-07-06,40Y,0.735,1,JGB14(40),39.704,39.704
2021-07-07,2Y,-0.1098,5,JGB136(5)|JGB329(10)|JGB426(2)|JGB62(20)|JGB63(20),1.952,1.982
2021-07-07,5Y,-0.1082,4,JGB WI(5)-07|JGB343(10)|JGB88(20)|JGB89(20),4.953,4.953
2021-07-07,10Y,0.0383,3,JGB128(20)|JGB129(20)|JGB363(10),9.952,9.952
2021-07-07,20Y,0.428,1,JGB WI(20)-07,19.953,19.953
2021-07-07,30Y,0.672,1,JGB71(30),29.952,29.952
2021-07-07,40Y,0.735,1,JGB14(40),39.702,39.702
2021-07-08,2Y,-0.1096,5,JGB136(5)|JGB329(10)|JGB426(2)|JGB62(20)|JGB63(20),1.949,1.979
2021-07-08,5Y,-0.1133,4,JGB WI(5)-07|JGB343(10)|JGB88(20)|JGB89(20),4.95,4.95
2021-07-08,10Y,0.028,3,JGB128(20)|JGB129(20)|JGB363(10),9.949,9.949
2021-07-08,20Y,0.425,1,JGB WI(20)-07,19.951,19.951
2021-07-08,30Y,0.672,1,JGB71(30),29.949,29.949
2021-07-08,40Y,0.735,1,JGB14(40),39.699,39.699
2021-07-09,2Y,-0.1142,5,JGB136(5)|JGB329(10)|JGB426(2)|JGB62(20)|JGB63(20),1.947,1.977
2021-07-09,5Y,-0.1235,4,JGB148(5)|JGB343(10)|JGB88(20)|JGB89(20),4.947,4.947
2021-07-09,10Y,0.0247,3,JGB128(20)|JGB129(20)|JGB363(10),9.947,9.947
2021-07-09,20Y,0.42,1,JGB WI(20)-07,19.948,19.948
2021-07-09,30Y,0.656,1,JGB71(30),29.947,29.947
2021-07-09,40Y,0.717,1,JGB14(40),39.696,39.696
2021-07-12,2Y,-0.1134,5,JGB136(5)|JGB329(10)|JGB426(2)|JGB62(20)|JGB63(20),1.938,1.969
2021-07-12,5Y,-0.1207,4,JGB148(5)|JGB343(10)|JGB88(20)|JGB89(20),4.939,4.939
2021-07-12,10Y,0.0267,3,JGB128(20)|JGB129(20)|JGB363(10),9.938,9.938
2021-07-12,20Y,0.43,1,JGB WI(20)-07,19.94,19.94
2021-07-12,30Y,0.667,1,JGB71(30),29.938,29.938
2021-07-12,40Y,0.731,1,JGB14(40),39.688,39.688
2021-07-13,2Y,-0.1138,5,JGB136(5)|JGB329(10)|JGB426(2)|JGB62(20)|JGB63(20),1.936,1.966
2021-07-13,5Y,-0.1195,4,JGB148(5)|JGB343(10)|JGB88(20)|JGB89(20),4.936,4.936
2021-07-13,10Y,0.0263,3,JGB128(20)|JGB129(20)|JGB363(10),9.936,9.936
2021-07-13,20Y,0.425,1,JGB WI(20)-07,19.937,19.937
2021-07-13,30Y,0.667,1,JGB71(30),29.936,29.936
2021-07-13,40Y,0.731,1,JGB14(40),39.685,39.685
2021-07-14,2Y,-0.1186,5,JGB136(5)|JGB329(10)|JGB426(2)|JGB62(20)|JGB63(20),1.933,1.963
2021-07-14,5Y,-0.1232,4,JGB148(5)|JGB343(10)|JGB88(20)|JGB89(20),4.934,4.934
2021-07-14,10Y,0.021,3,JGB128(20)|JGB129(20)|JGB363(10),9.933,9.933
2021-07-14,20Y,0.405,1,JGB177(20),19.934,19.934
2021-07-14,30Y,0.667,1,JGB71(30),29.933,29.933
2021-07-14,40Y,0.735,1,JGB14(40),39.682,39.682
2021-07-15,2Y,-0.1254,5,JGB136(5)|JGB329(10)|JGB426(2)|JGB62(20)|JGB63(20),1.93,1.96
2021-07-15,5Y,-0.1283,4,JGB148(5)|JGB343(10)|JGB88(20)|JGB89(20),4.931,4.931
2021-07-15,10Y,0.0157,3,JGB128(20)|JGB129(20)|JGB363(10),9.93,9.93
2021-07-15,20Y,0.4,1,JGB177(20),19.932,19.932
2021-07-15,30Y,0.667,1,JGB71(30),29.93,29.93
2021-07-15,40Y,0.735,1,JGB14(40),39.68,39.68
2021-07-16,2Y,-0.1254,5,JGB136(5)|JGB329(10)|JGB426(2)|JGB62(20)|JGB63(20),1.927,1.958
2021-07-16,5Y,-0.1318,4,JGB148(5)|JGB343(10)|JGB88(20)|JGB89(20),4.928,4.928
2021-07-16,10Y,0.0103,3,JGB128(20)|JGB129(20)|JGB363(10),9.927,9.927
2021-07-16,20Y,0.38,1,JGB177(20),19.929,19.929
2021-07-16,30Y,0.64,1,JGB71(30),29.927,29.927
2021-07-16,40Y,0.713,1,JGB14(40),39.677,39.677
2021-07-19,2Y,-0.1242,5,JGB136(5)|JGB329(10)|JGB426(2)|JGB62(20)|JGB63(20),1.919,1.949
2021-07-19,5Y,-0.1268,4,JGB148(5)|JGB343(10)|JGB88(20)|JGB89(20),4.92,4.92
2021-07-19,10Y,0.0157,3,JGB128(20)|JGB129(20)|JGB363(10),9.919,9.919
2021-07-19,20Y,0.395,1,JGB177(20),19.921,19.921
2021-07-19,30Y,0.644,1,JGB71(30),29.919,29.919
2021-07-19,40Y,0.714,1,JGB14(40),39.669,39.669
2021-07-20,2Y,-0.133,1,JGB426(2),1.947,1.947
2021-07-20,5Y,-0.1313,4,JGB148(5)|JGB343(10)|JGB88(20)|JGB89(20),4.917,4.917
2021-07-20,10Y,0.014,3,JGB128(20)|JGB129(20)|JGB363(10),9.916,9.916
2021-07-20,20Y,0.395,1,JGB177(20),19.918,19.918
2021-07-20,30Y,0.649,1,JGB71(30),29.916,29.916
2021-07-20,40Y,0.717,1,JGB14(40),39.666,39.666
2021-07-21,2Y,-0.133,1,JGB426(2),1.944,1.944
2021-07-21,5Y,-0.137,4,JGB148(5)|JGB343(10)|JGB88(20)|JGB89(20),4.914,4.914
2021-07-21,10Y,0.0107,3,JGB128(20)|JGB129(20)|JGB363(10),9.914,9.914
2021-07-21,20Y,0.39,1,JGB177(20),19.915,19.915
2021-07-21,30Y,0.642,1,JGB71(30),29.914,29.914
2021-07-21,40Y,0.714,2,JGB WI(40)-07|JGB14(40),39.663,39.663
2021-07-26,2Y,-0.1315,2,JGB WI(2)-08|JGB426(2),1.93,2.015
2021-07-26,5Y,-0.1373,4,JGB148(5)|JGB343(10)|JGB88(20)|JGB89(20),4.901,4.901
2021-07-26,10Y,0.01,3,JGB128(20)|JGB129(20)|JGB363(10),9.9,9.9
2021-07-26,20Y,0.4,1,JGB177(20),19.901,19.901
2021-07-26,30Y,0.658,1,JGB71(30),29.9,29.9
2021-07-26,40Y,0.731,2,JGB WI(40)-07|JGB14(40),39.65,39.65
2021-07-27,2Y,-0.132,2,JGB WI(2)-08|JGB426(2),1.927,2.012
2021-07-27,5Y,-0.1375,4,JGB148(5)|JGB343(10)|JGB88(20)|JGB89(20),4.898,4.898
2021-07-27,10Y,0.0107,3,JGB128(20)|JGB129(20)|JGB363(10),9.897,9.897
2021-07-27,20Y,0.395,1,JGB177(20),19.899,19.899
2021-07-27,30Y,0.649,1,JGB71(30),29.897,29.897
2021-07-27,40Y,0.726,2,JGB WI(40)-07|JGB14(40),39.647,39.647
2021-07-28,2Y,-0.127,2,JGB WI(2)-08|JGB426(2),1.925,2.01
2021-07-28,5Y,-0.131,4,JGB148(5)|JGB343(10)|JGB88(20)|JGB89(20),4.895,4.895
2021-07-28,10Y,0.0155,4,JGB WI(10)-08|JGB128(20)|JGB129(20)|JGB363(10),9.895,9.895
2021-07-28,20Y,0.4,1,JGB177(20),19.896,19.896
2021-07-28,30Y,0.653,1,JGB71(30),29.895,29.895
2021-07-28,40Y,0.735,1,JGB14(40),39.644,39.644
2021-07-29,2Y,-0.127,2,JGB WI(2)-08|JGB426(2),1.922,2.007
2021-07-29,5Y,-0.1323,4,JGB148(5)|JGB343(10)|JGB88(20)|JGB89(20),4.893,4.893
2021-07-29,10Y,0.0107,4,JGB WI(10)-08|JGB128(20)|JGB129(20)|JGB363(10),9.892,9.892
2021-07-29,20Y,0.395,1,JGB177(20),19.893,19.893
2021-07-29,30Y,0.644,1,JGB71(30),29.892,29.892
2021-07-29,40Y,0.727,1,JGB14(40),39.641,39.641
2021-07-30,2Y,-0.1265,2,JGB426(2)|JGB427(2),1.919,2.004
2021-07-30,5Y,-0.1323,4,JGB148(5)|JGB343(10)|JGB88(20)|JGB89(20),4.89,4.89
2021-07-30,10Y,0.0158,4,JGB WI(10)-08|JGB128(20)|JGB129(20)|JGB363(10),9.889,9.889
2021-07-30,20Y,0.391,1,JGB177(20),19.89,19.89
2021-07-30,30Y,0.64,1,JGB71(30),29.889,29.889
2021-07-30,40Y,0.718,1,JGB14(40),39.639,39.639
2021-08-02,2Y,-0.124,1,JGB427(2),1.996,1.996
2021-08-02,5Y,-0.1288,4,JGB148(5)|JGB343(10)|JGB88(20)|JGB89(20),4.882,4.882
2021-08-02,10Y,0.0158,4,JGB WI(10)-08|JGB128(20)|JGB129(20)|JGB363(10),9.881,9.881
2021-08-02,20Y,0.39,1,JGB177(20),19.882,19.882
2021-08-02,30Y,0.639,1,JGB71(30),29.881,29.881
2021-08-02,40Y,0.716,1,JGB14(40),39.63,39.63
2021-08-03,2Y,-0.129,1,JGB427(2),1.993,1.993
2021-08-03,5Y,-0.1303,4,JGB148(5)|JGB343(10)|JGB88(20)|JGB89(20),4.879,4.879
2021-08-03,10Y,0.0155,4,JGB WI(10)-08|JGB128(20)|JGB129(20)|JGB363(10),9.878,9.878
2021-08-03,20Y,0.39,1,JGB177(20),19.88,19.88
2021-08-03,30Y,0.639,1,JGB71(30),29.878,29.878
2021-08-03,40Y,0.722,1,JGB14(40),39.628,39.628
2021-08-04,2Y,-0.125,1,JGB427(2),1.99,1.99
2021-08-04,5Y,-0.1353,4,JGB148(5)|JGB343(10)|JGB88(20)|JGB89(20),4.876,4.876
2021-08-04,10Y,0.005,3,JGB128(20)|JGB129(20)|JGB363(10),9.875,9.875
2021-08-04,20Y,0.381,1,JGB177(20),19.877,19.877
2021-08-04,30Y,0.635,1,JGB71(30),29.875,29.875
2021-08-04,40Y,0.72,1,JGB14(40),39.625,39.625
2021-08-05,2Y,-0.13,1,JGB427(2),1.988,1.988
2021-08-05,5Y,-0.143,3,JGB344(10)|JGB90(20)|JGB91(20),5.125,5.125
2021-08-05,10Y,0.01,2,JGB130(20)|JGB131(20),10.125,10.125
2021-08-05,20Y,0.3765,2,JGB177(20)|JGB35(30),19.874,20.126
2021-08-05,30Y,0.63,2,JGB WI(30)-08|JGB71(30),29.873,29.873
2021-08-05,40Y,0.718,1,JGB14(40),39.622,39.622
2021-08-06,2Y,-0.135,1,JGB427(2),1.985,1.985
2021-08-06,5Y,-0.1433,3,JGB344(10)|JGB90(20)|JGB91(20),5.123,5.123
2021-08-06,10Y,0.016,2,JGB130(20)|JGB131(20),10.122,10.122
2021-08-06,20Y,0.389,1,JGB35(30),20.123,20.123
2021-08-06,30Y,0.636,2,JGB WI(30)-08|JGB71(30),29.87,29.87
2021-08-06,40Y,0.723,1,JGB14(40),39.619,39.619
2021-08-10,2Y,-0.135,1,JGB427(2),1.974,1.974
2021-08-10,5Y,-0.1373,3,JGB344(10)|JGB90(20)|JGB91(20),5.112,5.112
2021-08-10,10Y,0.021,2,JGB130(20)|JGB131(20),10.111,10.111
2021-08-10,20Y,0.4,1,JGB35(30),20.112,20.112
2021-08-10,30Y,0.6395,2,JGB WI(30)-08|JGB71(30),29.859,29.859
2021-08-10,40Y,0.723,1,JGB14(40),39.608,39.608
2021-08-11,2Y,-0.131,1,JGB427(2),1.971,1.971
2021-08-11,5Y,-0.128,3,JGB344(10)|JGB90(20)|JGB91(20),5.109,5.109
2021-08-11,10Y,0.032,2,JGB130(20)|JGB131(20),10.108,10.108
2021-08-11,20Y,0.411,1,JGB35(30),20.11,20.11
2021-08-11,30Y,0.6445,2,JGB WI(30)-08|JGB71(30),29.856,29.856
2021-08-11,40Y,0.727,1,JGB14(40),39.606,39.606
2021-08-12,2Y,-0.131,1,JGB427(2),1.969,1.969
2021-08-12,5Y,-0.1233,3,JGB344(10)|JGB90(20)|JGB91(20),5.106,5.106
2021-08-12,10Y,0.045,2,JGB130(20)|JGB131(20),10.105,10.105
2021-08-12,20Y,0.422,1,JGB35(30),20.107,20.107
2021-08-12,30Y,0.653,1,JGB71(30),29.854,29.854
2021-08-12,40Y,0.731,1,JGB14(40),39.603,39.603
2021-08-13,2Y,-0.131,1,JGB427(2),1.966,1.966
2021-08-13,5Y,-0.1277,3,JGB344(10)|JGB90(20)|JGB91(20),5.103,5.103
2021-08-13,10Y,0.032,2,JGB130(20)|JGB131(20),10.103,10.103
2021-08-13,20Y,0.411,1,JGB35(30),20.104,20.104
2021-08-13,30Y,0.644,1,JGB71(30),29.851,29.851
2021-08-13,40Y,0.718,1,JGB14(40),39.6,39.6
2021-08-16,2Y,-0.137,1,JGB427(2),1.958,1.958
2021-08-16,5Y,-0.128,3,JGB344(10)|JGB90(20)|JGB91(20),5.095,5.095
2021-08-16,10Y,0.032,2,JGB130(20)|JGB131(20),10.094,10.094
2021-08-16,20Y,0.412,1,JGB35(30),20.096,20.096
2021-08-16,30Y,0.649,1,JGB71(30),29.843,29.843
2021-08-16,40Y,0.727,1,JGB14(40),39.592,39.592
2021-08-17,2Y,-0.137,1,JGB427(2),1.955,1.955
2021-08-17,5Y,-0.1343,3,JGB344(10)|JGB90(20)|JGB91(20),5.092,5.092
2021-08-17,10Y,0.021,2,JGB130(20)|JGB131(20),10.092,10.092
2021-08-17,20Y,0.403,1,JGB35(30),20.093,20.093
2021-08-17,30Y,0.644,1,JGB71(30),29.84,29.84
2021-08-17,40Y,0.722,1,JGB14(40),39.589,39.589
2021-08-18,2Y,-0.142,1,JGB427(2),1.952,1.952
2021-08-18,5Y,-0.138,3,JGB344(10)|JGB90(20)|JGB91(20),5.09,5.09
2021-08-18,10Y,0.016,2,JGB130(20)|JGB131(20),10.089,10.089
2021-08-18,20Y,0.4,1,JGB35(30),20.09,20.09
2021-08-18,30Y,0.639,1,JGB71(30),29.837,29.837
2021-08-18,40Y,0.718,1,JGB14(40),39.587,39.587
2021-08-19,2Y,-0.143,1,JGB427(2),1.949,1.949
2021-08-19,5Y,-0.134,3,JGB344(10)|JGB90(20)|JGB91(20),5.087,5.087
2021-08-19,10Y,0.0215,2,JGB130(20)|JGB131(20),10.086,10.086
2021-08-19,20Y,0.407,1,JGB35(30),20.088,20.088
2021-08-19,30Y,0.649,1,JGB71(30),29.834,29.834
2021-08-19,40Y,0.722,1,JGB14(40),39.584,39.584
2021-08-20,2Y,-0.143,1,JGB427(2),1.947,1.947
2021-08-20,5Y,-0.131,3,JGB344(10)|JGB90(20)|JGB91(20),5.084,5.084
2021-08-20,10Y,0.0215,2,JGB130(20)|JGB131(20),10.084,10.084
2021-08-20,20Y,0.41,1,JGB35(30),20.085,20.085
2021-08-20,30Y,0.649,1,JGB71(30),29.832,29.832
2021-08-20,40Y,0.718,1,JGB14(40),39.581,39.581
2021-08-23,2Y,-0.1362,5,JGB137(5)|JGB330(10)|JGB331(10)|JGB427(2)|JGB64(20),1.938,2.075
2021-08-23,5Y,-0.135,3,JGB344(10)|JGB90(20)|JGB91(20),5.076,5.076
2021-08-23,10Y,0.016,2,JGB130(20)|JGB131(20),10.075,10.075
2021-08-23,20Y,0.406,1,JGB35(30),20.077,20.077
2021-08-23,30Y,0.649,1,JGB71(30),29.823,29.823
2021-08-23,40Y,0.718,1,JGB14(40),39.573,39.573
2021-08-24,2Y,-0.1308,5,JGB137(5)|JGB330(10)|JGB331(10)|JGB427(2)|JGB64(20),1.936,2.073
2021-08-24,5Y,-0.129,3,JGB344(10)|JGB90(20)|JGB91(20),5.073,5.073
2021-08-24,10Y,0.027,2,JGB130(20)|JGB131(20),10.073,10.073
2021-08-24,20Y,0.411,1,JGB35(30),20.074,20.074
2021-08-24,30Y,0.649,1,JGB71(30),29.821,29.821
2021-08-24,40Y,0.722,1,JGB14(40),39.57,39.57
2021-08-25,2Y,-0.1318,6,JGB WI(2)-09|JGB137(5)|JGB330(10)|JGB331(10)|JGB427(2)|JGB64(20),1.933,2.07
2021-08-25,5Y,-0.1243,3,JGB344(10)|JGB90(20)|JGB91(20),5.07,5.07
2021-08-25,10Y,0.0265,2,JGB130(20)|JGB131(20),10.07,10.07
2021-08-25,20Y,0.415,1,JGB35(30),20.071,20.071
2021-08-25,30Y,0.654,1,JGB71(30),29.818,29.818
2021-08-25,40Y,0.722,1,JGB14(40),39.567,39.567
2021-08-26,2Y,-0.1318,6,JGB WI(2)-09|JGB137(5)|JGB330(10)|JGB331(10)|JGB427(2)|JGB64(20),1.93,2.067
2021-08-26,5Y,-0.124,3,JGB344(10)|JGB90(20)|JGB91(20),5.068,5.068
2021-08-26,10Y,0.027,2,JGB130(20)|JGB131(20),10.067,10.067
2021-08-26,20Y,0.416,1,JGB35(30),20.068,20.068
2021-08-26,30Y,0.649,1,JGB71(30),29.815,29.815
2021-08-26,40Y,0.722,1,JGB14(40),39.565,39.565
2021-08-27,2Y,-0.13,6,JGB WI(2)-09|JGB137(5)|JGB330(10)|JGB331(10)|JGB427(2)|JGB64(20),1.927,2.064
2021-08-27,5Y,-0.12,3,JGB344(10)|JGB90(20)|JGB91(20),5.065,5.065
2021-08-27,10Y,0.027,2,JGB130(20)|JGB131(20),10.064,10.064
2021-08-27,20Y,0.411,1,JGB35(30),20.066,20.066
2021-08-27,30Y,0.64,1,JGB71(30),29.812,29.812
2021-08-27,40Y,0.713,1,JGB14(40),39.562,39.562
2021-08-30,2Y,-0.13,6,JGB WI(2)-09|JGB137(5)|JGB330(10)|JGB331(10)|JGB427(2)|JGB64(20),1.919,2.056
2021-08-30,5Y,-0.114,3,JGB344(10)|JGB90(20)|JGB91(20),5.057,5.057
2021-08-30,10Y,0.0325,2,JGB130(20)|JGB131(20),10.056,10.056
2021-08-30,20Y,0.417,1,JGB35(30),20.057,20.057
2021-08-30,30Y,0.644,1,JGB71(30),29.804,29.804
2021-08-30,40Y,0.718,1,JGB14(40),39.554,39.554
2021-08-31,2Y,-0.1286,5,JGB WI(2)-09|JGB137(5)|JGB330(10)|JGB331(10)|JGB64(20),2.001,2.053
2021-08-31,5Y,-0.1187,3,JGB344(10)|JGB90(20)|JGB91(20),5.054,5.054
2021-08-31,10Y,0.027,2,JGB130(20)|JGB131(20),10.053,10.053
2021-08-31,20Y,0.411,1,JGB35(30),20.055,20.055
2021-08-31,30Y,0.649,1,JGB71(30),29.802,29.802
2021-08-31,40Y,0.722,1,JGB14(40),39.551,39.551
2021-09-01,2Y,-0.1296,5,JGB137(5)|JGB330(10)|JGB331(10)|JGB428(2)|JGB64(20),1.999,2.051
2021-09-01,5Y,-0.1183,3,JGB344(10)|JGB90(20)|JGB91(20),5.051,5.051
2021-09-01,10Y,0.032,2,JGB130(20)|JGB131(20),10.051,10.051
2021-09-01,20Y,0.411,1,JGB35(30),20.052,20.052
2021-09-01,30Y,0.6495,2,JGB WI(30)-09|JGB71(30),29.799,29.799
2021-09-01,40Y,0.727,1,JGB14(40),39.548,39.548
2021-09-02,2Y,-0.1258,5,JGB137(5)|JGB330(10)|JGB331(10)|JGB428(2)|JGB64(20),1.996,2.048
2021-09-02,5Y,-0.1087,3,JGB344(10)|JGB90(20)|JGB91(20),5.049,5.049
2021-09-02,10Y,0.038,2,JGB130(20)|JGB131(20),10.048,10.048
2021-09-02,20Y,0.417,1,JGB35(30),20.049,20.049
2021-09-02,30Y,0.6495,2,JGB WI(30)-09|JGB71(30),29.796,29.796
2021-09-02,40Y,0.727,1,JGB14(40),39.546,39.546
2021-09-03,2Y,-0.1258,5,JGB137(5)|JGB330(10)|JGB331(10)|JGB428(2)|JGB64(20),1.993,2.045
2021-09-03,5Y,-0.109,3,JGB344(10)|JGB90(20)|JGB91(20),5.046,5.046
2021-09-03,10Y,0.043,2,JGB130(20)|JGB131(20),10.045,10.045
2021-09-03,20Y,0.411,1,JGB35(30),20.047,20.047
2021-09-03,30Y,0.6435,2,JGB WI(30)-09|JGB71(30),29.793,29.793
2021-09-03,40Y,0.718,1,JGB14(40),39.543,39.543
2021-09-06,2Y,-0.1244,5,JGB137(5)|JGB330(10)|JGB331(10)|JGB428(2)|JGB64(20),1.985,2.037
2021-09-06,5Y,-0.104,3,JGB344(10)|JGB90(20)|JGB91(20),5.038,5.038
2021-09-06,10Y,0.048,2,JGB130(20)|JGB131(20),10.037,10.037
2021-09-06,20Y,0.417,1,JGB35(30),20.038,20.038
2021-09-06,30Y,0.6495,2,JGB WI(30)-09|JGB71(30),29.785,29.785
2021-09-06,40Y,0.727,1,JGB14(40),39.535,39.535
2021-09-07,2Y,-0.1196,5,JGB137(5)|JGB330(10)|JGB331(10)|JGB428(2)|JGB64(20),1.982,2.034
2021-09-07,5Y,-0.0973,3,JGB344(10)|JGB90(20)|JGB91(20),5.035,5.035
2021-09-07,10Y,0.0535,2,JGB130(20)|JGB131(20),10.034,10.034
2021-09-07,20Y,0.427,1,JGB35(30),20.036,20.036
2021-09-07,30Y,0.659,2,JGB WI(30)-09|JGB71(30),29.782,29.782
2021-09-07,40Y,0.731,1,JGB14(40),39.532,39.532
2021-09-08,2Y,-0.1196,5,JGB137(5)|JGB330(10)|JGB331(10)|JGB428(2)|JGB64(20),1.979,2.031
2021-09-08,5Y,-0.099,3,JGB344(10)|JGB90(20)|JGB91(20),5.032,5.032
2021-09-08,10Y,0.048,2,JGB130(20)|JGB131(20),10.031,10.031
2021-09-08,20Y,0.427,1,JGB35(30),20.033,20.033
2021-09-08,30Y,0.658,1,JGB71(30),29.78,29.78
2021-09-08,40Y,0.735,1,JGB14(40),39.529,39.529
2021-09-09,2Y,-0.12,5,JGB137(5)|JGB330(10)|JGB331(10)|JGB428(2)|JGB64(20),1.977,2.029
2021-09-09,5Y,-0.0963,3,JGB344(10)|JGB90(20)|JGB91(20),5.029,5.029
2021-09-09,10Y,0.0535,2,JGB130(20)|JGB131(20),10.029,10.029
2021-09-09,20Y,0.438,1,JGB35(30),20.03,20.03
2021-09-09,30Y,0.666,1,JGB71(30),29.777,29.777
2021-09-09,40Y,0.74,1,JGB14(40),39.526,39.526
2021-09-10,2Y,-0.121,5,JGB137(5)|JGB330(10)|JGB331(10)|JGB428(2)|JGB64(20),1.974,2.026
2021-09-10,5Y,-0.1037,3,JGB344(10)|JGB90(20)|JGB91(20),5.027,5.027
2021-09-10,10Y,0.048,2,JGB130(20)|JGB131(20),10.026,10.026
2021-09-10,20Y,0.433,1,JGB35(30),20.027,20.027
2021-09-10,30Y,0.658,1,JGB71(30),29.774,29.774
2021-09-10,40Y,0.731,1,JGB14(40),39.524,39.524
2021-09-13,2Y,-0.1202,5,JGB137(5)|JGB330(10)|JGB331(10)|JGB428(2)|JGB64(20),1.966,2.018
2021-09-13,5Y,-0.1037,3,JGB344(10)|JGB90(20)|JGB91(20),5.018,5.018
2021-09-13,10Y,0.0485,2,JGB130(20)|JGB131(20),10.018,10.018
2021-09-13,20Y,0.433,1,JGB35(30),20.019,20.019
2021-09-13,30Y,0.654,1,JGB71(30),29.766,29.766
2021-09-13,40Y,0.727,1,JGB14(40),39.515,39.515
2021-09-14,2Y,-0.1202,5,JGB137(5)|JGB330(10)|JGB331(10)|JGB428(2)|JGB64(20),1.963,2.015
2021-09-14,5Y,-0.1023,3,JGB344(10)|JGB90(20)|JGB91(20),5.016,5.016
2021-09-14,10Y,0.048,2,JGB130(20)|JGB131(20),10.015,10.015
2021-09-14,20Y,0.433,1,JGB35(30),20.016,20.016
2021-09-14,30Y,0.654,1,JGB71(30),29.763,29.763
2021-09-14,40Y,0.722,1,JGB14(40),39.513,39.513
2021-09-15,2Y,-0.1206,5,JGB137(5)|JGB330(10)|JGB331(10)|JGB428(2)|JGB64(20),1.96,2.012
2021-09-15,5Y,-0.1033,3,JGB344(10)|JGB90(20)|JGB91(20),5.013,5.013
2021-09-15,10Y,0.0485,2,JGB130(20)|JGB131(20),10.012,10.012
2021-09-15,20Y,0.423,1,JGB35(30),20.014,20.014
2021-09-15,30Y,0.649,1,JGB71(30),29.76,29.76
2021-09-15,40Y,0.718,1,JGB14(40),39.51,39.51
2021-09-16,2Y,-0.1254,5,JGB137(5)|JGB330(10)|JGB331(10)|JGB428(2)|JGB64(20),1.958,2.01
2021-09-16,5Y,-0.1087,3,JGB344(10)|JGB90(20)|JGB91(20),5.01,5.01
2021-09-16,10Y,0.037,2,JGB130(20)|JGB131(20),10.01,10.01
2021-09-16,20Y,0.418,1,JGB35(30),20.011,20.011
2021-09-16,30Y,0.649,1,JGB71(30),29.758,29.758
2021-09-16,40Y,0.718,1,JGB14(40),39.507,39.507
2021-09-17,2Y,-0.1214,5,JGB137(5)|JGB330(10)|JGB331(10)|JGB428(2)|JGB64(20),1.955,2.007
2021-09-17,5Y,-0.0997,3,JGB344(10)|JGB90(20)|JGB91(20),5.008,5.008
2021-09-17,10Y,0.048,2,JGB130(20)|JGB131(20),10.007,10.007
2021-09-17,20Y,0.427,1,JGB35(30),20.008,20.008
2021-09-17,30Y,0.649,1,JGB71(30),29.755,29.755
2021-09-17,40Y,0.718,1,JGB14(40),39.504,39.504
2021-09-21,2Y,-0.1206,5,JGB137(5)|JGB330(10)|JGB331(10)|JGB428(2)|JGB64(20),1.944,1.996
2021-09-21,5Y,-0.094,3,JGB344(10)|JGB90(20)|JGB91(20),4.997,4.997
2021-09-21,10Y,0.0535,2,JGB130(20)|JGB131(20),9.996,9.996
2021-09-21,20Y,0.434,1,JGB35(30),19.997,19.997
2021-09-21,30Y,0.654,1,JGB71(30),29.744,29.744
2021-09-21,40Y,0.722,1,JGB14(40),39.493,39.493
2021-09-22,2Y,-0.1258,5,JGB137(5)|JGB330(10)|JGB331(10)|JGB428(2)|JGB64(20),1.941,1.993
2021-09-22,5Y,-0.0983,3,JGB344(10)|JGB90(20)|JGB91(20),4.994,4.994
2021-09-22,10Y,0.043,2,JGB130(20)|JGB131(20),9.993,9.993
2021-09-22,20Y,0.427,1,JGB35(30),19.995,19.995
2021-09-22,30Y,0.654,1,JGB71(30),29.741,29.741
2021-09-22,40Y,0.7255,2,JGB WI(40)-09|JGB14(40),39.491,39.491
2021-09-24,2Y,-0.1252,6,JGB WI(2)-10|JGB137(5)|JGB330(10)|JGB331(10)|JGB428(2)|JGB64(20),1.936,2.018
2021-09-24,5Y,-0.103,3,JGB344(10)|JGB90(20)|JGB91(20),4.988,4.988
2021-09-24,10Y,0.0375,2,JGB130(20)|JGB131(20),9.988,9.988
2021-09-24,20Y,0.427,1,JGB35(30),19.989,19.989
2021-09-24,30Y,0.654,1,JGB71(30),29.736,29.736
2021-09-24,40Y,0.7255,2,JGB WI(40)-09|JGB14(40),39.485,39.485
2021-09-27,2Y,-0.1212,6,JGB WI(2)-10|JGB137(5)|JGB330(10)|JGB331(10)|JGB428(2)|JGB64(20),1.927,2.01
2021-09-27,5Y,-0.089,3,JGB344(10)|JGB90(20)|JGB91(20),4.98,4.98
2021-09-27,10Y,0.059,2,JGB130(20)|JGB131(20),9.979,9.979
2021-09-27,20Y,0.446,1,JGB35(30),19.981,19.981
2021-09-27,30Y,0.672,1,JGB71(30),29.728,29.728
2021-09-27,40Y,0.7445,2,JGB WI(40)-09|JGB14(40),39.477,39.477
2021-09-28,2Y,-0.1213,6,JGB WI(2)-10|JGB137(5)|JGB330(10)|JGB331(10)|JGB428(2)|JGB64(20),1.925,2.007
2021-09-28,5Y,-0.088,3,JGB344(10)|JGB90(20)|JGB91(20),4.977,4.977
2021-09-28,10Y,0.059,2,JGB130(20)|JGB131(20),9.977,9.977
2021-09-28,20Y,0.454,1,JGB35(30),19.978,19.978
2021-09-28,30Y,0.681,1,JGB71(30),29.725,29.725
2021-09-28,40Y,0.754,2,JGB WI(40)-09|JGB14(40),39.474,39.474
2021-09-29,2Y,-0.1215,6,JGB WI(2)-10|JGB137(5)|JGB330(10)|JGB331(10)|JGB428(2)|JGB64(20),1.922,2.004
2021-09-29,5Y,-0.081,3,JGB344(10)|JGB90(20)|JGB91(20),4.975,4.975
2021-09-29,10Y,0.08,3,JGB WI(10)-10|JGB130(20)|JGB131(20),9.974,9.974
2021-09-29,20Y,0.466,1,JGB35(30),19.975,19.975
2021-09-29,30Y,0.691,1,JGB71(30),29.722,29.722
2021-09-29,40Y,0.766,1,JGB14(40),39.472,39.472
2021-09-30,2Y,-0.1172,6,JGB WI(2)-10|JGB137(5)|JGB330(10)|JGB331(10)|JGB428(2)|JGB64(20),1.919,2.001
2021-09-30,5Y,-0.0863,3,JGB344(10)|JGB90(20)|JGB91(20),4.972,4.972
2021-09-30,10Y,0.075,3,JGB WI(10)-10|JGB130(20)|JGB131(20),9.971,9.971
2021-09-30,20Y,0.454,1,JGB35(30),19.973,19.973
2021-09-30,30Y,0.677,1,JGB71(30),29.719,29.719
2021-09-30,40Y,0.751,1,JGB14(40),39.469,39.469
2021-10-01,2Y,-0.1138,5,JGB137(5)|JGB330(10)|JGB331(10)|JGB429(2)|JGB64(20),1.969,1.999
2021-10-01,5Y,-0.0863,3,JGB344(10)|JGB90(20)|JGB91(20),4.969,4.969
2021-10-01,10Y,0.075,3,JGB WI(10)-10|JGB130(20)|JGB131(20),9.969,9.969
2021-10-01,20Y,0.449,1,JGB35(30),19.97,19.97
2021-10-01,30Y,0.672,1,JGB71(30),29.717,29.717
2021-10-01,40Y,0.744,1,JGB14(40),39.466,39.466
2021-10-04,2Y,-0.12,5,JGB137(5)|JGB330(10)|JGB331(10)|JGB429(2)|JGB64(20),1.96,1.99
2021-10-04,5Y,-0.1013,3,JGB344(10)|JGB90(20)|JGB91(20),4.961,4.961
2021-10-04,10Y,0.0593,3,JGB WI(10)-10|JGB130(20)|JGB131(20),9.96,9.96
2021-10-04,20Y,0.431,1,JGB35(30),19.962,19.962
2021-10-04,30Y,0.658,1,JGB71(30),29.708,29.708
2021-10-04,40Y,0.735,1,JGB14(40),39.458,39.458
2021-10-05,2Y,-0.1192,5,JGB137(5)|JGB330(10)|JGB331(10)|JGB429(2)|JGB64(20),1.958,1.988
2021-10-05,5Y,-0.1013,3,JGB344(10)|JGB90(20)|JGB91(20),4.958,4.958
2021-10-05,10Y,0.0543,3,JGB WI(10)-10|JGB130(20)|JGB131(20),9.958,9.958
2021-10-05,20Y,0.433,1,JGB35(30),19.959,19.959
2021-10-05,30Y,0.668,1,JGB71(30),29.706,29.706
2021-10-05,40Y,0.744,1,JGB14(40),39.455,39.455
2021-10-06,2Y,-0.1194,5,JGB137(5)|JGB330(10)|JGB331(10)|JGB429(2)|JGB64(20),1.955,1.985
2021-10-06,5Y,-0.0973,3,JGB344(10)|JGB90(20)|JGB91(20),4.956,4.956
2021-10-06,10Y,0.06,3,JGB130(20)|JGB131(20)|JGB364(10),9.955,9.955
2021-10-06,20Y,0.438,1,JGB35(30),19.956,19.956
2021-10-06,30Y,0.683,1,JGB WI(30)-10,29.955,29.955
2021-10-06,40Y,0.753,1,JGB14(40),39.452,39.452
2021-10-07,2Y,-0.1154,5,JGB137(5)|JGB330(10)|JGB331(10)|JGB429(2)|JGB64(20),1.952,1.982
2021-10-07,5Y,-0.0847,3,JGB344(10)|JGB90(20)|JGB91(20),4.953,4.953
2021-10-07,10Y,0.0807,3,JGB130(20)|JGB131(20)|JGB364(10),9.952,9.952
2021-10-07,20Y,0.455,1,JGB35(30),19.953,19.953
2021-10-07,30Y,0.69,1,JGB WI(30)-10,29.952,29.952
2021-10-07,40Y,0.757,1,JGB14(40),39.45,39.45
2021-10-08,2Y,-0.1196,5,JGB137(5)|JGB330(10)|JGB331(10)|JGB429(2)|JGB64(20),1.949,1.979
2021-10-08,5Y,-0.0902,4,JGB WI(5)-10|JGB344(10)|JGB90(20)|JGB91(20),4.95,4.95
2021-10-08,10Y,0.07,3,JGB130(20)|JGB131(20)|JGB364(10),9.949,9.949
2021-10-08,20Y,0.449,1,JGB35(30),19.951,19.951
2021-10-08,30Y,0.686,1,JGB WI(30)-10,29.949,29.949
2021-10-08,40Y,0.757,1,JGB14(40),39.447,39.447
2021-10-11,2Y,-0.1136,5,JGB137(5)|JGB330(10)|JGB331(10)|JGB429(2)|JGB64(20),1.941,1.971
2021-10-11,5Y,-0.0847,4,JGB WI(5)-10|JGB344(10)|JGB90(20)|JGB91(20),4.942,4.942
2021-10-11,10Y,0.0803,3,JGB130(20)|JGB131(20)|JGB364(10),9.941,9.941
2021-10-11,20Y,0.465,1,JGB35(30),19.943,19.943
2021-10-11,30Y,0.695,1,JGB WI(30)-10,29.941,29.941
2021-10-11,40Y,0.766,1,JGB14(40),39.439,39.439
2021-10-12,2Y,-0.115,5,JGB137(5)|JGB330(10)|JGB331(10)|JGB429(2)|JGB64(20),1.938,1.969
2021-10-12,5Y,-0.0798,4,JGB WI(5)-10|JGB344(10)|JGB90(20)|JGB91(20),4.939,4.939
2021-10-12,10Y,0.091,3,JGB130(20)|JGB131(20)|JGB364(10),9.938,9.938
2021-10-12,20Y,0.476,1,JGB35(30),19.94,19.94
2021-10-12,30Y,0.705,1,JGB WI(30)-10,29.938,29.938
2021-10-12,40Y,0.771,1,JGB14(40),39.436,39.436
2021-10-13,2Y,-0.114,5,JGB137(5)|JGB330(10)|JGB331(10)|JGB429(2)|JGB64(20),1.936,1.966
2021-10-13,5Y,-0.0798,4,JGB WI(5)-10|JGB344(10)|JGB90(20)|JGB91(20),4.936,4.936
2021-10-13,10Y,0.0907,3,JGB130(20)|JGB131(20)|JGB364(10),9.936,9.936
2021-10-13,20Y,0.4755,2,JGB WI(20)-10|JGB35(30),19.937,19.937
2021-10-13,30Y,0.695,1,JGB72(30),29.936,29.936
2021-10-13,40Y,0.762,1,JGB14(40),39.433,39.433
2021-10-14,2Y,-0.114,5,JGB137(5)|JGB330(10)|JGB331(10)|JGB429(2)|JGB64(20),1.933,1.963
2021-10-14,5Y,-0.0798,4,JGB WI(5)-10|JGB344(10)|JGB90(20)|JGB91(20),4.934,4.934
2021-10-14,10Y,0.0853,3,JGB130(20)|JGB131(20)|JGB364(10),9.933,9.933
2021-10-14,20Y,0.468,2,JGB WI(20)-10|JGB35(30),19.934,19.934
2021-10-14,30Y,0.69,1,JGB72(30),29.933,29.933
2021-10-14,40Y,0.756,1,JGB14(40),39.431,39.431
2021-10-15,2Y,-0.114,5,JGB137(5)|JGB330(10)|JGB331(10)|JGB429(2)|JGB64(20),1.93,1.96
2021-10-15,5Y,-0.084,4,JGB149(5)|JGB344(10)|JGB90(20)|JGB91(20),4.931,4.931
2021-10-15,10Y,0.0803,3,JGB130(20)|JGB131(20)|JGB364(10),9.93,9.93
2021-10-15,20Y,0.46,2,JGB WI(20)-10|JGB35(30),19.932,19.932
2021-10-15,30Y,0.686,1,JGB72(30),29.93,29.93
2021-10-15,40Y,0.749,1,JGB14(40),39.428,39.428
2021-10-18,2Y,-0.1156,5,JGB137(5)|JGB330(10)|JGB331(10)|JGB429(2)|JGB64(20),1.922,1.952
2021-10-18,5Y,-0.0865,4,JGB149(5)|JGB344(10)|JGB90(20)|JGB91(20),4.923,4.923
2021-10-18,10Y,0.075,3,JGB130(20)|JGB131(20)|JGB364(10),9.922,9.922
2021-10-18,20Y,0.465,2,JGB WI(20)-10|JGB35(30),19.923,19.923
2021-10-18,30Y,0.686,1,JGB72(30),29.922,29.922
2021-10-18,40Y,0.749,1,JGB14(40),39.42,39.42
2021-10-19,2Y,-0.1146,5,JGB137(5)|JGB330(10)|JGB331(10)|JGB429(2)|JGB64(20),1.919,1.949
2021-10-19,5Y,-0.0772,4,JGB149(5)|JGB344(10)|JGB90(20)|JGB91(20),4.92,4.92
2021-10-19,10Y,0.0907,3,JGB130(20)|JGB131(20)|JGB364(10),9.919,9.919
2021-10-19,20Y,0.4755,2,JGB WI(20)-10|JGB35(30),19.921,19.921
2021-10-19,30Y,0.695,1,JGB72(30),29.919,29.919
2021-10-19,40Y,0.757,1,JGB14(40),39.417,39.417
2021-10-20,2Y,-0.117,1,JGB429(2),1.947,1.947
2021-10-20,5Y,-0.0788,4,JGB149(5)|JGB344(10)|JGB90(20)|JGB91(20),4.917,4.917
2021-10-20,10Y,0.0877,4,JGB130(20)|JGB131(20)|JGB364(10)|JGB6(30),9.916,10.084
2021-10-20,20Y,0.472,2,JGB178(20)|JGB35(30),19.918,19.918
2021-10-20,30Y,0.691,1,JGB72(30),29.916,29.916
2021-10-20,40Y,0.753,1,JGB14(40),39.414,39.414
2021-10-21,2Y,-0.111,2,JGB WI(2)-11|JGB429(2),1.944,2.029
2021-10-21,5Y,-0.078,4,JGB149(5)|JGB344(10)|JGB90(20)|JGB91(20),4.914,4.914
2021-10-21,10Y,0.099,1,JGB6(30),10.081,10.081
2021-10-21,20Y,0.481,2,JGB178(20)|JGB35(30),19.915,19.915
2021-10-21,30Y,0.695,1,JGB72(30),29.914,29.914
2021-10-21,40Y,0.753,1,JGB14(40),39.411,39.411
2021-10-22,2Y,-0.1115,2,JGB WI(2)-11|JGB429(2),1.941,2.026
2021-10-22,5Y,-0.08,4,JGB149(5)|JGB344(10)|JGB90(20)|JGB91(20),4.912,4.912
2021-10-22,10Y,0.093,1,JGB6(30),10.078,10.078
2021-10-22,20Y,0.476,2,JGB178(20)|JGB35(30),19.912,19.912
2021-10-22,30Y,0.691,1,JGB72(30),29.911,29.911
2021-10-22,40Y,0.749,1,JGB14(40),39.409,39.409
2021-10-25,2Y,-0.1115,2,JGB WI(2)-11|JGB429(2),1.933,2.018
2021-10-25,5Y,-0.0737,4,JGB149(5)|JGB344(10)|JGB90(20)|JGB91(20),4.903,4.903
2021-10-25,10Y,0.099,1,JGB6(30),10.07,10.07
2021-10-25,20Y,0.486,2,JGB178(20)|JGB35(30),19.904,19.904
2021-10-25,30Y,0.7,1,JGB72(30),29.903,29.903
2021-10-25,40Y,0.757,1,JGB14(40),39.4,39.4
2021-10-26,2Y,-0.107,2,JGB WI(2)-11|JGB429(2),1.93,2.015
2021-10-26,5Y,-0.0722,4,JGB149(5)|JGB344(10)|JGB90(20)|JGB91(20),4.901,4.901
2021-10-26,10Y,0.104,1,JGB6(30),10.067,10.067
2021-10-26,20Y,0.491,2,JGB178(20)|JGB35(30),19.901,19.901
2021-10-26,30Y,0.704,1,JGB72(30),29.9,29.9
2021-10-26,40Y,0.757,1,JGB14(40),39.398,39.398
2021-10-27,2Y,-0.1065,2,JGB WI(2)-11|JGB429(2),1.927,2.012
2021-10-27,5Y,-0.066,4,JGB149(5)|JGB344(10)|JGB90(20)|JGB91(20),4.898,4.898
2021-10-27,10Y,0.11,1,JGB6(30),10.064,10.064
2021-10-27,20Y,0.491,2,JGB178(20)|JGB35(30),19.899,19.899
2021-10-27,30Y,0.695,1,JGB72(30),29.897,29.897
2021-10-27,40Y,0.744,1,JGB14(40),39.395,39.395
2021-10-28,2Y,-0.1035,2,JGB429(2)|JGB430(2),1.925,2.01
2021-10-28,5Y,-0.0718,4,JGB149(5)|JGB344(10)|JGB90(20)|JGB91(20),4.895,4.895
2021-10-28,10Y,0.106,1,JGB6(30),10.062,10.062
2021-10-28,20Y,0.491,2,JGB178(20)|JGB35(30),19.896,19.896
2021-10-28,30Y,0.691,1,JGB72(30),29.895,29.895
2021-10-28,40Y,0.732,1,JGB14(40),39.392,39.392
2021-10-29,2Y,-0.1065,2,JGB429(2)|JGB430(2),1.922,2.007
2021-10-29,5Y,-0.0817,4,JGB149(5)|JGB344(10)|JGB90(20)|JGB91(20),4.893,4.893
2021-10-29,10Y,0.094,1,JGB6(30),10.059,10.059
2021-10-29,20Y,0.4705,2,JGB178(20)|JGB35(30),19.893,19.893
2021-10-29,30Y,0.681,1,JGB72(30),29.892,29.892
2021-10-29,40Y,0.725,1,JGB14(40),39.389,39.389
2021-11-01,2Y,-0.104,1,JGB430(2),1.999,1.999
2021-11-01,5Y,-0.0812,4,JGB149(5)|JGB344(10)|JGB90(20)|JGB91(20),4.884,4.884
2021-11-01,10Y,0.103,1,JGB6(30),10.051,10.051
2021-11-01,20Y,0.471,2,JGB178(20)|JGB35(30),19.885,19.885
2021-11-01,30Y,0.672,1,JGB72(30),29.884,29.884
2021-11-01,40Y,0.704,1,JGB14(40),39.381,39.381
2021-11-02,2Y,-0.104,1,JGB430(2),1.996,1.996
2021-11-02,5Y,-0.0852,4,JGB149(5)|JGB344(10)|JGB90(20)|JGB91(20),4.882,4.882
2021-11-02,10Y,0.098,1,JGB6(30),10.048,10.048
2021-11-02,20Y,0.471,2,JGB178(20)|JGB35(30),19.882,19.882
2021-11-02,30Y,0.672,1,JGB72(30),29.881,29.881
2021-11-02,40Y,0.704,1,JGB14(40),39.379,39.379
2021-11-04,2Y,-0.105,1,JGB430(2),1.99,1.99
2021-11-04,5Y,-0.0905,4,JGB149(5)|JGB344(10)|JGB90(20)|JGB91(20),4.876,4.876
2021-11-04,10Y,0.088,1,JGB6(30),10.042,10.042
2021-11-04,20Y,0.4655,2,JGB178(20)|JGB35(30),19.877,19.877
2021-11-04,30Y,0.6805,2,JGB WI(30)-11|JGB72(30),29.875,29.875
2021-11-04,40Y,0.718,1,JGB14(40),39.373,39.373
2021-11-05,2Y,-0.1,1,JGB430(2),1.988,1.988
2021-11-05,5Y,-0.0865,2,JGB345(10)|JGB92(20),5.123,5.123
2021-11-05,10Y,0.082,1,JGB6(30),10.04,10.04
2021-11-05,20Y,0.455,2,JGB178(20)|JGB35(30),19.874,19.874
2021-11-05,30Y,0.68,2,JGB WI(30)-11|JGB72(30),29.873,29.873
2021-11-05,40Y,0.722,1,JGB14(40),39.37,39.37
2021-11-08,2Y,-0.11,1,JGB430(2),1.979,1.979
2021-11-08,5Y,-0.103,2,JGB345(10)|JGB92(20),5.114,5.114
2021-11-08,10Y,0.065,1,JGB6(30),10.031,10.031
2021-11-08,20Y,0.4425,2,JGB178(20)|JGB35(30),19.866,19.866
2021-11-08,30Y,0.676,2,JGB WI(30)-11|JGB72(30),29.864,29.864
2021-11-08,40Y,0.721,1,JGB14(40),39.362,39.362
2021-11-09,2Y,-0.115,1,JGB430(2),1.977,1.977
2021-11-09,5Y,-0.106,2,JGB345(10)|JGB92(20),5.112,5.112
2021-11-09,10Y,0.066,1,JGB6(30),10.029,10.029
2021-11-09,20Y,0.448,2,JGB178(20)|JGB35(30),19.863,19.863
2021-11-09,30Y,0.676,2,JGB WI(30)-11|JGB72(30),29.862,29.862
2021-11-09,40Y,0.718,1,JGB14(40),39.359,39.359
2021-11-10,2Y,-0.116,1,JGB430(2),1.974,1.974
2021-11-10,5Y,-0.1005,2,JGB345(10)|JGB92(20),5.109,5.109
2021-11-10,10Y,0.07,1,JGB6(30),10.026,10.026
2021-11-10,20Y,0.458,2,JGB178(20)|JGB35(30),19.86,19.86
2021-11-10,30Y,0.681,1,JGB72(30),29.859,29.859
2021-11-10,40Y,0.722,1,JGB14(40),39.357,39.357
2021-11-11,2Y,-0.116,1,JGB430(2),1.971,1.971
2021-11-11,5Y,-0.101,2,JGB345(10)|JGB92(20),5.106,5.106
2021-11-11,10Y,0.066,1,JGB6(30),10.023,10.023
2021-11-11,20Y,0.453,2,JGB178(20)|JGB35(30),19.858,19.858
2021-11-11,30Y,0.667,1,JGB72(30),29.856,29.856
2021-11-11,40Y,0.704,1,JGB14(40),39.354,39.354
2021-11-12,2Y,-0.116,1,JGB430(2),1.969,1.969
2021-11-12,5Y,-0.0945,2,JGB345(10)|JGB92(20),5.103,5.103
2021-11-12,10Y,0.071,1,JGB6(30),10.021,10.021
2021-11-12,20Y,0.4577,3,JGB WI(20)-11|JGB178(20)|JGB35(30),19.855,19.855
2021-11-12,30Y,0.681,1,JGB72(30),29.854,29.854
2021-11-12,40Y,0.713,1,JGB14(40),39.351,39.351
2021-11-15,2Y,-0.116,1,JGB430(2),1.96,1.96
2021-11-15,5Y,-0.0855,2,JGB345(10)|JGB92(20),5.095,5.095
2021-11-15,10Y,0.077,1,JGB6(30),10.012,10.012
2021-11-15,20Y,0.4647,3,JGB WI(20)-11|JGB178(20)|JGB35(30),19.847,19.847
2021-11-15,30Y,0.677,1,JGB72(30),29.845,29.845
2021-11-15,40Y,0.713,1,JGB14(40),39.343,39.343
2021-11-16,2Y,-0.122,1,JGB430(2),1.958,1.958
2021-11-16,5Y,-0.0915,2,JGB345(10)|JGB92(20),5.092,5.092
2021-11-16,10Y,0.071,1,JGB6(30),10.01,10.01
2021-11-16,20Y,0.46,3,JGB WI(20)-11|JGB178(20)|JGB35(30),19.844,19.844
2021-11-16,30Y,0.677,1,JGB72(30),29.843,29.843
2021-11-16,40Y,0.718,1,JGB14(40),39.34,39.34
2021-11-17,2Y,-0.122,1,JGB430(2),1.955,1.955
2021-11-17,5Y,-0.0855,2,JGB345(10)|JGB92(20),5.09,5.09
2021-11-17,10Y,0.078,1,JGB6(30),10.007,10.007
2021-11-17,20Y,0.4653,3,JGB WI(20)-11|JGB178(20)|JGB35(30),19.841,19.841
2021-11-17,30Y,0.677,1,JGB72(30),29.84,29.84
2021-11-17,40Y,0.718,1,JGB14(40),39.337,39.337
2021-11-18,2Y,-0.127,1,JGB430(2),1.952,1.952
2021-11-18,5Y,-0.086,2,JGB345(10)|JGB92(20),5.087,5.087
2021-11-18,10Y,0.082,1,JGB6(30),10.004,10.004
2021-11-18,20Y,0.4707,3,JGB WI(20)-11|JGB178(20)|JGB35(30),19.838,19.838
2021-11-18,30Y,0.681,1,JGB72(30),29.837,29.837
2021-11-18,40Y,0.726,1,JGB14(40),39.335,39.335
2021-11-19,2Y,-0.122,1,JGB430(2),1.949,1.949
2021-11-19,5Y,-0.08,2,JGB345(10)|JGB92(20),5.084,5.084
2021-11-19,10Y,0.088,1,JGB6(30),10.001,10.001
2021-11-19,20Y,0.4655,2,JGB178(20)|JGB35(30),19.836,19.836
2021-11-19,30Y,0.681,1,JGB72(30),29.834,29.834
2021-11-19,40Y,0.7305,2,JGB WI(40)-11|JGB14(40),39.332,39.332
2021-11-22,2Y,-0.1252,5,JGB138(5)|JGB332(10)|JGB430(2)|JGB65(20)|JGB66(20),1.941,2.075
2021-11-22,5Y,-0.0855,2,JGB345(10)|JGB92(20),5.076,5.076
2021-11-22,10Y,0.0847,3,JGB132(20)|JGB133(20)|JGB6(30),9.993,10.075
2021-11-22,20Y,0.4605,2,JGB178(20)|JGB35(30),19.828,19.828
2021-11-22,30Y,0.672,1,JGB72(30),29.826,29.826
2021-11-22,40Y,0.721,2,JGB WI(40)-11|JGB14(40),39.324,39.324
2021-11-24,2Y,-0.1297,6,JGB WI(2)-12|JGB138(5)|JGB332(10)|JGB430(2)|JGB65(20)|JGB66(20),1.936,2.07
2021-11-24,5Y,-0.09,2,JGB345(10)|JGB92(20),5.07,5.07
2021-11-24,10Y,0.0817,3,JGB132(20)|JGB133(20)|JGB6(30),9.988,10.07
2021-11-24,20Y,0.4605,2,JGB178(20)|JGB35(30),19.822,19.822
2021-11-24,30Y,0.681,1,JGB72(30),29.821,29.821
2021-11-24,40Y,0.7305,2,JGB WI(40)-11|JGB14(40),39.318,39.318
2021-11-25,2Y,-0.1282,6,JGB WI(2)-12|JGB138(5)|JGB332(10)|JGB430(2)|JGB65(20)|JGB66(20),1.933,2.067
2021-11-25,5Y,-0.0855,2,JGB345(10)|JGB92(20),5.068,5.068
2021-11-25,10Y,0.0927,3,JGB132(20)|JGB133(20)|JGB6(30),9.985,10.067
2021-11-25,20Y,0.476,2,JGB178(20)|JGB35(30),19.819,19.819
2021-11-25,30Y,0.686,1,JGB72(30),29.818,29.818
2021-11-25,40Y,0.7335,2,JGB WI(40)-11|JGB14(40),39.316,39.316
2021-11-26,2Y,-0.1235,6,JGB WI(2)-12|JGB138(5)|JGB332(10)|JGB430(2)|JGB65(20)|JGB66(20),1.93,2.064
2021-11-26,5Y,-0.0805,2,JGB345(10)|JGB92(20),5.065,5.065
2021-11-26,10Y,0.0927,3,JGB132(20)|JGB133(20)|JGB6(30),9.982,10.064
2021-11-26,20Y,0.476,2,JGB178(20)|JGB35(30),19.817,19.817
2021-11-26,30Y,0.681,1,JGB72(30),29.815,29.815
2021-11-26,40Y,0.726,1,JGB14(40),39.313,39.313
2021-11-29,2Y,-0.1277,6,JGB WI(2)-12|JGB138(5)|JGB332(10)|JGB430(2)|JGB65(20)|JGB66(20),1.922,2.056
2021-11-29,5Y,-0.091,2,JGB345(10)|JGB92(20),5.057,5.057
2021-11-29,10Y,0.0827,3,JGB132(20)|JGB133(20)|JGB6(30),9.974,10.056
2021-11-29,20Y,0.4655,2,JGB178(20)|JGB35(30),19.808,19.808
2021-11-29,30Y,0.677,1,JGB72(30),29.807,29.807
2021-11-29,40Y,0.718,1,JGB14(40),39.305,39.305
2021-11-30,2Y,-0.1278,6,JGB WI(2)-12|JGB138(5)|JGB332(10)|JGB430(2)|JGB65(20)|JGB66(20),1.919,2.053
2021-11-30,5Y,-0.091,2,JGB345(10)|JGB92(20),5.054,5.054
2021-11-30,10Y,0.0823,3,JGB132(20)|JGB133(20)|JGB6(30),9.971,10.053
2021-11-30,20Y,0.4705,2,JGB178(20)|JGB35(30),19.806,19.806
2021-11-30,30Y,0.686,1,JGB72(30),29.804,29.804
2021-11-30,40Y,0.726,1,JGB14(40),39.302,39.302
2021-12-01,2Y,-0.124,5,JGB138(5)|JGB332(10)|JGB431(2)|JGB65(20)|JGB66(20),1.999,2.051
2021-12-01,5Y,-0.101,2,JGB345(10)|JGB92(20),5.051,5.051
2021-12-01,10Y,0.0667,3,JGB132(20)|JGB133(20)|JGB6(30),9.969,10.051
2021-12-01,20Y,0.45,2,JGB178(20)|JGB35(30),19.803,19.803
2021-12-01,30Y,0.6685,2,JGB WI(30)-12|JGB72(30),29.802,29.802
2021-12-01,40Y,0.718,1,JGB14(40),39.299,39.299
2021-12-02,2Y,-0.1242,5,JGB138(5)|JGB332(10)|JGB431(2)|JGB65(20)|JGB66(20),1.996,2.048
2021-12-02,5Y,-0.0955,2,JGB345(10)|JGB92(20),5.049,5.049
2021-12-02,10Y,0.072,3,JGB132(20)|JGB133(20)|JGB6(30),9.966,10.048
2021-12-02,20Y,0.4555,2,JGB178(20)|JGB35(30),19.8,19.8
2021-12-02,30Y,0.6685,2,JGB WI(30)-12|JGB72(30),29.799,29.799
2021-12-02,40Y,0.718,1,JGB14(40),39.296,39.296
2021-12-03,2Y,-0.12,5,JGB138(5)|JGB332(10)|JGB431(2)|JGB65(20)|JGB66(20),1.993,2.045
2021-12-03,5Y,-0.101,2,JGB345(10)|JGB92(20),5.046,5.046
2021-12-03,10Y,0.0667,3,JGB132(20)|JGB133(20)|JGB6(30),9.963,10.045
2021-12-03,20Y,0.4555,2,JGB178(20)|JGB35(30),19.797,19.797
2021-12-03,30Y,0.6735,2,JGB WI(30)-12|JGB72(30),29.796,29.796
2021-12-03,40Y,0.718,1,JGB14(40),39.294,39.294
2021-12-06,2Y,-0.1184,5,JGB138(5)|JGB332(10)|JGB431(2)|JGB65(20)|JGB66(20),1.985,2.037
2021-12-06,5Y,-0.1065,2,JGB345(10)|JGB92(20),5.038,5.038
2021-12-06,10Y,0.061,3,JGB132(20)|JGB133(20)|JGB6(30),9.955,10.037
2021-12-06,20Y,0.45,2,JGB178(20)|JGB35(30),19.789,19.789
2021-12-06,30Y,0.6685,2,JGB WI(30)-12|JGB72(30),29.788,29.788
2021-12-06,40Y,0.704,1,JGB14(40),39.285,39.285
2021-12-07,2Y,-0.1186,5,JGB138(5)|JGB332(10)|JGB431(2)|JGB65(20)|JGB66(20),1.982,2.034
2021-12-07,5Y,-0.111,2,JGB345(10)|JGB92(20),5.035,5.035
2021-12-07,10Y,0.048,3,JGB132(20)|JGB133(20)|JGB6(30),9.952,10.034
2021-12-07,20Y,0.445,2,JGB178(20)|JGB35(30),19.786,19.786
2021-12-07,30Y,0.664,2,JGB WI(30)-12|JGB72(30),29.785,29.785
2021-12-07,40Y,0.7,1,JGB14(40),39.283,39.283
2021-12-08,2Y,-0.1168,5,JGB138(5)|JGB332(10)|JGB431(2)|JGB65(20)|JGB66(20),1.979,2.031
2021-12-08,5Y,-0.1015,2,JGB345(10)|JGB92(20),5.032,5.032
2021-12-08,10Y,0.064,3,JGB132(20)|JGB133(20)|JGB6(30),9.949,10.031
2021-12-08,20Y,0.4605,2,JGB178(20)|JGB35(30),19.784,19.784
2021-12-08,30Y,0.676,1,JGB72(30),29.782,29.782
2021-12-08,40Y,0.704,1,JGB14(40),39.28,39.28
2021-12-09,2Y,-0.1172,5,JGB138(5)|JGB332(10)|JGB431(2)|JGB65(20)|JGB66(20),1.977,2.029
2021-12-09,5Y,-0.1025,2,JGB345(10)|JGB92(20),5.029,5.029
2021-12-09,10Y,0.0577,3,JGB132(20)|JGB133(20)|JGB6(30),9.947,10.029
2021-12-09,20Y,0.4555,2,JGB178(20)|JGB35(30),19.781,19.781
2021-12-09,30Y,0.669,1,JGB72(30),29.78,29.78
2021-12-09,40Y,0.704,1,JGB14(40),39.277,39.277
2021-12-10,2Y,-0.1158,5,JGB138(5)|JGB332(10)|JGB431(2)|JGB65(20)|JGB66(20),1.974,2.026
2021-12-10,5Y,-0.1,2,JGB345(10)|JGB92(20),5.027,5.027
2021-12-10,10Y,0.0577,3,JGB132(20)|JGB133(20)|JGB6(30),9.944,10.026
2021-12-10,20Y,0.4503,3,JGB WI(20)-12|JGB178(20)|JGB35(30),19.778,19.778
2021-12-10,30Y,0.672,1,JGB72(30),29.777,29.777
2021-12-10,40Y,0.713,1,JGB14(40),39.274,39.274
2021-12-13,2Y,-0.113,5,JGB138(5)|JGB332(10)|JGB431(2)|JGB65(20)|JGB66(20),1.966,2.018
2021-12-13,5Y,-0.0955,2,JGB345(10)|JGB92(20),5.018,5.018
2021-12-13,10Y,0.0627,3,JGB132(20)|JGB133(20)|JGB6(30),9.936,10.018
2021-12-13,20Y,0.4553,3,JGB WI(20)-12|JGB178(20)|JGB35(30),19.77,19.77
2021-12-13,30Y,0.672,1,JGB72(30),29.769,29.769
2021-12-13,40Y,0.709,1,JGB14(40),39.266,39.266
2021-12-14,2Y,-0.112,5,JGB138(5)|JGB332(10)|JGB431(2)|JGB65(20)|JGB66(20),1.963,2.015
2021-12-14,5Y,-0.1005,2,JGB345(10)|JGB92(20),5.016,5.016
2021-12-14,10Y,0.0577,3,JGB132(20)|JGB133(20)|JGB6(30),9.933,10.015
2021-12-14,20Y,0.4507,3,JGB WI(20)-12|JGB178(20)|JGB35(30),19.767,19.767
2021-12-14,30Y,0.663,1,JGB72(30),29.766,29.766
2021-12-14,40Y,0.703,1,JGB14(40),39.264,39.264
2021-12-15,2Y,-0.1164,5,JGB138(5)|JGB332(10)|JGB431(2)|JGB65(20)|JGB66(20),1.96,2.012
2021-12-15,5Y,-0.106,2,JGB345(10)|JGB92(20),5.013,5.013
2021-12-15,10Y,0.0573,3,JGB132(20)|JGB133(20)|JGB6(30),9.93,10.012
2021-12-15,20Y,0.4503,3,JGB WI(20)-12|JGB178(20)|JGB35(30),19.765,19.765
2021-12-15,30Y,0.663,1,JGB72(30),29.763,29.763
2021-12-15,40Y,0.704,1,JGB14(40),39.261,39.261
2021-12-16,2Y,-0.1178,5,JGB138(5)|JGB332(10)|JGB431(2)|JGB65(20)|JGB66(20),1.958,2.01
2021-12-16,5Y,-0.1065,2,JGB345(10)|JGB92(20),5.01,5.01
2021-12-16,10Y,0.0577,3,JGB132(20)|JGB133(20)|JGB6(30),9.927,10.01
2021-12-16,20Y,0.4503,3,JGB WI(20)-12|JGB178(20)|JGB35(30),19.762,19.762
2021-12-16,30Y,0.663,1,JGB72(30),29.76,29.76
2021-12-16,40Y,0.704,1,JGB14(40),39.258,39.258
2021-12-17,2Y,-0.117,5,JGB138(5)|JGB332(10)|JGB431(2)|JGB65(20)|JGB66(20),1.955,2.007
2021-12-17,5Y,-0.108,2,JGB345(10)|JGB92(20),5.008,5.008
2021-12-17,10Y,0.0523,3,JGB132(20)|JGB133(20)|JGB6(30),9.925,10.007
2021-12-17,20Y,0.442,2,JGB178(20)|JGB35(30),19.759,19.759
2021-12-17,30Y,0.654,1,JGB72(30),29.758,29.758
2021-12-17,40Y,0.695,1,JGB14(40),39.255,39.255
2021-12-20,2Y,-0.1176,5,JGB138(5)|JGB332(10)|JGB431(2)|JGB65(20)|JGB66(20),1.947,1.999
2021-12-20,5Y,-0.109,2,JGB345(10)|JGB92(20),4.999,4.999
2021-12-20,10Y,0.059,2,JGB132(20)|JGB133(20),9.999,9.999
2021-12-20,20Y,0.46,1,JGB36(30),20.246,20.246
2021-12-20,30Y,0.659,1,JGB5(40),30.248,30.248
2021-12-20,40Y,0.695,1,JGB14(40),39.247,39.247
2021-12-21,2Y,-0.1163,6,JGB WI(2)-01|JGB138(5)|JGB332(10)|JGB431(2)|JGB65(20)|JGB66(20),1.944,2.029
2021-12-21,5Y,-0.1145,2,JGB345(10)|JGB92(20),4.997,4.997
2021-12-21,10Y,0.048,2,JGB132(20)|JGB133(20),9.996,9.996
2021-12-21,20Y,0.455,1,JGB36(30),20.244,20.244
2021-12-21,30Y,0.659,1,JGB5(40),30.245,30.245
2021-12-21,40Y,0.695,1,JGB14(40),39.244,39.244
2021-12-22,2Y,-0.1122,6,JGB WI(2)-01|JGB138(5)|JGB332(10)|JGB431(2)|JGB65(20)|JGB66(20),1.941,2.026
2021-12-22,5Y,-0.1025,2,JGB345(10)|JGB92(20),4.994,4.994
2021-12-22,10Y,0.064,2,JGB132(20)|JGB133(20),9.993,9.993
2021-12-22,20Y,0.466,1,JGB36(30),20.241,20.241
2021-12-22,30Y,0.669,1,JGB5(40),30.242,30.242
2021-12-22,40Y,0.709,1,JGB14(40),39.242,39.242
2021-12-23,2Y,-0.1053,6,JGB WI(2)-01|JGB138(5)|JGB332(10)|JGB431(2)|JGB65(20)|JGB66(20),1.938,2.023
2021-12-23,5Y,-0.0925,2,JGB345(10)|JGB92(20),4.991,4.991
2021-12-23,10Y,0.07,2,JGB132(20)|JGB133(20),9.99,9.99
2021-12-23,20Y,0.473,1,JGB36(30),20.238,20.238
2021-12-23,30Y,0.675,1,JGB5(40),30.24,30.24
2021-12-23,40Y,0.709,1,JGB14(40),39.239,39.239
2021-12-24,2Y,-0.1007,6,JGB WI(2)-01|JGB138(5)|JGB332(10)|JGB431(2)|JGB65(20)|JGB66(20),1.936,2.021
2021-12-24,5Y,-0.093,2,JGB345(10)|JGB92(20),4.988,4.988
2021-12-24,10Y,0.075,2,JGB132(20)|JGB133(20),9.988,9.988
2021-12-24,20Y,0.476,1,JGB36(30),20.235,20.235
2021-12-24,30Y,0.685,1,JGB5(40),30.237,30.237
2021-12-24,40Y,0.718,1,JGB14(40),39.236,39.236
2021-12-27,2Y,-0.1008,6,JGB WI(2)-01|JGB138(5)|JGB332(10)|JGB431(2)|JGB65(20)|JGB66(20),1.927,2.012
2021-12-27,5Y,-0.091,2,JGB345(10)|JGB92(20),4.98,4.98
2021-12-27,10Y,0.075,2,JGB132(20)|JGB133(20),9.979,9.979
2021-12-27,20Y,0.482,1,JGB36(30),20.227,20.227
2021-12-27,30Y,0.68,1,JGB5(40),30.229,30.229
2021-12-27,40Y,0.72,1,JGB14(40),39.228,39.228
2021-12-28,2Y,-0.0998,6,JGB138(5)|JGB332(10)|JGB431(2)|JGB432(2)|JGB65(20)|JGB66(20),1.925,2.01
2021-12-28,5Y,-0.0875,2,JGB345(10)|JGB92(20),4.977,4.977
2021-12-28,10Y,0.075,2,JGB132(20)|JGB133(20),9.977,9.977
2021-12-28,20Y,0.477,1,JGB36(30),20.225,20.225
2021-12-28,30Y,0.675,1,JGB5(40),30.226,30.226
2021-12-28,40Y,0.721,1,JGB14(40),39.225,39.225
2021-12-29,2Y,-0.101,6,JGB138(5)|JGB332(10)|JGB431(2)|JGB432(2)|JGB65(20)|JGB66(20),1.922,2.007
2021-12-29,5Y,-0.087,2,JGB345(10)|JGB92(20),4.975,4.975
2021-12-29,10Y,0.0753,3,JGB WI(10)-01|JGB132(20)|JGB133(20),9.974,9.974
2021-12-29,20Y,0.482,1,JGB36(30),20.222,20.222
2021-12-29,30Y,0.685,1,JGB WI(30)-01,29.974,29.974
2021-12-29,40Y,0.731,1,JGB14(40),39.222,39.222
2021-12-30,2Y,-0.1033,6,JGB138(5)|JGB332(10)|JGB431(2)|JGB432(2)|JGB65(20)|JGB66(20),1.919,2.004
2021-12-30,5Y,-0.0875,2,JGB345(10)|JGB92(20),4.972,4.972
2021-12-30,10Y,0.071,3,JGB WI(10)-01|JGB132(20)|JGB133(20),9.971,9.971
2021-12-30,20Y,0.479,1,JGB36(30),20.219,20.219
2021-12-30,30Y,0.685,1,JGB WI(30)-01,29.971,29.971
2021-12-30,40Y,0.731,1,JGB14(40),39.22,39.22
2022-01-04,2Y,-0.0974,5,JGB138(5)|JGB332(10)|JGB432(2)|JGB65(20)|JGB66(20),1.958,1.99
2022-01-04,5Y,-0.0825,2,JGB345(10)|JGB92(20),4.958,4.958
2022-01-04,10Y,0.0857,3,JGB WI(10)-01|JGB132(20)|JGB133(20),9.958,9.958
2022-01-04,20Y,0.487,1,JGB36(30),20.205,20.205
2022-01-04,30Y,0.695,1,JGB WI(30)-01,29.958,29.958
2022-01-04,40Y,0.74,1,JGB14(40),39.206,39.206
2022-01-05,2Y,-0.092,5,JGB138(5)|JGB332(10)|JGB432(2)|JGB65(20)|JGB66(20),1.955,1.988
2022-01-05,5Y,-0.073,2,JGB345(10)|JGB92(20),4.956,4.956
2022-01-05,10Y,0.101,3,JGB WI(10)-01|JGB132(20)|JGB133(20),9.955,9.955
2022-01-05,20Y,0.498,1,JGB36(30),20.203,20.203
2022-01-05,30Y,0.695,1,JGB WI(30)-01,29.955,29.955
2022-01-05,40Y,0.74,1,JGB14(40),39.203,39.203
2022-01-06,2Y,-0.0926,5,JGB138(5)|JGB332(10)|JGB432(2)|JGB65(20)|JGB66(20),1.952,1.985
2022-01-06,5Y,-0.0707,3,JGB WI(5)-01|JGB345(10)|JGB92(20),4.953,4.953
2022-01-06,10Y,0.0963,3,JGB132(20)|JGB133(20)|JGB365(10),9.952,9.952
2022-01-06,20Y,0.498,1,JGB36(30),20.2,20.2
2022-01-06,30Y,0.7,1,JGB WI(30)-01,29.952,29.952
2022-01-06,40Y,0.744,1,JGB14(40),39.201,39.201
2022-01-07,2Y,-0.0878,5,JGB138(5)|JGB332(10)|JGB432(2)|JGB65(20)|JGB66(20),1.949,1.982
2022-01-07,5Y,-0.055,3,JGB WI(5)-01|JGB345(10)|JGB92(20),4.95,4.95
2022-01-07,10Y,0.1167,3,JGB132(20)|JGB133(20)|JGB365(10),9.949,9.949
2022-01-07,20Y,0.516,1,JGB36(30),20.197,20.197
2022-01-07,30Y,0.715,1,JGB WI(30)-01,29.949,29.949
2022-01-07,40Y,0.753,1,JGB14(40),39.198,39.198
2022-01-11,2Y,-0.079,5,JGB138(5)|JGB332(10)|JGB432(2)|JGB65(20)|JGB66(20),1.938,1.971
2022-01-11,5Y,-0.041,3,JGB WI(5)-01|JGB345(10)|JGB92(20),4.939,4.939
2022-01-11,10Y,0.1297,3,JGB132(20)|JGB133(20)|JGB365(10),9.938,9.938
2022-01-11,20Y,0.53,1,JGB WI(20)-01,19.94,19.94
2022-01-11,30Y,0.709,1,JGB73(30),29.938,29.938
2022-01-11,40Y,0.749,1,JGB14(40),39.187,39.187
2022-01-12,2Y,-0.0782,5,JGB138(5)|JGB332(10)|JGB432(2)|JGB65(20)|JGB66(20),1.936,1.969
2022-01-12,5Y,-0.026,3,JGB WI(5)-01|JGB345(10)|JGB92(20),4.936,4.936
2022-01-12,10Y,0.1493,3,JGB132(20)|JGB133(20)|JGB365(10),9.936,9.936
2022-01-12,20Y,0.54,1,JGB WI(20)-01,19.937,19.937
2022-01-12,30Y,0.713,1,JGB73(30),29.936,29.936
2022-01-12,40Y,0.749,1,JGB14(40),39.184,39.184
2022-01-13,2Y,-0.0816,5,JGB138(5)|JGB332(10)|JGB432(2)|JGB65(20)|JGB66(20),1.933,1.966
2022-01-13,5Y,-0.046,3,JGB150(5)|JGB345(10)|JGB92(20),4.934,4.934
2022-01-13,10Y,0.1237,3,JGB132(20)|JGB133(20)|JGB365(10),9.933,9.933
2022-01-13,20Y,0.515,1,JGB WI(20)-01,19.934,19.934
2022-01-13,30Y,0.7,1,JGB73(30),29.933,29.933
2022-01-13,40Y,0.739,1,JGB14(40),39.181,39.181
2022-01-14,2Y,-0.083,5,JGB138(5)|JGB332(10)|JGB432(2)|JGB65(20)|JGB66(20),1.93,1.963
2022-01-14,5Y,-0.041,3,JGB150(5)|JGB345(10)|JGB92(20),4.931,4.931
2022-01-14,10Y,0.1237,3,JGB132(20)|JGB133(20)|JGB365(10),9.93,9.93
2022-01-14,20Y,0.515,1,JGB WI(20)-01,19.932,19.932
2022-01-14,30Y,0.703,1,JGB73(30),29.93,29.93
2022-01-14,40Y,0.74,1,JGB14(40),39.179,39.179
2022-01-17,2Y,-0.073,5,JGB138(5)|JGB332(10)|JGB432(2)|JGB65(20)|JGB66(20),1.922,1.955
2022-01-17,5Y,-0.021,3,JGB150(5)|JGB345(10)|JGB92(20),4.923,4.923
2022-01-17,10Y,0.1447,3,JGB132(20)|JGB133(20)|JGB365(10),9.922,9.922
2022-01-17,20Y,0.533,1,JGB179(20),19.923,19.923
2022-01-17,30Y,0.718,1,JGB73(30),29.922,29.922
2022-01-17,40Y,0.749,1,JGB14(40),39.17,39.17
2022-01-18,2Y,-0.0742,5,JGB138(5)|JGB332(10)|JGB432(2)|JGB65(20)|JGB66(20),1.919,1.952
2022-01-18,5Y,-0.0257,3,JGB150(5)|JGB345(10)|JGB92(20),4.92,4.92
2022-01-18,10Y,0.139,3,JGB132(20)|JGB133(20)|JGB365(10),9.919,9.919
2022-01-18,20Y,0.529,1,JGB179(20),19.921,19.921
2022-01-18,30Y,0.709,1,JGB73(30),29.919,29.919
2022-01-18,40Y,0.74,1,JGB14(40),39.168,39.168
2022-01-19,2Y,-0.071,1,JGB432(2),1.949,1.949
2022-01-19,5Y,-0.0253,3,JGB150(5)|JGB345(10)|JGB92(20),4.917,4.917
2022-01-19,10Y,0.1447,3,JGB132(20)|JGB133(20)|JGB365(10),9.916,9.916
2022-01-19,20Y,0.529,1,JGB179(20),19.918,19.918
2022-01-19,30Y,0.709,1,JGB73(30),29.916,29.916
2022-01-19,40Y,0.7445,2,JGB WI(40)-01|JGB14(40),39.165,39.165
2022-01-20,2Y,-0.076,1,JGB432(2),1.947,1.947
2022-01-20,5Y,-0.041,3,JGB150(5)|JGB345(10)|JGB92(20),4.914,4.914
2022-01-20,10Y,0.132,3,JGB132(20)|JGB133(20)|JGB365(10),9.914,9.914
2022-01-20,20Y,0.524,1,JGB179(20),19.915,19.915
2022-01-20,30Y,0.704,1,JGB73(30),29.914,29.914
2022-01-20,40Y,0.7445,2,JGB WI(40)-01|JGB14(40),39.162,39.162
2022-01-21,2Y,-0.0705,2,JGB WI(2)-02|JGB432(2),1.944,2.029
2022-01-21,5Y,-0.031,3,JGB150(5)|JGB345(10)|JGB92(20),4.912,4.912
2022-01-21,10Y,0.1393,3,JGB132(20)|JGB133(20)|JGB365(10),9.911,9.911
2022-01-21,20Y,0.533,1,JGB179(20),19.912,19.912
2022-01-21,30Y,0.713,1,JGB73(30),29.911,29.911
2022-01-21,40Y,0.754,2,JGB WI(40)-01|JGB14(40),39.159,39.159
2022-01-24,2Y,-0.071,2,JGB WI(2)-02|JGB432(2),1.936,2.021
2022-01-24,5Y,-0.0353,3,JGB150(5)|JGB345(10)|JGB92(20),4.903,4.903
2022-01-24,10Y,0.129,3,JGB132(20)|JGB133(20)|JGB365(10),9.903,9.903
2022-01-24,20Y,0.524,1,JGB179(20),19.904,19.904
2022-01-24,30Y,0.709,1,JGB73(30),29.903,29.903
2022-01-24,40Y,0.7495,2,JGB WI(40)-01|JGB14(40),39.151,39.151
2022-01-25,2Y,-0.0665,2,JGB WI(2)-02|JGB432(2),1.933,2.018
2022-01-25,5Y,-0.0323,3,JGB150(5)|JGB345(10)|JGB92(20),4.901,4.901
2022-01-25,10Y,0.1343,3,JGB132(20)|JGB133(20)|JGB365(10),9.9,9.9
2022-01-25,20Y,0.524,1,JGB179(20),19.901,19.901
2022-01-25,30Y,0.718,1,JGB73(30),29.9,29.9
2022-01-25,40Y,0.754,2,JGB WI(40)-01|JGB14(40),39.149,39.149
2022-01-26,2Y,-0.066,2,JGB WI(2)-02|JGB432(2),1.93,2.015
2022-01-26,5Y,-0.033,3,JGB150(5)|JGB345(10)|JGB92(20),4.898,4.898
2022-01-26,10Y,0.1343,4,JGB WI(10)-02|JGB132(20)|JGB133(20)|JGB365(10),9.897,9.897
2022-01-26,20Y,0.524,1,JGB179(20),19.899,19.899
2022-01-26,30Y,0.718,1,JGB73(30),29.897,29.897
2022-01-26,40Y,0.757,1,JGB14(40),39.146,39.146
2022-01-27,2Y,-0.066,2,JGB WI(2)-02|JGB432(2),1.927,2.012
2022-01-27,5Y,-0.0267,3,JGB150(5)|JGB345(10)|JGB92(20),4.895,4.895
2022-01-27,10Y,0.1345,4,JGB WI(10)-02|JGB132(20)|JGB133(20)|JGB365(10),9.895,9.895
2022-01-27,20Y,0.519,1,JGB179(20),19.896,19.896
2022-01-27,30Y,0.718,1,JGB73(30),29.895,29.895
2022-01-27,40Y,0.762,1,JGB14(40),39.143,39.143
2022-01-28,2Y,-0.0555,2,JGB432(2)|JGB433(2),1.925,2.01
2022-01-28,5Y,-0.014,3,JGB150(5)|JGB345(10)|JGB92(20),4.893,4.893
2022-01-28,10Y,0.1547,4,JGB WI(10)-02|JGB132(20)|JGB133(20)|JGB365(10),9.892,9.892
2022-01-28,20Y,0.543,1,JGB179(20),19.893,19.893
2022-01-28,30Y,0.735,2,JGB WI(30)-02|JGB73(30),29.892,29.892
2022-01-28,40Y,0.771,1,JGB14(40),39.14,39.14
2022-01-31,2Y,-0.054,1,JGB433(2),2.001,2.001
2022-01-31,5Y,-0.019,3,JGB150(5)|JGB345(10)|JGB92(20),4.884,4.884
2022-01-31,10Y,0.1653,4,JGB WI(10)-02|JGB132(20)|JGB133(20)|JGB365(10),9.884,9.884
2022-01-31,20Y,0.547,1,JGB179(20),19.885,19.885
2022-01-31,30Y,0.75,2,JGB WI(30)-02|JGB73(30),29.884,29.884
2022-01-31,40Y,0.793,1,JGB14(40),39.132,39.132
2022-02-01,2Y,-0.054,1,JGB433(2),1.999,1.999
2022-02-01,5Y,-0.0187,3,JGB150(5)|JGB345(10)|JGB92(20),4.882,4.882
2022-02-01,10Y,0.1705,4,JGB WI(10)-02|JGB132(20)|JGB133(20)|JGB365(10),9.881,9.881
2022-02-01,20Y,0.557,1,JGB179(20),19.882,19.882
2022-02-01,30Y,0.769,2,JGB WI(30)-02|JGB73(30),29.881,29.881
2022-02-01,40Y,0.806,1,JGB14(40),39.129,39.129
2022-02-02,2Y,-0.049,1,JGB433(2),1.996,1.996
2022-02-02,5Y,-0.0033,3,JGB150(5)|JGB345(10)|JGB92(20),4.879,4.879
2022-02-02,10Y,0.1807,3,JGB132(20)|JGB133(20)|JGB365(10),9.878,9.878
2022-02-02,20Y,0.571,1,JGB179(20),19.88,19.88
2022-02-02,30Y,0.7805,2,JGB WI(30)-02|JGB73(30),29.878,29.878
2022-02-02,40Y,0.814,1,JGB14(40),39.127,39.127
2022-02-03,2Y,-0.05,1,JGB433(2),1.993,1.993
2022-02-03,5Y,-0.009,3,JGB346(10)|JGB93(20)|JGB94(20),5.123,5.123
2022-02-03,10Y,0.1833,6,JGB132(20)|JGB133(20)|JGB134(20)|JGB135(20)|JGB136(20)|JGB365(10),9.875,10.125
2022-02-03,20Y,0.5795,2,JGB179(20)|JGB36(30),19.877,20.123
2022-02-03,30Y,0.7913,3,JGB WI(30)-02|JGB5(40)|JGB73(30),29.875,30.125
2022-02-03,40Y,0.823,1,JGB14(40),39.124,39.124
2022-02-04,2Y,-0.05,1,JGB433(2),1.99,1.99
2022-02-04,5Y,-0.009,3,JGB346(10)|JGB93(20)|JGB94(20),5.12,5.12
2022-02-04,10Y,0.192,3,JGB134(20)|JGB135(20)|JGB136(20),10.122,10.122
2022-02-04,20Y,0.58,1,JGB36(30),20.12,20.12
2022-02-04,30Y,0.78,1,JGB5(40),30.122,30.122
2022-02-04,40Y,0.81,1,JGB14(40),39.121,39.121
2022-02-07,2Y,-0.045,1,JGB433(2),1.982,1.982
2022-02-07,5Y,0.0107,3,JGB346(10)|JGB93(20)|JGB94(20),5.112,5.112
2022-02-07,10Y,0.2137,3,JGB134(20)|JGB135(20)|JGB136(20),10.114,10.114
2022-02-07,20Y,0.605,1,JGB36(30),20.112,20.112
2022-02-07,30Y,0.796,1,JGB5(40),30.114,30.114
2022-02-07,40Y,0.828,1,JGB14(40),39.113,39.113
2022-02-08,2Y,-0.045,1,JGB433(2),1.979,1.979
2022-02-08,5Y,0.0113,3,JGB346(10)|JGB93(20)|JGB94(20),5.109,5.109
2022-02-08,10Y,0.213,3,JGB134(20)|JGB135(20)|JGB136(20),10.111,10.111
2022-02-08,20Y,0.621,1,JGB36(30),20.11,20.11
2022-02-08,30Y,0.817,1,JGB5(40),30.111,30.111
2022-02-08,40Y,0.853,1,JGB14(40),39.11,39.11
2022-02-09,2Y,-0.04,1,JGB433(2),1.977,1.977
2022-02-09,5Y,0.0217,3,JGB346(10)|JGB93(20)|JGB94(20),5.106,5.106
2022-02-09,10Y,0.223,3,JGB134(20)|JGB135(20)|JGB136(20),10.108,10.108
2022-02-09,20Y,0.649,1,JGB36(30),20.107,20.107
2022-02-09,30Y,0.843,1,JGB5(40),30.108,30.108
2022-02-09,40Y,0.879,1,JGB14(40),39.107,39.107
2022-02-10,2Y,-0.04,1,JGB433(2),1.974,1.974
2022-02-10,5Y,0.021,3,JGB346(10)|JGB93(20)|JGB94(20),5.103,5.103
2022-02-10,10Y,0.223,3,JGB134(20)|JGB135(20)|JGB136(20),10.105,10.105
2022-02-10,20Y,0.632,1,JGB36(30),20.104,20.104
2022-02-10,30Y,0.817,1,JGB5(40),30.105,30.105
2022-02-10,40Y,0.853,1,JGB14(40),39.105,39.105
2022-02-14,2Y,-0.03,1,JGB433(2),1.963,1.963
2022-02-14,5Y,0.0337,3,JGB346(10)|JGB93(20)|JGB94(20),5.092,5.092
2022-02-14,10Y,0.239,3,JGB134(20)|JGB135(20)|JGB136(20),10.094,10.094
2022-02-14,20Y,0.658,1,JGB36(30),20.093,20.093
2022-02-14,30Y,0.856,1,JGB5(40),30.094,30.094
2022-02-14,40Y,0.891,1,JGB14(40),39.094,39.094
2022-02-15,2Y,-0.03,1,JGB433(2),1.96,1.96
2022-02-15,5Y,0.0407,3,JGB346(10)|JGB93(20)|JGB94(20),5.09,5.09
2022-02-15,10Y,0.229,3,JGB134(20)|JGB135(20)|JGB136(20),10.092,10.092
2022-02-15,20Y,0.67,1,JGB36(30),20.09,20.09
2022-02-15,30Y,0.869,1,JGB5(40),30.092,30.092
2022-02-15,40Y,0.904,1,JGB14(40),39.091,39.091
2022-02-16,2Y,-0.025,1,JGB433(2),1.958,1.958
2022-02-16,5Y,0.0453,3,JGB346(10)|JGB93(20)|JGB94(20),5.087,5.087
2022-02-16,10Y,0.229,3,JGB134(20)|JGB135(20)|JGB136(20),10.089,10.089
2022-02-16,20Y,0.683,1,JGB36(30),20.088,20.088
2022-02-16,30Y,0.879,1,JGB5(40),30.089,30.089
2022-02-16,40Y,0.913,1,JGB14(40),39.088,39.088
2022-02-17,2Y,-0.02,1,JGB433(2),1.955,1.955
2022-02-17,5Y,0.0573,3,JGB346(10)|JGB93(20)|JGB94(20),5.084,5.084
2022-02-17,10Y,0.2297,3,JGB134(20)|JGB135(20)|JGB136(20),10.086,10.086
2022-02-17,20Y,0.7,1,JGB36(30),20.085,20.085
2022-02-17,30Y,0.91,1,JGB5(40),30.086,30.086
2022-02-17,40Y,0.934,1,JGB14(40),39.086,39.086
2022-02-18,2Y,-0.01,1,JGB433(2),1.952,1.952
2022-02-18,5Y,0.0617,3,JGB346(10)|JGB93(20)|JGB94(20),5.081,5.081
2022-02-18,10Y,0.234,3,JGB134(20)|JGB135(20)|JGB136(20),10.084,10.084
2022-02-18,20Y,0.736,1,JGB36(30),20.082,20.082
2022-02-18,30Y,0.96,1,JGB5(40),30.084,30.084
2022-02-18,40Y,0.979,1,JGB14(40),39.083,39.083
2022-02-21,2Y,-0.0101,7,JGB WI(2)-03|JGB139(5)|JGB333(10)|JGB433(2)|JGB67(20)|JGB68(20)|JGB69(20),1.944,2.075
2022-02-21,5Y,0.0553,3,JGB346(10)|JGB93(20)|JGB94(20),5.073,5.073
2022-02-21,10Y,0.2277,3,JGB134(20)|JGB135(20)|JGB136(20),10.075,10.075
2022-02-21,20Y,0.695,1,JGB36(30),20.074,20.074
2022-02-21,30Y,0.914,1,JGB5(40),30.075,30.075
2022-02-21,40Y,0.938,1,JGB14(40),39.075,39.075
2022-02-22,2Y,-0.0169,7,JGB WI(2)-03|JGB139(5)|JGB333(10)|JGB433(2)|JGB67(20)|JGB68(20)|JGB69(20),1.941,2.073
2022-02-22,5Y,0.0457,3,JGB346(10)|JGB93(20)|JGB94(20),5.07,5.07
2022-02-22,10Y,0.216,3,JGB134(20)|JGB135(20)|JGB136(20),10.073,10.073
2022-02-22,20Y,0.667,1,JGB36(30),20.071,20.071
2022-02-22,30Y,0.874,1,JGB5(40),30.073,30.073
2022-02-22,40Y,0.904,1,JGB14(40),39.072,39.072
2022-02-24,2Y,-0.0267,7,JGB WI(2)-03|JGB139(5)|JGB333(10)|JGB433(2)|JGB67(20)|JGB68(20)|JGB69(20),1.936,2.067
2022-02-24,5Y,0.0263,3,JGB346(10)|JGB93(20)|JGB94(20),5.065,5.065
2022-02-24,10Y,0.2023,3,JGB134(20)|JGB135(20)|JGB136(20),10.067,10.067
2022-02-24,20Y,0.642,1,JGB36(30),20.066,20.066
2022-02-24,30Y,0.847,1,JGB5(40),30.067,30.067
2022-02-24,40Y,0.878,1,JGB14(40),39.066,39.066
2022-02-25,2Y,-0.0271,7,JGB WI(2)-03|JGB139(5)|JGB333(10)|JGB433(2)|JGB67(20)|JGB68(20)|JGB69(20),1.933,2.064
2022-02-25,5Y,0.02,3,JGB346(10)|JGB93(20)|JGB94(20),5.062,5.062
2022-02-25,10Y,0.197,3,JGB134(20)|JGB135(20)|JGB136(20),10.064,10.064
2022-02-25,20Y,0.647,1,JGB36(30),20.063,20.063
2022-02-25,30Y,0.864,1,JGB5(40),30.064,30.064
2022-02-25,40Y,0.892,1,JGB14(40),39.064,39.064
2022-02-28,2Y,-0.0241,7,JGB139(5)|JGB333(10)|JGB433(2)|JGB434(2)|JGB67(20)|JGB68(20)|JGB69(20),1.925,2.056
2022-02-28,5Y,0.0313,3,JGB346(10)|JGB93(20)|JGB94(20),5.054,5.054
2022-02-28,10Y,0.218,3,JGB134(20)|JGB135(20)|JGB136(20),10.056,10.056
2022-02-28,20Y,0.68,1,JGB36(30),20.055,20.055
2022-02-28,30Y,0.902,1,JGB5(40),30.056,30.056
2022-02-28,40Y,0.927,1,JGB14(40),39.055,39.055
2022-03-01,2Y,-0.0337,7,JGB139(5)|JGB333(10)|JGB433(2)|JGB434(2)|JGB67(20)|JGB68(20)|JGB69(20),1.922,2.053
2022-03-01,5Y,0.011,3,JGB346(10)|JGB93(20)|JGB94(20),5.051,5.051
2022-03-01,10Y,0.192,3,JGB134(20)|JGB135(20)|JGB136(20),10.053,10.053
2022-03-01,20Y,0.647,1,JGB36(30),20.052,20.052
2022-03-01,30Y,0.868,1,JGB5(40),30.053,30.053
2022-03-01,40Y,0.9,1,JGB14(40),39.053,39.053
2022-03-02,2Y,-0.0337,7,JGB139(5)|JGB333(10)|JGB433(2)|JGB434(2)|JGB67(20)|JGB68(20)|JGB69(20),1.919,2.051
2022-03-02,5Y,0.0097,3,JGB346(10)|JGB93(20)|JGB94(20),5.049,5.049
2022-03-02,10Y,0.1863,3,JGB134(20)|JGB135(20)|JGB136(20),10.051,10.051
2022-03-02,20Y,0.652,1,JGB36(30),20.049,20.049
2022-03-02,30Y,0.879,1,JGB5(40),30.051,30.051
2022-03-02,40Y,0.909,1,JGB14(40),39.05,39.05
2022-03-03,2Y,-0.0487,6,JGB139(5)|JGB333(10)|JGB434(2)|JGB67(20)|JGB68(20)|JGB69(20),1.996,2.048
2022-03-03,5Y,-0.0243,3,JGB346(10)|JGB93(20)|JGB94(20),5.046,5.046
2022-03-03,10Y,0.1453,3,JGB134(20)|JGB135(20)|JGB136(20),10.048,10.048
2022-03-03,20Y,0.61,1,JGB36(30),20.047,20.047
2022-03-03,30Y,0.842,1,JGB5(40),30.048,30.048
2022-03-03,40Y,0.875,1,JGB14(40),39.047,39.047
2022-03-04,2Y,-0.0372,6,JGB139(5)|JGB333(10)|JGB434(2)|JGB67(20)|JGB68(20)|JGB69(20),1.993,2.045
2022-03-04,5Y,0.0003,3,JGB346(10)|JGB93(20)|JGB94(20),5.043,5.043
2022-03-04,10Y,0.1813,3,JGB134(20)|JGB135(20)|JGB136(20),10.045,10.045
2022-03-04,20Y,0.631,1,JGB36(30),20.044,20.044
2022-03-04,30Y,0.844,1,JGB5(40),30.045,30.045
2022-03-04,40Y,0.875,1,JGB14(40),39.044,39.044
2022-03-07,2Y,-0.042,6,JGB139(5)|JGB333(10)|JGB434(2)|JGB67(20)|JGB68(20)|JGB69(20),1.985,2.037
2022-03-07,5Y,-0.0033,3,JGB346(10)|JGB93(20)|JGB94(20),5.035,5.035
2022-03-07,10Y,0.1653,3,JGB134(20)|JGB135(20)|JGB136(20),10.037,10.037
2022-03-07,20Y,0.615,1,JGB36(30),20.036,20.036
2022-03-07,30Y,0.826,1,JGB5(40),30.037,30.037
2022-03-07,40Y,0.858,1,JGB14(40),39.036,39.036
2022-03-08,2Y,-0.0533,6,JGB139(5)|JGB333(10)|JGB434(2)|JGB67(20)|JGB68(20)|JGB69(20),1.982,2.034
2022-03-08,5Y,-0.0193,3,JGB346(10)|JGB93(20)|JGB94(20),5.032,5.032
2022-03-08,10Y,0.1497,3,JGB134(20)|JGB135(20)|JGB136(20),10.034,10.034
2022-03-08,20Y,0.605,1,JGB36(30),20.033,20.033
2022-03-08,30Y,0.817,1,JGB5(40),30.034,30.034
2022-03-08,40Y,0.846,1,JGB14(40),39.034,39.034
2022-03-09,2Y,-0.0475,6,JGB139(5)|JGB333(10)|JGB434(2)|JGB67(20)|JGB68(20)|JGB69(20),1.979,2.031
2022-03-09,5Y,-0.013,3,JGB346(10)|JGB93(20)|JGB94(20),5.029,5.029
2022-03-09,10Y,0.1653,3,JGB134(20)|JGB135(20)|JGB136(20),10.031,10.031
2022-03-09,20Y,0.642,1,JGB36(30),20.03,20.03
2022-03-09,30Y,0.863,1,JGB5(40),30.031,30.031
2022-03-09,40Y,0.888,1,JGB14(40),39.031,39.031
2022-03-10,2Y,-0.0433,6,JGB139(5)|JGB333(10)|JGB434(2)|JGB67(20)|JGB68(20)|JGB69(20),1.977,2.029
2022-03-10,5Y,-0.0037,3,JGB346(10)|JGB93(20)|JGB94(20),5.027,5.027
2022-03-10,10Y,0.1747,3,JGB134(20)|JGB135(20)|JGB136(20),10.029,10.029
2022-03-10,20Y,0.637,1,JGB36(30),20.027,20.027
2022-03-10,30Y,0.853,1,JGB5(40),30.029,30.029
2022-03-10,40Y,0.879,1,JGB14(40),39.028,39.028
2022-03-11,2Y,-0.0323,6,JGB139(5)|JGB333(10)|JGB434(2)|JGB67(20)|JGB68(20)|JGB69(20),1.974,2.026
2022-03-11,5Y,0.0157,3,JGB346(10)|JGB93(20)|JGB94(20),5.024,5.024
2022-03-11,10Y,0.202,3,JGB134(20)|JGB135(20)|JGB136(20),10.026,10.026
2022-03-11,20Y,0.658,1,JGB36(30),20.025,20.025
2022-03-11,30Y,0.863,1,JGB5(40),30.026,30.026
2022-03-11,40Y,0.883,1,JGB14(40),39.025,39.025
2022-03-14,2Y,-0.0328,6,JGB139(5)|JGB333(10)|JGB434(2)|JGB67(20)|JGB68(20)|JGB69(20),1.966,2.018
2022-03-14,5Y,0.0163,3,JGB346(10)|JGB93(20)|JGB94(20),5.016,5.016
2022-03-14,10Y,0.197,3,JGB134(20)|JGB135(20)|JGB136(20),10.018,10.018
2022-03-14,20Y,0.658,1,JGB36(30),20.016,20.016
2022-03-14,30Y,0.863,1,JGB5(40),30.018,30.018
2022-03-14,40Y,0.883,1,JGB14(40),39.017,39.017
2022-03-15,2Y,-0.0335,6,JGB139(5)|JGB333(10)|JGB434(2)|JGB67(20)|JGB68(20)|JGB69(20),1.963,2.015
2022-03-15,5Y,0.0267,3,JGB346(10)|JGB93(20)|JGB94(20),5.013,5.013
2022-03-15,10Y,0.208,3,JGB134(20)|JGB135(20)|JGB136(20),10.015,10.015
2022-03-15,20Y,0.663,1,JGB36(30),20.014,20.014
2022-03-15,30Y,0.853,1,JGB5(40),30.015,30.015
2022-03-15,40Y,0.87,1,JGB14(40),39.014,39.014
2022-03-16,2Y,-0.0312,6,JGB139(5)|JGB333(10)|JGB434(2)|JGB67(20)|JGB68(20)|JGB69(20),1.96,2.012
2022-03-16,5Y,0.038,3,JGB346(10)|JGB93(20)|JGB94(20),5.01,5.01
2022-03-16,10Y,0.2197,3,JGB134(20)|JGB135(20)|JGB136(20),10.012,10.012
2022-03-16,20Y,0.695,1,JGB36(30),20.011,20.011
2022-03-16,30Y,0.889,1,JGB5(40),30.012,30.012
2022-03-16,40Y,0.904,1,JGB14(40),39.012,39.012
2022-03-17,2Y,-0.031,6,JGB139(5)|JGB333(10)|JGB434(2)|JGB67(20)|JGB68(20)|JGB69(20),1.958,2.01
2022-03-17,5Y,0.0313,3,JGB346(10)|JGB93(20)|JGB94(20),5.008,5.008
2022-03-17,10Y,0.213,3,JGB134(20)|JGB135(20)|JGB136(20),10.01,10.01
2022-03-17,20Y,0.679,1,JGB36(30),20.008,20.008
2022-03-17,30Y,0.879,1,JGB5(40),30.01,30.01
2022-03-17,40Y,0.896,1,JGB14(40),39.009,39.009
2022-03-18,2Y,-0.0318,6,JGB139(5)|JGB333(10)|JGB434(2)|JGB67(20)|JGB68(20)|JGB69(20),1.955,2.007
2022-03-18,5Y,0.0307,3,JGB346(10)|JGB93(20)|JGB94(20),5.005,5.005
2022-03-18,10Y,0.213,3,JGB134(20)|JGB135(20)|JGB136(20),10.007,10.007
2022-03-18,20Y,0.669,1,JGB36(30),20.005,20.005
2022-03-18,30Y,0.877,1,JGB5(40),30.007,30.007
2022-03-18,40Y,0.894,1,JGB14(40),39.006,39.006
2022-03-22,2Y,-0.027,6,JGB139(5)|JGB333(10)|JGB434(2)|JGB67(20)|JGB68(20)|JGB69(20),1.944,1.996
2022-03-22,5Y,0.0373,3,JGB346(10)|JGB93(20)|JGB94(20),4.994,4.994
2022-03-22,10Y,0.2183,3,JGB134(20)|JGB135(20)|JGB136(20),9.996,9.996
2022-03-22,20Y,0.673,1,JGB36(30),19.995,19.995
2022-03-22,30Y,0.874,1,JGB5(40),29.996,29.996
2022-03-22,40Y,0.892,1,JGB14(40),38.995,38.995
2022-03-23,2Y,-0.0242,6,JGB139(5)|JGB333(10)|JGB434(2)|JGB67(20)|JGB68(20)|JGB69(20),1.941,1.993
2022-03-23,5Y,0.0463,3,JGB346(10)|JGB93(20)|JGB94(20),4.991,4.991
2022-03-23,10Y,0.2287,3,JGB134(20)|JGB135(20)|JGB136(20),9.993,9.993
2022-03-23,20Y,0.695,1,JGB36(30),19.992,19.992
2022-03-23,30Y,0.894,1,JGB5(40),29.993,29.993
2022-03-23,40Y,0.9135,2,JGB WI(40)-03|JGB14(40),38.992,38.992
2022-03-24,2Y,-0.0267,6,JGB139(5)|JGB333(10)|JGB434(2)|JGB67(20)|JGB68(20)|JGB69(20),1.938,1.99
2022-03-24,5Y,0.0467,3,JGB346(10)|JGB93(20)|JGB94(20),4.988,4.988
2022-03-24,10Y,0.234,3,JGB134(20)|JGB135(20)|JGB136(20),9.99,9.99
2022-03-24,20Y,0.705,1,JGB36(30),19.989,19.989
2022-03-24,30Y,0.915,1,JGB5(40),29.99,29.99
2022-03-24,40Y,0.9295,2,JGB WI(40)-03|JGB14(40),38.99,38.99
2022-03-25,2Y,-0.0261,7,JGB WI(2)-04|JGB139(5)|JGB333(10)|JGB434(2)|JGB67(20)|JGB68(20)|JGB69(20),1.936,2.021
2022-03-25,5Y,0.0517,3,JGB346(10)|JGB93(20)|JGB94(20),4.986,4.986
2022-03-25,10Y,0.2403,3,JGB134(20)|JGB135(20)|JGB136(20),9.988,9.988
2022-03-25,20Y,0.71,1,JGB36(30),19.986,19.986
2022-03-25,30Y,0.915,1,JGB5(40),29.988,29.988
2022-03-25,40Y,0.93,2,JGB WI(40)-03|JGB14(40),38.987,38.987
2022-03-28,2Y,-0.027,7,JGB WI(2)-04|JGB139(5)|JGB333(10)|JGB434(2)|JGB67(20)|JGB68(20)|JGB69(20),1.927,2.012
2022-03-28,5Y,0.057,3,JGB346(10)|JGB93(20)|JGB94(20),4.977,4.977
2022-03-28,10Y,0.2443,3,JGB134(20)|JGB135(20)|JGB136(20),9.979,9.979
2022-03-28,20Y,0.731,1,JGB36(30),19.978,19.978
2022-03-28,30Y,0.94,1,JGB5(40),29.979,29.979
2022-03-28,40Y,0.955,2,JGB WI(40)-03|JGB14(40),38.979,38.979
2022-03-29,2Y,-0.021,7,JGB WI(2)-04|JGB139(5)|JGB333(10)|JGB434(2)|JGB67(20)|JGB68(20)|JGB69(20),1.925,2.01
2022-03-29,5Y,0.067,3,JGB346(10)|JGB93(20)|JGB94(20),4.975,4.975
2022-03-29,10Y,0.2603,3,JGB134(20)|JGB135(20)|JGB136(20),9.977,9.977
2022-03-29,20Y,0.775,1,JGB36(30),19.975,19.975
2022-03-29,30Y,0.986,1,JGB5(40),29.977,29.977
2022-03-29,40Y,1.0,2,JGB WI(40)-03|JGB14(40),38.976,38.976
2022-03-30,2Y,-0.021,7,JGB WI(2)-04|JGB139(5)|JGB333(10)|JGB434(2)|JGB67(20)|JGB68(20)|JGB69(20),1.922,2.007
2022-03-30,5Y,0.0773,3,JGB346(10)|JGB93(20)|JGB94(20),4.972,4.972
2022-03-30,10Y,0.2505,4,JGB WI(10)-04|JGB134(20)|JGB135(20)|JGB136(20),9.974,9.974
2022-03-30,20Y,0.803,1,JGB36(30),19.973,19.973
2022-03-30,30Y,1.031,1,JGB5(40),29.974,29.974
2022-03-30,40Y,1.069,1,JGB14(40),38.973,38.973
2022-03-31,2Y,-0.0317,7,JGB WI(2)-04|JGB139(5)|JGB333(10)|JGB434(2)|JGB67(20)|JGB68(20)|JGB69(20),1.919,2.004
2022-03-31,5Y,0.0507,3,JGB346(10)|JGB93(20)|JGB94(20),4.969,4.969
2022-03-31,10Y,0.2185,4,JGB WI(10)-04|JGB134(20)|JGB135(20)|JGB136(20),9.971,9.971
2022-03-31,20Y,0.752,1,JGB36(30),19.97,19.97
2022-03-31,30Y,0.969,1,JGB5(40),29.971,29.971
2022-03-31,40Y,1.011,1,JGB14(40),38.971,38.971
2022-04-01,2Y,-0.036,6,JGB139(5)|JGB333(10)|JGB435(2)|JGB67(20)|JGB68(20)|JGB69(20),1.969,2.001
2022-04-01,5Y,0.0313,3,JGB346(10)|JGB93(20)|JGB94(20),4.966,4.966
2022-04-01,10Y,0.217,4,JGB WI(10)-04|JGB134(20)|JGB135(20)|JGB136(20),9.969,9.969
2022-04-01,20Y,0.693,1,JGB36(30),19.967,19.967
2022-04-01,30Y,0.906,2,JGB WI(30)-04|JGB5(40),29.969,29.969
2022-04-01,40Y,0.938,1,JGB14(40),38.968,38.968
2022-04-04,2Y,-0.0458,6,JGB139(5)|JGB333(10)|JGB435(2)|JGB67(20)|JGB68(20)|JGB69(20),1.96,1.993
2022-04-04,5Y,0.021,3,JGB346(10)|JGB93(20)|JGB94(20),4.958,4.958
2022-04-04,10Y,0.2225,4,JGB WI(10)-04|JGB134(20)|JGB135(20)|JGB136(20),9.96,9.96
2022-04-04,20Y,0.7,1,JGB36(30),19.959,19.959
2022-04-04,30Y,0.9195,2,JGB WI(30)-04|JGB5(40),29.96,29.96
2022-04-04,40Y,0.955,1,JGB14(40),38.96,38.96
2022-04-05,2Y,-0.0508,6,JGB139(5)|JGB333(10)|JGB435(2)|JGB67(20)|JGB68(20)|JGB69(20),1.958,1.99
2022-04-05,5Y,0.0153,3,JGB346(10)|JGB93(20)|JGB94(20),4.956,4.956
2022-04-05,10Y,0.2185,4,JGB WI(10)-04|JGB134(20)|JGB135(20)|JGB136(20),9.958,9.958
2022-04-05,20Y,0.705,1,JGB36(30),19.956,19.956
2022-04-05,30Y,0.9295,2,JGB WI(30)-04|JGB5(40),29.958,29.958
2022-04-05,40Y,0.963,1,JGB14(40),38.957,38.957
2022-04-06,2Y,-0.0507,6,JGB139(5)|JGB333(10)|JGB435(2)|JGB67(20)|JGB68(20)|JGB69(20),1.955,1.988
2022-04-06,5Y,0.021,4,JGB WI(5)-04|JGB346(10)|JGB93(20)|JGB94(20),4.953,4.953
2022-04-06,10Y,0.208,4,JGB134(20)|JGB135(20)|JGB136(20)|JGB366(10),9.955,9.955
2022-04-06,20Y,0.715,1,JGB36(30),19.953,19.953
2022-04-06,30Y,0.9455,2,JGB WI(30)-04|JGB5(40),29.955,29.955
2022-04-06,40Y,0.98,1,JGB14(40),38.954,38.954
2022-04-07,2Y,-0.0458,6,JGB139(5)|JGB333(10)|JGB435(2)|JGB67(20)|JGB68(20)|JGB69(20),1.952,1.985
2022-04-07,5Y,0.04,4,JGB WI(5)-04|JGB346(10)|JGB93(20)|JGB94(20),4.95,4.95
2022-04-07,10Y,0.2318,4,JGB134(20)|JGB135(20)|JGB136(20)|JGB366(10),9.952,9.952
2022-04-07,20Y,0.76,1,JGB36(30),19.951,19.951
2022-04-07,30Y,0.9875,2,JGB WI(30)-04|JGB5(40),29.952,29.952
2022-04-07,40Y,1.035,1,JGB14(40),38.951,38.951
2022-04-08,2Y,-0.0498,6,JGB139(5)|JGB333(10)|JGB435(2)|JGB67(20)|JGB68(20)|JGB69(20),1.949,1.982
2022-04-08,5Y,0.041,4,JGB WI(5)-04|JGB346(10)|JGB93(20)|JGB94(20),4.947,4.947
2022-04-08,10Y,0.2283,4,JGB134(20)|JGB135(20)|JGB136(20)|JGB366(10),9.949,9.949
2022-04-08,20Y,0.7585,2,JGB WI(20)-04|JGB36(30),19.948,19.948
2022-04-08,30Y,0.9895,2,JGB5(40)|JGB74(30),29.949,29.949
2022-04-08,40Y,1.04,1,JGB14(40),38.949,38.949
2022-04-11,2Y,-0.0868,6,JGB139(5)|JGB333(10)|JGB435(2)|JGB67(20)|JGB68(20)|JGB69(20),1.941,1.974
2022-04-11,5Y,0.021,4,JGB WI(5)-04|JGB346(10)|JGB93(20)|JGB94(20),4.939,4.939
2022-04-11,10Y,0.224,4,JGB134(20)|JGB135(20)|JGB136(20)|JGB366(10),9.941,9.941
2022-04-11,20Y,0.7395,2,JGB WI(20)-04|JGB36(30),19.94,19.94
2022-04-11,30Y,0.9665,2,JGB5(40)|JGB74(30),29.941,29.941
2022-04-11,40Y,1.025,1,JGB14(40),38.94,38.94
2022-04-12,2Y,-0.0912,6,JGB139(5)|JGB333(10)|JGB435(2)|JGB67(20)|JGB68(20)|JGB69(20),1.938,1.971
2022-04-12,5Y,0.0353,4,JGB WI(5)-04|JGB346(10)|JGB93(20)|JGB94(20),4.936,4.936
2022-04-12,10Y,0.234,4,JGB134(20)|JGB135(20)|JGB136(20)|JGB366(10),9.938,9.938
2022-04-12,20Y,0.7635,2,JGB WI(20)-04|JGB36(30),19.937,19.937
2022-04-12,30Y,0.994,2,JGB5(40)|JGB74(30),29.938,29.938
2022-04-12,40Y,1.045,1,JGB14(40),38.938,38.938
2022-04-13,2Y,-0.086,6,JGB139(5)|JGB333(10)|JGB435(2)|JGB67(20)|JGB68(20)|JGB69(20),1.936,1.969
2022-04-13,5Y,0.0267,4,JGB151(5)|JGB346(10)|JGB93(20)|JGB94(20),4.934,4.934
2022-04-13,10Y,0.239,4,JGB134(20)|JGB135(20)|JGB136(20)|JGB366(10),9.936,9.936
2022-04-13,20Y,0.774,2,JGB WI(20)-04|JGB36(30),19.934,19.934
2022-04-13,30Y,0.995,2,JGB5(40)|JGB74(30),29.936,29.936
2022-04-13,40Y,1.041,1,JGB14(40),38.935,38.935
2022-04-14,2Y,-0.071,6,JGB139(5)|JGB333(10)|JGB435(2)|JGB67(20)|JGB68(20)|JGB69(20),1.933,1.966
2022-04-14,5Y,0.0315,4,JGB151(5)|JGB346(10)|JGB93(20)|JGB94(20),4.931,4.931
2022-04-14,10Y,0.2338,4,JGB134(20)|JGB135(20)|JGB136(20)|JGB366(10),9.933,9.933
2022-04-14,20Y,0.758,2,JGB WI(20)-04|JGB36(30),19.932,19.932
2022-04-14,30Y,0.9795,2,JGB5(40)|JGB74(30),29.933,29.933
2022-04-14,40Y,1.017,1,JGB14(40),38.932,38.932
2022-04-15,2Y,-0.0675,6,JGB139(5)|JGB333(10)|JGB435(2)|JGB67(20)|JGB68(20)|JGB69(20),1.93,1.963
2022-04-15,5Y,0.026,4,JGB151(5)|JGB346(10)|JGB93(20)|JGB94(20),4.928,4.928
2022-04-15,10Y,0.2333,4,JGB134(20)|JGB135(20)|JGB136(20)|JGB366(10),9.93,9.93
2022-04-15,20Y,0.737,2,JGB180(20)|JGB36(30),19.929,19.929
2022-04-15,30Y,0.9455,2,JGB5(40)|JGB74(30),29.93,29.93
2022-04-15,40Y,0.984,1,JGB14(40),38.93,38.93
2022-04-18,2Y,-0.0667,6,JGB139(5)|JGB333(10)|JGB435(2)|JGB67(20)|JGB68(20)|JGB69(20),1.922,1.955
2022-04-18,5Y,0.0243,4,JGB151(5)|JGB346(10)|JGB93(20)|JGB94(20),4.92,4.92
2022-04-18,10Y,0.239,4,JGB134(20)|JGB135(20)|JGB136(20)|JGB366(10),9.922,9.922
2022-04-18,20Y,0.729,2,JGB180(20)|JGB36(30),19.921,19.921
2022-04-18,30Y,0.936,2,JGB5(40)|JGB74(30),29.922,29.922
2022-04-18,40Y,0.971,1,JGB14(40),38.921,38.921
2022-04-19,2Y,-0.0617,6,JGB139(5)|JGB333(10)|JGB435(2)|JGB67(20)|JGB68(20)|JGB69(20),1.919,1.952
2022-04-19,5Y,0.0258,4,JGB151(5)|JGB346(10)|JGB93(20)|JGB94(20),4.917,4.917
2022-04-19,10Y,0.239,4,JGB134(20)|JGB135(20)|JGB136(20)|JGB366(10),9.919,9.919
2022-04-19,20Y,0.745,2,JGB180(20)|JGB36(30),19.918,19.918
2022-04-19,30Y,0.9595,2,JGB5(40)|JGB74(30),29.919,29.919
2022-04-19,40Y,0.996,1,JGB14(40),38.919,38.919
2022-04-20,2Y,-0.046,1,JGB435(2),1.949,1.949
2022-04-20,5Y,0.0257,4,JGB151(5)|JGB346(10)|JGB93(20)|JGB94(20),4.914,4.914
2022-04-20,10Y,0.2456,5,JGB134(20)|JGB135(20)|JGB136(20)|JGB366(10)|JGB7(30),9.916,10.084
2022-04-20,20Y,0.7515,2,JGB180(20)|JGB36(30),19.915,19.915
2022-04-20,30Y,0.969,2,JGB5(40)|JGB74(30),29.916,29.916
2022-04-20,40Y,1.004,1,JGB14(40),38.916,38.916
2022-04-21,2Y,-0.043,2,JGB WI(2)-05|JGB435(2),1.947,2.029
2022-04-21,5Y,0.0315,4,JGB151(5)|JGB346(10)|JGB93(20)|JGB94(20),4.912,4.912
2022-04-21,10Y,0.271,1,JGB7(30),10.081,10.081
2022-04-21,20Y,0.777,2,JGB180(20)|JGB36(30),19.912,19.912
2022-04-21,30Y,0.9835,2,JGB5(40)|JGB74(30),29.914,29.914
2022-04-21,40Y,1.013,1,JGB14(40),38.913,38.913
2022-04-22,2Y,-0.048,2,JGB WI(2)-05|JGB435(2),1.944,2.026
2022-04-22,5Y,0.0158,4,JGB151(5)|JGB346(10)|JGB93(20)|JGB94(20),4.909,4.909
2022-04-22,10Y,0.271,1,JGB7(30),10.078,10.078
2022-04-22,20Y,0.777,2,JGB180(20)|JGB36(30),19.91,19.91
2022-04-22,30Y,0.9855,2,JGB5(40)|JGB74(30),29.911,29.911
2022-04-22,40Y,1.017,1,JGB14(40),38.91,38.91
2022-04-25,2Y,-0.052,2,JGB WI(2)-05|JGB435(2),1.936,2.018
2022-04-25,5Y,0.0163,4,JGB151(5)|JGB346(10)|JGB93(20)|JGB94(20),4.901,4.901
2022-04-25,10Y,0.276,1,JGB7(30),10.07,10.07
2022-04-25,20Y,0.7955,2,JGB180(20)|JGB36(30),19.901,19.901
2022-04-25,30Y,1.0135,2,JGB5(40)|JGB74(30),29.903,29.903
2022-04-25,40Y,1.041,1,JGB14(40),38.902,38.902
2022-04-26,2Y,-0.048,2,JGB WI(2)-05|JGB435(2),1.933,2.015
2022-04-26,5Y,0.0112,4,JGB151(5)|JGB346(10)|JGB93(20)|JGB94(20),4.898,4.898
2022-04-26,10Y,0.27,1,JGB7(30),10.067,10.067
2022-04-26,20Y,0.772,2,JGB180(20)|JGB36(30),19.899,19.899
2022-04-26,30Y,1.0005,2,JGB5(40)|JGB74(30),29.9,29.9
2022-04-26,40Y,1.037,1,JGB14(40),38.899,38.899
2022-04-27,2Y,-0.0525,2,JGB WI(2)-05|JGB435(2),1.93,2.012
2022-04-27,5Y,0.0107,4,JGB151(5)|JGB346(10)|JGB93(20)|JGB94(20),4.895,4.895
2022-04-27,10Y,0.266,1,JGB7(30),10.064,10.064
2022-04-27,20Y,0.762,2,JGB180(20)|JGB36(30),19.896,19.896
2022-04-27,30Y,0.9855,2,JGB5(40)|JGB74(30),29.897,29.897
2022-04-27,40Y,1.025,1,JGB14(40),38.897,38.897
2022-04-28,2Y,-0.058,2,JGB435(2)|JGB436(2),1.927,2.01
2022-04-28,5Y,0.0107,4,JGB151(5)|JGB346(10)|JGB93(20)|JGB94(20),4.893,4.893
2022-04-28,10Y,0.26,1,JGB7(30),10.062,10.062
2022-04-28,20Y,0.7575,2,JGB180(20)|JGB36(30),19.893,19.893
2022-04-28,30Y,0.976,2,JGB5(40)|JGB74(30),29.895,29.895
2022-04-28,40Y,1.017,1,JGB14(40),38.894,38.894
2022-05-02,2Y,-0.059,1,JGB436(2),1.999,1.999
2022-05-02,5Y,0.0,4,JGB151(5)|JGB346(10)|JGB93(20)|JGB94(20),4.882,4.882
2022-05-02,10Y,0.236,1,JGB7(30),10.051,10.051
2022-05-02,20Y,0.742,2,JGB180(20)|JGB36(30),19.882,19.882
2022-05-02,30Y,0.9705,2,JGB5(40)|JGB74(30),29.884,29.884
2022-05-02,40Y,1.009,1,JGB14(40),38.883,38.883
2022-05-06,2Y,-0.05,1,JGB436(2),1.988,1.988
2022-05-06,5Y,0.0263,3,JGB347(10)|JGB95(20)|JGB96(20),5.123,5.123
2022-05-06,10Y,0.25,1,JGB7(30),10.04,10.04
2022-05-06,20Y,0.752,2,JGB180(20)|JGB36(30),19.871,19.871
2022-05-06,30Y,0.9853,3,JGB WI(30)-05|JGB5(40)|JGB74(30),29.873,29.873
2022-05-06,40Y,1.024,1,JGB14(40),38.872,38.872
2022-05-09,2Y,-0.045,1,JGB436(2),1.979,1.979
2022-05-09,5Y,0.036,3,JGB347(10)|JGB95(20)|JGB96(20),5.114,5.114
2022-05-09,10Y,0.263,1,JGB7(30),10.031,10.031
2022-05-09,20Y,0.772,2,JGB180(20)|JGB36(30),19.863,19.863
2022-05-09,30Y,1.0093,3,JGB WI(30)-05|JGB5(40)|JGB74(30),29.864,29.864
2022-05-09,40Y,1.045,1,JGB14(40),38.864,38.864
2022-05-10,2Y,-0.045,1,JGB436(2),1.977,1.977
2022-05-10,5Y,0.0363,3,JGB347(10)|JGB95(20)|JGB96(20),5.112,5.112
2022-05-10,10Y,0.266,1,JGB7(30),10.029,10.029
2022-05-10,20Y,0.7865,2,JGB180(20)|JGB36(30),19.86,19.86
2022-05-10,30Y,1.026,3,JGB WI(30)-05|JGB5(40)|JGB74(30),29.862,29.862
2022-05-10,40Y,1.061,1,JGB14(40),38.861,38.861
2022-05-11,2Y,-0.045,1,JGB436(2),1.974,1.974
2022-05-11,5Y,0.0337,3,JGB347(10)|JGB95(20)|JGB96(20),5.109,5.109
2022-05-11,10Y,0.266,1,JGB7(30),10.026,10.026
2022-05-11,20Y,0.7765,2,JGB180(20)|JGB36(30),19.858,19.858
2022-05-11,30Y,1.0253,3,JGB WI(30)-05|JGB5(40)|JGB74(30),29.859,29.859
2022-05-11,40Y,1.066,1,JGB14(40),38.858,38.858
2022-05-12,2Y,-0.045,1,JGB436(2),1.971,1.971
2022-05-12,5Y,0.031,3,JGB347(10)|JGB95(20)|JGB96(20),5.106,5.106
2022-05-12,10Y,0.261,1,JGB7(30),10.023,10.023
2022-05-12,20Y,0.772,2,JGB180(20)|JGB36(30),19.855,19.855
2022-05-12,30Y,1.0157,3,JGB WI(30)-05|JGB5(40)|JGB74(30),29.856,29.856
2022-05-12,40Y,1.066,1,JGB14(40),38.856,38.856
2022-05-13,2Y,-0.05,1,JGB436(2),1.969,1.969
2022-05-13,5Y,0.021,3,JGB347(10)|JGB95(20)|JGB96(20),5.103,5.103
2022-05-13,10Y,0.254,1,JGB7(30),10.021,10.021
2022-05-13,20Y,0.762,2,JGB180(20)|JGB36(30),19.852,19.852
2022-05-13,30Y,1.0045,2,JGB5(40)|JGB74(30),29.854,29.854
2022-05-13,40Y,1.062,1,JGB14(40),38.853,38.853
2022-05-16,2Y,-0.055,1,JGB436(2),1.96,1.96
2022-05-16,5Y,0.0157,3,JGB347(10)|JGB95(20)|JGB96(20),5.095,5.095
2022-05-16,10Y,0.25,1,JGB7(30),10.012,10.012
2022-05-16,20Y,0.748,3,JGB WI(20)-05|JGB180(20)|JGB36(30),19.844,19.844
2022-05-16,30Y,0.995,2,JGB5(40)|JGB74(30),29.845,29.845
2022-05-16,40Y,1.049,1,JGB14(40),38.845,38.845
2022-05-17,2Y,-0.056,1,JGB436(2),1.958,1.958
2022-05-17,5Y,0.0217,3,JGB347(10)|JGB95(20)|JGB96(20),5.092,5.092
2022-05-17,10Y,0.252,1,JGB7(30),10.01,10.01
2022-05-17,20Y,0.753,3,JGB WI(20)-05|JGB180(20)|JGB36(30),19.841,19.841
2022-05-17,30Y,1.0,2,JGB5(40)|JGB74(30),29.843,29.843
2022-05-17,40Y,1.057,1,JGB14(40),38.842,38.842
2022-05-18,2Y,-0.056,1,JGB436(2),1.955,1.955
2022-05-18,5Y,0.021,3,JGB347(10)|JGB95(20)|JGB96(20),5.09,5.09
2022-05-18,10Y,0.251,1,JGB7(30),10.007,10.007
2022-05-18,20Y,0.768,3,JGB WI(20)-05|JGB180(20)|JGB36(30),19.838,19.838
2022-05-18,30Y,1.014,2,JGB5(40)|JGB74(30),29.84,29.84
2022-05-18,40Y,1.073,1,JGB14(40),38.839,38.839
2022-05-19,2Y,-0.056,1,JGB436(2),1.952,1.952
2022-05-19,5Y,0.0213,3,JGB347(10)|JGB95(20)|JGB96(20),5.087,5.087
2022-05-19,10Y,0.25,1,JGB7(30),10.004,10.004
2022-05-19,20Y,0.7713,3,JGB WI(20)-05|JGB180(20)|JGB36(30),19.836,19.836
2022-05-19,30Y,1.0185,2,JGB5(40)|JGB74(30),29.837,29.837
2022-05-19,40Y,1.073,1,JGB14(40),38.836,38.836
2022-05-20,2Y,-0.056,1,JGB436(2),1.949,1.949
2022-05-20,5Y,0.0213,3,JGB347(10)|JGB95(20)|JGB96(20),5.084,5.084
2022-05-20,10Y,0.248,1,JGB7(30),10.001,10.001
2022-05-20,20Y,0.7623,3,JGB WI(20)-05|JGB180(20)|JGB36(30),19.833,19.833
2022-05-20,30Y,1.0045,2,JGB5(40)|JGB74(30),29.834,29.834
2022-05-20,40Y,1.07,1,JGB WI(40)-05,39.833,39.833
2022-05-23,2Y,-0.057,5,JGB140(5)|JGB334(10)|JGB436(2)|JGB70(20)|JGB71(20),1.941,2.078
2022-05-23,5Y,0.0153,3,JGB347(10)|JGB95(20)|JGB96(20),5.076,5.076
2022-05-23,10Y,0.2512,4,JGB137(20)|JGB138(20)|JGB139(20)|JGB7(30),9.993,10.078
2022-05-23,20Y,0.738,2,JGB180(20)|JGB36(30),19.825,19.825
2022-05-23,30Y,0.9855,2,JGB5(40)|JGB74(30),29.826,29.826
2022-05-23,40Y,1.06,1,JGB WI(40)-05,39.825,39.825
2022-05-24,2Y,-0.0584,5,JGB140(5)|JGB334(10)|JGB436(2)|JGB70(20)|JGB71(20),1.938,2.075
2022-05-24,5Y,0.0213,3,JGB347(10)|JGB95(20)|JGB96(20),5.073,5.073
2022-05-24,10Y,0.253,4,JGB137(20)|JGB138(20)|JGB139(20)|JGB7(30),9.99,10.075
2022-05-24,20Y,0.729,2,JGB180(20)|JGB36(30),19.822,19.822
2022-05-24,30Y,0.9855,2,JGB5(40)|JGB74(30),29.823,29.823
2022-05-24,40Y,1.065,1,JGB WI(40)-05,39.822,39.822
2022-05-25,2Y,-0.0632,6,JGB WI(2)-06|JGB140(5)|JGB334(10)|JGB436(2)|JGB70(20)|JGB71(20),1.936,2.073
2022-05-25,5Y,0.0113,3,JGB347(10)|JGB95(20)|JGB96(20),5.07,5.07
2022-05-25,10Y,0.2425,4,JGB137(20)|JGB138(20)|JGB139(20)|JGB7(30),9.988,10.073
2022-05-25,20Y,0.7255,2,JGB180(20)|JGB36(30),19.819,19.819
2022-05-25,30Y,0.9665,2,JGB5(40)|JGB74(30),29.821,29.821
2022-05-25,40Y,1.05,1,JGB WI(40)-05,39.819,39.819
2022-05-26,2Y,-0.0677,6,JGB WI(2)-06|JGB140(5)|JGB334(10)|JGB436(2)|JGB70(20)|JGB71(20),1.933,2.07
2022-05-26,5Y,-0.0043,3,JGB347(10)|JGB95(20)|JGB96(20),5.068,5.068
2022-05-26,10Y,0.2215,4,JGB137(20)|JGB138(20)|JGB139(20)|JGB7(30),9.985,10.07
2022-05-26,20Y,0.7045,2,JGB180(20)|JGB36(30),19.817,19.817
2022-05-26,30Y,0.9585,2,JGB5(40)|JGB74(30),29.818,29.818
2022-05-26,40Y,1.045,1,JGB WI(40)-05,39.817,39.817
2022-05-27,2Y,-0.0587,6,JGB WI(2)-06|JGB140(5)|JGB334(10)|JGB436(2)|JGB70(20)|JGB71(20),1.93,2.067
2022-05-27,5Y,0.0107,3,JGB347(10)|JGB95(20)|JGB96(20),5.065,5.065
2022-05-27,10Y,0.251,4,JGB137(20)|JGB138(20)|JGB139(20)|JGB7(30),9.982,10.067
2022-05-27,20Y,0.7545,2,JGB180(20)|JGB36(30),19.814,19.814
2022-05-27,30Y,1.0,2,JGB5(40)|JGB74(30),29.815,29.815
2022-05-27,40Y,1.073,1,JGB15(40),39.814,39.814
2022-05-30,2Y,-0.063,6,JGB WI(2)-06|JGB140(5)|JGB334(10)|JGB436(2)|JGB70(20)|JGB71(20),1.922,2.059
2022-05-30,5Y,0.005,3,JGB347(10)|JGB95(20)|JGB96(20),5.057,5.057
2022-05-30,10Y,0.2425,4,JGB137(20)|JGB138(20)|JGB139(20)|JGB7(30),9.974,10.059
2022-05-30,20Y,0.735,2,JGB180(20)|JGB36(30),19.806,19.806
2022-05-30,30Y,0.9855,2,JGB5(40)|JGB74(30),29.807,29.807
2022-05-30,40Y,1.056,1,JGB15(40),39.806,39.806
2022-05-31,2Y,-0.0628,6,JGB WI(2)-06|JGB140(5)|JGB334(10)|JGB436(2)|JGB70(20)|JGB71(20),1.919,2.056
2022-05-31,5Y,0.009,3,JGB347(10)|JGB95(20)|JGB96(20),5.054,5.054
2022-05-31,10Y,0.2475,4,JGB137(20)|JGB138(20)|JGB139(20)|JGB7(30),9.971,10.056
2022-05-31,20Y,0.7445,2,JGB180(20)|JGB36(30),19.803,19.803
2022-05-31,30Y,0.999,2,JGB5(40)|JGB74(30),29.804,29.804
2022-05-31,40Y,1.064,1,JGB15(40),39.803,39.803
2022-06-01,2Y,-0.068,5,JGB140(5)|JGB334(10)|JGB437(2)|JGB70(20)|JGB71(20),2.001,2.053
2022-06-01,5Y,0.0157,3,JGB347(10)|JGB95(20)|JGB96(20),5.051,5.051
2022-06-01,10Y,0.253,4,JGB137(20)|JGB138(20)|JGB139(20)|JGB7(30),9.969,10.053
2022-06-01,20Y,0.7575,2,JGB180(20)|JGB36(30),19.8,19.8
2022-06-01,30Y,1.019,3,JGB WI(30)-06|JGB5(40)|JGB74(30),29.802,29.802
2022-06-01,40Y,1.085,1,JGB15(40),39.8,39.8
2022-06-02,2Y,-0.0722,5,JGB140(5)|JGB334(10)|JGB437(2)|JGB70(20)|JGB71(20),1.999,2.051
2022-06-02,5Y,0.0053,3,JGB347(10)|JGB95(20)|JGB96(20),5.049,5.049
2022-06-02,10Y,0.2487,4,JGB137(20)|JGB138(20)|JGB139(20)|JGB7(30),9.966,10.051
2022-06-02,20Y,0.757,2,JGB180(20)|JGB36(30),19.797,19.797
2022-06-02,30Y,1.0303,3,JGB WI(30)-06|JGB5(40)|JGB74(30),29.799,29.799
2022-06-02,40Y,1.102,1,JGB15(40),39.797,39.797
2022-06-03,2Y,-0.0672,5,JGB140(5)|JGB334(10)|JGB437(2)|JGB70(20)|JGB71(20),1.996,2.048
2022-06-03,5Y,0.0107,3,JGB347(10)|JGB95(20)|JGB96(20),5.046,5.046
2022-06-03,10Y,0.2582,4,JGB137(20)|JGB138(20)|JGB139(20)|JGB7(30),9.963,10.048
2022-06-03,20Y,0.771,2,JGB180(20)|JGB36(30),19.795,19.795
2022-06-03,30Y,1.0353,3,JGB WI(30)-06|JGB5(40)|JGB74(30),29.796,29.796
2022-06-03,40Y,1.115,1,JGB15(40),39.795,39.795
2022-06-06,2Y,-0.0722,5,JGB140(5)|JGB334(10)|JGB437(2)|JGB70(20)|JGB71(20),1.988,2.04
2022-06-06,5Y,0.0033,3,JGB347(10)|JGB95(20)|JGB96(20),5.038,5.038
2022-06-06,10Y,0.247,4,JGB137(20)|JGB138(20)|JGB139(20)|JGB7(30),9.955,10.04
2022-06-06,20Y,0.747,2,JGB180(20)|JGB36(30),19.786,19.786
2022-06-06,30Y,1.0207,3,JGB WI(30)-06|JGB5(40)|JGB74(30),29.788,29.788
2022-06-06,40Y,1.094,1,JGB15(40),39.786,39.786
2022-06-07,2Y,-0.0672,5,JGB140(5)|JGB334(10)|JGB437(2)|JGB70(20)|JGB71(20),1.985,2.037
2022-06-07,5Y,0.0103,3,JGB347(10)|JGB95(20)|JGB96(20),5.035,5.035
2022-06-07,10Y,0.258,4,JGB137(20)|JGB138(20)|JGB139(20)|JGB7(30),9.952,10.037
2022-06-07,20Y,0.758,2,JGB180(20)|JGB36(30),19.784,19.784
2022-06-07,30Y,1.0253,3,JGB WI(30)-06|JGB5(40)|JGB74(30),29.785,29.785
2022-06-07,40Y,1.098,1,JGB15(40),39.784,39.784
2022-06-08,2Y,-0.0716,5,JGB140(5)|JGB334(10)|JGB437(2)|JGB70(20)|JGB71(20),1.982,2.034
2022-06-08,5Y,0.011,3,JGB347(10)|JGB95(20)|JGB96(20),5.032,5.032
2022-06-08,10Y,0.2638,4,JGB137(20)|JGB138(20)|JGB139(20)|JGB7(30),9.949,10.034
2022-06-08,20Y,0.772,2,JGB180(20)|JGB36(30),19.781,19.781
2022-06-08,30Y,1.049,2,JGB5(40)|JGB74(30),29.782,29.782
2022-06-08,40Y,1.115,1,JGB15(40),39.781,39.781
2022-06-09,2Y,-0.0732,5,JGB140(5)|JGB334(10)|JGB437(2)|JGB70(20)|JGB71(20),1.979,2.031
2022-06-09,5Y,0.0057,3,JGB347(10)|JGB95(20)|JGB96(20),5.029,5.029
2022-06-09,10Y,0.263,4,JGB137(20)|JGB138(20)|JGB139(20)|JGB7(30),9.947,10.031
2022-06-09,20Y,0.767,2,JGB180(20)|JGB36(30),19.778,19.778
2022-06-09,30Y,1.0535,2,JGB5(40)|JGB74(30),29.78,29.78
2022-06-09,40Y,1.119,1,JGB15(40),39.778,39.778
2022-06-10,2Y,-0.0778,5,JGB140(5)|JGB334(10)|JGB437(2)|JGB70(20)|JGB71(20),1.977,2.029
2022-06-10,5Y,0.0003,3,JGB347(10)|JGB95(20)|JGB96(20),5.027,5.027
2022-06-10,10Y,0.259,4,JGB137(20)|JGB138(20)|JGB139(20)|JGB7(30),9.944,10.029
2022-06-10,20Y,0.777,2,JGB180(20)|JGB36(30),19.775,19.775
2022-06-10,30Y,1.0705,2,JGB5(40)|JGB74(30),29.777,29.777
2022-06-10,40Y,1.136,1,JGB15(40),39.775,39.775
2022-06-13,2Y,-0.083,5,JGB140(5)|JGB334(10)|JGB437(2)|JGB70(20)|JGB71(20),1.969,2.021
2022-06-13,5Y,0.0063,3,JGB347(10)|JGB95(20)|JGB96(20),5.018,5.018
2022-06-13,10Y,0.2635,4,JGB137(20)|JGB138(20)|JGB139(20)|JGB7(30),9.936,10.021
2022-06-13,20Y,0.7915,2,JGB180(20)|JGB36(30),19.767,19.767
2022-06-13,30Y,1.075,2,JGB5(40)|JGB74(30),29.769,29.769
2022-06-13,40Y,1.144,1,JGB15(40),39.767,39.767
2022-06-14,2Y,-0.0522,5,JGB140(5)|JGB334(10)|JGB437(2)|JGB70(20)|JGB71(20),1.966,2.018
2022-06-14,5Y,0.0467,3,JGB347(10)|JGB95(20)|JGB96(20),5.016,5.016
2022-06-14,10Y,0.2812,4,JGB137(20)|JGB138(20)|JGB139(20)|JGB7(30),9.933,10.018
2022-06-14,20Y,0.853,2,JGB180(20)|JGB36(30),19.765,19.765
2022-06-14,30Y,1.158,2,JGB5(40)|JGB74(30),29.766,29.766
2022-06-14,40Y,1.231,1,JGB15(40),39.765,39.765
2022-06-15,2Y,-0.049,5,JGB140(5)|JGB334(10)|JGB437(2)|JGB70(20)|JGB71(20),1.963,2.015
2022-06-15,5Y,0.0987,3,JGB347(10)|JGB95(20)|JGB96(20),5.013,5.013
2022-06-15,10Y,0.3023,4,JGB137(20)|JGB138(20)|JGB139(20)|JGB7(30),9.93,10.015
2022-06-15,20Y,0.8655,2,JGB180(20)|JGB36(30),19.762,19.762
2022-06-15,30Y,1.1535,2,JGB5(40)|JGB74(30),29.763,29.763
2022-06-15,40Y,1.227,1,JGB15(40),39.762,39.762
2022-06-16,2Y,-0.0582,5,JGB140(5)|JGB334(10)|JGB437(2)|JGB70(20)|JGB71(20),1.96,2.012
2022-06-16,5Y,0.0887,3,JGB347(10)|JGB95(20)|JGB96(20),5.01,5.01
2022-06-16,10Y,0.3287,4,JGB137(20)|JGB138(20)|JGB139(20)|JGB7(30),9.927,10.012
2022-06-16,20Y,0.9215,2,JGB180(20)|JGB36(30),19.759,19.759
2022-06-16,30Y,1.2065,2,JGB5(40)|JGB74(30),29.76,29.76
2022-06-16,40Y,1.276,1,JGB15(40),39.759,39.759
2022-06-17,2Y,-0.0834,5,JGB140(5)|JGB334(10)|JGB437(2)|JGB70(20)|JGB71(20),1.958,2.01
2022-06-17,5Y,0.0487,3,JGB347(10)|JGB95(20)|JGB96(20),5.008,5.008
2022-06-17,10Y,0.3155,4,JGB137(20)|JGB138(20)|JGB139(20)|JGB7(30),9.925,10.01
2022-06-17,20Y,0.8647,3,JGB WI(20)-06|JGB180(20)|JGB36(30),19.756,19.756
2022-06-17,30Y,1.144,2,JGB5(40)|JGB74(30),29.758,29.758
2022-06-17,40Y,1.215,1,JGB15(40),39.756,39.756
2022-06-20,2Y,-0.0712,5,JGB140(5)|JGB334(10)|JGB437(2)|JGB70(20)|JGB71(20),1.949,2.001
2022-06-20,5Y,0.0597,3,JGB347(10)|JGB95(20)|JGB96(20),4.999,4.999
2022-06-20,10Y,0.298,3,JGB137(20)|JGB138(20)|JGB139(20),10.001,10.001
2022-06-20,20Y,0.885,4,JGB WI(20)-06|JGB180(20)|JGB36(30)|JGB37(30),19.748,20.252
2022-06-20,30Y,1.1485,2,JGB5(40)|JGB74(30),29.749,29.749
2022-06-20,40Y,1.215,1,JGB15(40),39.748,39.748
2022-06-21,2Y,-0.061,5,JGB140(5)|JGB334(10)|JGB437(2)|JGB70(20)|JGB71(20),1.947,1.999
2022-06-21,5Y,0.0797,3,JGB347(10)|JGB95(20)|JGB96(20),4.997,4.997
2022-06-21,10Y,0.2957,3,JGB137(20)|JGB138(20)|JGB139(20),9.999,9.999
2022-06-21,20Y,0.931,1,JGB37(30),20.249,20.249
2022-06-21,30Y,1.1825,2,JGB5(40)|JGB74(30),29.747,29.747
2022-06-21,40Y,1.243,1,JGB15(40),39.745,39.745
2022-06-22,2Y,-0.066,6,JGB WI(2)-07|JGB140(5)|JGB334(10)|JGB437(2)|JGB70(20)|JGB71(20),1.944,2.026
2022-06-22,5Y,0.0793,3,JGB347(10)|JGB95(20)|JGB96(20),4.994,4.994
2022-06-22,10Y,0.2907,3,JGB137(20)|JGB138(20)|JGB139(20),9.996,9.996
2022-06-22,20Y,0.936,1,JGB37(30),20.246,20.246
2022-06-22,30Y,1.2095,2,JGB5(40)|JGB74(30),29.744,29.744
2022-06-22,40Y,1.271,1,JGB15(40),39.743,39.743
2022-06-23,2Y,-0.0813,6,JGB WI(2)-07|JGB140(5)|JGB334(10)|JGB437(2)|JGB70(20)|JGB71(20),1.941,2.023
2022-06-23,5Y,0.074,3,JGB347(10)|JGB95(20)|JGB96(20),4.991,4.991
2022-06-23,10Y,0.2907,3,JGB137(20)|JGB138(20)|JGB139(20),9.993,9.993
2022-06-23,20Y,0.939,1,JGB37(30),20.244,20.244
2022-06-23,30Y,1.2175,2,JGB5(40)|JGB74(30),29.741,29.741
2022-06-23,40Y,1.279,1,JGB15(40),39.74,39.74
2022-06-24,2Y,-0.0853,6,JGB WI(2)-07|JGB140(5)|JGB334(10)|JGB437(2)|JGB70(20)|JGB71(20),1.938,2.021
2022-06-24,5Y,0.0537,3,JGB347(10)|JGB95(20)|JGB96(20),4.988,4.988
2022-06-24,10Y,0.2843,3,JGB137(20)|JGB138(20)|JGB139(20),9.99,9.99
2022-06-24,20Y,0.916,1,JGB37(30),20.241,20.241
2022-06-24,30Y,1.1965,2,JGB5(40)|JGB74(30),29.739,29.739
2022-06-24,40Y,1.264,1,JGB15(40),39.737,39.737
2022-06-27,2Y,-0.0817,6,JGB WI(2)-07|JGB140(5)|JGB334(10)|JGB437(2)|JGB70(20)|JGB71(20),1.93,2.012
2022-06-27,5Y,0.04,3,JGB347(10)|JGB95(20)|JGB96(20),4.98,4.98
2022-06-27,10Y,0.2847,3,JGB137(20)|JGB138(20)|JGB139(20),9.982,9.982
2022-06-27,20Y,0.911,1,JGB37(30),20.233,20.233
2022-06-27,30Y,1.206,2,JGB5(40)|JGB74(30),29.73,29.73
2022-06-27,40Y,1.272,1,JGB15(40),39.729,39.729
2022-06-28,2Y,-0.0655,6,JGB WI(2)-07|JGB140(5)|JGB334(10)|JGB437(2)|JGB70(20)|JGB71(20),1.927,2.01
2022-06-28,5Y,0.0513,3,JGB347(10)|JGB95(20)|JGB96(20),4.977,4.977
2022-06-28,10Y,0.3063,3,JGB137(20)|JGB138(20)|JGB139(20),9.979,9.979
2022-06-28,20Y,0.942,1,JGB37(30),20.23,20.23
2022-06-28,30Y,1.244,2,JGB5(40)|JGB74(30),29.728,29.728
2022-06-28,40Y,1.308,1,JGB15(40),39.726,39.726
2022-06-29,2Y,-0.051,6,JGB140(5)|JGB334(10)|JGB437(2)|JGB438(2)|JGB70(20)|JGB71(20),1.925,2.007
2022-06-29,5Y,0.056,3,JGB347(10)|JGB95(20)|JGB96(20),4.975,4.975
2022-06-29,10Y,0.2943,4,JGB WI(10)-07|JGB137(20)|JGB138(20)|JGB139(20),9.977,9.977
2022-06-29,20Y,0.946,1,JGB37(30),20.227,20.227
2022-06-29,30Y,1.2515,2,JGB5(40)|JGB74(30),29.725,29.725
2022-06-29,40Y,1.324,1,JGB15(40),39.723,39.723
2022-06-30,2Y,-0.0555,6,JGB140(5)|JGB334(10)|JGB437(2)|JGB438(2)|JGB70(20)|JGB71(20),1.922,2.004
2022-06-30,5Y,0.0463,3,JGB347(10)|JGB95(20)|JGB96(20),4.972,4.972
2022-06-30,10Y,0.29,4,JGB WI(10)-07|JGB137(20)|JGB138(20)|JGB139(20),9.974,9.974
2022-06-30,20Y,0.926,1,JGB37(30),20.225,20.225
2022-06-30,30Y,1.2325,2,JGB5(40)|JGB74(30),29.722,29.722
2022-06-30,40Y,1.312,1,JGB15(40),39.721,39.721
2022-07-01,2Y,-0.0678,6,JGB140(5)|JGB334(10)|JGB437(2)|JGB438(2)|JGB70(20)|JGB71(20),1.919,2.001
2022-07-01,5Y,0.0307,3,JGB347(10)|JGB95(20)|JGB96(20),4.969,4.969
2022-07-01,10Y,0.2905,4,JGB WI(10)-07|JGB137(20)|JGB138(20)|JGB139(20),9.971,9.971
2022-07-01,20Y,0.906,1,JGB37(30),20.222,20.222
2022-07-01,30Y,1.216,1,JGB WI(30)-07,29.971,29.971
2022-07-01,40Y,1.28,1,JGB15(40),39.718,39.718
2022-07-04,2Y,-0.0724,5,JGB140(5)|JGB334(10)|JGB438(2)|JGB70(20)|JGB71(20),1.963,1.993
2022-07-04,5Y,0.0153,3,JGB347(10)|JGB95(20)|JGB96(20),4.961,4.961
2022-07-04,10Y,0.2765,4,JGB WI(10)-07|JGB137(20)|JGB138(20)|JGB139(20),9.963,9.963
2022-07-04,20Y,0.886,1,JGB37(30),20.214,20.214
2022-07-04,30Y,1.206,1,JGB WI(30)-07,29.963,29.963
2022-07-04,40Y,1.276,1,JGB15(40),39.71,39.71
2022-07-05,2Y,-0.0712,5,JGB140(5)|JGB334(10)|JGB438(2)|JGB70(20)|JGB71(20),1.96,1.99
2022-07-05,5Y,0.0207,3,JGB347(10)|JGB95(20)|JGB96(20),4.958,4.958
2022-07-05,10Y,0.2787,4,JGB WI(10)-07|JGB137(20)|JGB138(20)|JGB139(20),9.96,9.96
2022-07-05,20Y,0.896,1,JGB37(30),20.211,20.211
2022-07-05,30Y,1.23,1,JGB WI(30)-07,29.96,29.96
2022-07-05,40Y,1.3,1,JGB15(40),39.707,39.707
2022-07-06,2Y,-0.0666,5,JGB140(5)|JGB334(10)|JGB438(2)|JGB70(20)|JGB71(20),1.958,1.988
2022-07-06,5Y,0.0215,4,JGB WI(5)-07|JGB347(10)|JGB95(20)|JGB96(20),4.956,4.956
2022-07-06,10Y,0.283,4,JGB137(20)|JGB138(20)|JGB139(20)|JGB367(10),9.958,9.958
2022-07-06,20Y,0.916,1,JGB37(30),20.208,20.208
2022-07-06,30Y,1.26,1,JGB WI(30)-07,29.958,29.958
2022-07-06,40Y,1.336,1,JGB15(40),39.704,39.704
2022-07-07,2Y,-0.0712,5,JGB140(5)|JGB334(10)|JGB438(2)|JGB70(20)|JGB71(20),1.955,1.985
2022-07-07,5Y,0.0168,4,JGB WI(5)-07|JGB347(10)|JGB95(20)|JGB96(20),4.953,4.953
2022-07-07,10Y,0.2747,4,JGB137(20)|JGB138(20)|JGB139(20)|JGB367(10),9.955,9.955
2022-07-07,20Y,0.91,1,JGB37(30),20.205,20.205
2022-07-07,30Y,1.241,1,JGB WI(30)-07,29.955,29.955
2022-07-07,40Y,1.324,1,JGB15(40),39.702,39.702
2022-07-08,2Y,-0.0736,5,JGB140(5)|JGB334(10)|JGB438(2)|JGB70(20)|JGB71(20),1.952,1.982
2022-07-08,5Y,0.0163,4,JGB WI(5)-07|JGB347(10)|JGB95(20)|JGB96(20),4.95,4.95
2022-07-08,10Y,0.267,4,JGB137(20)|JGB138(20)|JGB139(20)|JGB367(10),9.952,9.952
2022-07-08,20Y,0.905,1,JGB WI(20)-07,19.951,19.951
2022-07-08,30Y,1.234,1,JGB75(30),29.952,29.952
2022-07-08,40Y,1.323,1,JGB15(40),39.699,39.699
2022-07-11,2Y,-0.0764,5,JGB140(5)|JGB334(10)|JGB438(2)|JGB70(20)|JGB71(20),1.944,1.974
2022-07-11,5Y,0.028,4,JGB WI(5)-07|JGB347(10)|JGB95(20)|JGB96(20),4.942,4.942
2022-07-11,10Y,0.2672,4,JGB137(20)|JGB138(20)|JGB139(20)|JGB367(10),9.944,9.944
2022-07-11,20Y,0.925,1,JGB WI(20)-07,19.943,19.943
2022-07-11,30Y,1.247,1,JGB75(30),29.944,29.944
2022-07-11,40Y,1.335,1,JGB15(40),39.691,39.691
2022-07-12,2Y,-0.0768,5,JGB140(5)|JGB334(10)|JGB438(2)|JGB70(20)|JGB71(20),1.941,1.971
2022-07-12,5Y,0.0387,4,JGB WI(5)-07|JGB347(10)|JGB95(20)|JGB96(20),4.939,4.939
2022-07-12,10Y,0.2585,4,JGB137(20)|JGB138(20)|JGB139(20)|JGB367(10),9.941,9.941
2022-07-12,20Y,0.945,1,JGB WI(20)-07,19.94,19.94
2022-07-12,30Y,1.281,1,JGB75(30),29.941,29.941
2022-07-12,40Y,1.367,1,JGB15(40),39.688,39.688
2022-07-13,2Y,-0.0756,5,JGB140(5)|JGB334(10)|JGB438(2)|JGB70(20)|JGB71(20),1.938,1.969
2022-07-13,5Y,0.0307,4,JGB153(5)|JGB347(10)|JGB95(20)|JGB96(20),4.936,4.936
2022-07-13,10Y,0.2545,4,JGB137(20)|JGB138(20)|JGB139(20)|JGB367(10),9.938,9.938
2022-07-13,20Y,0.94,1,JGB WI(20)-07,19.937,19.937
2022-07-13,30Y,1.299,1,JGB75(30),29.938,29.938
2022-07-13,40Y,1.395,1,JGB15(40),39.685,39.685
2022-07-14,2Y,-0.081,5,JGB140(5)|JGB334(10)|JGB438(2)|JGB70(20)|JGB71(20),1.936,1.966
2022-07-14,5Y,0.0173,4,JGB153(5)|JGB347(10)|JGB95(20)|JGB96(20),4.934,4.934
2022-07-14,10Y,0.2442,4,JGB137(20)|JGB138(20)|JGB139(20)|JGB367(10),9.936,9.936
2022-07-14,20Y,0.913,1,JGB WI(20)-07,19.934,19.934
2022-07-14,30Y,1.265,1,JGB75(30),29.936,29.936
2022-07-14,40Y,1.363,1,JGB15(40),39.682,39.682
2022-07-15,2Y,-0.0656,5,JGB140(5)|JGB334(10)|JGB438(2)|JGB70(20)|JGB71(20),1.933,1.963
2022-07-15,5Y,0.0275,4,JGB153(5)|JGB347(10)|JGB95(20)|JGB96(20),4.931,4.931
2022-07-15,10Y,0.2435,4,JGB137(20)|JGB138(20)|JGB139(20)|JGB367(10),9.933,9.933
2022-07-15,20Y,0.895,1,JGB181(20),19.932,19.932
2022-07-15,30Y,1.247,1,JGB75(30),29.933,29.933
2022-07-15,40Y,1.343,1,JGB15(40),39.68,39.68
2022-07-19,2Y,-0.066,5,JGB140(5)|JGB334(10)|JGB438(2)|JGB70(20)|JGB71(20),1.922,1.952
2022-07-19,5Y,0.0265,4,JGB153(5)|JGB347(10)|JGB95(20)|JGB96(20),4.92,4.92
2022-07-19,10Y,0.2397,4,JGB137(20)|JGB138(20)|JGB139(20)|JGB367(10),9.922,9.922
2022-07-19,20Y,0.872,1,JGB181(20),19.921,19.921
2022-07-19,30Y,1.212,1,JGB75(30),29.922,29.922
2022-07-19,40Y,1.304,1,JGB15(40),39.669,39.669
2022-07-20,2Y,-0.0806,5,JGB140(5)|JGB334(10)|JGB438(2)|JGB70(20)|JGB71(20),1.919,1.949
2022-07-20,5Y,0.021,4,JGB153(5)|JGB347(10)|JGB95(20)|JGB96(20),4.917,4.917
2022-07-20,10Y,0.2447,4,JGB137(20)|JGB138(20)|JGB139(20)|JGB367(10),9.919,9.919
2022-07-20,20Y,0.903,1,JGB181(20),19.918,19.918
2022-07-20,30Y,1.265,1,JGB75(30),29.919,29.919
2022-07-20,40Y,1.364,2,JGB WI(40)-07|JGB15(40),39.666,39.666
2022-07-21,2Y,-0.077,1,JGB438(2),1.947,1.947
2022-07-21,5Y,0.0235,4,JGB153(5)|JGB347(10)|JGB95(20)|JGB96(20),4.914,4.914
2022-07-21,10Y,0.2502,4,JGB137(20)|JGB138(20)|JGB139(20)|JGB367(10),9.916,9.916
2022-07-21,20Y,0.914,1,JGB181(20),19.915,19.915
2022-07-21,30Y,1.273,1,JGB75(30),29.916,29.916
2022-07-21,40Y,1.3755,2,JGB WI(40)-07|JGB15(40),39.663,39.663
2022-07-22,2Y,-0.0735,2,JGB WI(2)-08|JGB438(2),1.944,2.029
2022-07-22,5Y,0.0155,4,JGB153(5)|JGB347(10)|JGB95(20)|JGB96(20),4.912,4.912
2022-07-22,10Y,0.2452,4,JGB137(20)|JGB138(20)|JGB139(20)|JGB367(10),9.914,9.914
2022-07-22,20Y,0.9,1,JGB181(20),19.912,19.912
2022-07-22,30Y,1.26,1,JGB75(30),29.914,29.914
2022-07-22,40Y,1.3675,2,JGB WI(40)-07|JGB15(40),39.661,39.661
2022-07-25,2Y,-0.071,2,JGB WI(2)-08|JGB438(2),1.936,2.021
2022-07-25,5Y,0.0037,4,JGB153(5)|JGB347(10)|JGB95(20)|JGB96(20),4.903,4.903
2022-07-25,10Y,0.2243,4,JGB137(20)|JGB138(20)|JGB139(20)|JGB367(10),9.906,9.906
2022-07-25,20Y,0.862,1,JGB181(20),19.904,19.904
2022-07-25,30Y,1.234,1,JGB75(30),29.906,29.906
2022-07-25,40Y,1.351,2,JGB WI(40)-07|JGB15(40),39.652,39.652
2022-07-26,2Y,-0.071,2,JGB WI(2)-08|JGB438(2),1.933,2.018
2022-07-26,5Y,-0.0043,4,JGB153(5)|JGB347(10)|JGB95(20)|JGB96(20),4.901,4.901
2022-07-26,10Y,0.2107,4,JGB137(20)|JGB138(20)|JGB139(20)|JGB367(10),9.903,9.903
2022-07-26,20Y,0.853,1,JGB181(20),19.901,19.901
2022-07-26,30Y,1.219,1,JGB75(30),29.903,29.903
2022-07-26,40Y,1.3395,2,JGB WI(40)-07|JGB15(40),39.65,39.65
2022-07-27,2Y,-0.071,2,JGB WI(2)-08|JGB438(2),1.93,2.015
2022-07-27,5Y,-0.0037,4,JGB153(5)|JGB347(10)|JGB95(20)|JGB96(20),4.898,4.898
2022-07-27,10Y,0.2142,5,JGB WI(10)-08|JGB137(20)|JGB138(20)|JGB139(20)|JGB367(10),9.9,9.9
2022-07-27,20Y,0.839,1,JGB181(20),19.899,19.899
2022-07-27,30Y,1.185,1,JGB75(30),29.9,29.9
2022-07-27,40Y,1.284,1,JGB15(40),39.647,39.647
2022-07-28,2Y,-0.071,2,JGB WI(2)-08|JGB438(2),1.927,2.012
2022-07-28,5Y,-0.0037,4,JGB153(5)|JGB347(10)|JGB95(20)|JGB96(20),4.895,4.895
2022-07-28,10Y,0.2102,5,JGB WI(10)-08|JGB137(20)|JGB138(20)|JGB139(20)|JGB367(10),9.897,9.897
2022-07-28,20Y,0.825,1,JGB181(20),19.896,19.896
2022-07-28,30Y,1.172,1,JGB75(30),29.897,29.897
2022-07-28,40Y,1.263,1,JGB15(40),39.644,39.644
2022-07-29,2Y,-0.0785,2,JGB438(2)|JGB439(2),1.925,2.01
2022-07-29,5Y,-0.0142,4,JGB153(5)|JGB347(10)|JGB95(20)|JGB96(20),4.893,4.893
2022-07-29,10Y,0.2082,5,JGB WI(10)-08|JGB137(20)|JGB138(20)|JGB139(20)|JGB367(10),9.895,9.895
2022-07-29,20Y,0.858,1,JGB181(20),19.893,19.893
2022-07-29,30Y,1.215,1,JGB75(30),29.895,29.895
2022-07-29,40Y,1.302,1,JGB15(40),39.641,39.641
2022-08-01,2Y,-0.089,1,JGB439(2),2.001,2.001
2022-08-01,5Y,-0.0293,4,JGB153(5)|JGB347(10)|JGB95(20)|JGB96(20),4.884,4.884
2022-08-01,10Y,0.1824,5,JGB WI(10)-08|JGB137(20)|JGB138(20)|JGB139(20)|JGB367(10),9.886,9.886
2022-08-01,20Y,0.842,1,JGB181(20),19.885,19.885
2022-08-01,30Y,1.201,1,JGB75(30),29.886,29.886
2022-08-01,40Y,1.28,1,JGB15(40),39.633,39.633
2022-08-02,2Y,-0.089,1,JGB439(2),1.999,1.999
2022-08-02,5Y,-0.0243,4,JGB153(5)|JGB347(10)|JGB95(20)|JGB96(20),4.882,4.882
2022-08-02,10Y,0.1864,5,JGB WI(10)-08|JGB137(20)|JGB138(20)|JGB139(20)|JGB367(10),9.884,9.884
2022-08-02,20Y,0.863,1,JGB181(20),19.882,19.882
2022-08-02,30Y,1.234,1,JGB75(30),29.884,29.884
2022-08-02,40Y,1.312,1,JGB15(40),39.63,39.63
2022-08-03,2Y,-0.09,1,JGB439(2),1.996,1.996
2022-08-03,5Y,-0.0295,4,JGB153(5)|JGB347(10)|JGB95(20)|JGB96(20),4.879,4.879
2022-08-03,10Y,0.1755,4,JGB137(20)|JGB138(20)|JGB139(20)|JGB367(10),9.881,9.881
2022-08-03,20Y,0.825,1,JGB181(20),19.88,19.88
2022-08-03,30Y,1.1995,2,JGB WI(30)-08|JGB75(30),29.881,29.881
2022-08-03,40Y,1.272,1,JGB15(40),39.628,39.628
2022-08-04,2Y,-0.085,1,JGB439(2),1.993,1.993
2022-08-04,5Y,-0.0215,4,JGB153(5)|JGB347(10)|JGB95(20)|JGB96(20),4.876,4.876
2022-08-04,10Y,0.1895,4,JGB137(20)|JGB138(20)|JGB139(20)|JGB367(10),9.878,9.878
2022-08-04,20Y,0.849,1,JGB181(20),19.877,19.877
2022-08-04,30Y,1.213,2,JGB WI(30)-08|JGB75(30),29.878,29.878
2022-08-04,40Y,1.292,1,JGB15(40),39.625,39.625
2022-08-05,2Y,-0.095,1,JGB439(2),1.99,1.99
2022-08-05,5Y,-0.0297,3,JGB348(10)|JGB97(20)|JGB98(20),5.125,5.125
2022-08-05,10Y,0.1713,4,JGB137(20)|JGB138(20)|JGB139(20)|JGB367(10),9.875,9.875
2022-08-05,20Y,0.835,2,JGB181(20)|JGB37(30),19.874,20.126
2022-08-05,30Y,1.1945,2,JGB WI(30)-08|JGB75(30),29.875,29.875
2022-08-05,40Y,1.268,1,JGB15(40),39.622,39.622
2022-08-08,2Y,-0.1,1,JGB439(2),1.982,1.982
2022-08-08,5Y,-0.0397,3,JGB348(10)|JGB97(20)|JGB98(20),5.117,5.117
2022-08-08,10Y,0.186,1,JGB140(20),10.119,10.119
2022-08-08,20Y,0.815,1,JGB37(30),20.118,20.118
2022-08-08,30Y,1.1675,2,JGB WI(30)-08|JGB75(30),29.867,29.867
2022-08-08,40Y,1.239,1,JGB15(40),39.614,39.614
2022-08-09,2Y,-0.1,1,JGB439(2),1.979,1.979
2022-08-09,5Y,-0.0347,3,JGB348(10)|JGB97(20)|JGB98(20),5.114,5.114
2022-08-09,10Y,0.192,1,JGB140(20),10.116,10.116
2022-08-09,20Y,0.814,1,JGB37(30),20.115,20.115
2022-08-09,30Y,1.159,2,JGB WI(30)-08|JGB75(30),29.864,29.864
2022-08-09,40Y,1.235,1,JGB15(40),39.611,39.611
2022-08-10,2Y,-0.101,1,JGB439(2),1.977,1.977
2022-08-10,5Y,-0.0397,3,JGB348(10)|JGB97(20)|JGB98(20),5.112,5.112
2022-08-10,10Y,0.181,1,JGB140(20),10.114,10.114
2022-08-10,20Y,0.799,1,JGB37(30),20.112,20.112
2022-08-10,30Y,1.131,1,JGB75(30),29.862,29.862
2022-08-10,40Y,1.197,1,JGB15(40),39.608,39.608
2022-08-12,2Y,-0.091,1,JGB439(2),1.971,1.971
2022-08-12,5Y,-0.009,3,JGB348(10)|JGB97(20)|JGB98(20),5.106,5.106
2022-08-12,10Y,0.207,1,JGB140(20),10.108,10.108
2022-08-12,20Y,0.799,1,JGB37(30),20.107,20.107
2022-08-12,30Y,1.127,1,JGB75(30),29.856,29.856
2022-08-12,40Y,1.186,1,JGB15(40),39.603,39.603
2022-08-15,2Y,-0.086,1,JGB439(2),1.963,1.963
2022-08-15,5Y,-0.0037,3,JGB348(10)|JGB97(20)|JGB98(20),5.098,5.098
2022-08-15,10Y,0.202,1,JGB140(20),10.1,10.1
2022-08-15,20Y,0.794,1,JGB37(30),20.099,20.099
2022-08-15,30Y,1.117,1,JGB75(30),29.848,29.848
2022-08-15,40Y,1.174,1,JGB15(40),39.595,39.595
2022-08-16,2Y,-0.086,1,JGB439(2),1.96,1.96
2022-08-16,5Y,0.0003,3,JGB348(10)|JGB97(20)|JGB98(20),5.095,5.095
2022-08-16,10Y,0.2,1,JGB140(20),10.097,10.097
2022-08-16,20Y,0.799,1,JGB37(30),20.096,20.096
2022-08-16,30Y,1.131,1,JGB75(30),29.845,29.845
2022-08-16,40Y,1.194,1,JGB15(40),39.592,39.592
2022-08-17,2Y,-0.091,1,JGB439(2),1.958,1.958
2022-08-17,5Y,-0.009,3,JGB348(10)|JGB97(20)|JGB98(20),5.092,5.092
2022-08-17,10Y,0.181,1,JGB140(20),10.094,10.094
2022-08-17,20Y,0.777,1,JGB37(30),20.093,20.093
2022-08-17,30Y,1.099,1,JGB75(30),29.843,29.843
2022-08-17,40Y,1.165,1,JGB15(40),39.589,39.589
2022-08-18,2Y,-0.092,1,JGB439(2),1.955,1.955
2022-08-18,5Y,-0.004,3,JGB348(10)|JGB97(20)|JGB98(20),5.09,5.09
2022-08-18,10Y,0.192,1,JGB140(20),10.092,10.092
2022-08-18,20Y,0.772,1,JGB37(30),20.09,20.09
2022-08-18,30Y,1.086,1,JGB75(30),29.84,29.84
2022-08-18,40Y,1.152,1,JGB15(40),39.587,39.587
2022-08-19,2Y,-0.087,1,JGB439(2),1.952,1.952
2022-08-19,5Y,0.005,3,JGB348(10)|JGB97(20)|JGB98(20),5.087,5.087
2022-08-19,10Y,0.208,1,JGB140(20),10.089,10.089
2022-08-19,20Y,0.794,1,JGB37(30),20.088,20.088
2022-08-19,30Y,1.117,1,JGB75(30),29.837,29.837
2022-08-19,40Y,1.182,1,JGB15(40),39.584,39.584
2022-08-22,2Y,-0.0867,4,JGB141(5)|JGB335(10)|JGB439(2)|JGB72(20),1.944,2.081
2022-08-22,5Y,0.0057,3,JGB348(10)|JGB97(20)|JGB98(20),5.079,5.079
2022-08-22,10Y,0.212,1,JGB140(20),10.081,10.081
2022-08-22,20Y,0.784,1,JGB37(30),20.079,20.079
2022-08-22,30Y,1.095,1,JGB75(30),29.829,29.829
2022-08-22,40Y,1.157,1,JGB15(40),39.576,39.576
2022-08-23,2Y,-0.0813,4,JGB141(5)|JGB335(10)|JGB439(2)|JGB72(20),1.941,2.078
2022-08-23,5Y,0.021,3,JGB348(10)|JGB97(20)|JGB98(20),5.076,5.076
2022-08-23,10Y,0.24,1,JGB140(20),10.078,10.078
2022-08-23,20Y,0.834,1,JGB37(30),20.077,20.077
2022-08-23,30Y,1.145,1,JGB75(30),29.826,29.826
2022-08-23,40Y,1.207,1,JGB15(40),39.573,39.573
2022-08-24,2Y,-0.0886,5,JGB WI(2)-09|JGB141(5)|JGB335(10)|JGB439(2)|JGB72(20),1.938,2.075
2022-08-24,5Y,0.0157,3,JGB348(10)|JGB97(20)|JGB98(20),5.073,5.073
2022-08-24,10Y,0.234,1,JGB140(20),10.075,10.075
2022-08-24,20Y,0.848,1,JGB37(30),20.074,20.074
2022-08-24,30Y,1.167,1,JGB75(30),29.823,29.823
2022-08-24,40Y,1.231,1,JGB15(40),39.57,39.57
2022-08-25,2Y,-0.0884,5,JGB WI(2)-09|JGB141(5)|JGB335(10)|JGB439(2)|JGB72(20),1.936,2.073
2022-08-25,5Y,0.026,3,JGB348(10)|JGB97(20)|JGB98(20),5.07,5.07
2022-08-25,10Y,0.24,1,JGB140(20),10.073,10.073
2022-08-25,20Y,0.85,1,JGB37(30),20.071,20.071
2022-08-25,30Y,1.163,1,JGB75(30),29.821,29.821
2022-08-25,40Y,1.227,1,JGB15(40),39.567,39.567
2022-08-26,2Y,-0.0882,5,JGB WI(2)-09|JGB141(5)|JGB335(10)|JGB439(2)|JGB72(20),1.933,2.07
2022-08-26,5Y,0.031,3,JGB348(10)|JGB97(20)|JGB98(20),5.068,5.068
2022-08-26,10Y,0.251,1,JGB140(20),10.07,10.07
2022-08-26,20Y,0.866,1,JGB37(30),20.068,20.068
2022-08-26,30Y,1.167,1,JGB75(30),29.818,29.818
2022-08-26,40Y,1.231,1,JGB15(40),39.565,39.565
2022-08-29,2Y,-0.0882,5,JGB WI(2)-09|JGB141(5)|JGB335(10)|JGB439(2)|JGB72(20),1.925,2.062
2022-08-29,5Y,0.0213,3,JGB348(10)|JGB97(20)|JGB98(20),5.06,5.06
2022-08-29,10Y,0.239,1,JGB140(20),10.062,10.062
2022-08-29,20Y,0.851,1,JGB37(30),20.06,20.06
2022-08-29,30Y,1.163,1,JGB75(30),29.81,29.81
2022-08-29,40Y,1.223,1,JGB15(40),39.556,39.556
2022-08-30,2Y,-0.08,5,JGB WI(2)-09|JGB141(5)|JGB335(10)|JGB439(2)|JGB72(20),1.922,2.059
2022-08-30,5Y,0.0417,3,JGB348(10)|JGB97(20)|JGB98(20),5.057,5.057
2022-08-30,10Y,0.266,1,JGB140(20),10.059,10.059
2022-08-30,20Y,0.887,1,JGB37(30),20.057,20.057
2022-08-30,30Y,1.207,1,JGB75(30),29.807,29.807
2022-08-30,40Y,1.264,1,JGB15(40),39.554,39.554
2022-08-31,2Y,-0.0934,5,JGB141(5)|JGB335(10)|JGB439(2)|JGB440(2)|JGB72(20),1.919,2.056
2022-08-31,5Y,0.016,3,JGB348(10)|JGB97(20)|JGB98(20),5.054,5.054
2022-08-31,10Y,0.249,1,JGB140(20),10.056,10.056
2022-08-31,20Y,0.88,1,JGB37(30),20.055,20.055
2022-08-31,30Y,1.2085,2,JGB WI(30)-09|JGB75(30),29.804,29.804
2022-08-31,40Y,1.272,1,JGB15(40),39.551,39.551
2022-09-01,2Y,-0.0895,4,JGB141(5)|JGB335(10)|JGB440(2)|JGB72(20),2.001,2.053
2022-09-01,5Y,0.0157,3,JGB348(10)|JGB97(20)|JGB98(20),5.051,5.051
2022-09-01,10Y,0.249,1,JGB140(20),10.053,10.053
2022-09-01,20Y,0.86,1,JGB37(30),20.052,20.052
2022-09-01,30Y,1.199,2,JGB WI(30)-09|JGB75(30),29.802,29.802
2022-09-01,40Y,1.26,1,JGB15(40),39.548,39.548
2022-09-02,2Y,-0.084,4,JGB141(5)|JGB335(10)|JGB440(2)|JGB72(20),1.999,2.051
2022-09-02,5Y,0.0263,3,JGB348(10)|JGB97(20)|JGB98(20),5.049,5.049
2022-09-02,10Y,0.265,1,JGB140(20),10.051,10.051
2022-09-02,20Y,0.891,1,JGB37(30),20.049,20.049
2022-09-02,30Y,1.23,2,JGB WI(30)-09|JGB75(30),29.799,29.799
2022-09-02,40Y,1.292,1,JGB15(40),39.546,39.546
2022-09-05,2Y,-0.089,4,JGB141(5)|JGB335(10)|JGB440(2)|JGB72(20),1.99,2.042
2022-09-05,5Y,0.031,3,JGB348(10)|JGB97(20)|JGB98(20),5.04,5.04
2022-09-05,10Y,0.271,1,JGB140(20),10.042,10.042
2022-09-05,20Y,0.916,1,JGB37(30),20.041,20.041
2022-09-05,30Y,1.265,2,JGB WI(30)-09|JGB75(30),29.791,29.791
2022-09-05,40Y,1.339,1,JGB15(40),39.537,39.537
2022-09-06,2Y,-0.092,4,JGB141(5)|JGB335(10)|JGB440(2)|JGB72(20),1.988,2.04
2022-09-06,5Y,0.016,3,JGB348(10)|JGB97(20)|JGB98(20),5.038,5.038
2022-09-06,10Y,0.261,1,JGB140(20),10.04,10.04
2022-09-06,20Y,0.9,1,JGB37(30),20.038,20.038
2022-09-06,30Y,1.2485,2,JGB WI(30)-09|JGB75(30),29.788,29.788
2022-09-06,40Y,1.328,1,JGB15(40),39.535,39.535
2022-09-07,2Y,-0.0882,4,JGB141(5)|JGB335(10)|JGB440(2)|JGB72(20),1.985,2.037
2022-09-07,5Y,0.0263,3,JGB348(10)|JGB97(20)|JGB98(20),5.035,5.035
2022-09-07,10Y,0.271,1,JGB140(20),10.037,10.037
2022-09-07,20Y,0.916,1,JGB37(30),20.036,20.036
2022-09-07,30Y,1.256,1,JGB75(30),29.785,29.785
2022-09-07,40Y,1.336,1,JGB15(40),39.532,39.532
2022-09-08,2Y,-0.0892,4,JGB141(5)|JGB335(10)|JGB440(2)|JGB72(20),1.982,2.034
2022-09-08,5Y,0.0363,3,JGB348(10)|JGB97(20)|JGB98(20),5.032,5.032
2022-09-08,10Y,0.286,1,JGB140(20),10.034,10.034
2022-09-08,20Y,0.951,1,JGB37(30),20.033,20.033
2022-09-08,30Y,1.3,1,JGB75(30),29.782,29.782
2022-09-08,40Y,1.387,1,JGB15(40),39.529,39.529
2022-09-09,2Y,-0.0877,4,JGB141(5)|JGB335(10)|JGB440(2)|JGB72(20),1.979,2.031
2022-09-09,5Y,0.035,3,JGB348(10)|JGB97(20)|JGB98(20),5.029,5.029
2022-09-09,10Y,0.287,1,JGB140(20),10.031,10.031
2022-09-09,20Y,0.951,1,JGB37(30),20.03,20.03
2022-09-09,30Y,1.295,1,JGB75(30),29.78,29.78
2022-09-09,40Y,1.379,1,JGB15(40),39.526,39.526
2022-09-12,2Y,-0.085,4,JGB141(5)|JGB335(10)|JGB440(2)|JGB72(20),1.971,2.023
2022-09-12,5Y,0.0507,3,JGB348(10)|JGB97(20)|JGB98(20),5.021,5.021
2022-09-12,10Y,0.292,1,JGB140(20),10.023,10.023
2022-09-12,20Y,0.961,1,JGB37(30),20.022,20.022
2022-09-12,30Y,1.308,1,JGB75(30),29.771,29.771
2022-09-12,40Y,1.391,1,JGB15(40),39.518,39.518
2022-09-13,2Y,-0.0808,4,JGB141(5)|JGB335(10)|JGB440(2)|JGB72(20),1.969,2.021
2022-09-13,5Y,0.0567,3,JGB348(10)|JGB97(20)|JGB98(20),5.018,5.018
2022-09-13,10Y,0.292,1,JGB140(20),10.021,10.021
2022-09-13,20Y,0.936,1,JGB37(30),20.019,20.019
2022-09-13,30Y,1.282,1,JGB75(30),29.769,29.769
2022-09-13,40Y,1.367,1,JGB15(40),39.515,39.515
2022-09-14,2Y,-0.0808,4,JGB141(5)|JGB335(10)|JGB440(2)|JGB72(20),1.966,2.018
2022-09-14,5Y,0.0387,3,JGB348(10)|JGB97(20)|JGB98(20),5.016,5.016
2022-09-14,10Y,0.279,1,JGB140(20),10.018,10.018
2022-09-14,20Y,0.885,1,JGB37(30),20.016,20.016
2022-09-14,30Y,1.23,1,JGB75(30),29.766,29.766
2022-09-14,40Y,1.316,1,JGB15(40),39.513,39.513
2022-09-15,2Y,-0.0793,4,JGB141(5)|JGB335(10)|JGB440(2)|JGB72(20),1.963,2.015
2022-09-15,5Y,0.0533,3,JGB348(10)|JGB97(20)|JGB98(20),5.013,5.013
2022-09-15,10Y,0.291,1,JGB140(20),10.015,10.015
2022-09-15,20Y,0.865,1,JGB37(30),20.014,20.014
2022-09-15,30Y,1.194,1,JGB75(30),29.763,29.763
2022-09-15,40Y,1.277,1,JGB15(40),39.51,39.51
2022-09-16,2Y,-0.0803,4,JGB141(5)|JGB335(10)|JGB440(2)|JGB72(20),1.96,2.012
2022-09-16,5Y,0.0573,3,JGB348(10)|JGB97(20)|JGB98(20),5.01,5.01
2022-09-16,10Y,0.297,1,JGB140(20),10.012,10.012
2022-09-16,20Y,0.937,1,JGB37(30),20.011,20.011
2022-09-16,30Y,1.256,1,JGB75(30),29.76,29.76
2022-09-16,40Y,1.329,1,JGB15(40),39.507,39.507
2022-09-20,2Y,-0.075,4,JGB141(5)|JGB335(10)|JGB440(2)|JGB72(20),1.949,2.001
2022-09-20,5Y,0.062,3,JGB348(10)|JGB97(20)|JGB98(20),4.999,4.999
2022-09-20,10Y,0.302,1,JGB140(20),10.001,10.001
2022-09-20,20Y,0.961,1,JGB37(30),20.0,20.0
2022-09-20,30Y,1.287,1,JGB75(30),29.749,29.749
2022-09-20,40Y,1.359,1,JGB15(40),39.496,39.496
2022-09-21,2Y,-0.0752,4,JGB141(5)|JGB335(10)|JGB440(2)|JGB72(20),1.947,1.999
2022-09-21,5Y,0.063,3,JGB348(10)|JGB97(20)|JGB98(20),4.997,4.997
2022-09-21,10Y,0.307,1,JGB140(20),9.999,9.999
2022-09-21,20Y,0.971,1,JGB37(30),19.997,19.997
2022-09-21,30Y,1.308,1,JGB75(30),29.747,29.747
2022-09-21,40Y,1.384,2,JGB WI(40)-09|JGB15(40),39.493,39.493
2022-09-22,2Y,-0.0592,4,JGB141(5)|JGB335(10)|JGB440(2)|JGB72(20),1.944,1.996
2022-09-22,5Y,0.073,3,JGB348(10)|JGB97(20)|JGB98(20),4.994,4.994
2022-09-22,10Y,0.318,1,JGB140(20),9.996,9.996
2022-09-22,20Y,0.976,1,JGB37(30),19.995,19.995
2022-09-22,30Y,1.308,1,JGB75(30),29.744,29.744
2022-09-22,40Y,1.3885,2,JGB WI(40)-09|JGB15(40),39.491,39.491
2022-09-26,2Y,-0.0688,5,JGB WI(2)-10|JGB141(5)|JGB335(10)|JGB440(2)|JGB72(20),1.933,2.015
2022-09-26,5Y,0.0517,3,JGB348(10)|JGB97(20)|JGB98(20),4.983,4.983
2022-09-26,10Y,0.297,1,JGB140(20),9.985,9.985
2022-09-26,20Y,0.961,1,JGB37(30),19.984,19.984
2022-09-26,30Y,1.3,1,JGB75(30),29.733,29.733
2022-09-26,40Y,1.384,2,JGB WI(40)-09|JGB15(40),39.48,39.48
2022-09-27,2Y,-0.0598,5,JGB WI(2)-10|JGB141(5)|JGB335(10)|JGB440(2)|JGB72(20),1.93,2.012
2022-09-27,5Y,0.083,3,JGB348(10)|JGB97(20)|JGB98(20),4.98,4.98
2022-09-27,10Y,0.324,1,JGB140(20),9.982,9.982
2022-09-27,20Y,0.998,1,JGB37(30),19.981,19.981
2022-09-27,30Y,1.364,1,JGB75(30),29.73,29.73
2022-09-27,40Y,1.4495,2,JGB WI(40)-09|JGB15(40),39.477,39.477
2022-09-28,2Y,-0.05,5,JGB WI(2)-10|JGB141(5)|JGB335(10)|JGB440(2)|JGB72(20),1.927,2.01
2022-09-28,5Y,0.1037,3,JGB348(10)|JGB97(20)|JGB98(20),4.977,4.977
2022-09-28,10Y,0.2985,2,JGB WI(10)-10|JGB140(20),9.979,9.979
2022-09-28,20Y,1.035,1,JGB37(30),19.978,19.978
2022-09-28,30Y,1.412,1,JGB75(30),29.728,29.728
2022-09-28,40Y,1.514,1,JGB15(40),39.474,39.474
2022-09-29,2Y,-0.0438,5,JGB WI(2)-10|JGB141(5)|JGB335(10)|JGB440(2)|JGB72(20),1.925,2.007
2022-09-29,5Y,0.09,3,JGB348(10)|JGB97(20)|JGB98(20),4.975,4.975
2022-09-29,10Y,0.2925,2,JGB WI(10)-10|JGB140(20),9.977,9.977
2022-09-29,20Y,1.05,1,JGB37(30),19.975,19.975
2022-09-29,30Y,1.446,1,JGB75(30),29.725,29.725
2022-09-29,40Y,1.559,1,JGB15(40),39.472,39.472
2022-09-30,2Y,-0.0474,5,JGB141(5)|JGB335(10)|JGB440(2)|JGB441(2)|JGB72(20),1.922,2.004
2022-09-30,5Y,0.084,3,JGB348(10)|JGB97(20)|JGB98(20),4.972,4.972
2022-09-30,10Y,0.2855,2,JGB WI(10)-10|JGB140(20),9.974,9.974
2022-09-30,20Y,1.01,1,JGB37(30),19.973,19.973
2022-09-30,30Y,1.382,1,JGB75(30),29.722,29.722
2022-09-30,40Y,1.484,1,JGB15(40),39.469,39.469
2022-10-03,2Y,-0.0475,4,JGB141(5)|JGB335(10)|JGB441(2)|JGB72(20),1.966,1.996
2022-10-03,5Y,0.0743,3,JGB348(10)|JGB97(20)|JGB98(20),4.964,4.964
2022-10-03,10Y,0.28,2,JGB WI(10)-10|JGB140(20),9.966,9.966
2022-10-03,20Y,1.011,1,JGB37(30),19.964,19.964
2022-10-03,30Y,1.378,1,JGB75(30),29.714,29.714
2022-10-03,40Y,1.472,1,JGB15(40),39.461,39.461
2022-10-04,2Y,-0.0555,4,JGB141(5)|JGB335(10)|JGB441(2)|JGB72(20),1.963,1.993
2022-10-04,5Y,0.0637,3,JGB348(10)|JGB97(20)|JGB98(20),4.961,4.961
2022-10-04,10Y,0.276,2,JGB WI(10)-10|JGB140(20),9.963,9.963
2022-10-04,20Y,0.971,1,JGB37(30),19.962,19.962
2022-10-04,30Y,1.318,1,JGB75(30),29.711,29.711
2022-10-04,40Y,1.414,1,JGB15(40),39.458,39.458
2022-10-05,2Y,-0.0617,4,JGB141(5)|JGB335(10)|JGB441(2)|JGB72(20),1.96,1.99
2022-10-05,5Y,0.0467,3,JGB348(10)|JGB97(20)|JGB98(20),4.958,4.958
2022-10-05,10Y,0.265,2,JGB140(20)|JGB368(10),9.96,9.96
2022-10-05,20Y,0.954,1,JGB37(30),19.959,19.959
2022-10-05,30Y,1.313,1,JGB75(30),29.708,29.708
2022-10-05,40Y,1.406,1,JGB15(40),39.455,39.455
2022-10-06,2Y,-0.0665,4,JGB141(5)|JGB335(10)|JGB441(2)|JGB72(20),1.958,1.988
2022-10-06,5Y,0.05,3,JGB348(10)|JGB97(20)|JGB98(20),4.956,4.956
2022-10-06,10Y,0.267,2,JGB140(20)|JGB368(10),9.958,9.958
2022-10-06,20Y,0.956,1,JGB37(30),19.956,19.956
2022-10-06,30Y,1.34,1,JGB WI(30)-10,29.958,29.958
2022-10-06,40Y,1.418,1,JGB15(40),39.452,39.452
2022-10-07,2Y,-0.0725,4,JGB141(5)|JGB335(10)|JGB441(2)|JGB72(20),1.955,1.985
2022-10-07,5Y,0.0513,3,JGB348(10)|JGB97(20)|JGB98(20),4.953,4.953
2022-10-07,10Y,0.27,2,JGB140(20)|JGB368(10),9.955,9.955
2022-10-07,20Y,0.966,1,JGB37(30),19.953,19.953
2022-10-07,30Y,1.355,1,JGB WI(30)-10,29.955,29.955
2022-10-07,40Y,1.437,1,JGB15(40),39.45,39.45
2022-10-11,2Y,-0.067,4,JGB141(5)|JGB335(10)|JGB441(2)|JGB72(20),1.944,1.974
2022-10-11,5Y,0.0617,4,JGB WI(5)-10|JGB348(10)|JGB97(20)|JGB98(20),4.942,4.942
2022-10-11,10Y,0.277,2,JGB140(20)|JGB368(10),9.944,9.944
2022-10-11,20Y,0.976,1,JGB37(30),19.943,19.943
2022-10-11,30Y,1.366,1,JGB WI(30)-10,29.944,29.944
2022-10-11,40Y,1.449,1,JGB15(40),39.439,39.439
2022-10-12,2Y,-0.0572,4,JGB141(5)|JGB335(10)|JGB441(2)|JGB72(20),1.941,1.971
2022-10-12,5Y,0.0765,4,JGB WI(5)-10|JGB348(10)|JGB97(20)|JGB98(20),4.939,4.939
2022-10-12,10Y,0.288,2,JGB140(20)|JGB368(10),9.941,9.941
2022-10-12,20Y,1.0305,2,JGB WI(20)-10|JGB37(30),19.94,19.94
2022-10-12,30Y,1.431,1,JGB WI(30)-10,29.941,29.941
2022-10-12,40Y,1.518,1,JGB15(40),39.436,39.436
2022-10-13,2Y,-0.057,4,JGB141(5)|JGB335(10)|JGB441(2)|JGB72(20),1.938,1.969
2022-10-13,5Y,0.0772,4,JGB WI(5)-10|JGB348(10)|JGB97(20)|JGB98(20),4.936,4.936
2022-10-13,10Y,0.2885,2,JGB140(20)|JGB368(10),9.938,9.938
2022-10-13,20Y,1.06,2,JGB WI(20)-10|JGB37(30),19.937,19.937
2022-10-13,30Y,1.464,1,JGB76(30),29.938,29.938
2022-10-13,40Y,1.563,1,JGB15(40),39.433,39.433
2022-10-14,2Y,-0.0517,4,JGB141(5)|JGB335(10)|JGB441(2)|JGB72(20),1.936,1.966
2022-10-14,5Y,0.0875,4,JGB WI(5)-10|JGB348(10)|JGB97(20)|JGB98(20),4.934,4.934
2022-10-14,10Y,0.2865,2,JGB140(20)|JGB368(10),9.936,9.936
2022-10-14,20Y,1.07,2,JGB WI(20)-10|JGB37(30),19.934,19.934
2022-10-14,30Y,1.46,1,JGB76(30),29.936,29.936
2022-10-14,40Y,1.555,1,JGB15(40),39.431,39.431
2022-10-17,2Y,-0.0525,4,JGB141(5)|JGB335(10)|JGB441(2)|JGB72(20),1.927,1.958
2022-10-17,5Y,0.0828,4,JGB154(5)|JGB348(10)|JGB97(20)|JGB98(20),4.925,4.925
2022-10-17,10Y,0.286,2,JGB140(20)|JGB368(10),9.927,9.927
2022-10-17,20Y,1.065,2,JGB WI(20)-10|JGB37(30),19.926,19.926
2022-10-17,30Y,1.451,1,JGB76(30),29.927,29.927
2022-10-17,40Y,1.544,1,JGB15(40),39.422,39.422
2022-10-18,2Y,-0.0522,4,JGB141(5)|JGB335(10)|JGB441(2)|JGB72(20),1.925,1.955
2022-10-18,5Y,0.091,4,JGB154(5)|JGB348(10)|JGB97(20)|JGB98(20),4.923,4.923
2022-10-18,10Y,0.2975,2,JGB140(20)|JGB368(10),9.925,9.925
2022-10-18,20Y,1.0995,2,JGB WI(20)-10|JGB37(30),19.923,19.923
2022-10-18,30Y,1.49,1,JGB76(30),29.925,29.925
2022-10-18,40Y,1.585,1,JGB15(40),39.42,39.42
2022-10-19,2Y,-0.0505,4,JGB141(5)|JGB335(10)|JGB441(2)|JGB72(20),1.922,1.952
2022-10-19,5Y,0.0905,4,JGB154(5)|JGB348(10)|JGB97(20)|JGB98(20),4.92,4.92
2022-10-19,10Y,0.2975,2,JGB140(20)|JGB368(10),9.922,9.922
2022-10-19,20Y,1.114,2,JGB182(20)|JGB37(30),19.921,19.921
2022-10-19,30Y,1.494,1,JGB76(30),29.922,29.922
2022-10-19,40Y,1.593,1,JGB15(40),39.417,39.417
2022-10-20,2Y,-0.0375,4,JGB141(5)|JGB335(10)|JGB441(2)|JGB72(20),1.919,1.949
2022-10-20,5Y,0.1045,4,JGB154(5)|JGB348(10)|JGB97(20)|JGB98(20),4.917,4.917
2022-10-20,10Y,0.3015,2,JGB140(20)|JGB368(10),9.919,9.919
2022-10-20,20Y,1.1185,2,JGB182(20)|JGB37(30),19.918,19.918
2022-10-20,30Y,1.49,1,JGB76(30),29.919,29.919
2022-10-20,40Y,1.589,1,JGB15(40),39.414,39.414
2022-10-21,2Y,-0.02,2,JGB WI(2)-11|JGB441(2),1.947,2.031
2022-10-21,5Y,0.1255,4,JGB154(5)|JGB348(10)|JGB97(20)|JGB98(20),4.914,4.914
2022-10-21,10Y,0.311,2,JGB140(20)|JGB368(10),9.916,9.916
2022-10-21,20Y,1.1495,2,JGB182(20)|JGB37(30),19.915,19.915
2022-10-21,30Y,1.502,1,JGB76(30),29.916,29.916
2022-10-21,40Y,1.59,1,JGB15(40),39.411,39.411
2022-10-24,2Y,-0.005,2,JGB WI(2)-11|JGB441(2),1.938,2.023
2022-10-24,5Y,0.134,4,JGB154(5)|JGB348(10)|JGB97(20)|JGB98(20),4.906,4.906
2022-10-24,10Y,0.408,1,JGB8(30),10.081,10.081
2022-10-24,20Y,1.1875,2,JGB182(20)|JGB37(30),19.907,19.907
2022-10-24,30Y,1.553,1,JGB76(30),29.908,29.908
2022-10-24,40Y,1.644,1,JGB15(40),39.403,39.403
2022-10-25,2Y,0.0,2,JGB WI(2)-11|JGB441(2),1.936,2.021
2022-10-25,5Y,0.136,4,JGB154(5)|JGB348(10)|JGB97(20)|JGB98(20),4.903,4.903
2022-10-25,10Y,0.413,1,JGB8(30),10.078,10.078
2022-10-25,20Y,1.2305,2,JGB182(20)|JGB37(30),19.904,19.904
2022-10-25,30Y,1.611,1,JGB76(30),29.906,29.906
2022-10-25,40Y,1.698,1,JGB15(40),39.4,39.4
2022-10-26,2Y,-0.01,2,JGB WI(2)-11|JGB441(2),1.933,2.018
2022-10-26,5Y,0.1155,4,JGB154(5)|JGB348(10)|JGB97(20)|JGB98(20),4.901,4.901
2022-10-26,10Y,0.403,1,JGB8(30),10.075,10.075
2022-10-26,20Y,1.186,2,JGB182(20)|JGB37(30),19.901,19.901
2022-10-26,30Y,1.544,1,JGB76(30),29.903,29.903
2022-10-26,40Y,1.637,1,JGB15(40),39.398,39.398
2022-10-27,2Y,-0.02,2,JGB WI(2)-11|JGB441(2),1.93,2.015
2022-10-27,5Y,0.09,4,JGB154(5)|JGB348(10)|JGB97(20)|JGB98(20),4.898,4.898
2022-10-27,10Y,0.393,1,JGB8(30),10.073,10.073
2022-10-27,20Y,1.181,2,JGB182(20)|JGB37(30),19.899,19.899
2022-10-27,30Y,1.524,1,JGB76(30),29.9,29.9
2022-10-27,40Y,1.611,1,JGB15(40),39.395,39.395
2022-10-28,2Y,-0.0425,2,JGB441(2)|JGB442(2),1.927,2.012
2022-10-28,5Y,0.0615,4,JGB154(5)|JGB348(10)|JGB97(20)|JGB98(20),4.895,4.895
2022-10-28,10Y,0.354,1,JGB8(30),10.07,10.07
2022-10-28,20Y,1.109,2,JGB182(20)|JGB37(30),19.896,19.896
2022-10-28,30Y,1.464,1,JGB76(30),29.897,29.897
2022-10-28,40Y,1.557,1,JGB15(40),39.392,39.392
2022-10-31,2Y,-0.0475,2,JGB441(2)|JGB442(2),1.919,2.004
2022-10-31,5Y,0.0688,4,JGB154(5)|JGB348(10)|JGB97(20)|JGB98(20),4.887,4.887
2022-10-31,10Y,0.325,1,JGB8(30),10.062,10.062
2022-10-31,20Y,1.081,2,JGB182(20)|JGB37(30),19.888,19.888
2022-10-31,30Y,1.433,1,JGB76(30),29.889,29.889
2022-10-31,40Y,1.529,1,JGB15(40),39.384,39.384
2022-11-01,2Y,-0.044,1,JGB442(2),2.001,2.001
2022-11-01,5Y,0.0745,4,JGB154(5)|JGB348(10)|JGB97(20)|JGB98(20),4.884,4.884
2022-11-01,10Y,0.313,1,JGB8(30),10.059,10.059
2022-11-01,20Y,1.054,2,JGB182(20)|JGB37(30),19.885,19.885
2022-11-01,30Y,1.413,1,JGB76(30),29.886,29.886
2022-11-01,40Y,1.503,1,JGB15(40),39.381,39.381
2022-11-02,2Y,-0.044,1,JGB442(2),1.999,1.999
2022-11-02,5Y,0.07,4,JGB154(5)|JGB348(10)|JGB97(20)|JGB98(20),4.882,4.882
2022-11-02,10Y,0.325,1,JGB8(30),10.056,10.056
2022-11-02,20Y,1.0945,2,JGB182(20)|JGB37(30),19.882,19.882
2022-11-02,30Y,1.476,1,JGB76(30),29.884,29.884
2022-11-02,40Y,1.567,1,JGB15(40),39.379,39.379
2022-11-04,2Y,-0.04,1,JGB442(2),1.993,1.993
2022-11-04,5Y,0.0742,4,JGB154(5)|JGB348(10)|JGB97(20)|JGB98(20),4.876,4.876
2022-11-04,10Y,0.314,1,JGB8(30),10.051,10.051
2022-11-04,20Y,1.114,2,JGB182(20)|JGB37(30),19.877,19.877
2022-11-04,30Y,1.5105,2,JGB WI(30)-11|JGB76(30),29.878,29.878
2022-11-04,40Y,1.6,1,JGB15(40),39.373,39.373
2022-11-07,2Y,-0.04,1,JGB442(2),1.985,1.985
2022-11-07,5Y,0.0955,2,JGB349(10)|JGB99(20),5.117,5.117
2022-11-07,10Y,0.334,1,JGB8(30),10.042,10.042
2022-11-07,20Y,1.1465,2,JGB182(20)|JGB37(30),19.869,19.869
2022-11-07,30Y,1.5335,2,JGB WI(30)-11|JGB76(30),29.87,29.87
2022-11-07,40Y,1.622,1,JGB15(40),39.365,39.365
2022-11-08,2Y,-0.04,1,JGB442(2),1.982,1.982
2022-11-08,5Y,0.093,2,JGB349(10)|JGB99(20),5.114,5.114
2022-11-08,10Y,0.334,1,JGB8(30),10.04,10.04
2022-11-08,20Y,1.1595,2,JGB182(20)|JGB37(30),19.866,19.866
2022-11-08,30Y,1.549,2,JGB WI(30)-11|JGB76(30),29.867,29.867
2022-11-08,40Y,1.644,1,JGB15(40),39.362,39.362
2022-11-09,2Y,-0.04,1,JGB442(2),1.979,1.979
2022-11-09,5Y,0.094,2,JGB349(10)|JGB99(20),5.112,5.112
2022-11-09,10Y,0.355,1,JGB8(30),10.037,10.037
2022-11-09,20Y,1.187,2,JGB182(20)|JGB37(30),19.863,19.863
2022-11-09,30Y,1.5605,2,JGB WI(30)-11|JGB76(30),29.864,29.864
2022-11-09,40Y,1.662,1,JGB15(40),39.359,39.359
2022-11-10,2Y,-0.05,1,JGB442(2),1.977,1.977
2022-11-10,5Y,0.079,2,JGB349(10)|JGB99(20),5.109,5.109
2022-11-10,10Y,0.332,1,JGB8(30),10.034,10.034
2022-11-10,20Y,1.123,2,JGB182(20)|JGB37(30),19.86,19.86
2022-11-10,30Y,1.49,1,JGB76(30),29.862,29.862
2022-11-10,40Y,1.589,1,JGB15(40),39.357,39.357
2022-11-11,2Y,-0.05,1,JGB442(2),1.974,1.974
2022-11-11,5Y,0.0755,2,JGB349(10)|JGB99(20),5.106,5.106
2022-11-11,10Y,0.32,1,JGB8(30),10.031,10.031
2022-11-11,20Y,1.1237,3,JGB WI(20)-11|JGB182(20)|JGB37(30),19.858,19.858
2022-11-11,30Y,1.498,1,JGB76(30),29.859,29.859
2022-11-11,40Y,1.6,1,JGB15(40),39.354,39.354
2022-11-14,2Y,-0.055,1,JGB442(2),1.966,1.966
2022-11-14,5Y,0.057,2,JGB349(10)|JGB99(20),5.098,5.098
2022-11-14,10Y,0.284,1,JGB8(30),10.023,10.023
2022-11-14,20Y,1.0547,3,JGB WI(20)-11|JGB182(20)|JGB37(30),19.849,19.849
2022-11-14,30Y,1.43,1,JGB76(30),29.851,29.851
2022-11-14,40Y,1.533,1,JGB15(40),39.346,39.346
2022-11-15,2Y,-0.05,1,JGB442(2),1.963,1.963
2022-11-15,5Y,0.0715,2,JGB349(10)|JGB99(20),5.095,5.095
2022-11-15,10Y,0.309,1,JGB8(30),10.021,10.021
2022-11-15,20Y,1.0997,3,JGB WI(20)-11|JGB182(20)|JGB37(30),19.847,19.847
2022-11-15,30Y,1.477,1,JGB76(30),29.848,29.848
2022-11-15,40Y,1.585,1,JGB15(40),39.343,39.343
2022-11-16,2Y,-0.045,1,JGB442(2),1.96,1.96
2022-11-16,5Y,0.072,2,JGB349(10)|JGB99(20),5.092,5.092
2022-11-16,10Y,0.298,1,JGB8(30),10.018,10.018
2022-11-16,20Y,1.0727,3,JGB WI(20)-11|JGB182(20)|JGB37(30),19.844,19.844
2022-11-16,30Y,1.446,1,JGB76(30),29.845,29.845
2022-11-16,40Y,1.552,1,JGB15(40),39.34,39.34
2022-11-17,2Y,-0.04,1,JGB442(2),1.958,1.958
2022-11-17,5Y,0.0715,2,JGB349(10)|JGB99(20),5.09,5.09
2022-11-17,10Y,0.309,1,JGB8(30),10.015,10.015
2022-11-17,20Y,1.0583,3,JGB WI(20)-11|JGB182(20)|JGB37(30),19.841,19.841
2022-11-17,30Y,1.43,1,JGB76(30),29.843,29.843
2022-11-17,40Y,1.537,1,JGB15(40),39.337,39.337
2022-11-18,2Y,-0.04,1,JGB442(2),1.955,1.955
2022-11-18,5Y,0.072,2,JGB349(10)|JGB99(20),5.087,5.087
2022-11-18,10Y,0.304,1,JGB8(30),10.012,10.012
2022-11-18,20Y,1.035,2,JGB182(20)|JGB37(30),19.838,19.838
2022-11-18,30Y,1.395,1,JGB76(30),29.84,29.84
2022-11-18,40Y,1.503,1,JGB15(40),39.335,39.335
2022-11-21,2Y,-0.0173,6,JGB142(5)|JGB336(10)|JGB337(10)|JGB442(2)|JGB73(20)|JGB74(20),1.947,2.081
2022-11-21,5Y,0.0895,2,JGB349(10)|JGB99(20),5.079,5.079
2022-11-21,10Y,0.3205,4,JGB141(20)|JGB142(20)|JGB8(30)|JGB9(30),10.004,10.081
2022-11-21,20Y,1.0495,2,JGB182(20)|JGB37(30),19.83,19.83
2022-11-21,30Y,1.404,1,JGB76(30),29.832,29.832
2022-11-21,40Y,1.5055,2,JGB WI(40)-11|JGB15(40),39.326,39.326
2022-11-22,2Y,-0.0125,6,JGB142(5)|JGB336(10)|JGB337(10)|JGB442(2)|JGB73(20)|JGB74(20),1.944,2.078
2022-11-22,5Y,0.09,2,JGB349(10)|JGB99(20),5.076,5.076
2022-11-22,10Y,0.3223,4,JGB141(20)|JGB142(20)|JGB8(30)|JGB9(30),10.001,10.078
2022-11-22,20Y,1.069,2,JGB182(20)|JGB37(30),19.828,19.828
2022-11-22,30Y,1.438,1,JGB76(30),29.829,29.829
2022-11-22,40Y,1.5395,2,JGB WI(40)-11|JGB15(40),39.324,39.324
2022-11-24,2Y,-0.018,7,JGB WI(2)-12|JGB142(5)|JGB336(10)|JGB337(10)|JGB442(2)|JGB73(20)|JGB74(20),1.938,2.073
2022-11-24,5Y,0.085,2,JGB349(10)|JGB99(20),5.07,5.07
2022-11-24,10Y,0.325,4,JGB141(20)|JGB142(20)|JGB8(30)|JGB9(30),9.996,10.073
2022-11-24,20Y,1.064,2,JGB182(20)|JGB37(30),19.822,19.822
2022-11-24,30Y,1.447,1,JGB76(30),29.823,29.823
2022-11-24,40Y,1.5555,2,JGB WI(40)-11|JGB15(40),39.318,39.318
2022-11-25,2Y,-0.0227,7,JGB WI(2)-12|JGB142(5)|JGB336(10)|JGB337(10)|JGB442(2)|JGB73(20)|JGB74(20),1.936,2.07
2022-11-25,5Y,0.082,2,JGB349(10)|JGB99(20),5.068,5.068
2022-11-25,10Y,0.3265,4,JGB141(20)|JGB142(20)|JGB8(30)|JGB9(30),9.993,10.07
2022-11-25,20Y,1.064,2,JGB182(20)|JGB37(30),19.819,19.819
2022-11-25,30Y,1.438,1,JGB76(30),29.821,29.821
2022-11-25,40Y,1.559,2,JGB WI(40)-11|JGB15(40),39.316,39.316
2022-11-28,2Y,-0.0183,7,JGB WI(2)-12|JGB142(5)|JGB336(10)|JGB337(10)|JGB442(2)|JGB73(20)|JGB74(20),1.927,2.062
2022-11-28,5Y,0.111,2,JGB349(10)|JGB99(20),5.06,5.06
2022-11-28,10Y,0.3672,4,JGB141(20)|JGB142(20)|JGB8(30)|JGB9(30),9.985,10.062
2022-11-28,20Y,1.0905,2,JGB182(20)|JGB37(30),19.811,19.811
2022-11-28,30Y,1.468,1,JGB76(30),29.812,29.812
2022-11-28,40Y,1.574,1,JGB15(40),39.307,39.307
2022-11-29,2Y,-0.0176,7,JGB WI(2)-12|JGB142(5)|JGB336(10)|JGB337(10)|JGB442(2)|JGB73(20)|JGB74(20),1.925,2.059
2022-11-29,5Y,0.11,2,JGB349(10)|JGB99(20),5.057,5.057
2022-11-29,10Y,0.3685,4,JGB141(20)|JGB142(20)|JGB8(30)|JGB9(30),9.982,10.059
2022-11-29,20Y,1.0995,2,JGB182(20)|JGB37(30),19.808,19.808
2022-11-29,30Y,1.473,1,JGB76(30),29.81,29.81
2022-11-29,40Y,1.578,1,JGB15(40),39.305,39.305
2022-11-30,2Y,-0.0234,7,JGB142(5)|JGB336(10)|JGB337(10)|JGB442(2)|JGB443(2)|JGB73(20)|JGB74(20),1.922,2.056
2022-11-30,5Y,0.125,2,JGB349(10)|JGB99(20),5.054,5.054
2022-11-30,10Y,0.3782,4,JGB141(20)|JGB142(20)|JGB8(30)|JGB9(30),9.979,10.056
2022-11-30,20Y,1.128,2,JGB182(20)|JGB37(30),19.806,19.806
2022-11-30,30Y,1.503,2,JGB WI(30)-12|JGB76(30),29.807,29.807
2022-11-30,40Y,1.607,1,JGB15(40),39.302,39.302
2022-12-01,2Y,-0.0239,7,JGB142(5)|JGB336(10)|JGB337(10)|JGB442(2)|JGB443(2)|JGB73(20)|JGB74(20),1.919,2.053
2022-12-01,5Y,0.1255,2,JGB349(10)|JGB99(20),5.051,5.051
2022-12-01,10Y,0.368,4,JGB141(20)|JGB142(20)|JGB8(30)|JGB9(30),9.977,10.053
2022-12-01,20Y,1.1235,2,JGB182(20)|JGB37(30),19.803,19.803
2022-12-01,30Y,1.4945,2,JGB WI(30)-12|JGB76(30),29.804,29.804
2022-12-01,40Y,1.607,1,JGB15(40),39.299,39.299
2022-12-02,2Y,-0.0228,6,JGB142(5)|JGB336(10)|JGB337(10)|JGB443(2)|JGB73(20)|JGB74(20),1.999,2.051
2022-12-02,5Y,0.1155,2,JGB349(10)|JGB99(20),5.049,5.049
2022-12-02,10Y,0.3528,4,JGB141(20)|JGB142(20)|JGB8(30)|JGB9(30),9.974,10.051
2022-12-02,20Y,1.114,2,JGB182(20)|JGB37(30),19.8,19.8
2022-12-02,30Y,1.499,2,JGB WI(30)-12|JGB76(30),29.802,29.802
2022-12-02,40Y,1.619,1,JGB15(40),39.296,39.296
2022-12-05,2Y,-0.0223,6,JGB142(5)|JGB336(10)|JGB337(10)|JGB443(2)|JGB73(20)|JGB74(20),1.99,2.042
2022-12-05,5Y,0.115,2,JGB349(10)|JGB99(20),5.04,5.04
2022-12-05,10Y,0.3632,4,JGB141(20)|JGB142(20)|JGB8(30)|JGB9(30),9.966,10.042
2022-12-05,20Y,1.0945,2,JGB182(20)|JGB37(30),19.792,19.792
2022-12-05,30Y,1.4785,2,JGB WI(30)-12|JGB76(30),29.793,29.793
2022-12-05,40Y,1.604,1,JGB15(40),39.288,39.288
2022-12-06,2Y,-0.018,6,JGB142(5)|JGB336(10)|JGB337(10)|JGB443(2)|JGB73(20)|JGB74(20),1.988,2.04
2022-12-06,5Y,0.125,2,JGB349(10)|JGB99(20),5.038,5.038
2022-12-06,10Y,0.3788,4,JGB141(20)|JGB142(20)|JGB8(30)|JGB9(30),9.963,10.04
2022-12-06,20Y,1.0995,2,JGB182(20)|JGB37(30),19.789,19.789
2022-12-06,30Y,1.474,2,JGB WI(30)-12|JGB76(30),29.791,29.791
2022-12-06,40Y,1.6,1,JGB15(40),39.285,39.285
2022-12-07,2Y,-0.0077,6,JGB142(5)|JGB336(10)|JGB337(10)|JGB443(2)|JGB73(20)|JGB74(20),1.985,2.037
2022-12-07,5Y,0.141,2,JGB349(10)|JGB99(20),5.035,5.035
2022-12-07,10Y,0.3892,4,JGB141(20)|JGB142(20)|JGB8(30)|JGB9(30),9.96,10.037
2022-12-07,20Y,1.114,2,JGB182(20)|JGB37(30),19.786,19.786
2022-12-07,30Y,1.468,1,JGB76(30),29.788,29.788
2022-12-07,40Y,1.591,1,JGB15(40),39.283,39.283
2022-12-08,2Y,-0.0078,6,JGB142(5)|JGB336(10)|JGB337(10)|JGB443(2)|JGB73(20)|JGB74(20),1.982,2.034
2022-12-08,5Y,0.1315,2,JGB349(10)|JGB99(20),5.032,5.032
2022-12-08,10Y,0.3738,4,JGB141(20)|JGB142(20)|JGB8(30)|JGB9(30),9.958,10.034
2022-12-08,20Y,1.0995,2,JGB182(20)|JGB37(30),19.784,19.784
2022-12-08,30Y,1.46,1,JGB76(30),29.785,29.785
2022-12-08,40Y,1.574,1,JGB15(40),39.28,39.28
2022-12-09,2Y,-0.0082,6,JGB142(5)|JGB336(10)|JGB337(10)|JGB443(2)|JGB73(20)|JGB74(20),1.979,2.031
2022-12-09,5Y,0.135,2,JGB349(10)|JGB99(20),5.029,5.029
2022-12-09,10Y,0.3612,4,JGB141(20)|JGB142(20)|JGB8(30)|JGB9(30),9.955,10.031
2022-12-09,20Y,1.085,3,JGB WI(20)-12|JGB182(20)|JGB37(30),19.781,19.781
2022-12-09,30Y,1.434,1,JGB76(30),29.782,29.782
2022-12-09,40Y,1.544,1,JGB15(40),39.277,39.277
2022-12-12,2Y,-0.0127,6,JGB142(5)|JGB336(10)|JGB337(10)|JGB443(2)|JGB73(20)|JGB74(20),1.971,2.023
2022-12-12,5Y,0.1295,2,JGB349(10)|JGB99(20),5.021,5.021
2022-12-12,10Y,0.3473,4,JGB141(20)|JGB142(20)|JGB8(30)|JGB9(30),9.947,10.023
2022-12-12,20Y,1.0663,3,JGB WI(20)-12|JGB182(20)|JGB37(30),19.773,19.773
2022-12-12,30Y,1.395,1,JGB76(30),29.774,29.774
2022-12-12,40Y,1.502,1,JGB15(40),39.269,39.269
2022-12-13,2Y,-0.0093,6,JGB142(5)|JGB336(10)|JGB337(10)|JGB443(2)|JGB73(20)|JGB74(20),1.969,2.021
2022-12-13,5Y,0.136,2,JGB349(10)|JGB99(20),5.018,5.018
2022-12-13,10Y,0.3632,4,JGB141(20)|JGB142(20)|JGB8(30)|JGB9(30),9.944,10.021
2022-12-13,20Y,1.0927,3,JGB WI(20)-12|JGB182(20)|JGB37(30),19.77,19.77
2022-12-13,30Y,1.424,1,JGB76(30),29.771,29.771
2022-12-13,40Y,1.522,1,JGB15(40),39.266,39.266
2022-12-14,2Y,-0.0128,6,JGB142(5)|JGB336(10)|JGB337(10)|JGB443(2)|JGB73(20)|JGB74(20),1.966,2.018
2022-12-14,5Y,0.1355,2,JGB349(10)|JGB99(20),5.016,5.016
2022-12-14,10Y,0.358,4,JGB141(20)|JGB142(20)|JGB8(30)|JGB9(30),9.941,10.018
2022-12-14,20Y,1.085,3,JGB WI(20)-12|JGB182(20)|JGB37(30),19.767,19.767
2022-12-14,30Y,1.4,1,JGB76(30),29.769,29.769
2022-12-14,40Y,1.495,1,JGB15(40),39.264,39.264
2022-12-15,2Y,-0.0165,6,JGB142(5)|JGB336(10)|JGB337(10)|JGB443(2)|JGB73(20)|JGB74(20),1.963,2.015
2022-12-15,5Y,0.1305,2,JGB349(10)|JGB99(20),5.013,5.013
2022-12-15,10Y,0.344,4,JGB141(20)|JGB142(20)|JGB8(30)|JGB9(30),9.938,10.015
2022-12-15,20Y,1.0663,3,JGB WI(20)-12|JGB182(20)|JGB37(30),19.765,19.765
2022-12-15,30Y,1.391,1,JGB76(30),29.766,29.766
2022-12-15,40Y,1.484,1,JGB15(40),39.261,39.261
2022-12-16,2Y,-0.0162,6,JGB142(5)|JGB336(10)|JGB337(10)|JGB443(2)|JGB73(20)|JGB74(20),1.96,2.012
2022-12-16,5Y,0.1405,2,JGB349(10)|JGB99(20),5.01,5.01
2022-12-16,10Y,0.3632,4,JGB141(20)|JGB142(20)|JGB8(30)|JGB9(30),9.936,10.012
2022-12-16,20Y,1.1045,2,JGB182(20)|JGB37(30),19.762,19.762
2022-12-16,30Y,1.413,1,JGB76(30),29.763,29.763
2022-12-16,40Y,1.492,1,JGB15(40),39.258,39.258
2022-12-19,2Y,-0.0222,6,JGB142(5)|JGB336(10)|JGB337(10)|JGB443(2)|JGB73(20)|JGB74(20),1.952,2.004
2022-12-19,5Y,0.14,2,JGB349(10)|JGB99(20),5.002,5.002
2022-12-19,10Y,0.3598,4,JGB141(20)|JGB142(20)|JGB8(30)|JGB9(30),9.927,10.004
2022-12-19,20Y,1.132,2,JGB182(20)|JGB37(30),19.754,19.754
2022-12-19,30Y,1.46,1,JGB76(30),29.755,29.755
2022-12-19,40Y,1.548,1,JGB15(40),39.25,39.25
2022-12-20,2Y,-0.0083,6,JGB142(5)|JGB336(10)|JGB337(10)|JGB443(2)|JGB73(20)|JGB74(20),1.949,2.001
2022-12-20,5Y,0.156,2,JGB349(10)|JGB99(20),4.999,4.999
2022-12-20,10Y,0.3685,4,JGB141(20)|JGB142(20)|JGB8(30)|JGB9(30),9.925,10.001
2022-12-20,20Y,1.186,1,JGB38(30),20.246,20.246
2022-12-20,30Y,1.5095,2,JGB6(40)|JGB76(30),29.752,30.248
2022-12-20,40Y,1.593,1,JGB15(40),39.247,39.247
2022-12-21,2Y,0.0129,7,JGB WI(2)-01|JGB142(5)|JGB336(10)|JGB337(10)|JGB443(2)|JGB73(20)|JGB74(20),1.947,2.031
2022-12-21,5Y,0.2085,2,JGB349(10)|JGB99(20),4.997,4.997
2022-12-21,10Y,0.4742,4,JGB141(20)|JGB142(20)|JGB8(30)|JGB9(30),9.922,9.999
2022-12-21,20Y,1.23,1,JGB38(30),20.244,20.244
2022-12-21,30Y,1.563,1,JGB6(40),30.245,30.245
2022-12-21,40Y,1.636,1,JGB15(40),39.244,39.244
2022-12-22,2Y,-0.0024,7,JGB WI(2)-01|JGB142(5)|JGB336(10)|JGB337(10)|JGB443(2)|JGB73(20)|JGB74(20),1.944,2.029
2022-12-22,5Y,0.275,2,JGB349(10)|JGB99(20),4.994,4.994
2022-12-22,10Y,0.5345,4,JGB141(20)|JGB142(20)|JGB8(30)|JGB9(30),9.919,9.996
2022-12-22,20Y,1.223,1,JGB38(30),20.241,20.241
2022-12-22,30Y,1.537,1,JGB6(40),30.242,30.242
2022-12-22,40Y,1.611,1,JGB15(40),39.242,39.242
2022-12-23,2Y,0.0034,7,JGB WI(2)-01|JGB142(5)|JGB336(10)|JGB337(10)|JGB443(2)|JGB73(20)|JGB74(20),1.941,2.026
2022-12-23,5Y,0.241,2,JGB349(10)|JGB99(20),4.991,4.991
2022-12-23,10Y,0.4603,3,JGB141(20)|JGB142(20)|JGB9(30),9.993,9.993
2022-12-23,20Y,1.209,1,JGB38(30),20.238,20.238
2022-12-23,30Y,1.527,1,JGB6(40),30.24,30.24
2022-12-23,40Y,1.603,1,JGB15(40),39.239,39.239
2022-12-26,2Y,0.0144,7,JGB WI(2)-01|JGB142(5)|JGB336(10)|JGB337(10)|JGB443(2)|JGB73(20)|JGB74(20),1.933,2.018
2022-12-26,5Y,0.2245,2,JGB349(10)|JGB99(20),4.983,4.983
2022-12-26,10Y,0.4787,3,JGB141(20)|JGB142(20)|JGB9(30),9.985,9.985
2022-12-26,20Y,1.219,1,JGB38(30),20.23,20.23
2022-12-26,30Y,1.5,1,JGB6(40),30.231,30.231
2022-12-26,40Y,1.574,1,JGB15(40),39.231,39.231
2022-12-27,2Y,0.035,7,JGB WI(2)-01|JGB142(5)|JGB336(10)|JGB337(10)|JGB443(2)|JGB73(20)|JGB74(20),1.93,2.015
2022-12-27,5Y,0.2595,2,JGB349(10)|JGB99(20),4.98,4.98
2022-12-27,10Y,0.5253,3,JGB141(20)|JGB142(20)|JGB9(30),9.982,9.982
2022-12-27,20Y,1.223,1,JGB38(30),20.227,20.227
2022-12-27,30Y,1.5,1,JGB6(40),30.229,30.229
2022-12-27,40Y,1.582,1,JGB15(40),39.228,39.228
2022-12-28,2Y,0.04,7,JGB142(5)|JGB336(10)|JGB337(10)|JGB443(2)|JGB444(2)|JGB73(20)|JGB74(20),1.927,2.012
2022-12-28,5Y,0.269,2,JGB349(10)|JGB99(20),4.977,4.977
2022-12-28,10Y,0.5463,3,JGB141(20)|JGB142(20)|JGB9(30),9.979,9.979
2022-12-28,20Y,1.241,1,JGB38(30),20.225,20.225
2022-12-28,30Y,1.522,1,JGB6(40),30.226,30.226
2022-12-28,40Y,1.604,1,JGB15(40),39.225,39.225
2022-12-29,2Y,0.0426,7,JGB142(5)|JGB336(10)|JGB337(10)|JGB443(2)|JGB444(2)|JGB73(20)|JGB74(20),1.925,2.01
2022-12-29,5Y,0.2695,2,JGB349(10)|JGB99(20),4.975,4.975
2022-12-29,10Y,0.534,4,JGB WI(10)-01|JGB141(20)|JGB142(20)|JGB9(30),9.977,9.977
2022-12-29,20Y,1.268,1,JGB38(30),20.222,20.222
2022-12-29,30Y,1.554,1,JGB6(40),30.223,30.223
2022-12-29,40Y,1.633,1,JGB15(40),39.222,39.222
2022-12-30,2Y,0.046,7,JGB142(5)|JGB336(10)|JGB337(10)|JGB443(2)|JGB444(2)|JGB73(20)|JGB74(20),1.922,2.007
2022-12-30,5Y,0.2685,2,JGB349(10)|JGB99(20),4.972,4.972
2022-12-30,10Y,0.5403,4,JGB WI(10)-01|JGB141(20)|JGB142(20)|JGB9(30),9.974,9.974
2022-12-30,20Y,1.31,1,JGB38(30),20.219,20.219
2022-12-30,30Y,1.59,1,JGB6(40),30.22,30.22
2022-12-30,40Y,1.673,1,JGB15(40),39.22,39.22
2023-01-04,2Y,0.0367,6,JGB142(5)|JGB336(10)|JGB337(10)|JGB444(2)|JGB73(20)|JGB74(20),1.96,1.993
2023-01-04,5Y,0.249,2,JGB349(10)|JGB99(20),4.958,4.958
2023-01-04,10Y,0.5208,4,JGB WI(10)-01|JGB141(20)|JGB142(20)|JGB9(30),9.96,9.96
2023-01-04,20Y,1.29,1,JGB38(30),20.205,20.205
2023-01-04,30Y,1.585,1,JGB6(40),30.207,30.207
2023-01-04,40Y,1.691,1,JGB15(40),39.206,39.206
2023-01-05,2Y,0.031,6,JGB142(5)|JGB336(10)|JGB337(10)|JGB444(2)|JGB73(20)|JGB74(20),1.958,1.99
2023-01-05,5Y,0.245,2,JGB349(10)|JGB99(20),4.956,4.956
2023-01-05,10Y,0.5522,4,JGB WI(10)-01|JGB141(20)|JGB142(20)|JGB9(30),9.958,9.958
2023-01-05,20Y,1.328,1,JGB38(30),20.203,20.203
2023-01-05,30Y,1.62,1,JGB WI(30)-01,29.958,29.958
2023-01-05,40Y,1.717,1,JGB15(40),39.203,39.203
2023-01-06,2Y,0.0157,6,JGB142(5)|JGB336(10)|JGB337(10)|JGB444(2)|JGB73(20)|JGB74(20),1.955,1.988
2023-01-06,5Y,0.2295,2,JGB349(10)|JGB99(20),4.953,4.953
2023-01-06,10Y,0.5398,4,JGB141(20)|JGB142(20)|JGB369(10)|JGB9(30),9.955,9.955
2023-01-06,20Y,1.299,1,JGB38(30),20.2,20.2
2023-01-06,30Y,1.596,1,JGB WI(30)-01,29.955,29.955
2023-01-06,40Y,1.699,1,JGB15(40),39.201,39.201
2023-01-10,2Y,0.0103,6,JGB142(5)|JGB336(10)|JGB337(10)|JGB444(2)|JGB73(20)|JGB74(20),1.944,1.977
2023-01-10,5Y,0.2187,3,JGB WI(5)-01|JGB349(10)|JGB99(20),4.942,4.942
2023-01-10,10Y,0.5375,4,JGB141(20)|JGB142(20)|JGB369(10)|JGB9(30),9.944,9.944
2023-01-10,20Y,1.285,1,JGB38(30),20.189,20.189
2023-01-10,30Y,1.585,1,JGB WI(30)-01,29.944,29.944
2023-01-10,40Y,1.688,1,JGB15(40),39.19,39.19
2023-01-11,2Y,0.0225,6,JGB142(5)|JGB336(10)|JGB337(10)|JGB444(2)|JGB73(20)|JGB74(20),1.941,1.974
2023-01-11,5Y,0.2487,3,JGB WI(5)-01|JGB349(10)|JGB99(20),4.939,4.939
2023-01-11,10Y,0.5667,4,JGB141(20)|JGB142(20)|JGB369(10)|JGB9(30),9.941,9.941
2023-01-11,20Y,1.332,1,JGB38(30),20.186,20.186
2023-01-11,30Y,1.626,1,JGB WI(30)-01,29.941,29.941
2023-01-11,40Y,1.724,1,JGB15(40),39.187,39.187
2023-01-12,2Y,0.0222,6,JGB142(5)|JGB336(10)|JGB337(10)|JGB444(2)|JGB73(20)|JGB74(20),1.938,1.971
2023-01-12,5Y,0.2527,3,JGB WI(5)-01|JGB349(10)|JGB99(20),4.936,4.936
2023-01-12,10Y,0.5702,4,JGB141(20)|JGB142(20)|JGB369(10)|JGB9(30),9.938,9.938
2023-01-12,20Y,1.318,1,JGB38(30),20.183,20.183
2023-01-12,30Y,1.608,1,JGB77(30),29.938,29.938
2023-01-12,40Y,1.71,1,JGB15(40),39.184,39.184
2023-01-13,2Y,0.0367,6,JGB142(5)|JGB336(10)|JGB337(10)|JGB444(2)|JGB73(20)|JGB74(20),1.936,1.969
2023-01-13,5Y,0.298,3,JGB WI(5)-01|JGB349(10)|JGB99(20),4.934,4.934
2023-01-13,10Y,0.6158,4,JGB141(20)|JGB142(20)|JGB369(10)|JGB9(30),9.936,9.936
2023-01-13,20Y,1.38,1,JGB WI(20)-01,19.934,19.934
2023-01-13,30Y,1.647,1,JGB77(30),29.936,29.936
2023-01-13,40Y,1.746,1,JGB15(40),39.181,39.181
2023-01-16,2Y,0.032,6,JGB142(5)|JGB336(10)|JGB337(10)|JGB444(2)|JGB73(20)|JGB74(20),1.927,1.96
2023-01-16,5Y,0.319,3,JGB155(5)|JGB349(10)|JGB99(20),4.925,4.925
2023-01-16,10Y,0.6385,4,JGB141(20)|JGB142(20)|JGB369(10)|JGB9(30),9.927,9.927
2023-01-16,20Y,1.365,1,JGB WI(20)-01,19.926,19.926
2023-01-16,30Y,1.608,1,JGB77(30),29.927,29.927
2023-01-16,40Y,1.713,1,JGB15(40),39.173,39.173
2023-01-17,2Y,0.032,6,JGB142(5)|JGB336(10)|JGB337(10)|JGB444(2)|JGB73(20)|JGB74(20),1.925,1.958
2023-01-17,5Y,0.3093,3,JGB155(5)|JGB349(10)|JGB99(20),4.923,4.923
2023-01-17,10Y,0.6238,4,JGB141(20)|JGB142(20)|JGB369(10)|JGB9(30),9.925,9.925
2023-01-17,20Y,1.343,1,JGB WI(20)-01,19.923,19.923
2023-01-17,30Y,1.557,1,JGB77(30),29.925,29.925
2023-01-17,40Y,1.661,1,JGB15(40),39.17,39.17
2023-01-18,2Y,0.0428,6,JGB142(5)|JGB336(10)|JGB337(10)|JGB444(2)|JGB73(20)|JGB74(20),1.922,1.955
2023-01-18,5Y,0.3187,3,JGB155(5)|JGB349(10)|JGB99(20),4.92,4.92
2023-01-18,10Y,0.6388,4,JGB141(20)|JGB142(20)|JGB369(10)|JGB9(30),9.922,9.922
2023-01-18,20Y,1.346,1,JGB WI(20)-01,19.921,19.921
2023-01-18,30Y,1.544,1,JGB77(30),29.922,29.922
2023-01-18,40Y,1.622,1,JGB15(40),39.168,39.168
2023-01-19,2Y,0.0058,6,JGB142(5)|JGB336(10)|JGB337(10)|JGB444(2)|JGB73(20)|JGB74(20),1.919,1.952
2023-01-19,5Y,0.2267,3,JGB155(5)|JGB349(10)|JGB99(20),4.917,4.917
2023-01-19,10Y,0.5625,4,JGB141(20)|JGB142(20)|JGB369(10)|JGB9(30),9.919,9.919
2023-01-19,20Y,1.33,1,JGB WI(20)-01,19.918,19.918
2023-01-19,30Y,1.531,1,JGB77(30),29.919,29.919
2023-01-19,40Y,1.611,1,JGB15(40),39.165,39.165
2023-01-20,2Y,0.0,1,JGB444(2),1.949,1.949
2023-01-20,5Y,0.2127,3,JGB155(5)|JGB349(10)|JGB99(20),4.914,4.914
2023-01-20,10Y,0.539,4,JGB141(20)|JGB142(20)|JGB369(10)|JGB9(30),9.916,9.916
2023-01-20,20Y,1.309,1,JGB183(20),19.915,19.915
2023-01-20,30Y,1.553,1,JGB77(30),29.916,29.916
2023-01-20,40Y,1.6455,2,JGB WI(40)-01|JGB15(40),39.162,39.162
2023-01-23,2Y,-0.005,1,JGB444(2),1.941,1.941
2023-01-23,5Y,0.1877,3,JGB155(5)|JGB349(10)|JGB99(20),4.906,4.906
2023-01-23,10Y,0.4965,4,JGB141(20)|JGB142(20)|JGB369(10)|JGB9(30),9.908,9.908
2023-01-23,20Y,1.291,1,JGB183(20),19.907,19.907
2023-01-23,30Y,1.557,1,JGB77(30),29.908,29.908
2023-01-23,40Y,1.6595,2,JGB WI(40)-01|JGB15(40),39.154,39.154
2023-01-24,2Y,-0.015,1,JGB444(2),1.938,1.938
2023-01-24,5Y,0.158,3,JGB155(5)|JGB349(10)|JGB99(20),4.903,4.903
2023-01-24,10Y,0.4403,4,JGB141(20)|JGB142(20)|JGB369(10)|JGB9(30),9.906,9.906
2023-01-24,20Y,1.268,1,JGB183(20),19.904,19.904
2023-01-24,30Y,1.557,1,JGB77(30),29.906,29.906
2023-01-24,40Y,1.6655,2,JGB WI(40)-01|JGB15(40),39.151,39.151
2023-01-25,2Y,-0.005,2,JGB WI(2)-02|JGB444(2),1.936,2.021
2023-01-25,5Y,0.1747,3,JGB155(5)|JGB349(10)|JGB99(20),4.901,4.901
2023-01-25,10Y,0.4657,4,JGB141(20)|JGB142(20)|JGB369(10)|JGB9(30),9.903,9.903
2023-01-25,20Y,1.277,1,JGB183(20),19.901,19.901
2023-01-25,30Y,1.539,1,JGB77(30),29.903,29.903
2023-01-25,40Y,1.6485,2,JGB WI(40)-01|JGB15(40),39.149,39.149
2023-01-26,2Y,-0.01,2,JGB WI(2)-02|JGB444(2),1.933,2.018
2023-01-26,5Y,0.1787,3,JGB155(5)|JGB349(10)|JGB99(20),4.898,4.898
2023-01-26,10Y,0.5,4,JGB141(20)|JGB142(20)|JGB369(10)|JGB9(30),9.9,9.9
2023-01-26,20Y,1.295,1,JGB183(20),19.899,19.899
2023-01-26,30Y,1.531,1,JGB77(30),29.9,29.9
2023-01-26,40Y,1.6385,2,JGB WI(40)-01|JGB15(40),39.146,39.146
2023-01-27,2Y,-0.0075,2,JGB WI(2)-02|JGB444(2),1.93,2.015
2023-01-27,5Y,0.179,3,JGB155(5)|JGB349(10)|JGB99(20),4.895,4.895
2023-01-27,10Y,0.5172,5,JGB WI(10)-02|JGB141(20)|JGB142(20)|JGB369(10)|JGB9(30),9.897,9.897
2023-01-27,20Y,1.309,1,JGB183(20),19.896,19.896
2023-01-27,30Y,1.522,1,JGB77(30),29.897,29.897
2023-01-27,40Y,1.619,1,JGB15(40),39.143,39.143
2023-01-30,2Y,0.0025,2,JGB WI(2)-02|JGB444(2),1.922,2.007
2023-01-30,5Y,0.1897,3,JGB155(5)|JGB349(10)|JGB99(20),4.887,4.887
2023-01-30,10Y,0.5734,5,JGB WI(10)-02|JGB141(20)|JGB142(20)|JGB369(10)|JGB9(30),9.889,9.889
2023-01-30,20Y,1.373,1,JGB183(20),19.888,19.888
2023-01-30,30Y,1.57,1,JGB77(30),29.889,29.889
2023-01-30,40Y,1.644,1,JGB15(40),39.135,39.135
2023-01-31,2Y,-0.0025,2,JGB WI(2)-02|JGB444(2),1.919,2.004
2023-01-31,5Y,0.1763,3,JGB155(5)|JGB349(10)|JGB99(20),4.884,4.884
2023-01-31,10Y,0.5656,5,JGB WI(10)-02|JGB141(20)|JGB142(20)|JGB369(10)|JGB9(30),9.886,9.886
2023-01-31,20Y,1.382,1,JGB183(20),19.885,19.885
2023-01-31,30Y,1.591,1,JGB77(30),29.886,29.886
2023-01-31,40Y,1.67,1,JGB15(40),39.132,39.132
2023-02-01,2Y,-0.009,1,JGB445(2),2.001,2.001
2023-02-01,5Y,0.1867,3,JGB155(5)|JGB349(10)|JGB99(20),4.882,4.882
2023-02-01,10Y,0.5912,5,JGB WI(10)-02|JGB141(20)|JGB142(20)|JGB369(10)|JGB9(30),9.884,9.884
2023-02-01,20Y,1.382,1,JGB183(20),19.882,19.882
2023-02-01,30Y,1.5955,2,JGB WI(30)-02|JGB77(30),29.884,29.884
2023-02-01,40Y,1.681,1,JGB15(40),39.129,39.129
2023-02-02,2Y,-0.019,1,JGB445(2),1.999,1.999
2023-02-02,5Y,0.181,3,JGB155(5)|JGB349(10)|JGB99(20),4.879,4.879
2023-02-02,10Y,0.5614,5,JGB WI(10)-02|JGB141(20)|JGB142(20)|JGB369(10)|JGB9(30),9.881,9.881
2023-02-02,20Y,1.345,1,JGB183(20),19.88,19.88
2023-02-02,30Y,1.564,2,JGB WI(30)-02|JGB77(30),29.881,29.881
2023-02-02,40Y,1.648,1,JGB15(40),39.127,39.127
2023-02-03,2Y,-0.02,1,JGB445(2),1.996,1.996
2023-02-03,5Y,0.1793,3,JGB155(5)|JGB349(10)|JGB99(20),4.876,4.876
2023-02-03,10Y,0.566,4,JGB141(20)|JGB142(20)|JGB369(10)|JGB9(30),9.878,9.878
2023-02-03,20Y,1.314,2,JGB183(20)|JGB38(30),19.877,20.123
2023-02-03,30Y,1.525,2,JGB WI(30)-02|JGB77(30),29.878,29.878
2023-02-03,40Y,1.604,1,JGB15(40),39.124,39.124
2023-02-06,2Y,-0.03,1,JGB445(2),1.988,1.988
2023-02-06,5Y,0.174,3,JGB100(20)|JGB101(20)|JGB350(10),5.117,5.117
2023-02-06,10Y,0.574,3,JGB10(30)|JGB143(20)|JGB144(20),10.116,10.116
2023-02-06,20Y,1.299,1,JGB38(30),20.115,20.115
2023-02-06,30Y,1.531,1,JGB6(40),30.116,30.116
2023-02-06,40Y,1.604,1,JGB15(40),39.116,39.116
2023-02-07,2Y,-0.025,1,JGB445(2),1.985,1.985
2023-02-07,5Y,0.1883,3,JGB100(20)|JGB101(20)|JGB350(10),5.114,5.114
2023-02-07,10Y,0.6033,3,JGB10(30)|JGB143(20)|JGB144(20),10.114,10.114
2023-02-07,20Y,1.327,1,JGB38(30),20.112,20.112
2023-02-07,30Y,1.54,1,JGB6(40),30.114,30.114
2023-02-07,40Y,1.608,1,JGB15(40),39.113,39.113
2023-02-08,2Y,-0.03,1,JGB445(2),1.982,1.982
2023-02-08,5Y,0.1997,3,JGB100(20)|JGB101(20)|JGB350(10),5.112,5.112
2023-02-08,10Y,0.6087,3,JGB10(30)|JGB143(20)|JGB144(20),10.111,10.111
2023-02-08,20Y,1.332,1,JGB38(30),20.11,20.11
2023-02-08,30Y,1.562,1,JGB6(40),30.111,30.111
2023-02-08,40Y,1.634,1,JGB15(40),39.11,39.11
2023-02-09,2Y,-0.03,1,JGB445(2),1.979,1.979
2023-02-09,5Y,0.2097,3,JGB100(20)|JGB101(20)|JGB350(10),5.109,5.109
2023-02-09,10Y,0.609,3,JGB10(30)|JGB143(20)|JGB144(20),10.108,10.108
2023-02-09,20Y,1.322,1,JGB38(30),20.107,20.107
2023-02-09,30Y,1.545,1,JGB6(40),30.108,30.108
2023-02-09,40Y,1.619,1,JGB15(40),39.107,39.107
2023-02-10,2Y,-0.035,1,JGB445(2),1.977,1.977
2023-02-10,5Y,0.2257,3,JGB100(20)|JGB101(20)|JGB350(10),5.106,5.106
2023-02-10,10Y,0.6187,3,JGB10(30)|JGB143(20)|JGB144(20),10.105,10.105
2023-02-10,20Y,1.327,1,JGB38(30),20.104,20.104
2023-02-10,30Y,1.54,1,JGB6(40),30.105,30.105
2023-02-10,40Y,1.614,1,JGB15(40),39.105,39.105
2023-02-13,2Y,-0.045,1,JGB445(2),1.969,1.969
2023-02-13,5Y,0.23,3,JGB100(20)|JGB101(20)|JGB350(10),5.098,5.098
2023-02-13,10Y,0.6337,3,JGB10(30)|JGB143(20)|JGB144(20),10.097,10.097
2023-02-13,20Y,1.351,1,JGB38(30),20.096,20.096
2023-02-13,30Y,1.562,1,JGB6(40),30.097,30.097
2023-02-13,40Y,1.634,1,JGB15(40),39.097,39.097
2023-02-14,2Y,-0.055,1,JGB445(2),1.966,1.966
2023-02-14,5Y,0.2157,3,JGB100(20)|JGB101(20)|JGB350(10),5.095,5.095
2023-02-14,10Y,0.639,3,JGB10(30)|JGB143(20)|JGB144(20),10.094,10.094
2023-02-14,20Y,1.318,1,JGB38(30),20.093,20.093
2023-02-14,30Y,1.509,1,JGB6(40),30.094,30.094
2023-02-14,40Y,1.582,1,JGB15(40),39.094,39.094
2023-02-15,2Y,-0.056,1,JGB445(2),1.963,1.963
2023-02-15,5Y,0.2143,3,JGB100(20)|JGB101(20)|JGB350(10),5.092,5.092
2023-02-15,10Y,0.629,3,JGB10(30)|JGB143(20)|JGB144(20),10.092,10.092
2023-02-15,20Y,1.304,1,JGB38(30),20.09,20.09
2023-02-15,30Y,1.504,1,JGB6(40),30.092,30.092
2023-02-15,40Y,1.578,1,JGB15(40),39.091,39.091
2023-02-16,2Y,-0.051,1,JGB445(2),1.96,1.96
2023-02-16,5Y,0.2193,3,JGB100(20)|JGB101(20)|JGB350(10),5.09,5.09
2023-02-16,10Y,0.6237,3,JGB10(30)|JGB143(20)|JGB144(20),10.089,10.089
2023-02-16,20Y,1.294,1,JGB38(30),20.088,20.088
2023-02-16,30Y,1.482,1,JGB6(40),30.089,30.089
2023-02-16,40Y,1.555,1,JGB15(40),39.088,39.088
2023-02-17,2Y,-0.046,1,JGB445(2),1.958,1.958
2023-02-17,5Y,0.225,3,JGB100(20)|JGB101(20)|JGB350(10),5.087,5.087
2023-02-17,10Y,0.646,3,JGB10(30)|JGB143(20)|JGB144(20),10.086,10.086
2023-02-17,20Y,1.309,1,JGB38(30),20.085,20.085
2023-02-17,30Y,1.486,1,JGB6(40),30.086,30.086
2023-02-17,40Y,1.548,1,JGB15(40),39.086,39.086
2023-02-20,2Y,-0.0463,6,JGB143(5)|JGB338(10)|JGB445(2)|JGB75(20)|JGB76(20)|JGB77(20),1.949,2.078
2023-02-20,5Y,0.23,3,JGB100(20)|JGB101(20)|JGB350(10),5.079,5.079
2023-02-20,10Y,0.674,3,JGB10(30)|JGB143(20)|JGB144(20),10.078,10.078
2023-02-20,20Y,1.324,1,JGB38(30),20.077,20.077
2023-02-20,30Y,1.501,1,JGB6(40),30.078,30.078
2023-02-20,40Y,1.555,1,JGB15(40),39.077,39.077
2023-02-21,2Y,-0.0428,6,JGB143(5)|JGB338(10)|JGB445(2)|JGB75(20)|JGB76(20)|JGB77(20),1.947,2.075
2023-02-21,5Y,0.235,3,JGB100(20)|JGB101(20)|JGB350(10),5.076,5.076
2023-02-21,10Y,0.6793,3,JGB10(30)|JGB143(20)|JGB144(20),10.075,10.075
2023-02-21,20Y,1.332,1,JGB38(30),20.074,20.074
2023-02-21,30Y,1.504,1,JGB6(40),30.075,30.075
2023-02-21,40Y,1.552,1,JGB15(40),39.075,39.075
2023-02-22,2Y,-0.0263,7,JGB WI(2)-03|JGB143(5)|JGB338(10)|JGB445(2)|JGB75(20)|JGB76(20)|JGB77(20),1.944,2.073
2023-02-22,5Y,0.2553,3,JGB100(20)|JGB101(20)|JGB350(10),5.073,5.073
2023-02-22,10Y,0.6943,3,JGB10(30)|JGB143(20)|JGB144(20),10.073,10.073
2023-02-22,20Y,1.327,1,JGB38(30),20.071,20.071
2023-02-22,30Y,1.5,1,JGB6(40),30.073,30.073
2023-02-22,40Y,1.552,1,JGB15(40),39.072,39.072
2023-02-24,2Y,-0.0249,7,JGB WI(2)-03|JGB143(5)|JGB338(10)|JGB445(2)|JGB75(20)|JGB76(20)|JGB77(20),1.938,2.067
2023-02-24,5Y,0.261,3,JGB100(20)|JGB101(20)|JGB350(10),5.068,5.068
2023-02-24,10Y,0.689,3,JGB10(30)|JGB143(20)|JGB144(20),10.067,10.067
2023-02-24,20Y,1.313,1,JGB38(30),20.066,20.066
2023-02-24,30Y,1.468,1,JGB6(40),30.067,30.067
2023-02-24,40Y,1.514,1,JGB15(40),39.066,39.066
2023-02-27,2Y,-0.0253,7,JGB WI(2)-03|JGB143(5)|JGB338(10)|JGB445(2)|JGB75(20)|JGB76(20)|JGB77(20),1.93,2.059
2023-02-27,5Y,0.235,3,JGB100(20)|JGB101(20)|JGB350(10),5.06,5.06
2023-02-27,10Y,0.651,3,JGB10(30)|JGB143(20)|JGB144(20),10.059,10.059
2023-02-27,20Y,1.292,1,JGB38(30),20.057,20.057
2023-02-27,30Y,1.459,1,JGB6(40),30.059,30.059
2023-02-27,40Y,1.511,1,JGB15(40),39.058,39.058
2023-02-28,2Y,-0.0239,7,JGB WI(2)-03|JGB143(5)|JGB338(10)|JGB445(2)|JGB75(20)|JGB76(20)|JGB77(20),1.927,2.056
2023-02-28,5Y,0.2407,3,JGB100(20)|JGB101(20)|JGB350(10),5.057,5.057
2023-02-28,10Y,0.659,3,JGB10(30)|JGB143(20)|JGB144(20),10.056,10.056
2023-02-28,20Y,1.28,1,JGB38(30),20.055,20.055
2023-02-28,30Y,1.45,1,JGB6(40),30.056,30.056
2023-02-28,40Y,1.507,1,JGB15(40),39.055,39.055
2023-03-01,2Y,-0.0353,7,JGB143(5)|JGB338(10)|JGB445(2)|JGB446(2)|JGB75(20)|JGB76(20)|JGB77(20),1.925,2.053
2023-03-01,5Y,0.224,3,JGB100(20)|JGB101(20)|JGB350(10),5.054,5.054
2023-03-01,10Y,0.5993,3,JGB10(30)|JGB143(20)|JGB144(20),10.053,10.053
2023-03-01,20Y,1.208,1,JGB38(30),20.052,20.052
2023-03-01,30Y,1.393,1,JGB6(40),30.053,30.053
2023-03-01,40Y,1.426,1,JGB15(40),39.053,39.053
2023-03-02,2Y,-0.0457,7,JGB143(5)|JGB338(10)|JGB445(2)|JGB446(2)|JGB75(20)|JGB76(20)|JGB77(20),1.922,2.051
2023-03-02,5Y,0.2147,3,JGB100(20)|JGB101(20)|JGB350(10),5.051,5.051
2023-03-02,10Y,0.604,3,JGB10(30)|JGB143(20)|JGB144(20),10.051,10.051
2023-03-02,20Y,1.203,1,JGB38(30),20.049,20.049
2023-03-02,30Y,1.39,1,JGB6(40),30.051,30.051
2023-03-02,40Y,1.423,1,JGB15(40),39.05,39.05
2023-03-03,2Y,-0.0511,7,JGB143(5)|JGB338(10)|JGB445(2)|JGB446(2)|JGB75(20)|JGB76(20)|JGB77(20),1.919,2.048
2023-03-03,5Y,0.2147,3,JGB100(20)|JGB101(20)|JGB350(10),5.049,5.049
2023-03-03,10Y,0.6337,3,JGB10(30)|JGB143(20)|JGB144(20),10.048,10.048
2023-03-03,20Y,1.232,1,JGB38(30),20.047,20.047
2023-03-03,30Y,1.418,1,JGB6(40),30.048,30.048
2023-03-03,40Y,1.457,1,JGB15(40),39.047,39.047
2023-03-06,2Y,-0.0548,6,JGB143(5)|JGB338(10)|JGB446(2)|JGB75(20)|JGB76(20)|JGB77(20),1.988,2.04
2023-03-06,5Y,0.205,3,JGB100(20)|JGB101(20)|JGB350(10),5.04,5.04
2023-03-06,10Y,0.6367,3,JGB10(30)|JGB143(20)|JGB144(20),10.04,10.04
2023-03-06,20Y,1.25,1,JGB38(30),20.038,20.038
2023-03-06,30Y,1.444,1,JGB6(40),30.04,30.04
2023-03-06,40Y,1.492,1,JGB15(40),39.039,39.039
2023-03-07,2Y,-0.0498,6,JGB143(5)|JGB338(10)|JGB446(2)|JGB75(20)|JGB76(20)|JGB77(20),1.985,2.037
2023-03-07,5Y,0.2217,3,JGB100(20)|JGB101(20)|JGB350(10),5.038,5.038
2023-03-07,10Y,0.6637,3,JGB10(30)|JGB143(20)|JGB144(20),10.037,10.037
2023-03-07,20Y,1.251,1,JGB38(30),20.036,20.036
2023-03-07,30Y,1.44,1,JGB6(40),30.037,30.037
2023-03-07,40Y,1.488,1,JGB15(40),39.036,39.036
2023-03-08,2Y,-0.0543,6,JGB143(5)|JGB338(10)|JGB446(2)|JGB75(20)|JGB76(20)|JGB77(20),1.982,2.034
2023-03-08,5Y,0.2143,3,JGB100(20)|JGB101(20)|JGB350(10),5.035,5.035
2023-03-08,10Y,0.6473,3,JGB10(30)|JGB143(20)|JGB144(20),10.034,10.034
2023-03-08,20Y,1.261,1,JGB38(30),20.033,20.033
2023-03-08,30Y,1.45,1,JGB6(40),30.034,30.034
2023-03-08,40Y,1.503,1,JGB15(40),39.034,39.034
2023-03-09,2Y,-0.0543,6,JGB143(5)|JGB338(10)|JGB446(2)|JGB75(20)|JGB76(20)|JGB77(20),1.979,2.031
2023-03-09,5Y,0.2177,3,JGB100(20)|JGB101(20)|JGB350(10),5.032,5.032
2023-03-09,10Y,0.649,3,JGB10(30)|JGB143(20)|JGB144(20),10.031,10.031
2023-03-09,20Y,1.27,1,JGB38(30),20.03,20.03
2023-03-09,30Y,1.477,1,JGB6(40),30.031,30.031
2023-03-09,40Y,1.537,1,JGB15(40),39.031,39.031
2023-03-10,2Y,-0.0305,6,JGB143(5)|JGB338(10)|JGB446(2)|JGB75(20)|JGB76(20)|JGB77(20),1.977,2.029
2023-03-10,5Y,0.2447,3,JGB100(20)|JGB101(20)|JGB350(10),5.029,5.029
2023-03-10,10Y,0.6787,3,JGB10(30)|JGB143(20)|JGB144(20),10.029,10.029
2023-03-10,20Y,1.284,1,JGB38(30),20.027,20.027
2023-03-10,30Y,1.477,1,JGB6(40),30.029,30.029
2023-03-10,40Y,1.545,1,JGB15(40),39.028,39.028
2023-03-13,2Y,-0.0402,6,JGB143(5)|JGB338(10)|JGB446(2)|JGB75(20)|JGB76(20)|JGB77(20),1.969,2.021
2023-03-13,5Y,0.2093,3,JGB100(20)|JGB101(20)|JGB350(10),5.021,5.021
2023-03-13,10Y,0.5893,3,JGB10(30)|JGB143(20)|JGB144(20),10.021,10.021
2023-03-13,20Y,1.227,1,JGB38(30),20.019,20.019
2023-03-13,30Y,1.421,1,JGB6(40),30.021,30.021
2023-03-13,40Y,1.499,1,JGB15(40),39.02,39.02
2023-03-14,2Y,-0.04,6,JGB143(5)|JGB338(10)|JGB446(2)|JGB75(20)|JGB76(20)|JGB77(20),1.966,2.018
2023-03-14,5Y,0.1873,3,JGB100(20)|JGB101(20)|JGB350(10),5.018,5.018
2023-03-14,10Y,0.5237,3,JGB10(30)|JGB143(20)|JGB144(20),10.018,10.018
2023-03-14,20Y,1.141,1,JGB38(30),20.016,20.016
2023-03-14,30Y,1.338,1,JGB6(40),30.018,30.018
2023-03-14,40Y,1.415,1,JGB15(40),39.017,39.017
2023-03-15,2Y,-0.0568,6,JGB143(5)|JGB338(10)|JGB446(2)|JGB75(20)|JGB76(20)|JGB77(20),1.963,2.015
2023-03-15,5Y,0.1313,3,JGB100(20)|JGB101(20)|JGB350(10),5.016,5.016
2023-03-15,10Y,0.404,3,JGB10(30)|JGB143(20)|JGB144(20),10.015,10.015
2023-03-15,20Y,1.023,1,JGB38(30),20.014,20.014
2023-03-15,30Y,1.209,1,JGB6(40),30.015,30.015
2023-03-15,40Y,1.291,1,JGB15(40),39.014,39.014
2023-03-16,2Y,-0.0652,6,JGB143(5)|JGB338(10)|JGB446(2)|JGB75(20)|JGB76(20)|JGB77(20),1.96,2.012
2023-03-16,5Y,0.144,3,JGB100(20)|JGB101(20)|JGB350(10),5.013,5.013
2023-03-16,10Y,0.4457,3,JGB10(30)|JGB143(20)|JGB144(20),10.012,10.012
2023-03-16,20Y,1.112,1,JGB38(30),20.011,20.011
2023-03-16,30Y,1.327,1,JGB6(40),30.012,30.012
2023-03-16,40Y,1.411,1,JGB15(40),39.012,39.012
2023-03-17,2Y,-0.0853,6,JGB143(5)|JGB338(10)|JGB446(2)|JGB75(20)|JGB76(20)|JGB77(20),1.958,2.01
2023-03-17,5Y,0.1173,3,JGB100(20)|JGB101(20)|JGB350(10),5.01,5.01
2023-03-17,10Y,0.399,3,JGB10(30)|JGB143(20)|JGB144(20),10.01,10.01
2023-03-17,20Y,1.078,1,JGB38(30),20.008,20.008
2023-03-17,30Y,1.316,1,JGB6(40),30.01,30.01
2023-03-17,40Y,1.403,1,JGB15(40),39.009,39.009
2023-03-20,2Y,-0.0943,6,JGB143(5)|JGB338(10)|JGB446(2)|JGB75(20)|JGB76(20)|JGB77(20),1.949,2.001
2023-03-20,5Y,0.1103,3,JGB100(20)|JGB101(20)|JGB350(10),5.002,5.002
2023-03-20,10Y,0.4087,3,JGB10(30)|JGB143(20)|JGB144(20),10.001,10.001
2023-03-20,20Y,1.097,1,JGB38(30),20.0,20.0
2023-03-20,30Y,1.335,1,JGB6(40),30.001,30.001
2023-03-20,40Y,1.422,1,JGB15(40),39.001,39.001
2023-03-22,2Y,-0.0943,6,JGB143(5)|JGB338(10)|JGB446(2)|JGB75(20)|JGB76(20)|JGB77(20),1.944,1.996
2023-03-22,5Y,0.0687,3,JGB100(20)|JGB101(20)|JGB350(10),4.997,4.997
2023-03-22,10Y,0.3523,3,JGB10(30)|JGB143(20)|JGB144(20),9.996,9.996
2023-03-22,20Y,1.025,1,JGB38(30),19.995,19.995
2023-03-22,30Y,1.283,1,JGB6(40),29.996,29.996
2023-03-22,40Y,1.38,2,JGB WI(40)-03|JGB15(40),38.995,38.995
2023-03-23,2Y,-0.0733,6,JGB143(5)|JGB338(10)|JGB446(2)|JGB75(20)|JGB76(20)|JGB77(20),1.941,1.993
2023-03-23,5Y,0.105,3,JGB100(20)|JGB101(20)|JGB350(10),4.994,4.994
2023-03-23,10Y,0.4143,3,JGB10(30)|JGB143(20)|JGB144(20),9.993,9.993
2023-03-23,20Y,1.101,1,JGB38(30),19.992,19.992
2023-03-23,30Y,1.348,1,JGB6(40),29.993,29.993
2023-03-23,40Y,1.4345,2,JGB WI(40)-03|JGB15(40),38.992,38.992
2023-03-24,2Y,-0.075,7,JGB WI(2)-04|JGB143(5)|JGB338(10)|JGB446(2)|JGB75(20)|JGB76(20)|JGB77(20),1.938,2.023
2023-03-24,5Y,0.084,3,JGB100(20)|JGB101(20)|JGB350(10),4.991,4.991
2023-03-24,10Y,0.388,3,JGB10(30)|JGB143(20)|JGB144(20),9.99,9.99
2023-03-24,20Y,1.092,1,JGB38(30),19.989,19.989
2023-03-24,30Y,1.358,1,JGB6(40),29.99,29.99
2023-03-24,40Y,1.45,2,JGB WI(40)-03|JGB15(40),38.99,38.99
2023-03-27,2Y,-0.0807,7,JGB WI(2)-04|JGB143(5)|JGB338(10)|JGB446(2)|JGB75(20)|JGB76(20)|JGB77(20),1.93,2.015
2023-03-27,5Y,0.0693,3,JGB100(20)|JGB101(20)|JGB350(10),4.983,4.983
2023-03-27,10Y,0.3727,3,JGB10(30)|JGB143(20)|JGB144(20),9.982,9.982
2023-03-27,20Y,1.087,1,JGB38(30),19.981,19.981
2023-03-27,30Y,1.367,1,JGB6(40),29.982,29.982
2023-03-27,40Y,1.4695,2,JGB WI(40)-03|JGB15(40),38.982,38.982
2023-03-28,2Y,-0.0811,7,JGB WI(2)-04|JGB143(5)|JGB338(10)|JGB446(2)|JGB75(20)|JGB76(20)|JGB77(20),1.927,2.012
2023-03-28,5Y,0.074,3,JGB100(20)|JGB101(20)|JGB350(10),4.98,4.98
2023-03-28,10Y,0.3827,3,JGB10(30)|JGB143(20)|JGB144(20),9.979,9.979
2023-03-28,20Y,1.107,1,JGB38(30),19.978,19.978
2023-03-28,30Y,1.386,1,JGB6(40),29.979,29.979
2023-03-28,40Y,1.504,2,JGB WI(40)-03|JGB15(40),38.979,38.979
2023-03-29,2Y,-0.076,7,JGB WI(2)-04|JGB143(5)|JGB338(10)|JGB446(2)|JGB75(20)|JGB76(20)|JGB77(20),1.925,2.01
2023-03-29,5Y,0.084,3,JGB100(20)|JGB101(20)|JGB350(10),4.977,4.977
2023-03-29,10Y,0.3838,4,JGB WI(10)-04|JGB10(30)|JGB143(20)|JGB144(20),9.977,9.977
2023-03-29,20Y,1.058,1,JGB38(30),19.975,19.975
2023-03-29,30Y,1.302,1,JGB6(40),29.977,29.977
2023-03-29,40Y,1.411,1,JGB15(40),38.976,38.976
2023-03-30,2Y,-0.0854,7,JGB WI(2)-04|JGB143(5)|JGB338(10)|JGB446(2)|JGB75(20)|JGB76(20)|JGB77(20),1.922,2.007
2023-03-30,5Y,0.0833,3,JGB100(20)|JGB101(20)|JGB350(10),4.975,4.975
2023-03-30,10Y,0.3822,4,JGB WI(10)-04|JGB10(30)|JGB143(20)|JGB144(20),9.974,9.974
2023-03-30,20Y,1.005,1,JGB38(30),19.973,19.973
2023-03-30,30Y,1.25,1,JGB6(40),29.974,29.974
2023-03-30,40Y,1.344,1,JGB15(40),38.973,38.973
2023-03-31,2Y,-0.0826,7,JGB143(5)|JGB338(10)|JGB446(2)|JGB447(2)|JGB75(20)|JGB76(20)|JGB77(20),1.919,2.004
2023-03-31,5Y,0.0937,3,JGB100(20)|JGB101(20)|JGB350(10),4.972,4.972
2023-03-31,10Y,0.4065,4,JGB WI(10)-04|JGB10(30)|JGB143(20)|JGB144(20),9.971,9.971
2023-03-31,20Y,1.024,1,JGB38(30),19.97,19.97
2023-03-31,30Y,1.2595,2,JGB WI(30)-04|JGB6(40),29.971,29.971
2023-03-31,40Y,1.348,1,JGB15(40),38.971,38.971
2023-04-03,2Y,-0.083,6,JGB143(5)|JGB338(10)|JGB447(2)|JGB75(20)|JGB76(20)|JGB77(20),1.963,1.996
2023-04-03,5Y,0.094,3,JGB100(20)|JGB101(20)|JGB350(10),4.964,4.964
2023-04-03,10Y,0.4353,4,JGB WI(10)-04|JGB10(30)|JGB143(20)|JGB144(20),9.963,9.963
2023-04-03,20Y,1.039,1,JGB38(30),19.962,19.962
2023-04-03,30Y,1.279,2,JGB WI(30)-04|JGB6(40),29.963,29.963
2023-04-03,40Y,1.352,1,JGB15(40),38.962,38.962
2023-04-04,2Y,-0.0672,6,JGB143(5)|JGB338(10)|JGB447(2)|JGB75(20)|JGB76(20)|JGB77(20),1.96,1.993
2023-04-04,5Y,0.125,3,JGB100(20)|JGB101(20)|JGB350(10),4.961,4.961
2023-04-04,10Y,0.471,4,JGB WI(10)-04|JGB10(30)|JGB143(20)|JGB144(20),9.96,9.96
2023-04-04,20Y,1.099,1,JGB38(30),19.959,19.959
2023-04-04,30Y,1.3395,2,JGB WI(30)-04|JGB6(40),29.96,29.96
2023-04-04,40Y,1.406,1,JGB15(40),38.96,38.96
2023-04-05,2Y,-0.0528,6,JGB143(5)|JGB338(10)|JGB447(2)|JGB75(20)|JGB76(20)|JGB77(20),1.958,1.99
2023-04-05,5Y,0.1603,4,JGB WI(5)-04|JGB100(20)|JGB101(20)|JGB350(10),4.958,4.958
2023-04-05,10Y,0.5015,4,JGB10(30)|JGB143(20)|JGB144(20)|JGB370(10),9.958,9.958
2023-04-05,20Y,1.132,1,JGB38(30),19.956,19.956
2023-04-05,30Y,1.385,2,JGB WI(30)-04|JGB6(40),29.958,29.958
2023-04-05,40Y,1.454,1,JGB15(40),38.957,38.957
2023-04-06,2Y,-0.056,6,JGB143(5)|JGB338(10)|JGB447(2)|JGB75(20)|JGB76(20)|JGB77(20),1.955,1.988
2023-04-06,5Y,0.1722,4,JGB WI(5)-04|JGB100(20)|JGB101(20)|JGB350(10),4.956,4.956
2023-04-06,10Y,0.499,4,JGB10(30)|JGB143(20)|JGB144(20)|JGB370(10),9.955,9.955
2023-04-06,20Y,1.136,1,JGB38(30),19.953,19.953
2023-04-06,30Y,1.385,2,JGB WI(30)-04|JGB6(40),29.955,29.955
2023-04-06,40Y,1.461,1,JGB15(40),38.954,38.954
2023-04-07,2Y,-0.0693,6,JGB143(5)|JGB338(10)|JGB447(2)|JGB75(20)|JGB76(20)|JGB77(20),1.952,1.985
2023-04-07,5Y,0.1665,4,JGB WI(5)-04|JGB100(20)|JGB101(20)|JGB350(10),4.953,4.953
2023-04-07,10Y,0.493,4,JGB10(30)|JGB143(20)|JGB144(20)|JGB370(10),9.952,9.952
2023-04-07,20Y,1.118,1,JGB38(30),19.951,19.951
2023-04-07,30Y,1.348,2,JGB6(40)|JGB78(30),29.952,29.952
2023-04-07,40Y,1.442,1,JGB15(40),38.951,38.951
2023-04-10,2Y,-0.0785,6,JGB143(5)|JGB338(10)|JGB447(2)|JGB75(20)|JGB76(20)|JGB77(20),1.944,1.977
2023-04-10,5Y,0.163,4,JGB WI(5)-04|JGB100(20)|JGB101(20)|JGB350(10),4.945,4.945
2023-04-10,10Y,0.4793,4,JGB10(30)|JGB143(20)|JGB144(20)|JGB370(10),9.944,9.944
2023-04-10,20Y,1.087,1,JGB38(30),19.943,19.943
2023-04-10,30Y,1.3165,2,JGB6(40)|JGB78(30),29.944,29.944
2023-04-10,40Y,1.403,1,JGB15(40),38.943,38.943
2023-04-11,2Y,-0.0648,6,JGB143(5)|JGB338(10)|JGB447(2)|JGB75(20)|JGB76(20)|JGB77(20),1.941,1.974
2023-04-11,5Y,0.1675,4,JGB WI(5)-04|JGB100(20)|JGB101(20)|JGB350(10),4.942,4.942
2023-04-11,10Y,0.486,4,JGB10(30)|JGB143(20)|JGB144(20)|JGB370(10),9.941,9.941
2023-04-11,20Y,1.091,1,JGB38(30),19.94,19.94
2023-04-11,30Y,1.331,2,JGB6(40)|JGB78(30),29.941,29.941
2023-04-11,40Y,1.423,1,JGB15(40),38.94,38.94
2023-04-12,2Y,-0.0603,6,JGB143(5)|JGB338(10)|JGB447(2)|JGB75(20)|JGB76(20)|JGB77(20),1.938,1.971
2023-04-12,5Y,0.1477,4,JGB100(20)|JGB101(20)|JGB157(5)|JGB350(10),4.939,4.939
2023-04-12,10Y,0.474,4,JGB10(30)|JGB143(20)|JGB144(20)|JGB370(10),9.938,9.938
2023-04-12,20Y,1.092,1,JGB38(30),19.937,19.937
2023-04-12,30Y,1.332,2,JGB6(40)|JGB78(30),29.938,29.938
2023-04-12,40Y,1.423,1,JGB15(40),38.938,38.938
2023-04-13,2Y,-0.0605,6,JGB143(5)|JGB338(10)|JGB447(2)|JGB75(20)|JGB76(20)|JGB77(20),1.936,1.969
2023-04-13,5Y,0.152,4,JGB100(20)|JGB101(20)|JGB157(5)|JGB350(10),4.936,4.936
2023-04-13,10Y,0.484,4,JGB10(30)|JGB143(20)|JGB144(20)|JGB370(10),9.936,9.936
2023-04-13,20Y,1.102,1,JGB38(30),19.934,19.934
2023-04-13,30Y,1.3275,2,JGB6(40)|JGB78(30),29.936,29.936
2023-04-13,40Y,1.413,1,JGB15(40),38.935,38.935
2023-04-14,2Y,-0.0603,6,JGB143(5)|JGB338(10)|JGB447(2)|JGB75(20)|JGB76(20)|JGB77(20),1.933,1.966
2023-04-14,5Y,0.1525,4,JGB100(20)|JGB101(20)|JGB157(5)|JGB350(10),4.934,4.934
2023-04-14,10Y,0.4795,4,JGB10(30)|JGB143(20)|JGB144(20)|JGB370(10),9.933,9.933
2023-04-14,20Y,1.0785,2,JGB WI(20)-04|JGB38(30),19.932,19.932
2023-04-14,30Y,1.303,2,JGB6(40)|JGB78(30),29.933,29.933
2023-04-14,40Y,1.387,1,JGB15(40),38.932,38.932
2023-04-17,2Y,-0.0543,6,JGB143(5)|JGB338(10)|JGB447(2)|JGB75(20)|JGB76(20)|JGB77(20),1.925,1.958
2023-04-17,5Y,0.148,4,JGB100(20)|JGB101(20)|JGB157(5)|JGB350(10),4.925,4.925
2023-04-17,10Y,0.48,4,JGB10(30)|JGB143(20)|JGB144(20)|JGB370(10),9.925,9.925
2023-04-17,20Y,1.0935,2,JGB WI(20)-04|JGB38(30),19.923,19.923
2023-04-17,30Y,1.3115,2,JGB6(40)|JGB78(30),29.925,29.925
2023-04-17,40Y,1.399,1,JGB15(40),38.924,38.924
2023-04-18,2Y,-0.0488,6,JGB143(5)|JGB338(10)|JGB447(2)|JGB75(20)|JGB76(20)|JGB77(20),1.922,1.955
2023-04-18,5Y,0.1625,4,JGB100(20)|JGB101(20)|JGB157(5)|JGB350(10),4.923,4.923
2023-04-18,10Y,0.512,4,JGB10(30)|JGB143(20)|JGB144(20)|JGB370(10),9.922,9.922
2023-04-18,20Y,1.126,2,JGB WI(20)-04|JGB38(30),19.921,19.921
2023-04-18,30Y,1.342,2,JGB6(40)|JGB78(30),29.922,29.922
2023-04-18,40Y,1.427,1,JGB15(40),38.921,38.921
2023-04-19,2Y,-0.0505,6,JGB143(5)|JGB338(10)|JGB447(2)|JGB75(20)|JGB76(20)|JGB77(20),1.919,1.952
2023-04-19,5Y,0.1625,4,JGB100(20)|JGB101(20)|JGB157(5)|JGB350(10),4.92,4.92
2023-04-19,10Y,0.502,4,JGB10(30)|JGB143(20)|JGB144(20)|JGB370(10),9.919,9.919
2023-04-19,20Y,1.116,2,JGB WI(20)-04|JGB38(30),19.918,19.918
2023-04-19,30Y,1.3425,2,JGB6(40)|JGB78(30),29.919,29.919
2023-04-19,40Y,1.431,1,JGB15(40),38.919,38.919
2023-04-20,2Y,-0.038,2,JGB WI(2)-05|JGB447(2),1.949,2.031
2023-04-20,5Y,0.1625,4,JGB100(20)|JGB101(20)|JGB157(5)|JGB350(10),4.917,4.917
2023-04-20,10Y,0.502,4,JGB10(30)|JGB143(20)|JGB144(20)|JGB370(10),9.916,9.916
2023-04-20,20Y,1.1075,2,JGB WI(20)-04|JGB38(30),19.915,19.915
2023-04-20,30Y,1.3235,2,JGB6(40)|JGB78(30),29.916,29.916
2023-04-20,40Y,1.424,1,JGB15(40),38.916,38.916
2023-04-21,2Y,-0.038,2,JGB WI(2)-05|JGB447(2),1.947,2.029
2023-04-21,5Y,0.1625,4,JGB100(20)|JGB101(20)|JGB157(5)|JGB350(10),4.914,4.914
2023-04-21,10Y,0.4992,4,JGB10(30)|JGB143(20)|JGB144(20)|JGB370(10),9.914,9.914
2023-04-21,20Y,1.1225,2,JGB184(20)|JGB38(30),19.912,19.912
2023-04-21,30Y,1.3515,2,JGB6(40)|JGB78(30),29.914,29.914
2023-04-21,40Y,1.443,1,JGB15(40),38.913,38.913
2023-04-24,2Y,-0.033,2,JGB WI(2)-05|JGB447(2),1.938,2.021
2023-04-24,5Y,0.153,4,JGB100(20)|JGB101(20)|JGB157(5)|JGB350(10),4.906,4.906
2023-04-24,10Y,0.4805,4,JGB10(30)|JGB143(20)|JGB144(20)|JGB370(10),9.906,9.906
2023-04-24,20Y,1.117,2,JGB184(20)|JGB38(30),19.904,19.904
2023-04-24,30Y,1.341,2,JGB6(40)|JGB78(30),29.906,29.906
2023-04-24,40Y,1.431,1,JGB15(40),38.905,38.905
2023-04-25,2Y,-0.038,2,JGB WI(2)-05|JGB447(2),1.936,2.018
2023-04-25,5Y,0.1525,4,JGB100(20)|JGB101(20)|JGB157(5)|JGB350(10),4.903,4.903
2023-04-25,10Y,0.4885,4,JGB10(30)|JGB143(20)|JGB144(20)|JGB370(10),9.903,9.903
2023-04-25,20Y,1.1265,2,JGB184(20)|JGB38(30),19.901,19.901
2023-04-25,30Y,1.3595,2,JGB6(40)|JGB78(30),29.903,29.903
2023-04-25,40Y,1.45,1,JGB15(40),38.902,38.902
2023-04-26,2Y,-0.0355,2,JGB WI(2)-05|JGB447(2),1.933,2.015
2023-04-26,5Y,0.1578,4,JGB100(20)|JGB101(20)|JGB157(5)|JGB350(10),4.901,4.901
2023-04-26,10Y,0.4952,4,JGB10(30)|JGB143(20)|JGB144(20)|JGB370(10),9.9,9.9
2023-04-26,20Y,1.112,2,JGB184(20)|JGB38(30),19.899,19.899
2023-04-26,30Y,1.3455,2,JGB6(40)|JGB78(30),29.9,29.9
2023-04-26,40Y,1.441,1,JGB15(40),38.899,38.899
2023-04-27,2Y,-0.04,2,JGB447(2)|JGB448(2),1.93,2.012
2023-04-27,5Y,0.1422,4,JGB100(20)|JGB101(20)|JGB157(5)|JGB350(10),4.898,4.898
2023-04-27,10Y,0.4647,4,JGB10(30)|JGB143(20)|JGB144(20)|JGB370(10),9.897,9.897
2023-04-27,20Y,1.082,2,JGB184(20)|JGB38(30),19.896,19.896
2023-04-27,30Y,1.32,2,JGB6(40)|JGB78(30),29.897,29.897
2023-04-27,40Y,1.411,1,JGB15(40),38.897,38.897
2023-04-28,2Y,-0.04,2,JGB447(2)|JGB448(2),1.927,2.01
2023-04-28,5Y,0.1425,4,JGB100(20)|JGB101(20)|JGB157(5)|JGB350(10),4.895,4.895
2023-04-28,10Y,0.4662,4,JGB10(30)|JGB143(20)|JGB144(20)|JGB370(10),9.895,9.895
2023-04-28,20Y,1.0855,2,JGB184(20)|JGB38(30),19.893,19.893
2023-04-28,30Y,1.34,2,JGB6(40)|JGB78(30),29.895,29.895
2023-04-28,40Y,1.427,1,JGB15(40),38.894,38.894
2023-05-01,2Y,-0.045,2,JGB447(2)|JGB448(2),1.919,2.001
2023-05-01,5Y,0.0963,4,JGB100(20)|JGB101(20)|JGB157(5)|JGB350(10),4.887,4.887
2023-05-01,10Y,0.4022,4,JGB10(30)|JGB143(20)|JGB144(20)|JGB370(10),9.886,9.886
2023-05-01,20Y,0.9985,2,JGB184(20)|JGB38(30),19.885,19.885
2023-05-01,30Y,1.243,2,JGB6(40)|JGB78(30),29.886,29.886
2023-05-01,40Y,1.336,1,JGB15(40),38.886,38.886
2023-05-02,2Y,-0.044,1,JGB448(2),1.999,1.999
2023-05-02,5Y,0.1013,4,JGB100(20)|JGB101(20)|JGB157(5)|JGB350(10),4.884,4.884
2023-05-02,10Y,0.4078,4,JGB10(30)|JGB143(20)|JGB144(20)|JGB370(10),9.884,9.884
2023-05-02,20Y,1.0225,2,JGB184(20)|JGB38(30),19.882,19.882
2023-05-02,30Y,1.2735,2,JGB6(40)|JGB78(30),29.884,29.884
2023-05-02,40Y,1.376,1,JGB15(40),38.883,38.883
2023-05-08,2Y,-0.035,1,JGB448(2),1.982,1.982
2023-05-08,5Y,0.1255,4,JGB102(20)|JGB103(20)|JGB104(20)|JGB351(10),5.12,5.12
2023-05-08,10Y,0.449,2,JGB11(30)|JGB145(20),10.119,10.119
2023-05-08,20Y,1.045,1,JGB39(30),20.118,20.118
2023-05-08,30Y,1.2887,3,JGB WI(30)-05|JGB6(40)|JGB78(30),29.867,29.867
2023-05-08,40Y,1.383,1,JGB15(40),38.867,38.867
2023-05-09,2Y,-0.035,1,JGB448(2),1.979,1.979
2023-05-09,5Y,0.1185,4,JGB102(20)|JGB103(20)|JGB104(20)|JGB351(10),5.117,5.117
2023-05-09,10Y,0.438,2,JGB11(30)|JGB145(20),10.116,10.116
2023-05-09,20Y,1.04,1,JGB39(30),20.115,20.115
2023-05-09,30Y,1.2763,3,JGB WI(30)-05|JGB6(40)|JGB78(30),29.864,29.864
2023-05-09,40Y,1.368,1,JGB15(40),38.864,38.864
2023-05-10,2Y,-0.03,1,JGB448(2),1.977,1.977
2023-05-10,5Y,0.135,4,JGB102(20)|JGB103(20)|JGB104(20)|JGB351(10),5.114,5.114
2023-05-10,10Y,0.4485,2,JGB11(30)|JGB145(20),10.114,10.114
2023-05-10,20Y,1.055,1,JGB39(30),20.112,20.112
2023-05-10,30Y,1.2833,3,JGB WI(30)-05|JGB6(40)|JGB78(30),29.862,29.862
2023-05-10,40Y,1.377,1,JGB15(40),38.861,38.861
2023-05-11,2Y,-0.04,1,JGB448(2),1.974,1.974
2023-05-11,5Y,0.1247,4,JGB102(20)|JGB103(20)|JGB104(20)|JGB351(10),5.112,5.112
2023-05-11,10Y,0.437,2,JGB11(30)|JGB145(20),10.111,10.111
2023-05-11,20Y,1.041,1,JGB39(30),20.11,20.11
2023-05-11,30Y,1.2753,3,JGB WI(30)-05|JGB6(40)|JGB78(30),29.859,29.859
2023-05-11,40Y,1.368,1,JGB15(40),38.858,38.858
2023-05-12,2Y,-0.045,1,JGB448(2),1.971,1.971
2023-05-12,5Y,0.1098,4,JGB102(20)|JGB103(20)|JGB104(20)|JGB351(10),5.109,5.109
2023-05-12,10Y,0.4115,2,JGB11(30)|JGB145(20),10.108,10.108
2023-05-12,20Y,1.001,1,JGB39(30),20.107,20.107
2023-05-12,30Y,1.2315,2,JGB6(40)|JGB78(30),29.856,29.856
2023-05-12,40Y,1.329,1,JGB15(40),38.856,38.856
2023-05-15,2Y,-0.055,1,JGB448(2),1.963,1.963
2023-05-15,5Y,0.1032,4,JGB102(20)|JGB103(20)|JGB104(20)|JGB351(10),5.101,5.101
2023-05-15,10Y,0.412,2,JGB11(30)|JGB145(20),10.1,10.1
2023-05-15,20Y,1.021,1,JGB39(30),20.099,20.099
2023-05-15,30Y,1.26,2,JGB6(40)|JGB78(30),29.848,29.848
2023-05-15,40Y,1.352,1,JGB15(40),38.847,38.847
2023-05-16,2Y,-0.051,1,JGB448(2),1.96,1.96
2023-05-16,5Y,0.1207,4,JGB102(20)|JGB103(20)|JGB104(20)|JGB351(10),5.098,5.098
2023-05-16,10Y,0.432,2,JGB11(30)|JGB145(20),10.097,10.097
2023-05-16,20Y,1.036,1,JGB39(30),20.096,20.096
2023-05-16,30Y,1.2755,2,JGB6(40)|JGB78(30),29.845,29.845
2023-05-16,40Y,1.368,1,JGB15(40),38.845,38.845
2023-05-17,2Y,-0.056,1,JGB448(2),1.958,1.958
2023-05-17,5Y,0.1103,4,JGB102(20)|JGB103(20)|JGB104(20)|JGB351(10),5.095,5.095
2023-05-17,10Y,0.4185,2,JGB11(30)|JGB145(20),10.094,10.094
2023-05-17,20Y,1.021,1,JGB39(30),20.093,20.093
2023-05-17,30Y,1.255,2,JGB6(40)|JGB78(30),29.843,29.843
2023-05-17,40Y,1.352,1,JGB15(40),38.842,38.842
2023-05-18,2Y,-0.066,1,JGB448(2),1.955,1.955
2023-05-18,5Y,0.09,4,JGB102(20)|JGB103(20)|JGB104(20)|JGB351(10),5.092,5.092
2023-05-18,10Y,0.3815,2,JGB11(30)|JGB145(20),10.092,10.092
2023-05-18,20Y,0.978,1,JGB39(30),20.09,20.09
2023-05-18,30Y,1.2195,2,JGB6(40)|JGB78(30),29.84,29.84
2023-05-18,40Y,1.332,1,JGB15(40),38.839,38.839
2023-05-19,2Y,-0.061,1,JGB448(2),1.952,1.952
2023-05-19,5Y,0.0998,4,JGB102(20)|JGB103(20)|JGB104(20)|JGB351(10),5.09,5.09
2023-05-19,10Y,0.406,2,JGB11(30)|JGB145(20),10.089,10.089
2023-05-19,20Y,0.992,1,JGB39(30),20.088,20.088
2023-05-19,30Y,1.2445,2,JGB6(40)|JGB78(30),29.837,29.837
2023-05-19,40Y,1.378,1,JGB WI(40)-05,39.836,39.836
2023-05-22,2Y,-0.0623,6,JGB144(5)|JGB339(10)|JGB448(2)|JGB78(20)|JGB79(20)|JGB80(20),1.944,2.081
2023-05-22,5Y,0.105,4,JGB102(20)|JGB103(20)|JGB104(20)|JGB351(10),5.081,5.081
2023-05-22,10Y,0.422,2,JGB11(30)|JGB145(20),10.081,10.081
2023-05-22,20Y,1.006,1,JGB39(30),20.079,20.079
2023-05-22,30Y,1.255,2,JGB6(40)|JGB78(30),29.829,29.829
2023-05-22,40Y,1.395,1,JGB WI(40)-05,39.828,39.828
2023-05-23,2Y,-0.0677,6,JGB144(5)|JGB339(10)|JGB448(2)|JGB78(20)|JGB79(20)|JGB80(20),1.941,2.078
2023-05-23,5Y,0.0938,4,JGB102(20)|JGB103(20)|JGB104(20)|JGB351(10),5.079,5.079
2023-05-23,10Y,0.407,2,JGB11(30)|JGB145(20),10.078,10.078
2023-05-23,20Y,0.982,1,JGB39(30),20.077,20.077
2023-05-23,30Y,1.2335,2,JGB6(40)|JGB78(30),29.826,29.826
2023-05-23,40Y,1.37,1,JGB WI(40)-05,39.825,39.825
2023-05-24,2Y,-0.0624,7,JGB WI(2)-06|JGB144(5)|JGB339(10)|JGB448(2)|JGB78(20)|JGB79(20)|JGB80(20),1.938,2.075
2023-05-24,5Y,0.0998,4,JGB102(20)|JGB103(20)|JGB104(20)|JGB351(10),5.076,5.076
2023-05-24,10Y,0.417,2,JGB11(30)|JGB145(20),10.075,10.075
2023-05-24,20Y,1.006,1,JGB39(30),20.074,20.074
2023-05-24,30Y,1.25,2,JGB6(40)|JGB78(30),29.823,29.823
2023-05-24,40Y,1.38,1,JGB WI(40)-05,39.822,39.822
2023-05-25,2Y,-0.0639,7,JGB WI(2)-06|JGB144(5)|JGB339(10)|JGB448(2)|JGB78(20)|JGB79(20)|JGB80(20),1.936,2.073
2023-05-25,5Y,0.105,4,JGB102(20)|JGB103(20)|JGB104(20)|JGB351(10),5.073,5.073
2023-05-25,10Y,0.427,2,JGB11(30)|JGB145(20),10.073,10.073
2023-05-25,20Y,1.021,1,JGB39(30),20.071,20.071
2023-05-25,30Y,1.268,2,JGB6(40)|JGB78(30),29.821,29.821
2023-05-25,40Y,1.4,1,JGB WI(40)-05,39.819,39.819
2023-05-26,2Y,-0.0637,7,JGB WI(2)-06|JGB144(5)|JGB339(10)|JGB448(2)|JGB78(20)|JGB79(20)|JGB80(20),1.933,2.07
2023-05-26,5Y,0.1202,4,JGB102(20)|JGB103(20)|JGB104(20)|JGB351(10),5.07,5.07
2023-05-26,10Y,0.45,2,JGB11(30)|JGB145(20),10.07,10.07
2023-05-26,20Y,1.045,1,JGB39(30),20.068,20.068
2023-05-26,30Y,1.291,2,JGB6(40)|JGB78(30),29.818,29.818
2023-05-26,40Y,1.42,1,JGB16(40),39.817,39.817
2023-05-29,2Y,-0.0649,7,JGB WI(2)-06|JGB144(5)|JGB339(10)|JGB448(2)|JGB78(20)|JGB79(20)|JGB80(20),1.925,2.062
2023-05-29,5Y,0.1042,4,JGB102(20)|JGB103(20)|JGB104(20)|JGB351(10),5.062,5.062
2023-05-29,10Y,0.443,2,JGB11(30)|JGB145(20),10.062,10.062
2023-05-29,20Y,1.026,1,JGB39(30),20.06,20.06
2023-05-29,30Y,1.2635,2,JGB6(40)|JGB78(30),29.81,29.81
2023-05-29,40Y,1.396,1,JGB16(40),39.808,39.808
2023-05-30,2Y,-0.0611,7,JGB WI(2)-06|JGB144(5)|JGB339(10)|JGB448(2)|JGB78(20)|JGB79(20)|JGB80(20),1.922,2.059
2023-05-30,5Y,0.1103,4,JGB102(20)|JGB103(20)|JGB104(20)|JGB351(10),5.06,5.06
2023-05-30,10Y,0.464,2,JGB11(30)|JGB145(20),10.059,10.059
2023-05-30,20Y,1.045,1,JGB39(30),20.057,20.057
2023-05-30,30Y,1.2775,2,JGB6(40)|JGB78(30),29.807,29.807
2023-05-30,40Y,1.408,1,JGB16(40),39.806,39.806
2023-05-31,2Y,-0.0609,7,JGB144(5)|JGB339(10)|JGB448(2)|JGB449(2)|JGB78(20)|JGB79(20)|JGB80(20),1.919,2.056
2023-05-31,5Y,0.1047,4,JGB102(20)|JGB103(20)|JGB104(20)|JGB351(10),5.057,5.057
2023-05-31,10Y,0.455,2,JGB11(30)|JGB145(20),10.056,10.056
2023-05-31,20Y,1.03,1,JGB39(30),20.055,20.055
2023-05-31,30Y,1.261,3,JGB WI(30)-06|JGB6(40)|JGB78(30),29.804,29.804
2023-05-31,40Y,1.396,1,JGB16(40),39.803,39.803
2023-06-01,2Y,-0.0655,6,JGB144(5)|JGB339(10)|JGB449(2)|JGB78(20)|JGB79(20)|JGB80(20),2.001,2.053
2023-06-01,5Y,0.0948,4,JGB102(20)|JGB103(20)|JGB104(20)|JGB351(10),5.054,5.054
2023-06-01,10Y,0.453,2,JGB11(30)|JGB145(20),10.053,10.053
2023-06-01,20Y,1.03,1,JGB39(30),20.052,20.052
2023-06-01,30Y,1.273,3,JGB WI(30)-06|JGB6(40)|JGB78(30),29.802,29.802
2023-06-01,40Y,1.402,1,JGB16(40),39.8,39.8
2023-06-02,2Y,-0.075,6,JGB144(5)|JGB339(10)|JGB449(2)|JGB78(20)|JGB79(20)|JGB80(20),1.999,2.051
2023-06-02,5Y,0.0895,4,JGB102(20)|JGB103(20)|JGB104(20)|JGB351(10),5.051,5.051
2023-06-02,10Y,0.438,2,JGB11(30)|JGB145(20),10.051,10.051
2023-06-02,20Y,1.031,1,JGB39(30),20.049,20.049
2023-06-02,30Y,1.2767,3,JGB WI(30)-06|JGB6(40)|JGB78(30),29.799,29.799
2023-06-02,40Y,1.412,1,JGB16(40),39.797,39.797
2023-06-05,2Y,-0.0863,6,JGB144(5)|JGB339(10)|JGB449(2)|JGB78(20)|JGB79(20)|JGB80(20),1.99,2.042
2023-06-05,5Y,0.0835,4,JGB102(20)|JGB103(20)|JGB104(20)|JGB351(10),5.043,5.043
2023-06-05,10Y,0.432,2,JGB11(30)|JGB145(20),10.042,10.042
2023-06-05,20Y,1.035,1,JGB39(30),20.041,20.041
2023-06-05,30Y,1.2847,3,JGB WI(30)-06|JGB6(40)|JGB78(30),29.791,29.791
2023-06-05,40Y,1.425,1,JGB16(40),39.789,39.789
2023-06-06,2Y,-0.0758,6,JGB144(5)|JGB339(10)|JGB449(2)|JGB78(20)|JGB79(20)|JGB80(20),1.988,2.04
2023-06-06,5Y,0.104,4,JGB102(20)|JGB103(20)|JGB104(20)|JGB351(10),5.04,5.04
2023-06-06,10Y,0.458,2,JGB11(30)|JGB145(20),10.04,10.04
2023-06-06,20Y,1.05,1,JGB39(30),20.038,20.038
2023-06-06,30Y,1.2847,3,JGB WI(30)-06|JGB6(40)|JGB78(30),29.788,29.788
2023-06-06,40Y,1.429,1,JGB16(40),39.786,39.786
2023-06-07,2Y,-0.0763,6,JGB144(5)|JGB339(10)|JGB449(2)|JGB78(20)|JGB79(20)|JGB80(20),1.985,2.037
2023-06-07,5Y,0.095,4,JGB102(20)|JGB103(20)|JGB104(20)|JGB351(10),5.038,5.038
2023-06-07,10Y,0.4445,2,JGB11(30)|JGB145(20),10.037,10.037
2023-06-07,20Y,1.031,1,JGB39(30),20.036,20.036
2023-06-07,30Y,1.272,2,JGB6(40)|JGB78(30),29.785,29.785
2023-06-07,40Y,1.412,1,JGB16(40),39.784,39.784
2023-06-08,2Y,-0.0707,6,JGB144(5)|JGB339(10)|JGB449(2)|JGB78(20)|JGB79(20)|JGB80(20),1.982,2.034
2023-06-08,5Y,0.0897,4,JGB102(20)|JGB103(20)|JGB104(20)|JGB351(10),5.035,5.035
2023-06-08,10Y,0.432,2,JGB11(30)|JGB145(20),10.034,10.034
2023-06-08,20Y,1.024,1,JGB39(30),20.033,20.033
2023-06-08,30Y,1.268,2,JGB6(40)|JGB78(30),29.782,29.782
2023-06-08,40Y,1.412,1,JGB16(40),39.781,39.781
2023-06-09,2Y,-0.0697,6,JGB144(5)|JGB339(10)|JGB449(2)|JGB78(20)|JGB79(20)|JGB80(20),1.979,2.031
2023-06-09,5Y,0.0945,4,JGB102(20)|JGB103(20)|JGB104(20)|JGB351(10),5.032,5.032
2023-06-09,10Y,0.458,2,JGB11(30)|JGB145(20),10.031,10.031
2023-06-09,20Y,1.04,1,JGB39(30),20.03,20.03
2023-06-09,30Y,1.2865,2,JGB6(40)|JGB78(30),29.78,29.78
2023-06-09,40Y,1.432,1,JGB16(40),39.778,39.778
2023-06-12,2Y,-0.0713,6,JGB144(5)|JGB339(10)|JGB449(2)|JGB78(20)|JGB79(20)|JGB80(20),1.971,2.023
2023-06-12,5Y,0.0895,4,JGB102(20)|JGB103(20)|JGB104(20)|JGB351(10),5.024,5.024
2023-06-12,10Y,0.457,2,JGB11(30)|JGB145(20),10.023,10.023
2023-06-12,20Y,1.031,1,JGB39(30),20.022,20.022
2023-06-12,30Y,1.2775,2,JGB6(40)|JGB78(30),29.771,29.771
2023-06-12,40Y,1.421,1,JGB16(40),39.77,39.77
2023-06-13,2Y,-0.0768,6,JGB144(5)|JGB339(10)|JGB449(2)|JGB78(20)|JGB79(20)|JGB80(20),1.969,2.021
2023-06-13,5Y,0.0845,4,JGB102(20)|JGB103(20)|JGB104(20)|JGB351(10),5.021,5.021
2023-06-13,10Y,0.4525,2,JGB11(30)|JGB145(20),10.021,10.021
2023-06-13,20Y,1.035,1,JGB39(30),20.019,20.019
2023-06-13,30Y,1.28,2,JGB6(40)|JGB78(30),29.769,29.769
2023-06-13,40Y,1.421,1,JGB16(40),39.767,39.767
2023-06-14,2Y,-0.0815,6,JGB144(5)|JGB339(10)|JGB449(2)|JGB78(20)|JGB79(20)|JGB80(20),1.966,2.018
2023-06-14,5Y,0.074,4,JGB102(20)|JGB103(20)|JGB104(20)|JGB351(10),5.018,5.018
2023-06-14,10Y,0.4425,2,JGB11(30)|JGB145(20),10.018,10.018
2023-06-14,20Y,1.02,1,JGB39(30),20.016,20.016
2023-06-14,30Y,1.259,2,JGB6(40)|JGB78(30),29.766,29.766
2023-06-14,40Y,1.392,1,JGB16(40),39.765,39.765
2023-06-15,2Y,-0.0757,6,JGB144(5)|JGB339(10)|JGB449(2)|JGB78(20)|JGB79(20)|JGB80(20),1.963,2.015
2023-06-15,5Y,0.0897,4,JGB102(20)|JGB103(20)|JGB104(20)|JGB351(10),5.016,5.016
2023-06-15,10Y,0.4525,2,JGB11(30)|JGB145(20),10.015,10.015
2023-06-15,20Y,1.025,1,JGB39(30),20.014,20.014
2023-06-15,30Y,1.2565,2,JGB6(40)|JGB78(30),29.763,29.763
2023-06-15,40Y,1.378,1,JGB16(40),39.762,39.762
2023-06-16,2Y,-0.0717,6,JGB144(5)|JGB339(10)|JGB449(2)|JGB78(20)|JGB79(20)|JGB80(20),1.96,2.012
2023-06-16,5Y,0.0905,4,JGB102(20)|JGB103(20)|JGB104(20)|JGB351(10),5.013,5.013
2023-06-16,10Y,0.4485,2,JGB11(30)|JGB145(20),10.012,10.012
2023-06-16,20Y,1.02,1,JGB39(30),20.011,20.011
2023-06-16,30Y,1.2545,2,JGB6(40)|JGB78(30),29.76,29.76
2023-06-16,40Y,1.371,1,JGB16(40),39.759,39.759
2023-06-19,2Y,-0.0755,6,JGB144(5)|JGB339(10)|JGB449(2)|JGB78(20)|JGB79(20)|JGB80(20),1.952,2.004
2023-06-19,5Y,0.0795,4,JGB102(20)|JGB103(20)|JGB104(20)|JGB351(10),5.005,5.005
2023-06-19,10Y,0.4225,2,JGB11(30)|JGB145(20),10.004,10.004
2023-06-19,20Y,1.006,1,JGB39(30),20.003,20.003
2023-06-19,30Y,1.25,2,JGB6(40)|JGB78(30),29.752,29.752
2023-06-19,40Y,1.367,1,JGB16(40),39.751,39.751
2023-06-20,2Y,-0.077,6,JGB144(5)|JGB339(10)|JGB449(2)|JGB78(20)|JGB79(20)|JGB80(20),1.949,2.001
2023-06-20,5Y,0.0798,4,JGB102(20)|JGB103(20)|JGB104(20)|JGB351(10),5.002,5.002
2023-06-20,10Y,0.411,2,JGB11(30)|JGB145(20),10.001,10.001
2023-06-20,20Y,0.992,1,JGB39(30),20.0,20.0
2023-06-20,30Y,1.236,2,JGB6(40)|JGB78(30),29.749,29.749
2023-06-20,40Y,1.359,1,JGB16(40),39.748,39.748
2023-06-21,2Y,-0.076,6,JGB144(5)|JGB339(10)|JGB449(2)|JGB78(20)|JGB79(20)|JGB80(20),1.947,1.999
2023-06-21,5Y,0.0775,4,JGB102(20)|JGB103(20)|JGB104(20)|JGB351(10),4.999,4.999
2023-06-21,10Y,0.406,2,JGB11(30)|JGB145(20),9.999,9.999
2023-06-21,20Y,0.981,1,JGB39(30),19.997,19.997
2023-06-21,30Y,1.222,2,JGB6(40)|JGB78(30),29.747,29.747
2023-06-21,40Y,1.35,1,JGB16(40),39.745,39.745
2023-06-22,2Y,-0.0828,6,JGB144(5)|JGB339(10)|JGB449(2)|JGB78(20)|JGB79(20)|JGB80(20),1.944,1.996
2023-06-22,5Y,0.0742,4,JGB102(20)|JGB103(20)|JGB104(20)|JGB351(10),4.997,4.997
2023-06-22,10Y,0.3955,2,JGB11(30)|JGB145(20),9.996,9.996
2023-06-22,20Y,0.986,1,JGB39(30),19.995,19.995
2023-06-22,30Y,1.222,2,JGB6(40)|JGB78(30),29.744,29.744
2023-06-22,40Y,1.35,1,JGB16(40),39.743,39.743
2023-06-23,2Y,-0.0777,7,JGB WI(2)-07|JGB144(5)|JGB339(10)|JGB449(2)|JGB78(20)|JGB79(20)|JGB80(20),1.941,2.023
2023-06-23,5Y,0.069,4,JGB102(20)|JGB103(20)|JGB104(20)|JGB351(10),4.994,4.994
2023-06-23,10Y,0.396,2,JGB11(30)|JGB145(20),9.993,9.993
2023-06-23,20Y,0.991,1,JGB39(30),19.992,19.992
2023-06-23,30Y,1.236,2,JGB6(40)|JGB78(30),29.741,29.741
2023-06-23,40Y,1.367,1,JGB16(40),39.74,39.74
2023-06-26,2Y,-0.085,7,JGB WI(2)-07|JGB144(5)|JGB339(10)|JGB449(2)|JGB78(20)|JGB79(20)|JGB80(20),1.933,2.015
2023-06-26,5Y,0.0585,4,JGB102(20)|JGB103(20)|JGB104(20)|JGB351(10),4.986,4.986
2023-06-26,10Y,0.391,2,JGB11(30)|JGB145(20),9.985,9.985
2023-06-26,20Y,0.981,1,JGB39(30),19.984,19.984
2023-06-26,30Y,1.231,2,JGB6(40)|JGB78(30),29.733,29.733
2023-06-26,40Y,1.363,1,JGB16(40),39.732,39.732
2023-06-27,2Y,-0.087,7,JGB WI(2)-07|JGB144(5)|JGB339(10)|JGB449(2)|JGB78(20)|JGB79(20)|JGB80(20),1.93,2.012
2023-06-27,5Y,0.0483,4,JGB102(20)|JGB103(20)|JGB104(20)|JGB351(10),4.983,4.983
2023-06-27,10Y,0.376,2,JGB11(30)|JGB145(20),9.982,9.982
2023-06-27,20Y,0.956,1,JGB39(30),19.981,19.981
2023-06-27,30Y,1.2035,2,JGB6(40)|JGB78(30),29.73,29.73
2023-06-27,40Y,1.338,1,JGB16(40),39.729,39.729
2023-06-28,2Y,-0.0833,7,JGB WI(2)-07|JGB144(5)|JGB339(10)|JGB449(2)|JGB78(20)|JGB79(20)|JGB80(20),1.927,2.01
2023-06-28,5Y,0.0587,4,JGB102(20)|JGB103(20)|JGB104(20)|JGB351(10),4.98,4.98
2023-06-28,10Y,0.3957,3,JGB WI(10)-07|JGB11(30)|JGB145(20),9.979,9.979
2023-06-28,20Y,0.971,1,JGB39(30),19.978,19.978
2023-06-28,30Y,1.2085,2,JGB6(40)|JGB78(30),29.728,29.728
2023-06-28,40Y,1.338,1,JGB16(40),39.726,39.726
2023-06-29,2Y,-0.0739,7,JGB WI(2)-07|JGB144(5)|JGB339(10)|JGB449(2)|JGB78(20)|JGB79(20)|JGB80(20),1.925,2.007
2023-06-29,5Y,0.0693,4,JGB102(20)|JGB103(20)|JGB104(20)|JGB351(10),4.977,4.977
2023-06-29,10Y,0.4107,3,JGB WI(10)-07|JGB11(30)|JGB145(20),9.977,9.977
2023-06-29,20Y,0.981,1,JGB39(30),19.975,19.975
2023-06-29,30Y,1.222,2,JGB6(40)|JGB78(30),29.725,29.725
2023-06-29,40Y,1.354,1,JGB16(40),39.723,39.723
2023-06-30,2Y,-0.0797,7,JGB144(5)|JGB339(10)|JGB449(2)|JGB450(2)|JGB78(20)|JGB79(20)|JGB80(20),1.922,2.004
2023-06-30,5Y,0.064,4,JGB102(20)|JGB103(20)|JGB104(20)|JGB351(10),4.975,4.975
2023-06-30,10Y,0.4093,3,JGB WI(10)-07|JGB11(30)|JGB145(20),9.974,9.974
2023-06-30,20Y,0.976,1,JGB39(30),19.973,19.973
2023-06-30,30Y,1.235,1,JGB WI(30)-07,29.974,29.974
2023-06-30,40Y,1.359,1,JGB16(40),39.721,39.721
2023-07-03,2Y,-0.0808,6,JGB144(5)|JGB339(10)|JGB450(2)|JGB78(20)|JGB79(20)|JGB80(20),1.966,1.996
2023-07-03,5Y,0.0635,4,JGB102(20)|JGB103(20)|JGB104(20)|JGB351(10),4.966,4.966
2023-07-03,10Y,0.423,3,JGB WI(10)-07|JGB11(30)|JGB145(20),9.966,9.966
2023-07-03,20Y,1.011,1,JGB39(30),19.964,19.964
2023-07-03,30Y,1.266,1,JGB WI(30)-07,29.966,29.966
2023-07-03,40Y,1.396,1,JGB16(40),39.713,39.713
2023-07-04,2Y,-0.0798,6,JGB144(5)|JGB339(10)|JGB450(2)|JGB78(20)|JGB79(20)|JGB80(20),1.963,1.993
2023-07-04,5Y,0.0638,4,JGB102(20)|JGB103(20)|JGB104(20)|JGB351(10),4.964,4.964
2023-07-04,10Y,0.428,3,JGB WI(10)-07|JGB11(30)|JGB145(20),9.963,9.963
2023-07-04,20Y,1.011,1,JGB39(30),19.962,19.962
2023-07-04,30Y,1.265,1,JGB WI(30)-07,29.963,29.963
2023-07-04,40Y,1.396,1,JGB16(40),39.71,39.71
2023-07-05,2Y,-0.0822,6,JGB144(5)|JGB339(10)|JGB450(2)|JGB78(20)|JGB79(20)|JGB80(20),1.96,1.99
2023-07-05,5Y,0.0614,5,JGB WI(5)-07|JGB102(20)|JGB103(20)|JGB104(20)|JGB351(10),4.961,4.961
2023-07-05,10Y,0.3957,3,JGB11(30)|JGB145(20)|JGB371(10),9.96,9.96
2023-07-05,20Y,0.995,1,JGB39(30),19.959,19.959
2023-07-05,30Y,1.255,1,JGB WI(30)-07,29.96,29.96
2023-07-05,40Y,1.396,1,JGB16(40),39.707,39.707
2023-07-06,2Y,-0.0828,6,JGB144(5)|JGB339(10)|JGB450(2)|JGB78(20)|JGB79(20)|JGB80(20),1.958,1.988
2023-07-06,5Y,0.0618,5,JGB WI(5)-07|JGB102(20)|JGB103(20)|JGB104(20)|JGB351(10),4.958,4.958
2023-07-06,10Y,0.38,3,JGB11(30)|JGB145(20)|JGB371(10),9.958,9.958
2023-07-06,20Y,0.986,1,JGB39(30),19.956,19.956
2023-07-06,30Y,1.23,1,JGB WI(30)-07,29.958,29.958
2023-07-06,40Y,1.375,1,JGB16(40),39.704,39.704
2023-07-07,2Y,-0.0735,6,JGB144(5)|JGB339(10)|JGB450(2)|JGB78(20)|JGB79(20)|JGB80(20),1.955,1.985
2023-07-07,5Y,0.0764,5,JGB WI(5)-07|JGB102(20)|JGB103(20)|JGB104(20)|JGB351(10),4.956,4.956
2023-07-07,10Y,0.4063,3,JGB11(30)|JGB145(20)|JGB371(10),9.955,9.955
2023-07-07,20Y,1.0005,2,JGB WI(20)-07|JGB39(30),19.953,19.953
2023-07-07,30Y,1.226,1,JGB79(30),29.955,29.955
2023-07-07,40Y,1.367,1,JGB16(40),39.702,39.702
2023-07-10,2Y,-0.0543,6,JGB144(5)|JGB339(10)|JGB450(2)|JGB78(20)|JGB79(20)|JGB80(20),1.947,1.977
2023-07-10,5Y,0.11,5,JGB WI(5)-07|JGB102(20)|JGB103(20)|JGB104(20)|JGB351(10),4.947,4.947
2023-07-10,10Y,0.436,3,JGB11(30)|JGB145(20)|JGB371(10),9.947,9.947
2023-07-10,20Y,1.04,2,JGB WI(20)-07|JGB39(30),19.945,19.945
2023-07-10,30Y,1.265,1,JGB79(30),29.947,29.947
2023-07-10,40Y,1.4,1,JGB16(40),39.693,39.693
2023-07-11,2Y,-0.0445,6,JGB144(5)|JGB339(10)|JGB450(2)|JGB78(20)|JGB79(20)|JGB80(20),1.944,1.974
2023-07-11,5Y,0.1432,5,JGB WI(5)-07|JGB102(20)|JGB103(20)|JGB104(20)|JGB351(10),4.945,4.945
2023-07-11,10Y,0.4767,3,JGB11(30)|JGB145(20)|JGB371(10),9.944,9.944
2023-07-11,20Y,1.0995,2,JGB WI(20)-07|JGB39(30),19.943,19.943
2023-07-11,30Y,1.308,1,JGB79(30),29.944,29.944
2023-07-11,40Y,1.437,1,JGB16(40),39.691,39.691
2023-07-12,2Y,-0.0553,6,JGB144(5)|JGB339(10)|JGB450(2)|JGB78(20)|JGB79(20)|JGB80(20),1.941,1.971
2023-07-12,5Y,0.115,5,JGB102(20)|JGB103(20)|JGB104(20)|JGB159(5)|JGB351(10),4.942,4.942
2023-07-12,10Y,0.4623,3,JGB11(30)|JGB145(20)|JGB371(10),9.941,9.941
2023-07-12,20Y,1.075,2,JGB WI(20)-07|JGB39(30),19.94,19.94
2023-07-12,30Y,1.291,1,JGB79(30),29.941,29.941
2023-07-12,40Y,1.425,1,JGB16(40),39.688,39.688
2023-07-13,2Y,-0.0503,6,JGB144(5)|JGB339(10)|JGB450(2)|JGB78(20)|JGB79(20)|JGB80(20),1.938,1.969
2023-07-13,5Y,0.1354,5,JGB102(20)|JGB103(20)|JGB104(20)|JGB159(5)|JGB351(10),4.939,4.939
2023-07-13,10Y,0.4973,3,JGB11(30)|JGB145(20)|JGB371(10),9.938,9.938
2023-07-13,20Y,1.1095,2,JGB WI(20)-07|JGB39(30),19.937,19.937
2023-07-13,30Y,1.321,1,JGB79(30),29.938,29.938
2023-07-13,40Y,1.449,1,JGB16(40),39.685,39.685
2023-07-14,2Y,-0.0503,6,JGB144(5)|JGB339(10)|JGB450(2)|JGB78(20)|JGB79(20)|JGB80(20),1.936,1.966
2023-07-14,5Y,0.1248,5,JGB102(20)|JGB103(20)|JGB104(20)|JGB159(5)|JGB351(10),4.936,4.936
2023-07-14,10Y,0.487,3,JGB11(30)|JGB145(20)|JGB371(10),9.936,9.936
2023-07-14,20Y,1.091,2,JGB185(20)|JGB39(30),19.934,19.934
2023-07-14,30Y,1.329,1,JGB79(30),29.936,29.936
2023-07-14,40Y,1.465,1,JGB16(40),39.682,39.682
2023-07-18,2Y,-0.0527,6,JGB144(5)|JGB339(10)|JGB450(2)|JGB78(20)|JGB79(20)|JGB80(20),1.925,1.955
2023-07-18,5Y,0.1254,5,JGB102(20)|JGB103(20)|JGB104(20)|JGB159(5)|JGB351(10),4.925,4.925
2023-07-18,10Y,0.5013,3,JGB11(30)|JGB145(20)|JGB371(10),9.925,9.925
2023-07-18,20Y,1.1175,2,JGB185(20)|JGB39(30),19.923,19.923
2023-07-18,30Y,1.364,1,JGB79(30),29.925,29.925
2023-07-18,40Y,1.498,1,JGB16(40),39.671,39.671
2023-07-19,2Y,-0.0488,6,JGB144(5)|JGB339(10)|JGB450(2)|JGB78(20)|JGB79(20)|JGB80(20),1.922,1.952
2023-07-19,5Y,0.1304,5,JGB102(20)|JGB103(20)|JGB104(20)|JGB159(5)|JGB351(10),4.923,4.923
2023-07-19,10Y,0.506,3,JGB11(30)|JGB145(20)|JGB371(10),9.922,9.922
2023-07-19,20Y,1.1375,2,JGB185(20)|JGB39(30),19.921,19.921
2023-07-19,30Y,1.393,1,JGB79(30),29.922,29.922
2023-07-19,40Y,1.5345,2,JGB WI(40)-07|JGB16(40),39.669,39.669
2023-07-20,2Y,-0.0565,6,JGB144(5)|JGB339(10)|JGB450(2)|JGB78(20)|JGB79(20)|JGB80(20),1.919,1.949
2023-07-20,5Y,0.11,5,JGB102(20)|JGB103(20)|JGB104(20)|JGB159(5)|JGB351(10),4.92,4.92
2023-07-20,10Y,0.48,3,JGB11(30)|JGB145(20)|JGB371(10),9.919,9.919
2023-07-20,20Y,1.105,2,JGB185(20)|JGB39(30),19.918,19.918
2023-07-20,30Y,1.359,1,JGB79(30),29.919,29.919
2023-07-20,40Y,1.5025,2,JGB WI(40)-07|JGB16(40),39.666,39.666
2023-07-21,2Y,-0.0405,2,JGB WI(2)-08|JGB450(2),1.947,2.031
2023-07-21,5Y,0.1054,5,JGB102(20)|JGB103(20)|JGB104(20)|JGB159(5)|JGB351(10),4.917,4.917
2023-07-21,10Y,0.4723,3,JGB11(30)|JGB145(20)|JGB371(10),9.916,9.916
2023-07-21,20Y,1.09,2,JGB185(20)|JGB39(30),19.915,19.915
2023-07-21,30Y,1.338,1,JGB79(30),29.916,29.916
2023-07-21,40Y,1.479,2,JGB WI(40)-07|JGB16(40),39.663,39.663
2023-07-24,2Y,-0.0305,2,JGB WI(2)-08|JGB450(2),1.938,2.023
2023-07-24,5Y,0.1192,5,JGB102(20)|JGB103(20)|JGB104(20)|JGB159(5)|JGB351(10),4.909,4.909
2023-07-24,10Y,0.484,3,JGB11(30)|JGB145(20)|JGB371(10),9.908,9.908
2023-07-24,20Y,1.1025,2,JGB185(20)|JGB39(30),19.907,19.907
2023-07-24,30Y,1.338,1,JGB79(30),29.908,29.908
2023-07-24,40Y,1.474,2,JGB WI(40)-07|JGB16(40),39.655,39.655
2023-07-25,2Y,-0.0405,2,JGB WI(2)-08|JGB450(2),1.936,2.021
2023-07-25,5Y,0.0992,5,JGB102(20)|JGB103(20)|JGB104(20)|JGB159(5)|JGB351(10),4.906,4.906
2023-07-25,10Y,0.4533,3,JGB11(30)|JGB145(20)|JGB371(10),9.906,9.906
2023-07-25,20Y,1.0565,2,JGB185(20)|JGB39(30),19.904,19.904
2023-07-25,30Y,1.302,1,JGB79(30),29.906,29.906
2023-07-25,40Y,1.4405,2,JGB WI(40)-07|JGB16(40),39.652,39.652
2023-07-26,2Y,-0.0405,2,JGB WI(2)-08|JGB450(2),1.933,2.018
2023-07-26,5Y,0.0986,5,JGB102(20)|JGB103(20)|JGB104(20)|JGB159(5)|JGB351(10),4.903,4.903
2023-07-26,10Y,0.4585,4,JGB WI(10)-08|JGB11(30)|JGB145(20)|JGB371(10),9.903,9.903
2023-07-26,20Y,1.0665,2,JGB185(20)|JGB39(30),19.901,19.901
2023-07-26,30Y,1.321,1,JGB79(30),29.903,29.903
2023-07-26,40Y,1.461,1,JGB16(40),39.65,39.65
2023-07-27,2Y,-0.0405,2,JGB WI(2)-08|JGB450(2),1.93,2.015
2023-07-27,5Y,0.0888,5,JGB102(20)|JGB103(20)|JGB104(20)|JGB159(5)|JGB351(10),4.901,4.901
2023-07-27,10Y,0.443,4,JGB WI(10)-08|JGB11(30)|JGB145(20)|JGB371(10),9.9,9.9
2023-07-27,20Y,1.0465,2,JGB185(20)|JGB39(30),19.899,19.899
2023-07-27,30Y,1.299,1,JGB79(30),29.9,29.9
2023-07-27,40Y,1.448,1,JGB16(40),39.647,39.647
2023-07-28,2Y,-0.04,2,JGB450(2)|JGB451(2),1.927,2.012
2023-07-28,5Y,0.0888,5,JGB102(20)|JGB103(20)|JGB104(20)|JGB159(5)|JGB351(10),4.898,4.898
2023-07-28,10Y,0.4335,4,JGB WI(10)-08|JGB11(30)|JGB145(20)|JGB371(10),9.897,9.897
2023-07-28,20Y,1.0445,2,JGB185(20)|JGB39(30),19.896,19.896
2023-07-28,30Y,1.291,1,JGB79(30),29.897,29.897
2023-07-28,40Y,1.437,1,JGB16(40),39.644,39.644
2023-07-31,2Y,-0.0145,2,JGB450(2)|JGB451(2),1.919,2.004
2023-07-31,5Y,0.1502,5,JGB102(20)|JGB103(20)|JGB104(20)|JGB159(5)|JGB351(10),4.89,4.89
2023-07-31,10Y,0.5415,4,JGB WI(10)-08|JGB11(30)|JGB145(20)|JGB371(10),9.889,9.889
2023-07-31,20Y,1.1235,2,JGB185(20)|JGB39(30),19.888,19.888
2023-07-31,30Y,1.354,1,JGB79(30),29.889,29.889
2023-07-31,40Y,1.494,1,JGB16(40),39.636,39.636
2023-08-01,2Y,0.0,1,JGB451(2),2.001,2.001
2023-08-01,5Y,0.1758,5,JGB102(20)|JGB103(20)|JGB104(20)|JGB159(5)|JGB351(10),4.887,4.887
2023-08-01,10Y,0.596,4,JGB WI(10)-08|JGB11(30)|JGB145(20)|JGB371(10),9.886,9.886
2023-08-01,20Y,1.219,2,JGB185(20)|JGB39(30),19.885,19.885
2023-08-01,30Y,1.456,1,JGB79(30),29.886,29.886
2023-08-01,40Y,1.589,1,JGB16(40),39.633,39.633
2023-08-02,2Y,0.0,1,JGB451(2),1.999,1.999
2023-08-02,5Y,0.1672,5,JGB102(20)|JGB103(20)|JGB104(20)|JGB159(5)|JGB351(10),4.884,4.884
2023-08-02,10Y,0.5863,3,JGB11(30)|JGB145(20)|JGB371(10),9.884,9.884
2023-08-02,20Y,1.24,2,JGB185(20)|JGB39(30),19.882,19.882
2023-08-02,30Y,1.4895,2,JGB WI(30)-08|JGB79(30),29.884,29.884
2023-08-02,40Y,1.625,1,JGB16(40),39.63,39.63
2023-08-03,2Y,0.01,1,JGB451(2),1.996,1.996
2023-08-03,5Y,0.183,5,JGB102(20)|JGB103(20)|JGB104(20)|JGB159(5)|JGB351(10),4.882,4.882
2023-08-03,10Y,0.6177,3,JGB11(30)|JGB145(20)|JGB371(10),9.881,9.881
2023-08-03,20Y,1.2635,2,JGB185(20)|JGB39(30),19.88,19.88
2023-08-03,30Y,1.501,2,JGB WI(30)-08|JGB79(30),29.881,29.881
2023-08-03,40Y,1.648,1,JGB16(40),39.628,39.628
2023-08-04,2Y,0.02,1,JGB451(2),1.993,1.993
2023-08-04,5Y,0.2102,5,JGB102(20)|JGB103(20)|JGB104(20)|JGB159(5)|JGB351(10),4.879,4.879
2023-08-04,10Y,0.6463,3,JGB11(30)|JGB145(20)|JGB371(10),9.878,9.878
2023-08-04,20Y,1.2935,2,JGB185(20)|JGB39(30),19.877,19.877
2023-08-04,30Y,1.5305,2,JGB WI(30)-08|JGB79(30),29.878,29.878
2023-08-04,40Y,1.675,1,JGB16(40),39.625,39.625
2023-08-07,2Y,0.02,1,JGB451(2),1.985,1.985
2023-08-07,5Y,0.24,3,JGB105(20)|JGB106(20)|JGB352(10),5.123,5.123
2023-08-07,10Y,0.6635,2,JGB12(30)|JGB146(20),10.122,10.122
2023-08-07,20Y,1.323,1,JGB40(30),20.12,20.12
2023-08-07,30Y,1.5505,2,JGB WI(30)-08|JGB79(30),29.87,29.87
2023-08-07,40Y,1.706,1,JGB16(40),39.617,39.617
2023-08-08,2Y,0.015,1,JGB451(2),1.982,1.982
2023-08-08,5Y,0.2263,3,JGB105(20)|JGB106(20)|JGB352(10),5.12,5.12
2023-08-08,10Y,0.639,2,JGB12(30)|JGB146(20),10.119,10.119
2023-08-08,20Y,1.309,1,JGB40(30),20.118,20.118
2023-08-08,30Y,1.539,2,JGB WI(30)-08|JGB79(30),29.867,29.867
2023-08-08,40Y,1.687,1,JGB16(40),39.614,39.614
2023-08-09,2Y,0.01,1,JGB451(2),1.979,1.979
2023-08-09,5Y,0.2183,3,JGB105(20)|JGB106(20)|JGB352(10),5.117,5.117
2023-08-09,10Y,0.6225,2,JGB12(30)|JGB146(20),10.116,10.116
2023-08-09,20Y,1.275,1,JGB40(30),20.115,20.115
2023-08-09,30Y,1.497,1,JGB79(30),29.864,29.864
2023-08-09,40Y,1.644,1,JGB16(40),39.611,39.611
2023-08-10,2Y,0.005,1,JGB451(2),1.977,1.977
2023-08-10,5Y,0.1887,3,JGB105(20)|JGB106(20)|JGB352(10),5.114,5.114
2023-08-10,10Y,0.581,2,JGB12(30)|JGB146(20),10.114,10.114
2023-08-10,20Y,1.222,1,JGB40(30),20.112,20.112
2023-08-10,30Y,1.456,1,JGB79(30),29.862,29.862
2023-08-10,40Y,1.597,1,JGB16(40),39.608,39.608
2023-08-14,2Y,0.01,1,JGB451(2),1.966,1.966
2023-08-14,5Y,0.2047,3,JGB105(20)|JGB106(20)|JGB352(10),5.103,5.103
2023-08-14,10Y,0.6015,2,JGB12(30)|JGB146(20),10.103,10.103
2023-08-14,20Y,1.256,1,JGB40(30),20.101,20.101
2023-08-14,30Y,1.493,1,JGB79(30),29.851,29.851
2023-08-14,40Y,1.643,1,JGB16(40),39.598,39.598
2023-08-15,2Y,0.015,1,JGB451(2),1.963,1.963
2023-08-15,5Y,0.223,3,JGB105(20)|JGB106(20)|JGB352(10),5.101,5.101
2023-08-15,10Y,0.637,2,JGB12(30)|JGB146(20),10.1,10.1
2023-08-15,20Y,1.294,1,JGB40(30),20.099,20.099
2023-08-15,30Y,1.53,1,JGB79(30),29.848,29.848
2023-08-15,40Y,1.675,1,JGB16(40),39.595,39.595
2023-08-16,2Y,0.015,1,JGB451(2),1.96,1.96
2023-08-16,5Y,0.221,3,JGB105(20)|JGB106(20)|JGB352(10),5.098,5.098
2023-08-16,10Y,0.643,2,JGB12(30)|JGB146(20),10.097,10.097
2023-08-16,20Y,1.304,1,JGB40(30),20.096,20.096
2023-08-16,30Y,1.534,1,JGB79(30),29.845,29.845
2023-08-16,40Y,1.675,1,JGB16(40),39.592,39.592
2023-08-17,2Y,0.015,1,JGB451(2),1.958,1.958
2023-08-17,5Y,0.2197,3,JGB105(20)|JGB106(20)|JGB352(10),5.095,5.095
2023-08-17,10Y,0.638,2,JGB12(30)|JGB146(20),10.094,10.094
2023-08-17,20Y,1.289,1,JGB40(30),20.093,20.093
2023-08-17,30Y,1.518,1,JGB79(30),29.843,29.843
2023-08-17,40Y,1.66,1,JGB16(40),39.589,39.589
2023-08-18,2Y,0.025,1,JGB451(2),1.955,1.955
2023-08-18,5Y,0.24,3,JGB105(20)|JGB106(20)|JGB352(10),5.092,5.092
2023-08-18,10Y,0.667,2,JGB12(30)|JGB146(20),10.092,10.092
2023-08-18,20Y,1.346,1,JGB40(30),20.09,20.09
2023-08-18,30Y,1.575,1,JGB79(30),29.84,29.84
2023-08-18,40Y,1.71,1,JGB16(40),39.587,39.587
2023-08-21,2Y,0.02,1,JGB451(2),1.947,1.947
2023-08-21,5Y,0.2223,3,JGB105(20)|JGB106(20)|JGB352(10),5.084,5.084
2023-08-21,10Y,0.6375,2,JGB12(30)|JGB146(20),10.084,10.084
2023-08-21,20Y,1.327,1,JGB40(30),20.082,20.082
2023-08-21,30Y,1.563,1,JGB79(30),29.832,29.832
2023-08-21,40Y,1.698,1,JGB16(40),39.578,39.578
2023-08-22,2Y,0.03,5,JGB145(5)|JGB340(10)|JGB451(2)|JGB81(20)|JGB82(20),1.944,2.081
2023-08-22,5Y,0.2387,3,JGB105(20)|JGB106(20)|JGB352(10),5.081,5.081
2023-08-22,10Y,0.6635,2,JGB12(30)|JGB146(20),10.081,10.081
2023-08-22,20Y,1.36,1,JGB40(30),20.079,20.079
2023-08-22,30Y,1.583,1,JGB79(30),29.829,29.829
2023-08-22,40Y,1.721,1,JGB16(40),39.576,39.576
2023-08-23,2Y,0.0257,6,JGB WI(2)-09|JGB145(5)|JGB340(10)|JGB451(2)|JGB81(20)|JGB82(20),1.941,2.078
2023-08-23,5Y,0.249,3,JGB105(20)|JGB106(20)|JGB352(10),5.079,5.079
2023-08-23,10Y,0.679,2,JGB12(30)|JGB146(20),10.078,10.078
2023-08-23,20Y,1.379,1,JGB40(30),20.077,20.077
2023-08-23,30Y,1.595,1,JGB79(30),29.826,29.826
2023-08-23,40Y,1.729,1,JGB16(40),39.573,39.573
2023-08-24,2Y,0.0263,6,JGB WI(2)-09|JGB145(5)|JGB340(10)|JGB451(2)|JGB81(20)|JGB82(20),1.938,2.075
2023-08-24,5Y,0.2547,3,JGB105(20)|JGB106(20)|JGB352(10),5.076,5.076
2023-08-24,10Y,0.689,2,JGB12(30)|JGB146(20),10.075,10.075
2023-08-24,20Y,1.388,1,JGB40(30),20.074,20.074
2023-08-24,30Y,1.607,1,JGB79(30),29.823,29.823
2023-08-24,40Y,1.74,1,JGB16(40),39.57,39.57
2023-08-25,2Y,0.0142,6,JGB WI(2)-09|JGB145(5)|JGB340(10)|JGB451(2)|JGB81(20)|JGB82(20),1.936,2.073
2023-08-25,5Y,0.235,3,JGB105(20)|JGB106(20)|JGB352(10),5.073,5.073
2023-08-25,10Y,0.6585,2,JGB12(30)|JGB146(20),10.073,10.073
2023-08-25,20Y,1.355,1,JGB40(30),20.071,20.071
2023-08-25,30Y,1.579,1,JGB79(30),29.821,29.821
2023-08-25,40Y,1.706,1,JGB16(40),39.567,39.567
2023-08-28,2Y,0.0138,6,JGB WI(2)-09|JGB145(5)|JGB340(10)|JGB451(2)|JGB81(20)|JGB82(20),1.927,2.064
2023-08-28,5Y,0.2437,3,JGB105(20)|JGB106(20)|JGB352(10),5.065,5.065
2023-08-28,10Y,0.6685,2,JGB12(30)|JGB146(20),10.064,10.064
2023-08-28,20Y,1.36,1,JGB40(30),20.063,20.063
2023-08-28,30Y,1.587,1,JGB79(30),29.812,29.812
2023-08-28,40Y,1.711,1,JGB16(40),39.559,39.559
2023-08-29,2Y,0.0133,6,JGB WI(2)-09|JGB145(5)|JGB340(10)|JGB451(2)|JGB81(20)|JGB82(20),1.925,2.062
2023-08-29,5Y,0.2447,3,JGB105(20)|JGB106(20)|JGB352(10),5.062,5.062
2023-08-29,10Y,0.674,2,JGB12(30)|JGB146(20),10.062,10.062
2023-08-29,20Y,1.365,1,JGB40(30),20.06,20.06
2023-08-29,30Y,1.591,1,JGB79(30),29.81,29.81
2023-08-29,40Y,1.714,1,JGB16(40),39.556,39.556
2023-08-30,2Y,0.0157,6,JGB145(5)|JGB340(10)|JGB451(2)|JGB452(2)|JGB81(20)|JGB82(20),1.922,2.059
2023-08-30,5Y,0.2323,3,JGB105(20)|JGB106(20)|JGB352(10),5.06,5.06
2023-08-30,10Y,0.653,2,JGB12(30)|JGB146(20),10.059,10.059
2023-08-30,20Y,1.341,1,JGB40(30),20.057,20.057
2023-08-30,30Y,1.579,1,JGB79(30),29.807,29.807
2023-08-30,40Y,1.706,1,JGB16(40),39.554,39.554
2023-08-31,2Y,0.022,6,JGB145(5)|JGB340(10)|JGB451(2)|JGB452(2)|JGB81(20)|JGB82(20),1.919,2.056
2023-08-31,5Y,0.24,3,JGB105(20)|JGB106(20)|JGB352(10),5.057,5.057
2023-08-31,10Y,0.6635,2,JGB12(30)|JGB146(20),10.056,10.056
2023-08-31,20Y,1.359,1,JGB40(30),20.055,20.055
2023-08-31,30Y,1.591,1,JGB79(30),29.804,29.804
2023-08-31,40Y,1.717,1,JGB16(40),39.551,39.551
2023-09-01,2Y,0.0182,5,JGB145(5)|JGB340(10)|JGB452(2)|JGB81(20)|JGB82(20),2.001,2.053
2023-09-01,5Y,0.2297,3,JGB105(20)|JGB106(20)|JGB352(10),5.054,5.054
2023-09-01,10Y,0.6585,2,JGB12(30)|JGB146(20),10.053,10.053
2023-09-01,20Y,1.36,1,JGB40(30),20.052,20.052
2023-09-01,30Y,1.5955,2,JGB WI(30)-09|JGB79(30),29.802,29.802
2023-09-01,40Y,1.725,1,JGB16(40),39.548,39.548
2023-09-04,2Y,0.0132,5,JGB145(5)|JGB340(10)|JGB452(2)|JGB81(20)|JGB82(20),1.993,2.045
2023-09-04,5Y,0.2143,3,JGB105(20)|JGB106(20)|JGB352(10),5.046,5.046
2023-09-04,10Y,0.637,2,JGB12(30)|JGB146(20),10.045,10.045
2023-09-04,20Y,1.326,1,JGB40(30),20.044,20.044
2023-09-04,30Y,1.5675,2,JGB WI(30)-09|JGB79(30),29.793,29.793
2023-09-04,40Y,1.702,1,JGB16(40),39.54,39.54
2023-09-05,2Y,0.0124,5,JGB145(5)|JGB340(10)|JGB452(2)|JGB81(20)|JGB82(20),1.99,2.042
2023-09-05,5Y,0.2227,3,JGB105(20)|JGB106(20)|JGB352(10),5.043,5.043
2023-09-05,10Y,0.653,2,JGB12(30)|JGB146(20),10.042,10.042
2023-09-05,20Y,1.346,1,JGB40(30),20.041,20.041
2023-09-05,30Y,1.5795,2,JGB WI(30)-09|JGB79(30),29.791,29.791
2023-09-05,40Y,1.721,1,JGB16(40),39.537,39.537
2023-09-06,2Y,0.012,5,JGB145(5)|JGB340(10)|JGB452(2)|JGB81(20)|JGB82(20),1.988,2.04
2023-09-06,5Y,0.235,3,JGB105(20)|JGB106(20)|JGB352(10),5.04,5.04
2023-09-06,10Y,0.6675,2,JGB12(30)|JGB146(20),10.04,10.04
2023-09-06,20Y,1.355,1,JGB40(30),20.038,20.038
2023-09-06,30Y,1.584,2,JGB WI(30)-09|JGB79(30),29.788,29.788
2023-09-06,40Y,1.725,1,JGB16(40),39.535,39.535
2023-09-07,2Y,0.0088,5,JGB145(5)|JGB340(10)|JGB452(2)|JGB81(20)|JGB82(20),1.985,2.037
2023-09-07,5Y,0.2317,3,JGB105(20)|JGB106(20)|JGB352(10),5.038,5.038
2023-09-07,10Y,0.663,2,JGB12(30)|JGB146(20),10.037,10.037
2023-09-07,20Y,1.35,1,JGB40(30),20.036,20.036
2023-09-07,30Y,1.5705,2,JGB WI(30)-09|JGB79(30),29.785,29.785
2023-09-07,40Y,1.71,1,JGB16(40),39.532,39.532
2023-09-08,2Y,0.003,5,JGB145(5)|JGB340(10)|JGB452(2)|JGB81(20)|JGB82(20),1.982,2.034
2023-09-08,5Y,0.229,3,JGB105(20)|JGB106(20)|JGB352(10),5.035,5.035
2023-09-08,10Y,0.6685,2,JGB12(30)|JGB146(20),10.034,10.034
2023-09-08,20Y,1.369,1,JGB40(30),20.033,20.033
2023-09-08,30Y,1.579,1,JGB79(30),29.782,29.782
2023-09-08,40Y,1.714,1,JGB16(40),39.529,39.529
2023-09-11,2Y,-0.0054,5,JGB145(5)|JGB340(10)|JGB452(2)|JGB81(20)|JGB82(20),1.974,2.026
2023-09-11,5Y,0.2223,3,JGB105(20)|JGB106(20)|JGB352(10),5.027,5.027
2023-09-11,10Y,0.655,2,JGB12(30)|JGB146(20),10.026,10.026
2023-09-11,20Y,1.374,1,JGB40(30),20.025,20.025
2023-09-11,30Y,1.591,1,JGB79(30),29.774,29.774
2023-09-11,40Y,1.725,1,JGB16(40),39.521,39.521
2023-09-12,2Y,0.0342,5,JGB145(5)|JGB340(10)|JGB452(2)|JGB81(20)|JGB82(20),1.971,2.023
2023-09-12,5Y,0.2913,3,JGB105(20)|JGB106(20)|JGB352(10),5.024,5.024
2023-09-12,10Y,0.7165,2,JGB12(30)|JGB146(20),10.023,10.023
2023-09-12,20Y,1.425,1,JGB40(30),20.022,20.022
2023-09-12,30Y,1.628,1,JGB79(30),29.771,29.771
2023-09-12,40Y,1.76,1,JGB16(40),39.518,39.518
2023-09-13,2Y,0.0252,5,JGB145(5)|JGB340(10)|JGB452(2)|JGB81(20)|JGB82(20),1.969,2.021
2023-09-13,5Y,0.2807,3,JGB105(20)|JGB106(20)|JGB352(10),5.021,5.021
2023-09-13,10Y,0.719,2,JGB12(30)|JGB146(20),10.021,10.021
2023-09-13,20Y,1.43,1,JGB40(30),20.019,20.019
2023-09-13,30Y,1.635,1,JGB79(30),29.769,29.769
2023-09-13,40Y,1.76,1,JGB16(40),39.515,39.515
2023-09-14,2Y,0.019,5,JGB145(5)|JGB340(10)|JGB452(2)|JGB81(20)|JGB82(20),1.966,2.018
2023-09-14,5Y,0.2807,3,JGB105(20)|JGB106(20)|JGB352(10),5.018,5.018
2023-09-14,10Y,0.714,2,JGB12(30)|JGB146(20),10.018,10.018
2023-09-14,20Y,1.407,1,JGB40(30),20.016,20.016
2023-09-14,30Y,1.603,1,JGB79(30),29.766,29.766
2023-09-14,40Y,1.725,1,JGB16(40),39.513,39.513
2023-09-15,2Y,0.0178,5,JGB145(5)|JGB340(10)|JGB452(2)|JGB81(20)|JGB82(20),1.963,2.015
2023-09-15,5Y,0.2757,3,JGB105(20)|JGB106(20)|JGB352(10),5.016,5.016
2023-09-15,10Y,0.7145,2,JGB12(30)|JGB146(20),10.015,10.015
2023-09-15,20Y,1.402,1,JGB40(30),20.014,20.014
2023-09-15,30Y,1.599,1,JGB79(30),29.763,29.763
2023-09-15,40Y,1.714,1,JGB16(40),39.51,39.51
2023-09-19,2Y,0.0186,5,JGB145(5)|JGB340(10)|JGB452(2)|JGB81(20)|JGB82(20),1.952,2.004
2023-09-19,5Y,0.273,3,JGB105(20)|JGB106(20)|JGB352(10),5.005,5.005
2023-09-19,10Y,0.7135,2,JGB12(30)|JGB146(20),10.004,10.004
2023-09-19,20Y,1.396,1,JGB40(30),20.003,20.003
2023-09-19,30Y,1.595,1,JGB79(30),29.752,29.752
2023-09-19,40Y,1.718,1,JGB16(40),39.499,39.499
2023-09-20,2Y,0.0228,5,JGB145(5)|JGB340(10)|JGB452(2)|JGB81(20)|JGB82(20),1.949,2.001
2023-09-20,5Y,0.286,3,JGB105(20)|JGB106(20)|JGB352(10),5.002,5.002
2023-09-20,10Y,0.726,2,JGB12(30)|JGB146(20),10.001,10.001
2023-09-20,20Y,1.42,1,JGB40(30),20.0,20.0
2023-09-20,30Y,1.619,1,JGB79(30),29.749,29.749
2023-09-20,40Y,1.7405,2,JGB WI(40)-09|JGB16(40),39.496,39.496
2023-09-21,2Y,0.0152,5,JGB145(5)|JGB340(10)|JGB452(2)|JGB81(20)|JGB82(20),1.947,1.999
2023-09-21,5Y,0.2853,3,JGB105(20)|JGB106(20)|JGB352(10),4.999,4.999
2023-09-21,10Y,0.728,2,JGB12(30)|JGB146(20),9.999,9.999
2023-09-21,20Y,1.42,1,JGB40(30),19.997,19.997
2023-09-21,30Y,1.615,1,JGB79(30),29.747,29.747
2023-09-21,40Y,1.7405,2,JGB WI(40)-09|JGB16(40),39.493,39.493
2023-09-22,2Y,0.026,6,JGB WI(2)-10|JGB145(5)|JGB340(10)|JGB452(2)|JGB81(20)|JGB82(20),1.944,2.026
2023-09-22,5Y,0.3107,3,JGB105(20)|JGB106(20)|JGB352(10),4.997,4.997
2023-09-22,10Y,0.7545,2,JGB12(30)|JGB146(20),9.996,9.996
2023-09-22,20Y,1.425,1,JGB40(30),19.995,19.995
2023-09-22,30Y,1.607,1,JGB79(30),29.744,29.744
2023-09-22,40Y,1.7205,2,JGB WI(40)-09|JGB16(40),39.491,39.491
2023-09-25,2Y,0.0263,6,JGB WI(2)-10|JGB145(5)|JGB340(10)|JGB452(2)|JGB81(20)|JGB82(20),1.936,2.018
2023-09-25,5Y,0.3087,3,JGB105(20)|JGB106(20)|JGB352(10),4.988,4.988
2023-09-25,10Y,0.752,2,JGB12(30)|JGB146(20),9.988,9.988
2023-09-25,20Y,1.425,1,JGB40(30),19.986,19.986
2023-09-25,30Y,1.611,1,JGB79(30),29.736,29.736
2023-09-25,40Y,1.734,2,JGB WI(40)-09|JGB16(40),39.483,39.483
2023-09-26,2Y,0.0203,6,JGB WI(2)-10|JGB145(5)|JGB340(10)|JGB452(2)|JGB81(20)|JGB82(20),1.933,2.015
2023-09-26,5Y,0.2977,3,JGB105(20)|JGB106(20)|JGB352(10),4.986,4.986
2023-09-26,10Y,0.734,2,JGB12(30)|JGB146(20),9.985,9.985
2023-09-26,20Y,1.421,1,JGB40(30),19.984,19.984
2023-09-26,30Y,1.611,1,JGB79(30),29.733,29.733
2023-09-26,40Y,1.734,2,JGB WI(40)-09|JGB16(40),39.48,39.48
2023-09-27,2Y,0.0208,6,JGB WI(2)-10|JGB145(5)|JGB340(10)|JGB452(2)|JGB81(20)|JGB82(20),1.93,2.012
2023-09-27,5Y,0.2983,3,JGB105(20)|JGB106(20)|JGB352(10),4.983,4.983
2023-09-27,10Y,0.7453,3,JGB WI(10)-10|JGB12(30)|JGB146(20),9.982,9.982
2023-09-27,20Y,1.425,1,JGB40(30),19.981,19.981
2023-09-27,30Y,1.62,1,JGB79(30),29.73,29.73
2023-09-27,40Y,1.733,1,JGB16(40),39.477,39.477
2023-09-28,2Y,0.0212,6,JGB WI(2)-10|JGB145(5)|JGB340(10)|JGB452(2)|JGB81(20)|JGB82(20),1.927,2.01
2023-09-28,5Y,0.2917,3,JGB105(20)|JGB106(20)|JGB352(10),4.98,4.98
2023-09-28,10Y,0.7447,3,JGB WI(10)-10|JGB12(30)|JGB146(20),9.979,9.979
2023-09-28,20Y,1.43,1,JGB40(30),19.978,19.978
2023-09-28,30Y,1.628,1,JGB79(30),29.728,29.728
2023-09-28,40Y,1.737,1,JGB16(40),39.474,39.474
2023-09-29,2Y,0.027,6,JGB145(5)|JGB340(10)|JGB452(2)|JGB453(2)|JGB81(20)|JGB82(20),1.925,2.007
2023-09-29,5Y,0.3113,3,JGB105(20)|JGB106(20)|JGB352(10),4.977,4.977
2023-09-29,10Y,0.7643,3,JGB WI(10)-10|JGB12(30)|JGB146(20),9.977,9.977
2023-09-29,20Y,1.439,1,JGB40(30),19.975,19.975
2023-09-29,30Y,1.64,1,JGB WI(30)-10,29.977,29.977
2023-09-29,40Y,1.744,1,JGB16(40),39.472,39.472
2023-10-02,2Y,0.0312,5,JGB145(5)|JGB340(10)|JGB453(2)|JGB81(20)|JGB82(20),1.969,1.999
2023-10-02,5Y,0.3227,3,JGB105(20)|JGB106(20)|JGB352(10),4.969,4.969
2023-10-02,10Y,0.775,3,JGB WI(10)-10|JGB12(30)|JGB146(20),9.969,9.969
2023-10-02,20Y,1.453,1,JGB40(30),19.967,19.967
2023-10-02,30Y,1.653,1,JGB WI(30)-10,29.969,29.969
2023-10-02,40Y,1.76,1,JGB16(40),39.463,39.463
2023-10-03,2Y,0.0384,5,JGB145(5)|JGB340(10)|JGB453(2)|JGB81(20)|JGB82(20),1.966,1.996
2023-10-03,5Y,0.3383,3,JGB105(20)|JGB106(20)|JGB352(10),4.966,4.966
2023-10-03,10Y,0.7817,3,JGB WI(10)-10|JGB12(30)|JGB146(20),9.966,9.966
2023-10-03,20Y,1.48,1,JGB40(30),19.964,19.964
2023-10-03,30Y,1.68,1,JGB WI(30)-10,29.966,29.966
2023-10-03,40Y,1.786,1,JGB16(40),39.461,39.461
2023-10-04,2Y,0.0364,5,JGB145(5)|JGB340(10)|JGB453(2)|JGB81(20)|JGB82(20),1.963,1.993
2023-10-04,5Y,0.328,3,JGB105(20)|JGB106(20)|JGB352(10),4.964,4.964
2023-10-04,10Y,0.762,3,JGB12(30)|JGB146(20)|JGB372(10),9.963,9.963
2023-10-04,20Y,1.485,1,JGB40(30),19.962,19.962
2023-10-04,30Y,1.685,1,JGB WI(30)-10,29.963,29.963
2023-10-04,40Y,1.79,1,JGB16(40),39.458,39.458
2023-10-05,2Y,0.042,5,JGB145(5)|JGB340(10)|JGB453(2)|JGB81(20)|JGB82(20),1.96,1.99
2023-10-05,5Y,0.354,4,JGB WI(5)-10|JGB105(20)|JGB106(20)|JGB352(10),4.961,4.961
2023-10-05,10Y,0.806,3,JGB12(30)|JGB146(20)|JGB372(10),9.96,9.96
2023-10-05,20Y,1.531,1,JGB40(30),19.959,19.959
2023-10-05,30Y,1.716,1,JGB WI(30)-10,29.96,29.96
2023-10-05,40Y,1.823,1,JGB16(40),39.455,39.455
2023-10-06,2Y,0.0378,5,JGB145(5)|JGB340(10)|JGB453(2)|JGB81(20)|JGB82(20),1.958,1.988
2023-10-06,5Y,0.3385,4,JGB WI(5)-10|JGB105(20)|JGB106(20)|JGB352(10),4.958,4.958
2023-10-06,10Y,0.8003,3,JGB12(30)|JGB146(20)|JGB372(10),9.958,9.958
2023-10-06,20Y,1.544,1,JGB40(30),19.956,19.956
2023-10-06,30Y,1.739,1,JGB80(30),29.958,29.958
2023-10-06,40Y,1.838,1,JGB16(40),39.452,39.452
2023-10-10,2Y,0.0376,5,JGB145(5)|JGB340(10)|JGB453(2)|JGB81(20)|JGB82(20),1.947,1.977
2023-10-10,5Y,0.3423,4,JGB WI(5)-10|JGB105(20)|JGB106(20)|JGB352(10),4.947,4.947
2023-10-10,10Y,0.7983,3,JGB12(30)|JGB146(20)|JGB372(10),9.947,9.947
2023-10-10,20Y,1.545,1,JGB40(30),19.945,19.945
2023-10-10,30Y,1.749,1,JGB80(30),29.947,29.947
2023-10-10,40Y,1.853,1,JGB16(40),39.441,39.441
2023-10-11,2Y,0.0296,5,JGB145(5)|JGB340(10)|JGB453(2)|JGB81(20)|JGB82(20),1.944,1.974
2023-10-11,5Y,0.3243,4,JGB WI(5)-10|JGB105(20)|JGB106(20)|JGB352(10),4.945,4.945
2023-10-11,10Y,0.7703,3,JGB12(30)|JGB146(20)|JGB372(10),9.944,9.944
2023-10-11,20Y,1.5245,2,JGB WI(20)-10|JGB40(30),19.943,19.943
2023-10-11,30Y,1.736,1,JGB80(30),29.944,29.944
2023-10-11,40Y,1.85,1,JGB16(40),39.439,39.439
2023-10-12,2Y,0.0294,5,JGB145(5)|JGB340(10)|JGB453(2)|JGB81(20)|JGB82(20),1.941,1.971
2023-10-12,5Y,0.323,4,JGB105(20)|JGB106(20)|JGB162(5)|JGB352(10),4.942,4.942
2023-10-12,10Y,0.7703,3,JGB12(30)|JGB146(20)|JGB372(10),9.941,9.941
2023-10-12,20Y,1.514,2,JGB WI(20)-10|JGB40(30),19.94,19.94
2023-10-12,30Y,1.715,1,JGB80(30),29.941,29.941
2023-10-12,40Y,1.831,1,JGB16(40),39.436,39.436
2023-10-13,2Y,0.015,5,JGB145(5)|JGB340(10)|JGB453(2)|JGB81(20)|JGB82(20),1.938,1.969
2023-10-13,5Y,0.304,4,JGB105(20)|JGB106(20)|JGB162(5)|JGB352(10),4.939,4.939
2023-10-13,10Y,0.75,3,JGB12(30)|JGB146(20)|JGB372(10),9.938,9.938
2023-10-13,20Y,1.471,2,JGB WI(20)-10|JGB40(30),19.937,19.937
2023-10-13,30Y,1.681,1,JGB80(30),29.938,29.938
2023-10-13,40Y,1.793,1,JGB16(40),39.433,39.433
2023-10-16,2Y,0.0096,5,JGB145(5)|JGB340(10)|JGB453(2)|JGB81(20)|JGB82(20),1.93,1.96
2023-10-16,5Y,0.309,4,JGB105(20)|JGB106(20)|JGB162(5)|JGB352(10),4.931,4.931
2023-10-16,10Y,0.7587,3,JGB12(30)|JGB146(20)|JGB372(10),9.93,9.93
2023-10-16,20Y,1.485,2,JGB WI(20)-10|JGB40(30),19.929,19.929
2023-10-16,30Y,1.697,1,JGB80(30),29.93,29.93
2023-10-16,40Y,1.811,1,JGB16(40),39.425,39.425
2023-10-17,2Y,0.0088,5,JGB145(5)|JGB340(10)|JGB453(2)|JGB81(20)|JGB82(20),1.927,1.958
2023-10-17,5Y,0.3035,4,JGB105(20)|JGB106(20)|JGB162(5)|JGB352(10),4.928,4.928
2023-10-17,10Y,0.75,3,JGB12(30)|JGB146(20)|JGB372(10),9.927,9.927
2023-10-17,20Y,1.4945,2,JGB WI(20)-10|JGB40(30),19.926,19.926
2023-10-17,30Y,1.715,1,JGB80(30),29.927,29.927
2023-10-17,40Y,1.827,1,JGB16(40),39.422,39.422
2023-10-18,2Y,0.024,5,JGB145(5)|JGB340(10)|JGB453(2)|JGB81(20)|JGB82(20),1.925,1.955
2023-10-18,5Y,0.314,4,JGB105(20)|JGB106(20)|JGB162(5)|JGB352(10),4.925,4.925
2023-10-18,10Y,0.7807,3,JGB12(30)|JGB146(20)|JGB372(10),9.925,9.925
2023-10-18,20Y,1.5375,2,JGB186(20)|JGB40(30),19.923,19.923
2023-10-18,30Y,1.753,1,JGB80(30),29.925,29.925
2023-10-18,40Y,1.868,1,JGB16(40),39.42,39.42
2023-10-19,2Y,0.037,5,JGB145(5)|JGB340(10)|JGB453(2)|JGB81(20)|JGB82(20),1.922,1.952
2023-10-19,5Y,0.3387,4,JGB105(20)|JGB106(20)|JGB162(5)|JGB352(10),4.923,4.923
2023-10-19,10Y,0.805,3,JGB12(30)|JGB146(20)|JGB372(10),9.922,9.922
2023-10-19,20Y,1.5645,2,JGB186(20)|JGB40(30),19.921,19.921
2023-10-19,30Y,1.766,1,JGB80(30),29.922,29.922
2023-10-19,40Y,1.875,1,JGB16(40),39.417,39.417
2023-10-20,2Y,0.0482,5,JGB145(5)|JGB340(10)|JGB453(2)|JGB81(20)|JGB82(20),1.919,1.949
2023-10-20,5Y,0.3592,4,JGB105(20)|JGB106(20)|JGB162(5)|JGB352(10),4.92,4.92
2023-10-20,10Y,0.8383,3,JGB12(30)|JGB146(20)|JGB372(10),9.919,9.919
2023-10-20,20Y,1.6005,2,JGB186(20)|JGB40(30),19.918,19.918
2023-10-20,30Y,1.799,1,JGB80(30),29.919,29.919
2023-10-20,40Y,1.897,1,JGB16(40),39.414,39.414
2023-10-23,2Y,0.071,1,JGB453(2),1.941,1.941
2023-10-23,5Y,0.3538,4,JGB105(20)|JGB106(20)|JGB162(5)|JGB352(10),4.912,4.912
2023-10-23,10Y,0.8333,3,JGB12(30)|JGB146(20)|JGB372(10),9.911,9.911
2023-10-23,20Y,1.6095,2,JGB186(20)|JGB40(30),19.91,19.91
2023-10-23,30Y,1.816,1,JGB80(30),29.911,29.911
2023-10-23,40Y,1.91,1,JGB16(40),39.406,39.406
2023-10-24,2Y,0.086,2,JGB WI(2)-11|JGB453(2),1.938,2.023
2023-10-24,5Y,0.364,4,JGB105(20)|JGB106(20)|JGB162(5)|JGB352(10),4.909,4.909
2023-10-24,10Y,0.8583,3,JGB12(30)|JGB146(20)|JGB372(10),9.908,9.908
2023-10-24,20Y,1.6535,2,JGB186(20)|JGB40(30),19.907,19.907
2023-10-24,30Y,1.867,1,JGB80(30),29.908,29.908
2023-10-24,40Y,1.959,1,JGB16(40),39.403,39.403
2023-10-25,2Y,0.081,2,JGB WI(2)-11|JGB453(2),1.936,2.021
2023-10-25,5Y,0.3495,4,JGB105(20)|JGB106(20)|JGB162(5)|JGB352(10),4.906,4.906
2023-10-25,10Y,0.838,3,JGB12(30)|JGB146(20)|JGB372(10),9.906,9.906
2023-10-25,20Y,1.627,2,JGB186(20)|JGB40(30),19.904,19.904
2023-10-25,30Y,1.846,1,JGB80(30),29.906,29.906
2023-10-25,40Y,1.945,1,JGB16(40),39.4,39.4
2023-10-26,2Y,0.076,2,JGB WI(2)-11|JGB453(2),1.933,2.018
2023-10-26,5Y,0.3492,4,JGB105(20)|JGB106(20)|JGB162(5)|JGB352(10),4.903,4.903
2023-10-26,10Y,0.848,3,JGB12(30)|JGB146(20)|JGB372(10),9.903,9.903
2023-10-26,20Y,1.614,2,JGB186(20)|JGB40(30),19.901,19.901
2023-10-26,30Y,1.825,1,JGB80(30),29.903,29.903
2023-10-26,40Y,1.923,1,JGB16(40),39.398,39.398
2023-10-27,2Y,0.0905,2,JGB WI(2)-11|JGB453(2),1.93,2.015
2023-10-27,5Y,0.3772,4,JGB105(20)|JGB106(20)|JGB162(5)|JGB352(10),4.901,4.901
2023-10-27,10Y,0.8785,4,JGB WI(10)-11|JGB12(30)|JGB146(20)|JGB372(10),9.9,9.9
2023-10-27,20Y,1.645,2,JGB186(20)|JGB40(30),19.899,19.899
2023-10-27,30Y,1.842,1,JGB80(30),29.9,29.9
2023-10-27,40Y,1.937,1,JGB16(40),39.395,39.395
2023-10-30,2Y,0.0915,2,JGB WI(2)-11|JGB453(2),1.922,2.007
2023-10-30,5Y,0.369,4,JGB105(20)|JGB106(20)|JGB162(5)|JGB352(10),4.893,4.893
2023-10-30,10Y,0.8702,4,JGB WI(10)-11|JGB12(30)|JGB146(20)|JGB372(10),9.892,9.892
2023-10-30,20Y,1.6405,2,JGB186(20)|JGB40(30),19.89,19.89
2023-10-30,30Y,1.829,1,JGB80(30),29.892,29.892
2023-10-30,40Y,1.923,1,JGB16(40),39.387,39.387
2023-10-31,2Y,0.112,2,JGB453(2)|JGB454(2),1.919,2.004
2023-10-31,5Y,0.391,4,JGB105(20)|JGB106(20)|JGB162(5)|JGB352(10),4.89,4.89
2023-10-31,10Y,0.889,4,JGB WI(10)-11|JGB12(30)|JGB146(20)|JGB372(10),9.889,9.889
2023-10-31,20Y,1.6585,2,JGB186(20)|JGB40(30),19.888,19.888
2023-10-31,30Y,1.846,1,JGB80(30),29.889,29.889
2023-10-31,40Y,1.93,1,JGB16(40),39.384,39.384
2023-11-01,2Y,0.15,1,JGB454(2),2.001,2.001
2023-11-01,5Y,0.4577,4,JGB105(20)|JGB106(20)|JGB162(5)|JGB352(10),4.887,4.887
2023-11-01,10Y,0.9442,4,JGB WI(10)-11|JGB12(30)|JGB146(20)|JGB372(10),9.886,9.886
2023-11-01,20Y,1.694,2,JGB186(20)|JGB40(30),19.885,19.885
2023-11-01,30Y,1.863,1,JGB80(30),29.886,29.886
2023-11-01,40Y,1.934,1,JGB16(40),39.381,39.381
2023-11-02,2Y,0.155,1,JGB454(2),1.999,1.999
2023-11-02,5Y,0.474,4,JGB105(20)|JGB106(20)|JGB162(5)|JGB352(10),4.884,4.884
2023-11-02,10Y,0.949,4,JGB WI(10)-11|JGB12(30)|JGB146(20)|JGB372(10),9.884,9.884
2023-11-02,20Y,1.7025,2,JGB186(20)|JGB40(30),19.882,19.882
2023-11-02,30Y,1.879,1,JGB80(30),29.884,29.884
2023-11-02,40Y,1.95,1,JGB16(40),39.379,39.379
2023-11-06,2Y,0.135,1,JGB454(2),1.988,1.988
2023-11-06,5Y,0.4583,3,JGB107(20)|JGB108(20)|JGB353(10),5.123,5.123
2023-11-06,10Y,0.9265,2,JGB13(30)|JGB147(20),10.122,10.122
2023-11-06,20Y,1.677,1,JGB41(30),20.12,20.12
2023-11-06,30Y,1.85,2,JGB WI(30)-11|JGB80(30),29.873,29.873
2023-11-06,40Y,1.93,1,JGB16(40),39.368,39.368
2023-11-07,2Y,0.125,1,JGB454(2),1.985,1.985
2023-11-07,5Y,0.4263,3,JGB107(20)|JGB108(20)|JGB353(10),5.12,5.12
2023-11-07,10Y,0.8815,2,JGB13(30)|JGB147(20),10.119,10.119
2023-11-07,20Y,1.624,1,JGB41(30),20.118,20.118
2023-11-07,30Y,1.813,2,JGB WI(30)-11|JGB80(30),29.87,29.87
2023-11-07,40Y,1.894,1,JGB16(40),39.365,39.365
2023-11-08,2Y,0.125,1,JGB454(2),1.982,1.982
2023-11-08,5Y,0.434,3,JGB107(20)|JGB108(20)|JGB353(10),5.117,5.117
2023-11-08,10Y,0.887,2,JGB13(30)|JGB147(20),10.116,10.116
2023-11-08,20Y,1.62,1,JGB41(30),20.115,20.115
2023-11-08,30Y,1.8095,2,JGB WI(30)-11|JGB80(30),29.867,29.867
2023-11-08,40Y,1.894,1,JGB16(40),39.362,39.362
2023-11-09,2Y,0.115,1,JGB454(2),1.979,1.979
2023-11-09,5Y,0.4167,3,JGB107(20)|JGB108(20)|JGB353(10),5.114,5.114
2023-11-09,10Y,0.8605,2,JGB13(30)|JGB147(20),10.114,10.114
2023-11-09,20Y,1.58,1,JGB41(30),20.112,20.112
2023-11-09,30Y,1.77,2,JGB WI(30)-11|JGB80(30),29.864,29.864
2023-11-09,40Y,1.857,1,JGB16(40),39.359,39.359
2023-11-10,2Y,0.105,1,JGB454(2),1.977,1.977
2023-11-10,5Y,0.4117,3,JGB107(20)|JGB108(20)|JGB353(10),5.112,5.112
2023-11-10,10Y,0.8505,2,JGB13(30)|JGB147(20),10.111,10.111
2023-11-10,20Y,1.539,1,JGB41(30),20.11,20.11
2023-11-10,30Y,1.723,1,JGB80(30),29.862,29.862
2023-11-10,40Y,1.811,1,JGB16(40),39.357,39.357
2023-11-13,2Y,0.105,1,JGB454(2),1.969,1.969
2023-11-13,5Y,0.4253,3,JGB107(20)|JGB108(20)|JGB353(10),5.103,5.103
2023-11-13,10Y,0.8685,2,JGB13(30)|JGB147(20),10.103,10.103
2023-11-13,20Y,1.558,1,JGB41(30),20.101,20.101
2023-11-13,30Y,1.74,1,JGB80(30),29.854,29.854
2023-11-13,40Y,1.82,1,JGB16(40),39.348,39.348
2023-11-14,2Y,0.1,1,JGB454(2),1.966,1.966
2023-11-14,5Y,0.435,3,JGB107(20)|JGB108(20)|JGB353(10),5.101,5.101
2023-11-14,10Y,0.8865,2,JGB13(30)|JGB147(20),10.1,10.1
2023-11-14,20Y,1.581,1,JGB41(30),20.099,20.099
2023-11-14,30Y,1.77,1,JGB80(30),29.851,29.851
2023-11-14,40Y,1.849,1,JGB16(40),39.346,39.346
2023-11-15,2Y,0.089,1,JGB454(2),1.963,1.963
2023-11-15,5Y,0.415,3,JGB107(20)|JGB108(20)|JGB353(10),5.098,5.098
2023-11-15,10Y,0.8655,2,JGB13(30)|JGB147(20),10.097,10.097
2023-11-15,20Y,1.566,1,JGB41(30),20.096,20.096
2023-11-15,30Y,1.761,1,JGB80(30),29.848,29.848
2023-11-15,40Y,1.846,1,JGB16(40),39.343,39.343
2023-11-16,2Y,0.064,1,JGB454(2),1.96,1.96
2023-11-16,5Y,0.3703,3,JGB107(20)|JGB108(20)|JGB353(10),5.095,5.095
2023-11-16,10Y,0.8125,2,JGB13(30)|JGB147(20),10.094,10.094
2023-11-16,20Y,1.512,1,JGB41(30),20.093,20.093
2023-11-16,30Y,1.714,1,JGB80(30),29.845,29.845
2023-11-16,40Y,1.805,1,JGB16(40),39.34,39.34
2023-11-17,2Y,0.054,1,JGB454(2),1.958,1.958
2023-11-17,5Y,0.367,3,JGB107(20)|JGB108(20)|JGB353(10),5.092,5.092
2023-11-17,10Y,0.8075,2,JGB13(30)|JGB147(20),10.092,10.092
2023-11-17,20Y,1.521,1,JGB41(30),20.09,20.09
2023-11-17,30Y,1.728,1,JGB80(30),29.843,29.843
2023-11-17,40Y,1.815,1,JGB16(40),39.337,39.337
2023-11-20,2Y,0.043,1,JGB454(2),1.949,1.949
2023-11-20,5Y,0.327,3,JGB107(20)|JGB108(20)|JGB353(10),5.084,5.084
2023-11-20,10Y,0.771,2,JGB13(30)|JGB147(20),10.084,10.084
2023-11-20,20Y,1.485,1,JGB41(30),20.082,20.082
2023-11-20,30Y,1.692,1,JGB80(30),29.834,29.834
2023-11-20,40Y,1.78,1,JGB16(40),39.329,39.329
2023-11-21,2Y,0.0176,5,JGB146(5)|JGB341(10)|JGB454(2)|JGB83(20)|JGB84(20),1.947,2.081
2023-11-21,5Y,0.3167,3,JGB107(20)|JGB108(20)|JGB353(10),5.081,5.081
2023-11-21,10Y,0.757,2,JGB13(30)|JGB147(20),10.081,10.081
2023-11-21,20Y,1.471,1,JGB41(30),20.079,20.079
2023-11-21,30Y,1.684,1,JGB80(30),29.832,29.832
2023-11-21,40Y,1.767,1,JGB16(40),39.326,39.326
2023-11-22,2Y,0.0116,5,JGB146(5)|JGB341(10)|JGB454(2)|JGB83(20)|JGB84(20),1.944,2.078
2023-11-22,5Y,0.2783,3,JGB107(20)|JGB108(20)|JGB353(10),5.079,5.079
2023-11-22,10Y,0.7115,2,JGB13(30)|JGB147(20),10.078,10.078
2023-11-22,20Y,1.416,1,JGB41(30),20.077,20.077
2023-11-22,30Y,1.62,1,JGB80(30),29.829,29.829
2023-11-22,40Y,1.7055,2,JGB WI(40)-11|JGB16(40),39.324,39.324
2023-11-24,2Y,0.034,6,JGB WI(2)-12|JGB146(5)|JGB341(10)|JGB454(2)|JGB83(20)|JGB84(20),1.938,2.073
2023-11-24,5Y,0.315,3,JGB107(20)|JGB108(20)|JGB353(10),5.073,5.073
2023-11-24,10Y,0.7475,2,JGB13(30)|JGB147(20),10.073,10.073
2023-11-24,20Y,1.466,1,JGB41(30),20.071,20.071
2023-11-24,30Y,1.667,1,JGB80(30),29.823,29.823
2023-11-24,40Y,1.76,2,JGB WI(40)-11|JGB16(40),39.318,39.318
2023-11-27,2Y,0.0535,6,JGB WI(2)-12|JGB146(5)|JGB341(10)|JGB454(2)|JGB83(20)|JGB84(20),1.93,2.064
2023-11-27,5Y,0.3523,3,JGB107(20)|JGB108(20)|JGB353(10),5.065,5.065
2023-11-27,10Y,0.792,2,JGB13(30)|JGB147(20),10.064,10.064
2023-11-27,20Y,1.503,1,JGB41(30),20.063,20.063
2023-11-27,30Y,1.697,1,JGB80(30),29.815,29.815
2023-11-27,40Y,1.7835,2,JGB WI(40)-11|JGB16(40),39.31,39.31
2023-11-28,2Y,0.0545,6,JGB WI(2)-12|JGB146(5)|JGB341(10)|JGB454(2)|JGB83(20)|JGB84(20),1.927,2.062
2023-11-28,5Y,0.347,3,JGB107(20)|JGB108(20)|JGB353(10),5.062,5.062
2023-11-28,10Y,0.7925,2,JGB13(30)|JGB147(20),10.062,10.062
2023-11-28,20Y,1.513,1,JGB41(30),20.06,20.06
2023-11-28,30Y,1.715,1,JGB80(30),29.812,29.812
2023-11-28,40Y,1.8045,2,JGB WI(40)-11|JGB16(40),39.307,39.307
2023-11-29,2Y,0.0488,6,JGB WI(2)-12|JGB146(5)|JGB341(10)|JGB454(2)|JGB83(20)|JGB84(20),1.925,2.059
2023-11-29,5Y,0.3267,3,JGB107(20)|JGB108(20)|JGB353(10),5.06,5.06
2023-11-29,10Y,0.772,2,JGB13(30)|JGB147(20),10.059,10.059
2023-11-29,20Y,1.508,1,JGB41(30),20.057,20.057
2023-11-29,30Y,1.718,1,JGB80(30),29.81,29.81
2023-11-29,40Y,1.815,1,JGB16(40),39.305,39.305
2023-11-30,2Y,0.0342,6,JGB WI(2)-12|JGB146(5)|JGB341(10)|JGB454(2)|JGB83(20)|JGB84(20),1.922,2.056
2023-11-30,5Y,0.2667,3,JGB107(20)|JGB108(20)|JGB353(10),5.057,5.057
2023-11-30,10Y,0.6965,2,JGB13(30)|JGB147(20),10.056,10.056
2023-11-30,20Y,1.434,1,JGB41(30),20.055,20.055
2023-11-30,30Y,1.654,1,JGB80(30),29.807,29.807
2023-11-30,40Y,1.775,1,JGB16(40),39.302,39.302
2023-12-01,2Y,0.0307,6,JGB146(5)|JGB341(10)|JGB454(2)|JGB455(2)|JGB83(20)|JGB84(20),1.919,2.053
2023-12-01,5Y,0.2653,3,JGB107(20)|JGB108(20)|JGB353(10),5.054,5.054
2023-12-01,10Y,0.6965,2,JGB13(30)|JGB147(20),10.053,10.053
2023-12-01,20Y,1.443,1,JGB41(30),20.052,20.052
2023-12-01,30Y,1.68,2,JGB WI(30)-12|JGB80(30),29.804,29.804
2023-12-01,40Y,1.794,1,JGB16(40),39.299,39.299
2023-12-04,2Y,0.0254,5,JGB146(5)|JGB341(10)|JGB455(2)|JGB83(20)|JGB84(20),1.993,2.045
2023-12-04,5Y,0.2747,3,JGB107(20)|JGB108(20)|JGB353(10),5.046,5.046
2023-12-04,10Y,0.7215,2,JGB13(30)|JGB147(20),10.045,10.045
2023-12-04,20Y,1.448,1,JGB41(30),20.044,20.044
2023-12-04,30Y,1.68,2,JGB WI(30)-12|JGB80(30),29.796,29.796
2023-12-04,40Y,1.793,1,JGB16(40),39.291,39.291
2023-12-05,2Y,0.015,5,JGB146(5)|JGB341(10)|JGB455(2)|JGB83(20)|JGB84(20),1.99,2.042
2023-12-05,5Y,0.2617,3,JGB107(20)|JGB108(20)|JGB353(10),5.043,5.043
2023-12-05,10Y,0.712,2,JGB13(30)|JGB147(20),10.042,10.042
2023-12-05,20Y,1.453,1,JGB41(30),20.041,20.041
2023-12-05,30Y,1.685,2,JGB WI(30)-12|JGB80(30),29.793,29.793
2023-12-05,40Y,1.798,1,JGB16(40),39.288,39.288
2023-12-06,2Y,0.0186,5,JGB146(5)|JGB341(10)|JGB455(2)|JGB83(20)|JGB84(20),1.988,2.04
2023-12-06,5Y,0.259,3,JGB107(20)|JGB108(20)|JGB353(10),5.04,5.04
2023-12-06,10Y,0.691,2,JGB13(30)|JGB147(20),10.04,10.04
2023-12-06,20Y,1.444,1,JGB41(30),20.038,20.038
2023-12-06,30Y,1.68,2,JGB WI(30)-12|JGB80(30),29.791,29.791
2023-12-06,40Y,1.79,1,JGB16(40),39.285,39.285
2023-12-07,2Y,0.0164,5,JGB146(5)|JGB341(10)|JGB455(2)|JGB83(20)|JGB84(20),1.985,2.037
2023-12-07,5Y,0.249,3,JGB107(20)|JGB108(20)|JGB353(10),5.038,5.038
2023-12-07,10Y,0.6705,2,JGB13(30)|JGB147(20),10.037,10.037
2023-12-07,20Y,1.397,1,JGB41(30),20.036,20.036
2023-12-07,30Y,1.624,2,JGB WI(30)-12|JGB80(30),29.788,29.788
2023-12-07,40Y,1.729,1,JGB16(40),39.283,39.283
2023-12-08,2Y,0.0698,5,JGB146(5)|JGB341(10)|JGB455(2)|JGB83(20)|JGB84(20),1.982,2.034
2023-12-08,5Y,0.343,3,JGB107(20)|JGB108(20)|JGB353(10),5.035,5.035
2023-12-08,10Y,0.7775,2,JGB13(30)|JGB147(20),10.034,10.034
2023-12-08,20Y,1.499,1,JGB41(30),20.033,20.033
2023-12-08,30Y,1.706,1,JGB80(30),29.785,29.785
2023-12-08,40Y,1.797,1,JGB16(40),39.28,39.28
2023-12-11,2Y,0.0756,5,JGB146(5)|JGB341(10)|JGB455(2)|JGB83(20)|JGB84(20),1.974,2.026
2023-12-11,5Y,0.3573,3,JGB107(20)|JGB108(20)|JGB353(10),5.027,5.027
2023-12-11,10Y,0.8005,2,JGB13(30)|JGB147(20),10.026,10.026
2023-12-11,20Y,1.543,1,JGB41(30),20.025,20.025
2023-12-11,30Y,1.758,1,JGB80(30),29.777,29.777
2023-12-11,40Y,1.841,1,JGB16(40),39.272,39.272
2023-12-12,2Y,0.0706,5,JGB146(5)|JGB341(10)|JGB455(2)|JGB83(20)|JGB84(20),1.971,2.023
2023-12-12,5Y,0.358,3,JGB107(20)|JGB108(20)|JGB353(10),5.024,5.024
2023-12-12,10Y,0.803,2,JGB13(30)|JGB147(20),10.023,10.023
2023-12-12,20Y,1.543,1,JGB41(30),20.022,20.022
2023-12-12,30Y,1.761,1,JGB80(30),29.774,29.774
2023-12-12,40Y,1.85,1,JGB16(40),39.269,39.269
2023-12-13,2Y,0.0496,5,JGB146(5)|JGB341(10)|JGB455(2)|JGB83(20)|JGB84(20),1.969,2.021
2023-12-13,5Y,0.3177,3,JGB107(20)|JGB108(20)|JGB353(10),5.021,5.021
2023-12-13,10Y,0.762,2,JGB13(30)|JGB147(20),10.021,10.021
2023-12-13,20Y,1.507,1,JGB41(30),20.019,20.019
2023-12-13,30Y,1.736,1,JGB80(30),29.771,29.771
2023-12-13,40Y,1.83,1,JGB16(40),39.266,39.266
2023-12-14,2Y,0.0288,5,JGB146(5)|JGB341(10)|JGB455(2)|JGB83(20)|JGB84(20),1.966,2.018
2023-12-14,5Y,0.273,3,JGB107(20)|JGB108(20)|JGB353(10),5.018,5.018
2023-12-14,10Y,0.712,2,JGB13(30)|JGB147(20),10.018,10.018
2023-12-14,20Y,1.439,1,JGB41(30),20.016,20.016
2023-12-14,30Y,1.667,1,JGB80(30),29.769,29.769
2023-12-14,40Y,1.76,1,JGB16(40),39.264,39.264
2023-12-15,2Y,0.0406,5,JGB146(5)|JGB341(10)|JGB455(2)|JGB83(20)|JGB84(20),1.963,2.015
2023-12-15,5Y,0.2823,3,JGB107(20)|JGB108(20)|JGB353(10),5.016,5.016
2023-12-15,10Y,0.697,2,JGB13(30)|JGB147(20),10.015,10.015
2023-12-15,20Y,1.42,1,JGB41(30),20.014,20.014
2023-12-15,30Y,1.639,1,JGB80(30),29.766,29.766
2023-12-15,40Y,1.736,1,JGB16(40),39.261,39.261
2023-12-18,2Y,0.07,5,JGB146(5)|JGB341(10)|JGB455(2)|JGB83(20)|JGB84(20),1.955,2.007
2023-12-18,5Y,0.3213,3,JGB107(20)|JGB108(20)|JGB353(10),5.008,5.008
2023-12-18,10Y,0.732,2,JGB13(30)|JGB147(20),10.007,10.007
2023-12-18,20Y,1.439,1,JGB41(30),20.005,20.005
2023-12-18,30Y,1.65,1,JGB80(30),29.758,29.758
2023-12-18,40Y,1.741,1,JGB16(40),39.253,39.253
2023-12-19,2Y,0.0588,5,JGB146(5)|JGB341(10)|JGB455(2)|JGB83(20)|JGB84(20),1.952,2.004
2023-12-19,5Y,0.29,3,JGB107(20)|JGB108(20)|JGB353(10),5.005,5.005
2023-12-19,10Y,0.6925,2,JGB13(30)|JGB147(20),10.004,10.004
2023-12-19,20Y,1.416,1,JGB41(30),20.003,20.003
2023-12-19,30Y,1.633,1,JGB80(30),29.755,29.755
2023-12-19,40Y,1.729,1,JGB16(40),39.25,39.25
2023-12-20,2Y,0.054,6,JGB WI(2)-01|JGB146(5)|JGB341(10)|JGB455(2)|JGB83(20)|JGB84(20),1.949,2.034
2023-12-20,5Y,0.2753,3,JGB107(20)|JGB108(20)|JGB353(10),5.002,5.002
2023-12-20,10Y,0.664,2,JGB13(30)|JGB147(20),10.001,10.001
2023-12-20,20Y,1.379,1,JGB41(30),20.0,20.0
2023-12-20,30Y,1.591,2,JGB7(40)|JGB80(30),29.752,30.248
2023-12-20,40Y,1.676,1,JGB16(40),39.247,39.247
2023-12-21,2Y,0.021,6,JGB WI(2)-01|JGB146(5)|JGB341(10)|JGB455(2)|JGB83(20)|JGB84(20),1.947,2.031
2023-12-21,5Y,0.203,3,JGB107(20)|JGB108(20)|JGB353(10),4.999,4.999
2023-12-21,10Y,0.578,2,JGB13(30)|JGB147(20),9.999,9.999
2023-12-21,20Y,1.286,1,JGB41(30),19.997,19.997
2023-12-21,30Y,1.522,1,JGB7(40),30.245,30.245
2023-12-21,40Y,1.613,1,JGB16(40),39.244,39.244
2023-12-22,2Y,0.0267,6,JGB WI(2)-01|JGB146(5)|JGB341(10)|JGB455(2)|JGB83(20)|JGB84(20),1.944,2.029
2023-12-22,5Y,0.2237,3,JGB107(20)|JGB108(20)|JGB353(10),4.997,4.997
2023-12-22,10Y,0.609,2,JGB13(30)|JGB147(20),9.996,9.996
2023-12-22,20Y,1.313,1,JGB41(30),19.995,19.995
2023-12-22,30Y,1.558,1,JGB7(40),30.242,30.242
2023-12-22,40Y,1.649,1,JGB16(40),39.242,39.242
2023-12-25,2Y,0.0392,6,JGB WI(2)-01|JGB146(5)|JGB341(10)|JGB455(2)|JGB83(20)|JGB84(20),1.936,2.021
2023-12-25,5Y,0.2493,3,JGB107(20)|JGB108(20)|JGB353(10),4.988,4.988
2023-12-25,10Y,0.6495,2,JGB13(30)|JGB147(20),9.988,9.988
2023-12-25,20Y,1.379,1,JGB41(30),19.986,19.986
2023-12-25,30Y,1.619,1,JGB7(40),30.234,30.234
2023-12-25,40Y,1.71,1,JGB16(40),39.233,39.233
2023-12-26,2Y,0.0297,6,JGB WI(2)-01|JGB146(5)|JGB341(10)|JGB455(2)|JGB83(20)|JGB84(20),1.933,2.018
2023-12-26,5Y,0.2343,3,JGB107(20)|JGB108(20)|JGB353(10),4.986,4.986
2023-12-26,10Y,0.636,2,JGB13(30)|JGB147(20),9.985,9.985
2023-12-26,20Y,1.374,1,JGB41(30),19.984,19.984
2023-12-26,30Y,1.614,1,JGB7(40),30.231,30.231
2023-12-26,40Y,1.706,1,JGB16(40),39.231,39.231
2023-12-27,2Y,0.0402,6,JGB146(5)|JGB341(10)|JGB455(2)|JGB456(2)|JGB83(20)|JGB84(20),1.93,2.015
2023-12-27,5Y,0.2443,3,JGB107(20)|JGB108(20)|JGB353(10),4.983,4.983
2023-12-27,10Y,0.6545,2,JGB13(30)|JGB147(20),9.982,9.982
2023-12-27,20Y,1.392,1,JGB41(30),19.981,19.981
2023-12-27,30Y,1.627,1,JGB7(40),30.229,30.229
2023-12-27,40Y,1.721,1,JGB16(40),39.228,39.228
2023-12-28,2Y,0.0257,6,JGB146(5)|JGB341(10)|JGB455(2)|JGB456(2)|JGB83(20)|JGB84(20),1.927,2.012
2023-12-28,5Y,0.211,3,JGB107(20)|JGB108(20)|JGB353(10),4.98,4.98
2023-12-28,10Y,0.62,2,JGB13(30)|JGB147(20),9.979,9.979
2023-12-28,20Y,1.356,1,JGB41(30),19.978,19.978
2023-12-28,30Y,1.588,1,JGB7(40),30.226,30.226
2023-12-28,40Y,1.687,1,JGB16(40),39.225,39.225
2023-12-29,2Y,0.017,6,JGB146(5)|JGB341(10)|JGB455(2)|JGB456(2)|JGB83(20)|JGB84(20),1.925,2.01
2023-12-29,5Y,0.1973,3,JGB107(20)|JGB108(20)|JGB353(10),4.977,4.977
2023-12-29,10Y,0.6137,3,JGB WI(10)-01|JGB13(30)|JGB147(20),9.977,9.977
2023-12-29,20Y,1.37,1,JGB41(30),19.975,19.975
2023-12-29,30Y,1.628,1,JGB7(40),30.223,30.223
2023-12-29,40Y,1.736,1,JGB16(40),39.222,39.222
2024-01-04,2Y,0.0274,5,JGB146(5)|JGB341(10)|JGB456(2)|JGB83(20)|JGB84(20),1.96,1.993
2024-01-04,5Y,0.223,3,JGB107(20)|JGB108(20)|JGB353(10),4.961,4.961
2024-01-04,10Y,0.645,3,JGB WI(10)-01|JGB13(30)|JGB147(20),9.96,9.96
2024-01-04,20Y,1.403,1,JGB41(30),19.959,19.959
2024-01-04,30Y,1.665,1,JGB7(40),30.207,30.207
2024-01-04,40Y,1.771,1,JGB16(40),39.206,39.206
2024-01-05,2Y,0.027,5,JGB146(5)|JGB341(10)|JGB456(2)|JGB83(20)|JGB84(20),1.958,1.99
2024-01-05,5Y,0.218,3,JGB107(20)|JGB108(20)|JGB353(10),4.958,4.958
2024-01-05,10Y,0.6443,3,JGB WI(10)-01|JGB13(30)|JGB147(20),9.958,9.958
2024-01-05,20Y,1.397,1,JGB41(30),19.956,19.956
2024-01-05,30Y,1.67,1,JGB7(40),30.204,30.204
2024-01-05,40Y,1.779,1,JGB16(40),39.203,39.203
2024-01-09,2Y,0.0126,5,JGB146(5)|JGB341(10)|JGB456(2)|JGB83(20)|JGB84(20),1.947,1.979
2024-01-09,5Y,0.2053,3,JGB107(20)|JGB108(20)|JGB353(10),4.947,4.947
2024-01-09,10Y,0.63,3,JGB WI(10)-01|JGB13(30)|JGB147(20),9.947,9.947
2024-01-09,20Y,1.379,1,JGB41(30),19.945,19.945
2024-01-09,30Y,1.64,1,JGB WI(30)-01,29.947,29.947
2024-01-09,40Y,1.752,1,JGB16(40),39.192,39.192
2024-01-10,2Y,0.0026,5,JGB146(5)|JGB341(10)|JGB456(2)|JGB83(20)|JGB84(20),1.944,1.977
2024-01-10,5Y,0.199,4,JGB WI(5)-01|JGB107(20)|JGB108(20)|JGB353(10),4.945,4.945
2024-01-10,10Y,0.6097,3,JGB WI(10)-01|JGB13(30)|JGB147(20),9.944,9.944
2024-01-10,20Y,1.36,1,JGB41(30),19.943,19.943
2024-01-10,30Y,1.629,1,JGB WI(30)-01,29.944,29.944
2024-01-10,40Y,1.741,1,JGB16(40),39.19,39.19
2024-01-11,2Y,0.0034,5,JGB146(5)|JGB341(10)|JGB456(2)|JGB83(20)|JGB84(20),1.941,1.974
2024-01-11,5Y,0.2035,4,JGB WI(5)-01|JGB107(20)|JGB108(20)|JGB353(10),4.942,4.942
2024-01-11,10Y,0.6143,3,JGB13(30)|JGB147(20)|JGB373(10),9.941,9.941
2024-01-11,20Y,1.356,1,JGB41(30),19.94,19.94
2024-01-11,30Y,1.62,1,JGB WI(30)-01,29.941,29.941
2024-01-11,40Y,1.729,1,JGB16(40),39.187,39.187
2024-01-12,2Y,-0.0074,5,JGB146(5)|JGB341(10)|JGB456(2)|JGB83(20)|JGB84(20),1.938,1.971
2024-01-12,5Y,0.194,4,JGB WI(5)-01|JGB107(20)|JGB108(20)|JGB353(10),4.939,4.939
2024-01-12,10Y,0.599,3,JGB13(30)|JGB147(20)|JGB373(10),9.938,9.938
2024-01-12,20Y,1.339,2,JGB WI(20)-01|JGB41(30),19.937,19.937
2024-01-12,30Y,1.616,1,JGB WI(30)-01,29.938,29.938
2024-01-12,40Y,1.725,1,JGB16(40),39.184,39.184
2024-01-15,2Y,-0.0168,5,JGB146(5)|JGB341(10)|JGB456(2)|JGB83(20)|JGB84(20),1.93,1.963
2024-01-15,5Y,0.1925,4,JGB WI(5)-01|JGB107(20)|JGB108(20)|JGB353(10),4.931,4.931
2024-01-15,10Y,0.5843,3,JGB13(30)|JGB147(20)|JGB373(10),9.93,9.93
2024-01-15,20Y,1.3335,2,JGB WI(20)-01|JGB41(30),19.929,19.929
2024-01-15,30Y,1.608,1,JGB81(30),29.93,29.93
2024-01-15,40Y,1.725,1,JGB16(40),39.176,39.176
2024-01-16,2Y,-0.0224,5,JGB146(5)|JGB341(10)|JGB456(2)|JGB83(20)|JGB84(20),1.927,1.96
2024-01-16,5Y,0.1758,4,JGB WI(5)-01|JGB107(20)|JGB108(20)|JGB353(10),4.928,4.928
2024-01-16,10Y,0.5557,3,JGB13(30)|JGB147(20)|JGB373(10),9.927,9.927
2024-01-16,20Y,1.3,2,JGB WI(20)-01|JGB41(30),19.926,19.926
2024-01-16,30Y,1.578,1,JGB81(30),29.927,29.927
2024-01-16,40Y,1.695,1,JGB16(40),39.173,39.173
2024-01-17,2Y,-0.0056,5,JGB146(5)|JGB341(10)|JGB456(2)|JGB83(20)|JGB84(20),1.925,1.958
2024-01-17,5Y,0.1913,4,JGB107(20)|JGB108(20)|JGB164(5)|JGB353(10),4.925,4.925
2024-01-17,10Y,0.5887,3,JGB13(30)|JGB147(20)|JGB373(10),9.925,9.925
2024-01-17,20Y,1.324,2,JGB WI(20)-01|JGB41(30),19.923,19.923
2024-01-17,30Y,1.595,1,JGB81(30),29.925,29.925
2024-01-17,40Y,1.714,1,JGB16(40),39.17,39.17
2024-01-18,2Y,-0.0006,5,JGB146(5)|JGB341(10)|JGB456(2)|JGB83(20)|JGB84(20),1.922,1.955
2024-01-18,5Y,0.1978,4,JGB107(20)|JGB108(20)|JGB164(5)|JGB353(10),4.923,4.923
2024-01-18,10Y,0.6037,3,JGB13(30)|JGB147(20)|JGB373(10),9.922,9.922
2024-01-18,20Y,1.3385,2,JGB WI(20)-01|JGB41(30),19.921,19.921
2024-01-18,30Y,1.617,1,JGB81(30),29.922,29.922
2024-01-18,40Y,1.745,1,JGB16(40),39.168,39.168
2024-01-19,2Y,0.0076,5,JGB146(5)|JGB341(10)|JGB456(2)|JGB83(20)|JGB84(20),1.919,1.952
2024-01-19,5Y,0.2385,4,JGB107(20)|JGB108(20)|JGB164(5)|JGB353(10),4.92,4.92
2024-01-19,10Y,0.6497,3,JGB13(30)|JGB147(20)|JGB373(10),9.919,9.919
2024-01-19,20Y,1.416,2,JGB187(20)|JGB41(30),19.918,19.918
2024-01-19,30Y,1.697,1,JGB81(30),29.919,29.919
2024-01-19,40Y,1.8235,2,JGB WI(40)-01|JGB16(40),39.165,39.165
2024-01-22,2Y,0.028,1,JGB456(2),1.944,1.944
2024-01-22,5Y,0.2447,4,JGB107(20)|JGB108(20)|JGB164(5)|JGB353(10),4.912,4.912
2024-01-22,10Y,0.6643,3,JGB13(30)|JGB147(20)|JGB373(10),9.911,9.911
2024-01-22,20Y,1.4505,2,JGB187(20)|JGB41(30),19.91,19.91
2024-01-22,30Y,1.743,1,JGB81(30),29.911,29.911
2024-01-22,40Y,1.88,2,JGB WI(40)-01|JGB16(40),39.157,39.157
2024-01-23,2Y,0.022,1,JGB456(2),1.941,1.941
2024-01-23,5Y,0.2343,4,JGB107(20)|JGB108(20)|JGB164(5)|JGB353(10),4.909,4.909
2024-01-23,10Y,0.6493,3,JGB13(30)|JGB147(20)|JGB373(10),9.908,9.908
2024-01-23,20Y,1.434,2,JGB187(20)|JGB41(30),19.907,19.907
2024-01-23,30Y,1.738,1,JGB81(30),29.908,29.908
2024-01-23,40Y,1.8755,2,JGB WI(40)-01|JGB16(40),39.154,39.154
2024-01-24,2Y,0.026,2,JGB WI(2)-02|JGB456(2),1.938,2.023
2024-01-24,5Y,0.228,4,JGB107(20)|JGB108(20)|JGB164(5)|JGB353(10),4.906,4.906
2024-01-24,10Y,0.6347,3,JGB13(30)|JGB147(20)|JGB373(10),9.906,9.906
2024-01-24,20Y,1.4075,2,JGB187(20)|JGB41(30),19.904,19.904
2024-01-24,30Y,1.71,1,JGB81(30),29.906,29.906
2024-01-24,40Y,1.8395,2,JGB WI(40)-01|JGB16(40),39.151,39.151
2024-01-25,2Y,0.0715,2,JGB WI(2)-02|JGB456(2),1.936,2.021
2024-01-25,5Y,0.3047,4,JGB107(20)|JGB108(20)|JGB164(5)|JGB353(10),4.903,4.903
2024-01-25,10Y,0.7113,3,JGB13(30)|JGB147(20)|JGB373(10),9.903,9.903
2024-01-25,20Y,1.488,2,JGB187(20)|JGB41(30),19.901,19.901
2024-01-25,30Y,1.772,1,JGB81(30),29.903,29.903
2024-01-25,40Y,1.9045,2,JGB WI(40)-01|JGB16(40),39.149,39.149
2024-01-26,2Y,0.0685,2,JGB WI(2)-02|JGB456(2),1.933,2.018
2024-01-26,5Y,0.3195,4,JGB107(20)|JGB108(20)|JGB164(5)|JGB353(10),4.901,4.901
2024-01-26,10Y,0.7408,4,JGB WI(10)-02|JGB13(30)|JGB147(20)|JGB373(10),9.9,9.9
2024-01-26,20Y,1.528,2,JGB187(20)|JGB41(30),19.899,19.899
2024-01-26,30Y,1.792,1,JGB81(30),29.9,29.9
2024-01-26,40Y,1.92,1,JGB16(40),39.146,39.146
2024-01-29,2Y,0.054,2,JGB WI(2)-02|JGB456(2),1.925,2.01
2024-01-29,5Y,0.2873,4,JGB107(20)|JGB108(20)|JGB164(5)|JGB353(10),4.893,4.893
2024-01-29,10Y,0.7107,4,JGB WI(10)-02|JGB13(30)|JGB147(20)|JGB373(10),9.892,9.892
2024-01-29,20Y,1.501,2,JGB187(20)|JGB41(30),19.89,19.89
2024-01-29,30Y,1.78,1,JGB81(30),29.892,29.892
2024-01-29,40Y,1.901,1,JGB16(40),39.138,39.138
2024-01-30,2Y,0.064,2,JGB WI(2)-02|JGB456(2),1.922,2.007
2024-01-30,5Y,0.2925,4,JGB107(20)|JGB108(20)|JGB164(5)|JGB353(10),4.89,4.89
2024-01-30,10Y,0.7152,4,JGB WI(10)-02|JGB13(30)|JGB147(20)|JGB373(10),9.889,9.889
2024-01-30,20Y,1.518,2,JGB187(20)|JGB41(30),19.888,19.888
2024-01-30,30Y,1.796,1,JGB81(30),29.889,29.889
2024-01-30,40Y,1.909,1,JGB16(40),39.135,39.135
2024-01-31,2Y,0.0635,2,JGB456(2)|JGB457(2),1.919,2.004
2024-01-31,5Y,0.2772,4,JGB107(20)|JGB108(20)|JGB164(5)|JGB353(10),4.887,4.887
2024-01-31,10Y,0.701,4,JGB WI(10)-02|JGB13(30)|JGB147(20)|JGB373(10),9.886,9.886
2024-01-31,20Y,1.4925,2,JGB187(20)|JGB41(30),19.885,19.885
2024-01-31,30Y,1.772,1,JGB81(30),29.886,29.886
2024-01-31,40Y,1.883,1,JGB16(40),39.132,39.132
2024-02-01,2Y,0.094,1,JGB457(2),2.001,2.001
2024-02-01,5Y,0.297,4,JGB107(20)|JGB108(20)|JGB164(5)|JGB353(10),4.884,4.884
2024-02-01,10Y,0.726,4,JGB WI(10)-02|JGB13(30)|JGB147(20)|JGB373(10),9.884,9.884
2024-02-01,20Y,1.5085,2,JGB187(20)|JGB41(30),19.882,19.882
2024-02-01,30Y,1.789,2,JGB WI(30)-02|JGB81(30),29.884,29.884
2024-02-01,40Y,1.898,1,JGB16(40),39.129,39.129
2024-02-02,2Y,0.084,1,JGB457(2),1.999,1.999
2024-02-02,5Y,0.2705,4,JGB107(20)|JGB108(20)|JGB164(5)|JGB353(10),4.882,4.882
2024-02-02,10Y,0.6863,3,JGB13(30)|JGB147(20)|JGB373(10),9.881,9.881
2024-02-02,20Y,1.4675,2,JGB187(20)|JGB41(30),19.88,19.88
2024-02-02,30Y,1.755,2,JGB WI(30)-02|JGB81(30),29.881,29.881
2024-02-02,40Y,1.872,1,JGB16(40),39.127,39.127
2024-02-05,2Y,0.1,1,JGB457(2),1.99,1.99
2024-02-05,5Y,0.2687,3,JGB109(20)|JGB110(20)|JGB354(10),5.12,5.12
2024-02-05,10Y,0.677,2,JGB14(30)|JGB148(20),10.119,10.119
2024-02-05,20Y,1.443,1,JGB42(30),20.12,20.12
2024-02-05,30Y,1.724,1,JGB7(40),30.119,30.119
2024-02-05,40Y,1.835,1,JGB16(40),39.118,39.118
2024-02-06,2Y,0.11,1,JGB457(2),1.988,1.988
2024-02-06,5Y,0.314,3,JGB109(20)|JGB110(20)|JGB354(10),5.117,5.117
2024-02-06,10Y,0.738,2,JGB14(30)|JGB148(20),10.116,10.116
2024-02-06,20Y,1.493,1,JGB42(30),20.118,20.118
2024-02-06,30Y,1.762,1,JGB7(40),30.116,30.116
2024-02-06,40Y,1.872,1,JGB16(40),39.116,39.116
2024-02-07,2Y,0.105,1,JGB457(2),1.985,1.985
2024-02-07,5Y,0.3133,3,JGB109(20)|JGB110(20)|JGB354(10),5.114,5.114
2024-02-07,10Y,0.7335,2,JGB14(30)|JGB148(20),10.114,10.114
2024-02-07,20Y,1.489,1,JGB42(30),20.115,20.115
2024-02-07,30Y,1.754,1,JGB7(40),30.114,30.114
2024-02-07,40Y,1.872,1,JGB16(40),39.113,39.113
2024-02-08,2Y,0.1,1,JGB457(2),1.982,1.982
2024-02-08,5Y,0.31,3,JGB109(20)|JGB110(20)|JGB354(10),5.112,5.112
2024-02-08,10Y,0.727,2,JGB14(30)|JGB148(20),10.111,10.111
2024-02-08,20Y,1.471,1,JGB42(30),20.112,20.112
2024-02-08,30Y,1.741,1,JGB7(40),30.111,30.111
2024-02-08,40Y,1.854,1,JGB16(40),39.11,39.11
2024-02-09,2Y,0.1,1,JGB457(2),1.979,1.979
2024-02-09,5Y,0.3003,3,JGB109(20)|JGB110(20)|JGB354(10),5.109,5.109
2024-02-09,10Y,0.7175,2,JGB14(30)|JGB148(20),10.108,10.108
2024-02-09,20Y,1.462,1,JGB42(30),20.11,20.11
2024-02-09,30Y,1.74,1,JGB7(40),30.108,30.108
2024-02-09,40Y,1.846,1,JGB16(40),39.107,39.107
2024-02-13,2Y,0.115,1,JGB457(2),1.969,1.969
2024-02-13,5Y,0.3183,3,JGB109(20)|JGB110(20)|JGB354(10),5.098,5.098
2024-02-13,10Y,0.7435,2,JGB14(30)|JGB148(20),10.097,10.097
2024-02-13,20Y,1.494,1,JGB42(30),20.099,20.099
2024-02-13,30Y,1.759,1,JGB7(40),30.097,30.097
2024-02-13,40Y,1.857,1,JGB16(40),39.097,39.097
2024-02-14,2Y,0.125,1,JGB457(2),1.966,1.966
2024-02-14,5Y,0.3277,3,JGB109(20)|JGB110(20)|JGB354(10),5.095,5.095
2024-02-14,10Y,0.743,2,JGB14(30)|JGB148(20),10.094,10.094
2024-02-14,20Y,1.494,1,JGB42(30),20.096,20.096
2024-02-14,30Y,1.759,1,JGB7(40),30.094,30.094
2024-02-14,40Y,1.861,1,JGB16(40),39.094,39.094
2024-02-15,2Y,0.14,1,JGB457(2),1.963,1.963
2024-02-15,5Y,0.3573,3,JGB109(20)|JGB110(20)|JGB354(10),5.092,5.092
2024-02-15,10Y,0.7725,2,JGB14(30)|JGB148(20),10.092,10.092
2024-02-15,20Y,1.512,1,JGB42(30),20.093,20.093
2024-02-15,30Y,1.775,1,JGB7(40),30.092,30.092
2024-02-15,40Y,1.876,1,JGB16(40),39.091,39.091
2024-02-16,2Y,0.135,1,JGB457(2),1.96,1.96
2024-02-16,5Y,0.3263,3,JGB109(20)|JGB110(20)|JGB354(10),5.09,5.09
2024-02-16,10Y,0.7435,2,JGB14(30)|JGB148(20),10.089,10.089
2024-02-16,20Y,1.507,1,JGB42(30),20.09,20.09
2024-02-16,30Y,1.77,1,JGB7(40),30.089,30.089
2024-02-16,40Y,1.876,1,JGB16(40),39.088,39.088
2024-02-19,2Y,0.1248,6,JGB147(5)|JGB342(10)|JGB457(2)|JGB85(20)|JGB86(20)|JGB87(20),1.952,2.081
2024-02-19,5Y,0.3417,3,JGB109(20)|JGB110(20)|JGB354(10),5.081,5.081
2024-02-19,10Y,0.7435,2,JGB14(30)|JGB148(20),10.081,10.081
2024-02-19,20Y,1.494,1,JGB42(30),20.082,20.082
2024-02-19,30Y,1.751,1,JGB7(40),30.081,30.081
2024-02-19,40Y,1.85,1,JGB16(40),39.08,39.08
2024-02-20,2Y,0.1305,6,JGB147(5)|JGB342(10)|JGB457(2)|JGB85(20)|JGB86(20)|JGB87(20),1.949,2.078
2024-02-20,5Y,0.3423,3,JGB109(20)|JGB110(20)|JGB354(10),5.079,5.079
2024-02-20,10Y,0.743,2,JGB14(30)|JGB148(20),10.078,10.078
2024-02-20,20Y,1.494,1,JGB42(30),20.079,20.079
2024-02-20,30Y,1.746,1,JGB7(40),30.078,30.078
2024-02-20,40Y,1.843,1,JGB16(40),39.077,39.077
2024-02-21,2Y,0.1308,6,JGB147(5)|JGB342(10)|JGB457(2)|JGB85(20)|JGB86(20)|JGB87(20),1.947,2.075
2024-02-21,5Y,0.347,3,JGB109(20)|JGB110(20)|JGB354(10),5.076,5.076
2024-02-21,10Y,0.7435,2,JGB14(30)|JGB148(20),10.075,10.075
2024-02-21,20Y,1.475,1,JGB42(30),20.077,20.077
2024-02-21,30Y,1.721,1,JGB7(40),30.075,30.075
2024-02-21,40Y,1.817,1,JGB16(40),39.075,39.075
2024-02-22,2Y,0.1377,6,JGB147(5)|JGB342(10)|JGB457(2)|JGB85(20)|JGB86(20)|JGB87(20),1.944,2.073
2024-02-22,5Y,0.3563,3,JGB109(20)|JGB110(20)|JGB354(10),5.073,5.073
2024-02-22,10Y,0.737,2,JGB14(30)|JGB148(20),10.073,10.073
2024-02-22,20Y,1.461,1,JGB42(30),20.074,20.074
2024-02-22,30Y,1.7,1,JGB7(40),30.073,30.073
2024-02-22,40Y,1.798,1,JGB16(40),39.072,39.072
2024-02-26,2Y,0.1513,7,JGB WI(2)-03|JGB147(5)|JGB342(10)|JGB457(2)|JGB85(20)|JGB86(20)|JGB87(20),1.933,2.062
2024-02-26,5Y,0.3577,3,JGB109(20)|JGB110(20)|JGB354(10),5.062,5.062
2024-02-26,10Y,0.731,2,JGB14(30)|JGB148(20),10.062,10.062
2024-02-26,20Y,1.443,1,JGB42(30),20.063,20.063
2024-02-26,30Y,1.695,1,JGB7(40),30.062,30.062
2024-02-26,40Y,1.797,1,JGB16(40),39.061,39.061
2024-02-27,2Y,0.1517,7,JGB WI(2)-03|JGB147(5)|JGB342(10)|JGB457(2)|JGB85(20)|JGB86(20)|JGB87(20),1.93,2.059
2024-02-27,5Y,0.3413,3,JGB109(20)|JGB110(20)|JGB354(10),5.06,5.06
2024-02-27,10Y,0.7025,2,JGB14(30)|JGB148(20),10.059,10.059
2024-02-27,20Y,1.411,1,JGB42(30),20.06,20.06
2024-02-27,30Y,1.661,1,JGB7(40),30.059,30.059
2024-02-27,40Y,1.768,1,JGB16(40),39.058,39.058
2024-02-28,2Y,0.1643,7,JGB WI(2)-03|JGB147(5)|JGB342(10)|JGB457(2)|JGB85(20)|JGB86(20)|JGB87(20),1.927,2.056
2024-02-28,5Y,0.3437,3,JGB109(20)|JGB110(20)|JGB354(10),5.057,5.057
2024-02-28,10Y,0.7065,2,JGB14(30)|JGB148(20),10.056,10.056
2024-02-28,20Y,1.42,1,JGB42(30),20.057,20.057
2024-02-28,30Y,1.67,1,JGB7(40),30.056,30.056
2024-02-28,40Y,1.775,1,JGB16(40),39.055,39.055
2024-02-29,2Y,0.1633,7,JGB WI(2)-03|JGB147(5)|JGB342(10)|JGB457(2)|JGB85(20)|JGB86(20)|JGB87(20),1.925,2.053
2024-02-29,5Y,0.3423,3,JGB109(20)|JGB110(20)|JGB354(10),5.054,5.054
2024-02-29,10Y,0.7175,2,JGB14(30)|JGB148(20),10.053,10.053
2024-02-29,20Y,1.439,1,JGB42(30),20.055,20.055
2024-02-29,30Y,1.703,1,JGB7(40),30.053,30.053
2024-02-29,40Y,1.805,1,JGB16(40),39.053,39.053
2024-03-01,2Y,0.1794,7,JGB147(5)|JGB342(10)|JGB457(2)|JGB458(2)|JGB85(20)|JGB86(20)|JGB87(20),1.922,2.051
2024-03-01,5Y,0.3677,3,JGB109(20)|JGB110(20)|JGB354(10),5.051,5.051
2024-03-01,10Y,0.733,2,JGB14(30)|JGB148(20),10.051,10.051
2024-03-01,20Y,1.453,1,JGB42(30),20.052,20.052
2024-03-01,30Y,1.729,1,JGB7(40),30.051,30.051
2024-03-01,40Y,1.835,1,JGB16(40),39.05,39.05
2024-03-04,2Y,0.1743,6,JGB147(5)|JGB342(10)|JGB458(2)|JGB85(20)|JGB86(20)|JGB87(20),1.99,2.042
2024-03-04,5Y,0.372,3,JGB109(20)|JGB110(20)|JGB354(10),5.043,5.043
2024-03-04,10Y,0.732,2,JGB14(30)|JGB148(20),10.042,10.042
2024-03-04,20Y,1.443,1,JGB42(30),20.044,20.044
2024-03-04,30Y,1.717,1,JGB7(40),30.042,30.042
2024-03-04,40Y,1.824,1,JGB16(40),39.042,39.042
2024-03-05,2Y,0.1695,6,JGB147(5)|JGB342(10)|JGB458(2)|JGB85(20)|JGB86(20)|JGB87(20),1.988,2.04
2024-03-05,5Y,0.3647,3,JGB109(20)|JGB110(20)|JGB354(10),5.04,5.04
2024-03-05,10Y,0.728,2,JGB14(30)|JGB148(20),10.04,10.04
2024-03-05,20Y,1.457,1,JGB42(30),20.041,20.041
2024-03-05,30Y,1.737,1,JGB7(40),30.04,30.04
2024-03-05,40Y,1.847,1,JGB16(40),39.039,39.039
2024-03-06,2Y,0.17,6,JGB147(5)|JGB342(10)|JGB458(2)|JGB85(20)|JGB86(20)|JGB87(20),1.985,2.037
2024-03-06,5Y,0.3527,3,JGB109(20)|JGB110(20)|JGB354(10),5.038,5.038
2024-03-06,10Y,0.7175,2,JGB14(30)|JGB148(20),10.037,10.037
2024-03-06,20Y,1.448,1,JGB42(30),20.038,20.038
2024-03-06,30Y,1.733,1,JGB7(40),30.037,30.037
2024-03-06,40Y,1.847,1,JGB16(40),39.036,39.036
2024-03-07,2Y,0.18,6,JGB147(5)|JGB342(10)|JGB458(2)|JGB85(20)|JGB86(20)|JGB87(20),1.982,2.034
2024-03-07,5Y,0.3683,3,JGB109(20)|JGB110(20)|JGB354(10),5.035,5.035
2024-03-07,10Y,0.7275,2,JGB14(30)|JGB148(20),10.034,10.034
2024-03-07,20Y,1.448,1,JGB42(30),20.036,20.036
2024-03-07,30Y,1.725,1,JGB7(40),30.034,30.034
2024-03-07,40Y,1.843,1,JGB16(40),39.034,39.034
2024-03-08,2Y,0.1852,6,JGB147(5)|JGB342(10)|JGB458(2)|JGB85(20)|JGB86(20)|JGB87(20),1.979,2.031
2024-03-08,5Y,0.378,3,JGB109(20)|JGB110(20)|JGB354(10),5.032,5.032
2024-03-08,10Y,0.743,2,JGB14(30)|JGB148(20),10.031,10.031
2024-03-08,20Y,1.466,1,JGB42(30),20.033,20.033
2024-03-08,30Y,1.733,1,JGB7(40),30.031,30.031
2024-03-08,40Y,1.856,1,JGB16(40),39.031,39.031
2024-03-11,2Y,0.1922,6,JGB147(5)|JGB342(10)|JGB458(2)|JGB85(20)|JGB86(20)|JGB87(20),1.971,2.023
2024-03-11,5Y,0.3787,3,JGB109(20)|JGB110(20)|JGB354(10),5.024,5.024
2024-03-11,10Y,0.7485,2,JGB14(30)|JGB148(20),10.023,10.023
2024-03-11,20Y,1.485,1,JGB42(30),20.025,20.025
2024-03-11,30Y,1.754,1,JGB7(40),30.023,30.023
2024-03-11,40Y,1.872,1,JGB16(40),39.023,39.023
2024-03-12,2Y,0.1915,6,JGB147(5)|JGB342(10)|JGB458(2)|JGB85(20)|JGB86(20)|JGB87(20),1.969,2.021
2024-03-12,5Y,0.378,3,JGB109(20)|JGB110(20)|JGB354(10),5.021,5.021
2024-03-12,10Y,0.779,2,JGB14(30)|JGB148(20),10.021,10.021
2024-03-12,20Y,1.52,1,JGB42(30),20.022,20.022
2024-03-12,30Y,1.78,1,JGB7(40),30.021,30.021
2024-03-12,40Y,1.898,1,JGB16(40),39.02,39.02
2024-03-13,2Y,0.1912,6,JGB147(5)|JGB342(10)|JGB458(2)|JGB85(20)|JGB86(20)|JGB87(20),1.966,2.018
2024-03-13,5Y,0.378,3,JGB109(20)|JGB110(20)|JGB354(10),5.018,5.018
2024-03-13,10Y,0.7835,2,JGB14(30)|JGB148(20),10.018,10.018
2024-03-13,20Y,1.517,1,JGB42(30),20.019,20.019
2024-03-13,30Y,1.784,1,JGB7(40),30.018,30.018
2024-03-13,40Y,1.906,1,JGB16(40),39.017,39.017
2024-03-14,2Y,0.1838,6,JGB147(5)|JGB342(10)|JGB458(2)|JGB85(20)|JGB86(20)|JGB87(20),1.963,2.015
2024-03-14,5Y,0.373,3,JGB109(20)|JGB110(20)|JGB354(10),5.016,5.016
2024-03-14,10Y,0.7735,2,JGB14(30)|JGB148(20),10.015,10.015
2024-03-14,20Y,1.503,1,JGB42(30),20.016,20.016
2024-03-14,30Y,1.771,1,JGB7(40),30.015,30.015
2024-03-14,40Y,1.891,1,JGB16(40),39.014,39.014
2024-03-15,2Y,0.1842,6,JGB147(5)|JGB342(10)|JGB458(2)|JGB85(20)|JGB86(20)|JGB87(20),1.96,2.012
2024-03-15,5Y,0.3777,3,JGB109(20)|JGB110(20)|JGB354(10),5.013,5.013
2024-03-15,10Y,0.794,2,JGB14(30)|JGB148(20),10.012,10.012
2024-03-15,20Y,1.53,1,JGB42(30),20.014,20.014
2024-03-15,30Y,1.796,1,JGB7(40),30.012,30.012
2024-03-15,40Y,1.913,1,JGB16(40),39.012,39.012
2024-03-18,2Y,0.178,6,JGB147(5)|JGB342(10)|JGB458(2)|JGB85(20)|JGB86(20)|JGB87(20),1.952,2.004
2024-03-18,5Y,0.3887,3,JGB109(20)|JGB110(20)|JGB354(10),5.005,5.005
2024-03-18,10Y,0.804,2,JGB14(30)|JGB148(20),10.004,10.004
2024-03-18,20Y,1.539,1,JGB42(30),20.005,20.005
2024-03-18,30Y,1.809,1,JGB7(40),30.004,30.004
2024-03-18,40Y,1.927,1,JGB16(40),39.003,39.003
2024-03-19,2Y,0.1725,6,JGB147(5)|JGB342(10)|JGB458(2)|JGB85(20)|JGB86(20)|JGB87(20),1.949,2.001
2024-03-19,5Y,0.3733,3,JGB109(20)|JGB110(20)|JGB354(10),5.002,5.002
2024-03-19,10Y,0.7735,2,JGB14(30)|JGB148(20),10.001,10.001
2024-03-19,20Y,1.512,1,JGB42(30),20.003,20.003
2024-03-19,30Y,1.775,1,JGB7(40),30.001,30.001
2024-03-19,40Y,1.898,1,JGB16(40),39.001,39.001
2024-03-21,2Y,0.1613,6,JGB147(5)|JGB342(10)|JGB458(2)|JGB85(20)|JGB86(20)|JGB87(20),1.944,1.996
2024-03-21,5Y,0.3587,3,JGB109(20)|JGB110(20)|JGB354(10),4.997,4.997
2024-03-21,10Y,0.7435,2,JGB14(30)|JGB148(20),9.996,9.996
2024-03-21,20Y,1.488,1,JGB42(30),19.997,19.997
2024-03-21,30Y,1.766,1,JGB7(40),29.996,29.996
2024-03-21,40Y,1.894,2,JGB WI(40)-03|JGB16(40),38.995,38.995
2024-03-22,2Y,0.187,6,JGB147(5)|JGB342(10)|JGB458(2)|JGB85(20)|JGB86(20)|JGB87(20),1.941,1.993
2024-03-22,5Y,0.388,3,JGB109(20)|JGB110(20)|JGB354(10),4.994,4.994
2024-03-22,10Y,0.7585,2,JGB14(30)|JGB148(20),9.993,9.993
2024-03-22,20Y,1.493,1,JGB42(30),19.995,19.995
2024-03-22,30Y,1.767,1,JGB7(40),29.993,29.993
2024-03-22,40Y,1.8945,2,JGB WI(40)-03|JGB16(40),38.992,38.992
2024-03-25,2Y,0.1974,7,JGB WI(2)-04|JGB147(5)|JGB342(10)|JGB458(2)|JGB85(20)|JGB86(20)|JGB87(20),1.933,2.018
2024-03-25,5Y,0.398,3,JGB109(20)|JGB110(20)|JGB354(10),4.986,4.986
2024-03-25,10Y,0.758,2,JGB14(30)|JGB148(20),9.985,9.985
2024-03-25,20Y,1.493,1,JGB42(30),19.986,19.986
2024-03-25,30Y,1.775,1,JGB7(40),29.985,29.985
2024-03-25,40Y,1.9045,2,JGB WI(40)-03|JGB16(40),38.984,38.984
2024-03-26,2Y,0.1913,7,JGB WI(2)-04|JGB147(5)|JGB342(10)|JGB458(2)|JGB85(20)|JGB86(20)|JGB87(20),1.93,2.015
2024-03-26,5Y,0.3877,3,JGB109(20)|JGB110(20)|JGB354(10),4.983,4.983
2024-03-26,10Y,0.7435,2,JGB14(30)|JGB148(20),9.982,9.982
2024-03-26,20Y,1.493,1,JGB42(30),19.984,19.984
2024-03-26,30Y,1.783,1,JGB7(40),29.982,29.982
2024-03-26,40Y,1.9155,2,JGB WI(40)-03|JGB16(40),38.982,38.982
2024-03-27,2Y,0.1891,7,JGB WI(2)-04|JGB147(5)|JGB342(10)|JGB458(2)|JGB85(20)|JGB86(20)|JGB87(20),1.927,2.012
2024-03-27,5Y,0.388,3,JGB109(20)|JGB110(20)|JGB354(10),4.98,4.98
2024-03-27,10Y,0.7533,3,JGB WI(10)-04|JGB14(30)|JGB148(20),9.979,9.979
2024-03-27,20Y,1.498,1,JGB42(30),19.981,19.981
2024-03-27,30Y,1.78,1,JGB7(40),29.979,29.979
2024-03-27,40Y,1.9135,2,JGB WI(40)-03|JGB16(40),38.979,38.979
2024-03-28,2Y,0.1847,7,JGB WI(2)-04|JGB147(5)|JGB342(10)|JGB458(2)|JGB85(20)|JGB86(20)|JGB87(20),1.925,2.01
2024-03-28,5Y,0.3727,3,JGB109(20)|JGB110(20)|JGB354(10),4.977,4.977
2024-03-28,10Y,0.733,3,JGB WI(10)-04|JGB14(30)|JGB148(20),9.977,9.977
2024-03-28,20Y,1.471,1,JGB42(30),19.978,19.978
2024-03-28,30Y,1.755,1,JGB7(40),29.977,29.977
2024-03-28,40Y,1.891,1,JGB16(40),38.976,38.976
2024-03-29,2Y,0.18,7,JGB WI(2)-04|JGB147(5)|JGB342(10)|JGB458(2)|JGB85(20)|JGB86(20)|JGB87(20),1.922,2.007
2024-03-29,5Y,0.358,3,JGB109(20)|JGB110(20)|JGB354(10),4.975,4.975
2024-03-29,10Y,0.722,3,JGB WI(10)-04|JGB14(30)|JGB148(20),9.974,9.974
2024-03-29,20Y,1.452,1,JGB42(30),19.975,19.975
2024-03-29,30Y,1.744,2,JGB WI(30)-04|JGB7(40),29.974,29.974
2024-03-29,40Y,1.872,1,JGB16(40),38.973,38.973
2024-04-01,2Y,0.1722,6,JGB147(5)|JGB342(10)|JGB459(2)|JGB85(20)|JGB86(20)|JGB87(20),1.966,1.999
2024-04-01,5Y,0.3633,3,JGB109(20)|JGB110(20)|JGB354(10),4.966,4.966
2024-04-01,10Y,0.741,3,JGB WI(10)-04|JGB14(30)|JGB148(20),9.966,9.966
2024-04-01,20Y,1.484,1,JGB42(30),19.967,19.967
2024-04-01,30Y,1.78,2,JGB WI(30)-04|JGB7(40),29.966,29.966
2024-04-01,40Y,1.909,1,JGB16(40),38.965,38.965
2024-04-02,2Y,0.179,6,JGB147(5)|JGB342(10)|JGB459(2)|JGB85(20)|JGB86(20)|JGB87(20),1.963,1.996
2024-04-02,5Y,0.3783,3,JGB109(20)|JGB110(20)|JGB354(10),4.964,4.964
2024-04-02,10Y,0.7577,3,JGB WI(10)-04|JGB14(30)|JGB148(20),9.963,9.963
2024-04-02,20Y,1.511,1,JGB42(30),19.964,19.964
2024-04-02,30Y,1.7955,2,JGB WI(30)-04|JGB7(40),29.963,29.963
2024-04-02,40Y,1.927,1,JGB16(40),38.962,38.962
2024-04-03,2Y,0.1802,6,JGB147(5)|JGB342(10)|JGB459(2)|JGB85(20)|JGB86(20)|JGB87(20),1.96,1.993
2024-04-03,5Y,0.3832,4,JGB WI(5)-04|JGB109(20)|JGB110(20)|JGB354(10),4.961,4.961
2024-04-03,10Y,0.764,3,JGB14(30)|JGB148(20)|JGB374(10),9.96,9.96
2024-04-03,20Y,1.53,1,JGB42(30),19.962,19.962
2024-04-03,30Y,1.814,2,JGB WI(30)-04|JGB7(40),29.96,29.96
2024-04-03,40Y,1.949,1,JGB16(40),38.96,38.96
2024-04-04,2Y,0.1695,6,JGB147(5)|JGB342(10)|JGB459(2)|JGB85(20)|JGB86(20)|JGB87(20),1.958,1.99
2024-04-04,5Y,0.373,4,JGB WI(5)-04|JGB109(20)|JGB110(20)|JGB354(10),4.958,4.958
2024-04-04,10Y,0.7643,3,JGB14(30)|JGB148(20)|JGB374(10),9.958,9.958
2024-04-04,20Y,1.521,1,JGB42(30),19.959,19.959
2024-04-04,30Y,1.804,2,JGB WI(30)-04|JGB7(40),29.958,29.958
2024-04-04,40Y,1.946,1,JGB16(40),38.957,38.957
2024-04-05,2Y,0.1748,6,JGB147(5)|JGB342(10)|JGB459(2)|JGB85(20)|JGB86(20)|JGB87(20),1.955,1.988
2024-04-05,5Y,0.384,4,JGB WI(5)-04|JGB109(20)|JGB110(20)|JGB354(10),4.956,4.956
2024-04-05,10Y,0.774,3,JGB14(30)|JGB148(20)|JGB374(10),9.955,9.955
2024-04-05,20Y,1.5295,2,JGB WI(20)-04|JGB42(30),19.956,19.956
2024-04-05,30Y,1.808,2,JGB7(40)|JGB82(30),29.955,29.955
2024-04-05,40Y,1.946,1,JGB16(40),38.954,38.954
2024-04-08,2Y,0.1897,6,JGB147(5)|JGB342(10)|JGB459(2)|JGB85(20)|JGB86(20)|JGB87(20),1.947,1.979
2024-04-08,5Y,0.394,4,JGB WI(5)-04|JGB109(20)|JGB110(20)|JGB354(10),4.947,4.947
2024-04-08,10Y,0.7643,3,JGB14(30)|JGB148(20)|JGB374(10),9.947,9.947
2024-04-08,20Y,1.5205,2,JGB WI(20)-04|JGB42(30),19.948,19.948
2024-04-08,30Y,1.804,2,JGB7(40)|JGB82(30),29.947,29.947
2024-04-08,40Y,1.935,1,JGB16(40),38.946,38.946
2024-04-09,2Y,0.2043,6,JGB147(5)|JGB342(10)|JGB459(2)|JGB85(20)|JGB86(20)|JGB87(20),1.944,1.977
2024-04-09,5Y,0.4042,4,JGB WI(5)-04|JGB109(20)|JGB110(20)|JGB354(10),4.945,4.945
2024-04-09,10Y,0.784,3,JGB14(30)|JGB148(20)|JGB374(10),9.944,9.944
2024-04-09,20Y,1.5355,2,JGB WI(20)-04|JGB42(30),19.945,19.945
2024-04-09,30Y,1.821,2,JGB7(40)|JGB82(30),29.944,29.944
2024-04-09,40Y,1.95,1,JGB16(40),38.943,38.943
2024-04-10,2Y,0.1987,6,JGB147(5)|JGB342(10)|JGB459(2)|JGB85(20)|JGB86(20)|JGB87(20),1.941,1.974
2024-04-10,5Y,0.4065,4,JGB109(20)|JGB110(20)|JGB167(5)|JGB354(10),4.942,4.942
2024-04-10,10Y,0.7793,3,JGB14(30)|JGB148(20)|JGB374(10),9.941,9.941
2024-04-10,20Y,1.534,2,JGB WI(20)-04|JGB42(30),19.943,19.943
2024-04-10,30Y,1.8315,2,JGB7(40)|JGB82(30),29.941,29.941
2024-04-10,40Y,1.96,1,JGB16(40),38.94,38.94
2024-04-11,2Y,0.2092,6,JGB147(5)|JGB342(10)|JGB459(2)|JGB85(20)|JGB86(20)|JGB87(20),1.938,1.971
2024-04-11,5Y,0.421,4,JGB109(20)|JGB110(20)|JGB167(5)|JGB354(10),4.939,4.939
2024-04-11,10Y,0.794,3,JGB14(30)|JGB148(20)|JGB374(10),9.938,9.938
2024-04-11,20Y,1.554,2,JGB WI(20)-04|JGB42(30),19.94,19.94
2024-04-11,30Y,1.852,2,JGB7(40)|JGB82(30),29.938,29.938
2024-04-11,40Y,1.982,1,JGB16(40),38.938,38.938
2024-04-12,2Y,0.2453,6,JGB147(5)|JGB342(10)|JGB459(2)|JGB85(20)|JGB86(20)|JGB87(20),1.936,1.969
2024-04-12,5Y,0.4755,4,JGB109(20)|JGB110(20)|JGB167(5)|JGB354(10),4.936,4.936
2024-04-12,10Y,0.848,3,JGB14(30)|JGB148(20)|JGB374(10),9.936,9.936
2024-04-12,20Y,1.6215,2,JGB188(20)|JGB42(30),19.937,19.937
2024-04-12,30Y,1.9035,2,JGB7(40)|JGB82(30),29.936,29.936
2024-04-12,40Y,2.031,1,JGB16(40),38.935,38.935
2024-04-15,2Y,0.2552,6,JGB147(5)|JGB342(10)|JGB459(2)|JGB85(20)|JGB86(20)|JGB87(20),1.927,1.96
2024-04-15,5Y,0.486,4,JGB109(20)|JGB110(20)|JGB167(5)|JGB354(10),4.928,4.928
2024-04-15,10Y,0.8573,3,JGB14(30)|JGB148(20)|JGB374(10),9.927,9.927
2024-04-15,20Y,1.63,2,JGB188(20)|JGB42(30),19.929,19.929
2024-04-15,30Y,1.8915,2,JGB7(40)|JGB82(30),29.927,29.927
2024-04-15,40Y,2.021,1,JGB16(40),38.927,38.927
2024-04-16,2Y,0.253,6,JGB147(5)|JGB342(10)|JGB459(2)|JGB85(20)|JGB86(20)|JGB87(20),1.925,1.958
2024-04-16,5Y,0.477,4,JGB109(20)|JGB110(20)|JGB167(5)|JGB354(10),4.925,4.925
2024-04-16,10Y,0.8563,3,JGB14(30)|JGB148(20)|JGB374(10),9.925,9.925
2024-04-16,20Y,1.63,2,JGB188(20)|JGB42(30),19.926,19.926
2024-04-16,30Y,1.8915,2,JGB7(40)|JGB82(30),29.925,29.925
2024-04-16,40Y,2.024,1,JGB16(40),38.924,38.924
2024-04-17,2Y,0.2637,7,JGB WI(2)-05|JGB147(5)|JGB342(10)|JGB459(2)|JGB85(20)|JGB86(20)|JGB87(20),1.922,2.037
2024-04-17,5Y,0.4822,4,JGB109(20)|JGB110(20)|JGB167(5)|JGB354(10),4.923,4.923
2024-04-17,10Y,0.8623,3,JGB14(30)|JGB148(20)|JGB374(10),9.922,9.922
2024-04-17,20Y,1.639,2,JGB188(20)|JGB42(30),19.923,19.923
2024-04-17,30Y,1.904,2,JGB7(40)|JGB82(30),29.922,29.922
2024-04-17,40Y,2.039,1,JGB16(40),38.921,38.921
2024-04-18,2Y,0.2677,7,JGB WI(2)-05|JGB147(5)|JGB342(10)|JGB459(2)|JGB85(20)|JGB86(20)|JGB87(20),1.919,2.034
2024-04-18,5Y,0.4885,4,JGB109(20)|JGB110(20)|JGB167(5)|JGB354(10),4.92,4.92
2024-04-18,10Y,0.8823,3,JGB14(30)|JGB148(20)|JGB374(10),9.919,9.919
2024-04-18,20Y,1.6565,2,JGB188(20)|JGB42(30),19.921,19.921
2024-04-18,30Y,1.9165,2,JGB7(40)|JGB82(30),29.919,29.919
2024-04-18,40Y,2.05,1,JGB16(40),38.919,38.919
2024-04-19,2Y,0.278,2,JGB WI(2)-05|JGB459(2),1.949,2.031
2024-04-19,5Y,0.4677,4,JGB109(20)|JGB110(20)|JGB167(5)|JGB354(10),4.917,4.917
2024-04-19,10Y,0.8623,3,JGB14(30)|JGB148(20)|JGB374(10),9.916,9.916
2024-04-19,20Y,1.621,2,JGB188(20)|JGB42(30),19.918,19.918
2024-04-19,30Y,1.8915,2,JGB7(40)|JGB82(30),29.916,29.916
2024-04-19,40Y,2.028,1,JGB16(40),38.916,38.916
2024-04-22,2Y,0.263,2,JGB WI(2)-05|JGB459(2),1.941,2.023
2024-04-22,5Y,0.4483,4,JGB109(20)|JGB110(20)|JGB167(5)|JGB354(10),4.909,4.909
2024-04-22,10Y,0.8283,3,JGB14(30)|JGB148(20)|JGB374(10),9.908,9.908
2024-04-22,20Y,1.5895,2,JGB188(20)|JGB42(30),19.91,19.91
2024-04-22,30Y,1.867,2,JGB7(40)|JGB82(30),29.908,29.908
2024-04-22,40Y,2.0,1,JGB16(40),38.908,38.908
2024-04-23,2Y,0.288,2,JGB WI(2)-05|JGB459(2),1.938,2.021
2024-04-23,5Y,0.4892,4,JGB109(20)|JGB110(20)|JGB167(5)|JGB354(10),4.906,4.906
2024-04-23,10Y,0.8773,3,JGB14(30)|JGB148(20)|JGB374(10),9.906,9.906
2024-04-23,20Y,1.6355,2,JGB188(20)|JGB42(30),19.907,19.907
2024-04-23,30Y,1.904,2,JGB7(40)|JGB82(30),29.906,29.906
2024-04-23,40Y,2.037,1,JGB16(40),38.905,38.905
2024-04-24,2Y,0.2935,2,JGB459(2)|JGB460(2),1.936,2.018
2024-04-24,5Y,0.4895,4,JGB109(20)|JGB110(20)|JGB167(5)|JGB354(10),4.903,4.903
2024-04-24,10Y,0.877,3,JGB14(30)|JGB148(20)|JGB374(10),9.903,9.903
2024-04-24,20Y,1.6515,2,JGB188(20)|JGB42(30),19.904,19.904
2024-04-24,30Y,1.9245,2,JGB7(40)|JGB82(30),29.903,29.903
2024-04-24,40Y,2.064,1,JGB16(40),38.902,38.902
2024-04-25,2Y,0.294,2,JGB459(2)|JGB460(2),1.933,2.015
2024-04-25,5Y,0.4895,4,JGB109(20)|JGB110(20)|JGB167(5)|JGB354(10),4.901,4.901
2024-04-25,10Y,0.882,3,JGB14(30)|JGB148(20)|JGB374(10),9.9,9.9
2024-04-25,20Y,1.6475,2,JGB188(20)|JGB42(30),19.901,19.901
2024-04-25,30Y,1.9245,2,JGB7(40)|JGB82(30),29.9,29.9
2024-04-25,40Y,2.068,1,JGB16(40),38.899,38.899
2024-04-26,2Y,0.294,2,JGB459(2)|JGB460(2),1.93,2.012
2024-04-26,5Y,0.495,4,JGB109(20)|JGB110(20)|JGB167(5)|JGB354(10),4.898,4.898
2024-04-26,10Y,0.8867,3,JGB14(30)|JGB148(20)|JGB374(10),9.897,9.897
2024-04-26,20Y,1.652,2,JGB188(20)|JGB42(30),19.899,19.899
2024-04-26,30Y,1.9245,2,JGB7(40)|JGB82(30),29.897,29.897
2024-04-26,40Y,2.063,1,JGB16(40),38.897,38.897
2024-04-30,2Y,0.2915,2,JGB459(2)|JGB460(2),1.919,2.001
2024-04-30,5Y,0.5028,4,JGB109(20)|JGB110(20)|JGB167(5)|JGB354(10),4.887,4.887
2024-04-30,10Y,0.9167,3,JGB14(30)|JGB148(20)|JGB374(10),9.886,9.886
2024-04-30,20Y,1.674,2,JGB188(20)|JGB42(30),19.888,19.888
2024-04-30,30Y,1.9325,2,JGB7(40)|JGB82(30),29.886,29.886
2024-04-30,40Y,2.071,1,JGB16(40),38.886,38.886
2024-05-01,2Y,0.274,1,JGB460(2),1.999,1.999
2024-05-01,5Y,0.4672,4,JGB109(20)|JGB110(20)|JGB167(5)|JGB354(10),4.884,4.884
2024-05-01,10Y,0.867,3,JGB14(30)|JGB148(20)|JGB374(10),9.884,9.884
2024-05-01,20Y,1.6385,2,JGB188(20)|JGB42(30),19.885,19.885
2024-05-01,30Y,1.908,2,JGB7(40)|JGB82(30),29.884,29.884
2024-05-01,40Y,2.043,1,JGB16(40),38.883,38.883
2024-05-02,2Y,0.289,1,JGB460(2),1.996,1.996
2024-05-02,5Y,0.4828,4,JGB109(20)|JGB110(20)|JGB167(5)|JGB354(10),4.882,4.882
2024-05-02,10Y,0.886,4,JGB WI(10)-05|JGB14(30)|JGB148(20)|JGB374(10),9.881,9.881
2024-05-02,20Y,1.661,2,JGB188(20)|JGB42(30),19.882,19.882
2024-05-02,30Y,1.936,2,JGB7(40)|JGB82(30),29.881,29.881
2024-05-02,40Y,2.071,1,JGB16(40),38.88,38.88
2024-05-07,2Y,0.289,1,JGB460(2),1.982,1.982
2024-05-07,5Y,0.4863,3,JGB111(20)|JGB112(20)|JGB355(10),5.12,5.12
2024-05-07,10Y,0.9215,2,JGB149(20)|JGB15(30),10.119,10.119
2024-05-07,20Y,1.683,1,JGB43(30),20.12,20.12
2024-05-07,30Y,1.9493,3,JGB WI(30)-05|JGB7(40)|JGB82(30),29.867,29.867
2024-05-07,40Y,2.088,1,JGB16(40),38.867,38.867
2024-05-08,2Y,0.279,1,JGB460(2),1.979,1.979
2024-05-08,5Y,0.469,3,JGB111(20)|JGB112(20)|JGB355(10),5.117,5.117
2024-05-08,10Y,0.892,2,JGB149(20)|JGB15(30),10.116,10.116
2024-05-08,20Y,1.661,1,JGB43(30),20.118,20.118
2024-05-08,30Y,1.94,3,JGB WI(30)-05|JGB7(40)|JGB82(30),29.864,29.864
2024-05-08,40Y,2.086,1,JGB16(40),38.864,38.864
2024-05-09,2Y,0.284,1,JGB460(2),1.977,1.977
2024-05-09,5Y,0.4763,3,JGB111(20)|JGB112(20)|JGB355(10),5.114,5.114
2024-05-09,10Y,0.897,2,JGB149(20)|JGB15(30),10.114,10.114
2024-05-09,20Y,1.656,1,JGB43(30),20.115,20.115
2024-05-09,30Y,1.933,3,JGB WI(30)-05|JGB7(40)|JGB82(30),29.862,29.862
2024-05-09,40Y,2.082,1,JGB16(40),38.861,38.861
2024-05-10,2Y,0.31,1,JGB460(2),1.974,1.974
2024-05-10,5Y,0.509,3,JGB111(20)|JGB112(20)|JGB355(10),5.112,5.112
2024-05-10,10Y,0.927,2,JGB149(20)|JGB15(30),10.111,10.111
2024-05-10,20Y,1.678,1,JGB43(30),20.112,20.112
2024-05-10,30Y,1.94,3,JGB WI(30)-05|JGB7(40)|JGB82(30),29.859,29.859
2024-05-10,40Y,2.092,1,JGB16(40),38.858,38.858
2024-05-13,2Y,0.315,1,JGB460(2),1.966,1.966
2024-05-13,5Y,0.5157,3,JGB111(20)|JGB112(20)|JGB355(10),5.103,5.103
2024-05-13,10Y,0.927,2,JGB149(20)|JGB15(30),10.103,10.103
2024-05-13,20Y,1.691,1,JGB43(30),20.104,20.104
2024-05-13,30Y,1.9615,2,JGB7(40)|JGB82(30),29.851,29.851
2024-05-13,40Y,2.11,1,JGB16(40),38.85,38.85
2024-05-14,2Y,0.33,1,JGB460(2),1.963,1.963
2024-05-14,5Y,0.5353,3,JGB111(20)|JGB112(20)|JGB355(10),5.101,5.101
2024-05-14,10Y,0.9575,2,JGB149(20)|JGB15(30),10.1,10.1
2024-05-14,20Y,1.73,1,JGB43(30),20.101,20.101
2024-05-14,30Y,1.9855,2,JGB7(40)|JGB82(30),29.848,29.848
2024-05-14,40Y,2.134,1,JGB16(40),38.847,38.847
2024-05-15,2Y,0.34,1,JGB460(2),1.96,1.96
2024-05-15,5Y,0.5497,3,JGB111(20)|JGB112(20)|JGB355(10),5.098,5.098
2024-05-15,10Y,0.977,2,JGB149(20)|JGB15(30),10.097,10.097
2024-05-15,20Y,1.753,1,JGB43(30),20.099,20.099
2024-05-15,30Y,2.0055,2,JGB7(40)|JGB82(30),29.845,29.845
2024-05-15,40Y,2.162,1,JGB16(40),38.845,38.845
2024-05-16,2Y,0.335,1,JGB460(2),1.958,1.958
2024-05-16,5Y,0.5443,3,JGB111(20)|JGB112(20)|JGB355(10),5.095,5.095
2024-05-16,10Y,0.9675,2,JGB149(20)|JGB15(30),10.094,10.094
2024-05-16,20Y,1.744,1,JGB43(30),20.096,20.096
2024-05-16,30Y,2.005,2,JGB7(40)|JGB82(30),29.843,29.843
2024-05-16,40Y,2.2,1,JGB WI(40)-05,39.844,39.844
2024-05-17,2Y,0.32,1,JGB460(2),1.955,1.955
2024-05-17,5Y,0.5213,3,JGB111(20)|JGB112(20)|JGB355(10),5.092,5.092
2024-05-17,10Y,0.9375,2,JGB149(20)|JGB15(30),10.092,10.092
2024-05-17,20Y,1.717,1,JGB43(30),20.093,20.093
2024-05-17,30Y,1.989,2,JGB7(40)|JGB82(30),29.84,29.84
2024-05-17,40Y,2.19,1,JGB WI(40)-05,39.841,39.841
2024-05-20,2Y,0.33,1,JGB460(2),1.947,1.947
2024-05-20,5Y,0.538,3,JGB111(20)|JGB112(20)|JGB355(10),5.084,5.084
2024-05-20,10Y,0.962,2,JGB149(20)|JGB15(30),10.084,10.084
2024-05-20,20Y,1.744,1,JGB43(30),20.085,20.085
2024-05-20,30Y,2.0065,2,JGB7(40)|JGB82(30),29.832,29.832
2024-05-20,40Y,2.214,1,JGB WI(40)-05,39.833,39.833
2024-05-21,2Y,0.3574,5,JGB148(5)|JGB343(10)|JGB460(2)|JGB88(20)|JGB89(20),1.944,2.081
2024-05-21,5Y,0.569,3,JGB111(20)|JGB112(20)|JGB355(10),5.081,5.081
2024-05-21,10Y,0.9915,2,JGB149(20)|JGB15(30),10.081,10.081
2024-05-21,20Y,1.768,1,JGB43(30),20.082,20.082
2024-05-21,30Y,2.0295,2,JGB7(40)|JGB82(30),29.829,29.829
2024-05-21,40Y,2.234,1,JGB WI(40)-05,39.83,39.83
2024-05-22,2Y,0.3568,5,JGB148(5)|JGB343(10)|JGB460(2)|JGB88(20)|JGB89(20),1.941,2.078
2024-05-22,5Y,0.569,3,JGB111(20)|JGB112(20)|JGB355(10),5.079,5.079
2024-05-22,10Y,0.998,2,JGB149(20)|JGB15(30),10.078,10.078
2024-05-22,20Y,1.779,1,JGB43(30),20.079,20.079
2024-05-22,30Y,2.034,2,JGB7(40)|JGB82(30),29.826,29.826
2024-05-22,40Y,2.24,1,JGB WI(40)-05,39.828,39.828
2024-05-23,2Y,0.3588,5,JGB148(5)|JGB343(10)|JGB460(2)|JGB88(20)|JGB89(20),1.938,2.075
2024-05-23,5Y,0.5813,3,JGB111(20)|JGB112(20)|JGB355(10),5.076,5.076
2024-05-23,10Y,1.0125,2,JGB149(20)|JGB15(30),10.075,10.075
2024-05-23,20Y,1.813,1,JGB43(30),20.077,20.077
2024-05-23,30Y,2.078,2,JGB7(40)|JGB82(30),29.823,29.823
2024-05-23,40Y,2.291,1,JGB17(40),39.825,39.825
2024-05-24,2Y,0.3518,6,JGB WI(2)-06|JGB148(5)|JGB343(10)|JGB460(2)|JGB88(20)|JGB89(20),1.936,2.073
2024-05-24,5Y,0.5773,3,JGB111(20)|JGB112(20)|JGB355(10),5.073,5.073
2024-05-24,10Y,1.0175,2,JGB149(20)|JGB15(30),10.073,10.073
2024-05-24,20Y,1.831,1,JGB43(30),20.074,20.074
2024-05-24,30Y,2.094,2,JGB7(40)|JGB82(30),29.821,29.821
2024-05-24,40Y,2.307,1,JGB17(40),39.822,39.822
2024-05-27,2Y,0.3527,6,JGB WI(2)-06|JGB148(5)|JGB343(10)|JGB460(2)|JGB88(20)|JGB89(20),1.927,2.064
2024-05-27,5Y,0.58,3,JGB111(20)|JGB112(20)|JGB355(10),5.065,5.065
2024-05-27,10Y,1.0195,2,JGB149(20)|JGB15(30),10.064,10.064
2024-05-27,20Y,1.835,1,JGB43(30),20.066,20.066
2024-05-27,30Y,2.0975,2,JGB7(40)|JGB82(30),29.812,29.812
2024-05-27,40Y,2.295,1,JGB17(40),39.814,39.814
2024-05-28,2Y,0.3588,6,JGB WI(2)-06|JGB148(5)|JGB343(10)|JGB460(2)|JGB88(20)|JGB89(20),1.925,2.062
2024-05-28,5Y,0.5893,3,JGB111(20)|JGB112(20)|JGB355(10),5.062,5.062
2024-05-28,10Y,1.0345,2,JGB149(20)|JGB15(30),10.062,10.062
2024-05-28,20Y,1.836,1,JGB43(30),20.063,20.063
2024-05-28,30Y,2.1015,2,JGB7(40)|JGB82(30),29.81,29.81
2024-05-28,40Y,2.295,1,JGB17(40),39.811,39.811
2024-05-29,2Y,0.358,6,JGB WI(2)-06|JGB148(5)|JGB343(10)|JGB460(2)|JGB88(20)|JGB89(20),1.922,2.059
2024-05-29,5Y,0.5893,3,JGB111(20)|JGB112(20)|JGB355(10),5.06,5.06
2024-05-29,10Y,1.0475,2,JGB149(20)|JGB15(30),10.059,10.059
2024-05-29,20Y,1.832,1,JGB43(30),20.06,20.06
2024-05-29,30Y,2.1135,2,JGB7(40)|JGB82(30),29.807,29.807
2024-05-29,40Y,2.304,1,JGB17(40),39.808,39.808
2024-05-30,2Y,0.3885,6,JGB WI(2)-06|JGB148(5)|JGB343(10)|JGB460(2)|JGB88(20)|JGB89(20),1.919,2.056
2024-05-30,5Y,0.63,3,JGB111(20)|JGB112(20)|JGB355(10),5.057,5.057
2024-05-30,10Y,1.0895,2,JGB149(20)|JGB15(30),10.056,10.056
2024-05-30,20Y,1.86,1,JGB43(30),20.057,20.057
2024-05-30,30Y,2.1425,2,JGB7(40)|JGB82(30),29.804,29.804
2024-05-30,40Y,2.334,1,JGB17(40),39.806,39.806
2024-05-31,2Y,0.3938,5,JGB148(5)|JGB343(10)|JGB461(2)|JGB88(20)|JGB89(20),2.001,2.053
2024-05-31,5Y,0.6307,3,JGB111(20)|JGB112(20)|JGB355(10),5.054,5.054
2024-05-31,10Y,1.0695,2,JGB149(20)|JGB15(30),10.053,10.053
2024-05-31,20Y,1.844,1,JGB43(30),20.055,20.055
2024-05-31,30Y,2.128,3,JGB WI(30)-06|JGB7(40)|JGB82(30),29.802,29.802
2024-05-31,40Y,2.319,1,JGB17(40),39.803,39.803
2024-06-03,2Y,0.3962,5,JGB148(5)|JGB343(10)|JGB461(2)|JGB88(20)|JGB89(20),1.993,2.045
2024-06-03,5Y,0.6333,3,JGB111(20)|JGB112(20)|JGB355(10),5.046,5.046
2024-06-03,10Y,1.08,2,JGB149(20)|JGB15(30),10.045,10.045
2024-06-03,20Y,1.853,1,JGB43(30),20.047,20.047
2024-06-03,30Y,2.1507,3,JGB WI(30)-06|JGB7(40)|JGB82(30),29.793,29.793
2024-06-03,40Y,2.339,1,JGB17(40),39.795,39.795
2024-06-04,2Y,0.3964,5,JGB148(5)|JGB343(10)|JGB461(2)|JGB88(20)|JGB89(20),1.99,2.042
2024-06-04,5Y,0.6297,3,JGB111(20)|JGB112(20)|JGB355(10),5.043,5.043
2024-06-04,10Y,1.0695,2,JGB149(20)|JGB15(30),10.042,10.042
2024-06-04,20Y,1.857,1,JGB43(30),20.044,20.044
2024-06-04,30Y,2.1633,3,JGB WI(30)-06|JGB7(40)|JGB82(30),29.791,29.791
2024-06-04,40Y,2.366,1,JGB17(40),39.792,39.792
2024-06-05,2Y,0.374,5,JGB148(5)|JGB343(10)|JGB461(2)|JGB88(20)|JGB89(20),1.988,2.04
2024-06-05,5Y,0.598,3,JGB111(20)|JGB112(20)|JGB355(10),5.04,5.04
2024-06-05,10Y,1.044,2,JGB149(20)|JGB15(30),10.04,10.04
2024-06-05,20Y,1.844,1,JGB43(30),20.041,20.041
2024-06-05,30Y,2.1437,3,JGB WI(30)-06|JGB7(40)|JGB82(30),29.788,29.788
2024-06-05,40Y,2.346,1,JGB17(40),39.789,39.789
2024-06-06,2Y,0.341,5,JGB148(5)|JGB343(10)|JGB461(2)|JGB88(20)|JGB89(20),1.985,2.037
2024-06-06,5Y,0.5627,3,JGB111(20)|JGB112(20)|JGB355(10),5.038,5.038
2024-06-06,10Y,1.01,2,JGB149(20)|JGB15(30),10.037,10.037
2024-06-06,20Y,1.817,1,JGB43(30),20.038,20.038
2024-06-06,30Y,2.1073,3,JGB WI(30)-06|JGB7(40)|JGB82(30),29.785,29.785
2024-06-06,40Y,2.307,1,JGB17(40),39.786,39.786
2024-06-07,2Y,0.3196,5,JGB148(5)|JGB343(10)|JGB461(2)|JGB88(20)|JGB89(20),1.982,2.034
2024-06-07,5Y,0.533,3,JGB111(20)|JGB112(20)|JGB355(10),5.035,5.035
2024-06-07,10Y,0.966,2,JGB149(20)|JGB15(30),10.034,10.034
2024-06-07,20Y,1.748,1,JGB43(30),20.036,20.036
2024-06-07,30Y,2.036,2,JGB7(40)|JGB82(30),29.782,29.782
2024-06-07,40Y,2.228,1,JGB17(40),39.784,39.784
2024-06-10,2Y,0.3342,5,JGB148(5)|JGB343(10)|JGB461(2)|JGB88(20)|JGB89(20),1.974,2.026
2024-06-10,5Y,0.5487,3,JGB111(20)|JGB112(20)|JGB355(10),5.027,5.027
2024-06-10,10Y,0.9865,2,JGB149(20)|JGB15(30),10.026,10.026
2024-06-10,20Y,1.761,1,JGB43(30),20.027,20.027
2024-06-10,30Y,2.04,2,JGB7(40)|JGB82(30),29.774,29.774
2024-06-10,40Y,2.231,1,JGB17(40),39.775,39.775
2024-06-11,2Y,0.369,5,JGB148(5)|JGB343(10)|JGB461(2)|JGB88(20)|JGB89(20),1.971,2.023
2024-06-11,5Y,0.604,3,JGB111(20)|JGB112(20)|JGB355(10),5.024,5.024
2024-06-11,10Y,1.046,2,JGB149(20)|JGB15(30),10.023,10.023
2024-06-11,20Y,1.822,1,JGB43(30),20.025,20.025
2024-06-11,30Y,2.114,2,JGB7(40)|JGB82(30),29.771,29.771
2024-06-11,40Y,2.307,1,JGB17(40),39.773,39.773
2024-06-12,2Y,0.3604,5,JGB148(5)|JGB343(10)|JGB461(2)|JGB88(20)|JGB89(20),1.969,2.021
2024-06-12,5Y,0.594,3,JGB111(20)|JGB112(20)|JGB355(10),5.021,5.021
2024-06-12,10Y,1.0345,2,JGB149(20)|JGB15(30),10.021,10.021
2024-06-12,20Y,1.81,1,JGB43(30),20.022,20.022
2024-06-12,30Y,2.1065,2,JGB7(40)|JGB82(30),29.769,29.769
2024-06-12,40Y,2.303,1,JGB17(40),39.77,39.77
2024-06-13,2Y,0.3336,5,JGB148(5)|JGB343(10)|JGB461(2)|JGB88(20)|JGB89(20),1.966,2.018
2024-06-13,5Y,0.56,3,JGB111(20)|JGB112(20)|JGB355(10),5.018,5.018
2024-06-13,10Y,1.001,2,JGB149(20)|JGB15(30),10.018,10.018
2024-06-13,20Y,1.783,1,JGB43(30),20.019,20.019
2024-06-13,30Y,2.0795,2,JGB7(40)|JGB82(30),29.766,29.766
2024-06-13,40Y,2.275,1,JGB17(40),39.767,39.767
2024-06-14,2Y,0.3228,5,JGB148(5)|JGB343(10)|JGB461(2)|JGB88(20)|JGB89(20),1.963,2.015
2024-06-14,5Y,0.5493,3,JGB111(20)|JGB112(20)|JGB355(10),5.016,5.016
2024-06-14,10Y,0.982,2,JGB149(20)|JGB15(30),10.015,10.015
2024-06-14,20Y,1.761,1,JGB43(30),20.016,20.016
2024-06-14,30Y,2.0595,2,JGB7(40)|JGB82(30),29.763,29.763
2024-06-14,40Y,2.24,1,JGB17(40),39.765,39.765
2024-06-17,2Y,0.2902,5,JGB148(5)|JGB343(10)|JGB461(2)|JGB88(20)|JGB89(20),1.955,2.007
2024-06-17,5Y,0.5157,3,JGB111(20)|JGB112(20)|JGB355(10),5.008,5.008
2024-06-17,10Y,0.947,2,JGB149(20)|JGB15(30),10.007,10.007
2024-06-17,20Y,1.73,1,JGB43(30),20.008,20.008
2024-06-17,30Y,2.0395,2,JGB7(40)|JGB82(30),29.755,29.755
2024-06-17,40Y,2.22,1,JGB17(40),39.756,39.756
2024-06-18,2Y,0.2774,5,JGB148(5)|JGB343(10)|JGB461(2)|JGB88(20)|JGB89(20),1.952,2.004
2024-06-18,5Y,0.5063,3,JGB111(20)|JGB112(20)|JGB355(10),5.005,5.005
2024-06-18,10Y,0.947,2,JGB149(20)|JGB15(30),10.004,10.004
2024-06-18,20Y,1.752,1,JGB43(30),20.005,20.005
2024-06-18,30Y,2.0635,2,JGB7(40)|JGB82(30),29.752,29.752
2024-06-18,40Y,2.263,1,JGB17(40),39.754,39.754
2024-06-19,2Y,0.2754,5,JGB148(5)|JGB343(10)|JGB461(2)|JGB88(20)|JGB89(20),1.949,2.001
2024-06-19,5Y,0.514,3,JGB111(20)|JGB112(20)|JGB355(10),5.002,5.002
2024-06-19,10Y,0.962,2,JGB149(20)|JGB15(30),10.001,10.001
2024-06-19,20Y,1.775,1,JGB43(30),20.003,20.003
2024-06-19,30Y,2.084,2,JGB7(40)|JGB82(30),29.749,29.749
2024-06-19,40Y,2.283,1,JGB17(40),39.751,39.751
2024-06-20,2Y,0.2762,5,JGB148(5)|JGB343(10)|JGB461(2)|JGB88(20)|JGB89(20),1.947,1.999
2024-06-20,5Y,0.5093,3,JGB111(20)|JGB112(20)|JGB355(10),4.999,4.999
2024-06-20,10Y,0.952,2,JGB149(20)|JGB15(30),9.999,9.999
2024-06-20,20Y,1.757,1,JGB43(30),20.0,20.0
2024-06-20,30Y,2.0665,2,JGB7(40)|JGB82(30),29.747,29.747
2024-06-20,40Y,2.263,1,JGB17(40),39.748,39.748
2024-06-21,2Y,0.2852,6,JGB WI(2)-07|JGB148(5)|JGB343(10)|JGB461(2)|JGB88(20)|JGB89(20),1.944,2.026
2024-06-21,5Y,0.518,3,JGB111(20)|JGB112(20)|JGB355(10),4.997,4.997
2024-06-21,10Y,0.9715,2,JGB149(20)|JGB15(30),9.996,9.996
2024-06-21,20Y,1.769,1,JGB43(30),19.997,19.997
2024-06-21,30Y,2.064,2,JGB7(40)|JGB82(30),29.744,29.744
2024-06-21,40Y,2.251,1,JGB17(40),39.745,39.745
2024-06-24,2Y,0.301,6,JGB WI(2)-07|JGB148(5)|JGB343(10)|JGB461(2)|JGB88(20)|JGB89(20),1.936,2.018
2024-06-24,5Y,0.5407,3,JGB111(20)|JGB112(20)|JGB355(10),4.988,4.988
2024-06-24,10Y,0.997,2,JGB149(20)|JGB15(30),9.988,9.988
2024-06-24,20Y,1.792,1,JGB43(30),19.989,19.989
2024-06-24,30Y,2.083,2,JGB7(40)|JGB82(30),29.736,29.736
2024-06-24,40Y,2.267,1,JGB17(40),39.737,39.737
2024-06-25,2Y,0.2995,6,JGB WI(2)-07|JGB148(5)|JGB343(10)|JGB461(2)|JGB88(20)|JGB89(20),1.933,2.015
2024-06-25,5Y,0.5437,3,JGB111(20)|JGB112(20)|JGB355(10),4.986,4.986
2024-06-25,10Y,1.008,2,JGB149(20)|JGB15(30),9.985,9.985
2024-06-25,20Y,1.81,1,JGB43(30),19.986,19.986
2024-06-25,30Y,2.1065,2,JGB7(40)|JGB82(30),29.733,29.733
2024-06-25,40Y,2.291,1,JGB17(40),39.734,39.734
2024-06-26,2Y,0.3007,6,JGB WI(2)-07|JGB148(5)|JGB343(10)|JGB461(2)|JGB88(20)|JGB89(20),1.93,2.012
2024-06-26,5Y,0.546,3,JGB111(20)|JGB112(20)|JGB355(10),4.983,4.983
2024-06-26,10Y,1.0167,3,JGB WI(10)-07|JGB149(20)|JGB15(30),9.982,9.982
2024-06-26,20Y,1.822,1,JGB43(30),19.984,19.984
2024-06-26,30Y,2.1195,2,JGB7(40)|JGB82(30),29.73,29.73
2024-06-26,40Y,2.303,1,JGB17(40),39.732,39.732
2024-06-27,2Y,0.3055,6,JGB WI(2)-07|JGB148(5)|JGB343(10)|JGB461(2)|JGB88(20)|JGB89(20),1.927,2.01
2024-06-27,5Y,0.5587,3,JGB111(20)|JGB112(20)|JGB355(10),4.98,4.98
2024-06-27,10Y,1.0413,3,JGB WI(10)-07|JGB149(20)|JGB15(30),9.979,9.979
2024-06-27,20Y,1.849,1,JGB43(30),19.981,19.981
2024-06-27,30Y,2.1545,2,JGB7(40)|JGB82(30),29.728,29.728
2024-06-27,40Y,2.342,1,JGB17(40),39.729,39.729
2024-06-28,2Y,0.3475,6,JGB148(5)|JGB343(10)|JGB461(2)|JGB462(2)|JGB88(20)|JGB89(20),1.925,2.007
2024-06-28,5Y,0.6047,3,JGB111(20)|JGB112(20)|JGB355(10),4.977,4.977
2024-06-28,10Y,1.09,3,JGB WI(10)-07|JGB149(20)|JGB15(30),9.977,9.977
2024-06-28,20Y,1.878,1,JGB43(30),19.978,19.978
2024-06-28,30Y,2.19,1,JGB WI(30)-07,29.977,29.977
2024-06-28,40Y,2.374,1,JGB17(40),39.726,39.726
2024-07-01,2Y,0.3314,5,JGB148(5)|JGB343(10)|JGB462(2)|JGB88(20)|JGB89(20),1.969,1.999
2024-07-01,5Y,0.587,3,JGB111(20)|JGB112(20)|JGB355(10),4.969,4.969
2024-07-01,10Y,1.06,3,JGB WI(10)-07|JGB149(20)|JGB15(30),9.969,9.969
2024-07-01,20Y,1.844,1,JGB43(30),19.97,19.97
2024-07-01,30Y,2.154,1,JGB WI(30)-07,29.969,29.969
2024-07-01,40Y,2.341,1,JGB17(40),39.718,39.718
2024-07-02,2Y,0.336,5,JGB148(5)|JGB343(10)|JGB462(2)|JGB88(20)|JGB89(20),1.966,1.996
2024-07-02,5Y,0.604,3,JGB111(20)|JGB112(20)|JGB355(10),4.966,4.966
2024-07-02,10Y,1.0793,3,JGB WI(10)-07|JGB149(20)|JGB15(30),9.966,9.966
2024-07-02,20Y,1.869,1,JGB43(30),19.967,19.967
2024-07-02,30Y,2.164,1,JGB WI(30)-07,29.966,29.966
2024-07-02,40Y,2.342,1,JGB17(40),39.715,39.715
2024-07-03,2Y,0.3408,5,JGB148(5)|JGB343(10)|JGB462(2)|JGB88(20)|JGB89(20),1.963,1.993
2024-07-03,5Y,0.6205,4,JGB WI(5)-07|JGB111(20)|JGB112(20)|JGB355(10),4.964,4.964
2024-07-03,10Y,1.0997,3,JGB149(20)|JGB15(30)|JGB375(10),9.963,9.963
2024-07-03,20Y,1.891,1,JGB43(30),19.964,19.964
2024-07-03,30Y,2.18,1,JGB WI(30)-07,29.963,29.963
2024-07-03,40Y,2.346,1,JGB17(40),39.713,39.713
2024-07-04,2Y,0.3302,5,JGB148(5)|JGB343(10)|JGB462(2)|JGB88(20)|JGB89(20),1.96,1.99
2024-07-04,5Y,0.6068,4,JGB WI(5)-07|JGB111(20)|JGB112(20)|JGB355(10),4.961,4.961
2024-07-04,10Y,1.0943,3,JGB149(20)|JGB15(30)|JGB375(10),9.96,9.96
2024-07-04,20Y,1.904,1,JGB43(30),19.962,19.962
2024-07-04,30Y,2.19,1,JGB WI(30)-07,29.96,29.96
2024-07-04,40Y,2.358,1,JGB17(40),39.71,39.71
2024-07-05,2Y,0.32,5,JGB148(5)|JGB343(10)|JGB462(2)|JGB88(20)|JGB89(20),1.958,1.988
2024-07-05,5Y,0.5935,4,JGB WI(5)-07|JGB111(20)|JGB112(20)|JGB355(10),4.958,4.958
2024-07-05,10Y,1.0797,3,JGB149(20)|JGB15(30)|JGB375(10),9.958,9.958
2024-07-05,20Y,1.904,2,JGB WI(20)-07|JGB43(30),19.959,19.959
2024-07-05,30Y,2.187,1,JGB83(30),29.958,29.958
2024-07-05,40Y,2.358,1,JGB17(40),39.707,39.707
2024-07-08,2Y,0.3242,5,JGB148(5)|JGB343(10)|JGB462(2)|JGB88(20)|JGB89(20),1.949,1.979
2024-07-08,5Y,0.5942,4,JGB WI(5)-07|JGB111(20)|JGB112(20)|JGB355(10),4.95,4.95
2024-07-08,10Y,1.066,3,JGB149(20)|JGB15(30)|JGB375(10),9.949,9.949
2024-07-08,20Y,1.9,2,JGB WI(20)-07|JGB43(30),19.951,19.951
2024-07-08,30Y,2.2,1,JGB83(30),29.949,29.949
2024-07-08,40Y,2.374,1,JGB17(40),39.699,39.699
2024-07-09,2Y,0.3386,5,JGB148(5)|JGB343(10)|JGB462(2)|JGB88(20)|JGB89(20),1.947,1.977
2024-07-09,5Y,0.6138,4,JGB WI(5)-07|JGB111(20)|JGB112(20)|JGB355(10),4.947,4.947
2024-07-09,10Y,1.085,3,JGB149(20)|JGB15(30)|JGB375(10),9.947,9.947
2024-07-09,20Y,1.9045,2,JGB WI(20)-07|JGB43(30),19.948,19.948
2024-07-09,30Y,2.2,1,JGB83(30),29.947,29.947
2024-07-09,40Y,2.38,1,JGB17(40),39.696,39.696
2024-07-10,2Y,0.3324,5,JGB148(5)|JGB343(10)|JGB462(2)|JGB88(20)|JGB89(20),1.944,1.974
2024-07-10,5Y,0.5972,4,JGB111(20)|JGB112(20)|JGB170(5)|JGB355(10),4.945,4.945
2024-07-10,10Y,1.0703,3,JGB149(20)|JGB15(30)|JGB375(10),9.944,9.944
2024-07-10,20Y,1.908,2,JGB WI(20)-07|JGB43(30),19.945,19.945
2024-07-10,30Y,2.204,1,JGB83(30),29.944,29.944
2024-07-10,40Y,2.393,1,JGB17(40),39.693,39.693
2024-07-11,2Y,0.3224,5,JGB148(5)|JGB343(10)|JGB462(2)|JGB88(20)|JGB89(20),1.941,1.971
2024-07-11,5Y,0.5922,4,JGB111(20)|JGB112(20)|JGB170(5)|JGB355(10),4.942,4.942
2024-07-11,10Y,1.0847,3,JGB149(20)|JGB15(30)|JGB375(10),9.941,9.941
2024-07-11,20Y,1.9225,2,JGB WI(20)-07|JGB43(30),19.943,19.943
2024-07-11,30Y,2.22,1,JGB83(30),29.941,29.941
2024-07-11,40Y,2.408,1,JGB17(40),39.691,39.691
2024-07-12,2Y,0.3236,5,JGB148(5)|JGB343(10)|JGB462(2)|JGB88(20)|JGB89(20),1.938,1.969
2024-07-12,5Y,0.602,5,GXJGB WI(5)-07|JGB111(20)|JGB112(20)|JGB170(5)|JGB355(10),4.939,4.939
2024-07-12,10Y,1.08,3,JGB149(20)|JGB15(30)|JGB375(10),9.938,9.938
2024-07-12,20Y,1.909,2,JGB189(20)|JGB43(30),19.94,19.94
2024-07-12,30Y,2.22,1,JGB83(30),29.938,29.938
2024-07-12,40Y,2.412,1,JGB17(40),39.688,39.688
2024-07-16,2Y,0.3146,5,JGB148(5)|JGB343(10)|JGB462(2)|JGB88(20)|JGB89(20),1.927,1.958
2024-07-16,5Y,0.5768,5,GXJGB WI(5)-07|JGB111(20)|JGB112(20)|JGB170(5)|JGB355(10),4.928,4.928
2024-07-16,10Y,1.0463,3,JGB149(20)|JGB15(30)|JGB375(10),9.927,9.927
2024-07-16,20Y,1.8695,2,JGB189(20)|JGB43(30),19.929,19.929
2024-07-16,30Y,2.176,1,JGB83(30),29.927,29.927
2024-07-16,40Y,2.381,1,JGB17(40),39.677,39.677
2024-07-17,2Y,0.2992,5,JGB148(5)|JGB343(10)|JGB462(2)|JGB88(20)|JGB89(20),1.925,1.955
2024-07-17,5Y,0.5572,5,GXJGB WI(5)-07|JGB111(20)|JGB112(20)|JGB170(5)|JGB355(10),4.925,4.925
2024-07-17,10Y,1.0227,3,JGB149(20)|JGB15(30)|JGB375(10),9.925,9.925
2024-07-17,20Y,1.8565,2,JGB189(20)|JGB43(30),19.926,19.926
2024-07-17,30Y,2.167,1,JGB83(30),29.925,29.925
2024-07-17,40Y,2.37,1,JGB17(40),39.674,39.674
2024-07-18,2Y,0.309,5,JGB148(5)|JGB343(10)|JGB462(2)|JGB88(20)|JGB89(20),1.922,1.952
2024-07-18,5Y,0.5666,5,GXJGB WI(5)-07|JGB111(20)|JGB112(20)|JGB170(5)|JGB355(10),4.923,4.923
2024-07-18,10Y,1.032,3,JGB149(20)|JGB15(30)|JGB375(10),9.922,9.922
2024-07-18,20Y,1.8565,2,JGB189(20)|JGB43(30),19.923,19.923
2024-07-18,30Y,2.171,1,JGB83(30),29.922,29.922
2024-07-18,40Y,2.37,2,JGB WI(40)-07|JGB17(40),39.671,39.671
2024-07-19,2Y,0.3232,5,JGB148(5)|JGB343(10)|JGB462(2)|JGB88(20)|JGB89(20),1.919,1.949
2024-07-19,5Y,0.5828,5,GXJGB2(5)|JGB111(20)|JGB112(20)|JGB170(5)|JGB355(10),4.92,4.92
2024-07-19,10Y,1.0373,3,JGB149(20)|JGB15(30)|JGB375(10),9.919,9.919
2024-07-19,20Y,1.8475,2,JGB189(20)|JGB43(30),19.921,19.921
2024-07-19,30Y,2.158,1,JGB83(30),29.919,29.919
2024-07-19,40Y,2.3545,2,JGB WI(40)-07|JGB17(40),39.669,39.669
2024-07-22,2Y,0.349,2,JGB WI(2)-08|JGB462(2),1.941,2.026
2024-07-22,5Y,0.588,5,GXJGB2(5)|JGB111(20)|JGB112(20)|JGB170(5)|JGB355(10),4.912,4.912
2024-07-22,10Y,1.042,3,JGB149(20)|JGB15(30)|JGB375(10),9.911,9.911
2024-07-22,20Y,1.839,2,JGB189(20)|JGB43(30),19.912,19.912
2024-07-22,30Y,2.146,1,JGB83(30),29.911,29.911
2024-07-22,40Y,2.339,2,JGB WI(40)-07|JGB17(40),39.661,39.661
2024-07-23,2Y,0.344,2,JGB WI(2)-08|JGB462(2),1.938,2.023
2024-07-23,5Y,0.5886,5,GXJGB2(5)|JGB111(20)|JGB112(20)|JGB170(5)|JGB355(10),4.909,4.909
2024-07-23,10Y,1.0523,3,JGB149(20)|JGB15(30)|JGB375(10),9.908,9.908
2024-07-23,20Y,1.8605,2,JGB189(20)|JGB43(30),19.91,19.91
2024-07-23,30Y,2.175,1,JGB83(30),29.908,29.908
2024-07-23,40Y,2.37,2,JGB WI(40)-07|JGB17(40),39.658,39.658
2024-07-24,2Y,0.359,2,JGB WI(2)-08|JGB462(2),1.936,2.021
2024-07-24,5Y,0.599,5,GXJGB2(5)|JGB111(20)|JGB112(20)|JGB170(5)|JGB355(10),4.906,4.906
2024-07-24,10Y,1.0607,3,JGB149(20)|JGB15(30)|JGB375(10),9.906,9.906
2024-07-24,20Y,1.861,2,JGB189(20)|JGB43(30),19.907,19.907
2024-07-24,30Y,2.179,1,JGB83(30),29.906,29.906
2024-07-24,40Y,2.3775,2,JGB WI(40)-07|JGB17(40),39.655,39.655
2024-07-25,2Y,0.3735,2,JGB WI(2)-08|JGB462(2),1.933,2.018
2024-07-25,5Y,0.6142,5,GXJGB2(5)|JGB111(20)|JGB112(20)|JGB170(5)|JGB355(10),4.903,4.903
2024-07-25,10Y,1.0703,3,JGB149(20)|JGB15(30)|JGB375(10),9.903,9.903
2024-07-25,20Y,1.865,2,JGB189(20)|JGB43(30),19.904,19.904
2024-07-25,30Y,2.195,1,JGB83(30),29.903,29.903
2024-07-25,40Y,2.404,1,JGB17(40),39.652,39.652
2024-07-26,2Y,0.3995,2,JGB WI(2)-08|JGB462(2),1.93,2.015
2024-07-26,5Y,0.629,5,GXJGB2(5)|JGB111(20)|JGB112(20)|JGB170(5)|JGB355(10),4.901,4.901
2024-07-26,10Y,1.0647,3,JGB149(20)|JGB15(30)|JGB375(10),9.9,9.9
2024-07-26,20Y,1.8435,2,JGB189(20)|JGB43(30),19.901,19.901
2024-07-26,30Y,2.167,1,JGB83(30),29.9,29.9
2024-07-26,40Y,2.374,1,JGB17(40),39.65,39.65
2024-07-29,2Y,0.402,2,JGB462(2)|JGB463(2),1.922,2.007
2024-07-29,5Y,0.6242,5,GXJGB2(5)|JGB111(20)|JGB112(20)|JGB170(5)|JGB355(10),4.893,4.893
2024-07-29,10Y,1.0553,3,JGB149(20)|JGB15(30)|JGB375(10),9.892,9.892
2024-07-29,20Y,1.8305,2,JGB189(20)|JGB43(30),19.893,19.893
2024-07-29,30Y,2.153,1,JGB83(30),29.892,29.892
2024-07-29,40Y,2.361,1,JGB17(40),39.641,39.641
2024-07-30,2Y,0.3865,2,JGB462(2)|JGB463(2),1.919,2.004
2024-07-30,5Y,0.599,5,GXJGB2(5)|JGB111(20)|JGB112(20)|JGB170(5)|JGB355(10),4.89,4.89
2024-07-30,10Y,1.0267,3,JGB149(20)|JGB15(30)|JGB375(10),9.889,9.889
2024-07-30,20Y,1.8085,2,JGB189(20)|JGB43(30),19.89,19.89
2024-07-30,30Y,2.129,1,JGB83(30),29.889,29.889
2024-07-30,40Y,2.339,1,JGB17(40),39.639,39.639
2024-07-31,2Y,0.374,1,JGB463(2),2.001,2.001
2024-07-31,5Y,0.5834,5,GXJGB2(5)|JGB111(20)|JGB112(20)|JGB170(5)|JGB355(10),4.887,4.887
2024-07-31,10Y,0.999,4,JGB WI(10)-08|JGB149(20)|JGB15(30)|JGB375(10),9.886,9.886
2024-07-31,20Y,1.795,2,JGB189(20)|JGB43(30),19.888,19.888
2024-07-31,30Y,2.129,1,JGB83(30),29.886,29.886
2024-07-31,40Y,2.35,1,JGB17(40),39.636,39.636
2024-08-01,2Y,0.45,1,JGB463(2),1.999,1.999
2024-08-01,5Y,0.663,5,GXJGB2(5)|JGB111(20)|JGB112(20)|JGB170(5)|JGB355(10),4.884,4.884
2024-08-01,10Y,1.0582,4,JGB WI(10)-08|JGB149(20)|JGB15(30)|JGB375(10),9.884,9.884
2024-08-01,20Y,1.8395,2,JGB189(20)|JGB43(30),19.885,19.885
2024-08-01,30Y,2.175,1,JGB83(30),29.884,29.884
2024-08-01,40Y,2.385,1,JGB17(40),39.633,39.633
2024-08-02,2Y,0.46,1,JGB463(2),1.996,1.996
2024-08-02,5Y,0.6502,5,GXJGB2(5)|JGB111(20)|JGB112(20)|JGB170(5)|JGB355(10),4.882,4.882
2024-08-02,10Y,1.0342,4,JGB WI(10)-08|JGB149(20)|JGB15(30)|JGB375(10),9.881,9.881
2024-08-02,20Y,1.8035,2,JGB189(20)|JGB43(30),19.882,19.882
2024-08-02,30Y,2.15,2,JGB WI(30)-08|JGB83(30),29.881,29.881
2024-08-02,40Y,2.35,1,JGB17(40),39.63,39.63
2024-08-05,2Y,0.41,1,JGB463(2),1.988,1.988
2024-08-05,5Y,0.578,3,JGB1(30)|JGB113(20)|JGB356(10),5.125,5.125
2024-08-05,10Y,0.9875,2,JGB150(20)|JGB16(30),10.125,10.125
2024-08-05,20Y,1.7457,3,JGB189(20)|JGB43(30)|JGB44(30),19.874,20.126
2024-08-05,30Y,2.096,2,JGB WI(30)-08|JGB83(30),29.873,29.873
2024-08-05,40Y,2.291,1,JGB17(40),39.622,39.622
2024-08-06,2Y,0.263,1,JGB463(2),1.985,1.985
2024-08-06,5Y,0.366,3,JGB1(30)|JGB113(20)|JGB356(10),5.123,5.123
2024-08-06,10Y,0.7895,2,JGB150(20)|JGB16(30),10.122,10.122
2024-08-06,20Y,1.584,1,JGB44(30),20.123,20.123
2024-08-06,30Y,1.9545,2,JGB WI(30)-08|JGB83(30),29.87,29.87
2024-08-06,40Y,2.147,1,JGB17(40),39.619,39.619
2024-08-07,2Y,0.288,1,JGB463(2),1.982,1.982
2024-08-07,5Y,0.4363,3,JGB1(30)|JGB113(20)|JGB356(10),5.12,5.12
2024-08-07,10Y,0.9205,2,JGB150(20)|JGB16(30),10.119,10.119
2024-08-07,20Y,1.746,1,JGB44(30),20.12,20.12
2024-08-07,30Y,2.116,2,JGB WI(30)-08|JGB83(30),29.867,29.867
2024-08-07,40Y,2.307,1,JGB17(40),39.617,39.617
2024-08-08,2Y,0.268,1,JGB463(2),1.979,1.979
2024-08-08,5Y,0.4207,3,JGB1(30)|JGB113(20)|JGB356(10),5.117,5.117
2024-08-08,10Y,0.9115,2,JGB150(20)|JGB16(30),10.116,10.116
2024-08-08,20Y,1.796,1,JGB44(30),20.118,20.118
2024-08-08,30Y,2.1875,2,JGB WI(30)-08|JGB83(30),29.864,29.864
2024-08-08,40Y,2.389,1,JGB17(40),39.614,39.614
2024-08-09,2Y,0.268,1,JGB463(2),1.977,1.977
2024-08-09,5Y,0.4113,3,JGB1(30)|JGB113(20)|JGB356(10),5.114,5.114
2024-08-09,10Y,0.865,2,JGB150(20)|JGB16(30),10.114,10.114
2024-08-09,20Y,1.728,1,JGB44(30),20.115,20.115
2024-08-09,30Y,2.104,1,JGB83(30),29.862,29.862
2024-08-09,40Y,2.295,1,JGB17(40),39.611,39.611
2024-08-13,2Y,0.298,1,JGB463(2),1.966,1.966
2024-08-13,5Y,0.4457,3,JGB1(30)|JGB113(20)|JGB356(10),5.103,5.103
2024-08-13,10Y,0.8905,2,JGB150(20)|JGB16(30),10.103,10.103
2024-08-13,20Y,1.74,1,JGB44(30),20.104,20.104
2024-08-13,30Y,2.079,1,JGB83(30),29.851,29.851
2024-08-13,40Y,2.264,1,JGB17(40),39.6,39.6
2024-08-14,2Y,0.297,1,JGB463(2),1.963,1.963
2024-08-14,5Y,0.4443,3,JGB1(30)|JGB113(20)|JGB356(10),5.101,5.101
2024-08-14,10Y,0.8755,2,JGB150(20)|JGB16(30),10.1,10.1
2024-08-14,20Y,1.731,1,JGB44(30),20.101,20.101
2024-08-14,30Y,2.079,1,JGB83(30),29.848,29.848
2024-08-14,40Y,2.271,1,JGB17(40),39.598,39.598
2024-08-15,2Y,0.292,1,JGB463(2),1.96,1.96
2024-08-15,5Y,0.4277,3,JGB1(30)|JGB113(20)|JGB356(10),5.098,5.098
2024-08-15,10Y,0.8395,2,JGB150(20)|JGB16(30),10.097,10.097
2024-08-15,20Y,1.691,1,JGB44(30),20.099,20.099
2024-08-15,30Y,2.049,1,JGB83(30),29.845,29.845
2024-08-15,40Y,2.244,1,JGB17(40),39.595,39.595
2024-08-16,2Y,0.318,1,JGB463(2),1.958,1.958
2024-08-16,5Y,0.446,3,JGB1(30)|JGB113(20)|JGB356(10),5.095,5.095
2024-08-16,10Y,0.8695,2,JGB150(20)|JGB16(30),10.094,10.094
2024-08-16,20Y,1.695,1,JGB44(30),20.096,20.096
2024-08-16,30Y,2.049,1,JGB83(30),29.843,29.843
2024-08-16,40Y,2.244,1,JGB17(40),39.592,39.592
2024-08-19,2Y,0.353,1,JGB463(2),1.949,1.949
2024-08-19,5Y,0.4923,3,JGB1(30)|JGB113(20)|JGB356(10),5.087,5.087
2024-08-19,10Y,0.907,2,JGB150(20)|JGB16(30),10.086,10.086
2024-08-19,20Y,1.727,1,JGB44(30),20.088,20.088
2024-08-19,30Y,2.066,1,JGB83(30),29.834,29.834
2024-08-19,40Y,2.263,1,JGB17(40),39.584,39.584
2024-08-20,2Y,0.369,1,JGB463(2),1.947,1.947
2024-08-20,5Y,0.5067,3,JGB1(30)|JGB113(20)|JGB356(10),5.084,5.084
2024-08-20,10Y,0.9245,2,JGB150(20)|JGB16(30),10.084,10.084
2024-08-20,20Y,1.757,1,JGB44(30),20.085,20.085
2024-08-20,30Y,2.091,1,JGB83(30),29.832,29.832
2024-08-20,40Y,2.291,1,JGB17(40),39.581,39.581
2024-08-21,2Y,0.3532,5,JGB149(5)|JGB344(10)|JGB463(2)|JGB90(20)|JGB91(20),1.944,2.081
2024-08-21,5Y,0.496,3,JGB1(30)|JGB113(20)|JGB356(10),5.081,5.081
2024-08-21,10Y,0.9255,2,JGB150(20)|JGB16(30),10.081,10.081
2024-08-21,20Y,1.766,1,JGB44(30),20.082,20.082
2024-08-21,30Y,2.116,1,JGB83(30),29.829,29.829
2024-08-21,40Y,2.315,1,JGB17(40),39.578,39.578
2024-08-22,2Y,0.3458,5,JGB149(5)|JGB344(10)|JGB463(2)|JGB90(20)|JGB91(20),1.941,2.078
2024-08-22,5Y,0.4767,3,JGB1(30)|JGB113(20)|JGB356(10),5.079,5.079
2024-08-22,10Y,0.905,2,JGB150(20)|JGB16(30),10.078,10.078
2024-08-22,20Y,1.739,1,JGB44(30),20.079,20.079
2024-08-22,30Y,2.099,1,JGB83(30),29.826,29.826
2024-08-22,40Y,2.307,1,JGB17(40),39.576,39.576
2024-08-23,2Y,0.3595,6,JGB WI(2)-09|JGB149(5)|JGB344(10)|JGB463(2)|JGB90(20)|JGB91(20),1.938,2.075
2024-08-23,5Y,0.4817,3,JGB1(30)|JGB113(20)|JGB356(10),5.076,5.076
2024-08-23,10Y,0.9095,2,JGB150(20)|JGB16(30),10.075,10.075
2024-08-23,20Y,1.726,1,JGB44(30),20.077,20.077
2024-08-23,30Y,2.083,1,JGB83(30),29.823,29.823
2024-08-23,40Y,2.287,1,JGB17(40),39.573,39.573
2024-08-26,2Y,0.3685,6,JGB WI(2)-09|JGB149(5)|JGB344(10)|JGB463(2)|JGB90(20)|JGB91(20),1.93,2.067
2024-08-26,5Y,0.498,3,JGB1(30)|JGB113(20)|JGB356(10),5.068,5.068
2024-08-26,10Y,0.9305,2,JGB150(20)|JGB16(30),10.067,10.067
2024-08-26,20Y,1.736,1,JGB44(30),20.068,20.068
2024-08-26,30Y,2.084,1,JGB83(30),29.815,29.815
2024-08-26,40Y,2.287,1,JGB17(40),39.565,39.565
2024-08-27,2Y,0.36,6,JGB WI(2)-09|JGB149(5)|JGB344(10)|JGB463(2)|JGB90(20)|JGB91(20),1.927,2.064
2024-08-27,5Y,0.487,3,JGB1(30)|JGB113(20)|JGB356(10),5.065,5.065
2024-08-27,10Y,0.9195,2,JGB150(20)|JGB16(30),10.064,10.064
2024-08-27,20Y,1.731,1,JGB44(30),20.066,20.066
2024-08-27,30Y,2.09,1,JGB83(30),29.812,29.812
2024-08-27,40Y,2.298,1,JGB17(40),39.562,39.562
2024-08-28,2Y,0.365,6,JGB WI(2)-09|JGB149(5)|JGB344(10)|JGB463(2)|JGB90(20)|JGB91(20),1.925,2.062
2024-08-28,5Y,0.493,3,JGB1(30)|JGB113(20)|JGB356(10),5.062,5.062
2024-08-28,10Y,0.9145,2,JGB150(20)|JGB16(30),10.062,10.062
2024-08-28,20Y,1.717,1,JGB44(30),20.063,20.063
2024-08-28,30Y,2.074,1,JGB83(30),29.81,29.81
2024-08-28,40Y,2.283,1,JGB17(40),39.559,39.559
2024-08-29,2Y,0.3747,6,JGB WI(2)-09|JGB149(5)|JGB344(10)|JGB463(2)|JGB90(20)|JGB91(20),1.922,2.059
2024-08-29,5Y,0.5017,3,JGB1(30)|JGB113(20)|JGB356(10),5.06,5.06
2024-08-29,10Y,0.9305,2,JGB150(20)|JGB16(30),10.059,10.059
2024-08-29,20Y,1.717,1,JGB44(30),20.06,20.06
2024-08-29,30Y,2.07,1,JGB83(30),29.807,29.807
2024-08-29,40Y,2.28,1,JGB17(40),39.556,39.556
2024-08-30,2Y,0.3625,6,JGB149(5)|JGB344(10)|JGB463(2)|JGB464(2)|JGB90(20)|JGB91(20),1.919,2.056
2024-08-30,5Y,0.4923,3,JGB1(30)|JGB113(20)|JGB356(10),5.057,5.057
2024-08-30,10Y,0.9255,2,JGB150(20)|JGB16(30),10.056,10.056
2024-08-30,20Y,1.739,1,JGB44(30),20.057,20.057
2024-08-30,30Y,2.0955,2,JGB WI(30)-09|JGB83(30),29.804,29.804
2024-08-30,40Y,2.303,1,JGB17(40),39.554,39.554
2024-09-02,2Y,0.3626,5,JGB149(5)|JGB344(10)|JGB464(2)|JGB90(20)|JGB91(20),1.996,2.048
2024-09-02,5Y,0.4913,3,JGB1(30)|JGB113(20)|JGB356(10),5.049,5.049
2024-09-02,10Y,0.9305,2,JGB150(20)|JGB16(30),10.048,10.048
2024-09-02,20Y,1.739,1,JGB44(30),20.049,20.049
2024-09-02,30Y,2.1085,2,JGB WI(30)-09|JGB83(30),29.796,29.796
2024-09-02,40Y,2.327,1,JGB17(40),39.546,39.546
2024-09-03,2Y,0.3668,5,JGB149(5)|JGB344(10)|JGB464(2)|JGB90(20)|JGB91(20),1.993,2.045
2024-09-03,5Y,0.5073,3,JGB1(30)|JGB113(20)|JGB356(10),5.046,5.046
2024-09-03,10Y,0.9435,2,JGB150(20)|JGB16(30),10.045,10.045
2024-09-03,20Y,1.752,1,JGB44(30),20.047,20.047
2024-09-03,30Y,2.12,2,JGB WI(30)-09|JGB83(30),29.793,29.793
2024-09-03,40Y,2.346,1,JGB17(40),39.543,39.543
2024-09-04,2Y,0.3848,5,JGB149(5)|JGB344(10)|JGB464(2)|JGB90(20)|JGB91(20),1.99,2.042
2024-09-04,5Y,0.5243,3,JGB1(30)|JGB113(20)|JGB356(10),5.043,5.043
2024-09-04,10Y,0.9575,2,JGB150(20)|JGB16(30),10.042,10.042
2024-09-04,20Y,1.752,1,JGB44(30),20.044,20.044
2024-09-04,30Y,2.1135,2,JGB WI(30)-09|JGB83(30),29.791,29.791
2024-09-04,40Y,2.335,1,JGB17(40),39.54,39.54
2024-09-05,2Y,0.372,5,JGB149(5)|JGB344(10)|JGB464(2)|JGB90(20)|JGB91(20),1.988,2.04
2024-09-05,5Y,0.5003,3,JGB1(30)|JGB113(20)|JGB356(10),5.04,5.04
2024-09-05,10Y,0.918,2,JGB150(20)|JGB16(30),10.04,10.04
2024-09-05,20Y,1.726,1,JGB44(30),20.041,20.041
2024-09-05,30Y,2.088,2,JGB WI(30)-09|JGB83(30),29.788,29.788
2024-09-05,40Y,2.311,1,JGB17(40),39.537,39.537
2024-09-06,2Y,0.3712,5,JGB149(5)|JGB344(10)|JGB464(2)|JGB90(20)|JGB91(20),1.985,2.037
2024-09-06,5Y,0.4973,3,JGB1(30)|JGB113(20)|JGB356(10),5.038,5.038
2024-09-06,10Y,0.905,2,JGB150(20)|JGB16(30),10.037,10.037
2024-09-06,20Y,1.713,1,JGB44(30),20.038,20.038
2024-09-06,30Y,2.066,1,JGB83(30),29.785,29.785
2024-09-06,40Y,2.287,1,JGB17(40),39.535,39.535
2024-09-09,2Y,0.3724,5,JGB149(5)|JGB344(10)|JGB464(2)|JGB90(20)|JGB91(20),1.977,2.029
2024-09-09,5Y,0.486,3,JGB1(30)|JGB113(20)|JGB356(10),5.029,5.029
2024-09-09,10Y,0.8805,2,JGB150(20)|JGB16(30),10.029,10.029
2024-09-09,20Y,1.69,1,JGB44(30),20.03,20.03
2024-09-09,30Y,2.041,1,JGB83(30),29.777,29.777
2024-09-09,40Y,2.256,1,JGB17(40),39.526,39.526
2024-09-10,2Y,0.3928,5,JGB149(5)|JGB344(10)|JGB464(2)|JGB90(20)|JGB91(20),1.974,2.026
2024-09-10,5Y,0.5123,3,JGB1(30)|JGB113(20)|JGB356(10),5.027,5.027
2024-09-10,10Y,0.9245,2,JGB150(20)|JGB16(30),10.026,10.026
2024-09-10,20Y,1.722,1,JGB44(30),20.027,20.027
2024-09-10,30Y,2.073,1,JGB83(30),29.774,29.774
2024-09-10,40Y,2.283,1,JGB17(40),39.524,39.524
2024-09-11,2Y,0.3916,5,JGB149(5)|JGB344(10)|JGB464(2)|JGB90(20)|JGB91(20),1.971,2.023
2024-09-11,5Y,0.516,3,JGB1(30)|JGB113(20)|JGB356(10),5.024,5.024
2024-09-11,10Y,0.924,2,JGB150(20)|JGB16(30),10.023,10.023
2024-09-11,20Y,1.731,1,JGB44(30),20.025,20.025
2024-09-11,30Y,2.087,1,JGB83(30),29.771,29.771
2024-09-11,40Y,2.299,1,JGB17(40),39.521,39.521
2024-09-12,2Y,0.374,5,JGB149(5)|JGB344(10)|JGB464(2)|JGB90(20)|JGB91(20),1.969,2.021
2024-09-12,5Y,0.4857,3,JGB1(30)|JGB113(20)|JGB356(10),5.021,5.021
2024-09-12,10Y,0.8835,2,JGB150(20)|JGB16(30),10.021,10.021
2024-09-12,20Y,1.7,1,JGB44(30),20.022,20.022
2024-09-12,30Y,2.074,1,JGB83(30),29.769,29.769
2024-09-12,40Y,2.295,1,JGB17(40),39.518,39.518
2024-09-13,2Y,0.3832,5,JGB149(5)|JGB344(10)|JGB464(2)|JGB90(20)|JGB91(20),1.966,2.018
2024-09-13,5Y,0.5013,3,JGB1(30)|JGB113(20)|JGB356(10),5.018,5.018
2024-09-13,10Y,0.8985,2,JGB150(20)|JGB16(30),10.018,10.018
2024-09-13,20Y,1.704,1,JGB44(30),20.019,20.019
2024-09-13,30Y,2.07,1,JGB83(30),29.766,29.766
2024-09-13,40Y,2.299,1,JGB17(40),39.515,39.515
2024-09-17,2Y,0.3804,5,JGB149(5)|JGB344(10)|JGB464(2)|JGB90(20)|JGB91(20),1.955,2.007
2024-09-17,5Y,0.4907,3,JGB1(30)|JGB113(20)|JGB356(10),5.008,5.008
2024-09-17,10Y,0.878,2,JGB150(20)|JGB16(30),10.007,10.007
2024-09-17,20Y,1.673,1,JGB44(30),20.008,20.008
2024-09-17,30Y,2.041,1,JGB83(30),29.755,29.755
2024-09-17,40Y,2.271,1,JGB17(40),39.504,39.504
2024-09-18,2Y,0.374,5,JGB149(5)|JGB344(10)|JGB464(2)|JGB90(20)|JGB91(20),1.952,2.004
2024-09-18,5Y,0.4813,3,JGB1(30)|JGB113(20)|JGB356(10),5.005,5.005
2024-09-18,10Y,0.864,2,JGB150(20)|JGB16(30),10.004,10.004
2024-09-18,20Y,1.66,1,JGB44(30),20.005,20.005
2024-09-18,30Y,2.015,1,JGB83(30),29.752,29.752
2024-09-18,40Y,2.244,1,JGB17(40),39.502,39.502
2024-09-19,2Y,0.3672,5,JGB149(5)|JGB344(10)|JGB464(2)|JGB90(20)|JGB91(20),1.949,2.001
2024-09-19,5Y,0.4713,3,JGB1(30)|JGB113(20)|JGB356(10),5.002,5.002
2024-09-19,10Y,0.86,2,JGB150(20)|JGB16(30),10.001,10.001
2024-09-19,20Y,1.674,1,JGB44(30),20.003,20.003
2024-09-19,30Y,2.019,1,JGB83(30),29.749,29.749
2024-09-19,40Y,2.244,1,JGB17(40),39.499,39.499
2024-09-20,2Y,0.3762,5,JGB149(5)|JGB344(10)|JGB464(2)|JGB90(20)|JGB91(20),1.947,1.999
2024-09-20,5Y,0.487,3,JGB1(30)|JGB113(20)|JGB356(10),4.999,4.999
2024-09-20,10Y,0.89,2,JGB150(20)|JGB16(30),9.999,9.999
2024-09-20,20Y,1.722,1,JGB44(30),20.0,20.0
2024-09-20,30Y,2.079,1,JGB83(30),29.747,29.747
2024-09-20,40Y,2.31,2,JGB WI(40)-09|JGB17(40),39.496,39.496
2024-09-24,2Y,0.3862,6,JGB WI(2)-10|JGB149(5)|JGB344(10)|JGB464(2)|JGB90(20)|JGB91(20),1.936,2.018
2024-09-24,5Y,0.5023,3,JGB1(30)|JGB113(20)|JGB356(10),4.988,4.988
2024-09-24,10Y,0.8995,2,JGB150(20)|JGB16(30),9.988,9.988
2024-09-24,20Y,1.73,1,JGB44(30),19.989,19.989
2024-09-24,30Y,2.1,1,JGB83(30),29.736,29.736
2024-09-24,40Y,2.3435,2,JGB WI(40)-09|JGB17(40),39.485,39.485
2024-09-25,2Y,0.3408,6,JGB WI(2)-10|JGB149(5)|JGB344(10)|JGB464(2)|JGB90(20)|JGB91(20),1.933,2.015
2024-09-25,5Y,0.4503,3,JGB1(30)|JGB113(20)|JGB356(10),4.986,4.986
2024-09-25,10Y,0.844,2,JGB150(20)|JGB16(30),9.985,9.985
2024-09-25,20Y,1.691,1,JGB44(30),19.986,19.986
2024-09-25,30Y,2.079,1,JGB83(30),29.733,29.733
2024-09-25,40Y,2.324,2,JGB WI(40)-09|JGB17(40),39.483,39.483
2024-09-26,2Y,0.3443,6,JGB WI(2)-10|JGB149(5)|JGB344(10)|JGB464(2)|JGB90(20)|JGB91(20),1.93,2.012
2024-09-26,5Y,0.4567,3,JGB1(30)|JGB113(20)|JGB356(10),4.983,4.983
2024-09-26,10Y,0.8465,2,JGB150(20)|JGB16(30),9.982,9.982
2024-09-26,20Y,1.674,1,JGB44(30),19.984,19.984
2024-09-26,30Y,2.057,1,JGB83(30),29.73,29.73
2024-09-26,40Y,2.2995,2,JGB WI(40)-09|JGB17(40),39.48,39.48
2024-09-27,2Y,0.339,6,JGB WI(2)-10|JGB149(5)|JGB344(10)|JGB464(2)|JGB90(20)|JGB91(20),1.927,2.01
2024-09-27,5Y,0.4613,3,JGB1(30)|JGB113(20)|JGB356(10),4.98,4.98
2024-09-27,10Y,0.8697,3,JGB WI(10)-10|JGB150(20)|JGB16(30),9.979,9.979
2024-09-27,20Y,1.704,1,JGB44(30),19.981,19.981
2024-09-27,30Y,2.096,1,JGB83(30),29.728,29.728
2024-09-27,40Y,2.342,1,JGB17(40),39.477,39.477
2024-09-30,2Y,0.315,6,JGB WI(2)-10|JGB149(5)|JGB344(10)|JGB464(2)|JGB90(20)|JGB91(20),1.919,2.001
2024-09-30,5Y,0.4353,3,JGB1(30)|JGB113(20)|JGB356(10),4.972,4.972
2024-09-30,10Y,0.8447,3,JGB WI(10)-10|JGB150(20)|JGB16(30),9.971,9.971
2024-09-30,20Y,1.708,1,JGB44(30),19.973,19.973
2024-09-30,30Y,2.116,1,JGB83(30),29.719,29.719
2024-09-30,40Y,2.361,1,JGB17(40),39.469,39.469
2024-10-01,2Y,0.38,5,JGB149(5)|JGB344(10)|JGB465(2)|JGB90(20)|JGB91(20),1.969,1.999
2024-10-01,5Y,0.496,3,JGB1(30)|JGB113(20)|JGB356(10),4.969,4.969
2024-10-01,10Y,0.8897,3,JGB WI(10)-10|JGB150(20)|JGB16(30),9.969,9.969
2024-10-01,20Y,1.708,1,JGB44(30),19.97,19.97
2024-10-01,30Y,2.087,1,JGB83(30),29.717,29.717
2024-10-01,40Y,2.331,1,JGB17(40),39.466,39.466
2024-10-02,2Y,0.3754,5,JGB149(5)|JGB344(10)|JGB465(2)|JGB90(20)|JGB91(20),1.966,1.996
2024-10-02,5Y,0.4947,3,JGB1(30)|JGB113(20)|JGB356(10),4.966,4.966
2024-10-02,10Y,0.8897,3,JGB WI(10)-10|JGB150(20)|JGB16(30),9.966,9.966
2024-10-02,20Y,1.708,1,JGB44(30),19.967,19.967
2024-10-02,30Y,2.095,1,JGB WI(30)-10,29.966,29.966
2024-10-02,40Y,2.331,1,JGB17(40),39.463,39.463
2024-10-03,2Y,0.3542,5,JGB149(5)|JGB344(10)|JGB465(2)|JGB90(20)|JGB91(20),1.963,1.993
2024-10-03,5Y,0.474,3,JGB1(30)|JGB113(20)|JGB356(10),4.964,4.964
2024-10-03,10Y,0.8547,3,JGB WI(10)-10|JGB150(20)|JGB16(30),9.963,9.963
2024-10-03,20Y,1.682,1,JGB44(30),19.964,19.964
2024-10-03,30Y,2.09,1,JGB WI(30)-10,29.963,29.963
2024-10-03,40Y,2.327,1,JGB17(40),39.461,39.461
2024-10-04,2Y,0.3524,5,JGB149(5)|JGB344(10)|JGB465(2)|JGB90(20)|JGB91(20),1.96,1.99
2024-10-04,5Y,0.4798,4,JGB WI(5)-10|JGB1(30)|JGB113(20)|JGB356(10),4.961,4.961
2024-10-04,10Y,0.8603,3,JGB150(20)|JGB16(30)|JGB376(10),9.96,9.96
2024-10-04,20Y,1.686,1,JGB44(30),19.962,19.962
2024-10-04,30Y,2.1,1,JGB WI(30)-10,29.96,29.96
2024-10-04,40Y,2.339,1,JGB17(40),39.458,39.458
2024-10-07,2Y,0.3576,5,JGB149(5)|JGB344(10)|JGB465(2)|JGB90(20)|JGB91(20),1.952,1.982
2024-10-07,5Y,0.4968,4,JGB WI(5)-10|JGB1(30)|JGB113(20)|JGB356(10),4.953,4.953
2024-10-07,10Y,0.88,3,JGB150(20)|JGB16(30)|JGB376(10),9.952,9.952
2024-10-07,20Y,1.695,1,JGB44(30),19.953,19.953
2024-10-07,30Y,2.1,1,JGB WI(30)-10,29.952,29.952
2024-10-07,40Y,2.335,1,JGB17(40),39.45,39.45
2024-10-08,2Y,0.3966,5,JGB149(5)|JGB344(10)|JGB465(2)|JGB90(20)|JGB91(20),1.949,1.979
2024-10-08,5Y,0.5468,4,JGB WI(5)-10|JGB1(30)|JGB113(20)|JGB356(10),4.95,4.95
2024-10-08,10Y,0.92,3,JGB150(20)|JGB16(30)|JGB376(10),9.949,9.949
2024-10-08,20Y,1.735,1,JGB44(30),19.951,19.951
2024-10-08,30Y,2.13,1,JGB WI(30)-10,29.949,29.949
2024-10-08,40Y,2.366,1,JGB17(40),39.447,39.447
2024-10-09,2Y,0.397,5,JGB149(5)|JGB344(10)|JGB465(2)|JGB90(20)|JGB91(20),1.947,1.977
2024-10-09,5Y,0.5513,4,JGB WI(5)-10|JGB1(30)|JGB113(20)|JGB356(10),4.947,4.947
2024-10-09,10Y,0.9203,3,JGB150(20)|JGB16(30)|JGB376(10),9.947,9.947
2024-10-09,20Y,1.739,1,JGB44(30),19.948,19.948
2024-10-09,30Y,2.124,1,JGB84(30),29.947,29.947
2024-10-09,40Y,2.369,1,JGB17(40),39.444,39.444
2024-10-10,2Y,0.3962,5,JGB149(5)|JGB344(10)|JGB465(2)|JGB90(20)|JGB91(20),1.944,1.974
2024-10-10,5Y,0.5585,4,JGB WI(5)-10|JGB1(30)|JGB113(20)|JGB356(10),4.945,4.945
2024-10-10,10Y,0.9297,3,JGB150(20)|JGB16(30)|JGB376(10),9.944,9.944
2024-10-10,20Y,1.753,1,JGB44(30),19.945,19.945
2024-10-10,30Y,2.141,1,JGB84(30),29.944,29.944
2024-10-10,40Y,2.393,1,JGB17(40),39.441,39.441
2024-10-11,2Y,0.4032,5,JGB149(5)|JGB344(10)|JGB465(2)|JGB90(20)|JGB91(20),1.941,1.971
2024-10-11,5Y,0.5772,4,JGB1(30)|JGB113(20)|JGB173(5)|JGB356(10),4.942,4.942
2024-10-11,10Y,0.953,3,JGB150(20)|JGB16(30)|JGB376(10),9.941,9.941
2024-10-11,20Y,1.779,1,JGB44(30),19.943,19.943
2024-10-11,30Y,2.17,1,JGB84(30),29.941,29.941
2024-10-11,40Y,2.431,1,JGB17(40),39.439,39.439
2024-10-15,2Y,0.4036,5,JGB149(5)|JGB344(10)|JGB465(2)|JGB90(20)|JGB91(20),1.93,1.96
2024-10-15,5Y,0.5715,4,JGB1(30)|JGB113(20)|JGB173(5)|JGB356(10),4.931,4.931
2024-10-15,10Y,0.943,3,JGB150(20)|JGB16(30)|JGB376(10),9.93,9.93
2024-10-15,20Y,1.766,1,JGB44(30),19.932,19.932
2024-10-15,30Y,2.153,1,JGB84(30),29.93,29.93
2024-10-15,40Y,2.42,1,JGB17(40),39.428,39.428
2024-10-16,2Y,0.4126,5,JGB149(5)|JGB344(10)|JGB465(2)|JGB90(20)|JGB91(20),1.927,1.958
2024-10-16,5Y,0.587,4,JGB1(30)|JGB113(20)|JGB173(5)|JGB356(10),4.928,4.928
2024-10-16,10Y,0.967,3,JGB150(20)|JGB16(30)|JGB376(10),9.927,9.927
2024-10-16,20Y,1.779,1,JGB44(30),19.929,19.929
2024-10-16,30Y,2.154,1,JGB84(30),29.927,29.927
2024-10-16,40Y,2.42,1,JGB17(40),39.425,39.425
2024-10-17,2Y,0.4136,5,JGB149(5)|JGB344(10)|JGB465(2)|JGB90(20)|JGB91(20),1.925,1.955
2024-10-17,5Y,0.5722,4,JGB1(30)|JGB113(20)|JGB173(5)|JGB356(10),4.925,4.925
2024-10-17,10Y,0.9477,3,JGB150(20)|JGB16(30)|JGB376(10),9.925,9.925
2024-10-17,20Y,1.766,1,JGB44(30),19.926,19.926
2024-10-17,30Y,2.144,1,JGB84(30),29.925,29.925
2024-10-17,40Y,2.408,1,JGB17(40),39.422,39.422
2024-10-18,2Y,0.4232,5,JGB149(5)|JGB344(10)|JGB465(2)|JGB90(20)|JGB91(20),1.922,1.952
2024-10-18,5Y,0.5817,4,JGB1(30)|JGB113(20)|JGB173(5)|JGB356(10),4.923,4.923
2024-10-18,10Y,0.9577,3,JGB150(20)|JGB16(30)|JGB376(10),9.922,9.922
2024-10-18,20Y,1.765,2,JGB WI(20)-10|JGB44(30),19.923,19.923
2024-10-18,30Y,2.129,1,JGB84(30),29.922,29.922
2024-10-18,40Y,2.382,1,JGB17(40),39.42,39.42
2024-10-21,2Y,0.436,1,JGB465(2),1.944,1.944
2024-10-21,5Y,0.5827,4,JGB1(30)|JGB113(20)|JGB173(5)|JGB356(10),4.914,4.914
2024-10-21,10Y,0.9623,3,JGB150(20)|JGB16(30)|JGB376(10),9.914,9.914
2024-10-21,20Y,1.7795,2,JGB WI(20)-10|JGB44(30),19.915,19.915
2024-10-21,30Y,2.137,1,JGB84(30),29.914,29.914
2024-10-21,40Y,2.385,1,JGB17(40),39.411,39.411
2024-10-22,2Y,0.431,1,JGB465(2),1.941,1.941
2024-10-22,5Y,0.5735,4,JGB1(30)|JGB113(20)|JGB173(5)|JGB356(10),4.912,4.912
2024-10-22,10Y,0.952,3,JGB150(20)|JGB16(30)|JGB376(10),9.911,9.911
2024-10-22,20Y,1.783,2,JGB WI(20)-10|JGB44(30),19.912,19.912
2024-10-22,30Y,2.154,1,JGB84(30),29.911,29.911
2024-10-22,40Y,2.405,1,JGB17(40),39.409,39.409
2024-10-23,2Y,0.4535,2,JGB WI(2)-11|JGB465(2),1.938,2.023
2024-10-23,5Y,0.5942,4,JGB1(30)|JGB113(20)|JGB173(5)|JGB356(10),4.909,4.909
2024-10-23,10Y,0.9727,3,JGB150(20)|JGB16(30)|JGB376(10),9.908,9.908
2024-10-23,20Y,1.8045,2,JGB WI(20)-10|JGB44(30),19.91,19.91
2024-10-23,30Y,2.186,1,JGB84(30),29.908,29.908
2024-10-23,40Y,2.447,1,JGB17(40),39.406,39.406
2024-10-24,2Y,0.448,2,JGB WI(2)-11|JGB465(2),1.936,2.021
2024-10-24,5Y,0.5897,4,JGB1(30)|JGB113(20)|JGB173(5)|JGB356(10),4.906,4.906
2024-10-24,10Y,0.9723,3,JGB150(20)|JGB16(30)|JGB376(10),9.906,9.906
2024-10-24,20Y,1.8095,2,JGB WI(20)-10|JGB44(30),19.907,19.907
2024-10-24,30Y,2.186,1,JGB84(30),29.906,29.906
2024-10-24,40Y,2.447,1,JGB17(40),39.403,39.403
2024-10-25,2Y,0.448,2,JGB WI(2)-11|JGB465(2),1.933,2.018
2024-10-25,5Y,0.578,4,JGB1(30)|JGB113(20)|JGB173(5)|JGB356(10),4.903,4.903
2024-10-25,10Y,0.9527,3,JGB150(20)|JGB16(30)|JGB376(10),9.903,9.903
2024-10-25,20Y,1.7955,2,JGB190(20)|JGB44(30),19.904,19.904
2024-10-25,30Y,2.182,1,JGB84(30),29.903,29.903
2024-10-25,40Y,2.439,1,JGB17(40),39.4,39.4
2024-10-28,2Y,0.4495,2,JGB WI(2)-11|JGB465(2),1.925,2.01
2024-10-28,5Y,0.5742,4,JGB1(30)|JGB113(20)|JGB173(5)|JGB356(10),4.895,4.895
2024-10-28,10Y,0.9427,3,JGB150(20)|JGB16(30)|JGB376(10),9.895,9.895
2024-10-28,20Y,1.782,2,JGB190(20)|JGB44(30),19.896,19.896
2024-10-28,30Y,2.157,1,JGB84(30),29.895,29.895
2024-10-28,40Y,2.409,1,JGB17(40),39.392,39.392
2024-10-29,2Y,0.461,2,JGB WI(2)-11|JGB465(2),1.922,2.007
2024-10-29,5Y,0.589,4,JGB1(30)|JGB113(20)|JGB173(5)|JGB356(10),4.893,4.893
2024-10-29,10Y,0.967,3,JGB150(20)|JGB16(30)|JGB376(10),9.892,9.892
2024-10-29,20Y,1.809,2,JGB190(20)|JGB44(30),19.893,19.893
2024-10-29,30Y,2.194,1,JGB84(30),29.892,29.892
2024-10-29,40Y,2.447,1,JGB17(40),39.389,39.389
2024-10-30,2Y,0.4505,2,JGB465(2)|JGB466(2),1.919,2.004
2024-10-30,5Y,0.5925,4,JGB1(30)|JGB113(20)|JGB173(5)|JGB356(10),4.89,4.89
2024-10-30,10Y,0.967,3,JGB150(20)|JGB16(30)|JGB376(10),9.889,9.889
2024-10-30,20Y,1.8045,2,JGB190(20)|JGB44(30),19.89,19.89
2024-10-30,30Y,2.186,1,JGB84(30),29.889,29.889
2024-10-30,40Y,2.451,1,JGB17(40),39.387,39.387
2024-10-31,2Y,0.444,1,JGB466(2),2.001,2.001
2024-10-31,5Y,0.578,4,JGB1(30)|JGB113(20)|JGB173(5)|JGB356(10),4.887,4.887
2024-10-31,10Y,0.9473,3,JGB150(20)|JGB16(30)|JGB376(10),9.886,9.886
2024-10-31,20Y,1.8005,2,JGB190(20)|JGB44(30),19.888,19.888
2024-10-31,30Y,2.198,1,JGB84(30),29.886,29.886
2024-10-31,40Y,2.47,1,JGB17(40),39.384,39.384
2024-11-01,2Y,0.434,1,JGB466(2),1.999,1.999
2024-11-01,5Y,0.5625,4,JGB1(30)|JGB113(20)|JGB173(5)|JGB356(10),4.884,4.884
2024-11-01,10Y,0.9333,4,JGB WI(10)-11|JGB150(20)|JGB16(30)|JGB376(10),9.884,9.884
2024-11-01,20Y,1.778,2,JGB190(20)|JGB44(30),19.885,19.885
2024-11-01,30Y,2.186,1,JGB84(30),29.884,29.884
2024-11-01,40Y,2.47,1,JGB17(40),39.381,39.381
2024-11-05,2Y,0.464,1,JGB466(2),1.988,1.988
2024-11-05,5Y,0.5813,3,JGB114(20)|JGB115(20)|JGB357(10),5.123,5.123
2024-11-05,10Y,0.965,2,JGB151(20)|JGB17(30),10.122,10.122
2024-11-05,20Y,1.797,1,JGB45(30),20.123,20.123
2024-11-05,30Y,2.186,1,JGB84(30),29.873,29.873
2024-11-05,40Y,2.474,1,JGB17(40),39.37,39.37
2024-11-06,2Y,0.454,1,JGB466(2),1.985,1.985
2024-11-06,5Y,0.573,3,JGB114(20)|JGB115(20)|JGB357(10),5.12,5.12
2024-11-06,10Y,0.955,2,JGB151(20)|JGB17(30),10.119,10.119
2024-11-06,20Y,1.797,1,JGB45(30),20.12,20.12
2024-11-06,30Y,2.19,1,JGB84(30),29.87,29.87
2024-11-06,40Y,2.478,1,JGB17(40),39.368,39.368
2024-11-07,2Y,0.479,1,JGB466(2),1.982,1.982
2024-11-07,5Y,0.6093,3,JGB114(20)|JGB115(20)|JGB357(10),5.117,5.117
2024-11-07,10Y,1.0015,2,JGB151(20)|JGB17(30),10.116,10.116
2024-11-07,20Y,1.826,1,JGB45(30),20.118,20.118
2024-11-07,30Y,2.204,2,JGB WI(30)-11|JGB84(30),29.867,29.867
2024-11-07,40Y,2.482,1,JGB17(40),39.365,39.365
2024-11-08,2Y,0.5,1,JGB466(2),1.979,1.979
2024-11-08,5Y,0.64,3,JGB114(20)|JGB115(20)|JGB357(10),5.114,5.114
2024-11-08,10Y,1.028,2,JGB151(20)|JGB17(30),10.114,10.114
2024-11-08,20Y,1.848,1,JGB45(30),20.115,20.115
2024-11-08,30Y,2.224,2,JGB WI(30)-11|JGB84(30),29.864,29.864
2024-11-08,40Y,2.501,1,JGB17(40),39.362,39.362
2024-11-11,2Y,0.5,1,JGB466(2),1.971,1.971
2024-11-11,5Y,0.6377,3,JGB114(20)|JGB115(20)|JGB357(10),5.106,5.106
2024-11-11,10Y,1.024,2,JGB151(20)|JGB17(30),10.105,10.105
2024-11-11,20Y,1.844,1,JGB45(30),20.107,20.107
2024-11-11,30Y,2.215,2,JGB WI(30)-11|JGB84(30),29.856,29.856
2024-11-11,40Y,2.482,1,JGB17(40),39.354,39.354
2024-11-12,2Y,0.5,1,JGB466(2),1.969,1.969
2024-11-12,5Y,0.634,3,JGB114(20)|JGB115(20)|JGB357(10),5.103,5.103
2024-11-12,10Y,1.0195,2,JGB151(20)|JGB17(30),10.103,10.103
2024-11-12,20Y,1.847,1,JGB45(30),20.104,20.104
2024-11-12,30Y,2.2195,2,JGB WI(30)-11|JGB84(30),29.854,29.854
2024-11-12,40Y,2.482,1,JGB17(40),39.351,39.351
2024-11-13,2Y,0.5,1,JGB466(2),1.966,1.966
2024-11-13,5Y,0.6443,3,JGB114(20)|JGB115(20)|JGB357(10),5.101,5.101
2024-11-13,10Y,1.0295,2,JGB151(20)|JGB17(30),10.1,10.1
2024-11-13,20Y,1.856,1,JGB45(30),20.101,20.101
2024-11-13,30Y,2.2305,2,JGB WI(30)-11|JGB84(30),29.851,29.851
2024-11-13,40Y,2.493,1,JGB17(40),39.348,39.348
2024-11-14,2Y,0.525,1,JGB466(2),1.963,1.963
2024-11-14,5Y,0.677,3,JGB114(20)|JGB115(20)|JGB357(10),5.098,5.098
2024-11-14,10Y,1.0615,2,JGB151(20)|JGB17(30),10.097,10.097
2024-11-14,20Y,1.877,1,JGB45(30),20.099,20.099
2024-11-14,30Y,2.243,1,JGB84(30),29.848,29.848
2024-11-14,40Y,2.516,1,JGB17(40),39.346,39.346
2024-11-15,2Y,0.53,1,JGB466(2),1.96,1.96
2024-11-15,5Y,0.681,3,JGB114(20)|JGB115(20)|JGB357(10),5.095,5.095
2024-11-15,10Y,1.079,2,JGB151(20)|JGB17(30),10.094,10.094
2024-11-15,20Y,1.894,1,JGB45(30),20.096,20.096
2024-11-15,30Y,2.263,1,JGB84(30),29.845,29.845
2024-11-15,40Y,2.55,1,JGB17(40),39.343,39.343
2024-11-18,2Y,0.551,1,JGB466(2),1.952,1.952
2024-11-18,5Y,0.7013,3,JGB114(20)|JGB115(20)|JGB357(10),5.087,5.087
2024-11-18,10Y,1.091,2,JGB151(20)|JGB17(30),10.086,10.086
2024-11-18,20Y,1.89,1,JGB45(30),20.088,20.088
2024-11-18,30Y,2.26,1,JGB84(30),29.837,29.837
2024-11-18,40Y,2.55,1,JGB17(40),39.335,39.335
2024-11-19,2Y,0.551,1,JGB466(2),1.949,1.949
2024-11-19,5Y,0.7013,3,JGB114(20)|JGB115(20)|JGB357(10),5.084,5.084
2024-11-19,10Y,1.091,2,JGB151(20)|JGB17(30),10.084,10.084
2024-11-19,20Y,1.898,1,JGB45(30),20.085,20.085
2024-11-19,30Y,2.263,1,JGB84(30),29.834,29.834
2024-11-19,40Y,2.554,1,JGB17(40),39.332,39.332
2024-11-20,2Y,0.546,4,JGB150(5)|JGB345(10)|JGB466(2)|JGB92(20),1.947,2.081
2024-11-20,5Y,0.7003,3,JGB114(20)|JGB115(20)|JGB357(10),5.081,5.081
2024-11-20,10Y,1.0815,2,JGB151(20)|JGB17(30),10.081,10.081
2024-11-20,20Y,1.893,1,JGB45(30),20.082,20.082
2024-11-20,30Y,2.251,1,JGB84(30),29.832,29.832
2024-11-20,40Y,2.543,1,JGB17(40),39.329,39.329
2024-11-21,2Y,0.5458,4,JGB150(5)|JGB345(10)|JGB466(2)|JGB92(20),1.944,2.078
2024-11-21,5Y,0.706,3,JGB114(20)|JGB115(20)|JGB357(10),5.079,5.079
2024-11-21,10Y,1.081,2,JGB151(20)|JGB17(30),10.078,10.078
2024-11-21,20Y,1.89,1,JGB45(30),20.079,20.079
2024-11-21,30Y,2.252,1,JGB84(30),29.829,29.829
2024-11-21,40Y,2.535,2,JGB WI(40)-11|JGB17(40),39.326,39.326
2024-11-22,2Y,0.5715,4,JGB150(5)|JGB345(10)|JGB466(2)|JGB92(20),1.941,2.075
2024-11-22,5Y,0.7413,3,JGB114(20)|JGB115(20)|JGB357(10),5.076,5.076
2024-11-22,10Y,1.11,2,JGB151(20)|JGB17(30),10.075,10.075
2024-11-22,20Y,1.903,1,JGB45(30),20.077,20.077
2024-11-22,30Y,2.247,1,JGB84(30),29.826,29.826
2024-11-22,40Y,2.5245,2,JGB WI(40)-11|JGB17(40),39.324,39.324
2024-11-25,2Y,0.5822,5,JGB WI(2)-12|JGB150(5)|JGB345(10)|JGB466(2)|JGB92(20),1.933,2.067
2024-11-25,5Y,0.7313,3,JGB114(20)|JGB115(20)|JGB357(10),5.068,5.068
2024-11-25,10Y,1.0955,2,JGB151(20)|JGB17(30),10.067,10.067
2024-11-25,20Y,1.894,1,JGB45(30),20.068,20.068
2024-11-25,30Y,2.252,1,JGB84(30),29.818,29.818
2024-11-25,40Y,2.52,2,JGB WI(40)-11|JGB17(40),39.316,39.316
2024-11-26,2Y,0.5818,5,JGB WI(2)-12|JGB150(5)|JGB345(10)|JGB466(2)|JGB92(20),1.93,2.064
2024-11-26,5Y,0.7207,3,JGB114(20)|JGB115(20)|JGB357(10),5.065,5.065
2024-11-26,10Y,1.0865,2,JGB151(20)|JGB17(30),10.064,10.064
2024-11-26,20Y,1.886,1,JGB45(30),20.066,20.066
2024-11-26,30Y,2.252,1,JGB84(30),29.815,29.815
2024-11-26,40Y,2.5205,2,JGB WI(40)-11|JGB17(40),39.313,39.313
2024-11-27,2Y,0.5826,5,JGB WI(2)-12|JGB150(5)|JGB345(10)|JGB466(2)|JGB92(20),1.927,2.062
2024-11-27,5Y,0.7157,3,JGB114(20)|JGB115(20)|JGB357(10),5.062,5.062
2024-11-27,10Y,1.0755,2,JGB151(20)|JGB17(30),10.062,10.062
2024-11-27,20Y,1.873,1,JGB45(30),20.063,20.063
2024-11-27,30Y,2.247,1,JGB84(30),29.812,29.812
2024-11-27,40Y,2.5155,2,JGB WI(40)-11|JGB17(40),39.31,39.31
2024-11-28,2Y,0.5876,5,JGB WI(2)-12|JGB150(5)|JGB345(10)|JGB466(2)|JGB92(20),1.925,2.059
2024-11-28,5Y,0.725,3,JGB114(20)|JGB115(20)|JGB357(10),5.06,5.06
2024-11-28,10Y,1.086,2,JGB151(20)|JGB17(30),10.059,10.059
2024-11-28,20Y,1.894,1,JGB45(30),20.06,20.06
2024-11-28,30Y,2.268,1,JGB84(30),29.81,29.81
2024-11-28,40Y,2.55,1,JGB17(40),39.307,39.307
2024-11-29,2Y,0.5736,5,JGB WI(2)-12|JGB150(5)|JGB345(10)|JGB466(2)|JGB92(20),1.922,2.056
2024-11-29,5Y,0.711,3,JGB114(20)|JGB115(20)|JGB357(10),5.057,5.057
2024-11-29,10Y,1.0705,2,JGB151(20)|JGB17(30),10.056,10.056
2024-11-29,20Y,1.877,1,JGB45(30),20.057,20.057
2024-11-29,30Y,2.2555,2,JGB WI(30)-12|JGB84(30),29.807,29.807
2024-11-29,40Y,2.557,1,JGB17(40),39.305,39.305
2024-12-02,2Y,0.5832,4,JGB150(5)|JGB345(10)|JGB467(2)|JGB92(20),1.996,2.048
2024-12-02,5Y,0.712,3,JGB114(20)|JGB115(20)|JGB357(10),5.049,5.049
2024-12-02,10Y,1.0655,2,JGB151(20)|JGB17(30),10.048,10.048
2024-12-02,20Y,1.856,1,JGB45(30),20.049,20.049
2024-12-02,30Y,2.248,2,JGB WI(30)-12|JGB84(30),29.799,29.799
2024-12-02,40Y,2.539,1,JGB17(40),39.296,39.296
2024-12-03,2Y,0.605,4,JGB150(5)|JGB345(10)|JGB467(2)|JGB92(20),1.993,2.045
2024-12-03,5Y,0.7397,3,JGB114(20)|JGB115(20)|JGB357(10),5.046,5.046
2024-12-03,10Y,1.0945,2,JGB151(20)|JGB17(30),10.045,10.045
2024-12-03,20Y,1.873,1,JGB45(30),20.047,20.047
2024-12-03,30Y,2.2505,2,JGB WI(30)-12|JGB84(30),29.796,29.796
2024-12-03,40Y,2.539,1,JGB17(40),39.294,39.294
2024-12-04,2Y,0.5988,4,JGB150(5)|JGB345(10)|JGB467(2)|JGB92(20),1.99,2.042
2024-12-04,5Y,0.734,3,JGB114(20)|JGB115(20)|JGB357(10),5.043,5.043
2024-12-04,10Y,1.0955,2,JGB151(20)|JGB17(30),10.042,10.042
2024-12-04,20Y,1.873,1,JGB45(30),20.044,20.044
2024-12-04,30Y,2.254,2,JGB WI(30)-12|JGB84(30),29.793,29.793
2024-12-04,40Y,2.542,1,JGB17(40),39.291,39.291
2024-12-05,2Y,0.5712,4,JGB150(5)|JGB345(10)|JGB467(2)|JGB92(20),1.988,2.04
2024-12-05,5Y,0.705,3,JGB114(20)|JGB115(20)|JGB357(10),5.04,5.04
2024-12-05,10Y,1.0725,2,JGB151(20)|JGB17(30),10.04,10.04
2024-12-05,20Y,1.861,1,JGB45(30),20.041,20.041
2024-12-05,30Y,2.244,2,JGB WI(30)-12|JGB84(30),29.791,29.791
2024-12-05,40Y,2.542,1,JGB17(40),39.288,39.288
2024-12-06,2Y,0.58,4,JGB150(5)|JGB345(10)|JGB467(2)|JGB92(20),1.985,2.037
2024-12-06,5Y,0.7207,3,JGB114(20)|JGB115(20)|JGB357(10),5.038,5.038
2024-12-06,10Y,1.086,2,JGB151(20)|JGB17(30),10.037,10.037
2024-12-06,20Y,1.873,1,JGB45(30),20.038,20.038
2024-12-06,30Y,2.251,1,JGB84(30),29.788,29.788
2024-12-06,40Y,2.558,1,JGB17(40),39.285,39.285
2024-12-09,2Y,0.5735,4,JGB150(5)|JGB345(10)|JGB467(2)|JGB92(20),1.977,2.029
2024-12-09,5Y,0.7107,3,JGB114(20)|JGB115(20)|JGB357(10),5.029,5.029
2024-12-09,10Y,1.071,2,JGB151(20)|JGB17(30),10.029,10.029
2024-12-09,20Y,1.86,1,JGB45(30),20.03,20.03
2024-12-09,30Y,2.231,1,JGB84(30),29.78,29.78
2024-12-09,40Y,2.539,1,JGB17(40),39.277,39.277
2024-12-10,2Y,0.5593,4,JGB150(5)|JGB345(10)|JGB467(2)|JGB92(20),1.974,2.026
2024-12-10,5Y,0.6993,3,JGB114(20)|JGB115(20)|JGB357(10),5.027,5.027
2024-12-10,10Y,1.0555,2,JGB151(20)|JGB17(30),10.026,10.026
2024-12-10,20Y,1.848,1,JGB45(30),20.027,20.027
2024-12-10,30Y,2.223,1,JGB84(30),29.777,29.777
2024-12-10,40Y,2.534,1,JGB17(40),39.274,39.274
2024-12-11,2Y,0.57,4,JGB150(5)|JGB345(10)|JGB467(2)|JGB92(20),1.971,2.023
2024-12-11,5Y,0.7147,3,JGB114(20)|JGB115(20)|JGB357(10),5.024,5.024
2024-12-11,10Y,1.0805,2,JGB151(20)|JGB17(30),10.023,10.023
2024-12-11,20Y,1.865,1,JGB45(30),20.025,20.025
2024-12-11,30Y,2.227,1,JGB84(30),29.774,29.774
2024-12-11,40Y,2.531,1,JGB17(40),39.272,39.272
2024-12-12,2Y,0.5725,4,JGB150(5)|JGB345(10)|JGB467(2)|JGB92(20),1.969,2.021
2024-12-12,5Y,0.7213,3,JGB114(20)|JGB115(20)|JGB357(10),5.021,5.021
2024-12-12,10Y,1.086,2,JGB151(20)|JGB17(30),10.021,10.021
2024-12-12,20Y,1.862,1,JGB45(30),20.022,20.022
2024-12-12,30Y,2.225,1,JGB84(30),29.771,29.771
2024-12-12,40Y,2.519,1,JGB17(40),39.269,39.269
2024-12-13,2Y,0.5635,4,JGB150(5)|JGB345(10)|JGB467(2)|JGB92(20),1.966,2.018
2024-12-13,5Y,0.7063,3,JGB114(20)|JGB115(20)|JGB357(10),5.018,5.018
2024-12-13,10Y,1.066,2,JGB151(20)|JGB17(30),10.018,10.018
2024-12-13,20Y,1.848,1,JGB45(30),20.019,20.019
2024-12-13,30Y,2.211,1,JGB84(30),29.769,29.769
2024-12-13,40Y,2.501,1,JGB17(40),39.266,39.266
2024-12-16,2Y,0.5448,4,JGB150(5)|JGB345(10)|JGB467(2)|JGB92(20),1.958,2.01
2024-12-16,5Y,0.6863,3,JGB114(20)|JGB115(20)|JGB357(10),5.01,5.01
2024-12-16,10Y,1.0565,2,JGB151(20)|JGB17(30),10.01,10.01
2024-12-16,20Y,1.844,1,JGB45(30),20.011,20.011
2024-12-16,30Y,2.215,1,JGB84(30),29.76,29.76
2024-12-16,40Y,2.52,1,JGB17(40),39.258,39.258
2024-12-17,2Y,0.5615,4,JGB150(5)|JGB345(10)|JGB467(2)|JGB92(20),1.955,2.007
2024-12-17,5Y,0.7107,3,JGB114(20)|JGB115(20)|JGB357(10),5.008,5.008
2024-12-17,10Y,1.0835,2,JGB151(20)|JGB17(30),10.007,10.007
2024-12-17,20Y,1.877,1,JGB45(30),20.008,20.008
2024-12-17,30Y,2.247,1,JGB84(30),29.758,29.758
2024-12-17,40Y,2.547,1,JGB17(40),39.255,39.255
2024-12-18,2Y,0.5727,4,JGB150(5)|JGB345(10)|JGB467(2)|JGB92(20),1.952,2.004
2024-12-18,5Y,0.7257,3,JGB114(20)|JGB115(20)|JGB357(10),5.005,5.005
2024-12-18,10Y,1.092,2,JGB151(20)|JGB17(30),10.004,10.004
2024-12-18,20Y,1.886,1,JGB45(30),20.005,20.005
2024-12-18,30Y,2.258,1,JGB84(30),29.755,29.755
2024-12-18,40Y,2.56,1,JGB17(40),39.253,39.253
2024-12-19,2Y,0.5675,4,JGB150(5)|JGB345(10)|JGB467(2)|JGB92(20),1.949,2.001
2024-12-19,5Y,0.7103,3,JGB114(20)|JGB115(20)|JGB357(10),5.002,5.002
2024-12-19,10Y,1.0775,2,JGB151(20)|JGB17(30),10.001,10.001
2024-12-19,20Y,1.873,1,JGB45(30),20.003,20.003
2024-12-19,30Y,2.2375,2,JGB8(40)|JGB84(30),29.752,30.248
2024-12-19,40Y,2.539,1,JGB17(40),39.25,39.25
2024-12-20,2Y,0.5898,5,JGB WI(2)-01|JGB150(5)|JGB345(10)|JGB467(2)|JGB92(20),1.947,2.031
2024-12-20,5Y,0.7347,3,JGB114(20)|JGB115(20)|JGB357(10),4.999,4.999
2024-12-20,10Y,1.0955,2,JGB151(20)|JGB17(30),9.999,9.999
2024-12-20,20Y,1.88,1,JGB45(30),20.0,20.0
2024-12-20,30Y,2.243,1,JGB8(40),30.245,30.245
2024-12-20,40Y,2.543,1,JGB17(40),39.247,39.247
2024-12-23,2Y,0.5578,5,JGB WI(2)-01|JGB150(5)|JGB345(10)|JGB467(2)|JGB92(20),1.938,2.023
2024-12-23,5Y,0.695,3,JGB114(20)|JGB115(20)|JGB357(10),4.991,4.991
2024-12-23,10Y,1.066,2,JGB151(20)|JGB17(30),9.99,9.99
2024-12-23,20Y,1.854,1,JGB45(30),19.992,19.992
2024-12-23,30Y,2.229,1,JGB8(40),30.237,30.237
2024-12-23,40Y,2.531,1,JGB17(40),39.239,39.239
2024-12-24,2Y,0.566,5,JGB WI(2)-01|JGB150(5)|JGB345(10)|JGB467(2)|JGB92(20),1.936,2.021
2024-12-24,5Y,0.7103,3,JGB114(20)|JGB115(20)|JGB357(10),4.988,4.988
2024-12-24,10Y,1.079,2,JGB151(20)|JGB17(30),9.988,9.988
2024-12-24,20Y,1.868,1,JGB45(30),19.989,19.989
2024-12-24,30Y,2.236,1,JGB8(40),30.234,30.234
2024-12-24,40Y,2.535,1,JGB17(40),39.236,39.236
2024-12-25,2Y,0.568,5,JGB WI(2)-01|JGB150(5)|JGB345(10)|JGB467(2)|JGB92(20),1.933,2.018
2024-12-25,5Y,0.7157,3,JGB114(20)|JGB115(20)|JGB357(10),4.986,4.986
2024-12-25,10Y,1.084,2,JGB151(20)|JGB17(30),9.985,9.985
2024-12-25,20Y,1.86,1,JGB45(30),19.986,19.986
2024-12-25,30Y,2.225,1,JGB8(40),30.231,30.231
2024-12-25,40Y,2.516,1,JGB17(40),39.233,39.233
2024-12-26,2Y,0.568,5,JGB WI(2)-01|JGB150(5)|JGB345(10)|JGB467(2)|JGB92(20),1.93,2.015
2024-12-26,5Y,0.7097,3,JGB114(20)|JGB115(20)|JGB357(10),4.983,4.983
2024-12-26,10Y,1.0805,2,JGB151(20)|JGB17(30),9.982,9.982
2024-12-26,20Y,1.857,1,JGB45(30),19.984,19.984
2024-12-26,30Y,2.218,1,JGB8(40),30.229,30.229
2024-12-26,40Y,2.508,1,JGB17(40),39.231,39.231
2024-12-27,2Y,0.58,5,JGB150(5)|JGB345(10)|JGB467(2)|JGB468(2)|JGB92(20),1.927,2.012
2024-12-27,5Y,0.7353,3,JGB114(20)|JGB115(20)|JGB357(10),4.98,4.98
2024-12-27,10Y,1.101,2,JGB151(20)|JGB17(30),9.979,9.979
2024-12-27,20Y,1.869,1,JGB45(30),19.981,19.981
2024-12-27,30Y,2.228,1,JGB8(40),30.226,30.226
2024-12-27,40Y,2.508,1,JGB17(40),39.228,39.228
2024-12-30,2Y,0.5808,5,JGB150(5)|JGB345(10)|JGB467(2)|JGB468(2)|JGB92(20),1.919,2.004
2024-12-30,5Y,0.7417,3,JGB114(20)|JGB115(20)|JGB357(10),4.972,4.972
2024-12-30,10Y,1.1153,3,JGB WI(10)-01|JGB151(20)|JGB17(30),9.971,9.971
2024-12-30,20Y,1.896,1,JGB45(30),19.973,19.973
2024-12-30,30Y,2.256,1,JGB WI(30)-01,29.971,29.971
2024-12-30,40Y,2.531,1,JGB17(40),39.22,39.22
2025-01-06,2Y,0.577,4,JGB150(5)|JGB345(10)|JGB468(2)|JGB92(20),1.952,1.985
2025-01-06,5Y,0.7317,3,JGB114(20)|JGB115(20)|JGB357(10),4.953,4.953
2025-01-06,10Y,1.1057,3,JGB WI(10)-01|JGB151(20)|JGB17(30),9.952,9.952
2025-01-06,20Y,1.887,1,JGB45(30),19.953,19.953
2025-01-06,30Y,2.25,1,JGB WI(30)-01,29.952,29.952
2025-01-06,40Y,2.527,1,JGB17(40),39.201,39.201
2025-01-07,2Y,0.6015,4,JGB150(5)|JGB345(10)|JGB468(2)|JGB92(20),1.949,1.982
2025-01-07,5Y,0.7783,3,JGB114(20)|JGB115(20)|JGB357(10),4.95,4.95
2025-01-07,10Y,1.1393,3,JGB WI(10)-01|JGB151(20)|JGB17(30),9.949,9.949
2025-01-07,20Y,1.91,1,JGB45(30),19.951,19.951
2025-01-07,30Y,2.269,1,JGB WI(30)-01,29.949,29.949
2025-01-07,40Y,2.554,1,JGB17(40),39.198,39.198
2025-01-08,2Y,0.6062,4,JGB150(5)|JGB345(10)|JGB468(2)|JGB92(20),1.947,1.979
2025-01-08,5Y,0.7898,4,JGB WI(5)-01|JGB114(20)|JGB115(20)|JGB357(10),4.947,4.947
2025-01-08,10Y,1.1423,3,JGB151(20)|JGB17(30)|JGB377(10),9.947,9.947
2025-01-08,20Y,1.911,1,JGB45(30),19.948,19.948
2025-01-08,30Y,2.275,1,JGB WI(30)-01,29.947,29.947
2025-01-08,40Y,2.569,1,JGB17(40),39.195,39.195
2025-01-09,2Y,0.623,4,JGB150(5)|JGB345(10)|JGB468(2)|JGB92(20),1.944,1.977
2025-01-09,5Y,0.8155,4,JGB WI(5)-01|JGB114(20)|JGB115(20)|JGB357(10),4.945,4.945
2025-01-09,10Y,1.176,3,JGB151(20)|JGB17(30)|JGB377(10),9.944,9.944
2025-01-09,20Y,1.944,1,JGB45(30),19.945,19.945
2025-01-09,30Y,2.295,1,JGB WI(30)-01,29.944,29.944
2025-01-09,40Y,2.588,1,JGB17(40),39.192,39.192
2025-01-10,2Y,0.6175,4,JGB150(5)|JGB345(10)|JGB468(2)|JGB92(20),1.941,1.974
2025-01-10,5Y,0.8113,4,JGB WI(5)-01|JGB114(20)|JGB115(20)|JGB357(10),4.942,4.942
2025-01-10,10Y,1.1717,3,JGB151(20)|JGB17(30)|JGB377(10),9.941,9.941
2025-01-10,20Y,1.93,2,JGB WI(20)-01|JGB45(30),19.943,19.943
2025-01-10,30Y,2.283,1,JGB85(30),29.941,29.941
2025-01-10,40Y,2.588,1,JGB17(40),39.19,39.19
2025-01-14,2Y,0.6215,4,JGB150(5)|JGB345(10)|JGB468(2)|JGB92(20),1.93,1.963
2025-01-14,5Y,0.8275,4,JGB WI(5)-01|JGB114(20)|JGB115(20)|JGB357(10),4.931,4.931
2025-01-14,10Y,1.1953,3,JGB151(20)|JGB17(30)|JGB377(10),9.93,9.93
2025-01-14,20Y,1.954,2,JGB WI(20)-01|JGB45(30),19.932,19.932
2025-01-14,30Y,2.3,1,JGB85(30),29.93,29.93
2025-01-14,40Y,2.606,1,JGB17(40),39.179,39.179
2025-01-15,2Y,0.656,4,JGB150(5)|JGB345(10)|JGB468(2)|JGB92(20),1.927,1.96
2025-01-15,5Y,0.865,4,JGB114(20)|JGB115(20)|JGB175(5)|JGB357(10),4.928,4.928
2025-01-15,10Y,1.239,3,JGB151(20)|JGB17(30)|JGB377(10),9.927,9.927
2025-01-15,20Y,1.99,2,JGB WI(20)-01|JGB45(30),19.929,19.929
2025-01-15,30Y,2.328,1,JGB85(30),29.927,29.927
2025-01-15,40Y,2.6295,2,JGB WI(40)-01|JGB17(40),39.176,39.176
2025-01-16,2Y,0.6765,4,JGB150(5)|JGB345(10)|JGB468(2)|JGB92(20),1.925,1.958
2025-01-16,5Y,0.886,4,JGB114(20)|JGB115(20)|JGB175(5)|JGB357(10),4.925,4.925
2025-01-16,10Y,1.2477,3,JGB151(20)|JGB17(30)|JGB377(10),9.925,9.925
2025-01-16,20Y,1.9995,2,JGB WI(20)-01|JGB45(30),19.926,19.926
2025-01-16,30Y,2.345,1,JGB85(30),29.925,29.925
2025-01-16,40Y,2.652,2,JGB WI(40)-01|JGB17(40),39.173,39.173
2025-01-17,2Y,0.6678,4,JGB150(5)|JGB345(10)|JGB468(2)|JGB92(20),1.922,1.955
2025-01-17,5Y,0.8602,4,JGB114(20)|JGB115(20)|JGB175(5)|JGB357(10),4.923,4.923
2025-01-17,10Y,1.2003,3,JGB151(20)|JGB17(30)|JGB377(10),9.922,9.922
2025-01-17,20Y,1.9395,2,JGB191(20)|JGB45(30),19.923,19.923
2025-01-17,30Y,2.315,1,JGB85(30),29.922,29.922
2025-01-17,40Y,2.64,2,JGB WI(40)-01|JGB17(40),39.17,39.17
2025-01-20,2Y,0.687,1,JGB468(2),1.947,1.947
2025-01-20,5Y,0.853,1,JGB2(30),5.084,5.084
2025-01-20,10Y,1.2003,3,JGB151(20)|JGB17(30)|JGB377(10),9.914,9.914
2025-01-20,20Y,1.9225,2,JGB191(20)|JGB45(30),19.915,19.915
2025-01-20,30Y,2.287,1,JGB85(30),29.914,29.914
2025-01-20,40Y,2.6145,2,JGB WI(40)-01|JGB17(40),39.162,39.162
2025-01-21,2Y,0.677,1,JGB468(2),1.944,1.944
2025-01-21,5Y,0.847,1,JGB2(30),5.081,5.081
2025-01-21,10Y,1.191,3,JGB151(20)|JGB17(30)|JGB377(10),9.911,9.911
2025-01-21,20Y,1.9095,2,JGB191(20)|JGB45(30),19.912,19.912
2025-01-21,30Y,2.271,1,JGB85(30),29.911,29.911
2025-01-21,40Y,2.595,2,JGB WI(40)-01|JGB17(40),39.159,39.159
2025-01-22,2Y,0.672,1,JGB468(2),1.941,1.941
2025-01-22,5Y,0.842,1,JGB2(30),5.079,5.079
2025-01-22,10Y,1.186,3,JGB151(20)|JGB17(30)|JGB377(10),9.908,9.908
2025-01-22,20Y,1.9095,2,JGB191(20)|JGB45(30),19.91,19.91
2025-01-22,30Y,2.263,1,JGB85(30),29.908,29.908
2025-01-22,40Y,2.573,1,JGB17(40),39.157,39.157
2025-01-23,2Y,0.693,1,JGB468(2),1.938,1.938
2025-01-23,5Y,0.867,1,JGB2(30),5.076,5.076
2025-01-23,10Y,1.1953,3,JGB151(20)|JGB17(30)|JGB377(10),9.906,9.906
2025-01-23,20Y,1.9015,2,JGB191(20)|JGB45(30),19.907,19.907
2025-01-23,30Y,2.258,1,JGB85(30),29.906,29.906
2025-01-23,40Y,2.558,1,JGB17(40),39.154,39.154
2025-01-24,2Y,0.698,1,JGB468(2),1.936,1.936
2025-01-24,5Y,0.874,1,JGB2(30),5.073,5.073
2025-01-24,10Y,1.2053,3,JGB151(20)|JGB17(30)|JGB377(10),9.903,9.903
2025-01-24,20Y,1.9095,2,JGB191(20)|JGB45(30),19.904,19.904
2025-01-24,30Y,2.267,1,JGB85(30),29.903,29.903
2025-01-24,40Y,2.554,1,JGB17(40),39.151,39.151
2025-01-27,2Y,0.7195,2,JGB WI(2)-02|JGB468(2),1.927,2.012
2025-01-27,5Y,0.904,1,JGB2(30),5.065,5.065
2025-01-27,10Y,1.2297,3,JGB151(20)|JGB17(30)|JGB377(10),9.895,9.895
2025-01-27,20Y,1.9175,2,JGB191(20)|JGB45(30),19.896,19.896
2025-01-27,30Y,2.275,1,JGB85(30),29.895,29.895
2025-01-27,40Y,2.554,1,JGB17(40),39.143,39.143
2025-01-28,2Y,0.702,2,JGB WI(2)-02|JGB468(2),1.925,2.01
2025-01-28,5Y,0.882,1,JGB2(30),5.062,5.062
2025-01-28,10Y,1.2153,3,JGB151(20)|JGB17(30)|JGB377(10),9.892,9.892
2025-01-28,20Y,1.914,2,JGB191(20)|JGB45(30),19.893,19.893
2025-01-28,30Y,2.267,1,JGB85(30),29.892,29.892
2025-01-28,40Y,2.543,1,JGB17(40),39.14,39.14
2025-01-29,2Y,0.692,2,JGB WI(2)-02|JGB468(2),1.922,2.007
2025-01-29,5Y,0.852,1,JGB2(30),5.06,5.06
2025-01-29,10Y,1.1907,4,JGB WI(10)-02|JGB151(20)|JGB17(30)|JGB377(10),9.889,9.889
2025-01-29,20Y,1.899,2,JGB191(20)|JGB45(30),19.89,19.89
2025-01-29,30Y,2.248,1,JGB85(30),29.889,29.889
2025-01-29,40Y,2.524,1,JGB17(40),39.138,39.138
2025-01-30,2Y,0.7015,2,JGB WI(2)-02|JGB468(2),1.919,2.004
2025-01-30,5Y,0.857,1,JGB2(30),5.057,5.057
2025-01-30,10Y,1.1907,4,JGB WI(10)-02|JGB151(20)|JGB17(30)|JGB377(10),9.886,9.886
2025-01-30,20Y,1.89,2,JGB191(20)|JGB45(30),19.888,19.888
2025-01-30,30Y,2.242,1,JGB85(30),29.886,29.886
2025-01-30,40Y,2.512,1,JGB17(40),39.135,39.135
2025-01-31,2Y,0.72,1,JGB WI(2)-02,2.001,2.001
2025-01-31,5Y,0.868,1,JGB2(30),5.054,5.054
2025-01-31,10Y,1.2095,4,JGB WI(10)-02|JGB151(20)|JGB17(30)|JGB377(10),9.884,9.884
2025-01-31,20Y,1.912,2,JGB191(20)|JGB45(30),19.885,19.885
2025-01-31,30Y,2.271,2,JGB WI(30)-02|JGB85(30),29.884,29.884
2025-01-31,40Y,2.542,1,JGB17(40),39.132,39.132
2025-02-03,2Y,0.73,1,JGB469(2),1.993,1.993
2025-02-03,5Y,0.895,1,JGB2(30),5.046,5.046
2025-02-03,10Y,1.2625,2,JGB152(20)|JGB18(30),10.122,10.122
2025-02-03,20Y,1.9507,3,JGB191(20)|JGB45(30)|JGB46(30),19.877,20.123
2025-02-03,30Y,2.288,1,JGB8(40),30.122,30.122
2025-02-03,40Y,2.554,1,JGB17(40),39.124,39.124
2025-02-04,2Y,0.72,1,JGB469(2),1.99,1.99
2025-02-04,5Y,0.889,1,JGB2(30),5.043,5.043
2025-02-04,10Y,1.2665,2,JGB152(20)|JGB18(30),10.119,10.119
2025-02-04,20Y,1.975,1,JGB46(30),20.12,20.12
2025-02-04,30Y,2.302,1,JGB8(40),30.119,30.119
2025-02-04,40Y,2.565,1,JGB17(40),39.121,39.121
2025-02-05,2Y,0.74,1,JGB469(2),1.988,1.988
2025-02-05,5Y,0.923,1,JGB2(30),5.04,5.04
2025-02-05,10Y,1.295,2,JGB152(20)|JGB18(30),10.116,10.116
2025-02-05,20Y,1.998,1,JGB46(30),20.118,20.118
2025-02-05,30Y,2.32,1,JGB8(40),30.116,30.116
2025-02-05,40Y,2.573,1,JGB17(40),39.118,39.118
2025-02-06,2Y,0.755,1,JGB469(2),1.985,1.985
2025-02-06,5Y,0.938,1,JGB2(30),5.038,5.038
2025-02-06,10Y,1.3005,2,JGB152(20)|JGB18(30),10.114,10.114
2025-02-06,20Y,2.003,1,JGB46(30),20.115,20.115
2025-02-06,30Y,2.323,1,JGB8(40),30.114,30.114
2025-02-06,40Y,2.573,1,JGB17(40),39.116,39.116
2025-02-07,2Y,0.76,1,JGB469(2),1.982,1.982
2025-02-07,5Y,0.933,1,JGB2(30),5.035,5.035
2025-02-07,10Y,1.281,2,JGB152(20)|JGB18(30),10.111,10.111
2025-02-07,20Y,1.965,1,JGB46(30),20.112,20.112
2025-02-07,30Y,2.269,1,JGB8(40),30.111,30.111
2025-02-07,40Y,2.512,1,JGB17(40),39.113,39.113
2025-02-10,2Y,0.796,1,JGB469(2),1.974,1.974
2025-02-10,5Y,0.98,1,JGB2(30),5.027,5.027
2025-02-10,10Y,1.319,2,JGB152(20)|JGB18(30),10.103,10.103
2025-02-10,20Y,1.986,1,JGB46(30),20.104,20.104
2025-02-10,30Y,2.29,1,JGB8(40),30.103,30.103
2025-02-10,40Y,2.535,1,JGB17(40),39.105,39.105
2025-02-12,2Y,0.797,1,JGB469(2),1.969,1.969
2025-02-12,5Y,0.983,1,JGB2(30),5.021,5.021
2025-02-12,10Y,1.328,2,JGB152(20)|JGB18(30),10.097,10.097
2025-02-12,20Y,1.99,1,JGB46(30),20.099,20.099
2025-02-12,30Y,2.295,1,JGB8(40),30.097,30.097
2025-02-12,40Y,2.539,1,JGB17(40),39.099,39.099
2025-02-13,2Y,0.797,1,JGB469(2),1.966,1.966
2025-02-13,5Y,1.0,1,JGB2(30),5.018,5.018
2025-02-13,10Y,1.3565,2,JGB152(20)|JGB18(30),10.094,10.094
2025-02-13,20Y,2.007,1,JGB46(30),20.096,20.096
2025-02-13,30Y,2.302,1,JGB8(40),30.094,30.094
2025-02-13,40Y,2.543,1,JGB17(40),39.097,39.097
2025-02-14,2Y,0.792,1,JGB469(2),1.963,1.963
2025-02-14,5Y,1.003,1,JGB2(30),5.016,5.016
2025-02-14,10Y,1.366,2,JGB152(20)|JGB18(30),10.092,10.092
2025-02-14,20Y,2.023,1,JGB46(30),20.093,20.093
2025-02-14,30Y,2.316,1,JGB8(40),30.092,30.092
2025-02-14,40Y,2.554,1,JGB17(40),39.094,39.094
2025-02-17,2Y,0.792,1,JGB469(2),1.955,1.955
2025-02-17,5Y,1.004,1,JGB2(30),5.008,5.008
2025-02-17,10Y,1.3655,2,JGB152(20)|JGB18(30),10.084,10.084
2025-02-17,20Y,2.016,1,JGB46(30),20.085,20.085
2025-02-17,30Y,2.309,1,JGB8(40),30.084,30.084
2025-02-17,40Y,2.539,1,JGB17(40),39.086,39.086
2025-02-18,2Y,0.792,6,JGB151(5)|JGB152(5)|JGB346(10)|JGB469(2)|JGB93(20)|JGB94(20),1.952,2.081
2025-02-18,5Y,1.0457,4,JGB116(20)|JGB117(20)|JGB2(30)|JGB358(10),5.005,5.081
2025-02-18,10Y,1.3975,2,JGB152(20)|JGB18(30),10.081,10.081
2025-02-18,20Y,2.015,1,JGB46(30),20.082,20.082
2025-02-18,30Y,2.306,1,JGB8(40),30.081,30.081
2025-02-18,40Y,2.535,1,JGB17(40),39.083,39.083
2025-02-19,2Y,0.8067,6,JGB151(5)|JGB152(5)|JGB346(10)|JGB469(2)|JGB93(20)|JGB94(20),1.949,2.078
2025-02-19,5Y,1.0808,4,JGB116(20)|JGB117(20)|JGB2(30)|JGB358(10),5.002,5.079
2025-02-19,10Y,1.44,2,JGB152(20)|JGB18(30),10.078,10.078
2025-02-19,20Y,2.065,1,JGB46(30),20.079,20.079
2025-02-19,30Y,2.335,1,JGB8(40),30.078,30.078
2025-02-19,40Y,2.553,1,JGB17(40),39.08,39.08
2025-02-20,2Y,0.8015,6,JGB151(5)|JGB152(5)|JGB346(10)|JGB469(2)|JGB93(20)|JGB94(20),1.947,2.075
2025-02-20,5Y,1.072,4,JGB116(20)|JGB117(20)|JGB2(30)|JGB358(10),4.999,5.076
2025-02-20,10Y,1.44,2,JGB152(20)|JGB18(30),10.075,10.075
2025-02-20,20Y,2.065,1,JGB46(30),20.077,20.077
2025-02-20,30Y,2.327,1,JGB8(40),30.075,30.075
2025-02-20,40Y,2.539,1,JGB17(40),39.077,39.077
2025-02-21,2Y,0.8117,7,JGB WI(2)-03|JGB151(5)|JGB152(5)|JGB346(10)|JGB469(2)|JGB93(20)|JGB94(20),1.944,2.073
2025-02-21,5Y,1.0768,4,JGB116(20)|JGB117(20)|JGB2(30)|JGB358(10),4.997,5.073
2025-02-21,10Y,1.4495,2,JGB152(20)|JGB18(30),10.073,10.073
2025-02-21,20Y,2.052,1,JGB46(30),20.074,20.074
2025-02-21,30Y,2.32,1,JGB8(40),30.073,30.073
2025-02-21,40Y,2.524,1,JGB17(40),39.075,39.075
2025-02-25,2Y,0.8036,7,JGB WI(2)-03|JGB151(5)|JGB152(5)|JGB346(10)|JGB469(2)|JGB93(20)|JGB94(20),1.933,2.062
2025-02-25,5Y,1.0537,4,JGB116(20)|JGB117(20)|JGB2(30)|JGB358(10),4.986,5.062
2025-02-25,10Y,1.434,2,JGB152(20)|JGB18(30),10.062,10.062
2025-02-25,20Y,2.056,1,JGB46(30),20.063,20.063
2025-02-25,30Y,2.334,1,JGB8(40),30.062,30.062
2025-02-25,40Y,2.531,1,JGB17(40),39.064,39.064
2025-02-26,2Y,0.7877,7,JGB WI(2)-03|JGB151(5)|JGB152(5)|JGB346(10)|JGB469(2)|JGB93(20)|JGB94(20),1.93,2.059
2025-02-26,5Y,1.0295,4,JGB116(20)|JGB117(20)|JGB2(30)|JGB358(10),4.983,5.06
2025-02-26,10Y,1.3915,2,JGB152(20)|JGB18(30),10.059,10.059
2025-02-26,20Y,2.04,1,JGB46(30),20.06,20.06
2025-02-26,30Y,2.319,1,JGB8(40),30.059,30.059
2025-02-26,40Y,2.516,1,JGB17(40),39.061,39.061
2025-02-27,2Y,0.7879,7,JGB WI(2)-03|JGB151(5)|JGB152(5)|JGB346(10)|JGB469(2)|JGB93(20)|JGB94(20),1.927,2.056
2025-02-27,5Y,1.018,4,JGB116(20)|JGB117(20)|JGB2(30)|JGB358(10),4.98,5.057
2025-02-27,10Y,1.3795,2,JGB152(20)|JGB18(30),10.056,10.056
2025-02-27,20Y,2.032,1,JGB46(30),20.057,20.057
2025-02-27,30Y,2.32,1,JGB8(40),30.056,30.056
2025-02-27,40Y,2.527,1,JGB17(40),39.058,39.058
2025-02-28,2Y,0.8031,7,JGB151(5)|JGB152(5)|JGB346(10)|JGB469(2)|JGB470(2)|JGB93(20)|JGB94(20),1.925,2.053
2025-02-28,5Y,1.0402,4,JGB116(20)|JGB117(20)|JGB2(30)|JGB358(10),4.977,5.054
2025-02-28,10Y,1.404,2,JGB152(20)|JGB18(30),10.053,10.053
2025-02-28,20Y,2.044,1,JGB46(30),20.055,20.055
2025-02-28,30Y,2.34,1,JGB8(40),30.053,30.053
2025-02-28,40Y,2.558,1,JGB17(40),39.055,39.055
2025-03-03,2Y,0.7817,6,JGB151(5)|JGB152(5)|JGB346(10)|JGB470(2)|JGB93(20)|JGB94(20),1.993,2.045
2025-03-03,5Y,1.004,4,JGB116(20)|JGB117(20)|JGB2(30)|JGB358(10),4.969,5.046
2025-03-03,10Y,1.3845,2,JGB152(20)|JGB18(30),10.045,10.045
2025-03-03,20Y,2.034,1,JGB46(30),20.047,20.047
2025-03-03,30Y,2.356,1,JGB8(40),30.045,30.045
2025-03-03,40Y,2.591,1,JGB17(40),39.047,39.047
2025-03-04,2Y,0.805,6,JGB151(5)|JGB152(5)|JGB346(10)|JGB470(2)|JGB93(20)|JGB94(20),1.99,2.042
2025-03-04,5Y,1.044,4,JGB116(20)|JGB117(20)|JGB2(30)|JGB358(10),4.966,5.043
2025-03-04,10Y,1.4165,2,JGB152(20)|JGB18(30),10.042,10.042
2025-03-04,20Y,2.052,1,JGB46(30),20.044,20.044
2025-03-04,30Y,2.356,1,JGB8(40),30.042,30.042
2025-03-04,40Y,2.588,1,JGB17(40),39.044,39.044
2025-03-05,2Y,0.814,6,JGB151(5)|JGB152(5)|JGB346(10)|JGB470(2)|JGB93(20)|JGB94(20),1.988,2.04
2025-03-05,5Y,1.0615,4,JGB116(20)|JGB117(20)|JGB2(30)|JGB358(10),4.964,5.04
2025-03-05,10Y,1.43,2,JGB152(20)|JGB18(30),10.04,10.04
2025-03-05,20Y,2.065,1,JGB46(30),20.041,20.041
2025-03-05,30Y,2.36,1,JGB8(40),30.04,30.04
2025-03-05,40Y,2.588,1,JGB17(40),39.042,39.042
2025-03-06,2Y,0.8172,6,JGB151(5)|JGB152(5)|JGB346(10)|JGB470(2)|JGB93(20)|JGB94(20),1.985,2.037
2025-03-06,5Y,1.07,4,JGB116(20)|JGB117(20)|JGB2(30)|JGB358(10),4.961,5.038
2025-03-06,10Y,1.454,2,JGB152(20)|JGB18(30),10.037,10.037
2025-03-06,20Y,2.101,1,JGB46(30),20.038,20.038
2025-03-06,30Y,2.39,1,JGB8(40),30.037,30.037
2025-03-06,40Y,2.622,1,JGB17(40),39.039,39.039
2025-03-07,2Y,0.8387,6,JGB151(5)|JGB152(5)|JGB346(10)|JGB470(2)|JGB93(20)|JGB94(20),1.982,2.034
2025-03-07,5Y,1.1233,4,JGB116(20)|JGB117(20)|JGB2(30)|JGB358(10),4.958,5.035
2025-03-07,10Y,1.5235,2,JGB152(20)|JGB18(30),10.034,10.034
2025-03-07,20Y,2.183,1,JGB46(30),20.036,20.036
2025-03-07,30Y,2.466,1,JGB8(40),30.034,30.034
2025-03-07,40Y,2.677,1,JGB17(40),39.036,39.036
2025-03-10,2Y,0.838,6,JGB151(5)|JGB152(5)|JGB346(10)|JGB470(2)|JGB93(20)|JGB94(20),1.974,2.026
2025-03-10,5Y,1.1218,4,JGB116(20)|JGB117(20)|JGB2(30)|JGB358(10),4.95,5.027
2025-03-10,10Y,1.527,2,JGB152(20)|JGB18(30),10.026,10.026
2025-03-10,20Y,2.219,1,JGB46(30),20.027,20.027
2025-03-10,30Y,2.5,1,JGB8(40),30.026,30.026
2025-03-10,40Y,2.692,1,JGB17(40),39.028,39.028
2025-03-11,2Y,0.8622,6,JGB151(5)|JGB152(5)|JGB346(10)|JGB470(2)|JGB93(20)|JGB94(20),1.971,2.023
2025-03-11,5Y,1.1618,4,JGB116(20)|JGB117(20)|JGB2(30)|JGB358(10),4.947,5.024
2025-03-11,10Y,1.579,2,JGB152(20)|JGB18(30),10.023,10.023
2025-03-11,20Y,2.278,1,JGB46(30),20.025,20.025
2025-03-11,30Y,2.546,1,JGB8(40),30.023,30.023
2025-03-11,40Y,2.728,1,JGB17(40),39.025,39.025
2025-03-12,2Y,0.823,6,JGB151(5)|JGB152(5)|JGB346(10)|JGB470(2)|JGB93(20)|JGB94(20),1.969,2.021
2025-03-12,5Y,1.104,4,JGB116(20)|JGB117(20)|JGB2(30)|JGB358(10),4.945,5.021
2025-03-12,10Y,1.514,2,JGB152(20)|JGB18(30),10.021,10.021
2025-03-12,20Y,2.244,1,JGB46(30),20.022,20.022
2025-03-12,30Y,2.531,1,JGB8(40),30.021,30.021
2025-03-12,40Y,2.721,1,JGB17(40),39.023,39.023
2025-03-13,2Y,0.8363,6,JGB151(5)|JGB152(5)|JGB346(10)|JGB470(2)|JGB93(20)|JGB94(20),1.966,2.018
2025-03-13,5Y,1.131,4,JGB116(20)|JGB117(20)|JGB2(30)|JGB358(10),4.942,5.018
2025-03-13,10Y,1.5275,2,JGB152(20)|JGB18(30),10.018,10.018
2025-03-13,20Y,2.231,1,JGB46(30),20.019,20.019
2025-03-13,30Y,2.535,1,JGB8(40),30.018,30.018
2025-03-13,40Y,2.732,1,JGB17(40),39.02,39.02
2025-03-14,2Y,0.8462,6,JGB151(5)|JGB152(5)|JGB346(10)|JGB470(2)|JGB93(20)|JGB94(20),1.963,2.015
2025-03-14,5Y,1.151,4,JGB116(20)|JGB117(20)|JGB2(30)|JGB358(10),4.939,5.016
2025-03-14,10Y,1.5495,2,JGB152(20)|JGB18(30),10.015,10.015
2025-03-14,20Y,2.247,1,JGB46(30),20.016,20.016
2025-03-14,30Y,2.546,1,JGB8(40),30.015,30.015
2025-03-14,40Y,2.754,1,JGB17(40),39.017,39.017
2025-03-17,2Y,0.8263,6,JGB151(5)|JGB152(5)|JGB346(10)|JGB470(2)|JGB93(20)|JGB94(20),1.955,2.007
2025-03-17,5Y,1.124,4,JGB116(20)|JGB117(20)|JGB2(30)|JGB358(10),4.931,5.008
2025-03-17,10Y,1.5235,2,JGB152(20)|JGB18(30),10.007,10.007
2025-03-17,20Y,2.239,1,JGB46(30),20.008,20.008
2025-03-17,30Y,2.535,1,JGB8(40),30.007,30.007
2025-03-17,40Y,2.758,1,JGB17(40),39.009,39.009
2025-03-18,2Y,0.7987,6,JGB151(5)|JGB152(5)|JGB346(10)|JGB470(2)|JGB93(20)|JGB94(20),1.952,2.004
2025-03-18,5Y,1.102,4,JGB116(20)|JGB117(20)|JGB2(30)|JGB358(10),4.928,5.005
2025-03-18,10Y,1.5135,2,JGB152(20)|JGB18(30),10.004,10.004
2025-03-18,20Y,2.251,1,JGB46(30),20.005,20.005
2025-03-18,30Y,2.551,1,JGB8(40),30.004,30.004
2025-03-18,40Y,2.779,1,JGB17(40),39.006,39.006
2025-03-19,2Y,0.7993,6,JGB151(5)|JGB152(5)|JGB346(10)|JGB470(2)|JGB93(20)|JGB94(20),1.949,2.001
2025-03-19,5Y,1.1023,4,JGB116(20)|JGB117(20)|JGB2(30)|JGB358(10),4.925,5.002
2025-03-19,10Y,1.5065,2,JGB152(20)|JGB18(30),10.001,10.001
2025-03-19,20Y,2.232,1,JGB46(30),20.003,20.003
2025-03-19,30Y,2.543,1,JGB8(40),30.001,30.001
2025-03-19,40Y,2.783,1,JGB17(40),39.003,39.003
2025-03-21,2Y,0.8187,6,JGB151(5)|JGB152(5)|JGB346(10)|JGB470(2)|JGB93(20)|JGB94(20),1.944,1.996
2025-03-21,5Y,1.1223,4,JGB116(20)|JGB117(20)|JGB2(30)|JGB358(10),4.92,4.997
2025-03-21,10Y,1.5225,2,JGB152(20)|JGB18(30),9.996,9.996
2025-03-21,20Y,2.239,1,JGB46(30),19.997,19.997
2025-03-21,30Y,2.543,1,JGB8(40),29.996,29.996
2025-03-21,40Y,2.78,2,JGB WI(40)-03|JGB17(40),38.998,38.998
2025-03-24,2Y,0.8287,6,JGB151(5)|JGB152(5)|JGB346(10)|JGB470(2)|JGB93(20)|JGB94(20),1.936,1.988
2025-03-24,5Y,1.129,3,JGB116(20)|JGB117(20)|JGB358(10),4.988,4.988
2025-03-24,10Y,1.5265,2,JGB152(20)|JGB18(30),9.988,9.988
2025-03-24,20Y,2.235,1,JGB46(30),19.989,19.989
2025-03-24,30Y,2.536,1,JGB8(40),29.988,29.988
2025-03-24,40Y,2.7695,2,JGB WI(40)-03|JGB17(40),38.99,38.99
2025-03-25,2Y,0.8469,7,JGB WI(2)-04|JGB151(5)|JGB152(5)|JGB346(10)|JGB470(2)|JGB93(20)|JGB94(20),1.933,2.018
2025-03-25,5Y,1.137,3,JGB116(20)|JGB117(20)|JGB358(10),4.986,4.986
2025-03-25,10Y,1.542,2,JGB152(20)|JGB18(30),9.985,9.985
2025-03-25,20Y,2.243,1,JGB46(30),19.986,19.986
2025-03-25,30Y,2.539,1,JGB8(40),29.985,29.985
2025-03-25,40Y,2.7695,2,JGB WI(40)-03|JGB17(40),38.987,38.987
2025-03-26,2Y,0.8627,7,JGB WI(2)-04|JGB151(5)|JGB152(5)|JGB346(10)|JGB470(2)|JGB93(20)|JGB94(20),1.93,2.015
2025-03-26,5Y,1.17,3,JGB116(20)|JGB117(20)|JGB358(10),4.983,4.983
2025-03-26,10Y,1.5745,2,JGB152(20)|JGB18(30),9.982,9.982
2025-03-26,20Y,2.263,1,JGB46(30),19.984,19.984
2025-03-26,30Y,2.539,1,JGB8(40),29.982,29.982
2025-03-26,40Y,2.7645,2,JGB WI(40)-03|JGB17(40),38.984,38.984
2025-03-27,2Y,0.8666,7,JGB WI(2)-04|JGB151(5)|JGB152(5)|JGB346(10)|JGB470(2)|JGB93(20)|JGB94(20),1.927,2.012
2025-03-27,5Y,1.1823,3,JGB116(20)|JGB117(20)|JGB358(10),4.98,4.98
2025-03-27,10Y,1.5795,2,JGB152(20)|JGB18(30),9.979,9.979
2025-03-27,20Y,2.259,1,JGB46(30),19.981,19.981
2025-03-27,30Y,2.543,1,JGB8(40),29.979,29.979
2025-03-27,40Y,2.761,2,JGB WI(40)-03|JGB17(40),38.982,38.982
2025-03-28,2Y,0.8674,7,JGB WI(2)-04|JGB151(5)|JGB152(5)|JGB346(10)|JGB470(2)|JGB93(20)|JGB94(20),1.925,2.01
2025-03-28,5Y,1.1837,3,JGB116(20)|JGB117(20)|JGB358(10),4.977,4.977
2025-03-28,10Y,1.5843,3,JGB WI(10)-04|JGB152(20)|JGB18(30),9.977,9.977
2025-03-28,20Y,2.259,1,JGB46(30),19.978,19.978
2025-03-28,30Y,2.528,1,JGB8(40),29.977,29.977
2025-03-28,40Y,2.714,1,JGB17(40),38.979,38.979
2025-03-31,2Y,0.8507,6,JGB WI(2)-04|JGB151(5)|JGB152(5)|JGB346(10)|JGB93(20)|JGB94(20),1.969,2.001
2025-03-31,5Y,1.153,3,JGB116(20)|JGB117(20)|JGB358(10),4.969,4.969
2025-03-31,10Y,1.546,3,JGB WI(10)-04|JGB152(20)|JGB18(30),9.969,9.969
2025-03-31,20Y,2.224,1,JGB46(30),19.97,19.97
2025-03-31,30Y,2.484,1,JGB8(40),29.969,29.969
2025-03-31,40Y,2.648,1,JGB17(40),38.971,38.971
2025-04-01,2Y,0.8227,6,JGB151(5)|JGB152(5)|JGB346(10)|JGB471(2)|JGB93(20)|JGB94(20),1.966,1.999
2025-04-01,5Y,1.0993,3,JGB116(20)|JGB117(20)|JGB358(10),4.966,4.966
2025-04-01,10Y,1.4907,3,JGB WI(10)-04|JGB152(20)|JGB18(30),9.966,9.966
2025-04-01,20Y,2.201,1,JGB46(30),19.967,19.967
2025-04-01,30Y,2.483,1,JGB8(40),29.966,29.966
2025-04-01,40Y,2.659,1,JGB17(40),38.968,38.968
2025-04-02,2Y,0.8288,6,JGB151(5)|JGB152(5)|JGB346(10)|JGB471(2)|JGB93(20)|JGB94(20),1.963,1.996
2025-04-02,5Y,1.1087,3,JGB116(20)|JGB117(20)|JGB358(10),4.964,4.964
2025-04-02,10Y,1.506,3,JGB WI(10)-04|JGB152(20)|JGB18(30),9.963,9.963
2025-04-02,20Y,2.207,1,JGB46(30),19.964,19.964
2025-04-02,30Y,2.5005,2,JGB WI(30)-04|JGB8(40),29.963,29.963
2025-04-02,40Y,2.685,1,JGB17(40),38.965,38.965
2025-04-03,2Y,0.8167,6,JGB151(5)|JGB152(5)|JGB346(10)|JGB471(2)|JGB93(20)|JGB94(20),1.96,1.993
2025-04-03,5Y,1.083,3,JGB116(20)|JGB117(20)|JGB358(10),4.961,4.961
2025-04-03,10Y,1.4787,3,JGB WI(10)-04|JGB152(20)|JGB18(30),9.96,9.96
2025-04-03,20Y,2.171,1,JGB46(30),19.962,19.962
2025-04-03,30Y,2.445,2,JGB WI(30)-04|JGB8(40),29.96,29.96
2025-04-03,40Y,2.622,1,JGB17(40),38.962,38.962
2025-04-04,2Y,0.737,6,JGB151(5)|JGB152(5)|JGB346(10)|JGB471(2)|JGB93(20)|JGB94(20),1.958,1.99
2025-04-04,5Y,0.9785,4,JGB WI(5)-04|JGB116(20)|JGB117(20)|JGB358(10),4.958,4.958
2025-04-04,10Y,1.3603,3,JGB152(20)|JGB18(30)|JGB378(10),9.958,9.958
2025-04-04,20Y,2.09,1,JGB46(30),19.959,19.959
2025-04-04,30Y,2.381,2,JGB WI(30)-04|JGB8(40),29.958,29.958
2025-04-04,40Y,2.573,1,JGB17(40),38.96,38.96
2025-04-07,2Y,0.5987,6,JGB151(5)|JGB152(5)|JGB346(10)|JGB471(2)|JGB93(20)|JGB94(20),1.949,1.982
2025-04-07,5Y,0.795,4,JGB WI(5)-04|JGB116(20)|JGB117(20)|JGB358(10),4.95,4.95
2025-04-07,10Y,1.1713,3,JGB152(20)|JGB18(30)|JGB378(10),9.949,9.949
2025-04-07,20Y,1.946,1,JGB46(30),19.951,19.951
2025-04-07,30Y,2.3015,2,JGB WI(30)-04|JGB8(40),29.949,29.949
2025-04-07,40Y,2.501,1,JGB17(40),38.951,38.951
2025-04-08,2Y,0.571,6,JGB151(5)|JGB152(5)|JGB346(10)|JGB471(2)|JGB93(20)|JGB94(20),1.947,1.979
2025-04-08,5Y,0.7608,4,JGB WI(5)-04|JGB116(20)|JGB117(20)|JGB358(10),4.947,4.947
2025-04-08,10Y,1.1233,3,JGB152(20)|JGB18(30)|JGB378(10),9.947,9.947
2025-04-08,20Y,1.927,1,JGB46(30),19.948,19.948
2025-04-08,30Y,2.288,2,JGB WI(30)-04|JGB8(40),29.947,29.947
2025-04-08,40Y,2.509,1,JGB17(40),38.949,38.949
2025-04-09,2Y,0.6313,6,JGB151(5)|JGB152(5)|JGB346(10)|JGB471(2)|JGB93(20)|JGB94(20),1.944,1.977
2025-04-09,5Y,0.8705,4,JGB WI(5)-04|JGB116(20)|JGB117(20)|JGB358(10),4.945,4.945
2025-04-09,10Y,1.262,3,JGB152(20)|JGB18(30)|JGB378(10),9.944,9.944
2025-04-09,20Y,2.106,2,JGB WI(20)-04|JGB46(30),19.945,19.945
2025-04-09,30Y,2.478,2,JGB8(40)|JGB86(30),29.944,29.944
2025-04-09,40Y,2.699,1,JGB17(40),38.946,38.946
2025-04-10,2Y,0.597,6,JGB151(5)|JGB152(5)|JGB346(10)|JGB471(2)|JGB93(20)|JGB94(20),1.941,1.974
2025-04-10,5Y,0.8502,4,JGB WI(5)-04|JGB116(20)|JGB117(20)|JGB358(10),4.942,4.942
2025-04-10,10Y,1.276,3,JGB152(20)|JGB18(30)|JGB378(10),9.941,9.941
2025-04-10,20Y,2.2615,2,JGB WI(20)-04|JGB46(30),19.943,19.943
2025-04-10,30Y,2.6405,2,JGB8(40)|JGB86(30),29.941,29.941
2025-04-10,40Y,2.841,1,JGB17(40),38.943,38.943
2025-04-11,2Y,0.6608,6,JGB151(5)|JGB152(5)|JGB346(10)|JGB471(2)|JGB93(20)|JGB94(20),1.938,1.971
2025-04-11,5Y,0.9268,4,JGB116(20)|JGB117(20)|JGB178(5)|JGB358(10),4.939,4.939
2025-04-11,10Y,1.3707,3,JGB152(20)|JGB18(30)|JGB378(10),9.938,9.938
2025-04-11,20Y,2.275,2,JGB WI(20)-04|JGB46(30),19.94,19.94
2025-04-11,30Y,2.6095,2,JGB8(40)|JGB86(30),29.938,29.938
2025-04-11,40Y,2.813,1,JGB17(40),38.94,38.94
2025-04-14,2Y,0.596,6,JGB151(5)|JGB152(5)|JGB346(10)|JGB471(2)|JGB93(20)|JGB94(20),1.93,1.963
2025-04-14,5Y,0.84,4,JGB116(20)|JGB117(20)|JGB178(5)|JGB358(10),4.931,4.931
2025-04-14,10Y,1.3463,3,JGB152(20)|JGB18(30)|JGB378(10),9.93,9.93
2025-04-14,20Y,2.323,2,JGB WI(20)-04|JGB46(30),19.932,19.932
2025-04-14,30Y,2.6595,2,JGB8(40)|JGB86(30),29.93,29.93
2025-04-14,40Y,2.873,1,JGB17(40),38.932,38.932
2025-04-15,2Y,0.5752,6,JGB151(5)|JGB152(5)|JGB346(10)|JGB471(2)|JGB93(20)|JGB94(20),1.927,1.96
2025-04-15,5Y,0.8127,4,JGB116(20)|JGB117(20)|JGB178(5)|JGB358(10),4.928,4.928
2025-04-15,10Y,1.3377,3,JGB152(20)|JGB18(30)|JGB378(10),9.927,9.927
2025-04-15,20Y,2.3845,2,JGB WI(20)-04|JGB46(30),19.929,19.929
2025-04-15,30Y,2.753,2,JGB8(40)|JGB86(30),29.927,29.927
2025-04-15,40Y,2.967,1,JGB17(40),38.93,38.93
2025-04-16,2Y,0.6333,6,JGB151(5)|JGB152(5)|JGB346(10)|JGB471(2)|JGB93(20)|JGB94(20),1.925,1.958
2025-04-16,5Y,0.881,4,JGB116(20)|JGB117(20)|JGB178(5)|JGB358(10),4.925,4.925
2025-04-16,10Y,1.3657,3,JGB152(20)|JGB18(30)|JGB378(10),9.925,9.925
2025-04-16,20Y,2.337,2,JGB192(20)|JGB46(30),19.926,19.926
2025-04-16,30Y,2.7315,2,JGB8(40)|JGB86(30),29.925,29.925
2025-04-16,40Y,2.966,1,JGB17(40),38.927,38.927
2025-04-17,2Y,0.6047,6,JGB151(5)|JGB152(5)|JGB346(10)|JGB471(2)|JGB93(20)|JGB94(20),1.922,1.955
2025-04-17,5Y,0.8367,4,JGB116(20)|JGB117(20)|JGB178(5)|JGB358(10),4.923,4.923
2025-04-17,10Y,1.2947,3,JGB152(20)|JGB18(30)|JGB378(10),9.922,9.922
2025-04-17,20Y,2.263,2,JGB192(20)|JGB46(30),19.923,19.923
2025-04-17,30Y,2.645,2,JGB8(40)|JGB86(30),29.922,29.922
2025-04-17,40Y,2.891,1,JGB17(40),38.924,38.924
2025-04-18,2Y,0.6421,7,JGB WI(2)-05|JGB151(5)|JGB152(5)|JGB346(10)|JGB471(2)|JGB93(20)|JGB94(20),1.919,2.034
2025-04-18,5Y,0.8602,4,JGB116(20)|JGB117(20)|JGB178(5)|JGB358(10),4.92,4.92
2025-04-18,10Y,1.3097,3,JGB152(20)|JGB18(30)|JGB378(10),9.919,9.919
2025-04-18,20Y,2.2545,2,JGB192(20)|JGB46(30),19.921,19.921
2025-04-18,30Y,2.6065,2,JGB8(40)|JGB86(30),29.919,29.919
2025-04-18,40Y,2.838,1,JGB17(40),38.921,38.921
2025-04-21,2Y,0.6355,2,JGB WI(2)-05|JGB471(2),1.944,2.026
2025-04-21,5Y,0.849,1,JGB3(30),5.079,5.079
2025-04-21,10Y,1.2907,3,JGB152(20)|JGB18(30)|JGB378(10),9.911,9.911
2025-04-21,20Y,2.266,2,JGB192(20)|JGB46(30),19.912,19.912
2025-04-21,30Y,2.649,2,JGB8(40)|JGB86(30),29.911,29.911
2025-04-21,40Y,2.881,1,JGB17(40),38.913,38.913
2025-04-22,2Y,0.648,2,JGB WI(2)-05|JGB471(2),1.941,2.023
2025-04-22,5Y,0.848,1,JGB3(30),5.076,5.076
2025-04-22,10Y,1.291,3,JGB152(20)|JGB18(30)|JGB378(10),9.908,9.908
2025-04-22,20Y,2.2915,2,JGB192(20)|JGB46(30),19.91,19.91
2025-04-22,30Y,2.676,2,JGB8(40)|JGB86(30),29.908,29.908
2025-04-22,40Y,2.913,1,JGB17(40),38.91,38.91
2025-04-23,2Y,0.6705,2,JGB WI(2)-05|JGB471(2),1.938,2.021
2025-04-23,5Y,0.877,1,JGB3(30),5.073,5.073
2025-04-23,10Y,1.3113,3,JGB152(20)|JGB18(30)|JGB378(10),9.906,9.906
2025-04-23,20Y,2.2625,2,JGB192(20)|JGB46(30),19.907,19.907
2025-04-23,30Y,2.672,2,JGB8(40)|JGB86(30),29.906,29.906
2025-04-23,40Y,2.902,1,JGB17(40),38.908,38.908
2025-04-24,2Y,0.688,2,JGB WI(2)-05|JGB471(2),1.936,2.018
2025-04-24,5Y,0.899,1,JGB3(30),5.07,5.07
2025-04-24,10Y,1.329,3,JGB152(20)|JGB18(30)|JGB378(10),9.903,9.903
2025-04-24,20Y,2.227,2,JGB192(20)|JGB46(30),19.904,19.904
2025-04-24,30Y,2.625,2,JGB8(40)|JGB86(30),29.903,29.903
2025-04-24,40Y,2.848,1,JGB17(40),38.905,38.905
2025-04-25,2Y,0.6745,2,JGB471(2)|JGB472(2),1.933,2.015
2025-04-25,5Y,0.877,1,JGB3(30),5.068,5.068
2025-04-25,10Y,1.315,3,JGB152(20)|JGB18(30)|JGB378(10),9.9,9.9
2025-04-25,20Y,2.2215,2,JGB192(20)|JGB46(30),19.901,19.901
2025-04-25,30Y,2.632,2,JGB8(40)|JGB86(30),29.9,29.9
2025-04-25,40Y,2.863,1,JGB17(40),38.902,38.902
2025-04-28,2Y,0.685,2,JGB471(2)|JGB472(2),1.925,2.007
2025-04-28,5Y,0.898,1,JGB3(30),5.06,5.06
2025-04-28,10Y,1.3343,3,JGB152(20)|JGB18(30)|JGB378(10),9.892,9.892
2025-04-28,20Y,2.2435,2,JGB192(20)|JGB46(30),19.893,19.893
2025-04-28,30Y,2.639,2,JGB8(40)|JGB86(30),29.892,29.892
2025-04-28,40Y,2.895,1,JGB17(40),38.894,38.894
2025-04-30,2Y,0.682,2,JGB471(2)|JGB472(2),1.919,2.001
2025-04-30,5Y,0.892,1,JGB3(30),5.054,5.054
2025-04-30,10Y,1.3147,3,JGB152(20)|JGB18(30)|JGB378(10),9.886,9.886
2025-04-30,20Y,2.2315,2,JGB192(20)|JGB46(30),19.888,19.888
2025-04-30,30Y,2.638,2,JGB8(40)|JGB86(30),29.886,29.886
2025-04-30,40Y,2.895,1,JGB17(40),38.888,38.888
2025-05-01,2Y,0.674,1,JGB472(2),1.999,1.999
2025-05-01,5Y,0.884,1,JGB3(30),5.051,5.051
2025-05-01,10Y,1.3147,3,JGB152(20)|JGB18(30)|JGB378(10),9.884,9.884
2025-05-01,20Y,2.2235,2,JGB192(20)|JGB46(30),19.885,19.885
2025-05-01,30Y,2.6445,2,JGB8(40)|JGB86(30),29.884,29.884
2025-05-01,40Y,2.895,1,JGB17(40),38.886,38.886
2025-05-02,2Y,0.629,1,JGB472(2),1.996,1.996
2025-05-02,5Y,0.839,1,JGB3(30),5.049,5.049
2025-05-02,10Y,1.276,4,JGB WI(10)-05|JGB152(20)|JGB18(30)|JGB378(10),9.881,9.881
2025-05-02,20Y,2.2185,2,JGB192(20)|JGB46(30),19.882,19.882
2025-05-02,30Y,2.6525,2,JGB8(40)|JGB86(30),29.881,29.881
2025-05-02,40Y,2.902,1,JGB17(40),38.883,38.883
2025-05-07,2Y,0.609,1,JGB472(2),1.982,1.982
2025-05-07,5Y,0.83,1,JGB3(30),5.035,5.035
2025-05-07,10Y,1.299,2,JGB153(20)|JGB19(30),10.119,10.119
2025-05-07,20Y,2.251,1,JGB47(30),20.12,20.12
2025-05-07,30Y,2.694,3,JGB WI(30)-05|JGB8(40)|JGB86(30),29.867,29.867
2025-05-07,40Y,2.944,1,JGB17(40),38.869,38.869
2025-05-08,2Y,0.608,1,JGB472(2),1.979,1.979
2025-05-08,5Y,0.846,1,JGB3(30),5.032,5.032
2025-05-08,10Y,1.332,2,JGB153(20)|JGB19(30),10.116,10.116
2025-05-08,20Y,2.319,1,JGB47(30),20.118,20.118
2025-05-08,30Y,2.7927,3,JGB WI(30)-05|JGB8(40)|JGB86(30),29.864,29.864
2025-05-08,40Y,3.042,1,JGB17(40),38.867,38.867
2025-05-09,2Y,0.618,1,JGB472(2),1.977,1.977
2025-05-09,5Y,0.863,1,JGB3(30),5.029,5.029
2025-05-09,10Y,1.356,2,JGB153(20)|JGB19(30),10.114,10.114
2025-05-09,20Y,2.327,1,JGB47(30),20.115,20.115
2025-05-09,30Y,2.7803,3,JGB WI(30)-05|JGB8(40)|JGB86(30),29.862,29.862
2025-05-09,40Y,3.043,1,JGB17(40),38.864,38.864
2025-05-12,2Y,0.633,1,JGB472(2),1.969,1.969
2025-05-12,5Y,0.882,1,JGB3(30),5.021,5.021
2025-05-12,10Y,1.3855,2,JGB153(20)|JGB19(30),10.105,10.105
2025-05-12,20Y,2.363,1,JGB47(30),20.107,20.107
2025-05-12,30Y,2.8,3,JGB WI(30)-05|JGB8(40)|JGB86(30),29.854,29.854
2025-05-12,40Y,3.084,1,JGB17(40),38.856,38.856
2025-05-13,2Y,0.659,1,JGB472(2),1.966,1.966
2025-05-13,5Y,0.917,1,JGB3(30),5.018,5.018
2025-05-13,10Y,1.419,2,JGB153(20)|JGB19(30),10.103,10.103
2025-05-13,20Y,2.402,1,JGB47(30),20.104,20.104
2025-05-13,30Y,2.8353,3,JGB WI(30)-05|JGB8(40)|JGB86(30),29.851,29.851
2025-05-13,40Y,3.112,1,JGB17(40),38.853,38.853
2025-05-14,2Y,0.715,1,JGB472(2),1.963,1.963
2025-05-14,5Y,0.985,1,JGB3(30),5.016,5.016
2025-05-14,10Y,1.4695,2,JGB153(20)|JGB19(30),10.1,10.1
2025-05-14,20Y,2.366,1,JGB47(30),20.101,20.101
2025-05-14,30Y,2.7785,2,JGB8(40)|JGB86(30),29.848,29.848
2025-05-14,40Y,3.054,1,JGB17(40),38.85,38.85
2025-05-15,2Y,0.705,1,JGB472(2),1.96,1.96
2025-05-15,5Y,0.977,1,JGB3(30),5.013,5.013
2025-05-15,10Y,1.4765,2,JGB153(20)|JGB19(30),10.097,10.097
2025-05-15,20Y,2.382,1,JGB47(30),20.099,20.099
2025-05-15,30Y,2.81,2,JGB8(40)|JGB86(30),29.845,29.845
2025-05-15,40Y,3.077,1,JGB17(40),38.847,38.847
2025-05-16,2Y,0.715,1,JGB472(2),1.958,1.958
2025-05-16,5Y,1.008,1,JGB3(30),5.01,5.01
2025-05-16,10Y,1.5025,2,JGB153(20)|JGB19(30),10.094,10.094
2025-05-16,20Y,2.407,1,JGB47(30),20.096,20.096
2025-05-16,30Y,2.8385,2,JGB8(40)|JGB86(30),29.843,29.843
2025-05-16,40Y,3.116,1,JGB17(40),38.845,38.845
2025-05-19,2Y,0.705,1,JGB472(2),1.949,1.949
2025-05-19,5Y,0.985,1,JGB3(30),5.002,5.002
2025-05-19,10Y,1.474,2,JGB153(20)|JGB19(30),10.086,10.086
2025-05-19,20Y,2.391,1,JGB47(30),20.088,20.088
2025-05-19,30Y,2.839,2,JGB8(40)|JGB86(30),29.834,29.834
2025-05-19,40Y,3.129,1,JGB17(40),38.836,38.836
2025-05-20,2Y,0.715,1,JGB472(2),1.947,1.947
2025-05-20,5Y,1.005,1,JGB3(30),4.999,4.999
2025-05-20,10Y,1.5025,2,JGB153(20)|JGB19(30),10.084,10.084
2025-05-20,20Y,2.414,1,JGB47(30),20.085,20.085
2025-05-20,30Y,2.8495,2,JGB8(40)|JGB86(30),29.832,29.832
2025-05-20,40Y,3.126,1,JGB17(40),38.834,38.834
2025-05-21,2Y,0.732,5,JGB153(5)|JGB347(10)|JGB472(2)|JGB95(20)|JGB96(20),1.944,2.081
2025-05-21,5Y,1.0172,5,JGB118(20)|JGB119(20)|JGB120(20)|JGB3(30)|JGB359(10),4.997,5.081
2025-05-21,10Y,1.543,2,JGB153(20)|JGB19(30),10.081,10.081
2025-05-21,20Y,2.541,1,JGB47(30),20.082,20.082
2025-05-21,30Y,2.9665,2,JGB8(40)|JGB86(30),29.829,29.829
2025-05-21,40Y,3.225,1,JGB17(40),38.831,38.831
2025-05-22,2Y,0.7218,5,JGB153(5)|JGB347(10)|JGB472(2)|JGB95(20)|JGB96(20),1.941,2.078
2025-05-22,5Y,1.0082,5,JGB118(20)|JGB119(20)|JGB120(20)|JGB3(30)|JGB359(10),4.994,5.079
2025-05-22,10Y,1.545,2,JGB153(20)|JGB19(30),10.078,10.078
2025-05-22,20Y,2.533,1,JGB47(30),20.079,20.079
2025-05-22,30Y,2.974,2,JGB8(40)|JGB86(30),29.826,29.826
2025-05-22,40Y,3.286,1,JGB WI(40)-05,39.828,39.828
2025-05-23,2Y,0.738,5,JGB153(5)|JGB347(10)|JGB472(2)|JGB95(20)|JGB96(20),1.938,2.075
2025-05-23,5Y,1.0412,5,JGB118(20)|JGB119(20)|JGB120(20)|JGB3(30)|JGB359(10),4.991,5.076
2025-05-23,10Y,1.582,2,JGB153(20)|JGB19(30),10.075,10.075
2025-05-23,20Y,2.567,1,JGB47(30),20.077,20.077
2025-05-23,30Y,2.9975,2,JGB8(40)|JGB86(30),29.823,29.823
2025-05-23,40Y,3.325,1,JGB WI(40)-05,39.825,39.825
2025-05-26,2Y,0.7332,6,JGB WI(2)-06|JGB153(5)|JGB347(10)|JGB472(2)|JGB95(20)|JGB96(20),1.93,2.067
2025-05-26,5Y,1.0404,5,JGB118(20)|JGB119(20)|JGB120(20)|JGB3(30)|JGB359(10),4.983,5.068
2025-05-26,10Y,1.5665,2,JGB153(20)|JGB19(30),10.067,10.067
2025-05-26,20Y,2.528,1,JGB47(30),20.068,20.068
2025-05-26,30Y,2.924,2,JGB8(40)|JGB86(30),29.815,29.815
2025-05-26,40Y,3.24,1,JGB WI(40)-05,39.817,39.817
2025-05-27,2Y,0.727,6,JGB WI(2)-06|JGB153(5)|JGB347(10)|JGB472(2)|JGB95(20)|JGB96(20),1.927,2.064
2025-05-27,5Y,1.0178,5,JGB118(20)|JGB119(20)|JGB120(20)|JGB3(30)|JGB359(10),4.98,5.065
2025-05-27,10Y,1.5285,2,JGB153(20)|JGB19(30),10.064,10.064
2025-05-27,20Y,2.505,1,JGB47(30),20.066,20.066
2025-05-27,30Y,2.901,2,JGB8(40)|JGB86(30),29.812,29.812
2025-05-27,40Y,3.23,1,JGB WI(40)-05,39.814,39.814
2025-05-28,2Y,0.7352,6,JGB WI(2)-06|JGB153(5)|JGB347(10)|JGB472(2)|JGB95(20)|JGB96(20),1.925,2.062
2025-05-28,5Y,1.0054,5,JGB118(20)|JGB119(20)|JGB120(20)|JGB3(30)|JGB359(10),4.977,5.062
2025-05-28,10Y,1.487,2,JGB153(20)|JGB19(30),10.062,10.062
2025-05-28,20Y,2.359,1,JGB47(30),20.063,20.063
2025-05-28,30Y,2.744,2,JGB8(40)|JGB86(30),29.81,29.81
2025-05-28,40Y,3.055,1,JGB WI(40)-05,39.811,39.811
2025-05-29,2Y,0.7503,6,JGB WI(2)-06|JGB153(5)|JGB347(10)|JGB472(2)|JGB95(20)|JGB96(20),1.922,2.059
2025-05-29,5Y,1.0464,5,JGB118(20)|JGB119(20)|JGB120(20)|JGB3(30)|JGB359(10),4.975,5.06
2025-05-29,10Y,1.539,2,JGB153(20)|JGB19(30),10.059,10.059
2025-05-29,20Y,2.407,1,JGB47(30),20.06,20.06
2025-05-29,30Y,2.798,2,JGB8(40)|JGB86(30),29.807,29.807
2025-05-29,40Y,3.1,1,JGB18(40),39.808,39.808
2025-05-30,2Y,0.7542,6,JGB WI(2)-06|JGB153(5)|JGB347(10)|JGB472(2)|JGB95(20)|JGB96(20),1.919,2.056
2025-05-30,5Y,1.0368,5,JGB118(20)|JGB119(20)|JGB120(20)|JGB3(30)|JGB359(10),4.972,5.057
2025-05-30,10Y,1.541,2,JGB153(20)|JGB19(30),10.056,10.056
2025-05-30,20Y,2.454,1,JGB47(30),20.057,20.057
2025-05-30,30Y,2.855,3,JGB WI(30)-06|JGB8(40)|JGB86(30),29.804,29.804
2025-05-30,40Y,3.119,1,JGB18(40),39.806,39.806
2025-06-02,2Y,0.743,5,JGB153(5)|JGB347(10)|JGB473(2)|JGB95(20)|JGB96(20),1.996,2.048
2025-06-02,5Y,1.0178,5,JGB118(20)|JGB119(20)|JGB120(20)|JGB3(30)|JGB359(10),4.964,5.049
2025-06-02,10Y,1.525,2,JGB153(20)|JGB19(30),10.048,10.048
2025-06-02,20Y,2.419,1,JGB47(30),20.049,20.049
2025-06-02,30Y,2.8477,3,JGB WI(30)-06|JGB8(40)|JGB86(30),29.796,29.796
2025-06-02,40Y,3.103,1,JGB18(40),39.797,39.797
2025-06-03,2Y,0.749,5,JGB153(5)|JGB347(10)|JGB473(2)|JGB95(20)|JGB96(20),1.993,2.045
2025-06-03,5Y,1.0314,5,JGB118(20)|JGB119(20)|JGB120(20)|JGB3(30)|JGB359(10),4.961,5.046
2025-06-03,10Y,1.5265,2,JGB153(20)|JGB19(30),10.045,10.045
2025-06-03,20Y,2.407,1,JGB47(30),20.047,20.047
2025-06-03,30Y,2.821,3,JGB WI(30)-06|JGB8(40)|JGB86(30),29.793,29.793
2025-06-03,40Y,3.08,1,JGB18(40),39.795,39.795
2025-06-04,2Y,0.7466,5,JGB153(5)|JGB347(10)|JGB473(2)|JGB95(20)|JGB96(20),1.99,2.042
2025-06-04,5Y,1.0226,5,JGB118(20)|JGB119(20)|JGB120(20)|JGB3(30)|JGB359(10),4.958,5.043
2025-06-04,10Y,1.5025,2,JGB153(20)|JGB19(30),10.042,10.042
2025-06-04,20Y,2.407,1,JGB47(30),20.044,20.044
2025-06-04,30Y,2.825,3,JGB WI(30)-06|JGB8(40)|JGB86(30),29.791,29.791
2025-06-04,40Y,3.096,1,JGB18(40),39.792,39.792
2025-06-05,2Y,0.755,5,JGB153(5)|JGB347(10)|JGB473(2)|JGB95(20)|JGB96(20),1.988,2.04
2025-06-05,5Y,1.042,5,JGB118(20)|JGB119(20)|JGB120(20)|JGB3(30)|JGB359(10),4.956,5.04
2025-06-05,10Y,1.5215,2,JGB153(20)|JGB19(30),10.04,10.04
2025-06-05,20Y,2.43,1,JGB47(30),20.041,20.041
2025-06-05,30Y,2.831,3,JGB WI(30)-06|JGB8(40)|JGB86(30),29.788,29.788
2025-06-05,40Y,3.13,1,JGB18(40),39.789,39.789
2025-06-06,2Y,0.7416,5,JGB153(5)|JGB347(10)|JGB473(2)|JGB95(20)|JGB96(20),1.985,2.037
2025-06-06,5Y,1.0102,5,JGB118(20)|JGB119(20)|JGB120(20)|JGB3(30)|JGB359(10),4.953,5.038
2025-06-06,10Y,1.483,2,JGB153(20)|JGB19(30),10.037,10.037
2025-06-06,20Y,2.372,1,JGB47(30),20.038,20.038
2025-06-06,30Y,2.7865,2,JGB8(40)|JGB86(30),29.785,29.785
2025-06-06,40Y,3.076,1,JGB18(40),39.786,39.786
2025-06-09,2Y,0.7462,5,JGB153(5)|JGB347(10)|JGB473(2)|JGB95(20)|JGB96(20),1.977,2.029
2025-06-09,5Y,1.0114,5,JGB118(20)|JGB119(20)|JGB120(20)|JGB3(30)|JGB359(10),4.945,5.029
2025-06-09,10Y,1.4785,2,JGB153(20)|JGB19(30),10.029,10.029
2025-06-09,20Y,2.351,1,JGB47(30),20.03,20.03
2025-06-09,30Y,2.779,2,JGB8(40)|JGB86(30),29.777,29.777
2025-06-09,40Y,3.048,1,JGB18(40),39.778,39.778
2025-06-10,2Y,0.759,5,JGB153(5)|JGB347(10)|JGB473(2)|JGB95(20)|JGB96(20),1.974,2.026
2025-06-10,5Y,1.029,5,JGB118(20)|JGB119(20)|JGB120(20)|JGB3(30)|JGB359(10),4.942,5.027
2025-06-10,10Y,1.4925,2,JGB153(20)|JGB19(30),10.026,10.026
2025-06-10,20Y,2.379,1,JGB47(30),20.027,20.027
2025-06-10,30Y,2.804,2,JGB8(40)|JGB86(30),29.774,29.774
2025-06-10,40Y,3.083,1,JGB18(40),39.775,39.775
2025-06-11,2Y,0.7566,5,JGB153(5)|JGB347(10)|JGB473(2)|JGB95(20)|JGB96(20),1.971,2.023
2025-06-11,5Y,1.029,5,JGB118(20)|JGB119(20)|JGB120(20)|JGB3(30)|JGB359(10),4.939,5.024
2025-06-11,10Y,1.5015,2,JGB153(20)|JGB19(30),10.023,10.023
2025-06-11,20Y,2.402,1,JGB47(30),20.025,20.025
2025-06-11,30Y,2.8075,2,JGB8(40)|JGB86(30),29.771,29.771
2025-06-11,40Y,3.086,1,JGB18(40),39.773,39.773
2025-06-12,2Y,0.745,5,JGB153(5)|JGB347(10)|JGB473(2)|JGB95(20)|JGB96(20),1.969,2.021
2025-06-12,5Y,1.0134,5,JGB118(20)|JGB119(20)|JGB120(20)|JGB3(30)|JGB359(10),4.936,5.021
2025-06-12,10Y,1.483,2,JGB153(20)|JGB19(30),10.021,10.021
2025-06-12,20Y,2.395,1,JGB47(30),20.022,20.022
2025-06-12,30Y,2.8075,2,JGB8(40)|JGB86(30),29.769,29.769
2025-06-12,40Y,3.096,1,JGB18(40),39.77,39.77
2025-06-13,2Y,0.7426,5,JGB153(5)|JGB347(10)|JGB473(2)|JGB95(20)|JGB96(20),1.966,2.018
2025-06-13,5Y,1.0094,5,JGB118(20)|JGB119(20)|JGB120(20)|JGB3(30)|JGB359(10),4.934,5.018
2025-06-13,10Y,1.4785,2,JGB153(20)|JGB19(30),10.018,10.018
2025-06-13,20Y,2.406,1,JGB47(30),20.019,20.019
2025-06-13,30Y,2.804,2,JGB8(40)|JGB86(30),29.766,29.766
2025-06-13,40Y,3.084,1,JGB18(40),39.767,39.767
2025-06-16,2Y,0.7182,5,JGB153(5)|JGB347(10)|JGB473(2)|JGB95(20)|JGB96(20),1.958,2.01
2025-06-16,5Y,0.965,5,JGB118(20)|JGB119(20)|JGB120(20)|JGB3(30)|JGB359(10),4.925,5.01
2025-06-16,10Y,1.426,2,JGB153(20)|JGB19(30),10.01,10.01
2025-06-16,20Y,2.367,1,JGB47(30),20.011,20.011
2025-06-16,30Y,2.7825,2,JGB8(40)|JGB86(30),29.758,29.758
2025-06-16,40Y,3.061,1,JGB18(40),39.759,39.759
2025-06-17,2Y,0.741,5,JGB153(5)|JGB347(10)|JGB473(2)|JGB95(20)|JGB96(20),1.955,2.007
2025-06-17,5Y,1.0108,5,JGB118(20)|JGB119(20)|JGB120(20)|JGB3(30)|JGB359(10),4.923,5.008
2025-06-17,10Y,1.477,2,JGB153(20)|JGB19(30),10.007,10.007
2025-06-17,20Y,2.395,1,JGB47(30),20.008,20.008
2025-06-17,30Y,2.8,2,JGB8(40)|JGB86(30),29.755,29.755
2025-06-17,40Y,3.065,1,JGB18(40),39.756,39.756
2025-06-18,2Y,0.7474,5,JGB153(5)|JGB347(10)|JGB473(2)|JGB95(20)|JGB96(20),1.952,2.004
2025-06-18,5Y,1.0328,5,JGB118(20)|JGB119(20)|JGB120(20)|JGB3(30)|JGB359(10),4.92,5.005
2025-06-18,10Y,1.493,2,JGB153(20)|JGB19(30),10.004,10.004
2025-06-18,20Y,2.411,1,JGB47(30),20.005,20.005
2025-06-18,30Y,2.8235,2,JGB8(40)|JGB86(30),29.752,29.752
2025-06-18,40Y,3.088,1,JGB18(40),39.754,39.754
2025-06-19,2Y,0.7292,5,JGB153(5)|JGB347(10)|JGB473(2)|JGB95(20)|JGB96(20),1.949,2.001
2025-06-19,5Y,1.0115,4,JGB118(20)|JGB119(20)|JGB120(20)|JGB359(10),5.002,5.002
2025-06-19,10Y,1.4735,2,JGB153(20)|JGB19(30),10.001,10.001
2025-06-19,20Y,2.399,1,JGB47(30),20.003,20.003
2025-06-19,30Y,2.82,2,JGB8(40)|JGB86(30),29.749,29.749
2025-06-19,40Y,3.092,1,JGB18(40),39.751,39.751
2025-06-20,2Y,0.7082,6,JGB WI(2)-07|JGB153(5)|JGB347(10)|JGB473(2)|JGB95(20)|JGB96(20),1.947,2.029
2025-06-20,5Y,0.9617,4,JGB118(20)|JGB119(20)|JGB120(20)|JGB359(10),4.999,4.999
2025-06-20,10Y,1.4345,2,JGB153(20)|JGB19(30),9.999,9.999
2025-06-20,20Y,2.38,1,JGB47(30),20.0,20.0
2025-06-20,30Y,2.8085,2,JGB8(40)|JGB86(30),29.747,29.747
2025-06-20,40Y,3.084,1,JGB18(40),39.748,39.748
2025-06-23,2Y,0.7075,6,JGB WI(2)-07|JGB153(5)|JGB347(10)|JGB473(2)|JGB95(20)|JGB96(20),1.938,2.021
2025-06-23,5Y,0.956,4,JGB118(20)|JGB119(20)|JGB120(20)|JGB359(10),4.991,4.991
2025-06-23,10Y,1.417,2,JGB153(20)|JGB19(30),9.99,9.99
2025-06-23,20Y,2.376,1,JGB47(30),19.992,19.992
2025-06-23,30Y,2.7985,2,JGB8(40)|JGB86(30),29.739,29.739
2025-06-23,40Y,3.096,1,JGB18(40),39.74,39.74
2025-06-24,2Y,0.7173,6,JGB WI(2)-07|JGB153(5)|JGB347(10)|JGB473(2)|JGB95(20)|JGB96(20),1.936,2.018
2025-06-24,5Y,0.9667,4,JGB118(20)|JGB119(20)|JGB120(20)|JGB359(10),4.988,4.988
2025-06-24,10Y,1.426,2,JGB153(20)|JGB19(30),9.988,9.988
2025-06-24,20Y,2.364,1,JGB47(30),19.989,19.989
2025-06-24,30Y,2.808,2,JGB8(40)|JGB86(30),29.736,29.736
2025-06-24,40Y,3.122,1,JGB18(40),39.737,39.737
2025-06-25,2Y,0.7183,6,JGB WI(2)-07|JGB153(5)|JGB347(10)|JGB473(2)|JGB95(20)|JGB96(20),1.933,2.015
2025-06-25,5Y,0.966,4,JGB118(20)|JGB119(20)|JGB120(20)|JGB359(10),4.986,4.986
2025-06-25,10Y,1.435,3,JGB WI(10)-07|JGB153(20)|JGB19(30),9.985,9.985
2025-06-25,20Y,2.364,1,JGB47(30),19.986,19.986
2025-06-25,30Y,2.811,2,JGB8(40)|JGB86(30),29.733,29.733
2025-06-25,40Y,3.119,1,JGB18(40),39.734,39.734
2025-06-26,2Y,0.7063,6,JGB WI(2)-07|JGB153(5)|JGB347(10)|JGB473(2)|JGB95(20)|JGB96(20),1.93,2.012
2025-06-26,5Y,0.9522,4,JGB118(20)|JGB119(20)|JGB120(20)|JGB359(10),4.983,4.983
2025-06-26,10Y,1.4197,3,JGB WI(10)-07|JGB153(20)|JGB19(30),9.982,9.982
2025-06-26,20Y,2.341,1,JGB47(30),19.984,19.984
2025-06-26,30Y,2.797,2,JGB8(40)|JGB86(30),29.73,29.73
2025-06-26,40Y,3.103,1,JGB18(40),39.732,39.732
2025-06-27,2Y,0.7143,6,JGB153(5)|JGB347(10)|JGB473(2)|JGB474(2)|JGB95(20)|JGB96(20),1.927,2.01
2025-06-27,5Y,0.97,4,JGB118(20)|JGB119(20)|JGB120(20)|JGB359(10),4.98,4.98
2025-06-27,10Y,1.4353,3,JGB WI(10)-07|JGB153(20)|JGB19(30),9.979,9.979
2025-06-27,20Y,2.339,1,JGB47(30),19.981,19.981
2025-06-27,30Y,2.796,1,JGB WI(30)-07,29.979,29.979
2025-06-27,40Y,3.096,1,JGB18(40),39.729,39.729
2025-06-30,2Y,0.7205,6,JGB153(5)|JGB347(10)|JGB473(2)|JGB474(2)|JGB95(20)|JGB96(20),1.919,2.001
2025-06-30,5Y,0.9808,4,JGB118(20)|JGB119(20)|JGB120(20)|JGB359(10),4.972,4.972
2025-06-30,10Y,1.4493,3,JGB WI(10)-07|JGB153(20)|JGB19(30),9.971,9.971
2025-06-30,20Y,2.352,1,JGB47(30),19.973,19.973
2025-06-30,30Y,2.805,1,JGB WI(30)-07,29.971,29.971
2025-06-30,40Y,3.088,1,JGB18(40),39.721,39.721
2025-07-01,2Y,0.7244,5,JGB153(5)|JGB347(10)|JGB474(2)|JGB95(20)|JGB96(20),1.969,1.999
2025-07-01,5Y,0.9858,4,JGB118(20)|JGB119(20)|JGB120(20)|JGB359(10),4.969,4.969
2025-07-01,10Y,1.4503,3,JGB WI(10)-07|JGB153(20)|JGB19(30),9.969,9.969
2025-07-01,20Y,2.368,1,JGB47(30),19.97,19.97
2025-07-01,30Y,2.805,1,JGB WI(30)-07,29.969,29.969
2025-07-01,40Y,3.088,1,JGB18(40),39.718,39.718
2025-07-02,2Y,0.7138,5,JGB153(5)|JGB347(10)|JGB474(2)|JGB95(20)|JGB96(20),1.966,1.996
2025-07-02,5Y,0.9728,5,JGB WI(5)-07|JGB118(20)|JGB119(20)|JGB120(20)|JGB359(10),4.966,4.966
2025-07-02,10Y,1.414,3,JGB153(20)|JGB19(30)|JGB379(10),9.966,9.966
2025-07-02,20Y,2.343,1,JGB47(30),19.967,19.967
2025-07-02,30Y,2.795,1,JGB WI(30)-07,29.966,29.966
2025-07-02,40Y,3.076,1,JGB18(40),39.715,39.715
2025-07-03,2Y,0.7194,5,JGB153(5)|JGB347(10)|JGB474(2)|JGB95(20)|JGB96(20),1.963,1.993
2025-07-03,5Y,0.9774,5,JGB WI(5)-07|JGB118(20)|JGB119(20)|JGB120(20)|JGB359(10),4.964,4.964
2025-07-03,10Y,1.4283,3,JGB153(20)|JGB19(30)|JGB379(10),9.963,9.963
2025-07-03,20Y,2.348,1,JGB47(30),19.964,19.964
2025-07-03,30Y,2.79,1,JGB WI(30)-07,29.963,29.963
2025-07-03,40Y,3.068,1,JGB18(40),39.713,39.713
2025-07-04,2Y,0.724,5,JGB153(5)|JGB347(10)|JGB474(2)|JGB95(20)|JGB96(20),1.96,1.99
2025-07-04,5Y,0.9954,5,JGB WI(5)-07|JGB118(20)|JGB119(20)|JGB120(20)|JGB359(10),4.961,4.961
2025-07-04,10Y,1.4427,3,JGB153(20)|JGB19(30)|JGB379(10),9.96,9.96
2025-07-04,20Y,2.38,2,JGB WI(20)-07|JGB47(30),19.962,19.962
2025-07-04,30Y,2.844,1,JGB87(30),29.96,29.96
2025-07-04,40Y,3.123,1,JGB18(40),39.71,39.71
2025-07-07,2Y,0.7132,5,JGB153(5)|JGB347(10)|JGB474(2)|JGB95(20)|JGB96(20),1.952,1.982
2025-07-07,5Y,0.9868,5,JGB WI(5)-07|JGB118(20)|JGB119(20)|JGB120(20)|JGB359(10),4.953,4.953
2025-07-07,10Y,1.4383,3,JGB153(20)|JGB19(30)|JGB379(10),9.952,9.952
2025-07-07,20Y,2.389,2,JGB WI(20)-07|JGB47(30),19.953,19.953
2025-07-07,30Y,2.852,1,JGB87(30),29.952,29.952
2025-07-07,40Y,3.123,1,JGB18(40),39.702,39.702
2025-07-08,2Y,0.711,5,JGB153(5)|JGB347(10)|JGB474(2)|JGB95(20)|JGB96(20),1.949,1.979
2025-07-08,5Y,0.9872,5,JGB WI(5)-07|JGB118(20)|JGB119(20)|JGB120(20)|JGB359(10),4.95,4.95
2025-07-08,10Y,1.4567,3,JGB153(20)|JGB19(30)|JGB379(10),9.949,9.949
2025-07-08,20Y,2.434,2,JGB WI(20)-07|JGB47(30),19.951,19.951
2025-07-08,30Y,2.932,1,JGB87(30),29.949,29.949
2025-07-08,40Y,3.212,1,JGB18(40),39.699,39.699
2025-07-09,2Y,0.7126,5,JGB153(5)|JGB347(10)|JGB474(2)|JGB95(20)|JGB96(20),1.947,1.977
2025-07-09,5Y,1.0033,6,GXJGB WI(5)-07|JGB118(20)|JGB119(20)|JGB120(20)|JGB179(5)|JGB359(10),4.947,4.947
2025-07-09,10Y,1.4863,3,JGB153(20)|JGB19(30)|JGB379(10),9.947,9.947
2025-07-09,20Y,2.501,2,JGB WI(20)-07|JGB47(30),19.948,19.948
2025-07-09,30Y,3.007,1,JGB87(30),29.947,29.947
2025-07-09,40Y,3.305,1,JGB18(40),39.696,39.696
2025-07-10,2Y,0.7328,5,JGB153(5)|JGB347(10)|JGB474(2)|JGB95(20)|JGB96(20),1.944,1.974
2025-07-10,5Y,1.0227,6,GXJGB WI(5)-07|JGB118(20)|JGB119(20)|JGB120(20)|JGB179(5)|JGB359(10),4.945,4.945
2025-07-10,10Y,1.5007,3,JGB153(20)|JGB19(30)|JGB379(10),9.944,9.944
2025-07-10,20Y,2.506,2,JGB WI(20)-07|JGB47(30),19.945,19.945
2025-07-10,30Y,3.002,1,JGB87(30),29.944,29.944
2025-07-10,40Y,3.293,1,JGB18(40),39.693,39.693
2025-07-11,2Y,0.7374,5,JGB153(5)|JGB347(10)|JGB474(2)|JGB95(20)|JGB96(20),1.941,1.971
2025-07-11,5Y,1.0193,6,GXJGB WI(5)-07|JGB118(20)|JGB119(20)|JGB120(20)|JGB179(5)|JGB359(10),4.942,4.942
2025-07-11,10Y,1.4923,3,JGB153(20)|JGB19(30)|JGB379(10),9.941,9.941
2025-07-11,20Y,2.508,2,JGB193(20)|JGB47(30),19.943,19.943
2025-07-11,30Y,3.007,1,JGB87(30),29.941,29.941
2025-07-11,40Y,3.296,1,JGB18(40),39.691,39.691
2025-07-14,2Y,0.7432,5,JGB153(5)|JGB347(10)|JGB474(2)|JGB95(20)|JGB96(20),1.933,1.963
2025-07-14,5Y,1.0278,6,GXJGB WI(5)-07|JGB118(20)|JGB119(20)|JGB120(20)|JGB179(5)|JGB359(10),4.934,4.934
2025-07-14,10Y,1.5003,3,JGB153(20)|JGB19(30)|JGB379(10),9.933,9.933
2025-07-14,20Y,2.501,2,JGB193(20)|JGB47(30),19.934,19.934
2025-07-14,30Y,2.991,1,JGB87(30),29.933,29.933
2025-07-14,40Y,3.273,1,JGB18(40),39.682,39.682
2025-07-15,2Y,0.7608,5,JGB153(5)|JGB347(10)|JGB474(2)|JGB95(20)|JGB96(20),1.93,1.96
2025-07-15,5Y,1.0665,6,GXJGB WI(5)-07|JGB118(20)|JGB119(20)|JGB120(20)|JGB179(5)|JGB359(10),4.931,4.931
2025-07-15,10Y,1.566,3,JGB153(20)|JGB19(30)|JGB379(10),9.93,9.93
2025-07-15,20Y,2.588,2,JGB193(20)|JGB47(30),19.932,19.932
2025-07-15,30Y,3.082,1,JGB87(30),29.93,29.93
2025-07-15,40Y,3.399,1,JGB18(40),39.68,39.68
2025-07-16,2Y,0.7714,5,JGB153(5)|JGB347(10)|JGB474(2)|JGB95(20)|JGB96(20),1.927,1.958
2025-07-16,5Y,1.0783,6,GXJGB3(5)|JGB118(20)|JGB119(20)|JGB120(20)|JGB179(5)|JGB359(10),4.928,4.928
2025-07-16,10Y,1.58,3,JGB153(20)|JGB19(30)|JGB379(10),9.927,9.927
2025-07-16,20Y,2.604,2,JGB193(20)|JGB47(30),19.929,19.929
2025-07-16,30Y,3.086,1,JGB87(30),29.927,29.927
2025-07-16,40Y,3.393,1,JGB18(40),39.677,39.677
2025-07-17,2Y,0.769,5,JGB153(5)|JGB347(10)|JGB474(2)|JGB95(20)|JGB96(20),1.925,1.955
2025-07-17,5Y,1.0782,6,GXJGB3(5)|JGB118(20)|JGB119(20)|JGB120(20)|JGB179(5)|JGB359(10),4.925,4.925
2025-07-17,10Y,1.5663,3,JGB153(20)|JGB19(30)|JGB379(10),9.925,9.925
2025-07-17,20Y,2.5595,2,JGB193(20)|JGB47(30),19.926,19.926
2025-07-17,30Y,3.01,1,JGB87(30),29.925,29.925
2025-07-17,40Y,3.3145,2,JGB WI(40)-07|JGB18(40),39.674,39.674
2025-07-18,2Y,0.7636,5,JGB153(5)|JGB347(10)|JGB474(2)|JGB95(20)|JGB96(20),1.922,1.952
2025-07-18,5Y,1.0733,6,GXJGB3(5)|JGB118(20)|JGB119(20)|JGB120(20)|JGB179(5)|JGB359(10),4.923,4.923
2025-07-18,10Y,1.552,3,JGB153(20)|JGB19(30)|JGB379(10),9.922,9.922
2025-07-18,20Y,2.5595,2,JGB193(20)|JGB47(30),19.923,19.923
2025-07-18,30Y,3.029,1,JGB87(30),29.922,29.922
2025-07-18,40Y,3.3135,2,JGB WI(40)-07|JGB18(40),39.671,39.671
2025-07-22,2Y,0.767,1,JGB474(2),1.941,1.941
2025-07-22,5Y,1.04,6,GXJGB3(5)|JGB118(20)|JGB119(20)|JGB120(20)|JGB179(5)|JGB359(10),4.912,4.912
2025-07-22,10Y,1.519,3,JGB153(20)|JGB19(30)|JGB379(10),9.911,9.911
2025-07-22,20Y,2.5215,2,JGB193(20)|JGB47(30),19.912,19.912
2025-07-22,30Y,3.014,1,JGB87(30),29.911,29.911
2025-07-22,40Y,3.2955,2,JGB WI(40)-07|JGB18(40),39.661,39.661
2025-07-23,2Y,0.7575,2,JGB WI(2)-08|JGB474(2),1.938,2.023
2025-07-23,5Y,1.021,6,GXJGB3(5)|JGB118(20)|JGB119(20)|JGB120(20)|JGB179(5)|JGB359(10),4.909,4.909
2025-07-23,10Y,1.5013,3,JGB153(20)|JGB19(30)|JGB379(10),9.908,9.908
2025-07-23,20Y,2.525,2,JGB193(20)|JGB47(30),19.91,19.91
2025-07-23,30Y,3.022,1,JGB87(30),29.908,29.908
2025-07-23,40Y,3.3135,2,JGB WI(40)-07|JGB18(40),39.658,39.658
2025-07-24,2Y,0.8375,2,JGB WI(2)-08|JGB474(2),1.936,2.021
2025-07-24,5Y,1.1177,6,GXJGB3(5)|JGB118(20)|JGB119(20)|JGB120(20)|JGB179(5)|JGB359(10),4.906,4.906
2025-07-24,10Y,1.5857,3,JGB153(20)|JGB19(30)|JGB379(10),9.906,9.906
2025-07-24,20Y,2.584,2,JGB193(20)|JGB47(30),19.907,19.907
2025-07-24,30Y,3.061,1,JGB87(30),29.906,29.906
2025-07-24,40Y,3.372,1,JGB18(40),39.655,39.655
2025-07-25,2Y,0.853,2,JGB WI(2)-08|JGB474(2),1.933,2.018
2025-07-25,5Y,1.1297,6,GXJGB3(5)|JGB118(20)|JGB119(20)|JGB120(20)|JGB179(5)|JGB359(10),4.903,4.903
2025-07-25,10Y,1.5937,3,JGB153(20)|JGB19(30)|JGB379(10),9.903,9.903
2025-07-25,20Y,2.568,2,JGB193(20)|JGB47(30),19.904,19.904
2025-07-25,30Y,3.034,1,JGB87(30),29.903,29.903
2025-07-25,40Y,3.331,1,JGB18(40),39.652,39.652
2025-07-28,2Y,0.863,2,JGB WI(2)-08|JGB474(2),1.925,2.01
2025-07-28,5Y,1.1443,6,GXJGB3(5)|JGB118(20)|JGB119(20)|JGB120(20)|JGB179(5)|JGB359(10),4.895,4.895
2025-07-28,10Y,1.5943,3,JGB153(20)|JGB19(30)|JGB379(10),9.895,9.895
2025-07-28,20Y,2.5475,2,JGB193(20)|JGB47(30),19.896,19.896
2025-07-28,30Y,3.006,1,JGB87(30),29.895,29.895
2025-07-28,40Y,3.293,1,JGB18(40),39.644,39.644
2025-07-29,2Y,0.848,2,JGB WI(2)-08|JGB474(2),1.922,2.007
2025-07-29,5Y,1.1122,6,GXJGB3(5)|JGB118(20)|JGB119(20)|JGB120(20)|JGB179(5)|JGB359(10),4.893,4.893
2025-07-29,10Y,1.56,3,JGB153(20)|JGB19(30)|JGB379(10),9.892,9.892
2025-07-29,20Y,2.509,2,JGB193(20)|JGB47(30),19.893,19.893
2025-07-29,30Y,2.975,1,JGB87(30),29.892,29.892
2025-07-29,40Y,3.258,1,JGB18(40),39.641,39.641
2025-07-30,2Y,0.83,2,JGB474(2)|JGB475(2),1.919,2.004
2025-07-30,5Y,1.0995,6,GXJGB3(5)|JGB118(20)|JGB119(20)|JGB120(20)|JGB179(5)|JGB359(10),4.89,4.89
2025-07-30,10Y,1.5515,4,JGB WI(10)-08|JGB153(20)|JGB19(30)|JGB379(10),9.889,9.889
2025-07-30,20Y,2.525,2,JGB193(20)|JGB47(30),19.89,19.89
2025-07-30,30Y,2.998,1,JGB87(30),29.889,29.889
2025-07-30,40Y,3.27,1,JGB18(40),39.639,39.639
2025-07-31,2Y,0.824,1,JGB475(2),2.001,2.001
2025-07-31,5Y,1.0885,6,GXJGB3(5)|JGB118(20)|JGB119(20)|JGB120(20)|JGB179(5)|JGB359(10),4.887,4.887
2025-07-31,10Y,1.5513,4,JGB WI(10)-08|JGB153(20)|JGB19(30)|JGB379(10),9.886,9.886
2025-07-31,20Y,2.5335,2,JGB193(20)|JGB47(30),19.888,19.888
2025-07-31,30Y,3.018,1,JGB87(30),29.886,29.886
2025-07-31,40Y,3.289,1,JGB18(40),39.636,39.636
2025-08-01,2Y,0.824,1,JGB475(2),1.999,1.999
2025-08-01,5Y,1.0858,6,GXJGB3(5)|JGB118(20)|JGB119(20)|JGB120(20)|JGB179(5)|JGB359(10),4.884,4.884
2025-08-01,10Y,1.5463,4,JGB WI(10)-08|JGB153(20)|JGB19(30)|JGB379(10),9.884,9.884
2025-08-01,20Y,2.5335,2,JGB193(20)|JGB47(30),19.885,19.885
2025-08-01,30Y,3.0255,2,JGB WI(30)-08|JGB87(30),29.884,29.884
2025-08-01,40Y,3.296,1,JGB18(40),39.633,39.633
2025-08-04,2Y,0.814,1,JGB475(2),1.99,1.99
2025-08-04,5Y,1.0777,6,GXJGB3(5)|JGB118(20)|JGB119(20)|JGB120(20)|JGB179(5)|JGB359(10),4.876,4.876
2025-08-04,10Y,1.5485,4,JGB WI(10)-08|JGB153(20)|JGB19(30)|JGB379(10),9.875,9.875
2025-08-04,20Y,2.5415,2,JGB193(20)|JGB47(30),19.877,19.877
2025-08-04,30Y,3.039,2,JGB WI(30)-08|JGB87(30),29.875,29.875
2025-08-04,40Y,3.3,1,JGB18(40),39.625,39.625
2025-08-05,2Y,0.763,1,JGB475(2),1.988,1.988
2025-08-05,5Y,1.0387,3,JGB121(20)|JGB122(20)|JGB360(10),5.125,5.125
2025-08-05,10Y,1.5365,2,JGB154(20)|JGB20(30),10.125,10.125
2025-08-05,20Y,2.547,3,JGB193(20)|JGB47(30)|JGB48(30),19.874,20.126
2025-08-05,30Y,3.0455,2,JGB WI(30)-08|JGB87(30),29.873,29.873
2025-08-05,40Y,3.319,1,JGB18(40),39.622,39.622
2025-08-06,2Y,0.752,1,JGB475(2),1.985,1.985
2025-08-06,5Y,1.018,3,JGB121(20)|JGB122(20)|JGB360(10),5.123,5.123
2025-08-06,10Y,1.5,2,JGB154(20)|JGB20(30),10.122,10.122
2025-08-06,20Y,2.516,1,JGB48(30),20.123,20.123
2025-08-06,30Y,3.0185,2,JGB WI(30)-08|JGB87(30),29.87,29.87
2025-08-06,40Y,3.297,1,JGB18(40),39.619,39.619
2025-08-07,2Y,0.772,1,JGB475(2),1.982,1.982
2025-08-07,5Y,1.0383,3,JGB121(20)|JGB122(20)|JGB360(10),5.12,5.12
2025-08-07,10Y,1.524,2,JGB154(20)|JGB20(30),10.119,10.119
2025-08-07,20Y,2.528,1,JGB48(30),20.12,20.12
2025-08-07,30Y,3.0145,2,JGB WI(30)-08|JGB87(30),29.867,29.867
2025-08-07,40Y,3.277,1,JGB18(40),39.617,39.617
2025-08-08,2Y,0.767,1,JGB475(2),1.979,1.979
2025-08-08,5Y,1.037,3,JGB121(20)|JGB122(20)|JGB360(10),5.117,5.117
2025-08-08,10Y,1.5155,2,JGB154(20)|JGB20(30),10.116,10.116
2025-08-08,20Y,2.531,1,JGB48(30),20.118,20.118
2025-08-08,30Y,3.006,1,JGB87(30),29.864,29.864
2025-08-08,40Y,3.255,1,JGB18(40),39.614,39.614
2025-08-12,2Y,0.767,1,JGB475(2),1.969,1.969
2025-08-12,5Y,1.0473,3,JGB121(20)|JGB122(20)|JGB360(10),5.106,5.106
2025-08-12,10Y,1.5135,2,JGB154(20)|JGB20(30),10.105,10.105
2025-08-12,20Y,2.527,1,JGB48(30),20.107,20.107
2025-08-12,30Y,3.014,1,JGB87(30),29.854,29.854
2025-08-12,40Y,3.243,1,JGB18(40),39.603,39.603
2025-08-13,2Y,0.771,1,JGB475(2),1.966,1.966
2025-08-13,5Y,1.0517,3,JGB121(20)|JGB122(20)|JGB360(10),5.103,5.103
2025-08-13,10Y,1.5235,2,JGB154(20)|JGB20(30),10.103,10.103
2025-08-13,20Y,2.535,1,JGB48(30),20.104,20.104
2025-08-13,30Y,3.03,1,JGB87(30),29.851,29.851
2025-08-13,40Y,3.255,1,JGB18(40),39.6,39.6
2025-08-14,2Y,0.781,1,JGB475(2),1.963,1.963
2025-08-14,5Y,1.073,3,JGB121(20)|JGB122(20)|JGB360(10),5.101,5.101
2025-08-14,10Y,1.538,2,JGB154(20)|JGB20(30),10.1,10.1
2025-08-14,20Y,2.539,1,JGB48(30),20.101,20.101
2025-08-14,30Y,3.026,1,JGB87(30),29.848,29.848
2025-08-14,40Y,3.247,1,JGB18(40),39.598,39.598
2025-08-15,2Y,0.817,1,JGB475(2),1.96,1.96
2025-08-15,5Y,1.1097,3,JGB121(20)|JGB122(20)|JGB360(10),5.098,5.098
2025-08-15,10Y,1.572,2,JGB154(20)|JGB20(30),10.097,10.097
2025-08-15,20Y,2.558,1,JGB48(30),20.099,20.099
2025-08-15,30Y,3.026,1,JGB87(30),29.845,29.845
2025-08-15,40Y,3.246,1,JGB18(40),39.595,39.595
2025-08-18,2Y,0.822,1,JGB475(2),1.952,1.952
2025-08-18,5Y,1.118,3,JGB121(20)|JGB122(20)|JGB360(10),5.09,5.09
2025-08-18,10Y,1.583,2,JGB154(20)|JGB20(30),10.089,10.089
2025-08-18,20Y,2.565,1,JGB48(30),20.09,20.09
2025-08-18,30Y,3.034,1,JGB87(30),29.837,29.837
2025-08-18,40Y,3.269,1,JGB18(40),39.587,39.587
2025-08-19,2Y,0.827,1,JGB475(2),1.949,1.949
2025-08-19,5Y,1.1283,3,JGB121(20)|JGB122(20)|JGB360(10),5.087,5.087
2025-08-19,10Y,1.5925,2,JGB154(20)|JGB20(30),10.086,10.086
2025-08-19,20Y,2.576,1,JGB48(30),20.088,20.088
2025-08-19,30Y,3.05,1,JGB87(30),29.834,29.834
2025-08-19,40Y,3.3,1,JGB18(40),39.584,39.584
2025-08-20,2Y,0.843,1,JGB475(2),1.947,1.947
2025-08-20,5Y,1.1473,3,JGB121(20)|JGB122(20)|JGB360(10),5.084,5.084
2025-08-20,10Y,1.6105,2,JGB154(20)|JGB20(30),10.084,10.084
2025-08-20,20Y,2.599,1,JGB48(30),20.085,20.085
2025-08-20,30Y,3.069,1,JGB87(30),29.832,29.832
2025-08-20,40Y,3.314,1,JGB18(40),39.581,39.581
2025-08-21,2Y,0.8508,5,JGB154(5)|JGB348(10)|JGB475(2)|JGB97(20)|JGB98(20),1.944,2.081
2025-08-21,5Y,1.1563,3,JGB121(20)|JGB122(20)|JGB360(10),5.081,5.081
2025-08-21,10Y,1.6255,2,JGB154(20)|JGB20(30),10.081,10.081
2025-08-21,20Y,2.628,1,JGB48(30),20.082,20.082
2025-08-21,30Y,3.096,1,JGB87(30),29.829,29.829
2025-08-21,40Y,3.346,1,JGB18(40),39.578,39.578
2025-08-22,2Y,0.8572,6,JGB WI(2)-09|JGB154(5)|JGB348(10)|JGB475(2)|JGB97(20)|JGB98(20),1.941,2.078
2025-08-22,5Y,1.1563,3,JGB121(20)|JGB122(20)|JGB360(10),5.079,5.079
2025-08-22,10Y,1.625,2,JGB154(20)|JGB20(30),10.078,10.078
2025-08-22,20Y,2.637,1,JGB48(30),20.079,20.079
2025-08-22,30Y,3.1,1,JGB87(30),29.826,29.826
2025-08-22,40Y,3.35,1,JGB18(40),39.576,39.576
2025-08-25,2Y,0.866,6,JGB WI(2)-09|JGB154(5)|JGB348(10)|JGB475(2)|JGB97(20)|JGB98(20),1.933,2.07
2025-08-25,5Y,1.1577,3,JGB121(20)|JGB122(20)|JGB360(10),5.07,5.07
2025-08-25,10Y,1.6345,2,JGB154(20)|JGB20(30),10.07,10.07
2025-08-25,20Y,2.656,1,JGB48(30),20.071,20.071
2025-08-25,30Y,3.123,1,JGB87(30),29.818,29.818
2025-08-25,40Y,3.361,1,JGB18(40),39.567,39.567
2025-08-26,2Y,0.8677,6,JGB WI(2)-09|JGB154(5)|JGB348(10)|JGB475(2)|JGB97(20)|JGB98(20),1.93,2.067
2025-08-26,5Y,1.1573,3,JGB121(20)|JGB122(20)|JGB360(10),5.068,5.068
2025-08-26,10Y,1.6345,2,JGB154(20)|JGB20(30),10.067,10.067
2025-08-26,20Y,2.641,1,JGB48(30),20.068,20.068
2025-08-26,30Y,3.123,1,JGB87(30),29.815,29.815
2025-08-26,40Y,3.361,1,JGB18(40),39.565,39.565
2025-08-27,2Y,0.8725,6,JGB WI(2)-09|JGB154(5)|JGB348(10)|JGB475(2)|JGB97(20)|JGB98(20),1.927,2.064
2025-08-27,5Y,1.163,3,JGB121(20)|JGB122(20)|JGB360(10),5.065,5.065
2025-08-27,10Y,1.6355,2,JGB154(20)|JGB20(30),10.064,10.064
2025-08-27,20Y,2.634,1,JGB48(30),20.066,20.066
2025-08-27,30Y,3.115,1,JGB87(30),29.812,29.812
2025-08-27,40Y,3.342,1,JGB18(40),39.562,39.562
2025-08-28,2Y,0.8682,6,JGB WI(2)-09|JGB154(5)|JGB348(10)|JGB475(2)|JGB97(20)|JGB98(20),1.925,2.062
2025-08-28,5Y,1.165,3,JGB121(20)|JGB122(20)|JGB360(10),5.062,5.062
2025-08-28,10Y,1.6415,2,JGB154(20)|JGB20(30),10.062,10.062
2025-08-28,20Y,2.645,1,JGB48(30),20.063,20.063
2025-08-28,30Y,3.139,1,JGB87(30),29.81,29.81
2025-08-28,40Y,3.361,1,JGB18(40),39.559,39.559
2025-08-29,2Y,0.8637,6,JGB154(5)|JGB348(10)|JGB475(2)|JGB476(2)|JGB97(20)|JGB98(20),1.922,2.059
2025-08-29,5Y,1.162,3,JGB121(20)|JGB122(20)|JGB360(10),5.06,5.06
2025-08-29,10Y,1.6315,2,JGB154(20)|JGB20(30),10.059,10.059
2025-08-29,20Y,2.622,1,JGB48(30),20.06,20.06
2025-08-29,30Y,3.1285,2,JGB WI(30)-09|JGB87(30),29.807,29.807
2025-08-29,40Y,3.357,1,JGB18(40),39.556,39.556
2025-09-01,2Y,0.8624,5,JGB154(5)|JGB348(10)|JGB476(2)|JGB97(20)|JGB98(20),1.999,2.051
2025-09-01,5Y,1.156,3,JGB121(20)|JGB122(20)|JGB360(10),5.051,5.051
2025-09-01,10Y,1.6175,2,JGB154(20)|JGB20(30),10.051,10.051
2025-09-01,20Y,2.599,1,JGB48(30),20.052,20.052
2025-09-01,30Y,3.1,2,JGB WI(30)-09|JGB87(30),29.799,29.799
2025-09-01,40Y,3.342,1,JGB18(40),39.548,39.548
2025-09-02,2Y,0.8684,5,JGB154(5)|JGB348(10)|JGB476(2)|JGB97(20)|JGB98(20),1.996,2.048
2025-09-02,5Y,1.1763,3,JGB121(20)|JGB122(20)|JGB360(10),5.049,5.049
2025-09-02,10Y,1.6365,2,JGB154(20)|JGB20(30),10.048,10.048
2025-09-02,20Y,2.623,1,JGB48(30),20.049,20.049
2025-09-02,30Y,3.109,2,JGB WI(30)-09|JGB87(30),29.796,29.796
2025-09-02,40Y,3.35,1,JGB18(40),39.546,39.546
2025-09-03,2Y,0.8564,5,JGB154(5)|JGB348(10)|JGB476(2)|JGB97(20)|JGB98(20),1.993,2.045
2025-09-03,5Y,1.1563,3,JGB121(20)|JGB122(20)|JGB360(10),5.046,5.046
2025-09-03,10Y,1.6175,2,JGB154(20)|JGB20(30),10.045,10.045
2025-09-03,20Y,2.619,1,JGB48(30),20.047,20.047
2025-09-03,30Y,3.116,2,JGB WI(30)-09|JGB87(30),29.793,29.793
2025-09-03,40Y,3.365,1,JGB18(40),39.543,39.543
2025-09-04,2Y,0.854,5,JGB154(5)|JGB348(10)|JGB476(2)|JGB97(20)|JGB98(20),1.99,2.042
2025-09-04,5Y,1.168,3,JGB121(20)|JGB122(20)|JGB360(10),5.043,5.043
2025-09-04,10Y,1.646,2,JGB154(20)|JGB20(30),10.042,10.042
2025-09-04,20Y,2.674,1,JGB48(30),20.044,20.044
2025-09-04,30Y,3.1785,2,JGB WI(30)-09|JGB87(30),29.791,29.791
2025-09-04,40Y,3.422,1,JGB18(40),39.54,39.54
2025-09-05,2Y,0.839,5,JGB154(5)|JGB348(10)|JGB476(2)|JGB97(20)|JGB98(20),1.988,2.04
2025-09-05,5Y,1.1453,3,JGB121(20)|JGB122(20)|JGB360(10),5.04,5.04
2025-09-05,10Y,1.6185,2,JGB154(20)|JGB20(30),10.04,10.04
2025-09-05,20Y,2.659,1,JGB48(30),20.041,20.041
2025-09-05,30Y,3.166,1,JGB87(30),29.788,29.788
2025-09-05,40Y,3.405,1,JGB18(40),39.537,39.537
2025-09-08,2Y,0.8236,5,JGB154(5)|JGB348(10)|JGB476(2)|JGB97(20)|JGB98(20),1.979,2.031
2025-09-08,5Y,1.1173,3,JGB121(20)|JGB122(20)|JGB360(10),5.032,5.032
2025-09-08,10Y,1.5915,2,JGB154(20)|JGB20(30),10.031,10.031
2025-09-08,20Y,2.637,1,JGB48(30),20.033,20.033
2025-09-08,30Y,3.135,1,JGB87(30),29.78,29.78
2025-09-08,40Y,3.376,1,JGB18(40),39.529,39.529
2025-09-09,2Y,0.8126,5,JGB154(5)|JGB348(10)|JGB476(2)|JGB97(20)|JGB98(20),1.977,2.029
2025-09-09,5Y,1.1077,3,JGB121(20)|JGB122(20)|JGB360(10),5.029,5.029
2025-09-09,10Y,1.588,2,JGB154(20)|JGB20(30),10.029,10.029
2025-09-09,20Y,2.663,1,JGB48(30),20.03,20.03
2025-09-09,30Y,3.177,1,JGB87(30),29.777,29.777
2025-09-09,40Y,3.432,1,JGB18(40),39.526,39.526
2025-09-10,2Y,0.8204,5,JGB154(5)|JGB348(10)|JGB476(2)|JGB97(20)|JGB98(20),1.974,2.026
2025-09-10,5Y,1.1083,3,JGB121(20)|JGB122(20)|JGB360(10),5.027,5.027
2025-09-10,10Y,1.5825,2,JGB154(20)|JGB20(30),10.026,10.026
2025-09-10,20Y,2.645,1,JGB48(30),20.027,20.027
2025-09-10,30Y,3.158,1,JGB87(30),29.774,29.774
2025-09-10,40Y,3.418,1,JGB18(40),39.524,39.524
2025-09-11,2Y,0.835,5,JGB154(5)|JGB348(10)|JGB476(2)|JGB97(20)|JGB98(20),1.971,2.023
2025-09-11,5Y,1.118,3,JGB121(20)|JGB122(20)|JGB360(10),5.024,5.024
2025-09-11,10Y,1.5865,2,JGB154(20)|JGB20(30),10.023,10.023
2025-09-11,20Y,2.634,1,JGB48(30),20.025,20.025
2025-09-11,30Y,3.139,1,JGB87(30),29.771,29.771
2025-09-11,40Y,3.388,1,JGB18(40),39.521,39.521
2025-09-12,2Y,0.8418,5,JGB154(5)|JGB348(10)|JGB476(2)|JGB97(20)|JGB98(20),1.969,2.021
2025-09-12,5Y,1.1273,3,JGB121(20)|JGB122(20)|JGB360(10),5.021,5.021
2025-09-12,10Y,1.5965,2,JGB154(20)|JGB20(30),10.021,10.021
2025-09-12,20Y,2.641,1,JGB48(30),20.022,20.022
2025-09-12,30Y,3.135,1,JGB87(30),29.769,29.769
2025-09-12,40Y,3.372,1,JGB18(40),39.518,39.518
2025-09-16,2Y,0.8514,5,JGB154(5)|JGB348(10)|JGB476(2)|JGB97(20)|JGB98(20),1.958,2.01
2025-09-16,5Y,1.147,3,JGB121(20)|JGB122(20)|JGB360(10),5.01,5.01
2025-09-16,10Y,1.6155,2,JGB154(20)|JGB20(30),10.01,10.01
2025-09-16,20Y,2.634,1,JGB48(30),20.011,20.011
2025-09-16,30Y,3.124,1,JGB87(30),29.758,29.758
2025-09-16,40Y,3.342,1,JGB18(40),39.507,39.507
2025-09-17,2Y,0.8614,5,JGB154(5)|JGB348(10)|JGB476(2)|JGB97(20)|JGB98(20),1.955,2.007
2025-09-17,5Y,1.162,3,JGB121(20)|JGB122(20)|JGB360(10),5.008,5.008
2025-09-17,10Y,1.6245,2,JGB154(20)|JGB20(30),10.007,10.007
2025-09-17,20Y,2.656,1,JGB48(30),20.008,20.008
2025-09-17,30Y,3.154,1,JGB87(30),29.755,29.755
2025-09-17,40Y,3.376,1,JGB18(40),39.504,39.504
2025-09-18,2Y,0.8622,5,JGB154(5)|JGB348(10)|JGB476(2)|JGB97(20)|JGB98(20),1.952,2.004
2025-09-18,5Y,1.1513,3,JGB121(20)|JGB122(20)|JGB360(10),5.005,5.005
2025-09-18,10Y,1.611,2,JGB154(20)|JGB20(30),10.004,10.004
2025-09-18,20Y,2.629,1,JGB48(30),20.005,20.005
2025-09-18,30Y,3.123,1,JGB87(30),29.752,29.752
2025-09-18,40Y,3.364,1,JGB18(40),39.502,39.502
2025-09-19,2Y,0.865,5,JGB154(5)|JGB348(10)|JGB476(2)|JGB97(20)|JGB98(20),1.949,2.001
2025-09-19,5Y,1.1573,3,JGB121(20)|JGB122(20)|JGB360(10),5.002,5.002
2025-09-19,10Y,1.6155,2,JGB154(20)|JGB20(30),10.001,10.001
2025-09-19,20Y,2.622,1,JGB48(30),20.003,20.003
2025-09-19,30Y,3.108,1,JGB87(30),29.749,29.749
2025-09-19,40Y,3.3575,2,JGB WI(40)-09|JGB18(40),39.499,39.499
2025-09-22,2Y,0.8998,5,JGB154(5)|JGB348(10)|JGB476(2)|JGB97(20)|JGB98(20),1.941,1.993
2025-09-22,5Y,1.201,3,JGB121(20)|JGB122(20)|JGB360(10),4.994,4.994
2025-09-22,10Y,1.6575,2,JGB154(20)|JGB20(30),9.993,9.993
2025-09-22,20Y,2.626,1,JGB48(30),19.995,19.995
2025-09-22,30Y,3.077,1,JGB87(30),29.741,29.741
2025-09-22,40Y,3.314,2,JGB WI(40)-09|JGB18(40),39.491,39.491
2025-09-24,2Y,0.9193,6,JGB WI(2)-10|JGB154(5)|JGB348(10)|JGB476(2)|JGB97(20)|JGB98(20),1.936,2.018
2025-09-24,5Y,1.2297,3,JGB121(20)|JGB122(20)|JGB360(10),4.988,4.988
2025-09-24,10Y,1.67,2,JGB154(20)|JGB20(30),9.988,9.988
2025-09-24,20Y,2.637,1,JGB48(30),19.989,19.989
2025-09-24,30Y,3.1,1,JGB87(30),29.736,29.736
2025-09-24,40Y,3.3305,2,JGB WI(40)-09|JGB18(40),39.485,39.485
2025-09-25,2Y,0.915,6,JGB WI(2)-10|JGB154(5)|JGB348(10)|JGB476(2)|JGB97(20)|JGB98(20),1.933,2.015
2025-09-25,5Y,1.224,3,JGB121(20)|JGB122(20)|JGB360(10),4.986,4.986
2025-09-25,10Y,1.655,2,JGB154(20)|JGB20(30),9.985,9.985
2025-09-25,20Y,2.615,1,JGB48(30),19.986,19.986
2025-09-25,30Y,3.08,1,JGB87(30),29.733,29.733
2025-09-25,40Y,3.3155,2,JGB WI(40)-09|JGB18(40),39.483,39.483
2025-09-26,2Y,0.9187,6,JGB WI(2)-10|JGB154(5)|JGB348(10)|JGB476(2)|JGB97(20)|JGB98(20),1.93,2.012
2025-09-26,5Y,1.2337,3,JGB121(20)|JGB122(20)|JGB360(10),4.983,4.983
2025-09-26,10Y,1.6587,3,JGB WI(10)-10|JGB154(20)|JGB20(30),9.982,9.982
2025-09-26,20Y,2.596,1,JGB48(30),19.984,19.984
2025-09-26,30Y,3.061,1,JGB87(30),29.73,29.73
2025-09-26,40Y,3.281,1,JGB18(40),39.48,39.48
2025-09-29,2Y,0.9162,6,JGB WI(2)-10|JGB154(5)|JGB348(10)|JGB476(2)|JGB97(20)|JGB98(20),1.922,2.004
2025-09-29,5Y,1.2343,3,JGB121(20)|JGB122(20)|JGB360(10),4.975,4.975
2025-09-29,10Y,1.67,3,JGB WI(10)-10|JGB154(20)|JGB20(30),9.974,9.974
2025-09-29,20Y,2.619,1,JGB48(30),19.975,19.975
2025-09-29,30Y,3.089,1,JGB87(30),29.722,29.722
2025-09-29,40Y,3.326,1,JGB18(40),39.472,39.472
2025-09-30,2Y,0.9155,6,JGB WI(2)-10|JGB154(5)|JGB348(10)|JGB476(2)|JGB97(20)|JGB98(20),1.919,2.001
2025-09-30,5Y,1.2293,3,JGB121(20)|JGB122(20)|JGB360(10),4.972,4.972
2025-09-30,10Y,1.651,3,JGB WI(10)-10|JGB154(20)|JGB20(30),9.971,9.971
2025-09-30,20Y,2.589,1,JGB48(30),19.973,19.973
2025-09-30,30Y,3.054,1,JGB87(30),29.719,29.719
2025-09-30,40Y,3.289,1,JGB18(40),39.469,39.469
2025-10-01,2Y,0.9324,5,JGB154(5)|JGB348(10)|JGB477(2)|JGB97(20)|JGB98(20),1.969,1.999
2025-10-01,5Y,1.235,3,JGB121(20)|JGB122(20)|JGB360(10),4.969,4.969
2025-10-01,10Y,1.6593,3,JGB WI(10)-10|JGB154(20)|JGB20(30),9.969,9.969
2025-10-01,20Y,2.601,1,JGB48(30),19.97,19.97
2025-10-01,30Y,3.075,1,JGB WI(30)-10,29.969,29.969
2025-10-01,40Y,3.299,1,JGB18(40),39.466,39.466
2025-10-02,2Y,0.9302,5,JGB154(5)|JGB348(10)|JGB477(2)|JGB97(20)|JGB98(20),1.966,1.996
2025-10-02,5Y,1.2387,3,JGB121(20)|JGB122(20)|JGB360(10),4.966,4.966
2025-10-02,10Y,1.66,3,JGB WI(10)-10|JGB154(20)|JGB20(30),9.966,9.966
2025-10-02,20Y,2.608,1,JGB48(30),19.967,19.967
2025-10-02,30Y,3.08,1,JGB WI(30)-10,29.966,29.966
2025-10-02,40Y,3.319,1,JGB18(40),39.463,39.463
2025-10-03,2Y,0.9288,5,JGB154(5)|JGB348(10)|JGB477(2)|JGB97(20)|JGB98(20),1.963,1.993
2025-10-03,5Y,1.244,4,JGB WI(5)-10|JGB121(20)|JGB122(20)|JGB360(10),4.964,4.964
2025-10-03,10Y,1.6733,3,JGB154(20)|JGB20(30)|JGB380(10),9.963,9.963
2025-10-03,20Y,2.616,1,JGB48(30),19.964,19.964
2025-10-03,30Y,3.096,1,JGB WI(30)-10,29.963,29.963
2025-10-03,40Y,3.338,1,JGB18(40),39.461,39.461
2025-10-06,2Y,0.9214,5,JGB154(5)|JGB348(10)|JGB477(2)|JGB97(20)|JGB98(20),1.955,1.985
2025-10-06,5Y,1.229,4,JGB WI(5)-10|JGB121(20)|JGB122(20)|JGB360(10),4.956,4.956
2025-10-06,10Y,1.6617,3,JGB154(20)|JGB20(30)|JGB380(10),9.955,9.955
2025-10-06,20Y,2.608,1,JGB48(30),19.956,19.956
2025-10-06,30Y,3.08,1,JGB WI(30)-10,29.955,29.955
2025-10-06,40Y,3.316,1,JGB18(40),39.452,39.452
2025-10-07,2Y,0.8756,5,JGB154(5)|JGB348(10)|JGB477(2)|JGB97(20)|JGB98(20),1.952,1.982
2025-10-07,5Y,1.2,4,JGB WI(5)-10|JGB121(20)|JGB122(20)|JGB360(10),4.953,4.953
2025-10-07,10Y,1.6713,3,JGB154(20)|JGB20(30)|JGB380(10),9.952,9.952
2025-10-07,20Y,2.675,1,JGB48(30),19.953,19.953
2025-10-07,30Y,3.183,1,JGB WI(30)-10,29.952,29.952
2025-10-07,40Y,3.425,1,JGB18(40),39.45,39.45
2025-10-08,2Y,0.8856,5,JGB154(5)|JGB348(10)|JGB477(2)|JGB97(20)|JGB98(20),1.949,1.979
2025-10-08,5Y,1.2165,4,JGB WI(5)-10|JGB121(20)|JGB122(20)|JGB360(10),4.95,4.95
2025-10-08,10Y,1.6753,3,JGB154(20)|JGB20(30)|JGB380(10),9.949,9.949
2025-10-08,20Y,2.671,1,JGB48(30),19.951,19.951
2025-10-08,30Y,3.177,1,JGB88(30),29.949,29.949
2025-10-08,40Y,3.415,1,JGB18(40),39.447,39.447
2025-10-09,2Y,0.906,5,JGB154(5)|JGB348(10)|JGB477(2)|JGB97(20)|JGB98(20),1.947,1.977
2025-10-09,5Y,1.2388,4,JGB WI(5)-10|JGB121(20)|JGB122(20)|JGB360(10),4.947,4.947
2025-10-09,10Y,1.694,3,JGB154(20)|JGB20(30)|JGB380(10),9.947,9.947
2025-10-09,20Y,2.683,2,JGB WI(20)-10|JGB48(30),19.948,19.948
2025-10-09,30Y,3.164,1,JGB88(30),29.947,29.947
2025-10-09,40Y,3.391,1,JGB18(40),39.444,39.444
2025-10-10,2Y,0.9048,5,JGB154(5)|JGB348(10)|JGB477(2)|JGB97(20)|JGB98(20),1.944,1.974
2025-10-10,5Y,1.2353,4,JGB121(20)|JGB122(20)|JGB181(5)|JGB360(10),4.945,4.945
2025-10-10,10Y,1.689,3,JGB154(20)|JGB20(30)|JGB380(10),9.944,9.944
2025-10-10,20Y,2.6945,2,JGB WI(20)-10|JGB48(30),19.945,19.945
2025-10-10,30Y,3.18,1,JGB88(30),29.944,29.944
2025-10-10,40Y,3.385,1,JGB18(40),39.441,39.441
2025-10-14,2Y,0.9004,5,JGB154(5)|JGB348(10)|JGB477(2)|JGB97(20)|JGB98(20),1.933,1.963
2025-10-14,5Y,1.2243,4,JGB121(20)|JGB122(20)|JGB181(5)|JGB360(10),4.934,4.934
2025-10-14,10Y,1.6897,3,JGB154(20)|JGB20(30)|JGB380(10),9.933,9.933
2025-10-14,20Y,2.6855,2,JGB WI(20)-10|JGB48(30),19.934,19.934
2025-10-14,30Y,3.188,1,JGB88(30),29.933,29.933
2025-10-14,40Y,3.373,1,JGB18(40),39.431,39.431
2025-10-15,2Y,0.87,5,JGB154(5)|JGB348(10)|JGB477(2)|JGB97(20)|JGB98(20),1.93,1.96
2025-10-15,5Y,1.1863,4,JGB121(20)|JGB122(20)|JGB181(5)|JGB360(10),4.931,4.931
2025-10-15,10Y,1.6615,4,GXJGB WI(10)-10|JGB154(20)|JGB20(30)|JGB380(10),9.93,9.93
2025-10-15,20Y,2.698,2,JGB WI(20)-10|JGB48(30),19.932,19.932
2025-10-15,30Y,3.219,1,JGB88(30),29.93,29.93
2025-10-15,40Y,3.405,1,JGB18(40),39.428,39.428
2025-10-16,2Y,0.877,5,JGB154(5)|JGB348(10)|JGB477(2)|JGB97(20)|JGB98(20),1.927,1.958
2025-10-16,5Y,1.1912,4,JGB121(20)|JGB122(20)|JGB181(5)|JGB360(10),4.928,4.928
2025-10-16,10Y,1.6532,4,GXJGB WI(10)-10|JGB154(20)|JGB20(30)|JGB380(10),9.927,9.927
2025-10-16,20Y,2.679,2,JGB194(20)|JGB48(30),19.929,19.929
2025-10-16,30Y,3.176,1,JGB88(30),29.927,29.927
2025-10-16,40Y,3.358,1,JGB18(40),39.425,39.425
2025-10-17,2Y,0.8954,5,JGB154(5)|JGB348(10)|JGB477(2)|JGB97(20)|JGB98(20),1.925,1.955
2025-10-17,5Y,1.2058,4,JGB121(20)|JGB122(20)|JGB181(5)|JGB360(10),4.925,4.925
2025-10-17,10Y,1.6558,4,GXJGB WI(10)-10|JGB154(20)|JGB20(30)|JGB380(10),9.925,9.925
2025-10-17,20Y,2.657,2,JGB194(20)|JGB48(30),19.926,19.926
2025-10-17,30Y,3.135,1,JGB88(30),29.925,29.925
2025-10-17,40Y,3.331,1,JGB18(40),39.422,39.422
2025-10-20,2Y,0.906,1,JGB477(2),1.947,1.947
2025-10-20,5Y,1.188,4,JGB121(20)|JGB122(20)|JGB181(5)|JGB360(10),4.917,4.917
2025-10-20,10Y,1.6298,4,GXJGB WI(10)-10|JGB154(20)|JGB20(30)|JGB380(10),9.916,9.916
2025-10-20,20Y,2.6455,2,JGB194(20)|JGB48(30),19.918,19.918
2025-10-20,30Y,3.135,1,JGB88(30),29.916,29.916
2025-10-20,40Y,3.346,1,JGB18(40),39.414,39.414
2025-10-21,2Y,0.948,1,JGB477(2),1.944,1.944
2025-10-21,5Y,1.239,1,JGB4(30),5.081,5.081
2025-10-21,10Y,1.6685,4,GXJGB WI(10)-10|JGB154(20)|JGB20(30)|JGB380(10),9.914,9.914
2025-10-21,20Y,2.6495,2,JGB194(20)|JGB48(30),19.915,19.915
2025-10-21,30Y,3.131,1,JGB88(30),29.914,29.914
2025-10-21,40Y,3.341,1,JGB18(40),39.411,39.411
2025-10-22,2Y,0.937,1,JGB477(2),1.941,1.941
2025-10-22,5Y,1.216,1,JGB4(30),5.079,5.079
2025-10-22,10Y,1.66,4,GXJGB3(10)|JGB154(20)|JGB20(30)|JGB380(10),9.911,9.911
2025-10-22,20Y,2.6455,2,JGB194(20)|JGB48(30),19.912,19.912
2025-10-22,30Y,3.139,1,JGB88(30),29.911,29.911
2025-10-22,40Y,3.35,1,JGB18(40),39.409,39.409
2025-10-23,2Y,0.927,1,JGB477(2),1.938,1.938
2025-10-23,5Y,1.212,1,JGB4(30),5.076,5.076
2025-10-23,10Y,1.655,4,GXJGB3(10)|JGB154(20)|JGB20(30)|JGB380(10),9.908,9.908
2025-10-23,20Y,2.641,2,JGB194(20)|JGB48(30),19.91,19.91
2025-10-23,30Y,3.132,1,JGB88(30),29.908,29.908
2025-10-23,40Y,3.346,1,JGB18(40),39.406,39.406
2025-10-24,2Y,0.932,1,JGB477(2),1.936,1.936
2025-10-24,5Y,1.221,1,JGB4(30),5.073,5.073
2025-10-24,10Y,1.6603,4,GXJGB3(10)|JGB154(20)|JGB20(30)|JGB380(10),9.906,9.906
2025-10-24,20Y,2.624,2,JGB194(20)|JGB48(30),19.907,19.907
2025-10-24,30Y,3.104,1,JGB88(30),29.906,29.906
2025-10-24,40Y,3.323,1,JGB18(40),39.403,39.403
2025-10-27,2Y,0.938,2,JGB WI(2)-11|JGB477(2),1.927,2.012
2025-10-27,5Y,1.222,1,JGB4(30),5.065,5.065
2025-10-27,10Y,1.6595,4,GXJGB3(10)|JGB154(20)|JGB20(30)|JGB380(10),9.897,9.897
2025-10-27,20Y,2.6115,2,JGB194(20)|JGB48(30),19.899,19.899
2025-10-27,30Y,3.083,1,JGB88(30),29.897,29.897
2025-10-27,40Y,3.316,1,JGB18(40),39.395,39.395
2025-10-28,2Y,0.948,2,JGB WI(2)-11|JGB477(2),1.925,2.01
2025-10-28,5Y,1.237,1,JGB4(30),5.062,5.062
2025-10-28,10Y,1.674,4,GXJGB3(10)|JGB154(20)|JGB20(30)|JGB380(10),9.895,9.895
2025-10-28,20Y,2.6195,2,JGB194(20)|JGB48(30),19.896,19.896
2025-10-28,30Y,3.099,1,JGB88(30),29.895,29.895
2025-10-28,40Y,3.337,1,JGB18(40),39.392,39.392
2025-10-29,2Y,0.943,2,JGB WI(2)-11|JGB477(2),1.922,2.007
2025-10-29,5Y,1.22,1,JGB4(30),5.06,5.06
2025-10-29,10Y,1.6455,4,GXJGB3(10)|JGB154(20)|JGB20(30)|JGB380(10),9.892,9.892
2025-10-29,20Y,2.5935,2,JGB194(20)|JGB48(30),19.893,19.893
2025-10-29,30Y,3.086,1,JGB88(30),29.892,29.892
2025-10-29,40Y,3.312,1,JGB18(40),39.389,39.389
2025-10-30,2Y,0.948,2,JGB WI(2)-11|JGB477(2),1.919,2.004
2025-10-30,5Y,1.227,1,JGB4(30),5.057,5.057
2025-10-30,10Y,1.6552,5,GXJGB3(10)|JGB WI(10)-11|JGB154(20)|JGB20(30)|JGB380(10),9.889,9.889
2025-10-30,20Y,2.5895,2,JGB194(20)|JGB48(30),19.89,19.89
2025-10-30,30Y,3.075,1,JGB88(30),29.889,29.889
2025-10-30,40Y,3.297,1,JGB18(40),39.387,39.387
2025-10-31,2Y,0.94,1,JGB WI(2)-11,2.001,2.001
2025-10-31,5Y,1.217,1,JGB4(30),5.054,5.054
2025-10-31,10Y,1.6504,5,GXJGB3(10)|JGB WI(10)-11|JGB154(20)|JGB20(30)|JGB380(10),9.886,9.886
2025-10-31,20Y,2.5855,2,JGB194(20)|JGB48(30),19.888,19.888
2025-10-31,30Y,3.066,1,JGB88(30),29.886,29.886
2025-10-31,40Y,3.285,1,JGB18(40),39.384,39.384
2025-11-04,2Y,0.929,1,JGB478(2),1.99,1.99
2025-11-04,5Y,1.224,1,JGB4(30),5.043,5.043
2025-11-04,10Y,1.6661,7,GXJGB3(10)|JGB WI(10)-11|JGB154(20)|JGB155(20)|JGB20(30)|JGB21(30)|JGB380(10),9.875,10.125
2025-11-04,20Y,2.597,2,JGB194(20)|JGB48(30),19.877,19.877
2025-11-04,30Y,3.071,1,JGB88(30),29.875,29.875
2025-11-04,40Y,3.297,1,JGB18(40),39.373,39.373
2025-11-05,2Y,0.944,1,JGB478(2),1.988,1.988
2025-11-05,5Y,1.242,1,JGB4(30),5.04,5.04
2025-11-05,10Y,1.6965,2,JGB155(20)|JGB21(30),10.122,10.122
2025-11-05,20Y,2.643,1,JGB49(30),20.123,20.123
2025-11-05,30Y,3.109,2,JGB WI(30)-11|JGB88(30),29.873,29.873
2025-11-05,40Y,3.331,1,JGB18(40),39.37,39.37
2025-11-06,2Y,0.928,1,JGB478(2),1.985,1.985
2025-11-06,5Y,1.221,1,JGB4(30),5.038,5.038
2025-11-06,10Y,1.687,2,JGB155(20)|JGB21(30),10.119,10.119
2025-11-06,20Y,2.632,1,JGB49(30),20.12,20.12
2025-11-06,30Y,3.105,2,JGB WI(30)-11|JGB88(30),29.87,29.87
2025-11-06,40Y,3.331,1,JGB18(40),39.368,39.368
2025-11-07,2Y,0.938,1,JGB478(2),1.982,1.982
2025-11-07,5Y,1.242,1,JGB4(30),5.035,5.035
2025-11-07,10Y,1.706,2,JGB155(20)|JGB21(30),10.116,10.116
2025-11-07,20Y,2.64,1,JGB49(30),20.118,20.118
2025-11-07,30Y,3.109,2,JGB WI(30)-11|JGB88(30),29.867,29.867
2025-11-07,40Y,3.342,1,JGB18(40),39.365,39.365
2025-11-10,2Y,0.938,1,JGB478(2),1.974,1.974
2025-11-10,5Y,1.243,1,JGB4(30),5.027,5.027
2025-11-10,10Y,1.7005,2,JGB155(20)|JGB21(30),10.108,10.108
2025-11-10,20Y,2.648,1,JGB49(30),20.11,20.11
2025-11-10,30Y,3.1195,2,JGB WI(30)-11|JGB88(30),29.859,29.859
2025-11-10,40Y,3.35,1,JGB18(40),39.357,39.357
2025-11-11,2Y,0.943,1,JGB478(2),1.971,1.971
2025-11-11,5Y,1.262,1,JGB4(30),5.024,5.024
2025-11-11,10Y,1.724,2,JGB155(20)|JGB21(30),10.105,10.105
2025-11-11,20Y,2.672,1,JGB49(30),20.107,20.107
2025-11-11,30Y,3.144,2,JGB WI(30)-11|JGB88(30),29.856,29.856
2025-11-11,40Y,3.38,1,JGB18(40),39.354,39.354
2025-11-12,2Y,0.933,1,JGB478(2),1.969,1.969
2025-11-12,5Y,1.246,1,JGB4(30),5.021,5.021
2025-11-12,10Y,1.7145,2,JGB155(20)|JGB21(30),10.103,10.103
2025-11-12,20Y,2.691,1,JGB49(30),20.104,20.104
2025-11-12,30Y,3.179,1,JGB88(30),29.854,29.854
2025-11-12,40Y,3.413,1,JGB18(40),39.351,39.351
2025-11-13,2Y,0.938,1,JGB478(2),1.966,1.966
2025-11-13,5Y,1.241,1,JGB4(30),5.018,5.018
2025-11-13,10Y,1.7105,2,JGB155(20)|JGB21(30),10.1,10.1
2025-11-13,20Y,2.706,1,JGB49(30),20.101,20.101
2025-11-13,30Y,3.192,1,JGB88(30),29.851,29.851
2025-11-13,40Y,3.428,1,JGB18(40),39.348,39.348
2025-11-14,2Y,0.928,1,JGB478(2),1.963,1.963
2025-11-14,5Y,1.238,1,JGB4(30),5.016,5.016
2025-11-14,10Y,1.719,2,JGB155(20)|JGB21(30),10.097,10.097
2025-11-14,20Y,2.712,1,JGB49(30),20.099,20.099
2025-11-14,30Y,3.192,1,JGB88(30),29.848,29.848
2025-11-14,40Y,3.429,1,JGB18(40),39.346,39.346
2025-11-17,2Y,0.927,1,JGB478(2),1.955,1.955
2025-11-17,5Y,1.237,1,JGB4(30),5.008,5.008
2025-11-17,10Y,1.7275,2,JGB155(20)|JGB21(30),10.089,10.089
2025-11-17,20Y,2.725,1,JGB49(30),20.09,20.09
2025-11-17,30Y,3.208,1,JGB88(30),29.84,29.84
2025-11-17,40Y,3.44,1,JGB18(40),39.337,39.337
2025-11-18,2Y,0.932,1,JGB478(2),1.952,1.952
2025-11-18,5Y,1.247,1,JGB4(30),5.005,5.005
2025-11-18,10Y,1.7535,2,JGB155(20)|JGB21(30),10.086,10.086
2025-11-18,20Y,2.751,1,JGB49(30),20.088,20.088
2025-11-18,30Y,3.244,1,JGB88(30),29.837,29.837
2025-11-18,40Y,3.482,1,JGB18(40),39.335,39.335
2025-11-19,2Y,0.922,1,JGB478(2),1.949,1.949
2025-11-19,5Y,1.246,1,JGB4(30),5.002,5.002
2025-11-19,10Y,1.7715,2,JGB155(20)|JGB21(30),10.084,10.084
2025-11-19,20Y,2.784,1,JGB49(30),20.085,20.085
2025-11-19,30Y,3.287,1,JGB88(30),29.834,29.834
2025-11-19,40Y,3.53,1,JGB18(40),39.332,39.332
2025-11-20,2Y,0.9222,5,JGB155(5)|JGB156(5)|JGB349(10)|JGB478(2)|JGB99(20),1.947,2.081
2025-11-20,5Y,1.2597,4,JGB123(20)|JGB124(20)|JGB361(10)|JGB4(30),4.999,5.081
2025-11-20,10Y,1.7865,2,JGB155(20)|JGB21(30),10.081,10.081
2025-11-20,20Y,2.81,1,JGB49(30),20.082,20.082
2025-11-20,30Y,3.311,1,JGB88(30),29.832,29.832
2025-11-20,40Y,3.56,2,JGB WI(40)-11|JGB18(40),39.329,39.329
2025-11-21,2Y,0.9568,5,JGB155(5)|JGB156(5)|JGB349(10)|JGB478(2)|JGB99(20),1.944,2.078
2025-11-21,5Y,1.3225,4,JGB123(20)|JGB124(20)|JGB361(10)|JGB4(30),4.997,5.079
2025-11-21,10Y,1.828,2,JGB155(20)|JGB21(30),10.078,10.078
2025-11-21,20Y,2.841,1,JGB49(30),20.079,20.079
2025-11-21,30Y,3.337,1,JGB88(30),29.829,29.829
2025-11-21,40Y,3.589,2,JGB WI(40)-11|JGB18(40),39.326,39.326
2025-11-25,2Y,0.9502,6,JGB WI(2)-12|JGB155(5)|JGB156(5)|JGB349(10)|JGB478(2)|JGB99(20),1.933,2.067
2025-11-25,5Y,1.3095,4,JGB123(20)|JGB124(20)|JGB361(10)|JGB4(30),4.986,5.068
2025-11-25,10Y,1.7975,2,JGB155(20)|JGB21(30),10.067,10.067
2025-11-25,20Y,2.799,1,JGB49(30),20.068,20.068
2025-11-25,30Y,3.295,1,JGB88(30),29.818,29.818
2025-11-25,40Y,3.5385,2,JGB WI(40)-11|JGB18(40),39.316,39.316
2025-11-26,2Y,0.9677,6,JGB WI(2)-12|JGB155(5)|JGB156(5)|JGB349(10)|JGB478(2)|JGB99(20),1.93,2.064
2025-11-26,5Y,1.332,4,JGB123(20)|JGB124(20)|JGB361(10)|JGB4(30),4.983,5.065
2025-11-26,10Y,1.8165,2,JGB155(20)|JGB21(30),10.064,10.064
2025-11-26,20Y,2.824,1,JGB49(30),20.066,20.066
2025-11-26,30Y,3.307,1,JGB88(30),29.815,29.815
2025-11-26,40Y,3.548,2,JGB WI(40)-11|JGB18(40),39.313,39.313
2025-11-27,2Y,0.9735,6,JGB WI(2)-12|JGB155(5)|JGB156(5)|JGB349(10)|JGB478(2)|JGB99(20),1.927,2.062
2025-11-27,5Y,1.3375,4,JGB123(20)|JGB124(20)|JGB361(10)|JGB4(30),4.98,5.062
2025-11-27,10Y,1.83,2,JGB155(20)|JGB21(30),10.062,10.062
2025-11-27,20Y,2.821,1,JGB49(30),20.063,20.063
2025-11-27,30Y,3.299,1,JGB88(30),29.812,29.812
2025-11-27,40Y,3.54,1,JGB18(40),39.31,39.31
2025-11-28,2Y,0.9682,6,JGB WI(2)-12|JGB155(5)|JGB156(5)|JGB349(10)|JGB478(2)|JGB99(20),1.925,2.059
2025-11-28,5Y,1.3205,4,JGB123(20)|JGB124(20)|JGB361(10)|JGB4(30),4.977,5.06
2025-11-28,10Y,1.8115,2,JGB155(20)|JGB21(30),10.059,10.059
2025-11-28,20Y,2.818,1,JGB49(30),20.06,20.06
2025-11-28,30Y,3.304,2,JGB WI(30)-12|JGB88(30),29.81,29.81
2025-11-28,40Y,3.545,1,JGB18(40),39.307,39.307
2025-12-01,2Y,0.9712,5,JGB155(5)|JGB156(5)|JGB349(10)|JGB479(2)|JGB99(20),1.999,2.051
2025-12-01,5Y,1.318,4,JGB123(20)|JGB124(20)|JGB361(10)|JGB4(30),4.969,5.051
2025-12-01,10Y,1.818,2,JGB155(20)|JGB21(30),10.051,10.051
2025-12-01,20Y,2.821,1,JGB49(30),20.052,20.052
2025-12-01,30Y,3.306,2,JGB WI(30)-12|JGB88(30),29.802,29.802
2025-12-01,40Y,3.545,1,JGB18(40),39.299,39.299
2025-12-02,2Y,1.0032,5,JGB155(5)|JGB156(5)|JGB349(10)|JGB479(2)|JGB99(20),1.996,2.048
2025-12-02,5Y,1.3867,4,JGB123(20)|JGB124(20)|JGB361(10)|JGB4(30),4.966,5.049
2025-12-02,10Y,1.8855,2,JGB155(20)|JGB21(30),10.048,10.048
2025-12-02,20Y,2.875,1,JGB49(30),20.049,20.049
2025-12-02,30Y,3.35,2,JGB WI(30)-12|JGB88(30),29.799,29.799
2025-12-02,40Y,3.578,1,JGB18(40),39.296,39.296
2025-12-03,2Y,0.9926,5,JGB155(5)|JGB156(5)|JGB349(10)|JGB479(2)|JGB99(20),1.993,2.045
2025-12-03,5Y,1.3688,4,JGB123(20)|JGB124(20)|JGB361(10)|JGB4(30),4.964,5.046
2025-12-03,10Y,1.867,2,JGB155(20)|JGB21(30),10.045,10.045
2025-12-03,20Y,2.865,1,JGB49(30),20.047,20.047
2025-12-03,30Y,3.339,2,JGB WI(30)-12|JGB88(30),29.796,29.796
2025-12-03,40Y,3.545,1,JGB18(40),39.294,39.294
2025-12-04,2Y,1.0038,5,JGB155(5)|JGB156(5)|JGB349(10)|JGB479(2)|JGB99(20),1.99,2.042
2025-12-04,5Y,1.389,4,JGB123(20)|JGB124(20)|JGB361(10)|JGB4(30),4.961,5.043
2025-12-04,10Y,1.9,2,JGB155(20)|JGB21(30),10.042,10.042
2025-12-04,20Y,2.893,1,JGB49(30),20.044,20.044
2025-12-04,30Y,3.374,2,JGB WI(30)-12|JGB88(30),29.793,29.793
2025-12-04,40Y,3.581,1,JGB18(40),39.291,39.291
2025-12-05,2Y,1.009,5,JGB155(5)|JGB156(5)|JGB349(10)|JGB479(2)|JGB99(20),1.988,2.04
2025-12-05,5Y,1.4163,4,JGB123(20)|JGB124(20)|JGB361(10)|JGB4(30),4.958,5.04
2025-12-05,10Y,1.9415,2,JGB155(20)|JGB21(30),10.04,10.04
2025-12-05,20Y,2.904,1,JGB49(30),20.041,20.041
2025-12-05,30Y,3.35,1,JGB88(30),29.791,29.791
2025-12-05,40Y,3.552,1,JGB18(40),39.288,39.288
2025-12-08,2Y,1.0334,5,JGB155(5)|JGB156(5)|JGB349(10)|JGB479(2)|JGB99(20),1.979,2.031
2025-12-08,5Y,1.439,4,JGB123(20)|JGB124(20)|JGB361(10)|JGB4(30),4.95,5.032
2025-12-08,10Y,1.954,2,JGB155(20)|JGB21(30),10.031,10.031
2025-12-08,20Y,2.894,1,JGB49(30),20.033,20.033
2025-12-08,30Y,3.322,1,JGB88(30),29.782,29.782
2025-12-08,40Y,3.522,1,JGB18(40),39.28,39.28
2025-12-09,2Y,1.0438,5,JGB155(5)|JGB156(5)|JGB349(10)|JGB479(2)|JGB99(20),1.977,2.029
2025-12-09,5Y,1.4505,4,JGB123(20)|JGB124(20)|JGB361(10)|JGB4(30),4.947,5.029
2025-12-09,10Y,1.9695,2,JGB155(20)|JGB21(30),10.029,10.029
2025-12-09,20Y,2.919,1,JGB49(30),20.03,20.03
2025-12-09,30Y,3.346,1,JGB88(30),29.78,29.78
2025-12-09,40Y,3.537,1,JGB18(40),39.277,39.277
2025-12-10,2Y,1.0492,5,JGB155(5)|JGB156(5)|JGB349(10)|JGB479(2)|JGB99(20),1.974,2.026
2025-12-10,5Y,1.4445,4,JGB123(20)|JGB124(20)|JGB361(10)|JGB4(30),4.945,5.027
2025-12-10,10Y,1.965,2,JGB155(20)|JGB21(30),10.026,10.026
2025-12-10,20Y,2.915,1,JGB49(30),20.027,20.027
2025-12-10,30Y,3.342,1,JGB88(30),29.777,29.777
2025-12-10,40Y,3.547,1,JGB18(40),39.274,39.274
2025-12-11,2Y,1.0536,5,JGB155(5)|JGB156(5)|JGB349(10)|JGB479(2)|JGB99(20),1.971,2.023
2025-12-11,5Y,1.4478,4,JGB123(20)|JGB124(20)|JGB361(10)|JGB4(30),4.942,5.024
2025-12-11,10Y,1.9605,2,JGB155(20)|JGB21(30),10.023,10.023
2025-12-11,20Y,2.915,1,JGB49(30),20.025,20.025
2025-12-11,30Y,3.354,1,JGB88(30),29.774,29.774
2025-12-11,40Y,3.57,1,JGB18(40),39.272,39.272
2025-12-12,2Y,1.034,5,JGB155(5)|JGB156(5)|JGB349(10)|JGB479(2)|JGB99(20),1.969,2.021
2025-12-12,5Y,1.4247,4,JGB123(20)|JGB124(20)|JGB361(10)|JGB4(30),4.939,5.021
2025-12-12,10Y,1.936,2,JGB155(20)|JGB21(30),10.021,10.021
2025-12-12,20Y,2.89,1,JGB49(30),20.022,20.022
2025-12-12,30Y,3.342,1,JGB88(30),29.771,29.771
2025-12-12,40Y,3.559,1,JGB18(40),39.269,39.269
2025-12-15,2Y,1.0494,5,JGB155(5)|JGB156(5)|JGB349(10)|JGB479(2)|JGB99(20),1.96,2.012
2025-12-15,5Y,1.4405,4,JGB123(20)|JGB124(20)|JGB361(10)|JGB4(30),4.931,5.013
2025-12-15,10Y,1.9595,2,JGB155(20)|JGB21(30),10.012,10.012
2025-12-15,20Y,2.893,1,JGB49(30),20.014,20.014
2025-12-15,30Y,3.319,1,JGB88(30),29.763,29.763
2025-12-15,40Y,3.533,1,JGB18(40),39.261,39.261
2025-12-16,2Y,1.0488,5,JGB155(5)|JGB156(5)|JGB349(10)|JGB479(2)|JGB99(20),1.958,2.01
2025-12-16,5Y,1.4385,4,JGB123(20)|JGB124(20)|JGB361(10)|JGB4(30),4.928,5.01
2025-12-16,10Y,1.9645,2,JGB155(20)|JGB21(30),10.01,10.01
2025-12-16,20Y,2.904,1,JGB49(30),20.011,20.011
2025-12-16,30Y,3.33,1,JGB88(30),29.76,29.76
2025-12-16,40Y,3.548,1,JGB18(40),39.258,39.258
2025-12-17,2Y,1.0444,5,JGB155(5)|JGB156(5)|JGB349(10)|JGB479(2)|JGB99(20),1.955,2.007
2025-12-17,5Y,1.436,4,JGB123(20)|JGB124(20)|JGB361(10)|JGB4(30),4.925,5.008
2025-12-17,10Y,1.96,2,JGB155(20)|JGB21(30),10.007,10.007
2025-12-17,20Y,2.891,1,JGB49(30),20.008,20.008
2025-12-17,30Y,3.315,1,JGB88(30),29.758,29.758
2025-12-17,40Y,3.529,1,JGB18(40),39.255,39.255
2025-12-18,2Y,1.0546,5,JGB155(5)|JGB156(5)|JGB349(10)|JGB479(2)|JGB99(20),1.952,2.004
2025-12-18,5Y,1.4487,4,JGB123(20)|JGB124(20)|JGB361(10)|JGB4(30),4.923,5.005
2025-12-18,10Y,1.9815,2,JGB155(20)|JGB21(30),10.004,10.004
2025-12-18,20Y,2.897,1,JGB49(30),20.005,20.005
2025-12-18,30Y,3.319,1,JGB88(30),29.755,29.755
2025-12-18,40Y,3.522,1,JGB18(40),39.253,39.253
2025-12-19,2Y,1.0542,6,JGB WI(2)-01|JGB155(5)|JGB156(5)|JGB349(10)|JGB479(2)|JGB99(20),1.949,2.034
2025-12-19,5Y,1.4395,4,JGB123(20)|JGB124(20)|JGB361(10)|JGB4(30),4.92,5.002
2025-12-19,10Y,1.974,2,JGB155(20)|JGB21(30),10.001,10.001
2025-12-19,20Y,2.908,1,JGB49(30),20.003,20.003
2025-12-19,30Y,3.338,1,JGB88(30),29.752,29.752
2025-12-19,40Y,3.537,1,JGB18(40),39.25,39.25
2025-12-22,2Y,1.08,6,JGB WI(2)-01|JGB155(5)|JGB156(5)|JGB349(10)|JGB479(2)|JGB99(20),1.941,2.026
2025-12-22,5Y,1.494,3,JGB123(20)|JGB124(20)|JGB361(10),4.994,4.994
2025-12-22,10Y,2.0205,2,JGB155(20)|JGB21(30),9.993,9.993
2025-12-22,20Y,2.937,1,JGB49(30),19.995,19.995
2025-12-22,30Y,3.313,1,JGB9(40),30.242,30.242
2025-12-22,40Y,3.563,1,JGB18(40),39.242,39.242
2025-12-23,2Y,1.1093,6,JGB WI(2)-01|JGB155(5)|JGB156(5)|JGB349(10)|JGB479(2)|JGB99(20),1.938,2.023
2025-12-23,5Y,1.5393,3,JGB123(20)|JGB124(20)|JGB361(10),4.991,4.991
2025-12-23,10Y,2.073,2,JGB155(20)|JGB21(30),9.99,9.99
2025-12-23,20Y,2.962,1,JGB49(30),19.992,19.992
2025-12-23,30Y,3.327,1,JGB9(40),30.24,30.24
2025-12-23,40Y,3.566,1,JGB18(40),39.239,39.239
2025-12-24,2Y,1.0858,6,JGB WI(2)-01|JGB155(5)|JGB156(5)|JGB349(10)|JGB479(2)|JGB99(20),1.936,2.021
2025-12-24,5Y,1.497,3,JGB123(20)|JGB124(20)|JGB361(10),4.988,4.988
2025-12-24,10Y,2.0375,2,JGB155(20)|JGB21(30),9.988,9.988
2025-12-24,20Y,2.948,1,JGB49(30),19.989,19.989
2025-12-24,30Y,3.32,1,JGB9(40),30.237,30.237
2025-12-24,40Y,3.555,1,JGB18(40),39.236,39.236
2025-12-25,2Y,1.0892,6,JGB WI(2)-01|JGB155(5)|JGB156(5)|JGB349(10)|JGB479(2)|JGB99(20),1.933,2.018
2025-12-25,5Y,1.4973,3,JGB123(20)|JGB124(20)|JGB361(10),4.986,4.986
2025-12-25,10Y,2.0415,2,JGB155(20)|JGB21(30),9.985,9.985
2025-12-25,20Y,2.951,1,JGB49(30),19.986,19.986
2025-12-25,30Y,3.322,1,JGB9(40),30.234,30.234
2025-12-25,40Y,3.548,1,JGB18(40),39.233,39.233
2025-12-26,2Y,1.118,6,JGB155(5)|JGB156(5)|JGB349(10)|JGB479(2)|JGB480(2)|JGB99(20),1.93,2.015
2025-12-26,5Y,1.5257,3,JGB123(20)|JGB124(20)|JGB361(10),4.983,4.983
2025-12-26,10Y,2.0425,2,JGB155(20)|JGB21(30),9.982,9.982
2025-12-26,20Y,2.94,1,JGB49(30),19.984,19.984
2025-12-26,30Y,3.305,1,JGB9(40),30.231,30.231
2025-12-26,40Y,3.496,1,JGB18(40),39.231,39.231
2025-12-29,2Y,1.115,6,JGB155(5)|JGB156(5)|JGB349(10)|JGB479(2)|JGB480(2)|JGB99(20),1.922,2.007
2025-12-29,5Y,1.5207,3,JGB123(20)|JGB124(20)|JGB361(10),4.975,4.975
2025-12-29,10Y,2.0393,3,JGB WI(10)-01|JGB155(20)|JGB21(30),9.974,9.974
2025-12-29,20Y,2.93,1,JGB49(30),19.975,19.975
2025-12-29,30Y,3.348,1,JGB WI(30)-01,29.974,29.974
2025-12-29,40Y,3.474,1,JGB18(40),39.222,39.222
2025-12-30,2Y,1.125,6,JGB155(5)|JGB156(5)|JGB349(10)|JGB479(2)|JGB480(2)|JGB99(20),1.919,2.004
2025-12-30,5Y,1.5307,3,JGB123(20)|JGB124(20)|JGB361(10),4.972,4.972
2025-12-30,10Y,2.0543,3,JGB WI(10)-01|JGB155(20)|JGB21(30),9.971,9.971
2025-12-30,20Y,2.959,1,JGB49(30),19.973,19.973
2025-12-30,30Y,3.38,1,JGB WI(30)-01,29.971,29.971
2025-12-30,40Y,3.522,1,JGB18(40),39.22,39.22
2026-01-05,2Y,1.1408,5,JGB155(5)|JGB156(5)|JGB349(10)|JGB480(2)|JGB99(20),1.955,1.988
2026-01-05,5Y,1.5507,3,JGB123(20)|JGB124(20)|JGB361(10),4.956,4.956
2026-01-05,10Y,2.0643,3,JGB WI(10)-01|JGB155(20)|JGB21(30),9.955,9.955
2026-01-05,20Y,2.945,1,JGB49(30),19.956,19.956
2026-01-05,30Y,3.364,1,JGB WI(30)-01,29.955,29.955
2026-01-05,40Y,3.486,1,JGB18(40),39.203,39.203
2026-01-06,2Y,1.1636,5,JGB155(5)|JGB156(5)|JGB349(10)|JGB480(2)|JGB99(20),1.952,1.985
2026-01-06,5Y,1.5967,3,JGB123(20)|JGB124(20)|JGB361(10),4.953,4.953
2026-01-06,10Y,2.1093,3,JGB WI(10)-01|JGB155(20)|JGB21(30),9.952,9.952
2026-01-06,20Y,2.994,1,JGB49(30),19.953,19.953
2026-01-06,30Y,3.404,1,JGB WI(30)-01,29.952,29.952
2026-01-06,40Y,3.516,1,JGB18(40),39.201,39.201
2026-01-07,2Y,1.1558,5,JGB155(5)|JGB156(5)|JGB349(10)|JGB480(2)|JGB99(20),1.949,1.982
2026-01-07,5Y,1.5917,3,JGB123(20)|JGB124(20)|JGB361(10),4.95,4.95
2026-01-07,10Y,2.119,3,JGB155(20)|JGB21(30)|JGB381(10),9.949,9.949
2026-01-07,20Y,3.024,1,JGB49(30),19.951,19.951
2026-01-07,30Y,3.43,1,JGB WI(30)-01,29.949,29.949
2026-01-07,40Y,3.551,1,JGB18(40),39.198,39.198
2026-01-08,2Y,1.145,5,JGB155(5)|JGB156(5)|JGB349(10)|JGB480(2)|JGB99(20),1.947,1.979
2026-01-08,5Y,1.5873,4,JGB WI(5)-01|JGB123(20)|JGB124(20)|JGB361(10),4.947,4.947
2026-01-08,10Y,2.1187,3,JGB155(20)|JGB21(30)|JGB381(10),9.947,9.947
2026-01-08,20Y,3.037,1,JGB49(30),19.948,19.948
2026-01-08,30Y,3.44,1,JGB WI(30)-01,29.947,29.947
2026-01-08,40Y,3.577,1,JGB18(40),39.195,39.195
2026-01-09,2Y,1.1006,5,JGB155(5)|JGB156(5)|JGB349(10)|JGB480(2)|JGB99(20),1.944,1.977
2026-01-09,5Y,1.5388,4,JGB WI(5)-01|JGB123(20)|JGB124(20)|JGB361(10),4.945,4.945
2026-01-09,10Y,2.0777,3,JGB155(20)|JGB21(30)|JGB381(10),9.944,9.944
2026-01-09,20Y,3.023,1,JGB49(30),19.945,19.945
2026-01-09,30Y,3.435,1,JGB89(30),29.944,29.944
2026-01-09,40Y,3.603,1,JGB18(40),39.192,39.192
2026-01-13,2Y,1.1234,5,JGB155(5)|JGB156(5)|JGB349(10)|JGB480(2)|JGB99(20),1.933,1.966
2026-01-13,5Y,1.5655,4,JGB WI(5)-01|JGB123(20)|JGB124(20)|JGB361(10),4.934,4.934
2026-01-13,10Y,2.0917,3,JGB155(20)|JGB21(30)|JGB381(10),9.933,9.933
2026-01-13,20Y,3.009,1,JGB49(30),19.934,19.934
2026-01-13,30Y,3.4,1,JGB89(30),29.933,29.933
2026-01-13,40Y,3.556,1,JGB18(40),39.181,39.181
2026-01-14,2Y,1.1336,5,JGB155(5)|JGB156(5)|JGB349(10)|JGB480(2)|JGB99(20),1.93,1.963
2026-01-14,5Y,1.6158,4,JGB WI(5)-01|JGB123(20)|JGB124(20)|JGB361(10),4.931,4.931
2026-01-14,10Y,2.1537,3,JGB155(20)|JGB21(30)|JGB381(10),9.93,9.93
2026-01-14,20Y,3.0795,2,JGB WI(20)-01|JGB49(30),19.932,19.932
2026-01-14,30Y,3.463,1,JGB89(30),29.93,29.93
2026-01-14,40Y,3.635,1,JGB18(40),39.179,39.179
2026-01-15,2Y,1.1508,5,JGB155(5)|JGB156(5)|JGB349(10)|JGB480(2)|JGB99(20),1.927,1.96
2026-01-15,5Y,1.6345,4,JGB123(20)|JGB124(20)|JGB183(5)|JGB361(10),4.928,4.928
2026-01-15,10Y,2.1717,3,JGB155(20)|JGB21(30)|JGB381(10),9.927,9.927
2026-01-15,20Y,3.0965,2,JGB WI(20)-01|JGB49(30),19.929,19.929
2026-01-15,30Y,3.487,1,JGB89(30),29.927,29.927
2026-01-15,40Y,3.658,1,JGB18(40),39.176,39.176
2026-01-16,2Y,1.1588,5,JGB155(5)|JGB156(5)|JGB349(10)|JGB480(2)|JGB99(20),1.925,1.958
2026-01-16,5Y,1.6275,4,JGB123(20)|JGB124(20)|JGB183(5)|JGB361(10),4.925,4.925
2026-01-16,10Y,2.1537,3,JGB155(20)|JGB21(30)|JGB381(10),9.925,9.925
2026-01-16,20Y,3.0755,2,JGB WI(20)-01|JGB49(30),19.926,19.926
2026-01-16,30Y,3.455,1,JGB89(30),29.925,29.925
2026-01-16,40Y,3.629,1,JGB18(40),39.173,39.173
2026-01-19,2Y,1.198,1,JGB480(2),1.949,1.949
2026-01-19,5Y,1.6362,4,JGB123(20)|JGB124(20)|JGB183(5)|JGB361(10),4.917,4.917
2026-01-19,10Y,2.1717,3,JGB155(20)|JGB21(30)|JGB381(10),9.916,9.916
2026-01-19,20Y,3.09,2,JGB WI(20)-01|JGB49(30),19.918,19.918
2026-01-19,30Y,3.463,1,JGB89(30),29.916,29.916
2026-01-19,40Y,3.629,1,JGB18(40),39.165,39.165
2026-01-20,2Y,1.219,1,JGB480(2),1.947,1.947
2026-01-20,5Y,1.6812,5,GXJGB WI(5)-01|JGB123(20)|JGB124(20)|JGB183(5)|JGB361(10),4.914,4.914
2026-01-20,10Y,2.255,3,JGB155(20)|JGB21(30)|JGB381(10),9.914,9.914
2026-01-20,20Y,3.17,2,JGB WI(20)-01|JGB49(30),19.915,19.915
2026-01-20,30Y,3.564,1,JGB89(30),29.914,29.914
2026-01-20,40Y,3.733,1,JGB18(40),39.162,39.162
2026-01-21,2Y,1.209,1,JGB480(2),1.944,1.944
2026-01-21,5Y,1.6896,5,GXJGB WI(5)-01|JGB123(20)|JGB124(20)|JGB183(5)|JGB361(10),4.912,4.912
2026-01-21,10Y,2.3183,3,JGB155(20)|JGB21(30)|JGB381(10),9.911,9.911
2026-01-21,20Y,3.3205,2,JGB195(20)|JGB49(30),19.912,19.912
2026-01-21,30Y,3.768,1,JGB89(30),29.911,29.911
2026-01-21,40Y,3.924,1,JGB18(40),39.159,39.159
2026-01-22,2Y,1.225,1,JGB480(2),1.941,1.941
2026-01-22,5Y,1.6748,5,GXJGB WI(5)-01|JGB123(20)|JGB124(20)|JGB183(5)|JGB361(10),4.909,4.909
2026-01-22,10Y,2.2687,3,JGB155(20)|JGB21(30)|JGB381(10),9.908,9.908
2026-01-22,20Y,3.2455,2,JGB195(20)|JGB49(30),19.91,19.91
2026-01-22,30Y,3.649,1,JGB89(30),29.908,29.908
2026-01-22,40Y,3.8135,2,JGB WI(40)-01|JGB18(40),39.157,39.157
2026-01-23,2Y,1.214,1,JGB480(2),1.938,1.938
2026-01-23,5Y,1.6566,5,GXJGB WI(5)-01|JGB123(20)|JGB124(20)|JGB183(5)|JGB361(10),4.906,4.906
2026-01-23,10Y,2.2273,3,JGB155(20)|JGB21(30)|JGB381(10),9.906,9.906
2026-01-23,20Y,3.196,2,JGB195(20)|JGB49(30),19.907,19.907
2026-01-23,30Y,3.607,1,JGB89(30),29.906,29.906
2026-01-23,40Y,3.77,2,JGB WI(40)-01|JGB18(40),39.154,39.154
2026-01-26,2Y,1.2605,2,JGB WI(2)-02|JGB480(2),1.93,2.015
2026-01-26,5Y,1.6856,5,GXJGB WI(5)-01|JGB123(20)|JGB124(20)|JGB183(5)|JGB361(10),4.898,4.898
2026-01-26,10Y,2.2407,3,JGB155(20)|JGB21(30)|JGB381(10),9.897,9.897
2026-01-26,20Y,3.1905,2,JGB195(20)|JGB49(30),19.899,19.899
2026-01-26,30Y,3.588,1,JGB89(30),29.897,29.897
2026-01-26,40Y,3.7285,2,JGB WI(40)-01|JGB18(40),39.146,39.146
2026-01-27,2Y,1.276,2,JGB WI(2)-02|JGB480(2),1.927,2.012
2026-01-27,5Y,1.681,5,GXJGB4(5)|JGB123(20)|JGB124(20)|JGB183(5)|JGB361(10),4.895,4.895
2026-01-27,10Y,2.2223,3,JGB155(20)|JGB21(30)|JGB381(10),9.895,9.895
2026-01-27,20Y,3.17,2,JGB195(20)|JGB49(30),19.896,19.896
2026-01-27,30Y,3.572,1,JGB89(30),29.895,29.895
2026-01-27,40Y,3.706,2,JGB WI(40)-01|JGB18(40),39.143,39.143
2026-01-28,2Y,1.284,2,JGB WI(2)-02|JGB480(2),1.925,2.01
2026-01-28,5Y,1.7048,5,GXJGB4(5)|JGB123(20)|JGB124(20)|JGB183(5)|JGB361(10),4.893,4.893
2026-01-28,10Y,2.2685,4,JGB WI(10)-02|JGB155(20)|JGB21(30)|JGB381(10),9.892,9.892
2026-01-28,20Y,3.199,2,JGB195(20)|JGB49(30),19.893,19.893
2026-01-28,30Y,3.604,1,JGB89(30),29.892,29.892
2026-01-28,40Y,3.7285,2,JGB WI(40)-01|JGB18(40),39.14,39.14
2026-01-29,2Y,1.255,2,JGB WI(2)-02|JGB480(2),1.922,2.007
2026-01-29,5Y,1.6614,5,GXJGB4(5)|JGB123(20)|JGB124(20)|JGB183(5)|JGB361(10),4.89,4.89
2026-01-29,10Y,2.2233,4,JGB WI(10)-02|JGB155(20)|JGB21(30)|JGB381(10),9.889,9.889
2026-01-29,20Y,3.176,2,JGB195(20)|JGB49(30),19.89,19.89
2026-01-29,30Y,3.584,1,JGB89(30),29.889,29.889
2026-01-29,40Y,3.708,1,JGB18(40),39.138,39.138
2026-01-30,2Y,1.2615,2,JGB WI(2)-02|JGB480(2),1.919,2.004
2026-01-30,5Y,1.671,5,GXJGB4(5)|JGB123(20)|JGB124(20)|JGB183(5)|JGB361(10),4.887,4.887
2026-01-30,10Y,2.2367,4,JGB WI(10)-02|JGB155(20)|JGB21(30)|JGB381(10),9.886,9.886
2026-01-30,20Y,3.167,2,JGB195(20)|JGB49(30),19.888,19.888
2026-01-30,30Y,3.5735,2,JGB WI(30)-02|JGB89(30),29.886,29.886
2026-01-30,40Y,3.675,1,JGB18(40),39.135,39.135
2026-02-02,2Y,1.254,1,JGB481(2),1.996,1.996
2026-02-02,5Y,1.652,5,GXJGB4(5)|JGB123(20)|JGB124(20)|JGB183(5)|JGB361(10),4.879,4.879
2026-02-02,10Y,2.2325,4,JGB WI(10)-02|JGB155(20)|JGB21(30)|JGB381(10),9.878,9.878
2026-02-02,20Y,3.178,2,JGB195(20)|JGB49(30),19.88,19.88
2026-02-02,30Y,3.5825,2,JGB WI(30)-02|JGB89(30),29.878,29.878
2026-02-02,40Y,3.698,1,JGB18(40),39.127,39.127
2026-02-03,2Y,1.264,1,JGB481(2),1.993,1.993
2026-02-03,5Y,1.664,4,JGB125(20)|JGB126(20)|JGB127(20)|JGB362(10),5.123,5.123
2026-02-03,10Y,2.2285,6,JGB WI(10)-02|JGB155(20)|JGB156(20)|JGB21(30)|JGB22(30)|JGB381(10),9.875,10.125
2026-02-03,20Y,3.1843,3,JGB195(20)|JGB49(30)|JGB50(30),19.877,20.123
2026-02-03,30Y,3.566,3,JGB WI(30)-02|JGB89(30)|JGB9(40),29.875,30.125
2026-02-03,40Y,3.723,1,JGB18(40),39.124,39.124
2026-02-04,2Y,1.284,1,JGB481(2),1.99,1.99
2026-02-04,5Y,1.6975,4,JGB125(20)|JGB126(20)|JGB127(20)|JGB362(10),5.12,5.12
2026-02-04,10Y,2.2695,2,JGB156(20)|JGB22(30),10.122,10.122
2026-02-04,20Y,3.195,1,JGB50(30),20.12,20.12
2026-02-04,30Y,3.524,1,JGB9(40),30.122,30.122
2026-02-04,40Y,3.719,1,JGB18(40),39.121,39.121
2026-02-05,2Y,1.274,1,JGB481(2),1.988,1.988
2026-02-05,5Y,1.6887,4,JGB125(20)|JGB126(20)|JGB127(20)|JGB362(10),5.117,5.117
2026-02-05,10Y,2.262,2,JGB156(20)|JGB22(30),10.119,10.119
2026-02-05,20Y,3.195,1,JGB50(30),20.118,20.118
2026-02-05,30Y,3.524,1,JGB9(40),30.119,30.119
2026-02-05,40Y,3.731,1,JGB18(40),39.118,39.118
2026-02-06,2Y,1.274,1,JGB481(2),1.985,1.985
2026-02-06,5Y,1.693,4,JGB125(20)|JGB126(20)|JGB127(20)|JGB362(10),5.114,5.114
2026-02-06,10Y,2.244,2,JGB156(20)|JGB22(30),10.116,10.116
2026-02-06,20Y,3.161,1,JGB50(30),20.115,20.115
2026-02-06,30Y,3.471,1,JGB9(40),30.116,30.116
2026-02-06,40Y,3.668,1,JGB18(40),39.116,39.116
2026-02-09,2Y,1.279,1,JGB481(2),1.977,1.977
2026-02-09,5Y,1.7025,4,JGB125(20)|JGB126(20)|JGB127(20)|JGB362(10),5.106,5.106
2026-02-09,10Y,2.248,2,JGB156(20)|JGB22(30),10.108,10.108
2026-02-09,20Y,3.157,1,JGB50(30),20.107,20.107
2026-02-09,30Y,3.453,1,JGB9(40),30.108,30.108
2026-02-09,40Y,3.643,1,JGB18(40),39.107,39.107
2026-02-10,2Y,1.31,1,JGB481(2),1.974,1.974
2026-02-10,5Y,1.7517,4,JGB125(20)|JGB126(20)|JGB127(20)|JGB362(10),5.103,5.103
2026-02-10,10Y,2.302,2,JGB156(20)|JGB22(30),10.105,10.105
2026-02-10,20Y,3.183,1,JGB50(30),20.104,20.104
2026-02-10,30Y,3.454,1,JGB9(40),30.105,30.105
2026-02-10,40Y,3.64,1,JGB18(40),39.105,39.105
2026-02-12,2Y,1.3,1,JGB481(2),1.969,1.969
2026-02-12,5Y,1.7103,4,JGB125(20)|JGB126(20)|JGB127(20)|JGB362(10),5.098,5.098
2026-02-12,10Y,2.2535,2,JGB156(20)|JGB22(30),10.1,10.1
2026-02-12,20Y,3.135,1,JGB50(30),20.099,20.099
2026-02-12,30Y,3.404,1,JGB9(40),30.1,30.1
2026-02-12,40Y,3.574,1,JGB18(40),39.099,39.099
2026-02-13,2Y,1.3,1,JGB481(2),1.966,1.966
2026-02-13,5Y,1.7145,4,JGB125(20)|JGB126(20)|JGB127(20)|JGB362(10),5.095,5.095
2026-02-13,10Y,2.245,2,JGB156(20)|JGB22(30),10.097,10.097
2026-02-13,20Y,3.098,1,JGB50(30),20.096,20.096
2026-02-13,30Y,3.348,1,JGB9(40),30.097,30.097
2026-02-13,40Y,3.504,1,JGB18(40),39.097,39.097
2026-02-16,2Y,1.284,1,JGB481(2),1.958,1.958
2026-02-16,5Y,1.696,4,JGB125(20)|JGB126(20)|JGB127(20)|JGB362(10),5.087,5.087
2026-02-16,10Y,2.2265,2,JGB156(20)|JGB22(30),10.089,10.089
2026-02-16,20Y,3.085,1,JGB50(30),20.088,20.088
2026-02-16,30Y,3.359,1,JGB9(40),30.089,30.089
2026-02-16,40Y,3.522,1,JGB18(40),39.088,39.088
2026-02-17,2Y,1.268,1,JGB481(2),1.955,1.955
2026-02-17,5Y,1.6867,4,JGB125(20)|JGB126(20)|JGB127(20)|JGB362(10),5.084,5.084
2026-02-17,10Y,2.2295,2,JGB156(20)|JGB22(30),10.086,10.086
2026-02-17,20Y,3.114,1,JGB50(30),20.085,20.085
2026-02-17,30Y,3.401,1,JGB9(40),30.086,30.086
2026-02-17,40Y,3.57,1,JGB18(40),39.086,39.086
2026-02-18,2Y,1.227,1,JGB481(2),1.952,1.952
2026-02-18,5Y,1.6312,4,JGB125(20)|JGB126(20)|JGB127(20)|JGB362(10),5.081,5.081
2026-02-18,10Y,2.1525,2,JGB156(20)|JGB22(30),10.084,10.084
2026-02-18,20Y,3.018,1,JGB50(30),20.082,20.082
2026-02-18,30Y,3.333,1,JGB9(40),30.084,30.084
2026-02-18,40Y,3.496,1,JGB18(40),39.083,39.083
2026-02-19,2Y,1.2238,6,JGB100(20)|JGB101(20)|JGB157(5)|JGB158(5)|JGB350(10)|JGB481(2),1.949,2.081
2026-02-19,5Y,1.6418,4,JGB125(20)|JGB126(20)|JGB127(20)|JGB362(10),5.079,5.079
2026-02-19,10Y,2.163,2,JGB156(20)|JGB22(30),10.081,10.081
2026-02-19,20Y,3.02,1,JGB50(30),20.079,20.079
2026-02-19,30Y,3.331,1,JGB9(40),30.081,30.081
2026-02-19,40Y,3.485,1,JGB18(40),39.08,39.08
2026-02-20,2Y,1.2428,6,JGB100(20)|JGB101(20)|JGB157(5)|JGB158(5)|JGB350(10)|JGB481(2),1.947,2.078
2026-02-20,5Y,1.6502,4,JGB125(20)|JGB126(20)|JGB127(20)|JGB362(10),5.076,5.076
2026-02-20,10Y,2.165,2,JGB156(20)|JGB22(30),10.078,10.078
2026-02-20,20Y,3.008,1,JGB50(30),20.077,20.077
2026-02-20,30Y,3.296,1,JGB9(40),30.078,30.078
2026-02-20,40Y,3.463,1,JGB18(40),39.077,39.077
2026-02-24,2Y,1.2419,7,JGB WI(2)-03|JGB100(20)|JGB101(20)|JGB157(5)|JGB158(5)|JGB350(10)|JGB481(2),1.936,2.067
2026-02-24,5Y,1.6185,4,JGB125(20)|JGB126(20)|JGB127(20)|JGB362(10),5.065,5.065
2026-02-24,10Y,2.133,2,JGB156(20)|JGB22(30),10.067,10.067
2026-02-24,20Y,2.972,1,JGB50(30),20.066,20.066
2026-02-24,30Y,3.279,1,JGB9(40),30.067,30.067
2026-02-24,40Y,3.444,1,JGB18(40),39.066,39.066
2026-02-25,2Y,1.2331,7,JGB WI(2)-03|JGB100(20)|JGB101(20)|JGB157(5)|JGB158(5)|JGB350(10)|JGB481(2),1.933,2.064
2026-02-25,5Y,1.6135,4,JGB125(20)|JGB126(20)|JGB127(20)|JGB362(10),5.062,5.062
2026-02-25,10Y,2.1245,2,JGB156(20)|JGB22(30),10.064,10.064
2026-02-25,20Y,2.945,1,JGB50(30),20.063,20.063
2026-02-25,30Y,3.261,1,JGB9(40),30.064,30.064
2026-02-25,40Y,3.418,1,JGB18(40),39.064,39.064
2026-02-26,2Y,1.2117,7,JGB WI(2)-03|JGB100(20)|JGB101(20)|JGB157(5)|JGB158(5)|JGB350(10)|JGB481(2),1.93,2.062
2026-02-26,5Y,1.6005,4,JGB125(20)|JGB126(20)|JGB127(20)|JGB362(10),5.06,5.06
2026-02-26,10Y,2.163,2,JGB156(20)|JGB22(30),10.062,10.062
2026-02-26,20Y,3.011,1,JGB50(30),20.06,20.06
2026-02-26,30Y,3.344,1,JGB9(40),30.062,30.062
2026-02-26,40Y,3.507,1,JGB18(40),39.061,39.061
2026-02-27,2Y,1.2376,7,JGB WI(2)-03|JGB100(20)|JGB101(20)|JGB157(5)|JGB158(5)|JGB350(10)|JGB481(2),1.927,2.059
2026-02-27,5Y,1.6222,4,JGB125(20)|JGB126(20)|JGB127(20)|JGB362(10),5.057,5.057
2026-02-27,10Y,2.177,2,JGB156(20)|JGB22(30),10.059,10.059
2026-02-27,20Y,3.015,1,JGB50(30),20.057,20.057
2026-02-27,30Y,3.327,1,JGB9(40),30.059,30.059
2026-02-27,40Y,3.485,1,JGB18(40),39.058,39.058
2026-03-02,2Y,1.2261,7,JGB100(20)|JGB101(20)|JGB157(5)|JGB158(5)|JGB350(10)|JGB481(2)|JGB482(2),1.919,2.051
2026-03-02,5Y,1.5893,4,JGB125(20)|JGB126(20)|JGB127(20)|JGB362(10),5.049,5.049
2026-03-02,10Y,2.137,2,JGB156(20)|JGB22(30),10.051,10.051
2026-03-02,20Y,2.982,1,JGB50(30),20.049,20.049
2026-03-02,30Y,3.294,1,JGB9(40),30.051,30.051
2026-03-02,40Y,3.452,1,JGB18(40),39.05,39.05
2026-03-03,2Y,1.1943,6,JGB100(20)|JGB101(20)|JGB157(5)|JGB158(5)|JGB350(10)|JGB482(2),1.996,2.048
2026-03-03,5Y,1.549,4,JGB125(20)|JGB126(20)|JGB127(20)|JGB362(10),5.046,5.046
2026-03-03,10Y,2.0955,2,JGB156(20)|JGB22(30),10.048,10.048
2026-03-03,20Y,2.947,1,JGB50(30),20.047,20.047
2026-03-03,30Y,3.252,1,JGB9(40),30.048,30.048
2026-03-03,40Y,3.41,1,JGB18(40),39.047,39.047
2026-03-04,2Y,1.2305,6,JGB100(20)|JGB101(20)|JGB157(5)|JGB158(5)|JGB350(10)|JGB482(2),1.993,2.045
2026-03-04,5Y,1.6058,4,JGB125(20)|JGB126(20)|JGB127(20)|JGB362(10),5.043,5.043
2026-03-04,10Y,2.1555,2,JGB156(20)|JGB22(30),10.045,10.045
2026-03-04,20Y,3.008,1,JGB50(30),20.044,20.044
2026-03-04,30Y,3.295,1,JGB9(40),30.045,30.045
2026-03-04,40Y,3.44,1,JGB18(40),39.044,39.044
2026-03-05,2Y,1.2155,6,JGB100(20)|JGB101(20)|JGB157(5)|JGB158(5)|JGB350(10)|JGB482(2),1.99,2.042
2026-03-05,5Y,1.59,4,JGB125(20)|JGB126(20)|JGB127(20)|JGB362(10),5.04,5.04
2026-03-05,10Y,2.141,2,JGB156(20)|JGB22(30),10.042,10.042
2026-03-05,20Y,3.015,1,JGB50(30),20.041,20.041
2026-03-05,30Y,3.316,1,JGB9(40),30.042,30.042
2026-03-05,40Y,3.46,1,JGB18(40),39.042,39.042
2026-03-06,2Y,1.2352,6,JGB100(20)|JGB101(20)|JGB157(5)|JGB158(5)|JGB350(10)|JGB482(2),1.988,2.04
2026-03-06,5Y,1.6375,4,JGB125(20)|JGB126(20)|JGB127(20)|JGB362(10),5.038,5.038
2026-03-06,10Y,2.1805,2,JGB156(20)|JGB22(30),10.04,10.04
2026-03-06,20Y,3.028,1,JGB50(30),20.038,20.038
2026-03-06,30Y,3.338,1,JGB9(40),30.04,30.04
2026-03-06,40Y,3.474,1,JGB18(40),39.039,39.039
2026-03-09,2Y,1.2252,6,JGB100(20)|JGB101(20)|JGB157(5)|JGB158(5)|JGB350(10)|JGB482(2),1.979,2.031
2026-03-09,5Y,1.6325,4,JGB125(20)|JGB126(20)|JGB127(20)|JGB362(10),5.029,5.029
2026-03-09,10Y,2.185,2,JGB156(20)|JGB22(30),10.031,10.031
2026-03-09,20Y,3.043,1,JGB50(30),20.03,20.03
2026-03-09,30Y,3.361,1,JGB9(40),30.031,30.031
2026-03-09,40Y,3.479,1,JGB18(40),39.031,39.031
2026-03-10,2Y,1.2202,6,JGB100(20)|JGB101(20)|JGB157(5)|JGB158(5)|JGB350(10)|JGB482(2),1.977,2.029
2026-03-10,5Y,1.637,4,JGB125(20)|JGB126(20)|JGB127(20)|JGB362(10),5.027,5.027
2026-03-10,10Y,2.2095,2,JGB156(20)|JGB22(30),10.029,10.029
2026-03-10,20Y,3.092,1,JGB50(30),20.027,20.027
2026-03-10,30Y,3.423,1,JGB9(40),30.029,30.029
2026-03-10,40Y,3.525,1,JGB18(40),39.028,39.028
2026-03-11,2Y,1.2313,6,JGB100(20)|JGB101(20)|JGB157(5)|JGB158(5)|JGB350(10)|JGB482(2),1.974,2.026
2026-03-11,5Y,1.6365,4,JGB125(20)|JGB126(20)|JGB127(20)|JGB362(10),5.024,5.024
2026-03-11,10Y,2.201,2,JGB156(20)|JGB22(30),10.026,10.026
2026-03-11,20Y,3.073,1,JGB50(30),20.025,20.025
2026-03-11,30Y,3.402,1,JGB9(40),30.026,30.026
2026-03-11,40Y,3.508,1,JGB18(40),39.025,39.025
2026-03-12,2Y,1.2265,6,JGB100(20)|JGB101(20)|JGB157(5)|JGB158(5)|JGB350(10)|JGB482(2),1.971,2.023
2026-03-12,5Y,1.6225,4,JGB125(20)|JGB126(20)|JGB127(20)|JGB362(10),5.021,5.021
2026-03-12,10Y,2.1805,2,JGB156(20)|JGB22(30),10.023,10.023
2026-03-12,20Y,3.074,1,JGB50(30),20.022,20.022
2026-03-12,30Y,3.406,1,JGB9(40),30.023,30.023
2026-03-12,40Y,3.53,1,JGB18(40),39.023,39.023
2026-03-13,2Y,1.2352,6,JGB100(20)|JGB101(20)|JGB157(5)|JGB158(5)|JGB350(10)|JGB482(2),1.969,2.021
2026-03-13,5Y,1.6372,4,JGB125(20)|JGB126(20)|JGB127(20)|JGB362(10),5.018,5.018
2026-03-13,10Y,2.2015,2,JGB156(20)|JGB22(30),10.021,10.021
2026-03-13,20Y,3.096,1,JGB50(30),20.019,20.019
2026-03-13,30Y,3.431,1,JGB9(40),30.021,30.021
2026-03-13,40Y,3.563,1,JGB18(40),39.02,39.02
2026-03-16,2Y,1.265,6,JGB100(20)|JGB101(20)|JGB157(5)|JGB158(5)|JGB350(10)|JGB482(2),1.96,2.012
2026-03-16,5Y,1.6845,4,JGB125(20)|JGB126(20)|JGB127(20)|JGB362(10),5.01,5.01
2026-03-16,10Y,2.2545,2,JGB156(20)|JGB22(30),10.012,10.012
2026-03-16,20Y,3.134,1,JGB50(30),20.011,20.011
2026-03-16,30Y,3.463,1,JGB9(40),30.012,30.012
2026-03-16,40Y,3.582,1,JGB18(40),39.012,39.012
2026-03-17,2Y,1.264,6,JGB100(20)|JGB101(20)|JGB157(5)|JGB158(5)|JGB350(10)|JGB482(2),1.958,2.01
2026-03-17,5Y,1.6932,4,JGB125(20)|JGB126(20)|JGB127(20)|JGB362(10),5.008,5.008
2026-03-17,10Y,2.2845,2,JGB156(20)|JGB22(30),10.01,10.01
2026-03-17,20Y,3.169,1,JGB50(30),20.008,20.008
2026-03-17,30Y,3.502,1,JGB9(40),30.01,30.01
2026-03-17,40Y,3.62,1,JGB18(40),39.009,39.009
2026-03-18,2Y,1.2595,6,JGB100(20)|JGB101(20)|JGB157(5)|JGB158(5)|JGB350(10)|JGB482(2),1.955,2.007
2026-03-18,5Y,1.6832,4,JGB125(20)|JGB126(20)|JGB127(20)|JGB362(10),5.005,5.005
2026-03-18,10Y,2.2755,2,JGB156(20)|JGB22(30),10.007,10.007
2026-03-18,20Y,3.159,1,JGB50(30),20.005,20.005
2026-03-18,30Y,3.493,1,JGB9(40),30.007,30.007
2026-03-18,40Y,3.6105,2,JGB WI(40)-03|JGB18(40),39.006,39.006
2026-03-19,2Y,1.2393,6,JGB100(20)|JGB101(20)|JGB157(5)|JGB158(5)|JGB350(10)|JGB482(2),1.952,2.004
2026-03-19,5Y,1.6492,4,JGB125(20)|JGB126(20)|JGB127(20)|JGB362(10),5.002,5.002
2026-03-19,10Y,2.2255,2,JGB156(20)|JGB22(30),10.004,10.004
2026-03-19,20Y,3.114,1,JGB50(30),20.003,20.003
2026-03-19,30Y,3.443,1,JGB9(40),30.004,30.004
2026-03-19,40Y,3.564,2,JGB WI(40)-03|JGB18(40),39.003,39.003
2026-03-23,2Y,1.2547,6,JGB100(20)|JGB101(20)|JGB157(5)|JGB158(5)|JGB350(10)|JGB482(2),1.941,1.993
2026-03-23,5Y,1.6793,4,JGB125(20)|JGB126(20)|JGB127(20)|JGB362(10),4.991,4.991
2026-03-23,10Y,2.267,2,JGB156(20)|JGB22(30),9.993,9.993
2026-03-23,20Y,3.145,1,JGB50(30),19.992,19.992
2026-03-23,30Y,3.473,1,JGB9(40),29.993,29.993
2026-03-23,40Y,3.5895,2,JGB WI(40)-03|JGB18(40),38.992,38.992
2026-03-24,2Y,1.2917,6,JGB100(20)|JGB101(20)|JGB157(5)|JGB158(5)|JGB350(10)|JGB482(2),1.938,1.99
2026-03-24,5Y,1.7308,4,JGB125(20)|JGB126(20)|JGB127(20)|JGB362(10),4.988,4.988
2026-03-24,10Y,2.3105,2,JGB156(20)|JGB22(30),9.99,9.99
2026-03-24,20Y,3.185,1,JGB50(30),19.989,19.989
2026-03-24,30Y,3.503,1,JGB9(40),29.99,29.99
2026-03-24,40Y,3.6105,2,JGB WI(40)-03|JGB18(40),38.99,38.99
2026-03-25,2Y,1.2941,7,JGB WI(2)-04|JGB100(20)|JGB101(20)|JGB157(5)|JGB158(5)|JGB350(10)|JGB482(2),1.936,2.021
2026-03-25,5Y,1.7112,4,JGB125(20)|JGB126(20)|JGB127(20)|JGB362(10),4.986,4.986
2026-03-25,10Y,2.2755,2,JGB156(20)|JGB22(30),9.988,9.988
2026-03-25,20Y,3.162,1,JGB50(30),19.986,19.986
2026-03-25,30Y,3.495,1,JGB9(40),29.988,29.988
2026-03-25,40Y,3.6,1,JGB18(40),38.987,38.987
2026-03-26,2Y,1.3061,7,JGB WI(2)-04|JGB100(20)|JGB101(20)|JGB157(5)|JGB158(5)|JGB350(10)|JGB482(2),1.933,2.018
2026-03-26,5Y,1.7165,4,JGB125(20)|JGB126(20)|JGB127(20)|JGB362(10),4.983,4.983
2026-03-26,10Y,2.2625,2,JGB156(20)|JGB22(30),9.985,9.985
2026-03-26,20Y,3.135,1,JGB50(30),19.984,19.984
2026-03-26,30Y,3.471,1,JGB9(40),29.985,29.985
2026-03-26,40Y,3.569,1,JGB18(40),38.984,38.984
2026-03-27,2Y,1.3371,7,JGB WI(2)-04|JGB100(20)|JGB101(20)|JGB157(5)|JGB158(5)|JGB350(10)|JGB482(2),1.93,2.015
2026-03-27,5Y,1.7448,4,JGB125(20)|JGB126(20)|JGB127(20)|JGB362(10),4.98,4.98
2026-03-27,10Y,2.2837,3,JGB WI(10)-04|JGB156(20)|JGB22(30),9.982,9.982
2026-03-27,20Y,3.144,1,JGB50(30),19.981,19.981
2026-03-27,30Y,3.474,1,JGB9(40),29.982,29.982
2026-03-27,40Y,3.559,1,JGB18(40),38.982,38.982
2026-03-30,2Y,1.3773,7,JGB WI(2)-04|JGB100(20)|JGB101(20)|JGB157(5)|JGB158(5)|JGB350(10)|JGB482(2),1.922,2.007
2026-03-30,5Y,1.8233,4,JGB125(20)|JGB126(20)|JGB127(20)|JGB362(10),4.972,4.972
2026-03-30,10Y,2.3757,3,JGB WI(10)-04|JGB156(20)|JGB22(30),9.974,9.974
2026-03-30,20Y,3.264,1,JGB50(30),19.973,19.973
2026-03-30,30Y,3.607,1,JGB9(40),29.974,29.974
2026-03-30,40Y,3.714,1,JGB18(40),38.973,38.973
2026-03-31,2Y,1.3569,7,JGB WI(2)-04|JGB100(20)|JGB101(20)|JGB157(5)|JGB158(5)|JGB350(10)|JGB482(2),1.919,2.004
2026-03-31,5Y,1.7945,4,JGB125(20)|JGB126(20)|JGB127(20)|JGB362(10),4.969,4.969
2026-03-31,10Y,2.366,3,JGB WI(10)-04|JGB156(20)|JGB22(30),9.971,9.971
2026-03-31,20Y,3.305,1,JGB50(30),19.97,19.97
2026-03-31,30Y,3.684,1,JGB9(40),29.971,29.971
2026-03-31,40Y,3.795,1,JGB18(40),38.971,38.971
2026-04-01,2Y,1.3538,6,JGB100(20)|JGB101(20)|JGB157(5)|JGB158(5)|JGB350(10)|JGB483(2),1.969,2.001
2026-04-01,5Y,1.7948,4,JGB125(20)|JGB126(20)|JGB127(20)|JGB362(10),4.966,4.966
2026-04-01,10Y,2.359,3,JGB WI(10)-04|JGB156(20)|JGB22(30),9.969,9.969
2026-04-01,20Y,3.285,1,JGB50(30),19.967,19.967
2026-04-01,30Y,3.6335,2,JGB WI(30)-04|JGB9(40),29.969,29.969
2026-04-01,40Y,3.712,1,JGB18(40),38.968,38.968
2026-04-02,2Y,1.329,6,JGB100(20)|JGB101(20)|JGB157(5)|JGB158(5)|JGB350(10)|JGB483(2),1.966,1.999
2026-04-02,5Y,1.749,4,JGB125(20)|JGB126(20)|JGB127(20)|JGB362(10),4.964,4.964
2026-04-02,10Y,2.3113,3,JGB WI(10)-04|JGB156(20)|JGB22(30),9.966,9.966
2026-04-02,20Y,3.215,1,JGB50(30),19.964,19.964
2026-04-02,30Y,3.559,2,JGB WI(30)-04|JGB9(40),29.966,29.966
2026-04-02,40Y,3.629,1,JGB18(40),38.965,38.965
2026-04-03,2Y,1.3673,6,JGB100(20)|JGB101(20)|JGB157(5)|JGB158(5)|JGB350(10)|JGB483(2),1.963,1.996
2026-04-03,5Y,1.819,5,JGB WI(5)-04|JGB125(20)|JGB126(20)|JGB127(20)|JGB362(10),4.961,4.961
2026-04-03,10Y,2.3883,3,JGB156(20)|JGB22(30)|JGB382(10),9.963,9.963
2026-04-03,20Y,3.271,1,JGB50(30),19.962,19.962
2026-04-03,30Y,3.6065,2,JGB WI(30)-04|JGB9(40),29.963,29.963
2026-04-03,40Y,3.677,1,JGB18(40),38.962,38.962
2026-04-06,2Y,1.3693,6,JGB100(20)|JGB101(20)|JGB157(5)|JGB158(5)|JGB350(10)|JGB483(2),1.955,1.988
2026-04-06,5Y,1.8108,5,JGB WI(5)-04|JGB125(20)|JGB126(20)|JGB127(20)|JGB362(10),4.953,4.953
2026-04-06,10Y,2.3813,3,JGB156(20)|JGB22(30)|JGB382(10),9.955,9.955
2026-04-06,20Y,3.271,1,JGB50(30),19.953,19.953
2026-04-06,30Y,3.605,2,JGB WI(30)-04|JGB9(40),29.955,29.955
2026-04-06,40Y,3.679,1,JGB18(40),38.954,38.954
2026-04-07,2Y,1.3787,6,JGB100(20)|JGB101(20)|JGB157(5)|JGB158(5)|JGB350(10)|JGB483(2),1.952,1.985
2026-04-07,5Y,1.8412,5,JGB WI(5)-04|JGB125(20)|JGB126(20)|JGB127(20)|JGB362(10),4.95,4.95
2026-04-07,10Y,2.421,3,JGB156(20)|JGB22(30)|JGB382(10),9.952,9.952
2026-04-07,20Y,3.323,1,JGB50(30),19.951,19.951
2026-04-07,30Y,3.667,2,JGB WI(30)-04|JGB9(40),29.952,29.952
2026-04-07,40Y,3.749,1,JGB18(40),38.951,38.951
2026-04-08,2Y,1.365,6,JGB100(20)|JGB101(20)|JGB157(5)|JGB158(5)|JGB350(10)|JGB483(2),1.949,1.982
2026-04-08,5Y,1.819,5,JGB WI(5)-04|JGB125(20)|JGB126(20)|JGB127(20)|JGB362(10),4.947,4.947
2026-04-08,10Y,2.4053,3,JGB156(20)|JGB22(30)|JGB382(10),9.949,9.949
2026-04-08,20Y,3.3245,2,JGB WI(20)-04|JGB50(30),19.948,19.948
2026-04-08,30Y,3.6625,2,JGB9(40)|JGB90(30),29.949,29.949
2026-04-08,40Y,3.742,1,JGB18(40),38.949,38.949
2026-04-09,2Y,1.3577,6,JGB100(20)|JGB101(20)|JGB157(5)|JGB158(5)|JGB350(10)|JGB483(2),1.947,1.979
2026-04-09,5Y,1.7988,5,JGB WI(5)-04|JGB125(20)|JGB126(20)|JGB127(20)|JGB362(10),4.945,4.945
2026-04-09,10Y,2.3683,3,JGB156(20)|JGB22(30)|JGB382(10),9.947,9.947
2026-04-09,20Y,3.271,2,JGB WI(20)-04|JGB50(30),19.945,19.945
2026-04-09,30Y,3.6105,2,JGB9(40)|JGB90(30),29.947,29.947
2026-04-09,40Y,3.679,1,JGB18(40),38.946,38.946
2026-04-10,2Y,1.3683,6,JGB100(20)|JGB101(20)|JGB157(5)|JGB158(5)|JGB350(10)|JGB483(2),1.944,1.977
2026-04-10,5Y,1.8216,5,JGB125(20)|JGB126(20)|JGB127(20)|JGB184(5)|JGB362(10),4.942,4.942
2026-04-10,10Y,2.3897,3,JGB156(20)|JGB22(30)|JGB382(10),9.944,9.944
2026-04-10,20Y,3.284,2,JGB WI(20)-04|JGB50(30),19.943,19.943
2026-04-10,30Y,3.6135,2,JGB9(40)|JGB90(30),29.944,29.944
2026-04-10,40Y,3.679,1,JGB18(40),38.943,38.943
2026-04-13,2Y,1.3832,6,JGB100(20)|JGB101(20)|JGB157(5)|JGB158(5)|JGB350(10)|JGB483(2),1.936,1.969
2026-04-13,5Y,1.8568,5,JGB125(20)|JGB126(20)|JGB127(20)|JGB184(5)|JGB362(10),4.934,4.934
2026-04-13,10Y,2.4303,3,JGB156(20)|JGB22(30)|JGB382(10),9.936,9.936
2026-04-13,20Y,3.32,2,JGB WI(20)-04|JGB50(30),19.934,19.934
2026-04-13,30Y,3.6315,2,JGB9(40)|JGB90(30),29.936,29.936
2026-04-13,40Y,3.683,1,JGB18(40),38.935,38.935
2026-04-14,2Y,1.3747,6,JGB100(20)|JGB101(20)|JGB157(5)|JGB158(5)|JGB350(10)|JGB483(2),1.933,1.966
2026-04-14,5Y,1.8672,5,JGB125(20)|JGB126(20)|JGB127(20)|JGB184(5)|JGB362(10),4.931,4.931
2026-04-14,10Y,2.459,3,JGB156(20)|JGB22(30)|JGB382(10),9.933,9.933
2026-04-14,20Y,3.3705,2,JGB WI(20)-04|JGB50(30),19.932,19.932
2026-04-14,30Y,3.6895,2,JGB9(40)|JGB90(30),29.933,29.933
2026-04-14,40Y,3.724,1,JGB18(40),38.932,38.932
2026-04-15,2Y,1.3532,6,JGB100(20)|JGB101(20)|JGB157(5)|JGB158(5)|JGB350(10)|JGB483(2),1.93,1.963
2026-04-15,5Y,1.8316,5,JGB125(20)|JGB126(20)|JGB127(20)|JGB184(5)|JGB362(10),4.928,4.928
2026-04-15,10Y,2.414,3,JGB156(20)|JGB22(30)|JGB382(10),9.93,9.93
2026-04-15,20Y,3.293,2,JGB196(20)|JGB50(30),19.929,19.929
2026-04-15,30Y,3.6295,2,JGB9(40)|JGB90(30),29.93,29.93
2026-04-15,40Y,3.662,1,JGB18(40),38.93,38.93
2026-04-16,2Y,1.3533,6,JGB100(20)|JGB101(20)|JGB157(5)|JGB158(5)|JGB350(10)|JGB483(2),1.927,1.96
2026-04-16,5Y,1.828,5,JGB125(20)|JGB126(20)|JGB127(20)|JGB184(5)|JGB362(10),4.925,4.925
2026-04-16,10Y,2.405,3,JGB156(20)|JGB22(30)|JGB382(10),9.927,9.927
2026-04-16,20Y,3.268,2,JGB196(20)|JGB50(30),19.926,19.926
2026-04-16,30Y,3.602,2,JGB9(40)|JGB90(30),29.927,29.927
2026-04-16,40Y,3.64,1,JGB18(40),38.927,38.927
2026-04-17,2Y,1.3425,6,JGB100(20)|JGB101(20)|JGB157(5)|JGB158(5)|JGB350(10)|JGB483(2),1.925,1.958
2026-04-17,5Y,1.8196,5,JGB125(20)|JGB126(20)|JGB127(20)|JGB184(5)|JGB362(10),4.923,4.923
2026-04-17,10Y,2.4003,3,JGB156(20)|JGB22(30)|JGB382(10),9.925,9.925
2026-04-17,20Y,3.278,2,JGB196(20)|JGB50(30),19.923,19.923
2026-04-17,30Y,3.6165,2,JGB9(40)|JGB90(30),29.925,29.925
2026-04-17,40Y,3.669,1,JGB18(40),38.924,38.924
2026-04-20,2Y,1.363,1,JGB483(2),1.949,1.949
2026-04-20,5Y,1.848,1,JGB5(30),5.081,5.081
2026-04-20,10Y,2.416,3,JGB156(20)|JGB22(30)|JGB382(10),9.916,9.916
2026-04-20,20Y,3.288,2,JGB196(20)|JGB50(30),19.915,19.915
2026-04-20,30Y,3.6095,2,JGB9(40)|JGB90(30),29.916,29.916
2026-04-20,40Y,3.662,1,JGB18(40),38.916,38.916
2026-04-21,2Y,1.358,1,JGB483(2),1.947,1.947
2026-04-21,5Y,1.829,1,JGB5(30),5.079,5.079
2026-04-21,10Y,2.3957,3,JGB156(20)|JGB22(30)|JGB382(10),9.914,9.914
2026-04-21,20Y,3.259,2,JGB196(20)|JGB50(30),19.912,19.912
2026-04-21,30Y,3.5725,2,JGB9(40)|JGB90(30),29.914,29.914
2026-04-21,40Y,3.619,1,JGB18(40),38.913,38.913
2026-04-22,2Y,1.347,1,JGB483(2),1.944,1.944
2026-04-22,5Y,1.823,1,JGB5(30),5.076,5.076
2026-04-22,10Y,2.3813,3,JGB156(20)|JGB22(30)|JGB382(10),9.911,9.911
2026-04-22,20Y,3.247,2,JGB196(20)|JGB50(30),19.91,19.91
2026-04-22,30Y,3.5695,2,JGB9(40)|JGB90(30),29.911,29.911
2026-04-22,40Y,3.614,1,JGB18(40),38.91,38.91
2026-04-23,2Y,1.352,1,JGB483(2),1.941,1.941
2026-04-23,5Y,1.835,1,JGB5(30),5.073,5.073
2026-04-23,10Y,2.3953,3,JGB156(20)|JGB22(30)|JGB382(10),9.908,9.908
2026-04-23,20Y,3.2615,2,JGB196(20)|JGB50(30),19.907,19.907
2026-04-23,30Y,3.5875,2,JGB9(40)|JGB90(30),29.908,29.908
2026-04-23,40Y,3.618,1,JGB18(40),38.908,38.908
2026-04-24,2Y,1.361,2,JGB WI(2)-05|JGB483(2),1.938,2.021
2026-04-24,5Y,1.849,1,JGB5(30),5.07,5.07
2026-04-24,10Y,2.418,3,JGB156(20)|JGB22(30)|JGB382(10),9.906,9.906
2026-04-24,20Y,3.2915,2,JGB196(20)|JGB50(30),19.904,19.904
2026-04-24,30Y,3.62,2,JGB9(40)|JGB90(30),29.906,29.906
2026-04-24,40Y,3.647,1,JGB18(40),38.905,38.905
2026-04-27,2Y,1.3635,2,JGB WI(2)-05|JGB483(2),1.93,2.012
2026-04-27,5Y,1.849,1,JGB5(30),5.062,5.062
2026-04-27,10Y,2.431,3,JGB156(20)|JGB22(30)|JGB382(10),9.897,9.897
2026-04-27,20Y,3.3115,2,JGB196(20)|JGB50(30),19.896,19.896
2026-04-27,30Y,3.649,2,JGB9(40)|JGB90(30),29.897,29.897
2026-04-27,40Y,3.68,1,JGB18(40),38.897,38.897
2026-04-28,2Y,1.373,2,JGB WI(2)-05|JGB483(2),1.927,2.01
2026-04-28,5Y,1.869,1,JGB5(30),5.06,5.06
2026-04-28,10Y,2.4637,3,JGB156(20)|JGB22(30)|JGB382(10),9.895,9.895
2026-04-28,20Y,3.341,2,JGB196(20)|JGB50(30),19.893,19.893
2026-04-28,30Y,3.664,2,JGB9(40)|JGB90(30),29.895,29.895
2026-04-28,40Y,3.691,1,JGB18(40),38.894,38.894
2026-04-30,2Y,1.384,2,JGB WI(2)-05|JGB483(2),1.922,2.004
2026-04-30,5Y,1.873,1,JGB5(30),5.054,5.054
2026-04-30,10Y,2.4547,3,JGB156(20)|JGB22(30)|JGB382(10),9.889,9.889
2026-04-30,20Y,3.3215,2,JGB196(20)|JGB50(30),19.888,19.888
2026-04-30,30Y,3.639,2,JGB9(40)|JGB90(30),29.889,29.889
2026-04-30,40Y,3.676,1,JGB18(40),38.888,38.888
2026-05-01,2Y,1.389,2,JGB483(2)|JGB484(2),1.919,2.001
2026-05-01,5Y,1.91,1,JGB5(30),5.051,5.051
2026-05-01,10Y,2.5057,3,JGB156(20)|JGB22(30)|JGB382(10),9.886,9.886
2026-05-01,20Y,3.3945,2,JGB196(20)|JGB50(30),19.885,19.885
2026-05-01,30Y,3.705,2,JGB9(40)|JGB90(30),29.886,29.886
2026-05-01,40Y,3.76,1,JGB18(40),38.886,38.886
2026-05-07,2Y,1.384,1,JGB484(2),1.985,1.985
2026-05-07,5Y,1.893,1,JGB5(30),5.035,5.035
2026-05-07,10Y,2.525,2,JGB157(20)|JGB23(30),10.122,10.122
2026-05-07,20Y,3.39,1,JGB51(30),20.12,20.12
2026-05-07,30Y,3.6935,2,JGB9(40)|JGB90(30),29.87,29.87
2026-05-07,40Y,3.748,1,JGB18(40),38.869,38.869
2026-05-08,2Y,1.369,1,JGB484(2),1.982,1.982
2026-05-08,5Y,1.867,1,JGB5(30),5.032,5.032
2026-05-08,10Y,2.497,2,JGB157(20)|JGB23(30),10.119,10.119
2026-05-08,20Y,3.382,1,JGB51(30),20.118,20.118
2026-05-08,30Y,3.7107,3,JGB WI(30)-05|JGB9(40)|JGB90(30),29.867,29.867
2026-05-08,40Y,3.763,1,JGB18(40),38.867,38.867
2026-05-11,2Y,1.374,1,JGB484(2),1.974,1.974
2026-05-11,5Y,1.873,1,JGB5(30),5.024,5.024
2026-05-11,10Y,2.4965,2,JGB157(20)|JGB23(30),10.111,10.111
2026-05-11,20Y,3.379,1,JGB51(30),20.11,20.11
2026-05-11,30Y,3.7013,3,JGB WI(30)-05|JGB9(40)|JGB90(30),29.859,29.859
2026-05-11,40Y,3.756,1,JGB18(40),38.858,38.858
2026-05-12,2Y,1.389,1,JGB484(2),1.971,1.971
2026-05-12,5Y,1.902,1,JGB5(30),5.021,5.021
2026-05-12,10Y,2.5425,2,JGB157(20)|JGB23(30),10.108,10.108
2026-05-12,20Y,3.419,1,JGB51(30),20.107,20.107
2026-05-12,30Y,3.7373,3,JGB WI(30)-05|JGB9(40)|JGB90(30),29.856,29.856
2026-05-12,40Y,3.792,1,JGB18(40),38.856,38.856
2026-05-13,2Y,1.394,1,JGB484(2),1.969,1.969
2026-05-13,5Y,1.925,1,JGB5(30),5.018,5.018
2026-05-13,10Y,2.563,2,JGB157(20)|JGB23(30),10.105,10.105
2026-05-13,20Y,3.452,1,JGB51(30),20.104,20.104
2026-05-13,30Y,3.7767,3,JGB WI(30)-05|JGB9(40)|JGB90(30),29.854,29.854
2026-05-13,40Y,3.831,1,JGB18(40),38.853,38.853
2026-05-14,2Y,1.394,1,JGB484(2),1.966,1.966
2026-05-14,5Y,1.945,1,JGB5(30),5.016,5.016
2026-05-14,10Y,2.598,2,JGB157(20)|JGB23(30),10.103,10.103
2026-05-14,20Y,3.476,1,JGB51(30),20.101,20.101
2026-05-14,30Y,3.781,3,JGB WI(30)-05|JGB9(40)|JGB90(30),29.851,29.851
2026-05-14,40Y,3.824,1,JGB18(40),38.85,38.85
2026-05-15,2Y,1.4,1,JGB484(2),1.963,1.963
2026-05-15,5Y,1.96,1,JGB5(30),5.013,5.013
2026-05-15,10Y,2.639,2,JGB157(20)|JGB23(30),10.1,10.1
2026-05-15,20Y,3.531,1,JGB51(30),20.099,20.099
2026-05-15,30Y,3.8465,2,JGB9(40)|JGB90(30),29.848,29.848
2026-05-15,40Y,3.881,1,JGB18(40),38.847,38.847
2026-05-18,2Y,1.405,1,JGB484(2),1.955,1.955
2026-05-18,5Y,1.999,1,JGB5(30),5.005,5.005
2026-05-18,10Y,2.705,2,JGB157(20)|JGB23(30),10.092,10.092
2026-05-18,20Y,3.605,1,JGB51(30),20.09,20.09
2026-05-18,30Y,3.907,2,JGB9(40)|JGB90(30),29.84,29.84
2026-05-18,40Y,3.928,1,JGB18(40),38.839,38.839
2026-05-19,2Y,1.42,1,JGB484(2),1.952,1.952
2026-05-19,5Y,2.01,1,JGB5(30),5.002,5.002
2026-05-19,10Y,2.7415,2,JGB157(20)|JGB23(30),10.089,10.089
2026-05-19,20Y,3.669,1,JGB51(30),20.088,20.088
2026-05-19,30Y,3.9885,2,JGB9(40)|JGB90(30),29.837,29.837
2026-05-19,40Y,4.016,1,JGB18(40),38.836,38.836
2026-05-20,2Y,1.441,1,JGB484(2),1.949,1.949
2026-05-20,5Y,2.043,1,JGB5(30),4.999,4.999
2026-05-20,10Y,2.7945,2,JGB157(20)|JGB23(30),10.086,10.086
2026-05-20,20Y,3.722,1,JGB51(30),20.085,20.085
2026-05-20,30Y,4.032,2,JGB9(40)|JGB90(30),29.834,29.834
2026-05-20,40Y,4.053,1,JGB18(40),38.834,38.834
2026-05-21,2Y,1.452,1,JGB484(2),1.947,1.947
2026-05-21,5Y,2.0557,4,JGB128(20)|JGB129(20)|JGB363(10)|JGB5(30),4.997,5.081
2026-05-21,10Y,2.7795,2,JGB157(20)|JGB23(30),10.084,10.084
2026-05-21,20Y,3.691,1,JGB51(30),20.082,20.082
2026-05-21,30Y,3.9865,2,JGB9(40)|JGB90(30),29.832,29.832
2026-05-21,40Y,4.005,1,JGB WI(40)-05,39.83,39.83
2026-05-22,2Y,1.4518,8,JGB102(20)|JGB103(20)|JGB104(20)|JGB159(5)|JGB160(5)|JGB161(5)|JGB351(10)|JGB484(2),1.944,2.081
2026-05-22,5Y,2.0328,4,JGB128(20)|JGB129(20)|JGB363(10)|JGB5(30),4.994,5.079
2026-05-22,10Y,2.7565,2,JGB157(20)|JGB23(30),10.081,10.081
2026-05-22,20Y,3.652,1,JGB51(30),20.079,20.079
2026-05-22,30Y,3.931,2,JGB9(40)|JGB90(30),29.829,29.829
2026-05-22,40Y,3.95,1,JGB WI(40)-05,39.828,39.828
2026-05-25,2Y,1.4432,9,JGB WI(2)-06|JGB102(20)|JGB103(20)|JGB104(20)|JGB159(5)|JGB160(5)|JGB161(5)|JGB351(10)|JGB484(2),1.936,2.073
2026-05-25,5Y,2.0315,4,JGB128(20)|JGB129(20)|JGB363(10)|JGB5(30),4.986,5.07
2026-05-25,10Y,2.755,2,JGB157(20)|JGB23(30),10.073,10.073
2026-05-25,20Y,3.648,1,JGB51(30),20.071,20.071
2026-05-25,30Y,3.9235,2,JGB9(40)|JGB90(30),29.821,29.821
2026-05-25,40Y,3.935,1,JGB WI(40)-05,39.819,39.819
2026-05-26,2Y,1.4133,9,JGB WI(2)-06|JGB102(20)|JGB103(20)|JGB104(20)|JGB159(5)|JGB160(5)|JGB161(5)|JGB351(10)|JGB484(2),1.933,2.07
2026-05-26,5Y,1.9855,4,JGB128(20)|JGB129(20)|JGB363(10)|JGB5(30),4.983,5.068
2026-05-26,10Y,2.693,2,JGB157(20)|JGB23(30),10.07,10.07
2026-05-26,20Y,3.581,1,JGB51(30),20.068,20.068
2026-05-26,30Y,3.872,2,JGB9(40)|JGB90(30),29.818,29.818
2026-05-26,40Y,3.88,1,JGB WI(40)-05,39.817,39.817
2026-05-27,2Y,1.4138,9,JGB WI(2)-06|JGB102(20)|JGB103(20)|JGB104(20)|JGB159(5)|JGB160(5)|JGB161(5)|JGB351(10)|JGB484(2),1.93,2.067
2026-05-27,5Y,1.9992,4,JGB128(20)|JGB129(20)|JGB363(10)|JGB5(30),4.98,5.065
2026-05-27,10Y,2.7205,2,JGB157(20)|JGB23(30),10.067,10.067
2026-05-27,20Y,3.593,1,JGB51(30),20.066,20.066
2026-05-27,30Y,3.86,2,JGB9(40)|JGB90(30),29.815,29.815
2026-05-27,40Y,3.84,1,JGB WI(40)-05,39.814,39.814
2026-05-28,2Y,1.3924,9,JGB WI(2)-06|JGB102(20)|JGB103(20)|JGB104(20)|JGB159(5)|JGB160(5)|JGB161(5)|JGB351(10)|JGB484(2),1.927,2.064
2026-05-28,5Y,1.9643,4,JGB128(20)|JGB129(20)|JGB363(10)|JGB5(30),4.977,5.062
2026-05-28,10Y,2.693,2,JGB157(20)|JGB23(30),10.064,10.064
2026-05-28,20Y,3.573,1,JGB51(30),20.063,20.063
2026-05-28,30Y,3.851,2,JGB9(40)|JGB90(30),29.812,29.812
2026-05-28,40Y,3.8,1,JGB19(40),39.811,39.811
2026-05-29,2Y,1.3656,9,JGB WI(2)-06|JGB102(20)|JGB103(20)|JGB104(20)|JGB159(5)|JGB160(5)|JGB161(5)|JGB351(10)|JGB484(2),1.925,2.062
2026-05-29,5Y,1.9438,4,JGB128(20)|JGB129(20)|JGB363(10)|JGB5(30),4.975,5.06
2026-05-29,10Y,2.702,2,JGB157(20)|JGB23(30),10.062,10.062
2026-05-29,20Y,3.597,1,JGB51(30),20.06,20.06
2026-05-29,30Y,3.889,2,JGB9(40)|JGB90(30),29.81,29.81
2026-05-29,40Y,3.822,1,JGB19(40),39.808,39.808
2026-06-01,2Y,1.3818,8,JGB102(20)|JGB103(20)|JGB104(20)|JGB159(5)|JGB160(5)|JGB161(5)|JGB351(10)|JGB485(2),2.001,2.053
2026-06-01,5Y,1.916,4,JGB128(20)|JGB129(20)|JGB363(10)|JGB5(30),4.966,5.051
2026-06-01,10Y,2.659,2,JGB157(20)|JGB23(30),10.053,10.053
2026-06-01,20Y,3.554,1,JGB51(30),20.052,20.052
2026-06-01,30Y,3.852,2,JGB9(40)|JGB90(30),29.802,29.802
2026-06-01,40Y,3.8,1,JGB19(40),39.8,39.8
2026-06-02,2Y,1.3954,8,JGB102(20)|JGB103(20)|JGB104(20)|JGB159(5)|JGB160(5)|JGB161(5)|JGB351(10)|JGB485(2),1.999,2.051
2026-06-02,5Y,1.9432,4,JGB128(20)|JGB129(20)|JGB363(10)|JGB5(30),4.964,5.049
2026-06-02,10Y,2.685,2,JGB157(20)|JGB23(30),10.051,10.051
2026-06-02,20Y,3.571,1,JGB51(30),20.049,20.049
2026-06-02,30Y,3.8545,2,JGB9(40)|JGB90(30),29.799,29.799
2026-06-02,40Y,3.811,1,JGB19(40),39.797,39.797
2026-06-03,2Y,1.3746,8,JGB102(20)|JGB103(20)|JGB104(20)|JGB159(5)|JGB160(5)|JGB161(5)|JGB351(10)|JGB485(2),1.996,2.048
2026-06-03,5Y,1.8862,4,JGB128(20)|JGB129(20)|JGB363(10)|JGB5(30),4.961,5.046
2026-06-03,10Y,2.5825,2,JGB157(20)|JGB23(30),10.048,10.048
2026-06-03,20Y,3.5,1,JGB51(30),20.047,20.047
2026-06-03,30Y,3.7975,2,JGB9(40)|JGB90(30),29.796,29.796
2026-06-03,40Y,3.757,1,JGB19(40),39.795,39.795
2026-06-04,2Y,1.4019,8,JGB102(20)|JGB103(20)|JGB104(20)|JGB159(5)|JGB160(5)|JGB161(5)|JGB351(10)|JGB485(2),1.993,2.045
2026-06-04,5Y,1.9372,4,JGB128(20)|JGB129(20)|JGB363(10)|JGB5(30),4.958,5.043
2026-06-04,10Y,2.651,2,JGB157(20)|JGB23(30),10.045,10.045
2026-06-04,20Y,3.524,1,JGB51(30),20.044,20.044
2026-06-04,30Y,3.8113,3,JGB WI(30)-06|JGB9(40)|JGB90(30),29.793,29.793
2026-06-04,40Y,3.761,1,JGB19(40),39.792,39.792
2026-06-05,2Y,1.421,8,JGB102(20)|JGB103(20)|JGB104(20)|JGB159(5)|JGB160(5)|JGB161(5)|JGB351(10)|JGB485(2),1.99,2.042
2026-06-05,5Y,1.9615,4,JGB128(20)|JGB129(20)|JGB363(10)|JGB5(30),4.956,5.04
2026-06-05,10Y,2.6785,2,JGB157(20)|JGB23(30),10.042,10.042
2026-06-05,20Y,3.555,1,JGB51(30),20.041,20.041
2026-06-05,30Y,3.8273,3,JGB WI(30)-06|JGB9(40)|JGB90(30),29.791,29.791
2026-06-05,40Y,3.761,1,JGB19(40),39.789,39.789
2026-06-08,2Y,1.4158,8,JGB102(20)|JGB103(20)|JGB104(20)|JGB159(5)|JGB160(5)|JGB161(5)|JGB351(10)|JGB485(2),1.982,2.034
2026-06-08,5Y,1.9457,4,JGB128(20)|JGB129(20)|JGB363(10)|JGB5(30),4.947,5.032
2026-06-08,10Y,2.676,2,JGB157(20)|JGB23(30),10.034,10.034
2026-06-08,20Y,3.553,1,JGB51(30),20.033,20.033
2026-06-08,30Y,3.8367,3,JGB WI(30)-06|JGB9(40)|JGB90(30),29.782,29.782
2026-06-08,40Y,3.765,1,JGB19(40),39.781,39.781
2026-06-09,2Y,1.4212,8,JGB102(20)|JGB103(20)|JGB104(20)|JGB159(5)|JGB160(5)|JGB161(5)|JGB351(10)|JGB485(2),1.979,2.031
2026-06-09,5Y,1.965,4,JGB128(20)|JGB129(20)|JGB363(10)|JGB5(30),4.945,5.029
2026-06-09,10Y,2.72,2,JGB157(20)|JGB23(30),10.031,10.031
2026-06-09,20Y,3.605,1,JGB51(30),20.03,20.03
2026-06-09,30Y,3.874,3,JGB WI(30)-06|JGB9(40)|JGB90(30),29.78,29.78
2026-06-09,40Y,3.8,1,JGB19(40),39.778,39.778
2026-06-10,2Y,1.4174,8,JGB102(20)|JGB103(20)|JGB104(20)|JGB159(5)|JGB160(5)|JGB161(5)|JGB351(10)|JGB485(2),1.977,2.029
2026-06-10,5Y,1.9478,4,JGB128(20)|JGB129(20)|JGB363(10)|JGB5(30),4.942,5.027
2026-06-10,10Y,2.6675,2,JGB157(20)|JGB23(30),10.029,10.029
2026-06-10,20Y,3.547,1,JGB51(30),20.027,20.027
2026-06-10,30Y,3.824,3,JGB WI(30)-06|JGB9(40)|JGB90(30),29.777,29.777
2026-06-10,40Y,3.769,1,JGB19(40),39.775,39.775
2026-06-11,2Y,1.4227,8,JGB102(20)|JGB103(20)|JGB104(20)|JGB159(5)|JGB160(5)|JGB161(5)|JGB351(10)|JGB485(2),1.974,2.026
2026-06-11,5Y,1.9585,4,JGB128(20)|JGB129(20)|JGB363(10)|JGB5(30),4.939,5.024
2026-06-11,10Y,2.679,2,JGB157(20)|JGB23(30),10.026,10.026
2026-06-11,20Y,3.541,1,JGB51(30),20.025,20.025
2026-06-11,30Y,3.8055,2,JGB9(40)|JGB90(30),29.774,29.774
2026-06-11,40Y,3.748,1,JGB19(40),39.773,39.773
2026-06-12,2Y,1.422,8,JGB102(20)|JGB103(20)|JGB104(20)|JGB159(5)|JGB160(5)|JGB161(5)|JGB351(10)|JGB485(2),1.971,2.023
2026-06-12,5Y,1.954,4,JGB128(20)|JGB129(20)|JGB363(10)|JGB5(30),4.936,5.021
2026-06-12,10Y,2.6855,2,JGB157(20)|JGB23(30),10.023,10.023
2026-06-12,20Y,3.554,1,JGB51(30),20.022,20.022
2026-06-12,30Y,3.814,2,JGB9(40)|JGB90(30),29.771,29.771
2026-06-12,40Y,3.779,1,JGB19(40),39.77,39.77
2026-06-15,2Y,1.4127,8,JGB102(20)|JGB103(20)|JGB104(20)|JGB159(5)|JGB160(5)|JGB161(5)|JGB351(10)|JGB485(2),1.963,2.015
2026-06-15,5Y,1.9287,4,JGB128(20)|JGB129(20)|JGB363(10)|JGB5(30),4.928,5.013
2026-06-15,10Y,2.6435,2,JGB157(20)|JGB23(30),10.015,10.015
2026-06-15,20Y,3.513,1,JGB51(30),20.014,20.014
2026-06-15,30Y,3.7635,2,JGB9(40)|JGB90(30),29.763,29.763
2026-06-15,40Y,3.721,1,JGB19(40),39.762,39.762
2026-06-16,2Y,1.3969,8,JGB102(20)|JGB103(20)|JGB104(20)|JGB159(5)|JGB160(5)|JGB161(5)|JGB351(10)|JGB485(2),1.96,2.012
2026-06-16,5Y,1.894,4,JGB128(20)|JGB129(20)|JGB363(10)|JGB5(30),4.925,5.01
2026-06-16,10Y,2.589,2,JGB157(20)|JGB23(30),10.012,10.012
2026-06-16,20Y,3.464,1,JGB51(30),20.011,20.011
2026-06-16,30Y,3.719,2,JGB9(40)|JGB90(30),29.76,29.76
2026-06-16,40Y,3.683,1,JGB19(40),39.759,39.759
2026-06-17,2Y,1.4112,8,JGB102(20)|JGB103(20)|JGB104(20)|JGB159(5)|JGB160(5)|JGB161(5)|JGB351(10)|JGB485(2),1.958,2.01
2026-06-17,5Y,1.9405,4,JGB128(20)|JGB129(20)|JGB363(10)|JGB5(30),4.923,5.008
2026-06-17,10Y,2.656,2,JGB157(20)|JGB23(30),10.01,10.01
2026-06-17,20Y,3.521,1,JGB51(30),20.008,20.008
2026-06-17,30Y,3.74,2,JGB9(40)|JGB90(30),29.758,29.758
2026-06-17,40Y,3.703,1,JGB19(40),39.756,39.756
2026-06-18,2Y,1.3894,8,JGB102(20)|JGB103(20)|JGB104(20)|JGB159(5)|JGB160(5)|JGB161(5)|JGB351(10)|JGB485(2),1.955,2.007
2026-06-18,5Y,1.894,4,JGB128(20)|JGB129(20)|JGB363(10)|JGB5(30),4.92,5.005
2026-06-18,10Y,2.612,2,JGB157(20)|JGB23(30),10.007,10.007
2026-06-18,20Y,3.49,1,JGB51(30),20.005,20.005
2026-06-18,30Y,3.7025,2,JGB9(40)|JGB90(30),29.755,29.755
2026-06-18,40Y,3.664,1,JGB19(40),39.754,39.754
2026-06-19,2Y,1.3884,8,JGB102(20)|JGB103(20)|JGB104(20)|JGB159(5)|JGB160(5)|JGB161(5)|JGB351(10)|JGB485(2),1.952,2.004
2026-06-19,5Y,1.8963,3,JGB128(20)|JGB129(20)|JGB363(10),5.002,5.002
2026-06-19,10Y,2.6255,2,JGB157(20)|JGB23(30),10.004,10.004
2026-06-19,20Y,3.513,1,JGB51(30),20.003,20.003
2026-06-19,30Y,3.725,2,JGB9(40)|JGB90(30),29.752,29.752
2026-06-19,40Y,3.69,1,JGB19(40),39.751,39.751
2026-06-22,2Y,1.4016,8,JGB102(20)|JGB103(20)|JGB104(20)|JGB159(5)|JGB160(5)|JGB161(5)|JGB351(10)|JGB485(2),1.944,1.996
2026-06-22,5Y,1.9213,3,JGB128(20)|JGB129(20)|JGB363(10),4.994,4.994
2026-06-22,10Y,2.6475,2,JGB157(20)|JGB23(30),9.996,9.996
2026-06-22,20Y,3.549,1,JGB51(30),19.995,19.995
2026-06-22,30Y,3.772,2,JGB9(40)|JGB90(30),29.744,29.744
2026-06-22,40Y,3.749,1,JGB19(40),39.743,39.743
2026-06-23,2Y,1.4076,8,JGB102(20)|JGB103(20)|JGB104(20)|JGB159(5)|JGB160(5)|JGB161(5)|JGB351(10)|JGB485(2),1.941,1.993
2026-06-23,5Y,1.938,3,JGB128(20)|JGB129(20)|JGB363(10),4.991,4.991
2026-06-23,10Y,2.669,2,JGB157(20)|JGB23(30),9.993,9.993
2026-06-23,20Y,3.559,1,JGB51(30),19.992,19.992
2026-06-23,30Y,3.7805,2,JGB9(40)|JGB90(30),29.741,29.741
2026-06-23,40Y,3.777,1,JGB19(40),39.74,39.74
2026-06-24,2Y,1.42,9,JGB WI(2)-07|JGB102(20)|JGB103(20)|JGB104(20)|JGB159(5)|JGB160(5)|JGB161(5)|JGB351(10)|JGB485(2),1.938,2.021
2026-06-24,5Y,1.9427,3,JGB128(20)|JGB129(20)|JGB363(10),4.988,4.988
2026-06-24,10Y,2.677,2,JGB157(20)|JGB23(30),9.99,9.99
2026-06-24,20Y,3.552,1,JGB51(30),19.989,19.989
2026-06-24,30Y,3.774,2,JGB9(40)|JGB90(30),29.739,29.739
2026-06-24,40Y,3.769,1,JGB19(40),39.737,39.737
2026-06-25,2Y,1.4209,9,JGB WI(2)-07|JGB102(20)|JGB103(20)|JGB104(20)|JGB159(5)|JGB160(5)|JGB161(5)|JGB351(10)|JGB485(2),1.936,2.018
2026-06-25,5Y,1.9397,3,JGB128(20)|JGB129(20)|JGB363(10),4.986,4.986
2026-06-25,10Y,2.6645,2,JGB157(20)|JGB23(30),9.988,9.988
2026-06-25,20Y,3.551,1,JGB51(30),19.986,19.986
2026-06-25,30Y,3.7855,2,JGB9(40)|JGB90(30),29.736,29.736
2026-06-25,40Y,3.784,1,JGB19(40),39.734,39.734
2026-06-26,2Y,1.4099,9,JGB WI(2)-07|JGB102(20)|JGB103(20)|JGB104(20)|JGB159(5)|JGB160(5)|JGB161(5)|JGB351(10)|JGB485(2),1.933,2.015
2026-06-26,5Y,1.9067,3,JGB128(20)|JGB129(20)|JGB363(10),4.983,4.983
2026-06-26,10Y,2.627,3,JGB WI(10)-07|JGB157(20)|JGB23(30),9.985,9.985
2026-06-26,20Y,3.528,1,JGB51(30),19.984,19.984
2026-06-26,30Y,3.7595,2,JGB9(40)|JGB90(30),29.733,29.733
2026-06-26,40Y,3.734,1,JGB19(40),39.732,39.732
2026-06-29,2Y,1.4032,9,JGB WI(2)-07|JGB102(20)|JGB103(20)|JGB104(20)|JGB159(5)|JGB160(5)|JGB161(5)|JGB351(10)|JGB485(2),1.925,2.007
2026-06-29,5Y,1.8963,3,JGB128(20)|JGB129(20)|JGB363(10),4.975,4.975
2026-06-29,10Y,2.6047,3,JGB WI(10)-07|JGB157(20)|JGB23(30),9.977,9.977
2026-06-29,20Y,3.506,1,JGB51(30),19.975,19.975
2026-06-29,30Y,3.7365,2,JGB9(40)|JGB90(30),29.725,29.725
2026-06-29,40Y,3.702,1,JGB19(40),39.723,39.723
2026-06-30,2Y,1.4009,9,JGB WI(2)-07|JGB102(20)|JGB103(20)|JGB104(20)|JGB159(5)|JGB160(5)|JGB161(5)|JGB351(10)|JGB485(2),1.922,2.004
2026-06-30,5Y,1.8967,3,JGB128(20)|JGB129(20)|JGB363(10),4.972,4.972
2026-06-30,10Y,2.6373,3,JGB WI(10)-07|JGB157(20)|JGB23(30),9.974,9.974
2026-06-30,20Y,3.537,1,JGB51(30),19.973,19.973
2026-06-30,30Y,3.768,2,JGB9(40)|JGB90(30),29.722,29.722
2026-06-30,40Y,3.726,1,JGB19(40),39.721,39.721
2026-07-01,2Y,1.3724,9,JGB102(20)|JGB103(20)|JGB104(20)|JGB159(5)|JGB160(5)|JGB161(5)|JGB351(10)|JGB485(2)|JGB486(2),1.919,2.001
2026-07-01,5Y,1.9157,3,JGB128(20)|JGB129(20)|JGB363(10),4.969,4.969
2026-07-01,10Y,2.6853,3,JGB WI(10)-07|JGB157(20)|JGB23(30),9.971,9.971
2026-07-01,20Y,3.622,1,JGB51(30),19.97,19.97
2026-07-01,30Y,3.89,1,JGB WI(30)-07,29.971,29.971
2026-07-01,40Y,3.803,1,JGB19(40),39.718,39.718
2026-07-02,2Y,1.394,8,JGB102(20)|JGB103(20)|JGB104(20)|JGB159(5)|JGB160(5)|JGB161(5)|JGB351(10)|JGB486(2),1.969,1.999
2026-07-02,5Y,1.9357,3,JGB128(20)|JGB129(20)|JGB363(10),4.966,4.966
2026-07-02,10Y,2.7027,3,JGB WI(10)-07|JGB157(20)|JGB23(30),9.969,9.969
2026-07-02,20Y,3.628,1,JGB51(30),19.967,19.967
2026-07-02,30Y,3.9,1,JGB WI(30)-07,29.969,29.969
2026-07-02,40Y,3.796,1,JGB19(40),39.715,39.715
2026-07-03,2Y,1.3931,8,JGB102(20)|JGB103(20)|JGB104(20)|JGB159(5)|JGB160(5)|JGB161(5)|JGB351(10)|JGB486(2),1.966,1.996
2026-07-03,5Y,1.9587,4,JGB WI(5)-07|JGB128(20)|JGB129(20)|JGB363(10),4.964,4.964
2026-07-03,10Y,2.7683,3,JGB157(20)|JGB23(30)|JGB383(10),9.966,9.966
2026-07-03,20Y,3.708,1,JGB51(30),19.964,19.964
2026-07-03,30Y,3.956,1,JGB WI(30)-07,29.966,29.966
2026-07-03,40Y,3.842,1,JGB19(40),39.713,39.713
2026-07-06,2Y,1.3896,8,JGB102(20)|JGB103(20)|JGB104(20)|JGB159(5)|JGB160(5)|JGB161(5)|JGB351(10)|JGB486(2),1.958,1.988
2026-07-06,5Y,1.9492,4,JGB WI(5)-07|JGB128(20)|JGB129(20)|JGB363(10),4.956,4.956
2026-07-06,10Y,2.761,3,JGB157(20)|JGB23(30)|JGB383(10),9.958,9.958
2026-07-06,20Y,3.699,1,JGB51(30),19.956,19.956
2026-07-06,30Y,3.955,1,JGB WI(30)-07,29.958,29.958
2026-07-06,40Y,3.854,1,JGB19(40),39.704,39.704
2026-07-07,2Y,1.3946,8,JGB102(20)|JGB103(20)|JGB104(20)|JGB159(5)|JGB160(5)|JGB161(5)|JGB351(10)|JGB486(2),1.955,1.985
2026-07-07,5Y,1.972,4,JGB WI(5)-07|JGB128(20)|JGB129(20)|JGB363(10),4.953,4.953
2026-07-07,10Y,2.815,3,JGB157(20)|JGB23(30)|JGB383(10),9.955,9.955
2026-07-07,20Y,3.745,1,JGB51(30),19.953,19.953
2026-07-07,30Y,3.99,1,JGB WI(30)-07,29.955,29.955
2026-07-07,40Y,3.896,1,JGB19(40),39.702,39.702
2026-07-08,2Y,1.4024,8,JGB102(20)|JGB103(20)|JGB104(20)|JGB159(5)|JGB160(5)|JGB161(5)|JGB351(10)|JGB486(2),1.952,1.982
2026-07-08,5Y,1.986,4,JGB WI(5)-07|JGB128(20)|JGB129(20)|JGB363(10),4.95,4.95
2026-07-08,10Y,2.8257,3,JGB157(20)|JGB23(30)|JGB383(10),9.952,9.952
2026-07-08,20Y,3.7485,2,JGB WI(20)-07|JGB51(30),19.951,19.951
2026-07-08,30Y,3.953,1,JGB91(30),29.952,29.952
2026-07-08,40Y,3.9,1,JGB19(40),39.699,39.699
2026-07-09,2Y,1.4296,8,JGB102(20)|JGB103(20)|JGB104(20)|JGB159(5)|JGB160(5)|JGB161(5)|JGB351(10)|JGB486(2),1.949,1.979
2026-07-09,5Y,2.0175,4,JGB WI(5)-07|JGB128(20)|JGB129(20)|JGB363(10),4.947,4.947
2026-07-09,10Y,2.8467,3,JGB157(20)|JGB23(30)|JGB383(10),9.949,9.949
2026-07-09,20Y,3.795,2,JGB WI(20)-07|JGB51(30),19.948,19.948
2026-07-09,30Y,4.0,1,JGB91(30),29.949,29.949
2026-07-09,40Y,3.956,1,JGB19(40),39.696,39.696
2026-07-10,2Y,1.4378,8,JGB102(20)|JGB103(20)|JGB104(20)|JGB159(5)|JGB160(5)|JGB161(5)|JGB351(10)|JGB486(2),1.947,1.977
2026-07-10,5Y,2.0275,4,JGB128(20)|JGB129(20)|JGB186(5)|JGB363(10),4.945,4.945
2026-07-10,10Y,2.8563,3,JGB157(20)|JGB23(30)|JGB383(10),9.947,9.947
2026-07-10,20Y,3.7905,2,JGB WI(20)-07|JGB51(30),19.945,19.945
2026-07-10,30Y,4.016,1,JGB91(30),29.947,29.947
2026-07-10,40Y,3.98,1,JGB19(40),39.693,39.693
2026-07-13,2Y,1.4296,8,JGB102(20)|JGB103(20)|JGB104(20)|JGB159(5)|JGB160(5)|JGB161(5)|JGB351(10)|JGB486(2),1.938,1.969
2026-07-13,5Y,1.9813,4,JGB128(20)|JGB129(20)|JGB186(5)|JGB363(10),4.936,4.936
2026-07-13,10Y,2.7533,3,JGB157(20)|JGB23(30)|JGB383(10),9.938,9.938
2026-07-13,20Y,3.6985,2,JGB WI(20)-07|JGB51(30),19.937,19.937
2026-07-13,30Y,3.941,1,JGB91(30),29.938,29.938
2026-07-13,40Y,3.904,1,JGB19(40),39.685,39.685
2026-07-14,2Y,1.4435,8,JGB102(20)|JGB103(20)|JGB104(20)|JGB159(5)|JGB160(5)|JGB161(5)|JGB351(10)|JGB486(2),1.936,1.966
2026-07-14,5Y,1.995,4,JGB128(20)|JGB129(20)|JGB186(5)|JGB363(10),4.934,4.934
2026-07-14,10Y,2.776,3,JGB157(20)|JGB23(30)|JGB383(10),9.936,9.936
2026-07-14,20Y,3.6955,2,JGB WI(20)-07|JGB51(30),19.934,19.934
2026-07-14,30Y,3.924,1,JGB91(30),29.936,29.936
2026-07-14,40Y,3.873,1,JGB19(40),39.682,39.682
2026-07-15,2Y,1.4295,8,JGB102(20)|JGB103(20)|JGB104(20)|JGB159(5)|JGB160(5)|JGB161(5)|JGB351(10)|JGB486(2),1.933,1.963
2026-07-15,5Y,1.9525,4,JGB128(20)|JGB129(20)|JGB186(5)|JGB363(10),4.931,4.931
2026-07-15,10Y,2.705,3,JGB157(20)|JGB23(30)|JGB383(10),9.933,9.933
2026-07-15,20Y,3.537,2,JGB197(20)|JGB51(30),19.932,19.932
2026-07-15,30Y,3.79,1,JGB91(30),29.933,29.933
2026-07-15,40Y,3.762,1,JGB19(40),39.68,39.68
2026-07-16,2Y,1.4292,8,JGB102(20)|JGB103(20)|JGB104(20)|JGB159(5)|JGB160(5)|JGB161(5)|JGB351(10)|JGB486(2),1.93,1.96
2026-07-16,5Y,1.9345,4,JGB128(20)|JGB129(20)|JGB186(5)|JGB363(10),4.928,4.928
2026-07-16,10Y,2.6857,3,JGB157(20)|JGB23(30)|JGB383(10),9.93,9.93
2026-07-16,20Y,3.5635,2,JGB197(20)|JGB51(30),19.929,19.929
2026-07-16,30Y,3.805,1,JGB91(30),29.93,29.93
2026-07-16,40Y,3.765,2,JGB WI(40)-07|JGB19(40),39.677,39.677
2026-07-17,2Y,1.4344,8,JGB102(20)|JGB103(20)|JGB104(20)|JGB159(5)|JGB160(5)|JGB161(5)|JGB351(10)|JGB486(2),1.927,1.958
2026-07-17,5Y,1.9498,4,JGB128(20)|JGB129(20)|JGB186(5)|JGB363(10),4.925,4.925
2026-07-17,10Y,2.708,3,JGB157(20)|JGB23(30)|JGB383(10),9.927,9.927
2026-07-17,20Y,3.611,2,JGB197(20)|JGB51(30),19.926,19.926
2026-07-17,30Y,3.865,1,JGB91(30),29.927,29.927
2026-07-17,40Y,3.819,2,JGB WI(40)-07|JGB19(40),39.674,39.674
2026-07-21,2Y,1.431,1,JGB486(2),1.947,1.947
2026-07-21,5Y,1.9325,4,JGB128(20)|JGB129(20)|JGB186(5)|JGB363(10),4.914,4.914
2026-07-21,10Y,2.7043,3,JGB157(20)|JGB23(30)|JGB383(10),9.916,9.916
2026-07-21,20Y,3.628,2,JGB197(20)|JGB51(30),19.915,19.915
2026-07-21,30Y,3.897,1,JGB91(30),29.916,29.916
2026-07-21,40Y,3.859,2,JGB WI(40)-07|JGB19(40),39.663,39.663
2026-07-22,2Y,1.436,1,JGB486(2),1.944,1.944
2026-07-22,5Y,1.9423,4,JGB128(20)|JGB129(20)|JGB186(5)|JGB363(10),4.912,4.912
2026-07-22,10Y,2.7177,3,JGB157(20)|JGB23(30)|JGB383(10),9.914,9.914
2026-07-22,20Y,3.6205,2,JGB197(20)|JGB51(30),19.912,19.912
2026-07-22,30Y,3.909,1,JGB91(30),29.914,29.914
2026-07-22,40Y,3.8695,2,JGB WI(40)-07|JGB19(40),39.661,39.661
2026-07-23,2Y,1.441,1,JGB486(2),1.941,1.941
2026-07-23,5Y,1.9613,4,JGB128(20)|JGB129(20)|JGB186(5)|JGB363(10),4.909,4.909
2026-07-23,10Y,2.731,3,JGB157(20)|JGB23(30)|JGB383(10),9.911,9.911
2026-07-23,20Y,3.6325,2,JGB197(20)|JGB51(30),19.91,19.91
2026-07-23,30Y,3.905,1,JGB91(30),29.911,29.911
2026-07-23,40Y,3.858,1,JGB19(40),39.658,39.658
2026-07-24,2Y,1.4995,2,JGB WI(2)-08|JGB486(2),1.938,2.023
2026-07-24,5Y,1.9983,4,JGB128(20)|JGB129(20)|JGB186(5)|JGB363(10),4.906,4.906
2026-07-24,10Y,2.7617,3,JGB157(20)|JGB23(30)|JGB383(10),9.908,9.908
2026-07-24,20Y,3.645,2,JGB197(20)|JGB51(30),19.907,19.907
2026-07-24,30Y,3.933,1,JGB91(30),29.908,29.908
2026-07-24,40Y,3.884,1,JGB19(40),39.655,39.655
2026-07-27,2Y,1.53,2,JGB WI(2)-08|JGB486(2),1.93,2.015
2026-07-27,5Y,2.0425,4,JGB128(20)|JGB129(20)|JGB186(5)|JGB363(10),4.898,4.898
2026-07-27,10Y,2.8017,3,JGB157(20)|JGB23(30)|JGB383(10),9.9,9.9
2026-07-27,20Y,3.6865,2,JGB197(20)|JGB51(30),19.899,19.899
2026-07-27,30Y,3.984,1,JGB91(30),29.9,29.9
2026-07-27,40Y,3.958,1,JGB19(40),39.647,39.647
2026-07-28,2Y,1.51,2,JGB WI(2)-08|JGB486(2),1.927,2.012
2026-07-28,5Y,2.0095,4,JGB128(20)|JGB129(20)|JGB186(5)|JGB363(10),4.895,4.895
2026-07-28,10Y,2.7623,3,JGB157(20)|JGB23(30)|JGB383(10),9.897,9.897
2026-07-28,20Y,3.6685,2,JGB197(20)|JGB51(30),19.896,19.896
2026-07-28,30Y,3.972,1,JGB91(30),29.897,29.897
2026-07-28,40Y,3.958,1,JGB19(40),39.644,39.644
2026-07-29,2Y,1.4995,2,JGB WI(2)-08|JGB486(2),1.925,2.01
2026-07-29,5Y,2.0017,4,JGB128(20)|JGB129(20)|JGB186(5)|JGB363(10),4.893,4.893
2026-07-29,10Y,2.7672,4,JGB WI(10)-08|JGB157(20)|JGB23(30)|JGB383(10),9.895,9.895
2026-07-29,20Y,3.6775,2,JGB197(20)|JGB51(30),19.893,19.893
2026-07-29,30Y,3.984,1,JGB91(30),29.895,29.895
2026-07-29,40Y,3.977,1,JGB19(40),39.641,39.641
2026-07-30,2Y,1.482,2,JGB WI(2)-08|JGB486(2),1.922,2.007
2026-07-30,5Y,1.9815,4,JGB128(20)|JGB129(20)|JGB186(5)|JGB363(10),4.89,4.89
2026-07-30,10Y,2.7405,4,JGB WI(10)-08|JGB157(20)|JGB23(30)|JGB383(10),9.892,9.892
2026-07-30,20Y,3.6405,2,JGB197(20)|JGB51(30),19.89,19.89
2026-07-30,30Y,3.944,1,JGB91(30),29.892,29.892
2026-07-30,40Y,3.949,1,JGB19(40),39.639,39.639
2026-07-31,2Y,1.4865,2,JGB486(2)|JGB487(2),1.919,2.004
2026-07-31,5Y,2.0152,4,JGB128(20)|JGB129(20)|JGB186(5)|JGB363(10),4.887,4.887
2026-07-31,10Y,2.785,4,JGB WI(10)-08|JGB157(20)|JGB23(30)|JGB383(10),9.889,9.889
2026-07-31,20Y,3.676,2,JGB197(20)|JGB51(30),19.888,19.888
2026-07-31,30Y,3.973,2,JGB WI(30)-08|JGB91(30),29.889,29.889
2026-07-31,40Y,3.976,1,JGB19(40),39.636,39.636
2026-08-03,2Y,1.505,1,JGB487(2),1.996,1.996
2026-08-03,5Y,2.0248,4,JGB128(20)|JGB129(20)|JGB186(5)|JGB363(10),4.879,4.879
2026-08-03,10Y,2.7828,4,JGB WI(10)-08|JGB157(20)|JGB23(30)|JGB383(10),9.881,9.881
2026-08-03,20Y,3.6875,2,JGB197(20)|JGB51(30),19.88,19.88
2026-08-03,30Y,3.984,2,JGB WI(30)-08|JGB91(30),29.881,29.881
2026-08-03,40Y,3.976,1,JGB19(40),39.628,39.628
2026-08-04,2Y,1.561,1,JGB487(2),1.993,1.993
2026-08-04,5Y,2.082,4,JGB128(20)|JGB129(20)|JGB186(5)|JGB363(10),4.876,4.876
2026-08-04,10Y,2.8075,4,JGB WI(10)-08|JGB157(20)|JGB23(30)|JGB383(10),9.878,9.878
2026-08-04,20Y,3.6905,2,JGB197(20)|JGB51(30),19.877,19.877
2026-08-04,30Y,3.984,2,JGB WI(30)-08|JGB91(30),29.878,29.878
2026-08-04,40Y,3.958,1,JGB19(40),39.625,39.625
2026-08-05,2Y,1.566,1,JGB487(2),1.99,1.99
2026-08-05,5Y,2.1107,3,JGB130(20)|JGB131(20)|JGB364(10),5.125,5.125
2026-08-05,10Y,2.8287,3,JGB157(20)|JGB23(30)|JGB383(10),9.875,9.875
2026-08-05,20Y,3.7123,3,JGB197(20)|JGB51(30)|JGB52(30),19.874,20.126
2026-08-05,30Y,3.9935,2,JGB WI(30)-08|JGB91(30),29.875,29.875
2026-08-05,40Y,3.973,1,JGB19(40),39.622,39.622
2026-08-06,2Y,1.566,1,JGB487(2),1.988,1.988
2026-08-06,5Y,2.0793,3,JGB130(20)|JGB131(20)|JGB364(10),5.123,5.123
2026-08-06,10Y,2.823,2,JGB158(20)|JGB24(30),10.125,10.125
2026-08-06,20Y,3.716,1,JGB52(30),20.123,20.123
2026-08-06,30Y,3.969,2,JGB WI(30)-08|JGB91(30),29.873,29.873
2026-08-06,40Y,3.961,1,JGB19(40),39.619,39.619
2026-08-07,2Y,1.561,1,JGB487(2),1.985,1.985
2026-08-07,5Y,2.051,3,JGB130(20)|JGB131(20)|JGB364(10),5.12,5.12
2026-08-07,10Y,2.7805,2,JGB158(20)|JGB24(30),10.122,10.122
2026-08-07,20Y,3.688,1,JGB52(30),20.12,20.12
2026-08-07,30Y,3.921,1,JGB91(30),29.87,29.87
2026-08-07,40Y,3.919,1,JGB19(40),39.617,39.617
2026-08-10,2Y,1.607,1,JGB487(2),1.977,1.977
2026-08-10,5Y,2.1013,3,JGB130(20)|JGB131(20)|JGB364(10),5.112,5.112
2026-08-10,10Y,2.8155,2,JGB158(20)|JGB24(30),10.114,10.114
2026-08-10,20Y,3.696,1,JGB52(30),20.112,20.112
2026-08-10,30Y,3.929,1,JGB91(30),29.862,29.862
2026-08-10,40Y,3.923,1,JGB19(40),39.608,39.608
2026-08-12,2Y,1.613,1,JGB487(2),1.971,1.971
2026-08-12,5Y,2.1113,3,JGB130(20)|JGB131(20)|JGB364(10),5.106,5.106
2026-08-12,10Y,2.826,2,JGB158(20)|JGB24(30),10.108,10.108
2026-08-12,20Y,3.72,1,JGB52(30),20.107,20.107
2026-08-12,30Y,3.96,1,JGB91(30),29.856,29.856
2026-08-12,40Y,3.961,1,JGB19(40),39.603,39.603
2026-08-13,2Y,1.639,1,JGB487(2),1.969,1.969
2026-08-13,5Y,2.138,3,JGB130(20)|JGB131(20)|JGB364(10),5.103,5.103
2026-08-13,10Y,2.866,2,JGB158(20)|JGB24(30),10.105,10.105
2026-08-13,20Y,3.747,1,JGB52(30),20.104,20.104
2026-08-13,30Y,3.992,1,JGB91(30),29.854,29.854
2026-08-13,40Y,3.992,1,JGB19(40),39.6,39.6
2026-08-14,2Y,1.645,1,JGB487(2),1.966,1.966
2026-08-14,5Y,2.1553,3,JGB130(20)|JGB131(20)|JGB364(10),5.101,5.101
2026-08-14,10Y,2.8845,2,JGB158(20)|JGB24(30),10.103,10.103
2026-08-14,20Y,3.761,1,JGB52(30),20.101,20.101
2026-08-14,30Y,4.008,1,JGB91(30),29.851,29.851
2026-08-14,40Y,4.011,1,JGB19(40),39.598,39.598
2026-08-17,2Y,1.65,1,JGB487(2),1.958,1.958
2026-08-17,5Y,2.1647,3,JGB130(20)|JGB131(20)|JGB364(10),5.092,5.092
2026-08-17,10Y,2.8875,2,JGB158(20)|JGB24(30),10.094,10.094
2026-08-17,20Y,3.767,1,JGB52(30),20.093,20.093
2026-08-17,30Y,4.008,1,JGB91(30),29.843,29.843
2026-08-17,40Y,4.011,1,JGB19(40),39.589,39.589
2026-08-18,2Y,1.687,1,JGB487(2),1.955,1.955
2026-08-18,5Y,2.1967,3,JGB130(20)|JGB131(20)|JGB364(10),5.09,5.09
2026-08-18,10Y,2.9285,2,JGB158(20)|JGB24(30),10.092,10.092
2026-08-18,20Y,3.814,1,JGB52(30),20.09,20.09
2026-08-18,30Y,4.058,1,JGB91(30),29.84,29.84
2026-08-18,40Y,4.056,1,JGB19(40),39.587,39.587
2026-08-19,2Y,1.682,1,JGB487(2),1.952,1.952
2026-08-19,5Y,2.1883,3,JGB130(20)|JGB131(20)|JGB364(10),5.087,5.087
2026-08-19,10Y,2.9445,2,JGB158(20)|JGB24(30),10.089,10.089
2026-08-19,20Y,3.846,1,JGB52(30),20.088,20.088
2026-08-19,30Y,4.105,1,JGB91(30),29.837,29.837
2026-08-19,40Y,4.108,1,JGB19(40),39.584,39.584
2026-08-20,2Y,1.672,1,JGB487(2),1.949,1.949
2026-08-20,5Y,2.1537,3,JGB130(20)|JGB131(20)|JGB364(10),5.084,5.084
2026-08-20,10Y,2.9035,2,JGB158(20)|JGB24(30),10.086,10.086
2026-08-20,20Y,3.789,1,JGB52(30),20.085,20.085
2026-08-20,30Y,4.062,1,JGB91(30),29.834,29.834
2026-08-20,40Y,4.067,1,JGB19(40),39.581,39.581
2026-08-21,2Y,1.672,1,JGB487(2),1.947,1.947
2026-08-21,5Y,2.136,3,JGB130(20)|JGB131(20)|JGB364(10),5.081,5.081
2026-08-21,10Y,2.8595,2,JGB158(20)|JGB24(30),10.084,10.084
2026-08-21,20Y,3.733,1,JGB52(30),20.082,20.082
2026-08-21,30Y,4.004,1,JGB91(30),29.832,29.832
2026-08-21,40Y,4.01,1,JGB19(40),39.578,39.578
2026-08-24,2Y,1.6831,7,JGB WI(2)-09|JGB105(20)|JGB106(20)|JGB162(5)|JGB163(5)|JGB352(10)|JGB487(2),1.938,2.075
2026-08-24,5Y,2.1527,3,JGB130(20)|JGB131(20)|JGB364(10),5.073,5.073
2026-08-24,10Y,2.8915,2,JGB158(20)|JGB24(30),10.075,10.075
2026-08-24,20Y,3.769,1,JGB52(30),20.074,20.074
2026-08-24,30Y,4.051,1,JGB91(30),29.823,29.823
2026-08-24,40Y,4.074,1,JGB19(40),39.57,39.57
2026-08-25,2Y,1.6823,7,JGB WI(2)-09|JGB105(20)|JGB106(20)|JGB162(5)|JGB163(5)|JGB352(10)|JGB487(2),1.936,2.073
2026-08-25,5Y,2.1517,3,JGB130(20)|JGB131(20)|JGB364(10),5.07,5.07
2026-08-25,10Y,2.8975,2,JGB158(20)|JGB24(30),10.073,10.073
2026-08-25,20Y,3.761,1,JGB52(30),20.071,20.071
2026-08-25,30Y,4.043,1,JGB91(30),29.821,29.821
2026-08-25,40Y,4.072,1,JGB19(40),39.567,39.567
2026-08-26,2Y,1.6851,7,JGB WI(2)-09|JGB105(20)|JGB106(20)|JGB162(5)|JGB163(5)|JGB352(10)|JGB487(2),1.933,2.07
2026-08-26,5Y,2.162,3,JGB130(20)|JGB131(20)|JGB364(10),5.068,5.068
2026-08-26,10Y,2.9065,2,JGB158(20)|JGB24(30),10.07,10.07
2026-08-26,20Y,3.77,1,JGB52(30),20.068,20.068
2026-08-26,30Y,4.047,1,JGB91(30),29.818,29.818
2026-08-26,40Y,4.068,1,JGB19(40),39.565,39.565
2026-08-27,2Y,1.6973,7,JGB WI(2)-09|JGB105(20)|JGB106(20)|JGB162(5)|JGB163(5)|JGB352(10)|JGB487(2),1.927,2.064
2026-08-27,5Y,2.167,3,JGB130(20)|JGB131(20)|JGB364(10),5.062,5.062
2026-08-27,10Y,2.8975,2,JGB158(20)|JGB24(30),10.064,10.064
2026-08-27,20Y,3.763,1,JGB52(30),20.063,20.063
2026-08-27,30Y,4.047,1,JGB91(30),29.812,29.812
2026-08-27,40Y,4.06,1,JGB19(40),39.559,39.559
2026-08-28,2Y,1.7003,7,JGB WI(2)-09|JGB105(20)|JGB106(20)|JGB162(5)|JGB163(5)|JGB352(10)|JGB487(2),1.925,2.062
2026-08-28,5Y,2.1767,3,JGB130(20)|JGB131(20)|JGB364(10),5.06,5.06
2026-08-28,10Y,2.9015,2,JGB158(20)|JGB24(30),10.062,10.062
2026-08-28,20Y,3.771,1,JGB52(30),20.06,20.06
2026-08-28,30Y,4.0485,2,JGB WI(30)-09|JGB91(30),29.81,29.81
2026-08-28,40Y,4.052,1,JGB19(40),39.556,39.556
2026-08-31,2Y,1.7252,6,JGB105(20)|JGB106(20)|JGB162(5)|JGB163(5)|JGB352(10)|JGB488(2),2.001,2.053
2026-08-31,5Y,2.209,3,JGB130(20)|JGB131(20)|JGB364(10),5.051,5.051
2026-08-31,10Y,2.9375,2,JGB158(20)|JGB24(30),10.053,10.053
2026-08-31,20Y,3.811,1,JGB52(30),20.052,20.052
2026-08-31,30Y,4.0945,2,JGB WI(30)-09|JGB91(30),29.802,29.802
2026-08-31,40Y,4.094,1,JGB19(40),39.548,39.548
2026-09-01,2Y,1.744,6,JGB105(20)|JGB106(20)|JGB162(5)|JGB163(5)|JGB352(10)|JGB488(2),1.999,2.051
2026-09-01,5Y,2.2247,3,JGB130(20)|JGB131(20)|JGB364(10),5.049,5.049
2026-09-01,10Y,2.9495,2,JGB158(20)|JGB24(30),10.051,10.051
2026-09-01,20Y,3.82,1,JGB52(30),20.049,20.049
2026-09-01,30Y,4.1005,2,JGB WI(30)-09|JGB91(30),29.799,29.799
2026-09-01,40Y,4.103,1,JGB19(40),39.546,39.546
2026-09-02,2Y,1.8005,6,JGB105(20)|JGB106(20)|JGB162(5)|JGB163(5)|JGB352(10)|JGB488(2),1.996,2.048
2026-09-02,5Y,2.279,3,JGB130(20)|JGB131(20)|JGB364(10),5.046,5.046
2026-09-02,10Y,2.9955,2,JGB158(20)|JGB24(30),10.048,10.048
2026-09-02,20Y,3.863,1,JGB52(30),20.047,20.047
2026-09-02,30Y,4.14,2,JGB WI(30)-09|JGB91(30),29.796,29.796
2026-09-02,40Y,4.158,1,JGB19(40),39.543,39.543
2026-09-03,2Y,1.8553,6,JGB105(20)|JGB106(20)|JGB162(5)|JGB163(5)|JGB352(10)|JGB488(2),1.993,2.045
2026-09-03,5Y,2.327,3,JGB130(20)|JGB131(20)|JGB364(10),5.043,5.043
2026-09-03,10Y,3.012,2,JGB158(20)|JGB24(30),10.045,10.045
2026-09-03,20Y,3.867,1,JGB52(30),20.044,20.044
2026-09-03,30Y,4.1295,2,JGB WI(30)-09|JGB91(30),29.793,29.793
2026-09-03,40Y,4.146,1,JGB19(40),39.54,39.54
2026-09-04,2Y,1.8493,6,JGB105(20)|JGB106(20)|JGB162(5)|JGB163(5)|JGB352(10)|JGB488(2),1.993,2.045
2026-09-04,5Y,2.3013,3,JGB130(20)|JGB131(20)|JGB364(10),5.043,5.043
2026-09-04,10Y,2.9715,2,JGB158(20)|JGB24(30),10.045,10.045
2026-09-04,20Y,3.81,1,JGB52(30),20.044,20.044
2026-09-04,30Y,4.058,1,JGB91(30),29.793,29.793
2026-09-04,40Y,4.074,1,JGB19(40),39.54,39.54
2026-09-07,2Y,1.82,6,JGB105(20)|JGB106(20)|JGB162(5)|JGB163(5)|JGB352(10)|JGB488(2),1.985,2.037
2026-09-07,5Y,2.245,3,JGB130(20)|JGB131(20)|JGB364(10),5.035,5.035
2026-09-07,10Y,2.915,2,JGB158(20)|JGB24(30),10.037,10.037
2026-09-07,20Y,3.72,1,JGB52(30),20.036,20.036
2026-09-07,30Y,3.972,1,JGB91(30),29.785,29.785
2026-09-07,40Y,3.976,1,JGB19(40),39.532,39.532
2026-09-08,2Y,1.8407,6,JGB105(20)|JGB106(20)|JGB162(5)|JGB163(5)|JGB352(10)|JGB488(2),1.982,2.034
2026-09-08,5Y,2.265,3,JGB130(20)|JGB131(20)|JGB364(10),5.032,5.032
2026-09-08,10Y,2.9415,2,JGB158(20)|JGB24(30),10.034,10.034
2026-09-08,20Y,3.754,1,JGB52(30),20.033,20.033
2026-09-08,30Y,4.016,1,JGB91(30),29.782,29.782
2026-09-08,40Y,4.022,1,JGB19(40),39.529,39.529
2026-09-09,2Y,1.834,6,JGB105(20)|JGB106(20)|JGB162(5)|JGB163(5)|JGB352(10)|JGB488(2),1.979,2.031
2026-09-09,5Y,2.246,3,JGB130(20)|JGB131(20)|JGB364(10),5.029,5.029
2026-09-09,10Y,2.9005,2,JGB158(20)|JGB24(30),10.031,10.031
2026-09-09,20Y,3.718,1,JGB52(30),20.03,20.03
2026-09-09,30Y,3.968,1,JGB91(30),29.78,29.78
2026-09-09,40Y,3.973,1,JGB19(40),39.526,39.526
2026-09-10,2Y,1.8248,6,JGB105(20)|JGB106(20)|JGB162(5)|JGB163(5)|JGB352(10)|JGB488(2),1.977,2.029
2026-09-10,5Y,2.2363,3,JGB130(20)|JGB131(20)|JGB364(10),5.027,5.027
2026-09-10,10Y,2.8945,2,JGB158(20)|JGB24(30),10.029,10.029
2026-09-10,20Y,3.716,1,JGB52(30),20.027,20.027
2026-09-10,30Y,3.964,1,JGB91(30),29.777,29.777
2026-09-10,40Y,3.967,1,JGB19(40),39.524,39.524
2026-09-11,2Y,1.8163,6,JGB105(20)|JGB106(20)|JGB162(5)|JGB163(5)|JGB352(10)|JGB488(2),1.974,2.026
2026-09-11,5Y,2.2403,3,JGB130(20)|JGB131(20)|JGB364(10),5.024,5.024
2026-09-11,10Y,2.9225,2,JGB158(20)|JGB24(30),10.026,10.026
2026-09-11,20Y,3.756,1,JGB52(30),20.025,20.025
2026-09-11,30Y,4.004,1,JGB91(30),29.774,29.774
2026-09-11,40Y,4.01,1,JGB19(40),39.521,39.521
2026-09-14,2Y,1.8395,6,JGB105(20)|JGB106(20)|JGB162(5)|JGB163(5)|JGB352(10)|JGB488(2),1.966,2.018
2026-09-14,5Y,2.2913,3,JGB130(20)|JGB131(20)|JGB364(10),5.016,5.016
2026-09-14,10Y,2.9875,2,JGB158(20)|JGB24(30),10.018,10.018
2026-09-14,20Y,3.8,1,JGB52(30),20.016,20.016
2026-09-14,30Y,4.035,1,JGB91(30),29.766,29.766
2026-09-14,40Y,4.033,1,JGB19(40),39.513,39.513
2026-09-15,2Y,1.8355,6,JGB105(20)|JGB106(20)|JGB162(5)|JGB163(5)|JGB352(10)|JGB488(2),1.963,2.015
2026-09-15,5Y,2.295,3,JGB130(20)|JGB131(20)|JGB364(10),5.013,5.013
2026-09-15,10Y,2.988,2,JGB158(20)|JGB24(30),10.015,10.015
2026-09-15,20Y,3.808,1,JGB52(30),20.014,20.014
2026-09-15,30Y,4.051,1,JGB91(30),29.763,29.763
2026-09-15,40Y,4.045,1,JGB19(40),39.51,39.51
2026-09-16,2Y,1.8527,6,JGB105(20)|JGB106(20)|JGB162(5)|JGB163(5)|JGB352(10)|JGB488(2),1.96,2.012
2026-09-16,5Y,2.3283,3,JGB130(20)|JGB131(20)|JGB364(10),5.01,5.01
2026-09-16,10Y,3.0285,2,JGB158(20)|JGB24(30),10.012,10.012
2026-09-16,20Y,3.867,1,JGB52(30),20.011,20.011
2026-09-16,30Y,4.117,1,JGB91(30),29.76,29.76
2026-09-16,40Y,4.111,1,JGB19(40),39.507,39.507
