Date,Open,High,Low,Close,Volume
1959-09-28,371.93,371.93,371.93,371.93,0
1959-09-29,374.75,374.75,374.75,374.75,0
1959-09-30,375.31,375.31,375.31,375.31,0
1959-10-01,366.2,366.2,366.2,366.2,0
1959-10-02,362.03,362.03,362.03,362.03,0
1959-10-05,352.03,352.03,352.03,352.03,0
1959-10-06,347.45,347.45,347.45,347.45,0
1959-10-07,349.5,349.5,349.5,349.5,0
1959-10-08,355.93,355.93,355.93,355.93,0
1959-10-09,358.05,358.05,358.05,358.05,0
1959-10-12,348.64,348.64,348.64,348.64,0
1959-10-13,344.63,344.63,344.63,344.63,0
1959-10-14,344.81,344.81,344.81,344.81,0
1959-10-16,337.41,337.41,337.41,337.41,0
1959-10-19,328.49,328.49,328.49,328.49,0
1959-10-20,333.32,333.32,333.32,333.32,0
1959-10-21,351.92,351.92,351.92,351.92,0
1959-10-22,354.74,354.74,354.74,354.74,0
1959-10-23,357.05,357.05,357.05,357.05,0
1959-10-26,364.01,364.01,364.01,364.01,0
1959-10-27,362.93,362.93,362.93,362.93,0
1959-10-28,359.54,359.54,359.54,359.54,0
1959-10-29,361.02,361.02,361.02,361.02,0
1959-10-30,369.58,369.58,369.58,369.58,0
1959-11-02,364.9,364.9,364.9,364.9,0
1959-11-03,369.03,369.03,369.03,369.03,0
1959-11-04,372.63,372.63,372.63,372.63,0
1959-11-05,372.08,372.08,372.08,372.08,0
1959-11-06,372.22,372.22,372.22,372.22,0
1959-11-09,374.64,374.64,374.64,374.64,0
1959-11-10,377.69,377.69,377.69,377.69,0
1959-11-12,377.66,377.66,377.66,377.66,0
1959-11-13,377.88,377.88,377.88,377.88,0
1959-11-16,378.62,378.62,378.62,378.62,0
1959-11-17,377.66,377.66,377.66,377.66,0
1959-11-19,381.37,381.37,381.37,381.37,0
1959-11-20,379.48,379.48,379.48,379.48,0
1959-11-23,377.95,377.95,377.95,377.95,0
1959-11-24,374.05,374.05,374.05,374.05,0
1959-11-25,369.14,369.14,369.14,369.14,0
1959-11-26,370.63,370.63,370.63,370.63,0
1959-11-27,376.02,376.02,376.02,376.02,0
1959-11-30,379.51,379.51,379.51,379.51,0
1959-12-01,382.34,382.34,382.34,382.34,0
1959-12-02,383.98,383.98,383.98,383.98,0
1959-12-03,384.28,384.28,384.28,384.28,0
1959-12-04,383.49,383.49,383.49,383.49,0
1959-12-07,386.69,386.69,386.69,386.69,0
1959-12-08,389.37,389.37,389.37,389.37,0
1959-12-09,392.57,392.57,392.57,392.57,0
1959-12-10,393.91,393.91,393.91,393.91,0
1959-12-11,395.95,395.95,395.95,395.95,0
1959-12-14,400.05,400.05,400.05,400.05,0
1959-12-15,399.26,399.26,399.26,399.26,0
1959-12-16,397.03,397.03,397.03,397.03,0
1959-12-17,395.77,395.77,395.77,395.77,0
1959-12-18,394.39,394.39,394.39,394.39,0
1959-12-21,395.43,395.43,395.43,395.43,0
1959-12-22,396.51,396.51,396.51,396.51,0
1959-12-23,400.05,400.05,400.05,400.05,0
1959-12-28,411.46,411.46,411.46,411.46,0
1959-12-29,413.81,413.81,413.81,413.81,0
1959-12-30,412.21,412.21,412.21,412.21,0
1959-12-31,417.79,417.79,417.79,417.79,0
1960-01-04,426.08,426.08,426.08,426.08,0
1960-01-05,422.21,422.21,422.21,422.21,0
1960-01-06,424.44,424.44,424.44,424.44,0
1960-01-07,422.92,422.92,422.92,422.92,0
1960-01-08,419.53,419.53,419.53,419.53,0
1960-01-11,416.45,416.45,416.45,416.45,0
1960-01-12,413.14,413.14,413.14,413.14,0
1960-01-13,421.62,421.62,421.62,421.62,0
1960-01-14,421.65,421.65,421.65,421.65,0
1960-01-15,420.43,420.43,420.43,420.43,0
1960-01-18,418.2,418.2,418.2,418.2,0
1960-01-19,413.06,413.06,413.06,413.06,0
1960-01-20,412.21,412.21,412.21,412.21,0
1960-01-21,415.15,415.15,415.15,415.15,0
1960-01-22,417.23,417.23,417.23,417.23,0
1960-01-25,415.18,415.18,415.18,415.18,0
1960-01-26,412.65,412.65,412.65,412.65,0
1960-01-27,416.08,416.08,416.08,416.08,0
1960-01-28,417.67,417.67,417.67,417.67,0
1960-01-29,417.19,417.19,417.19,417.19,0
1960-02-01,419.83,419.83,419.83,419.83,0
1960-02-02,426.19,426.19,426.19,426.19,0
1960-02-03,426.04,426.04,426.04,426.04,0
1960-02-04,425.26,425.26,425.26,425.26,0
1960-02-05,428.13,428.13,428.13,428.13,0
1960-02-08,429.95,429.95,429.95,429.95,0
1960-02-09,428.35,428.35,428.35,428.35,0
1960-02-10,426.64,426.64,426.64,426.64,0
1960-02-11,420.98,420.98,420.98,420.98,0
1960-02-12,419.16,419.16,419.16,419.16,0
1960-02-15,416.04,416.04,416.04,416.04,0
1960-02-16,411.76,411.76,411.76,411.76,0
1960-02-17,410.68,410.68,410.68,410.68,0
1960-02-18,418.64,418.64,418.64,418.64,0
1960-02-19,415.67,415.67,415.67,415.67,0
1960-02-22,409.23,409.23,409.23,409.23,0
1960-02-23,411.84,411.84,411.84,411.84,0
1960-02-24,410.46,410.46,410.46,410.46,0
1960-02-25,407,407,407,407,0
1960-02-26,407.86,407.86,407.86,407.86,0
1960-02-29,410.24,410.24,410.24,410.24,0
1960-03-01,412.77,412.77,412.77,412.77,0
1960-03-02,413.47,413.47,413.47,413.47,0
1960-03-03,413.03,413.03,413.03,413.03,0
1960-03-04,411.31,411.31,411.31,411.31,0
1960-03-07,411.35,411.35,411.35,411.35,0
1960-03-08,410.42,410.42,410.42,410.42,0
1960-03-09,404.99,404.99,404.99,404.99,0
1960-03-10,401.64,401.64,401.64,401.64,0
1960-03-11,394.84,394.84,394.84,394.84,0
1960-03-14,396.96,396.96,396.96,396.96,0
1960-03-15,403.09,403.09,403.09,403.09,0
1960-03-16,405.03,405.03,405.03,405.03,0
1960-03-17,400.05,400.05,400.05,400.05,0
1960-03-18,398.26,398.26,398.26,398.26,0
1960-03-21,403.39,403.39,403.39,403.39,0
1960-03-22,406.96,406.96,406.96,406.96,0
1960-03-23,407.07,407.07,407.07,407.07,0
1960-03-24,412.47,412.47,412.47,412.47,0
1960-03-25,413.25,413.25,413.25,413.25,0
1960-03-28,412.28,412.28,412.28,412.28,0
1960-03-29,412.58,412.58,412.58,412.58,0
1960-03-30,412.02,412.02,412.02,412.02,0
1960-03-31,411.61,411.61,411.61,411.61,0
1960-04-01,415.63,415.63,415.63,415.63,0
1960-04-04,421.17,421.17,421.17,421.17,0
1960-04-05,423.29,423.29,423.29,423.29,0
1960-04-06,424.03,424.03,424.03,424.03,0
1960-04-07,426.94,426.94,426.94,426.94,0
1960-04-08,426.82,426.82,426.82,426.82,0
1960-04-11,425.75,425.75,425.75,425.75,0
1960-04-12,424.59,424.59,424.59,424.59,0
1960-04-13,426.04,426.04,426.04,426.04,0
1960-04-14,428.5,428.5,428.5,428.5,0
1960-04-19,432.74,432.74,432.74,432.74,0
1960-04-20,430.92,430.92,430.92,430.92,0
1960-04-21,429.65,429.65,429.65,429.65,0
1960-04-22,430.62,430.62,430.62,430.62,0
1960-04-25,430.17,430.17,430.17,430.17,0
1960-04-26,426.71,426.71,426.71,426.71,0
1960-04-28,427.46,427.46,427.46,427.46,0
1960-04-29,431.03,431.03,431.03,431.03,0
1960-05-02,434.08,434.08,434.08,434.08,0
1960-05-03,429.32,429.32,429.32,429.32,0
1960-05-04,436.23,436.23,436.23,436.23,0
1960-05-05,436.08,436.08,436.08,436.08,0
1960-05-06,432.7,432.7,432.7,432.7,0
1960-05-09,428.09,428.09,428.09,428.09,0
1960-05-10,432.59,432.59,432.59,432.59,0
1960-05-11,437.2,437.2,437.2,437.2,0
1960-05-12,437.39,437.39,437.39,437.39,0
1960-05-13,433.85,433.85,433.85,433.85,0
1960-05-16,437.72,437.72,437.72,437.72,0
1960-05-17,427.72,427.72,427.72,427.72,0
1960-05-18,426.6,426.6,426.6,426.6,0
1960-05-19,420.87,420.87,420.87,420.87,0
1960-05-20,433.48,433.48,433.48,433.48,0
1960-05-23,450.4,450.4,450.4,450.4,0
1960-05-24,449.4,449.4,449.4,449.4,0
1960-05-25,455.24,455.24,455.24,455.24,0
1960-05-27,466.55,466.55,466.55,466.55,0
1960-05-30,468.11,468.11,468.11,468.11,0
1960-05-31,463.94,463.94,463.94,463.94,0
1960-06-01,458.25,458.25,458.25,458.25,0
1960-06-02,462.9,462.9,462.9,462.9,0
1960-06-03,463.24,463.24,463.24,463.24,0
1960-06-07,466.43,466.43,466.43,466.43,0
1960-06-08,463.68,463.68,463.68,463.68,0
1960-06-09,460.37,460.37,460.37,460.37,0
1960-06-10,473.5,473.5,473.5,473.5,0
1960-06-13,481.24,481.24,481.24,481.24,0
1960-06-14,487.93,487.93,487.93,487.93,0
1960-06-15,494.4,494.4,494.4,494.4,0
1960-06-20,503.52,503.52,503.52,503.52,0
1960-06-21,503.7,503.7,503.7,503.7,0
1960-06-22,510.84,510.84,510.84,510.84,0
1960-06-23,515.97,515.97,515.97,515.97,0
1960-06-24,519.28,519.28,519.28,519.28,0
1960-06-27,527.8,527.8,527.8,527.8,0
1960-06-28,524.86,524.86,524.86,524.86,0
1960-06-29,522.67,522.67,522.67,522.67,0
1960-06-30,533.31,533.31,533.31,533.31,0
1960-07-01,545.99,545.99,545.99,545.99,0
1960-07-04,557.52,557.52,557.52,557.52,0
1960-07-05,547.33,547.33,547.33,547.33,0
1960-07-06,534.16,534.16,534.16,534.16,0
1960-07-07,546.66,546.66,546.66,546.66,0
1960-07-08,546.14,546.14,546.14,546.14,0
1960-07-11,522,522,522,522,0
1960-07-12,527.47,527.47,527.47,527.47,0
1960-07-13,523.49,523.49,523.49,523.49,0
1960-07-14,523.52,523.52,523.52,523.52,0
1960-07-15,534.27,534.27,534.27,534.27,0
1960-07-18,527.06,527.06,527.06,527.06,0
1960-07-19,516.5,516.5,516.5,516.5,0
1960-07-20,523.82,523.82,523.82,523.82,0
1960-07-21,524.34,524.34,524.34,524.34,0
1960-07-22,527.02,527.02,527.02,527.02,0
1960-07-25,522.26,522.26,522.26,522.26,0
1960-07-26,518.8,518.8,518.8,518.8,0
1960-07-27,522.15,522.15,522.15,522.15,0
1960-07-28,522.3,522.3,522.3,522.3,0
1960-07-29,527.43,527.43,527.43,527.43,0
1960-08-01,533.83,533.83,533.83,533.83,0
1960-08-02,536.58,536.58,536.58,536.58,0
1960-08-03,538.29,538.29,538.29,538.29,0
1960-08-04,534.2,534.2,534.2,534.2,0
1960-08-05,538.18,538.18,538.18,538.18,0
1960-08-08,538.22,538.22,538.22,538.22,0
1960-08-09,540.56,540.56,540.56,540.56,0
1960-08-10,545.54,545.54,545.54,545.54,0
1960-08-11,552.27,552.27,552.27,552.27,0
1960-08-12,557.33,557.33,557.33,557.33,0
1960-08-15,561.91,561.91,561.91,561.91,0
1960-08-16,564.81,564.81,564.81,564.81,0
1960-08-17,559.49,559.49,559.49,559.49,0
1960-08-18,552.8,552.8,552.8,552.8,0
1960-08-19,555.92,555.92,555.92,555.92,0
1960-08-22,563.32,563.32,563.32,563.32,0
1960-08-23,568.71,568.71,568.71,568.71,0
1960-08-24,576.67,576.67,576.67,576.67,0
1960-08-25,577.16,577.16,577.16,577.16,0
1960-08-26,575.67,575.67,575.67,575.67,0
1960-08-29,578.68,578.68,578.68,578.68,0
1960-08-30,583.55,583.55,583.55,583.55,0
1960-08-31,589.17,589.17,589.17,589.17,0
1960-09-01,591.62,591.62,591.62,591.62,0
1960-09-02,596.46,596.46,596.46,596.46,0
1960-09-05,602.78,602.78,602.78,602.78,0
1960-09-06,603.79,603.79,603.79,603.79,0
1960-09-07,588.98,588.98,588.98,588.98,0
1960-09-08,584,584,584,584,0
1960-09-09,579.39,579.39,579.39,579.39,0
1960-09-12,565.07,565.07,565.07,565.07,0
1960-09-13,567.41,567.41,567.41,567.41,0
1960-09-14,564.73,564.73,564.73,564.73,0
1960-09-15,553.87,553.87,553.87,553.87,0
1960-09-16,527.65,527.65,527.65,527.65,0
1960-09-19,551.94,551.94,551.94,551.94,0
1960-09-20,549.93,549.93,549.93,549.93,0
1960-09-21,564.06,564.06,564.06,564.06,0
1960-09-22,569.98,569.98,569.98,569.98,0
1960-09-23,567.08,567.08,567.08,567.08,0
1960-09-26,552.94,552.94,552.94,552.94,0
1960-09-27,546.7,546.7,546.7,546.7,0
1960-09-28,551.83,551.83,551.83,551.83,0
1960-09-29,554.06,554.06,554.06,554.06,0
1960-09-30,551.23,551.23,551.23,551.23,0
1960-10-03,548.18,548.18,548.18,548.18,0
1960-10-04,539.41,539.41,539.41,539.41,0
1960-10-05,549.6,549.6,549.6,549.6,0
1960-10-06,563.88,563.88,563.88,563.88,0
1960-10-07,566.37,566.37,566.37,566.37,0
1960-10-10,561.24,561.24,561.24,561.24,0
1960-10-11,557.56,557.56,557.56,557.56,0
1960-10-12,564.1,564.1,564.1,564.1,0
1960-10-13,565.07,565.07,565.07,565.07,0
1960-10-14,567.9,567.9,567.9,567.9,0
1960-10-17,567.56,567.56,567.56,567.56,0
1960-10-18,559.45,559.45,559.45,559.45,0
1960-10-19,545.58,545.58,545.58,545.58,0
1960-10-20,545.62,545.62,545.62,545.62,0
1960-10-21,542.49,542.49,542.49,542.49,0
1960-10-24,545.58,545.58,545.58,545.58,0
1960-10-25,549.26,549.26,549.26,549.26,0
1960-10-26,548.15,548.15,548.15,548.15,0
1960-10-27,551.68,551.68,551.68,551.68,0
1960-10-28,546.1,546.1,546.1,546.1,0
1960-10-31,543.09,543.09,543.09,543.09,0
1960-11-01,545.1,545.1,545.1,545.1,0
1960-11-02,547.85,547.85,547.85,547.85,0
1960-11-03,551.57,551.57,551.57,551.57,0
1960-11-04,557.37,557.37,557.37,557.37,0
1960-11-07,563.66,563.66,563.66,563.66,0
1960-11-08,561.76,561.76,561.76,561.76,0
1960-11-09,562.76,562.76,562.76,562.76,0
1960-11-10,564.88,564.88,564.88,564.88,0
1960-11-11,563.14,563.14,563.14,563.14,0
1960-11-14,551.72,551.72,551.72,551.72,0
1960-11-15,538.85,538.85,538.85,538.85,0
1960-11-17,539.89,539.89,539.89,539.89,0
1960-11-18,529.51,529.51,529.51,529.51,0
1960-11-21,520.96,520.96,520.96,520.96,0
1960-11-22,518.32,518.32,518.32,518.32,0
1960-11-23,518.91,518.91,518.91,518.91,0
1960-11-24,531.71,531.71,531.71,531.71,0
1960-11-25,538.22,538.22,538.22,538.22,0
1960-11-28,536.47,536.47,536.47,536.47,0
1960-11-29,533.19,533.19,533.19,533.19,0
1960-11-30,538.44,538.44,538.44,538.44,0
1960-12-01,543.31,543.31,543.31,543.31,0
1960-12-02,548.33,548.33,548.33,548.33,0
1960-12-05,540.78,540.78,540.78,540.78,0
1960-12-06,541.01,541.01,541.01,541.01,0
1960-12-07,543.16,543.16,543.16,543.16,0
1960-12-08,541.94,541.94,541.94,541.94,0
1960-12-09,536.99,536.99,536.99,536.99,0
1960-12-12,532.9,532.9,532.9,532.9,0
1960-12-13,532.41,532.41,532.41,532.41,0
1960-12-14,527.69,527.69,527.69,527.69,0
1960-12-15,520.14,520.14,520.14,520.14,0
1960-12-16,517.2,517.2,517.2,517.2,0
1960-12-19,525.12,525.12,525.12,525.12,0
1960-12-20,533.42,533.42,533.42,533.42,0
1960-12-21,532.53,532.53,532.53,532.53,0
1960-12-22,525.94,525.94,525.94,525.94,0
1960-12-23,531.45,531.45,531.45,531.45,0
1960-12-26,531.34,531.34,531.34,531.34,0
1960-12-27,526.09,526.09,526.09,526.09,0
1960-12-28,530.33,530.33,530.33,530.33,0
1960-12-29,534.09,534.09,534.09,534.09,0
1961-01-02,536.32,536.32,536.32,536.32,0
1961-01-03,527.24,527.24,527.24,527.24,0
1961-01-04,527.36,527.36,527.36,527.36,0
1961-01-05,531.22,531.22,531.22,531.22,0
1961-01-06,526.39,526.39,526.39,526.39,0
1961-01-09,523.45,523.45,523.45,523.45,0
1961-01-10,524.98,524.98,524.98,524.98,0
1961-01-11,523.19,523.19,523.19,523.19,0
1961-01-12,515.23,515.23,515.23,515.23,0
1961-01-13,514.86,514.86,514.86,514.86,0
1961-01-16,518.58,518.58,518.58,518.58,0
1961-01-17,523.71,523.71,523.71,523.71,0
1961-01-18,526.43,526.43,526.43,526.43,0
1961-01-19,533.6,533.6,533.6,533.6,0
1961-01-20,536.88,536.88,536.88,536.88,0
1961-01-23,537.77,537.77,537.77,537.77,0
1961-01-24,536.91,536.91,536.91,536.91,0
1961-01-25,536.06,536.06,536.06,536.06,0
1961-01-26,533.53,533.53,533.53,533.53,0
1961-01-27,531.78,531.78,531.78,531.78,0
1961-01-30,533.72,533.72,533.72,533.72,0
1961-01-31,531.78,531.78,531.78,531.78,0
1961-02-01,527.58,527.58,527.58,527.58,0
1961-02-02,524.72,524.72,524.72,524.72,0
1961-02-03,518.91,518.91,518.91,518.91,0
1961-02-06,508.68,508.68,508.68,508.68,0
1961-02-07,512.03,512.03,512.03,512.03,0
1961-02-08,518.47,518.47,518.47,518.47,0
1961-02-09,524.42,524.42,524.42,524.42,0
1961-02-10,522.71,522.71,522.71,522.71,0
1961-02-13,526.2,526.2,526.2,526.2,0
1961-02-14,525.76,525.76,525.76,525.76,0
1961-02-15,526.98,526.98,526.98,526.98,0
1961-02-16,526.39,526.39,526.39,526.39,0
1961-02-17,522.97,522.97,522.97,522.97,0
1961-02-20,525.5,525.5,525.5,525.5,0
1961-02-21,531.26,531.26,531.26,531.26,0
1961-02-22,535.43,535.43,535.43,535.43,0
1961-02-23,536.21,536.21,536.21,536.21,0
1961-02-24,536.13,536.13,536.13,536.13,0
1961-02-27,537.62,537.62,537.62,537.62,0
1961-02-28,539.18,539.18,539.18,539.18,0
1961-03-01,539.96,539.96,539.96,539.96,0
1961-03-02,543.05,543.05,543.05,543.05,0
1961-03-03,548.07,548.07,548.07,548.07,0
1961-03-06,518.43,518.43,518.43,518.43,0
1961-03-07,535.39,535.39,535.39,535.39,0
1961-03-08,532.93,532.93,532.93,532.93,0
1961-03-09,532.49,532.49,532.49,532.49,0
1961-03-10,531.93,531.93,531.93,531.93,0
1961-03-13,527.1,527.1,527.1,527.1,0
1961-03-14,527.28,527.28,527.28,527.28,0
1961-03-15,524.64,524.64,524.64,524.64,0
1961-03-16,527.91,527.91,527.91,527.91,0
1961-03-17,527.13,527.13,527.13,527.13,0
1961-03-20,525.31,525.31,525.31,525.31,0
1961-03-21,519.88,519.88,519.88,519.88,0
1961-03-22,518.76,518.76,518.76,518.76,0
1961-03-23,515.34,515.34,515.34,515.34,0
1961-03-24,517.83,517.83,517.83,517.83,0
1961-03-27,520.74,520.74,520.74,520.74,0
1961-03-28,527.69,527.69,527.69,527.69,0
1961-03-29,533.49,533.49,533.49,533.49,0
1961-03-30,536.24,536.24,536.24,536.24,0
1961-04-04,541.6,541.6,541.6,541.6,0
1961-04-05,540.34,540.34,540.34,540.34,0
1961-04-06,540.82,540.82,540.82,540.82,0
1961-04-07,540.56,540.56,540.56,540.56,0
1961-04-10,543.57,543.57,543.57,543.57,0
1961-04-11,541.67,541.67,541.67,541.67,0
1961-04-12,539.52,539.52,539.52,539.52,0
1961-04-13,541.01,541.01,541.01,541.01,0
1961-04-14,544.13,544.13,544.13,544.13,0
1961-04-17,543.09,543.09,543.09,543.09,0
1961-04-18,542.2,542.2,542.2,542.2,0
1961-04-19,539.18,539.18,539.18,539.18,0
1961-04-20,539.03,539.03,539.03,539.03,0
1961-04-21,539.96,539.96,539.96,539.96,0
1961-04-24,533.9,533.9,533.9,533.9,0
1961-04-25,536.77,536.77,536.77,536.77,0
1961-04-26,540.3,540.3,540.3,540.3,0
1961-04-27,542.16,542.16,542.16,542.16,0
1961-04-28,541.67,541.67,541.67,541.67,0
1961-05-02,544.13,544.13,544.13,544.13,0
1961-05-03,544.91,544.91,544.91,544.91,0
1961-05-04,546.1,546.1,546.1,546.1,0
1961-05-05,547.25,547.25,547.25,547.25,0
1961-05-08,549.78,549.78,549.78,549.78,0
1961-05-09,550.86,550.86,550.86,550.86,0
1961-05-10,550.82,550.82,550.82,550.82,0
1961-05-12,550.97,550.97,550.97,550.97,0
1961-05-15,555.77,555.77,555.77,555.77,0
1961-05-16,563.95,563.95,563.95,563.95,0
1961-05-17,567.34,567.34,567.34,567.34,0
1961-05-18,567.9,567.9,567.9,567.9,0
1961-05-19,572.77,572.77,572.77,572.77,0
1961-05-23,579.05,579.05,579.05,579.05,0
1961-05-24,579.46,579.46,579.46,579.46,0
1961-05-25,576.45,576.45,576.45,576.45,0
1961-05-26,570.98,570.98,570.98,570.98,0
1961-05-29,568.04,568.04,568.04,568.04,0
1961-05-30,571.28,571.28,571.28,571.28,0
1961-05-31,572.51,572.51,572.51,572.51,0
1961-06-02,578.38,578.38,578.38,578.38,0
1961-06-05,587.24,587.24,587.24,587.24,0
1961-06-06,591.48,591.48,591.48,591.48,0
1961-06-07,583.48,583.48,583.48,583.48,0
1961-06-08,581.95,581.95,581.95,581.95,0
1961-06-09,581.17,581.17,581.17,581.17,0
1961-06-12,571.47,571.47,571.47,571.47,0
1961-06-13,577.68,577.68,577.68,577.68,0
1961-06-14,582.48,582.48,582.48,582.48,0
1961-06-15,579.57,579.57,579.57,579.57,0
1961-06-16,578.79,578.79,578.79,578.79,0
1961-06-19,573.7,573.7,573.7,573.7,0
1961-06-20,568.71,568.71,568.71,568.71,0
1961-06-21,572.66,572.66,572.66,572.66,0
1961-06-22,567.41,567.41,567.41,567.41,0
1961-06-23,559.42,559.42,559.42,559.42,0
1961-06-26,553.84,553.84,553.84,553.84,0
1961-06-27,546.29,546.29,546.29,546.29,0
1961-06-28,558.3,558.3,558.3,558.3,0
1961-06-29,554.58,554.58,554.58,554.58,0
1961-06-30,554.1,554.1,554.1,554.1,0
1961-07-03,545.06,545.06,545.06,545.06,0
1961-07-04,542.68,542.68,542.68,542.68,0
1961-07-05,547.4,547.4,547.4,547.4,0
1961-07-06,545.1,545.1,545.1,545.1,0
1961-07-07,545.58,545.58,545.58,545.58,0
1961-07-10,534.39,534.39,534.39,534.39,0
1961-07-11,530.18,530.18,530.18,530.18,0
1961-07-12,528.58,528.58,528.58,528.58,0
1961-07-13,536.43,536.43,536.43,536.43,0
1961-07-14,534.61,534.61,534.61,534.61,0
1961-07-17,539.22,539.22,539.22,539.22,0
1961-07-18,527.91,527.91,527.91,527.91,0
1961-07-19,514.34,514.34,514.34,514.34,0
1961-07-20,498.87,498.87,498.87,498.87,0
1961-07-21,500.02,500.02,500.02,500.02,0
1961-07-24,520.44,520.44,520.44,520.44,0
1961-07-25,531.37,531.37,531.37,531.37,0
1961-07-26,528.25,528.25,528.25,528.25,0
1961-07-27,526.46,526.46,526.46,526.46,0
1961-07-28,526.91,526.91,526.91,526.91,0
1961-07-31,525.35,525.35,525.35,525.35,0
1961-08-01,526.2,526.2,526.2,526.2,0
1961-08-02,535.61,535.61,535.61,535.61,0
1961-08-03,542.9,542.9,542.9,542.9,0
1961-08-04,540.11,540.11,540.11,540.11,0
1961-08-07,526.8,526.8,526.8,526.8,0
1961-08-08,537.99,537.99,537.99,537.99,0
1961-08-09,531.41,531.41,531.41,531.41,0
1961-08-10,528.32,528.32,528.32,528.32,0
1961-08-11,528.47,528.47,528.47,528.47,0
1961-08-14,514.34,514.34,514.34,514.34,0
1961-08-15,516.64,516.64,516.64,516.64,0
1961-08-16,515.16,515.16,515.16,515.16,0
1961-08-17,519.4,519.4,519.4,519.4,0
1961-08-18,519.95,519.95,519.95,519.95,0
1961-08-21,516.9,516.9,516.9,516.9,0
1961-08-22,508.61,508.61,508.61,508.61,0
1961-08-23,495.04,495.04,495.04,495.04,0
1961-08-24,471.01,471.01,471.01,471.01,0
1961-08-25,475.21,475.21,475.21,475.21,0
1961-08-28,489.98,489.98,489.98,489.98,0
1961-08-29,492.95,492.95,492.95,492.95,0
1961-08-30,484.03,484.03,484.03,484.03,0
1961-08-31,474.88,474.88,474.88,474.88,0
1961-09-01,474.69,474.69,474.69,474.69,0
1961-09-04,470.12,470.12,470.12,470.12,0
1961-09-05,464.69,464.69,464.69,464.69,0
1961-09-06,455.98,455.98,455.98,455.98,0
1961-09-07,464.09,464.09,464.09,464.09,0
1961-09-08,470.86,470.86,470.86,470.86,0
1961-09-11,478.56,478.56,478.56,478.56,0
1961-09-12,488.94,488.94,488.94,488.94,0
1961-09-13,493.81,493.81,493.81,493.81,0
1961-09-14,488.71,488.71,488.71,488.71,0
1961-09-15,495.52,495.52,495.52,495.52,0
1961-09-18,482.09,482.09,482.09,482.09,0
1961-09-19,483.65,483.65,483.65,483.65,0
1961-09-20,486.85,486.85,486.85,486.85,0
1961-09-21,490.57,490.57,490.57,490.57,0
1961-09-22,487.08,487.08,487.08,487.08,0
1961-09-25,481.61,481.61,481.61,481.61,0
1961-09-26,483.13,483.13,483.13,483.13,0
1961-09-27,479.94,479.94,479.94,479.94,0
1961-09-28,477.07,477.07,477.07,477.07,0
1961-09-29,477.41,477.41,477.41,477.41,0
1961-10-02,481.16,481.16,481.16,481.16,0
1961-10-03,481.53,481.53,481.53,481.53,0
1961-10-04,479.34,479.34,479.34,479.34,0
1961-10-05,479.79,479.79,479.79,479.79,0
1961-10-06,479.56,479.56,479.56,479.56,0
1961-10-09,477.55,477.55,477.55,477.55,0
1961-10-10,481.61,481.61,481.61,481.61,0
1961-10-11,483.88,483.88,483.88,483.88,0
1961-10-12,479.34,479.34,479.34,479.34,0
1961-10-13,478.3,478.3,478.3,478.3,0
1961-10-16,474.5,474.5,474.5,474.5,0
1961-10-17,481.31,481.31,481.31,481.31,0
1961-10-18,487.82,487.82,487.82,487.82,0
1961-10-19,488.97,488.97,488.97,488.97,0
1961-10-20,489.68,489.68,489.68,489.68,0
1961-10-23,494.81,494.81,494.81,494.81,0
1961-10-24,496.23,496.23,496.23,496.23,0
1961-10-25,499.46,499.46,499.46,499.46,0
1961-10-26,497.27,497.27,497.27,497.27,0
1961-10-27,495.04,495.04,495.04,495.04,0
1961-10-30,500.43,500.43,500.43,500.43,0
1961-10-31,501.58,501.58,501.58,501.58,0
1961-11-01,501.51,501.51,501.51,501.51,0
1961-11-02,503.96,503.96,503.96,503.96,0
1961-11-03,501.88,501.88,501.88,501.88,0
1961-11-06,507.46,507.46,507.46,507.46,0
1961-11-07,511.36,511.36,511.36,511.36,0
1961-11-08,513.26,513.26,513.26,513.26,0
1961-11-09,514.12,514.12,514.12,514.12,0
1961-11-10,523.52,523.52,523.52,523.52,0
1961-11-13,530.81,530.81,530.81,530.81,0
1961-11-14,528.06,528.06,528.06,528.06,0
1961-11-15,529.62,529.62,529.62,529.62,0
1961-11-16,518.62,518.62,518.62,518.62,0
1961-11-17,515.12,515.12,515.12,515.12,0
1961-11-20,510.25,510.25,510.25,510.25,0
1961-11-21,511.77,511.77,511.77,511.77,0
1961-11-23,510.99,510.99,510.99,510.99,0
1961-11-24,511.21,511.21,511.21,511.21,0
1961-11-27,510.17,510.17,510.17,510.17,0
1961-11-28,507.2,507.2,507.2,507.2,0
1961-11-29,506.9,506.9,506.9,506.9,0
1961-11-30,509.95,509.95,509.95,509.95,0
1961-12-01,506.83,506.83,506.83,506.83,0
1961-12-04,497.68,497.68,497.68,497.68,0
1961-12-05,498.9,498.9,498.9,498.9,0
1961-12-06,500.17,500.17,500.17,500.17,0
1961-12-07,498.42,498.42,498.42,498.42,0
1961-12-08,500.5,500.5,500.5,500.5,0
1961-12-11,495.48,495.48,495.48,495.48,0
1961-12-12,492.28,492.28,492.28,492.28,0
1961-12-13,491.13,491.13,491.13,491.13,0
1961-12-14,486.03,486.03,486.03,486.03,0
1961-12-15,489.2,489.2,489.2,489.2,0
1961-12-18,485.66,485.66,485.66,485.66,0
1961-12-19,490.39,490.39,490.39,490.39,0
1961-12-20,489.23,489.23,489.23,489.23,0
1961-12-21,489.31,489.31,489.31,489.31,0
1961-12-22,490.39,490.39,490.39,490.39,0
1961-12-27,486.85,486.85,486.85,486.85,0
1961-12-28,487.45,487.45,487.45,487.45,0
1961-12-29,489.79,489.79,489.79,489.79,0
1962-01-02,494.7,494.7,494.7,494.7,0
1962-01-03,491.43,491.43,491.43,491.43,0
1962-01-04,483.54,483.54,483.54,483.54,0
1962-01-05,482.28,482.28,482.28,482.28,0
1962-01-08,474.13,474.13,474.13,474.13,0
1962-01-09,473.72,473.72,473.72,473.72,0
1962-01-10,481.79,481.79,481.79,481.79,0
1962-01-11,484.7,484.7,484.7,484.7,0
1962-01-12,488.68,488.68,488.68,488.68,0
1962-01-15,490.61,490.61,490.61,490.61,0
1962-01-16,490.83,490.83,490.83,490.83,0
1962-01-17,488.56,488.56,488.56,488.56,0
1962-01-18,485.14,485.14,485.14,485.14,0
1962-01-19,483.65,483.65,483.65,483.65,0
1962-01-22,479.12,479.12,479.12,479.12,0
1962-01-23,478.26,478.26,478.26,478.26,0
1962-01-24,482.76,482.76,482.76,482.76,0
1962-01-25,480.34,480.34,480.34,480.34,0
1962-01-26,478.6,478.6,478.6,478.6,0
1962-01-29,477.89,477.89,477.89,477.89,0
1962-01-30,476.4,476.4,476.4,476.4,0
1962-01-31,478.37,478.37,478.37,478.37,0
1962-02-01,481.91,481.91,481.91,481.91,0
1962-02-02,479.23,479.23,479.23,479.23,0
1962-02-05,476.07,476.07,476.07,476.07,0
1962-02-06,470.38,470.38,470.38,470.38,0
1962-02-07,471.23,471.23,471.23,471.23,0
1962-02-08,473.91,473.91,473.91,473.91,0
1962-02-09,475.99,475.99,475.99,475.99,0
1962-02-12,476.77,476.77,476.77,476.77,0
1962-02-13,480.6,480.6,480.6,480.6,0
1962-02-14,479.56,479.56,479.56,479.56,0
1962-02-15,478.86,478.86,478.86,478.86,0
1962-02-16,476.89,476.89,476.89,476.89,0
1962-02-19,474.77,474.77,474.77,474.77,0
1962-02-20,475.4,475.4,475.4,475.4,0
1962-02-21,474.58,474.58,474.58,474.58,0
1962-02-22,473.28,473.28,473.28,473.28,0
1962-02-23,472.42,472.42,472.42,472.42,0
1962-02-26,471.98,471.98,471.98,471.98,0
1962-02-27,469.45,469.45,469.45,469.45,0
1962-02-28,473.09,473.09,473.09,473.09,0
1962-03-01,474.36,474.36,474.36,474.36,0
1962-03-02,477.96,477.96,477.96,477.96,0
1962-03-05,479.23,479.23,479.23,479.23,0
1962-03-06,481.24,481.24,481.24,481.24,0
1962-03-07,478.63,478.63,478.63,478.63,0
1962-03-08,474.91,474.91,474.91,474.91,0
1962-03-09,475.58,475.58,475.58,475.58,0
1962-03-12,474.91,474.91,474.91,474.91,0
1962-03-13,477.63,477.63,477.63,477.63,0
1962-03-14,479.6,479.6,479.6,479.6,0
1962-03-15,478.22,478.22,478.22,478.22,0
1962-03-16,475.88,475.88,475.88,475.88,0
1962-03-19,474.21,474.21,474.21,474.21,0
1962-03-20,468.89,468.89,468.89,468.89,0
1962-03-21,467.48,467.48,467.48,467.48,0
1962-03-22,460.37,460.37,460.37,460.37,0
1962-03-23,454.76,454.76,454.76,454.76,0
1962-03-26,444.68,444.68,444.68,444.68,0
1962-03-27,452.67,452.67,452.67,452.67,0
1962-03-28,461.19,461.19,461.19,461.19,0
1962-03-29,464.43,464.43,464.43,464.43,0
1962-03-30,466.99,466.99,466.99,466.99,0
1962-04-02,470.82,470.82,470.82,470.82,0
1962-04-03,467.03,467.03,467.03,467.03,0
1962-04-04,462.94,462.94,462.94,462.94,0
1962-04-05,453.53,453.53,453.53,453.53,0
1962-04-06,452.52,452.52,452.52,452.52,0
1962-04-09,454.72,454.72,454.72,454.72,0
1962-04-10,450.81,450.81,450.81,450.81,0
1962-04-11,448.95,448.95,448.95,448.95,0
1962-04-12,456.43,456.43,456.43,456.43,0
1962-04-13,456.39,456.39,456.39,456.39,0
1962-04-16,452.78,452.78,452.78,452.78,0
1962-04-17,450.4,450.4,450.4,450.4,0
1962-04-18,453.64,453.64,453.64,453.64,0
1962-04-19,457.28,457.28,457.28,457.28,0
1962-04-24,458.59,458.59,458.59,458.59,0
1962-04-25,453.31,453.31,453.31,453.31,0
1962-04-26,451.52,451.52,451.52,451.52,0
1962-04-27,449.51,449.51,449.51,449.51,0
1962-04-30,448.43,448.43,448.43,448.43,0
1962-05-02,447.43,447.43,447.43,447.43,0
1962-05-03,444.27,444.27,444.27,444.27,0
1962-05-04,446.65,446.65,446.65,446.65,0
1962-05-07,448.58,448.58,448.58,448.58,0
1962-05-08,446.13,446.13,446.13,446.13,0
1962-05-09,438.24,438.24,438.24,438.24,0
1962-05-10,425.19,425.19,425.19,425.19,0
1962-05-11,434.45,434.45,434.45,434.45,0
1962-05-14,425.04,425.04,425.04,425.04,0
1962-05-15,419.98,419.98,419.98,419.98,0
1962-05-16,416.6,416.6,416.6,416.6,0
1962-05-18,411.61,411.61,411.61,411.61,0
1962-05-21,410.79,410.79,410.79,410.79,0
1962-05-22,410.09,410.09,410.09,410.09,0
1962-05-23,407.56,407.56,407.56,407.56,0
1962-05-24,398.89,398.89,398.89,398.89,0
1962-05-25,398.3,398.3,398.3,398.3,0
1962-05-28,381.97,381.97,381.97,381.97,0
1962-05-29,354.41,354.41,354.41,354.41,0
1962-05-30,399.6,399.6,399.6,399.6,0
1962-06-01,406.26,406.26,406.26,406.26,0
1962-06-04,401.16,401.16,401.16,401.16,0
1962-06-05,394.69,394.69,394.69,394.69,0
1962-06-06,401.5,401.5,401.5,401.5,0
1962-06-07,400.27,400.27,400.27,400.27,0
1962-06-08,401.68,401.68,401.68,401.68,0
1962-06-12,397.55,397.55,397.55,397.55,0
1962-06-13,392.76,392.76,392.76,392.76,0
1962-06-14,391.01,391.01,391.01,391.01,0
1962-06-15,386.77,386.77,386.77,386.77,0
1962-06-18,391.6,391.6,391.6,391.6,0
1962-06-19,388.96,388.96,388.96,388.96,0
1962-06-20,386.21,386.21,386.21,386.21,0
1962-06-22,378.44,378.44,378.44,378.44,0
1962-06-25,366.72,366.72,366.72,366.72,0
1962-06-26,364.19,364.19,364.19,364.19,0
1962-06-27,356.9,356.9,356.9,356.9,0
1962-06-28,362.37,362.37,362.37,362.37,0
1962-06-29,374.68,374.68,374.68,374.68,0
1962-07-02,371.85,371.85,371.85,371.85,0
1962-07-03,382.3,382.3,382.3,382.3,0
1962-07-04,393.5,393.5,393.5,393.5,0
1962-07-05,391.86,391.86,391.86,391.86,0
1962-07-06,388.11,388.11,388.11,388.11,0
1962-07-09,383.94,383.94,383.94,383.94,0
1962-07-10,399.49,399.49,399.49,399.49,0
1962-07-11,392.23,392.23,392.23,392.23,0
1962-07-12,397.48,397.48,397.48,397.48,0
1962-07-13,396.21,396.21,396.21,396.21,0
1962-07-16,390.86,390.86,390.86,390.86,0
1962-07-17,390.67,390.67,390.67,390.67,0
1962-07-18,385.95,385.95,385.95,385.95,0
1962-07-19,387.33,387.33,387.33,387.33,0
1962-07-20,387.85,387.85,387.85,387.85,0
1962-07-23,380.74,380.74,380.74,380.74,0
1962-07-24,377.28,377.28,377.28,377.28,0
1962-07-25,373.79,373.79,373.79,373.79,0
1962-07-26,368.54,368.54,368.54,368.54,0
1962-07-27,366.79,366.79,366.79,366.79,0
1962-07-30,362.44,362.44,362.44,362.44,0
1962-07-31,360.73,360.73,360.73,360.73,0
1962-08-01,366.65,366.65,366.65,366.65,0
1962-08-02,359.13,359.13,359.13,359.13,0
1962-08-03,354.89,354.89,354.89,354.89,0
1962-08-06,349.09,349.09,349.09,349.09,0
1962-08-07,342.58,342.58,342.58,342.58,0
1962-08-08,345.89,345.89,345.89,345.89,0
1962-08-09,357.94,357.94,357.94,357.94,0
1962-08-10,370.51,370.51,370.51,370.51,0
1962-08-13,373.3,373.3,373.3,373.3,0
1962-08-14,378.32,378.32,378.32,378.32,0
1962-08-15,390.52,390.52,390.52,390.52,0
1962-08-16,394.21,394.21,394.21,394.21,0
1962-08-17,381.71,381.71,381.71,381.71,0
1962-08-20,376.54,376.54,376.54,376.54,0
1962-08-21,380.07,380.07,380.07,380.07,0
1962-08-22,387.29,387.29,387.29,387.29,0
1962-08-23,383.83,383.83,383.83,383.83,0
1962-08-24,380,380,380,380,0
1962-08-27,381.08,381.08,381.08,381.08,0
1962-08-28,383.05,383.05,383.05,383.05,0
1962-08-29,382.42,382.42,382.42,382.42,0
1962-08-30,384.94,384.94,384.94,384.94,0
1962-08-31,383.09,383.09,383.09,383.09,0
1962-09-03,382.04,382.04,382.04,382.04,0
1962-09-04,380.63,380.63,380.63,380.63,0
1962-09-05,377.62,377.62,377.62,377.62,0
1962-09-06,374.64,374.64,374.64,374.64,0
1962-09-07,375.76,375.76,375.76,375.76,0
1962-09-10,372.93,372.93,372.93,372.93,0
1962-09-11,373.94,373.94,373.94,373.94,0
1962-09-12,375.72,375.72,375.72,375.72,0
1962-09-13,375.2,375.2,375.2,375.2,0
1962-09-14,373.68,373.68,373.68,373.68,0
1962-09-17,373.56,373.56,373.56,373.56,0
1962-09-18,372.63,372.63,372.63,372.63,0
1962-09-19,369.29,369.29,369.29,369.29,0
1962-09-20,365.27,365.27,365.27,365.27,0
1962-09-21,362.7,362.7,362.7,362.7,0
1962-09-24,356.75,356.75,356.75,356.75,0
1962-09-25,354.82,354.82,354.82,354.82,0
1962-09-26,361.36,361.36,361.36,361.36,0
1962-09-27,353.81,353.81,353.81,353.81,0
1962-09-28,354.52,354.52,354.52,354.52,0
1962-10-01,354.04,354.04,354.04,354.04,0
1962-10-02,349.2,349.2,349.2,349.2,0
1962-10-03,349.09,349.09,349.09,349.09,0
1962-10-04,344.78,344.78,344.78,344.78,0
1962-10-05,341.24,341.24,341.24,341.24,0
1962-10-08,339.24,339.24,339.24,339.24,0
1962-10-09,336.71,336.71,336.71,336.71,0
1962-10-10,333.1,333.1,333.1,333.1,0
1962-10-11,326.33,326.33,326.33,326.33,0
1962-10-12,319.86,319.86,319.86,319.86,0
1962-10-15,319.89,319.89,319.89,319.89,0
1962-10-16,334.92,334.92,334.92,334.92,0
1962-10-17,335,335,335,335,0
1962-10-18,340.35,340.35,340.35,340.35,0
1962-10-19,346.86,346.86,346.86,346.86,0
1962-10-22,334.92,334.92,334.92,334.92,0
1962-10-23,324.58,324.58,324.58,324.58,0
1962-10-24,316.62,316.62,316.62,316.62,0
1962-10-25,333.54,333.54,333.54,333.54,0
1962-10-26,333.92,333.92,333.92,333.92,0
1962-10-29,358.2,358.2,358.2,358.2,0
1962-10-30,353.44,353.44,353.44,353.44,0
1962-10-31,349.57,349.57,349.57,349.57,0
1962-11-01,346.26,346.26,346.26,346.26,0
1962-11-02,348.24,348.24,348.24,348.24,0
1962-11-05,350.06,350.06,350.06,350.06,0
1962-11-06,355.45,355.45,355.45,355.45,0
1962-11-07,356.75,356.75,356.75,356.75,0
1962-11-08,357.12,357.12,357.12,357.12,0
1962-11-09,358.43,358.43,358.43,358.43,0
1962-11-12,365.83,365.83,365.83,365.83,0
1962-11-13,363.63,363.63,363.63,363.63,0
1962-11-14,356.72,356.72,356.72,356.72,0
1962-11-15,362.78,362.78,362.78,362.78,0
1962-11-16,359.47,359.47,359.47,359.47,0
1962-11-19,361.29,361.29,361.29,361.29,0
1962-11-20,366.65,366.65,366.65,366.65,0
1962-11-22,382.6,382.6,382.6,382.6,0
1962-11-23,386.69,386.69,386.69,386.69,0
1962-11-26,393.09,393.09,393.09,393.09,0
1962-11-27,389.22,389.22,389.22,389.22,0
1962-11-28,398.71,398.71,398.71,398.71,0
1962-11-29,400.19,400.19,400.19,400.19,0
1962-11-30,404.14,404.14,404.14,404.14,0
1962-12-03,402.8,402.8,402.8,402.8,0
1962-12-04,390.93,390.93,390.93,390.93,0
1962-12-05,397.55,397.55,397.55,397.55,0
1962-12-06,400.42,400.42,400.42,400.42,0
1962-12-07,397.63,397.63,397.63,397.63,0
1962-12-10,393.65,393.65,393.65,393.65,0
1962-12-11,391.19,391.19,391.19,391.19,0
1962-12-12,393.2,393.2,393.2,393.2,0
1962-12-13,390.9,390.9,390.9,390.9,0
1962-12-14,385.13,385.13,385.13,385.13,0
1962-12-17,389.26,389.26,389.26,389.26,0
1962-12-18,384.94,384.94,384.94,384.94,0
1962-12-19,380.22,380.22,380.22,380.22,0
1962-12-20,387.1,387.1,387.1,387.1,0
1962-12-21,388.96,388.96,388.96,388.96,0
1962-12-24,387.88,387.88,387.88,387.88,0
1962-12-27,387.66,387.66,387.66,387.66,0
1962-12-28,383.9,383.9,383.9,383.9,0
1962-12-31,386.32,386.32,386.32,386.32,0
1963-01-02,383.46,383.46,383.46,383.46,0
1963-01-03,379.25,379.25,379.25,379.25,0
1963-01-04,382.08,382.08,382.08,382.08,0
1963-01-07,377.47,377.47,377.47,377.47,0
1963-01-08,374.01,374.01,374.01,374.01,0
1963-01-09,372.15,372.15,372.15,372.15,0
1963-01-10,368.51,368.51,368.51,368.51,0
1963-01-11,370.66,370.66,370.66,370.66,0
1963-01-14,364.56,364.56,364.56,364.56,0
1963-01-15,361.85,361.85,361.85,361.85,0
1963-01-16,365.42,365.42,365.42,365.42,0
1963-01-17,369.1,369.1,369.1,369.1,0
1963-01-18,371.63,371.63,371.63,371.63,0
1963-01-21,369.44,369.44,369.44,369.44,0
1963-01-22,370.44,370.44,370.44,370.44,0
1963-01-23,373.71,373.71,373.71,373.71,0
1963-01-24,371.11,371.11,371.11,371.11,0
1963-01-25,370.37,370.37,370.37,370.37,0
1963-01-28,370.25,370.25,370.25,370.25,0
1963-01-29,370.81,370.81,370.81,370.81,0
1963-01-30,366.68,366.68,366.68,366.68,0
1963-01-31,367.02,367.02,367.02,367.02,0
1963-02-01,367.35,367.35,367.35,367.35,0
1963-02-04,367.46,367.46,367.46,367.46,0
1963-02-05,366.98,366.98,366.98,366.98,0
1963-02-06,366.39,366.39,366.39,366.39,0
1963-02-07,367.5,367.5,367.5,367.5,0
1963-02-08,364.6,364.6,364.6,364.6,0
1963-02-11,362.15,362.15,362.15,362.15,0
1963-02-12,360.14,360.14,360.14,360.14,0
1963-02-13,361.07,361.07,361.07,361.07,0
1963-02-14,363.67,363.67,363.67,363.67,0
1963-02-15,362.96,362.96,362.96,362.96,0
1963-02-18,358.8,358.8,358.8,358.8,0
1963-02-19,357.53,357.53,357.53,357.53,0
1963-02-20,354.71,354.71,354.71,354.71,0
1963-02-21,350.24,350.24,350.24,350.24,0
1963-02-22,349.61,349.61,349.61,349.61,0
1963-02-25,346.67,346.67,346.67,346.67,0
1963-02-26,347.49,347.49,347.49,347.49,0
1963-02-27,350.91,350.91,350.91,350.91,0
1963-02-28,349.57,349.57,349.57,349.57,0
1963-03-01,348.83,348.83,348.83,348.83,0
1963-03-04,348.79,348.79,348.79,348.79,0
1963-03-05,352.22,352.22,352.22,352.22,0
1963-03-06,352.88,352.88,352.88,352.88,0
1963-03-07,357.35,357.35,357.35,357.35,0
1963-03-08,364.86,364.86,364.86,364.86,0
1963-03-11,362.15,362.15,362.15,362.15,0
1963-03-12,358.65,358.65,358.65,358.65,0
1963-03-13,359.24,359.24,359.24,359.24,0
1963-03-14,359.02,359.02,359.02,359.02,0
1963-03-15,358.02,358.02,358.02,358.02,0
1963-03-18,357.09,357.09,357.09,357.09,0
1963-03-19,359.02,359.02,359.02,359.02,0
1963-03-20,360.58,360.58,360.58,360.58,0
1963-03-21,360.77,360.77,360.77,360.77,0
1963-03-22,360.06,360.06,360.06,360.06,0
1963-03-25,362.22,362.22,362.22,362.22,0
1963-03-26,363.56,363.56,363.56,363.56,0
1963-03-27,364.3,364.3,364.3,364.3,0
1963-03-28,364.9,364.9,364.9,364.9,0
1963-03-29,364.19,364.19,364.19,364.19,0
1963-04-01,363.86,363.86,363.86,363.86,0
1963-04-02,367.61,367.61,367.61,367.61,0
1963-04-03,365.98,365.98,365.98,365.98,0
1963-04-04,368.28,368.28,368.28,368.28,0
1963-04-05,370.96,370.96,370.96,370.96,0
1963-04-08,373.64,373.64,373.64,373.64,0
1963-04-09,372.49,372.49,372.49,372.49,0
1963-04-10,373.79,373.79,373.79,373.79,0
1963-04-11,376.65,376.65,376.65,376.65,0
1963-04-16,378.73,378.73,378.73,378.73,0
1963-04-17,377.21,377.21,377.21,377.21,0
1963-04-18,375.91,375.91,375.91,375.91,0
1963-04-19,379.92,379.92,379.92,379.92,0
1963-04-22,381.3,381.3,381.3,381.3,0
1963-04-23,381.86,381.86,381.86,381.86,0
1963-04-24,381.11,381.11,381.11,381.11,0
1963-04-25,382.97,382.97,382.97,382.97,0
1963-04-26,383.23,383.23,383.23,383.23,0
1963-04-29,382.16,382.16,382.16,382.16,0
1963-04-30,380.63,380.63,380.63,380.63,0
1963-05-02,380.67,380.67,380.67,380.67,0
1963-05-03,388.18,388.18,388.18,388.18,0
1963-05-06,393.16,393.16,393.16,393.16,0
1963-05-07,405.48,405.48,405.48,405.48,0
1963-05-08,410.83,410.83,410.83,410.83,0
1963-05-09,419.24,419.24,419.24,419.24,0
1963-05-10,426.23,426.23,426.23,426.23,0
1963-05-13,442.56,442.56,442.56,442.56,0
1963-05-14,437.24,437.24,437.24,437.24,0
1963-05-15,428.35,428.35,428.35,428.35,0
1963-05-16,436.61,436.61,436.61,436.61,0
1963-05-17,433.78,433.78,433.78,433.78,0
1963-05-20,426.86,426.86,426.86,426.86,0
1963-05-21,417.12,417.12,417.12,417.12,0
1963-05-22,426.19,426.19,426.19,426.19,0
1963-05-24,430.32,430.32,430.32,430.32,0
1963-05-27,428.68,428.68,428.68,428.68,0
1963-05-28,425.22,425.22,425.22,425.22,0
1963-05-29,427.98,427.98,427.98,427.98,0
1963-05-30,432.03,432.03,432.03,432.03,0
1963-05-31,437.05,437.05,437.05,437.05,0
1963-06-04,437.5,437.5,437.5,437.5,0
1963-06-05,434.63,434.63,434.63,434.63,0
1963-06-07,431.44,431.44,431.44,431.44,0
1963-06-10,426.41,426.41,426.41,426.41,0
1963-06-11,431.4,431.4,431.4,431.4,0
1963-06-12,434.56,434.56,434.56,434.56,0
1963-06-14,434.23,434.23,434.23,434.23,0
1963-06-18,432.59,432.59,432.59,432.59,0
1963-06-19,433.89,433.89,433.89,433.89,0
1963-06-20,433.22,433.22,433.22,433.22,0
1963-06-21,432.77,432.77,432.77,432.77,0
1963-06-24,431.4,431.4,431.4,431.4,0
1963-06-25,428.46,428.46,428.46,428.46,0
1963-06-26,427.16,427.16,427.16,427.16,0
1963-06-27,423.48,423.48,423.48,423.48,0
1963-06-28,423.4,423.4,423.4,423.4,0
1963-07-01,423.96,423.96,423.96,423.96,0
1963-07-02,419.98,419.98,419.98,419.98,0
1963-07-03,422.14,422.14,422.14,422.14,0
1963-07-04,425.71,425.71,425.71,425.71,0
1963-07-05,428.5,428.5,428.5,428.5,0
1963-07-08,428.39,428.39,428.39,428.39,0
1963-07-09,427.72,427.72,427.72,427.72,0
1963-07-10,427.6,427.6,427.6,427.6,0
1963-07-11,428.46,428.46,428.46,428.46,0
1963-07-12,432.77,432.77,432.77,432.77,0
1963-07-15,431.51,431.51,431.51,431.51,0
1963-07-16,431.62,431.62,431.62,431.62,0
1963-07-17,435.04,435.04,435.04,435.04,0
1963-07-18,435.38,435.38,435.38,435.38,0
1963-07-19,425.08,425.08,425.08,425.08,0
1963-07-22,421.99,421.99,421.99,421.99,0
1963-07-23,424.7,424.7,424.7,424.7,0
1963-07-24,430.02,430.02,430.02,430.02,0
1963-07-25,431.44,431.44,431.44,431.44,0
1963-07-26,433.85,433.85,433.85,433.85,0
1963-07-29,435.82,435.82,435.82,435.82,0
1963-07-30,434.3,434.3,434.3,434.3,0
1963-07-31,433,433,433,433,0
1963-08-01,431.25,431.25,431.25,431.25,0
1963-08-02,431.99,431.99,431.99,431.99,0
1963-08-05,430.84,430.84,430.84,430.84,0
1963-08-06,433.44,433.44,433.44,433.44,0
1963-08-07,434,434,434,434,0
1963-08-08,435.94,435.94,435.94,435.94,0
1963-08-09,437.83,437.83,437.83,437.83,0
1963-08-12,439.73,439.73,439.73,439.73,0
1963-08-13,446.2,446.2,446.2,446.2,0
1963-08-14,448.99,448.99,448.99,448.99,0
1963-08-15,448.69,448.69,448.69,448.69,0
1963-08-16,448.77,448.77,448.77,448.77,0
1963-08-19,451.33,451.33,451.33,451.33,0
1963-08-20,454.46,454.46,454.46,454.46,0
1963-08-21,455.05,455.05,455.05,455.05,0
1963-08-22,452.56,452.56,452.56,452.56,0
1963-08-26,450.59,450.59,450.59,450.59,0
1963-08-27,448.66,448.66,448.66,448.66,0
1963-08-28,448.95,448.95,448.95,448.95,0
1963-08-29,451.26,451.26,451.26,451.26,0
1963-08-30,453.23,453.23,453.23,453.23,0
1963-09-02,453.64,453.64,453.64,453.64,0
1963-09-03,456.21,456.21,456.21,456.21,0
1963-09-04,458.29,458.29,458.29,458.29,0
1963-09-05,459.4,459.4,459.4,459.4,0
1963-09-06,462.53,462.53,462.53,462.53,0
1963-09-09,464.35,464.35,464.35,464.35,0
1963-09-10,462.6,462.6,462.6,462.6,0
1963-09-11,459.93,459.93,459.93,459.93,0
1963-09-12,456.28,456.28,456.28,456.28,0
1963-09-13,456.84,456.84,456.84,456.84,0
1963-09-16,454.38,454.38,454.38,454.38,0
1963-09-17,455.65,455.65,455.65,455.65,0
1963-09-18,457.32,457.32,457.32,457.32,0
1963-09-19,456.65,456.65,456.65,456.65,0
1963-09-20,457.99,457.99,457.99,457.99,0
1963-09-23,457.55,457.55,457.55,457.55,0
1963-09-24,454.57,454.57,454.57,454.57,0
1963-09-25,455.57,455.57,455.57,455.57,0
1963-09-26,453.71,453.71,453.71,453.71,0
1963-09-27,450.81,450.81,450.81,450.81,0
1963-09-30,452.15,452.15,452.15,452.15,0
1963-10-01,455.91,455.91,455.91,455.91,0
1963-10-02,457.28,457.28,457.28,457.28,0
1963-10-03,454.38,454.38,454.38,454.38,0
1963-10-04,453.42,453.42,453.42,453.42,0
1963-10-07,451.37,451.37,451.37,451.37,0
1963-10-08,450.48,450.48,450.48,450.48,0
1963-10-09,451.45,451.45,451.45,451.45,0
1963-10-10,448.36,448.36,448.36,448.36,0
1963-10-11,448.8,448.8,448.8,448.8,0
1963-10-14,443.9,443.9,443.9,443.9,0
1963-10-15,442.67,442.67,442.67,442.67,0
1963-10-16,443.3,443.3,443.3,443.3,0
1963-10-17,443.86,443.86,443.86,443.86,0
1963-10-18,445.27,445.27,445.27,445.27,0
1963-10-21,444.79,444.79,444.79,444.79,0
1963-10-22,440.77,440.77,440.77,440.77,0
1963-10-23,437.98,437.98,437.98,437.98,0
1963-10-24,431.44,431.44,431.44,431.44,0
1963-10-25,428.16,428.16,428.16,428.16,0
1963-10-28,434.82,434.82,434.82,434.82,0
1963-10-29,441.51,441.51,441.51,441.51,0
1963-10-30,439.66,439.66,439.66,439.66,0
1963-10-31,436.72,436.72,436.72,436.72,0
1963-11-01,440.18,440.18,440.18,440.18,0
1963-11-04,435.64,435.64,435.64,435.64,0
1963-11-05,435.16,435.16,435.16,435.16,0
1963-11-06,435.9,435.9,435.9,435.9,0
1963-11-07,434.52,434.52,434.52,434.52,0
1963-11-08,432.89,432.89,432.89,432.89,0
1963-11-11,430.99,430.99,430.99,430.99,0
1963-11-12,431.81,431.81,431.81,431.81,0
1963-11-13,433.67,433.67,433.67,433.67,0
1963-11-14,435.97,435.97,435.97,435.97,0
1963-11-15,435.08,435.08,435.08,435.08,0
1963-11-18,433.3,433.3,433.3,433.3,0
1963-11-19,431.77,431.77,431.77,431.77,0
1963-11-21,428.27,428.27,428.27,428.27,0
1963-11-22,425.3,425.3,425.3,425.3,0
1963-11-25,420.43,420.43,420.43,420.43,0
1963-11-26,426.94,426.94,426.94,426.94,0
1963-11-27,426.6,426.6,426.6,426.6,0
1963-11-28,422.32,422.32,422.32,422.32,0
1963-11-29,423.14,423.14,423.14,423.14,0
1963-12-02,426.64,426.64,426.64,426.64,0
1963-12-03,431.77,431.77,431.77,431.77,0
1963-12-04,434.67,434.67,434.67,434.67,0
1963-12-05,432.03,432.03,432.03,432.03,0
1963-12-06,430.8,430.8,430.8,430.8,0
1963-12-09,429.06,429.06,429.06,429.06,0
1963-12-10,426.86,426.86,426.86,426.86,0
1963-12-11,431.47,431.47,431.47,431.47,0
1963-12-12,431.03,431.03,431.03,431.03,0
1963-12-13,428.53,428.53,428.53,428.53,0
1963-12-16,428.46,428.46,428.46,428.46,0
1963-12-17,429.8,429.8,429.8,429.8,0
1963-12-18,432.48,432.48,432.48,432.48,0
1963-12-19,430.99,430.99,430.99,430.99,0
1963-12-20,430.43,430.43,430.43,430.43,0
1963-12-23,433.78,433.78,433.78,433.78,0
1963-12-27,441.78,441.78,441.78,441.78,0
1963-12-30,441.74,441.74,441.74,441.74,0
1963-12-31,438.95,438.95,438.95,438.95,0
1964-01-02,443,443,443,443,0
1964-01-03,450.78,450.78,450.78,450.78,0
1964-01-06,453.75,453.75,453.75,453.75,0
1964-01-07,451.15,451.15,451.15,451.15,0
1964-01-08,455.31,455.31,455.31,455.31,0
1964-01-09,458.62,458.62,458.62,458.62,0
1964-01-10,460.37,460.37,460.37,460.37,0
1964-01-13,462.98,462.98,462.98,462.98,0
1964-01-14,463.64,463.64,463.64,463.64,0
1964-01-15,467.07,467.07,467.07,467.07,0
1964-01-16,463.87,463.87,463.87,463.87,0
1964-01-17,464.54,464.54,464.54,464.54,0
1964-01-20,461.08,461.08,461.08,461.08,0
1964-01-21,455.57,455.57,455.57,455.57,0
1964-01-22,463.61,463.61,463.61,463.61,0
1964-01-23,467.74,467.74,467.74,467.74,0
1964-01-24,467.96,467.96,467.96,467.96,0
1964-01-27,463.16,463.16,463.16,463.16,0
1964-01-28,470.71,470.71,470.71,470.71,0
1964-01-29,472.12,472.12,472.12,472.12,0
1964-01-30,473.13,473.13,473.13,473.13,0
1964-01-31,475.58,475.58,475.58,475.58,0
1964-02-03,476.85,476.85,476.85,476.85,0
1964-02-04,473.2,473.2,473.2,473.2,0
1964-02-05,471.68,471.68,471.68,471.68,0
1964-02-06,473.31,473.31,473.31,473.31,0
1964-02-07,476.29,476.29,476.29,476.29,0
1964-02-10,479.9,479.9,479.9,479.9,0
1964-02-11,479.71,479.71,479.71,479.71,0
1964-02-12,478.89,478.89,478.89,478.89,0
1964-02-13,477.26,477.26,477.26,477.26,0
1964-02-14,478.74,478.74,478.74,478.74,0
1964-02-17,479.97,479.97,479.97,479.97,0
1964-02-18,482.8,482.8,482.8,482.8,0
1964-02-19,481.01,481.01,481.01,481.01,0
1964-02-20,482.06,482.06,482.06,482.06,0
1964-02-21,482.54,482.54,482.54,482.54,0
1964-02-24,480.57,480.57,480.57,480.57,0
1964-02-25,479.67,479.67,479.67,479.67,0
1964-02-26,482.87,482.87,482.87,482.87,0
1964-02-27,485.51,485.51,485.51,485.51,0
1964-02-28,488.64,488.64,488.64,488.64,0
1964-03-02,494.51,494.51,494.51,494.51,0
1964-03-03,495.85,495.85,495.85,495.85,0
1964-03-04,492.95,492.95,492.95,492.95,0
1964-03-05,492.65,492.65,492.65,492.65,0
1964-03-06,495.82,495.82,495.82,495.82,0
1964-03-09,499.57,499.57,499.57,499.57,0
1964-03-10,503.66,503.66,503.66,503.66,0
1964-03-11,508.39,508.39,508.39,508.39,0
1964-03-12,507.23,507.23,507.23,507.23,0
1964-03-13,507.57,507.57,507.57,507.57,0
1964-03-16,510.69,510.69,510.69,510.69,0
1964-03-17,508.83,508.83,508.83,508.83,0
1964-03-18,508.42,508.42,508.42,508.42,0
1964-03-19,507.87,507.87,507.87,507.87,0
1964-03-20,508.91,508.91,508.91,508.91,0
1964-03-23,507.2,507.2,507.2,507.2,0
1964-03-24,498.94,498.94,498.94,498.94,0
1964-03-25,497.27,497.27,497.27,497.27,0
1964-03-26,505.19,505.19,505.19,505.19,0
1964-03-31,509.73,509.73,509.73,509.73,0
1964-04-01,509.99,509.99,509.99,509.99,0
1964-04-02,512.66,512.66,512.66,512.66,0
1964-04-03,515.45,515.45,515.45,515.45,0
1964-04-06,514.12,514.12,514.12,514.12,0
1964-04-07,510.14,510.14,510.14,510.14,0
1964-04-08,506.16,506.16,506.16,506.16,0
1964-04-09,504.11,504.11,504.11,504.11,0
1964-04-10,504.26,504.26,504.26,504.26,0
1964-04-13,501.13,501.13,501.13,501.13,0
1964-04-14,496.41,496.41,496.41,496.41,0
1964-04-15,500.06,500.06,500.06,500.06,0
1964-04-16,498.75,498.75,498.75,498.75,0
1964-04-17,504.3,504.3,504.3,504.3,0
1964-04-20,503.03,503.03,503.03,503.03,0
1964-04-21,508.35,508.35,508.35,508.35,0
1964-04-22,503.85,503.85,503.85,503.85,0
1964-04-23,503.59,503.59,503.59,503.59,0
1964-04-24,505.19,505.19,505.19,505.19,0
1964-04-27,504.26,504.26,504.26,504.26,0
1964-04-28,503.96,503.96,503.96,503.96,0
1964-04-29,498.72,498.72,498.72,498.72,0
1964-04-30,500.35,500.35,500.35,500.35,0
1964-05-04,494.55,494.55,494.55,494.55,0
1964-05-05,491.73,491.73,491.73,491.73,0
1964-05-06,486.85,486.85,486.85,486.85,0
1964-05-08,488.9,488.9,488.9,488.9,0
1964-05-11,495.26,495.26,495.26,495.26,0
1964-05-12,501.02,501.02,501.02,501.02,0
1964-05-13,493.7,493.7,493.7,493.7,0
1964-05-14,492.1,492.1,492.1,492.1,0
1964-05-15,498.68,498.68,498.68,498.68,0
1964-05-19,497.6,497.6,497.6,497.6,0
1964-05-20,493.66,493.66,493.66,493.66,0
1964-05-21,494.51,494.51,494.51,494.51,0
1964-05-22,490.8,490.8,490.8,490.8,0
1964-05-25,484.66,484.66,484.66,484.66,0
1964-05-26,485.74,485.74,485.74,485.74,0
1964-05-27,481.72,481.72,481.72,481.72,0
1964-05-29,482.28,482.28,482.28,482.28,0
1964-06-01,477.18,477.18,477.18,477.18,0
1964-06-02,471.38,471.38,471.38,471.38,0
1964-06-03,467.18,467.18,467.18,467.18,0
1964-06-04,471.53,471.53,471.53,471.53,0
1964-06-05,477,477,477,477,0
1964-06-08,478.6,478.6,478.6,478.6,0
1964-06-09,479.97,479.97,479.97,479.97,0
1964-06-10,483.39,483.39,483.39,483.39,0
1964-06-11,479.41,479.41,479.41,479.41,0
1964-06-12,476.03,476.03,476.03,476.03,0
1964-06-15,472.79,472.79,472.79,472.79,0
1964-06-16,469.22,469.22,469.22,469.22,0
1964-06-18,469.78,469.78,469.78,469.78,0
1964-06-19,476.66,476.66,476.66,476.66,0
1964-06-22,475.96,475.96,475.96,475.96,0
1964-06-23,483.39,483.39,483.39,483.39,0
1964-06-24,485.22,485.22,485.22,485.22,0
1964-06-25,482.54,482.54,482.54,482.54,0
1964-06-26,479.82,479.82,479.82,479.82,0
1964-06-29,482.5,482.5,482.5,482.5,0
1964-06-30,485.51,485.51,485.51,485.51,0
1964-07-01,492.13,492.13,492.13,492.13,0
1964-07-02,489.2,489.2,489.2,489.2,0
1964-07-03,492.13,492.13,492.13,492.13,0
1964-07-06,495.07,495.07,495.07,495.07,0
1964-07-07,495.89,495.89,495.89,495.89,0
1964-07-08,490.94,490.94,490.94,490.94,0
1964-07-09,494.7,494.7,494.7,494.7,0
1964-07-10,496.6,496.6,496.6,496.6,0
1964-07-13,499.68,499.68,499.68,499.68,0
1964-07-14,498.49,498.49,498.49,498.49,0
1964-07-15,497.53,497.53,497.53,497.53,0
1964-07-16,494.96,494.96,494.96,494.96,0
1964-07-17,496.41,496.41,496.41,496.41,0
1964-07-20,496,496,496,496,0
1964-07-21,491.84,491.84,491.84,491.84,0
1964-07-22,490.24,490.24,490.24,490.24,0
1964-07-23,495.59,495.59,495.59,495.59,0
1964-07-24,492.8,492.8,492.8,492.8,0
1964-07-27,494.51,494.51,494.51,494.51,0
1964-07-28,496.93,496.93,496.93,496.93,0
1964-07-29,500.02,500.02,500.02,500.02,0
1964-07-30,501.13,501.13,501.13,501.13,0
1964-07-31,502.66,502.66,502.66,502.66,0
1964-08-03,501.21,501.21,501.21,501.21,0
1964-08-04,504.59,504.59,504.59,504.59,0
1964-08-05,501.25,501.25,501.25,501.25,0
1964-08-06,501.1,501.1,501.1,501.1,0
1964-08-07,499.35,499.35,499.35,499.35,0
1964-08-10,500.32,500.32,500.32,500.32,0
1964-08-11,502.62,502.62,502.62,502.62,0
1964-08-12,506.08,506.08,506.08,506.08,0
1964-08-13,510.02,510.02,510.02,510.02,0
1964-08-14,512.92,512.92,512.92,512.92,0
1964-08-17,513.07,513.07,513.07,513.07,0
1964-08-18,511.51,511.51,511.51,511.51,0
1964-08-19,508.95,508.95,508.95,508.95,0
1964-08-20,509.5,509.5,509.5,509.5,0
1964-08-21,512.59,512.59,512.59,512.59,0
1964-08-24,513.15,513.15,513.15,513.15,0
1964-08-25,512.03,512.03,512.03,512.03,0
1964-08-26,511.85,511.85,511.85,511.85,0
1964-08-27,515.31,515.31,515.31,515.31,0
1964-08-28,517.61,517.61,517.61,517.61,0
1964-08-31,518.47,518.47,518.47,518.47,0
1964-09-01,523.52,523.52,523.52,523.52,0
1964-09-02,527.39,527.39,527.39,527.39,0
1964-09-03,525.5,525.5,525.5,525.5,0
1964-09-04,523.86,523.86,523.86,523.86,0
1964-09-07,522.86,522.86,522.86,522.86,0
1964-09-08,523.52,523.52,523.52,523.52,0
1964-09-09,523.04,523.04,523.04,523.04,0
1964-09-10,519.47,519.47,519.47,519.47,0
1964-09-11,514.9,514.9,514.9,514.9,0
1964-09-14,510.36,510.36,510.36,510.36,0
1964-09-15,515.42,515.42,515.42,515.42,0
1964-09-16,515.68,515.68,515.68,515.68,0
1964-09-17,513.22,513.22,513.22,513.22,0
1964-09-18,511.73,511.73,511.73,511.73,0
1964-09-21,509.61,509.61,509.61,509.61,0
1964-09-22,513.41,513.41,513.41,513.41,0
1964-09-23,510.73,510.73,510.73,510.73,0
1964-09-24,510.02,510.02,510.02,510.02,0
1964-09-25,506.23,506.23,506.23,506.23,0
1964-09-28,499.91,499.91,499.91,499.91,0
1964-09-29,502.88,502.88,502.88,502.88,0
1964-09-30,505.52,505.52,505.52,505.52,0
1964-10-01,506.3,506.3,506.3,506.3,0
1964-10-02,507.72,507.72,507.72,507.72,0
1964-10-05,506.23,506.23,506.23,506.23,0
1964-10-06,505.04,505.04,505.04,505.04,0
1964-10-07,503.03,503.03,503.03,503.03,0
1964-10-08,503.66,503.66,503.66,503.66,0
1964-10-09,504.33,504.33,504.33,504.33,0
1964-10-12,501.1,501.1,501.1,501.1,0
1964-10-13,499.31,499.31,499.31,499.31,0
1964-10-14,496.71,496.71,496.71,496.71,0
1964-10-15,497.19,497.19,497.19,497.19,0
1964-10-16,490.68,490.68,490.68,490.68,0
1964-10-19,489.9,489.9,489.9,489.9,0
1964-10-20,488.53,488.53,488.53,488.53,0
1964-10-21,490.94,490.94,490.94,490.94,0
1964-10-22,488.45,488.45,488.45,488.45,0
1964-10-23,491.2,491.2,491.2,491.2,0
1964-10-26,490.2,490.2,490.2,490.2,0
1964-10-27,485.63,485.63,485.63,485.63,0
1964-10-28,482.06,482.06,482.06,482.06,0
1964-10-29,479.53,479.53,479.53,479.53,0
1964-10-30,479.82,479.82,479.82,479.82,0
1964-11-02,482.98,482.98,482.98,482.98,0
1964-11-03,491.06,491.06,491.06,491.06,0
1964-11-04,490.61,490.61,490.61,490.61,0
1964-11-05,483.65,483.65,483.65,483.65,0
1964-11-06,484.03,484.03,484.03,484.03,0
1964-11-09,480.57,480.57,480.57,480.57,0
1964-11-10,474.21,474.21,474.21,474.21,0
1964-11-11,468.78,468.78,468.78,468.78,0
1964-11-12,473.13,473.13,473.13,473.13,0
1964-11-13,481.57,481.57,481.57,481.57,0
1964-11-16,474.91,474.91,474.91,474.91,0
1964-11-17,476.14,476.14,476.14,476.14,0
1964-11-19,474.28,474.28,474.28,474.28,0
1964-11-20,471.57,471.57,471.57,471.57,0
1964-11-23,468.33,468.33,468.33,468.33,0
1964-11-24,467.7,467.7,467.7,467.7,0
1964-11-25,463.98,463.98,463.98,463.98,0
1964-11-26,465.76,465.76,465.76,465.76,0
1964-11-27,471.05,471.05,471.05,471.05,0
1964-11-30,472.79,472.79,472.79,472.79,0
1964-12-01,478.63,478.63,478.63,478.63,0
1964-12-02,479.3,479.3,479.3,479.3,0
1964-12-03,474.36,474.36,474.36,474.36,0
1964-12-07,477.41,477.41,477.41,477.41,0
1964-12-08,481.05,481.05,481.05,481.05,0
1964-12-09,480.49,480.49,480.49,480.49,0
1964-12-10,475.66,475.66,475.66,475.66,0
1964-12-11,476.14,476.14,476.14,476.14,0
1964-12-14,478.34,478.34,478.34,478.34,0
1964-12-15,476.25,476.25,476.25,476.25,0
1964-12-16,474.36,474.36,474.36,474.36,0
1964-12-17,480.2,480.2,480.2,480.2,0
1964-12-18,480.94,480.94,480.94,480.94,0
1964-12-21,478.89,478.89,478.89,478.89,0
1964-12-22,474.95,474.95,474.95,474.95,0
1964-12-23,479.49,479.49,479.49,479.49,0
1964-12-28,478,478,478,478,0
1964-12-29,477.22,477.22,477.22,477.22,0
1964-12-30,479.27,479.27,479.27,479.27,0
1964-12-31,477.89,477.89,477.89,477.89,0
1965-01-04,482.95,482.95,482.95,482.95,0
1965-01-05,480.79,480.79,480.79,480.79,0
1965-01-06,483.39,483.39,483.39,483.39,0
1965-01-07,489.75,489.75,489.75,489.75,0
1965-01-08,491.61,491.61,491.61,491.61,0
1965-01-11,488.71,488.71,488.71,488.71,0
1965-01-12,483.88,483.88,483.88,483.88,0
1965-01-13,479.08,479.08,479.08,479.08,0
1965-01-14,483.58,483.58,483.58,483.58,0
1965-01-15,482.2,482.2,482.2,482.2,0
1965-01-18,481.94,481.94,481.94,481.94,0
1965-01-19,477.41,477.41,477.41,477.41,0
1965-01-20,475.66,475.66,475.66,475.66,0
1965-01-21,476.18,476.18,476.18,476.18,0
1965-01-22,479.67,479.67,479.67,479.67,0
1965-01-25,478.19,478.19,478.19,478.19,0
1965-01-26,480.53,480.53,480.53,480.53,0
1965-01-27,482.32,482.32,482.32,482.32,0
1965-01-28,485.29,485.29,485.29,485.29,0
1965-01-29,489.05,489.05,489.05,489.05,0
1965-02-01,488.56,488.56,488.56,488.56,0
1965-02-02,483.88,483.88,483.88,483.88,0
1965-02-03,480.57,480.57,480.57,480.57,0
1965-02-04,483.21,483.21,483.21,483.21,0
1965-02-05,485.51,485.51,485.51,485.51,0
1965-02-08,480.64,480.64,480.64,480.64,0
1965-02-09,480.75,480.75,480.75,480.75,0
1965-02-10,480.31,480.31,480.31,480.31,0
1965-02-11,475.96,475.96,475.96,475.96,0
1965-02-12,475.92,475.92,475.92,475.92,0
1965-02-15,472.57,472.57,472.57,472.57,0
1965-02-16,472.46,472.46,472.46,472.46,0
1965-02-17,469.11,469.11,469.11,469.11,0
1965-02-18,465.88,465.88,465.88,465.88,0
1965-02-19,462.16,462.16,462.16,462.16,0
1965-02-22,459.67,459.67,459.67,459.67,0
1965-02-23,462.57,462.57,462.57,462.57,0
1965-02-24,469.3,469.3,469.3,469.3,0
1965-02-25,472.72,472.72,472.72,472.72,0
1965-02-26,472.83,472.83,472.83,472.83,0
1965-03-01,471.42,471.42,471.42,471.42,0
1965-03-02,471.31,471.31,471.31,471.31,0
1965-03-03,469.04,469.04,469.04,469.04,0
1965-03-04,469.26,469.26,469.26,469.26,0
1965-03-05,472.46,472.46,472.46,472.46,0
1965-03-08,471.75,471.75,471.75,471.75,0
1965-03-09,467.48,467.48,467.48,467.48,0
1965-03-10,466.62,466.62,466.62,466.62,0
1965-03-11,464.05,464.05,464.05,464.05,0
1965-03-12,467.07,467.07,467.07,467.07,0
1965-03-15,463.27,463.27,463.27,463.27,0
1965-03-16,459.89,459.89,459.89,459.89,0
1965-03-17,458.29,458.29,458.29,458.29,0
1965-03-18,457.58,457.58,457.58,457.58,0
1965-03-19,454.16,454.16,454.16,454.16,0
1965-03-22,449.51,449.51,449.51,449.51,0
1965-03-23,449.59,449.59,449.59,449.59,0
1965-03-24,451.52,451.52,451.52,451.52,0
1965-03-25,454.94,454.94,454.94,454.94,0
1965-03-26,453.97,453.97,453.97,453.97,0
1965-03-29,451.3,451.3,451.3,451.3,0
1965-03-30,449.25,449.25,449.25,449.25,0
1965-03-31,450.74,450.74,450.74,450.74,0
1965-04-01,452.71,452.71,452.71,452.71,0
1965-04-02,455.46,455.46,455.46,455.46,0
1965-04-05,456.43,456.43,456.43,456.43,0
1965-04-06,458.03,458.03,458.03,458.03,0
1965-04-07,463.16,463.16,463.16,463.16,0
1965-04-08,459.78,459.78,459.78,459.78,0
1965-04-09,465.58,465.58,465.58,465.58,0
1965-04-12,466.95,466.95,466.95,466.95,0
1965-04-13,463.12,463.12,463.12,463.12,0
1965-04-14,460.48,460.48,460.48,460.48,0
1965-04-15,463.24,463.24,463.24,463.24,0
1965-04-20,464.05,464.05,464.05,464.05,0
1965-04-21,460.04,460.04,460.04,460.04,0
1965-04-22,459,459,459,459,0
1965-04-23,457.62,457.62,457.62,457.62,0
1965-04-26,454.9,454.9,454.9,454.9,0
1965-04-27,455.87,455.87,455.87,455.87,0
1965-04-28,455.35,455.35,455.35,455.35,0
1965-04-29,455.39,455.39,455.39,455.39,0
1965-04-30,456.02,456.02,456.02,456.02,0
1965-05-03,456.91,456.91,456.91,456.91,0
1965-05-04,454.31,454.31,454.31,454.31,0
1965-05-05,451.78,451.78,451.78,451.78,0
1965-05-06,450.14,450.14,450.14,450.14,0
1965-05-07,452.26,452.26,452.26,452.26,0
1965-05-10,453.53,453.53,453.53,453.53,0
1965-05-11,454.35,454.35,454.35,454.35,0
1965-05-12,453.64,453.64,453.64,453.64,0
1965-05-13,453.79,453.79,453.79,453.79,0
1965-05-14,457.25,457.25,457.25,457.25,0
1965-05-17,458.36,458.36,458.36,458.36,0
1965-05-18,457.1,457.1,457.1,457.1,0
1965-05-19,455.02,455.02,455.02,455.02,0
1965-05-20,458.36,458.36,458.36,458.36,0
1965-05-21,459.78,459.78,459.78,459.78,0
1965-05-24,459.81,459.81,459.81,459.81,0
1965-05-25,464.91,464.91,464.91,464.91,0
1965-05-26,465.91,465.91,465.91,465.91,0
1965-05-28,465.32,465.32,465.32,465.32,0
1965-05-31,465.02,465.02,465.02,465.02,0
1965-06-01,467.48,467.48,467.48,467.48,0
1965-06-02,465.69,465.69,465.69,465.69,0
1965-06-03,464.43,464.43,464.43,464.43,0
1965-06-04,466.95,466.95,466.95,466.95,0
1965-06-08,462.75,462.75,462.75,462.75,0
1965-06-09,462.31,462.31,462.31,462.31,0
1965-06-10,460.11,460.11,460.11,460.11,0
1965-06-11,457.73,457.73,457.73,457.73,0
1965-06-14,455.72,455.72,455.72,455.72,0
1965-06-15,451.63,451.63,451.63,451.63,0
1965-06-16,453.08,453.08,453.08,453.08,0
1965-06-18,451.93,451.93,451.93,451.93,0
1965-06-21,446.95,446.95,446.95,446.95,0
1965-06-22,442.44,442.44,442.44,442.44,0
1965-06-23,442.93,442.93,442.93,442.93,0
1965-06-24,438.73,438.73,438.73,438.73,0
1965-06-25,431.44,431.44,431.44,431.44,0
1965-06-28,423.48,423.48,423.48,423.48,0
1965-06-29,426.38,426.38,426.38,426.38,0
1965-06-30,434.26,434.26,434.26,434.26,0
1965-07-01,436.68,436.68,436.68,436.68,0
1965-07-02,430.28,430.28,430.28,430.28,0
1965-07-05,429.02,429.02,429.02,429.02,0
1965-07-06,435.16,435.16,435.16,435.16,0
1965-07-07,444.04,444.04,444.04,444.04,0
1965-07-08,445.38,445.38,445.38,445.38,0
1965-07-09,452.67,452.67,452.67,452.67,0
1965-07-13,447.76,447.76,447.76,447.76,0
1965-07-14,451,451,451,451,0
1965-07-15,457.36,457.36,457.36,457.36,0
1965-07-16,459.37,459.37,459.37,459.37,0
1965-07-19,459.03,459.03,459.03,459.03,0
1965-07-20,456.43,456.43,456.43,456.43,0
1965-07-21,451.19,451.19,451.19,451.19,0
1965-07-22,447.28,447.28,447.28,447.28,0
1965-07-23,449.03,449.03,449.03,449.03,0
1965-07-26,449.73,449.73,449.73,449.73,0
1965-07-27,453.04,453.04,453.04,453.04,0
1965-07-28,452.11,452.11,452.11,452.11,0
1965-07-29,454.23,454.23,454.23,454.23,0
1965-07-30,459.22,459.22,459.22,459.22,0
1965-08-02,464.46,464.46,464.46,464.46,0
1965-08-03,463.01,463.01,463.01,463.01,0
1965-08-04,463.61,463.61,463.61,463.61,0
1965-08-05,465.39,465.39,465.39,465.39,0
1965-08-06,466.06,466.06,466.06,466.06,0
1965-08-09,466.25,466.25,466.25,466.25,0
1965-08-10,467.62,467.62,467.62,467.62,0
1965-08-11,469.11,469.11,469.11,469.11,0
1965-08-12,467.7,467.7,467.7,467.7,0
1965-08-13,465.17,465.17,465.17,465.17,0
1965-08-16,463.87,463.87,463.87,463.87,0
1965-08-17,461.93,461.93,461.93,461.93,0
1965-08-18,462.9,462.9,462.9,462.9,0
1965-08-19,461.97,461.97,461.97,461.97,0
1965-08-20,457.32,457.32,457.32,457.32,0
1965-08-23,457.25,457.25,457.25,457.25,0
1965-08-24,460.19,460.19,460.19,460.19,0
1965-08-25,458.7,458.7,458.7,458.7,0
1965-08-26,457.4,457.4,457.4,457.4,0
1965-08-27,457.88,457.88,457.88,457.88,0
1965-08-30,459.93,459.93,459.93,459.93,0
1965-09-01,460.86,460.86,460.86,460.86,0
1965-09-02,460.04,460.04,460.04,460.04,0
1965-09-03,462.45,462.45,462.45,462.45,0
1965-09-06,461.19,461.19,461.19,461.19,0
1965-09-07,461.38,461.38,461.38,461.38,0
1965-09-08,461.3,461.3,461.3,461.3,0
1965-09-09,461.23,461.23,461.23,461.23,0
1965-09-10,462.83,462.83,462.83,462.83,0
1965-09-13,464.46,464.46,464.46,464.46,0
1965-09-14,468.11,468.11,468.11,468.11,0
1965-09-15,471.38,471.38,471.38,471.38,0
1965-09-16,472.35,472.35,472.35,472.35,0
1965-09-17,472.57,472.57,472.57,472.57,0
1965-09-20,475.73,475.73,475.73,475.73,0
1965-09-21,469.82,469.82,469.82,469.82,0
1965-09-22,467.22,467.22,467.22,467.22,0
1965-09-23,464.05,464.05,464.05,464.05,0
1965-09-24,461.67,461.67,461.67,461.67,0
1965-09-27,457.28,457.28,457.28,457.28,0
1965-09-28,457.21,457.21,457.21,457.21,0
1965-09-29,458.25,458.25,458.25,458.25,0
1965-09-30,461.79,461.79,461.79,461.79,0
1965-10-01,458.77,458.77,458.77,458.77,0
1965-10-04,455.05,455.05,455.05,455.05,0
1965-10-05,455.57,455.57,455.57,455.57,0
1965-10-06,455.46,455.46,455.46,455.46,0
1965-10-07,453.31,453.31,453.31,453.31,0
1965-10-08,452.97,452.97,452.97,452.97,0
1965-10-11,451.45,451.45,451.45,451.45,0
1965-10-12,449.07,449.07,449.07,449.07,0
1965-10-13,450.07,450.07,450.07,450.07,0
1965-10-14,453.01,453.01,453.01,453.01,0
1965-10-15,453.86,453.86,453.86,453.86,0
1965-10-18,453.34,453.34,453.34,453.34,0
1965-10-19,454.2,454.2,454.2,454.2,0
1965-10-20,452.6,452.6,452.6,452.6,0
1965-10-21,451.37,451.37,451.37,451.37,0
1965-10-22,448.36,448.36,448.36,448.36,0
1965-10-25,447.99,447.99,447.99,447.99,0
1965-10-26,448.51,448.51,448.51,448.51,0
1965-10-27,445.42,445.42,445.42,445.42,0
1965-10-28,443.78,443.78,443.78,443.78,0
1965-10-29,440.36,440.36,440.36,440.36,0
1965-11-01,435.97,435.97,435.97,435.97,0
1965-11-02,431.36,431.36,431.36,431.36,0
1965-11-03,435.6,435.6,435.6,435.6,0
1965-11-04,445.01,445.01,445.01,445.01,0
1965-11-05,451.04,451.04,451.04,451.04,0
1965-11-08,446.31,446.31,446.31,446.31,0
1965-11-09,446.65,446.65,446.65,446.65,0
1965-11-10,447.91,447.91,447.91,447.91,0
1965-11-11,444.12,444.12,444.12,444.12,0
1965-11-12,441.85,441.85,441.85,441.85,0
1965-11-15,437.5,437.5,437.5,437.5,0
1965-11-16,440.06,440.06,440.06,440.06,0
1965-11-18,437.39,437.39,437.39,437.39,0
1965-11-19,435.34,435.34,435.34,435.34,0
1965-11-22,433.78,433.78,433.78,433.78,0
1965-11-23,435.9,435.9,435.9,435.9,0
1965-11-24,434.37,434.37,434.37,434.37,0
1965-11-25,431.62,431.62,431.62,431.62,0
1965-11-26,429.72,429.72,429.72,429.72,0
1965-11-29,427.83,427.83,427.83,427.83,0
1965-11-30,425.97,425.97,425.97,425.97,0
1965-12-01,423.55,423.55,423.55,423.55,0
1965-12-02,427.94,427.94,427.94,427.94,0
1965-12-03,432.96,432.96,432.96,432.96,0
1965-12-06,430.54,430.54,430.54,430.54,0
1965-12-07,426.04,426.04,426.04,426.04,0
1965-12-08,430.62,430.62,430.62,430.62,0
1965-12-09,429.43,429.43,429.43,429.43,0
1965-12-10,426.41,426.41,426.41,426.41,0
1965-12-13,425.89,425.89,425.89,425.89,0
1965-12-14,428.98,428.98,428.98,428.98,0
1965-12-15,431.47,431.47,431.47,431.47,0
1965-12-16,430.02,430.02,430.02,430.02,0
1965-12-17,426.41,426.41,426.41,426.41,0
1965-12-20,423.33,423.33,423.33,423.33,0
1965-12-21,422.44,422.44,422.44,422.44,0
1965-12-22,422.96,422.96,422.96,422.96,0
1965-12-27,422.03,422.03,422.03,422.03,0
1965-12-28,423.55,423.55,423.55,423.55,0
1965-12-29,424.7,424.7,424.7,424.7,0
1965-12-30,423.44,423.44,423.44,423.44,0
1965-12-31,422.36,422.36,422.36,422.36,0
1966-01-04,418.34,418.34,418.34,418.34,0
1966-01-05,420.76,420.76,420.76,420.76,0
1966-01-06,424.85,424.85,424.85,424.85,0
1966-01-07,428.01,428.01,428.01,428.01,0
1966-01-10,436.12,436.12,436.12,436.12,0
1966-01-11,434,434,434,434,0
1966-01-12,442.22,442.22,442.22,442.22,0
1966-01-13,446.54,446.54,446.54,446.54,0
1966-01-14,448.92,448.92,448.92,448.92,0
1966-01-17,443.9,443.9,443.9,443.9,0
1966-01-18,443.11,443.11,443.11,443.11,0
1966-01-19,445.53,445.53,445.53,445.53,0
1966-01-20,444.49,444.49,444.49,444.49,0
1966-01-21,445.23,445.23,445.23,445.23,0
1966-01-24,443,443,443,443,0
1966-01-25,442,442,442,442,0
1966-01-26,438.5,438.5,438.5,438.5,0
1966-01-27,438.35,438.35,438.35,438.35,0
1966-01-28,441.03,441.03,441.03,441.03,0
1966-01-31,444.97,444.97,444.97,444.97,0
1966-02-01,447.39,447.39,447.39,447.39,0
1966-02-02,444.42,444.42,444.42,444.42,0
1966-02-03,442.41,442.41,442.41,442.41,0
1966-02-04,441.85,441.85,441.85,441.85,0
1966-02-07,438.73,438.73,438.73,438.73,0
1966-02-08,435.56,435.56,435.56,435.56,0
1966-02-09,435.45,435.45,435.45,435.45,0
1966-02-10,440.77,440.77,440.77,440.77,0
1966-02-11,442.78,442.78,442.78,442.78,0
1966-02-14,441.81,441.81,441.81,441.81,0
1966-02-15,443.86,443.86,443.86,443.86,0
1966-02-16,447.69,447.69,447.69,447.69,0
1966-02-17,448.66,448.66,448.66,448.66,0
1966-02-18,451.11,451.11,451.11,451.11,0
1966-02-21,453.38,453.38,453.38,453.38,0
1966-02-22,451.3,451.3,451.3,451.3,0
1966-02-23,447.32,447.32,447.32,447.32,0
1966-02-24,446.68,446.68,446.68,446.68,0
1966-02-25,449.18,449.18,449.18,449.18,0
1966-02-28,448.95,448.95,448.95,448.95,0
1966-03-01,446.02,446.02,446.02,446.02,0
1966-03-02,444.9,444.9,444.9,444.9,0
1966-03-03,444.3,444.3,444.3,444.3,0
1966-03-04,444.45,444.45,444.45,444.45,0
1966-03-07,441.85,441.85,441.85,441.85,0
1966-03-08,440.99,440.99,440.99,440.99,0
1966-03-09,441.25,441.25,441.25,441.25,0
1966-03-10,441.37,441.37,441.37,441.37,0
1966-03-11,439.99,439.99,439.99,439.99,0
1966-03-14,437.39,437.39,437.39,437.39,0
1966-03-15,437.57,437.57,437.57,437.57,0
1966-03-16,439.32,439.32,439.32,439.32,0
1966-03-17,438.43,438.43,438.43,438.43,0
1966-03-18,436.94,436.94,436.94,436.94,0
1966-03-21,434.56,434.56,434.56,434.56,0
1966-03-22,436.12,436.12,436.12,436.12,0
1966-03-23,437.68,437.68,437.68,437.68,0
1966-03-25,436.68,436.68,436.68,436.68,0
1966-03-28,434.3,434.3,434.3,434.3,0
1966-03-29,433.85,433.85,433.85,433.85,0
1966-03-30,431.99,431.99,431.99,431.99,0
1966-03-31,429.8,429.8,429.8,429.8,0
1966-04-01,430.95,430.95,430.95,430.95,0
1966-04-04,430.28,430.28,430.28,430.28,0
1966-04-05,429.32,429.32,429.32,429.32,0
1966-04-06,429.91,429.91,429.91,429.91,0
1966-04-07,430.69,430.69,430.69,430.69,0
1966-04-12,430.62,430.62,430.62,430.62,0
1966-04-13,430.92,430.92,430.92,430.92,0
1966-04-14,430.25,430.25,430.25,430.25,0
1966-04-15,429.95,429.95,429.95,429.95,0
1966-04-18,428.42,428.42,428.42,428.42,0
1966-04-19,425.97,425.97,425.97,425.97,0
1966-04-20,427.68,427.68,427.68,427.68,0
1966-04-21,428.42,428.42,428.42,428.42,0
1966-04-22,426.01,426.01,426.01,426.01,0
1966-04-25,421.73,421.73,421.73,421.73,0
1966-04-26,418.75,418.75,418.75,418.75,0
1966-04-27,415.18,415.18,415.18,415.18,0
1966-04-28,414.25,414.25,414.25,414.25,0
1966-04-29,410.83,410.83,410.83,410.83,0
1966-05-02,406.74,406.74,406.74,406.74,0
1966-05-03,405.77,405.77,405.77,405.77,0
1966-05-04,410.42,410.42,410.42,410.42,0
1966-05-05,416.78,416.78,416.78,416.78,0
1966-05-06,414.1,414.1,414.1,414.1,0
1966-05-09,414.18,414.18,414.18,414.18,0
1966-05-10,410.53,410.53,410.53,410.53,0
1966-05-11,409.27,409.27,409.27,409.27,0
1966-05-12,406.96,406.96,406.96,406.96,0
1966-05-16,402.35,402.35,402.35,402.35,0
1966-05-17,400.53,400.53,400.53,400.53,0
1966-05-18,398.59,398.59,398.59,398.59,0
1966-05-20,398,398,398,398,0
1966-05-23,402.43,402.43,402.43,402.43,0
1966-05-24,409.98,409.98,409.98,409.98,0
1966-05-25,409.31,409.31,409.31,409.31,0
1966-05-26,410.12,410.12,410.12,410.12,0
1966-05-27,402.24,402.24,402.24,402.24,0
1966-05-31,400.23,400.23,400.23,400.23,0
1966-06-01,395.36,395.36,395.36,395.36,0
1966-06-02,397.33,397.33,397.33,397.33,0
1966-06-03,401.98,401.98,401.98,401.98,0
1966-06-06,401.53,401.53,401.53,401.53,0
1966-06-07,399.26,399.26,399.26,399.26,0
1966-06-08,395.99,395.99,395.99,395.99,0
1966-06-10,391.3,391.3,391.3,391.3,0
1966-06-13,385.32,385.32,385.32,385.32,0
1966-06-14,383.75,383.75,383.75,383.75,0
1966-06-15,381.26,381.26,381.26,381.26,0
1966-06-16,379.51,379.51,379.51,379.51,0
1966-06-20,375.16,375.16,375.16,375.16,0
1966-06-21,371.07,371.07,371.07,371.07,0
1966-06-22,370.81,370.81,370.81,370.81,0
1966-06-23,370.85,370.85,370.85,370.85,0
1966-06-24,367.58,367.58,367.58,367.58,0
1966-06-27,361.14,361.14,361.14,361.14,0
1966-06-28,356.79,356.79,356.79,356.79,0
1966-06-29,357.76,357.76,357.76,357.76,0
1966-06-30,362.52,362.52,362.52,362.52,0
1966-07-01,374.72,374.72,374.72,374.72,0
1966-07-04,368.95,368.95,368.95,368.95,0
1966-07-05,364.82,364.82,364.82,364.82,0
1966-07-06,361.63,361.63,361.63,361.63,0
1966-07-07,361.51,361.51,361.51,361.51,0
1966-07-08,357.83,357.83,357.83,357.83,0
1966-07-11,354.26,354.26,354.26,354.26,0
1966-07-12,359.21,359.21,359.21,359.21,0
1966-07-13,357.27,357.27,357.27,357.27,0
1966-07-14,358.58,358.58,358.58,358.58,0
1966-07-15,359.58,359.58,359.58,359.58,0
1966-07-18,356.64,356.64,356.64,356.64,0
1966-07-19,353.74,353.74,353.74,353.74,0
1966-07-20,351.1,351.1,351.1,351.1,0
1966-07-21,345.48,345.48,345.48,345.48,0
1966-07-22,341.36,341.36,341.36,341.36,0
1966-07-25,339.61,339.61,339.61,339.61,0
1966-07-26,339.31,339.31,339.31,339.31,0
1966-07-27,343.55,343.55,343.55,343.55,0
1966-07-28,342.43,342.43,342.43,342.43,0
1966-07-29,338.68,338.68,338.68,338.68,0
1966-08-01,340.05,340.05,340.05,340.05,0
1966-08-02,340.2,340.2,340.2,340.2,0
1966-08-03,340.87,340.87,340.87,340.87,0
1966-08-04,342.51,342.51,342.51,342.51,0
1966-08-05,345.86,345.86,345.86,345.86,0
1966-08-08,347.16,347.16,347.16,347.16,0
1966-08-09,351.99,351.99,351.99,351.99,0
1966-08-10,361.89,361.89,361.89,361.89,0
1966-08-11,368.91,368.91,368.91,368.91,0
1966-08-12,365.34,365.34,365.34,365.34,0
1966-08-15,362.41,362.41,362.41,362.41,0
1966-08-16,355.97,355.97,355.97,355.97,0
1966-08-17,355.34,355.34,355.34,355.34,0
1966-08-18,364.01,364.01,364.01,364.01,0
1966-08-19,364.38,364.38,364.38,364.38,0
1966-08-22,363.82,363.82,363.82,363.82,0
1966-08-23,359.06,359.06,359.06,359.06,0
1966-08-24,358.76,358.76,358.76,358.76,0
1966-08-25,358.17,358.17,358.17,358.17,0
1966-08-26,353,353,353,353,0
1966-08-29,351.84,351.84,351.84,351.84,0
1966-08-30,353.07,353.07,353.07,353.07,0
1966-08-31,356.23,356.23,356.23,356.23,0
1966-09-01,352.59,352.59,352.59,352.59,0
1966-09-02,353.07,353.07,353.07,353.07,0
1966-09-05,352.25,352.25,352.25,352.25,0
1966-09-06,352.07,352.07,352.07,352.07,0
1966-09-07,352.77,352.77,352.77,352.77,0
1966-09-08,355.75,355.75,355.75,355.75,0
1966-09-09,358.13,358.13,358.13,358.13,0
1966-09-12,362.33,362.33,362.33,362.33,0
1966-09-13,362.03,362.03,362.03,362.03,0
1966-09-14,361.36,361.36,361.36,361.36,0
1966-09-15,365.38,365.38,365.38,365.38,0
1966-09-16,371.48,371.48,371.48,371.48,0
1966-09-19,374.08,374.08,374.08,374.08,0
1966-09-20,373.3,373.3,373.3,373.3,0
1966-09-21,379.55,379.55,379.55,379.55,0
1966-09-22,376.17,376.17,376.17,376.17,0
1966-09-23,379.11,379.11,379.11,379.11,0
1966-09-26,376.8,376.8,376.8,376.8,0
1966-09-27,372.45,372.45,372.45,372.45,0
1966-09-28,373.86,373.86,373.86,373.86,0
1966-09-29,371.3,371.3,371.3,371.3,0
1966-09-30,367.32,367.32,367.32,367.32,0
1966-10-03,361.59,361.59,361.59,361.59,0
1966-10-04,361.03,361.03,361.03,361.03,0
1966-10-05,363.56,363.56,363.56,363.56,0
1966-10-06,364.23,364.23,364.23,364.23,0
1966-10-07,366.24,366.24,366.24,366.24,0
1966-10-10,364.15,364.15,364.15,364.15,0
1966-10-11,360.84,360.84,360.84,360.84,0
1966-10-12,356.68,356.68,356.68,356.68,0
1966-10-13,357.57,357.57,357.57,357.57,0
1966-10-14,357.76,357.76,357.76,357.76,0
1966-10-17,355.23,355.23,355.23,355.23,0
1966-10-18,351.55,351.55,351.55,351.55,0
1966-10-19,345.67,345.67,345.67,345.67,0
1966-10-20,345.56,345.56,345.56,345.56,0
1966-10-21,345.74,345.74,345.74,345.74,0
1966-10-24,343.29,343.29,343.29,343.29,0
1966-10-25,344.26,344.26,344.26,344.26,0
1966-10-26,343.62,343.62,343.62,343.62,0
1966-10-27,341.84,341.84,341.84,341.84,0
1966-10-28,342.32,342.32,342.32,342.32,0
1966-10-31,341.28,341.28,341.28,341.28,0
1966-11-01,339.27,339.27,339.27,339.27,0
1966-11-02,344.37,344.37,344.37,344.37,0
1966-11-03,345.93,345.93,345.93,345.93,0
1966-11-04,348.53,348.53,348.53,348.53,0
1966-11-07,347.42,347.42,347.42,347.42,0
1966-11-08,341.62,341.62,341.62,341.62,0
1966-11-09,344.03,344.03,344.03,344.03,0
1966-11-10,343.92,343.92,343.92,343.92,0
1966-11-11,340.13,340.13,340.13,340.13,0
1966-11-14,337.41,337.41,337.41,337.41,0
1966-11-15,336.74,336.74,336.74,336.74,0
1966-11-17,336.52,336.52,336.52,336.52,0
1966-11-18,335.18,335.18,335.18,335.18,0
1966-11-21,329.79,329.79,329.79,329.79,0
1966-11-22,324.99,324.99,324.99,324.99,0
1966-11-23,328.11,328.11,328.11,328.11,0
1966-11-24,328.56,328.56,328.56,328.56,0
1966-11-25,336.22,336.22,336.22,336.22,0
1966-11-28,344.81,344.81,344.81,344.81,0
1966-11-29,340.91,340.91,340.91,340.91,0
1966-11-30,343.77,343.77,343.77,343.77,0
1966-12-01,343.81,343.81,343.81,343.81,0
1966-12-02,350.69,350.69,350.69,350.69,0
1966-12-05,354.78,354.78,354.78,354.78,0
1966-12-06,355.49,355.49,355.49,355.49,0
1966-12-07,350.47,350.47,350.47,350.47,0
1966-12-08,346.6,346.6,346.6,346.6,0
1966-12-09,340.8,340.8,340.8,340.8,0
1966-12-12,337.04,337.04,337.04,337.04,0
1966-12-13,340.98,340.98,340.98,340.98,0
1966-12-14,339.53,339.53,339.53,339.53,0
1966-12-15,337.9,337.9,337.9,337.9,0
1966-12-16,332.39,332.39,332.39,332.39,0
1966-12-19,330.49,330.49,330.49,330.49,0
1966-12-20,335.07,335.07,335.07,335.07,0
1966-12-21,336.45,336.45,336.45,336.45,0
1966-12-22,338.45,338.45,338.45,338.45,0
1966-12-23,340.28,340.28,340.28,340.28,0
1966-12-27,336.74,336.74,336.74,336.74,0
1966-12-28,334.81,334.81,334.81,334.81,0
1966-12-29,335.48,335.48,335.48,335.48,0
1966-12-30,333.36,333.36,333.36,333.36,0
1967-01-02,337.26,337.26,337.26,337.26,0
1967-01-03,342.06,342.06,342.06,342.06,0
1967-01-04,338.08,338.08,338.08,338.08,0
1967-01-05,338.23,338.23,338.23,338.23,0
1967-01-06,336.89,336.89,336.89,336.89,0
1967-01-09,334.66,334.66,334.66,334.66,0
1967-01-10,329.6,329.6,329.6,329.6,0
1967-01-11,330.35,330.35,330.35,330.35,0
1967-01-12,328.3,328.3,328.3,328.3,0
1967-01-13,326.14,326.14,326.14,326.14,0
1967-01-16,322.54,322.54,322.54,322.54,0
1967-01-17,322.35,322.35,322.35,322.35,0
1967-01-18,319.93,319.93,319.93,319.93,0
1967-01-19,324.17,324.17,324.17,324.17,0
1967-01-20,334.4,334.4,334.4,334.4,0
1967-01-23,345.22,345.22,345.22,345.22,0
1967-01-24,341.5,341.5,341.5,341.5,0
1967-01-25,345.71,345.71,345.71,345.71,0
1967-01-26,350.24,350.24,350.24,350.24,0
1967-01-27,354.22,354.22,354.22,354.22,0
1967-01-30,357.05,357.05,357.05,357.05,0
1967-01-31,364.19,364.19,364.19,364.19,0
1967-02-01,369.4,369.4,369.4,369.4,0
1967-02-02,368.32,368.32,368.32,368.32,0
1967-02-03,375.5,375.5,375.5,375.5,0
1967-02-06,378.81,378.81,378.81,378.81,0
1967-02-07,374.68,374.68,374.68,374.68,0
1967-02-08,366.5,366.5,366.5,366.5,0
1967-02-09,370.89,370.89,370.89,370.89,0
1967-02-10,370.33,370.33,370.33,370.33,0
1967-02-13,367.61,367.61,367.61,367.61,0
1967-02-14,370.33,370.33,370.33,370.33,0
1967-02-15,371,371,371,371,0
1967-02-16,375.57,375.57,375.57,375.57,0
1967-02-17,382.82,382.82,382.82,382.82,0
1967-02-20,380.44,380.44,380.44,380.44,0
1967-02-21,373.97,373.97,373.97,373.97,0
1967-02-22,376.02,376.02,376.02,376.02,0
1967-02-23,376.65,376.65,376.65,376.65,0
1967-02-24,377.77,377.77,377.77,377.77,0
1967-02-27,377.95,377.95,377.95,377.95,0
1967-02-28,374.31,374.31,374.31,374.31,0
1967-03-01,378.7,378.7,378.7,378.7,0
1967-03-02,380.85,380.85,380.85,380.85,0
1967-03-03,382.01,382.01,382.01,382.01,0
1967-03-06,381.08,381.08,381.08,381.08,0
1967-03-07,379.07,379.07,379.07,379.07,0
1967-03-08,378.85,378.85,378.85,378.85,0
1967-03-09,377.69,377.69,377.69,377.69,0
1967-03-10,378.06,378.06,378.06,378.06,0
1967-03-13,376.91,376.91,376.91,376.91,0
1967-03-14,379.4,379.4,379.4,379.4,0
1967-03-15,382.16,382.16,382.16,382.16,0
1967-03-16,384.72,384.72,384.72,384.72,0
1967-03-20,383.57,383.57,383.57,383.57,0
1967-03-21,382.38,382.38,382.38,382.38,0
1967-03-22,383.12,383.12,383.12,383.12,0
1967-03-23,383.35,383.35,383.35,383.35,0
1967-03-28,383.94,383.94,383.94,383.94,0
1967-03-29,385.5,385.5,385.5,385.5,0
1967-03-30,387.62,387.62,387.62,387.62,0
1967-03-31,388.37,388.37,388.37,388.37,0
1967-04-03,385.91,385.91,385.91,385.91,0
1967-04-04,384.76,384.76,384.76,384.76,0
1967-04-05,382.42,382.42,382.42,382.42,0
1967-04-06,383.09,383.09,383.09,383.09,0
1967-04-07,387.18,387.18,387.18,387.18,0
1967-04-10,387.29,387.29,387.29,387.29,0
1967-04-11,385.69,385.69,385.69,385.69,0
1967-04-12,385.73,385.73,385.73,385.73,0
1967-04-13,385.5,385.5,385.5,385.5,0
1967-04-14,384.87,384.87,384.87,384.87,0
1967-04-17,382.3,382.3,382.3,382.3,0
1967-04-18,378.85,378.85,378.85,378.85,0
1967-04-19,375.31,375.31,375.31,375.31,0
1967-04-20,372.93,372.93,372.93,372.93,0
1967-04-21,370.22,370.22,370.22,370.22,0
1967-04-24,363.04,363.04,363.04,363.04,0
1967-04-25,364.41,364.41,364.41,364.41,0
1967-04-26,362.37,362.37,362.37,362.37,0
1967-04-27,365.98,365.98,365.98,365.98,0
1967-04-28,367.5,367.5,367.5,367.5,0
1967-05-02,367.17,367.17,367.17,367.17,0
1967-05-03,367.28,367.28,367.28,367.28,0
1967-05-05,364.04,364.04,364.04,364.04,0
1967-05-08,363.11,363.11,363.11,363.11,0
1967-05-09,366.76,366.76,366.76,366.76,0
1967-05-10,366.35,366.35,366.35,366.35,0
1967-05-11,367.35,367.35,367.35,367.35,0
1967-05-12,368.21,368.21,368.21,368.21,0
1967-05-16,373.08,373.08,373.08,373.08,0
1967-05-17,378.73,378.73,378.73,378.73,0
1967-05-18,379.37,379.37,379.37,379.37,0
1967-05-19,378.18,378.18,378.18,378.18,0
1967-05-22,377.73,377.73,377.73,377.73,0
1967-05-23,372.63,372.63,372.63,372.63,0
1967-05-24,372.04,372.04,372.04,372.04,0
1967-05-26,372.26,372.26,372.26,372.26,0
1967-05-29,370.74,370.74,370.74,370.74,0
1967-05-30,372.08,372.08,372.08,372.08,0
1967-05-31,373.49,373.49,373.49,373.49,0
1967-06-01,373.08,373.08,373.08,373.08,0
1967-06-02,370.14,370.14,370.14,370.14,0
1967-06-05,361.51,361.51,361.51,361.51,0
1967-06-06,364.56,364.56,364.56,364.56,0
1967-06-07,372.63,372.63,372.63,372.63,0
1967-06-08,371.37,371.37,371.37,371.37,0
1967-06-09,370.85,370.85,370.85,370.85,0
1967-06-12,371.7,371.7,371.7,371.7,0
1967-06-13,374.57,374.57,374.57,374.57,0
1967-06-14,373.45,373.45,373.45,373.45,0
1967-06-15,370.18,370.18,370.18,370.18,0
1967-06-16,369.88,369.88,369.88,369.88,0
1967-06-19,370.59,370.59,370.59,370.59,0
1967-06-20,368.91,368.91,368.91,368.91,0
1967-06-21,367.39,367.39,367.39,367.39,0
1967-06-22,366.16,366.16,366.16,366.16,0
1967-06-23,364.71,364.71,364.71,364.71,0
1967-06-26,362.37,362.37,362.37,362.37,0
1967-06-27,364.34,364.34,364.34,364.34,0
1967-06-28,365.75,365.75,365.75,365.75,0
1967-06-29,364.75,364.75,364.75,364.75,0
1967-06-30,362,362,362,362,0
1967-07-03,360.81,360.81,360.81,360.81,0
1967-07-04,362.03,362.03,362.03,362.03,0
1967-07-05,363.34,363.34,363.34,363.34,0
1967-07-06,367.84,367.84,367.84,367.84,0
1967-07-07,367.95,367.95,367.95,367.95,0
1967-07-10,368.65,368.65,368.65,368.65,0
1967-07-11,368.62,368.62,368.62,368.62,0
1967-07-12,373.01,373.01,373.01,373.01,0
1967-07-13,370.51,370.51,370.51,370.51,0
1967-07-14,372.08,372.08,372.08,372.08,0
1967-07-17,372.75,372.75,372.75,372.75,0
1967-07-18,375.54,375.54,375.54,375.54,0
1967-07-19,375.61,375.61,375.61,375.61,0
1967-07-20,380.3,380.3,380.3,380.3,0
1967-07-21,382.12,382.12,382.12,382.12,0
1967-07-24,385.21,385.21,385.21,385.21,0
1967-07-25,383.31,383.31,383.31,383.31,0
1967-07-26,381.78,381.78,381.78,381.78,0
1967-07-27,386.36,386.36,386.36,386.36,0
1967-07-28,389.82,389.82,389.82,389.82,0
1967-07-31,388.33,388.33,388.33,388.33,0
1967-08-01,392.9,392.9,392.9,392.9,0
1967-08-02,399.08,399.08,399.08,399.08,0
1967-08-03,403.28,403.28,403.28,403.28,0
1967-08-04,412.02,412.02,412.02,412.02,0
1967-08-07,431.58,431.58,431.58,431.58,0
1967-08-08,430.43,430.43,430.43,430.43,0
1967-08-09,420.17,420.17,420.17,420.17,0
1967-08-10,418.83,418.83,418.83,418.83,0
1967-08-11,427.87,427.87,427.87,427.87,0
1967-08-14,427.12,427.12,427.12,427.12,0
1967-08-15,424.41,424.41,424.41,424.41,0
1967-08-16,427.31,427.31,427.31,427.31,0
1967-08-17,430.1,430.1,430.1,430.1,0
1967-08-18,436.16,436.16,436.16,436.16,0
1967-08-21,441.03,441.03,441.03,441.03,0
1967-08-22,439.06,439.06,439.06,439.06,0
1967-08-23,435.94,435.94,435.94,435.94,0
1967-08-24,430.1,430.1,430.1,430.1,0
1967-08-25,427.79,427.79,427.79,427.79,0
1967-08-28,426.34,426.34,426.34,426.34,0
1967-08-29,432.81,432.81,432.81,432.81,0
1967-08-30,436.75,436.75,436.75,436.75,0
1967-08-31,436.49,436.49,436.49,436.49,0
1967-09-01,437.39,437.39,437.39,437.39,0
1967-09-04,434.97,434.97,434.97,434.97,0
1967-09-05,438.2,438.2,438.2,438.2,0
1967-09-06,441.63,441.63,441.63,441.63,0
1967-09-07,444.6,444.6,444.6,444.6,0
1967-09-08,448.8,448.8,448.8,448.8,0
1967-09-11,454.61,454.61,454.61,454.61,0
1967-09-12,456.88,456.88,456.88,456.88,0
1967-09-13,456.95,456.95,456.95,456.95,0
1967-09-14,460.93,460.93,460.93,460.93,0
1967-09-15,461.9,461.9,461.9,461.9,0
1967-09-18,464.46,464.46,464.46,464.46,0
1967-09-19,458.51,458.51,458.51,458.51,0
1967-09-20,450.78,450.78,450.78,450.78,0
1967-09-21,448.43,448.43,448.43,448.43,0
1967-09-22,453.34,453.34,453.34,453.34,0
1967-09-25,449.66,449.66,449.66,449.66,0
1967-09-26,447.69,447.69,447.69,447.69,0
1967-09-27,448.21,448.21,448.21,448.21,0
1967-09-28,445.72,445.72,445.72,445.72,0
1967-09-29,442.48,442.48,442.48,442.48,0
1967-10-02,434.19,434.19,434.19,434.19,0
1967-10-03,441.03,441.03,441.03,441.03,0
1967-10-04,446.72,446.72,446.72,446.72,0
1967-10-05,449.36,449.36,449.36,449.36,0
1967-10-06,444.53,444.53,444.53,444.53,0
1967-10-09,444.6,444.6,444.6,444.6,0
1967-10-10,450.14,450.14,450.14,450.14,0
1967-10-11,451.89,451.89,451.89,451.89,0
1967-10-12,448.66,448.66,448.66,448.66,0
1967-10-13,449.7,449.7,449.7,449.7,0
1967-10-16,446.83,446.83,446.83,446.83,0
1967-10-17,449.36,449.36,449.36,449.36,0
1967-10-18,453.27,453.27,453.27,453.27,0
1967-10-19,455.54,455.54,455.54,455.54,0
1967-10-20,456.58,456.58,456.58,456.58,0
1967-10-23,454.68,454.68,454.68,454.68,0
1967-10-24,451.74,451.74,451.74,451.74,0
1967-10-25,450.18,450.18,450.18,450.18,0
1967-10-26,456.58,456.58,456.58,456.58,0
1967-10-27,459.29,459.29,459.29,459.29,0
1967-10-30,461.75,461.75,461.75,461.75,0
1967-10-31,466.77,466.77,466.77,466.77,0
1967-11-01,467.85,467.85,467.85,467.85,0
1967-11-02,463.31,463.31,463.31,463.31,0
1967-11-03,468,468,468,468,0
1967-11-06,471.75,471.75,471.75,471.75,0
1967-11-07,477.7,477.7,477.7,477.7,0
1967-11-08,476.25,476.25,476.25,476.25,0
1967-11-09,469.45,469.45,469.45,469.45,0
1967-11-10,472.31,472.31,472.31,472.31,0
1967-11-13,476.33,476.33,476.33,476.33,0
1967-11-14,481.61,481.61,481.61,481.61,0
1967-11-15,481.83,481.83,481.83,481.83,0
1967-11-16,487.37,487.37,487.37,487.37,0
1967-11-17,482.28,482.28,482.28,482.28,0
1967-11-20,474.84,474.84,474.84,474.84,0
1967-11-21,474.47,474.47,474.47,474.47,0
1967-11-23,488.34,488.34,488.34,488.34,0
1967-11-24,487.45,487.45,487.45,487.45,0
1967-11-27,482.76,482.76,482.76,482.76,0
1967-11-28,479.01,479.01,479.01,479.01,0
1967-11-29,483.06,483.06,483.06,483.06,0
1967-11-30,484.77,484.77,484.77,484.77,0
1967-12-01,483.1,483.1,483.1,483.1,0
1967-12-04,482.17,482.17,482.17,482.17,0
1967-12-05,484.73,484.73,484.73,484.73,0
1967-12-06,486.22,486.22,486.22,486.22,0
1967-12-07,489.79,489.79,489.79,489.79,0
1967-12-08,488.71,488.71,488.71,488.71,0
1967-12-11,487.3,487.3,487.3,487.3,0
1967-12-12,483.69,483.69,483.69,483.69,0
1967-12-13,479.79,479.79,479.79,479.79,0
1967-12-14,481.68,481.68,481.68,481.68,0
1967-12-15,481.83,481.83,481.83,481.83,0
1967-12-18,478.63,478.63,478.63,478.63,0
1967-12-19,477.48,477.48,477.48,477.48,0
1967-12-20,485.1,485.1,485.1,485.1,0
1967-12-21,487.15,487.15,487.15,487.15,0
1967-12-22,491.09,491.09,491.09,491.09,0
1967-12-27,498.46,498.46,498.46,498.46,0
1967-12-28,499.09,499.09,499.09,499.09,0
1967-12-29,503.22,503.22,503.22,503.22,0
1968-01-02,514.75,514.75,514.75,514.75,0
1968-01-03,509.54,509.54,509.54,509.54,0
1968-01-04,511.1,511.1,511.1,511.1,0
1968-01-05,520.48,520.48,520.48,520.48,0
1968-01-08,518.47,518.47,518.47,518.47,0
1968-01-09,521.07,521.07,521.07,521.07,0
1968-01-10,514.23,514.23,514.23,514.23,0
1968-01-11,524.72,524.72,524.72,524.72,0
1968-01-12,526.76,526.76,526.76,526.76,0
1968-01-15,524.27,524.27,524.27,524.27,0
1968-01-16,527.39,527.39,527.39,527.39,0
1968-01-17,530.89,530.89,530.89,530.89,0
1968-01-18,543.83,543.83,543.83,543.83,0
1968-01-19,546.99,546.99,546.99,546.99,0
1968-01-22,547.25,547.25,547.25,547.25,0
1968-01-23,536.77,536.77,536.77,536.77,0
1968-01-24,532.38,532.38,532.38,532.38,0
1968-01-25,539.59,539.59,539.59,539.59,0
1968-01-26,533.68,533.68,533.68,533.68,0
1968-01-29,528.84,528.84,528.84,528.84,0
1968-01-30,530.89,530.89,530.89,530.89,0
1968-01-31,524.57,524.57,524.57,524.57,0
1968-02-01,522.56,522.56,522.56,522.56,0
1968-02-02,528.99,528.99,528.99,528.99,0
1968-02-05,528.32,528.32,528.32,528.32,0
1968-02-06,532.19,532.19,532.19,532.19,0
1968-02-07,532.45,532.45,532.45,532.45,0
1968-02-08,532.86,532.86,532.86,532.86,0
1968-02-09,533.72,533.72,533.72,533.72,0
1968-02-12,530.74,530.74,530.74,530.74,0
1968-02-13,526.09,526.09,526.09,526.09,0
1968-02-14,530.55,530.55,530.55,530.55,0
1968-02-15,528.51,528.51,528.51,528.51,0
1968-02-16,526.2,526.2,526.2,526.2,0
1968-02-19,522.56,522.56,522.56,522.56,0
1968-02-20,521.96,521.96,521.96,521.96,0
1968-02-21,527.8,527.8,527.8,527.8,0
1968-02-22,528.03,528.03,528.03,528.03,0
1968-02-23,520.44,520.44,520.44,520.44,0
1968-02-26,521.03,521.03,521.03,521.03,0
1968-02-27,522.89,522.89,522.89,522.89,0
1968-02-28,524.83,524.83,524.83,524.83,0
1968-02-29,522.22,522.22,522.22,522.22,0
1968-03-01,520.44,520.44,520.44,520.44,0
1968-03-04,518.62,518.62,518.62,518.62,0
1968-03-05,513.85,513.85,513.85,513.85,0
1968-03-06,513.56,513.56,513.56,513.56,0
1968-03-07,517.54,517.54,517.54,517.54,0
1968-03-08,522.19,522.19,522.19,522.19,0
1968-03-11,527.02,527.02,527.02,527.02,0
1968-03-12,526.46,526.46,526.46,526.46,0
1968-03-13,524.19,524.19,524.19,524.19,0
1968-03-14,516.31,516.31,516.31,516.31,0
1968-03-15,519.47,519.47,519.47,519.47,0
1968-03-18,522.52,522.52,522.52,522.52,0
1968-03-19,517.98,517.98,517.98,517.98,0
1968-03-20,516.31,516.31,516.31,516.31,0
1968-03-21,516.27,516.27,516.27,516.27,0
1968-03-22,519.1,519.1,519.1,519.1,0
1968-03-25,523.19,523.19,523.19,523.19,0
1968-03-26,526.31,526.31,526.31,526.31,0
1968-03-27,528.84,528.84,528.84,528.84,0
1968-03-28,532.6,532.6,532.6,532.6,0
1968-03-29,535.61,535.61,535.61,535.61,0
1968-04-01,542.75,542.75,542.75,542.75,0
1968-04-02,541.08,541.08,541.08,541.08,0
1968-04-03,538.33,538.33,538.33,538.33,0
1968-04-04,542.72,542.72,542.72,542.72,0
1968-04-05,542.64,542.64,542.64,542.64,0
1968-04-08,541.53,541.53,541.53,541.53,0
1968-04-09,546.96,546.96,546.96,546.96,0
1968-04-10,550.71,550.71,550.71,550.71,0
1968-04-11,554.8,554.8,554.8,554.8,0
1968-04-16,555.92,555.92,555.92,555.92,0
1968-04-17,554.51,554.51,554.51,554.51,0
1968-04-18,557.89,557.89,557.89,557.89,0
1968-04-19,560.87,560.87,560.87,560.87,0
1968-04-22,562.24,562.24,562.24,562.24,0
1968-04-23,561.31,561.31,561.31,561.31,0
1968-04-24,564.33,564.33,564.33,564.33,0
1968-04-25,564.14,564.14,564.14,564.14,0
1968-04-26,564.51,564.51,564.51,564.51,0
1968-04-29,561.35,561.35,561.35,561.35,0
1968-04-30,562.21,562.21,562.21,562.21,0
1968-05-02,565.26,565.26,565.26,565.26,0
1968-05-03,567.56,567.56,567.56,567.56,0
1968-05-06,570.76,570.76,570.76,570.76,0
1968-05-07,575.19,575.19,575.19,575.19,0
1968-05-08,573.03,573.03,573.03,573.03,0
1968-05-09,572.66,572.66,572.66,572.66,0
1968-05-10,570.83,570.83,570.83,570.83,0
1968-05-13,568.64,568.64,568.64,568.64,0
1968-05-14,566.85,566.85,566.85,566.85,0
1968-05-15,570.31,570.31,570.31,570.31,0
1968-05-16,570.76,570.76,570.76,570.76,0
1968-05-17,567.97,567.97,567.97,567.97,0
1968-05-20,561.98,561.98,561.98,561.98,0
1968-05-21,556.33,556.33,556.33,556.33,0
1968-05-22,561.8,561.8,561.8,561.8,0
1968-05-24,561.68,561.68,561.68,561.68,0
1968-05-27,556.59,556.59,556.59,556.59,0
1968-05-28,551.42,551.42,551.42,551.42,0
1968-05-29,556.07,556.07,556.07,556.07,0
1968-05-30,552.35,552.35,552.35,552.35,0
1968-05-31,557.52,557.52,557.52,557.52,0
1968-06-04,566.52,566.52,566.52,566.52,0
1968-06-05,564.85,564.85,564.85,564.85,0
1968-06-06,571.65,571.65,571.65,571.65,0
1968-06-07,575.93,575.93,575.93,575.93,0
1968-06-10,576.6,576.6,576.6,576.6,0
1968-06-11,572.84,572.84,572.84,572.84,0
1968-06-12,569.94,569.94,569.94,569.94,0
1968-06-14,573.33,573.33,573.33,573.33,0
1968-06-18,574.37,574.37,574.37,574.37,0
1968-06-19,574.52,574.52,574.52,574.52,0
1968-06-20,580.32,580.32,580.32,580.32,0
1968-06-21,585.41,585.41,585.41,585.41,0
1968-06-24,584.45,584.45,584.45,584.45,0
1968-06-25,588.31,588.31,588.31,588.31,0
1968-06-26,590.55,590.55,590.55,590.55,0
1968-06-27,588.35,588.35,588.35,588.35,0
1968-06-28,591.36,591.36,591.36,591.36,0
1968-07-01,593.93,593.93,593.93,593.93,0
1968-07-02,594.3,594.3,594.3,594.3,0
1968-07-03,596.27,596.27,596.27,596.27,0
1968-07-04,590.25,590.25,590.25,590.25,0
1968-07-05,595.05,595.05,595.05,595.05,0
1968-07-08,597.43,597.43,597.43,597.43,0
1968-07-09,598.84,598.84,598.84,598.84,0
1968-07-10,596.83,596.83,596.83,596.83,0
1968-07-11,590.69,590.69,590.69,590.69,0
1968-07-12,593.56,593.56,593.56,593.56,0
1968-07-15,587.16,587.16,587.16,587.16,0
1968-07-16,588.95,588.95,588.95,588.95,0
1968-07-17,585.53,585.53,585.53,585.53,0
1968-07-18,579.61,579.61,579.61,579.61,0
1968-07-19,583.67,583.67,583.67,583.67,0
1968-07-22,583.44,583.44,583.44,583.44,0
1968-07-23,577.97,577.97,577.97,577.97,0
1968-07-24,573.4,573.4,573.4,573.4,0
1968-07-25,575.48,575.48,575.48,575.48,0
1968-07-26,570.16,570.16,570.16,570.16,0
1968-07-29,570.76,570.76,570.76,570.76,0
1968-07-30,578.83,578.83,578.83,578.83,0
1968-07-31,585.71,585.71,585.71,585.71,0
1968-08-01,587.2,587.2,587.2,587.2,0
1968-08-02,588.17,588.17,588.17,588.17,0
1968-08-05,590.47,590.47,590.47,590.47,0
1968-08-06,593.56,593.56,593.56,593.56,0
1968-08-07,593.22,593.22,593.22,593.22,0
1968-08-08,596.24,596.24,596.24,596.24,0
1968-08-09,594.27,594.27,594.27,594.27,0
1968-08-12,596.09,596.09,596.09,596.09,0
1968-08-13,597.24,597.24,597.24,597.24,0
1968-08-14,595.08,595.08,595.08,595.08,0
1968-08-15,600.44,600.44,600.44,600.44,0
1968-08-16,603.19,603.19,603.19,603.19,0
1968-08-19,599.7,599.7,599.7,599.7,0
1968-08-20,596.72,596.72,596.72,596.72,0
1968-08-21,583.22,583.22,583.22,583.22,0
1968-08-22,593.78,593.78,593.78,593.78,0
1968-08-23,596.13,596.13,596.13,596.13,0
1968-08-26,591.22,591.22,591.22,591.22,0
1968-08-27,597.8,597.8,597.8,597.8,0
1968-08-28,595.31,595.31,595.31,595.31,0
1968-08-29,595.38,595.38,595.38,595.38,0
1968-08-30,591.22,591.22,591.22,591.22,0
1968-09-02,584.04,584.04,584.04,584.04,0
1968-09-03,575.63,575.63,575.63,575.63,0
1968-09-04,581.88,581.88,581.88,581.88,0
1968-09-05,576.82,576.82,576.82,576.82,0
1968-09-06,582.62,582.62,582.62,582.62,0
1968-09-09,583.22,583.22,583.22,583.22,0
1968-09-10,585.86,585.86,585.86,585.86,0
1968-09-11,585.15,585.15,585.15,585.15,0
1968-09-12,582.92,582.92,582.92,582.92,0
1968-09-13,580.65,580.65,580.65,580.65,0
1968-09-16,570.46,570.46,570.46,570.46,0
1968-09-17,572.1,572.1,572.1,572.1,0
1968-09-18,576.19,576.19,576.19,576.19,0
1968-09-19,580.02,580.02,580.02,580.02,0
1968-09-20,581.69,581.69,581.69,581.69,0
1968-09-23,579.05,579.05,579.05,579.05,0
1968-09-24,576.86,576.86,576.86,576.86,0
1968-09-25,573.03,573.03,573.03,573.03,0
1968-09-26,571.32,571.32,571.32,571.32,0
1968-09-27,566.59,566.59,566.59,566.59,0
1968-09-30,567.3,567.3,567.3,567.3,0
1968-10-01,573.18,573.18,573.18,573.18,0
1968-10-02,576.78,576.78,576.78,576.78,0
1968-10-03,578.5,578.5,578.5,578.5,0
1968-10-04,582.7,582.7,582.7,582.7,0
1968-10-07,584.56,584.56,584.56,584.56,0
1968-10-08,583.55,583.55,583.55,583.55,0
1968-10-09,581.43,581.43,581.43,581.43,0
1968-10-10,579.2,579.2,579.2,579.2,0
1968-10-11,582.85,582.85,582.85,582.85,0
1968-10-14,583.81,583.81,583.81,583.81,0
1968-10-15,588.31,588.31,588.31,588.31,0
1968-10-16,588.39,588.39,588.39,588.39,0
1968-10-17,590.58,590.58,590.58,590.58,0
1968-10-18,590.84,590.84,590.84,590.84,0
1968-10-21,588.46,588.46,588.46,588.46,0
1968-10-22,587.12,587.12,587.12,587.12,0
1968-10-23,586.98,586.98,586.98,586.98,0
1968-10-24,586.94,586.94,586.94,586.94,0
1968-10-25,581.4,581.4,581.4,581.4,0
1968-10-28,580.69,580.69,580.69,580.69,0
1968-10-29,577.45,577.45,577.45,577.45,0
1968-10-30,578.72,578.72,578.72,578.72,0
1968-10-31,581.92,581.92,581.92,581.92,0
1968-11-01,577.12,577.12,577.12,577.12,0
1968-11-04,576.56,576.56,576.56,576.56,0
1968-11-05,571.47,571.47,571.47,571.47,0
1968-11-06,570.87,570.87,570.87,570.87,0
1968-11-07,574.7,574.7,574.7,574.7,0
1968-11-08,571.88,571.88,571.88,571.88,0
1968-11-11,576.82,576.82,576.82,576.82,0
1968-11-12,574.59,574.59,574.59,574.59,0
1968-11-13,573.62,573.62,573.62,573.62,0
1968-11-14,573.29,573.29,573.29,573.29,0
1968-11-15,570.61,570.61,570.61,570.61,0
1968-11-18,568.12,568.12,568.12,568.12,0
1968-11-19,569.46,569.46,569.46,569.46,0
1968-11-21,571.43,571.43,571.43,571.43,0
1968-11-22,575.19,575.19,575.19,575.19,0
1968-11-25,570.72,570.72,570.72,570.72,0
1968-11-26,569.83,569.83,569.83,569.83,0
1968-11-27,569.35,569.35,569.35,569.35,0
1968-11-28,564.21,564.21,564.21,564.21,0
1968-11-29,560.12,560.12,560.12,560.12,0
1968-12-02,551.64,551.64,551.64,551.64,0
1968-12-03,536.95,536.95,536.95,536.95,0
1968-12-04,543.61,543.61,543.61,543.61,0
1968-12-05,547.51,547.51,547.51,547.51,0
1968-12-06,551.64,551.64,551.64,551.64,0
1968-12-09,561.83,561.83,561.83,561.83,0
1968-12-10,566.3,566.3,566.3,566.3,0
1968-12-11,564.44,564.44,564.44,564.44,0
1968-12-12,557.11,557.11,557.11,557.11,0
1968-12-13,556.92,556.92,556.92,556.92,0
1968-12-16,551.08,551.08,551.08,551.08,0
1968-12-17,545.69,545.69,545.69,545.69,0
1968-12-18,550.6,550.6,550.6,550.6,0
1968-12-19,553.06,553.06,553.06,553.06,0
1968-12-20,550.56,550.56,550.56,550.56,0
1968-12-23,549.49,549.49,549.49,549.49,0
1968-12-27,553.91,553.91,553.91,553.91,0
1968-12-30,557.7,557.7,557.7,557.7,0
1968-12-31,555.62,555.62,555.62,555.62,0
1969-01-02,560.35,560.35,560.35,560.35,0
1969-01-03,566.56,566.56,566.56,566.56,0
1969-01-06,566.18,566.18,566.18,566.18,0
1969-01-07,558.71,558.71,558.71,558.71,0
1969-01-08,559.79,559.79,559.79,559.79,0
1969-01-09,564.51,564.51,564.51,564.51,0
1969-01-10,565.85,565.85,565.85,565.85,0
1969-01-13,565.7,565.7,565.7,565.7,0
1969-01-14,563.66,563.66,563.66,563.66,0
1969-01-15,566.48,566.48,566.48,566.48,0
1969-01-16,570.24,570.24,570.24,570.24,0
1969-01-17,574.44,574.44,574.44,574.44,0
1969-01-20,572.95,572.95,572.95,572.95,0
1969-01-21,575.3,575.3,575.3,575.3,0
1969-01-22,575.86,575.86,575.86,575.86,0
1969-01-23,581.92,581.92,581.92,581.92,0
1969-01-24,583.03,583.03,583.03,583.03,0
1969-01-27,588.35,588.35,588.35,588.35,0
1969-01-28,585.19,585.19,585.19,585.19,0
1969-01-29,589.91,589.91,589.91,589.91,0
1969-01-30,590.58,590.58,590.58,590.58,0
1969-01-31,591.4,591.4,591.4,591.4,0
1969-02-03,588.2,588.2,588.2,588.2,0
1969-02-04,585.82,585.82,585.82,585.82,0
1969-02-05,590.17,590.17,590.17,590.17,0
1969-02-06,590.55,590.55,590.55,590.55,0
1969-02-07,588.5,588.5,588.5,588.5,0
1969-02-10,584.33,584.33,584.33,584.33,0
1969-02-11,582.62,582.62,582.62,582.62,0
1969-02-12,585.3,585.3,585.3,585.3,0
1969-02-13,580.91,580.91,580.91,580.91,0
1969-02-14,577.42,577.42,577.42,577.42,0
1969-02-17,568.04,568.04,568.04,568.04,0
1969-02-18,569.5,569.5,569.5,569.5,0
1969-02-19,575.41,575.41,575.41,575.41,0
1969-02-20,574.33,574.33,574.33,574.33,0
1969-02-21,577.79,577.79,577.79,577.79,0
1969-02-24,586.64,586.64,586.64,586.64,0
1969-02-25,582.18,582.18,582.18,582.18,0
1969-02-26,576.78,576.78,576.78,576.78,0
1969-02-27,572.43,572.43,572.43,572.43,0
1969-02-28,571.95,571.95,571.95,571.95,0
1969-03-03,572.92,572.92,572.92,572.92,0
1969-03-04,580.88,580.88,580.88,580.88,0
1969-03-05,584.78,584.78,584.78,584.78,0
1969-03-06,580.02,580.02,580.02,580.02,0
1969-03-07,573.92,573.92,573.92,573.92,0
1969-03-10,567.19,567.19,567.19,567.19,0
1969-03-11,573.44,573.44,573.44,573.44,0
1969-03-12,574.29,574.29,574.29,574.29,0
1969-03-13,572.54,572.54,572.54,572.54,0
1969-03-14,573.29,573.29,573.29,573.29,0
1969-03-17,574.74,574.74,574.74,574.74,0
1969-03-18,577.86,577.86,577.86,577.86,0
1969-03-19,580.32,580.32,580.32,580.32,0
1969-03-20,582.33,582.33,582.33,582.33,0
1969-03-21,585.26,585.26,585.26,585.26,0
1969-03-24,586.98,586.98,586.98,586.98,0
1969-03-25,584.19,584.19,584.19,584.19,0
1969-03-26,583.18,583.18,583.18,583.18,0
1969-03-27,578.35,578.35,578.35,578.35,0
1969-03-28,581.17,581.17,581.17,581.17,0
1969-03-31,581.36,581.36,581.36,581.36,0
1969-04-01,582.92,582.92,582.92,582.92,0
1969-04-02,586.64,586.64,586.64,586.64,0
1969-04-03,589.13,589.13,589.13,589.13,0
1969-04-08,592.33,592.33,592.33,592.33,0
1969-04-09,590.06,590.06,590.06,590.06,0
1969-04-10,587.5,587.5,587.5,587.5,0
1969-04-11,585.3,585.3,585.3,585.3,0
1969-04-14,578.79,578.79,578.79,578.79,0
1969-04-15,578.83,578.83,578.83,578.83,0
1969-04-16,578.5,578.5,578.5,578.5,0
1969-04-17,578.87,578.87,578.87,578.87,0
1969-04-18,577.71,577.71,577.71,577.71,0
1969-04-21,575.78,575.78,575.78,575.78,0
1969-04-22,570.05,570.05,570.05,570.05,0
1969-04-23,565.96,565.96,565.96,565.96,0
1969-04-24,570.69,570.69,570.69,570.69,0
1969-04-25,573.25,573.25,573.25,573.25,0
1969-04-28,570.76,570.76,570.76,570.76,0
1969-04-29,576.9,576.9,576.9,576.9,0
1969-04-30,581.25,581.25,581.25,581.25,0
1969-05-02,584.26,584.26,584.26,584.26,0
1969-05-05,586.38,586.38,586.38,586.38,0
1969-05-06,586.34,586.34,586.34,586.34,0
1969-05-07,590.81,590.81,590.81,590.81,0
1969-05-08,584.3,584.3,584.3,584.3,0
1969-05-09,587.5,587.5,587.5,587.5,0
1969-05-12,592.55,592.55,592.55,592.55,0
1969-05-13,591.55,591.55,591.55,591.55,0
1969-05-14,601.03,601.03,601.03,601.03,0
1969-05-16,608.7,608.7,608.7,608.7,0
1969-05-19,615.73,615.73,615.73,615.73,0
1969-05-20,615.2,615.2,615.2,615.2,0
1969-05-21,611.19,611.19,611.19,611.19,0
1969-05-22,620.15,620.15,620.15,620.15,0
1969-05-23,619.74,619.74,619.74,619.74,0
1969-05-27,621.86,621.86,621.86,621.86,0
1969-05-28,618.89,618.89,618.89,618.89,0
1969-05-29,618.48,618.48,618.48,618.48,0
1969-05-30,622.27,622.27,622.27,622.27,0
1969-06-02,625.02,625.02,625.02,625.02,0
1969-06-03,624.32,624.32,624.32,624.32,0
1969-06-04,632.16,632.16,632.16,632.16,0
1969-06-06,635.74,635.74,635.74,635.74,0
1969-06-09,639.31,639.31,639.31,639.31,0
1969-06-10,628.19,628.19,628.19,628.19,0
1969-06-11,615.43,615.43,615.43,615.43,0
1969-06-12,611.82,611.82,611.82,611.82,0
1969-06-13,616.95,616.95,616.95,616.95,0
1969-06-16,617.62,617.62,617.62,617.62,0
1969-06-18,613.08,613.08,613.08,613.08,0
1969-06-19,608.21,608.21,608.21,608.21,0
1969-06-20,591.89,591.89,591.89,591.89,0
1969-06-23,573.33,573.33,573.33,573.33,0
1969-06-24,586.83,586.83,586.83,586.83,0
1969-06-25,586.19,586.19,586.19,586.19,0
1969-06-26,584.52,584.52,584.52,584.52,0
1969-06-27,588.95,588.95,588.95,588.95,0
1969-06-30,588.76,588.76,588.76,588.76,0
1969-07-01,585.64,585.64,585.64,585.64,0
1969-07-02,588.05,588.05,588.05,588.05,0
1969-07-03,587.42,587.42,587.42,587.42,0
1969-07-04,588.87,588.87,588.87,588.87,0
1969-07-07,586.9,586.9,586.9,586.9,0
1969-07-08,582.36,582.36,582.36,582.36,0
1969-07-09,571.65,571.65,571.65,571.65,0
1969-07-10,572.02,572.02,572.02,572.02,0
1969-07-11,562.09,562.09,562.09,562.09,0
1969-07-14,548.41,548.41,548.41,548.41,0
1969-07-15,553.58,553.58,553.58,553.58,0
1969-07-16,563.02,563.02,563.02,563.02,0
1969-07-17,567.41,567.41,567.41,567.41,0
1969-07-18,571.95,571.95,571.95,571.95,0
1969-07-21,569.35,569.35,569.35,569.35,0
1969-07-22,572.88,572.88,572.88,572.88,0
1969-07-23,571.21,571.21,571.21,571.21,0
1969-07-24,565.26,565.26,565.26,565.26,0
1969-07-25,567.75,567.75,567.75,567.75,0
1969-07-28,564.14,564.14,564.14,564.14,0
1969-07-29,560.9,560.9,560.9,560.9,0
1969-07-30,562.69,562.69,562.69,562.69,0
1969-07-31,568.83,568.83,568.83,568.83,0
1969-08-01,577.79,577.79,577.79,577.79,0
1969-08-04,578.05,578.05,578.05,578.05,0
1969-08-05,577.19,577.19,577.19,577.19,0
1969-08-06,584.86,584.86,584.86,584.86,0
1969-08-07,588.13,588.13,588.13,588.13,0
1969-08-08,589.69,589.69,589.69,589.69,0
1969-08-11,586.79,586.79,586.79,586.79,0
1969-08-12,591.66,591.66,591.66,591.66,0
1969-08-13,592.96,592.96,592.96,592.96,0
1969-08-14,589.88,589.88,589.88,589.88,0
1969-08-15,590.43,590.43,590.43,590.43,0
1969-08-18,591.66,591.66,591.66,591.66,0
1969-08-19,591.36,591.36,591.36,591.36,0
1969-08-20,590.14,590.14,590.14,590.14,0
1969-08-21,592.85,592.85,592.85,592.85,0
1969-08-22,596.94,596.94,596.94,596.94,0
1969-08-25,600.92,600.92,600.92,600.92,0
1969-08-26,596.42,596.42,596.42,596.42,0
1969-08-27,597.32,597.32,597.32,597.32,0
1969-08-28,603.9,603.9,603.9,603.9,0
1969-08-29,610.41,610.41,610.41,610.41,0
1969-09-01,614.94,614.94,614.94,614.94,0
1969-09-02,620,620,620,620,0
1969-09-03,616.58,616.58,616.58,616.58,0
1969-09-04,613.68,613.68,613.68,613.68,0
1969-09-05,611.86,611.86,611.86,611.86,0
1969-09-08,608.88,608.88,608.88,608.88,0
1969-09-09,602.97,602.97,602.97,602.97,0
1969-09-10,602.86,602.86,602.86,602.86,0
1969-09-11,602.6,602.6,602.6,602.6,0
1969-09-12,598.73,598.73,598.73,598.73,0
1969-09-15,593.89,593.89,593.89,593.89,0
1969-09-16,595.98,595.98,595.98,595.98,0
1969-09-17,600.74,600.74,600.74,600.74,0
1969-09-18,604.68,604.68,604.68,604.68,0
1969-09-19,607.25,607.25,607.25,607.25,0
1969-09-22,606.58,606.58,606.58,606.58,0
1969-09-23,600.55,600.55,600.55,600.55,0
1969-09-24,600.96,600.96,600.96,600.96,0
1969-09-25,600.4,600.4,600.4,600.4,0
1969-09-26,610.15,610.15,610.15,610.15,0
1969-09-29,607.25,607.25,607.25,607.25,0
1969-09-30,601.48,601.48,601.48,601.48,0
1969-10-01,597.76,597.76,597.76,597.76,0
1969-10-02,600.89,600.89,600.89,600.89,0
1969-10-03,608.44,608.44,608.44,608.44,0
1969-10-06,618.22,618.22,618.22,618.22,0
1969-10-07,633.99,633.99,633.99,633.99,0
1969-10-08,631.12,631.12,631.12,631.12,0
1969-10-09,629.97,629.97,629.97,629.97,0
1969-10-10,630.86,630.86,630.86,630.86,0
1969-10-13,626.14,626.14,626.14,626.14,0
1969-10-14,619.48,619.48,619.48,619.48,0
1969-10-15,615.47,615.47,615.47,615.47,0
1969-10-16,617.59,617.59,617.59,617.59,0
1969-10-17,618.55,618.55,618.55,618.55,0
1969-10-20,623.57,623.57,623.57,623.57,0
1969-10-21,624.54,624.54,624.54,624.54,0
1969-10-22,626.33,626.33,626.33,626.33,0
1969-10-23,625.32,625.32,625.32,625.32,0
1969-10-24,622.83,622.83,622.83,622.83,0
1969-10-27,618.25,618.25,618.25,618.25,0
1969-10-28,613.2,613.2,613.2,613.2,0
1969-10-29,616.17,616.17,616.17,616.17,0
1969-10-30,623.31,623.31,623.31,623.31,0
1969-10-31,627.29,627.29,627.29,627.29,0
1969-11-03,626.59,626.59,626.59,626.59,0
1969-11-04,627.92,627.92,627.92,627.92,0
1969-11-05,630.45,630.45,630.45,630.45,0
1969-11-06,633.39,633.39,633.39,633.39,0
1969-11-07,636.37,636.37,636.37,636.37,0
1969-11-10,637.89,637.89,637.89,637.89,0
1969-11-11,645.52,645.52,645.52,645.52,0
1969-11-12,655.97,655.97,655.97,655.97,0
1969-11-13,658.5,658.5,658.5,658.5,0
1969-11-14,654.26,654.26,654.26,654.26,0
1969-11-17,659.2,659.2,659.2,659.2,0
1969-11-18,654.44,654.44,654.44,654.44,0
1969-11-20,646.41,646.41,646.41,646.41,0
1969-11-21,647.75,647.75,647.75,647.75,0
1969-11-24,649.27,649.27,649.27,649.27,0
1969-11-25,652.73,652.73,652.73,652.73,0
1969-11-26,656.79,656.79,656.79,656.79,0
1969-11-27,656.67,656.67,656.67,656.67,0
1969-12-01,657.42,657.42,657.42,657.42,0
1969-12-02,658.46,658.46,658.46,658.46,0
1969-12-03,653.1,653.1,653.1,653.1,0
1969-12-04,646.63,646.63,646.63,646.63,0
1969-12-05,633.76,633.76,633.76,633.76,0
1969-12-08,623.65,623.65,623.65,623.65,0
1969-12-09,628.78,628.78,628.78,628.78,0
1969-12-10,630.64,630.64,630.64,630.64,0
1969-12-11,631.76,631.76,631.76,631.76,0
1969-12-12,633.99,633.99,633.99,633.99,0
1969-12-15,627.96,627.96,627.96,627.96,0
1969-12-16,620.75,620.75,620.75,620.75,0
1969-12-17,615.58,615.58,615.58,615.58,0
1969-12-18,619.41,619.41,619.41,619.41,0
1969-12-19,619.93,619.93,619.93,619.93,0
1969-12-22,614.94,614.94,614.94,614.94,0
1969-12-23,614.98,614.98,614.98,614.98,0
1969-12-29,616.13,616.13,616.13,616.13,0
1969-12-30,618.11,618.11,618.11,618.11,0
1969-12-31,622.38,622.38,622.38,622.38,0
1970-01-02,629.1,629.1,629.1,629.1,0
1970-01-05,628.5,628.5,628.5,628.5,0
1970-01-06,622.4,622.4,622.4,622.4,0
1970-01-07,623.4,623.4,623.4,623.4,0
1970-01-08,623.8,623.8,623.8,623.8,0
1970-01-09,618.7,618.7,618.7,618.7,0
1970-01-12,612.9,612.9,612.9,612.9,0
1970-01-13,607.3,607.3,607.3,607.3,0
1970-01-14,602.1,602.1,602.1,602.1,0
1970-01-15,591.7,591.7,591.7,591.7,0
1970-01-16,581.8,581.8,581.8,581.8,0
1970-01-19,579.8,579.8,579.8,579.8,0
1970-01-20,580.8,580.8,580.8,580.8,0
1970-01-21,590.2,590.2,590.2,590.2,0
1970-01-22,592.9,592.9,592.9,592.9,0
1970-01-23,590.2,590.2,590.2,590.2,0
1970-01-26,590.8,590.8,590.8,590.8,0
1970-01-27,592.6,592.6,592.6,592.6,0
1970-01-28,593.3,593.3,593.3,593.3,0
1970-01-29,584.5,584.5,584.5,584.5,0
1970-01-30,582.2,582.2,582.2,582.2,0
1970-02-02,574.6,574.6,574.6,574.6,0
1970-02-03,571.7,571.7,571.7,571.7,0
1970-02-04,576,576,576,576,0
1970-02-05,576.2,576.2,576.2,576.2,0
1970-02-06,583.6,583.6,583.6,583.6,0
1970-02-09,585.5,585.5,585.5,585.5,0
1970-02-10,585.5,585.5,585.5,585.5,0
1970-02-11,581,581,581,581,0
1970-02-12,582.5,582.5,582.5,582.5,0
1970-02-13,580.4,580.4,580.4,580.4,0
1970-02-16,576.4,576.4,576.4,576.4,0
1970-02-17,576.4,576.4,576.4,576.4,0
1970-02-18,571.3,571.3,571.3,571.3,0
1970-02-19,576.5,576.5,576.5,576.5,0
1970-02-20,576,576,576,576,0
1970-02-23,577.4,577.4,577.4,577.4,0
1970-02-24,575.1,575.1,575.1,575.1,0
1970-02-25,569.8,569.8,569.8,569.8,0
1970-02-26,567.6,567.6,567.6,567.6,0
1970-02-27,564.5,564.5,564.5,564.5,0
1970-03-02,558.6,558.6,558.6,558.6,0
1970-03-03,549.4,549.4,549.4,549.4,0
1970-03-04,553.4,553.4,553.4,553.4,0
1970-03-05,558.7,558.7,558.7,558.7,0
1970-03-06,561.3,561.3,561.3,561.3,0
1970-03-09,551,551,551,551,0
1970-03-10,555.1,555.1,555.1,555.1,0
1970-03-11,560,560,560,560,0
1970-03-12,568.5,568.5,568.5,568.5,0
1970-03-13,575.3,575.3,575.3,575.3,0
1970-03-16,569.5,569.5,569.5,569.5,0
1970-03-17,570.1,570.1,570.1,570.1,0
1970-03-18,569.4,569.4,569.4,569.4,0
1970-03-19,563.6,563.6,563.6,563.6,0
1970-03-20,560.9,560.9,560.9,560.9,0
1970-03-23,557.4,557.4,557.4,557.4,0
1970-03-24,559.2,559.2,559.2,559.2,0
1970-03-25,560.4,560.4,560.4,560.4,0
1970-03-26,567,567,567,567,0
1970-03-31,572.7,572.7,572.7,572.7,0
1970-04-01,573.9,573.9,573.9,573.9,0
1970-04-02,574.6,574.6,574.6,574.6,0
1970-04-03,571.8,571.8,571.8,571.8,0
1970-04-06,572.8,572.8,572.8,572.8,0
1970-04-07,579.6,579.6,579.6,579.6,0
1970-04-08,582.7,582.7,582.7,582.7,0
1970-04-09,581.2,581.2,581.2,581.2,0
1970-04-10,580.5,580.5,580.5,580.5,0
1970-04-13,575.9,575.9,575.9,575.9,0
1970-04-14,567.2,567.2,567.2,567.2,0
1970-04-15,574.5,574.5,574.5,574.5,0
1970-04-16,571.1,571.1,571.1,571.1,0
1970-04-17,561.8,561.8,561.8,561.8,0
1970-04-20,562.3,562.3,562.3,562.3,0
1970-04-21,566.9,566.9,566.9,566.9,0
1970-04-22,562.2,562.2,562.2,562.2,0
1970-04-23,558.3,558.3,558.3,558.3,0
1970-04-24,550.9,550.9,550.9,550.9,0
1970-04-27,540.8,540.8,540.8,540.8,0
1970-04-28,532.6,532.6,532.6,532.6,0
1970-04-29,524.1,524.1,524.1,524.1,0
1970-04-30,532.9,532.9,532.9,532.9,0
1970-05-04,530.8,530.8,530.8,530.8,0
1970-05-05,532.7,532.7,532.7,532.7,0
1970-05-06,537.5,537.5,537.5,537.5,0
1970-05-08,534.8,534.8,534.8,534.8,0
1970-05-11,527.3,527.3,527.3,527.3,0
1970-05-12,521,521,521,521,0
1970-05-13,511,511,511,511,0
1970-05-14,502.3,502.3,502.3,502.3,0
1970-05-15,494,494,494,494,0
1970-05-19,491.2,491.2,491.2,491.2,0
1970-05-20,479.8,479.8,479.8,479.8,0
1970-05-21,467.8,467.8,467.8,467.8,0
1970-05-22,467.2,467.2,467.2,467.2,0
1970-05-25,459.7,459.7,459.7,459.7,0
1970-05-26,445.9,445.9,445.9,445.9,0
1970-05-27,444.6,444.6,444.6,444.6,0
1970-05-29,485.8,485.8,485.8,485.8,0
1970-06-01,473.8,473.8,473.8,473.8,0
1970-06-02,487.4,487.4,487.4,487.4,0
1970-06-03,494,494,494,494,0
1970-06-04,498.2,498.2,498.2,498.2,0
1970-06-05,483.9,483.9,483.9,483.9,0
1970-06-08,481,481,481,481,0
1970-06-09,485.8,485.8,485.8,485.8,0
1970-06-10,484.4,484.4,484.4,484.4,0
1970-06-11,490.4,490.4,490.4,490.4,0
1970-06-12,492.1,492.1,492.1,492.1,0
1970-06-15,489.8,489.8,489.8,489.8,0
1970-06-16,489.1,489.1,489.1,489.1,0
1970-06-18,483.7,483.7,483.7,483.7,0
1970-06-19,484,484,484,484,0
1970-06-22,482.2,482.2,482.2,482.2,0
1970-06-23,476.5,476.5,476.5,476.5,0
1970-06-24,467.7,467.7,467.7,467.7,0
1970-06-25,469.8,469.8,469.8,469.8,0
1970-06-26,471,471,471,471,0
1970-06-29,464.8,464.8,464.8,464.8,0
1970-06-30,464.8,464.8,464.8,464.8,0
1970-07-01,466.2,466.2,466.2,466.2,0
1970-07-02,463.4,463.4,463.4,463.4,0
1970-07-03,461.6,461.6,461.6,461.6,0
1970-07-06,457.5,457.5,457.5,457.5,0
1970-07-07,455.9,455.9,455.9,455.9,0
1970-07-08,469.9,469.9,469.9,469.9,0
1970-07-09,468.7,468.7,468.7,468.7,0
1970-07-10,474.1,474.1,474.1,474.1,0
1970-07-13,485.8,485.8,485.8,485.8,0
1970-07-14,481.5,481.5,481.5,481.5,0
1970-07-15,479.6,479.6,479.6,479.6,0
1970-07-16,490.7,490.7,490.7,490.7,0
1970-07-17,484.8,484.8,484.8,484.8,0
1970-07-20,477.3,477.3,477.3,477.3,0
1970-07-21,473.6,473.6,473.6,473.6,0
1970-07-22,478,478,478,478,0
1970-07-23,478.1,478.1,478.1,478.1,0
1970-07-24,484.7,484.7,484.7,484.7,0
1970-07-27,481.7,481.7,481.7,481.7,0
1970-07-28,482.4,482.4,482.4,482.4,0
1970-07-29,489.7,489.7,489.7,489.7,0
1970-07-30,490.6,490.6,490.6,490.6,0
1970-07-31,492.5,492.5,492.5,492.5,0
1970-08-03,497.2,497.2,497.2,497.2,0
1970-08-04,494.7,494.7,494.7,494.7,0
1970-08-05,499.1,499.1,499.1,499.1,0
1970-08-06,502.8,502.8,502.8,502.8,0
1970-08-07,504.2,504.2,504.2,504.2,0
1970-08-10,509.5,509.5,509.5,509.5,0
1970-08-11,508.2,508.2,508.2,508.2,0
1970-08-12,513.7,513.7,513.7,513.7,0
1970-08-13,509.9,509.9,509.9,509.9,0
1970-08-14,500.3,500.3,500.3,500.3,0
1970-08-17,495.6,495.6,495.6,495.6,0
1970-08-18,497.8,497.8,497.8,497.8,0
1970-08-19,497.7,497.7,497.7,497.7,0
1970-08-20,499.4,499.4,499.4,499.4,0
1970-08-21,502.5,502.5,502.5,502.5,0
1970-08-24,507.3,507.3,507.3,507.3,0
1970-08-25,504.2,504.2,504.2,504.2,0
1970-08-26,502,502,502,502,0
1970-08-27,499,499,499,499,0
1970-08-28,498.5,498.5,498.5,498.5,0
1970-08-31,496.6,496.6,496.6,496.6,0
1970-09-01,494.1,494.1,494.1,494.1,0
1970-09-02,497.8,497.8,497.8,497.8,0
1970-09-03,496.7,496.7,496.7,496.7,0
1970-09-04,495.8,495.8,495.8,495.8,0
1970-09-07,494,494,494,494,0
1970-09-08,492.3,492.3,492.3,492.3,0
1970-09-09,489.8,489.8,489.8,489.8,0
1970-09-10,487,487,487,487,0
1970-09-11,484,484,484,484,0
1970-09-14,479.2,479.2,479.2,479.2,0
1970-09-15,480.3,480.3,480.3,480.3,0
1970-09-16,474.1,474.1,474.1,474.1,0
1970-09-17,473.7,473.7,473.7,473.7,0
1970-09-18,477.6,477.6,477.6,477.6,0
1970-09-21,474.6,474.6,474.6,474.6,0
1970-09-22,476.7,476.7,476.7,476.7,0
1970-09-23,478.9,478.9,478.9,478.9,0
1970-09-24,486.3,486.3,486.3,486.3,0
1970-09-25,489.7,489.7,489.7,489.7,0
1970-09-28,490.1,490.1,490.1,490.1,0
1970-09-29,486.9,486.9,486.9,486.9,0
1970-09-30,486.7,486.7,486.7,486.7,0
1970-10-01,479.7,479.7,479.7,479.7,0
1970-10-02,478.5,478.5,478.5,478.5,0
1970-10-05,482,482,482,482,0
1970-10-06,482.2,482.2,482.2,482.2,0
1970-10-07,479.4,479.4,479.4,479.4,0
1970-10-08,475.7,475.7,475.7,475.7,0
1970-10-09,476.1,476.1,476.1,476.1,0
1970-10-12,470,470,470,470,0
1970-10-13,466.5,466.5,466.5,466.5,0
1970-10-14,469.1,469.1,469.1,469.1,0
1970-10-15,471.3,471.3,471.3,471.3,0
1970-10-16,471.5,471.5,471.5,471.5,0
1970-10-19,472.5,472.5,472.5,472.5,0
1970-10-20,476,476,476,476,0
1970-10-21,485.2,485.2,485.2,485.2,0
1970-10-22,478.1,478.1,478.1,478.1,0
1970-10-23,489.2,489.2,489.2,489.2,0
1970-10-26,491.4,491.4,491.4,491.4,0
1970-10-27,490.5,490.5,490.5,490.5,0
1970-10-28,481.3,481.3,481.3,481.3,0
1970-10-29,482.8,482.8,482.8,482.8,0
1970-10-30,477.2,477.2,477.2,477.2,0
1970-11-02,474.2,474.2,474.2,474.2,0
1970-11-03,476.2,476.2,476.2,476.2,0
1970-11-04,477.7,477.7,477.7,477.7,0
1970-11-05,476.4,476.4,476.4,476.4,0
1970-11-06,476.6,476.6,476.6,476.6,0
1970-11-09,472.4,472.4,472.4,472.4,0
1970-11-10,472.2,472.2,472.2,472.2,0
1970-11-11,476.2,476.2,476.2,476.2,0
1970-11-12,471.4,471.4,471.4,471.4,0
1970-11-13,463.9,463.9,463.9,463.9,0
1970-11-16,461.8,461.8,461.8,461.8,0
1970-11-17,463.9,463.9,463.9,463.9,0
1970-11-19,453.5,453.5,453.5,453.5,0
1970-11-20,448.7,448.7,448.7,448.7,0
1970-11-23,445.8,445.8,445.8,445.8,0
1970-11-24,447,447,447,447,0
1970-11-25,451.7,451.7,451.7,451.7,0
1970-11-26,458.1,458.1,458.1,458.1,0
1970-11-27,459.5,459.5,459.5,459.5,0
1970-11-30,458.2,458.2,458.2,458.2,0
1970-12-01,461.7,461.7,461.7,461.7,0
1970-12-02,459.7,459.7,459.7,459.7,0
1970-12-03,458.8,458.8,458.8,458.8,0
1970-12-04,455.3,455.3,455.3,455.3,0
1970-12-07,447.8,447.8,447.8,447.8,0
1970-12-08,447.8,447.8,447.8,447.8,0
1970-12-09,451.6,451.6,451.6,451.6,0
1970-12-10,454.5,454.5,454.5,454.5,0
1970-12-11,459.3,459.3,459.3,459.3,0
1970-12-14,453.9,453.9,453.9,453.9,0
1970-12-15,453.8,453.8,453.8,453.8,0
1970-12-16,452.4,452.4,452.4,452.4,0
1970-12-17,451.8,451.8,451.8,451.8,0
1970-12-18,451,451,451,451,0
1970-12-21,444.6,444.6,444.6,444.6,0
1970-12-22,444.4,444.4,444.4,444.4,0
1970-12-23,448.5,448.5,448.5,448.5,0
1970-12-28,447.4,447.4,447.4,447.4,0
1970-12-29,444.9,444.9,444.9,444.9,0
1970-12-30,446.2,446.2,446.2,446.2,0
1970-12-31,443.9,443.9,443.9,443.9,0
1971-01-04,444.2,444.2,444.2,444.2,0
1971-01-05,451.2,451.2,451.2,451.2,0
1971-01-06,458,458,458,458,0
1971-01-07,464.1,464.1,464.1,464.1,0
1971-01-08,471.4,471.4,471.4,471.4,0
1971-01-11,475.4,475.4,475.4,475.4,0
1971-01-12,477.6,477.6,477.6,477.6,0
1971-01-13,487.3,487.3,487.3,487.3,0
1971-01-14,481.6,481.6,481.6,481.6,0
1971-01-15,486.3,486.3,486.3,486.3,0
1971-01-18,483.4,483.4,483.4,483.4,0
1971-01-19,490.1,490.1,490.1,490.1,0
1971-01-20,489.9,489.9,489.9,489.9,0
1971-01-21,484.9,484.9,484.9,484.9,0
1971-01-22,489.5,489.5,489.5,489.5,0
1971-01-25,498.5,498.5,498.5,498.5,0
1971-01-26,499.6,499.6,499.6,499.6,0
1971-01-27,502.5,502.5,502.5,502.5,0
1971-01-28,509.6,509.6,509.6,509.6,0
1971-01-29,511.9,511.9,511.9,511.9,0
1971-02-01,506.9,506.9,506.9,506.9,0
1971-02-02,506.9,506.9,506.9,506.9,0
1971-02-03,501.2,501.2,501.2,501.2,0
1971-02-04,500.4,500.4,500.4,500.4,0
1971-02-05,508.4,508.4,508.4,508.4,0
1971-02-08,509.7,509.7,509.7,509.7,0
1971-02-09,506.3,506.3,506.3,506.3,0
1971-02-10,502,502,502,502,0
1971-02-11,503.9,503.9,503.9,503.9,0
1971-02-12,513,513,513,513,0
1971-02-15,533,533,533,533,0
1971-02-16,540.3,540.3,540.3,540.3,0
1971-02-17,535.9,535.9,535.9,535.9,0
1971-02-18,531.3,531.3,531.3,531.3,0
1971-02-19,533.8,533.8,533.8,533.8,0
1971-02-22,542.2,542.2,542.2,542.2,0
1971-02-23,537,537,537,537,0
1971-02-24,531.5,531.5,531.5,531.5,0
1971-02-25,527.3,527.3,527.3,527.3,0
1971-02-26,533.5,533.5,533.5,533.5,0
1971-03-01,531.8,531.8,531.8,531.8,0
1971-03-02,527.9,527.9,527.9,527.9,0
1971-03-03,528.7,528.7,528.7,528.7,0
1971-03-04,529.9,529.9,529.9,529.9,0
1971-03-05,536.7,536.7,536.7,536.7,0
1971-03-08,538.5,538.5,538.5,538.5,0
1971-03-09,539.6,539.6,539.6,539.6,0
1971-03-10,536.8,536.8,536.8,536.8,0
1971-03-11,534.2,534.2,534.2,534.2,0
1971-03-12,538.5,538.5,538.5,538.5,0
1971-03-15,533,533,533,533,0
1971-03-16,540.7,540.7,540.7,540.7,0
1971-03-17,538.4,538.4,538.4,538.4,0
1971-03-18,532.3,532.3,532.3,532.3,0
1971-03-19,525.9,525.9,525.9,525.9,0
1971-03-22,524,524,524,524,0
1971-03-23,523.8,523.8,523.8,523.8,0
1971-03-24,530.5,530.5,530.5,530.5,0
1971-03-25,537.9,537.9,537.9,537.9,0
1971-03-26,540.2,540.2,540.2,540.2,0
1971-03-29,538.4,538.4,538.4,538.4,0
1971-03-30,537.4,537.4,537.4,537.4,0
1971-03-31,538.5,538.5,538.5,538.5,0
1971-04-01,541.6,541.6,541.6,541.6,0
1971-04-02,540.8,540.8,540.8,540.8,0
1971-04-05,540.8,540.8,540.8,540.8,0
1971-04-06,535.8,535.8,535.8,535.8,0
1971-04-07,537.1,537.1,537.1,537.1,0
1971-04-08,539.6,539.6,539.6,539.6,0
1971-04-13,538.8,538.8,538.8,538.8,0
1971-04-14,532.8,532.8,532.8,532.8,0
1971-04-15,527.4,527.4,527.4,527.4,0
1971-04-16,527.1,527.1,527.1,527.1,0
1971-04-19,518.8,518.8,518.8,518.8,0
1971-04-20,516.5,516.5,516.5,516.5,0
1971-04-21,514.9,514.9,514.9,514.9,0
1971-04-22,507.2,507.2,507.2,507.2,0
1971-04-23,498.3,498.3,498.3,498.3,0
1971-04-26,497.8,497.8,497.8,497.8,0
1971-04-27,506.3,506.3,506.3,506.3,0
1971-04-28,516.9,516.9,516.9,516.9,0
1971-04-29,508.9,508.9,508.9,508.9,0
1971-04-30,503.9,503.9,503.9,503.9,0
1971-05-03,501.2,501.2,501.2,501.2,0
1971-05-04,500.2,500.2,500.2,500.2,0
1971-05-05,494.8,494.8,494.8,494.8,0
1971-05-06,497.8,497.8,497.8,497.8,0
1971-05-07,498.4,498.4,498.4,498.4,0
1971-05-10,491.3,491.3,491.3,491.3,0
1971-05-11,493.6,493.6,493.6,493.6,0
1971-05-12,500.2,500.2,500.2,500.2,0
1971-05-13,505.4,505.4,505.4,505.4,0
1971-05-14,504.2,504.2,504.2,504.2,0
1971-05-17,499.1,499.1,499.1,499.1,0
1971-05-18,498.6,498.6,498.6,498.6,0
1971-05-19,498.6,498.6,498.6,498.6,0
1971-05-21,496.8,496.8,496.8,496.8,0
1971-05-24,499.8,499.8,499.8,499.8,0
1971-05-25,501.1,501.1,501.1,501.1,0
1971-05-26,503.6,503.6,503.6,503.6,0
1971-05-27,511.3,511.3,511.3,511.3,0
1971-05-28,515.6,515.6,515.6,515.6,0
1971-06-01,518.2,518.2,518.2,518.2,0
1971-06-02,511,511,511,511,0
1971-06-03,503.3,503.3,503.3,503.3,0
1971-06-04,505.8,505.8,505.8,505.8,0
1971-06-07,502.3,502.3,502.3,502.3,0
1971-06-08,500.7,500.7,500.7,500.7,0
1971-06-09,499.3,499.3,499.3,499.3,0
1971-06-11,505.3,505.3,505.3,505.3,0
1971-06-14,514.5,514.5,514.5,514.5,0
1971-06-15,511.4,511.4,511.4,511.4,0
1971-06-16,513.9,513.9,513.9,513.9,0
1971-06-18,511.2,511.2,511.2,511.2,0
1971-06-21,505.2,505.2,505.2,505.2,0
1971-06-22,503.3,503.3,503.3,503.3,0
1971-06-23,503,503,503,503,0
1971-06-24,499.5,499.5,499.5,499.5,0
1971-06-25,499.5,499.5,499.5,499.5,0
1971-06-28,501.8,501.8,501.8,501.8,0
1971-06-29,507.1,507.1,507.1,507.1,0
1971-06-30,506.2,506.2,506.2,506.2,0
1971-07-01,508.6,508.6,508.6,508.6,0
1971-07-02,511.7,511.7,511.7,511.7,0
1971-07-05,513,513,513,513,0
1971-07-06,510,510,510,510,0
1971-07-07,511.5,511.5,511.5,511.5,0
1971-07-08,513.8,513.8,513.8,513.8,0
1971-07-09,515.2,515.2,515.2,515.2,0
1971-07-12,518,518,518,518,0
1971-07-13,517,517,517,517,0
1971-07-14,513.9,513.9,513.9,513.9,0
1971-07-15,515.5,515.5,515.5,515.5,0
1971-07-16,516.7,516.7,516.7,516.7,0
1971-07-19,514.9,514.9,514.9,514.9,0
1971-07-20,515,515,515,515,0
1971-07-21,516.3,516.3,516.3,516.3,0
1971-07-22,517.2,517.2,517.2,517.2,0
1971-07-23,515,515,515,515,0
1971-07-26,516.3,516.3,516.3,516.3,0
1971-07-27,516.4,516.4,516.4,516.4,0
1971-07-28,517.6,517.6,517.6,517.6,0
1971-07-29,522,522,522,522,0
1971-07-30,523.7,523.7,523.7,523.7,0
1971-08-02,521.6,521.6,521.6,521.6,0
1971-08-03,524.7,524.7,524.7,524.7,0
1971-08-04,526.4,526.4,526.4,526.4,0
1971-08-05,522.3,522.3,522.3,522.3,0
1971-08-06,525,525,525,525,0
1971-08-09,522.3,522.3,522.3,522.3,0
1971-08-10,516.8,516.8,516.8,516.8,0
1971-08-11,516.5,516.5,516.5,516.5,0
1971-08-12,517.1,517.1,517.1,517.1,0
1971-08-13,514.2,514.2,514.2,514.2,0
1971-08-16,506.1,506.1,506.1,506.1,0
1971-08-17,497.3,497.3,497.3,497.3,0
1971-08-18,503.5,503.5,503.5,503.5,0
1971-08-19,505.8,505.8,505.8,505.8,0
1971-08-20,506.3,506.3,506.3,506.3,0
1971-08-23,509.1,509.1,509.1,509.1,0
1971-08-24,511.5,511.5,511.5,511.5,0
1971-08-25,508.4,508.4,508.4,508.4,0
1971-08-26,506.2,506.2,506.2,506.2,0
1971-08-27,504.1,504.1,504.1,504.1,0
1971-08-30,500.5,500.5,500.5,500.5,0
1971-08-31,499.8,499.8,499.8,499.8,0
1971-09-01,497,497,497,497,0
1971-09-02,497.2,497.2,497.2,497.2,0
1971-09-03,495.8,495.8,495.8,495.8,0
1971-09-06,491.2,491.2,491.2,491.2,0
1971-09-07,490.9,490.9,490.9,490.9,0
1971-09-08,487.1,487.1,487.1,487.1,0
1971-09-09,478.4,478.4,478.4,478.4,0
1971-09-10,472.8,472.8,472.8,472.8,0
1971-09-13,471.2,471.2,471.2,471.2,0
1971-09-14,469.3,469.3,469.3,469.3,0
1971-09-15,469.1,469.1,469.1,469.1,0
1971-09-16,467.5,467.5,467.5,467.5,0
1971-09-17,466.6,466.6,466.6,466.6,0
1971-09-20,460.5,460.5,460.5,460.5,0
1971-09-21,456.1,456.1,456.1,456.1,0
1971-09-22,455.4,455.4,455.4,455.4,0
1971-09-23,460.2,460.2,460.2,460.2,0
1971-09-24,461.8,461.8,461.8,461.8,0
1971-09-27,471.5,471.5,471.5,471.5,0
1971-09-28,472.9,472.9,472.9,472.9,0
1971-09-29,476.7,476.7,476.7,476.7,0
1971-09-30,480,480,480,480,0
1971-10-01,485.1,485.1,485.1,485.1,0
1971-10-04,477.2,477.2,477.2,477.2,0
1971-10-05,471.5,471.5,471.5,471.5,0
1971-10-06,469.3,469.3,469.3,469.3,0
1971-10-07,468.9,468.9,468.9,468.9,0
1971-10-08,471,471,471,471,0
1971-10-11,468.1,468.1,468.1,468.1,0
1971-10-12,474.3,474.3,474.3,474.3,0
1971-10-13,473.4,473.4,473.4,473.4,0
1971-10-14,469.1,469.1,469.1,469.1,0
1971-10-15,467.5,467.5,467.5,467.5,0
1971-10-18,463.8,463.8,463.8,463.8,0
1971-10-19,458.4,458.4,458.4,458.4,0
1971-10-20,455.3,455.3,455.3,455.3,0
1971-10-21,457,457,457,457,0
1971-10-22,454.1,454.1,454.1,454.1,0
1971-10-25,451.8,451.8,451.8,451.8,0
1971-10-26,446.9,446.9,446.9,446.9,0
1971-10-27,440.4,440.4,440.4,440.4,0
1971-10-28,437.6,437.6,437.6,437.6,0
1971-10-29,441.6,441.6,441.6,441.6,0
1971-11-01,436.8,436.8,436.8,436.8,0
1971-11-02,426.1,426.1,426.1,426.1,0
1971-11-03,429.3,429.3,429.3,429.3,0
1971-11-04,428.9,428.9,428.9,428.9,0
1971-11-05,423.8,423.8,423.8,423.8,0
1971-11-08,425.8,425.8,425.8,425.8,0
1971-11-09,431.7,431.7,431.7,431.7,0
1971-11-10,435,435,435,435,0
1971-11-11,441.4,441.4,441.4,441.4,0
1971-11-12,435.6,435.6,435.6,435.6,0
1971-11-15,430.2,430.2,430.2,430.2,0
1971-11-16,427.8,427.8,427.8,427.8,0
1971-11-18,433.2,433.2,433.2,433.2,0
1971-11-19,428.7,428.7,428.7,428.7,0
1971-11-22,427.4,427.4,427.4,427.4,0
1971-11-23,431.2,431.2,431.2,431.2,0
1971-11-24,431.2,431.2,431.2,431.2,0
1971-11-25,434.5,434.5,434.5,434.5,0
1971-11-26,440.7,440.7,440.7,440.7,0
1971-11-29,450.4,450.4,450.4,450.4,0
1971-11-30,447.5,447.5,447.5,447.5,0
1971-12-01,454.9,454.9,454.9,454.9,0
1971-12-02,460.5,460.5,460.5,460.5,0
1971-12-03,455.3,455.3,455.3,455.3,0
1971-12-06,447.7,447.7,447.7,447.7,0
1971-12-07,444.9,444.9,444.9,444.9,0
1971-12-08,454,454,454,454,0
1971-12-09,456.1,456.1,456.1,456.1,0
1971-12-10,458.3,458.3,458.3,458.3,0
1971-12-13,461,461,461,461,0
1971-12-14,459.4,459.4,459.4,459.4,0
1971-12-15,456.2,456.2,456.2,456.2,0
1971-12-16,461,461,461,461,0
1971-12-17,460.3,460.3,460.3,460.3,0
1971-12-20,470.6,470.6,470.6,470.6,0
1971-12-21,474.4,474.4,474.4,474.4,0
1971-12-22,472.8,472.8,472.8,472.8,0
1971-12-23,472.8,472.8,472.8,472.8,0
1971-12-27,473.1,473.1,473.1,473.1,0
1971-12-28,468.9,468.9,468.9,468.9,0
1971-12-29,472.2,472.2,472.2,472.2,0
1971-12-30,474.2,474.2,474.2,474.2,0
1971-12-31,473.5,473.5,473.5,473.5,0
1972-01-03,471.2,471.2,471.2,471.2,0
1972-01-04,484.9,484.9,484.9,484.9,0
1972-01-05,483.5,483.5,483.5,483.5,0
1972-01-06,482.8,482.8,482.8,482.8,0
1972-01-07,476.8,476.8,476.8,476.8,0
1972-01-10,472.1,472.1,472.1,472.1,0
1972-01-11,474,474,474,474,0
1972-01-12,476.8,476.8,476.8,476.8,0
1972-01-13,476.4,476.4,476.4,476.4,0
1972-01-14,476.8,476.8,476.8,476.8,0
1972-01-17,478.2,478.2,478.2,478.2,0
1972-01-18,486.4,486.4,486.4,486.4,0
1972-01-19,489.3,489.3,489.3,489.3,0
1972-01-20,490.1,490.1,490.1,490.1,0
1972-01-21,495.3,495.3,495.3,495.3,0
1972-01-24,495.4,495.4,495.4,495.4,0
1972-01-25,495.8,495.8,495.8,495.8,0
1972-01-26,498.3,498.3,498.3,498.3,0
1972-01-27,498.3,498.3,498.3,498.3,0
1972-01-28,500.6,500.6,500.6,500.6,0
1972-01-31,503.8,503.8,503.8,503.8,0
1972-02-01,504.4,504.4,504.4,504.4,0
1972-02-02,508.9,508.9,508.9,508.9,0
1972-02-03,509.9,509.9,509.9,509.9,0
1972-02-04,506.9,506.9,506.9,506.9,0
1972-02-07,509.3,509.3,509.3,509.3,0
1972-02-08,506.6,506.6,506.6,506.6,0
1972-02-09,508.4,508.4,508.4,508.4,0
1972-02-10,513.4,513.4,513.4,513.4,0
1972-02-11,519,519,519,519,0
1972-02-14,523.7,523.7,523.7,523.7,0
1972-02-15,524.5,524.5,524.5,524.5,0
1972-02-16,531.4,531.4,531.4,531.4,0
1972-02-17,522.8,522.8,522.8,522.8,0
1972-02-18,527.6,527.6,527.6,527.6,0
1972-02-21,528.5,528.5,528.5,528.5,0
1972-02-22,523.3,523.3,523.3,523.3,0
1972-02-23,525.6,525.6,525.6,525.6,0
1972-02-24,532.1,532.1,532.1,532.1,0
1972-02-25,535.8,535.8,535.8,535.8,0
1972-02-28,537.5,537.5,537.5,537.5,0
1972-02-29,544,544,544,544,0
1972-03-01,541.5,541.5,541.5,541.5,0
1972-03-02,527.8,527.8,527.8,527.8,0
1972-03-03,533.5,533.5,533.5,533.5,0
1972-03-06,528.6,528.6,528.6,528.6,0
1972-03-07,517.8,517.8,517.8,517.8,0
1972-03-08,515.7,515.7,515.7,515.7,0
1972-03-09,525.3,525.3,525.3,525.3,0
1972-03-10,523.7,523.7,523.7,523.7,0
1972-03-13,520,520,520,520,0
1972-03-14,526.6,526.6,526.6,526.6,0
1972-03-15,534.8,534.8,534.8,534.8,0
1972-03-16,537.3,537.3,537.3,537.3,0
1972-03-17,536.3,536.3,536.3,536.3,0
1972-03-20,541.7,541.7,541.7,541.7,0
1972-03-21,545,545,545,545,0
1972-03-22,538.3,538.3,538.3,538.3,0
1972-03-23,546,546,546,546,0
1972-03-24,548.5,548.5,548.5,548.5,0
1972-03-27,546.7,546.7,546.7,546.7,0
1972-03-28,551.6,551.6,551.6,551.6,0
1972-03-29,556.3,556.3,556.3,556.3,0
1972-03-30,560.4,560.4,560.4,560.4,0
1972-04-04,561.8,561.8,561.8,561.8,0
1972-04-05,553.8,553.8,553.8,553.8,0
1972-04-06,548.6,548.6,548.6,548.6,0
1972-04-07,546.5,546.5,546.5,546.5,0
1972-04-10,555.2,555.2,555.2,555.2,0
1972-04-11,552.1,552.1,552.1,552.1,0
1972-04-12,558.3,558.3,558.3,558.3,0
1972-04-13,563.1,563.1,563.1,563.1,0
1972-04-14,559.2,559.2,559.2,559.2,0
1972-04-17,558,558,558,558,0
1972-04-18,547.1,547.1,547.1,547.1,0
1972-04-19,553.2,553.2,553.2,553.2,0
1972-04-20,552.9,552.9,552.9,552.9,0
1972-04-21,552.3,552.3,552.3,552.3,0
1972-04-24,546.4,546.4,546.4,546.4,0
1972-04-25,536.5,536.5,536.5,536.5,0
1972-04-26,539.1,539.1,539.1,539.1,0
1972-04-27,547.4,547.4,547.4,547.4,0
1972-04-28,548.5,548.5,548.5,548.5,0
1972-05-02,544.8,544.8,544.8,544.8,0
1972-05-03,552.9,552.9,552.9,552.9,0
1972-05-04,559.3,559.3,559.3,559.3,0
1972-05-05,560,560,560,560,0
1972-05-08,558.6,558.6,558.6,558.6,0
1972-05-09,565.1,565.1,565.1,565.1,0
1972-05-10,569.7,569.7,569.7,569.7,0
1972-05-11,575.3,575.3,575.3,575.3,0
1972-05-12,577.27,577.27,577.27,577.27,0
1972-05-15,583.7,583.7,583.7,583.7,0
1972-05-16,581.8,581.8,581.8,581.8,0
1972-05-17,586.5,586.5,586.5,586.5,0
1972-05-18,575.1,575.1,575.1,575.1,0
1972-05-19,574.6,574.6,574.6,574.6,0
1972-05-23,576.9,576.9,576.9,576.9,0
1972-05-24,574.7,574.7,574.7,574.7,0
1972-05-25,566.4,566.4,566.4,566.4,0
1972-05-26,566.6,566.6,566.6,566.6,0
1972-05-29,562.9,562.9,562.9,562.9,0
1972-05-30,562.7,562.7,562.7,562.7,0
1972-05-31,562.5,562.5,562.5,562.5,0
1972-06-02,564.7,564.7,564.7,564.7,0
1972-06-05,569.7,569.7,569.7,569.7,0
1972-06-06,571.2,571.2,571.2,571.2,0
1972-06-07,574.7,574.7,574.7,574.7,0
1972-06-08,570.1,570.1,570.1,570.1,0
1972-06-09,569.3,569.3,569.3,569.3,0
1972-06-12,562.9,562.9,562.9,562.9,0
1972-06-13,559.5,559.5,559.5,559.5,0
1972-06-14,554.8,554.8,554.8,554.8,0
1972-06-15,563.6,563.6,563.6,563.6,0
1972-06-16,564.5,564.5,564.5,564.5,0
1972-06-19,568,568,568,568,0
1972-06-20,561.9,561.9,561.9,561.9,0
1972-06-21,557.1,557.1,557.1,557.1,0
1972-06-22,552.3,552.3,552.3,552.3,0
1972-06-23,544.1,544.1,544.1,544.1,0
1972-06-26,533.2,533.2,533.2,533.2,0
1972-06-27,535.6,535.6,535.6,535.6,0
1972-06-28,539.7,539.7,539.7,539.7,0
1972-06-29,533.5,533.5,533.5,533.5,0
1972-06-30,549.3,549.3,549.3,549.3,0
1972-07-03,557.3,557.3,557.3,557.3,0
1972-07-04,546.4,546.4,546.4,546.4,0
1972-07-05,541.4,541.4,541.4,541.4,0
1972-07-06,546.8,546.8,546.8,546.8,0
1972-07-07,548.8,548.8,548.8,548.8,0
1972-07-10,548.7,548.7,548.7,548.7,0
1972-07-11,556.6,556.6,556.6,556.6,0
1972-07-12,561,561,561,561,0
1972-07-13,552.5,552.5,552.5,552.5,0
1972-07-14,549.2,549.2,549.2,549.2,0
1972-07-17,554.5,554.5,554.5,554.5,0
1972-07-18,554.8,554.8,554.8,554.8,0
1972-07-19,553.5,553.5,553.5,553.5,0
1972-07-20,560.6,560.6,560.6,560.6,0
1972-07-21,567,567,567,567,0
1972-07-24,575.3,575.3,575.3,575.3,0
1972-07-25,580.9,580.9,580.9,580.9,0
1972-07-26,578.2,578.2,578.2,578.2,0
1972-07-27,579.6,579.6,579.6,579.6,0
1972-07-28,583.9,583.9,583.9,583.9,0
1972-07-31,586.5,586.5,586.5,586.5,0
1972-08-01,587.8,587.8,587.8,587.8,0
1972-08-02,585.5,585.5,585.5,585.5,0
1972-08-03,586.8,586.8,586.8,586.8,0
1972-08-04,588.8,588.8,588.8,588.8,0
1972-08-07,589.6,589.6,589.6,589.6,0
1972-08-08,590.4,590.4,590.4,590.4,0
1972-08-09,596.9,596.9,596.9,596.9,0
1972-08-10,596.9,596.9,596.9,596.9,0
1972-08-11,594.1,594.1,594.1,594.1,0
1972-08-14,593.9,593.9,593.9,593.9,0
1972-08-15,588.8,588.8,588.8,588.8,0
1972-08-16,585.6,585.6,585.6,585.6,0
1972-08-17,578.9,578.9,578.9,578.9,0
1972-08-18,581.5,581.5,581.5,581.5,0
1972-08-21,580.4,580.4,580.4,580.4,0
1972-08-22,578.1,578.1,578.1,578.1,0
1972-08-23,574.3,574.3,574.3,574.3,0
1972-08-24,571.5,571.5,571.5,571.5,0
1972-08-25,567.7,567.7,567.7,567.7,0
1972-08-28,565.6,565.6,565.6,565.6,0
1972-08-29,574,574,574,574,0
1972-08-30,574.3,574.3,574.3,574.3,0
1972-08-31,574.6,574.6,574.6,574.6,0
1972-09-01,578,578,578,578,0
1972-09-04,576.3,576.3,576.3,576.3,0
1972-09-05,572.6,572.6,572.6,572.6,0
1972-09-06,574.8,574.8,574.8,574.8,0
1972-09-07,575.4,575.4,575.4,575.4,0
1972-09-08,576.6,576.6,576.6,576.6,0
1972-09-11,576.2,576.2,576.2,576.2,0
1972-09-12,572.3,572.3,572.3,572.3,0
1972-09-13,567.3,567.3,567.3,567.3,0
1972-09-14,560.2,560.2,560.2,560.2,0
1972-09-15,560.2,560.2,560.2,560.2,0
1972-09-18,550.7,550.7,550.7,550.7,0
1972-09-19,547.3,547.3,547.3,547.3,0
1972-09-20,550.7,550.7,550.7,550.7,0
1972-09-21,558.4,558.4,558.4,558.4,0
1972-09-22,559.8,559.8,559.8,559.8,0
1972-09-25,553.8,553.8,553.8,553.8,0
1972-09-26,555,555,555,555,0
1972-09-27,558.7,558.7,558.7,558.7,0
1972-09-28,559.2,559.2,559.2,559.2,0
1972-09-29,555,555,555,555,0
1972-10-02,551.2,551.2,551.2,551.2,0
1972-10-03,552.5,552.5,552.5,552.5,0
1972-10-04,557.6,557.6,557.6,557.6,0
1972-10-05,557.5,557.5,557.5,557.5,0
1972-10-06,555.8,555.8,555.8,555.8,0
1972-10-09,550.9,550.9,550.9,550.9,0
1972-10-10,551.9,551.9,551.9,551.9,0
1972-10-11,548.6,548.6,548.6,548.6,0
1972-10-12,545.6,545.6,545.6,545.6,0
1972-10-13,544.3,544.3,544.3,544.3,0
1972-10-16,540.4,540.4,540.4,540.4,0
1972-10-17,537.8,537.8,537.8,537.8,0
1972-10-18,535.4,535.4,535.4,535.4,0
1972-10-19,540.8,540.8,540.8,540.8,0
1972-10-20,543.2,543.2,543.2,543.2,0
1972-10-23,535.6,535.6,535.6,535.6,0
1972-10-24,532.4,532.4,532.4,532.4,0
1972-10-25,532.2,532.2,532.2,532.2,0
1972-10-26,541.3,541.3,541.3,541.3,0
1972-10-27,539.9,539.9,539.9,539.9,0
1972-10-30,539.2,539.2,539.2,539.2,0
1972-10-31,545.2,545.2,545.2,545.2,0
1972-11-01,545.4,545.4,545.4,545.4,0
1972-11-02,542.6,542.6,542.6,542.6,0
1972-11-03,544.2,544.2,544.2,544.2,0
1972-11-06,548.3,548.3,548.3,548.3,0
1972-11-07,548.3,548.3,548.3,548.3,0
1972-11-08,549,549,549,549,0
1972-11-09,555.3,555.3,555.3,555.3,0
1972-11-10,559.6,559.6,559.6,559.6,0
1972-11-13,560.5,560.5,560.5,560.5,0
1972-11-14,560.4,560.4,560.4,560.4,0
1972-11-15,556.3,556.3,556.3,556.3,0
1972-11-16,560,560,560,560,0
1972-11-17,562.8,562.8,562.8,562.8,0
1972-11-20,554.2,554.2,554.2,554.2,0
1972-11-21,545.5,545.5,545.5,545.5,0
1972-11-23,552,552,552,552,0
1972-11-24,558.1,558.1,558.1,558.1,0
1972-11-27,559.4,559.4,559.4,559.4,0
1972-11-28,550.7,550.7,550.7,550.7,0
1972-11-29,544.3,544.3,544.3,544.3,0
1972-11-30,549.3,549.3,549.3,549.3,0
1972-12-01,545.4,545.4,545.4,545.4,0
1972-12-04,541.5,541.5,541.5,541.5,0
1972-12-05,536.9,536.9,536.9,536.9,0
1972-12-06,533.2,533.2,533.2,533.2,0
1972-12-07,538.5,538.5,538.5,538.5,0
1972-12-08,543.2,543.2,543.2,543.2,0
1972-12-11,539.2,539.2,539.2,539.2,0
1972-12-12,535.4,535.4,535.4,535.4,0
1972-12-13,529.1,529.1,529.1,529.1,0
1972-12-14,532.7,532.7,532.7,532.7,0
1972-12-15,530.4,530.4,530.4,530.4,0
1972-12-18,527.7,527.7,527.7,527.7,0
1972-12-19,531,531,531,531,0
1972-12-20,539,539,539,539,0
1972-12-21,541.8,541.8,541.8,541.8,0
1972-12-22,541.5,541.5,541.5,541.5,0
1972-12-27,542.9,542.9,542.9,542.9,0
1972-12-28,541.2,541.2,541.2,541.2,0
1972-12-29,536.4,536.4,536.4,536.4,0
1973-01-02,545.4,545.4,545.4,545.4,0
1973-01-03,552.5,552.5,552.5,552.5,0
1973-01-04,556.1,556.1,556.1,556.1,0
1973-01-05,557.4,557.4,557.4,557.4,0
1973-01-08,555.5,555.5,555.5,555.5,0
1973-01-09,555.7,555.7,555.7,555.7,0
1973-01-10,553.6,553.6,553.6,553.6,0
1973-01-11,553.9,553.9,553.9,553.9,0
1973-01-12,558.6,558.6,558.6,558.6,0
1973-01-15,559.6,559.6,559.6,559.6,0
1973-01-16,555.1,555.1,555.1,555.1,0
1973-01-17,555.1,555.1,555.1,555.1,0
1973-01-18,561.8,561.8,561.8,561.8,0
1973-01-19,570.6,570.6,570.6,570.6,0
1973-01-22,573.2,573.2,573.2,573.2,0
1973-01-23,563.9,563.9,563.9,563.9,0
1973-01-24,573.5,573.5,573.5,573.5,0
1973-01-25,573.4,573.4,573.4,573.4,0
1973-01-26,568.6,568.6,568.6,568.6,0
1973-01-29,564.9,564.9,564.9,564.9,0
1973-01-30,558.6,558.6,558.6,558.6,0
1973-01-31,558.1,558.1,558.1,558.1,0
1973-02-01,559,559,559,559,0
1973-02-02,549,549,549,549,0
1973-02-05,533.8,533.8,533.8,533.8,0
1973-02-06,534.5,534.5,534.5,534.5,0
1973-02-07,544.3,544.3,544.3,544.3,0
1973-02-08,545.5,545.5,545.5,545.5,0
1973-02-09,536.4,536.4,536.4,536.4,0
1973-02-12,543.6,543.6,543.6,543.6,0
1973-02-13,550.6,550.6,550.6,550.6,0
1973-02-14,546.2,546.2,546.2,546.2,0
1973-02-15,539.1,539.1,539.1,539.1,0
1973-02-16,542.7,542.7,542.7,542.7,0
1973-02-19,535.5,535.5,535.5,535.5,0
1973-02-20,543.5,543.5,543.5,543.5,0
1973-02-21,547.3,547.3,547.3,547.3,0
1973-02-22,549.1,549.1,549.1,549.1,0
1973-02-23,542.5,542.5,542.5,542.5,0
1973-02-26,543.7,543.7,543.7,543.7,0
1973-02-27,546.4,546.4,546.4,546.4,0
1973-02-28,543.2,543.2,543.2,543.2,0
1973-03-01,540.3,540.3,540.3,540.3,0
1973-03-02,538.3,538.3,538.3,538.3,0
1973-03-05,542.9,542.9,542.9,542.9,0
1973-03-06,543.2,543.2,543.2,543.2,0
1973-03-07,547.6,547.6,547.6,547.6,0
1973-03-08,550.7,550.7,550.7,550.7,0
1973-03-09,551.2,551.2,551.2,551.2,0
1973-03-12,555,555,555,555,0
1973-03-13,558.6,558.6,558.6,558.6,0
1973-03-14,567,567,567,567,0
1973-03-15,562,562,562,562,0
1973-03-16,569.9,569.9,569.9,569.9,0
1973-03-19,572.6,572.6,572.6,572.6,0
1973-03-20,571.4,571.4,571.4,571.4,0
1973-03-21,575,575,575,575,0
1973-03-22,579.1,579.1,579.1,579.1,0
1973-03-23,581,581,581,581,0
1973-03-26,574.9,574.9,574.9,574.9,0
1973-03-27,566.4,566.4,566.4,566.4,0
1973-03-28,572.9,572.9,572.9,572.9,0
1973-03-29,574.1,574.1,574.1,574.1,0
1973-03-30,572.5,572.5,572.5,572.5,0
1973-04-02,571.2,571.2,571.2,571.2,0
1973-04-03,568.3,568.3,568.3,568.3,0
1973-04-04,560.8,560.8,560.8,560.8,0
1973-04-05,563.7,563.7,563.7,563.7,0
1973-04-06,567.4,567.4,567.4,567.4,0
1973-04-09,563,563,563,563,0
1973-04-10,564.4,564.4,564.4,564.4,0
1973-04-11,566,566,566,566,0
1973-04-12,568.2,568.2,568.2,568.2,0
1973-04-13,562.8,562.8,562.8,562.8,0
1973-04-16,561.6,561.6,561.6,561.6,0
1973-04-17,555,555,555,555,0
1973-04-18,555.8,555.8,555.8,555.8,0
1973-04-19,560.5,560.5,560.5,560.5,0
1973-04-24,555,555,555,555,0
1973-04-25,546.2,546.2,546.2,546.2,0
1973-04-26,543.1,543.1,543.1,543.1,0
1973-04-27,546,546,546,546,0
1973-04-30,542.5,542.5,542.5,542.5,0
1973-05-02,532.6,532.6,532.6,532.6,0
1973-05-03,527.7,527.7,527.7,527.7,0
1973-05-04,526.1,526.1,526.1,526.1,0
1973-05-07,514.8,514.8,514.8,514.8,0
1973-05-08,521.4,521.4,521.4,521.4,0
1973-05-09,516.2,516.2,516.2,516.2,0
1973-05-10,514.3,514.3,514.3,514.3,0
1973-05-11,514.4,514.4,514.4,514.4,0
1973-05-14,504.9,504.9,504.9,504.9,0
1973-05-15,493.3,493.3,493.3,493.3,0
1973-05-16,499.1,499.1,499.1,499.1,0
1973-05-17,496.3,496.3,496.3,496.3,0
1973-05-18,490.6,490.6,490.6,490.6,0
1973-05-21,482.7,482.7,482.7,482.7,0
1973-05-22,488.3,488.3,488.3,488.3,0
1973-05-23,492.5,492.5,492.5,492.5,0
1973-05-24,494.4,494.4,494.4,494.4,0
1973-05-25,499.6,499.6,499.6,499.6,0
1973-05-28,496.3,496.3,496.3,496.3,0
1973-05-29,486,486,486,486,0
1973-05-30,485.7,485.7,485.7,485.7,0
1973-06-01,477.5,477.5,477.5,477.5,0
1973-06-04,484.9,484.9,484.9,484.9,0
1973-06-05,481.9,481.9,481.9,481.9,0
1973-06-06,486.5,486.5,486.5,486.5,0
1973-06-07,484.7,484.7,484.7,484.7,0
1973-06-08,482.6,482.6,482.6,482.6,0
1973-06-12,486,486,486,486,0
1973-06-13,489.5,489.5,489.5,489.5,0
1973-06-14,487.3,487.3,487.3,487.3,0
1973-06-15,485.4,485.4,485.4,485.4,0
1973-06-18,493.4,493.4,493.4,493.4,0
1973-06-19,497,497,497,497,0
1973-06-20,502.8,502.8,502.8,502.8,0
1973-06-22,503.3,503.3,503.3,503.3,0
1973-06-25,499.7,499.7,499.7,499.7,0
1973-06-26,489.3,489.3,489.3,489.3,0
1973-06-27,487.7,487.7,487.7,487.7,0
1973-06-28,482.2,482.2,482.2,482.2,0
1973-06-29,474.8,474.8,474.8,474.8,0
1973-07-02,478.1,478.1,478.1,478.1,0
1973-07-03,477.9,477.9,477.9,477.9,0
1973-07-04,470.7,470.7,470.7,470.7,0
1973-07-05,471.1,471.1,471.1,471.1,0
1973-07-06,465.7,465.7,465.7,465.7,0
1973-07-09,457.5,457.5,457.5,457.5,0
1973-07-10,463.9,463.9,463.9,463.9,0
1973-07-11,471.8,471.8,471.8,471.8,0
1973-07-12,468.4,468.4,468.4,468.4,0
1973-07-13,474.1,474.1,474.1,474.1,0
1973-07-16,465.1,465.1,465.1,465.1,0
1973-07-17,458.3,458.3,458.3,458.3,0
1973-07-18,452.9,452.9,452.9,452.9,0
1973-07-19,455.4,455.4,455.4,455.4,0
1973-07-20,451.5,451.5,451.5,451.5,0
1973-07-23,447.7,447.7,447.7,447.7,0
1973-07-24,444.6,444.6,444.6,444.6,0
1973-07-25,442,442,442,442,0
1973-07-26,428.6,428.6,428.6,428.6,0
1973-07-27,432.9,432.9,432.9,432.9,0
1973-07-30,442,442,442,442,0
1973-07-31,448.9,448.9,448.9,448.9,0
1973-08-01,447.1,447.1,447.1,447.1,0
1973-08-02,452.5,452.5,452.5,452.5,0
1973-08-03,462.9,462.9,462.9,462.9,0
1973-08-06,455.6,455.6,455.6,455.6,0
1973-08-07,449.9,449.9,449.9,449.9,0
1973-08-08,457.5,457.5,457.5,457.5,0
1973-08-09,457.1,457.1,457.1,457.1,0
1973-08-10,460.4,460.4,460.4,460.4,0
1973-08-13,457.8,457.8,457.8,457.8,0
1973-08-14,454,454,454,454,0
1973-08-15,452.1,452.1,452.1,452.1,0
1973-08-16,456.2,456.2,456.2,456.2,0
1973-08-17,453.8,453.8,453.8,453.8,0
1973-08-20,451.7,451.7,451.7,451.7,0
1973-08-21,447.4,447.4,447.4,447.4,0
1973-08-22,447.8,447.8,447.8,447.8,0
1973-08-23,447.7,447.7,447.7,447.7,0
1973-08-24,443.5,443.5,443.5,443.5,0
1973-08-27,441.1,441.1,441.1,441.1,0
1973-08-28,448.9,448.9,448.9,448.9,0
1973-08-29,445.9,445.9,445.9,445.9,0
1973-08-30,446.4,446.4,446.4,446.4,0
1973-08-31,448.9,448.9,448.9,448.9,0
1973-09-03,452,452,452,452,0
1973-09-04,457.3,457.3,457.3,457.3,0
1973-09-05,452.9,452.9,452.9,452.9,0
1973-09-06,451.7,451.7,451.7,451.7,0
1973-09-07,451.9,451.9,451.9,451.9,0
1973-09-10,446.6,446.6,446.6,446.6,0
1973-09-11,446.1,446.1,446.1,446.1,0
1973-09-12,446.8,446.8,446.8,446.8,0
1973-09-13,441.5,441.5,441.5,441.5,0
1973-09-14,436.6,436.6,436.6,436.6,0
1973-09-17,432.8,432.8,432.8,432.8,0
1973-09-18,433.6,433.6,433.6,433.6,0
1973-09-19,434.9,434.9,434.9,434.9,0
1973-09-20,433,433,433,433,0
1973-09-21,432,432,432,432,0
1973-09-24,431,431,431,431,0
1973-09-25,434.3,434.3,434.3,434.3,0
1973-09-26,434.9,434.9,434.9,434.9,0
1973-09-27,438.8,438.8,438.8,438.8,0
1973-09-28,435.5,435.5,435.5,435.5,0
1973-10-01,436,436,436,436,0
1973-10-02,440.8,440.8,440.8,440.8,0
1973-10-03,442.7,442.7,442.7,442.7,0
1973-10-04,441.1,441.1,441.1,441.1,0
1973-10-05,438.1,438.1,438.1,438.1,0
1973-10-08,431.9,431.9,431.9,431.9,0
1973-10-09,436,436,436,436,0
1973-10-10,432.1,432.1,432.1,432.1,0
1973-10-11,435.3,435.3,435.3,435.3,0
1973-10-12,445.6,445.6,445.6,445.6,0
1973-10-15,446.3,446.3,446.3,446.3,0
1973-10-16,441.4,441.4,441.4,441.4,0
1973-10-17,446.3,446.3,446.3,446.3,0
1973-10-18,449.8,449.8,449.8,449.8,0
1973-10-19,454.5,454.5,454.5,454.5,0
1973-10-22,454.3,454.3,454.3,454.3,0
1973-10-23,460.4,460.4,460.4,460.4,0
1973-10-24,466.6,466.6,466.6,466.6,0
1973-10-25,464.5,464.5,464.5,464.5,0
1973-10-26,476.9,476.9,476.9,476.9,0
1973-10-29,474.7,474.7,474.7,474.7,0
1973-10-30,468.1,468.1,468.1,468.1,0
1973-10-31,470.7,470.7,470.7,470.7,0
1973-11-01,473.2,473.2,473.2,473.2,0
1973-11-02,466.5,466.5,466.5,466.5,0
1973-11-05,453.9,453.9,453.9,453.9,0
1973-11-06,451.8,451.8,451.8,451.8,0
1973-11-07,446.2,446.2,446.2,446.2,0
1973-11-08,456.1,456.1,456.1,456.1,0
1973-11-09,458.3,458.3,458.3,458.3,0
1973-11-12,448.5,448.5,448.5,448.5,0
1973-11-13,446.6,446.6,446.6,446.6,0
1973-11-14,438.9,438.9,438.9,438.9,0
1973-11-15,431.7,431.7,431.7,431.7,0
1973-11-16,424.6,424.6,424.6,424.6,0
1973-11-19,430,430,430,430,0
1973-11-20,432.3,432.3,432.3,432.3,0
1973-11-22,417.9,417.9,417.9,417.9,0
1973-11-23,409.8,409.8,409.8,409.8,0
1973-11-26,398.1,398.1,398.1,398.1,0
1973-11-27,395.9,395.9,395.9,395.9,0
1973-11-28,409.5,409.5,409.5,409.5,0
1973-11-29,416,416,416,416,0
1973-11-30,409.6,409.6,409.6,409.6,0
1973-12-03,411.8,411.8,411.8,411.8,0
1973-12-04,417,417,417,417,0
1973-12-05,409.6,409.6,409.6,409.6,0
1973-12-06,400.1,400.1,400.1,400.1,0
1973-12-07,396.3,396.3,396.3,396.3,0
1973-12-10,394.2,394.2,394.2,394.2,0
1973-12-11,398.1,398.1,398.1,398.1,0
1973-12-12,390.6,390.6,390.6,390.6,0
1973-12-13,388.3,388.3,388.3,388.3,0
1973-12-14,388.3,388.3,388.3,388.3,0
1973-12-17,392.6,392.6,392.6,392.6,0
1973-12-18,387.5,387.5,387.5,387.5,0
1973-12-19,390.7,390.7,390.7,390.7,0
1973-12-20,386.3,386.3,386.3,386.3,0
1973-12-21,390.3,390.3,390.3,390.3,0
1973-12-27,401.4,401.4,401.4,401.4,0
1973-12-28,403.9,403.9,403.9,403.9,0
1973-12-31,396.3,396.3,396.3,396.3,0
1974-01-02,386.8,386.8,386.8,386.8,0
1974-01-03,392.7,392.7,392.7,392.7,0
1974-01-04,396.5,396.5,396.5,396.5,0
1974-01-07,405.3,405.3,405.3,405.3,0
1974-01-08,408.9,408.9,408.9,408.9,0
1974-01-09,418.7,418.7,418.7,418.7,0
1974-01-10,414.1,414.1,414.1,414.1,0
1974-01-11,419,419,419,419,0
1974-01-14,419.5,419.5,419.5,419.5,0
1974-01-15,422.3,422.3,422.3,422.3,0
1974-01-16,426.9,426.9,426.9,426.9,0
1974-01-17,431.4,431.4,431.4,431.4,0
1974-01-18,435.2,435.2,435.2,435.2,0
1974-01-21,420,420,420,420,0
1974-01-22,426.2,426.2,426.2,426.2,0
1974-01-23,426.9,426.9,426.9,426.9,0
1974-01-24,420.3,420.3,420.3,420.3,0
1974-01-25,421.1,421.1,421.1,421.1,0
1974-01-28,421.2,421.2,421.2,421.2,0
1974-01-29,424,424,424,424,0
1974-01-30,431,431,431,431,0
1974-01-31,433.4,433.4,433.4,433.4,0
1974-02-01,436.4,436.4,436.4,436.4,0
1974-02-04,434.3,434.3,434.3,434.3,0
1974-02-05,426.1,426.1,426.1,426.1,0
1974-02-06,426.2,426.2,426.2,426.2,0
1974-02-07,429.2,429.2,429.2,429.2,0
1974-02-08,428,428,428,428,0
1974-02-11,429.6,429.6,429.6,429.6,0
1974-02-12,428.9,428.9,428.9,428.9,0
1974-02-13,429.5,429.5,429.5,429.5,0
1974-02-14,426,426,426,426,0
1974-02-15,420.6,420.6,420.6,420.6,0
1974-02-18,408.5,408.5,408.5,408.5,0
1974-02-19,408.5,408.5,408.5,408.5,0
1974-02-20,402.9,402.9,402.9,402.9,0
1974-02-21,403.4,403.4,403.4,403.4,0
1974-02-22,403.2,403.2,403.2,403.2,0
1974-02-25,403,403,403,403,0
1974-02-26,403.9,403.9,403.9,403.9,0
1974-02-27,398.7,398.7,398.7,398.7,0
1974-02-28,400.3,400.3,400.3,400.3,0
1974-03-01,399,399,399,399,0
1974-03-04,395.5,395.5,395.5,395.5,0
1974-03-05,394.2,394.2,394.2,394.2,0
1974-03-06,403,403,403,403,0
1974-03-07,408.4,408.4,408.4,408.4,0
1974-03-08,428,428,428,428,0
1974-03-11,429.6,429.6,429.6,429.6,0
1974-03-12,428.9,428.9,428.9,428.9,0
1974-03-13,406.1,406.1,406.1,406.1,0
1974-03-14,409.7,409.7,409.7,409.7,0
1974-03-15,412.6,412.6,412.6,412.6,0
1974-03-18,413,413,413,413,0
1974-03-19,408.1,408.1,408.1,408.1,0
1974-03-20,409.4,409.4,409.4,409.4,0
1974-03-21,404.6,404.6,404.6,404.6,0
1974-03-22,400.9,400.9,400.9,400.9,0
1974-03-25,403.8,403.8,403.8,403.8,0
1974-03-26,401.5,401.5,401.5,401.5,0
1974-03-27,397.8,397.8,397.8,397.8,0
1974-03-28,396.8,396.8,396.8,396.8,0
1974-03-29,399.9,399.9,399.9,399.9,0
1974-04-01,402.1,402.1,402.1,402.1,0
1974-04-02,407.8,407.8,407.8,407.8,0
1974-04-03,418,418,418,418,0
1974-04-04,416.7,416.7,416.7,416.7,0
1974-04-05,418.8,418.8,418.8,418.8,0
1974-04-08,417.5,417.5,417.5,417.5,0
1974-04-09,414.5,414.5,414.5,414.5,0
1974-04-10,414.7,414.7,414.7,414.7,0
1974-04-11,421.1,421.1,421.1,421.1,0
1974-04-16,423.1,423.1,423.1,423.1,0
1974-04-17,424.9,424.9,424.9,424.9,0
1974-04-18,420.9,420.9,420.9,420.9,0
1974-04-19,422.6,422.6,422.6,422.6,0
1974-04-22,423.1,423.1,423.1,423.1,0
1974-04-23,420.1,420.1,420.1,420.1,0
1974-04-24,413.8,413.8,413.8,413.8,0
1974-04-25,416.2,416.2,416.2,416.2,0
1974-04-26,424,424,424,424,0
1974-04-29,423.1,423.1,423.1,423.1,0
1974-04-30,425,425,425,425,0
1974-05-02,420.1,420.1,420.1,420.1,0
1974-05-03,422.9,422.9,422.9,422.9,0
1974-05-06,425.7,425.7,425.7,425.7,0
1974-05-07,429.8,429.8,429.8,429.8,0
1974-05-08,429.5,429.5,429.5,429.5,0
1974-05-09,424.1,424.1,424.1,424.1,0
1974-05-10,423.5,423.5,423.5,423.5,0
1974-05-13,416.8,416.8,416.8,416.8,0
1974-05-14,415,415,415,415,0
1974-05-15,420.9,420.9,420.9,420.9,0
1974-05-16,425.2,425.2,425.2,425.2,0
1974-05-17,424.7,424.7,424.7,424.7,0
1974-05-20,423.8,423.8,423.8,423.8,0
1974-05-21,420.9,420.9,420.9,420.9,0
1974-05-22,422,422,422,422,0
1974-05-24,423.1,423.1,423.1,423.1,0
1974-05-27,418,418,418,418,0
1974-05-28,420.4,420.4,420.4,420.4,0
1974-05-29,413.9,413.9,413.9,413.9,0
1974-05-30,408.5,408.5,408.5,408.5,0
1974-05-31,413.1,413.1,413.1,413.1,0
1974-06-04,412.2,412.2,412.2,412.2,0
1974-06-05,414.8,414.8,414.8,414.8,0
1974-06-06,415.4,415.4,415.4,415.4,0
1974-06-07,414.3,414.3,414.3,414.3,0
1974-06-10,413.7,413.7,413.7,413.7,0
1974-06-11,416.2,416.2,416.2,416.2,0
1974-06-12,412.7,412.7,412.7,412.7,0
1974-06-14,411,411,411,411,0
1974-06-18,406.7,406.7,406.7,406.7,0
1974-06-19,405.3,405.3,405.3,405.3,0
1974-06-20,403.7,403.7,403.7,403.7,0
1974-06-21,400.3,400.3,400.3,400.3,0
1974-06-24,401,401,401,401,0
1974-06-25,406.2,406.2,406.2,406.2,0
1974-06-26,407.9,407.9,407.9,407.9,0
1974-06-27,396.1,396.1,396.1,396.1,0
1974-06-28,397.3,397.3,397.3,397.3,0
1974-07-01,403.5,403.5,403.5,403.5,0
1974-07-02,406,406,406,406,0
1974-07-03,400.9,400.9,400.9,400.9,0
1974-07-04,399.9,399.9,399.9,399.9,0
1974-07-05,394.4,394.4,394.4,394.4,0
1974-07-08,390.5,390.5,390.5,390.5,0
1974-07-09,390.7,390.7,390.7,390.7,0
1974-07-10,392.6,392.6,392.6,392.6,0
1974-07-11,394.1,394.1,394.1,394.1,0
1974-07-12,396.3,396.3,396.3,396.3,0
1974-07-15,394.8,394.8,394.8,394.8,0
1974-07-16,396.4,396.4,396.4,396.4,0
1974-07-17,392,392,392,392,0
1974-07-18,395,395,395,395,0
1974-07-19,390.7,390.7,390.7,390.7,0
1974-07-22,388.7,388.7,388.7,388.7,0
1974-07-23,390,390,390,390,0
1974-07-24,392.3,392.3,392.3,392.3,0
1974-07-25,393.6,393.6,393.6,393.6,0
1974-07-26,391.3,391.3,391.3,391.3,0
1974-07-29,390.5,390.5,390.5,390.5,0
1974-07-30,392.3,392.3,392.3,392.3,0
1974-07-31,395.7,395.7,395.7,395.7,0
1974-08-01,402.7,402.7,402.7,402.7,0
1974-08-02,402.3,402.3,402.3,402.3,0
1974-08-05,398.9,398.9,398.9,398.9,0
1974-08-06,408.3,408.3,408.3,408.3,0
1974-08-07,412,412,412,412,0
1974-08-08,416.1,416.1,416.1,416.1,0
1974-08-09,417.6,417.6,417.6,417.6,0
1974-08-12,414.9,414.9,414.9,414.9,0
1974-08-13,420.3,420.3,420.3,420.3,0
1974-08-14,417.5,417.5,417.5,417.5,0
1974-08-15,413.9,413.9,413.9,413.9,0
1974-08-16,416,416,416,416,0
1974-08-19,418,418,418,418,0
1974-08-20,412.9,412.9,412.9,412.9,0
1974-08-21,411.6,411.6,411.6,411.6,0
1974-08-22,405,405,405,405,0
1974-08-23,405.5,405.5,405.5,405.5,0
1974-08-26,399.7,399.7,399.7,399.7,0
1974-08-27,402.1,402.1,402.1,402.1,0
1974-08-28,396.5,396.5,396.5,396.5,0
1974-08-29,394.3,394.3,394.3,394.3,0
1974-08-30,395.4,395.4,395.4,395.4,0
1974-09-02,399.9,399.9,399.9,399.9,0
1974-09-03,398,398,398,398,0
1974-09-04,388.8,388.8,388.8,388.8,0
1974-09-05,389.6,389.6,389.6,389.6,0
1974-09-06,390.6,390.6,390.6,390.6,0
1974-09-09,388.8,388.8,388.8,388.8,0
1974-09-10,384.2,384.2,384.2,384.2,0
1974-09-11,388.7,388.7,388.7,388.7,0
1974-09-12,389.1,389.1,389.1,389.1,0
1974-09-13,382.3,382.3,382.3,382.3,0
1974-09-16,374.1,374.1,374.1,374.1,0
1974-09-17,380.1,380.1,380.1,380.1,0
1974-09-18,381.8,381.8,381.8,381.8,0
1974-09-19,387.5,387.5,387.5,387.5,0
1974-09-20,388.3,388.3,388.3,388.3,0
1974-09-23,394.2,394.2,394.2,394.2,0
1974-09-24,394.4,394.4,394.4,394.4,0
1974-09-25,390.6,390.6,390.6,390.6,0
1974-09-26,388.4,388.4,388.4,388.4,0
1974-09-27,383.8,383.8,383.8,383.8,0
1974-09-30,376.6,376.6,376.6,376.6,0
1974-10-01,378.2,378.2,378.2,378.2,0
1974-10-02,379.4,379.4,379.4,379.4,0
1974-10-03,374.7,374.7,374.7,374.7,0
1974-10-04,372.8,372.8,372.8,372.8,0
1974-10-07,373.3,373.3,373.3,373.3,0
1974-10-08,380.2,380.2,380.2,380.2,0
1974-10-09,375.4,375.4,375.4,375.4,0
1974-10-10,379.4,379.4,379.4,379.4,0
1974-10-11,376.8,376.8,376.8,376.8,0
1974-10-14,376.1,376.1,376.1,376.1,0
1974-10-15,381.3,381.3,381.3,381.3,0
1974-10-16,381.9,381.9,381.9,381.9,0
1974-10-17,376,376,376,376,0
1974-10-18,378.3,378.3,378.3,378.3,0
1974-10-21,376.6,376.6,376.6,376.6,0
1974-10-22,380.4,380.4,380.4,380.4,0
1974-10-23,380.7,380.7,380.7,380.7,0
1974-10-24,378.9,378.9,378.9,378.9,0
1974-10-25,380.8,380.8,380.8,380.8,0
1974-10-28,380,380,380,380,0
1974-10-29,382,382,382,382,0
1974-10-30,382,382,382,382,0
1974-10-31,384.9,384.9,384.9,384.9,0
1974-11-01,384,384,384,384,0
1974-11-04,378,378,378,378,0
1974-11-05,375,375,375,375,0
1974-11-06,372.3,372.3,372.3,372.3,0
1974-11-07,373.1,373.1,373.1,373.1,0
1974-11-08,378,378,378,378,0
1974-11-11,382.5,382.5,382.5,382.5,0
1974-11-12,380.9,380.9,380.9,380.9,0
1974-11-13,382.3,382.3,382.3,382.3,0
1974-11-14,391.8,391.8,391.8,391.8,0
1974-11-15,393.5,393.5,393.5,393.5,0
1974-11-18,390.1,390.1,390.1,390.1,0
1974-11-19,386.4,386.4,386.4,386.4,0
1974-11-21,388.3,388.3,388.3,388.3,0
1974-11-22,390.4,390.4,390.4,390.4,0
1974-11-25,390.3,390.3,390.3,390.3,0
1974-11-26,396.5,396.5,396.5,396.5,0
1974-11-27,400.3,400.3,400.3,400.3,0
1974-11-28,401.3,401.3,401.3,401.3,0
1974-11-29,401.1,401.1,401.1,401.1,0
1974-12-02,407.8,407.8,407.8,407.8,0
1974-12-03,404.4,404.4,404.4,404.4,0
1974-12-04,406.3,406.3,406.3,406.3,0
1974-12-05,407.1,407.1,407.1,407.1,0
1974-12-06,411.1,411.1,411.1,411.1,0
1974-12-09,412.7,412.7,412.7,412.7,0
1974-12-10,408.7,408.7,408.7,408.7,0
1974-12-11,410.4,410.4,410.4,410.4,0
1974-12-12,408.9,408.9,408.9,408.9,0
1974-12-13,406.9,406.9,406.9,406.9,0
1974-12-16,404.1,404.1,404.1,404.1,0
1974-12-17,402.8,402.8,402.8,402.8,0
1974-12-18,400.4,400.4,400.4,400.4,0
1974-12-19,403.4,403.4,403.4,403.4,0
1974-12-20,402.6,402.6,402.6,402.6,0
1974-12-23,399.1,399.1,399.1,399.1,0
1974-12-27,404.2,404.2,404.2,404.2,0
1974-12-30,401.8,401.8,401.8,401.8,0
1975-01-02,411.2,411.2,411.2,411.2,0
1975-01-03,419.4,419.4,419.4,419.4,0
1975-01-06,420.9,420.9,420.9,420.9,0
1975-01-07,416.2,416.2,416.2,416.2,0
1975-01-08,427.3,427.3,427.3,427.3,0
1975-01-09,430.6,430.6,430.6,430.6,0
1975-01-10,437.2,437.2,437.2,437.2,0
1975-01-13,438.8,438.8,438.8,438.8,0
1975-01-14,430.4,430.4,430.4,430.4,0
1975-01-15,427.9,427.9,427.9,427.9,0
1975-01-16,435.2,435.2,435.2,435.2,0
1975-01-17,439.3,439.3,439.3,439.3,0
1975-01-20,437.4,437.4,437.4,437.4,0
1975-01-21,434.6,434.6,434.6,434.6,0
1975-01-22,431.6,431.6,431.6,431.6,0
1975-01-23,425,425,425,425,0
1975-01-24,432,432,432,432,0
1975-01-27,431.4,431.4,431.4,431.4,0
1975-01-28,438.4,438.4,438.4,438.4,0
1975-01-29,444,444,444,444,0
1975-01-30,444.1,444.1,444.1,444.1,0
1975-01-31,446.6,446.6,446.6,446.6,0
1975-02-03,446.7,446.7,446.7,446.7,0
1975-02-04,444.6,444.6,444.6,444.6,0
1975-02-05,445.4,445.4,445.4,445.4,0
1975-02-06,444.7,444.7,444.7,444.7,0
1975-02-07,446.5,446.5,446.5,446.5,0
1975-02-10,448.5,448.5,448.5,448.5,0
1975-02-11,450.3,450.3,450.3,450.3,0
1975-02-12,448.8,448.8,448.8,448.8,0
1975-02-13,447.1,447.1,447.1,447.1,0
1975-02-14,443.1,443.1,443.1,443.1,0
1975-02-17,447.2,447.2,447.2,447.2,0
1975-02-18,452.6,452.6,452.6,452.6,0
1975-02-19,457.4,457.4,457.4,457.4,0
1975-02-20,461.4,461.4,461.4,461.4,0
1975-02-21,467.1,467.1,467.1,467.1,0
1975-02-24,473.4,473.4,473.4,473.4,0
1975-02-25,477.4,477.4,477.4,477.4,0
1975-02-26,474.9,474.9,474.9,474.9,0
1975-02-27,482.1,482.1,482.1,482.1,0
1975-02-28,488.3,488.3,488.3,488.3,0
1975-03-03,496.3,496.3,496.3,496.3,0
1975-03-04,494.7,494.7,494.7,494.7,0
1975-03-05,486,486,486,486,0
1975-03-06,482.2,482.2,482.2,482.2,0
1975-03-07,488.6,488.6,488.6,488.6,0
1975-03-10,495.5,495.5,495.5,495.5,0
1975-03-11,506.6,506.6,506.6,506.6,0
1975-03-12,506.1,506.1,506.1,506.1,0
1975-03-13,501.1,501.1,501.1,501.1,0
1975-03-14,494.7,494.7,494.7,494.7,0
1975-03-17,490.1,490.1,490.1,490.1,0
1975-03-18,491,491,491,491,0
1975-03-19,485.6,485.6,485.6,485.6,0
1975-03-20,481.8,481.8,481.8,481.8,0
1975-03-21,487.5,487.5,487.5,487.5,0
1975-03-24,486.3,486.3,486.3,486.3,0
1975-03-25,484.4,484.4,484.4,484.4,0
1975-03-26,493.2,493.2,493.2,493.2,0
1975-03-27,499.3,499.3,499.3,499.3,0
1975-04-01,504,504,504,504,0
1975-04-02,507.6,507.6,507.6,507.6,0
1975-04-03,511.5,511.5,511.5,511.5,0
1975-04-04,513.2,513.2,513.2,513.2,0
1975-04-07,517.1,517.1,517.1,517.1,0
1975-04-08,517.6,517.6,517.6,517.6,0
1975-04-09,519.1,519.1,519.1,519.1,0
1975-04-10,526.9,526.9,526.9,526.9,0
1975-04-11,530.3,530.3,530.3,530.3,0
1975-04-14,525,525,525,525,0
1975-04-15,525.9,525.9,525.9,525.9,0
1975-04-16,521.5,521.5,521.5,521.5,0
1975-04-17,518.7,518.7,518.7,518.7,0
1975-04-18,519.8,519.8,519.8,519.8,0
1975-04-21,519,519,519,519,0
1975-04-22,520.8,520.8,520.8,520.8,0
1975-04-23,524.6,524.6,524.6,524.6,0
1975-04-24,520.4,520.4,520.4,520.4,0
1975-04-25,518.7,518.7,518.7,518.7,0
1975-04-28,511.3,511.3,511.3,511.3,0
1975-04-29,513.1,513.1,513.1,513.1,0
1975-04-30,515.6,515.6,515.6,515.6,0
1975-05-02,518.1,518.1,518.1,518.1,0
1975-05-05,517.1,517.1,517.1,517.1,0
1975-05-06,521.2,521.2,521.2,521.2,0
1975-05-07,518.8,518.8,518.8,518.8,0
1975-05-09,517.4,517.4,517.4,517.4,0
1975-05-12,513,513,513,513,0
1975-05-13,508.5,508.5,508.5,508.5,0
1975-05-14,502.5,502.5,502.5,502.5,0
1975-05-15,501.8,501.8,501.8,501.8,0
1975-05-16,505.5,505.5,505.5,505.5,0
1975-05-20,502.6,502.6,502.6,502.6,0
1975-05-21,499.3,499.3,499.3,499.3,0
1975-05-22,498.5,498.5,498.5,498.5,0
1975-05-23,494.2,494.2,494.2,494.2,0
1975-05-26,482.9,482.9,482.9,482.9,0
1975-05-27,474.1,474.1,474.1,474.1,0
1975-05-28,467,467,467,467,0
1975-05-30,480.1,480.1,480.1,480.1,0
1975-06-02,486.8,486.8,486.8,486.8,0
1975-06-03,496.4,496.4,496.4,496.4,0
1975-06-04,488.5,488.5,488.5,488.5,0
1975-06-05,489,489,489,489,0
1975-06-06,494.5,494.5,494.5,494.5,0
1975-06-09,490.2,490.2,490.2,490.2,0
1975-06-10,490.3,490.3,490.3,490.3,0
1975-06-11,486,486,486,486,0
1975-06-12,480.6,480.6,480.6,480.6,0
1975-06-13,475.8,475.8,475.8,475.8,0
1975-06-16,476.7,476.7,476.7,476.7,0
1975-06-18,475.2,475.2,475.2,475.2,0
1975-06-19,479.6,479.6,479.6,479.6,0
1975-06-20,486.7,486.7,486.7,486.7,0
1975-06-23,487.1,487.1,487.1,487.1,0
1975-06-24,484.5,484.5,484.5,484.5,0
1975-06-25,483.9,483.9,483.9,483.9,0
1975-06-26,482.4,482.4,482.4,482.4,0
1975-06-27,483.6,483.6,483.6,483.6,0
1975-06-30,485.1,485.1,485.1,485.1,0
1975-07-01,491.6,491.6,491.6,491.6,0
1975-07-02,497.6,497.6,497.6,497.6,0
1975-07-03,495.9,495.9,495.9,495.9,0
1975-07-04,500.4,500.4,500.4,500.4,0
1975-07-07,507.5,507.5,507.5,507.5,0
1975-07-08,504.8,504.8,504.8,504.8,0
1975-07-09,504.2,504.2,504.2,504.2,0
1975-07-10,509.7,509.7,509.7,509.7,0
1975-07-11,516.2,516.2,516.2,516.2,0
1975-07-14,515.9,515.9,515.9,515.9,0
1975-07-15,518.9,518.9,518.9,518.9,0
1975-07-16,522.4,522.4,522.4,522.4,0
1975-07-17,520.6,520.6,520.6,520.6,0
1975-07-18,516.8,516.8,516.8,516.8,0
1975-07-21,520.7,520.7,520.7,520.7,0
1975-07-22,515.2,515.2,515.2,515.2,0
1975-07-23,508.3,508.3,508.3,508.3,0
1975-07-24,508.9,508.9,508.9,508.9,0
1975-07-25,514.5,514.5,514.5,514.5,0
1975-07-28,517.8,517.8,517.8,517.8,0
1975-07-29,523.2,523.2,523.2,523.2,0
1975-07-30,527.7,527.7,527.7,527.7,0
1975-07-31,531.9,531.9,531.9,531.9,0
1975-08-01,530.5,530.5,530.5,530.5,0
1975-08-04,521.5,521.5,521.5,521.5,0
1975-08-05,521.3,521.3,521.3,521.3,0
1975-08-06,518.3,518.3,518.3,518.3,0
1975-08-07,520.9,520.9,520.9,520.9,0
1975-08-08,521,521,521,521,0
1975-08-11,524.1,524.1,524.1,524.1,0
1975-08-12,529.2,529.2,529.2,529.2,0
1975-08-13,525.3,525.3,525.3,525.3,0
1975-08-14,522.2,522.2,522.2,522.2,0
1975-08-15,516.8,516.8,516.8,516.8,0
1975-08-18,515.9,515.9,515.9,515.9,0
1975-08-19,515.6,515.6,515.6,515.6,0
1975-08-20,508.5,508.5,508.5,508.5,0
1975-08-21,506.8,506.8,506.8,506.8,0
1975-08-22,510.4,510.4,510.4,510.4,0
1975-08-25,506.1,506.1,506.1,506.1,0
1975-08-26,504.5,504.5,504.5,504.5,0
1975-08-27,496.7,496.7,496.7,496.7,0
1975-08-28,498.6,498.6,498.6,498.6,0
1975-08-29,503,503,503,503,0
1975-09-01,496.4,496.4,496.4,496.4,0
1975-09-02,500.7,500.7,500.7,500.7,0
1975-09-03,497,497,497,497,0
1975-09-04,503.9,503.9,503.9,503.9,0
1975-09-05,508.4,508.4,508.4,508.4,0
1975-09-08,512.1,512.1,512.1,512.1,0
1975-09-09,510.4,510.4,510.4,510.4,0
1975-09-10,505.6,505.6,505.6,505.6,0
1975-09-11,504.7,504.7,504.7,504.7,0
1975-09-12,506,506,506,506,0
1975-09-15,503.2,503.2,503.2,503.2,0
1975-09-16,501.7,501.7,501.7,501.7,0
1975-09-17,495.7,495.7,495.7,495.7,0
1975-09-18,493.7,493.7,493.7,493.7,0
1975-09-19,498.5,498.5,498.5,498.5,0
1975-09-22,497.1,497.1,497.1,497.1,0
1975-09-23,492.3,492.3,492.3,492.3,0
1975-09-24,495.1,495.1,495.1,495.1,0
1975-09-25,495.4,495.4,495.4,495.4,0
1975-09-26,494.9,494.9,494.9,494.9,0
1975-09-29,493.3,493.3,493.3,493.3,0
1975-09-30,491.6,491.6,491.6,491.6,0
1975-10-01,496.9,496.9,496.9,496.9,0
1975-10-02,499.3,499.3,499.3,499.3,0
1975-10-03,504.7,504.7,504.7,504.7,0
1975-10-06,509.2,509.2,509.2,509.2,0
1975-10-07,504.8,504.8,504.8,504.8,0
1975-10-08,506.5,506.5,506.5,506.5,0
1975-10-09,509.6,509.6,509.6,509.6,0
1975-10-10,513.2,513.2,513.2,513.2,0
1975-10-13,513.3,513.3,513.3,513.3,0
1975-10-14,515.6,515.6,515.6,515.6,0
1975-10-15,512.6,512.6,512.6,512.6,0
1975-10-16,511.4,511.4,511.4,511.4,0
1975-10-17,512.9,512.9,512.9,512.9,0
1975-10-20,515.6,515.6,515.6,515.6,0
1975-10-21,524.3,524.3,524.3,524.3,0
1975-10-22,525.6,525.6,525.6,525.6,0
1975-10-23,525.7,525.7,525.7,525.7,0
1975-10-24,525.2,525.2,525.2,525.2,0
1975-10-27,525.5,525.5,525.5,525.5,0
1975-10-28,532.5,532.5,532.5,532.5,0
1975-10-29,532.7,532.7,532.7,532.7,0
1975-10-30,533.7,533.7,533.7,533.7,0
1975-10-31,534.3,534.3,534.3,534.3,0
1975-11-03,536.2,536.2,536.2,536.2,0
1975-11-04,536.7,536.7,536.7,536.7,0
1975-11-05,537.2,537.2,537.2,537.2,0
1975-11-06,532.9,532.9,532.9,532.9,0
1975-11-07,533.7,533.7,533.7,533.7,0
1975-11-10,535.7,535.7,535.7,535.7,0
1975-11-11,542.5,542.5,542.5,542.5,0
1975-11-12,542,542,542,542,0
1975-11-13,545.1,545.1,545.1,545.1,0
1975-11-14,545.9,545.9,545.9,545.9,0
1975-11-17,547.4,547.4,547.4,547.4,0
1975-11-18,548.3,548.3,548.3,548.3,0
1975-11-20,544.5,544.5,544.5,544.5,0
1975-11-21,542.5,542.5,542.5,542.5,0
1975-11-24,546.7,546.7,546.7,546.7,0
1975-11-25,554.4,554.4,554.4,554.4,0
1975-11-26,553.8,553.8,553.8,553.8,0
1975-11-27,558.4,558.4,558.4,558.4,0
1975-11-28,561.5,561.5,561.5,561.5,0
1975-12-01,562.3,562.3,562.3,562.3,0
1975-12-02,556.4,556.4,556.4,556.4,0
1975-12-03,552.1,552.1,552.1,552.1,0
1975-12-04,549.8,549.8,549.8,549.8,0
1975-12-05,556.8,556.8,556.8,556.8,0
1975-12-08,553.5,553.5,553.5,553.5,0
1975-12-09,549.3,549.3,549.3,549.3,0
1975-12-10,545.6,545.6,545.6,545.6,0
1975-12-11,547.1,547.1,547.1,547.1,0
1975-12-12,543.5,543.5,543.5,543.5,0
1975-12-15,541.1,541.1,541.1,541.1,0
1975-12-16,546.2,546.2,546.2,546.2,0
1975-12-17,553.9,553.9,553.9,553.9,0
1975-12-18,555.5,555.5,555.5,555.5,0
1975-12-19,556.5,556.5,556.5,556.5,0
1975-12-22,558.6,558.6,558.6,558.6,0
1975-12-23,563.4,563.4,563.4,563.4,0
1975-12-29,566.2,566.2,566.2,566.2,0
1975-12-30,563.2,563.2,563.2,563.2,0
1976-01-02,573.4,573.4,573.4,573.4,0
1976-01-05,578.2,578.2,578.2,578.2,0
1976-01-06,576.9,576.9,576.9,576.9,0
1976-01-07,570.5,570.5,570.5,570.5,0
1976-01-08,569.8,569.8,569.8,569.8,0
1976-01-09,571.5,571.5,571.5,571.5,0
1976-01-12,566.3,566.3,566.3,566.3,0
1976-01-13,565.5,565.5,565.5,565.5,0
1976-01-14,567.9,567.9,567.9,567.9,0
1976-01-15,573.7,573.7,573.7,573.7,0
1976-01-16,566.9,566.9,566.9,566.9,0
1976-01-19,569.5,569.5,569.5,569.5,0
1976-01-20,565.3,565.3,565.3,565.3,0
1976-01-21,559.2,559.2,559.2,559.2,0
1976-01-22,560.4,560.4,560.4,560.4,0
1976-01-23,568.1,568.1,568.1,568.1,0
1976-01-26,569.9,569.9,569.9,569.9,0
1976-01-27,570.3,570.3,570.3,570.3,0
1976-01-28,565.7,565.7,565.7,565.7,0
1976-01-29,565.7,565.7,565.7,565.7,0
1976-01-30,572,572,572,572,0
1976-02-02,570.9,570.9,570.9,570.9,0
1976-02-03,569.2,569.2,569.2,569.2,0
1976-02-04,574.8,574.8,574.8,574.8,0
1976-02-05,575.3,575.3,575.3,575.3,0
1976-02-06,577.7,577.7,577.7,577.7,0
1976-02-09,573.3,573.3,573.3,573.3,0
1976-02-10,573,573,573,573,0
1976-02-11,572.7,572.7,572.7,572.7,0
1976-02-12,571.4,571.4,571.4,571.4,0
1976-02-13,568.6,568.6,568.6,568.6,0
1976-02-16,570.1,570.1,570.1,570.1,0
1976-02-17,574.9,574.9,574.9,574.9,0
1976-02-18,573.1,573.1,573.1,573.1,0
1976-02-19,572.8,572.8,572.8,572.8,0
1976-02-20,574.1,574.1,574.1,574.1,0
1976-02-23,576.9,576.9,576.9,576.9,0
1976-02-24,577.4,577.4,577.4,577.4,0
1976-02-25,574.8,574.8,574.8,574.8,0
1976-02-26,569.5,569.5,569.5,569.5,0
1976-02-27,567.8,567.8,567.8,567.8,0
1976-03-01,569,569,569,569,0
1976-03-02,574.8,574.8,574.8,574.8,0
1976-03-03,576,576,576,576,0
1976-03-04,576.3,576.3,576.3,576.3,0
1976-03-05,578.9,578.9,578.9,578.9,0
1976-03-08,575.3,575.3,575.3,575.3,0
1976-03-09,577.9,577.9,577.9,577.9,0
1976-03-10,586.2,586.2,586.2,586.2,0
1976-03-11,593.1,593.1,593.1,593.1,0
1976-03-12,592.2,592.2,592.2,592.2,0
1976-03-15,587.3,587.3,587.3,587.3,0
1976-03-16,590.1,590.1,590.1,590.1,0
1976-03-17,593.8,593.8,593.8,593.8,0
1976-03-18,586.4,586.4,586.4,586.4,0
1976-03-19,583.4,583.4,583.4,583.4,0
1976-03-22,589.6,589.6,589.6,589.6,0
1976-03-23,588.4,588.4,588.4,588.4,0
1976-03-24,587.9,587.9,587.9,587.9,0
1976-03-25,585.7,585.7,585.7,585.7,0
1976-03-26,583.9,583.9,583.9,583.9,0
1976-03-29,586.8,586.8,586.8,586.8,0
1976-03-30,587,587,587,587,0
1976-03-31,583.7,583.7,583.7,583.7,0
1976-04-01,582.2,582.2,582.2,582.2,0
1976-04-02,581.7,581.7,581.7,581.7,0
1976-04-05,580.9,580.9,580.9,580.9,0
1976-04-06,576.9,576.9,576.9,576.9,0
1976-04-07,571.1,571.1,571.1,571.1,0
1976-04-08,570.7,570.7,570.7,570.7,0
1976-04-09,570.6,570.6,570.6,570.6,0
1976-04-12,568.4,568.4,568.4,568.4,0
1976-04-13,569.7,569.7,569.7,569.7,0
1976-04-14,574,574,574,574,0
1976-04-15,578.6,578.6,578.6,578.6,0
1976-04-20,577.4,577.4,577.4,577.4,0
1976-04-21,574.6,574.6,574.6,574.6,0
1976-04-22,570.7,570.7,570.7,570.7,0
1976-04-23,567.7,567.7,567.7,567.7,0
1976-04-26,563.6,563.6,563.6,563.6,0
1976-04-27,561.5,561.5,561.5,561.5,0
1976-04-28,552.5,552.5,552.5,552.5,0
1976-04-29,553.9,553.9,553.9,553.9,0
1976-04-30,547.3,547.3,547.3,547.3,0
1976-05-03,549.3,549.3,549.3,549.3,0
1976-05-04,553.7,553.7,553.7,553.7,0
1976-05-05,558.9,558.9,558.9,558.9,0
1976-05-06,549.2,549.2,549.2,549.2,0
1976-05-07,547.7,547.7,547.7,547.7,0
1976-05-10,545.7,545.7,545.7,545.7,0
1976-05-11,549.1,549.1,549.1,549.1,0
1976-05-12,549.1,549.1,549.1,549.1,0
1976-05-13,537.3,537.3,537.3,537.3,0
1976-05-14,539.4,539.4,539.4,539.4,0
1976-05-17,546,546,546,546,0
1976-05-18,546.4,546.4,546.4,546.4,0
1976-05-19,540.8,540.8,540.8,540.8,0
1976-05-20,534.9,534.9,534.9,534.9,0
1976-05-21,531.4,531.4,531.4,531.4,0
1976-05-24,535.5,535.5,535.5,535.5,0
1976-05-25,526.2,526.2,526.2,526.2,0
1976-05-26,527.6,527.6,527.6,527.6,0
1976-05-28,532.3,532.3,532.3,532.3,0
1976-05-31,542.4,542.4,542.4,542.4,0
1976-06-01,543.1,543.1,543.1,543.1,0
1976-06-02,534.7,534.7,534.7,534.7,0
1976-06-03,536.6,536.6,536.6,536.6,0
1976-06-04,539,539,539,539,0
1976-06-08,536.6,536.6,536.6,536.6,0
1976-06-09,533.9,533.9,533.9,533.9,0
1976-06-10,535.2,535.2,535.2,535.2,0
1976-06-11,537.7,537.7,537.7,537.7,0
1976-06-14,533.5,533.5,533.5,533.5,0
1976-06-15,532.1,532.1,532.1,532.1,0
1976-06-16,534.2,534.2,534.2,534.2,0
1976-06-18,540.8,540.8,540.8,540.8,0
1976-06-21,543.9,543.9,543.9,543.9,0
1976-06-22,547.1,547.1,547.1,547.1,0
1976-06-23,543.6,543.6,543.6,543.6,0
1976-06-24,547.5,547.5,547.5,547.5,0
1976-06-25,546.8,546.8,546.8,546.8,0
1976-06-28,543.7,543.7,543.7,543.7,0
1976-06-29,543,543,543,543,0
1976-06-30,542.3,542.3,542.3,542.3,0
1976-07-01,537.5,537.5,537.5,537.5,0
1976-07-02,532.6,532.6,532.6,532.6,0
1976-07-05,529.5,529.5,529.5,529.5,0
1976-07-06,536.5,536.5,536.5,536.5,0
1976-07-07,535.2,535.2,535.2,535.2,0
1976-07-08,529.7,529.7,529.7,529.7,0
1976-07-09,529.5,529.5,529.5,529.5,0
1976-07-12,529.7,529.7,529.7,529.7,0
1976-07-13,528.8,528.8,528.8,528.8,0
1976-07-14,529.1,529.1,529.1,529.1,0
1976-07-15,536.7,536.7,536.7,536.7,0
1976-07-16,533.8,533.8,533.8,533.8,0
1976-07-19,533.5,533.5,533.5,533.5,0
1976-07-20,535.3,535.3,535.3,535.3,0
1976-07-21,539.7,539.7,539.7,539.7,0
1976-07-22,545.5,545.5,545.5,545.5,0
1976-07-23,543.4,543.4,543.4,543.4,0
1976-07-26,538.9,538.9,538.9,538.9,0
1976-07-27,539.1,539.1,539.1,539.1,0
1976-07-28,538.3,538.3,538.3,538.3,0
1976-07-29,532,532,532,532,0
1976-07-30,534,534,534,534,0
1976-08-02,529.3,529.3,529.3,529.3,0
1976-08-03,524.3,524.3,524.3,524.3,0
1976-08-04,532.5,532.5,532.5,532.5,0
1976-08-05,528.9,528.9,528.9,528.9,0
1976-08-06,527.6,527.6,527.6,527.6,0
1976-08-09,523.5,523.5,523.5,523.5,0
1976-08-10,525.8,525.8,525.8,525.8,0
1976-08-11,531,531,531,531,0
1976-08-12,531.4,531.4,531.4,531.4,0
1976-08-13,538.8,538.8,538.8,538.8,0
1976-08-16,539.7,539.7,539.7,539.7,0
1976-08-17,541.4,541.4,541.4,541.4,0
1976-08-18,542.3,542.3,542.3,542.3,0
1976-08-19,537.4,537.4,537.4,537.4,0
1976-08-20,536.1,536.1,536.1,536.1,0
1976-08-23,536.7,536.7,536.7,536.7,0
1976-08-24,534.6,534.6,534.6,534.6,0
1976-08-25,526.1,526.1,526.1,526.1,0
1976-08-26,528.5,528.5,528.5,528.5,0
1976-08-27,525.9,525.9,525.9,525.9,0
1976-08-30,526.6,526.6,526.6,526.6,0
1976-08-31,530.3,530.3,530.3,530.3,0
1976-09-01,527.9,527.9,527.9,527.9,0
1976-09-02,535.4,535.4,535.4,535.4,0
1976-09-03,536.9,536.9,536.9,536.9,0
1976-09-06,536.5,536.5,536.5,536.5,0
1976-09-07,538.7,538.7,538.7,538.7,0
1976-09-08,539.4,539.4,539.4,539.4,0
1976-09-09,533.5,533.5,533.5,533.5,0
1976-09-10,530.3,530.3,530.3,530.3,0
1976-09-13,530.3,530.3,530.3,530.3,0
1976-09-14,530.9,530.9,530.9,530.9,0
1976-09-15,529.9,529.9,529.9,529.9,0
1976-09-16,528.8,528.8,528.8,528.8,0
1976-09-17,526,526,526,526,0
1976-09-20,529.9,529.9,529.9,529.9,0
1976-09-21,535.2,535.2,535.2,535.2,0
1976-09-22,541.1,541.1,541.1,541.1,0
1976-09-23,537.3,537.3,537.3,537.3,0
1976-09-24,536.7,536.7,536.7,536.7,0
1976-09-27,533.7,533.7,533.7,533.7,0
1976-09-28,533.2,533.2,533.2,533.2,0
1976-09-29,530.4,530.4,530.4,530.4,0
1976-09-30,531.1,531.1,531.1,531.1,0
1976-10-01,534,534,534,534,0
1976-10-04,524.1,524.1,524.1,524.1,0
1976-10-05,525.2,525.2,525.2,525.2,0
1976-10-06,516.1,516.1,516.1,516.1,0
1976-10-07,517.5,517.5,517.5,517.5,0
1976-10-08,513.4,513.4,513.4,513.4,0
1976-10-11,502.6,502.6,502.6,502.6,0
1976-10-12,495.1,495.1,495.1,495.1,0
1976-10-13,497,497,497,497,0
1976-10-14,502.5,502.5,502.5,502.5,0
1976-10-15,493.3,493.3,493.3,493.3,0
1976-10-18,491.5,491.5,491.5,491.5,0
1976-10-19,496,496,496,496,0
1976-10-20,502.1,502.1,502.1,502.1,0
1976-10-21,500.7,500.7,500.7,500.7,0
1976-10-22,494.7,494.7,494.7,494.7,0
1976-10-25,490,490,490,490,0
1976-10-26,494.2,494.2,494.2,494.2,0
1976-10-27,494.1,494.1,494.1,494.1,0
1976-10-28,486.7,486.7,486.7,486.7,0
1976-10-29,487.4,487.4,487.4,487.4,0
1976-11-01,489.5,489.5,489.5,489.5,0
1976-11-02,499.4,499.4,499.4,499.4,0
1976-11-03,495.6,495.6,495.6,495.6,0
1976-11-04,504.9,504.9,504.9,504.9,0
1976-11-05,510.3,510.3,510.3,510.3,0
1976-11-08,502.8,502.8,502.8,502.8,0
1976-11-09,505.7,505.7,505.7,505.7,0
1976-11-10,508.2,508.2,508.2,508.2,0
1976-11-11,507.5,507.5,507.5,507.5,0
1976-11-12,505.2,505.2,505.2,505.2,0
1976-11-15,498,498,498,498,0
1976-11-16,502,502,502,502,0
1976-11-18,500,500,500,500,0
1976-11-19,503.5,503.5,503.5,503.5,0
1976-11-22,505.5,505.5,505.5,505.5,0
1976-11-23,513.4,513.4,513.4,513.4,0
1976-11-24,511.7,511.7,511.7,511.7,0
1976-11-25,508.1,508.1,508.1,508.1,0
1976-11-26,510.2,510.2,510.2,510.2,0
1976-11-29,515.6,515.6,515.6,515.6,0
1976-11-30,509.5,509.5,509.5,509.5,0
1976-12-01,508.6,508.6,508.6,508.6,0
1976-12-02,507,507,507,507,0
1976-12-03,508.6,508.6,508.6,508.6,0
1976-12-06,510.2,510.2,510.2,510.2,0
1976-12-07,512.7,512.7,512.7,512.7,0
1976-12-08,509.6,509.6,509.6,509.6,0
1976-12-09,509.3,509.3,509.3,509.3,0
1976-12-10,509.2,509.2,509.2,509.2,0
1976-12-13,506.7,506.7,506.7,506.7,0
1976-12-14,503.4,503.4,503.4,503.4,0
1976-12-15,505.4,505.4,505.4,505.4,0
1976-12-16,502.8,502.8,502.8,502.8,0
1976-12-17,505.9,505.9,505.9,505.9,0
1976-12-20,504,504,504,504,0
1976-12-21,502.5,502.5,502.5,502.5,0
1976-12-22,507.5,507.5,507.5,507.5,0
1976-12-23,507.6,507.6,507.6,507.6,0
1976-12-27,506.9,506.9,506.9,506.9,0
1976-12-28,510.9,510.9,510.9,510.9,0
1976-12-29,509.5,509.5,509.5,509.5,0
1976-12-30,509,509,509,509,0
1977-01-03,515.3,515.3,515.3,515.3,0
1977-01-04,520.7,520.7,520.7,520.7,0
1977-01-05,518.1,518.1,518.1,518.1,0
1977-01-06,516.6,516.6,516.6,516.6,0
1977-01-07,523.9,523.9,523.9,523.9,0
1977-01-10,526.6,526.6,526.6,526.6,0
1977-01-11,526.1,526.1,526.1,526.1,0
1977-01-12,520.5,520.5,520.5,520.5,0
1977-01-13,520.3,520.3,520.3,520.3,0
1977-01-14,519.5,519.5,519.5,519.5,0
1977-01-17,517.7,517.7,517.7,517.7,0
1977-01-18,513.8,513.8,513.8,513.8,0
1977-01-19,514.2,514.2,514.2,514.2,0
1977-01-20,510.8,510.8,510.8,510.8,0
1977-01-21,507.9,507.9,507.9,507.9,0
1977-01-24,506.2,506.2,506.2,506.2,0
1977-01-25,506.4,506.4,506.4,506.4,0
1977-01-26,511.7,511.7,511.7,511.7,0
1977-01-27,510.8,510.8,510.8,510.8,0
1977-01-28,513.8,513.8,513.8,513.8,0
1977-01-31,512.3,512.3,512.3,512.3,0
1977-02-01,515.2,515.2,515.2,515.2,0
1977-02-02,519.2,519.2,519.2,519.2,0
1977-02-03,515.6,515.6,515.6,515.6,0
1977-02-04,516.7,516.7,516.7,516.7,0
1977-02-07,516.5,516.5,516.5,516.5,0
1977-02-08,515.3,515.3,515.3,515.3,0
1977-02-09,515.5,515.5,515.5,515.5,0
1977-02-10,512.3,512.3,512.3,512.3,0
1977-02-11,510.6,510.6,510.6,510.6,0
1977-02-14,507.6,507.6,507.6,507.6,0
1977-02-15,508.7,508.7,508.7,508.7,0
1977-02-16,505.2,505.2,505.2,505.2,0
1977-02-17,501.3,501.3,501.3,501.3,0
1977-02-18,501.5,501.5,501.5,501.5,0
1977-02-21,499.9,499.9,499.9,499.9,0
1977-02-22,500.2,500.2,500.2,500.2,0
1977-02-23,501.8,501.8,501.8,501.8,0
1977-02-24,501.4,501.4,501.4,501.4,0
1977-02-25,498.4,498.4,498.4,498.4,0
1977-02-28,496.2,496.2,496.2,496.2,0
1977-03-01,497.1,497.1,497.1,497.1,0
1977-03-02,500.3,500.3,500.3,500.3,0
1977-03-03,499.9,499.9,499.9,499.9,0
1977-03-04,501.9,501.9,501.9,501.9,0
1977-03-07,498.6,498.6,498.6,498.6,0
1977-03-08,497.1,497.1,497.1,497.1,0
1977-03-09,493.9,493.9,493.9,493.9,0
1977-03-10,491.4,491.4,491.4,491.4,0
1977-03-11,492.9,492.9,492.9,492.9,0
1977-03-14,498.1,498.1,498.1,498.1,0
1977-03-15,501.7,501.7,501.7,501.7,0
1977-03-16,503.1,503.1,503.1,503.1,0
1977-03-17,500.9,500.9,500.9,500.9,0
1977-03-18,506.5,506.5,506.5,506.5,0
1977-03-21,506.6,506.6,506.6,506.6,0
1977-03-22,504.5,504.5,504.5,504.5,0
1977-03-23,509.1,509.1,509.1,509.1,0
1977-03-24,510,510,510,510,0
1977-03-25,509.4,509.4,509.4,509.4,0
1977-03-28,507.4,507.4,507.4,507.4,0
1977-03-29,510.1,510.1,510.1,510.1,0
1977-03-30,509.3,509.3,509.3,509.3,0
1977-03-31,509.8,509.8,509.8,509.8,0
1977-04-01,512.6,512.6,512.6,512.6,0
1977-04-04,513.9,513.9,513.9,513.9,0
1977-04-05,512,512,512,512,0
1977-04-06,514,514,514,514,0
1977-04-07,514.6,514.6,514.6,514.6,0
1977-04-12,518.2,518.2,518.2,518.2,0
1977-04-13,524.4,524.4,524.4,524.4,0
1977-04-14,526.4,526.4,526.4,526.4,0
1977-04-15,532,532,532,532,0
1977-04-18,537.5,537.5,537.5,537.5,0
1977-04-19,535.1,535.1,535.1,535.1,0
1977-04-20,545.1,545.1,545.1,545.1,0
1977-04-21,550,550,550,550,0
1977-04-22,550.2,550.2,550.2,550.2,0
1977-04-25,546.5,546.5,546.5,546.5,0
1977-04-26,538.5,538.5,538.5,538.5,0
1977-04-27,543.3,543.3,543.3,543.3,0
1977-04-28,548.5,548.5,548.5,548.5,0
1977-04-29,551.9,551.9,551.9,551.9,0
1977-05-02,553.3,553.3,553.3,553.3,0
1977-05-03,554.1,554.1,554.1,554.1,0
1977-05-04,550.1,550.1,550.1,550.1,0
1977-05-05,541.2,541.2,541.2,541.2,0
1977-05-06,544.2,544.2,544.2,544.2,0
1977-05-09,545.9,545.9,545.9,545.9,0
1977-05-10,549.3,549.3,549.3,549.3,0
1977-05-11,551.1,551.1,551.1,551.1,0
1977-05-12,545.1,545.1,545.1,545.1,0
1977-05-13,541.7,541.7,541.7,541.7,0
1977-05-16,535.4,535.4,535.4,535.4,0
1977-05-17,541,541,541,541,0
1977-05-18,544.4,544.4,544.4,544.4,0
1977-05-20,543.5,543.5,543.5,543.5,0
1977-05-23,541.6,541.6,541.6,541.6,0
1977-05-24,536.3,536.3,536.3,536.3,0
1977-05-25,541.4,541.4,541.4,541.4,0
1977-05-26,541.5,541.5,541.5,541.5,0
1977-05-27,544.4,544.4,544.4,544.4,0
1977-05-31,539.9,539.9,539.9,539.9,0
1977-06-01,535.7,535.7,535.7,535.7,0
1977-06-02,531.2,531.2,531.2,531.2,0
1977-06-03,531.7,531.7,531.7,531.7,0
1977-06-06,535.9,535.9,535.9,535.9,0
1977-06-07,531.3,531.3,531.3,531.3,0
1977-06-08,533.5,533.5,533.5,533.5,0
1977-06-10,532.8,532.8,532.8,532.8,0
1977-06-13,533.4,533.4,533.4,533.4,0
1977-06-14,536.1,536.1,536.1,536.1,0
1977-06-15,539.8,539.8,539.8,539.8,0
1977-06-16,535.8,535.8,535.8,535.8,0
1977-06-20,532,532,532,532,0
1977-06-21,528.4,528.4,528.4,528.4,0
1977-06-22,529.8,529.8,529.8,529.8,0
1977-06-23,529.5,529.5,529.5,529.5,0
1977-06-24,526.4,526.4,526.4,526.4,0
1977-06-27,525.9,525.9,525.9,525.9,0
1977-06-28,528.2,528.2,528.2,528.2,0
1977-06-29,524.7,524.7,524.7,524.7,0
1977-06-30,524.9,524.9,524.9,524.9,0
1977-07-01,529,529,529,529,0
1977-07-04,534,534,534,534,0
1977-07-05,538.1,538.1,538.1,538.1,0
1977-07-06,534.9,534.9,534.9,534.9,0
1977-07-07,530.6,530.6,530.6,530.6,0
1977-07-08,534.2,534.2,534.2,534.2,0
1977-07-11,532,532,532,532,0
1977-07-12,533.6,533.6,533.6,533.6,0
1977-07-13,534.7,534.7,534.7,534.7,0
1977-07-14,534.1,534.1,534.1,534.1,0
1977-07-15,534.8,534.8,534.8,534.8,0
1977-07-18,532.4,532.4,532.4,532.4,0
1977-07-19,532,532,532,532,0
1977-07-20,532.3,532.3,532.3,532.3,0
1977-07-21,529.3,529.3,529.3,529.3,0
1977-07-22,531,531,531,531,0
1977-07-25,529.7,529.7,529.7,529.7,0
1977-07-26,529.4,529.4,529.4,529.4,0
1977-07-27,528.4,528.4,528.4,528.4,0
1977-07-28,527.9,527.9,527.9,527.9,0
1977-07-29,530.3,530.3,530.3,530.3,0
1977-08-01,534,534,534,534,0
1977-08-02,539.6,539.6,539.6,539.6,0
1977-08-03,539.4,539.4,539.4,539.4,0
1977-08-04,541.2,541.2,541.2,541.2,0
1977-08-05,544.6,544.6,544.6,544.6,0
1977-08-08,546.2,546.2,546.2,546.2,0
1977-08-09,543.5,543.5,543.5,543.5,0
1977-08-10,541.4,541.4,541.4,541.4,0
1977-08-11,546,546,546,546,0
1977-08-12,549.4,549.4,549.4,549.4,0
1977-08-15,552.5,552.5,552.5,552.5,0
1977-08-16,552.2,552.2,552.2,552.2,0
1977-08-17,553.8,553.8,553.8,553.8,0
1977-08-18,554.1,554.1,554.1,554.1,0
1977-08-19,551.8,551.8,551.8,551.8,0
1977-08-22,546.1,546.1,546.1,546.1,0
1977-08-23,547.5,547.5,547.5,547.5,0
1977-08-24,549.4,549.4,549.4,549.4,0
1977-08-25,549.3,549.3,549.3,549.3,0
1977-08-26,546.5,546.5,546.5,546.5,0
1977-08-29,542.6,542.6,542.6,542.6,0
1977-08-30,541.5,541.5,541.5,541.5,0
1977-08-31,540.9,540.9,540.9,540.9,0
1977-09-01,544.7,544.7,544.7,544.7,0
1977-09-02,546.4,546.4,546.4,546.4,0
1977-09-05,549.4,549.4,549.4,549.4,0
1977-09-06,552.3,552.3,552.3,552.3,0
1977-09-07,549.1,549.1,549.1,549.1,0
1977-09-08,546.7,546.7,546.7,546.7,0
1977-09-09,542.3,542.3,542.3,542.3,0
1977-09-12,543.5,543.5,543.5,543.5,0
1977-09-13,546.5,546.5,546.5,546.5,0
1977-09-14,545.4,545.4,545.4,545.4,0
1977-09-15,547.3,547.3,547.3,547.3,0
1977-09-16,544.8,544.8,544.8,544.8,0
1977-09-19,540.4,540.4,540.4,540.4,0
1977-09-20,536.9,536.9,536.9,536.9,0
1977-09-21,536.1,536.1,536.1,536.1,0
1977-09-22,533.6,533.6,533.6,533.6,0
1977-09-23,537.4,537.4,537.4,537.4,0
1977-09-26,534.5,534.5,534.5,534.5,0
1977-09-27,538.3,538.3,538.3,538.3,0
1977-09-28,542.6,542.6,542.6,542.6,0
1977-09-29,542,542,542,542,0
1977-09-30,541.3,541.3,541.3,541.3,0
1977-10-03,538.7,538.7,538.7,538.7,0
1977-10-04,543,543,543,543,0
1977-10-05,542.9,542.9,542.9,542.9,0
1977-10-06,546.4,546.4,546.4,546.4,0
1977-10-07,547,547,547,547,0
1977-10-10,549.4,549.4,549.4,549.4,0
1977-10-11,554.1,554.1,554.1,554.1,0
1977-10-12,552.9,552.9,552.9,552.9,0
1977-10-13,548.9,548.9,548.9,548.9,0
1977-10-14,549.4,549.4,549.4,549.4,0
1977-10-17,548.6,548.6,548.6,548.6,0
1977-10-18,554.2,554.2,554.2,554.2,0
1977-10-19,552.6,552.6,552.6,552.6,0
1977-10-20,552.1,552.1,552.1,552.1,0
1977-10-21,552.5,552.5,552.5,552.5,0
1977-10-24,551.5,551.5,551.5,551.5,0
1977-10-25,547.5,547.5,547.5,547.5,0
1977-10-26,546.9,546.9,546.9,546.9,0
1977-10-27,550.5,550.5,550.5,550.5,0
1977-10-28,551.3,551.3,551.3,551.3,0
1977-10-31,554.2,554.2,554.2,554.2,0
1977-11-01,556.4,556.4,556.4,556.4,0
1977-11-02,557,557,557,557,0
1977-11-03,559.6,559.6,559.6,559.6,0
1977-11-04,558.8,558.8,558.8,558.8,0
1977-11-07,557.4,557.4,557.4,557.4,0
1977-11-08,555.1,555.1,555.1,555.1,0
1977-11-09,556.2,556.2,556.2,556.2,0
1977-11-10,559.3,559.3,559.3,559.3,0
1977-11-11,563.4,563.4,563.4,563.4,0
1977-11-14,562.3,562.3,562.3,562.3,0
1977-11-15,564.9,564.9,564.9,564.9,0
1977-11-17,567.6,567.6,567.6,567.6,0
1977-11-18,567.6,567.6,567.6,567.6,0
1977-11-21,563.9,563.9,563.9,563.9,0
1977-11-22,561.5,561.5,561.5,561.5,0
1977-11-23,562.2,562.2,562.2,562.2,0
1977-11-24,560.5,560.5,560.5,560.5,0
1977-11-25,558.8,558.8,558.8,558.8,0
1977-11-28,557.5,557.5,557.5,557.5,0
1977-11-29,557.7,557.7,557.7,557.7,0
1977-11-30,557.5,557.5,557.5,557.5,0
1977-12-01,560.3,560.3,560.3,560.3,0
1977-12-02,562.8,562.8,562.8,562.8,0
1977-12-05,558.4,558.4,558.4,558.4,0
1977-12-06,551.5,551.5,551.5,551.5,0
1977-12-07,551.5,551.5,551.5,551.5,0
1977-12-08,552.7,552.7,552.7,552.7,0
1977-12-09,555.4,555.4,555.4,555.4,0
1977-12-12,552.6,552.6,552.6,552.6,0
1977-12-13,548.5,548.5,548.5,548.5,0
1977-12-14,544.9,544.9,544.9,544.9,0
1977-12-15,547.1,547.1,547.1,547.1,0
1977-12-16,547.3,547.3,547.3,547.3,0
1977-12-19,543.4,543.4,543.4,543.4,0
1977-12-20,538,538,538,538,0
1977-12-21,543.5,543.5,543.5,543.5,0
1977-12-22,548.9,548.9,548.9,548.9,0
1977-12-23,552.1,552.1,552.1,552.1,0
1977-12-27,554.1,554.1,554.1,554.1,0
1977-12-28,550.7,550.7,550.7,550.7,0
1977-12-29,549.3,549.3,549.3,549.3,0
1978-01-02,551.5,551.5,551.5,551.5,0
1978-01-03,551.1,551.1,551.1,551.1,0
1978-01-04,547.9,547.9,547.9,547.9,0
1978-01-05,555.3,555.3,555.3,555.3,0
1978-01-06,555.7,555.7,555.7,555.7,0
1978-01-09,555.1,555.1,555.1,555.1,0
1978-01-10,552.4,552.4,552.4,552.4,0
1978-01-11,553.8,553.8,553.8,553.8,0
1978-01-12,552.9,552.9,552.9,552.9,0
1978-01-13,555.7,555.7,555.7,555.7,0
1978-01-16,558,558,558,558,0
1978-01-17,562.7,562.7,562.7,562.7,0
1978-01-18,562.4,562.4,562.4,562.4,0
1978-01-19,559.7,559.7,559.7,559.7,0
1978-01-20,561.5,561.5,561.5,561.5,0
1978-01-23,562.1,562.1,562.1,562.1,0
1978-01-24,560.9,560.9,560.9,560.9,0
1978-01-25,561.2,561.2,561.2,561.2,0
1978-01-26,556.7,556.7,556.7,556.7,0
1978-01-27,555.6,555.6,555.6,555.6,0
1978-01-30,551.4,551.4,551.4,551.4,0
1978-01-31,549.4,549.4,549.4,549.4,0
1978-02-01,552.6,552.6,552.6,552.6,0
1978-02-02,555.9,555.9,555.9,555.9,0
1978-02-03,558,558,558,558,0
1978-02-06,558.7,558.7,558.7,558.7,0
1978-02-07,558.9,558.9,558.9,558.9,0
1978-02-08,559.6,559.6,559.6,559.6,0
1978-02-09,559.3,559.3,559.3,559.3,0
1978-02-10,563.1,563.1,563.1,563.1,0
1978-02-13,561.8,561.8,561.8,561.8,0
1978-02-14,557.9,557.9,557.9,557.9,0
1978-02-15,560.5,560.5,560.5,560.5,0
1978-02-16,562,562,562,562,0
1978-02-17,561.1,561.1,561.1,561.1,0
1978-02-20,560.6,560.6,560.6,560.6,0
1978-02-21,560.7,560.7,560.7,560.7,0
1978-02-22,562.8,562.8,562.8,562.8,0
1978-02-23,562.2,562.2,562.2,562.2,0
1978-02-24,559.6,559.6,559.6,559.6,0
1978-02-27,558.6,558.6,558.6,558.6,0
1978-02-28,552.9,552.9,552.9,552.9,0
1978-03-01,551,551,551,551,0
1978-03-02,552.6,552.6,552.6,552.6,0
1978-03-03,554.2,554.2,554.2,554.2,0
1978-03-06,553.6,553.6,553.6,553.6,0
1978-03-07,553.3,553.3,553.3,553.3,0
1978-03-08,555.4,555.4,555.4,555.4,0
1978-03-09,556,556,556,556,0
1978-03-10,556.2,556.2,556.2,556.2,0
1978-03-13,556.5,556.5,556.5,556.5,0
1978-03-14,551.2,551.2,551.2,551.2,0
1978-03-15,545.3,545.3,545.3,545.3,0
1978-03-16,545.4,545.4,545.4,545.4,0
1978-03-17,548.2,548.2,548.2,548.2,0
1978-03-20,550,550,550,550,0
1978-03-21,551.5,551.5,551.5,551.5,0
1978-03-22,549.6,549.6,549.6,549.6,0
1978-03-23,551.9,551.9,551.9,551.9,0
1978-03-28,548.7,548.7,548.7,548.7,0
1978-03-29,548.3,548.3,548.3,548.3,0
1978-03-30,547,547,547,547,0
1978-03-31,549.7,549.7,549.7,549.7,0
1978-04-03,551.3,551.3,551.3,551.3,0
1978-04-04,555.7,555.7,555.7,555.7,0
1978-04-05,556.7,556.7,556.7,556.7,0
1978-04-06,556.3,556.3,556.3,556.3,0
1978-04-07,555,555,555,555,0
1978-04-10,555.6,555.6,555.6,555.6,0
1978-04-11,554.5,554.5,554.5,554.5,0
1978-04-12,553.1,553.1,553.1,553.1,0
1978-04-13,550,550,550,550,0
1978-04-14,549.2,549.2,549.2,549.2,0
1978-04-17,544.6,544.6,544.6,544.6,0
1978-04-18,541,541,541,541,0
1978-04-19,540.7,540.7,540.7,540.7,0
1978-04-20,538.8,538.8,538.8,538.8,0
1978-04-21,536.7,536.7,536.7,536.7,0
1978-04-24,531.5,531.5,531.5,531.5,0
1978-04-25,530,530,530,530,0
1978-04-26,531.9,531.9,531.9,531.9,0
1978-04-27,531,531,531,531,0
1978-04-28,532.1,532.1,532.1,532.1,0
1978-05-02,532.7,532.7,532.7,532.7,0
1978-05-03,534.6,534.6,534.6,534.6,0
1978-05-05,534.9,534.9,534.9,534.9,0
1978-05-08,534.5,534.5,534.5,534.5,0
1978-05-09,535.9,535.9,535.9,535.9,0
1978-05-10,534,534,534,534,0
1978-05-11,532.6,532.6,532.6,532.6,0
1978-05-12,529.6,529.6,529.6,529.6,0
1978-05-16,525,525,525,525,0
1978-05-17,528.4,528.4,528.4,528.4,0
1978-05-18,530.5,530.5,530.5,530.5,0
1978-05-19,534.4,534.4,534.4,534.4,0
1978-05-22,533.6,533.6,533.6,533.6,0
1978-05-23,536.6,536.6,536.6,536.6,0
1978-05-24,532.6,532.6,532.6,532.6,0
1978-05-26,532.3,532.3,532.3,532.3,0
1978-05-29,536,536,536,536,0
1978-05-30,541.1,541.1,541.1,541.1,0
1978-05-31,545.5,545.5,545.5,545.5,0
1978-06-01,544.7,544.7,544.7,544.7,0
1978-06-02,547.3,547.3,547.3,547.3,0
1978-06-05,545.6,545.6,545.6,545.6,0
1978-06-06,546.8,546.8,546.8,546.8,0
1978-06-07,561.4,561.4,561.4,561.4,0
1978-06-08,551.6,551.6,551.6,551.6,0
1978-06-09,551.1,551.1,551.1,551.1,0
1978-06-12,551,551,551,551,0
1978-06-13,551.1,551.1,551.1,551.1,0
1978-06-14,556.7,556.7,556.7,556.7,0
1978-06-15,556,556,556,556,0
1978-06-16,558.3,558.3,558.3,558.3,0
1978-06-19,558.2,558.2,558.2,558.2,0
1978-06-20,560.2,560.2,560.2,560.2,0
1978-06-21,555.8,555.8,555.8,555.8,0
1978-06-22,551.1,551.1,551.1,551.1,0
1978-06-23,552.3,552.3,552.3,552.3,0
1978-06-26,548.4,548.4,548.4,548.4,0
1978-06-27,551.7,551.7,551.7,551.7,0
1978-06-28,553.1,553.1,553.1,553.1,0
1978-06-29,555.8,555.8,555.8,555.8,0
1978-06-30,553,553,553,553,0
1978-07-03,558.1,558.1,558.1,558.1,0
1978-07-04,556.3,556.3,556.3,556.3,0
1978-07-05,552.6,552.6,552.6,552.6,0
1978-07-06,556.8,556.8,556.8,556.8,0
1978-07-07,561.4,561.4,561.4,561.4,0
1978-07-10,561.2,561.2,561.2,561.2,0
1978-07-11,556.8,556.8,556.8,556.8,0
1978-07-12,554.2,554.2,554.2,554.2,0
1978-07-13,556.6,556.6,556.6,556.6,0
1978-07-14,558.6,558.6,558.6,558.6,0
1978-07-17,561.6,561.6,561.6,561.6,0
1978-07-18,569.2,569.2,569.2,569.2,0
1978-07-19,571.9,571.9,571.9,571.9,0
1978-07-20,574.8,574.8,574.8,574.8,0
1978-07-21,575.3,575.3,575.3,575.3,0
1978-07-24,570.6,570.6,570.6,570.6,0
1978-07-25,575.9,575.9,575.9,575.9,0
1978-07-26,580.8,580.8,580.8,580.8,0
1978-07-27,582,582,582,582,0
1978-07-28,582.4,582.4,582.4,582.4,0
1978-07-31,582.1,582.1,582.1,582.1,0
1978-08-01,578.4,578.4,578.4,578.4,0
1978-08-02,576.9,576.9,576.9,576.9,0
1978-08-03,573,573,573,573,0
1978-08-04,569.8,569.8,569.8,569.8,0
1978-08-07,568.3,568.3,568.3,568.3,0
1978-08-08,572.2,572.2,572.2,572.2,0
1978-08-09,574,574,574,574,0
1978-08-10,575.8,575.8,575.8,575.8,0
1978-08-11,578.1,578.1,578.1,578.1,0
1978-08-14,576.8,576.8,576.8,576.8,0
1978-08-15,572.9,572.9,572.9,572.9,0
1978-08-16,573.7,573.7,573.7,573.7,0
1978-08-17,575.1,575.1,575.1,575.1,0
1978-08-18,577.6,577.6,577.6,577.6,0
1978-08-21,581.4,581.4,581.4,581.4,0
1978-08-22,581.4,581.4,581.4,581.4,0
1978-08-23,585.6,585.6,585.6,585.6,0
1978-08-24,585,585,585,585,0
1978-08-25,585,585,585,585,0
1978-08-28,582.3,582.3,582.3,582.3,0
1978-08-29,578.2,578.2,578.2,578.2,0
1978-08-30,578.1,578.1,578.1,578.1,0
1978-08-31,583.1,583.1,583.1,583.1,0
1978-09-01,586.9,586.9,586.9,586.9,0
1978-09-04,588.3,588.3,588.3,588.3,0
1978-09-05,584.8,584.8,584.8,584.8,0
1978-09-06,585.2,585.2,585.2,585.2,0
1978-09-07,586.7,586.7,586.7,586.7,0
1978-09-08,589.4,589.4,589.4,589.4,0
1978-09-11,594,594,594,594,0
1978-09-12,591.9,591.9,591.9,591.9,0
1978-09-13,592.5,592.5,592.5,592.5,0
1978-09-14,589.8,589.8,589.8,589.8,0
1978-09-15,590,590,590,590,0
1978-09-18,590.2,590.2,590.2,590.2,0
1978-09-19,588.9,588.9,588.9,588.9,0
1978-09-20,585.8,585.8,585.8,585.8,0
1978-09-21,585.1,585.1,585.1,585.1,0
1978-09-22,590.1,590.1,590.1,590.1,0
1978-09-25,594.3,594.3,594.3,594.3,0
1978-09-26,597.5,597.5,597.5,597.5,0
1978-09-27,595.8,595.8,595.8,595.8,0
1978-09-28,596.1,596.1,596.1,596.1,0
1978-09-29,598.3,598.3,598.3,598.3,0
1978-10-02,602.2,602.2,602.2,602.2,0
1978-10-03,604.6,604.6,604.6,604.6,0
1978-10-04,605.1,605.1,605.1,605.1,0
1978-10-05,601,601,601,601,0
1978-10-06,600.1,600.1,600.1,600.1,0
1978-10-09,601.3,601.3,601.3,601.3,0
1978-10-10,604.3,604.3,604.3,604.3,0
1978-10-11,603.2,603.2,603.2,603.2,0
1978-10-12,602.9,602.9,602.9,602.9,0
1978-10-13,608.8,608.8,608.8,608.8,0
1978-10-16,610,610,610,610,0
1978-10-17,603.6,603.6,603.6,603.6,0
1978-10-18,606.5,606.5,606.5,606.5,0
1978-10-19,611.7,611.7,611.7,611.7,0
1978-10-20,608.3,608.3,608.3,608.3,0
1978-10-23,601.8,601.8,601.8,601.8,0
1978-10-24,596.8,596.8,596.8,596.8,0
1978-10-25,593.5,593.5,593.5,593.5,0
1978-10-26,597.1,597.1,597.1,597.1,0
1978-10-27,598.1,598.1,598.1,598.1,0
1978-10-30,585.2,585.2,585.2,585.2,0
1978-10-31,585.6,585.6,585.6,585.6,0
1978-11-01,586,586,586,586,0
1978-11-02,593,593,593,593,0
1978-11-03,593.6,593.6,593.6,593.6,0
1978-11-06,586.5,586.5,586.5,586.5,0
1978-11-07,587.6,587.6,587.6,587.6,0
1978-11-08,583.4,583.4,583.4,583.4,0
1978-11-09,580.2,580.2,580.2,580.2,0
1978-11-10,587.6,587.6,587.6,587.6,0
1978-11-13,582.8,582.8,582.8,582.8,0
1978-11-14,584.5,584.5,584.5,584.5,0
1978-11-15,586.5,586.5,586.5,586.5,0
1978-11-16,590.2,590.2,590.2,590.2,0
1978-11-17,589.9,589.9,589.9,589.9,0
1978-11-20,587.5,587.5,587.5,587.5,0
1978-11-21,588,588,588,588,0
1978-11-23,586.3,586.3,586.3,586.3,0
1978-11-24,584.1,584.1,584.1,584.1,0
1978-11-27,580.6,580.6,580.6,580.6,0
1978-11-28,579.9,579.9,579.9,579.9,0
1978-11-29,578.8,578.8,578.8,578.8,0
1978-11-30,581.8,581.8,581.8,581.8,0
1978-12-01,585.9,585.9,585.9,585.9,0
1978-12-04,584.7,584.7,584.7,584.7,0
1978-12-05,587.2,587.2,587.2,587.2,0
1978-12-06,592.8,592.8,592.8,592.8,0
1978-12-07,592.4,592.4,592.4,592.4,0
1978-12-08,588.7,588.7,588.7,588.7,0
1978-12-11,588.2,588.2,588.2,588.2,0
1978-12-12,587.7,587.7,587.7,587.7,0
1978-12-13,585.8,585.8,585.8,585.8,0
1978-12-14,586.1,586.1,586.1,586.1,0
1978-12-15,579.9,579.9,579.9,579.9,0
1978-12-18,572.7,572.7,572.7,572.7,0
1978-12-19,572.9,572.9,572.9,572.9,0
1978-12-20,577,577,577,577,0
1978-12-21,578.2,578.2,578.2,578.2,0
1978-12-22,578.9,578.9,578.9,578.9,0
1978-12-27,574.9,574.9,574.9,574.9,0
1978-12-28,575.1,575.1,575.1,575.1,0
1979-01-02,581.1,581.1,581.1,581.1,0
1979-01-03,587.9,587.9,587.9,587.9,0
1979-01-04,581,581,581,581,0
1979-01-05,583.6,583.6,583.6,583.6,0
1979-01-08,587.7,587.7,587.7,587.7,0
1979-01-09,588.5,588.5,588.5,588.5,0
1979-01-10,587.3,587.3,587.3,587.3,0
1979-01-11,589.8,589.8,589.8,589.8,0
1979-01-12,592.3,592.3,592.3,592.3,0
1979-01-15,591.4,591.4,591.4,591.4,0
1979-01-16,593.3,593.3,593.3,593.3,0
1979-01-17,585.7,585.7,585.7,585.7,0
1979-01-18,587.9,587.9,587.9,587.9,0
1979-01-19,581,581,581,581,0
1979-01-22,578.6,578.6,578.6,578.6,0
1979-01-23,583.9,583.9,583.9,583.9,0
1979-01-24,584.6,584.6,584.6,584.6,0
1979-01-25,581.2,581.2,581.2,581.2,0
1979-01-26,583.4,583.4,583.4,583.4,0
1979-01-29,585.2,585.2,585.2,585.2,0
1979-01-30,581.4,581.4,581.4,581.4,0
1979-01-31,580.2,580.2,580.2,580.2,0
1979-02-01,574.7,574.7,574.7,574.7,0
1979-02-02,575.6,575.6,575.6,575.6,0
1979-02-05,574.6,574.6,574.6,574.6,0
1979-02-06,569.4,569.4,569.4,569.4,0
1979-02-07,564,564,564,564,0
1979-02-08,566,566,566,566,0
1979-02-09,566.8,566.8,566.8,566.8,0
1979-02-12,557.4,557.4,557.4,557.4,0
1979-02-13,565.5,565.5,565.5,565.5,0
1979-02-14,564.4,564.4,564.4,564.4,0
1979-02-15,560,560,560,560,0
1979-02-16,561.4,561.4,561.4,561.4,0
1979-02-19,560.3,560.3,560.3,560.3,0
1979-02-20,564,564,564,564,0
1979-02-21,562.9,562.9,562.9,562.9,0
1979-02-22,562.7,562.7,562.7,562.7,0
1979-02-23,561.2,561.2,561.2,561.2,0
1979-02-26,563.2,563.2,563.2,563.2,0
1979-02-27,567.6,567.6,567.6,567.6,0
1979-02-28,563.9,563.9,563.9,563.9,0
1979-03-01,559.4,559.4,559.4,559.4,0
1979-03-02,562.1,562.1,562.1,562.1,0
1979-03-05,567.7,567.7,567.7,567.7,0
1979-03-06,565.1,565.1,565.1,565.1,0
1979-03-07,566.4,566.4,566.4,566.4,0
1979-03-08,567.9,567.9,567.9,567.9,0
1979-03-09,567.5,567.5,567.5,567.5,0
1979-03-12,563.3,563.3,563.3,563.3,0
1979-03-13,561.8,561.8,561.8,561.8,0
1979-03-14,562.5,562.5,562.5,562.5,0
1979-03-15,559.3,559.3,559.3,559.3,0
1979-03-16,554.2,554.2,554.2,554.2,0
1979-03-19,555.7,555.7,555.7,555.7,0
1979-03-20,556,556,556,556,0
1979-03-21,552,552,552,552,0
1979-03-22,548.5,548.5,548.5,548.5,0
1979-03-23,547.3,547.3,547.3,547.3,0
1979-03-26,546.5,546.5,546.5,546.5,0
1979-03-27,550.8,550.8,550.8,550.8,0
1979-03-28,555.1,555.1,555.1,555.1,0
1979-03-29,556.9,556.9,556.9,556.9,0
1979-03-30,555,555,555,555,0
1979-04-02,550,550,550,550,0
1979-04-03,555.3,555.3,555.3,555.3,0
1979-04-04,556.8,556.8,556.8,556.8,0
1979-04-05,556,556,556,556,0
1979-04-06,557.6,557.6,557.6,557.6,0
1979-04-09,555.5,555.5,555.5,555.5,0
1979-04-10,551.9,551.9,551.9,551.9,0
1979-04-11,550.4,550.4,550.4,550.4,0
1979-04-12,552.5,552.5,552.5,552.5,0
1979-04-17,552.9,552.9,552.9,552.9,0
1979-04-18,555.1,555.1,555.1,555.1,0
1979-04-19,559,559,559,559,0
1979-04-20,559.4,559.4,559.4,559.4,0
1979-04-23,557.3,557.3,557.3,557.3,0
1979-04-24,560.6,560.6,560.6,560.6,0
1979-04-25,559.3,559.3,559.3,559.3,0
1979-04-26,556.3,556.3,556.3,556.3,0
1979-04-27,555.4,555.4,555.4,555.4,0
1979-04-30,554.7,554.7,554.7,554.7,0
1979-05-02,553.4,553.4,553.4,553.4,0
1979-05-03,551.5,551.5,551.5,551.5,0
1979-05-04,548.7,548.7,548.7,548.7,0
1979-05-07,542.5,542.5,542.5,542.5,0
1979-05-08,542.9,542.9,542.9,542.9,0
1979-05-09,538.7,538.7,538.7,538.7,0
1979-05-10,536.7,536.7,536.7,536.7,0
1979-05-11,532.3,532.3,532.3,532.3,0
1979-05-14,531.4,531.4,531.4,531.4,0
1979-05-15,533.9,533.9,533.9,533.9,0
1979-05-16,535.1,535.1,535.1,535.1,0
1979-05-17,530.6,530.6,530.6,530.6,0
1979-05-18,531.9,531.9,531.9,531.9,0
1979-05-21,530,530,530,530,0
1979-05-22,525.8,525.8,525.8,525.8,0
1979-05-23,525.9,525.9,525.9,525.9,0
1979-05-25,529.5,529.5,529.5,529.5,0
1979-05-28,532.5,532.5,532.5,532.5,0
1979-05-29,530,530,530,530,0
1979-05-30,528.3,528.3,528.3,528.3,0
1979-05-31,526.1,526.1,526.1,526.1,0
1979-06-01,518.5,518.5,518.5,518.5,0
1979-06-05,511.8,511.8,511.8,511.8,0
1979-06-06,509.1,509.1,509.1,509.1,0
1979-06-07,508,508,508,508,0
1979-06-08,514.5,514.5,514.5,514.5,0
1979-06-11,513.7,513.7,513.7,513.7,0
1979-06-12,518.7,518.7,518.7,518.7,0
1979-06-13,520.1,520.1,520.1,520.1,0
1979-06-15,522.4,522.4,522.4,522.4,0
1979-06-18,519.8,519.8,519.8,519.8,0
1979-06-19,515.7,515.7,515.7,515.7,0
1979-06-20,509.5,509.5,509.5,509.5,0
1979-06-21,510,510,510,510,0
1979-06-22,518.5,518.5,518.5,518.5,0
1979-06-25,524.5,524.5,524.5,524.5,0
1979-06-26,525.3,525.3,525.3,525.3,0
1979-06-27,516.3,516.3,516.3,516.3,0
1979-06-28,516.3,516.3,516.3,516.3,0
1979-06-29,512.6,512.6,512.6,512.6,0
1979-07-02,508.6,508.6,508.6,508.6,0
1979-07-03,515.9,515.9,515.9,515.9,0
1979-07-04,515.6,515.6,515.6,515.6,0
1979-07-05,516.5,516.5,516.5,516.5,0
1979-07-06,520.4,520.4,520.4,520.4,0
1979-07-09,513.4,513.4,513.4,513.4,0
1979-07-10,510.1,510.1,510.1,510.1,0
1979-07-11,513,513,513,513,0
1979-07-12,514.4,514.4,514.4,514.4,0
1979-07-13,518.7,518.7,518.7,518.7,0
1979-07-16,521,521,521,521,0
1979-07-17,521.9,521.9,521.9,521.9,0
1979-07-18,527.8,527.8,527.8,527.8,0
1979-07-19,530.4,530.4,530.4,530.4,0
1979-07-20,533.1,533.1,533.1,533.1,0
1979-07-23,530.4,530.4,530.4,530.4,0
1979-07-24,527.1,527.1,527.1,527.1,0
1979-07-25,526.7,526.7,526.7,526.7,0
1979-07-26,529.3,529.3,529.3,529.3,0
1979-07-27,532.4,532.4,532.4,532.4,0
1979-07-30,531.7,531.7,531.7,531.7,0
1979-07-31,532,532,532,532,0
1979-08-01,538.2,538.2,538.2,538.2,0
1979-08-02,541.3,541.3,541.3,541.3,0
1979-08-03,541.8,541.8,541.8,541.8,0
1979-08-06,537,537,537,537,0
1979-08-07,533.8,533.8,533.8,533.8,0
1979-08-08,530.7,530.7,530.7,530.7,0
1979-08-09,534.4,534.4,534.4,534.4,0
1979-08-10,536.5,536.5,536.5,536.5,0
1979-08-13,535.5,535.5,535.5,535.5,0
1979-08-14,532.5,532.5,532.5,532.5,0
1979-08-15,531,531,531,531,0
1979-08-16,529.1,529.1,529.1,529.1,0
1979-08-17,531.5,531.5,531.5,531.5,0
1979-08-20,529.4,529.4,529.4,529.4,0
1979-08-21,531.7,531.7,531.7,531.7,0
1979-08-22,530,530,530,530,0
1979-08-23,531.3,531.3,531.3,531.3,0
1979-08-24,529.8,529.8,529.8,529.8,0
1979-08-27,528,528,528,528,0
1979-08-28,531.2,531.2,531.2,531.2,0
1979-08-29,536,536,536,536,0
1979-08-30,538.8,538.8,538.8,538.8,0
1979-08-31,538,538,538,538,0
1979-09-03,540.2,540.2,540.2,540.2,0
1979-09-04,544.2,544.2,544.2,544.2,0
1979-09-05,542.5,542.5,542.5,542.5,0
1979-09-06,542.4,542.4,542.4,542.4,0
1979-09-07,542.3,542.3,542.3,542.3,0
1979-09-10,542,542,542,542,0
1979-09-11,544.9,544.9,544.9,544.9,0
1979-09-12,545.6,545.6,545.6,545.6,0
1979-09-13,543,543,543,543,0
1979-09-14,541.2,541.2,541.2,541.2,0
1979-09-17,541.9,541.9,541.9,541.9,0
1979-09-18,541.5,541.5,541.5,541.5,0
1979-09-19,545.2,545.2,545.2,545.2,0
1979-09-20,543.1,543.1,543.1,543.1,0
1979-09-21,543.9,543.9,543.9,543.9,0
1979-09-24,538.6,538.6,538.6,538.6,0
1979-09-25,537.4,537.4,537.4,537.4,0
1979-09-26,539.3,539.3,539.3,539.3,0
1979-09-27,537.3,537.3,537.3,537.3,0
1979-09-28,535.6,535.6,535.6,535.6,0
1979-10-01,535.2,535.2,535.2,535.2,0
1979-10-02,533.7,533.7,533.7,533.7,0
1979-10-03,535.8,535.8,535.8,535.8,0
1979-10-04,537.8,537.8,537.8,537.8,0
1979-10-05,540.9,540.9,540.9,540.9,0
1979-10-08,545.7,545.7,545.7,545.7,0
1979-10-09,543,543,543,543,0
1979-10-10,536.8,536.8,536.8,536.8,0
1979-10-11,534.1,534.1,534.1,534.1,0
1979-10-12,534.4,534.4,534.4,534.4,0
1979-10-15,529.2,529.2,529.2,529.2,0
1979-10-16,526.5,526.5,526.5,526.5,0
1979-10-17,526.5,526.5,526.5,526.5,0
1979-10-18,528.8,528.8,528.8,528.8,0
1979-10-19,522.4,522.4,522.4,522.4,0
1979-10-22,515,515,515,515,0
1979-10-23,512.1,512.1,512.1,512.1,0
1979-10-24,508.2,508.2,508.2,508.2,0
1979-10-25,504.4,504.4,504.4,504.4,0
1979-10-26,504,504,504,504,0
1979-10-29,504.9,504.9,504.9,504.9,0
1979-10-30,505.2,505.2,505.2,505.2,0
1979-10-31,506.3,506.3,506.3,506.3,0
1979-11-01,503.9,503.9,503.9,503.9,0
1979-11-02,506.5,506.5,506.5,506.5,0
1979-11-05,504,504,504,504,0
1979-11-06,497.5,497.5,497.5,497.5,0
1979-11-07,494.5,494.5,494.5,494.5,0
1979-11-08,498.5,498.5,498.5,498.5,0
1979-11-09,496.2,496.2,496.2,496.2,0
1979-11-12,495.2,495.2,495.2,495.2,0
1979-11-13,497.5,497.5,497.5,497.5,0
1979-11-14,492.2,492.2,492.2,492.2,0
1979-11-15,493.9,493.9,493.9,493.9,0
1979-11-16,498.5,498.5,498.5,498.5,0
1979-11-19,496,496,496,496,0
1979-11-20,496.4,496.4,496.4,496.4,0
1979-11-22,495.5,495.5,495.5,495.5,0
1979-11-23,498.6,498.6,498.6,498.6,0
1979-11-26,503.8,503.8,503.8,503.8,0
1979-11-27,515.3,515.3,515.3,515.3,0
1979-11-28,513.1,513.1,513.1,513.1,0
1979-11-29,513.7,513.7,513.7,513.7,0
1979-11-30,508.7,508.7,508.7,508.7,0
1979-12-03,507.5,507.5,507.5,507.5,0
1979-12-04,509.6,509.6,509.6,509.6,0
1979-12-05,507,507,507,507,0
1979-12-06,505,505,505,505,0
1979-12-07,503.1,503.1,503.1,503.1,0
1979-12-10,503.2,503.2,503.2,503.2,0
1979-12-11,505.3,505.3,505.3,505.3,0
1979-12-12,501.6,501.6,501.6,501.6,0
1979-12-13,499.6,499.6,499.6,499.6,0
1979-12-14,497.5,497.5,497.5,497.5,0
1979-12-17,495.1,495.1,495.1,495.1,0
1979-12-18,499.3,499.3,499.3,499.3,0
1979-12-19,498.4,498.4,498.4,498.4,0
1979-12-20,500.2,500.2,500.2,500.2,0
1979-12-21,499.5,499.5,499.5,499.5,0
1979-12-27,497.8,497.8,497.8,497.8,0
1979-12-28,497.8,497.8,497.8,497.8,0
1980-01-02,493.5,493.5,493.5,493.5,0
1980-01-03,485.7,485.7,485.7,485.7,0
1980-01-04,491.8,491.8,491.8,491.8,0
1980-01-07,492.5,492.5,492.5,492.5,0
1980-01-08,494.1,494.1,494.1,494.1,0
1980-01-09,498,498,498,498,0
1980-01-10,497.2,497.2,497.2,497.2,0
1980-01-11,495.9,495.9,495.9,495.9,0
1980-01-14,493,493,493,493,0
1980-01-15,492.6,492.6,492.6,492.6,0
1980-01-16,491.4,491.4,491.4,491.4,0
1980-01-17,489.6,489.6,489.6,489.6,0
1980-01-18,484.2,484.2,484.2,484.2,0
1980-01-21,483.1,483.1,483.1,483.1,0
1980-01-22,488.7,488.7,488.7,488.7,0
1980-01-23,490.8,490.8,490.8,490.8,0
1980-01-24,496.5,496.5,496.5,496.5,0
1980-01-25,494.3,494.3,494.3,494.3,0
1980-01-28,492.6,492.6,492.6,492.6,0
1980-01-29,494.5,494.5,494.5,494.5,0
1980-01-30,497.1,497.1,497.1,497.1,0
1980-01-31,504,504,504,504,0
1980-02-01,509.1,509.1,509.1,509.1,0
1980-02-04,513.5,513.5,513.5,513.5,0
1980-02-05,513.4,513.4,513.4,513.4,0
1980-02-06,509.6,509.6,509.6,509.6,0
1980-02-07,515.3,515.3,515.3,515.3,0
1980-02-08,517.8,517.8,517.8,517.8,0
1980-02-11,516.3,516.3,516.3,516.3,0
1980-02-12,510.3,510.3,510.3,510.3,0
1980-02-13,521.3,521.3,521.3,521.3,0
1980-02-14,525.8,525.8,525.8,525.8,0
1980-02-15,523.9,523.9,523.9,523.9,0
1980-02-18,520.1,520.1,520.1,520.1,0
1980-02-19,525.3,525.3,525.3,525.3,0
1980-02-20,523.8,523.8,523.8,523.8,0
1980-02-21,528.9,528.9,528.9,528.9,0
1980-02-22,531.9,531.9,531.9,531.9,0
1980-02-25,535.2,535.2,535.2,535.2,0
1980-02-26,528.8,528.8,528.8,528.8,0
1980-02-27,528.7,528.7,528.7,528.7,0
1980-02-28,520.3,520.3,520.3,520.3,0
1980-02-29,521.5,521.5,521.5,521.5,0
1980-03-03,518.7,518.7,518.7,518.7,0
1980-03-04,513.3,513.3,513.3,513.3,0
1980-03-05,516.3,516.3,516.3,516.3,0
1980-03-06,511.3,511.3,511.3,511.3,0
1980-03-07,503.6,503.6,503.6,503.6,0
1980-03-10,503.4,503.4,503.4,503.4,0
1980-03-11,500.2,500.2,500.2,500.2,0
1980-03-12,504.7,504.7,504.7,504.7,0
1980-03-13,505.2,505.2,505.2,505.2,0
1980-03-14,504.4,504.4,504.4,504.4,0
1980-03-17,499.3,499.3,499.3,499.3,0
1980-03-18,488.7,488.7,488.7,488.7,0
1980-03-19,491,491,491,491,0
1980-03-20,492.2,492.2,492.2,492.2,0
1980-03-21,487.6,487.6,487.6,487.6,0
1980-03-24,485.8,485.8,485.8,485.8,0
1980-03-25,479.3,479.3,479.3,479.3,0
1980-03-26,481,481,481,481,0
1980-03-27,476.6,476.6,476.6,476.6,0
1980-03-28,473.9,473.9,473.9,473.9,0
1980-03-31,475.2,475.2,475.2,475.2,0
1980-04-01,478.1,478.1,478.1,478.1,0
1980-04-02,482.4,482.4,482.4,482.4,0
1980-04-03,484.3,484.3,484.3,484.3,0
1980-04-08,482.7,482.7,482.7,482.7,0
1980-04-09,480.3,480.3,480.3,480.3,0
1980-04-10,485.2,485.2,485.2,485.2,0
1980-04-11,488.6,488.6,488.6,488.6,0
1980-04-14,487.5,487.5,487.5,487.5,0
1980-04-15,485.2,485.2,485.2,485.2,0
1980-04-16,489.9,489.9,489.9,489.9,0
1980-04-17,499.1,499.1,499.1,499.1,0
1980-04-18,498.8,498.8,498.8,498.8,0
1980-04-21,501.8,501.8,501.8,501.8,0
1980-04-22,497.6,497.6,497.6,497.6,0
1980-04-23,500.6,500.6,500.6,500.6,0
1980-04-24,501.4,501.4,501.4,501.4,0
1980-04-25,497,497,497,497,0
1980-04-28,498.8,498.8,498.8,498.8,0
1980-04-29,495.6,495.6,495.6,495.6,0
1980-04-30,496.1,496.1,496.1,496.1,0
1980-05-02,492.2,492.2,492.2,492.2,0
1980-05-05,489.2,489.2,489.2,489.2,0
1980-05-06,491.8,491.8,491.8,491.8,0
1980-05-07,492.9,492.9,492.9,492.9,0
1980-05-08,497.8,497.8,497.8,497.8,0
1980-05-09,502.2,502.2,502.2,502.2,0
1980-05-12,503.2,503.2,503.2,503.2,0
1980-05-13,503.4,503.4,503.4,503.4,0
1980-05-14,501.4,501.4,501.4,501.4,0
1980-05-16,502.6,502.6,502.6,502.6,0
1980-05-19,502.2,502.2,502.2,502.2,0
1980-05-20,499.5,499.5,499.5,499.5,0
1980-05-21,497,497,497,497,0
1980-05-22,499.2,499.2,499.2,499.2,0
1980-05-23,497.6,497.6,497.6,497.6,0
1980-05-27,498.8,498.8,498.8,498.8,0
1980-05-28,503.5,503.5,503.5,503.5,0
1980-05-29,504.6,504.6,504.6,504.6,0
1980-05-30,501.5,501.5,501.5,501.5,0
1980-06-02,497.8,497.8,497.8,497.8,0
1980-06-03,496.5,496.5,496.5,496.5,0
1980-06-04,499.3,499.3,499.3,499.3,0
1980-06-06,500.5,500.5,500.5,500.5,0
1980-06-09,502,502,502,502,0
1980-06-10,499.7,499.7,499.7,499.7,0
1980-06-11,500,500,500,500,0
1980-06-12,503.4,503.4,503.4,503.4,0
1980-06-13,510.4,510.4,510.4,510.4,0
1980-06-16,515.2,515.2,515.2,515.2,0
1980-06-18,511.8,511.8,511.8,511.8,0
1980-06-19,516.3,516.3,516.3,516.3,0
1980-06-20,515.8,515.8,515.8,515.8,0
1980-06-23,521.5,521.5,521.5,521.5,0
1980-06-24,524.4,524.4,524.4,524.4,0
1980-06-25,521.6,521.6,521.6,521.6,0
1980-06-26,518,518,518,518,0
1980-06-27,516.5,516.5,516.5,516.5,0
1980-06-30,515.5,515.5,515.5,515.5,0
1980-07-01,521.4,521.4,521.4,521.4,0
1980-07-02,527.3,527.3,527.3,527.3,0
1980-07-03,530.2,530.2,530.2,530.2,0
1980-07-04,529.7,529.7,529.7,529.7,0
1980-07-07,527.5,527.5,527.5,527.5,0
1980-07-08,525.4,525.4,525.4,525.4,0
1980-07-09,518.7,518.7,518.7,518.7,0
1980-07-10,520.3,520.3,520.3,520.3,0
1980-07-11,516.7,516.7,516.7,516.7,0
1980-07-14,513.2,513.2,513.2,513.2,0
1980-07-15,517.5,517.5,517.5,517.5,0
1980-07-16,523.5,523.5,523.5,523.5,0
1980-07-17,529.1,529.1,529.1,529.1,0
1980-07-18,528.5,528.5,528.5,528.5,0
1980-07-21,528.2,528.2,528.2,528.2,0
1980-07-22,530.3,530.3,530.3,530.3,0
1980-07-23,527.7,527.7,527.7,527.7,0
1980-07-24,528.5,528.5,528.5,528.5,0
1980-07-25,524.5,524.5,524.5,524.5,0
1980-07-28,524.6,524.6,524.6,524.6,0
1980-07-29,519.7,519.7,519.7,519.7,0
1980-07-30,523.6,523.6,523.6,523.6,0
1980-07-31,524.7,524.7,524.7,524.7,0
1980-08-01,525.2,525.2,525.2,525.2,0
1980-08-04,524.6,524.6,524.6,524.6,0
1980-08-05,525.8,525.8,525.8,525.8,0
1980-08-06,524.3,524.3,524.3,524.3,0
1980-08-07,527.2,527.2,527.2,527.2,0
1980-08-08,530.4,530.4,530.4,530.4,0
1980-08-11,531.6,531.6,531.6,531.6,0
1980-08-12,529.7,529.7,529.7,529.7,0
1980-08-13,527.2,527.2,527.2,527.2,0
1980-08-14,524.9,524.9,524.9,524.9,0
1980-08-15,524.8,524.8,524.8,524.8,0
1980-08-18,521.8,521.8,521.8,521.8,0
1980-08-19,519.2,519.2,519.2,519.2,0
1980-08-20,517.7,517.7,517.7,517.7,0
1980-08-21,522.5,522.5,522.5,522.5,0
1980-08-22,520.5,520.5,520.5,520.5,0
1980-08-25,515.6,515.6,515.6,515.6,0
1980-08-26,517.6,517.6,517.6,517.6,0
1980-08-27,518.5,518.5,518.5,518.5,0
1980-08-28,515.2,515.2,515.2,515.2,0
1980-08-29,511.5,511.5,511.5,511.5,0
1980-09-01,511.7,511.7,511.7,511.7,0
1980-09-02,511.3,511.3,511.3,511.3,0
1980-09-03,513.3,513.3,513.3,513.3,0
1980-09-04,519.7,519.7,519.7,519.7,0
1980-09-05,519.5,519.5,519.5,519.5,0
1980-09-08,515.6,515.6,515.6,515.6,0
1980-09-09,512,512,512,512,0
1980-09-10,509.4,509.4,509.4,509.4,0
1980-09-11,506.8,506.8,506.8,506.8,0
1980-09-12,508.5,508.5,508.5,508.5,0
1980-09-15,505.7,505.7,505.7,505.7,0
1980-09-16,507.6,507.6,507.6,507.6,0
1980-09-17,510.8,510.8,510.8,510.8,0
1980-09-18,512.7,512.7,512.7,512.7,0
1980-09-19,519.8,519.8,519.8,519.8,0
1980-09-22,517.3,517.3,517.3,517.3,0
1980-09-23,514.9,514.9,514.9,514.9,0
1980-09-24,514.7,514.7,514.7,514.7,0
1980-09-25,514.4,514.4,514.4,514.4,0
1980-09-26,511.4,511.4,511.4,511.4,0
1980-09-29,509.4,509.4,509.4,509.4,0
1980-09-30,508.8,508.8,508.8,508.8,0
1980-10-01,512.6,512.6,512.6,512.6,0
1980-10-02,513.9,513.9,513.9,513.9,0
1980-10-03,514.5,514.5,514.5,514.5,0
1980-10-06,520.7,520.7,520.7,520.7,0
1980-10-07,522.9,522.9,522.9,522.9,0
1980-10-08,518.8,518.8,518.8,518.8,0
1980-10-09,520,520,520,520,0
1980-10-10,521.6,521.6,521.6,521.6,0
1980-10-13,522.8,522.8,522.8,522.8,0
1980-10-14,521.5,521.5,521.5,521.5,0
1980-10-15,519.3,519.3,519.3,519.3,0
1980-10-16,520.9,520.9,520.9,520.9,0
1980-10-17,516,516,516,516,0
1980-10-20,510.2,510.2,510.2,510.2,0
1980-10-21,512.1,512.1,512.1,512.1,0
1980-10-22,507.7,507.7,507.7,507.7,0
1980-10-23,502.8,502.8,502.8,502.8,0
1980-10-24,500.4,500.4,500.4,500.4,0
1980-10-27,501.1,501.1,501.1,501.1,0
1980-10-28,497.2,497.2,497.2,497.2,0
1980-10-29,495.7,495.7,495.7,495.7,0
1980-10-30,494.3,494.3,494.3,494.3,0
1980-10-31,489.8,489.8,489.8,489.8,0
1980-11-03,495.1,495.1,495.1,495.1,0
1980-11-04,496.7,496.7,496.7,496.7,0
1980-11-05,494.5,494.5,494.5,494.5,0
1980-11-06,484,484,484,484,0
1980-11-07,476.3,476.3,476.3,476.3,0
1980-11-10,475.8,475.8,475.8,475.8,0
1980-11-11,488.4,488.4,488.4,488.4,0
1980-11-12,488.9,488.9,488.9,488.9,0
1980-11-13,490.2,490.2,490.2,490.2,0
1980-11-14,486.7,486.7,486.7,486.7,0
1980-11-17,486.3,486.3,486.3,486.3,0
1980-11-18,488.5,488.5,488.5,488.5,0
1980-11-20,492.5,492.5,492.5,492.5,0
1980-11-21,495.1,495.1,495.1,495.1,0
1980-11-24,492.3,492.3,492.3,492.3,0
1980-11-25,493.9,493.9,493.9,493.9,0
1980-11-26,494.9,494.9,494.9,494.9,0
1980-11-27,497.3,497.3,497.3,497.3,0
1980-11-28,495.3,495.3,495.3,495.3,0
1980-12-01,497.2,497.2,497.2,497.2,0
1980-12-02,496.7,496.7,496.7,496.7,0
1980-12-03,502.6,502.6,502.6,502.6,0
1980-12-04,497.6,497.6,497.6,497.6,0
1980-12-05,494.5,494.5,494.5,494.5,0
1980-12-08,492.9,492.9,492.9,492.9,0
1980-12-09,487.8,487.8,487.8,487.8,0
1980-12-10,486.6,486.6,486.6,486.6,0
1980-12-11,481.5,481.5,481.5,481.5,0
1980-12-12,484.1,484.1,484.1,484.1,0
1980-12-15,485.1,485.1,485.1,485.1,0
1980-12-16,479.7,479.7,479.7,479.7,0
1980-12-17,479.2,479.2,479.2,479.2,0
1980-12-18,479,479,479,479,0
1980-12-19,476.8,476.8,476.8,476.8,0
1980-12-22,478.2,478.2,478.2,478.2,0
1980-12-23,481.2,481.2,481.2,481.2,0
1980-12-29,480.8,480.8,480.8,480.8,0
1980-12-30,480.9,480.9,480.9,480.9,0
1981-01-02,490,490,490,490,0
1981-01-05,493,493,493,493,0
1981-01-06,495,495,495,495,0
1981-01-07,489.9,489.9,489.9,489.9,0
1981-01-08,489.3,489.3,489.3,489.3,0
1981-01-09,488.3,488.3,488.3,488.3,0
1981-01-12,487.3,487.3,487.3,487.3,0
1981-01-13,489.3,489.3,489.3,489.3,0
1981-01-14,488.8,488.8,488.8,488.8,0
1981-01-15,487.4,487.4,487.4,487.4,0
1981-01-16,483.9,483.9,483.9,483.9,0
1981-01-19,483.2,483.2,483.2,483.2,0
1981-01-20,481.5,481.5,481.5,481.5,0
1981-01-21,482.2,482.2,482.2,482.2,0
1981-01-22,481.7,481.7,481.7,481.7,0
1981-01-23,479.8,479.8,479.8,479.8,0
1981-01-26,475.1,475.1,475.1,475.1,0
1981-01-27,470.2,470.2,470.2,470.2,0
1981-01-28,469.3,469.3,469.3,469.3,0
1981-01-29,471.5,471.5,471.5,471.5,0
1981-01-30,468.4,468.4,468.4,468.4,0
1981-02-02,471.4,471.4,471.4,471.4,0
1981-02-03,469.4,469.4,469.4,469.4,0
1981-02-04,473.8,473.8,473.8,473.8,0
1981-02-05,476.2,476.2,476.2,476.2,0
1981-02-06,471.7,471.7,471.7,471.7,0
1981-02-09,468.3,468.3,468.3,468.3,0
1981-02-10,470.2,470.2,470.2,470.2,0
1981-02-11,473.9,473.9,473.9,473.9,0
1981-02-12,474.4,474.4,474.4,474.4,0
1981-02-13,472.2,472.2,472.2,472.2,0
1981-02-16,469.8,469.8,469.8,469.8,0
1981-02-17,470.4,470.4,470.4,470.4,0
1981-02-18,476.5,476.5,476.5,476.5,0
1981-02-19,480.7,480.7,480.7,480.7,0
1981-02-20,480.1,480.1,480.1,480.1,0
1981-02-23,480.9,480.9,480.9,480.9,0
1981-02-24,477.5,477.5,477.5,477.5,0
1981-02-25,476.5,476.5,476.5,476.5,0
1981-02-26,475,475,475,475,0
1981-02-27,473.3,473.3,473.3,473.3,0
1981-03-02,473.7,473.7,473.7,473.7,0
1981-03-03,477.8,477.8,477.8,477.8,0
1981-03-04,478.2,478.2,478.2,478.2,0
1981-03-05,475,475,475,475,0
1981-03-06,473.3,473.3,473.3,473.3,0
1981-03-09,476.5,476.5,476.5,476.5,0
1981-03-10,481,481,481,481,0
1981-03-11,481.1,481.1,481.1,481.1,0
1981-03-12,481.7,481.7,481.7,481.7,0
1981-03-13,486.1,486.1,486.1,486.1,0
1981-03-16,486.2,486.2,486.2,486.2,0
1981-03-17,488.3,488.3,488.3,488.3,0
1981-03-18,489.3,489.3,489.3,489.3,0
1981-03-19,488.6,488.6,488.6,488.6,0
1981-03-20,487.9,487.9,487.9,487.9,0
1981-03-23,485.9,485.9,485.9,485.9,0
1981-03-24,485.4,485.4,485.4,485.4,0
1981-03-25,483.4,483.4,483.4,483.4,0
1981-03-26,485.1,485.1,485.1,485.1,0
1981-03-27,481.7,481.7,481.7,481.7,0
1981-03-30,484.9,484.9,484.9,484.9,0
1981-03-31,483.8,483.8,483.8,483.8,0
1981-04-01,491.7,491.7,491.7,491.7,0
1981-04-02,498.3,498.3,498.3,498.3,0
1981-04-03,500.6,500.6,500.6,500.6,0
1981-04-06,500.6,500.6,500.6,500.6,0
1981-04-07,496.3,496.3,496.3,496.3,0
1981-04-08,505.1,505.1,505.1,505.1,0
1981-04-09,508.2,508.2,508.2,508.2,0
1981-04-10,511.8,511.8,511.8,511.8,0
1981-04-13,511.4,511.4,511.4,511.4,0
1981-04-14,508.4,508.4,508.4,508.4,0
1981-04-15,507.7,507.7,507.7,507.7,0
1981-04-16,507.5,507.5,507.5,507.5,0
1981-04-21,511,511,511,511,0
1981-04-22,511.2,511.2,511.2,511.2,0
1981-04-23,513.3,513.3,513.3,513.3,0
1981-04-24,515.5,515.5,515.5,515.5,0
1981-04-27,517.3,517.3,517.3,517.3,0
1981-04-28,515.2,515.2,515.2,515.2,0
1981-04-29,512.5,512.5,512.5,512.5,0
1981-04-30,510.4,510.4,510.4,510.4,0
1981-05-04,504.6,504.6,504.6,504.6,0
1981-05-05,496.8,496.8,496.8,496.8,0
1981-05-06,500.5,500.5,500.5,500.5,0
1981-05-07,504.2,504.2,504.2,504.2,0
1981-05-08,509.5,509.5,509.5,509.5,0
1981-05-11,505.9,505.9,505.9,505.9,0
1981-05-12,505.2,505.2,505.2,505.2,0
1981-05-13,508.9,508.9,508.9,508.9,0
1981-05-14,507.3,507.3,507.3,507.3,0
1981-05-15,509.5,509.5,509.5,509.5,0
1981-05-18,507.7,507.7,507.7,507.7,0
1981-05-19,503.8,503.8,503.8,503.8,0
1981-05-20,502.7,502.7,502.7,502.7,0
1981-05-21,499.1,499.1,499.1,499.1,0
1981-05-22,497.6,497.6,497.6,497.6,0
1981-05-25,497.8,497.8,497.8,497.8,0
1981-05-26,499.6,499.6,499.6,499.6,0
1981-05-27,496,496,496,496,0
1981-05-29,497.9,497.9,497.9,497.9,0
1981-06-01,502.1,502.1,502.1,502.1,0
1981-06-02,503.2,503.2,503.2,503.2,0
1981-06-03,506.8,506.8,506.8,506.8,0
1981-06-04,509.3,509.3,509.3,509.3,0
1981-06-05,514.4,514.4,514.4,514.4,0
1981-06-09,512,512,512,512,0
1981-06-10,516.4,516.4,516.4,516.4,0
1981-06-11,523.6,523.6,523.6,523.6,0
1981-06-12,527.2,527.2,527.2,527.2,0
1981-06-15,526.9,526.9,526.9,526.9,0
1981-06-16,525.8,525.8,525.8,525.8,0
1981-06-19,527.6,527.6,527.6,527.6,0
1981-06-22,529.5,529.5,529.5,529.5,0
1981-06-23,533,533,533,533,0
1981-06-24,529.3,529.3,529.3,529.3,0
1981-06-25,527.8,527.8,527.8,527.8,0
1981-06-26,527.5,527.5,527.5,527.5,0
1981-06-29,528.4,528.4,528.4,528.4,0
1981-06-30,533.6,533.6,533.6,533.6,0
1981-07-01,538.2,538.2,538.2,538.2,0
1981-07-02,539.7,539.7,539.7,539.7,0
1981-07-03,543.6,543.6,543.6,543.6,0
1981-07-06,542.8,542.8,542.8,542.8,0
1981-07-07,533.6,533.6,533.6,533.6,0
1981-07-08,533.2,533.2,533.2,533.2,0
1981-07-09,534.6,534.6,534.6,534.6,0
1981-07-10,539.5,539.5,539.5,539.5,0
1981-07-13,540.3,540.3,540.3,540.3,0
1981-07-14,538.3,538.3,538.3,538.3,0
1981-07-15,537,537,537,537,0
1981-07-16,535.3,535.3,535.3,535.3,0
1981-07-17,532.2,532.2,532.2,532.2,0
1981-07-20,531.9,531.9,531.9,531.9,0
1981-07-21,533.5,533.5,533.5,533.5,0
1981-07-22,539.3,539.3,539.3,539.3,0
1981-07-23,542.1,542.1,542.1,542.1,0
1981-07-24,543.3,543.3,543.3,543.3,0
1981-07-27,548.2,548.2,548.2,548.2,0
1981-07-28,542.8,542.8,542.8,542.8,0
1981-07-29,540.3,540.3,540.3,540.3,0
1981-07-30,541,541,541,541,0
1981-07-31,542.7,542.7,542.7,542.7,0
1981-08-03,545.5,545.5,545.5,545.5,0
1981-08-04,541.6,541.6,541.6,541.6,0
1981-08-05,538.3,538.3,538.3,538.3,0
1981-08-06,542,542,542,542,0
1981-08-07,544.2,544.2,544.2,544.2,0
1981-08-10,537.7,537.7,537.7,537.7,0
1981-08-11,540.7,540.7,540.7,540.7,0
1981-08-12,545.2,545.2,545.2,545.2,0
1981-08-13,545.6,545.6,545.6,545.6,0
1981-08-14,544,544,544,544,0
1981-08-17,544,544,544,544,0
1981-08-18,545.7,545.7,545.7,545.7,0
1981-08-19,547.9,547.9,547.9,547.9,0
1981-08-20,547.7,547.7,547.7,547.7,0
1981-08-21,544.1,544.1,544.1,544.1,0
1981-08-24,538.7,538.7,538.7,538.7,0
1981-08-25,533.5,533.5,533.5,533.5,0
1981-08-26,528.3,528.3,528.3,528.3,0
1981-08-27,527.9,527.9,527.9,527.9,0
1981-08-28,528.7,528.7,528.7,528.7,0
1981-08-31,533.3,533.3,533.3,533.3,0
1981-09-01,525.6,525.6,525.6,525.6,0
1981-09-02,521.9,521.9,521.9,521.9,0
1981-09-03,526.8,526.8,526.8,526.8,0
1981-09-04,526.4,526.4,526.4,526.4,0
1981-09-07,521,521,521,521,0
1981-09-08,522.3,522.3,522.3,522.3,0
1981-09-09,516.7,516.7,516.7,516.7,0
1981-09-10,523.3,523.3,523.3,523.3,0
1981-09-11,523.4,523.4,523.4,523.4,0
1981-09-14,526.8,526.8,526.8,526.8,0
1981-09-15,531.7,531.7,531.7,531.7,0
1981-09-16,528.1,528.1,528.1,528.1,0
1981-09-17,528,528,528,528,0
1981-09-18,524.4,524.4,524.4,524.4,0
1981-09-21,516.4,516.4,516.4,516.4,0
1981-09-22,519.1,519.1,519.1,519.1,0
1981-09-23,514.3,514.3,514.3,514.3,0
1981-09-24,505.5,505.5,505.5,505.5,0
1981-09-25,503.3,503.3,503.3,503.3,0
1981-09-28,488.1,488.1,488.1,488.1,0
1981-09-29,503.7,503.7,503.7,503.7,0
1981-09-30,495.3,495.3,495.3,495.3,0
1981-10-01,497.2,497.2,497.2,497.2,0
1981-10-02,505.7,505.7,505.7,505.7,0
1981-10-05,512.3,512.3,512.3,512.3,0
1981-10-06,506,506,506,506,0
1981-10-07,506.7,506.7,506.7,506.7,0
1981-10-08,516.4,516.4,516.4,516.4,0
1981-10-09,517,517,517,517,0
1981-10-12,510.2,510.2,510.2,510.2,0
1981-10-13,510.6,510.6,510.6,510.6,0
1981-10-14,507.3,507.3,507.3,507.3,0
1981-10-15,504.1,504.1,504.1,504.1,0
1981-10-16,501.4,501.4,501.4,501.4,0
1981-10-19,498,498,498,498,0
1981-10-20,499.8,499.8,499.8,499.8,0
1981-10-21,496.2,496.2,496.2,496.2,0
1981-10-22,498.9,498.9,498.9,498.9,0
1981-10-23,495.1,495.1,495.1,495.1,0
1981-10-26,489.9,489.9,489.9,489.9,0
1981-10-27,492.3,492.3,492.3,492.3,0
1981-10-28,498.4,498.4,498.4,498.4,0
1981-10-29,494.2,494.2,494.2,494.2,0
1981-10-30,496.3,496.3,496.3,496.3,0
1981-11-02,508.9,508.9,508.9,508.9,0
1981-11-03,504.4,504.4,504.4,504.4,0
1981-11-04,505.1,505.1,505.1,505.1,0
1981-11-05,509.6,509.6,509.6,509.6,0
1981-11-06,504.4,504.4,504.4,504.4,0
1981-11-09,502,502,502,502,0
1981-11-10,500.2,500.2,500.2,500.2,0
1981-11-11,498,498,498,498,0
1981-11-12,501.2,501.2,501.2,501.2,0
1981-11-13,501.6,501.6,501.6,501.6,0
1981-11-16,498.4,498.4,498.4,498.4,0
1981-11-17,494.8,494.8,494.8,494.8,0
1981-11-19,493.7,493.7,493.7,493.7,0
1981-11-20,496.7,496.7,496.7,496.7,0
1981-11-23,493.6,493.6,493.6,493.6,0
1981-11-24,490,490,490,490,0
1981-11-25,498.1,498.1,498.1,498.1,0
1981-11-26,504.9,504.9,504.9,504.9,0
1981-11-27,507.8,507.8,507.8,507.8,0
1981-11-30,509.1,509.1,509.1,509.1,0
1981-12-01,506,506,506,506,0
1981-12-02,505.1,505.1,505.1,505.1,0
1981-12-03,507.8,507.8,507.8,507.8,0
1981-12-04,511,511,511,511,0
1981-12-07,513.3,513.3,513.3,513.3,0
1981-12-08,509.4,509.4,509.4,509.4,0
1981-12-09,509.1,509.1,509.1,509.1,0
1981-12-10,505.4,505.4,505.4,505.4,0
1981-12-11,503.9,503.9,503.9,503.9,0
1981-12-14,497,497,497,497,0
1981-12-15,501.8,501.8,501.8,501.8,0
1981-12-16,498.9,498.9,498.9,498.9,0
1981-12-17,491.8,491.8,491.8,491.8,0
1981-12-18,488.7,488.7,488.7,488.7,0
1981-12-21,489,489,489,489,0
1981-12-22,493.9,493.9,493.9,493.9,0
1981-12-23,496.3,496.3,496.3,496.3,0
1981-12-28,493.1,493.1,493.1,493.1,0
1981-12-29,493.2,493.2,493.2,493.2,0
1981-12-30,490.4,490.4,490.4,490.4,0
1982-01-04,497.1,497.1,497.1,497.1,0
1982-01-05,491,491,491,491,0
1982-01-06,491.5,491.5,491.5,491.5,0
1982-01-07,493.5,493.5,493.5,493.5,0
1982-01-08,495.4,495.4,495.4,495.4,0
1982-01-11,494.8,494.8,494.8,494.8,0
1982-01-12,488.5,488.5,488.5,488.5,0
1982-01-13,491.7,491.7,491.7,491.7,0
1982-01-14,486.4,486.4,486.4,486.4,0
1982-01-15,487.4,487.4,487.4,487.4,0
1982-01-18,486.1,486.1,486.1,486.1,0
1982-01-19,491.8,491.8,491.8,491.8,0
1982-01-20,491.8,491.8,491.8,491.8,0
1982-01-21,494.7,494.7,494.7,494.7,0
1982-01-22,498.3,498.3,498.3,498.3,0
1982-01-25,498.1,498.1,498.1,498.1,0
1982-01-26,501.3,501.3,501.3,501.3,0
1982-01-27,500.3,500.3,500.3,500.3,0
1982-01-28,499.7,499.7,499.7,499.7,0
1982-01-29,502.1,502.1,502.1,502.1,0
1982-02-01,503.2,503.2,503.2,503.2,0
1982-02-02,502.1,502.1,502.1,502.1,0
1982-02-03,505.5,505.5,505.5,505.5,0
1982-02-04,506.2,506.2,506.2,506.2,0
1982-02-05,505.7,505.7,505.7,505.7,0
1982-02-08,503.7,503.7,503.7,503.7,0
1982-02-09,501.5,501.5,501.5,501.5,0
1982-02-10,505.3,505.3,505.3,505.3,0
1982-02-11,505.2,505.2,505.2,505.2,0
1982-02-12,504.9,504.9,504.9,504.9,0
1982-02-15,503.2,503.2,503.2,503.2,0
1982-02-16,502.8,502.8,502.8,502.8,0
1982-02-17,505.3,505.3,505.3,505.3,0
1982-02-18,506,506,506,506,0
1982-02-19,510.4,510.4,510.4,510.4,0
1982-02-22,514,514,514,514,0
1982-02-23,511.7,511.7,511.7,511.7,0
1982-02-24,512.4,512.4,512.4,512.4,0
1982-02-25,517.1,517.1,517.1,517.1,0
1982-02-26,515.5,515.5,515.5,515.5,0
1982-03-01,516.2,516.2,516.2,516.2,0
1982-03-02,521.7,521.7,521.7,521.7,0
1982-03-03,520.8,520.8,520.8,520.8,0
1982-03-04,524.3,524.3,524.3,524.3,0
1982-03-05,522.7,522.7,522.7,522.7,0
1982-03-08,523.3,523.3,523.3,523.3,0
1982-03-09,519.8,519.8,519.8,519.8,0
1982-03-10,522,522,522,522,0
1982-03-11,519.2,519.2,519.2,519.2,0
1982-03-12,516.8,516.8,516.8,516.8,0
1982-03-15,514.4,514.4,514.4,514.4,0
1982-03-16,515.8,515.8,515.8,515.8,0
1982-03-17,518,518,518,518,0
1982-03-18,517,517,517,517,0
1982-03-19,522.2,522.2,522.2,522.2,0
1982-03-22,525.7,525.7,525.7,525.7,0
1982-03-23,528.3,528.3,528.3,528.3,0
1982-03-24,525.8,525.8,525.8,525.8,0
1982-03-25,523.2,523.2,523.2,523.2,0
1982-03-26,524.9,524.9,524.9,524.9,0
1982-03-29,522.7,522.7,522.7,522.7,0
1982-03-30,525.5,525.5,525.5,525.5,0
1982-03-31,525.7,525.7,525.7,525.7,0
1982-04-01,530.4,530.4,530.4,530.4,0
1982-04-02,531.2,531.2,531.2,531.2,0
1982-04-05,532.9,532.9,532.9,532.9,0
1982-04-06,530,530,530,530,0
1982-04-07,527.2,527.2,527.2,527.2,0
1982-04-08,528.3,528.3,528.3,528.3,0
1982-04-13,529.3,529.3,529.3,529.3,0
1982-04-14,524,524,524,524,0
1982-04-15,517.7,517.7,517.7,517.7,0
1982-04-16,519.5,519.5,519.5,519.5,0
1982-04-19,519.5,519.5,519.5,519.5,0
1982-04-20,525,525,525,525,0
1982-04-21,526,526,526,526,0
1982-04-22,525.9,525.9,525.9,525.9,0
1982-04-23,528.3,528.3,528.3,528.3,0
1982-04-26,525.9,525.9,525.9,525.9,0
1982-04-27,521.6,521.6,521.6,521.6,0
1982-04-28,520.3,520.3,520.3,520.3,0
1982-04-29,520.8,520.8,520.8,520.8,0
1982-04-30,518.2,518.2,518.2,518.2,0
1982-05-03,518.3,518.3,518.3,518.3,0
1982-05-04,518.7,518.7,518.7,518.7,0
1982-05-05,515.5,515.5,515.5,515.5,0
1982-05-06,516.5,516.5,516.5,516.5,0
1982-05-07,514.1,514.1,514.1,514.1,0
1982-05-10,506.2,506.2,506.2,506.2,0
1982-05-11,509.6,509.6,509.6,509.6,0
1982-05-12,509,509,509,509,0
1982-05-13,506.8,506.8,506.8,506.8,0
1982-05-14,510.2,510.2,510.2,510.2,0
1982-05-17,512,512,512,512,0
1982-05-18,508.7,508.7,508.7,508.7,0
1982-05-19,508.6,508.6,508.6,508.6,0
1982-05-21,506.6,506.6,506.6,506.6,0
1982-05-24,507.5,507.5,507.5,507.5,0
1982-05-25,510.1,510.1,510.1,510.1,0
1982-05-26,510.4,510.4,510.4,510.4,0
1982-05-27,509.3,509.3,509.3,509.3,0
1982-05-28,512.2,512.2,512.2,512.2,0
1982-06-01,512.8,512.8,512.8,512.8,0
1982-06-02,510.6,510.6,510.6,510.6,0
1982-06-03,510.1,510.1,510.1,510.1,0
1982-06-04,510.7,510.7,510.7,510.7,0
1982-06-07,504,504,504,504,0
1982-06-08,505.8,505.8,505.8,505.8,0
1982-06-09,503.6,503.6,503.6,503.6,0
1982-06-11,505.2,505.2,505.2,505.2,0
1982-06-14,504.1,504.1,504.1,504.1,0
1982-06-15,504.8,504.8,504.8,504.8,0
1982-06-16,503.3,503.3,503.3,503.3,0
1982-06-18,497.6,497.6,497.6,497.6,0
1982-06-21,492.3,492.3,492.3,492.3,0
1982-06-22,494.3,494.3,494.3,494.3,0
1982-06-23,491.8,491.8,491.8,491.8,0
1982-06-24,495.4,495.4,495.4,495.4,0
1982-06-25,497.5,497.5,497.5,497.5,0
1982-06-28,497.9,497.9,497.9,497.9,0
1982-06-29,500.4,500.4,500.4,500.4,0
1982-06-30,501.1,501.1,501.1,501.1,0
1982-07-01,508,508,508,508,0
1982-07-02,507.7,507.7,507.7,507.7,0
1982-07-05,508.4,508.4,508.4,508.4,0
1982-07-06,505.1,505.1,505.1,505.1,0
1982-07-07,501.9,501.9,501.9,501.9,0
1982-07-08,497.8,497.8,497.8,497.8,0
1982-07-09,501.8,501.8,501.8,501.8,0
1982-07-12,508.1,508.1,508.1,508.1,0
1982-07-13,506.3,506.3,506.3,506.3,0
1982-07-14,508.4,508.4,508.4,508.4,0
1982-07-15,508.7,508.7,508.7,508.7,0
1982-07-16,507.9,507.9,507.9,507.9,0
1982-07-19,509.6,509.6,509.6,509.6,0
1982-07-20,511.5,511.5,511.5,511.5,0
1982-07-21,512.1,512.1,512.1,512.1,0
1982-07-22,509.2,509.2,509.2,509.2,0
1982-07-23,511.6,511.6,511.6,511.6,0
1982-07-26,514.5,514.5,514.5,514.5,0
1982-07-27,512.3,512.3,512.3,512.3,0
1982-07-28,511.8,511.8,511.8,511.8,0
1982-07-29,508,508,508,508,0
1982-07-30,508.5,508.5,508.5,508.5,0
1982-08-02,513.9,513.9,513.9,513.9,0
1982-08-03,515.8,515.8,515.8,515.8,0
1982-08-04,516,516,516,516,0
1982-08-05,511.9,511.9,511.9,511.9,0
1982-08-06,505.3,505.3,505.3,505.3,0
1982-08-09,497,497,497,497,0
1982-08-10,499.9,499.9,499.9,499.9,0
1982-08-11,495.6,495.6,495.6,495.6,0
1982-08-12,496.4,496.4,496.4,496.4,0
1982-08-13,494,494,494,494,0
1982-08-16,490.9,490.9,490.9,490.9,0
1982-08-17,476.6,476.6,476.6,476.6,0
1982-08-18,487.8,487.8,487.8,487.8,0
1982-08-19,490.8,490.8,490.8,490.8,0
1982-08-20,496.5,496.5,496.5,496.5,0
1982-08-23,503.8,503.8,503.8,503.8,0
1982-08-24,501.9,501.9,501.9,501.9,0
1982-08-25,504.9,504.9,504.9,504.9,0
1982-08-26,508.6,508.6,508.6,508.6,0
1982-08-27,505.5,505.5,505.5,505.5,0
1982-08-30,499.4,499.4,499.4,499.4,0
1982-08-31,502.9,502.9,502.9,502.9,0
1982-09-01,507.3,507.3,507.3,507.3,0
1982-09-02,505.9,505.9,505.9,505.9,0
1982-09-03,505.9,505.9,505.9,505.9,0
1982-09-06,504.1,504.1,504.1,504.1,0
1982-09-07,503.1,503.1,503.1,503.1,0
1982-09-08,500.6,500.6,500.6,500.6,0
1982-09-09,502.5,502.5,502.5,502.5,0
1982-09-10,503.9,503.9,503.9,503.9,0
1982-09-13,501.5,501.5,501.5,501.5,0
1982-09-14,507.7,507.7,507.7,507.7,0
1982-09-15,516.1,516.1,516.1,516.1,0
1982-09-16,518.8,518.8,518.8,518.8,0
1982-09-17,532.8,532.8,532.8,532.8,0
1982-09-20,532.5,532.5,532.5,532.5,0
1982-09-21,530.1,530.1,530.1,530.1,0
1982-09-22,534.6,534.6,534.6,534.6,0
1982-09-23,530.1,530.1,530.1,530.1,0
1982-09-24,526.5,526.5,526.5,526.5,0
1982-09-27,507.5,507.5,507.5,507.5,0
1982-09-28,516.9,516.9,516.9,516.9,0
1982-09-29,527.6,527.6,527.6,527.6,0
1982-09-30,526.9,526.9,526.9,526.9,0
1982-10-01,527,527,527,527,0
1982-10-04,526.2,526.2,526.2,526.2,0
1982-10-05,526.8,526.8,526.8,526.8,0
1982-10-06,526.4,526.4,526.4,526.4,0
1982-10-07,525.1,525.1,525.1,525.1,0
1982-10-08,526.1,526.1,526.1,526.1,0
1982-10-11,530.9,530.9,530.9,530.9,0
1982-10-12,535.4,535.4,535.4,535.4,0
1982-10-13,531.1,531.1,531.1,531.1,0
1982-10-14,529.2,529.2,529.2,529.2,0
1982-10-15,523.2,523.2,523.2,523.2,0
1982-10-18,521.3,521.3,521.3,521.3,0
1982-10-19,518,518,518,518,0
1982-10-20,521.2,521.2,521.2,521.2,0
1982-10-21,525.5,525.5,525.5,525.5,0
1982-10-22,522.4,522.4,522.4,522.4,0
1982-10-25,513.6,513.6,513.6,513.6,0
1982-10-26,514.6,514.6,514.6,514.6,0
1982-10-27,518.5,518.5,518.5,518.5,0
1982-10-28,513.8,513.8,513.8,513.8,0
1982-10-29,511.6,511.6,511.6,511.6,0
1982-11-01,511.5,511.5,511.5,511.5,0
1982-11-02,513.8,513.8,513.8,513.8,0
1982-11-03,513.3,513.3,513.3,513.3,0
1982-11-04,518.1,518.1,518.1,518.1,0
1982-11-05,514,514,514,514,0
1982-11-08,513.5,513.5,513.5,513.5,0
1982-11-09,513.1,513.1,513.1,513.1,0
1982-11-10,516.7,516.7,516.7,516.7,0
1982-11-11,514,514,514,514,0
1982-11-12,516.3,516.3,516.3,516.3,0
1982-11-15,520.2,520.2,520.2,520.2,0
1982-11-16,521.9,521.9,521.9,521.9,0
1982-11-18,527.5,527.5,527.5,527.5,0
1982-11-19,529.4,529.4,529.4,529.4,0
1982-11-22,532.1,532.1,532.1,532.1,0
1982-11-23,525.5,525.5,525.5,525.5,0
1982-11-24,523.9,523.9,523.9,523.9,0
1982-11-25,525.9,525.9,525.9,525.9,0
1982-11-26,523.5,523.5,523.5,523.5,0
1982-11-29,520.8,520.8,520.8,520.8,0
1982-11-30,518.5,518.5,518.5,518.5,0
1982-12-01,525.7,525.7,525.7,525.7,0
1982-12-02,528.6,528.6,528.6,528.6,0
1982-12-03,538.6,538.6,538.6,538.6,0
1982-12-06,548.2,548.2,548.2,548.2,0
1982-12-07,542.7,542.7,542.7,542.7,0
1982-12-08,550.9,550.9,550.9,550.9,0
1982-12-09,550.1,550.1,550.1,550.1,0
1982-12-10,546.5,546.5,546.5,546.5,0
1982-12-13,542,542,542,542,0
1982-12-14,544.8,544.8,544.8,544.8,0
1982-12-15,539,539,539,539,0
1982-12-16,537,537,537,537,0
1982-12-17,537.3,537.3,537.3,537.3,0
1982-12-20,538.4,538.4,538.4,538.4,0
1982-12-21,541.9,541.9,541.9,541.9,0
1982-12-22,549,549,549,549,0
1982-12-23,548,548,548,548,0
1982-12-27,550.3,550.3,550.3,550.3,0
1982-12-28,554.6,554.6,554.6,554.6,0
1982-12-29,552.7,552.7,552.7,552.7,0
1982-12-30,552.8,552.8,552.8,552.8,0
1983-01-03,561.1,561.1,561.1,561.1,0
1983-01-04,559.3,559.3,559.3,559.3,0
1983-01-05,561.5,561.5,561.5,561.5,0
1983-01-06,558.7,558.7,558.7,558.7,0
1983-01-07,557.5,557.5,557.5,557.5,0
1983-01-10,558,558,558,558,0
1983-01-11,558.3,558.3,558.3,558.3,0
1983-01-12,553,553,553,553,0
1983-01-13,543.4,543.4,543.4,543.4,0
1983-01-14,545.3,545.3,545.3,545.3,0
1983-01-17,545.1,545.1,545.1,545.1,0
1983-01-18,537.7,537.7,537.7,537.7,0
1983-01-19,539.7,539.7,539.7,539.7,0
1983-01-20,536.9,536.9,536.9,536.9,0
1983-01-21,535.6,535.6,535.6,535.6,0
1983-01-24,530,530,530,530,0
1983-01-25,531.8,531.8,531.8,531.8,0
1983-01-26,539.1,539.1,539.1,539.1,0
1983-01-27,537.6,537.6,537.6,537.6,0
1983-01-28,543.6,543.6,543.6,543.6,0
1983-01-31,549.1,549.1,549.1,549.1,0
1983-02-01,548.1,548.1,548.1,548.1,0
1983-02-02,545.7,545.7,545.7,545.7,0
1983-02-03,551.7,551.7,551.7,551.7,0
1983-02-04,555.1,555.1,555.1,555.1,0
1983-02-07,553.9,553.9,553.9,553.9,0
1983-02-08,558,558,558,558,0
1983-02-09,556.9,556.9,556.9,556.9,0
1983-02-10,563.4,563.4,563.4,563.4,0
1983-02-11,568.2,568.2,568.2,568.2,0
1983-02-14,567.8,567.8,567.8,567.8,0
1983-02-15,571.4,571.4,571.4,571.4,0
1983-02-16,566.6,566.6,566.6,566.6,0
1983-02-17,567.8,567.8,567.8,567.8,0
1983-02-18,578.7,578.7,578.7,578.7,0
1983-02-21,582.3,582.3,582.3,582.3,0
1983-02-22,580.1,580.1,580.1,580.1,0
1983-02-23,582.3,582.3,582.3,582.3,0
1983-02-24,597.2,597.2,597.2,597.2,0
1983-02-25,601.3,601.3,601.3,601.3,0
1983-02-28,602.5,602.5,602.5,602.5,0
1983-03-01,589.8,589.8,589.8,589.8,0
1983-03-02,605.7,605.7,605.7,605.7,0
1983-03-03,607.8,607.8,607.8,607.8,0
1983-03-04,611.1,611.1,611.1,611.1,0
1983-03-07,628.1,628.1,628.1,628.1,0
1983-03-08,626.4,626.4,626.4,626.4,0
1983-03-09,615.8,615.8,615.8,615.8,0
1983-03-10,629,629,629,629,0
1983-03-11,626.7,626.7,626.7,626.7,0
1983-03-14,624.8,624.8,624.8,624.8,0
1983-03-15,622.6,622.6,622.6,622.6,0
1983-03-16,633.5,633.5,633.5,633.5,0
1983-03-17,635.2,635.2,635.2,635.2,0
1983-03-18,631.1,631.1,631.1,631.1,0
1983-03-21,629.3,629.3,629.3,629.3,0
1983-03-22,641.7,641.7,641.7,641.7,0
1983-03-23,642.3,642.3,642.3,642.3,0
1983-03-24,653.9,653.9,653.9,653.9,0
1983-03-25,658.7,658.7,658.7,658.7,0
1983-03-28,654,654,654,654,0
1983-03-29,638,638,638,638,0
1983-03-30,650.1,650.1,650.1,650.1,0
1983-03-31,661.4,661.4,661.4,661.4,0
1983-04-05,666.2,666.2,666.2,666.2,0
1983-04-06,674.4,674.4,674.4,674.4,0
1983-04-07,672.9,672.9,672.9,672.9,0
1983-04-08,669.2,669.2,669.2,669.2,0
1983-04-11,665,665,665,665,0
1983-04-12,663,663,663,663,0
1983-04-13,656.8,656.8,656.8,656.8,0
1983-04-14,668.2,668.2,668.2,668.2,0
1983-04-15,677.7,677.7,677.7,677.7,0
1983-04-18,682.1,682.1,682.1,682.1,0
1983-04-19,691.4,691.4,691.4,691.4,0
1983-04-20,685.3,685.3,685.3,685.3,0
1983-04-21,698.5,698.5,698.5,698.5,0
1983-04-22,700.2,700.2,700.2,700.2,0
1983-04-25,706,706,706,706,0
1983-04-26,701.1,701.1,701.1,701.1,0
1983-04-27,710,710,710,710,0
1983-04-28,707,707,707,707,0
1983-04-29,707,707,707,707,0
1983-05-02,702.5,702.5,702.5,702.5,0
1983-05-03,689,689,689,689,0
1983-05-04,693.3,693.3,693.3,693.3,0
1983-05-05,687.3,687.3,687.3,687.3,0
1983-05-06,698.3,698.3,698.3,698.3,0
1983-05-09,698.8,698.8,698.8,698.8,0
1983-05-10,693.5,693.5,693.5,693.5,0
1983-05-11,694.7,694.7,694.7,694.7,0
1983-05-13,690.5,690.5,690.5,690.5,0
1983-05-16,677.1,677.1,677.1,677.1,0
1983-05-17,689.9,689.9,689.9,689.9,0
1983-05-18,701.6,701.6,701.6,701.6,0
1983-05-19,701.8,701.8,701.8,701.8,0
1983-05-20,697,697,697,697,0
1983-05-24,695.4,695.4,695.4,695.4,0
1983-05-25,696.6,696.6,696.6,696.6,0
1983-05-26,690.8,690.8,690.8,690.8,0
1983-05-27,688.8,688.8,688.8,688.8,0
1983-05-30,677.4,677.4,677.4,677.4,0
1983-05-31,675.7,675.7,675.7,675.7,0
1983-06-01,664.3,664.3,664.3,664.3,0
1983-06-03,676.2,676.2,676.2,676.2,0
1983-06-06,678.1,678.1,678.1,678.1,0
1983-06-07,686.1,686.1,686.1,686.1,0
1983-06-08,683.4,683.4,683.4,683.4,0
1983-06-09,683.5,683.5,683.5,683.5,0
1983-06-10,688,688,688,688,0
1983-06-13,696.6,696.6,696.6,696.6,0
1983-06-14,701.4,701.4,701.4,701.4,0
1983-06-15,692.1,692.1,692.1,692.1,0
1983-06-16,696.2,696.2,696.2,696.2,0
1983-06-20,702.1,702.1,702.1,702.1,0
1983-06-21,703.1,703.1,703.1,703.1,0
1983-06-22,710.9,710.9,710.9,710.9,0
1983-06-23,712.8,712.8,712.8,712.8,0
1983-06-24,717.6,717.6,717.6,717.6,0
1983-06-27,721.9,721.9,721.9,721.9,0
1983-06-28,714,714,714,714,0
1983-06-29,716.3,716.3,716.3,716.3,0
1983-06-30,719.7,719.7,719.7,719.7,0
1983-07-01,730.6,730.6,730.6,730.6,0
1983-07-04,739.1,739.1,739.1,739.1,0
1983-07-05,734.4,734.4,734.4,734.4,0
1983-07-06,735,735,735,735,0
1983-07-07,749.1,749.1,749.1,749.1,0
1983-07-08,745.2,745.2,745.2,745.2,0
1983-07-11,741.8,741.8,741.8,741.8,0
1983-07-12,733.2,733.2,733.2,733.2,0
1983-07-13,720.2,720.2,720.2,720.2,0
1983-07-14,727.2,727.2,727.2,727.2,0
1983-07-15,733.1,733.1,733.1,733.1,0
1983-07-18,727.2,727.2,727.2,727.2,0
1983-07-19,725.4,725.4,725.4,725.4,0
1983-07-20,732.7,732.7,732.7,732.7,0
1983-07-21,740,740,740,740,0
1983-07-22,738.7,738.7,738.7,738.7,0
1983-07-25,733.3,733.3,733.3,733.3,0
1983-07-26,741.8,741.8,741.8,741.8,0
1983-07-27,743.5,743.5,743.5,743.5,0
1983-07-28,742.7,742.7,742.7,742.7,0
1983-07-29,737.7,737.7,737.7,737.7,0
1983-08-01,734,734,734,734,0
1983-08-02,735.8,735.8,735.8,735.8,0
1983-08-03,741.1,741.1,741.1,741.1,0
1983-08-04,740.3,740.3,740.3,740.3,0
1983-08-05,727.1,727.1,727.1,727.1,0
1983-08-08,714.5,714.5,714.5,714.5,0
1983-08-09,710.1,710.1,710.1,710.1,0
1983-08-10,703.5,703.5,703.5,703.5,0
1983-08-11,712.4,712.4,712.4,712.4,0
1983-08-12,718.6,718.6,718.6,718.6,0
1983-08-15,727.2,727.2,727.2,727.2,0
1983-08-16,729,729,729,729,0
1983-08-17,724.8,724.8,724.8,724.8,0
1983-08-18,726.5,726.5,726.5,726.5,0
1983-08-19,721.1,721.1,721.1,721.1,0
1983-08-22,717.4,717.4,717.4,717.4,0
1983-08-23,713.4,713.4,713.4,713.4,0
1983-08-24,714.8,714.8,714.8,714.8,0
1983-08-25,711.7,711.7,711.7,711.7,0
1983-08-26,707.2,707.2,707.2,707.2,0
1983-08-29,700.1,700.1,700.1,700.1,0
1983-08-30,696,696,696,696,0
1983-08-31,698.4,698.4,698.4,698.4,0
1983-09-01,707.3,707.3,707.3,707.3,0
1983-09-02,704.1,704.1,704.1,704.1,0
1983-09-05,711.2,711.2,711.2,711.2,0
1983-09-06,713.4,713.4,713.4,713.4,0
1983-09-07,708.8,708.8,708.8,708.8,0
1983-09-08,714.7,714.7,714.7,714.7,0
1983-09-09,708.3,708.3,708.3,708.3,0
1983-09-12,711.5,711.5,711.5,711.5,0
1983-09-13,703.9,703.9,703.9,703.9,0
1983-09-14,702.7,702.7,702.7,702.7,0
1983-09-15,703.2,703.2,703.2,703.2,0
1983-09-16,702.6,702.6,702.6,702.6,0
1983-09-19,707.9,707.9,707.9,707.9,0
1983-09-20,716.3,716.3,716.3,716.3,0
1983-09-21,714.1,714.1,714.1,714.1,0
1983-09-22,710.8,710.8,710.8,710.8,0
1983-09-23,718.2,718.2,718.2,718.2,0
1983-09-26,724.8,724.8,724.8,724.8,0
1983-09-27,720.3,720.3,720.3,720.3,0
1983-09-28,721.8,721.8,721.8,721.8,0
1983-09-29,721.9,721.9,721.9,721.9,0
1983-09-30,719.3,719.3,719.3,719.3,0
1983-10-03,720.2,720.2,720.2,720.2,0
1983-10-04,720.3,720.3,720.3,720.3,0
1983-10-05,729,729,729,729,0
1983-10-06,736.3,736.3,736.3,736.3,0
1983-10-07,741.2,741.2,741.2,741.2,0
1983-10-10,742.5,742.5,742.5,742.5,0
1983-10-11,740.3,740.3,740.3,740.3,0
1983-10-12,736.7,736.7,736.7,736.7,0
1983-10-13,739,739,739,739,0
1983-10-14,740.3,740.3,740.3,740.3,0
1983-10-17,747.4,747.4,747.4,747.4,0
1983-10-18,749.9,749.9,749.9,749.9,0
1983-10-19,750.4,750.4,750.4,750.4,0
1983-10-20,748.5,748.5,748.5,748.5,0
1983-10-21,754.7,754.7,754.7,754.7,0
1983-10-24,754.3,754.3,754.3,754.3,0
1983-10-25,760.6,760.6,760.6,760.6,0
1983-10-26,753.8,753.8,753.8,753.8,0
1983-10-27,748.3,748.3,748.3,748.3,0
1983-10-28,752.6,752.6,752.6,752.6,0
1983-10-31,753.8,753.8,753.8,753.8,0
1983-11-01,750.2,750.2,750.2,750.2,0
1983-11-02,742.3,742.3,742.3,742.3,0
1983-11-03,743.3,743.3,743.3,743.3,0
1983-11-04,731.2,731.2,731.2,731.2,0
1983-11-07,733.3,733.3,733.3,733.3,0
1983-11-08,738.2,738.2,738.2,738.2,0
1983-11-09,748.3,748.3,748.3,748.3,0
1983-11-10,752.9,752.9,752.9,752.9,0
1983-11-11,747.8,747.8,747.8,747.8,0
1983-11-14,751.1,751.1,751.1,751.1,0
1983-11-15,753.3,753.3,753.3,753.3,0
1983-11-17,746.4,746.4,746.4,746.4,0
1983-11-18,742.6,742.6,742.6,742.6,0
1983-11-21,735.5,735.5,735.5,735.5,0
1983-11-22,738,738,738,738,0
1983-11-23,746.7,746.7,746.7,746.7,0
1983-11-24,747.5,747.5,747.5,747.5,0
1983-11-25,751,751,751,751,0
1983-11-28,750.4,750.4,750.4,750.4,0
1983-11-29,747.6,747.6,747.6,747.6,0
1983-11-30,753.5,753.5,753.5,753.5,0
1983-12-01,757.3,757.3,757.3,757.3,0
1983-12-02,764.2,764.2,764.2,764.2,0
1983-12-05,762.9,762.9,762.9,762.9,0
1983-12-06,762.1,762.1,762.1,762.1,0
1983-12-07,759,759,759,759,0
1983-12-08,757.3,757.3,757.3,757.3,0
1983-12-09,754.1,754.1,754.1,754.1,0
1983-12-12,754.8,754.8,754.8,754.8,0
1983-12-13,755.1,755.1,755.1,755.1,0
1983-12-14,749.4,749.4,749.4,749.4,0
1983-12-15,746.7,746.7,746.7,746.7,0
1983-12-16,749.9,749.9,749.9,749.9,0
1983-12-19,754.9,754.9,754.9,754.9,0
1983-12-20,759.4,759.4,759.4,759.4,0
1983-12-21,764.1,764.1,764.1,764.1,0
1983-12-22,771.8,771.8,771.8,771.8,0
1983-12-23,771.2,771.2,771.2,771.2,0
1983-12-27,771.3,771.3,771.3,771.3,0
1983-12-28,777,777,777,777,0
1983-12-29,774,774,774,774,0
1984-01-02,786.7,786.7,786.7,786.7,0
1984-01-03,790.3,790.3,790.3,790.3,0
1984-01-04,787.4,787.4,787.4,787.4,0
1984-01-05,799.3,799.3,799.3,799.3,0
1984-01-06,800.7,800.7,800.7,800.7,0
1984-01-09,798.9,798.9,798.9,798.9,0
1984-01-10,792.2,792.2,792.2,792.2,0
1984-01-11,790.6,790.6,790.6,790.6,0
1984-01-12,787.9,787.9,787.9,787.9,0
1984-01-13,787.9,787.9,787.9,787.9,0
1984-01-16,788.1,788.1,788.1,788.1,0
1984-01-17,792,792,792,792,0
1984-01-18,792.4,792.4,792.4,792.4,0
1984-01-19,796.9,796.9,796.9,796.9,0
1984-01-20,804.9,804.9,804.9,804.9,0
1984-01-23,803.2,803.2,803.2,803.2,0
1984-01-24,796.7,796.7,796.7,796.7,0
1984-01-25,809.9,809.9,809.9,809.9,0
1984-01-26,809.4,809.4,809.4,809.4,0
1984-01-27,810.7,810.7,810.7,810.7,0
1984-01-30,812.5,812.5,812.5,812.5,0
1984-01-31,807.2,807.2,807.2,807.2,0
1984-02-01,816.9,816.9,816.9,816.9,0
1984-02-02,813.4,813.4,813.4,813.4,0
1984-02-03,818.5,818.5,818.5,818.5,0
1984-02-06,804.7,804.7,804.7,804.7,0
1984-02-07,792.9,792.9,792.9,792.9,0
1984-02-08,793.3,793.3,793.3,793.3,0
1984-02-09,773.4,773.4,773.4,773.4,0
1984-02-10,780,780,780,780,0
1984-02-13,781,781,781,781,0
1984-02-14,773.4,773.4,773.4,773.4,0
1984-02-15,780.5,780.5,780.5,780.5,0
1984-02-16,785.8,785.8,785.8,785.8,0
1984-02-17,790,790,790,790,0
1984-02-20,787.2,787.2,787.2,787.2,0
1984-02-21,776.1,776.1,776.1,776.1,0
1984-02-22,767.1,767.1,767.1,767.1,0
1984-02-23,770.7,770.7,770.7,770.7,0
1984-02-24,775.6,775.6,775.6,775.6,0
1984-02-27,780.3,780.3,780.3,780.3,0
1984-02-28,768,768,768,768,0
1984-02-29,766.2,766.2,766.2,766.2,0
1984-03-01,772.9,772.9,772.9,772.9,0
1984-03-02,775.4,775.4,775.4,775.4,0
1984-03-05,775.3,775.3,775.3,775.3,0
1984-03-06,774.4,774.4,774.4,774.4,0
1984-03-07,761.2,761.2,761.2,761.2,0
1984-03-08,760.8,760.8,760.8,760.8,0
1984-03-09,758.5,758.5,758.5,758.5,0
1984-03-12,750,750,750,750,0
1984-03-13,758.2,758.2,758.2,758.2,0
1984-03-14,758.6,758.6,758.6,758.6,0
1984-03-15,765.6,765.6,765.6,765.6,0
1984-03-16,781.9,781.9,781.9,781.9,0
1984-03-19,776.7,776.7,776.7,776.7,0
1984-03-20,776.3,776.3,776.3,776.3,0
1984-03-21,776.8,776.8,776.8,776.8,0
1984-03-22,781.8,781.8,781.8,781.8,0
1984-03-23,776.8,776.8,776.8,776.8,0
1984-03-26,775.4,775.4,775.4,775.4,0
1984-03-27,769.3,769.3,769.3,769.3,0
1984-03-28,768.6,768.6,768.6,768.6,0
1984-03-29,770.8,770.8,770.8,770.8,0
1984-03-30,774.3,774.3,774.3,774.3,0
1984-04-02,776.3,776.3,776.3,776.3,0
1984-04-03,777.6,777.6,777.6,777.6,0
1984-04-04,771.7,771.7,771.7,771.7,0
1984-04-05,772.4,772.4,772.4,772.4,0
1984-04-06,768.2,768.2,768.2,768.2,0
1984-04-09,763.7,763.7,763.7,763.7,0
1984-04-10,767.4,767.4,767.4,767.4,0
1984-04-11,774.7,774.7,774.7,774.7,0
1984-04-12,775.9,775.9,775.9,775.9,0
1984-04-13,780.8,780.8,780.8,780.8,0
1984-04-16,778.2,778.2,778.2,778.2,0
1984-04-17,780.2,780.2,780.2,780.2,0
1984-04-18,773.1,773.1,773.1,773.1,0
1984-04-19,771.5,771.5,771.5,771.5,0
1984-04-24,768.1,768.1,768.1,768.1,0
1984-04-25,771.3,771.3,771.3,771.3,0
1984-04-26,771.7,771.7,771.7,771.7,0
1984-04-27,773.3,773.3,773.3,773.3,0
1984-04-30,776.1,776.1,776.1,776.1,0
1984-05-02,784.9,784.9,784.9,784.9,0
1984-05-03,784.4,784.4,784.4,784.4,0
1984-05-04,785.5,785.5,785.5,785.5,0
1984-05-07,772.6,772.6,772.6,772.6,0
1984-05-08,774.1,774.1,774.1,774.1,0
1984-05-09,772.1,772.1,772.1,772.1,0
1984-05-10,759.5,759.5,759.5,759.5,0
1984-05-11,758.7,758.7,758.7,758.7,0
1984-05-14,748.9,748.9,748.9,748.9,0
1984-05-15,750,750,750,750,0
1984-05-16,759.3,759.3,759.3,759.3,0
1984-05-17,756.4,756.4,756.4,756.4,0
1984-05-18,753.2,753.2,753.2,753.2,0
1984-05-21,758.2,758.2,758.2,758.2,0
1984-05-22,763.2,763.2,763.2,763.2,0
1984-05-23,760.2,760.2,760.2,760.2,0
1984-05-24,761.5,761.5,761.5,761.5,0
1984-05-25,752.9,752.9,752.9,752.9,0
1984-05-28,752.7,752.7,752.7,752.7,0
1984-05-29,753.6,753.6,753.6,753.6,0
1984-05-30,739.6,739.6,739.6,739.6,0
1984-06-01,740.9,740.9,740.9,740.9,0
1984-06-04,752.4,752.4,752.4,752.4,0
1984-06-05,752.7,752.7,752.7,752.7,0
1984-06-06,753.6,753.6,753.6,753.6,0
1984-06-07,756.8,756.8,756.8,756.8,0
1984-06-08,757.4,757.4,757.4,757.4,0
1984-06-12,755.2,755.2,755.2,755.2,0
1984-06-13,750,750,750,750,0
1984-06-14,741.2,741.2,741.2,741.2,0
1984-06-15,738.7,738.7,738.7,738.7,0
1984-06-18,736.3,736.3,736.3,736.3,0
1984-06-19,743.9,743.9,743.9,743.9,0
1984-06-20,746.4,746.4,746.4,746.4,0
1984-06-22,747.7,747.7,747.7,747.7,0
1984-06-25,745.2,745.2,745.2,745.2,0
1984-06-26,749.6,749.6,749.6,749.6,0
1984-06-27,759.7,759.7,759.7,759.7,0
1984-06-28,759.7,759.7,759.7,759.7,0
1984-06-29,763.3,763.3,763.3,763.3,0
1984-07-02,754.5,754.5,754.5,754.5,0
1984-07-03,749.7,749.7,749.7,749.7,0
1984-07-04,745.7,745.7,745.7,745.7,0
1984-07-05,739.8,739.8,739.8,739.8,0
1984-07-06,737.8,737.8,737.8,737.8,0
1984-07-09,730.2,730.2,730.2,730.2,0
1984-07-10,734.3,734.3,734.3,734.3,0
1984-07-11,720,720,720,720,0
1984-07-12,714.1,714.1,714.1,714.1,0
1984-07-13,721.2,721.2,721.2,721.2,0
1984-07-16,720.7,720.7,720.7,720.7,0
1984-07-17,715.4,715.4,715.4,715.4,0
1984-07-18,714.3,714.3,714.3,714.3,0
1984-07-19,707.7,707.7,707.7,707.7,0
1984-07-20,702.9,702.9,702.9,702.9,0
1984-07-23,692.7,692.7,692.7,692.7,0
1984-07-24,698.4,698.4,698.4,698.4,0
1984-07-25,694.5,694.5,694.5,694.5,0
1984-07-26,708,708,708,708,0
1984-07-27,712.2,712.2,712.2,712.2,0
1984-07-30,714.9,714.9,714.9,714.9,0
1984-07-31,717.5,717.5,717.5,717.5,0
1984-08-01,729.4,729.4,729.4,729.4,0
1984-08-02,731.6,731.6,731.6,731.6,0
1984-08-03,742.7,742.7,742.7,742.7,0
1984-08-06,742.9,742.9,742.9,742.9,0
1984-08-07,733.8,733.8,733.8,733.8,0
1984-08-08,739,739,739,739,0
1984-08-09,742,742,742,742,0
1984-08-10,756.4,756.4,756.4,756.4,0
1984-08-13,747.4,747.4,747.4,747.4,0
1984-08-14,753.9,753.9,753.9,753.9,0
1984-08-15,754.4,754.4,754.4,754.4,0
1984-08-16,747.8,747.8,747.8,747.8,0
1984-08-17,747.7,747.7,747.7,747.7,0
1984-08-20,750.2,750.2,750.2,750.2,0
1984-08-21,749.5,749.5,749.5,749.5,0
1984-08-22,751.2,751.2,751.2,751.2,0
1984-08-23,743.7,743.7,743.7,743.7,0
1984-08-24,746.6,746.6,746.6,746.6,0
1984-08-27,743.1,743.1,743.1,743.1,0
1984-08-28,742.8,742.8,742.8,742.8,0
1984-08-29,748.5,748.5,748.5,748.5,0
1984-08-30,748.4,748.4,748.4,748.4,0
1984-08-31,751.1,751.1,751.1,751.1,0
1984-09-03,756.4,756.4,756.4,756.4,0
1984-09-04,759.3,759.3,759.3,759.3,0
1984-09-05,753.6,753.6,753.6,753.6,0
1984-09-06,748.4,748.4,748.4,748.4,0
1984-09-07,753.5,753.5,753.5,753.5,0
1984-09-10,751.9,751.9,751.9,751.9,0
1984-09-11,762.3,762.3,762.3,762.3,0
1984-09-12,766.3,766.3,766.3,766.3,0
1984-09-13,771.9,771.9,771.9,771.9,0
1984-09-14,779.5,779.5,779.5,779.5,0
1984-09-17,781.8,781.8,781.8,781.8,0
1984-09-18,796.4,796.4,796.4,796.4,0
1984-09-19,796.6,796.6,796.6,796.6,0
1984-09-20,798.5,798.5,798.5,798.5,0
1984-09-21,800.1,800.1,800.1,800.1,0
1984-09-24,785.2,785.2,785.2,785.2,0
1984-09-25,794,794,794,794,0
1984-09-26,800.2,800.2,800.2,800.2,0
1984-09-27,798.8,798.8,798.8,798.8,0
1984-09-28,799,799,799,799,0
1984-10-01,800.4,800.4,800.4,800.4,0
1984-10-02,795.5,795.5,795.5,795.5,0
1984-10-03,794.5,794.5,794.5,794.5,0
1984-10-04,795,795,795,795,0
1984-10-05,799.1,799.1,799.1,799.1,0
1984-10-08,799.2,799.2,799.2,799.2,0
1984-10-09,801.9,801.9,801.9,801.9,0
1984-10-10,797.6,797.6,797.6,797.6,0
1984-10-11,802.2,802.2,802.2,802.2,0
1984-10-12,803.6,803.6,803.6,803.6,0
1984-10-15,804.7,804.7,804.7,804.7,0
1984-10-16,803.3,803.3,803.3,803.3,0
1984-10-17,800.9,800.9,800.9,800.9,0
1984-10-18,808.4,808.4,808.4,808.4,0
1984-10-19,815.9,815.9,815.9,815.9,0
1984-10-22,815.8,815.8,815.8,815.8,0
1984-10-23,806,806,806,806,0
1984-10-24,802.1,802.1,802.1,802.1,0
1984-10-25,806.8,806.8,806.8,806.8,0
1984-10-26,796,796,796,796,0
1984-10-29,789.2,789.2,789.2,789.2,0
1984-10-30,797.5,797.5,797.5,797.5,0
1984-10-31,802.3,802.3,802.3,802.3,0
1984-11-01,808.4,808.4,808.4,808.4,0
1984-11-02,803,803,803,803,0
1984-11-05,809.1,809.1,809.1,809.1,0
1984-11-06,809.1,809.1,809.1,809.1,0
1984-11-07,811.6,811.6,811.6,811.6,0
1984-11-08,805.2,805.2,805.2,805.2,0
1984-11-09,807.5,807.5,807.5,807.5,0
1984-11-12,803.4,803.4,803.4,803.4,0
1984-11-13,806.8,806.8,806.8,806.8,0
1984-11-14,806.1,806.1,806.1,806.1,0
1984-11-15,802.2,802.2,802.2,802.2,0
1984-11-16,802.6,802.6,802.6,802.6,0
1984-11-19,795.7,795.7,795.7,795.7,0
1984-11-20,798.9,798.9,798.9,798.9,0
1984-11-22,803.4,803.4,803.4,803.4,0
1984-11-23,805.5,805.5,805.5,805.5,0
1984-11-26,810.4,810.4,810.4,810.4,0
1984-11-27,806.3,806.3,806.3,806.3,0
1984-11-28,809.4,809.4,809.4,809.4,0
1984-11-29,806.7,806.7,806.7,806.7,0
1984-11-30,811.1,811.1,811.1,811.1,0
1984-12-03,817.3,817.3,817.3,817.3,0
1984-12-04,819.7,819.7,819.7,819.7,0
1984-12-05,815.3,815.3,815.3,815.3,0
1984-12-06,812.5,812.5,812.5,812.5,0
1984-12-07,811.8,811.8,811.8,811.8,0
1984-12-10,806.3,806.3,806.3,806.3,0
1984-12-11,807.4,807.4,807.4,807.4,0
1984-12-12,809,809,809,809,0
1984-12-13,805.8,805.8,805.8,805.8,0
1984-12-14,802,802,802,802,0
1984-12-17,800.4,800.4,800.4,800.4,0
1984-12-18,806.4,806.4,806.4,806.4,0
1984-12-19,812,812,812,812,0
1984-12-20,811.6,811.6,811.6,811.6,0
1984-12-21,817.2,817.2,817.2,817.2,0
1984-12-27,820.5,820.5,820.5,820.5,0
1984-12-28,820.9,820.9,820.9,820.9,0
1985-01-02,830.7,830.7,830.7,830.7,0
1985-01-03,824,824,824,824,0
1985-01-04,824.6,824.6,824.6,824.6,0
1985-01-07,832.3,832.3,832.3,832.3,0
1985-01-08,841.5,841.5,841.5,841.5,0
1985-01-09,845.7,845.7,845.7,845.7,0
1985-01-10,842.1,842.1,842.1,842.1,0
1985-01-11,839.2,839.2,839.2,839.2,0
1985-01-14,833.2,833.2,833.2,833.2,0
1985-01-15,839.1,839.1,839.1,839.1,0
1985-01-16,838.6,838.6,838.6,838.6,0
1985-01-17,844.6,844.6,844.6,844.6,0
1985-01-18,850.1,850.1,850.1,850.1,0
1985-01-21,847.6,847.6,847.6,847.6,0
1985-01-22,848.3,848.3,848.3,848.3,0
1985-01-23,837.7,837.7,837.7,837.7,0
1985-01-24,832.3,832.3,832.3,832.3,0
1985-01-25,832.3,832.3,832.3,832.3,0
1985-01-28,832.5,832.5,832.5,832.5,0
1985-01-29,829.6,829.6,829.6,829.6,0
1985-01-30,834.2,834.2,834.2,834.2,0
1985-01-31,838.1,838.1,838.1,838.1,0
1985-02-01,834.9,834.9,834.9,834.9,0
1985-02-04,820.3,820.3,820.3,820.3,0
1985-02-05,828.9,828.9,828.9,828.9,0
1985-02-06,838.1,838.1,838.1,838.1,0
1985-02-07,846.1,846.1,846.1,846.1,0
1985-02-08,845.5,845.5,845.5,845.5,0
1985-02-11,842.8,842.8,842.8,842.8,0
1985-02-12,832.2,832.2,832.2,832.2,0
1985-02-13,840.9,840.9,840.9,840.9,0
1985-02-14,849.4,849.4,849.4,849.4,0
1985-02-15,852.9,852.9,852.9,852.9,0
1985-02-18,853.8,853.8,853.8,853.8,0
1985-02-19,863.8,863.8,863.8,863.8,0
1985-02-20,865.7,865.7,865.7,865.7,0
1985-02-21,854.9,854.9,854.9,854.9,0
1985-02-22,856.4,856.4,856.4,856.4,0
1985-02-25,850.4,850.4,850.4,850.4,0
1985-02-26,849.7,849.7,849.7,849.7,0
1985-02-27,852.2,852.2,852.2,852.2,0
1985-02-28,855.4,855.4,855.4,855.4,0
1985-03-01,870.2,870.2,870.2,870.2,0
1985-03-04,877.3,877.3,877.3,877.3,0
1985-03-05,873.4,873.4,873.4,873.4,0
1985-03-06,876.2,876.2,876.2,876.2,0
1985-03-07,878,878,878,878,0
1985-03-08,878.2,878.2,878.2,878.2,0
1985-03-11,878.5,878.5,878.5,878.5,0
1985-03-12,881,881,881,881,0
1985-03-13,879.6,879.6,879.6,879.6,0
1985-03-14,872.6,872.6,872.6,872.6,0
1985-03-15,889.1,889.1,889.1,889.1,0
1985-03-18,887.9,887.9,887.9,887.9,0
1985-03-19,890.4,890.4,890.4,890.4,0
1985-03-20,890.1,890.1,890.1,890.1,0
1985-03-21,893.7,893.7,893.7,893.7,0
1985-03-22,889.8,889.8,889.8,889.8,0
1985-03-25,876.4,876.4,876.4,876.4,0
1985-03-26,875.4,875.4,875.4,875.4,0
1985-03-27,862.1,862.1,862.1,862.1,0
1985-03-28,862.6,862.6,862.6,862.6,0
1985-03-29,858.9,858.9,858.9,858.9,0
1985-04-01,865,865,865,865,0
1985-04-02,869.9,869.9,869.9,869.9,0
1985-04-03,869,869,869,869,0
1985-04-04,869.9,869.9,869.9,869.9,0
1985-04-09,870.3,870.3,870.3,870.3,0
1985-04-10,876.2,876.2,876.2,876.2,0
1985-04-11,875.8,875.8,875.8,875.8,0
1985-04-12,877,877,877,877,0
1985-04-15,881.3,881.3,881.3,881.3,0
1985-04-16,880.3,880.3,880.3,880.3,0
1985-04-17,884.6,884.6,884.6,884.6,0
1985-04-18,884.5,884.5,884.5,884.5,0
1985-04-19,886.4,886.4,886.4,886.4,0
1985-04-22,889.7,889.7,889.7,889.7,0
1985-04-23,889.1,889.1,889.1,889.1,0
1985-04-24,887.2,887.2,887.2,887.2,0
1985-04-25,884.3,884.3,884.3,884.3,0
1985-04-26,883.4,883.4,883.4,883.4,0
1985-04-29,880.3,880.3,880.3,880.3,0
1985-04-30,873.1,873.1,873.1,873.1,0
1985-05-02,865.2,865.2,865.2,865.2,0
1985-05-03,873.5,873.5,873.5,873.5,0
1985-05-06,881.8,881.8,881.8,881.8,0
1985-05-07,884.6,884.6,884.6,884.6,0
1985-05-08,886.6,886.6,886.6,886.6,0
1985-05-09,888.7,888.7,888.7,888.7,0
1985-05-10,889.4,889.4,889.4,889.4,0
1985-05-13,895.1,895.1,895.1,895.1,0
1985-05-14,902.2,902.2,902.2,902.2,0
1985-05-15,900.7,900.7,900.7,900.7,0
1985-05-17,902.3,902.3,902.3,902.3,0
1985-05-20,911.3,911.3,911.3,911.3,0
1985-05-21,919.1,919.1,919.1,919.1,0
1985-05-22,925.1,925.1,925.1,925.1,0
1985-05-23,927.6,927.6,927.6,927.6,0
1985-05-24,931.3,931.3,931.3,931.3,0
1985-05-28,930.4,930.4,930.4,930.4,0
1985-05-29,935.3,935.3,935.3,935.3,0
1985-05-30,941.2,941.2,941.2,941.2,0
1985-05-31,950.6,950.6,950.6,950.6,0
1985-06-03,958,958,958,958,0
1985-06-04,950.3,950.3,950.3,950.3,0
1985-06-05,954.1,954.1,954.1,954.1,0
1985-06-07,969.5,969.5,969.5,969.5,0
1985-06-10,960,960,960,960,0
1985-06-11,973.9,973.9,973.9,973.9,0
1985-06-12,976.7,976.7,976.7,976.7,0
1985-06-13,964.7,964.7,964.7,964.7,0
1985-06-14,964.7,964.7,964.7,964.7,0
1985-06-18,984.2,984.2,984.2,984.2,0
1985-06-19,998,998,998,998,0
1985-06-20,1007.2,1007.2,1007.2,1007.2,0
1985-06-21,1017.5,1017.5,1017.5,1017.5,0
1985-06-24,1022.5,1022.5,1022.5,1022.5,0
1985-06-25,1012.2,1012.2,1012.2,1012.2,0
1985-06-26,992.4,992.4,992.4,992.4,0
1985-06-27,1010,1010,1010,1010,0
1985-06-28,1018.5,1018.5,1018.5,1018.5,0
1985-07-01,1018.5,1018.5,1018.5,1018.5,0
1985-07-02,1031.3,1031.3,1031.3,1031.3,0
1985-07-03,1052.1,1052.1,1052.1,1052.1,0
1985-07-04,1066.5,1066.5,1066.5,1066.5,0
1985-07-05,1074.9,1074.9,1074.9,1074.9,0
1985-07-08,1070.2,1070.2,1070.2,1070.2,0
1985-07-09,1038.6,1038.6,1038.6,1038.6,0
1985-07-10,1011.9,1011.9,1011.9,1011.9,0
1985-07-11,1036.4,1036.4,1036.4,1036.4,0
1985-07-12,1019.8,1019.8,1019.8,1019.8,0
1985-07-15,1001.2,1001.2,1001.2,1001.2,0
1985-07-16,989.4,989.4,989.4,989.4,0
1985-07-17,1002.8,1002.8,1002.8,1002.8,0
1985-07-18,1017.6,1017.6,1017.6,1017.6,0
1985-07-19,1029.1,1029.1,1029.1,1029.1,0
1985-07-22,1032.2,1032.2,1032.2,1032.2,0
1985-07-23,1024.3,1024.3,1024.3,1024.3,0
1985-07-24,1014.9,1014.9,1014.9,1014.9,0
1985-07-25,1003.8,1003.8,1003.8,1003.8,0
1985-07-26,1008.6,1008.6,1008.6,1008.6,0
1985-07-29,996.7,996.7,996.7,996.7,0
1985-07-30,984,984,984,984,0
1985-07-31,986,986,986,986,0
1985-08-01,1010.5,1010.5,1010.5,1010.5,0
1985-08-02,1018.1,1018.1,1018.1,1018.1,0
1985-08-05,1019.7,1019.7,1019.7,1019.7,0
1985-08-06,1021.6,1021.6,1021.6,1021.6,0
1985-08-07,1016.9,1016.9,1016.9,1016.9,0
1985-08-08,1026.1,1026.1,1026.1,1026.1,0
1985-08-09,1026.1,1026.1,1026.1,1026.1,0
1985-08-12,1024.7,1024.7,1024.7,1024.7,0
1985-08-13,1025.1,1025.1,1025.1,1025.1,0
1985-08-14,1033,1033,1033,1033,0
1985-08-15,1035.4,1035.4,1035.4,1035.4,0
1985-08-16,1030.3,1030.3,1030.3,1030.3,0
1985-08-19,1022.8,1022.8,1022.8,1022.8,0
1985-08-20,1030.4,1030.4,1030.4,1030.4,0
1985-08-21,1036.5,1036.5,1036.5,1036.5,0
1985-08-22,1036.8,1036.8,1036.8,1036.8,0
1985-08-23,1036.7,1036.7,1036.7,1036.7,0
1985-08-26,1046.6,1046.6,1046.6,1046.6,0
1985-08-27,1062.7,1062.7,1062.7,1062.7,0
1985-08-28,1073.1,1073.1,1073.1,1073.1,0
1985-08-29,1077.4,1077.4,1077.4,1077.4,0
1985-08-30,1081.7,1081.7,1081.7,1081.7,0
1985-09-02,1077.9,1077.9,1077.9,1077.9,0
1985-09-03,1076.6,1076.6,1076.6,1076.6,0
1985-09-04,1066.4,1066.4,1066.4,1066.4,0
1985-09-05,1084,1084,1084,1084,0
1985-09-06,1096.8,1096.8,1096.8,1096.8,0
1985-09-09,1101.3,1101.3,1101.3,1101.3,0
1985-09-10,1113.3,1113.3,1113.3,1113.3,0
1985-09-11,1114.1,1114.1,1114.1,1114.1,0
1985-09-12,1112.9,1112.9,1112.9,1112.9,0
1985-09-13,1105,1105,1105,1105,0
1985-09-16,1113.7,1113.7,1113.7,1113.7,0
1985-09-17,1128.5,1128.5,1128.5,1128.5,0
1985-09-18,1127.2,1127.2,1127.2,1127.2,0
1985-09-19,1120,1120,1120,1120,0
1985-09-20,1133.9,1133.9,1133.9,1133.9,0
1985-09-23,1118.7,1118.7,1118.7,1118.7,0
1985-09-24,1119,1119,1119,1119,0
1985-09-25,1140.7,1140.7,1140.7,1140.7,0
1985-09-26,1120.6,1120.6,1120.6,1120.6,0
1985-09-27,1126.9,1126.9,1126.9,1126.9,0
1985-09-30,1142.6,1142.6,1142.6,1142.6,0
1985-10-01,1156.7,1156.7,1156.7,1156.7,0
1985-10-02,1160.6,1160.6,1160.6,1160.6,0
1985-10-03,1168.5,1168.5,1168.5,1168.5,0
1985-10-04,1166.1,1166.1,1166.1,1166.1,0
1985-10-07,1171.5,1171.5,1171.5,1171.5,0
1985-10-08,1175.5,1175.5,1175.5,1175.5,0
1985-10-09,1164.9,1164.9,1164.9,1164.9,0
1985-10-10,1146.9,1146.9,1146.9,1146.9,0
1985-10-11,1169.4,1169.4,1169.4,1169.4,0
1985-10-14,1181.1,1181.1,1181.1,1181.1,0
1985-10-15,1213.3,1213.3,1213.3,1213.3,0
1985-10-16,1207.3,1207.3,1207.3,1207.3,0
1985-10-17,1219.9,1219.9,1219.9,1219.9,0
1985-10-18,1234.3,1234.3,1234.3,1234.3,0
1985-10-21,1233.8,1233.8,1233.8,1233.8,0
1985-10-22,1232.6,1232.6,1232.6,1232.6,0
1985-10-23,1256.9,1256.9,1256.9,1256.9,0
1985-10-24,1259.7,1259.7,1259.7,1259.7,0
1985-10-25,1261.2,1261.2,1261.2,1261.2,0
1985-10-28,1260.7,1260.7,1260.7,1260.7,0
1985-10-29,1256.2,1256.2,1256.2,1256.2,0
1985-10-30,1295.4,1295.4,1295.4,1295.4,0
1985-10-31,1295.8,1295.8,1295.8,1295.8,0
1985-11-01,1301.3,1301.3,1301.3,1301.3,0
1985-11-04,1289.9,1289.9,1289.9,1289.9,0
1985-11-05,1269.8,1269.8,1269.8,1269.8,0
1985-11-06,1289.3,1289.3,1289.3,1289.3,0
1985-11-07,1293.7,1293.7,1293.7,1293.7,0
1985-11-08,1280.4,1280.4,1280.4,1280.4,0
1985-11-11,1273.5,1273.5,1273.5,1273.5,0
1985-11-12,1279.5,1279.5,1279.5,1279.5,0
1985-11-13,1274,1274,1274,1274,0
1985-11-14,1235.3,1235.3,1235.3,1235.3,0
1985-11-15,1243.7,1243.7,1243.7,1243.7,0
1985-11-18,1255.8,1255.8,1255.8,1255.8,0
1985-11-19,1281,1281,1281,1281,0
1985-11-21,1291.6,1291.6,1291.6,1291.6,0
1985-11-22,1296.6,1296.6,1296.6,1296.6,0
1985-11-25,1304.5,1304.5,1304.5,1304.5,0
1985-11-26,1284.1,1284.1,1284.1,1284.1,0
1985-11-27,1271.7,1271.7,1271.7,1271.7,0
1985-11-28,1267.1,1267.1,1267.1,1267.1,0
1985-11-29,1251.8,1251.8,1251.8,1251.8,0
1985-12-02,1235.1,1235.1,1235.1,1235.1,0
1985-12-03,1245.3,1245.3,1245.3,1245.3,0
1985-12-04,1266.1,1266.1,1266.1,1266.1,0
1985-12-05,1259.5,1259.5,1259.5,1259.5,0
1985-12-06,1253.4,1253.4,1253.4,1253.4,0
1985-12-09,1255.2,1255.2,1255.2,1255.2,0
1985-12-10,1262.4,1262.4,1262.4,1262.4,0
1985-12-11,1277.6,1277.6,1277.6,1277.6,0
1985-12-12,1290.8,1290.8,1290.8,1290.8,0
1985-12-13,1301.6,1301.6,1301.6,1301.6,0
1985-12-16,1327.7,1327.7,1327.7,1327.7,0
1985-12-17,1319,1319,1319,1319,0
1985-12-18,1317.5,1317.5,1317.5,1317.5,0
1985-12-19,1309.2,1309.2,1309.2,1309.2,0
1985-12-20,1330,1330,1330,1330,0
1985-12-23,1344.1,1344.1,1344.1,1344.1,0
1985-12-27,1354.3,1354.3,1354.3,1354.3,0
1985-12-30,1366.2,1366.2,1366.2,1366.2,0
1986-01-02,1374.5,1374.5,1374.5,1374.5,0
1986-01-03,1414.5,1414.5,1414.5,1414.5,0
1986-01-06,1425.6,1425.6,1425.6,1425.6,0
1986-01-07,1428.5,1428.5,1428.5,1428.5,0
1986-01-08,1474.2,1474.2,1474.2,1474.2,0
1986-01-09,1461.2,1461.2,1461.2,1461.2,0
1986-01-10,1449,1449,1449,1449,0
1986-01-13,1451.6,1451.6,1451.6,1451.6,0
1986-01-14,1472.1,1472.1,1472.1,1472.1,0
1986-01-15,1507.8,1507.8,1507.8,1507.8,0
1986-01-16,1490.8,1490.8,1490.8,1490.8,0
1986-01-17,1504.6,1504.6,1504.6,1504.6,0
1986-01-20,1491,1491,1491,1491,0
1986-01-21,1462.7,1462.7,1462.7,1462.7,0
1986-01-22,1424,1424,1424,1424,0
1986-01-23,1398.4,1398.4,1398.4,1398.4,0
1986-01-24,1449.8,1449.8,1449.8,1449.8,0
1986-01-27,1460.3,1460.3,1460.3,1460.3,0
1986-01-28,1418.5,1418.5,1418.5,1418.5,0
1986-01-29,1409.2,1409.2,1409.2,1409.2,0
1986-01-30,1380.1,1380.1,1380.1,1380.1,0
1986-01-31,1387.1,1387.1,1387.1,1387.1,0
1986-02-03,1394.8,1394.8,1394.8,1394.8,0
1986-02-04,1416.8,1416.8,1416.8,1416.8,0
1986-02-05,1435,1435,1435,1435,0
1986-02-06,1436,1436,1436,1436,0
1986-02-07,1434.1,1434.1,1434.1,1434.1,0
1986-02-10,1437,1437,1437,1437,0
1986-02-11,1444.2,1444.2,1444.2,1444.2,0
1986-02-12,1435,1435,1435,1435,0
1986-02-13,1402.4,1402.4,1402.4,1402.4,0
1986-02-14,1392.7,1392.7,1392.7,1392.7,0
1986-02-17,1364,1364,1364,1364,0
1986-02-18,1406.9,1406.9,1406.9,1406.9,0
1986-02-19,1394.5,1394.5,1394.5,1394.5,0
1986-02-20,1380.4,1380.4,1380.4,1380.4,0
1986-02-21,1395.7,1395.7,1395.7,1395.7,0
1986-02-24,1393.8,1393.8,1393.8,1393.8,0
1986-02-25,1358.2,1358.2,1358.2,1358.2,0
1986-02-26,1344.4,1344.4,1344.4,1344.4,0
1986-02-27,1323.9,1323.9,1323.9,1323.9,0
1986-02-28,1357.3,1357.3,1357.3,1357.3,0
1986-03-03,1361,1361,1361,1361,0
1986-03-04,1404.3,1404.3,1404.3,1404.3,0
1986-03-05,1421.8,1421.8,1421.8,1421.8,0
1986-03-06,1421.7,1421.7,1421.7,1421.7,0
1986-03-07,1421.1,1421.1,1421.1,1421.1,0
1986-03-10,1435.9,1435.9,1435.9,1435.9,0
1986-03-11,1455.8,1455.8,1455.8,1455.8,0
1986-03-12,1473.7,1473.7,1473.7,1473.7,0
1986-03-13,1465.5,1465.5,1465.5,1465.5,0
1986-03-14,1473.2,1473.2,1473.2,1473.2,0
1986-03-17,1477,1477,1477,1477,0
1986-03-18,1457.6,1457.6,1457.6,1457.6,0
1986-03-19,1481.5,1481.5,1481.5,1481.5,0
1986-03-20,1474,1474,1474,1474,0
1986-03-21,1460,1460,1460,1460,0
1986-03-24,1443.8,1443.8,1443.8,1443.8,0
1986-03-25,1457,1457,1457,1457,0
1986-03-26,1472.9,1472.9,1472.9,1472.9,0
1986-03-27,1481.6,1481.6,1481.6,1481.6,0
1986-04-01,1496.9,1496.9,1496.9,1496.9,0
1986-04-02,1497.4,1497.4,1497.4,1497.4,0
1986-04-03,1514.9,1514.9,1514.9,1514.9,0
1986-04-04,1510.4,1510.4,1510.4,1510.4,0
1986-04-07,1531.8,1531.8,1531.8,1531.8,0
1986-04-08,1541.7,1541.7,1541.7,1541.7,0
1986-04-09,1535.8,1535.8,1535.8,1535.8,0
1986-04-10,1523.8,1523.8,1523.8,1523.8,0
1986-04-11,1544.7,1544.7,1544.7,1544.7,0
1986-04-14,1570.5,1570.5,1570.5,1570.5,0
1986-04-15,1549.7,1549.7,1549.7,1549.7,0
1986-04-16,1572.3,1572.3,1572.3,1572.3,0
1986-04-17,1586,1586,1586,1586,0
1986-04-18,1579.1,1579.1,1579.1,1579.1,0
1986-04-21,1563.5,1563.5,1563.5,1563.5,0
1986-04-22,1558.2,1558.2,1558.2,1558.2,0
1986-04-23,1525.9,1525.9,1525.9,1525.9,0
1986-04-24,1512.9,1512.9,1512.9,1512.9,0
1986-04-25,1509.6,1509.6,1509.6,1509.6,0
1986-04-28,1472.2,1472.2,1472.2,1472.2,0
1986-04-29,1516.3,1516.3,1516.3,1516.3,0
1986-04-30,1507.3,1507.3,1507.3,1507.3,0
1986-05-02,1491.7,1491.7,1491.7,1491.7,0
1986-05-05,1462.5,1462.5,1462.5,1462.5,0
1986-05-06,1483.8,1483.8,1483.8,1483.8,0
1986-05-07,1465.7,1465.7,1465.7,1465.7,0
1986-05-09,1442.6,1442.6,1442.6,1442.6,0
1986-05-12,1398.9,1398.9,1398.9,1398.9,0
1986-05-13,1388.2,1388.2,1388.2,1388.2,0
1986-05-14,1412.6,1412.6,1412.6,1412.6,0
1986-05-15,1383.2,1383.2,1383.2,1383.2,0
1986-05-16,1370.1,1370.1,1370.1,1370.1,0
1986-05-20,1336.6,1336.6,1336.6,1336.6,0
1986-05-21,1360.1,1360.1,1360.1,1360.1,0
1986-05-22,1403.9,1403.9,1403.9,1403.9,0
1986-05-23,1401.3,1401.3,1401.3,1401.3,0
1986-05-26,1394.3,1394.3,1394.3,1394.3,0
1986-05-27,1366.2,1366.2,1366.2,1366.2,0
1986-05-28,1363.5,1363.5,1363.5,1363.5,0
1986-05-30,1380.5,1380.5,1380.5,1380.5,0
1986-06-02,1369.5,1369.5,1369.5,1369.5,0
1986-06-03,1329.3,1329.3,1329.3,1329.3,0
1986-06-04,1345.7,1345.7,1345.7,1345.7,0
1986-06-05,1355.6,1355.6,1355.6,1355.6,0
1986-06-06,1366.5,1366.5,1366.5,1366.5,0
1986-06-09,1394.4,1394.4,1394.4,1394.4,0
1986-06-10,1384.1,1384.1,1384.1,1384.1,0
1986-06-11,1386.4,1386.4,1386.4,1386.4,0
1986-06-12,1408.9,1408.9,1408.9,1408.9,0
1986-06-13,1420.8,1420.8,1420.8,1420.8,0
1986-06-16,1449.3,1449.3,1449.3,1449.3,0
1986-06-18,1422.2,1422.2,1422.2,1422.2,0
1986-06-19,1400.7,1400.7,1400.7,1400.7,0
1986-06-20,1386,1386,1386,1386,0
1986-06-23,1397,1397,1397,1397,0
1986-06-24,1368.3,1368.3,1368.3,1368.3,0
1986-06-25,1362,1362,1362,1362,0
1986-06-26,1361.4,1361.4,1361.4,1361.4,0
1986-06-27,1381.3,1381.3,1381.3,1381.3,0
1986-06-30,1357.5,1357.5,1357.5,1357.5,0
1986-07-01,1342.8,1342.8,1342.8,1342.8,0
1986-07-02,1354.9,1354.9,1354.9,1354.9,0
1986-07-03,1342.8,1342.8,1342.8,1342.8,0
1986-07-04,1354.9,1354.9,1354.9,1354.9,0
1986-07-07,1284.5,1284.5,1284.5,1284.5,0
1986-07-08,1289,1289,1289,1289,0
1986-07-09,1297.1,1297.1,1297.1,1297.1,0
1986-07-10,1327,1327,1327,1327,0
1986-07-11,1339,1339,1339,1339,0
1986-07-14,1342.2,1342.2,1342.2,1342.2,0
1986-07-15,1309.6,1309.6,1309.6,1309.6,0
1986-07-16,1271.4,1271.4,1271.4,1271.4,0
1986-07-17,1290.3,1290.3,1290.3,1290.3,0
1986-07-18,1290.5,1290.5,1290.5,1290.5,0
1986-07-21,1257.5,1257.5,1257.5,1257.5,0
1986-07-22,1248.6,1248.6,1248.6,1248.6,0
1986-07-23,1269.1,1269.1,1269.1,1269.1,0
1986-07-24,1292.2,1292.2,1292.2,1292.2,0
1986-07-25,1306.1,1306.1,1306.1,1306.1,0
1986-07-28,1289.9,1289.9,1289.9,1289.9,0
1986-07-29,1285.9,1285.9,1285.9,1285.9,0
1986-07-30,1292.4,1292.4,1292.4,1292.4,0
1986-07-31,1288.6,1288.6,1288.6,1288.6,0
1986-08-01,1282.6,1282.6,1282.6,1282.6,0
1986-08-04,1294.3,1294.3,1294.3,1294.3,0
1986-08-05,1320.7,1320.7,1320.7,1320.7,0
1986-08-06,1324,1324,1324,1324,0
1986-08-07,1337.3,1337.3,1337.3,1337.3,0
1986-08-08,1392,1392,1392,1392,0
1986-08-11,1415.6,1415.6,1415.6,1415.6,0
1986-08-12,1415.9,1415.9,1415.9,1415.9,0
1986-08-13,1437.9,1437.9,1437.9,1437.9,0
1986-08-14,1439.2,1439.2,1439.2,1439.2,0
1986-08-15,1425.9,1425.9,1425.9,1425.9,0
1986-08-18,1442.7,1442.7,1442.7,1442.7,0
1986-08-19,1472.7,1472.7,1472.7,1472.7,0
1986-08-20,1447.4,1447.4,1447.4,1447.4,0
1986-08-21,1466.1,1466.1,1466.1,1466.1,0
1986-08-22,1469.1,1469.1,1469.1,1469.1,0
1986-08-25,1483.3,1483.3,1483.3,1483.3,0
1986-08-26,1464.6,1464.6,1464.6,1464.6,0
1986-08-27,1484.5,1484.5,1484.5,1484.5,0
1986-08-28,1479.7,1479.7,1479.7,1479.7,0
1986-08-29,1497.5,1497.5,1497.5,1497.5,0
1986-09-01,1502.7,1502.7,1502.7,1502.7,0
1986-09-02,1506,1506,1506,1506,0
1986-09-03,1488.6,1488.6,1488.6,1488.6,0
1986-09-04,1486.1,1486.1,1486.1,1486.1,0
1986-09-05,1497.6,1497.6,1497.6,1497.6,0
1986-09-08,1478,1478,1478,1478,0
1986-09-09,1467.4,1467.4,1467.4,1467.4,0
1986-09-10,1479.8,1479.8,1479.8,1479.8,0
1986-09-11,1478,1478,1478,1478,0
1986-09-12,1456.2,1456.2,1456.2,1456.2,0
1986-09-15,1456.9,1456.9,1456.9,1456.9,0
1986-09-16,1449.6,1449.6,1449.6,1449.6,0
1986-09-17,1420.6,1420.6,1420.6,1420.6,0
1986-09-18,1398,1398,1398,1398,0
1986-09-19,1410.6,1410.6,1410.6,1410.6,0
1986-09-22,1417.2,1417.2,1417.2,1417.2,0
1986-09-23,1447,1447,1447,1447,0
1986-09-24,1436.1,1436.1,1436.1,1436.1,0
1986-09-25,1438.7,1438.7,1438.7,1438.7,0
1986-09-26,1416.5,1416.5,1416.5,1416.5,0
1986-09-29,1410.6,1410.6,1410.6,1410.6,0
1986-09-30,1408,1408,1408,1408,0
1986-10-01,1443,1443,1443,1443,0
1986-10-02,1449,1449,1449,1449,0
1986-10-03,1444.7,1444.7,1444.7,1444.7,0
1986-10-06,1440.8,1440.8,1440.8,1440.8,0
1986-10-07,1454.6,1454.6,1454.6,1454.6,0
1986-10-08,1443.4,1443.4,1443.4,1443.4,0
1986-10-09,1440.4,1440.4,1440.4,1440.4,0
1986-10-10,1429.5,1429.5,1429.5,1429.5,0
1986-10-13,1421.7,1421.7,1421.7,1421.7,0
1986-10-14,1433.2,1433.2,1433.2,1433.2,0
1986-10-15,1418.4,1418.4,1418.4,1418.4,0
1986-10-16,1420.9,1420.9,1420.9,1420.9,0
1986-10-17,1399.8,1399.8,1399.8,1399.8,0
1986-10-20,1395.1,1395.1,1395.1,1395.1,0
1986-10-21,1406.8,1406.8,1406.8,1406.8,0
1986-10-22,1401.7,1401.7,1401.7,1401.7,0
1986-10-23,1410.6,1410.6,1410.6,1410.6,0
1986-10-24,1429.1,1429.1,1429.1,1429.1,0
1986-10-27,1420.6,1420.6,1420.6,1420.6,0
1986-10-28,1400.7,1400.7,1400.7,1400.7,0
1986-10-29,1384.1,1384.1,1384.1,1384.1,0
1986-10-30,1410.2,1410.2,1410.2,1410.2,0
1986-10-31,1426.3,1426.3,1426.3,1426.3,0
1986-11-03,1432.7,1432.7,1432.7,1432.7,0
1986-11-04,1437.4,1437.4,1437.4,1437.4,0
1986-11-05,1424.2,1424.2,1424.2,1424.2,0
1986-11-06,1429.4,1429.4,1429.4,1429.4,0
1986-11-07,1429.9,1429.9,1429.9,1429.9,0
1986-11-10,1425.7,1425.7,1425.7,1425.7,0
1986-11-11,1412.4,1412.4,1412.4,1412.4,0
1986-11-12,1403,1403,1403,1403,0
1986-11-13,1411.3,1411.3,1411.3,1411.3,0
1986-11-14,1408.8,1408.8,1408.8,1408.8,0
1986-11-17,1396.3,1396.3,1396.3,1396.3,0
1986-11-18,1402.9,1402.9,1402.9,1402.9,0
1986-11-20,1412,1412,1412,1412,0
1986-11-21,1435,1435,1435,1435,0
1986-11-24,1451.7,1451.7,1451.7,1451.7,0
1986-11-25,1456.9,1456.9,1456.9,1456.9,0
1986-11-26,1456.9,1456.9,1456.9,1456.9,0
1986-11-27,1461.7,1461.7,1461.7,1461.7,0
1986-11-28,1466.3,1466.3,1466.3,1466.3,0
1986-12-01,1453.1,1453.1,1453.1,1453.1,0
1986-12-02,1452.7,1452.7,1452.7,1452.7,0
1986-12-03,1470.4,1470.4,1470.4,1470.4,0
1986-12-04,1460.2,1460.2,1460.2,1460.2,0
1986-12-05,1463.9,1463.9,1463.9,1463.9,0
1986-12-08,1455.9,1455.9,1455.9,1455.9,0
1986-12-09,1455.3,1455.3,1455.3,1455.3,0
1986-12-10,1452.8,1452.8,1452.8,1452.8,0
1986-12-11,1448.1,1448.1,1448.1,1448.1,0
1986-12-12,1444.2,1444.2,1444.2,1444.2,0
1986-12-15,1436.3,1436.3,1436.3,1436.3,0
1986-12-16,1447,1447,1447,1447,0
1986-12-17,1437,1437,1437,1437,0
1986-12-18,1429.9,1429.9,1429.9,1429.9,0
1986-12-19,1428.2,1428.2,1428.2,1428.2,0
1986-12-22,1421.6,1421.6,1421.6,1421.6,0
1986-12-23,1435.6,1435.6,1435.6,1435.6,0
1986-12-29,1434.3,1434.3,1434.3,1434.3,0
1986-12-30,1432.3,1432.3,1432.3,1432.3,0
1987-01-02,1413.2,1413.2,1413.2,1413.2,0
1987-01-05,1421.9,1421.9,1421.9,1421.9,0
1987-01-06,1434.3,1434.3,1434.3,1434.3,0
1987-01-07,1418,1418,1418,1418,0
1987-01-08,1382.3,1382.3,1382.3,1382.3,0
1987-01-09,1348.7,1348.7,1348.7,1348.7,0
1987-01-12,1336.4,1336.4,1336.4,1336.4,0
1987-01-13,1326.7,1326.7,1326.7,1326.7,0
1987-01-14,1331.2,1331.2,1331.2,1331.2,0
1987-01-15,1353.4,1353.4,1353.4,1353.4,0
1987-01-16,1356.8,1356.8,1356.8,1356.8,0
1987-01-19,1328.3,1328.3,1328.3,1328.3,0
1987-01-20,1330.5,1330.5,1330.5,1330.5,0
1987-01-21,1332.3,1332.3,1332.3,1332.3,0
1987-01-22,1336.8,1336.8,1336.8,1336.8,0
1987-01-23,1347.8,1347.8,1347.8,1347.8,0
1987-01-26,1309,1309,1309,1309,0
1987-01-27,1294.8,1294.8,1294.8,1294.8,0
1987-01-28,1249.9,1249.9,1249.9,1249.9,0
1987-01-29,1272.9,1272.9,1272.9,1272.9,0
1987-01-30,1294.5,1294.5,1294.5,1294.5,0
1987-02-02,1276.4,1276.4,1276.4,1276.4,0
1987-02-03,1241.2,1241.2,1241.2,1241.2,0
1987-02-04,1216.3,1216.3,1216.3,1216.3,0
1987-02-05,1229.6,1229.6,1229.6,1229.6,0
1987-02-06,1250.7,1250.7,1250.7,1250.7,0
1987-02-09,1269.9,1269.9,1269.9,1269.9,0
1987-02-10,1264,1264,1264,1264,0
1987-02-11,1253.6,1253.6,1253.6,1253.6,0
1987-02-12,1265.6,1265.6,1265.6,1265.6,0
1987-02-13,1277.5,1277.5,1277.5,1277.5,0
1987-02-16,1260.3,1260.3,1260.3,1260.3,0
1987-02-17,1232.9,1232.9,1232.9,1232.9,0
1987-02-18,1249,1249,1249,1249,0
1987-02-19,1276.8,1276.8,1276.8,1276.8,0
1987-02-20,1265.4,1265.4,1265.4,1265.4,0
1987-02-23,1242.9,1242.9,1242.9,1242.9,0
1987-02-24,1239.9,1239.9,1239.9,1239.9,0
1987-02-25,1251,1251,1251,1251,0
1987-02-26,1243.9,1243.9,1243.9,1243.9,0
1987-02-27,1244.4,1244.4,1244.4,1244.4,0
1987-03-02,1236.5,1236.5,1236.5,1236.5,0
1987-03-03,1244,1244,1244,1244,0
1987-03-04,1256.7,1256.7,1256.7,1256.7,0
1987-03-05,1273.6,1273.6,1273.6,1273.6,0
1987-03-06,1262.8,1262.8,1262.8,1262.8,0
1987-03-09,1275.2,1275.2,1275.2,1275.2,0
1987-03-10,1264,1264,1264,1264,0
1987-03-11,1253.4,1253.4,1253.4,1253.4,0
1987-03-12,1250.2,1250.2,1250.2,1250.2,0
1987-03-13,1243.1,1243.1,1243.1,1243.1,0
1987-03-16,1238.4,1238.4,1238.4,1238.4,0
1987-03-17,1220.8,1220.8,1220.8,1220.8,0
1987-03-18,1214.4,1214.4,1214.4,1214.4,0
1987-03-19,1179.8,1179.8,1179.8,1179.8,0
1987-03-20,1196.1,1196.1,1196.1,1196.1,0
1987-03-23,1217.3,1217.3,1217.3,1217.3,0
1987-03-24,1235.6,1235.6,1235.6,1235.6,0
1987-03-25,1240.5,1240.5,1240.5,1240.5,0
1987-03-26,1270.5,1270.5,1270.5,1270.5,0
1987-03-27,1306.8,1306.8,1306.8,1306.8,0
1987-03-30,1296.8,1296.8,1296.8,1296.8,0
1987-03-31,1301.7,1301.7,1301.7,1301.7,0
1987-04-01,1332.5,1332.5,1332.5,1332.5,0
1987-04-02,1334.3,1334.3,1334.3,1334.3,0
1987-04-03,1335.3,1335.3,1335.3,1335.3,0
1987-04-06,1358.2,1358.2,1358.2,1358.2,0
1987-04-07,1331.3,1331.3,1331.3,1331.3,0
1987-04-08,1337.4,1337.4,1337.4,1337.4,0
1987-04-09,1327.4,1327.4,1327.4,1327.4,0
1987-04-10,1298,1298,1298,1298,0
1987-04-13,1282.2,1282.2,1282.2,1282.2,0
1987-04-14,1300,1300,1300,1300,0
1987-04-15,1312.1,1312.1,1312.1,1312.1,0
1987-04-16,1323.3,1323.3,1323.3,1323.3,0
1987-04-21,1312.6,1312.6,1312.6,1312.6,0
1987-04-22,1343.7,1343.7,1343.7,1343.7,0
1987-04-23,1336.1,1336.1,1336.1,1336.1,0
1987-04-24,1315.2,1315.2,1315.2,1315.2,0
1987-04-27,1282.1,1282.1,1282.1,1282.1,0
1987-04-28,1310.5,1310.5,1310.5,1310.5,0
1987-04-29,1314.4,1314.4,1314.4,1314.4,0
1987-04-30,1308.1,1308.1,1308.1,1308.1,0
1987-05-04,1309.6,1309.6,1309.6,1309.6,0
1987-05-05,1311.4,1311.4,1311.4,1311.4,0
1987-05-06,1326.7,1326.7,1326.7,1326.7,0
1987-05-07,1328.9,1328.9,1328.9,1328.9,0
1987-05-08,1325,1325,1325,1325,0
1987-05-11,1323.4,1323.4,1323.4,1323.4,0
1987-05-12,1314.1,1314.1,1314.1,1314.1,0
1987-05-13,1324.9,1324.9,1324.9,1324.9,0
1987-05-14,1312.5,1312.5,1312.5,1312.5,0
1987-05-15,1310.8,1310.8,1310.8,1310.8,0
1987-05-18,1294.8,1294.8,1294.8,1294.8,0
1987-05-19,1299.2,1299.2,1299.2,1299.2,0
1987-05-20,1271,1271,1271,1271,0
1987-05-21,1283.2,1283.2,1283.2,1283.2,0
1987-05-22,1283.3,1283.3,1283.3,1283.3,0
1987-05-25,1280.7,1280.7,1280.7,1280.7,0
1987-05-26,1293,1293,1293,1293,0
1987-05-27,1306.4,1306.4,1306.4,1306.4,0
1987-05-29,1316.4,1316.4,1316.4,1316.4,0
1987-06-01,1328.9,1328.9,1328.9,1328.9,0
1987-06-02,1310.7,1310.7,1310.7,1310.7,0
1987-06-03,1311.8,1311.8,1311.8,1311.8,0
1987-06-04,1306.3,1306.3,1306.3,1306.3,0
1987-06-05,1308.2,1308.2,1308.2,1308.2,0
1987-06-09,1302.5,1302.5,1302.5,1302.5,0
1987-06-10,1303.8,1303.8,1303.8,1303.8,0
1987-06-11,1311.3,1311.3,1311.3,1311.3,0
1987-06-12,1313.2,1313.2,1313.2,1313.2,0
1987-06-15,1339.3,1339.3,1339.3,1339.3,0
1987-06-16,1346.3,1346.3,1346.3,1346.3,0
1987-06-19,1377.7,1377.7,1377.7,1377.7,0
1987-06-22,1390.4,1390.4,1390.4,1390.4,0
1987-06-23,1401.6,1401.6,1401.6,1401.6,0
1987-06-24,1371,1371,1371,1371,0
1987-06-25,1395,1395,1395,1395,0
1987-06-26,1408.6,1408.6,1408.6,1408.6,0
1987-06-29,1397.8,1397.8,1397.8,1397.8,0
1987-06-30,1382.6,1382.6,1382.6,1382.6,0
1987-07-01,1383,1383,1383,1383,0
1987-07-02,1400,1400,1400,1400,0
1987-07-03,1419.3,1419.3,1419.3,1419.3,0
1987-07-06,1408.1,1408.1,1408.1,1408.1,0
1987-07-07,1414.2,1414.2,1414.2,1414.2,0
1987-07-08,1419.2,1419.2,1419.2,1419.2,0
1987-07-09,1411.3,1411.3,1411.3,1411.3,0
1987-07-10,1419.8,1419.8,1419.8,1419.8,0
1987-07-13,1431,1431,1431,1431,0
1987-07-14,1440.5,1440.5,1440.5,1440.5,0
1987-07-15,1462.2,1462.2,1462.2,1462.2,0
1987-07-16,1455.8,1455.8,1455.8,1455.8,0
1987-07-17,1472.6,1472.6,1472.6,1472.6,0
1987-07-20,1483.8,1483.8,1483.8,1483.8,0
1987-07-21,1472.9,1472.9,1472.9,1472.9,0
1987-07-22,1460.3,1460.3,1460.3,1460.3,0
1987-07-23,1443.8,1443.8,1443.8,1443.8,0
1987-07-24,1459.7,1459.7,1459.7,1459.7,0
1987-07-27,1454.5,1454.5,1454.5,1454.5,0
1987-07-28,1468.9,1468.9,1468.9,1468.9,0
1987-07-29,1478.1,1478.1,1478.1,1478.1,0
1987-07-30,1501.9,1501.9,1501.9,1501.9,0
1987-07-31,1510.5,1510.5,1510.5,1510.5,0
1987-08-03,1507.4,1507.4,1507.4,1507.4,0
1987-08-04,1520.2,1520.2,1520.2,1520.2,0
1987-08-05,1536.7,1536.7,1536.7,1536.7,0
1987-08-06,1550.2,1550.2,1550.2,1550.2,0
1987-08-07,1559.5,1559.5,1559.5,1559.5,0
1987-08-10,1553,1553,1553,1553,0
1987-08-11,1559.3,1559.3,1559.3,1559.3,0
1987-08-12,1548.9,1548.9,1548.9,1548.9,0
1987-08-13,1542.8,1542.8,1542.8,1542.8,0
1987-08-14,1563.1,1563.1,1563.1,1563.1,0
1987-08-17,1570.3,1570.3,1570.3,1570.3,0
1987-08-18,1552.7,1552.7,1552.7,1552.7,0
1987-08-19,1530,1530,1530,1530,0
1987-08-20,1544.2,1544.2,1544.2,1544.2,0
1987-08-21,1546.7,1546.7,1546.7,1546.7,0
1987-08-24,1536.1,1536.1,1536.1,1536.1,0
1987-08-25,1529.6,1529.6,1529.6,1529.6,0
1987-08-26,1536.6,1536.6,1536.6,1536.6,0
1987-08-27,1531.8,1531.8,1531.8,1531.8,0
1987-08-28,1540.2,1540.2,1540.2,1540.2,0
1987-08-31,1537.8,1537.8,1537.8,1537.8,0
1987-09-01,1547.7,1547.7,1547.7,1547.7,0
1987-09-02,1537.2,1537.2,1537.2,1537.2,0
1987-09-03,1516.8,1516.8,1516.8,1516.8,0
1987-09-04,1500.2,1500.2,1500.2,1500.2,0
1987-09-07,1471.8,1471.8,1471.8,1471.8,0
1987-09-08,1481.4,1481.4,1481.4,1481.4,0
1987-09-09,1491.9,1491.9,1491.9,1491.9,0
1987-09-10,1507.2,1507.2,1507.2,1507.2,0
1987-09-11,1509.9,1509.9,1509.9,1509.9,0
1987-09-14,1531.1,1531.1,1531.1,1531.1,0
1987-09-15,1524.8,1524.8,1524.8,1524.8,0
1987-09-16,1515.4,1515.4,1515.4,1515.4,0
1987-09-17,1509.7,1509.7,1509.7,1509.7,0
1987-09-18,1502.6,1502.6,1502.6,1502.6,0
1987-09-21,1496.9,1496.9,1496.9,1496.9,0
1987-09-22,1495.7,1495.7,1495.7,1495.7,0
1987-09-23,1503.1,1503.1,1503.1,1503.1,0
1987-09-24,1498.3,1498.3,1498.3,1498.3,0
1987-09-25,1492.6,1492.6,1492.6,1492.6,0
1987-09-28,1493.2,1493.2,1493.2,1493.2,0
1987-09-29,1505.3,1505.3,1505.3,1505.3,0
1987-09-30,1500.2,1500.2,1500.2,1500.2,0
1987-10-01,1520,1520,1520,1520,0
1987-10-02,1543.1,1543.1,1543.1,1543.1,0
1987-10-05,1538.1,1538.1,1538.1,1538.1,0
1987-10-06,1525.2,1525.2,1525.2,1525.2,0
1987-10-07,1517.6,1517.6,1517.6,1517.6,0
1987-10-08,1519.8,1519.8,1519.8,1519.8,0
1987-10-09,1478.9,1478.9,1478.9,1478.9,0
1987-10-12,1480.2,1480.2,1480.2,1480.2,0
1987-10-13,1500.9,1500.9,1500.9,1500.9,0
1987-10-14,1497.4,1497.4,1497.4,1497.4,0
1987-10-15,1460.6,1460.6,1460.6,1460.6,0
1987-10-16,1458.5,1458.5,1458.5,1458.5,0
1987-10-19,1321.6,1321.6,1321.6,1321.6,0
1987-10-20,1302.8,1302.8,1302.8,1302.8,0
1987-10-21,1379.5,1379.5,1379.5,1379.5,0
1987-10-22,1287.6,1287.6,1287.6,1287.6,0
1987-10-23,1292.7,1292.7,1292.7,1292.7,0
1987-10-26,1193.3,1193.3,1193.3,1193.3,0
1987-10-27,1225.5,1225.5,1225.5,1225.5,0
1987-10-28,1142.2,1142.2,1142.2,1142.2,0
1987-10-29,1104.4,1104.4,1104.4,1104.4,0
1987-10-30,1177.4,1177.4,1177.4,1177.4,0
1987-11-02,1163.9,1163.9,1163.9,1163.9,0
1987-11-03,1130,1130,1130,1130,0
1987-11-04,1097.5,1097.5,1097.5,1097.5,0
1987-11-05,1093.4,1093.4,1093.4,1093.4,0
1987-11-06,1067.4,1067.4,1067.4,1067.4,0
1987-11-09,1012.1,1012.1,1012.1,1012.1,0
1987-11-10,945.9,945.9,945.9,945.9,0
1987-11-11,988.2,988.2,988.2,988.2,0
1987-11-12,1061.6,1061.6,1061.6,1061.6,0
1987-11-13,1075.9,1075.9,1075.9,1075.9,0
1987-11-16,1082.7,1082.7,1082.7,1082.7,0
1987-11-17,1063.4,1063.4,1063.4,1063.4,0
1987-11-19,1055.6,1055.6,1055.6,1055.6,0
1987-11-20,1027.3,1027.3,1027.3,1027.3,0
1987-11-23,1037.3,1037.3,1037.3,1037.3,0
1987-11-24,1080.4,1080.4,1080.4,1080.4,0
1987-11-25,1067.2,1067.2,1067.2,1067.2,0
1987-11-26,1058.7,1058.7,1058.7,1058.7,0
1987-11-27,1052.6,1052.6,1052.6,1052.6,0
1987-11-30,1022.8,1022.8,1022.8,1022.8,0
1987-12-01,1030.2,1030.2,1030.2,1030.2,0
1987-12-02,1044.8,1044.8,1044.8,1044.8,0
1987-12-03,1037.9,1037.9,1037.9,1037.9,0
1987-12-04,1003.5,1003.5,1003.5,1003.5,0
1987-12-07,999.2,999.2,999.2,999.2,0
1987-12-08,1016.7,1016.7,1016.7,1016.7,0
1987-12-09,1016.1,1016.1,1016.1,1016.1,0
1987-12-10,1032.3,1032.3,1032.3,1032.3,0
1987-12-11,1017.3,1017.3,1017.3,1017.3,0
1987-12-14,1009.8,1009.8,1009.8,1009.8,0
1987-12-15,1033.1,1033.1,1033.1,1033.1,0
1987-12-16,1051.2,1051.2,1051.2,1051.2,0
1987-12-17,1040.7,1040.7,1040.7,1040.7,0
1987-12-18,1029.9,1029.9,1029.9,1029.9,0
1987-12-21,1045.7,1045.7,1045.7,1045.7,0
1987-12-22,1048.6,1048.6,1048.6,1048.6,0
1987-12-23,1049.8,1049.8,1049.8,1049.8,0
1987-12-28,1009.6,1009.6,1009.6,1009.6,0
1987-12-29,992,992,992,992,0
1987-12-30,1000,1000,1000,1000,0
1988-01-04,943.88,943.88,943.88,943.88,0
1988-01-05,1004.34,1004.34,1004.34,1004.34,0
1988-01-06,1020.16,1020.16,1020.16,1020.16,0
1988-01-07,1009.01,1009.01,1009.01,1009.01,0
1988-01-08,1025.28,1025.28,1025.28,1025.28,0
1988-01-11,989.57,989.57,989.57,989.57,0
1988-01-12,989.49,989.49,989.49,989.49,0
1988-01-13,964.61,964.61,964.61,964.61,0
1988-01-14,965.64,965.64,965.64,965.64,0
1988-01-15,958.15,958.15,958.15,958.15,0
1988-01-18,997.96,997.96,997.96,997.96,0
1988-01-19,982.38,982.38,982.38,982.38,0
1988-01-20,956.78,956.78,956.78,956.78,0
1988-01-21,958.71,958.71,958.71,958.71,0
1988-01-22,971.39,971.39,971.39,971.39,0
1988-01-25,967.08,967.08,967.08,967.08,0
1988-01-26,964.14,964.14,964.14,964.14,0
1988-01-27,951.79,951.79,951.79,951.79,0
1988-01-28,931.18,931.18,931.18,931.18,0
1988-01-29,935.57,935.57,935.57,935.57,0
1988-02-01,958.69,958.69,958.69,958.69,0
1988-02-02,953.55,953.55,953.55,953.55,0
1988-02-03,981.56,981.56,981.56,981.56,0
1988-02-04,984.89,984.89,984.89,984.89,0
1988-02-05,980.46,980.46,980.46,980.46,0
1988-02-08,984.42,984.42,984.42,984.42,0
1988-02-09,988.12,988.12,988.12,988.12,0
1988-02-10,996.39,996.39,996.39,996.39,0
1988-02-11,1029.4,1029.4,1029.4,1029.4,0
1988-02-12,1032.98,1032.98,1032.98,1032.98,0
1988-02-15,1042.85,1042.85,1042.85,1042.85,0
1988-02-16,1062.17,1062.17,1062.17,1062.17,0
1988-02-17,1054.51,1054.51,1054.51,1054.51,0
1988-02-18,1045.28,1045.28,1045.28,1045.28,0
1988-02-19,1050.85,1050.85,1050.85,1050.85,0
1988-02-22,1066.04,1066.04,1066.04,1066.04,0
1988-02-23,1070.4,1070.4,1070.4,1070.4,0
1988-02-24,1074.83,1074.83,1074.83,1074.83,0
1988-02-25,1096.05,1096.05,1096.05,1096.05,0
1988-02-26,1077.69,1077.69,1077.69,1077.69,0
1988-02-29,1079.55,1079.55,1079.55,1079.55,0
1988-03-01,1085.48,1085.48,1085.48,1085.48,0
1988-03-02,1080.75,1080.75,1080.75,1080.75,0
1988-03-03,1084.54,1084.54,1084.54,1084.54,0
1988-03-04,1076.96,1076.96,1076.96,1076.96,0
1988-03-07,1081.44,1081.44,1081.44,1081.44,0
1988-03-08,1072.78,1072.78,1072.78,1072.78,0
1988-03-09,1076.61,1076.61,1076.61,1076.61,0
1988-03-10,1085.64,1085.64,1085.64,1085.64,0
1988-03-11,1074.64,1074.64,1074.64,1074.64,0
1988-03-14,1073.04,1073.04,1073.04,1073.04,0
1988-03-15,1088.02,1088.02,1088.02,1088.02,0
1988-03-16,1101.55,1101.55,1101.55,1101.55,0
1988-03-17,1107.49,1107.49,1107.49,1107.49,0
1988-03-18,1122.07,1122.07,1122.07,1122.07,0
1988-03-21,1112.47,1112.47,1112.47,1112.47,0
1988-03-22,1106.96,1106.96,1106.96,1106.96,0
1988-03-23,1104.09,1104.09,1104.09,1104.09,0
1988-03-24,1090.56,1090.56,1090.56,1090.56,0
1988-03-25,1061.55,1061.55,1061.55,1061.55,0
1988-03-28,1044.28,1044.28,1044.28,1044.28,0
1988-03-29,1066.31,1066.31,1066.31,1066.31,0
1988-03-30,1065.36,1065.36,1065.36,1065.36,0
1988-03-31,1063.17,1063.17,1063.17,1063.17,0
1988-04-05,1061.2,1061.2,1061.2,1061.2,0
1988-04-06,1075.6,1075.6,1075.6,1075.6,0
1988-04-07,1084.73,1084.73,1084.73,1084.73,0
1988-04-08,1076.42,1076.42,1076.42,1076.42,0
1988-04-11,1097.01,1097.01,1097.01,1097.01,0
1988-04-12,1093.63,1093.63,1093.63,1093.63,0
1988-04-13,1094.35,1094.35,1094.35,1094.35,0
1988-04-14,1097.94,1097.94,1097.94,1097.94,0
1988-04-15,1073.04,1073.04,1073.04,1073.04,0
1988-04-18,1073.91,1073.91,1073.91,1073.91,0
1988-04-19,1083.14,1083.14,1083.14,1083.14,0
1988-04-20,1071.21,1071.21,1071.21,1071.21,0
1988-04-21,1066.2,1066.2,1066.2,1066.2,0
1988-04-22,1069.03,1069.03,1069.03,1069.03,0
1988-04-25,1062.95,1062.95,1062.95,1062.95,0
1988-04-26,1055.1,1055.1,1055.1,1055.1,0
1988-04-27,1062.45,1062.45,1062.45,1062.45,0
1988-04-28,1053.54,1053.54,1053.54,1053.54,0
1988-04-29,1054.46,1054.46,1054.46,1054.46,0
1988-05-02,1051.13,1051.13,1051.13,1051.13,0
1988-05-03,1038.59,1038.59,1038.59,1038.59,0
1988-05-04,1051.82,1051.82,1051.82,1051.82,0
1988-05-05,1037.62,1037.62,1037.62,1037.62,0
1988-05-06,1037.47,1037.47,1037.47,1037.47,0
1988-05-09,1019.36,1019.36,1019.36,1019.36,0
1988-05-10,1009.03,1009.03,1009.03,1009.03,0
1988-05-11,1002.41,1002.41,1002.41,1002.41,0
1988-05-13,1017.84,1017.84,1017.84,1017.84,0
1988-05-16,1053.86,1053.86,1053.86,1053.86,0
1988-05-17,1048.39,1048.39,1048.39,1048.39,0
1988-05-18,1037.67,1037.67,1037.67,1037.67,0
1988-05-19,1008.03,1008.03,1008.03,1008.03,0
1988-05-20,1009.37,1009.37,1009.37,1009.37,0
1988-05-24,1030.91,1030.91,1030.91,1030.91,0
1988-05-25,1045.63,1045.63,1045.63,1045.63,0
1988-05-26,1045.01,1045.01,1045.01,1045.01,0
1988-05-27,1055.57,1055.57,1055.57,1055.57,0
1988-05-30,1070,1070,1070,1070,0
1988-05-31,1083.36,1083.36,1083.36,1083.36,0
1988-06-01,1096.47,1096.47,1096.47,1096.47,0
1988-06-03,1102.25,1102.25,1102.25,1102.25,0
1988-06-06,1111.23,1111.23,1111.23,1111.23,0
1988-06-07,1096.01,1096.01,1096.01,1096.01,0
1988-06-08,1105.96,1105.96,1105.96,1105.96,0
1988-06-09,1125.7,1125.7,1125.7,1125.7,0
1988-06-10,1119.15,1119.15,1119.15,1119.15,0
1988-06-13,1120.71,1120.71,1120.71,1120.71,0
1988-06-14,1117.19,1117.19,1117.19,1117.19,0
1988-06-15,1135.82,1135.82,1135.82,1135.82,0
1988-06-16,1118.85,1118.85,1118.85,1118.85,0
1988-06-20,1108.92,1108.92,1108.92,1108.92,0
1988-06-21,1125.06,1125.06,1125.06,1125.06,0
1988-06-22,1141.33,1141.33,1141.33,1141.33,0
1988-06-23,1137.74,1137.74,1137.74,1137.74,0
1988-06-24,1143.5,1143.5,1143.5,1143.5,0
1988-06-27,1129.15,1129.15,1129.15,1129.15,0
1988-06-28,1120.09,1120.09,1120.09,1120.09,0
1988-06-29,1133.84,1133.84,1133.84,1133.84,0
1988-06-30,1140.49,1140.49,1140.49,1140.49,0
1988-07-01,1163.52,1163.52,1163.52,1163.52,0
1988-07-04,1168.15,1168.15,1168.15,1168.15,0
1988-07-05,1178.52,1178.52,1178.52,1178.52,0
1988-07-06,1199.96,1199.96,1199.96,1199.96,0
1988-07-07,1188.59,1188.59,1188.59,1188.59,0
1988-07-08,1197.52,1197.52,1197.52,1197.52,0
1988-07-11,1196.59,1196.59,1196.59,1196.59,0
1988-07-12,1184.85,1184.85,1184.85,1184.85,0
1988-07-13,1172.8,1172.8,1172.8,1172.8,0
1988-07-14,1187.21,1187.21,1187.21,1187.21,0
1988-07-15,1191.13,1191.13,1191.13,1191.13,0
1988-07-18,1179.74,1179.74,1179.74,1179.74,0
1988-07-19,1170.1,1170.1,1170.1,1170.1,0
1988-07-20,1174.62,1174.62,1174.62,1174.62,0
1988-07-21,1165.42,1165.42,1165.42,1165.42,0
1988-07-22,1153.77,1153.77,1153.77,1153.77,0
1988-07-25,1160.46,1160.46,1160.46,1160.46,0
1988-07-26,1176.46,1176.46,1176.46,1176.46,0
1988-07-27,1171.28,1171.28,1171.28,1171.28,0
1988-07-28,1166,1166,1166,1166,0
1988-07-29,1181.72,1181.72,1181.72,1181.72,0
1988-08-01,1189.6,1189.6,1189.6,1189.6,0
1988-08-02,1184.21,1184.21,1184.21,1184.21,0
1988-08-03,1187.67,1187.67,1187.67,1187.67,0
1988-08-04,1183.72,1183.72,1183.72,1183.72,0
1988-08-05,1197.38,1197.38,1197.38,1197.38,0
1988-08-08,1198.76,1198.76,1198.76,1198.76,0
1988-08-09,1196.79,1196.79,1196.79,1196.79,0
1988-08-10,1173.45,1173.45,1173.45,1173.45,0
1988-08-11,1168.14,1168.14,1168.14,1168.14,0
1988-08-12,1173.56,1173.56,1173.56,1173.56,0
1988-08-15,1169.82,1169.82,1169.82,1169.82,0
1988-08-16,1158.76,1158.76,1158.76,1158.76,0
1988-08-17,1182.18,1182.18,1182.18,1182.18,0
1988-08-18,1173.93,1173.93,1173.93,1173.93,0
1988-08-19,1170.78,1170.78,1170.78,1170.78,0
1988-08-22,1167.99,1167.99,1167.99,1167.99,0
1988-08-23,1155.97,1155.97,1155.97,1155.97,0
1988-08-24,1161.27,1161.27,1161.27,1161.27,0
1988-08-25,1162.65,1162.65,1162.65,1162.65,0
1988-08-26,1157.65,1157.65,1157.65,1157.65,0
1988-08-29,1152.38,1152.38,1152.38,1152.38,0
1988-08-30,1165.53,1165.53,1165.53,1165.53,0
1988-08-31,1165.36,1165.36,1165.36,1165.36,0
1988-09-01,1152.99,1152.99,1152.99,1152.99,0
1988-09-02,1157.29,1157.29,1157.29,1157.29,0
1988-09-05,1174.87,1174.87,1174.87,1174.87,0
1988-09-06,1179.76,1179.76,1179.76,1179.76,0
1988-09-07,1185.74,1185.74,1185.74,1185.74,0
1988-09-08,1185.35,1185.35,1185.35,1185.35,0
1988-09-09,1186.61,1186.61,1186.61,1186.61,0
1988-09-12,1207.18,1207.18,1207.18,1207.18,0
1988-09-13,1206.72,1206.72,1206.72,1206.72,0
1988-09-14,1224.71,1224.71,1224.71,1224.71,0
1988-09-15,1228.11,1228.11,1228.11,1228.11,0
1988-09-16,1235.05,1235.05,1235.05,1235.05,0
1988-09-19,1252.66,1252.66,1252.66,1252.66,0
1988-09-20,1245.98,1245.98,1245.98,1245.98,0
1988-09-21,1260.99,1260.99,1260.99,1260.99,0
1988-09-22,1253.7,1253.7,1253.7,1253.7,0
1988-09-23,1252.58,1252.58,1252.58,1252.58,0
1988-09-26,1257.03,1257.03,1257.03,1257.03,0
1988-09-27,1248.36,1248.36,1248.36,1248.36,0
1988-09-28,1239.16,1239.16,1239.16,1239.16,0
1988-09-29,1248.71,1248.71,1248.71,1248.71,0
1988-09-30,1252.69,1252.69,1252.69,1252.69,0
1988-10-03,1242.44,1242.44,1242.44,1242.44,0
1988-10-04,1245.58,1245.58,1245.58,1245.58,0
1988-10-05,1252.31,1252.31,1252.31,1252.31,0
1988-10-06,1261.63,1261.63,1261.63,1261.63,0
1988-10-07,1269.36,1269.36,1269.36,1269.36,0
1988-10-10,1286.93,1286.93,1286.93,1286.93,0
1988-10-11,1271.31,1271.31,1271.31,1271.31,0
1988-10-12,1257.94,1257.94,1257.94,1257.94,0
1988-10-13,1269.8,1269.8,1269.8,1269.8,0
1988-10-14,1289.59,1289.59,1289.59,1289.59,0
1988-10-17,1282.99,1282.99,1282.99,1282.99,0
1988-10-18,1295.79,1295.79,1295.79,1295.79,0
1988-10-19,1304.37,1304.37,1304.37,1304.37,0
1988-10-20,1295.21,1295.21,1295.21,1295.21,0
1988-10-21,1289.72,1289.72,1289.72,1289.72,0
1988-10-24,1281.22,1281.22,1281.22,1281.22,0
1988-10-25,1293.72,1293.72,1293.72,1293.72,0
1988-10-26,1310.63,1310.63,1310.63,1310.63,0
1988-10-27,1313.35,1313.35,1313.35,1313.35,0
1988-10-28,1314.98,1314.98,1314.98,1314.98,0
1988-10-31,1300.79,1300.79,1300.79,1300.79,0
1988-11-01,1310.79,1310.79,1310.79,1310.79,0
1988-11-02,1288.55,1288.55,1288.55,1288.55,0
1988-11-03,1280.58,1280.58,1280.58,1280.58,0
1988-11-04,1285.02,1285.02,1285.02,1285.02,0
1988-11-07,1271.13,1271.13,1271.13,1271.13,0
1988-11-08,1287.88,1287.88,1287.88,1287.88,0
1988-11-09,1277.58,1277.58,1277.58,1277.58,0
1988-11-10,1263.34,1263.34,1263.34,1263.34,0
1988-11-11,1252.18,1252.18,1252.18,1252.18,0
1988-11-14,1261.84,1261.84,1261.84,1261.84,0
1988-11-15,1262.54,1262.54,1262.54,1262.54,0
1988-11-16,1262.54,1262.54,1262.54,1262.54,0
1988-11-17,1264.59,1264.59,1264.59,1264.59,0
1988-11-18,1277.55,1277.55,1277.55,1277.55,0
1988-11-21,1284.16,1284.16,1284.16,1284.16,0
1988-11-22,1277.4,1277.4,1277.4,1277.4,0
1988-11-23,1280.87,1280.87,1280.87,1280.87,0
1988-11-24,1279.23,1279.23,1279.23,1279.23,0
1988-11-25,1275.41,1275.41,1275.41,1275.41,0
1988-11-28,1259.13,1259.13,1259.13,1259.13,0
1988-11-29,1262.55,1262.55,1262.55,1262.55,0
1988-11-30,1275.99,1275.99,1275.99,1275.99,0
1988-12-01,1277.98,1277.98,1277.98,1277.98,0
1988-12-02,1275.78,1275.78,1275.78,1275.78,0
1988-12-05,1282.23,1282.23,1282.23,1282.23,0
1988-12-06,1287.94,1287.94,1287.94,1287.94,0
1988-12-07,1299.57,1299.57,1299.57,1299.57,0
1988-12-08,1296.53,1296.53,1296.53,1296.53,0
1988-12-09,1301.43,1301.43,1301.43,1301.43,0
1988-12-12,1292.69,1292.69,1292.69,1292.69,0
1988-12-13,1290.63,1290.63,1290.63,1290.63,0
1988-12-14,1286.61,1286.61,1286.61,1286.61,0
1988-12-15,1285.33,1285.33,1285.33,1285.33,0
1988-12-16,1296.31,1296.31,1296.31,1296.31,0
1988-12-19,1315.98,1315.98,1315.98,1315.98,0
1988-12-20,1333.04,1333.04,1333.04,1333.04,0
1988-12-21,1321.01,1321.01,1321.01,1321.01,0
1988-12-22,1324.15,1324.15,1324.15,1324.15,0
1988-12-23,1328.46,1328.46,1328.46,1328.46,0
1988-12-27,1340.41,1340.41,1340.41,1340.41,0
1988-12-28,1333.74,1333.74,1333.74,1333.74,0
1988-12-29,1327.87,1327.87,1327.87,1327.87,0
1989-01-02,1335.01,1335.01,1335.01,1335.01,0
1989-01-03,1359.33,1359.33,1359.33,1359.33,0
1989-01-04,1365.08,1365.08,1365.08,1365.08,0
1989-01-05,1371.1,1371.1,1371.1,1371.1,0
1989-01-06,1359.98,1359.98,1359.98,1359.98,0
1989-01-09,1366.55,1366.55,1366.55,1366.55,0
1989-01-10,1345.91,1345.91,1345.91,1345.91,0
1989-01-11,1353.42,1353.42,1353.42,1353.42,0
1989-01-12,1358.74,1358.74,1358.74,1358.74,0
1989-01-13,1353.25,1353.25,1353.25,1353.25,0
1989-01-16,1344.11,1344.11,1344.11,1344.11,0
1989-01-17,1316.66,1316.66,1316.66,1316.66,0
1989-01-18,1323.68,1323.68,1323.68,1323.68,0
1989-01-19,1335.15,1335.15,1335.15,1335.15,0
1989-01-20,1323.14,1323.14,1323.14,1323.14,0
1989-01-23,1318.21,1318.21,1318.21,1318.21,0
1989-01-24,1334.18,1334.18,1334.18,1334.18,0
1989-01-25,1341.03,1341.03,1341.03,1341.03,0
1989-01-26,1329.73,1329.73,1329.73,1329.73,0
1989-01-27,1343.58,1343.58,1343.58,1343.58,0
1989-01-30,1328.37,1328.37,1328.37,1328.37,0
1989-01-31,1312.73,1312.73,1312.73,1312.73,0
1989-02-01,1300.52,1300.52,1300.52,1300.52,0
1989-02-02,1319.56,1319.56,1319.56,1319.56,0
1989-02-03,1326.36,1326.36,1326.36,1326.36,0
1989-02-06,1345.04,1345.04,1345.04,1345.04,0
1989-02-07,1344.94,1344.94,1344.94,1344.94,0
1989-02-08,1359.88,1359.88,1359.88,1359.88,0
1989-02-09,1347.42,1347.42,1347.42,1347.42,0
1989-02-10,1353.22,1353.22,1353.22,1353.22,0
1989-02-13,1333.77,1333.77,1333.77,1333.77,0
1989-02-14,1331.47,1331.47,1331.47,1331.47,0
1989-02-15,1317.32,1317.32,1317.32,1317.32,0
1989-02-16,1317.91,1317.91,1317.91,1317.91,0
1989-02-17,1315.09,1315.09,1315.09,1315.09,0
1989-02-20,1319.91,1319.91,1319.91,1319.91,0
1989-02-21,1307.52,1307.52,1307.52,1307.52,0
1989-02-22,1292.17,1292.17,1292.17,1292.17,0
1989-02-23,1271.7,1271.7,1271.7,1271.7,0
1989-02-24,1288.04,1288.04,1288.04,1288.04,0
1989-02-27,1276.8,1276.8,1276.8,1276.8,0
1989-02-28,1288.66,1288.66,1288.66,1288.66,0
1989-03-01,1307.25,1307.25,1307.25,1307.25,0
1989-03-02,1309.27,1309.27,1309.27,1309.27,0
1989-03-03,1325.82,1325.82,1325.82,1325.82,0
1989-03-06,1337.66,1337.66,1337.66,1337.66,0
1989-03-07,1324.06,1324.06,1324.06,1324.06,0
1989-03-08,1317.77,1317.77,1317.77,1317.77,0
1989-03-09,1319.42,1319.42,1319.42,1319.42,0
1989-03-10,1318.51,1318.51,1318.51,1318.51,0
1989-03-13,1313.55,1313.55,1313.55,1313.55,0
1989-03-14,1329.5,1329.5,1329.5,1329.5,0
1989-03-15,1334.75,1334.75,1334.75,1334.75,0
1989-03-16,1323.64,1323.64,1323.64,1323.64,0
1989-03-17,1322.69,1322.69,1322.69,1322.69,0
1989-03-20,1303.36,1303.36,1303.36,1303.36,0
1989-03-21,1303.28,1303.28,1303.28,1303.28,0
1989-03-22,1303.67,1303.67,1303.67,1303.67,0
1989-03-23,1306.77,1306.77,1306.77,1306.77,0
1989-03-28,1306.47,1306.47,1306.47,1306.47,0
1989-03-29,1309.26,1309.26,1309.26,1309.26,0
1989-03-30,1315.47,1315.47,1315.47,1315.47,0
1989-03-31,1322.66,1322.66,1322.66,1322.66,0
1989-04-03,1344.35,1344.35,1344.35,1344.35,0
1989-04-04,1339.79,1339.79,1339.79,1339.79,0
1989-04-05,1348.8,1348.8,1348.8,1348.8,0
1989-04-06,1345.5,1345.5,1345.5,1345.5,0
1989-04-07,1348.02,1348.02,1348.02,1348.02,0
1989-04-10,1359.22,1359.22,1359.22,1359.22,0
1989-04-11,1369.35,1369.35,1369.35,1369.35,0
1989-04-12,1381.66,1381.66,1381.66,1381.66,0
1989-04-13,1387.76,1387.76,1387.76,1387.76,0
1989-04-14,1384.03,1384.03,1384.03,1384.03,0
1989-04-17,1394.62,1394.62,1394.62,1394.62,0
1989-04-18,1394.14,1394.14,1394.14,1394.14,0
1989-04-19,1388.53,1388.53,1388.53,1388.53,0
1989-04-20,1389.91,1389.91,1389.91,1389.91,0
1989-04-21,1376.21,1376.21,1376.21,1376.21,0
1989-04-24,1368.38,1368.38,1368.38,1368.38,0
1989-04-25,1372.42,1372.42,1372.42,1372.42,0
1989-04-26,1373.04,1373.04,1373.04,1373.04,0
1989-04-27,1369.57,1369.57,1369.57,1369.57,0
1989-04-28,1370.9,1370.9,1370.9,1370.9,0
1989-05-02,1362.54,1362.54,1362.54,1362.54,0
1989-05-03,1368.6,1368.6,1368.6,1368.6,0
1989-05-05,1380.46,1380.46,1380.46,1380.46,0
1989-05-08,1380.07,1380.07,1380.07,1380.07,0
1989-05-09,1366.2,1366.2,1366.2,1366.2,0
1989-05-10,1365.78,1365.78,1365.78,1365.78,0
1989-05-11,1358.79,1358.79,1358.79,1358.79,0
1989-05-12,1347.84,1347.84,1347.84,1347.84,0
1989-05-16,1339.75,1339.75,1339.75,1339.75,0
1989-05-17,1345.64,1345.64,1345.64,1345.64,0
1989-05-18,1343.98,1343.98,1343.98,1343.98,0
1989-05-19,1350.41,1350.41,1350.41,1350.41,0
1989-05-22,1345.1,1345.1,1345.1,1345.1,0
1989-05-23,1352.56,1352.56,1352.56,1352.56,0
1989-05-24,1372.09,1372.09,1372.09,1372.09,0
1989-05-26,1375.94,1375.94,1375.94,1375.94,0
1989-05-29,1385.57,1385.57,1385.57,1385.57,0
1989-05-30,1403.17,1403.17,1403.17,1403.17,0
1989-05-31,1407.29,1407.29,1407.29,1407.29,0
1989-06-01,1413,1413,1413,1413,0
1989-06-02,1419.71,1419.71,1419.71,1419.71,0
1989-06-05,1419.13,1419.13,1419.13,1419.13,0
1989-06-06,1413.78,1413.78,1413.78,1413.78,0
1989-06-07,1432.66,1432.66,1432.66,1432.66,0
1989-06-08,1438.73,1438.73,1438.73,1438.73,0
1989-06-09,1437.29,1437.29,1437.29,1437.29,0
1989-06-12,1436.67,1436.67,1436.67,1436.67,0
1989-06-13,1429.11,1429.11,1429.11,1429.11,0
1989-06-14,1433.43,1433.43,1433.43,1433.43,0
1989-06-15,1426.66,1426.66,1426.66,1426.66,0
1989-06-16,1426.54,1426.54,1426.54,1426.54,0
1989-06-19,1456.99,1456.99,1456.99,1456.99,0
1989-06-20,1472.11,1472.11,1472.11,1472.11,0
1989-06-21,1474.61,1474.61,1474.61,1474.61,0
1989-06-22,1483.83,1483.83,1483.83,1483.83,0
1989-06-23,1491.2,1491.2,1491.2,1491.2,0
1989-06-26,1487.75,1487.75,1487.75,1487.75,0
1989-06-27,1477.89,1477.89,1477.89,1477.89,0
1989-06-28,1491.39,1491.39,1491.39,1491.39,0
1989-06-29,1491.93,1491.93,1491.93,1491.93,0
1989-06-30,1473.72,1473.72,1473.72,1473.72,0
1989-07-03,1492.33,1492.33,1492.33,1492.33,0
1989-07-04,1505.67,1505.67,1505.67,1505.67,0
1989-07-05,1495.75,1495.75,1495.75,1495.75,0
1989-07-06,1493.29,1493.29,1493.29,1493.29,0
1989-07-07,1510.63,1510.63,1510.63,1510.63,0
1989-07-10,1512.78,1512.78,1512.78,1512.78,0
1989-07-11,1508.49,1508.49,1508.49,1508.49,0
1989-07-12,1503.93,1503.93,1503.93,1503.93,0
1989-07-13,1516.54,1516.54,1516.54,1516.54,0
1989-07-14,1530.46,1530.46,1530.46,1530.46,0
1989-07-17,1522.99,1522.99,1522.99,1522.99,0
1989-07-18,1520.65,1520.65,1520.65,1520.65,0
1989-07-19,1540.4,1540.4,1540.4,1540.4,0
1989-07-20,1550.82,1550.82,1550.82,1550.82,0
1989-07-21,1555.4,1555.4,1555.4,1555.4,0
1989-07-24,1543.3,1543.3,1543.3,1543.3,0
1989-07-25,1555.83,1555.83,1555.83,1555.83,0
1989-07-26,1568.52,1568.52,1568.52,1568.52,0
1989-07-27,1567.05,1567.05,1567.05,1567.05,0
1989-07-28,1553.27,1553.27,1553.27,1553.27,0
1989-07-31,1554.16,1554.16,1554.16,1554.16,0
1989-08-01,1578.91,1578.91,1578.91,1578.91,0
1989-08-02,1587.35,1587.35,1587.35,1587.35,0
1989-08-03,1574.88,1574.88,1574.88,1574.88,0
1989-08-04,1590.3,1590.3,1590.3,1590.3,0
1989-08-07,1592.03,1592.03,1592.03,1592.03,0
1989-08-08,1603.59,1603.59,1603.59,1603.59,0
1989-08-09,1608.71,1608.71,1608.71,1608.71,0
1989-08-10,1609.93,1609.93,1609.93,1609.93,0
1989-08-11,1608.6,1608.6,1608.6,1608.6,0
1989-08-14,1584.37,1584.37,1584.37,1584.37,0
1989-08-15,1573.65,1573.65,1573.65,1573.65,0
1989-08-16,1581.04,1581.04,1581.04,1581.04,0
1989-08-17,1576.16,1576.16,1576.16,1576.16,0
1989-08-18,1575.77,1575.77,1575.77,1575.77,0
1989-08-21,1603.01,1603.01,1603.01,1603.01,0
1989-08-22,1600.62,1600.62,1600.62,1600.62,0
1989-08-23,1586.48,1586.48,1586.48,1586.48,0
1989-08-24,1592.04,1592.04,1592.04,1592.04,0
1989-08-25,1604.38,1604.38,1604.38,1604.38,0
1989-08-28,1595.87,1595.87,1595.87,1595.87,0
1989-08-29,1597.24,1597.24,1597.24,1597.24,0
1989-08-30,1585.98,1585.98,1585.98,1585.98,0
1989-08-31,1597.85,1597.85,1597.85,1597.85,0
1989-09-01,1608.33,1608.33,1608.33,1608.33,0
1989-09-04,1623.98,1623.98,1623.98,1623.98,0
1989-09-05,1637.47,1637.47,1637.47,1637.47,0
1989-09-06,1633.55,1633.55,1633.55,1633.55,0
1989-09-07,1641.19,1641.19,1641.19,1641.19,0
1989-09-08,1657.61,1657.61,1657.61,1657.61,0
1989-09-11,1641.93,1641.93,1641.93,1641.93,0
1989-09-12,1625.9,1625.9,1625.9,1625.9,0
1989-09-13,1609.66,1609.66,1609.66,1609.66,0
1989-09-14,1612.25,1612.25,1612.25,1612.25,0
1989-09-15,1595.31,1595.31,1595.31,1595.31,0
1989-09-18,1605.11,1605.11,1605.11,1605.11,0
1989-09-19,1614.16,1614.16,1614.16,1614.16,0
1989-09-20,1612.87,1612.87,1612.87,1612.87,0
1989-09-21,1611.42,1611.42,1611.42,1611.42,0
1989-09-22,1628.8,1628.8,1628.8,1628.8,0
1989-09-25,1635.93,1635.93,1635.93,1635.93,0
1989-09-26,1609.03,1609.03,1609.03,1609.03,0
1989-09-27,1590.62,1590.62,1590.62,1590.62,0
1989-09-28,1585.75,1585.75,1585.75,1585.75,0
1989-09-29,1574.37,1574.37,1574.37,1574.37,0
1989-10-02,1577.8,1577.8,1577.8,1577.8,0
1989-10-03,1602.4,1602.4,1602.4,1602.4,0
1989-10-04,1613.27,1613.27,1613.27,1613.27,0
1989-10-05,1616.21,1616.21,1616.21,1616.21,0
1989-10-06,1624.86,1624.86,1624.86,1624.86,0
1989-10-09,1639.55,1639.55,1639.55,1639.55,0
1989-10-10,1636.41,1636.41,1636.41,1636.41,0
1989-10-11,1604.05,1604.05,1604.05,1604.05,0
1989-10-12,1612.78,1612.78,1612.78,1612.78,0
1989-10-13,1589.28,1589.28,1589.28,1589.28,0
1989-10-16,1385.72,1385.72,1385.72,1385.72,0
1989-10-17,1475.44,1475.44,1475.44,1475.44,0
1989-10-18,1491.14,1491.14,1491.14,1491.14,0
1989-10-19,1526.6,1526.6,1526.6,1526.6,0
1989-10-20,1524.21,1524.21,1524.21,1524.21,0
1989-10-23,1523.22,1523.22,1523.22,1523.22,0
1989-10-24,1507.37,1507.37,1507.37,1507.37,0
1989-10-25,1481.08,1481.08,1481.08,1481.08,0
1989-10-26,1482.62,1482.62,1482.62,1482.62,0
1989-10-27,1462.93,1462.93,1462.93,1462.93,0
1989-10-30,1466.29,1466.29,1466.29,1466.29,0
1989-10-31,1472.76,1472.76,1472.76,1472.76,0
1989-11-01,1476.19,1476.19,1476.19,1476.19,0
1989-11-02,1460.01,1460.01,1460.01,1460.01,0
1989-11-03,1449.9,1449.9,1449.9,1449.9,0
1989-11-06,1454.38,1454.38,1454.38,1454.38,0
1989-11-07,1428.07,1428.07,1428.07,1428.07,0
1989-11-08,1441.79,1441.79,1441.79,1441.79,0
1989-11-09,1462.96,1462.96,1462.96,1462.96,0
1989-11-10,1496.69,1496.69,1496.69,1496.69,0
1989-11-13,1530.96,1530.96,1530.96,1530.96,0
1989-11-14,1503.85,1503.85,1503.85,1503.85,0
1989-11-15,1498.06,1498.06,1498.06,1498.06,0
1989-11-16,1529.58,1529.58,1529.58,1529.58,0
1989-11-17,1531.52,1531.52,1531.52,1531.52,0
1989-11-20,1532.7,1532.7,1532.7,1532.7,0
1989-11-21,1514.09,1514.09,1514.09,1514.09,0
1989-11-22,1514.09,1514.09,1514.09,1514.09,0
1989-11-23,1534.68,1534.68,1534.68,1534.68,0
1989-11-24,1555.51,1555.51,1555.51,1555.51,0
1989-11-27,1554.37,1554.37,1554.37,1554.37,0
1989-11-28,1550.4,1550.4,1550.4,1550.4,0
1989-11-29,1562.27,1562.27,1562.27,1562.27,0
1989-11-30,1577.43,1577.43,1577.43,1577.43,0
1989-12-01,1612.44,1612.44,1612.44,1612.44,0
1989-12-04,1634.31,1634.31,1634.31,1634.31,0
1989-12-05,1626.61,1626.61,1626.61,1626.61,0
1989-12-06,1658.35,1658.35,1658.35,1658.35,0
1989-12-07,1664.08,1664.08,1664.08,1664.08,0
1989-12-08,1650.79,1650.79,1650.79,1650.79,0
1989-12-11,1653.7,1653.7,1653.7,1653.7,0
1989-12-12,1653.07,1653.07,1653.07,1653.07,0
1989-12-13,1638.54,1638.54,1638.54,1638.54,0
1989-12-14,1625.77,1625.77,1625.77,1625.77,0
1989-12-15,1627.43,1627.43,1627.43,1627.43,0
1989-12-18,1634.57,1634.57,1634.57,1634.57,0
1989-12-19,1647.5,1647.5,1647.5,1647.5,0
1989-12-20,1675.01,1675.01,1675.01,1675.01,0
1989-12-21,1676.47,1676.47,1676.47,1676.47,0
1989-12-22,1696.38,1696.38,1696.38,1696.38,0
1989-12-26,1676.47,1676.47,1676.47,1676.47,0
1989-12-27,1771.44,1771.44,1771.44,1771.44,0
1989-12-28,1790.37,1790.37,1790.37,1790.37,0
1989-12-29,1790.37,1790.37,1790.37,1790.37,0
1990-01-02,1814.38,1814.38,1814.38,1814.38,0
1990-01-03,1869.66,1869.66,1869.66,1869.66,0
1990-01-04,1835.88,1835.88,1835.88,1835.88,0
1990-01-05,1820,1820,1820,1820,0
1990-01-08,1843.23,1843.23,1843.23,1843.23,0
1990-01-09,1865.94,1865.94,1865.94,1865.94,0
1990-01-10,1839.63,1839.63,1839.63,1839.63,0
1990-01-11,1855.83,1855.83,1855.83,1855.83,0
1990-01-12,1855.66,1855.66,1855.66,1855.66,0
1990-01-15,1841.61,1841.61,1841.61,1841.61,0
1990-01-16,1788.68,1788.68,1788.68,1788.68,0
1990-01-17,1802.48,1802.48,1802.48,1802.48,0
1990-01-18,1779.17,1779.17,1779.17,1779.17,0
1990-01-19,1773.56,1773.56,1773.56,1773.56,0
1990-01-22,1779.3,1779.3,1779.3,1779.3,0
1990-01-23,1801.52,1801.52,1801.52,1801.52,0
1990-01-24,1756.41,1756.41,1756.41,1756.41,0
1990-01-25,1787.59,1787.59,1787.59,1787.59,0
1990-01-26,1794.14,1794.14,1794.14,1794.14,0
1990-01-29,1811.55,1811.55,1811.55,1811.55,0
1990-01-30,1812.9,1812.9,1812.9,1812.9,0
1990-01-31,1822.78,1822.78,1822.78,1822.78,0
1990-02-01,1858.08,1858.08,1858.08,1858.08,0
1990-02-02,1910.67,1910.67,1910.67,1910.67,0
1990-02-05,1939.43,1939.43,1939.43,1939.43,0
1990-02-06,1937.72,1937.72,1937.72,1937.72,0
1990-02-07,1904.96,1904.96,1904.96,1904.96,0
1990-02-08,1915.79,1915.79,1915.79,1915.79,0
1990-02-09,1885.89,1885.89,1885.89,1885.89,0
1990-02-12,1860.39,1860.39,1860.39,1860.39,0
1990-02-13,1840.98,1840.98,1840.98,1840.98,0
1990-02-14,1832.23,1832.23,1832.23,1832.23,0
1990-02-15,1850.96,1850.96,1850.96,1850.96,0
1990-02-16,1893.66,1893.66,1893.66,1893.66,0
1990-02-19,1869.19,1869.19,1869.19,1869.19,0
1990-02-20,1823.81,1823.81,1823.81,1823.81,0
1990-02-21,1807.19,1807.19,1807.19,1807.19,0
1990-02-22,1820.15,1820.15,1820.15,1820.15,0
1990-02-23,1789.64,1789.64,1789.64,1789.64,0
1990-02-26,1776.04,1776.04,1776.04,1776.04,0
1990-02-27,1804.32,1804.32,1804.32,1804.32,0
1990-02-28,1809.92,1809.92,1809.92,1809.92,0
1990-03-01,1787.87,1787.87,1787.87,1787.87,0
1990-03-02,1818.23,1818.23,1818.23,1818.23,0
1990-03-05,1833.16,1833.16,1833.16,1833.16,0
1990-03-06,1822.22,1822.22,1822.22,1822.22,0
1990-03-07,1844.72,1844.72,1844.72,1844.72,0
1990-03-08,1860.92,1860.92,1860.92,1860.92,0
1990-03-09,1858.74,1858.74,1858.74,1858.74,0
1990-03-12,1846.08,1846.08,1846.08,1846.08,0
1990-03-13,1867.48,1867.48,1867.48,1867.48,0
1990-03-14,1862.84,1862.84,1862.84,1862.84,0
1990-03-15,1879.36,1879.36,1879.36,1879.36,0
1990-03-16,1889.69,1889.69,1889.69,1889.69,0
1990-03-19,1906.77,1906.77,1906.77,1906.77,0
1990-03-20,1908.83,1908.83,1908.83,1908.83,0
1990-03-21,1937.99,1937.99,1937.99,1937.99,0
1990-03-22,1918.98,1918.98,1918.98,1918.98,0
1990-03-23,1932.12,1932.12,1932.12,1932.12,0
1990-03-26,1939.53,1939.53,1939.53,1939.53,0
1990-03-27,1924,1924,1924,1924,0
1990-03-28,1928.6,1928.6,1928.6,1928.6,0
1990-03-29,1953.89,1953.89,1953.89,1953.89,0
1990-03-30,1968.55,1968.55,1968.55,1968.55,0
1990-04-02,1931.3,1931.3,1931.3,1931.3,0
1990-04-03,1968.33,1968.33,1968.33,1968.33,0
1990-04-04,1963.25,1963.25,1963.25,1963.25,0
1990-04-05,1958.39,1958.39,1958.39,1958.39,0
1990-04-06,1947.84,1947.84,1947.84,1947.84,0
1990-04-09,1923.86,1923.86,1923.86,1923.86,0
1990-04-10,1898.51,1898.51,1898.51,1898.51,0
1990-04-11,1893.77,1893.77,1893.77,1893.77,0
1990-04-12,1918.17,1918.17,1918.17,1918.17,0
1990-04-17,1914.35,1914.35,1914.35,1914.35,0
1990-04-18,1889.76,1889.76,1889.76,1889.76,0
1990-04-19,1878.87,1878.87,1878.87,1878.87,0
1990-04-20,1884.33,1884.33,1884.33,1884.33,0
1990-04-23,1837.5,1837.5,1837.5,1837.5,0
1990-04-24,1830.53,1830.53,1830.53,1830.53,0
1990-04-25,1843.31,1843.31,1843.31,1843.31,0
1990-04-26,1827.07,1827.07,1827.07,1827.07,0
1990-04-27,1825.52,1825.52,1825.52,1825.52,0
1990-04-30,1813.25,1813.25,1813.25,1813.25,0
1990-05-02,1843.41,1843.41,1843.41,1843.41,0
1990-05-03,1881.79,1881.79,1881.79,1881.79,0
1990-05-04,1912.89,1912.89,1912.89,1912.89,0
1990-05-07,1934.95,1934.95,1934.95,1934.95,0
1990-05-08,1899.28,1899.28,1899.28,1899.28,0
1990-05-09,1896.55,1896.55,1896.55,1896.55,0
1990-05-10,1893.42,1893.42,1893.42,1893.42,0
1990-05-11,1875.03,1875.03,1875.03,1875.03,0
1990-05-14,1860.33,1860.33,1860.33,1860.33,0
1990-05-15,1851.25,1851.25,1851.25,1851.25,0
1990-05-16,1841.77,1841.77,1841.77,1841.77,0
1990-05-17,1841.58,1841.58,1841.58,1841.58,0
1990-05-18,1843.59,1843.59,1843.59,1843.59,0
1990-05-21,1811.18,1811.18,1811.18,1811.18,0
1990-05-22,1813.26,1813.26,1813.26,1813.26,0
1990-05-23,1831.8,1831.8,1831.8,1831.8,0
1990-05-25,1823.17,1823.17,1823.17,1823.17,0
1990-05-28,1828.96,1828.96,1828.96,1828.96,0
1990-05-29,1842.74,1842.74,1842.74,1842.74,0
1990-05-30,1840.54,1840.54,1840.54,1840.54,0
1990-05-31,1844.81,1844.81,1844.81,1844.81,0
1990-06-01,1856.95,1856.95,1856.95,1856.95,0
1990-06-05,1876.69,1876.69,1876.69,1876.69,0
1990-06-06,1849.02,1849.02,1849.02,1849.02,0
1990-06-07,1837.43,1837.43,1837.43,1837.43,0
1990-06-08,1822.23,1822.23,1822.23,1822.23,0
1990-06-11,1809.66,1809.66,1809.66,1809.66,0
1990-06-12,1800.36,1800.36,1800.36,1800.36,0
1990-06-13,1787.39,1787.39,1787.39,1787.39,0
1990-06-15,1792.26,1792.26,1792.26,1792.26,0
1990-06-18,1797.42,1797.42,1797.42,1797.42,0
1990-06-19,1836.74,1836.74,1836.74,1836.74,0
1990-06-20,1849.55,1849.55,1849.55,1849.55,0
1990-06-21,1863.57,1863.57,1863.57,1863.57,0
1990-06-22,1872.92,1872.92,1872.92,1872.92,0
1990-06-25,1896.21,1896.21,1896.21,1896.21,0
1990-06-26,1890.36,1890.36,1890.36,1890.36,0
1990-06-27,1901.46,1901.46,1901.46,1901.46,0
1990-06-28,1895.17,1895.17,1895.17,1895.17,0
1990-06-29,1879.9,1879.9,1879.9,1879.9,0
1990-07-02,1915.3,1915.3,1915.3,1915.3,0
1990-07-03,1906.23,1906.23,1906.23,1906.23,0
1990-07-04,1925.13,1925.13,1925.13,1925.13,0
1990-07-05,1914.18,1914.18,1914.18,1914.18,0
1990-07-06,1932.8,1932.8,1932.8,1932.8,0
1990-07-09,1923.86,1923.86,1923.86,1923.86,0
1990-07-10,1909.63,1909.63,1909.63,1909.63,0
1990-07-11,1917.89,1917.89,1917.89,1917.89,0
1990-07-12,1916.22,1916.22,1916.22,1916.22,0
1990-07-13,1931.33,1931.33,1931.33,1931.33,0
1990-07-16,1932.86,1932.86,1932.86,1932.86,0
1990-07-17,1929,1929,1929,1929,0
1990-07-18,1966.04,1966.04,1966.04,1966.04,0
1990-07-19,1957.24,1957.24,1957.24,1957.24,0
1990-07-20,1947.43,1947.43,1947.43,1947.43,0
1990-07-23,1938.04,1938.04,1938.04,1938.04,0
1990-07-24,1921.16,1921.16,1921.16,1921.16,0
1990-07-25,1920.25,1920.25,1920.25,1920.25,0
1990-07-26,1932.89,1932.89,1932.89,1932.89,0
1990-07-27,1919.81,1919.81,1919.81,1919.81,0
1990-07-30,1911.69,1911.69,1911.69,1911.69,0
1990-07-31,1919.12,1919.12,1919.12,1919.12,0
1990-08-01,1892.89,1892.89,1892.89,1892.89,0
1990-08-02,1869.38,1869.38,1869.38,1869.38,0
1990-08-03,1840.94,1840.94,1840.94,1840.94,0
1990-08-06,1740.93,1740.93,1740.93,1740.93,0
1990-08-07,1770.3,1770.3,1770.3,1770.3,0
1990-08-08,1723.63,1723.63,1723.63,1723.63,0
1990-08-09,1755.63,1755.63,1755.63,1755.63,0
1990-08-10,1749.34,1749.34,1749.34,1749.34,0
1990-08-13,1706.05,1706.05,1706.05,1706.05,0
1990-08-14,1715.05,1715.05,1715.05,1715.05,0
1990-08-15,1742.23,1742.23,1742.23,1742.23,0
1990-08-16,1727.42,1727.42,1727.42,1727.42,0
1990-08-17,1665.88,1665.88,1665.88,1665.88,0
1990-08-20,1635.69,1635.69,1635.69,1635.69,0
1990-08-21,1549.96,1549.96,1549.96,1549.96,0
1990-08-22,1575.1,1575.1,1575.1,1575.1,0
1990-08-23,1520.34,1520.34,1520.34,1520.34,0
1990-08-24,1559.04,1559.04,1559.04,1559.04,0
1990-08-27,1654.8,1654.8,1654.8,1654.8,0
1990-08-28,1617.89,1617.89,1617.89,1617.89,0
1990-08-29,1637.66,1637.66,1637.66,1637.66,0
1990-08-30,1638.95,1638.95,1638.95,1638.95,0
1990-08-31,1629.51,1629.51,1629.51,1629.51,0
1990-09-03,1629.22,1629.22,1629.22,1629.22,0
1990-09-04,1590.07,1590.07,1590.07,1590.07,0
1990-09-05,1564.27,1564.27,1564.27,1564.27,0
1990-09-06,1557.12,1557.12,1557.12,1557.12,0
1990-09-07,1562.92,1562.92,1562.92,1562.92,0
1990-09-10,1600.45,1600.45,1600.45,1600.45,0
1990-09-11,1577.42,1577.42,1577.42,1577.42,0
1990-09-12,1598.34,1598.34,1598.34,1598.34,0
1990-09-13,1582.95,1582.95,1582.95,1582.95,0
1990-09-14,1554.07,1554.07,1554.07,1554.07,0
1990-09-17,1541.15,1541.15,1541.15,1541.15,0
1990-09-18,1507.27,1507.27,1507.27,1507.27,0
1990-09-19,1487.54,1487.54,1487.54,1487.54,0
1990-09-20,1457.51,1457.51,1457.51,1457.51,0
1990-09-21,1446.57,1446.57,1446.57,1446.57,0
1990-09-24,1416.05,1416.05,1416.05,1416.05,0
1990-09-25,1353.4,1353.4,1353.4,1353.4,0
1990-09-26,1381.99,1381.99,1381.99,1381.99,0
1990-09-27,1354.08,1354.08,1354.08,1354.08,0
1990-09-28,1334.89,1334.89,1334.89,1334.89,0
1990-10-01,1420.73,1420.73,1420.73,1420.73,0
1990-10-02,1444.89,1444.89,1444.89,1444.89,0
1990-10-04,1421.08,1421.08,1421.08,1421.08,0
1990-10-05,1391.76,1391.76,1391.76,1391.76,0
1990-10-08,1465.53,1465.53,1465.53,1465.53,0
1990-10-09,1433.41,1433.41,1433.41,1433.41,0
1990-10-10,1407.11,1407.11,1407.11,1407.11,0
1990-10-11,1428.38,1428.38,1428.38,1428.38,0
1990-10-12,1459.7,1459.7,1459.7,1459.7,0
1990-10-15,1478.89,1478.89,1478.89,1478.89,0
1990-10-16,1460.72,1460.72,1460.72,1460.72,0
1990-10-17,1440.79,1440.79,1440.79,1440.79,0
1990-10-18,1470.07,1470.07,1470.07,1470.07,0
1990-10-19,1482.09,1482.09,1482.09,1482.09,0
1990-10-22,1474.51,1474.51,1474.51,1474.51,0
1990-10-23,1514.34,1514.34,1514.34,1514.34,0
1990-10-24,1493.82,1493.82,1493.82,1493.82,0
1990-10-25,1497.58,1497.58,1497.58,1497.58,0
1990-10-26,1457.05,1457.05,1457.05,1457.05,0
1990-10-29,1454.49,1454.49,1454.49,1454.49,0
1990-10-30,1431.14,1431.14,1431.14,1431.14,0
1990-10-31,1433.82,1433.82,1433.82,1433.82,0
1990-11-01,1417.26,1417.26,1417.26,1417.26,0
1990-11-02,1412.16,1412.16,1412.16,1412.16,0
1990-11-05,1414.95,1414.95,1414.95,1414.95,0
1990-11-06,1398.24,1398.24,1398.24,1398.24,0
1990-11-07,1371.15,1371.15,1371.15,1371.15,0
1990-11-08,1369.44,1369.44,1369.44,1369.44,0
1990-11-09,1381.49,1381.49,1381.49,1381.49,0
1990-11-12,1402.24,1402.24,1402.24,1402.24,0
1990-11-13,1402.91,1402.91,1402.91,1402.91,0
1990-11-14,1406.23,1406.23,1406.23,1406.23,0
1990-11-15,1421.19,1421.19,1421.19,1421.19,0
1990-11-16,1425.68,1425.68,1425.68,1425.68,0
1990-11-19,1467.47,1467.47,1467.47,1467.47,0
1990-11-20,1467.3,1467.3,1467.3,1467.3,0
1990-11-22,1496.1,1496.1,1496.1,1496.1,0
1990-11-23,1483.36,1483.36,1483.36,1483.36,0
1990-11-26,1466.3,1466.3,1443.2,1443.2,0
1990-11-27,1438.3,1438.3,1415.3,1415.3,0
1990-11-28,1410,1431.9,1402.8,1420.6,0
1990-11-29,1420.4,1424.6,1415.8,1418.9,0
1990-11-30,1421.5,1443.9,1421.5,1441.2,0
1990-12-03,1470.1,1476.6,1458.7,1462.6,0
1990-12-04,1450.1,1450.1,1436.8,1446.3,0
1990-12-05,1462.9,1473,1457.1,1471,0
1990-12-06,1492,1504.7,1483.8,1504.7,0
1990-12-07,1505.1,1515.9,1504.7,1512.8,0
1990-12-10,1510,1521.1,1504.8,1504.8,0
1990-12-11,1492.8,1493,1486.3,1492.7,0
1990-12-12,1510,1520.6,1510,1517.2,0
1990-12-13,1532,1534.8,1516.8,1517.8,0
1990-12-14,1508.1,1523,1505.1,1522.4,0
1990-12-17,1512.4,1512.4,1475.9,1475.9,0
1990-12-18,1472.6,1483.5,1472.6,1477.4,0
1990-12-19,1478.5,1478.5,1452.1,1457.2,0
1990-12-20,1422.1,1426,1409.3,1409.3,0
1990-12-21,1404.9,1421.5,1404.9,1414.9,0
1990-12-27,1414.7,1419.1,1409.2,1410.9,0
1990-12-28,1403.3,1403.3,1389,1398.2,0
1991-01-02,1375.4,1375.4,1359.1,1366.1,0
1991-01-03,1371.7,1374.7,1365.2,1366.7,0
1991-01-04,1375.4,1398,1375.4,1396.1,0
1991-01-07,1373.6,1373.6,1352.5,1358.2,0
1991-01-08,1350.4,1357.1,1345.5,1354,0
1991-01-09,1358.6,1380.8,1358,1375.2,0
1991-01-10,1367.9,1383.7,1363.1,1383.4,0
1991-01-11,1401.3,1406.4,1376.9,1382.3,0
1991-01-14,1354.5,1354.5,1327.8,1327.8,0
1991-01-15,1327,1330.3,1312.4,1325.6,0
1991-01-16,1316.1,1329.4,1311.8,1322.7,0
1991-01-17,1380.3,1422.7,1380.3,1422.7,0
1991-01-18,1403.6,1407.3,1394.7,1405.1,0
1991-01-21,1393.3,1396.5,1390,1390.2,0
1991-01-22,1374.2,1380.1,1367,1375.1,0
1991-01-23,1365.1,1371,1355.9,1358.8,0
1991-01-24,1372.9,1380.4,1372.9,1375.2,0
1991-01-25,1382.2,1384,1379.3,1382.1,0
1991-01-28,1377.5,1385.3,1372.1,1382.7,0
1991-01-29,1390.6,1393.2,1379.8,1380.3,0
1991-01-30,1383.8,1402.2,1383.8,1400.7,0
1991-01-31,1411.6,1428.5,1411.2,1420.1,0
1991-02-01,1413.2,1428.4,1411,1426.5,0
1991-02-04,1434.2,1449.3,1434.2,1435,0
1991-02-05,1451.1,1454.7,1435.9,1438.9,0
1991-02-06,1428.8,1428.8,1420.4,1428.7,0
1991-02-07,1441.6,1445.3,1435.8,1436.3,0
1991-02-08,1445.4,1467.9,1441.1,1467.8,0
1991-02-11,1488,1495.2,1486.1,1488.7,0
1991-02-12,1484.2,1486.4,1463.1,1468.9,0
1991-02-13,1471.7,1491.2,1471.7,1489.4,0
1991-02-14,1498.2,1505.5,1486.5,1486.5,0
1991-02-15,1498.7,1540.7,1495.2,1531.2,0
1991-02-18,1535,1574.4,1528.7,1572.6,0
1991-02-19,1597.2,1604.2,1580.6,1587.1,0
1991-02-20,1567,1576,1558.8,1567.3,0
1991-02-21,1568.6,1570.7,1562.4,1566.3,0
1991-02-22,1566.3,1583.1,1566,1582.5,0
1991-02-25,1605.2,1612.8,1601.1,1601.2,0
1991-02-26,1569.1,1569.1,1558.2,1558.2,0
1991-02-27,1546.4,1567.8,1541.9,1565.5,0
1991-02-28,1569.8,1577.8,1541.1,1542.1,0
1991-03-01,1524,1527.3,1516.3,1516.7,0
1991-03-04,1515.3,1536.1,1515.3,1530.9,0
1991-03-05,1540.6,1549.2,1536.9,1540.3,0
1991-03-06,1579.5,1596.9,1579.5,1594.3,0
1991-03-07,1587,1595.4,1580.3,1580.5,0
1991-03-08,1587,1595.4,1580.3,1580.5,0
1991-03-11,1590.7,1590.7,1563.7,1565.8,0
1991-03-12,1575.6,1578,1563.4,1571.6,0
1991-03-13,1558.7,1562.4,1542.1,1542.2,0
1991-03-14,1552.6,1576.6,1552.6,1576.6,0
1991-03-15,1577.4,1578.1,1565.9,1570.6,0
1991-03-18,1573.2,1573.5,1551,1552.9,0
1991-03-19,1537.9,1548.3,1531.8,1546.5,0
1991-03-20,1528.3,1532.5,1517.9,1517.9,0
1991-03-21,1531.3,1533.4,1517,1519.6,0
1991-03-22,1507.9,1520.4,1501.4,1520.3,0
1991-03-25,1513.9,1517.5,1506.2,1515.5,0
1991-03-26,1504.9,1507.2,1496.5,1498.4,0
1991-03-27,1508.5,1516.5,1508.1,1508.8,0
1991-03-28,1506.5,1526.9,1506.5,1522.8,0
1991-04-02,1522.6,1542.3,1521.9,1538.6,0
1991-04-03,1556.7,1579.9,1556.7,1577.5,0
1991-04-04,1576,1588.5,1564.9,1572,0
1991-04-05,1586.8,1588,1573.6,1586.9,0
1991-04-08,1579.9,1582.2,1576.1,1580,0
1991-04-09,1590.8,1592,1582.1,1582.1,0
1991-04-10,1567.2,1568,1558.4,1561.9,0
1991-04-11,1571.4,1573.6,1558.5,1565.4,0
1991-04-12,1568.5,1585.2,1568.5,1583.1,0
1991-04-15,1590.3,1607.1,1590.3,1601.4,0
1991-04-16,1599.1,1606.8,1593.1,1603.4,0
1991-04-17,1615.6,1625.4,1612.1,1623.8,0
1991-04-18,1627.5,1627.5,1607.2,1613.8,0
1991-04-19,1599,1607.7,1594,1599.4,0
1991-04-22,1585.2,1585.2,1571.9,1571.9,0
1991-04-23,1581.7,1597.1,1581.7,1597.1,0
1991-04-24,1606.8,1611.9,1597.2,1603.7,0
1991-04-25,1609.4,1627,1609.4,1620.5,0
1991-04-26,1626.2,1632.5,1619.5,1623.8,0
1991-04-29,1635,1638.2,1620.3,1620.3,0
1991-04-30,1611.6,1612.5,1601.9,1605.8,0
1991-05-02,1611.6,1631.3,1611.6,1630,0
1991-05-03,1634.1,1636.8,1628.6,1631.8,0
1991-05-06,1622.8,1627.2,1620.3,1624,0
1991-05-07,1632.2,1634,1624.7,1627.5,0
1991-05-08,1618.7,1619.5,1606.1,1607.3,0
1991-05-10,1616.9,1623,1616.9,1620.6,0
1991-05-13,1609.2,1611.2,1606,1610.9,0
1991-05-14,1612.1,1612.1,1597,1598.5,0
1991-05-15,1587.8,1591.2,1585,1590.4,0
1991-05-16,1595.1,1598.2,1592.2,1598.1,0
1991-05-17,1599.8,1605.1,1598.5,1598.9,0
1991-05-21,1607.8,1618.5,1605.8,1617.4,0
1991-05-22,1631.4,1648.3,1631.4,1647.7,0
1991-05-23,1649.8,1653.5,1638.2,1652.7,0
1991-05-24,1652.6,1673.4,1650.2,1671.9,0
1991-05-27,1668.2,1688,1668,1681.5,0
1991-05-28,1676.8,1684.1,1668.5,1682.1,0
1991-05-29,1693.8,1695,1681.2,1681.5,0
1991-05-31,1695.2,1710.1,1695.2,1704.1,0
1991-06-03,1702,1710,1694.1,1694.1,0
1991-06-04,1686,1692.4,1681.7,1685.4,0
1991-06-05,1694.1,1713.9,1694.1,1712.8,0
1991-06-06,1721.4,1728.3,1703.4,1704.2,0
1991-06-07,1712.7,1717.7,1705.8,1709.6,0
1991-06-10,1701.3,1705,1693.2,1704.9,0
1991-06-11,1716,1718.9,1709.3,1715.2,0
1991-06-12,1709.4,1709.4,1698.3,1700.8,0
1991-06-13,1700,1700,1689.1,1692.6,0
1991-06-14,1700.3,1707.5,1698,1699.8,0
1991-06-17,1707.6,1718.2,1700.2,1701.1,0
1991-06-18,1692.2,1696,1688,1695.4,0
1991-06-19,1688.5,1690.4,1682.5,1683,0
1991-06-20,1688.8,1694.2,1685.4,1687,0
1991-06-21,1699,1713.4,1695.4,1711.9,0
1991-06-24,1703.4,1703.4,1689.9,1691.6,0
1991-06-25,1687.8,1696.5,1685,1691.5,0
1991-06-26,1695.6,1700.4,1668.8,1672.1,0
1991-06-27,1664.7,1672.7,1659.4,1666.1,0
1991-06-28,1638.6,1638.6,1614.1,1622.2,0
1991-07-01,1624,1630.2,1624,1625.2,0
1991-07-02,1618.2,1618.2,1602.4,1610.5,0
1991-07-03,1605.8,1617.3,1603,1614.4,0
1991-07-04,1618.2,1623.7,1615.1,1616.1,0
1991-07-05,1615.9,1627.5,1615.9,1618.9,0
1991-07-08,1606.4,1610.7,1605,1605,0
1991-07-09,1619.6,1627.6,1619.6,1627.6,0
1991-07-10,1636.9,1639.5,1630.7,1634.7,0
1991-07-11,1635.4,1639.9,1631.8,1637.9,0
1991-07-12,1644.7,1650.1,1642.2,1644.8,0
1991-07-15,1649.7,1650.8,1641.2,1646.6,0
1991-07-16,1645.3,1647.7,1642.4,1643.9,0
1991-07-17,1629.8,1631,1622.3,1625.5,0
1991-07-18,1620.8,1625.3,1618.3,1618.3,0
1991-07-19,1623.7,1627.3,1623.7,1624,0
1991-07-22,1621,1623,1614.2,1623,0
1991-07-23,1624.8,1634.6,1624.8,1632.9,0
1991-07-24,1626.2,1626.2,1618.4,1621.7,0
1991-07-25,1615.7,1616,1609.9,1615.4,0
1991-07-26,1614.2,1614.2,1601,1605.6,0
1991-07-29,1595.8,1605.6,1591,1605.6,0
1991-07-30,1612.9,1617.3,1607.2,1614.9,0
1991-07-31,1620.2,1625.7,1619.8,1622.3,0
1991-08-01,1627.4,1630.2,1617.3,1622.6,0
1991-08-02,1615.3,1616.5,1605.9,1615.4,0
1991-08-05,1621.5,1623.7,1619.2,1622,0
1991-08-06,1623.6,1625.2,1611.9,1611.9,0
1991-08-07,1622.5,1631.8,1622.4,1631.4,0
1991-08-08,1626.9,1637.7,1625.1,1630.2,0
1991-08-09,1630.7,1637,1630.7,1632.2,0
1991-08-12,1625.4,1631.5,1624.4,1626.1,0
1991-08-13,1636.9,1645.5,1636.9,1644.7,0
1991-08-14,1647.3,1650.2,1641.5,1650.2,0
1991-08-15,1654.6,1658.4,1651.7,1654.3,0
1991-08-16,1647.6,1654.9,1646.5,1653.3,0
1991-08-19,1541.2,1541.2,1476.8,1497.9,0
1991-08-20,1514.9,1530.3,1507.7,1526.9,0
1991-08-21,1543.6,1572.3,1543.6,1570.8,0
1991-08-22,1612.8,1631.2,1612.8,1630.8,0
1991-08-23,1619.5,1629.8,1617.6,1627.2,0
1991-08-26,1644.9,1658.6,1644.8,1654.2,0
1991-08-27,1663.8,1665.8,1645,1647.1,0
1991-08-28,1643.8,1652.6,1642.8,1647.5,0
1991-08-29,1660.7,1663.6,1654.9,1655.5,0
1991-08-30,1654.8,1655.7,1647.3,1650.5,0
1991-09-02,1658,1658.9,1650.5,1650.5,0
1991-09-03,1656.4,1658.3,1655.4,1655.6,0
1991-09-04,1649.6,1650.5,1645,1647.9,0
1991-09-05,1641.4,1647.2,1639.9,1647.2,0
1991-09-06,1647.5,1651.5,1644.6,1646.2,0
1991-09-09,1643.9,1649.7,1633.1,1633.1,0
1991-09-10,1622.4,1629.1,1621.8,1629.1,0
1991-09-11,1630.6,1635.5,1626.5,1628.2,0
1991-09-12,1631.6,1631.9,1625.9,1631.3,0
1991-09-13,1635.8,1640.2,1635.8,1637.6,0
1991-09-16,1632.7,1639,1628.1,1629.8,0
1991-09-17,1630.1,1636.3,1629.1,1634.6,0
1991-09-18,1642,1642.2,1618.4,1628.1,0
1991-09-19,1625.8,1625.8,1616.9,1620.7,0
1991-09-20,1615.3,1619.3,1612.3,1616.1,0
1991-09-23,1614.1,1614.9,1611.1,1614.2,0
1991-09-24,1616.3,1626.7,1616.3,1626.6,0
1991-09-25,1630.5,1634,1623.2,1625.4,0
1991-09-26,1624.8,1624.8,1617.2,1620,0
1991-09-27,1612.4,1612.4,1604.7,1608.1,0
1991-09-30,1613,1614.5,1605.9,1607,0
1991-10-01,1613,1615.9,1608.8,1609.6,0
1991-10-02,1600.8,1607.8,1597.6,1607.3,0
1991-10-04,1602.3,1606.2,1599.7,1601.7,0
1991-10-07,1596.2,1602.7,1588.6,1588.7,0
1991-10-08,1587.3,1592.2,1574.7,1578.7,0
1991-10-09,1579.5,1579.5,1564.5,1567.2,0
1991-10-10,1559.8,1568,1552.7,1568,0
1991-10-11,1574.7,1575.5,1565.3,1568.4,0
1991-10-14,1567.9,1572.6,1567.5,1571,0
1991-10-15,1582.1,1590.4,1582.1,1585,0
1991-10-16,1587.5,1588.8,1569.8,1570.1,0
1991-10-17,1573.3,1573.5,1555.6,1564.5,0
1991-10-18,1555.6,1563.3,1550.7,1563.3,0
1991-10-21,1560.9,1575.9,1560.5,1572.7,0
1991-10-22,1569.9,1583.2,1567.5,1580.7,0
1991-10-23,1590,1594.9,1586.1,1587.9,0
1991-10-24,1592.3,1592.3,1579,1579,0
1991-10-25,1575.9,1576.6,1568.3,1572,0
1991-10-28,1569.4,1576.8,1566.8,1576.8,0
1991-10-29,1586.7,1592.1,1585.2,1590.8,0
1991-10-30,1589.6,1597,1582.1,1582.8,0
1991-10-31,1584.3,1585.8,1578.7,1582.1,0
1991-11-01,1575.1,1575.1,1570.5,1573.6,0
1991-11-04,1575.1,1575.1,1570.5,1573.6,0
1991-11-05,1574.6,1577.9,1574.5,1576.1,0
1991-11-06,1579.6,1580.9,1574.2,1574.2,0
1991-11-07,1575.1,1580.5,1572.4,1578.4,0
1991-11-08,1587.7,1606.5,1587.7,1606.2,0
1991-11-11,1604.9,1614.9,1602.4,1609,0
1991-11-12,1623.5,1626.5,1617.5,1621.2,0
1991-11-13,1618.7,1623.3,1614.8,1623.2,0
1991-11-14,1622.2,1622.2,1613.6,1621,0
1991-11-15,1622.9,1630.2,1621,1629.4,0
1991-11-18,1599.4,1612.3,1587.8,1611.9,0
1991-11-19,1608.8,1608.8,1598.2,1599.1,0
1991-11-21,1595.7,1599.7,1592,1598.1,0
1991-11-22,1604.8,1606.9,1600.3,1600.3,0
1991-11-25,1590.4,1593.6,1586.3,1589.2,0
1991-11-26,1598.1,1603.2,1597.9,1602.9,0
1991-11-27,1599.5,1600.4,1586.1,1586.2,0
1991-11-28,1590.3,1591.5,1584.8,1588.2,0
1991-11-29,1578.3,1578.3,1562.6,1566.6,0
1991-12-02,1549.9,1549.9,1539,1545.4,0
1991-12-03,1556.2,1559.1,1542.2,1546.8,0
1991-12-04,1556.7,1565.9,1556.7,1561,0
1991-12-05,1552.9,1553.4,1546,1553.4,0
1991-12-06,1552.9,1558.9,1551,1558.2,0
1991-12-09,1555.1,1562.7,1554.9,1559.1,0
1991-12-10,1556.6,1556.6,1546.9,1551.1,0
1991-12-11,1544.8,1544.8,1536.3,1543.6,0
1991-12-12,1546.5,1549.3,1540.6,1546.4,0
1991-12-13,1558.2,1560.6,1556.5,1558.3,0
1991-12-16,1555.6,1555.6,1549,1552.9,0
1991-12-17,1550.8,1564.2,1549.1,1560.9,0
1991-12-18,1568.2,1574.9,1566.6,1573.8,0
1991-12-19,1568,1568,1561.6,1561.8,0
1991-12-20,1542.5,1551.8,1542.5,1543.2,0
1991-12-23,1537,1541.5,1536.8,1539.6,0
1991-12-27,1562.5,1567.5,1562.5,1563.6,0
1991-12-30,1572.2,1578,1571.8,1578,0
1992-01-02,1602.3,1608.1,1600.5,1601.9,0
1992-01-03,1610.1,1610.4,1603.6,1603.6,0
1992-01-06,1609.6,1610.4,1603,1603.3,0
1992-01-07,1598.6,1599.6,1590.9,1592.5,0
1992-01-08,1584.5,1584.5,1577.4,1578.7,0
1992-01-09,1583.6,1592.2,1582.9,1589.8,0
1992-01-10,1605.7,1617.6,1601.6,1615.7,0
1992-01-13,1619.1,1627.8,1613.7,1622.7,0
1992-01-14,1629.2,1631,1621.9,1628.5,0
1992-01-15,1646.1,1670.9,1646.1,1667.5,0
1992-01-16,1662.1,1669.8,1658,1666.3,0
1992-01-17,1662.1,1678,1658,1671,0
1992-01-20,1662.8,1681.3,1661.2,1677.2,0
1992-01-21,1691.8,1698.1,1685.3,1685.3,0
1992-01-22,1680.9,1688.2,1676.3,1680.1,0
1992-01-23,1685.2,1686.5,1667.5,1669.6,0
1992-01-24,1685.2,1686.5,1662.6,1664.8,0
1992-01-27,1672.8,1687,1672.8,1683.6,0
1992-01-28,1688.3,1688.5,1679.6,1683.1,0
1992-01-29,1684.3,1684.8,1669.3,1672.4,0
1992-01-30,1668.6,1682.9,1666,1680.9,0
1992-01-31,1680.9,1688.9,1666,1687.5,0
1992-02-03,1688.2,1698.7,1686,1689,0
1992-02-04,1681.3,1681.6,1674.6,1674.6,0
1992-02-05,1677,1687.6,1675.7,1686.6,0
1992-02-06,1700.9,1702.7,1681.1,1681.1,0
1992-02-07,1686,1686,1680.4,1685.5,0
1992-02-10,1680.8,1682.9,1674.6,1682.1,0
1992-02-11,1687.5,1687.9,1683.6,1683.6,0
1992-02-12,1676.8,1679.4,1671.6,1678.9,0
1992-02-13,1683.4,1685.8,1678.3,1681.4,0
1992-02-14,1677.8,1677.9,1675.7,1676.5,0
1992-02-17,1676.9,1682.1,1676.9,1681.1,0
1992-02-18,1690,1697.5,1688.6,1695,0
1992-02-19,1693.2,1696.8,1687.6,1687.8,0
1992-02-20,1695.2,1703.8,1695.2,1703.2,0
1992-02-21,1703.2,1718.6,1703.2,1717.6,0
1992-02-24,1715.5,1732.9,1713.1,1729.1,0
1992-02-25,1738.3,1738.9,1721.3,1722.3,0
1992-02-26,1726.4,1737.4,1726.4,1737.3,0
1992-02-27,1745.2,1751.2,1743.5,1749.9,0
1992-02-28,1745.2,1751.2,1743.5,1745.1,0
1992-03-02,1743.3,1748.6,1741.8,1747.9,0
1992-03-03,1753.4,1764.7,1753.4,1763.3,0
1992-03-04,1768.2,1772.2,1755.6,1759.1,0
1992-03-05,1754.8,1765.5,1753.1,1764.8,0
1992-03-06,1752.3,1752.3,1745.9,1746,0
1992-03-09,1739.9,1751.5,1739.4,1750.3,0
1992-03-10,1754.5,1757.2,1748.5,1750.5,0
1992-03-11,1746.3,1746.4,1739.7,1743.4,0
1992-03-12,1735.8,1735.8,1726.8,1727.5,0
1992-03-13,1728.2,1732.6,1725.4,1732.6,0
1992-03-16,1721.2,1725.6,1720.8,1724.8,0
1992-03-17,1728.6,1733.2,1728.4,1730.1,0
1992-03-18,1732.7,1737.8,1732.2,1732.2,0
1992-03-19,1725.8,1727.4,1722.1,1724.6,0
1992-03-20,1725.8,1740.9,1722.1,1736.3,0
1992-03-23,1728.4,1728.4,1715.2,1717.5,0
1992-03-24,1705,1715,1704,1713.1,0
1992-03-25,1715.8,1721.4,1714.9,1716.3,0
1992-03-26,1723.7,1723.7,1716.4,1719,0
1992-03-27,1718.6,1718.6,1708.6,1711.5,0
1992-03-30,1703.9,1710.4,1700.3,1710.3,0
1992-03-31,1712.6,1717.9,1712.6,1717.9,0
1992-04-01,1711.4,1714.3,1707.3,1707.3,0
1992-04-02,1713,1721.7,1712.1,1721.7,0
1992-04-03,1723.8,1725.5,1718.4,1719.6,0
1992-04-06,1720.9,1735.9,1719.9,1734.6,0
1992-04-07,1738.7,1745.9,1738,1739.4,0
1992-04-08,1725.8,1725.8,1717,1720,0
1992-04-09,1716.2,1720.3,1710.2,1720.3,0
1992-04-10,1730.4,1738.5,1730.4,1736.1,0
1992-04-13,1735.5,1741.4,1727.7,1727.7,0
1992-04-14,1733.6,1736.3,1731.2,1732.5,0
1992-04-15,1739.9,1745.1,1739.9,1743.8,0
1992-04-16,1745.7,1750.4,1745.6,1749.2,0
1992-04-21,1744.7,1749.5,1742.8,1746.5,0
1992-04-22,1751.2,1756.3,1751.1,1753.3,0
1992-04-23,1758,1760.4,1751.8,1752.4,0
1992-04-24,1746.5,1748.5,1743.6,1745.7,0
1992-04-27,1738.1,1742.2,1735,1742.2,0
1992-04-28,1739.4,1739.9,1734.9,1735.9,0
1992-04-29,1736.3,1738.9,1730.6,1735.9,0
1992-04-30,1729.8,1734.2,1726.1,1734,0
1992-05-04,1729,1731.6,1725.6,1728.3,0
1992-05-05,1727.7,1732.7,1724.8,1732.6,0
1992-05-06,1740,1747.3,1740,1743.5,0
1992-05-07,1748.9,1752.4,1748.6,1750.8,0
1992-05-08,1750.4,1751.9,1746.9,1748.2,0
1992-05-11,1751.3,1756.6,1750.9,1753,0
1992-05-12,1753.8,1753.8,1748.3,1751.2,0
1992-05-13,1753,1754.9,1747.9,1749.4,0
1992-05-14,1742.3,1744.3,1740.1,1742.3,0
1992-05-15,1732.9,1733.2,1720.4,1724.1,0
1992-05-18,1744.7,1759.4,1744.7,1758.4,0
1992-05-19,1761.2,1764.5,1758.8,1763.3,0
1992-05-20,1778.6,1789.4,1778.6,1787.5,0
1992-05-21,1786.1,1790.4,1784.3,1785.5,0
1992-05-22,1797,1803.4,1796.8,1803,0
1992-05-25,1800.7,1811.9,1798.8,1811.6,0
1992-05-26,1813.7,1814.6,1802.2,1806.7,0
1992-05-27,1800.9,1800.9,1790.6,1794.1,0
1992-05-29,1798,1803.8,1798,1803.2,0
1992-06-01,1803.4,1803.4,1794.5,1798.1,0
1992-06-02,1796.4,1801.6,1794.5,1801.4,0
1992-06-03,1800.2,1801.8,1788.6,1788.6,0
1992-06-04,1778.9,1794.5,1776.6,1792.3,0
1992-06-05,1795.2,1796.6,1788.3,1789.1,0
1992-06-09,1787.3,1789,1784.5,1786.3,0
1992-06-10,1778.4,1789.8,1777,1789.8,0
1992-06-11,1787.7,1791,1780.1,1781.8,0
1992-06-12,1782.7,1783.9,1780.9,1782.3,0
1992-06-15,1779.4,1780.2,1773.5,1773.9,0
1992-06-16,1778.2,1780.4,1775.9,1779.1,0
1992-06-17,1771,1773.2,1770.8,1771.8,0
1992-06-19,1767.5,1774.7,1765.9,1772.9,0
1992-06-22,1769.6,1773.8,1768.7,1770.6,0
1992-06-23,1774.1,1777.4,1770.5,1771.1,0
1992-06-24,1768.5,1769.6,1765.7,1768.5,0
1992-06-25,1770.6,1773.4,1764.9,1764.9,0
1992-06-26,1758.2,1758.3,1752.3,1754.1,0
1992-06-29,1755.5,1762,1755.5,1757.1,0
1992-06-30,1759,1759.3,1745.2,1752.6,0
1992-07-01,1751.8,1758.2,1749.9,1756.3,0
1992-07-02,1762.3,1769.3,1762.3,1768.6,0
1992-07-03,1771.2,1777,1761.6,1777,0
1992-07-06,1776,1779.5,1771.4,1772.4,0
1992-07-07,1772,1772.8,1762.8,1767.5,0
1992-07-08,1758.3,1758.7,1748.6,1751.2,0
1992-07-09,1748.9,1757.7,1746.8,1757.6,0
1992-07-10,1757.3,1757.7,1752,1754.5,0
1992-07-13,1739.7,1741,1735,1736.5,0
1992-07-14,1736.8,1738.1,1731.1,1734.1,0
1992-07-15,1737.1,1740.1,1733.7,1734.6,0
1992-07-16,1735.3,1744,1734.8,1740.5,0
1992-07-17,1724.9,1724.9,1702.1,1702.7,0
1992-07-20,1683.6,1686.7,1647.9,1649.7,0
1992-07-21,1650.2,1662.7,1644,1659.8,0
1992-07-22,1644,1644,1626,1628.2,0
1992-07-23,1638.5,1647.5,1619.6,1623.4,0
1992-07-24,1625.3,1625.8,1607.6,1610.4,0
1992-07-27,1602.6,1618.1,1602.6,1618.1,0
1992-07-28,1609.3,1620.5,1607.7,1610.6,0
1992-07-29,1613.8,1634.5,1613.1,1628.2,0
1992-07-30,1631.1,1632.1,1622,1624,0
1992-07-31,1623.5,1624,1607.5,1615.4,0
1992-08-03,1602,1602,1590.5,1594.7,0
1992-08-04,1613.3,1617.4,1606.4,1611.5,0
1992-08-05,1606.3,1628.8,1602.3,1628.8,0
1992-08-06,1632.7,1632.8,1615,1621.2,0
1992-08-07,1613.8,1614.6,1609.3,1609.5,0
1992-08-10,1600.6,1600.6,1581.4,1582.6,0
1992-08-11,1573.8,1573.8,1551.4,1564.6,0
1992-08-12,1564.7,1564.7,1553,1553,0
1992-08-13,1533.5,1546.8,1526.4,1541,0
1992-08-14,1540.9,1556.2,1537.7,1547.8,0
1992-08-17,1557.8,1563.5,1552.6,1555.4,0
1992-08-18,1539.3,1539.3,1528.3,1533.2,0
1992-08-19,1525.9,1534.3,1520.6,1524.7,0
1992-08-20,1534.4,1536.1,1512.7,1513.1,0
1992-08-21,1519.9,1521.9,1510.5,1520,0
1992-08-24,1510.9,1510.9,1494.5,1498.7,0
1992-08-25,1498.5,1498.7,1460.6,1468.9,0
1992-08-26,1478,1478,1466,1473.3,0
1992-08-27,1492.3,1514.9,1492.3,1513.4,0
1992-08-28,1504.3,1516.5,1495.3,1516.5,0
1992-08-31,1530.4,1544.9,1524.9,1541.3,0
1992-09-01,1519.3,1528.4,1518.6,1518.7,0
1992-09-02,1506.6,1508.1,1497.4,1506.7,0
1992-09-03,1523.5,1534.5,1523.5,1530.8,0
1992-09-04,1541,1545.1,1531.8,1536.5,0
1992-09-07,1542.8,1545.2,1533.8,1540.6,0
1992-09-08,1542.1,1554.5,1542,1544.6,0
1992-09-09,1534.4,1536.9,1522,1525.3,0
1992-09-10,1527.4,1529,1513.1,1528.3,0
1992-09-11,1529.2,1530.4,1521.1,1527.8,0
1992-09-14,1577.6,1596.5,1569.8,1595,0
1992-09-15,1596.1,1596.1,1581.7,1587.6,0
1992-09-16,1566.2,1584.6,1556.9,1584.6,0
1992-09-17,1588.1,1593.5,1576.9,1578.7,0
1992-09-18,1579.7,1598.2,1578.7,1589.3,0
1992-09-21,1579.4,1582.7,1571.3,1573.9,0
1992-09-22,1559.7,1562.9,1549.9,1550.3,0
1992-09-23,1549.9,1563.6,1549.6,1557.8,0
1992-09-24,1540.6,1540.6,1523.6,1530.9,0
1992-09-25,1515.5,1517.5,1506.4,1513.4,0
1992-09-28,1488.6,1488.6,1468.9,1475,0
1992-09-29,1467.9,1479.2,1464.5,1476.3,0
1992-09-30,1488,1488,1463.3,1466.4,0
1992-10-01,1468.2,1486.1,1463.2,1484,0
1992-10-02,1480.7,1485.5,1474.3,1478,0
1992-10-05,1455.3,1455.3,1424.2,1424.4,0
1992-10-06,1419,1427.4,1413.7,1420.3,0
1992-10-07,1416.4,1439.8,1416.4,1436.1,0
1992-10-08,1453,1454.3,1444.1,1451.1,0
1992-10-09,1449.8,1450.1,1439.1,1439.7,0
1992-10-12,1425.7,1432.5,1415.9,1432.5,0
1992-10-13,1454.4,1465.9,1453.3,1465.5,0
1992-10-14,1457.1,1459.9,1448.1,1458.5,0
1992-10-15,1448.8,1462.6,1446.5,1453.4,0
1992-10-16,1458.4,1465.4,1457.8,1461.6,0
1992-10-19,1460.7,1480.4,1460.7,1479.1,0
1992-10-20,1495.7,1512.2,1495.7,1511.6,0
1992-10-21,1511.6,1511.6,1498.4,1503.9,0
1992-10-22,1493.5,1511.1,1489.9,1510.1,0
1992-10-23,1524.6,1528.2,1515.3,1526.8,0
1992-10-26,1531.5,1542.5,1528.7,1542.5,0
1992-10-27,1529.5,1534,1524.4,1533.8,0
1992-10-28,1530.5,1533.5,1507.8,1510.3,0
1992-10-29,1495.9,1500.6,1484.4,1493.6,0
1992-10-30,1494.7,1495.7,1486.8,1492.3,0
1992-11-02,1479.4,1480.1,1469.2,1472.6,0
1992-11-03,1483.6,1494.9,1483.6,1485,0
1992-11-04,1472.1,1477.1,1466.7,1472.7,0
1992-11-05,1469,1481.6,1466.7,1480.9,0
1992-11-06,1483.8,1487.3,1479.3,1487.2,0
1992-11-09,1497.6,1511.8,1497.6,1508.8,0
1992-11-10,1505.4,1519.4,1504.6,1519.1,0
1992-11-11,1524.2,1526,1510.2,1512.2,0
1992-11-12,1520.7,1540.1,1515.2,1535.4,0
1992-11-13,1537,1557.8,1535.1,1548.5,0
1992-11-16,1536.8,1555.8,1535.7,1547,0
1992-11-17,1554.8,1560.7,1545.1,1545.1,0
1992-11-19,1546.5,1559.5,1546.1,1551.7,0
1992-11-20,1549.5,1549.5,1539,1544.8,0
1992-11-23,1550.5,1551.3,1530.9,1530.9,0
1992-11-24,1515.9,1522.6,1510.3,1510.3,0
1992-11-25,1514.1,1527,1514.1,1517.7,0
1992-11-26,1517.1,1530.6,1517.1,1523.2,0
1992-11-27,1525.2,1530,1522.4,1523,0
1992-11-30,1538,1544.4,1536.7,1544.3,0
1992-12-01,1545.8,1546,1538.1,1544.9,0
1992-12-02,1541.2,1545.9,1534,1534,0
1992-12-03,1537.8,1539.3,1525.7,1532.5,0
1992-12-04,1524.4,1528.9,1521.1,1522.2,0
1992-12-07,1527.3,1530.1,1523.8,1525.3,0
1992-12-08,1517.9,1521.7,1504.5,1508.2,0
1992-12-09,1503.8,1510,1492.7,1500.6,0
1992-12-10,1503.8,1507.3,1489.8,1494.5,0
1992-12-11,1473.7,1476.4,1462,1476,0
1992-12-14,1469.6,1474.1,1462.2,1469.8,0
1992-12-15,1479.5,1488.1,1479.5,1481.2,0
1992-12-16,1473.1,1475.6,1468.5,1472.1,0
1992-12-17,1474.8,1476.3,1472.8,1476.2,0
1992-12-18,1482.1,1492,1477,1492,0
1992-12-21,1506.9,1517.9,1505.3,1515.6,0
1992-12-22,1522.7,1529.8,1518.3,1523.6,0
1992-12-23,1521.3,1527.2,1517.6,1527,0
1992-12-28,1536.3,1544.8,1536.3,1544.6,0
1992-12-29,1544.9,1544.9,1535.9,1542.2,0
1992-12-30,1538.3,1545.1,1532.9,1545.1,0
1993-01-04,1533.1,1538.1,1530.5,1531.3,0
1993-01-05,1548,1559,1548,1556.4,0
1993-01-06,1560.3,1560.6,1545.9,1556.4,0
1993-01-07,1546.3,1548.2,1541.4,1542.5,0
1993-01-08,1540.6,1541.9,1531.2,1531.5,0
1993-01-11,1526.7,1535.3,1524.6,1532,0
1993-01-12,1527.3,1530.2,1522.6,1530.2,0
1993-01-13,1529.6,1531.5,1514.3,1516.5,0
1993-01-14,1521,1526.4,1520.2,1523.7,0
1993-01-15,1540.8,1548.7,1540.8,1544.6,0
1993-01-18,1559.8,1573.4,1558.2,1573.1,0
1993-01-19,1576.1,1585.4,1576.1,1578.8,0
1993-01-20,1586.9,1587.9,1572.1,1574.9,0
1993-01-21,1577.6,1582.7,1573.5,1573.7,0
1993-01-22,1588,1590.8,1585.3,1587.6,0
1993-01-25,1582.2,1582.2,1566.4,1569.2,0
1993-01-26,1566.8,1578.1,1563.6,1576.2,0
1993-01-27,1571,1572.5,1562.3,1562.3,0
1993-01-28,1561,1567.8,1556.4,1567.8,0
1993-01-29,1571.3,1576,1569.1,1571.9,0
1993-02-01,1582.4,1587.8,1582,1585.2,0
1993-02-02,1587.2,1589.7,1581.5,1583.1,0
1993-02-03,1595.1,1602.3,1594.1,1601.5,0
1993-02-04,1605.1,1612.6,1601.6,1601.6,0
1993-02-05,1635.7,1646.4,1635.7,1641.4,0
1993-02-08,1643.8,1647.2,1637.2,1647.2,0
1993-02-09,1642.3,1644.8,1637.5,1641.6,0
1993-02-10,1649.8,1656.8,1648.1,1649.8,0
1993-02-11,1651.2,1652.1,1645.5,1651.1,0
1993-02-12,1655.1,1665.2,1655.1,1661.4,0
1993-02-15,1656.8,1664.9,1655.8,1664.7,0
1993-02-16,1670.1,1673.5,1661.2,1664.2,0
1993-02-17,1649.4,1656.7,1645.7,1653.3,0
1993-02-18,1663.5,1673.3,1661.9,1672.3,0
1993-02-19,1672.4,1682.3,1669.2,1677.4,0
1993-02-22,1681,1681.4,1675.3,1680.7,0
1993-02-23,1680.4,1680.4,1661.3,1661.6,0
1993-02-24,1648.1,1651.9,1644.1,1644.2,0
1993-02-25,1652.1,1659.4,1651.5,1658.9,0
1993-02-26,1671.6,1684.4,1671.6,1684.4,0
1993-03-01,1695.8,1705.9,1695.8,1701,0
1993-03-02,1693.5,1696.8,1689.6,1696.7,0
1993-03-03,1702.6,1709.9,1692.6,1693.7,0
1993-03-04,1694.6,1697,1682.2,1687.4,0
1993-03-05,1693.4,1697.1,1680.8,1682.8,0
1993-03-08,1678.9,1696.1,1678.5,1694.8,0
1993-03-09,1703.8,1715.2,1703.8,1713.1,0
1993-03-10,1707.7,1717,1707.6,1709.7,0
1993-03-11,1706.9,1718.2,1705,1717.4,0
1993-03-12,1710.8,1713.8,1704.5,1707.1,0
1993-03-15,1702.1,1711.3,1699.3,1702.6,0
1993-03-16,1702.1,1704.1,1695,1697.8,0
1993-03-17,1701.6,1704.1,1684.3,1685.1,0
1993-03-18,1686.1,1698.6,1686.1,1696.2,0
1993-03-19,1693.1,1700.9,1691.5,1698.8,0
1993-03-22,1679.3,1679.3,1657.1,1661.4,0
1993-03-23,1655.8,1662.8,1648.2,1648.4,0
1993-03-24,1646.9,1662.1,1645.1,1659.5,0
1993-03-25,1668.2,1671.9,1655.8,1657.2,0
1993-03-26,1667.9,1670.8,1661.2,1661.3,0
1993-03-29,1667.6,1676.5,1667.6,1674.9,0
1993-03-30,1678.7,1687.2,1676.1,1685.1,0
1993-03-31,1685.3,1689.8,1682.3,1684.2,0
1993-04-01,1677.6,1679.4,1671.2,1671.5,0
1993-04-02,1664.7,1667.1,1659.3,1661.8,0
1993-04-05,1657.4,1660.8,1652,1658.7,0
1993-04-06,1664.5,1667.3,1661.8,1665.4,0
1993-04-07,1661,1661,1650.3,1650.3,0
1993-04-08,1655.1,1658.6,1655.1,1655.7,0
1993-04-13,1669.1,1676.2,1669,1671.1,0
1993-04-14,1666.8,1672.6,1664.6,1672.4,0
1993-04-15,1678.6,1683.6,1675.2,1675.2,0
1993-04-16,1676.8,1678.9,1675.4,1678.9,0
1993-04-19,1686.5,1694.6,1686.5,1693.3,0
1993-04-20,1691.3,1692.2,1686.8,1687.1,0
1993-04-21,1678.2,1678.2,1666.3,1666.9,0
1993-04-22,1670.5,1670.5,1659.9,1666.7,0
1993-04-23,1668.5,1669.1,1654.4,1657.1,0
1993-04-26,1642.7,1651.6,1637.1,1649.8,0
1993-04-27,1655.3,1656.8,1639.1,1640.8,0
1993-04-28,1638.6,1638.8,1622.4,1628.9,0
1993-04-29,1621.8,1632.5,1616.1,1623.9,0
1993-04-30,1629.3,1631,1624.3,1627.2,0
1993-05-03,1620.3,1629.8,1617.4,1629.2,0
1993-05-04,1632.8,1636.8,1627.3,1627.4,0
1993-05-05,1614.5,1624.2,1613.2,1623.2,0
1993-05-06,1628.4,1635.1,1623.1,1623.3,0
1993-05-07,1618.7,1620.8,1611.8,1611.9,0
1993-05-10,1606.2,1611.1,1600.7,1609,0
1993-05-11,1611,1617.3,1609.2,1616.2,0
1993-05-12,1619.9,1631.7,1619.6,1629.5,0
1993-05-13,1633.4,1641.6,1633.4,1639.8,0
1993-05-14,1633.8,1636.3,1629.6,1634.5,0
1993-05-17,1631.8,1633.5,1627.9,1627.9,0
1993-05-18,1632.8,1636.1,1628.4,1628.5,0
1993-05-19,1662.9,1662.9,1615.9,1617.4,0
1993-05-21,1611.3,1614.4,1607.4,1610.6,0
1993-05-24,1604.2,1611.2,1602.8,1603.1,0
1993-05-25,1614.1,1618.2,1612.5,1618.2,0
1993-05-26,1619.8,1625.9,1617.6,1622,0
1993-05-27,1628.4,1635.2,1628.4,1634.5,0
1993-05-28,1628.9,1634.8,1628.2,1631.9,0
1993-06-01,1624.9,1625.2,1616.6,1619.9,0
1993-06-02,1623,1626.1,1619.4,1625.2,0
1993-06-03,1623.6,1629.6,1622.6,1629.6,0
1993-06-04,1633,1640.8,1633,1637.9,0
1993-06-07,1645.4,1657.7,1645.4,1655.6,0
1993-06-08,1662.4,1667.5,1661.6,1661.6,0
1993-06-09,1668.3,1674.9,1668.3,1673.1,0
1993-06-11,1678.3,1681,1674.7,1681,0
1993-06-14,1688.7,1693.3,1688.3,1692,0
1993-06-15,1682.3,1686.7,1679.5,1684.1,0
1993-06-16,1692,1693.6,1687,1689.6,0
1993-06-17,1692.9,1694.7,1691.5,1692.3,0
1993-06-18,1692.1,1692.5,1686.6,1686.9,0
1993-06-21,1682.1,1690.9,1676.1,1689.8,0
1993-06-22,1697.3,1703.7,1697.3,1698.1,0
1993-06-23,1704.2,1712.2,1695.7,1699.4,0
1993-06-24,1696.8,1696.8,1685.2,1686.3,0
1993-06-25,1691,1698,1689,1695.2,0
1993-06-28,1702.4,1707.8,1702.4,1707.2,0
1993-06-29,1707,1709,1702.7,1708.3,0
1993-06-30,1705.1,1705.1,1695.1,1697.6,0
1993-07-01,1705.5,1715.3,1704.5,1706.6,0
1993-07-02,1704.1,1706.9,1695.8,1697.8,0
1993-07-05,1692.1,1692.9,1687.3,1692.2,0
1993-07-06,1696.3,1700.9,1696.3,1700.9,0
1993-07-07,1704.8,1719.8,1702.4,1719.8,0
1993-07-08,1755.9,1783.8,1755.9,1783.7,0
1993-07-09,1802.7,1804.6,1790.3,1797.4,0
1993-07-12,1803.7,1818.5,1801.9,1818.2,0
1993-07-13,1812.1,1812.1,1798,1807.2,0
1993-07-14,1809.4,1821.3,1809.4,1811.6,0
1993-07-15,1818.7,1820.8,1807.7,1807.7,0
1993-07-16,1808.7,1817.5,1806.1,1813.5,0
1993-07-19,1829.1,1841.2,1829.1,1836.3,0
1993-07-20,1831.9,1844.5,1831.9,1839,0
1993-07-21,1828.1,1828.1,1815.9,1823.8,0
1993-07-22,1823.7,1830.2,1823.5,1823.5,0
1993-07-23,1827.2,1833.4,1826.5,1830.8,0
1993-07-26,1842,1854.8,1842,1854.5,0
1993-07-27,1849.5,1853.3,1843,1845.2,0
1993-07-28,1846.9,1846.9,1833.9,1833.9,0
1993-07-29,1834.8,1835.8,1826.3,1833.7,0
1993-07-30,1834.8,1835,1800,1803.2,0
1993-08-02,1795.4,1823.6,1795.4,1815.1,0
1993-08-03,1826.6,1845.7,1826.6,1843.4,0
1993-08-04,1866.2,1880.2,1860.3,1860.6,0
1993-08-05,1856.3,1867.5,1845.7,1860.7,0
1993-08-06,1868.2,1879.2,1867.5,1869.4,0
1993-08-09,1870.1,1876.2,1869.2,1872.3,0
1993-08-10,1878.1,1879.5,1865.2,1865.2,0
1993-08-11,1867.5,1878.6,1865.7,1865.8,0
1993-08-12,1899.5,1907.5,1897.4,1905,0
1993-08-13,1901.1,1908.4,1894.9,1906.6,0
1993-08-16,1921.9,1931.4,1912.1,1912.2,0
1993-08-17,1897.6,1910.5,1895.8,1910.2,0
1993-08-18,1921.1,1936.3,1919.6,1935.7,0
1993-08-19,1936.8,1946.4,1929.6,1939,0
1993-08-20,1931.2,1931.2,1922.7,1922.7,0
1993-08-23,1905.9,1905.9,1888.3,1888.3,0
1993-08-24,1899,1906.5,1892.2,1897.7,0
1993-08-25,1912,1921.7,1912,1917.8,0
1993-08-26,1909.9,1914.7,1897,1901.2,0
1993-08-27,1891,1908.5,1887.8,1904.6,0
1993-08-30,1916.1,1922.5,1914.3,1921.9,0
1993-08-31,1934.2,1944.9,1934.2,1944.9,0
1993-09-01,1938.4,1938.5,1918.6,1918.6,0
1993-09-02,1913.1,1925.6,1908.6,1925.6,0
1993-09-03,1937.7,1943.1,1925.2,1925.2,0
1993-09-06,1912.3,1916,1905.8,1910.3,0
1993-09-07,1911.2,1911.2,1885.9,1886,0
1993-09-08,1869.3,1885.8,1865.4,1885.3,0
1993-09-09,1874.6,1886.9,1871.9,1880.8,0
1993-09-10,1874.2,1880.1,1861.4,1861.4,0
1993-09-13,1869.3,1877.4,1869.3,1872.6,0
1993-09-14,1878.9,1884.8,1876.8,1880.6,0
1993-09-15,1874,1874,1860.2,1860.4,0
1993-09-16,1857.5,1858.8,1852,1855.7,0
1993-09-17,1867.6,1885,1867.6,1882,0
1993-09-20,1887.6,1912.9,1887.6,1912.8,0
1993-09-21,1920.8,1933.1,1917.1,1925.9,0
1993-09-22,1890.4,1898.5,1884.6,1893,0
1993-09-23,1912.2,1917.7,1910.4,1916.5,0
1993-09-24,1894.5,1895.6,1884.7,1885.9,0
1993-09-27,1910.8,1920.3,1910.8,1912.2,0
1993-09-28,1913.7,1921.5,1907.7,1913.6,0
1993-09-29,1911,1916.2,1907.3,1907.7,0
1993-09-30,1911.4,1919.6,1911.4,1915.7,0
1993-10-01,1912.9,1915.4,1910,1912.1,0
1993-10-04,1917.5,1927.7,1917.5,1923.7,0
1993-10-05,1962.9,1982.8,1962.9,1972.7,0
1993-10-06,1994.1,1997.7,1980.6,1987.1,0
1993-10-07,1989.7,2000.4,1987.9,1997,0
1993-10-08,1986,2005,1983.2,2005,0
1993-10-11,2014.3,2021.2,2010.3,2011,0
1993-10-12,2004.9,2005.3,1995.4,1998.6,0
1993-10-13,2008.3,2012.9,2001.5,2001.5,0
1993-10-14,1993.5,1993.5,1985.4,1990.1,0
1993-10-15,2004.6,2018,2004.6,2015,0
1993-10-18,2030.9,2043.4,2030.9,2033.3,0
1993-10-19,2033,2034.2,2021.9,2026.8,0
1993-10-20,2036.3,2042.6,2034,2042.6,0
1993-10-21,2028.2,2040.3,2023.2,2034.7,0
1993-10-22,2052.5,2067.2,2052.1,2066.2,0
1993-10-25,2069.3,2075.7,2063.1,2074.4,0
1993-10-26,2069.5,2074.8,2058.2,2058.7,0
1993-10-27,2047.8,2049,2040.4,2043.1,0
1993-10-28,2034.2,2040.8,2032.8,2038.5,0
1993-10-29,2059.2,2070,2059.2,2069,0
1993-11-01,2064.7,2065.1,2061.2,2062.1,0
1993-11-02,2071.8,2097.8,2071.8,2095.6,0
1993-11-03,2095.2,2101.6,2083.1,2084.4,0
1993-11-04,2071,2071,2056.3,2062.6,0
1993-11-05,2019.9,2021.5,2003.8,2012.6,0
1993-11-08,2024.8,2031.3,2005.4,2010.8,0
1993-11-09,2012.4,2025.8,2005.8,2022.8,0
1993-11-10,2027.6,2039.6,2022.2,2023.8,0
1993-11-11,2023.1,2023.3,2014.9,2023.3,0
1993-11-12,2012.8,2017.6,2010.9,2015,0
1993-11-15,2034.3,2051.4,2034.3,2049.1,0
1993-11-16,2058.4,2076.9,2058.4,2071.7,0
1993-11-18,2094.9,2099.5,2084,2085.3,0
1993-11-19,2077.8,2078.8,2070,2077.4,0
1993-11-22,2055,2055,2030,2030,0
1993-11-23,2024.4,2041.8,2015.2,2027.4,0
1993-11-24,2042.7,2045.7,2027.6,2029.6,0
1993-11-25,2030.7,2049.4,2030.2,2047.7,0
1993-11-26,2053.2,2054,2044.1,2047.2,0
1993-11-29,2037.6,2047.1,2037.5,2043.4,0
1993-11-30,2050.6,2061.5,2050.6,2057.8,0
1993-12-01,2072.7,2089.9,2072.7,2089.9,0
1993-12-02,2112.4,2115.6,2104.1,2110.5,0
1993-12-03,2114.5,2123.1,2114.5,2120.6,0
1993-12-06,2131.7,2133.3,2117.9,2118.8,0
1993-12-07,2124.2,2128.6,2113.7,2115.5,0
1993-12-08,2132.2,2150.3,2132.2,2148.1,0
1993-12-09,2170.2,2176.1,2162.8,2175.8,0
1993-12-10,2164.5,2167.6,2156.2,2161.1,0
1993-12-13,2178.2,2187.3,2171.8,2172.8,0
1993-12-14,2167.3,2173.8,2147,2150,0
1993-12-15,2144,2144,2110.4,2110.7,0
1993-12-16,2139.4,2143.9,2130.6,2137.5,0
1993-12-17,2142.9,2151,2142.4,2151,0
1993-12-20,2169.5,2178.2,2166.9,2178.2,0
1993-12-21,2191.4,2191.7,2175.5,2182.9,0
1993-12-22,2183.3,2197.9,2183,2197.5,0
1993-12-23,2210.5,2227.9,2210.5,2222.8,0
1993-12-27,2240.3,2254,2240.3,2254,0
1993-12-28,2278.3,2284.6,2219,2242.8,0
1993-12-29,2233,2233,2211.1,2214.7,0
1993-12-30,2227.7,2266.7,2227.7,2266.7,0
1994-01-03,2241.7,2268.9,2236.7,2268,0
1994-01-04,2262.7,2262.7,2248.5,2253.6,0
1994-01-05,2255.8,2258.6,2229.3,2233.4,0
1994-01-06,2211.3,2223.9,2205.5,2220.2,0
1994-01-07,2207.7,2211.6,2187.3,2211.6,0
1994-01-10,2231.9,2236.9,2224.2,2233.8,0
1994-01-11,2223.7,2233.7,2222.8,2228.8,0
1994-01-12,2222.8,2222.8,2201.6,2209.2,0
1994-01-13,2179.7,2190,2151.6,2164.7,0
1994-01-14,2121.7,2149.9,2105.9,2141.8,0
1994-01-17,2140.4,2154.5,2133.2,2137.4,0
1994-01-18,2123,2123,2107.3,2113.8,0
1994-01-19,2130.4,2142.9,2125.1,2134.4,0
1994-01-20,2134.9,2140.4,2110.7,2116.2,0
1994-01-21,2090,2090,2071.4,2075.6,0
1994-01-24,2049.8,2082.9,2035.8,2080,0
1994-01-25,2113.1,2127.9,2113.1,2126.8,0
1994-01-26,2116.4,2120.8,2106,2119.2,0
1994-01-27,2129.5,2139.9,2123.3,2125.1,0
1994-01-28,2132.3,2138.7,2130.7,2133.5,0
1994-01-31,2166.4,2177.5,2162.8,2177.5,0
1994-02-01,2183.5,2198.2,2173.9,2179.7,0
1994-02-02,2182.7,2187.3,2178.6,2184,0
1994-02-03,2186.8,2187.9,2151.7,2151.7,0
1994-02-04,2133,2141.9,2121.8,2138.3,0
1994-02-07,2091.9,2091.9,2073.5,2079.4,0
1994-02-08,2094.2,2120.8,2094.2,2107.2,0
1994-02-09,2088.7,2097.6,2076.3,2085.3,0
1994-02-10,2105.9,2129.1,2105.9,2119,0
1994-02-11,2112.7,2114.4,2087.9,2090.6,0
1994-02-14,2108.7,2122.7,2108.7,2116,0
1994-02-15,2104.7,2115.6,2097.5,2115.6,0
1994-02-16,2123.7,2139.4,2123.7,2136.6,0
1994-02-17,2141.3,2142.1,2127.9,2128.7,0
1994-02-18,2155.2,2155.9,2147.3,2152,0
1994-02-21,2119.1,2123.8,2114.1,2119.5,0
1994-02-22,2114.7,2115.4,2099.6,2107.6,0
1994-02-23,2123.7,2133,2123.7,2127.7,0
1994-02-24,2124,2124,2090.3,2090.3,0
1994-02-25,2075.5,2080.6,2065.5,2075,0
1994-02-28,2092.2,2095.5,2082.8,2091.6,0
1994-03-01,2090.5,2091.9,2066.2,2067.1,0
1994-03-02,2038.2,2038.2,1992.7,2020.3,0
1994-03-03,2034.1,2055.9,2034.1,2038,0
1994-03-04,2046.5,2061.2,2044.4,2060.1,0
1994-03-07,2099.6,2109,2097.6,2109,0
1994-03-08,2120.8,2128.1,2116.2,2124,0
1994-03-09,2121.7,2129.7,2115,2115.1,0
1994-03-10,2133.6,2142.6,2133.3,2141.1,0
1994-03-11,2112.6,2112.6,2092.8,2103.5,0
1994-03-14,2133.3,2150.8,2133.3,2145.2,0
1994-03-15,2165.4,2171.9,2163.9,2165.6,0
1994-03-16,2184.2,2188.1,2172.1,2172.7,0
1994-03-17,2171.4,2175.1,2165.7,2175.1,0
1994-03-18,2164.4,2164.4,2149.9,2155.6,0
1994-03-21,2126.1,2139.7,2125.1,2131.3,0
1994-03-22,2149.3,2155.3,2140.8,2141.3,0
1994-03-23,2161.8,2168.2,2158.6,2161.1,0
1994-03-24,2152.1,2171.4,2152.1,2161.7,0
1994-03-25,2146.7,2150.5,2130.1,2130.1,0
1994-03-28,2142.3,2165.7,2142.3,2161.4,0
1994-03-29,2174,2175.1,2165.2,2168.4,0
1994-03-30,2145.7,2147.5,2138.2,2147.5,0
1994-03-31,2138.4,2138.4,2124.4,2133.1,0
1994-04-05,2134.1,2160.2,2134.1,2158.3,0
1994-04-06,2189.7,2194.8,2182.1,2191.2,0
1994-04-07,2189.8,2205.2,2187.8,2201.4,0
1994-04-08,2209.9,2219.4,2203.3,2203.4,0
1994-04-11,2220.4,2234,2220.4,2225.3,0
1994-04-12,2220,2222.8,2210.6,2210.6,0
1994-04-13,2205.9,2210.3,2196.3,2209.2,0
1994-04-14,2209.9,2209.9,2197.2,2198.7,0
1994-04-15,2204.4,2207.7,2196.9,2200.4,0
1994-04-18,2223.7,2237.2,2223.7,2228.8,0
1994-04-19,2220.7,2221.9,2172.3,2172.4,0
1994-04-20,2189.5,2197.2,2182.6,2182.6,0
1994-04-21,2191,2201.7,2180,2197,0
1994-04-22,2208.1,2218.9,2207.9,2213.9,0
1994-04-25,2209.1,2215.6,2202.1,2202.2,0
1994-04-26,2226.9,2246,2226.9,2243.2,0
1994-04-27,2251.6,2259.2,2246.1,2253.6,0
1994-04-28,2261.2,2263.7,2247,2251.2,0
1994-04-29,2243.3,2248.3,2235.9,2246,0
1994-05-02,2261,2272.6,2260.8,2268.7,0
1994-05-03,2259,2259,2244.2,2252.3,0
1994-05-04,2249.9,2259.2,2247.8,2249,0
1994-05-05,2233.4,2238.2,2226.7,2235.8,0
1994-05-06,2237.3,2246.4,2237,2237,0
1994-05-09,2222.8,2222.8,2206.9,2218.9,0
1994-05-10,2229.7,2235.4,2226.3,2235.2,0
1994-05-11,2247,2250.1,2237.9,2243.6,0
1994-05-13,2257.4,2258.9,2253.6,2258.8,0
1994-05-16,2274.7,2282.6,2270.1,2271.1,0
1994-05-17,2269.1,2269.1,2257.9,2259.7,0
1994-05-18,2276.9,2279,2267,2267.4,0
1994-05-19,2258.6,2258.6,2244.7,2247.8,0
1994-05-20,2243.1,2251.8,2242.6,2249.7,0
1994-05-24,2215.9,2215.9,2198.7,2198.7,0
1994-05-25,2195.6,2195.6,2154.4,2158.8,0
1994-05-26,2144.1,2154,2124.6,2130.3,0
1994-05-27,2152.4,2158.3,2140.9,2141,0
1994-05-30,2132.3,2133.3,2110,2118.2,0
1994-05-31,2114.9,2129.2,2107.9,2127.7,0
1994-06-01,2131.9,2134.9,2119.7,2129.7,0
1994-06-03,2123.2,2148.7,2123.2,2148.4,0
1994-06-06,2163.5,2167.5,2160.5,2163.1,0
1994-06-07,2157.4,2157.4,2135.1,2135.1,0
1994-06-08,2132.2,2149.3,2129.6,2145.2,0
1994-06-09,2138.6,2145.1,2129.2,2129.3,0
1994-06-10,2133.6,2143,2132.8,2133.1,0
1994-06-13,2134.5,2135.3,2105.7,2105.8,0
1994-06-14,2078.5,2078.5,2064.8,2074.7,0
1994-06-15,2074.4,2085.6,2070.7,2074.7,0
1994-06-16,2057.1,2061.3,2049.1,2054.9,0
1994-06-17,2058.1,2063.8,2048,2050.7,0
1994-06-20,2021.2,2021.2,1959.8,1968.8,0
1994-06-21,1990.7,1996.3,1977.3,1983.3,0
1994-06-22,1993.2,2003.5,1983.5,1994.4,0
1994-06-23,2029.2,2038.5,2021.8,2022.1,0
1994-06-24,1999.5,2008.7,1996,2005.3,0
1994-06-27,1986.6,1992.7,1966.8,1988.6,0
1994-06-28,2018.2,2021.4,2009.7,2018.3,0
1994-06-29,2034.9,2046.3,2031.3,2046.3,0
1994-06-30,2049,2051.3,2022.6,2025.3,0
1994-07-01,2030.3,2040.8,2027.4,2036.5,0
1994-07-04,2048.4,2056.5,2040.5,2054.4,0
1994-07-05,2044.9,2044.9,2028.4,2032.7,0
1994-07-06,2039.6,2047.5,2035.3,2035.7,0
1994-07-07,2039.8,2050.8,2039.8,2043.9,0
1994-07-08,2045.4,2051,2044.1,2050.9,0
1994-07-11,2060.4,2073,2059.6,2065.7,0
1994-07-12,2060.7,2060.7,2044.8,2048.1,0
1994-07-13,2054.1,2064.1,2053.6,2054,0
1994-07-14,2056.8,2058,2053.3,2055.6,0
1994-07-15,2073.3,2096.7,2073.3,2093.6,0
1994-07-18,2089.4,2099.9,2085.4,2098.2,0
1994-07-19,2118.9,2128.8,2114.5,2128.8,0
1994-07-20,2120.6,2140.1,2114.5,2138.7,0
1994-07-21,2116.4,2117.2,2108.5,2113.3,0
1994-07-22,2122.7,2150.3,2122.7,2150.3,0
1994-07-25,2136.6,2145.4,2132.4,2136.2,0
1994-07-26,2145.6,2158.4,2145.6,2152,0
1994-07-27,2148.9,2149.5,2139.5,2140.4,0
1994-07-28,2129,2129.9,2120.9,2122.8,0
1994-07-29,2141,2148.2,2141,2146.6,0
1994-08-01,2150.9,2160,2149.4,2153.8,0
1994-08-02,2181.7,2186.5,2179.8,2186.4,0
1994-08-03,2188.6,2200.3,2181.4,2198.9,0
1994-08-04,2191.3,2191.8,2181.8,2183.4,0
1994-08-05,2182,2192.4,2182,2184.8,0
1994-08-08,2178.5,2185.6,2178,2184.7,0
1994-08-09,2182.3,2182.3,2163.6,2164.2,0
1994-08-10,2162.6,2163.9,2153.7,2160.4,0
1994-08-11,2173.3,2177.3,2152.9,2155.3,0
1994-08-12,2140.7,2140.7,2114.8,2124.7,0
1994-08-15,2132.9,2141.8,2126.1,2138.8,0
1994-08-16,2143.6,2145.7,2138.8,2143.1,0
1994-08-17,2159.5,2170.9,2159.5,2162.3,0
1994-08-18,2161.1,2161.4,2151.5,2153.6,0
1994-08-19,2151.1,2151.2,2144,2149.6,0
1994-08-22,2143.1,2143.1,2123.8,2123.8,0
1994-08-23,2098.5,2107.9,2086.9,2107.9,0
1994-08-24,2109,2128.9,2109,2126.4,0
1994-08-25,2145.8,2156.3,2145.8,2152.2,0
1994-08-26,2141.9,2161.8,2140.3,2161.5,0
1994-08-29,2189.4,2204,2189.4,2193.2,0
1994-08-30,2205.2,2216,2200.1,2210.9,0
1994-08-31,2208,2218.6,2207.6,2212.9,0
1994-09-01,2203,2205.4,2187.8,2200.8,0
1994-09-02,2198.6,2211.9,2198.6,2204.7,0
1994-09-05,2178.7,2183,2174.5,2174.5,0
1994-09-06,2169,2177,2162.2,2165.9,0
1994-09-07,2170.5,2177,2158.7,2163.8,0
1994-09-08,2170.5,2173.4,2164.6,2172.4,0
1994-09-09,2177.8,2192.1,2177.8,2185.2,0
1994-09-12,2152.2,2154.7,2140.7,2154.6,0
1994-09-13,2147.9,2148.5,2132.9,2136.1,0
1994-09-14,2140.3,2144.7,2124.1,2124.1,0
1994-09-15,2127.1,2129.5,2113.5,2114,0
1994-09-16,2138.7,2138.7,2114.2,2118.7,0
1994-09-19,2095.8,2108.1,2089.7,2096.8,0
1994-09-20,2088.3,2088.3,2076.1,2079,0
1994-09-21,2069,2081.3,2065,2079.5,0
1994-09-22,2077.2,2085.4,2069.5,2073,0
1994-09-23,2078.2,2091.3,2076.8,2089.1,0
1994-09-26,2088.4,2092.5,2066.5,2068.7,0
1994-09-27,2063.5,2063.5,2052.7,2058.7,0
1994-09-28,2065.1,2073.9,2063,2068.1,0
1994-09-29,2043.8,2047.8,2037,2043.6,0
1994-09-30,2025,2025,2005.6,2011.8,0
1994-10-04,1991.8,1997.3,1987.5,1995,0
1994-10-05,1971.2,1971.2,1956.4,1968.7,0
1994-10-06,1967.1,1971.3,1953.2,1961,0
1994-10-07,1960.8,1968,1956.5,1960.6,0
1994-10-10,2002.4,2030.5,2002.4,2024.8,0
1994-10-11,2055.9,2071.1,2046.8,2071.1,0
1994-10-12,2075.3,2087.2,2070.8,2077.6,0
1994-10-13,2074.1,2085.2,2070.7,2082.6,0
1994-10-14,2098.5,2107.8,2098.2,2105.7,0
1994-10-17,2138.8,2146.6,2090.4,2090.9,0
1994-10-18,2076.9,2085.2,2065,2084.8,0
1994-10-19,2078.5,2079.7,2047.3,2051.2,0
1994-10-20,2065.2,2071.7,2056.4,2070,0
1994-10-21,2034.7,2034.7,2020.4,2022.2,0
1994-10-24,2025.3,2034.6,2022.6,2025.4,0
1994-10-25,1997.3,1997.3,1974.3,1974.6,0
1994-10-26,2013.3,2023.3,2011.2,2020.5,0
1994-10-27,2018.8,2023.6,2010,2013.2,0
1994-10-28,2031.6,2046,2031.6,2040.3,0
1994-10-31,2072,2085.6,2071.6,2071.6,0
1994-11-01,2062,2072.4,2059.3,2069.7,0
1994-11-02,2047.8,2049.5,2042.1,2042.4,0
1994-11-03,2040.4,2052.3,2037.4,2051.5,0
1994-11-04,2063.4,2073.8,2063.4,2067.6,0
1994-11-07,2051.3,2051.3,2041.7,2043.5,0
1994-11-08,2048.7,2056.6,2048.7,2053.4,0
1994-11-09,2077.7,2097.1,2077.7,2096.5,0
1994-11-10,2083.4,2086,2074.4,2082.4,0
1994-11-11,2077.7,2080.5,2073.1,2078.4,0
1994-11-14,2086.8,2094.3,2086.8,2089.3,0
1994-11-15,2101.4,2114.4,2098.9,2110.8,0
1994-11-17,2105.4,2106.8,2095.6,2102.7,0
1994-11-18,2099.6,2105.2,2095.8,2100.2,0
1994-11-21,2102.7,2109.5,2101.7,2105.3,0
1994-11-22,2086.2,2086.2,2072.9,2074.8,0
1994-11-23,2044.7,2044.9,2033,2033.3,0
1994-11-24,2054.6,2060.3,2046.7,2056,0
1994-11-25,2056.5,2057.5,2051.1,2051.6,0
1994-11-28,2068.2,2068.7,2058.4,2058.5,0
1994-11-29,2055.1,2055.1,2044,2044.3,0
1994-11-30,2044.9,2049.8,2041.9,2048.3,0
1994-12-01,2051.1,2051.1,2041.7,2046.6,0
1994-12-02,2041.6,2042.2,2035.9,2038.5,0
1994-12-05,2062.1,2074.3,2062.1,2071.1,0
1994-12-06,2059.9,2060,2041.6,2046.9,0
1994-12-07,2053.2,2057.7,2048.2,2055.6,0
1994-12-08,2042.3,2045,2038.4,2042.2,0
1994-12-09,2029.8,2033,2027.1,2028.3,0
1994-12-12,2035,2038.5,2024.7,2024.8,0
1994-12-13,2018.9,2018.9,2009.5,2011.3,0
1994-12-14,2020.2,2030.8,2020.2,2024.8,0
1994-12-15,2049.5,2054.9,2048.9,2052.6,0
1994-12-16,2062.4,2073.3,2062.2,2070.1,0
1994-12-19,2081.1,2092.2,2075.7,2075.9,0
1994-12-20,2074.6,2080.5,2072.6,2079.9,0
1994-12-21,2084.8,2087.9,2080.4,2086.7,0
1994-12-22,2092.9,2102,2091.9,2100.7,0
1994-12-23,2098.8,2098.8,2091.8,2094,0
1994-12-27,2106.6,2108.3,2104.6,2106.2,0
1994-12-28,2108.8,2113.9,2107.6,2109,0
1994-12-29,2086.9,2087,2077,2077,0
1994-12-30,2075.8,2106.6,2075.8,2106.6,0
1995-01-02,2084.1,2086.8,2075.9,2079.5,0
1995-01-03,2078.1,2078.1,2070.3,2074.8,0
1995-01-04,2078.2,2080.8,2071.2,2072.3,0
1995-01-05,2072.8,2072.8,2060.7,2062.5,0
1995-01-06,2050.7,2054.4,2045.5,2053.9,0
1995-01-09,2063.1,2069.1,2055.7,2059.2,0
1995-01-10,2047,2051.1,2044.5,2051.1,0
1995-01-11,2052.4,2062,2052.4,2061.1,0
1995-01-12,2069.4,2074.9,2069.1,2071.3,0
1995-01-13,2063.9,2063.9,2052,2055.6,0
1995-01-16,2077.8,2089.6,2077.8,2085.6,0
1995-01-17,2086.8,2089.7,2083.5,2083.9,0
1995-01-18,2080.5,2080.5,2075.4,2078.9,0
1995-01-19,2089.1,2092.2,2087.9,2089.4,0
1995-01-20,2063.4,2064.6,2054.5,2055.6,0
1995-01-23,2033.5,2035.3,2024.2,2026.8,0
1995-01-24,2029.2,2030.2,2018,2018,0
1995-01-25,2020.1,2035.5,2017.8,2026.8,0
1995-01-26,2031.2,2038.4,2029.6,2030.7,0
1995-01-27,2025.6,2034.7,2024.8,2031.7,0
1995-01-30,2026.5,2036.4,2026.3,2035,0
1995-01-31,2027.8,2028.5,2017.9,2021.3,0
1995-02-01,2037.7,2050.1,2037.7,2048.4,0
1995-02-02,2044.8,2051.8,2043.6,2045.3,0
1995-02-03,2055.6,2061,2055.1,2058,0
1995-02-06,2084.9,2093.1,2084.9,2089.7,0
1995-02-07,2094.6,2097.2,2090.9,2092.5,0
1995-02-08,2083.8,2088.5,2082.4,2087.6,0
1995-02-09,2086.1,2112.7,2086.1,2112.7,0
1995-02-10,2123.7,2131.8,2122.1,2130.2,0
1995-02-13,2122.5,2124.8,2115,2117,0
1995-02-14,2129.3,2136.3,2129.3,2133.2,0
1995-02-15,2124.9,2137.9,2123.3,2135,0
1995-02-16,2145.7,2145.7,2114.7,2115.7,0
1995-02-17,2108.2,2117,2106.7,2117,0
1995-02-20,2107,2107,2098.3,2101.5,0
1995-02-21,2095.6,2101.8,2093.9,2097,0
1995-02-22,2091.8,2099.2,2089.7,2093.2,0
1995-02-23,2104.2,2121.9,2104.2,2118.2,0
1995-02-24,2119.9,2121.4,2114.8,2118.6,0
1995-02-27,2107.1,2108.3,2099.2,2099.3,0
1995-02-28,2106.1,2112.3,2101.8,2102.2,0
1995-03-01,2114.5,2130.4,2114.5,2126.2,0
1995-03-02,2121.6,2121.6,2116.6,2118.7,0
1995-03-03,2109,2112.2,2106.5,2109.5,0
1995-03-06,2092.3,2092.3,2065.8,2070.3,0
1995-03-07,2067.5,2072.7,2053.3,2053.3,0
1995-03-08,2027.5,2033.7,2017,2025.2,0
1995-03-09,2039.6,2040.3,1999.5,2001.6,0
1995-03-10,1983.8,1995.8,1975.9,1994,0
1995-03-13,2009.8,2018,1999.5,1999.5,0
1995-03-14,1996.9,2004.7,1987.1,2000.5,0
1995-03-15,2013.2,2022.7,2010.1,2010.1,0
1995-03-16,2010.9,2013.7,1992.1,1992.1,0
1995-03-17,2007.3,2013.2,2001.7,2005.2,0
1995-03-20,1993.5,1996.9,1985.6,1991.8,0
1995-03-21,2001.5,2007.1,1981.5,1983,0
1995-03-22,1985.9,1986.9,1979.2,1984.1,0
1995-03-23,1978.3,1980.1,1936.1,1936.1,0
1995-03-24,1924.6,1927.1,1914.3,1925.4,0
1995-03-27,1941.7,1949.4,1940.3,1946.9,0
1995-03-28,1939.9,1940,1905.6,1911,0
1995-03-29,1897.8,1920.9,1893.6,1918.9,0
1995-03-30,1925,1926,1905.2,1918.5,0
1995-03-31,1941.2,1942.6,1921.4,1922.6,0
1995-04-03,1915.1,1930.8,1914.1,1930.8,0
1995-04-04,1949.6,1966.9,1949.6,1965,0
1995-04-05,1960.7,1969.9,1956.1,1969.8,0
1995-04-06,1963.6,1981.3,1963.2,1979.3,0
1995-04-07,1982.2,1987.7,1978.8,1981.9,0
1995-04-10,1987.7,1989.2,1966.6,1972.3,0
1995-04-11,1985.4,1994,1985.1,1993.7,0
1995-04-12,1984.7,1990,1983.1,1988.5,0
1995-04-13,1985.3,1988.1,1983.2,1986.5,0
1995-04-18,1968.4,1970.7,1965.3,1965.3,0
1995-04-19,1948.4,1954.9,1943.1,1951,0
1995-04-20,1948.7,1959.3,1948.6,1956,0
1995-04-21,1970.6,1980.5,1970.6,1976.6,0
1995-04-24,1982.7,1987.7,1976.1,1976.2,0
1995-04-25,1992.9,2011.4,1992.9,2007,0
1995-04-26,2020.9,2030.7,2016.9,2029.5,0
1995-04-27,2022.4,2026.1,2014.8,2026.1,0
1995-04-28,2025.9,2026.7,2013.8,2015.9,0
1995-05-02,2029.6,2040.9,2029.6,2035.9,0
1995-05-03,2032.5,2032.5,2022.1,2028.7,0
1995-05-04,2051.1,2052.1,2041.1,2044.8,0
1995-05-05,2033.5,2033.5,2023.3,2023.8,0
1995-05-08,2020.6,2025,2015.9,2024.8,0
1995-05-09,2038.7,2041.9,2034.4,2039.6,0
1995-05-10,2057.4,2064,2055.3,2059.1,0
1995-05-11,2062.1,2079.4,2059.1,2078.1,0
1995-05-12,2100.6,2101.8,2090.4,2096.9,0
1995-05-15,2094.3,2097.7,2086.3,2086.7,0
1995-05-16,2088.7,2110.6,2088.7,2110.5,0
1995-05-17,2103.2,2107.6,2093.6,2095.3,0
1995-05-18,2092.5,2095.1,2086.4,2087.1,0
1995-05-19,2072.3,2077.7,2062.8,2065.1,0
1995-05-22,2074.4,2083.4,2070.9,2083.2,0
1995-05-23,2085.2,2087,2079.7,2080.4,0
1995-05-24,2105.1,2110.7,2104.3,2105.1,0
1995-05-26,2086,2086,2071.5,2077.9,0
1995-05-29,2069,2071,2062.7,2067.4,0
1995-05-30,2074.3,2093.4,2074.3,2087.7,0
1995-05-31,2087.6,2092.2,2084.7,2092.2,0
1995-06-01,2118.3,2134.4,2118.3,2126.4,0
1995-06-02,2129.1,2136.3,2129.1,2136.3,0
1995-06-06,2147.9,2154.1,2143.5,2146.4,0
1995-06-07,2142.1,2144.7,2136,2141.1,0
1995-06-08,2141.8,2144.1,2127,2131,0
1995-06-09,2125.7,2125.7,2119,2121.8,0
1995-06-12,2106.4,2119.6,2104.5,2119.6,0
1995-06-13,2125.5,2130.9,2113.6,2115.1,0
1995-06-14,2130.2,2135.7,2127.9,2128,0
1995-06-16,2128.6,2128.6,2118.2,2120,0
1995-06-19,2128.5,2143.3,2128.5,2141.8,0
1995-06-20,2151,2155.8,2135.8,2136.7,0
1995-06-21,2144.8,2152.9,2143.7,2143.7,0
1995-06-22,2143.4,2149.9,2134.5,2148.7,0
1995-06-23,2150.7,2152.9,2134.4,2139.8,0
1995-06-26,2141.5,2143.4,2128.1,2130.4,0
1995-06-27,2124.7,2126.7,2119.3,2122.4,0
1995-06-28,2104.6,2104.6,2092.2,2096.4,0
1995-06-29,2100.4,2110.2,2100,2106.6,0
1995-06-30,2091.4,2091.4,2081.7,2083.9,0
1995-07-03,2083.4,2092.3,2081.8,2092.3,0
1995-07-04,2106.6,2115.4,2106.6,2114.9,0
1995-07-05,2114,2114,2104.1,2105.7,0
1995-07-06,2117.1,2122.1,2114.3,2121.2,0
1995-07-07,2141.8,2156.2,2139.4,2153.4,0
1995-07-10,2173.9,2181.1,2172.8,2179.3,0
1995-07-11,2176.8,2202.3,2173.5,2201.9,0
1995-07-12,2194.4,2200.9,2186.8,2199.1,0
1995-07-13,2206.8,2217.4,2206.2,2214.4,0
1995-07-14,2193.2,2196.6,2184.2,2184.9,0
1995-07-17,2200,2205.2,2196.3,2199.6,0
1995-07-18,2196.2,2197.7,2191.9,2193,0
1995-07-19,2178.9,2183.5,2178,2182.9,0
1995-07-20,2181.2,2184.5,2173.1,2184.3,0
1995-07-21,2193.3,2203.7,2193.3,2201.9,0
1995-07-24,2204.2,2206.6,2196.8,2197.5,0
1995-07-25,2227.6,2234.2,2226.2,2229.1,0
1995-07-26,2236.2,2243.6,2236.2,2240.8,0
1995-07-27,2233.5,2239.3,2231,2234.4,0
1995-07-28,2235.6,2241.9,2223.4,2230,0
1995-07-31,2219,2219,2212,2218.7,0
1995-08-01,2222.3,2226.1,2220,2220,0
1995-08-02,2232.2,2241.8,2232.2,2241.5,0
1995-08-03,2245.6,2245.9,2234.7,2240.7,0
1995-08-04,2238.5,2241.4,2235.8,2236,0
1995-08-07,2240.9,2249.8,2240.9,2243.4,0
1995-08-08,2246.2,2246.8,2234.9,2237.7,0
1995-08-09,2234.2,2234.2,2218.6,2221.8,0
1995-08-10,2224.7,2225.7,2214.9,2218.7,0
1995-08-11,2228,2235.7,2223.9,2232.9,0
1995-08-14,2222.4,2222.4,2208.2,2208.5,0
1995-08-15,2219.9,2231.5,2219.9,2227.6,0
1995-08-16,2247.3,2254.9,2247.3,2252.9,0
1995-08-17,2252.4,2260.4,2252.4,2260.3,0
1995-08-18,2262.9,2264.4,2255.4,2263.5,0
1995-08-21,2263,2277.4,2263,2269.4,0
1995-08-22,2265.7,2269,2256.9,2258.9,0
1995-08-23,2263.8,2264.2,2258.1,2263.4,0
1995-08-24,2264.3,2264.7,2254.3,2262.9,0
1995-08-25,2258.1,2258.1,2246.3,2249.3,0
1995-08-28,2248.4,2248.4,2241.1,2241.1,0
1995-08-29,2237.4,2237.4,2230.8,2231.6,0
1995-08-30,2241.3,2244.2,2239.8,2240.1,0
1995-08-31,2242.7,2243.9,2238.3,2238.3,0
1995-09-01,2233.4,2237.9,2232.4,2233.1,0
1995-09-04,2239.5,2252.4,2239.5,2250.3,0
1995-09-05,2262.8,2267,2261,2264.8,0
1995-09-06,2272.8,2282,2272.8,2277.1,0
1995-09-07,2266.1,2268,2255.5,2268,0
1995-09-08,2276.1,2278.9,2271.4,2273.7,0
1995-09-11,2264.5,2264.5,2256.6,2260.8,0
1995-09-12,2269.3,2274.7,2269.3,2270.8,0
1995-09-13,2275.4,2295.5,2275.3,2295.5,0
1995-09-14,2299.3,2308,2298.3,2300,0
1995-09-15,2302.3,2320.2,2302.3,2317,0
1995-09-18,2306.2,2306.2,2295.4,2301.4,0
1995-09-19,2310.2,2315.3,2309.1,2311.3,0
1995-09-20,2316.6,2317.5,2302.2,2305.1,0
1995-09-21,2285.9,2291,2279.4,2287.3,0
1995-09-22,2268.1,2268.1,2209.3,2211.8,0
1995-09-25,2209,2210.6,2202.1,2208.4,0
1995-09-26,2216.7,2231.9,2216.7,2227.9,0
1995-09-27,2215.8,2215.8,2181.2,2185.4,0
1995-09-28,2190.2,2190.7,2163.2,2171.9,0
1995-09-29,2177.1,2190.4,2177.1,2187,0
1995-10-02,2205.4,2207.7,2200.9,2205,0
1995-10-04,2210.2,2219.3,2210.2,2217.8,0
1995-10-05,2212.8,2214.5,2207,2208.8,0
1995-10-06,2175.9,2177.5,2171.4,2171.4,0
1995-10-09,2162.8,2176,2158.7,2168.7,0
1995-10-10,2168.9,2168.9,2137.3,2138.8,0
1995-10-11,2139.7,2148.7,2138.4,2145.3,0
1995-10-12,2161.8,2166.2,2157.1,2158.1,0
1995-10-13,2176,2197.1,2176,2196.8,0
1995-10-16,2200,2201,2191.4,2191.4,0
1995-10-17,2202.2,2207.5,2197.2,2201,0
1995-10-18,2191.8,2194.8,2176.4,2194.8,0
1995-10-19,2192.8,2192.8,2178.3,2179.6,0
1995-10-20,2181.2,2183.2,2166.9,2170.5,0
1995-10-23,2137.1,2137.1,2107.4,2107.4,0
1995-10-24,2122,2129.2,2108.8,2113.6,0
1995-10-25,2128.4,2150.1,2128.4,2150.1,0
1995-10-26,2139.9,2141.9,2130.3,2131.8,0
1995-10-27,2126.7,2132.9,2096.1,2096.1,0
1995-10-30,2136,2147.5,2136,2146.1,0
1995-10-31,2160.5,2168.6,2155.4,2167.9,0
1995-11-01,2157.9,2166.5,2154.3,2163.2,0
1995-11-02,2177.1,2188.3,2177.1,2184,0
1995-11-03,2192.7,2193.8,2180.3,2181.7,0
1995-11-06,2175.5,2175.5,2161.5,2165.8,0
1995-11-07,2163.3,2180.7,2155.3,2175,0
1995-11-08,2182.8,2182.8,2168.8,2172.3,0
1995-11-09,2195.3,2198,2191.9,2192.8,0
1995-11-10,2175.8,2176.2,2164.3,2172.2,0
1995-11-13,2171.5,2180.9,2171.5,2175.3,0
1995-11-14,2188.4,2197.4,2186,2197.3,0
1995-11-15,2188.4,2192.2,2183.7,2186.2,0
1995-11-16,2202.3,2207,2200.7,2200.7,0
1995-11-17,2200.9,2208.4,2197.5,2201.3,0
1995-11-20,2215.6,2220.5,2213.8,2218.3,0
1995-11-21,2203.9,2207.1,2198.3,2205.1,0
1995-11-22,2210.3,2211.1,2192,2193.3,0
1995-11-23,2202,2203.2,2191.4,2192.3,0
1995-11-24,2194.1,2200.3,2194.1,2198.2,0
1995-11-27,2222.2,2238.8,2222.2,2238.1,0
1995-11-28,2249,2249.8,2239.3,2241.5,0
1995-11-29,2247,2256,2242.2,2245.6,0
1995-11-30,2246.7,2246.7,2234.8,2242.8,0
1995-12-01,2259.4,2263.3,2253.2,2260.7,0
1995-12-04,2253.3,2256.8,2249.6,2252.2,0
1995-12-05,2262.9,2265.9,2258.2,2261,0
1995-12-06,2261,2268,2257.4,2267.2,0
1995-12-07,2276.8,2277,2263.1,2263.1,0
1995-12-08,2259.5,2267.6,2257.9,2267.5,0
1995-12-11,2273.5,2279.4,2272.8,2272.8,0
1995-12-12,2281.3,2289.9,2281.3,2289.8,0
1995-12-13,2281.3,2281.3,2274.7,2277.8,0
1995-12-14,2282.8,2289.2,2282.8,2285.9,0
1995-12-15,2279,2284.8,2276.1,2284.8,0
1995-12-18,2270.9,2270.9,2257.4,2266.2,0
1995-12-19,2248.3,2248.8,2232.5,2235.6,0
1995-12-20,2251.5,2264.7,2251.5,2262.1,0
1995-12-21,2260.9,2265.8,2259.7,2265.1,0
1995-12-22,2275.6,2281.6,2274.7,2280.4,0
1995-12-27,2278.6,2280.8,2277.5,2280.4,0
1995-12-28,2277.7,2279.7,2274,2275.8,0
1995-12-29,2272.9,2272.9,2253.9,2253.9,0
1996-01-02,2271.4,2285,2271.4,2284.9,0
1996-01-03,2312.3,2330,2312.3,2329.2,0
1996-01-04,2326.2,2331.6,2322.3,2324.3,0
1996-01-05,2321.6,2331.9,2318.5,2331.9,0
1996-01-08,2327.9,2328.1,2315.5,2323.5,0
1996-01-09,2335.6,2353.2,2335.6,2349.7,0
1996-01-10,2351.3,2353.4,2337.3,2338.2,0
1996-01-11,2331.8,2331.8,2326.3,2329.5,0
1996-01-12,2348.1,2359.4,2346.1,2356.5,0
1996-01-15,2363.3,2368.7,2357.1,2359.1,0
1996-01-16,2374,2378.1,2369.1,2376.9,0
1996-01-17,2377.2,2377.8,2365.8,2371.3,0
1996-01-18,2370.2,2381.9,2370.2,2380.9,0
1996-01-19,2389.1,2404.4,2389.1,2398.8,0
1996-01-22,2392.3,2399.7,2387.3,2390.5,0
1996-01-23,2390,2390,2380.5,2384.5,0
1996-01-24,2411,2423.9,2411,2423.1,0
1996-01-25,2432.5,2448.8,2431.7,2443.7,0
1996-01-26,2437.2,2440.8,2425.6,2432.9,0
1996-01-29,2447.7,2450.1,2435.1,2446.1,0
1996-01-30,2442.3,2445.5,2429.7,2435.8,0
1996-01-31,2462.4,2471.7,2462.4,2470.1,0
1996-02-01,2472,2473.2,2459.3,2459.3,0
1996-02-02,2462.4,2463.1,2451.7,2452.1,0
1996-02-05,2432.1,2432.1,2415.8,2419,0
1996-02-06,2424.6,2433.2,2419.7,2428.3,0
1996-02-07,2442.4,2448.2,2442.4,2446.2,0
1996-02-08,2439,2441.2,2425,2430.2,0
1996-02-09,2418.7,2418.7,2400.7,2411.9,0
1996-02-12,2420.8,2432.4,2420.8,2428.1,0
1996-02-13,2435.5,2438.5,2430.6,2433.9,0
1996-02-14,2428.5,2431.8,2423.4,2427.1,0
1996-02-15,2417.7,2423,2412.7,2423,0
1996-02-16,2425,2432,2425,2429,0
1996-02-19,2404.8,2404.8,2395.7,2398.6,0
1996-02-20,2397.4,2397.6,2381.1,2382.6,0
1996-02-21,2379,2391.1,2375.1,2391.1,0
1996-02-22,2408.7,2423.9,2408.7,2412,0
1996-02-23,2437.6,2453.1,2437.6,2451.8,0
1996-02-26,2448.3,2454.2,2441,2442.3,0
1996-02-27,2436.8,2446.7,2434.4,2444.9,0
1996-02-28,2463.3,2473.9,2463.3,2472.5,0
1996-02-29,2480.9,2484.5,2471.9,2473.6,0
1996-03-01,2494.7,2501.2,2487,2501.2,0
1996-03-04,2494.1,2497.1,2485.8,2488,0
1996-03-05,2496.5,2502.4,2478.1,2479,0
1996-03-06,2474.2,2474.2,2464.3,2466,0
1996-03-07,2479.5,2483.8,2478,2480.9,0
1996-03-08,2478.5,2478.5,2457.3,2469.1,0
1996-03-11,2427.5,2427.5,2400.5,2407.8,0
1996-03-12,2426.8,2445.8,2426.8,2436,0
1996-03-13,2430,2432.1,2417.1,2426.4,0
1996-03-14,2430.3,2432.7,2424.1,2426.5,0
1996-03-15,2450.5,2471,2450.5,2458.2,0
1996-03-18,2452.3,2467.6,2449.8,2463.2,0
1996-03-19,2488.5,2494.3,2486.7,2493.3,0
1996-03-20,2485.4,2490.5,2478.7,2485.9,0
1996-03-21,2498.3,2504.2,2492.2,2504.1,0
1996-03-22,2498.9,2509.4,2496,2504.2,0
1996-03-25,2504.7,2510.3,2500.6,2510.3,0
1996-03-26,2508.3,2513.5,2496.6,2499.3,0
1996-03-27,2519.7,2526.3,2516.3,2525.4,0
1996-03-28,2523.5,2523.5,2503.5,2508.4,0
1996-03-29,2500.7,2500.7,2476.6,2485.9,0
1996-04-01,2495.4,2499.4,2487.4,2489.1,0
1996-04-02,2491.5,2501.2,2490.9,2501.2,0
1996-04-03,2499.7,2500.8,2490.6,2494.4,0
1996-04-04,2494.4,2503.4,2492.6,2495.2,0
1996-04-09,2490,2503.6,2487.1,2503.3,0
1996-04-10,2515.2,2530.8,2515.2,2530,0
1996-04-11,2517.4,2517.4,2506,2509.7,0
1996-04-12,2513.7,2522,2507.5,2511.8,0
1996-04-15,2536.2,2547.7,2536.2,2545.9,0
1996-04-16,2541.3,2542.2,2532.7,2538.4,0
1996-04-17,2533.3,2539.6,2522.5,2524.2,0
1996-04-18,2522.1,2536.3,2519.1,2535.5,0
1996-04-19,2522.4,2538.6,2521.5,2536.5,0
1996-04-22,2550.2,2551.4,2542.5,2545.9,0
1996-04-23,2551.9,2554.8,2547.5,2550.2,0
1996-04-24,2547.6,2547.6,2534.4,2538.3,0
1996-04-25,2535.7,2535.7,2526.3,2532.4,0
1996-04-26,2532.8,2538.2,2529.9,2537.2,0
1996-04-29,2527.1,2527.1,2506.5,2506.5,0
1996-04-30,2497.2,2505.3,2487.3,2505.3,0
1996-05-02,2490.7,2503.8,2487.1,2502.3,0
1996-05-03,2466.3,2466.4,2455.2,2457.5,0
1996-05-06,2464.5,2474.6,2464.5,2468.9,0
1996-05-07,2469.2,2481.4,2469.2,2479.5,0
1996-05-08,2483.9,2484.1,2472.6,2472.6,0
1996-05-09,2475.2,2476,2466.6,2469.4,0
1996-05-10,2466.9,2468.9,2463,2468.8,0
1996-05-13,2495.1,2500.4,2492.5,2496.2,0
1996-05-14,2511.1,2520.6,2509.4,2519.7,0
1996-05-15,2529.1,2533.8,2524.2,2528.8,0
1996-05-17,2529.9,2540,2526,2537.3,0
1996-05-20,2550.3,2553.1,2546.1,2550,0
1996-05-21,2556.3,2571.8,2551.4,2570.8,0
1996-05-22,2556.3,2557.1,2547.9,2556.9,0
1996-05-23,2564.1,2567.5,2557.4,2560.5,0
1996-05-24,2540.5,2543.3,2536.6,2542.2,0
1996-05-28,2553.4,2560.9,2553.4,2558.3,0
1996-05-29,2558.2,2558.2,2550.7,2551.5,0
1996-05-30,2535.1,2537.3,2527,2527.3,0
1996-05-31,2536.9,2544.9,2536.9,2542.8,0
1996-06-03,2526.8,2534.8,2524.4,2532.8,0
1996-06-04,2537.1,2547,2537.1,2546.3,0
1996-06-05,2548.7,2555.2,2548,2552.5,0
1996-06-07,2558.3,2563.6,2555.8,2557.4,0
1996-06-10,2558.6,2559.4,2553.7,2558.8,0
1996-06-11,2550.4,2550.4,2545.4,2546.4,0
1996-06-12,2558.7,2571.6,2558.7,2568.9,0
1996-06-13,2562.9,2567.9,2559.6,2567.5,0
1996-06-14,2563.4,2563.4,2547.8,2548.8,0
1996-06-17,2551.2,2551.9,2544.8,2546.1,0
1996-06-18,2553.9,2553.9,2548.7,2549.3,0
1996-06-19,2553.4,2556.3,2551.7,2554.3,0
1996-06-20,2548.9,2549.7,2537.5,2539.7,0
1996-06-21,2537.9,2544.5,2535,2540.1,0
1996-06-24,2550.8,2566.4,2550.8,2566.4,0
1996-06-25,2569.6,2576.1,2567.6,2573,0
1996-06-26,2576.1,2578.7,2573.7,2573.7,0
1996-06-27,2568.8,2569.5,2551.6,2551.6,0
1996-06-28,2554.6,2562,2554.6,2561.4,0
1996-07-01,2563.9,2567.6,2553.9,2564,0
1996-07-02,2574.8,2581.7,2569.1,2572.3,0
1996-07-03,2568.5,2571.1,2565.7,2569,0
1996-07-04,2570.5,2578.1,2569.1,2577.4,0
1996-07-05,2579.6,2583.7,2578.4,2583.5,0
1996-07-08,2555.7,2555.7,2546.1,2551,0
1996-07-09,2554.5,2564.2,2554.5,2562.2,0
1996-07-10,2566.4,2574.1,2565.5,2567.4,0
1996-07-11,2574,2582.4,2570.8,2575.5,0
1996-07-12,2561.7,2561.7,2544.2,2544.3,0
1996-07-15,2548.4,2554.3,2539.3,2550.5,0
1996-07-16,2509.1,2509.1,2468.1,2469.8,0
1996-07-17,2494.7,2503.1,2494.7,2497.2,0
1996-07-18,2512,2515.2,2505.6,2506.2,0
1996-07-19,2518.3,2525.9,2516.9,2520.2,0
1996-07-22,2504.4,2504.4,2479.3,2482.4,0
1996-07-23,2481.4,2481.4,2473.6,2475.1,0
1996-07-24,2462.7,2465.9,2446.2,2447.8,0
1996-07-25,2468.3,2473.9,2462.3,2465,0
1996-07-26,2466,2475,2466,2470.3,0
1996-07-29,2472.1,2482,2472.1,2477.8,0
1996-07-30,2467.2,2467.2,2453.8,2457.5,0
1996-07-31,2471.2,2474.8,2468.4,2473.4,0
1996-08-01,2492.2,2495.5,2491,2494.5,0
1996-08-02,2506.7,2511,2505.5,2508.7,0
1996-08-05,2517.2,2524.9,2517.2,2520.9,0
1996-08-06,2515.2,2523.7,2515.2,2522.5,0
1996-08-07,2529.5,2534.1,2528.3,2531.9,0
1996-08-08,2539.8,2543.6,2536.9,2538.2,0
1996-08-09,2527.3,2530.4,2521.8,2525.6,0
1996-08-12,2530.8,2530.8,2525.8,2528.2,0
1996-08-13,2536,2540.2,2535.8,2539.4,0
1996-08-14,2543.6,2543.8,2536.7,2538.7,0
1996-08-15,2546,2552.7,2546,2546.3,0
1996-08-16,2549.3,2552.9,2546.7,2548.4,0
1996-08-19,2562.5,2567.2,2559.2,2562.8,0
1996-08-20,2561.1,2565.4,2558.9,2560.3,0
1996-08-21,2546.7,2547.4,2541.8,2543.7,0
1996-08-22,2542.5,2557.3,2536,2557.3,0
1996-08-23,2556.9,2561.8,2555.1,2555.2,0
1996-08-26,2550.3,2554.1,2547.5,2552.4,0
1996-08-27,2550.5,2560,2550.5,2558.8,0
1996-08-28,2568.2,2571.7,2563,2563.2,0
1996-08-29,2557.1,2562.1,2555.7,2560.1,0
1996-08-30,2546.1,2546.1,2536.6,2543.8,0
1996-09-02,2540.8,2540.8,2530,2532.9,0
1996-09-03,2524.1,2526.2,2510.3,2510.8,0
1996-09-04,2531,2536.2,2527.7,2532.4,0
1996-09-05,2531.1,2533.7,2526.2,2529.5,0
1996-09-06,2525.7,2525.7,2515.1,2517,0
1996-09-09,2543.9,2548.9,2534.9,2548.7,0
1996-09-10,2561.3,2571.1,2561.3,2570.1,0
1996-09-11,2567.3,2570.9,2565.6,2566.8,0
1996-09-12,2568.5,2573.6,2565,2570.3,0
1996-09-13,2585,2597.7,2585,2596,0
1996-09-16,2611.4,2630.3,2611.4,2629.9,0
1996-09-17,2628.7,2629.9,2622.7,2628.1,0
1996-09-18,2626.3,2631,2624.9,2625.7,0
1996-09-19,2621.3,2624.9,2620.9,2624.4,0
1996-09-20,2639.9,2650.5,2637.7,2646.1,0
1996-09-23,2633.3,2633.3,2625.6,2627,0
1996-09-24,2633.8,2639.3,2633.2,2638.5,0
1996-09-25,2650.8,2659.7,2649.4,2659,0
1996-09-26,2661.9,2672.6,2661.9,2666.6,0
1996-09-27,2664.9,2664.9,2655.4,2659,0
1996-09-30,2655.2,2655.2,2643.5,2651.9,0
1996-10-01,2647.5,2658.5,2645.9,2655.7,0
1996-10-02,2668.9,2680.1,2668.6,2676.5,0
1996-10-04,2676.1,2683.3,2675.2,2683.3,0
1996-10-07,2698,2704.7,2696.5,2702.6,0
1996-10-08,2696.1,2700.3,2689.6,2691.2,0
1996-10-09,2695.7,2703.4,2692.7,2703,0
1996-10-10,2690.3,2690.3,2679.3,2680.8,0
1996-10-11,2686.3,2688.3,2683.3,2686,0
1996-10-14,2690,2695.8,2689.6,2693.9,0
1996-10-15,2711.2,2728.6,2711.2,2728.5,0
1996-10-16,2727.5,2727.5,2712.4,2714.9,0
1996-10-17,2717.5,2719.9,2713.1,2716.3,0
1996-10-18,2732.3,2739.3,2728.6,2734.8,0
1996-10-21,2734.2,2735.1,2724.2,2729,0
1996-10-22,2722.1,2723.5,2716.6,2719,0
1996-10-23,2724.6,2725.7,2696.9,2699.5,0
1996-10-24,2685.7,2685.7,2674.3,2678.4,0
1996-10-25,2663.3,2678.9,2663.3,2674.2,0
1996-10-28,2694.7,2709.6,2694.7,2703.8,0
1996-10-29,2689.5,2689.5,2672.3,2673.6,0
1996-10-30,2684.3,2691.6,2678.7,2678.7,0
1996-10-31,2678,2678.6,2656.5,2659.3,0
1996-11-01,2675.4,2685.7,2675.4,2683.3,0
1996-11-04,2673.8,2673.8,2665.9,2671.9,0
1996-11-05,2674.8,2691.3,2674.8,2691.3,0
1996-11-06,2719.2,2732.6,2719.2,2729.2,0
1996-11-07,2727.1,2731.6,2704,2713.2,0
1996-11-08,2736.1,2744.9,2736.1,2739.8,0
1996-11-11,2736,2737.1,2728.3,2728.3,0
1996-11-12,2730,2734.4,2726.3,2734.3,0
1996-11-13,2761.8,2776,2761.8,2773.4,0
1996-11-14,2785.1,2785.2,2767.9,2777,0
1996-11-15,2790.3,2799.1,2787.6,2795.8,0
1996-11-18,2793.3,2793.3,2763.8,2763.8,0
1996-11-19,2773.8,2773.8,2758.7,2764.1,0
1996-11-20,2777.3,2784.6,2773.6,2774.5,0
1996-11-21,2765,2774.3,2760.3,2772.3,0
1996-11-22,2764.9,2764.9,2756.1,2763.7,0
1996-11-25,2783.3,2799.2,2783.3,2799.2,0
1996-11-26,2808.7,2820,2808.7,2810.6,0
1996-11-27,2806.9,2807.3,2793.3,2797,0
1996-11-28,2803.5,2818.7,2803.5,2817.5,0
1996-11-29,2838.6,2845.5,2837.6,2845.5,0
1996-12-02,2854.8,2860.2,2853.2,2858.6,0
1996-12-03,2890.7,2895.2,2886.1,2887,0
1996-12-04,2868.5,2874.4,2857.9,2866.1,0
1996-12-05,2889.1,2914.6,2889.1,2909.9,0
1996-12-06,2838.2,2838.2,2760.8,2792,0
1996-12-09,2839.4,2872.6,2839.4,2857.2,0
1996-12-10,2882.2,2893.3,2882.2,2891,0
1996-12-11,2853.7,2853.7,2839.1,2841.1,0
1996-12-12,2844.4,2853,2837.8,2847.1,0
1996-12-13,2813.3,2814.3,2797.5,2799.7,0
1996-12-16,2831.2,2855.8,2831.2,2855.8,0
1996-12-17,2826.7,2826.7,2811.2,2815.1,0
1996-12-18,2816.7,2825.8,2816.7,2820.8,0
1996-12-19,2820.5,2821.7,2802.8,2807.8,0
1996-12-20,2843.7,2857.1,2843.7,2854.5,0
1996-12-23,2847.1,2847.1,2841.4,2845.6,0
1996-12-27,2853.8,2857.3,2852.7,2852.9,0
1996-12-30,2871.2,2888.7,2853.4,2888.7,0
1997-01-02,2855.2,2855.2,2833.8,2848.8,0
1997-01-03,2847.2,2859.3,2842.5,2859.3,0
1997-01-06,2889.3,2899.4,2881.2,2881.3,0
1997-01-07,2876.3,2886.4,2875.1,2886.1,0
1997-01-08,2892.1,2907.4,2892.1,2906.3,0
1997-01-09,2901.6,2901.6,2886.2,2892.6,0
1997-01-10,2922.5,2935.3,2922.5,2933.4,0
1997-01-13,2951.6,2961.3,2951.6,2955,0
1997-01-14,2953.1,2955.8,2947.3,2949,0
1997-01-15,2984.3,2997.1,2984.2,2988.5,0
1997-01-16,2970.5,2998.6,2970.5,2993.3,0
1997-01-17,3006.2,3011.2,2996,3001.4,0
1997-01-20,3021.1,3031.6,3016.4,3030.7,0
1997-01-21,2992.4,2992.4,2972.8,2976.7,0
1997-01-22,3032.4,3041.6,3028.2,3028.7,0
1997-01-23,3018.6,3033.5,3013.4,3033.5,0
1997-01-24,3006.8,3006.8,2990.9,2998.2,0
1997-01-27,2995.3,2998.7,2989,2994.5,0
1997-01-28,2992.1,2993.4,2984.1,2989.3,0
1997-01-29,3002.4,3007.6,2996.9,2999.2,0
1997-01-30,3008.5,3024.7,3008.5,3017.3,0
1997-01-31,3021,3036.5,3019.7,3035.2,0
1997-02-03,3034.3,3062.3,3032.3,3062.3,0
1997-02-04,3082.1,3083.1,3066.8,3067.1,0
1997-02-05,3086.8,3099.8,3085.6,3098,0
1997-02-06,3098.5,3106.7,3098.5,3104.1,0
1997-02-07,3123.5,3140.3,3123.5,3138,0
1997-02-10,3156.2,3185,3156.2,3184.4,0
1997-02-11,3195.4,3196.4,3181.9,3187.6,0
1997-02-12,3215.7,3228.6,3206.1,3216.1,0
1997-02-13,3229.7,3232.1,3221.4,3229.5,0
1997-02-14,3251.8,3260.9,3244.3,3248.2,0
1997-02-17,3237.7,3242.3,3228.7,3232.6,0
1997-02-18,3266.3,3287.8,3266.3,3276.2,0
1997-02-19,3241.4,3250.2,3231.7,3233.8,0
1997-02-20,3195.2,3198.8,3187.1,3196,0
1997-02-21,3179.4,3190.5,3171.1,3184.1,0
1997-02-24,3180.7,3188.5,3176,3184.2,0
1997-02-25,3210.7,3235.5,3210.7,3233.2,0
1997-02-26,3231.2,3237.9,3227.4,3237.9,0
1997-02-27,3271.8,3284.4,3271.8,3276.7,0
1997-02-28,3261.6,3264.2,3251.8,3259.6,0
1997-03-03,3264.5,3268.6,3260.2,3263.9,0
1997-03-04,3301.1,3320.7,3301.1,3320.7,0
1997-03-05,3332.3,3365,3332.3,3365,0
1997-03-06,3416.3,3426.5,3406.9,3417.6,0
1997-03-07,3384.9,3384.9,3371.8,3376.2,0
1997-03-10,3417,3442.9,3417,3436.1,0
1997-03-11,3464.2,3475,3453.5,3460.6,0
1997-03-12,3438.3,3440.8,3404.4,3415.4,0
1997-03-13,3358.6,3358.6,3338.5,3349.8,0
1997-03-14,3338.9,3359.3,3321.3,3359.3,0
1997-03-17,3370.2,3374.7,3351,3351,0
1997-03-18,3341.8,3341.8,3291.2,3291.2,0
1997-03-19,3306.7,3320.2,3293.9,3315.9,0
1997-03-20,3290,3290,3264.7,3264.7,0
1997-03-21,3292.5,3303,3286.9,3298.2,0
1997-03-24,3313.7,3329.5,3313.2,3321.8,0
1997-03-25,3333.8,3350.8,3328.5,3349.1,0
1997-03-26,3382.5,3425.1,3380.4,3418.1,0
1997-03-27,3432.9,3442.6,3413.5,3429.1,0
1997-04-01,3336.1,3336.1,3266.6,3295.9,0
1997-04-02,3306.7,3316.7,3298.1,3301.9,0
1997-04-03,3222.2,3222.2,3192.3,3215.2,0
1997-04-04,3227,3249.2,3226.6,3244.9,0
1997-04-07,3298.4,3326,3298.4,3312.9,0
1997-04-08,3325.5,3339.9,3320.8,3329.8,0
1997-04-09,3353.9,3378.3,3351.4,3359.5,0
1997-04-10,3348.3,3358.2,3342,3351.5,0
1997-04-11,3353.5,3369.3,3336.9,3340.1,0
1997-04-14,3278.4,3285.8,3267,3279.9,0
1997-04-15,3323.3,3337,3323.3,3327.7,0
1997-04-16,3356.4,3368.3,3345.6,3353.5,0
1997-04-17,3371.3,3389.2,3371.3,3383.3,0
1997-04-18,3351.4,3354,3342.6,3344.4,0
1997-04-21,3325.3,3348,3325,3347.6,0
1997-04-22,3347,3356.4,3338.8,3340.3,0
1997-04-23,3387.4,3402.9,3387.4,3396,0
1997-04-24,3393.7,3407.2,3391,3397.4,0
1997-04-25,3390.3,3392.7,3372.3,3374.1,0
1997-04-28,3369.5,3377.7,3361.7,3363.1,0
1997-04-29,3384.3,3389.3,3379.8,3383.2,0
1997-04-30,3428.3,3452.6,3428.3,3438.1,0
1997-05-02,3448.7,3460.4,3448.7,3460.4,0
1997-05-05,3510.9,3533.2,3510.9,3528.8,0
1997-05-06,3563.1,3584.6,3558.3,3568.3,0
1997-05-07,3556.9,3559.7,3543.7,3552,0
1997-05-09,3556.1,3565.1,3551.9,3562.4,0
1997-05-12,3548,3576,3542.6,3575.4,0
1997-05-13,3588.2,3597.4,3581,3595.2,0
1997-05-14,3586,3586,3573.7,3573.7,0
1997-05-15,3570.7,3570.7,3554.8,3562.1,0
1997-05-16,3590.2,3606.8,3590.2,3604.6,0
1997-05-20,3557.4,3557.4,3533.7,3543.4,0
1997-05-21,3572.1,3597,3567.4,3596.1,0
1997-05-22,3610.1,3618.2,3576.2,3579.4,0
1997-05-23,3586.6,3605.3,3584.3,3602.2,0
1997-05-26,3613,3661,3613,3657.9,0
1997-05-27,3668.8,3678.5,3664.4,3674.4,0
1997-05-28,3680.6,3695.3,3632.3,3636.4,0
1997-05-30,3618,3618,3544.2,3562.7,0
1997-06-02,3551,3618.2,3544.5,3596.4,0
1997-06-03,3603,3655.8,3603,3655.6,0
1997-06-04,3659.5,3669.6,3644,3651.6,0
1997-06-05,3650.6,3690.9,3650.5,3684.6,0
1997-06-06,3690.1,3707.7,3681.2,3700.5,0
1997-06-09,3717.1,3734.1,3662.1,3668.6,0
1997-06-10,3678.2,3681.4,3644.5,3671.2,0
1997-06-11,3675.7,3686.1,3662.9,3671.9,0
1997-06-12,3694.4,3739.3,3688.3,3737.2,0
1997-06-13,3754.3,3762.6,3732.2,3752.4,0
1997-06-16,3766.8,3775.2,3742.8,3750,0
1997-06-17,3754.5,3767.1,3704.5,3721.2,0
1997-06-18,3721.3,3734,3707.8,3730.6,0
1997-06-19,3739.9,3791.3,3739.9,3777.6,0
1997-06-20,3785.4,3801.4,3751.6,3788.5,0
1997-06-23,3773.2,3775.2,3739.2,3748.8,0
1997-06-24,3712.9,3775.1,3709.6,3761.1,0
1997-06-25,3782.6,3820.9,3771.1,3819.5,0
1997-06-26,3799.8,3836.9,3798.4,3820.2,0
1997-06-27,3826.4,3829.8,3785.9,3809.9,0
1997-06-30,3815.3,3826.1,3756.7,3766.9,0
1997-07-01,3782.7,3835.8,3782.6,3834.8,0
1997-07-02,3840.3,3870.8,3837,3867.5,0
1997-07-03,3882.5,3944.3,3870.6,3939.7,0
1997-07-04,3965.4,3965.6,3912.9,3946.7,0
1997-07-07,3956.3,4003.8,3940,4003.4,0
1997-07-08,3986.7,4030.5,3982.1,4030.1,0
1997-07-09,4050.4,4067.5,4008.8,4027,0
1997-07-10,4029.4,4032.8,3978.4,4000.7,0
1997-07-11,4018.2,4074.3,4018.2,4074.3,0
1997-07-14,4093.7,4151.5,4090.3,4142.2,0
1997-07-15,4127.6,4157.2,4108.8,4139.7,0
1997-07-16,4164.6,4234.9,4163.3,4223.7,0
1997-07-17,4250.3,4272.6,4182.4,4203.9,0
1997-07-18,4207.2,4209.3,4110.1,4131.9,0
1997-07-21,4183.8,4211.7,4086.6,4140,0
1997-07-22,4167.1,4301.9,4167.1,4297.6,0
1997-07-23,4359.1,4449.9,4355.6,4384.8,0
1997-07-24,4382.6,4449.3,4315.4,4320.5,0
1997-07-25,4365,4379.9,4307.4,4368.5,0
1997-07-28,4407.5,4423.7,4360.5,4400.3,0
1997-07-29,4395.6,4409.2,4347.8,4377.7,0
1997-07-30,4400,4463,4400,4458.7,0
1997-07-31,4463.9,4477.7,4393,4405.5,0
1997-08-01,4422.2,4432,4275.7,4337,0
1997-08-04,4354,4375.6,4279.7,4302.5,0
1997-08-05,4330.2,4371.2,4290.1,4325.9,0
1997-08-06,4318.6,4372,4300.3,4364.3,0
1997-08-07,4383.1,4460.2,4373.6,4428.1,0
1997-08-08,4378.5,4407.2,4309.7,4342.3,0
1997-08-11,4269.4,4352.2,4267.7,4333.2,0
1997-08-12,4351.8,4384.3,4347.3,4377.5,0
1997-08-13,4316.9,4338.9,4211.8,4237.1,0
1997-08-14,4269.7,4290.3,4175.4,4195.5,0
1997-08-15,4204.9,4228.2,4067.6,4077.6,0
1997-08-18,4017.4,4095.3,3965.3,4080.6,0
1997-08-19,4134.5,4191.2,4118.5,4190.5,0
1997-08-20,4242.2,4264.3,4206,4251.9,0
1997-08-21,4277.7,4279.9,4191.7,4204.8,0
1997-08-22,4155.4,4159.9,4031.5,4090.1,0
1997-08-25,4127,4146.2,4044.1,4076.8,0
1997-08-26,4050.6,4108.2,3910.3,3993.7,0
1997-08-27,3952.2,4037.8,3933,3992,0
1997-08-28,4019.6,4040.4,3853.1,3897.4,0
1997-08-29,3897.6,3920.4,3849.9,3919.8,0
1997-09-01,3942.5,4004.1,3934.1,4001.8,0
1997-09-02,4018.5,4130.6,4018.5,4127.3,0
1997-09-03,4166.6,4196.8,4054,4062.1,0
1997-09-04,4048.7,4098.5,4027.3,4093.4,0
1997-09-05,4099,4149.7,4069.9,4073.7,0
1997-09-08,4071.3,4133.1,4055.6,4131.3,0
1997-09-09,4120,4141.2,4067.2,4104.6,0
1997-09-10,4101.8,4126.4,4014.7,4028,0
1997-09-11,3969.2,3986.6,3888.4,3890.2,0
1997-09-12,3918.9,3957,3783.1,3796.6,0
1997-09-15,3848.6,3893.3,3796.9,3869.5,0
1997-09-16,3873.8,3996,3832,3995.7,0
1997-09-17,4026.9,4040.9,3968.3,3970.4,0
1997-09-18,3974.4,4010.6,3946.5,4004,0
1997-09-19,4012.3,4046.7,3955.9,3983.1,0
1997-09-22,4011.2,4102.8,4011.2,4096.9,0
1997-09-23,4107.7,4138.7,4082.6,4091.8,0
1997-09-24,4090.2,4156.3,4066.8,4151,0
1997-09-25,4130.7,4163.9,4102.5,4104.9,0
1997-09-26,4082.5,4137.9,4041.1,4135.1,0
1997-09-29,4126.6,4126.6,4085.5,4116.5,0
1997-09-30,4146.5,4173.9,4143,4154.9,0
1997-10-01,4154.6,4272.9,4147.3,4263,0
1997-10-02,4271.7,4285.1,4247.4,4266.2,0
1997-10-06,4281.9,4332.4,4266.3,4326.4,0
1997-10-07,4332,4349,4264,4311.1,0
1997-10-08,4343.3,4363.7,4244.1,4267.4,0
1997-10-09,4241.3,4284,4129.6,4179.9,0
1997-10-10,4188.7,4208.8,4134.4,4164.6,0
1997-10-13,4177.3,4236.7,4177.3,4225.3,0
1997-10-14,4247.5,4247.5,4171.5,4215.2,0
1997-10-15,4182.3,4205.6,4139.7,4168.6,0
1997-10-16,4168.2,4172.1,4114.1,4149.9,0
1997-10-17,4098.2,4103.7,4030.3,4049.2,0
1997-10-20,4046.4,4072.3,3980.7,4069.3,0
1997-10-21,4088.8,4178.7,4085.7,4172.5,0
1997-10-22,4203.5,4235.9,4119.2,4124.9,0
1997-10-23,4102.2,4103.9,3927.2,3976.4,0
1997-10-24,4042.1,4066.3,3977,3981.4,0
1997-10-27,3935.7,3935.7,3846.7,3871.4,0
1997-10-28,3669.5,3733.5,3366,3645.7,0
1997-10-29,3797.6,3841.2,3734.3,3806.7,0
1997-10-30,3732.9,3759.4,3632.9,3748.9,0
1997-10-31,3771.5,3827.5,3734.2,3753.7,0
1997-11-03,3802.7,3877,3802.3,3847.7,0
1997-11-04,3869.1,3869.1,3776.4,3784.8,0
1997-11-05,3806.8,3876.2,3806.8,3841.4,0
1997-11-06,3833.9,3844.6,3797.8,3813.9,0
1997-11-07,3775.8,3775.8,3663.8,3715.4,0
1997-11-10,3723.3,3771.9,3722.3,3728.4,0
1997-11-11,3727.9,3741.3,3704.9,3734.8,0
1997-11-12,3700.7,3710.2,3645.8,3697.5,0
1997-11-13,3699.4,3726.7,3679,3701.9,0
1997-11-14,3724.6,3768.6,3673.9,3676.7,0
1997-11-17,3797.9,3817.5,3739.7,3816.7,0
1997-11-18,3826.2,3860.3,3796.8,3844.1,0
1997-11-19,3801,3884.1,3784,3876.9,0
1997-11-20,3891.2,3940.7,3888.9,3931.8,0
1997-11-21,3960.9,3986.4,3937.3,3941.9,0
1997-11-24,3919,3919,3821.9,3832.1,0
1997-11-25,3818.2,3873.7,3817,3850.1,0
1997-11-26,3880.2,3943.3,3878.1,3926.9,0
1997-11-27,3953.4,3978.9,3952.2,3962,0
1997-11-28,3966,3975.1,3941.5,3972.1,0
1997-12-01,4000,4137.9,4000,4125.9,0
1997-12-02,4140.3,4143.5,4073.4,4096.4,0
1997-12-03,4087.8,4117.3,4053.5,4074.6,0
1997-12-04,4089.4,4172.1,4089.4,4159.7,0
1997-12-05,4153.8,4196,4121.6,4191.8,0
1997-12-08,4217.3,4245.8,4194.1,4208.1,0
1997-12-09,4212.9,4226.5,4167.4,4187.1,0
1997-12-10,4174.1,4180.2,4109.65,4116.7,0
1997-12-11,4064.3,4064.3,4005.7,4016.7,0
1997-12-12,4051.5,4087.7,4034.4,4061.9,0
1997-12-15,4072.9,4091.7,4028.7,4029.1,0
1997-12-16,4063.3,4152.2,4053.8,4150.3,0
1997-12-17,4156.2,4194.8,4130,4154.6,0
1997-12-18,4140.8,4187.7,4140.8,4162.9,0
1997-12-19,4115.2,4131,4051.2,4055.4,0
1997-12-22,4074.5,4137.3,4035.1,4125.5,0
1997-12-23,4141.6,4147,4104.5,4132.8,0
1997-12-29,4142.7,4266,4142.6,4266,0
1997-12-30,4283.6,4320,4223,4224.3,0
1998-01-02,4270.7,4368,4270.7,4364.3,0
1998-01-05,4358,4420.9,4331.2,4417,0
1998-01-06,4427.3,4427.3,4345.8,4360.1,0
1998-01-07,4356.9,4396,4326.6,4340,0
1998-01-08,4359.4,4400.9,4274,4293.6,0
1998-01-09,4270.9,4300.4,4229.7,4237.8,0
1998-01-12,4145.1,4145.1,4053.9,4134.6,0
1998-01-13,4179.1,4209.5,4142.4,4150.1,0
1998-01-14,4198.2,4224.8,4142,4145.4,0
1998-01-15,4132.6,4165.3,4124.2,4140.2,0
1998-01-16,4170,4219.1,4170,4216.2,0
1998-01-19,4247.1,4304.3,4241.7,4290.1,0
1998-01-20,4291.3,4322,4269,4310.8,0
1998-01-21,4328.8,4332.5,4248.8,4250.5,0
1998-01-22,4208.3,4243.4,4172.4,4238.8,0
1998-01-23,4236.7,4275.7,4205,4222.2,0
1998-01-26,4172.1,4277.6,4155.8,4266.3,0
1998-01-27,4267.3,4318.6,4248.6,4316.1,0
1998-01-28,4325.1,4405.4,4317,4385.3,0
1998-01-29,4410.3,4451.3,4380.4,4444.5,0
1998-01-30,4455.5,4458.3,4421.3,4442.5,0
1998-02-02,4481,4549.2,4480.8,4529.9,0
1998-02-03,4533.8,4554.5,4491.9,4529.2,0
1998-02-04,4545.2,4555.1,4474.3,4509.3,0
1998-02-05,4508.5,4581,4486.5,4494.7,0
1998-02-06,4513.9,4546.5,4494.5,4536.9,0
1998-02-09,4569.5,4591.9,4509.4,4519.6,0
1998-02-10,4515.3,4563.5,4506.7,4558.6,0
1998-02-11,4578.4,4598.1,4537.7,4552.5,0
1998-02-12,4562,4602.2,4504.1,4509.4,0
1998-02-13,4523.8,4528.5,4485.6,4522.4,0
1998-02-16,4520.6,4535.6,4504.8,4535.6,0
1998-02-17,4552,4632.4,4548.2,4627.4,0
1998-02-18,4623.5,4633.8,4582.2,4611.7,0
1998-02-19,4628.9,4637.5,4575.8,4581.1,0
1998-02-20,4580.4,4612.2,4578.4,4583,0
1998-02-23,4609.3,4665.2,4591.6,4610.7,0
1998-02-24,4601.8,4629.5,4569.5,4604.6,0
1998-02-25,4601.8,4707.6,4601.4,4704.6,0
1998-02-26,4726.7,4729.6,4680.8,4695.8,0
1998-02-27,4727.7,4736.1,4662.3,4693.9,0
1998-03-02,4696.5,4790.3,4679.9,4781.6,0
1998-03-03,4779.9,4784,4745.7,4759.6,0
1998-03-04,4781.6,4791.4,4678.1,4690.5,0
1998-03-05,4659.8,4689.2,4612.1,4676.4,0
1998-03-06,4697,4782.1,4661.6,4762.7,0
1998-03-09,4757.7,4838.7,4749.6,4828.9,0
1998-03-10,4830.2,4870.6,4807.8,4852.2,0
1998-03-11,4898.2,4916.9,4829.4,4862.4,0
1998-03-12,4845,4854.6,4810.8,4838.7,0
1998-03-13,4861.8,4914.1,4835.3,4872.2,0
1998-03-16,4852.9,4918.6,4847.1,4905.6,0
1998-03-17,4929.1,4956.1,4929,4945.9,0
1998-03-18,4959,4959,4874.5,4908.6,0
1998-03-19,4920.3,4960.7,4917.3,4949.9,0
1998-03-20,4969.8,5055.4,4969.8,5045.2,0
1998-03-23,5060.3,5060.3,4960.7,5014.1,0
1998-03-24,4991.6,5065.3,4988.4,5064.4,0
1998-03-25,5096.6,5136.8,5079.8,5114.1,0
1998-03-26,5105.3,5105.5,4996.4,5029,0
1998-03-27,5020.2,5100.8,5008.6,5066.9,0
1998-03-30,5059.3,5080.3,4994.5,5069.9,0
1998-03-31,5092.4,5106.5,5037.9,5097.3,0
1998-04-01,5084.1,5170.3,5079.7,5135.4,0
1998-04-02,5154,5192.3,5145.8,5179,0
1998-04-03,5210.2,5256.6,5206.7,5254.3,0
1998-04-06,5246.4,5346.8,5238.3,5345.9,0
1998-04-07,5353.6,5359.7,5283.4,5309.7,0
1998-04-08,5316.6,5323.3,5241.1,5267.4,0
1998-04-09,5234.8,5322.3,5233.8,5312.3,0
1998-04-14,5350.2,5409.8,5301.6,5368,0
1998-04-15,5390,5409.2,5343.5,5359.2,0
1998-04-16,5381.5,5398.5,5268.9,5293,0
1998-04-17,5276.1,5333.6,5243.3,5326.6,0
1998-04-20,5372.8,5436.8,5372.8,5407.9,0
1998-04-21,5419.9,5420.9,5337.5,5373.8,0
1998-04-22,5386.8,5425.9,5297.5,5312.3,0
1998-04-23,5333.2,5341.7,5215.2,5262.6,0
1998-04-24,5249.5,5254.8,5136.7,5144.4,0
1998-04-27,5121.1,5155.6,4992.1,5002.7,0
1998-04-28,5056.87,5066.41,5012.57,5018.67,0
1998-04-29,5086.84,5154.88,5086.84,5108.48,0
1998-04-30,5101.98,5116.88,5091.54,5107.44,0
1998-05-04,5251.41,5337.22,5251.41,5314.66,0
1998-05-05,5273.26,5282.5,5221.71,5232.03,0
1998-05-06,5200.53,5239.92,5197.15,5229.8,0
1998-05-07,5204.91,5233.28,5172.95,5186.23,0
1998-05-08,5218.39,5260.85,5218.39,5257.58,0
1998-05-11,5305.55,5347.8,5305.55,5341.69,0
1998-05-12,5295.83,5309.22,5272.87,5297.35,0
1998-05-13,5321.33,5389.92,5321.33,5376.88,0
1998-05-14,5387.21,5387.21,5340.25,5361.22,0
1998-05-15,5377.49,5396.42,5372.84,5393.14,0
1998-05-18,5368.19,5389.96,5342.85,5342.85,0
1998-05-19,5378.37,5395.7,5378.37,5388.9,0
1998-05-20,5450.36,5512.08,5450.36,5510.98,0
1998-05-22,5506.3,5564.56,5506.21,5564.21,0
1998-05-25,5565.57,5575.16,5559.02,5575.16,0
1998-05-26,5621.23,5664.84,5621.23,5644.29,0
1998-05-27,5537.95,5537.95,5479.81,5490.64,0
1998-05-28,5541.28,5557.37,5480.22,5481.26,0
1998-05-29,5513.76,5581.12,5513.59,5569.08,0
1998-06-02,5569.89,5589.13,5554.49,5582.78,0
1998-06-03,5617.11,5626.4,5607.45,5613.76,0
1998-06-04,5595.7,5617.98,5574.97,5592.48,0
1998-06-05,5636.09,5688.73,5636.09,5688.5,0
1998-06-08,5754.59,5787.7,5754.59,5779.09,0
1998-06-09,5780.63,5782.95,5744.52,5760.03,0
1998-06-10,5743.74,5754.46,5718.86,5754.46,0
1998-06-12,5738.65,5738.65,5642.07,5670.83,0
1998-06-15,5596.89,5596.89,5512.58,5527.32,0
1998-06-16,5571.6,5604.38,5569.06,5591.57,0
1998-06-17,5676.95,5711.92,5675.36,5709.36,0
1998-06-18,5750.13,5755.68,5697.28,5718.06,0
1998-06-19,5706.24,5706.68,5682.59,5702.61,0
1998-06-22,5650.21,5654.89,5616.35,5654.75,0
1998-06-23,5689.96,5718.81,5680.24,5718.71,0
1998-06-24,5742.23,5779.91,5722.1,5779.91,0
1998-06-25,5847.88,5876.76,5839.73,5866.63,0
1998-06-26,5868.89,5893.13,5849.26,5870.42,0
1998-06-29,5896,5921.4,5896,5915.13,0
1998-06-30,5891.16,5900.59,5857.65,5897.44,0
1998-07-01,5863.25,5936.34,5857.92,5906.85,0
1998-07-02,5935.54,5980.3,5896.52,5904.1,0
1998-07-03,5917.24,5960.7,5913.04,5953.16,0
1998-07-06,5970.86,5986.14,5906.42,5918.37,0
1998-07-07,5960.17,5995.11,5956.38,5960.98,0
1998-07-08,5980.31,6022.15,5957.19,6013.14,0
1998-07-09,6037.76,6052.13,5990.55,5996.77,0
1998-07-10,5974.81,6022.58,5912.6,5982.42,0
1998-07-13,5991.02,6056.09,5991.02,6019.48,0
1998-07-14,6022.94,6096.46,6022.76,6095.28,0
1998-07-15,6140.24,6150.47,6085.32,6108.24,0
1998-07-16,6100.61,6157.7,6090.01,6094.02,0
1998-07-17,6115.79,6167.51,6114.05,6147.87,0
1998-07-20,6162.04,6199.58,6127.66,6171.43,0
1998-07-21,6181.56,6217.83,6165.52,6165.52,0
1998-07-22,6151.74,6189.11,6105.5,6110.73,0
1998-07-23,6131.9,6138.92,6025.97,6058.45,0
1998-07-24,6006.09,6060.83,5956.81,6035.28,0
1998-07-27,6029.74,6071.11,5885,5885,0
1998-07-28,5949.61,5970.41,5863.16,5889.01,0
1998-07-29,5870.55,5888.52,5810.95,5853.63,0
1998-07-30,5865.83,5898.37,5837.51,5880.87,0
1998-07-31,5923.96,5966.15,5873.92,5873.92,0
1998-08-03,5811.42,5811.42,5731.18,5758.77,0
1998-08-04,5738.6,5818.15,5734.59,5756.2,0
1998-08-05,5579.06,5641.39,5559.96,5632.51,0
1998-08-06,5658.34,5670.35,5517.64,5517.64,0
1998-08-07,5572.47,5590.08,5537.82,5581.22,0
1998-08-10,5594.93,5607.75,5476.25,5476.25,0
1998-08-11,5472.4,5478.55,5258.5,5268.4,0
1998-08-12,5340.96,5425.02,5340.96,5402.37,0
1998-08-13,5381.42,5393.27,5239.1,5356.23,0
1998-08-14,5360.38,5483.16,5355.4,5447.9,0
1998-08-17,5408.64,5456.58,5336.2,5456.58,0
1998-08-18,5497.73,5581.67,5497.73,5568.88,0
1998-08-19,5640.2,5672.07,5596.41,5596.41,0
1998-08-20,5594.62,5645.32,5485.44,5488.22,0
1998-08-21,5475.76,5475.76,5163.38,5163.51,0
1998-08-24,5203.88,5271.2,5155.03,5234.88,0
1998-08-25,5273.81,5389.59,5273.81,5372.76,0
1998-08-26,5378.99,5385.28,5218.8,5231.61,0
1998-08-27,5200.64,5235.62,5021.7,5060.84,0
1998-08-28,4940.02,5017.38,4752.4,4993.54,0
1998-08-31,4955.1,4979.28,4821.2,4833.89,0
1998-09-01,4727.35,4839.01,4673.21,4791.81,0
1998-09-02,4913.3,5011.45,4912.05,4970.5,0
1998-09-03,4915.95,4918.12,4752.82,4812.18,0
1998-09-04,4790.32,4945.47,4765.33,4820.25,0
1998-09-07,4910.74,5000.67,4876.81,4923.37,0
1998-09-08,4967.81,5104.78,4951.62,5103.84,0
1998-09-09,5148.73,5161.4,5007.11,5040.87,0
1998-09-10,4951.69,4951.69,4725.11,4747.33,0
1998-09-11,4686.7,4777.79,4606.04,4737.15,0
1998-09-14,4834.12,4916.43,4834.12,4896.49,0
1998-09-15,4916.81,4958.37,4793.8,4831.22,0
1998-09-16,4848.25,4952.45,4848.25,4857.97,0
1998-09-17,4838.59,4839.51,4629.04,4669.51,0
1998-09-18,4741.98,4769.91,4554.36,4598.58,0
1998-09-21,4573.44,4576.78,4357.42,4433.87,0
1998-09-22,4529.52,4604.7,4529.52,4575.15,0
1998-09-23,4563.97,4701.33,4561.91,4699.39,0
1998-09-24,4801.08,4859.96,4645.33,4646.25,0
1998-09-25,4575.44,4575.44,4461.88,4561.58,0
1998-09-28,4562.47,4699.72,4549.79,4653.94,0
1998-09-29,4669.13,4671.15,4575.03,4578.27,0
1998-09-30,4558.4,4558.4,4463.94,4474.51,0
1998-10-01,4389.21,4389.21,4137.18,4226.49,0
1998-10-02,4177.02,4217.8,3869.6,3962.5,0
1998-10-05,3983.05,4124.35,3892.61,4034.23,0
1998-10-06,3982.69,4175.11,3955.15,4156.64,0
1998-10-07,4223.93,4271.31,4014.2,4087.83,0
1998-10-08,4042.06,4042.06,3833.71,3896.08,0
1998-10-09,3985.02,4030.01,3911.4,3983.65,0
1998-10-12,4078.48,4239.01,4078.48,4225.49,0
1998-10-13,4224.39,4307.18,4188.27,4274.48,0
1998-10-14,4221.72,4318.52,4185.86,4318.52,0
1998-10-15,4429.34,4435.32,4320.64,4399.05,0
1998-10-16,4511.47,4572.54,4404.73,4489.1,0
1998-10-19,4501.44,4538.12,4415.59,4458.4,0
1998-10-20,4489.04,4607.83,4489.04,4595.82,0
1998-10-21,4599.89,4637.8,4522.5,4523.24,0
1998-10-22,4551,4597.33,4453.75,4454.28,0
1998-10-23,4454.49,4491.05,4427.37,4451.09,0
1998-10-26,4465.85,4615.83,4456.62,4577.74,0
1998-10-27,4615.81,4706.81,4611.44,4682.45,0
1998-10-28,4642.85,4642.85,4526.21,4536.34,0
1998-10-29,4553.72,4567.47,4496.97,4549.33,0
1998-10-30,4609.99,4722.09,4609.99,4671.12,0
1998-11-02,4722.84,4804.48,4722.8,4761.15,0
1998-11-03,4788.67,4799.2,4704.8,4705.08,0
1998-11-04,4730.27,4877.47,4728.71,4841.72,0
1998-11-05,4852.77,4877.45,4769.57,4811.6,0
1998-11-06,4849.86,4902.45,4820.65,4836.22,0
1998-11-09,4858.63,4884.17,4745.2,4768.58,0
1998-11-10,4751.83,4779.98,4660.54,4662.78,0
1998-11-11,4698.37,4755.43,4697.12,4717.7,0
1998-11-12,4698.39,4698.39,4629.93,4639.89,0
1998-11-13,4643.73,4710.25,4617.41,4639.65,0
1998-11-16,4690.15,4783.77,4689.5,4783.77,0
1998-11-17,4788.94,4797.56,4702.63,4702.63,0
1998-11-18,4732.04,4799.73,4692.26,4698.72,0
1998-11-19,4712.63,4824.7,4707.6,4795.69,0
1998-11-20,4830.02,4924.89,4829.56,4911.88,0
1998-11-23,4946.93,5027.49,4946.93,5019.12,0
1998-11-24,5068.01,5110.23,4958.82,4958.82,0
1998-11-25,4936.29,5004.14,4930.18,4944.37,0
1998-11-26,4965.1,5064,4965.1,5051.63,0
1998-11-27,5056.39,5130.33,5036.61,5121.48,0
1998-11-30,5123.45,5176.27,5022.7,5022.7,0
1998-12-01,4986.81,4986.81,4781.12,4781.73,0
1998-12-02,4857.51,4878.14,4682.83,4691.69,0
1998-12-03,4674.84,4827.53,4611.96,4787.08,0
1998-12-04,4723.79,4844.96,4704.22,4775.23,0
1998-12-07,4827.19,4888.85,4709.88,4713.96,0
1998-12-08,4734.41,4759.2,4656.48,4699.34,0
1998-12-09,4690.95,4718.38,4634.37,4663.68,0
1998-12-10,4683.16,4733.12,4613.37,4642.69,0
1998-12-11,4576.65,4576.65,4505.71,4536.2,0
1998-12-14,4514.62,4566.44,4451.2,4522.86,0
1998-12-15,4516.44,4615.08,4516.44,4574.5,0
1998-12-16,4618.33,4713.18,4611.34,4663.45,0
1998-12-17,4664.52,4731.32,4657.93,4723.81,0
1998-12-18,4699.93,4737.22,4629.23,4629.23,0
1998-12-21,4669.19,4791.67,4667.26,4780.93,0
1998-12-22,4802.16,4892.95,4783.49,4825.38,0
1998-12-23,4844.5,4963.41,4844.5,4951.77,0
1998-12-28,4978.04,5058.21,4978.04,5044.77,0
1998-12-29,5031,5063.98,4998.24,5031.87,0
1998-12-30,5054.46,5085.47,5001.81,5002.39,0
1999-01-04,4991.95,5254.18,4979.36,5252.36,0
1999-01-05,5221.43,5316.25,5137.48,5253.91,0
1999-01-06,5328.02,5443.65,5318.41,5443.62,0
1999-01-07,5485.61,5509.34,5265.68,5323.21,0
1999-01-08,5358.37,5452.01,5358.37,5392.84,0
1999-01-11,5404.22,5469.6,5260.88,5270.6,0
1999-01-12,5277.06,5316.3,5194.64,5200.1,0
1999-01-13,5143.78,5189,4856.41,4931.8,0
1999-01-14,5051.42,5086.24,4912.75,4912.75,0
1999-01-15,4869.19,4968.1,4768.41,4960.22,0
1999-01-18,5070.65,5103.17,5023.29,5050.4,0
1999-01-19,5076.49,5123.38,4984.49,5073.15,0
1999-01-20,5118.25,5181.37,5096.48,5143.06,0
1999-01-21,5136.44,5224.44,5122.16,5156.67,0
1999-01-22,5107.74,5107.74,4971.1,5019.28,0
1999-01-25,4968.72,5017.78,4900.68,4982.45,0
1999-01-26,5047.46,5071.23,4948.51,4986.8,0
1999-01-27,5059.08,5108.94,5044.83,5061.18,0
1999-01-28,5006.61,5122.71,4970.01,5096.41,0
1999-01-29,5129.84,5192.04,5112.98,5159.96,0
1999-02-01,5193.03,5287.96,5190.82,5190.82,0
1999-02-02,5201.16,5242.39,5157.1,5166.87,0
1999-02-03,5140.65,5164.05,5057.97,5085.66,0
1999-02-04,5129.8,5200.1,5077.85,5077.85,0
1999-02-05,5024.47,5091.22,4996.03,5080.77,0
1999-02-08,5123.23,5158.69,5002.23,5027.22,0
1999-02-09,5050.42,5095.46,4882.93,4904.35,0
1999-02-10,4841.55,4848.44,4749.45,4796.82,0
1999-02-11,4846.41,4876.68,4794.89,4839.33,0
1999-02-12,4924.65,4999.21,4882.32,4888.74,0
1999-02-15,4872.91,4879.55,4818.13,4879.55,0
1999-02-16,4926.91,4945.72,4879.12,4904.68,0
1999-02-17,4893.88,4895.31,4780.79,4810.09,0
1999-02-18,4792.08,4873.99,4791.85,4845.08,0
1999-02-19,4886.48,4903.55,4788.58,4802.38,0
1999-02-22,4871.02,4898.41,4818.22,4845.18,0
1999-02-23,4919.76,5034.44,4919.76,4987.56,0
1999-02-24,4970.34,5074.4,4945.43,5062.31,0
1999-02-25,5027.79,5027.79,4932.35,4958.58,0
1999-02-26,4934.96,4943.49,4853.55,4911.81,0
1999-03-01,4923.31,4943.44,4784.31,4784.31,0
1999-03-02,4798.72,4822.14,4706.48,4804.02,0
1999-03-03,4803.16,4811.92,4697.67,4697.67,0
1999-03-04,4685.27,4705.65,4605.27,4678.72,0
1999-03-05,4754.59,4862.45,4734.76,4839.09,0
1999-03-08,4878.43,4886.75,4785.2,4788.69,0
1999-03-09,4796.64,4861.16,4727.35,4758.46,0
1999-03-10,4773.34,4807.71,4704.96,4721.41,0
1999-03-11,4745.94,4808.7,4719.94,4754.41,0
1999-03-12,4970.85,5100.82,4969.3,5008.16,0
1999-03-15,5013.78,5062.85,4991.34,5029.24,0
1999-03-16,5054.96,5119.25,5030.79,5094.63,0
1999-03-17,5070.41,5127.19,5057.52,5077.43,0
1999-03-18,5034.63,5038.37,4983.18,5013.62,0
1999-03-19,5055.67,5151.01,5055.67,5099.48,0
1999-03-22,5076.36,5076.36,5023.06,5027.06,0
1999-03-23,5012.56,5016.22,4897.75,4915.03,0
1999-03-24,4828.54,4835.04,4757.9,4780.13,0
1999-03-25,4814.36,4861.96,4800.95,4860.26,0
1999-03-26,4882.88,4902.79,4743.98,4775.17,0
1999-03-29,4790.17,4876.92,4788.58,4876.92,0
1999-03-30,4919.95,4919.95,4821.12,4856.84,0
1999-03-31,4845.65,4889.82,4837.92,4884.2,0
1999-04-01,4852.39,4914.71,4779.04,4914.59,0
1999-04-06,4951.82,4992.1,4935.19,4965.29,0
1999-04-07,4986.64,5058.06,4986.52,5052.27,0
1999-04-08,5046.82,5069.59,5002.45,5068.75,0
1999-04-09,5103.92,5178.02,5103.92,5124.18,0
1999-04-12,5061.77,5166.99,5058.16,5159.16,0
1999-04-13,5209.61,5227.68,5174.38,5199.18,0
1999-04-14,5181.54,5221.83,5149.28,5182.16,0
1999-04-15,5158.76,5209.85,5144.6,5181.01,0
1999-04-16,5181.76,5202.26,5131.78,5155.35,0
1999-04-19,5150.84,5247.44,5150.37,5220.15,0
1999-04-20,5164.36,5190.65,5087.29,5087.29,0
1999-04-21,5100.43,5166.78,5100.43,5163.29,0
1999-04-22,5187.17,5256.58,5186.86,5218.82,0
1999-04-23,5245.15,5263.69,5186.95,5195.42,0
1999-04-26,5198.26,5264.82,5195.69,5256.22,0
1999-04-27,5288.12,5359.03,5261.56,5347.5,0
1999-04-28,5356.79,5364.63,5312.74,5348.61,0
1999-04-29,5347.4,5347.4,5284.13,5334.42,0
1999-04-30,5314.36,5397.64,5310.02,5393.11,0
1999-05-03,5372.68,5392.22,5345.73,5377.56,0
1999-05-04,5409.82,5449.22,5383.21,5383.21,0
1999-05-05,5348.4,5364.06,5301.28,5307.22,0
1999-05-06,5336.5,5370.65,5274.15,5274.45,0
1999-05-07,5280.73,5297.38,5234.95,5297.38,0
1999-05-10,5300.77,5317.08,5199.69,5205.95,0
1999-05-11,5238.34,5283.06,5236.89,5249.15,0
1999-05-12,5281.85,5309.85,5214.75,5248.02,0
1999-05-14,5271.49,5310.19,5173.03,5173.25,0
1999-05-17,5165.26,5170.28,5092.61,5114.47,0
1999-05-18,5134.17,5169.54,5111.97,5154.94,0
1999-05-19,5162.45,5191.86,5141.84,5181.51,0
1999-05-20,5214.36,5250.68,5207.31,5235.64,0
1999-05-21,5235.16,5269.44,5216.69,5264.68,0
1999-05-25,5213.79,5218.29,5136.76,5143.1,0
1999-05-26,5118.58,5194.36,5110.38,5160.44,0
1999-05-27,5200.61,5222.79,5067.44,5083.83,0
1999-05-28,5047.6,5071.82,5003.97,5068.73,0
1999-05-31,5099.66,5107.89,5033.24,5069.83,0
1999-06-01,5083.62,5090.89,5016.81,5021.24,0
1999-06-02,5035.99,5049,4980.63,4997.83,0
1999-06-04,5065.95,5108.49,5046.51,5107.81,0
1999-06-07,5130.53,5194.98,5097.55,5190.15,0
1999-06-08,5214.21,5237.25,5201.64,5211.08,0
1999-06-09,5184.85,5271.37,5165.69,5253.89,0
1999-06-10,5265.87,5287.88,5188.91,5206.47,0
1999-06-11,5205.52,5269.86,5197.22,5262.15,0
1999-06-14,5249.37,5292.06,5249.37,5268.87,0
1999-06-15,5269.93,5350.69,5239.67,5342.86,0
1999-06-16,5331,5390.7,5301.64,5381.25,0
1999-06-17,5404.37,5424.66,5387.48,5412,0
1999-06-18,5433.83,5500.93,5430.32,5430.32,0
1999-06-21,5366.28,5499.16,5366.28,5468.47,0
1999-06-22,5471.7,5481.96,5417.52,5468.67,0
1999-06-23,5436.72,5455.12,5387.2,5399.11,0
1999-06-24,5412.37,5441.98,5321.64,5327.6,0
1999-06-25,5318.89,5351.07,5287.27,5301.21,0
1999-06-28,5319.88,5358.42,5283.73,5356.95,0
1999-06-29,5370.01,5394.35,5332.96,5359.53,0
1999-06-30,5375.42,5413.69,5357.87,5378.52,0
1999-07-01,5428.34,5498.11,5425.85,5480.22,0
1999-07-02,5489.88,5521.7,5456.19,5519.05,0
1999-07-05,5533.2,5649.89,5528.85,5625.62,0
1999-07-06,5632.18,5640.11,5580.13,5612.9,0
1999-07-07,5606.71,5620.08,5547.88,5588.5,0
1999-07-08,5601.87,5646.58,5549.14,5607.1,0
1999-07-09,5598.51,5643.05,5598.51,5638.95,0
1999-07-12,5665.07,5686.55,5635.1,5652.02,0
1999-07-13,5646.34,5652.9,5553.42,5573.82,0
1999-07-14,5579.49,5649.42,5571.97,5610.89,0
1999-07-15,5608.38,5671.77,5598.39,5619.26,0
1999-07-16,5644.85,5653.52,5576.9,5619.94,0
1999-07-19,5632.99,5654.85,5600.15,5624.74,0
1999-07-20,5621.06,5643.19,5482.61,5491.29,0
1999-07-21,5461.94,5472.55,5401.84,5414.17,0
1999-07-22,5417.11,5442.69,5320.78,5340.91,0
1999-07-23,5349.04,5391.52,5297.86,5310.63,0
1999-07-26,5318.26,5330.02,5161.25,5206.44,0
1999-07-27,5196.71,5253.11,5188.53,5224.16,0
1999-07-28,5267.54,5274.33,5204.64,5229.56,0
1999-07-29,5235.66,5241.24,5035.2,5052.32,0
1999-07-30,5050.55,5110.52,5039.5,5101.87,0
1999-08-02,5088.65,5144.2,4970.74,5129.5,0
1999-08-03,5105.01,5139.24,5054.84,5107.68,0
1999-08-04,5097.69,5149.1,5067.2,5119.37,0
1999-08-05,5094.48,5094.48,4948.08,4978.45,0
1999-08-06,5013.38,5057.2,4974.98,5010.47,0
1999-08-09,5001.33,5102.56,4980.61,5087.3,0
1999-08-10,5089.83,5095.83,4975.15,5000.87,0
1999-08-11,5013.71,5047.43,5010.91,5019.69,0
1999-08-12,5073.28,5149.19,5068.88,5127.43,0
1999-08-13,5111.02,5224.81,5089.44,5219.43,0
1999-08-16,5241.57,5257.68,5196.94,5257.1,0
1999-08-17,5256.85,5301.49,5223.4,5259.91,0
1999-08-18,5272.58,5293.26,5217.55,5230.47,0
1999-08-19,5213.21,5235.08,5165.81,5186.85,0
1999-08-20,5200.24,5260.96,5200.24,5254.14,0
1999-08-23,5267.29,5314.27,5267.29,5301.98,0
1999-08-24,5328.73,5342.23,5268.24,5324.02,0
1999-08-25,5321.41,5414.52,5300.79,5400.32,0
1999-08-26,5433.94,5455.84,5354.6,5389.34,0
1999-08-27,5368.19,5428.95,5329.62,5420.36,0
1999-08-30,5414.42,5425.39,5363.59,5392.53,0
1999-08-31,5346.83,5346.83,5267.17,5270.77,0
1999-09-01,5286.58,5328.54,5273.9,5317.12,0
1999-09-02,5337.62,5340.65,5184.01,5189.92,0
1999-09-03,5202.54,5340.01,5199.68,5336.22,0
1999-09-06,5343.7,5416.2,5329.79,5400.55,0
1999-09-07,5397.48,5430.56,5364.34,5391.36,0
1999-09-08,5387.43,5401.09,5332.84,5400.7,0
1999-09-09,5397.45,5448.91,5370.36,5436.86,0
1999-09-10,5438.64,5522.41,5427.13,5483.95,0
1999-09-13,5489.6,5530.76,5440.92,5446.91,0
1999-09-14,5457.27,5493.2,5394.51,5401.47,0
1999-09-15,5385.42,5449.36,5342.91,5387.18,0
1999-09-16,5356.43,5361.62,5297.74,5304.42,0
1999-09-17,5331.52,5365.27,5290.32,5303.94,0
1999-09-20,5327.84,5372.87,5320.04,5351.98,0
1999-09-21,5378.91,5384.52,5247.7,5282.76,0
1999-09-22,5236.53,5286.24,5211.7,5238.76,0
1999-09-23,5256.43,5332.99,5228.85,5299.57,0
1999-09-24,5220.96,5220.96,5163.21,5186.53,0
1999-09-27,5207.66,5247.63,5201.47,5239.64,0
1999-09-28,5254.51,5261.85,5116.88,5119.1,0
1999-09-29,5157.17,5172.46,5069.87,5135.62,0
1999-09-30,5127.11,5149.83,5083.67,5149.83,0
1999-10-01,5166.57,5185.72,5078.59,5124.55,0
1999-10-04,5134.97,5251.57,5115.09,5218.86,0
1999-10-05,5245.83,5304.7,5224.49,5301.85,0
1999-10-06,5275.56,5353.32,5243.43,5353.32,0
1999-10-07,5395.32,5419.4,5353.47,5419.31,0
1999-10-08,5409.44,5439.53,5364.35,5419.26,0
1999-10-11,5453.08,5453.77,5396.05,5414.5,0
1999-10-12,5409.24,5432.12,5329.85,5358.46,0
1999-10-13,5315.57,5315.57,5264.8,5295.43,0
1999-10-14,5270.53,5319.33,5218.52,5220.29,0
1999-10-15,5211.66,5230.42,5101.89,5184.23,0
1999-10-18,5160.8,5177.64,5093.84,5156.28,0
1999-10-19,5172.37,5296.91,5150.17,5296.91,0
1999-10-20,5291.07,5326.67,5239.35,5291.23,0
1999-10-21,5290.19,5295.17,5211.11,5246.49,0
1999-10-22,5272.62,5362.01,5268.81,5357.75,0
1999-10-25,5356.7,5388.95,5300.79,5320.4,0
1999-10-26,5306.71,5394.84,5302.28,5388.76,0
1999-10-27,5356.71,5386.1,5324.35,5363.86,0
1999-10-28,5360.58,5492.97,5342.31,5478.89,0
1999-10-29,5503.19,5557.91,5492.84,5525.4,0
1999-11-01,5518.74,5549.78,5496.77,5524.92,0
1999-11-02,5524.42,5551.82,5474.12,5546.95,0
1999-11-03,5532.06,5592.09,5501.86,5560.87,0
1999-11-04,5568.92,5650.82,5561.28,5635.62,0
1999-11-05,5639.88,5680.67,5597.57,5658.1,0
1999-11-08,5628.74,5681.02,5613.95,5647.94,0
1999-11-09,5654.33,5755.25,5654.33,5694.73,0
1999-11-10,5685.5,5742.42,5661.68,5742.42,0
1999-11-11,5714.48,5803.84,5714.48,5802.36,0
1999-11-12,5789.5,5824.3,5750.65,5791.05,0
1999-11-15,5792.45,5861,5792.45,5859.29,0
1999-11-16,5849.56,5914.2,5809.37,5909.52,0
1999-11-17,5912.4,5950.8,5850.66,5870.17,0
1999-11-18,5870.67,5956.41,5856.33,5950.05,0
1999-11-19,5955.76,6032.67,5927.78,5955.97,0
1999-11-22,5951.7,5998.46,5812.21,5819.89,0
1999-11-23,5822.95,5869.68,5794.14,5814.74,0
1999-11-24,5815.09,5852.45,5765.36,5818.73,0
1999-11-25,5812.81,5967.61,5810.21,5961.45,0
1999-11-26,5964.97,6023.01,5943.37,5958.07,0
1999-11-29,5953.78,5978.64,5881.52,5888.88,0
1999-11-30,5875.49,5896.73,5808.95,5896.04,0
1999-12-01,5891.27,5960.59,5836.73,5933.84,0
1999-12-02,5933,5995.01,5912.17,5937.2,0
1999-12-03,5942.09,6127.12,5942.09,6119.17,0
1999-12-06,6126.72,6188.68,6095.88,6142.19,0
1999-12-07,6141.69,6188.49,6121.73,6158.77,0
1999-12-08,6135.27,6140.85,6051.57,6115.59,0
1999-12-09,6100.73,6178.17,6084.95,6118.06,0
1999-12-10,6121.68,6158.18,6067.08,6097.9,0
1999-12-13,6106.21,6159.21,6078.01,6127.2,0
1999-12-14,6129.31,6247.24,6103.36,6187.99,0
1999-12-15,6191.76,6232.75,6148.21,6232.75,0
1999-12-16,6228.93,6364.09,6220.53,6341.29,0
1999-12-17,6342.92,6443.05,6342.92,6353.9,0
1999-12-20,6358.48,6393.2,6296.9,6378.66,0
1999-12-21,6372.79,6423.88,6322.09,6418.68,0
1999-12-22,6431.51,6531.75,6431.51,6492.53,0
1999-12-23,6503.67,6798.19,6503.67,6782.39,0
1999-12-27,6784.37,6992.92,6784.37,6837.41,0
1999-12-28,6839.03,6885.2,6762.11,6861.54,0
1999-12-29,6845.37,6888.51,6812.72,6859.58,0
1999-12-30,6858.4,6972.66,6858.4,6958.14,0
2000-01-03,6961.72,7159.33,6720.87,6750.76,0
2000-01-04,6747.24,6755.36,6510.46,6586.95,0
2000-01-05,6585.85,6585.85,6388.91,6502.07,0
2000-01-06,6501.45,6539.31,6402.63,6474.92,0
2000-01-07,6489.94,6791.53,6470.14,6780.96,0
2000-01-10,6785.47,6975.26,6785.47,6925.52,0
2000-01-11,6926.04,6943.83,6821.26,6891.25,0
2000-01-12,6878.92,6913.5,6783.22,6912.81,0
2000-01-13,6913.13,7106.45,6898.69,6955.98,0
2000-01-14,6960.29,7207.45,6960.29,7173.22,0
2000-01-17,7177.48,7297.04,7112.97,7258.9,0
2000-01-18,7262.21,7306.48,7053.86,7072.12,0
2000-01-19,7065.31,7110.19,6987.12,7091.04,0
2000-01-20,7095.98,7230.75,7076.81,7112.66,0
2000-01-21,7103.7,7103.7,6939.94,6992.75,0
2000-01-24,6987.59,7092.5,6921.97,6931.99,0
2000-01-25,6928.08,6928.08,6809.64,6809.64,0
2000-01-26,6838.05,6980.93,6838.05,6969.37,0
2000-01-27,6983.42,7169.87,6944.65,7126.13,0
2000-01-28,7128.01,7214.58,7040.49,7066.6,0
2000-01-31,7054.24,7054.24,6816.54,6835.6,0
2000-02-01,6841.12,7052.22,6841.12,7050.46,0
2000-02-02,7063.57,7172.05,7038.71,7171.95,0
2000-02-03,7175.87,7354.56,7134.42,7354.26,0
2000-02-04,7355.69,7491.79,7338.15,7444.61,0
2000-02-07,7450.79,7450.79,7270.4,7296.32,0
2000-02-08,7295.61,7570.55,7263.19,7549.88,0
2000-02-09,7566.68,7676.56,7526.08,7629.11,0
2000-02-10,7617.07,7709.27,7496.42,7709.27,0
2000-02-11,7724.36,7812.09,7586.26,7611.55,0
2000-02-14,7569.01,7660.39,7542.3,7644.8,0
2000-02-15,7636.41,7699.97,7396.13,7396.13,0
2000-02-16,7401.26,7596.9,7342.65,7490.32,0
2000-02-17,7478.32,7637.46,7394.02,7580.53,0
2000-02-18,7584.39,7658.88,7543.5,7573.78,0
2000-02-21,7568.34,7590.53,7447.71,7590.53,0
2000-02-22,7580.38,7725.5,7540.36,7607.94,0
2000-02-23,7619.83,7772.28,7619.83,7698.97,0
2000-02-24,7696.92,7813.2,7587.08,7640.53,0
2000-02-25,7668.7,7776.84,7640.69,7738.68,0
2000-02-28,7732.9,7747.37,7492.23,7587.13,0
2000-02-29,7590.9,7700.36,7590.9,7644.55,0
2000-03-01,7645.3,7769.01,7618.6,7727.93,0
2000-03-02,7720.9,7950.66,7639.93,7945.77,0
2000-03-03,7952.28,8022.48,7874.57,7960.03,0
2000-03-06,7960.09,8030.59,7925.2,7975.78,0
2000-03-07,7971.23,8136.16,7929.52,8064.97,0
2000-03-08,8069.98,8097.68,7949.38,7987,0
2000-03-09,7984.21,8084.92,7877.19,7949.15,0
2000-03-10,7952.51,8076.31,7952.51,7975.95,0
2000-03-13,7977.06,7991.07,7630.31,7693.85,0
2000-03-14,7695.79,7757.03,7630.1,7650.05,0
2000-03-15,7633.2,7633.2,7411.76,7414.46,0
2000-03-16,7416.64,7648.28,7416.64,7583.96,0
2000-03-17,7594.99,7834.54,7574.52,7710.92,0
2000-03-20,7716.24,7887.97,7716.24,7872.38,0
2000-03-21,7865.48,7865.48,7735.74,7807.93,0
2000-03-22,7827.56,7949.72,7787.09,7798.62,0
2000-03-23,7803.69,7873.03,7677.08,7694.78,0
2000-03-24,7706.5,7932.42,7706.5,7932.42,0
2000-03-27,7932.71,7939.92,7832.06,7892.49,0
2000-03-28,7891.15,8031.21,7880.12,7931.93,0
2000-03-29,7930.82,7963.7,7859.44,7864.76,0
2000-03-30,7834.56,7849.53,7610.51,7644.89,0
2000-03-31,7649.88,7704.28,7522.7,7599.39,0
2000-04-03,7599.78,7641.53,7404.37,7429.22,0
2000-04-04,7431.42,7566.92,7430.18,7522.8,0
2000-04-05,7502.09,7538.72,7205.86,7330.77,0
2000-04-06,7345.01,7480.13,7325.72,7446.21,0
2000-04-07,7470.39,7533.36,7399.81,7522.2,0
2000-04-10,7534.91,7614.81,7507.93,7516.95,0
2000-04-11,7513.12,7513.12,7366.49,7442.66,0
2000-04-12,7438.26,7517.75,7414.38,7443.07,0
2000-04-13,7421.06,7450.39,7302.82,7449.06,0
2000-04-14,7440.05,7440.05,7168.9,7214.83,0
2000-04-17,7201.66,7201.66,6890.96,7187.14,0
2000-04-18,7186.18,7305.03,7094.92,7196.49,0
2000-04-19,7204.33,7305.94,7146.52,7216.71,0
2000-04-20,7216.22,7242.8,7157.95,7157.95,0
2000-04-25,7164.15,7317.06,7096.38,7280.51,0
2000-04-26,7293.1,7444.28,7293.1,7388.55,0
2000-04-27,7386.61,7413.82,7156.83,7221.74,0
2000-04-28,7223.27,7436.45,7223.27,7414.68,0
2000-05-02,7407.53,7561.67,7405.7,7555.92,0
2000-05-03,7547.91,7571.72,7362.75,7376.93,0
2000-05-04,7388.68,7419.74,7321.43,7386.71,0
2000-05-05,7391.62,7530.82,7333.48,7530.82,0
2000-05-08,7532.97,7532.97,7383.22,7408.09,0
2000-05-09,7407.89,7407.95,7225.18,7280.54,0
2000-05-10,7273.56,7313.27,7102.59,7120.86,0
2000-05-11,7111.28,7277.56,7013.7,7259.48,0
2000-05-12,7269.87,7331.03,7206.09,7269.28,0
2000-05-15,7266.08,7278.03,7188.25,7195.15,0
2000-05-16,7203.58,7398.48,7203.58,7371.06,0
2000-05-17,7370.18,7378.57,7197.83,7211.51,0
2000-05-18,7214.5,7258.61,7158.54,7181.58,0
2000-05-19,7182.46,7182.46,6958.92,6989.03,0
2000-05-22,6983.46,7040.57,6818.7,6912.96,0
2000-05-23,6918.93,7017.24,6883.39,6927.69,0
2000-05-24,6920.14,6920.14,6794.08,6834.88,0
2000-05-25,6846.37,6998.31,6846.37,6978.87,0
2000-05-26,6969.01,6972.21,6833.11,6938.33,0
2000-05-29,6956.14,7029.8,6956.14,7019.72,0
2000-05-30,7024.6,7150.5,7024.6,7119.26,0
2000-05-31,7127.26,7213.98,7101.14,7109.67,0
2000-06-01,7117.57,7277.52,7117.57,7272.76,0
2000-06-02,7286.19,7460.51,7246.17,7448.04,0
2000-06-05,7456.22,7486.4,7354.84,7401.73,0
2000-06-06,7404.78,7464.76,7298.23,7337.15,0
2000-06-07,7363.66,7363.66,7241.58,7286.61,0
2000-06-08,7293.74,7390.5,7211.97,7247.99,0
2000-06-09,7246.46,7354.32,7233.65,7257.52,0
2000-06-12,7251.29,7315.05,7224.72,7235.64,0
2000-06-13,7222.77,7307.34,7173.88,7268.91,0
2000-06-14,7292.77,7374.6,7251.23,7350.94,0
2000-06-15,7347.75,7388.24,7324.6,7328.62,0
2000-06-16,7344.44,7368.57,7131.4,7131.4,0
2000-06-19,7134.17,7225.34,7134.17,7198.8,0
2000-06-20,7207.59,7270.2,7201.88,7227.27,0
2000-06-21,7227.05,7240.01,7090.5,7100.09,0
2000-06-22,7112.15,7172.86,7028.34,7053.67,0
2000-06-23,7056.82,7081.58,6976.97,6980.41,0
2000-06-26,6986.89,7085.27,6975.07,7027.19,0
2000-06-27,7029.55,7064.44,6966.45,7048.96,0
2000-06-28,7050.84,7072.64,7010.67,7056.05,0
2000-06-29,7055.42,7058,6851.84,6874.54,0
2000-06-30,6882.94,6935.18,6866.85,6898.21,0
2000-07-03,6912.97,6962.02,6842.61,6958.96,0
2000-07-04,6958.4,6976.08,6881.14,6944.36,0
2000-07-05,6946.73,7090.11,6946.73,6961.73,0
2000-07-06,6947.21,6978.93,6905.24,6951.09,0
2000-07-07,6957.01,7052.22,6919.94,7052.22,0
2000-07-10,7052.68,7126.04,7031.33,7070.82,0
2000-07-11,7068.09,7069.49,6955.58,7003.98,0
2000-07-12,7015.84,7100.36,7011.68,7065.97,0
2000-07-13,7073.81,7196.16,7008.96,7195.99,0
2000-07-14,7193.23,7342.22,7173.42,7318.38,0
2000-07-17,7320.1,7430.7,7320.1,7430.7,0
2000-07-18,7417.02,7449.78,7355.31,7406.91,0
2000-07-19,7406.24,7406.24,7321.27,7366.57,0
2000-07-20,7364.64,7491.8,7303.91,7480.14,0
2000-07-21,7481.19,7503.32,7373.15,7373.26,0
2000-07-24,7377.98,7428.17,7308.45,7328.31,0
2000-07-25,7323.24,7358.64,7294.06,7329.04,0
2000-07-26,7330.14,7368.34,7250.22,7302.12,0
2000-07-27,7291.14,7333.02,7170.81,7183.44,0
2000-07-28,7188.63,7222.11,7076.37,7128.3,0
2000-07-31,7135.39,7251.88,7112.94,7190.37,0
2000-08-01,7194.03,7244.55,7094.93,7145.53,0
2000-08-02,7151.5,7197.32,7068.96,7112.45,0
2000-08-03,7113.08,7113.08,6954.6,7037.91,0
2000-08-04,7040.25,7112.97,7007.21,7016.59,0
2000-08-07,7020.65,7135.28,7020.65,7113.22,0
2000-08-08,7110.47,7194.22,7079.74,7123.81,0
2000-08-09,7129.7,7268.64,7129.7,7226.71,0
2000-08-10,7228.7,7318.94,7213.38,7280.97,0
2000-08-11,7289.26,7327.22,7225.03,7322.98,0
2000-08-14,7323.87,7369.01,7297.03,7331.67,0
2000-08-15,7336.73,7380.19,7276.04,7307.43,0
2000-08-16,7314.57,7363.64,7291.01,7315.27,0
2000-08-17,7320.69,7336.23,7214.68,7278.43,0
2000-08-18,7286.32,7320.61,7216.62,7232.42,0
2000-08-21,7233.74,7258.87,7147.15,7199.34,0
2000-08-22,7208.39,7282.21,7208.39,7249.2,0
2000-08-23,7257.34,7263.55,7157.85,7232.78,0
2000-08-24,7233.78,7279.2,7213.2,7230.26,0
2000-08-25,7232.37,7333.09,7232.37,7307.17,0
2000-08-28,7320.93,7395.81,7310.29,7339.22,0
2000-08-29,7342.04,7355.58,7277.17,7294.4,0
2000-08-30,7292.46,7292.46,7176.24,7185.56,0
2000-08-31,7191,7251.31,7168.52,7216.45,0
2000-09-01,7221.41,7397.12,7221.41,7344.67,0
2000-09-04,7355.74,7453.36,7355.74,7445.56,0
2000-09-05,7448.08,7456.71,7369.36,7395.07,0
2000-09-06,7397.05,7434.02,7315.15,7333.02,0
2000-09-07,7327.66,7383.6,7283.79,7373.34,0
2000-09-08,7373.9,7393.88,7248.94,7267.77,0
2000-09-11,7267.68,7273.3,7196.64,7214.45,0
2000-09-12,7213.18,7213.18,7129.03,7135.75,0
2000-09-13,7134.56,7169.53,6994.18,7006.26,0
2000-09-14,7010.7,7101.5,7006.64,7048.5,0
2000-09-15,7048.88,7077.58,6976.41,6999.54,0
2000-09-18,6959.93,6977.25,6873.4,6891.69,0
2000-09-19,6865.87,6937.82,6839.3,6937.74,0
2000-09-20,6953.25,6973.31,6726.46,6765.23,0
2000-09-21,6774.26,6817.09,6581.93,6682.92,0
2000-09-22,6677.83,6740.25,6468.46,6740.25,0
2000-09-25,6739.28,6827.07,6739.28,6788.69,0
2000-09-26,6779.81,6827.89,6726.24,6765.04,0
2000-09-27,6761.93,6857.48,6716.84,6814.06,0
2000-09-28,6809.59,6846.99,6727.32,6832.76,0
2000-09-29,6835.13,6884.63,6771.66,6798.12,0
2000-10-02,6800.07,6906.83,6766.1,6862.26,0
2000-10-04,6857.48,6896.54,6760.71,6823.43,0
2000-10-05,6819.12,6917.17,6819.12,6892.49,0
2000-10-06,6895.71,6921.08,6712.48,6776.39,0
2000-10-09,6776.04,6776.04,6624.55,6680.78,0
2000-10-10,6683.69,6726.45,6655.51,6673.15,0
2000-10-11,6668.94,6668.94,6467.29,6561.63,0
2000-10-12,6569.86,6649.25,6383.17,6465.26,0
2000-10-13,6452.11,6661.3,6385.55,6661.3,0
2000-10-16,6668.12,6725.33,6578.78,6627.25,0
2000-10-17,6622.01,6668.56,6521.75,6531.71,0
2000-10-18,6523.75,6523.75,6297.49,6483,0
2000-10-19,6489.85,6620.78,6488.69,6619.43,0
2000-10-20,6616.76,6663.18,6533.15,6618.43,0
2000-10-23,6614.18,6651.1,6542.87,6620.87,0
2000-10-24,6617.73,6835.16,6603.49,6802.81,0
2000-10-25,6794.48,6810.3,6701.31,6748.22,0
2000-10-26,6749.01,6858.1,6718.55,6767.9,0
2000-10-27,6768.87,6930.36,6768.87,6924.68,0
2000-10-30,6921.33,6955.92,6880.18,6926.57,0
2000-10-31,6928.69,7087.92,6928.69,7077.44,0
2000-11-01,7093.84,7114.2,7015.52,7059.07,0
2000-11-02,7067.7,7135.89,7048.88,7088.64,0
2000-11-03,7092.02,7152.45,7072.37,7128.27,0
2000-11-06,7139.94,7185.66,7111.5,7136.3,0
2000-11-07,7140.25,7140.25,7028.79,7076.28,0
2000-11-08,7075.82,7130.21,7004.93,7008.64,0
2000-11-09,7005.2,7019.57,6930.29,6959.5,0
2000-11-10,6962.94,7013.07,6831.4,6851.69,0
2000-11-13,6839.98,6839.98,6690.61,6742.1,0
2000-11-14,6740.64,6966.65,6740.64,6966.65,0
2000-11-15,6976.16,6976.63,6882,6961.09,0
2000-11-16,6950.94,6950.94,6805.15,6842.11,0
2000-11-17,6824,6839.92,6724.07,6752.29,0
2000-11-20,6755.23,6794.41,6598.42,6609.48,0
2000-11-21,6594.88,6679.87,6571.56,6678.07,0
2000-11-22,6669.75,6669.75,6474.5,6510.54,0
2000-11-23,6508.53,6617.79,6476.63,6601,0
2000-11-24,6607.98,6710.45,6572.34,6664.18,0
2000-11-27,6665.25,6804.22,6665.25,6696.91,0
2000-11-28,6696.71,6717.74,6603.61,6625.56,0
2000-11-29,6609.76,6655.36,6534.82,6598.32,0
2000-11-30,6598.07,6598.07,6361.43,6372.33,0
2000-12-01,6379.26,6542.72,6379.26,6512.91,0
2000-12-04,6507.64,6507.64,6343.45,6408.1,0
2000-12-05,6412.15,6637.09,6412.15,6637.09,0
2000-12-06,6641.51,6721.9,6606.43,6622.25,0
2000-12-07,6621.61,6650.08,6495.26,6566.08,0
2000-12-08,6567.99,6745.91,6567.99,6691.25,0
2000-12-11,6702.25,6806.45,6702.25,6782.52,0
2000-12-12,6781.62,6813.3,6733.59,6733.59,0
2000-12-13,6741.59,6797.86,6585.18,6620.21,0
2000-12-14,6617.46,6617.46,6449.58,6469.95,0
2000-12-15,6455.21,6455.21,6331.3,6331.3,0
2000-12-18,6337.81,6467.33,6337.81,6390.25,0
2000-12-19,6392.44,6505.75,6309.14,6479.28,0
2000-12-20,6467.06,6467.06,6226.64,6248.76,0
2000-12-21,6240.12,6291.02,6110.26,6200.71,0
2000-12-22,6210.81,6281.73,6201.44,6251.4,0
2000-12-27,6252.11,6357.76,6252.11,6328.16,0
2000-12-28,6337.06,6393.27,6323,6371.64,0
2000-12-29,6376.1,6469.74,6364.1,6433.61,0
2001-01-02,6431.14,6439.23,6289.82,6289.82,0
2001-01-03,6284.87,6467.82,6172.44,6434.96,0
2001-01-04,6443.87,6556.94,6356.92,6376.54,0
2001-01-05,6383.33,6485.34,6344.16,6382.31,0
2001-01-08,6368.83,6426.64,6337.95,6392.17,0
2001-01-09,6408.06,6462.5,6354.97,6404.52,0
2001-01-10,6402.19,6413.56,6293.49,6320.07,0
2001-01-11,6320.94,6477.66,6320.94,6465.21,0
2001-01-12,6480.82,6552.52,6467.12,6490.03,0
2001-01-15,6506.7,6553.75,6481.17,6522.87,0
2001-01-16,6521.28,6539.64,6452.62,6502.89,0
2001-01-17,6540.04,6668.67,6540.04,6653.38,0
2001-01-18,6642.7,6661.12,6587.51,6635.76,0
2001-01-19,6644.42,6737.18,6632.81,6651.53,0
2001-01-22,6652.46,6688.83,6594.19,6675,0
2001-01-23,6678.22,6722.41,6601.88,6722.41,0
2001-01-24,6723.21,6759.01,6690.72,6706.67,0
2001-01-25,6700.97,6775.26,6677.81,6727.49,0
2001-01-26,6713.4,6713.4,6650.34,6695.2,0
2001-01-29,6699.1,6750.96,6659.98,6750.96,0
2001-01-30,6746.12,6792.81,6706.16,6739.3,0
2001-01-31,6745.9,6795.14,6720.57,6795.14,0
2001-02-01,6788.57,6788.57,6704.68,6704.68,0
2001-02-02,6709.9,6750.99,6624.19,6638.2,0
2001-02-05,6633.78,6635.8,6592.21,6628.07,0
2001-02-06,6632.49,6693.45,6620.03,6693.03,0
2001-02-07,6691.36,6691.36,6578.96,6578.96,0
2001-02-08,6585.4,6662.77,6580.24,6636.81,0
2001-02-09,6637.13,6637.13,6497.07,6497.07,0
2001-02-12,6498.93,6572.37,6498.93,6564.91,0
2001-02-13,6567.85,6603.17,6545.02,6557.93,0
2001-02-14,6556.09,6556.09,6444.16,6479.87,0
2001-02-15,6480.34,6591.67,6480.34,6591.67,0
2001-02-16,6587.46,6587.46,6439.26,6439.26,0
2001-02-19,6441.26,6493.61,6441.26,6472.21,0
2001-02-20,6471.03,6530.13,6425.65,6451.57,0
2001-02-21,6453.76,6453.76,6312.14,6347.99,0
2001-02-22,6347.43,6363.55,6216.52,6277.99,0
2001-02-23,6279.28,6312.1,6071.35,6075.34,0
2001-02-26,6079.97,6209.13,6079.97,6189.07,0
2001-02-27,6191.87,6254.82,6162.51,6220.48,0
2001-02-28,6221.7,6284.81,6170,6208.24,0
2001-03-01,6212.66,6212.66,6094.76,6123.38,0
2001-03-02,6123.59,6183.91,6052.01,6159.02,0
2001-03-05,6172.35,6218.79,6134.02,6216.38,0
2001-03-06,6218.12,6310.18,6218.12,6284.06,0
2001-03-07,6274.21,6342.54,6249.7,6305.64,0
2001-03-08,6308.73,6339.92,6245.72,6267.06,0
2001-03-09,6264.22,6264.22,6193.33,6204.42,0
2001-03-12,6202.37,6202.37,6043.34,6046.56,0
2001-03-13,6038.85,6038.85,5935.07,5962.93,0
2001-03-14,5969.51,6025.93,5663.54,5794.12,0
2001-03-15,5819.69,5889.95,5767.06,5889.95,0
2001-03-16,5881.62,5907.07,5728.88,5734.49,0
2001-03-19,5732.85,5805.71,5650.3,5657.29,0
2001-03-20,5663.66,5788.99,5663.66,5782.16,0
2001-03-21,5780.6,5780.6,5600.89,5622.09,0
2001-03-22,5599.02,5621.06,5351.48,5388.02,0
2001-03-23,5396.63,5574.99,5396.63,5544.67,0
2001-03-26,5557.82,5756.59,5557.82,5726.97,0
2001-03-27,5724.15,5938.21,5689.18,5938.21,0
2001-03-28,5938.21,5938.21,5775.44,5817.52,0
2001-03-29,5812.65,5879.3,5713.56,5879.3,0
2001-03-30,5870.1,5944.25,5805.27,5829.95,0
2001-04-02,5843.37,5912.26,5702.93,5760.76,0
2001-04-03,5747.05,5747.05,5511.76,5553.46,0
2001-04-04,5537.94,5632.13,5383.99,5597.66,0
2001-04-05,5615.08,5781.71,5615.08,5773.34,0
2001-04-06,5790.93,5839.11,5651.83,5698.88,0
2001-04-09,5695.77,5809.88,5657.87,5781.01,0
2001-04-10,5787.24,5917.78,5787.24,5913.84,0
2001-04-11,5925.3,6019.26,5879.23,5951.16,0
2001-04-12,5953.39,6013.38,5910.46,6002.3,0
2001-04-17,6004.32,6004.32,5827.62,5935.58,0
2001-04-18,5941.24,6182.56,5941.24,6164.88,0
2001-04-19,6178.01,6224.3,6107.43,6181.91,0
2001-04-20,6176.18,6198.17,6100.87,6127.97,0
2001-04-23,6118.24,6119.35,6032.74,6051.48,0
2001-04-24,6059.37,6164.02,6042.69,6124.57,0
2001-04-25,6124.21,6140.84,6060.66,6115.19,0
2001-04-26,6120.15,6164.63,6058.46,6123.66,0
2001-04-27,6116.83,6186.68,6075.05,6175.24,0
2001-04-30,6176.73,6271.2,6176.73,6264.51,0
2001-05-02,6272.03,6296.62,6185.14,6213.84,0
2001-05-03,6211.65,6236.46,6061.59,6089.17,0
2001-05-04,6096.62,6138.28,6001.51,6138.28,0
2001-05-07,6137.92,6193.45,6097.98,6122.62,0
2001-05-08,6111.6,6172.77,6071.67,6108.72,0
2001-05-09,6107.33,6107.33,6025.86,6063.94,0
2001-05-10,6047.17,6222.24,6047.17,6165.18,0
2001-05-11,6161.53,6192.38,6122.89,6141.02,0
2001-05-14,6122.45,6122.45,6040.27,6064.68,0
2001-05-15,6072.87,6095.71,6027.45,6070.38,0
2001-05-16,6060.75,6157.74,5960.46,6148.44,0
2001-05-17,6167.11,6226.58,6139.67,6173.81,0
2001-05-18,6168.64,6213.12,6124.94,6186.87,0
2001-05-21,6193.13,6260.13,6139.24,6249.87,0
2001-05-22,6250.32,6337.47,6245.65,6270.59,0
2001-05-23,6259.98,6288.95,6209.27,6215.25,0
2001-05-24,6209.98,6306.35,6193.16,6278.9,0
2001-05-25,6281.14,6303.72,6204.54,6223.57,0
2001-05-28,6225.66,6255.19,6189.39,6216.83,0
2001-05-29,6219.05,6235.3,6112.81,6120.33,0
2001-05-30,6120.46,6120.46,6041.2,6041.22,0
2001-05-31,6035.61,6148.3,5994.66,6123.26,0
2001-06-01,6122.96,6174.11,6054.17,6125.17,0
2001-06-04,6134.1,6185.77,6134.1,6177.74,0
2001-06-05,6183.21,6256.99,6154.49,6242.13,0
2001-06-06,6242.88,6278.04,6177.27,6192.44,0
2001-06-07,6184.78,6219.09,6156.17,6184.25,0
2001-06-08,6197.83,6266.12,6169.09,6187.21,0
2001-06-11,6189.06,6225.84,6138.05,6162.74,0
2001-06-12,6174.13,6181.55,6026.06,6059.15,0
2001-06-13,6071.15,6142.98,6071.15,6111.94,0
2001-06-14,6109.66,6109.66,6017,6031.27,0
2001-06-15,6019.67,6022.75,5889.41,5915.18,0
2001-06-18,5921.61,5948.84,5853.07,5869.04,0
2001-06-19,5875.31,5980.14,5875.31,5922.53,0
2001-06-20,5907.65,5907.65,5812.7,5876.04,0
2001-06-21,5881.7,5928.43,5833.92,5926.38,0
2001-06-22,5922.49,5952.83,5876.33,5941.77,0
2001-06-25,5928.5,5948.27,5866.39,5902.32,0
2001-06-26,5898.25,5898.25,5766.73,5847.79,0
2001-06-27,5848.13,5851.65,5814.86,5833.1,0
2001-06-28,5835.53,5971.77,5758.69,5971.77,0
2001-06-29,5976.02,6058.5,5955.62,6058.38,0
2001-07-02,6053.81,6131.97,6005.8,6109.5,0
2001-07-03,6103.9,6108.07,6038.22,6056.84,0
2001-07-04,6060.49,6080.7,5998.83,6015.72,0
2001-07-05,5993.83,6040.97,5947.94,5999.19,0
2001-07-06,5992.99,5992.99,5846.63,5862.1,0
2001-07-09,5861.92,5894.78,5778.25,5869.86,0
2001-07-10,5869.56,5923.52,5805.74,5816.32,0
2001-07-11,5799.77,5805.63,5731.85,5801.8,0
2001-07-12,5814.5,5928.52,5814.5,5889.88,0
2001-07-13,5889.3,5939.85,5847.15,5928.01,0
2001-07-16,5927.45,5928.89,5842.14,5853.76,0
2001-07-17,5846.39,5846.66,5787.33,5846.66,0
2001-07-18,5838.21,5838.21,5710.71,5728.37,0
2001-07-19,5727.48,5829.69,5707.09,5829.69,0
2001-07-20,5820.29,5820.29,5684.56,5764.06,0
2001-07-23,5751.13,5844.07,5700.9,5791.73,0
2001-07-24,5780.75,5780.75,5659.26,5663.26,0
2001-07-25,5672.97,5723.94,5551.14,5582.76,0
2001-07-26,5594.49,5675.76,5572.21,5675.76,0
2001-07-27,5681.3,5772.57,5681.3,5754.86,0
2001-07-30,5749.25,5830.62,5712.48,5792.19,0
2001-07-31,5802.49,5861.19,5754.2,5861.19,0
2001-08-01,5859.68,5859.68,5812.59,5835.23,0
2001-08-02,5845.63,5930.45,5764.29,5777.28,0
2001-08-03,5777.45,5808.53,5735.88,5735.88,0
2001-08-06,5734.24,5802.68,5708.47,5746.04,0
2001-08-07,5747.36,5782.65,5688.57,5752.51,0
2001-08-08,5748.68,5748.68,5609.4,5614.51,0
2001-08-09,5595.54,5595.54,5467.72,5512.28,0
2001-08-10,5523.06,5569.93,5387.34,5433.49,0
2001-08-13,5441.1,5499.75,5401.49,5453.77,0
2001-08-14,5465.75,5569.05,5465.75,5520.71,0
2001-08-15,5521.46,5530.78,5428.51,5455.44,0
2001-08-16,5454.37,5454.37,5334.04,5361.92,0
2001-08-17,5370.34,5416.15,5174.3,5222.12,0
2001-08-20,5219.75,5266.15,5124.69,5207.83,0
2001-08-21,5215.2,5252.02,5169.52,5216.11,0
2001-08-22,5204.31,5322.99,5141.65,5220.21,0
2001-08-23,5232.94,5280.32,5187.14,5254.04,0
2001-08-24,5268.8,5423.54,5268.8,5387.5,0
2001-08-27,5397.64,5455.12,5382.12,5406.47,0
2001-08-28,5406.26,5454.99,5286.5,5308.78,0
2001-08-29,5290.68,5347.28,5239.99,5297.04,0
2001-08-30,5296.3,5334.54,5157.66,5162.4,0
2001-08-31,5160.02,5228.45,5132.27,5188.17,0
2001-09-03,5195.67,5205.26,5062.95,5094.1,0
2001-09-04,5102.28,5220.1,5034.72,5208.1,0
2001-09-05,5188.3,5188.3,5028.3,5048.08,0
2001-09-06,5058.76,5109.93,4849.03,4875.37,0
2001-09-07,4871.41,4910.93,4713.12,4730.67,0
2001-09-10,4725.16,4758.1,4528.07,4670.13,0
2001-09-11,4680.8,4788.38,4130.52,4273.53,0
2001-09-12,4259.53,4403.51,4159.65,4335.2,0
2001-09-13,4342.59,4397.01,4277.5,4392.4,0
2001-09-14,4385.88,4441.17,4115.98,4115.98,0
2001-09-17,4120.56,4301.47,3983.56,4234.55,227260272
2001-09-18,4237.7,4238.17,4122.11,4194.85,167846160
2001-09-19,4195.98,4285.34,4014.83,4041.8,191041312
2001-09-20,4044.98,4110.44,3778.18,3809.67,212659824
2001-09-21,3805,3826.05,3539.18,3787.23,420957888
2001-09-24,3792.86,4056.04,3792.86,4038.69,172099504
2001-09-25,4035.31,4135.5,3948.64,4009.12,189542384
2001-09-26,4014.4,4186.04,4014.4,4095.32,184940416
2001-09-27,4095.35,4184.5,4048.2,4184.5,138208560
2001-09-28,4197.35,4317.63,4197.35,4308.15,148162880
2001-10-01,4315.06,4316.39,4183.66,4239.97,123867304
2001-10-02,4239.69,4304.2,4157.6,4304.2,138032560
2001-10-03,4304.01,4441.55,4181.09,4436.66,142504464
2001-10-04,4440.3,4549.89,4414.55,4548.13,190100352
2001-10-05,4537.52,4592.14,4441.32,4487.69,157116032
2001-10-08,4469.11,4505.28,4330.54,4495.15,117505736
2001-10-09,4488.47,4545.68,4436.54,4472.42,114395544
2001-10-10,4471.63,4622.85,4421.96,4613.19,107304848
2001-10-11,4627.72,4742.18,4616.68,4718.46,79650528
2001-10-12,4720.61,4724.73,4581.36,4625.13,61668728
2001-10-15,4619.59,4623.95,4496.59,4548.48,50003016
2001-10-16,4542.28,4636.93,4510.75,4626.48,55797236
2001-10-17,4634.1,4779.64,4609.94,4644.82,67172848
2001-10-18,4628.09,4628.09,4493.84,4574.37,67891488
2001-10-19,4580.68,4590.93,4445.64,4513.53,150141296
2001-10-22,4518.36,4633.24,4480.16,4619.32,98997608
2001-10-23,4629.49,4735.94,4629.49,4704.22,142740976
2001-10-24,4689.04,4841.14,4652.25,4811.82,148092080
2001-10-25,4805.03,4874.31,4651.35,4715.6,163564000
2001-10-26,4719.03,4820.26,4719.03,4820.26,118106128
2001-10-29,4812.6,4812.6,4659.75,4660.35,95224208
2001-10-30,4658.52,4658.52,4476.61,4543.98,159264464
2001-10-31,4526.85,4626.02,4457.72,4559.13,160004080
2001-11-01,4556.71,4637.18,4481.55,4636.13,109790184
2001-11-02,4641.36,4658.47,4568.64,4583.31,120079864
2001-11-05,4588.69,4755.11,4588.69,4755.11,116642936
2001-11-06,4767.61,4819.9,4707.65,4707.65,130681632
2001-11-07,4715.15,4862.85,4676.25,4860.66,148196576
2001-11-08,4851.38,5005.95,4833.59,4993.57,190157840
2001-11-09,4990.81,4990.81,4886.31,4910.07,122177608
2001-11-12,4907.61,4910.12,4648.68,4820.37,155826592
2001-11-13,4825.55,4970.03,4821.82,4946.97,160001888
2001-11-14,4950.74,5047.19,4939.83,4953.53,210665312
2001-11-15,4960.59,5073.25,4960.59,5006.33,209727040
2001-11-16,5015.56,5114.4,4989.21,5062.64,172799856
2001-11-19,5071.63,5193.66,5071.63,5185.1,131007960
2001-11-20,5187.19,5212.03,5016.92,5096.18,169345072
2001-11-21,5091.49,5151.99,5040.61,5087.03,159180864
2001-11-22,5089.9,5143.62,5083.75,5124.54,83144944
2001-11-23,5131.68,5160.19,5031.39,5150.97,120828368
2001-11-26,5159.81,5217.47,5106.06,5114.12,130420600
2001-11-27,5117.52,5147.83,4969.18,5059.57,167223584
2001-11-28,5031.15,5031.15,4915.15,4915.95,146360096
2001-11-29,4897.96,4975.42,4874.23,4936.08,129009656
2001-11-30,4954.2,5042.43,4954.2,4989.91,143671952
2001-12-03,4986.58,4996.43,4872.25,4988.44,119939736
2001-12-04,4989.03,5040.2,4978.06,5013.99,124692664
2001-12-05,5020.07,5282.01,5020.07,5262.75,213935776
2001-12-06,5258.47,5341.86,5241.24,5271.29,203731424
2001-12-07,5277.18,5297.9,5199.03,5199.03,126911304
2001-12-10,5200.54,5212.95,5113.41,5124.68,98973032
2001-12-11,5121.68,5169.15,5075.43,5146.45,128216664
2001-12-12,5149.38,5193.96,5028.16,5062.56,162882608
2001-12-13,5053.87,5096.82,4947.82,4966.05,170973792
2001-12-14,4957.1,4983.86,4901.04,4909.42,119746920
2001-12-17,4913.93,5098.25,4905.28,5067.99,125151864
2001-12-18,5061.84,5115.79,5037.87,5039.64,152511600
2001-12-19,5036.03,5061.25,4948.28,4984.69,157967840
2001-12-20,4990.92,5026.82,4924.63,4934.14,114166928
2001-12-21,4930.04,5024.81,4877.57,5019.01,204414704
2001-12-27,5032.87,5117.13,5032.87,5117.13,65343540
2001-12-28,5110.22,5175.57,5110.22,5160.1,45654004
2002-01-02,5155.26,5195.56,5107.36,5167.88,84989192
2002-01-03,5175.18,5288.23,5175.18,5270.29,130631168
2002-01-04,5291.6,5352.16,5262.92,5318.73,188772784
2002-01-07,5327.4,5347.12,5220.99,5232.22,172259184
2002-01-08,5211.23,5260.62,5185.07,5236.37,198898832
2002-01-09,5228.18,5303.81,5180.32,5288.21,189844224
2002-01-10,5265.81,5265.81,5172.04,5228.11,149479792
2002-01-11,5228.09,5270.44,5188.43,5209.97,133920216
2002-01-14,5206.23,5206.23,5055.62,5065.84,146066736
2002-01-15,5059.84,5107.56,5029.48,5062.04,163029136
2002-01-16,5050.35,5052.81,4974.58,4984.2,175110208
2002-01-17,4985.37,5135.99,4985.37,5133.4,190484640
2002-01-18,5118.27,5133.62,5065.03,5122.23,151103152
2002-01-21,5122.4,5122.4,5021.21,5069.74,94413760
2002-01-22,5069.84,5136.42,5028.89,5045.72,137289952
2002-01-23,5048.81,5169.53,5006.26,5163.03,162662864
2002-01-24,5169.03,5219.85,5146.6,5170.44,159601168
2002-01-25,5168.52,5169.8,5081.72,5156.63,113014168
2002-01-28,5156.52,5203.77,5129.24,5159.02,119037240
2002-01-29,5165.06,5205.63,5073.07,5084.52,152208432
2002-01-30,5065.62,5066.42,4980.7,5052.2,188323440
2002-01-31,5068.89,5119.51,5054.42,5107.61,157020704
2002-02-01,5109.48,5165.97,5082.43,5097.06,140401232
2002-02-04,5088.83,5093.49,4984.48,4984.48,129512032
2002-02-05,4981.47,4981.47,4869.81,4936.75,188785120
2002-02-06,4937.19,4946.08,4778.36,4804.41,221144544
2002-02-07,4798.03,4873.59,4730.7,4862.62,196697776
2002-02-08,4850.39,4896.55,4806.78,4835.95,149957696
2002-02-11,4845.24,4945.37,4845.24,4940,132243712
2002-02-12,4945.75,4975.57,4858.81,4884.78,137313616
2002-02-13,4891.01,4945.87,4834.15,4935.35,140910912
2002-02-14,4945.23,4992.6,4916.55,4973.77,143631968
2002-02-15,4967.51,4969.86,4856.17,4862.6,129336032
2002-02-18,4865.83,4894.49,4840.88,4871.76,82867896
2002-02-19,4855.7,4855.7,4757.73,4764.05,144172576
2002-02-20,4765.9,4803.3,4706.01,4780.24,149590624
2002-02-21,4797.93,4868.13,4788.4,4850.73,142880480
2002-02-22,4846.67,4846.67,4730.15,4745.58,146819472
2002-02-25,4758.83,4867.09,4731.41,4863.54,119576728
2002-02-26,4863.34,4937.02,4860.27,4897.75,162300800
2002-02-27,4913,5003.68,4913,4960.22,157501728
2002-02-28,4945.14,5072.43,4926.62,5039.08,148966480
2002-03-01,5025.96,5116.14,5003.06,5097.41,135380176
2002-03-04,5107.87,5265.35,5107.87,5245.84,181931568
2002-03-05,5245.71,5284.39,5208.86,5228.67,182798608
2002-03-06,5223.85,5296.95,5197.32,5285.26,154079648
2002-03-07,5293.48,5370.45,5267.79,5289.43,366755200
2002-03-08,5293.18,5376.23,5288.87,5359.55,156087264
2002-03-11,5360.04,5401.06,5298.48,5340.67,149859136
2002-03-12,5338.74,5338.74,5245.18,5275.81,293948288
2002-03-13,5276.78,5335.27,5238.8,5245.99,162843360
2002-03-14,5245.8,5293.48,5233.66,5276.87,107144376
2002-03-15,5270.86,5403.28,5253.16,5401.11,340778560
2002-03-18,5399.15,5465.29,5392.13,5426.04,131451536
2002-03-19,5430.71,5467.31,5413.06,5462.55,146949168
2002-03-20,5453.95,5453.95,5355.32,5364.7,139708448
2002-03-21,5357.23,5387.87,5312.03,5348.68,131694472
2002-03-22,5348.33,5401.82,5331,5366.13,127380232
2002-03-25,5361.2,5400.43,5306.44,5317.38,90597952
2002-03-26,5314.02,5398.8,5289.93,5390.59,140336400
2002-03-27,5384.68,5388.68,5332.84,5348,106747952
2002-03-28,5350.26,5424.52,5350.26,5397.29,87776688
2002-04-02,5379.64,5379.64,5290.33,5311.08,117196752
2002-04-03,5293.37,5322.55,5266.06,5281.84,121543200
2002-04-04,5284.2,5290.12,5211.74,5254.95,126279232
2002-04-05,5250.48,5293.28,5235.1,5260.53,92973304
2002-04-08,5261.37,5261.37,5128.02,5180.33,128020600
2002-04-09,5194.09,5228.22,5166.24,5170.25,110479648
2002-04-10,5169.99,5274.28,5139.01,5265.36,125780448
2002-04-11,5270.35,5290.87,5162.07,5162.96,134049984
2002-04-12,5165.31,5211.82,5148.85,5189.65,126129592
2002-04-15,5194.94,5244.2,5167.19,5244.2,97743832
2002-04-16,5250.19,5343.88,5246.98,5343.88,126310768
2002-04-17,5357.91,5378.27,5311.23,5318.55,129579824
2002-04-18,5316.53,5372.46,5194.18,5262.88,166619280
2002-04-19,5263.48,5288.84,5222.22,5284.55,104521336
2002-04-22,5285.42,5285.42,5173.68,5205.48,110839400
2002-04-23,5211.73,5246.18,5147.87,5192.1,154830240
2002-04-24,5187.13,5220.58,5144.19,5160.14,130641752
2002-04-25,5158.66,5166.98,5012.86,5054.41,212095040
2002-04-26,5064.79,5097.85,4984.62,5000.38,161308640
2002-04-29,4994.2,5008.04,4945.42,5008.04,118468664
2002-04-30,5007.24,5041.2,4929.35,5041.2,145679888
2002-05-02,5043.01,5066.97,4952.16,4964.56,190476416
2002-05-03,4958.78,5021.74,4872.19,4882.77,206270320
2002-05-06,4884.03,4926.78,4876.58,4880.67,89998576
2002-05-07,4875.35,4892.43,4773.49,4872.41,174992816
2002-05-08,4878.74,5028.59,4878.74,5028.59,162792016
2002-05-09,5023.98,5026.09,4952.41,4966.48,77938192
2002-05-10,4961.03,4964.14,4849.09,4871.7,135101824
2002-05-13,4861.15,4988.4,4832.86,4975.48,122217672
2002-05-14,4981.88,5068.42,4956.01,5049.08,160475264
2002-05-15,5062.1,5085.21,5001.42,5072.39,169149904
2002-05-16,5066.83,5101.12,5032.08,5047.45,133285400
2002-05-17,5057.96,5126.33,5021.91,5036.41,171384144
2002-05-20,5046.17,5059.42,4984.54,4998.99,57307288
2002-05-21,4993.43,5057.82,4948.05,4984.61,127731264
2002-05-22,4971.31,4996.57,4889.33,4919.5,183118128
2002-05-23,4925.05,4952.14,4859.54,4879.5,176472560
2002-05-24,4890.46,4937.48,4880.55,4899.13,121514384
2002-05-27,4896.84,4972.21,4896.84,4961.54,81749248
2002-05-28,4969.35,5016.11,4892.75,4918.58,135622496
2002-05-29,4914.54,4914.54,4855.25,4881.8,132767712
2002-05-30,4873.6,4873.6,4741.95,4761.96,124957704
2002-05-31,4765.92,4859.01,4765.92,4818.3,155852592
2002-06-03,4818.07,4850.38,4725.88,4747.95,87186656
2002-06-04,4731.24,4731.24,4580.92,4625.79,151248144
2002-06-05,4632.49,4685.07,4602.15,4624.31,111422096
2002-06-06,4634.22,4716.35,4617.43,4657.52,141481968
2002-06-07,4630.43,4630.43,4513,4610.18,162244336
2002-06-10,4617.19,4659.22,4544.77,4589.26,105813256
2002-06-11,4587.1,4686.13,4555.17,4606.09,139392336
2002-06-12,4599.06,4599.06,4480.99,4510.19,147675264
2002-06-13,4517.44,4584.57,4441.65,4470.14,158169024
2002-06-14,4464.93,4464.93,4252.86,4303.85,230020496
2002-06-17,4317.84,4483.29,4317.84,4475.1,146985360
2002-06-18,4481.02,4503.8,4398.73,4433.85,138215184
2002-06-19,4423.83,4423.83,4321.9,4354.82,170194816
2002-06-20,4352.31,4371,4199.85,4245.68,207933664
2002-06-21,4244.24,4312.12,4153.31,4232.4,601344704
2002-06-24,4233.87,4297.98,4045.52,4127.21,230024464
2002-06-25,4129.46,4260.09,4129.46,4202.97,180822240
2002-06-26,4187.12,4187.12,3946.7,4099.05,264139408
2002-06-27,4103.62,4259.43,4103.62,4259.43,193443648
2002-06-28,4275.29,4388.27,4275.29,4382.56,189023808
2002-07-01,4377.1,4443.69,4318.23,4366.81,167226432
2002-07-02,4359.17,4359.17,4163.8,4195.95,187230048
2002-07-03,4202.29,4252.49,4101.58,4138.15,196698320
2002-07-04,4140.43,4258.62,4140.43,4258.62,121495616
2002-07-05,4268.23,4483.03,4268.23,4483.03,205604176
2002-07-08,4475.89,4476.15,4393.28,4442.33,152527184
2002-07-09,4445.93,4480.49,4341.85,4369.76,222511360
2002-07-10,4352.77,4354.23,4188.64,4190.22,212949824
2002-07-11,4179.79,4179.79,4039.23,4118.5,243820432
2002-07-12,4121.02,4249.77,4075.25,4130.8,203877152
2002-07-15,4124.53,4142.65,3912.51,3912.51,198122480
2002-07-16,3913.12,4052.06,3825.54,3977.75,258747328
2002-07-17,3978.97,4105.69,3899.51,4092.82,242013216
2002-07-18,4095.44,4152.45,4031.91,4100.75,234491840
2002-07-19,4092.96,4092.96,3875.84,3891.88,200711488
2002-07-22,3888.11,3888.11,3638.55,3691.43,210753872
2002-07-23,3711.3,3810.51,3512.46,3515.83,221984128
2002-07-24,3515.57,3641.07,3265.96,3632.66,337810560
2002-07-25,3632.9,3726.58,3472.84,3520.46,271109184
2002-07-26,3526.29,3581.99,3368.29,3579,202895568
2002-07-29,3584.51,3859.78,3584.51,3859.78,173704240
2002-07-30,3852.93,3878.94,3741.79,3878.94,178711984
2002-07-31,3876.8,3945.38,3700.14,3700.14,228030912
2002-08-01,3699.31,3806.97,3545.28,3606.45,202292288
2002-08-02,3601.71,3624.23,3496.49,3532.49,183685248
2002-08-05,3533.3,3536.05,3327.96,3332.65,162250512
2002-08-06,3319.77,3601.57,3235.38,3568.64,220701552
2002-08-07,3570.11,3632.47,3440.57,3465.54,199954368
2002-08-08,3473.48,3679.26,3473.48,3679.26,202883840
2002-08-09,3682.74,3760.86,3607.53,3760.86,175164656
2002-08-12,3750.26,3750.26,3639.46,3647.13,97597624
2002-08-13,3660.4,3703.55,3553.12,3683.21,130453928
2002-08-14,3677.54,3677.54,3542.06,3589.92,152079360
2002-08-15,3591.48,3722.93,3591.48,3665.74,168124416
2002-08-16,3665.67,3703.87,3585.28,3684.69,144550592
2002-08-19,3681.67,3846.72,3628.46,3837.67,144664768
2002-08-20,3842.41,3868.86,3765.08,3768.51,152571472
2002-08-21,3770.75,3903.75,3770.75,3868.17,196934384
2002-08-22,3873.55,3930.96,3855.94,3906.55,157041936
2002-08-23,3911.22,3924.3,3815.28,3828.26,114287152
2002-08-26,3830.08,3899.6,3749.93,3783.84,85770160
2002-08-27,3791.43,3900.11,3770.66,3851.34,130600136
2002-08-28,3836.08,3836.08,3682.31,3682.84,147420144
2002-08-29,3681.29,3697.54,3580.91,3660.95,153425312
2002-08-30,3658.67,3720.5,3603.04,3712.94,116646048
2002-09-02,3698.69,3698.69,3602.37,3609.41,77828968
2002-09-03,3609.03,3609.03,3398.99,3398.99,205115040
2002-09-04,3396.8,3463.05,3348.63,3425.9,186674624
2002-09-05,3429.48,3466.68,3301.81,3354.71,193912912
2002-09-06,3361.67,3486.51,3352.1,3485.68,149530624
2002-09-09,3480.57,3480.57,3383.68,3429.22,101280800
2002-09-10,3437.11,3515.52,3437.11,3494.69,113988536
2002-09-11,3507.5,3615.59,3467.22,3584.69,123724960
2002-09-12,3573.22,3573.22,3421.87,3421.87,144441680
2002-09-13,3406.58,3406.58,3275.28,3361.28,181358320
2002-09-16,3359.33,3378.11,3288.22,3319.05,108101632
2002-09-17,3321.76,3445.59,3243.81,3289.13,160509424
2002-09-18,3277.41,3277.41,3111.01,3124.92,206383904
2002-09-19,3136.33,3162.07,3007.47,3007.47,202696032
2002-09-20,3001.88,3093.22,2956.56,3065.73,455984704
2002-09-23,3063.44,3106.09,2890.3,2914.25,174111984
2002-09-24,2913.16,2959.49,2774.36,2873.21,233362288
2002-09-25,2872.98,2979.6,2806.83,2962.5,229363632
2002-09-26,2963.12,3058.87,2932.85,3020.6,230877488
2002-09-27,3020.71,3050.77,2888.45,2918.9,142837280
2002-09-30,2906.6,2906.6,2719.49,2769.03,210435264
2002-10-01,2772.96,2894.93,2729.57,2865.23,197356272
2002-10-02,2866.26,2974.34,2817.36,2926.74,214232624
2002-10-03,2923.55,2939.69,2809.84,2813.3,138508336
2002-10-04,2812.15,2847.42,2677.61,2714.62,171363408
2002-10-07,2710.33,2710.33,2621.86,2667.39,174172096
2002-10-08,2679.02,2723.37,2542.65,2622.09,195214224
2002-10-09,2617.54,2620,2519.3,2597.88,214838336
2002-10-10,2593.26,2733.19,2548.4,2733.19,232218816
2002-10-11,2731.84,2930.74,2714.41,2930.74,270487200
2002-10-14,2928.63,2928.63,2793.93,2850.11,156099872
2002-10-15,2856.58,3048.27,2856.58,3048.27,243352992
2002-10-16,3038.18,3106.29,2966.44,3008.93,230158416
2002-10-17,3021.74,3187.27,3018.09,3172.46,237104480
2002-10-18,3172.34,3226.25,3083.46,3163.67,214918896
2002-10-21,3151.94,3282.67,3096.12,3282.67,138029808
2002-10-22,3269.8,3299.01,3141.6,3155.97,187481904
2002-10-23,3164.58,3232.98,2983.64,3015.42,219589056
2002-10-24,3027.36,3129.57,3020.05,3090.01,205152672
2002-10-25,3089.71,3119.71,3018.74,3102.01,177574496
2002-10-28,3105.29,3235.66,3105.29,3198.96,159457568
2002-10-29,3188.72,3188.72,3010.74,3022.01,194494624
2002-10-30,3024.9,3140.39,2999.6,3113.59,174772992
2002-10-31,3115.76,3216.27,3086.62,3152.85,202052336
2002-11-01,3152.19,3174.01,3056.22,3165.16,132767192
2002-11-04,3167.49,3330.94,3167.49,3327.94,177177776
2002-11-05,3318.17,3395.53,3268.13,3351.32,167454640
2002-11-06,3356.06,3443.49,3280.9,3298.84,228988256
2002-11-07,3298.51,3334.51,3130.44,3155.66,214575584
2002-11-08,3157.91,3174.39,3072.81,3079.1,189059664
2002-11-11,3076.25,3076.25,3005.43,3042.06,137716800
2002-11-12,3040.14,3129.66,3024.97,3115.88,189434400
2002-11-13,3096.7,3121.32,2987.85,3066.42,186123488
2002-11-14,3063.3,3191.67,3035.72,3188.39,198347168
2002-11-15,3195.99,3232.07,3151.61,3191.76,176420976
2002-11-18,3195.97,3262.08,3185.06,3218.36,140335680
2002-11-19,3205.76,3221.98,3144.78,3206.93,130764464
2002-11-20,3210.22,3224.78,3117.02,3212.99,153164320
2002-11-21,3216.54,3304.83,3216.54,3304.63,212968912
2002-11-22,3302.68,3337.34,3278,3320.88,174822928
2002-11-25,3322.78,3365.59,3278.59,3299.24,132673544
2002-11-26,3299.61,3333.53,3183.3,3191.63,173132000
2002-11-27,3184.47,3346.14,3148.94,3346.14,173322304
2002-11-28,3342.58,3376.99,3305.44,3360.76,143817136
2002-11-29,3361.06,3403.4,3320.32,3320.32,178013648
2002-12-02,3332.73,3476.83,3332.73,3380.2,233318048
2002-12-03,3389.13,3410.95,3278.63,3280.49,185395712
2002-12-04,3275.8,3331.14,3235.58,3320.75,178691360
2002-12-05,3327.75,3386.27,3189.12,3224.74,248108224
2002-12-06,3221.68,3245.76,3108.76,3207.53,212704768
2002-12-09,3206.36,3223.42,3065.57,3065.57,141775520
2002-12-10,3062.87,3173.96,3062.87,3167.99,71162912
2002-12-11,3166.46,3212.62,3134.37,3196.05,147688432
2002-12-12,3193.59,3208.59,3098.26,3111.88,159348160
2002-12-13,3110.79,3122.53,3034.12,3077.06,169998400
2002-12-16,3074.51,3205.29,3029.74,3205.29,155071568
2002-12-17,3209.65,3222.4,3136.09,3139.97,143211488
2002-12-18,3136.04,3136.04,3022.69,3022.69,192793504
2002-12-19,3031.98,3099.32,2925.87,2961.41,229285760
2002-12-20,2970.28,3039.12,2948.56,3024.22,286531424
2002-12-23,3022.31,3048.29,2961.78,3000.84,83088016
2002-12-27,2996.67,2996.67,2840,2840,65045652
2002-12-30,2838.87,2900.95,2836.01,2892.63,58621560
2003-01-02,2898.68,3105.04,2898.68,3105.04,141348432
2003-01-03,3098.89,3124.86,3070.03,3092.94,152239536
2003-01-06,3101.17,3157.25,3033.77,3157.25,163961152
2003-01-07,3156.56,3156.56,3069.11,3112.77,167367808
2003-01-08,3108.02,3108.02,2993,2993,174239200
2003-01-09,3000.24,3043.64,2932.93,3037.68,209756720
2003-01-10,3037.8,3093.78,2986.75,3037.33,223542544
2003-01-13,3039.91,3127.12,3039.91,3060.65,178785072
2003-01-14,3063.49,3141.33,3055.29,3098.72,217894576
2003-01-15,3107.61,3145.66,3036.94,3049.4,186716464
2003-01-16,3047.24,3080.27,3023.32,3054.11,162191040
2003-01-17,3047.11,3047.11,2918.26,2918.82,213421792
2003-01-20,2927.58,2966.78,2892.93,2893.55,127841584
2003-01-21,2900.88,2955.75,2860.34,2870.57,200465952
2003-01-22,2866.35,2897.48,2765.56,2803.25,250491904
2003-01-23,2804.13,2862.59,2776.72,2811.22,228138624
2003-01-24,2813.13,2827.43,2714.89,2717.82,198759456
2003-01-27,2716.42,2728.28,2615.67,2643.8,255273776
2003-01-28,2649.96,2705.22,2616.04,2671.36,222741024
2003-01-29,2667.69,2743.1,2563.92,2706.57,272658336
2003-01-30,2711.84,2742.92,2665.52,2693.78,232885792
2003-01-31,2687.72,2753.26,2622.41,2747.83,214467968
2003-02-03,2750.4,2802.93,2735.58,2751.99,148050336
2003-02-04,2750.04,2750.04,2618.14,2632.98,189399472
2003-02-05,2626.85,2738.11,2584.88,2725.88,209304672
2003-02-06,2714.12,2720.18,2617.66,2649,195702272
2003-02-07,2649.02,2671.7,2561.73,2569.34,210013984
2003-02-10,2573.26,2593,2528.9,2586.09,165555360
2003-02-11,2593.15,2664.16,2584.68,2627,161125440
2003-02-12,2621.45,2621.45,2565.02,2571.25,184782640
2003-02-13,2566.95,2599.44,2535.04,2555.27,177483632
2003-02-14,2558.25,2711.59,2558.25,2674.46,203646576
2003-02-17,2683.48,2722.3,2679.95,2708.97,118727328
2003-02-18,2707.57,2750.08,2673.91,2740.14,173174784
2003-02-19,2734.81,2734.81,2616.91,2624.65,366099648
2003-02-20,2631.48,2669.49,2575.95,2591.26,278129888
2003-02-21,2591.68,2648.87,2565.14,2648.87,241892304
2003-02-24,2648.49,2648.55,2571.35,2571.35,146633248
2003-02-25,2563.37,2563.37,2448.98,2485.5,287656640
2003-02-26,2488.92,2518.85,2433.15,2450.2,237744448
2003-02-27,2453.34,2513.41,2435.64,2513.22,244625104
2003-02-28,2508.89,2581.48,2480.72,2547.05,186181376
2003-03-03,2553.74,2600.76,2535.3,2549.65,147517248
2003-03-04,2541.81,2541.81,2477.06,2501.03,203106208
2003-03-05,2495.46,2540.06,2456.4,2498.02,169259664
2003-03-06,2500.64,2531.63,2433.32,2437.51,163063840
2003-03-07,2433.72,2467.57,2393.59,2431.66,197584752
2003-03-10,2437.32,2447.98,2328.81,2329.04,202621216
2003-03-11,2324.01,2348.08,2258.57,2305.3,233499824
2003-03-12,2300.11,2319.65,2188.75,2202.96,266024016
2003-03-13,2203.97,2354.31,2203.97,2354.31,256114640
2003-03-14,2356.36,2482.14,2356.36,2403.19,326598368
2003-03-17,2398.11,2520.54,2327.87,2487.12,273361888
2003-03-18,2490.78,2624.98,2490.78,2584.61,400614976
2003-03-19,2576.96,2675.02,2524.52,2615.22,305070304
2003-03-20,2607.76,2657.5,2551.91,2604.85,219784096
2003-03-21,2607.7,2731.57,2603.85,2715.06,542562112
2003-03-24,2712.62,2712.62,2548.37,2548.37,211927552
2003-03-25,2541.79,2636.72,2481.71,2636.1,228767200
2003-03-26,2634.89,2680.53,2579.33,2579.33,195457728
2003-03-27,2583.27,2589.68,2511.96,2584.05,181192464
2003-03-28,2580.96,2581.65,2498.29,2520.84,164228000
2003-03-31,2511.99,2511.99,2396.6,2423.87,192368496
2003-04-01,2395.72,2473.94,2395.72,2450.19,158929904
2003-04-02,2462.21,2589.35,2462.21,2589.35,210788480
2003-04-03,2582.95,2644.96,2557.19,2569.81,215809024
2003-04-04,2573.16,2656.25,2553.67,2654.07,211354112
2003-04-07,2654.76,2814.39,2654.44,2808.94,265459936
2003-04-08,2798.74,2809.17,2740.61,2767.79,213237408
2003-04-09,2756.62,2824.99,2696.32,2734.1,248976512
2003-04-10,2730.97,2763.65,2685.8,2697.1,203090016
2003-04-11,2700.61,2797.42,2700.61,2733.95,182067872
2003-04-14,2741.66,2787.38,2700.33,2776.78,160833232
2003-04-15,2792.06,2867.64,2792.06,2834.12,236994320
2003-04-16,2843.33,2915.69,2824.68,2824.68,233383568
2003-04-17,2820.35,2899.98,2801.17,2899.78,188476736
2003-04-22,2898.36,2965.21,2843.8,2960.96,168774880
2003-04-23,2968.8,3000.76,2932.73,2974.4,237418624
2003-04-24,2967.62,2969.95,2881.04,2891.62,217595232
2003-04-25,2892.46,2909.14,2828.84,2838.23,195516448
2003-04-28,2834.46,2953.92,2821.35,2953.92,174057056
2003-04-29,2958.12,3004.79,2908.96,2908.96,229164688
2003-04-30,2914.47,2967.08,2914.02,2942.04,274514304
2003-05-02,2938.72,2986,2888.46,2986,190487328
2003-05-05,2991.74,3039.26,2978.71,3013.04,174397888
2003-05-06,3002.4,3066.95,2977.62,3066.95,194406672
2003-05-07,3063.41,3068.08,2992.79,3005.64,269212704
2003-05-08,3005.12,3016.57,2884.51,2886.08,232680032
2003-05-09,2892.63,2956.59,2861.7,2956.59,183106112
2003-05-12,2961.14,2972.72,2871.61,2937.26,158690112
2003-05-13,2941.57,2951.99,2883.31,2909.95,176126480
2003-05-14,2906.95,2960.23,2888.2,2926.03,201197840
2003-05-15,2926.79,2989.38,2902.52,2989.38,237704128
2003-05-16,2987.45,3029.49,2952.18,2989.08,215714128
2003-05-19,2976.38,2976.38,2841.02,2850.68,203837520
2003-05-20,2848.19,2875.4,2820.41,2838.93,210173376
2003-05-21,2841.33,2853.04,2773.77,2827.25,219814816
2003-05-22,2826.47,2865.21,2817.63,2865.21,200060576
2003-05-23,2867.1,2886.07,2804.13,2822.83,153552064
2003-05-26,2821.54,2855.28,2812.4,2828.28,66090760
2003-05-27,2827.66,2875.14,2769.45,2873.6,187924160
2003-05-28,2885.53,2958.21,2885.53,2919.54,247473280
2003-05-29,2914.18,2968.43,2897.1,2906.71,102002480
2003-05-30,2907.73,2997.62,2906.42,2982.68,212439040
2003-06-02,2990.93,3066.04,2990.93,3064.56,211352896
2003-06-03,3062.86,3062.86,3003.16,3026.82,167004640
2003-06-04,3030.29,3099.82,3020.16,3080.02,227824816
2003-06-05,3086.65,3106.27,3020.46,3039.76,247801840
2003-06-06,3054.99,3146.91,3054.99,3127.46,262427568
2003-06-09,3124.59,3132.76,3075.19,3094.76,96249176
2003-06-10,3088.61,3149.44,3076.77,3140.34,188690192
2003-06-11,3145.52,3191.33,3133.65,3178.15,273031680
2003-06-12,3180.61,3253.7,3180.61,3219.47,269683104
2003-06-13,3220.82,3246.14,3157.29,3168.71,204641088
2003-06-16,3156.8,3264.5,3122.4,3264.5,192047488
2003-06-17,3276.16,3321.5,3264.1,3286.48,227869872
2003-06-18,3280.04,3316.07,3263.33,3304.15,237943536
2003-06-19,3304.24,3324.44,3217.46,3247.11,170944784
2003-06-20,3237.23,3267.67,3218.05,3238.98,424476064
2003-06-23,3236.96,3246.25,3173.18,3186.39,183649040
2003-06-24,3185.18,3228.37,3165.25,3217.34,199573120
2003-06-25,3217.23,3237.48,3180.03,3198.82,187813728
2003-06-26,3194.98,3246.67,3157.7,3241.22,200000256
2003-06-27,3251.87,3263.12,3207.13,3224.66,172539536
2003-06-30,3228.81,3271.31,3181.76,3220.58,178308928
2003-07-01,3217.21,3217.21,3119.35,3146.55,199149664
2003-07-02,3148.1,3243.04,3148.1,3241.04,189657184
2003-07-03,3237.05,3261.58,3196.73,3241.92,205256096
2003-07-04,3237.8,3243.73,3213.61,3239.61,97674528
2003-07-07,3244.94,3359.01,3244.94,3332.87,237841520
2003-07-08,3335,3363.43,3308.79,3344.46,455931296
2003-07-09,3343.13,3358.06,3299.74,3322.43,203286512
2003-07-10,3322.04,3322.04,3255.89,3269.84,202085344
2003-07-11,3264.58,3332.12,3245.45,3326.51,145130224
2003-07-14,3335.12,3404.47,3333.97,3396.07,169266944
2003-07-15,3391.84,3429.89,3373.21,3384.69,230218016
2003-07-16,3385.18,3430.76,3358.68,3387.64,214088896
2003-07-17,3384.86,3384.86,3312.9,3330.68,217077296
2003-07-18,3328.91,3378.14,3328.06,3366.71,173134880
2003-07-21,3370.07,3390.61,3281.06,3287,173357968
2003-07-22,3295.34,3321.88,3254.19,3318.15,209432576
2003-07-23,3323.7,3338.77,3277.24,3304.48,156330320
2003-07-24,3305.81,3377.59,3281.95,3374.82,212597024
2003-07-25,3367.71,3371.93,3313.56,3356.89,144249360
2003-07-28,3360.67,3425.45,3360.67,3417.77,141702992
2003-07-29,3417.51,3452.18,3373.63,3428.12,174027664
2003-07-30,3418.49,3449.21,3395.74,3429.03,169030800
2003-07-31,3432.75,3487.86,3399.86,3487.86,255240640
2003-08-01,3481.81,3481.81,3403.03,3438.89,188248784
2003-08-04,3433.72,3464.6,3363.95,3405.31,164456864
2003-08-05,3414.1,3454.76,3399.2,3438.36,147476528
2003-08-06,3427.49,3427.49,3319.45,3375.66,213353184
2003-08-07,3370.5,3370.5,3299.77,3331.89,189677888
2003-08-08,3339.87,3367.17,3309.22,3332.24,146196944
2003-08-11,3333.07,3361.67,3309.85,3339.58,121652280
2003-08-12,3342.59,3399.76,3342.59,3381.71,126691352
2003-08-13,3388.55,3428.98,3376.3,3398.89,189694560
2003-08-14,3398.13,3452.7,3379.5,3452.7,225852448
2003-08-15,3449.56,3470.53,3434.23,3443.93,163876064
2003-08-18,3447.58,3507.23,3447.58,3507.23,127530160
2003-08-19,3511.05,3545.08,3486.44,3504.53,200657248
2003-08-20,3507.25,3515.17,3461.38,3501.23,174143488
2003-08-21,3501.41,3565.47,3501.41,3565.47,198528608
2003-08-22,3563.3,3588.53,3534.42,3549.05,173226800
2003-08-25,3547.65,3547.65,3489.77,3500.09,104364968
2003-08-26,3498.89,3532.24,3438.86,3455.48,155673824
2003-08-27,3462.16,3493.46,3451.81,3483.08,171407184
2003-08-28,3486.37,3530.14,3465.68,3492.67,187631360
2003-08-29,3510.32,3531.8,3479.92,3484.58,147739504
2003-09-01,3493.34,3577.87,3493.34,3571.22,120539360
2003-09-02,3570.09,3584.57,3538.22,3567.2,162992512
2003-09-03,3570.25,3656.67,3570.25,3647.51,278945600
2003-09-04,3638.92,3671.42,3628.95,3668.67,212209312
2003-09-05,3671.93,3676.88,3597.59,3607.71,173981392
2003-09-08,3612.85,3656.62,3612.39,3641.53,153230400
2003-09-09,3645.88,3670.3,3583.37,3593.73,195439136
2003-09-10,3586.8,3586.8,3524.17,3536.87,206958976
2003-09-11,3525.5,3566.85,3495.11,3566.85,168447440
2003-09-12,3564.55,3573.2,3473.79,3508.06,186496736
2003-09-15,3512.28,3547.33,3506.38,3516.31,112395248
2003-09-16,3522.81,3568.68,3508.87,3564.75,127341040
2003-09-17,3573.29,3613.22,3551.81,3561.03,183679616
2003-09-18,3562.88,3623.61,3554.01,3612.02,210465824
2003-09-19,3617.13,3629.59,3578.7,3578.7,497009856
2003-09-22,3578.16,3578.16,3456.27,3456.27,227464752
2003-09-23,3459.4,3483.77,3396.32,3411.02,244447408
2003-09-24,3414.66,3450.94,3285.98,3307.34,212923360
2003-09-25,3305.54,3361.83,3301.39,3326.27,239520224
2003-09-26,3325.76,3345.14,3275.54,3324.85,212472592
2003-09-29,3324,3364.58,3280.1,3323.38,158241104
2003-09-30,3317.59,3330.22,3202.87,3256.78,225202432
2003-10-01,3255.76,3329.83,3217.4,3329.83,228067664
2003-10-02,3330.94,3354.64,3267.99,3276.64,222013792
2003-10-03,3283.38,3439.89,3283.38,3419,191154400
2003-10-06,3414.06,3416.75,3379.53,3404.91,150240704
2003-10-07,3407.72,3409.22,3334.54,3355.78,180992736
2003-10-08,3357.7,3432.09,3342.91,3395.33,207921584
2003-10-09,3395.03,3491.2,3389.14,3481.9,216200944
2003-10-10,3479.22,3512.21,3455.96,3471.25,174404064
2003-10-13,3480.13,3554.53,3480.13,3538.39,158843440
2003-10-14,3543.17,3567.12,3504.46,3538.13,168848976
2003-10-15,3542.25,3606,3540.84,3570.58,218538000
2003-10-16,3568.72,3594.96,3524.1,3577.72,189562800
2003-10-17,3577.64,3593.75,3510.81,3516.67,210995616
2003-10-20,3520.54,3566.64,3496.57,3559.33,155700192
2003-10-21,3567.35,3593.5,3536.8,3580.08,227953488
2003-10-22,3560.93,3571.3,3488.75,3490.6,174697248
2003-10-23,3486.91,3502.95,3423.34,3497.14,189935936
2003-10-24,3495.21,3495.21,3439.09,3452.64,128211648
2003-10-27,3459.07,3529.43,3459.07,3517.1,112349560
2003-10-28,3531.98,3600.75,3531.98,3586.93,186781152
2003-10-29,3597.52,3627.18,3583.79,3615.42,206021792
2003-10-30,3620,3675.78,3583.47,3639.66,243480400
2003-10-31,3639.36,3657.62,3612.67,3655.99,151169648
2003-11-03,3657.61,3750.25,3651.77,3744.5,195565744
2003-11-04,3742.53,3768.54,3724.21,3741.71,197243408
2003-11-05,3737.32,3745.18,3690.87,3717.7,189491520
2003-11-06,3719.85,3759.87,3683.46,3733.93,192537584
2003-11-07,3744.41,3814.21,3744.41,3782.56,265823040
2003-11-10,3778.27,3789.29,3737.25,3746.24,177378288
2003-11-11,3739.47,3739.47,3699.99,3729.87,177807104
2003-11-12,3730.14,3754.35,3696.95,3748.34,252945152
2003-11-13,3756.3,3813.2,3740.01,3765.59,253550416
2003-11-14,3752.18,3812.9,3746.91,3797.4,165955904
2003-11-17,3792.89,3792.89,3664.95,3674.54,195147248
2003-11-18,3693.08,3715.88,3644.96,3666.28,199312960
2003-11-19,3659.97,3659.97,3594.61,3652.29,214012960
2003-11-20,3663.63,3671.38,3576.52,3638.04,222269520
2003-11-21,3637.62,3658.22,3619.92,3642.25,170020768
2003-11-24,3642.7,3743.37,3642.7,3737.09,178320416
2003-11-25,3744.47,3767.92,3727.8,3733.16,143582320
2003-11-26,3731.29,3786.37,3712.98,3712.98,189711184
2003-11-27,3741.63,3756.11,3729.18,3744.99,88449672
2003-11-28,3748.23,3771.1,3692.01,3745.95,162564832
2003-12-01,3752.72,3828.91,3752.72,3821.2,190280032
2003-12-02,3821.64,3838.09,3788.93,3809.26,185938800
2003-12-03,3808.3,3875.66,3801.76,3875.66,232463024
2003-12-04,3871.5,3894.82,3848.02,3874.78,244922832
2003-12-05,3856.48,3874.55,3813.6,3841.73,185586928
2003-12-08,3834.89,3834.89,3778.73,3806.54,131790576
2003-12-09,3812.92,3878.45,3812.92,3846.18,209164896
2003-12-10,3841.87,3847.93,3798,3820.92,231324368
2003-12-11,3833.22,3864.34,3826.93,3858.85,197740096
2003-12-12,3864.59,3904.43,3847.63,3860.13,179040816
2003-12-15,3866.92,3930.26,3866.92,3875.47,192108704
2003-12-16,3862.82,3878.63,3835.94,3865.98,171823264
2003-12-17,3870.16,3880.07,3840.96,3847.57,184090688
2003-12-18,3847.32,3878.89,3823.71,3870.88,181076880
2003-12-19,3881.97,3907.91,3876.44,3898.42,308269344
2003-12-22,3891.67,3909.41,3870.56,3876.94,124071408
2003-12-23,3884.1,3913.26,3884.1,3903.34,93895824
2003-12-29,3907.57,3957.23,3907.57,3952.72,72977504
2003-12-30,3957.93,3996.28,3957.93,3965.16,69321328
2004-01-02,3969.04,4022.96,3969.04,4018.5,124827208
2004-01-05,4019.94,4040.98,4001.49,4035.9,171078192
2004-01-06,4038.42,4047.03,4003.48,4035.44,189392544
2004-01-07,4039.65,4050.99,3985.95,4004.4,291161824
2004-01-08,4013.15,4070.47,4013.15,4045.43,279326976
2004-01-09,4059.1,4073.33,3982.83,4016.18,253673520
2004-01-12,4010.05,4010.05,3980.19,3995.91,270923136
2004-01-13,4006.85,4033.67,3990.61,3996.22,214024544
2004-01-14,3993.33,4056.23,3983.02,4055.21,205578368
2004-01-15,4047.63,4081.62,4026.91,4068.75,217557280
2004-01-16,4090.8,4122.93,4090.8,4111.64,267703264
2004-01-19,4111.89,4151.72,4111.89,4139.92,180190416
2004-01-20,4141.33,4156.08,4101.54,4106.41,221668464
2004-01-21,4109.64,4138.04,4099.47,4138.04,241305728
2004-01-22,4144.04,4171.49,4129.23,4139.86,227607248
2004-01-23,4140.76,4164.26,4130.86,4151.83,196859040
2004-01-26,4152.09,4152.09,4116.07,4128.68,175664304
2004-01-27,4141.86,4175.48,4129.12,4134.42,236687440
2004-01-28,4124.49,4157.18,4105.97,4150.24,236796928
2004-01-29,4117.58,4126.64,4092.05,4095.71,221344304
2004-01-30,4106.65,4116.52,4048.52,4058.6,196566064
2004-02-02,4062.79,4087.21,4046.3,4071.6,153220032
2004-02-03,4074.42,4075.8,4019,4057.51,212052544
2004-02-04,4050.08,4050.08,4008.8,4028.37,223718416
2004-02-05,4025.4,4054.93,4009.56,4014.79,201195392
2004-02-06,4015.02,4053.02,4007.87,4044.99,182794304
2004-02-09,4051.36,4102.46,4051.36,4098.97,184598896
2004-02-10,4100.75,4114.78,4083.33,4110.8,162614032
2004-02-11,4111.89,4125.59,4101.14,4122.16,153109808
2004-02-12,4138.17,4150.56,4106.31,4121.65,174906816
2004-02-13,4121.45,4130.75,4047.92,4057.05,166529184
2004-02-16,4054.96,4070.46,4040.49,4070.46,96088152
2004-02-17,4073.77,4099.8,4070.65,4095.86,206511392
2004-02-18,4096.73,4111.5,4085.29,4095.34,178028448
2004-02-19,4099.92,4147.34,4099.92,4141.53,180814064
2004-02-20,4124.51,4135.55,4055.56,4073.35,227772208
2004-02-23,4074.11,4106.08,4065.25,4068.71,141067568
2004-02-24,4067.91,4067.91,3967.87,3991.42,234037664
2004-02-25,3993.3,4008.03,3960.41,3995.34,205264608
2004-02-26,4008.39,4019.31,3973.8,4007.81,202565936
2004-02-27,4027.36,4052.58,4017.91,4018.16,228408672
2004-03-01,4026.19,4061.1,4026.19,4054.43,153449360
2004-03-02,4057.08,4101.06,4057.08,4100.34,184728144
2004-03-03,4088.89,4096.41,4058.11,4071.7,178896960
2004-03-04,4077.31,4138.85,4077.31,4133.78,201588368
2004-03-05,4136.79,4151.84,4090.9,4126.14,229217872
2004-03-08,4131.34,4163.19,4131.34,4145.99,103756120
2004-03-09,4143.98,4143.98,4077.03,4087.55,197972592
2004-03-10,4077.64,4077.64,4024.81,4044.7,215426128
2004-03-11,4040.51,4040.51,3875.59,3904.95,396798528
2004-03-12,3879.63,3920.41,3824.54,3915.38,286806112
2004-03-15,3908.61,3909.87,3807.94,3810.76,231195792
2004-03-16,3810.88,3851.01,3775.11,3822.37,284884672
2004-03-17,3828.26,3902.85,3828.26,3896.79,276234048
2004-03-18,3898.38,3902.74,3821.88,3827.43,244467536
2004-03-19,3838.38,3863.01,3805.15,3819.15,429333088
2004-03-22,3802.53,3802.53,3696.18,3729.23,256301904
2004-03-23,3722.95,3772.84,3715.41,3728.82,242552480
2004-03-24,3732.3,3758.44,3692.4,3726.07,254939328
2004-03-25,3729.76,3811.92,3729.76,3811.92,292300256
2004-03-26,3834.85,3849.99,3802.23,3822.33,191160096
2004-03-29,3828.04,3886.36,3823.67,3881.25,147085008
2004-03-30,3880.4,3883.66,3845.57,3874.04,180212080
2004-03-31,3876.47,3901.05,3840.11,3856.7,194048528
2004-04-01,3858.34,3928.63,3857.04,3924.85,231211120
2004-04-02,3924.48,4008.08,3921.5,4007.6,239941968
2004-04-05,4015.23,4059.08,4006.47,4048.6,190967584
2004-04-06,4064.75,4065.71,4010.73,4022.81,218986192
2004-04-07,4023.71,4048.61,4000.44,4001.16,183743488
2004-04-08,4030.56,4058.29,4004.57,4013.53,152578448
2004-04-13,4016.09,4094.23,4016.09,4071.42,160147824
2004-04-14,4058.91,4058.91,3970.02,4012.77,219070640
2004-04-15,4011.27,4034.32,3989.21,4004.61,166714720
2004-04-16,4004.61,4043.53,3986.62,4033.98,197684640
2004-04-19,4033,4040.68,3995.59,4025.07,122726488
2004-04-20,4034.28,4083.27,4034.28,4061.13,161720736
2004-04-21,4050.47,4055.26,4013.3,4026.15,251639984
2004-04-22,4043.37,4062.83,4002.45,4059.15,245536848
2004-04-23,4080.37,4129.14,4080.37,4103.62,243868736
2004-04-26,4105.97,4156.89,4105.97,4125.83,162494512
2004-04-27,4124.69,4151.08,4112.86,4134.1,179338880
2004-04-28,4130.49,4133.86,4062.59,4065.74,244600784
2004-04-29,4051.25,4061.95,3987,4008.91,317517856
2004-04-30,3998.53,4008.07,3968.86,3985.21,212816272
2004-05-03,3972.88,4011.44,3945.52,4007.65,119140600
2004-05-04,4002.28,4018.71,3976.21,3990.75,157499360
2004-05-05,3975.66,4029.32,3964.29,4022.1,178128976
2004-05-06,4011.83,4012.92,3900.51,3909.46,258290576
2004-05-07,3909.61,3923.16,3852.9,3895.64,257875632
2004-05-10,3894.98,3894.98,3776.36,3784.61,250659488
2004-05-11,3790.71,3850.52,3790.71,3849.84,186867008
2004-05-12,3846.69,3851.74,3769.88,3776.24,202651440
2004-05-13,3781.75,3827.03,3779.75,3824.93,212268896
2004-05-14,3824.55,3833.02,3769.59,3803.1,198355696
2004-05-17,3801.47,3801.47,3710.02,3754.37,225243760
2004-05-18,3756.86,3796.73,3754.06,3789.24,180013072
2004-05-19,3799.43,3883.15,3799.43,3872.26,221658816
2004-05-20,3855.63,3855.63,3812.04,3839.32,104781424
2004-05-21,3842.24,3869.2,3808.6,3831.84,157103776
2004-05-24,3842.41,3901.48,3842.41,3867.84,143207840
2004-05-25,3859.64,3859.64,3809.98,3828.07,163369296
2004-05-26,3830.72,3901.31,3830.72,3867.52,157637664
2004-05-27,3872.03,3926.62,3872.03,3913.33,189697712
2004-05-28,3921.89,3940.71,3892.31,3902.72,142144576
2004-05-31,3904.39,3927.95,3898.4,3921.41,25549412
2004-06-01,3924.3,3929.88,3856.04,3864.18,133401072
2004-06-02,3868.94,3917.73,3868.94,3888.31,158852288
2004-06-03,3890.27,3917.66,3870.84,3917.08,163849696
2004-06-04,3917.8,3973.57,3913.77,3961.93,184370368
2004-06-07,3973.45,4025.08,3973.45,4017.81,156784976
2004-06-08,4021.79,4040.77,4003.12,4018.95,178434208
2004-06-09,4024.39,4036.46,3990.64,3997.76,162338336
2004-06-10,3997.21,4027.4,3992.53,4021.64,104944720
2004-06-11,4017.45,4019.38,3993.27,4014.56,90997880
2004-06-14,4008.61,4008.61,3939.17,3948.65,164060048
2004-06-15,3946.17,3995.43,3933.12,3987.3,166136064
2004-06-16,3991.08,4014.81,3991.08,4003.24,157585520
2004-06-17,3996.98,4018.6,3971.77,3985.46,151033312
2004-06-18,3976.3,4004.86,3966.22,3999.79,298324480
2004-06-21,4008.5,4029.11,3977.8,3989.31,153921104
2004-06-22,3985.42,3985.42,3916.42,3928.39,198647872
2004-06-23,3933.85,3966.89,3933.85,3945.1,152375472
2004-06-24,3954.21,4012.67,3954.21,4007.05,179586144
2004-06-25,4006.74,4020.16,3987.02,4013.35,131973016
2004-06-28,4016.82,4076.58,4004.5,4069.35,166710592
2004-06-29,4067.92,4086.07,4050.22,4069.73,169229776
2004-06-30,4070.07,4090.75,4052.73,4052.73,154382896
2004-07-01,4078.36,4101.52,4026.56,4035.02,194615296
2004-07-02,4030.46,4030.46,3990.5,3998.77,154828192
2004-07-05,3998.19,4011.54,3991.16,3995.73,69093000
2004-07-06,4001.54,4008.1,3935.92,3944.88,142212560
2004-07-07,3944.36,3958.89,3922.46,3930.58,183729312
2004-07-08,3921.42,3936.99,3894.73,3934.48,200710272
2004-07-09,3932.26,3932.59,3882.75,3924.49,166254432
2004-07-12,3911.54,3928.07,3884.42,3893.24,134704752
2004-07-13,3897.31,3919.24,3892.14,3903.88,143723936
2004-07-14,3894.57,3898.84,3851.35,3898.84,191226432
2004-07-15,3898.2,3898.2,3847.19,3847.19,163748304
2004-07-16,3848.14,3883.06,3837.63,3845.93,174866352
2004-07-19,3845.03,3845.8,3812.63,3812.63,153989216
2004-07-20,3809.36,3839.73,3785.34,3837.6,196884736
2004-07-21,3849.64,3899.42,3849.64,3877.48,199165712
2004-07-22,3867.21,3867.21,3796.29,3801.05,172867248
2004-07-23,3805.3,3824.76,3785.29,3797.33,133909728
2004-07-26,3795.66,3811.38,3749.04,3752.59,141687776
2004-07-27,3755.43,3815.12,3755.43,3814.08,159119952
2004-07-28,3829.04,3856.66,3797.74,3807.21,201246832
2004-07-29,3815.36,3895.35,3815.36,3889.68,224608640
2004-07-30,3900.89,3911.3,3867.08,3895.61,168707344
2004-08-02,3891.18,3891.18,3841.73,3862.71,137224288
2004-08-03,3869.14,3891.78,3864.79,3877.32,147110496
2004-08-04,3867.47,3867.47,3807.25,3823.74,189835040
2004-08-05,3834.27,3858.66,3828.69,3829.03,164477856
2004-08-06,3818.78,3818.78,3719.46,3727.74,230091520
2004-08-09,3726.51,3736.55,3666.05,3690.33,175371344
2004-08-10,3691.61,3721.31,3685.92,3720.64,148730080
2004-08-11,3722.61,3731.45,3636.96,3678.91,200336864
2004-08-12,3683.66,3708.33,3632.45,3658.11,261082448
2004-08-13,3648.89,3662.78,3618.69,3646.99,211120320
2004-08-16,3643.08,3703.41,3618.58,3699.11,173182048
2004-08-17,3696.21,3735.84,3679.22,3705.73,190077072
2004-08-18,3704.8,3728.41,3677.93,3726.5,157769600
2004-08-19,3729.87,3758.51,3706.1,3722.99,165024336
2004-08-20,3716.6,3723.84,3689.86,3712.61,127960136
2004-08-23,3722.23,3782.37,3722.23,3772.14,139007472
2004-08-24,3771.09,3799.89,3766.39,3771,165167552
2004-08-25,3790.13,3801.76,3770.78,3788.88,139584592
2004-08-26,3796.58,3839.32,3796.58,3832.28,157674640
2004-08-27,3833.49,3856.03,3811.7,3851.18,125186368
2004-08-30,3848.8,3852.94,3818.75,3838.85,85520656
2004-08-31,3829.74,3829.74,3778.19,3785.21,173979520
2004-09-01,3794.17,3827.87,3792.25,3817.62,178815344
2004-09-02,3814.99,3844.53,3797.98,3833.45,153616512
2004-09-03,3834.68,3882.78,3823.2,3866.99,177009984
2004-09-06,3867.45,3891.62,3867.45,3887.58,99526272
2004-09-07,3888.54,3905.11,3873.53,3889.04,143717232
2004-09-08,3890.69,3898.73,3875.4,3884.16,146786192
2004-09-09,3867.97,3867.97,3836.04,3851.22,174385312
2004-09-10,3855.41,3896.6,3855.41,3886.03,150618752
2004-09-13,3890.29,3953.31,3890.29,3953.31,171844160
2004-09-14,3954.49,3955.04,3933.26,3947.75,174053232
2004-09-15,3949.55,3970.99,3928.32,3941.75,200233600
2004-09-16,3941.57,3968.14,3940.96,3963.65,156932384
2004-09-17,3962.82,4000.13,3955.82,3988.07,298954784
2004-09-20,3986.33,3986.33,3954.16,3977.68,136392256
2004-09-21,3977.07,3998.5,3968.63,3991.02,180010576
2004-09-22,3989.85,3999.47,3935.76,3942.35,266026768
2004-09-23,3927.41,3929.32,3895.13,3905.66,184776144
2004-09-24,3900.52,3917.72,3887.84,3910.3,128456256
2004-09-27,3905.74,3905.74,3859.37,3874.37,121501592
2004-09-28,3867.5,3888.85,3848.28,3882.27,156416864
2004-09-29,3883.59,3944.13,3883.59,3920.36,215476880
2004-09-30,3934.59,3950.66,3887.83,3892.9,177533360
2004-10-01,3895.15,3996.11,3895.15,3994.96,222428784
2004-10-04,4005.64,4059.27,4005.64,4033.28,205243456
2004-10-05,4034.3,4078.5,4023.75,4048.71,220399360
2004-10-06,4046.3,4062.19,4030.74,4049.66,195750656
2004-10-07,4062.94,4077.33,4034.26,4043.36,181392096
2004-10-08,4028.79,4065.98,4001.52,4015.54,190763584
2004-10-11,4011.83,4026.99,4004.93,4017.82,183522896
2004-10-12,4011.22,4011.22,3943.74,3957.6,243750464
2004-10-13,3968.5,4015.7,3968.5,3976.03,207958048
2004-10-14,3961.34,3961.34,3928.9,3940.46,190128496
2004-10-15,3937.21,3937.21,3897.48,3922.11,209548448
2004-10-18,3926.51,3937.4,3897.61,3915.17,154783632
2004-10-19,3944.74,3983.45,3944.74,3964.13,199630352
2004-10-20,3918.36,3918.36,3889.72,3912.4,186284704
2004-10-21,3929.36,3947.1,3894.88,3934.06,171936816
2004-10-22,3932.62,3968.47,3924.43,3935.14,151614288
2004-10-25,3880.48,3880.48,3838.98,3854.41,195929792
2004-10-26,3861.5,3870.89,3843.58,3862.26,148439808
2004-10-27,3882.02,3929.03,3866.17,3929.03,188340304
2004-10-28,3951.7,3975.82,3947.93,3959.59,274897728
2004-10-29,3965,3994.19,3950.3,3960.25,196706528
2004-11-01,3961.18,4017.85,3959.25,4012.64,131508536
2004-11-02,4017.83,4042.36,4010.6,4037.57,177715648
2004-11-03,4061.41,4073.53,4028.24,4039.04,225415648
2004-11-04,4032.61,4041.38,4013.87,4041.38,170075136
2004-11-05,4075.01,4111.78,4048.05,4063.58,247916304
2004-11-08,4063.83,4081.01,4051.61,4068.97,191447008
2004-11-09,4075.63,4086.06,4058.99,4065.33,207694176
2004-11-10,4074.43,4103.51,4074.43,4089.13,181720144
2004-11-11,4081.06,4141.15,4078.09,4130.81,303310560
2004-11-12,4149.01,4162.37,4135.88,4143.35,199768704
2004-11-15,4162.93,4171.98,4130.11,4134.34,156616176
2004-11-16,4139.49,4144.02,4106.87,4117.22,168366320
2004-11-17,4126.6,4183.41,4116.21,4183.41,219838464
2004-11-18,4167.15,4191.04,4160.28,4178.68,189813088
2004-11-19,4179.76,4202.45,4133.22,4134.89,242621920
2004-11-22,4115.91,4123.98,4088.59,4123.98,150209808
2004-11-23,4143.72,4160.22,4107.4,4113.37,187350896
2004-11-24,4140.25,4140.25,4114.27,4125.3,154394720
2004-11-25,4137.06,4161.55,4131.13,4160.35,123448056
2004-11-26,4147.03,4159.13,4135.53,4154.27,94142696
2004-11-29,4160.89,4219.05,4146.98,4146.98,200572768
2004-11-30,4161.62,4165.52,4113.48,4126,189956608
2004-12-01,4108.55,4187.71,4107.62,4186.03,227225968
2004-12-02,4202.72,4227.83,4186.33,4216.4,232844144
2004-12-03,4225.38,4233.52,4191.1,4208.87,212667888
2004-12-06,4199.25,4204.44,4184.36,4193.91,115447656
2004-12-07,4197.5,4231.46,4192.28,4212.62,149814368
2004-12-08,4185.07,4213.43,4172.55,4201.35,167350336
2004-12-09,4197.95,4206.61,4131.24,4150.41,199271440
2004-12-10,4167.54,4182.96,4153.41,4174.55,147158720
2004-12-13,4189.34,4228.99,4188.21,4219.24,157635136
2004-12-14,4234.36,4250.05,4224.18,4231.3,154148576
2004-12-15,4239.39,4243.76,4211.93,4213.69,156167696
2004-12-16,4216.36,4235.78,4216.05,4233.71,152988064
2004-12-17,4235.78,4241.82,4173.59,4182.27,460766240
2004-12-20,4178.17,4227.69,4176.38,4211.55,158508640
2004-12-21,4201.43,4221.61,4199.42,4214.39,135571792
2004-12-22,4232.44,4252.2,4229.83,4241.28,149513120
2004-12-23,4234.05,4253.68,4234.05,4251.62,89916848
2004-12-27,4254.41,4262.24,4235.36,4235.36,65239160
2004-12-28,4253.81,4262.05,4242.59,4261.79,64575976
2004-12-29,4270.56,4272.18,4240.02,4247.75,71158112
2004-12-30,4254.38,4261.96,4251.06,4256.08,43130712
2005-01-03,4260.92,4310.3,4251.37,4291.53,151696864
2005-01-04,4281.63,4306.69,4276.55,4290.5,180265632
2005-01-05,4262.21,4274.65,4242.07,4258.24,192110000
2005-01-06,4260.37,4300.99,4260.37,4300.94,179504368
2005-01-07,4297.99,4325.77,4288.26,4316.4,196583104
2005-01-10,4311.86,4324.38,4291.25,4307.37,176577584
2005-01-11,4305.86,4314.38,4247.78,4258.01,251561504
2005-01-12,4257.64,4258.34,4193.24,4208.82,262746320
2005-01-13,4218.21,4234.09,4200.62,4212.14,231276112
2005-01-14,4191.14,4236.09,4191.14,4232.36,186262064
2005-01-17,4235.94,4254.38,4235.94,4245.51,134770544
2005-01-18,4239.54,4256.22,4207.74,4250.71,184422944
2005-01-19,4259.67,4269.73,4241.04,4245.55,234298608
2005-01-20,4230.74,4230.74,4198.94,4220.43,199017072
2005-01-21,4213.28,4221.83,4198.34,4213.7,253314544
2005-01-24,4195.37,4201.89,4160.83,4201.89,236793664
2005-01-25,4193.54,4241.34,4189.51,4233.95,202605472
2005-01-26,4235.8,4245.08,4211.61,4214.12,282424448
2005-01-27,4209.93,4224.3,4185.63,4216.41,292304352
2005-01-28,4225.36,4235.34,4188.21,4201.81,178237904
2005-01-31,4211.86,4258.41,4211.86,4254.85,193698624
2005-02-01,4256.65,4281.05,4249.69,4279.97,189475088
2005-02-02,4282.55,4300.05,4279.9,4296.31,214393536
2005-02-03,4297.16,4302.4,4273.42,4281.64,192307168
2005-02-04,4295.39,4340.27,4295.25,4339.28,196041776
2005-02-07,4342.75,4373.9,4342.75,4366.35,180390336
2005-02-08,4369.07,4376.6,4356.45,4371.39,166191360
2005-02-09,4373.48,4387.22,4344.46,4353.15,230539872
2005-02-10,4362.54,4367.91,4338.96,4342.01,204244272
2005-02-11,4355.22,4391.79,4355.22,4387.8,185014064
2005-02-14,4395.37,4398.79,4372.52,4386.4,171047840
2005-02-15,4386.33,4409.09,4377.3,4402.03,174028736
2005-02-16,4392.79,4392.79,4348.66,4368.77,186397248
2005-02-17,4370.32,4387.9,4359.63,4369.68,181544400
2005-02-18,4363.47,4387.48,4351.02,4359.47,234288288
2005-02-21,4363.21,4373.15,4342.21,4353.34,176925584
2005-02-22,4347.3,4350.1,4304.55,4323.21,216342864
2005-02-23,4293.65,4310.66,4276.01,4310.66,239056000
2005-02-24,4304.74,4311.68,4288.62,4304.29,227707104
2005-02-25,4327.7,4352.16,4327.1,4348.64,242032128
2005-02-28,4360.34,4375.8,4346.24,4350.49,221794608
2005-03-01,4345.24,4388.42,4335.04,4383.62,217581568
2005-03-02,4374.95,4396.67,4363.86,4393.43,204148848
2005-03-03,4378.72,4399.88,4371.65,4373.27,238825168
2005-03-04,4380.73,4424.28,4373.3,4423.52,205028496
2005-03-07,4424.77,4435.31,4417.56,4428.09,162370432
2005-03-08,4417.11,4422.89,4388.11,4396.5,216259088
2005-03-09,4395.24,4428.54,4365.23,4375.6,215184240
2005-03-10,4358.29,4365.41,4330.21,4337.68,280354112
2005-03-11,4359.93,4379.94,4353.56,4360.49,217066048
2005-03-14,4353.73,4371.28,4340.02,4367.3,138516384
2005-03-15,4370.38,4392.17,4369.84,4387.69,184651744
2005-03-16,4378.96,4384.77,4301.38,4309.11,256778016
2005-03-17,4307.73,4322.82,4295.7,4315.92,198985216
2005-03-18,4316.93,4339.5,4310.46,4327.18,299749184
2005-03-21,4322.47,4336.81,4295.39,4296.36,179771744
2005-03-22,4301.24,4323.96,4281.75,4320.69,184361168
2005-03-23,4291.38,4325.2,4275.55,4317.2,216301760
2005-03-24,4325.24,4347.72,4315.73,4343.6,169237712
2005-03-29,4331.96,4352.15,4308.92,4351.89,136220704
2005-03-30,4325.97,4347.52,4320.01,4347.52,163344432
2005-03-31,4369.27,4376.27,4344.63,4348.77,172244256
2005-04-01,4348.03,4393.2,4347.53,4373.53,179221296
2005-04-04,4355.84,4357.97,4323.24,4341.39,162259552
2005-04-05,4356.62,4366.71,4352.85,4362.61,139211408
2005-04-06,4373.16,4379.18,4360.81,4379.18,167165408
2005-04-07,4368.35,4394.18,4354.78,4389.52,197107584
2005-04-08,4399.44,4413.24,4393.43,4400.68,162740224
2005-04-11,4388.81,4406.11,4380.48,4396.09,126201376
2005-04-12,4395.88,4401.8,4366.25,4372.12,146837040
2005-04-13,4395.34,4410.95,4393.06,4405.69,183795744
2005-04-14,4385.61,4422.88,4380.87,4402.05,218577312
2005-04-15,4381.45,4384.51,4309.25,4312.25,310902080
2005-04-18,4266.27,4266.27,4182.86,4202.2,348738848
2005-04-19,4211.26,4225.56,4192.33,4204.61,225138128
2005-04-20,4215.19,4224.21,4166.53,4178.62,255202048
2005-04-21,4160.26,4210.82,4159.95,4193.7,230227008
2005-04-22,4210.18,4235.4,4208.75,4223.04,185972624
2005-04-25,4214.97,4249.86,4204.93,4246.96,146575808
2005-04-26,4247.05,4247.47,4209.95,4233.76,212287472
2005-04-27,4219.65,4219.65,4157.51,4189.02,261544112
2005-04-28,4204.72,4215.35,4159.87,4178.1,254240832
2005-04-29,4163.23,4208.32,4159.66,4184.84,236083648
2005-05-02,4208.63,4235.64,4205.05,4224.02,112576512
2005-05-03,4229.99,4245.67,4218.06,4245.54,161473936
2005-05-04,4249.19,4264.8,4225.21,4264.35,201615632
2005-05-05,4271.03,4306.15,4271.03,4299.51,140749808
2005-05-06,4297.14,4314.98,4276.16,4311.06,172132048
2005-05-09,4305.69,4306.32,4277.64,4292.41,153274048
2005-05-10,4299.64,4306.18,4245.26,4251.13,226885712
2005-05-11,4246.88,4273.28,4232.4,4244.16,221567600
2005-05-12,4265.22,4280.69,4255.38,4267.05,215681104
2005-05-13,4255.62,4275.81,4241.67,4275.7,220027344
2005-05-16,4266.82,4273.88,4251.99,4262.18,101387456
2005-05-17,4274.29,4276.93,4232.67,4251.77,175204400
2005-05-18,4273.99,4326.21,4268.63,4324.6,240623424
2005-05-19,4338.17,4364.41,4337.53,4360.42,203381632
2005-05-20,4358.66,4379.57,4351.33,4360.68,254637680
2005-05-23,4383.02,4410.73,4374.49,4406.95,228718112
2005-05-24,4412.42,4413.59,4382.91,4396.64,182355168
2005-05-25,4393.43,4404.56,4377.32,4389.54,174807888
2005-05-26,4391.58,4442.94,4389.29,4436.6,192378544
2005-05-27,4442.66,4453.01,4431.59,4444.71,183202912
2005-05-30,4445.21,4482.02,4440.36,4480.43,114777008
2005-05-31,4480,4480.68,4459.2,4460.63,213584272
2005-06-01,4467.32,4530.07,4467.04,4527.17,225101296
2005-06-02,4521.71,4542.83,4515.04,4532.17,223635328
2005-06-03,4544.73,4551.89,4501.17,4510.39,181418624
2005-06-06,4514.59,4521.89,4490.12,4497.26,199464576
2005-06-07,4507.61,4570.43,4507.61,4566.01,243972480
2005-06-08,4552.09,4567.13,4543.75,4557.29,173554128
2005-06-09,4550.92,4568.2,4535.51,4562.75,174997184
2005-06-10,4580.91,4601.05,4571.32,4586.1,241965936
2005-06-13,4597.33,4604.25,4567.09,4599.21,272404480
2005-06-14,4593.81,4598.81,4579.32,4591.69,200757120
2005-06-15,4601.47,4608.29,4537.91,4548.42,135105584
2005-06-16,4563.75,4585.79,4554.42,4579.87,221255408
2005-06-17,4588.2,4623.58,4585.03,4604.57,435464992
2005-06-20,4601.99,4603.1,4560.49,4586.86,158991136
2005-06-21,4600.15,4615.87,4594.98,4608.11,182920912
2005-06-22,4610.41,4635.71,4599.17,4619.6,243211552
2005-06-23,4624.79,4637.34,4604.19,4627.48,236149088
2005-06-24,4602.35,4602.35,4561.37,4566.48,224874048
2005-06-27,4547.27,4547.27,4517.44,4523.82,191021584
2005-06-28,4530.79,4557.46,4528.42,4557.46,157231568
2005-06-29,4569.29,4597.16,4560.08,4583.63,220846272
2005-06-30,4577.56,4607.21,4576.03,4586.28,242793472
2005-07-01,4584.44,4623.8,4579.51,4617.07,209178240
2005-07-04,4620.86,4627.35,4610.31,4623.41,129076176
2005-07-05,4621.42,4624.08,4578.08,4603.65,174450624
2005-07-06,4607.57,4636.96,4607.57,4615.49,178055984
2005-07-07,4595.23,4595.23,4444.94,4530.18,222074048
2005-07-08,4560.43,4597.97,4559.57,4597.97,192354112
2005-07-11,4616.36,4663.38,4616.36,4663.38,216638048
2005-07-12,4661.77,4666.08,4637.62,4653.03,190277312
2005-07-13,4656.91,4682.82,4655.92,4679.89,198940080
2005-07-14,4686.8,4715.47,4686.8,4699.27,256342000
2005-07-15,4702,4723.65,4691.2,4712.9,213244784
2005-07-18,4717.59,4732.7,4705.29,4719.57,139851776
2005-07-19,4725.72,4770.54,4719.29,4770.54,240194816
2005-07-20,4759.51,4785.92,4757.56,4784.5,222571616
2005-07-21,4803.77,4865.72,4803.29,4829.87,324732800
2005-07-22,4826.15,4852.36,4815.41,4836.9,190830144
2005-07-25,4843.69,4853.03,4819.42,4842.7,160910256
2005-07-26,4835.79,4858.24,4827.89,4843.49,206895104
2005-07-27,4844.06,4858.64,4839.77,4855.35,195581648
2005-07-28,4870.07,4900.29,4859.94,4892.5,438480384
2005-07-29,4896.46,4913.02,4874.78,4886.5,226384272
2005-08-01,4882.39,4912.39,4878.17,4890.85,160974992
2005-08-02,4894.46,4933.4,4894.22,4932.87,191326384
2005-08-03,4930.41,4934.94,4901.51,4923.12,246089024
2005-08-04,4922.59,4930.4,4870.43,4874.06,252262928
2005-08-05,4856.63,4868.2,4827.18,4827.18,186823648
2005-08-08,4837.05,4862.27,4827.3,4837.86,149673984
2005-08-09,4835.83,4909.48,4835.35,4909.48,201077872
2005-08-10,4920.77,4990.57,4920.77,4990.57,292237824
2005-08-11,4966.64,4981.11,4938.15,4953.93,297456576
2005-08-12,4969.24,4972.73,4929.78,4937.33,173381504
2005-08-15,4935.22,4951.33,4916.09,4922.34,97944496
2005-08-16,4939.73,4953.46,4875.92,4883.81,190697760
2005-08-17,4872.33,4881.3,4841.34,4871.46,219293152
2005-08-18,4876.6,4884.14,4834.16,4851.27,190603472
2005-08-19,4854.89,4930.83,4851.88,4929.91,215124592
2005-08-22,4933.74,4954.41,4929.19,4941.69,124789096
2005-08-23,4925.36,4931.74,4897.14,4917.74,152086752
2005-08-24,4907.16,4920.85,4874.52,4915.95,176142832
2005-08-25,4886.35,4886.35,4847.9,4856.01,156604112
2005-08-26,4860.21,4878.92,4783.8,4783.8,205409488
2005-08-29,4756.68,4815.98,4726.33,4812.24,126796400
2005-08-30,4828.07,4837.23,4784.57,4791.72,155962480
2005-08-31,4795.3,4834.9,4791.47,4829.69,231115664
2005-09-01,4846.66,4874.89,4816.67,4842.94,204230128
2005-09-02,4841.38,4861.93,4819.1,4837.81,175332368
2005-09-05,4853.6,4909.89,4850.53,4909.89,112782016
2005-09-06,4903.39,4969.42,4901.9,4968.28,185845088
2005-09-07,4977.92,5004.23,4967.68,4988.14,202518080
2005-09-08,4990.06,4999.42,4967.96,4992.75,182358528
2005-09-09,4999.11,5020.47,4971.24,5005.93,179707136
2005-09-12,5028.49,5035.39,4979.85,4989.98,184965040
2005-09-13,4989.72,4993.3,4899.32,4901.88,225468288
2005-09-14,4906.91,4934.61,4888.03,4911.17,183122096
2005-09-15,4903.85,4925.21,4888.79,4905.98,179837216
2005-09-16,4913.74,5001.79,4911.74,4986.5,425322560
2005-09-19,4928.14,4948.9,4872.64,4926.13,282758336
2005-09-20,4934.03,4967.31,4927.98,4962.86,219664512
2005-09-21,4933.56,4933.56,4870.7,4875.22,273691200
2005-09-22,4857.51,4872.53,4827.86,4849.01,251959872
2005-09-23,4867.04,4887.46,4855.58,4882.58,182531504
2005-09-26,4938.18,5000.17,4938.18,4998.16,251111936
2005-09-27,4979.84,4992.63,4957.29,4965.88,199755232
2005-09-28,4983.64,5052.35,4983.64,5048.74,217907632
2005-09-29,5050.87,5059.86,5003.98,5021.17,188861600
2005-09-30,5055.86,5061.84,5021.14,5044.12,206744656
2005-10-03,5060.99,5083.56,5050.22,5082.07,143877024
2005-10-04,5084.7,5138.02,5064.8,5138.02,235263472
2005-10-05,5111.66,5111.66,5067.21,5069.42,227913040
2005-10-06,5037.5,5037.5,4980.62,5017.27,289073120
2005-10-07,5004.13,5032.66,4984.45,5007.77,208455120
2005-10-10,5027.28,5057.13,5006.57,5022.79,165366400
2005-10-11,5020.3,5065.17,5020.3,5032.46,202113984
2005-10-12,5005.25,5017.87,4955.82,4981.77,225863104
2005-10-13,4977.74,4993.58,4929.11,4950.07,247901216
2005-10-14,4954.37,4988.5,4933.16,4975.56,229729744
2005-10-17,4987.66,4999,4965.63,4978.83,174317680
2005-10-18,4982.3,4993.19,4943.19,4947.18,183989616
2005-10-19,4902.22,4902.22,4825.96,4845.98,329347680
2005-10-20,4903.98,4931.95,4852.56,4864.25,224911328
2005-10-21,4846.8,4870.81,4831.75,4838.4,224364752
2005-10-24,4838.25,4905.46,4836.41,4901.79,175312512
2005-10-25,4918.04,4930.89,4871.89,4872.97,179001856
2005-10-26,4877.03,4914.94,4866.57,4900.79,179481136
2005-10-27,4878.35,4878.35,4793.1,4806.05,237257744
2005-10-28,4802.66,4835.49,4762.75,4825.64,248928080
2005-10-31,4854.59,4930.92,4854.59,4929.07,249355872
2005-11-01,4922.91,4938.39,4907.69,4922.55,196600416
2005-11-02,4921.11,4954.83,4891.62,4954.83,336600224
2005-11-03,4973.04,5013.75,4966.33,5011,255344592
2005-11-04,5004.28,5013.95,4976.29,4995.24,206129536
2005-11-07,4994.54,5033.99,4983.75,5024.2,170667040
2005-11-08,5033.43,5047.51,4993.67,5008.83,187262640
2005-11-09,5018.25,5031.87,4999.12,5011.38,289420672
2005-11-10,5024.06,5047.84,5003.11,5015.55,215496432
2005-11-11,5046.23,5092.8,5046.23,5090.75,187279696
2005-11-14,5083.27,5106.98,5075.63,5092.43,145935456
2005-11-15,5082.38,5115.65,5074.48,5110.61,239188256
2005-11-16,5108.06,5114.66,5063.86,5081.46,222481296
2005-11-17,5097.67,5130.21,5089.67,5099.72,292851136
2005-11-18,5129.12,5162.51,5108.93,5123.5,273058944
2005-11-21,5140.35,5179.55,5127.07,5170.61,181742080
2005-11-22,5178.96,5182.73,5161.35,5174.72,208879440
2005-11-23,5194.55,5203.38,5172.79,5196.08,183468400
2005-11-24,5193.15,5204.14,5171.56,5187.98,139330688
2005-11-25,5186.91,5194.31,5178.65,5194.27,113685648
2005-11-28,5218.28,5241,5167.91,5176.59,199550608
2005-11-29,5167.37,5218.43,5155.34,5199.48,189577680
2005-11-30,5183.78,5209.56,5166.39,5193.4,209364448
2005-12-01,5210.54,5266.62,5208.49,5266.55,209830896
2005-12-02,5292.2,5307.99,5275.3,5307.99,189832688
2005-12-05,5303.92,5306.09,5251.86,5266.86,199335536
2005-12-06,5271.35,5309.93,5267.71,5300.85,170921856
2005-12-07,5292.5,5308.79,5248.73,5266.75,209705456
2005-12-08,5230.83,5286.75,5222.24,5286.75,194927648
2005-12-09,5268.27,5294.37,5262.04,5282.12,161454224
2005-12-12,5316.46,5331.06,5290.91,5301.21,160107600
2005-12-13,5305.66,5313.2,5285.66,5310.27,184253008
2005-12-14,5315.16,5321.1,5274.97,5286.75,196276352
2005-12-15,5294.85,5304.56,5279.33,5295.81,174711312
2005-12-16,5303.31,5356.66,5302.68,5353.66,400584832
2005-12-19,5342.93,5357.66,5336.27,5350.18,195514976
2005-12-20,5331.81,5365.6,5322.83,5356.6,158122912
2005-12-21,5367.81,5400.33,5367.68,5397.23,171800656
2005-12-22,5390,5403.12,5387.46,5398.27,136304288
2005-12-23,5410.08,5425.62,5405.91,5419.04,95350144
2005-12-27,5422.06,5454.5,5419.54,5444.83,58042864
2005-12-28,5437.27,5460.39,5432.29,5447.14,91926376
2005-12-29,5464,5469.96,5447.12,5458.58,72897872
2005-12-30,5446.79,5446.79,5385.06,5408.25,75048720
2006-01-02,5410.24,5451.56,5409.27,5449.98,65232608
2006-01-03,5451.33,5496.46,5440.74,5460.68,207145520
2006-01-04,5494.46,5523.66,5477.6,5523.62,217456112
2006-01-05,5521.85,5526.41,5502.25,5516.52,207504192
2006-01-06,5521.52,5537.58,5507.91,5536.31,185893920
2006-01-09,5543.33,5553.54,5532.83,5537.1,195351584
2006-01-10,5528.06,5528.27,5482.18,5494.71,220546416
2006-01-11,5524.2,5537.48,5515.66,5532.89,216709664
2006-01-12,5533.25,5553.48,5516.24,5542.12,280490688
2006-01-13,5531.73,5531.73,5463.77,5483.08,272399680
2006-01-16,5464.98,5515.25,5462.54,5514.64,123521640
2006-01-17,5481.85,5481.85,5448.87,5460.16,200594320
2006-01-18,5419.18,5426.81,5363.64,5395.6,230738464
2006-01-19,5411.33,5438.91,5410.29,5430.83,221407472
2006-01-20,5433.68,5447.37,5344.52,5349.02,313446080
2006-01-23,5311.89,5350.24,5290.49,5348.72,217052592
2006-01-24,5350.77,5369.58,5321.27,5334.29,279603520
2006-01-25,5346.35,5430.08,5339,5427.08,331409408
2006-01-26,5433.04,5549.08,5422.25,5548.91,357154240
2006-01-27,5586.48,5650.95,5585.37,5647.41,318200384
2006-01-30,5636.24,5670.39,5619.06,5660.02,185899536
2006-01-31,5667.7,5697,5635.81,5674.14,126048216
2006-02-01,5662.05,5733.56,5643.4,5726.53,237136416
2006-02-02,5738.5,5760.62,5644.1,5649.6,236495552
2006-02-03,5662.68,5686.43,5614.29,5657.12,226755488
2006-02-06,5667.18,5702.75,5649.27,5666.77,193620656
2006-02-07,5680,5699.35,5630.1,5672.91,239911648
2006-02-08,5627.75,5675.56,5598.04,5666.41,264580096
2006-02-09,5694.46,5743.68,5694.46,5743.68,233027072
2006-02-10,5730.08,5745.49,5696.02,5701.47,223196080
2006-02-13,5699.43,5756.33,5683.87,5756.33,212307328
2006-02-14,5759.66,5786.68,5717.43,5763.39,216729040
2006-02-15,5766.6,5790.27,5744.96,5764.37,254223600
2006-02-16,5786.16,5790.27,5757.25,5789.25,211678432
2006-02-17,5784.64,5812.68,5773.52,5795.48,214593056
2006-02-20,5795.68,5802.72,5766.99,5793.95,134121952
2006-02-21,5798.89,5850.47,5780.99,5801.04,253517104
2006-02-22,5793.46,5862.06,5783.35,5862.06,240107664
2006-02-23,5868.12,5884.22,5820.35,5857.87,187346272
2006-02-24,5856.73,5873.1,5840.6,5870.79,141519072
2006-02-27,5888.81,5915.93,5871.75,5915.14,164251856
2006-02-28,5908.58,5916.79,5791.89,5796.04,216575824
2006-03-01,5806.96,5867.58,5796.41,5866.6,203675760
2006-03-02,5862.35,5885.73,5749.06,5783.49,308151616
2006-03-03,5771.33,5811.48,5691.21,5721.46,232901600
2006-03-06,5742.06,5768.98,5726.58,5754.06,281132096
2006-03-07,5732.54,5750.85,5698.06,5739.27,242063216
2006-03-08,5745.37,5763.27,5664.18,5673.35,254713152
2006-03-09,5711.02,5741.83,5693.29,5732.22,223323088
2006-03-10,5715.29,5804.95,5708.79,5804.91,196079728
2006-03-13,5820.74,5859.91,5807.6,5855.16,213532048
2006-03-14,5841.43,5870.87,5823.62,5870.87,241863024
2006-03-15,5885.5,5905.83,5869.5,5898.48,126033904
2006-03-16,5906.29,5909.5,5867.37,5897.79,203809040
2006-03-17,5906.35,5947.43,5862.04,5882.37,388349696
2006-03-20,5895.77,5932.46,5884.33,5902.79,168801488
2006-03-21,5900.83,5911.85,5847.89,5911.85,197434384
2006-03-22,5883.08,5949.14,5859.52,5932.31,230597312
2006-03-23,5941.77,5960.02,5922.02,5947.1,292472192
2006-03-24,5956.35,5977.06,5941.24,5973.14,349943680
2006-03-27,5972.14,5976.62,5910.89,5912.25,207625552
2006-03-28,5914.64,5940.58,5863.06,5890.62,102207136
2006-03-29,5893.27,5921.12,5868.21,5914.77,235155216
2006-03-30,5943.47,5993.45,5936.31,5984.18,241123648
2006-03-31,5972.02,5993.89,5942.87,5970.08,215728528
2006-04-03,5989.08,6028.14,5978.46,6024.04,172285312
2006-04-04,6015.37,6024.66,5992.89,6013.85,184792448
2006-04-05,6013.89,6035.66,5995.77,6029.2,220618368
2006-04-06,6033.68,6047.98,6008.56,6031.39,220074112
2006-04-07,6028.33,6045.25,5947.56,5952.91,225552848
2006-04-10,5951.08,6004.71,5943.12,6003.39,157808752
2006-04-11,6000.1,6000.75,5895.04,5908.47,263479344
2006-04-12,5907.91,5917.27,5860.5,5901.25,228841536
2006-04-13,5909.81,5925.39,5873.58,5918.56,184208384
2006-04-18,5915.1,5917.83,5866.85,5902.58,171164288
2006-04-19,5935.41,5996.6,5935.41,5993.75,226598640
2006-04-20,6000.31,6089.29,5996.5,6063.27,270761664
2006-04-21,6070.85,6108.68,6069.37,6094.75,242778112
2006-04-24,6058.75,6094.83,6034.86,6079.09,346877984
2006-04-25,6084.79,6111.29,6051.6,6078.79,254457712
2006-04-26,6089.81,6121.95,6081.95,6107.12,273663456
2006-04-27,6104.27,6113.08,6021.27,6067.74,350838336
2006-04-28,6061.5,6061.5,6003.91,6009.89,281343392
2006-05-02,6014.37,6056.27,6006.87,6051.29,268395200
2006-05-03,6054.64,6079.79,5962.85,5968.96,296796544
2006-05-04,5980.49,6040.7,5968.68,6039.31,357562528
2006-05-05,6049.25,6113.29,6045.83,6113.29,221008192
2006-05-08,6126.96,6153.47,6118.98,6127.98,212088112
2006-05-09,6128,6142.02,6100.04,6140.72,255579040
2006-05-10,6119.1,6157.96,6110.45,6118.37,308456384
2006-05-11,6122,6162.37,6047.43,6054.72,364560320
2006-05-12,6028.39,6043.64,5915.74,5916.27,368477536
2006-05-15,5893,5902.43,5785.14,5857.02,172290128
2006-05-16,5860.6,5898.33,5807.83,5851.91,268962784
2006-05-17,5873.72,5897.77,5652.72,5652.72,178352096
2006-05-18,5672.35,5714.62,5587.91,5666.06,224235184
2006-05-19,5656.41,5706.18,5635.68,5672.27,322731616
2006-05-22,5653.85,5653.85,5513.43,5546.24,379474080
2006-05-23,5556.81,5703.33,5556.81,5678.49,353947904
2006-05-24,5637.33,5653.99,5552.02,5587.23,160208608
2006-05-25,5601.31,5706.06,5568.83,5706.06,106927896
2006-05-26,5728.99,5788.47,5720.5,5788.35,258795520
2006-05-29,5782.49,5784.29,5748.2,5755.02,100288496
2006-05-30,5749.16,5758.81,5593.89,5622.43,272071040
2006-05-31,5582.62,5704.1,5533.12,5692.85,405424000
2006-06-01,5677.52,5713.52,5603.1,5707.58,304993280
2006-06-02,5733.41,5778.77,5676.04,5687.04,267917488
2006-06-05,5685.56,5691.68,5590.22,5621.18,151551632
2006-06-06,5563.12,5590.83,5477.75,5502.81,316573792
2006-06-07,5510.29,5572.08,5471.75,5543.93,305212832
2006-06-08,5478.71,5478.71,5383.27,5383.27,380120000
2006-06-09,5434.79,5485.56,5434.79,5464.08,309612928
2006-06-12,5458.37,5470.23,5375.99,5395.54,219716736
2006-06-13,5337.68,5337.68,5262.21,5292.14,169721456
2006-06-14,5298.62,5332.08,5243.71,5305.99,349140864
2006-06-15,5330.48,5438.33,5330.48,5422.22,265372864
2006-06-16,5454.33,5507.6,5367.14,5376,474175136
2006-06-19,5388.83,5483.87,5388.83,5439.23,253493600
2006-06-20,5408.25,5493.6,5382.58,5493.6,216594432
2006-06-21,5499.04,5510.14,5414.62,5503.41,209019488
2006-06-22,5548.37,5580.81,5499.35,5533.41,215690032
2006-06-23,5536.43,5559.87,5499.54,5529.74,241422112
2006-06-26,5542.74,5564.64,5500.93,5514.62,159286512
2006-06-27,5537.77,5552.95,5447.02,5459.14,163139296
2006-06-28,5442.16,5490.18,5420.08,5456.87,169760928
2006-06-29,5480.37,5592.52,5479.96,5581.66,221239648
2006-06-30,5617.71,5698.21,5617.71,5683.31,238033504
2006-07-03,5688,5712.68,5675.5,5712.68,123818096
2006-07-04,5714.6,5729.58,5689,5729,105466680
2006-07-05,5700.29,5705.58,5608.95,5625.62,176504336
2006-07-06,5635.27,5702.64,5635.27,5695.47,193693488
2006-07-07,5680.16,5717.89,5628.18,5681.85,172531568
2006-07-10,5678.1,5711.04,5633.47,5706.31,145629440
2006-07-11,5678.54,5684.39,5593.79,5616.04,199113280
2006-07-12,5641,5700,5620.49,5637.81,192908128
2006-07-13,5609.12,5609.12,5505.35,5527.29,241957024
2006-07-14,5502.35,5504.06,5422.22,5422.22,192180880
2006-07-17,5437.08,5451.25,5365.06,5416.96,109868472
2006-07-18,5402.68,5445.06,5373.43,5396.85,187415536
2006-07-19,5415.04,5543.37,5405.43,5539.29,256451280
2006-07-20,5559.66,5587.27,5535.06,5545.81,200024160
2006-07-21,5537.16,5539.72,5423.62,5451,288979680
2006-07-24,5460.12,5582.06,5460.12,5578.04,189107280
2006-07-25,5587.04,5601.62,5542.37,5565.75,235056112
2006-07-26,5573.62,5596.18,5555.45,5583.1,181696768
2006-07-27,5615.08,5667.54,5597.35,5659.06,311532320
2006-07-28,5640.91,5708.33,5620.91,5705.41,208322432
2006-07-31,5704.56,5708.37,5672.77,5681.97,180074816
2006-08-01,5678,5693.49,5583.96,5596.74,229858560
2006-08-02,5622.74,5684.49,5620.79,5680.81,211479024
2006-08-03,5688.29,5696.7,5591.18,5640.02,213395600
2006-08-04,5656.37,5741.79,5654.31,5723.02,218578160
2006-08-07,5685.46,5687.79,5614.29,5626.66,164419632
2006-08-08,5658.35,5678.73,5630.06,5651.91,149806912
2006-08-09,5663.68,5709.1,5612.95,5702.81,306665888
2006-08-10,5662.73,5662.73,5557.58,5630.96,477620320
2006-08-11,5648.83,5673.2,5602.29,5628.37,321296576
2006-08-14,5661.06,5701.58,5659.71,5692,181855712
2006-08-15,5677.37,5793.04,5664.89,5776.79,228055776
2006-08-16,5778.71,5826.41,5764.79,5812.93,254571712
2006-08-17,5819.5,5835.35,5803.33,5833.5,208830816
2006-08-18,5828.35,5849.37,5804.24,5817.02,201667920
2006-08-21,5804.66,5817.08,5771.93,5794.83,168635968
2006-08-22,5816.21,5831.85,5755.89,5818.41,201924528
2006-08-23,5819.29,5819.29,5759.54,5775.54,173008912
2006-08-24,5773.46,5847.1,5744.1,5814.08,241989824
2006-08-25,5814.33,5834.06,5783.89,5811.47,175680000
2006-08-28,5808.37,5862.33,5767.83,5854.99,145514688
2006-08-29,5854.5,5880.48,5837.37,5847.02,188085616
2006-08-30,5863.31,5884.5,5852.18,5867.52,193696000
2006-08-31,5880.58,5886.77,5841,5859.56,196714048
2006-09-01,5861.25,5907.16,5856.49,5876.54,169857904
2006-09-04,5890,5917.24,5890,5909.72,121410440
2006-09-05,5904.41,5907.49,5857.37,5884.06,148968928
2006-09-06,5883.43,5883.89,5799.68,5813.06,190639808
2006-09-07,5792.64,5792.64,5753.66,5773.72,182367840
2006-09-08,5782.62,5811.58,5773.54,5795.25,178069232
2006-09-11,5774.31,5800.71,5737.2,5798.46,233182576
2006-09-12,5803.79,5878.83,5775.02,5873.85,261571792
2006-09-13,5888.47,5906.98,5874.45,5906.12,217413008
2006-09-14,5913.47,5935.04,5888.74,5907.37,228284896
2006-09-15,5911.89,5953.72,5907.46,5937.87,531385728
2006-09-18,5932.5,5950.35,5896.64,5926.33,197637216
2006-09-19,5918.97,5930.14,5869.56,5873.46,255933296
2006-09-20,5877.08,5962.14,5872.31,5954.37,245742960
2006-09-21,5949.06,5979.87,5936,5962.02,310385856
2006-09-22,5930.1,5930.29,5857.89,5883.31,233786352
2006-09-25,5898.89,5935.02,5864.99,5901.66,205508400
2006-09-26,5936.45,5977.91,5926.54,5960.62,282490464
2006-09-27,5981.18,6003.5,5956.02,5989.71,242294592
2006-09-28,5984.62,6002.93,5973.5,5989.16,329493312
2006-09-29,5998.39,6031.54,5992.41,6004.33,110252504
2006-10-02,6019.33,6031.85,5964.74,5999.46,187148256
2006-10-03,5986.74,5992.22,5944.56,5992.22,168864192
2006-10-04,5996.24,6046.37,5995.41,6046.37,140911536
2006-10-05,6065.46,6097.87,6065.46,6075.27,241327680
2006-10-06,6066.68,6088.43,6052.99,6085.81,199169920
2006-10-09,6064.87,6084.54,6054.66,6084.39,161326032
2006-10-10,6094.2,6127.27,6088.04,6117.71,194923616
2006-10-11,6111.02,6128.2,6080.14,6119.45,237589936
2006-10-12,6112.5,6164.41,6112.5,6160.27,234104288
2006-10-13,6169.81,6188.68,6152.35,6173.68,220894016
2006-10-16,6178.35,6189.81,6162.77,6186.54,169938272
2006-10-17,6170.02,6170.02,6106.18,6115.1,216205760
2006-10-18,6133.77,6210.35,6133.77,6182.77,204467696
2006-10-19,6168,6203.89,6148.31,6177.41,192597008
2006-10-20,6189.7,6218.56,6176.89,6202.81,236117200
2006-10-23,6216.46,6248.79,6185.5,6242.91,178616064
2006-10-24,6236.95,6251.95,6226.93,6247.52,220460128
2006-10-25,6243.47,6276.74,6234.06,6264.91,264350672
2006-10-26,6279.37,6304.77,6270.22,6284.18,310242752
2006-10-27,6288.56,6300.37,6231.33,6262.54,297149696
2006-10-30,6230.85,6263.35,6205.75,6258.18,212468368
2006-10-31,6243.62,6286.7,6237.54,6268.91,107831248
2006-11-01,6262.71,6311.93,6262.58,6291.89,109525600
2006-11-02,6272.97,6295.66,6201,6223.33,307949440
2006-11-03,6233.16,6279.46,6220.1,6241.14,256790928
2006-11-06,6249.91,6331.18,6249.91,6330.64,203988432
2006-11-07,6334.18,6363.14,6326.24,6361.96,214871776
2006-11-08,6340.91,6356.41,6317.87,6349.25,249637504
2006-11-09,6360.93,6366.64,6333.5,6358.68,270954944
2006-11-10,6349.7,6366.46,6311.52,6357.77,273550624
2006-11-13,6350.64,6403.72,6344.1,6393.73,269876640
2006-11-14,6394.27,6411.24,6365.43,6387.37,215924560
2006-11-15,6404.16,6434,6404.16,6430.89,292109696
2006-11-16,6429.5,6452.12,6415.43,6443.02,269705440
2006-11-17,6438.18,6451.68,6398.52,6412.35,267041296
2006-11-20,6394.08,6459.52,6368.06,6452.33,195397504
2006-11-21,6450.56,6476.71,6447.52,6460.39,163380336
2006-11-22,6475.29,6497.06,6453.49,6476.12,179815536
2006-11-23,6483.58,6494.7,6461.58,6475.25,132086768
2006-11-24,6464.85,6469.25,6367.2,6411.96,251344048
2006-11-27,6400.49,6419.97,6297.6,6298.16,271982688
2006-11-28,6289.71,6305.64,6247.99,6281.68,267842944
2006-11-29,6300.41,6365.83,6297.35,6363.79,243163744
2006-11-30,6365.73,6402.71,6304.62,6309.18,240766016
2006-12-01,6322.18,6360.66,6195.81,6241.12,294133312
2006-12-04,6258.91,6301.43,6230.29,6295.23,202827296
2006-12-05,6300.46,6381.37,6286.91,6372.79,246542944
2006-12-06,6368.29,6385.43,6341.72,6369.5,205652640
2006-12-07,6357.81,6440.56,6356.37,6413.02,220803712
2006-12-08,6396.08,6435.37,6352.35,6427.41,206435600
2006-12-11,6449.75,6476.33,6447.93,6469.41,198532464
2006-12-12,6466.58,6484.1,6457.37,6476.16,182978656
2006-12-13,6479.04,6521.02,6470.85,6520.77,269627648
2006-12-14,6530.81,6559.37,6523.47,6552.58,215328480
2006-12-15,6572.75,6605.14,6556.73,6588.83,451331968
2006-12-18,6588.25,6615.68,6585.79,6597.25,169704768
2006-12-19,6572.97,6577.35,6524.52,6553.5,188809504
2006-12-20,6578.97,6606.47,6578.97,6586.91,177058512
2006-12-21,6573.37,6595.43,6563.5,6573.96,162682208
2006-12-22,6571.98,6577,6493.99,6503.12,124161856
2006-12-27,6525.99,6611.7,6525.75,6608.85,104331712
2006-12-28,6615.81,6629.33,6600.89,6611.81,98717360
2006-12-29,6617.85,6627.35,6596.6,6596.91,64699208
2007-01-02,6614.73,6682.81,6614.73,6681.12,139087488
2007-01-03,6681.23,6704.04,6667.58,6691.31,208613248
2007-01-04,6662.24,6684.1,6634.74,6674.39,283380224
2007-01-05,6661.89,6665.5,6588.02,6593.08,284586816
2007-01-08,6603.54,6628.35,6579.89,6607.58,230742592
2007-01-09,6625.27,6665.91,6606.87,6614.37,131021056
2007-01-10,6578.75,6592.97,6531.25,6566.56,302809472
2007-01-11,6590.74,6695.74,6571.58,6687.29,305396992
2007-01-12,6690.43,6705.16,6659.95,6705.16,308761280
2007-01-15,6719.52,6746.29,6719.52,6731.74,173175408
2007-01-16,6735.83,6746.62,6705.21,6716.81,190769776
2007-01-17,6716.66,6732.31,6672.75,6701.7,238420288
2007-01-18,6721.08,6737.98,6661.04,6689.62,296208512
2007-01-19,6678.81,6754.54,6651.68,6747.16,347243968
2007-01-22,6753.73,6766.56,6682.49,6687.31,249131104
2007-01-23,6692.83,6704.35,6627.96,6678.93,258781856
2007-01-24,6692.64,6759.95,6681.66,6748.37,379656800
2007-01-25,6743.43,6771.41,6703.89,6719.58,353211200
2007-01-26,6690.29,6731.35,6659.45,6690.33,272441440
2007-01-29,6702.45,6739.5,6684.39,6726,401175200
2007-01-30,6719.97,6801.27,6711.04,6788.23,289630464
2007-01-31,6772.83,6805.08,6758.85,6789.1,324108128
2007-02-01,6821.31,6874.77,6820.58,6851.27,324966240
2007-02-02,6853.77,6904.87,6848.16,6885.75,280628832
2007-02-05,6878.66,6891.12,6864.18,6874.06,204819136
2007-02-06,6881.89,6906.68,6862.18,6875.7,234990112
2007-02-07,6886,6924.46,6885.08,6915.56,321112384
2007-02-08,6911.24,6918.04,6849.85,6876.73,266860640
2007-02-09,6890.64,6928.98,6890.64,6911.1,116509048
2007-02-12,6892.02,6892.02,6844.39,6859.45,216942032
2007-02-13,6868.68,6895.52,6866.06,6895.33,102877616
2007-02-14,6912.56,6965.39,6907.91,6961.18,307120960
2007-02-15,6958.14,6972.43,6942.25,6958.62,265676768
2007-02-16,6955.71,6979.02,6941.02,6957.06,241074416
2007-02-19,6967.52,6996,6965.91,6987.08,183279200
2007-02-20,6978.52,6987.66,6944.1,6982.91,245221760
2007-02-21,6999.18,7005.33,6922.35,6941.66,248913760
2007-02-22,6959.37,7004.91,6955.56,6973.73,296899744
2007-02-23,6986.06,6998.27,6964.5,6992.58,307686112
2007-02-26,6992.12,7040.2,6980.25,7027.58,297686624
2007-02-27,6988.33,6988.33,6814.56,6819.64,193641648
2007-02-28,6728.39,6770.29,6640.99,6715.43,547373952
2007-03-01,6714.25,6756.25,6544.27,6640.24,546781312
2007-03-02,6663.6,6703.04,6554.04,6603.31,450051456
2007-03-05,6510.95,6563.45,6445.29,6534.56,416477248
2007-03-06,6558.89,6607.99,6545.62,6595,314459552
2007-03-07,6605.89,6633.87,6584.47,6617.75,254711264
2007-03-08,6643.81,6713.54,6639.89,6713.23,303359424
2007-03-09,6706.45,6745.06,6665.73,6716.52,252546528
2007-03-12,6727.56,6752.18,6674.99,6715.49,228074016
2007-03-13,6716.35,6722.83,6623.99,6623.99,235655104
2007-03-14,6567.24,6567.24,6444.7,6447.7,415441472
2007-03-15,6495.85,6594.33,6495.83,6585.47,341167616
2007-03-16,6564.79,6614.06,6528.29,6579.87,609696768
2007-03-19,6622.75,6677.33,6614.14,6671.41,262315328
2007-03-20,6673.68,6703.39,6633.81,6700.29,314340960
2007-03-21,6696.25,6729.64,6688.33,6712.06,271778528
2007-03-22,6742.77,6872.62,6742.77,6856.96,364724320
2007-03-23,6859,6902.62,6828.22,6899.06,328462400
2007-03-26,6899.33,6903.81,6799.37,6828.81,133096544
2007-03-27,6838.31,6885.33,6838.31,6858.33,239325376
2007-03-28,6830.73,6843.37,6788.33,6816.89,246328112
2007-03-29,6834.08,6903.48,6834.08,6897.08,242890480
2007-03-30,6903.87,6965.83,6885.58,6917.02,244870704
2007-04-02,6911.12,6945.35,6891.79,6937.16,282831872
2007-04-03,6945.35,7052.98,6945.27,7045.56,348303136
2007-04-04,7072.5,7076.21,7038.49,7073.91,263526592
2007-04-05,7074.58,7103.73,7068.08,7099.91,78377752
2007-04-10,7102.47,7172.08,7090.68,7166.66,222454352
2007-04-11,7168.1,7201.93,7139.33,7152.83,218479664
2007-04-12,7150.83,7152.37,7087.29,7142.95,258498064
2007-04-13,7153.89,7213.2,7150.7,7212.06,258015200
2007-04-16,7229.06,7340.25,7229.06,7338.06,267340384
2007-04-17,7327.5,7365.5,7292.29,7348.83,249203568
2007-04-18,7341.25,7341.25,7243.41,7282.33,263876288
2007-04-19,7205.52,7248.18,7155.04,7242.73,129010320
2007-04-20,7257.33,7365.77,7253.02,7342.54,393101856
2007-04-23,7348,7358.27,7302.43,7335.62,101769408
2007-04-24,7342.08,7342.08,7218.72,7270.31,288325792
2007-04-25,7291.77,7363.37,7287.79,7343.08,280845152
2007-04-26,7368.54,7412.52,7356.83,7387.02,382779520
2007-04-27,7384.02,7395.35,7333.68,7378.12,325778752
2007-04-30,7369.24,7436.29,7361.35,7408.87,211124416
2007-05-02,7429.93,7462.72,7422.81,7455.93,301909120
2007-05-03,7472.14,7483.22,7420.35,7476.68,190027168
2007-05-04,7476.68,7525.37,7460.02,7516.75,389721120
2007-05-07,7523.95,7538.58,7508.1,7525.68,202693040
2007-05-08,7515,7515.47,7413,7442.2,292948352
2007-05-09,7471.95,7489.85,7427.25,7475.99,271455424
2007-05-10,7477.43,7494.18,7400.41,7415.33,274880736
2007-05-11,7386.79,7482.35,7304.6,7479.33,346817312
2007-05-14,7505,7527.96,7446.1,7459.6,325570496
2007-05-15,7432.66,7520.52,7418.25,7505.35,346769184
2007-05-16,7483.43,7523,7460.29,7481.25,273861472
2007-05-17,7502.12,7528.62,7483.66,7499.5,165157120
2007-05-18,7498.56,7613.62,7490.5,7607.54,367527424
2007-05-21,7614.04,7644.43,7599.49,7619.31,265990976
2007-05-22,7623.64,7676.87,7608.75,7659.39,315830176
2007-05-23,7665.04,7739.06,7659.79,7735.87,353546208
2007-05-24,7716.18,7774.35,7669.04,7697.37,324293824
2007-05-25,7672.95,7746.91,7658.27,7739.2,254664272
2007-05-29,7758.85,7787.54,7735.79,7781.04,215429680
2007-05-30,7741.95,7768.75,7675.89,7764.97,249888336
2007-05-31,7790.93,7895.71,7790.93,7883.04,360062656
2007-06-01,7891.2,8001.62,7889.74,7987.85,410409920
2007-06-04,7973.68,8010.39,7936.18,7976.79,332496448
2007-06-05,7987.1,7996.6,7880.35,7919.83,337717856
2007-06-06,7916.71,7925.83,7723.54,7730.04,338753440
2007-06-07,7750.37,7786.93,7590.16,7618.6,344465088
2007-06-08,7576,7644.96,7499.43,7590.5,184333168
2007-06-11,7623.33,7706.1,7623.33,7706.1,262787184
2007-06-12,7693.6,7740.02,7629.46,7678.25,256562848
2007-06-13,7652.58,7701,7595.68,7680.75,283155680
2007-06-14,7753.18,7850.73,7752.04,7849.16,332605440
2007-06-15,7861.22,8032.97,7860.33,8030.64,966578624
2007-06-18,8044.73,8095.75,8013.58,8036.12,309726912
2007-06-19,8044.58,8074.1,8011.29,8033.52,268164992
2007-06-20,8066.18,8131.73,8046.64,8090.49,331912128
2007-06-21,8050.64,8060.64,7905.18,7964.71,349360672
2007-06-22,7977.25,8013.6,7925.12,7949.62,237810144
2007-06-25,7896.91,7942.93,7829.77,7930.6,256925920
2007-06-26,7882.39,7904.52,7817.39,7860.52,284310016
2007-06-27,7820.35,7822.35,7750.62,7801.23,325555008
2007-06-28,7847.43,7923.58,7847.43,7921.35,233729232
2007-06-29,7947.16,8007.74,7901.6,8007.31,229113168
2007-07-02,7969.27,7981.35,7916.47,7958.24,190806688
2007-07-03,7985.25,8066.83,7985.25,8050.68,250466528
2007-07-04,8057.68,8090.22,8055.25,8075.25,162018560
2007-07-05,8101.89,8115.06,7968.79,7987.12,230051376
2007-07-06,7987.12,8048.43,7947.06,8048.31,186075840
2007-07-09,8077.18,8119.79,8058.77,8077.39,206294224
2007-07-10,8081.73,8109.71,7943.1,7964.75,280924576
2007-07-11,7922.23,7922.23,7799.93,7898.54,288292896
2007-07-12,7921.75,8053.62,7880.91,8053.43,305824736
2007-07-13,8089.56,8151.56,8069.81,8092.77,233100208
2007-07-16,8101.52,8130.72,8074.97,8105.68,182205200
2007-07-17,8090,8090,7995.43,8038.21,245264240
2007-07-18,7987.52,7990.35,7879.14,7893.6,280317088
2007-07-19,7934.02,8010.75,7933.18,7991.21,289829920
2007-07-20,7986.85,8006.23,7864.18,7874.85,304027296
2007-07-23,7880.29,7944.21,7836.41,7944.21,214871280
2007-07-24,7916.35,7933.58,7806.23,7806.79,251969344
2007-07-25,7747.93,7790.2,7659.6,7692.54,431644992
2007-07-26,7708.31,7731.16,7506.04,7508.96,225360032
2007-07-27,7437.1,7535.37,7372.89,7451.68,240356992
2007-07-30,7460.71,7503.16,7386.6,7456.31,336598848
2007-07-31,7507.96,7632.83,7501.52,7584.14,368839168
2007-08-01,7472.35,7544.7,7396.35,7473.93,379115296
2007-08-02,7518.91,7568.2,7502.72,7534.12,310226816
2007-08-03,7549.81,7566.64,7419.83,7435.66,142680112
2007-08-06,7390.87,7471.75,7382.96,7444.45,164569216
2007-08-07,7481.35,7534.93,7459.08,7513.66,320348928
2007-08-08,7538.97,7614.24,7531.71,7605.93,189689872
2007-08-09,7578.12,7581.79,7426.04,7453.58,243156672
2007-08-10,7373.91,7386.41,7293.52,7343.25,251094544
2007-08-13,7380.18,7476.7,7380.18,7474.33,159164160
2007-08-14,7441.5,7492.75,7383.31,7425.06,133307872
2007-08-15,7391.48,7470.93,7343.25,7445.89,153222736
2007-08-16,7360.27,7360.27,7240.77,7270.06,271783072
2007-08-17,7241.62,7497.64,7190.35,7378.29,621027328
2007-08-20,7400.45,7450.39,7386.54,7407.52,247035888
2007-08-21,7427.52,7469.85,7345.12,7424.75,250541232
2007-08-22,7429,7525.71,7424.12,7500.48,258432544
2007-08-23,7560.91,7591.52,7511.91,7511.96,259541040
2007-08-24,7490.81,7526.14,7459.95,7507.27,154770288
2007-08-27,7525.58,7541.87,7475.95,7485.99,117585728
2007-08-28,7476.99,7477.27,7419.68,7430.24,206831200
2007-08-29,7383.08,7451.97,7353.81,7439.18,123626016
2007-08-30,7469.45,7529.75,7416.66,7519.93,231495808
2007-08-31,7554.6,7659.72,7536.77,7638.16,134248240
2007-09-03,7643.64,7677.66,7630.85,7648.58,149650064
2007-09-04,7635.41,7725.33,7595.45,7721.77,211489088
2007-09-05,7700.75,7717.16,7588.02,7588.02,233638960
2007-09-06,7618.33,7644.43,7510.77,7621.72,275615552
2007-09-07,7612.91,7629.85,7420.83,7436.62,325308672
2007-09-10,7437.68,7467.45,7369.7,7375.43,244689888
2007-09-11,7409.25,7481.98,7409.25,7457.89,205957520
2007-09-12,7458.68,7477.99,7420.66,7472.99,242067424
2007-09-13,7459.43,7545.23,7430.64,7535.97,275103808
2007-09-14,7514.62,7522.12,7445.41,7497.74,214945824
2007-09-17,7497.08,7530.81,7433.23,7479.85,213792544
2007-09-18,7460.04,7588.41,7452,7575.21,300354848
2007-09-19,7629.1,7771.02,7627.75,7750.83,376571808
2007-09-20,7728.77,7745.25,7696.93,7735.08,235216704
2007-09-21,7722.97,7809.24,7714.81,7794.43,647682688
2007-09-24,7777.2,7797.62,7762.04,7787.91,250022176
2007-09-25,7755.16,7786.93,7717.43,7769.43,253042992
2007-09-26,7797.33,7815.49,7788.43,7804.14,222256336
2007-09-27,7844.41,7882.18,7837.33,7853.79,271501536
2007-09-28,7850.93,7880.41,7790.23,7861.5,239522688
2007-10-01,7851.29,7922.41,7831.39,7922.41,203643136
2007-10-02,7937.22,7971.12,7924.14,7946.79,264337376
2007-10-03,7952.37,7964.39,7928.56,7955.29,192426592
2007-10-04,7940.64,7966.81,7911.85,7944.99,214335984
2007-10-05,7954.25,8014.16,7946.33,8002.18,237067376
2007-10-08,8008.75,8017.77,7968.25,7974.37,233084224
2007-10-09,7974.87,8012.87,7955.04,7980.43,214952000
2007-10-10,7985.98,8009.33,7955.93,7986.56,248408560
2007-10-11,7985.68,8063.83,7981.52,8033.68,318659232
2007-10-12,7995.58,8041.25,7974.87,8041.25,285525024
2007-10-15,8039.79,8039.79,7951.25,7969.47,216480880
2007-10-16,7946.12,7964.6,7927.77,7962.64,283723744
2007-10-17,7944.52,8017.04,7941.5,7985.41,249707616
2007-10-18,7997.73,8014.56,7906.79,7921.39,273697088
2007-10-19,7895.52,7940.29,7870.73,7884.12,268825856
2007-10-22,7819.27,7819.27,7763.64,7794.93,294604256
2007-10-23,7822.89,7876.62,7822.89,7842.79,243051520
2007-10-24,7842.12,7861.27,7807.99,7828.96,257861712
2007-10-25,7862.6,7970.56,7861.39,7932.43,401154880
2007-10-26,7944.33,7970.35,7919.2,7949.16,298757152
2007-10-29,7989.39,8016.47,7986.71,8009.66,221093248
2007-10-30,8004.58,8004.58,7966.24,7977.93,210507040
2007-10-31,7975.02,8027.49,7960.48,8019.22,221578656
2007-11-01,8024.41,8038.41,7853.75,7880.85,264714000
2007-11-02,7846.91,7864.48,7792.37,7849.49,269478752
2007-11-05,7790.89,7830.91,7779.97,7807.54,213057344
2007-11-06,7823.22,7859.95,7821.77,7827.18,249443088
2007-11-07,7839.06,7854.16,7739.91,7799.62,140986960
2007-11-08,7771.56,7844.39,7701.87,7819.47,448887712
2007-11-09,7830.12,7918.91,7792.81,7812.39,416907552
2007-11-12,7780.49,7810.6,7766.06,7806.83,267841984
2007-11-13,7781.41,7791.5,7752.24,7777.56,167646672
2007-11-14,7821.41,7866,7765.5,7783.1,353156032
2007-11-15,7781.81,7803.87,7635.68,7667.02,311056576
2007-11-16,7635.64,7655.96,7564.66,7612.25,450809536
2007-11-19,7608.2,7623.1,7498.89,7511.97,388193792
2007-11-20,7550.35,7634.46,7523.66,7630.31,368215712
2007-11-21,7569.85,7569.85,7474.5,7518.41,402454208
2007-11-22,7538.79,7581.12,7488.08,7562.1,252115776
2007-11-23,7565,7620.29,7549.14,7608.96,235240384
2007-11-26,7642.1,7674.66,7559.7,7567.35,247340352
2007-11-27,7537.54,7546.41,7444.62,7531.35,294078624
2007-11-28,7552.25,7729,7536.54,7723.66,322289888
2007-11-29,7755.29,7780.48,7729.43,7765.18,282605440
2007-11-30,7772.43,7894.47,7771.77,7870.52,302520192
2007-12-03,7859.39,7889.58,7825.66,7837.25,235496416
2007-12-04,7841.87,7849.93,7785.12,7808.93,320713728
2007-12-05,7850.93,7953.93,7842.62,7944.77,258372256
2007-12-06,7958.18,7998.04,7911.48,7940.58,268261152
2007-12-07,7963.25,8009.75,7957.54,7994.06,275282304
2007-12-10,7972.7,8057.68,7955.18,8033.35,214077072
2007-12-11,8050.37,8067.04,7983.41,8009.41,238898752
2007-12-12,7968.93,8117.79,7928.12,8076.12,324223680
2007-12-13,8014.47,8034.31,7922.98,7928.31,275699296
2007-12-14,7949,7987.29,7873.27,7948.35,210213728
2007-12-17,7884.16,7884.18,7812.02,7825.43,247168320
2007-12-18,7811.08,7942.75,7796.1,7850.74,226834848
2007-12-19,7865.33,7876.58,7777.39,7837.31,214518160
2007-12-20,7842.25,7919.04,7842.16,7869.18,208781200
2007-12-21,7913.37,8015.41,7913.37,8002.66,474761856
2007-12-27,8038.73,8073.99,8024.77,8038.6,151052576
2007-12-28,8010.89,8068.95,7991.81,8067.31,80442880
2008-01-02,8045.97,8100.64,7925.1,7949.1,216058560
2008-01-03,7941.52,7969.89,7858.39,7908.41,245481936
2008-01-04,7913.52,7914.7,7780.27,7808.68,350939200
2008-01-07,7810.81,7858.64,7781.68,7817.16,369033600
2008-01-08,7844.5,7923.43,7831.5,7849.99,368395744
2008-01-09,7839.23,7841.62,7770.41,7782.71,400933152
2008-01-10,7799.1,7830.95,7700.85,7713.08,340000512
2008-01-11,7717.45,7746.47,7675.45,7717.95,329146112
2008-01-14,7692.54,7759.16,7683.54,7732.02,260895120
2008-01-15,7714.6,7724.25,7563.89,7566.37,382865952
2008-01-16,7536.48,7555.56,7450.37,7471.56,258258992
2008-01-17,7504.85,7547.47,7400.08,7413.52,200730832
2008-01-18,7417.54,7501.04,7287.33,7314.16,234186768
2008-01-21,7292.68,7292.68,6762.77,6790.18,390630080
2008-01-22,6591.39,6877.62,6420.71,6769.47,469436192
2008-01-23,6811.81,6884.87,6384.39,6439.21,347347104
2008-01-24,6550.1,6854.98,6550.1,6821.06,298083520
2008-01-25,6884.16,7002.18,6782.41,6816.74,234245936
2008-01-28,6749.29,6827.37,6680.3,6818.85,182821552
2008-01-29,6834.6,6929.88,6823.68,6892.96,189796976
2008-01-30,6886.92,6920.77,6822.44,6875.35,158265808
2008-01-31,6856.88,6887.75,6691.25,6851.75,206707488
2008-02-01,6896.19,7037.16,6896.19,6968.67,194561776
2008-02-04,7018.64,7059.19,6975.93,7000.49,144405152
2008-02-05,6998.74,7000.05,6744.17,6765.25,205815504
2008-02-06,6726.54,6861.94,6696.94,6847.51,196641344
2008-02-07,6829.07,6839.16,6655.65,6733.72,242206608
2008-02-08,6777.54,6851.78,6706.18,6767.28,143498784
2008-02-11,6723.97,6812.21,6690.77,6743.54,134973616
2008-02-12,6793.47,6979.23,6746.2,6967.84,191560240
2008-02-13,6914.21,7007.05,6869.94,6973.67,158525952
2008-02-14,7024.57,7062.08,6935.31,6962.28,172577088
2008-02-15,6966.75,7012.63,6797.76,6832.43,189386704
2008-02-18,6865.57,6997.77,6865.57,6967.55,114683784
2008-02-19,6947.68,7079.74,6890.93,7002.29,145000256
2008-02-20,6933.02,6964.93,6852.58,6899.68,177428720
2008-02-21,6928.34,7017.86,6881.29,6904.85,147236048
2008-02-22,6889.49,6889.49,6762.77,6806.29,163836160
2008-02-25,6850.92,6922.61,6825.12,6882.56,128930848
2008-02-26,6906.43,7007.44,6906.43,6985.97,163794912
2008-02-27,7007.69,7017.7,6881.23,6997.85,141278976
2008-02-28,6985.42,6995.39,6849.59,6862.52,170746368
2008-02-29,6847.9,6864.69,6698.55,6748.13,185672256
2008-03-03,6692.98,6701.53,6608.61,6689.95,147794720
2008-03-04,6692.73,6720.16,6516.83,6545.04,191380112
2008-03-05,6583.3,6699.3,6578.82,6683.71,153632480
2008-03-06,6674.74,6683.16,6569.6,6591.31,167895584
2008-03-07,6550.55,6562.4,6450.88,6513.99,185758656
2008-03-10,6487.11,6537.39,6414.52,6448.08,157678688
2008-03-11,6462.53,6604,6431.74,6524.57,185309296
2008-03-12,6574.52,6666.58,6569.36,6599.37,153059456
2008-03-13,6529.62,6529.62,6399.04,6500.56,188738848
2008-03-14,6500.17,6623.42,6391.56,6451.9,202037440
2008-03-17,6360.92,6362.02,6167.82,6182.3,291401152
2008-03-18,6237.63,6417.95,6237.63,6393.39,201172928
2008-03-19,6429.24,6469.99,6310.6,6361.22,307873984
2008-03-20,6331.12,6376.24,6270.98,6319.99,339343552
2008-03-25,6443.45,6540.48,6443.36,6524.71,202263600
2008-03-26,6508.43,6538.28,6469,6489.26,156572976
2008-03-27,6486.02,6610.16,6478.81,6578.06,162549808
2008-03-28,6587.21,6616.45,6535.07,6559.9,125291448
2008-03-31,6530.11,6541.12,6429.62,6534.97,129101344
2008-04-01,6519.02,6732.97,6496.94,6720.33,192902864
2008-04-02,6749.24,6798.94,6726.43,6777.44,174173136
2008-04-03,6788.4,6802.62,6695.83,6741.72,144356448
2008-04-04,6753.87,6797.23,6691.28,6763.39,122205696
2008-04-07,6802.55,6843.25,6795.06,6821.03,114267872
2008-04-08,6795.05,6795.34,6723.84,6771.98,115540008
2008-04-09,6751.48,6785.06,6705.06,6721.36,118853264
2008-04-10,6716.69,6719.07,6608.78,6704.32,149022672
2008-04-11,6739.18,6768.12,6570.74,6603.57,147203264
2008-04-14,6561.9,6573.25,6516.51,6554.49,108348168
2008-04-15,6581.12,6626.88,6524.9,6585.05,103557072
2008-04-16,6624.61,6710.86,6600.68,6702.84,146020368
2008-04-17,6717.28,6743.14,6665.01,6681.81,137785936
2008-04-18,6703.02,6860.38,6703.02,6843.08,167960688
2008-04-21,6840.68,6848.65,6749.72,6786.55,129834712
2008-04-22,6762.44,6818.62,6702.98,6728.3,130790624
2008-04-23,6739.65,6813.67,6656.86,6795.03,172878800
2008-04-24,6776.93,6827.9,6720.91,6821.32,157158352
2008-04-25,6855.67,6945.25,6848.9,6896.58,155785312
2008-04-28,6914.4,6966.47,6906.93,6925.33,107294824
2008-04-29,6905.42,6909.99,6855.11,6885.34,126279056
2008-04-30,6888.21,6962.6,6851.52,6948.82,139450784
2008-05-02,6982.06,7092.82,6971.93,7043.23,152864880
2008-05-05,7036.99,7059.92,7021.73,7052.08,79536192
2008-05-06,7043.65,7062.37,6969.16,7017.1,144985120
2008-05-07,7040.84,7107.53,7037.01,7076.25,119593744
2008-05-08,7037.63,7073.45,7013.06,7071.9,131059344
2008-05-09,7040.79,7040.79,6961.63,7003.17,130042656
2008-05-12,7021.29,7064.6,7006.42,7035.95,61975516
2008-05-13,7062.6,7080.86,7002.37,7060.19,141367120
2008-05-14,7081.72,7101.49,7001.33,7083.24,135234640
2008-05-15,7072.12,7088.67,7037.09,7081.05,137092832
2008-05-16,7103.84,7205.96,7103.84,7156.55,175540848
2008-05-19,7177.02,7231.86,7165.44,7225.94,110316752
2008-05-20,7188.07,7188.98,7108.25,7118.5,117533896
2008-05-21,7129.07,7151.38,7013.13,7040.83,160862928
2008-05-22,7016.21,7090.23,6980.54,7070.33,140538240
2008-05-23,7057.52,7065.9,6934.54,6944.05,130667328
2008-05-26,6923.94,6965.19,6917.61,6953.84,58329216
2008-05-27,6966.05,7006.28,6905.86,6958.66,125582752
2008-05-28,6980.69,7082.26,6955.14,7033.84,167514640
2008-05-29,7055.72,7085.13,7004.7,7055.03,146046400
2008-05-30,7065.79,7124.61,7063.8,7096.79,135334704
2008-06-02,7098.7,7102.05,6995.41,7008.77,102651920
2008-06-03,6986.92,7023.18,6962.38,7019.13,112961904
2008-06-04,6993.69,6994.2,6898.01,6965.43,124183736
2008-06-05,6964.71,7008.93,6905.01,6941.83,129241440
2008-06-06,6966.09,7002.85,6796.28,6803.81,160851440
2008-06-09,6790.18,6839.32,6762.73,6815.63,134748848
2008-06-10,6789.28,6798.58,6715.98,6771.1,141227744
2008-06-11,6781.88,6812.88,6637.75,6650.26,160825120
2008-06-12,6647.6,6733.12,6647.6,6714.52,152036368
2008-06-13,6649.62,6777.87,6649.62,6765.32,138997104
2008-06-16,6773.43,6812.66,6671.8,6729.88,114365744
2008-06-17,6743.5,6855.84,6743.48,6796.16,126669024
2008-06-18,6795.18,6796.77,6705.75,6728.91,129189840
2008-06-19,6704.22,6765.1,6662.46,6721.17,141452768
2008-06-20,6730.52,6765.8,6547.4,6578.44,302160864
2008-06-23,6586.83,6628.72,6572.51,6589.46,136967056
2008-06-24,6588.06,6617.16,6444.3,6536.06,188480688
2008-06-25,6551.66,6628.62,6547.71,6617.84,134741408
2008-06-26,6551.66,6578.45,6448.12,6459.6,155821840
2008-06-27,6449.04,6464.9,6348.03,6421.91,167525920
2008-06-30,6423.37,6446.54,6308.24,6418.32,151971200
2008-07-01,6394.08,6405.43,6260.33,6315.94,216006896
2008-07-02,6319.6,6395.97,6295.45,6305.42,199060384
2008-07-03,6262.98,6392.08,6200.56,6353.74,203908912
2008-07-04,6360.7,6374.84,6255.16,6272.21,98812264
2008-07-07,6312.32,6416.24,6286.67,6395.75,115661064
2008-07-08,6314.17,6332.01,6226.74,6304.41,190410864
2008-07-09,6330.69,6397.82,6330.69,6386.46,156252912
2008-07-10,6338.63,6384.64,6254.31,6305,157657552
2008-07-11,6310.17,6332.11,6139.74,6153.3,182436736
2008-07-14,6184.65,6254.15,6184.54,6200.25,130115944
2008-07-15,6154.89,6164.73,6006.58,6081.7,209058608
2008-07-16,6100.62,6177.03,5999.32,6155.37,200129712
2008-07-17,6177.07,6318.34,6177.07,6271.27,225875120
2008-07-18,6261.48,6396.3,6236.94,6382.65,207276640
2008-07-21,6381.44,6484.29,6342.82,6424.84,113619040
2008-07-22,6395.06,6449.88,6322.03,6442.79,187223776
2008-07-23,6486.05,6562.26,6485.05,6536.09,173668704
2008-07-24,6546.17,6577.1,6415.31,6440.7,194819024
2008-07-25,6411.71,6479.96,6331.27,6436.71,183938464
2008-07-28,6428.36,6428.36,6342.32,6351.15,116506520
2008-07-29,6302.88,6425.45,6264.74,6398.8,173752528
2008-07-30,6406.03,6505.05,6396.14,6460.12,140082864
2008-07-31,6467.86,6540.45,6428.49,6479.56,155397408
2008-08-01,6461.01,6489.69,6378.55,6396.46,131564816
2008-08-04,6403.3,6403.53,6322.01,6349.81,109583672
2008-08-05,6356.4,6532.09,6342.93,6518.7,174079632
2008-08-06,6531.55,6568.79,6496.17,6561.39,157899600
2008-08-07,6542.96,6620.77,6520.79,6543.49,138350640
2008-08-08,6537.54,6586.1,6442.85,6561.65,144950816
2008-08-11,6570.52,6612.86,6557.44,6609.63,123059288
2008-08-12,6601.7,6626.7,6545.24,6585.87,121877656
2008-08-13,6562.97,6566.62,6417.33,6422.19,165120992
2008-08-14,6450.73,6481.28,6369.58,6442.21,125922640
2008-08-15,6460.22,6513.92,6394.39,6446.02,129854360
2008-08-18,6436.14,6485.91,6374.95,6432.88,83530216
2008-08-19,6398.83,6401.21,6268.73,6282.43,135725104
2008-08-20,6297.83,6336.79,6262.49,6317.8,103231816
2008-08-21,6290.32,6293.48,6219.1,6236.96,121771128
2008-08-22,6243.53,6355.96,6229.19,6342.42,111120728
2008-08-25,6332.94,6361.55,6289.11,6296.95,63675668
2008-08-26,6287.81,6370.53,6238.07,6340.52,108987584
2008-08-27,6336.35,6346.53,6252.13,6321.03,122328928
2008-08-28,6313.91,6456.18,6265.43,6420.54,144840928
2008-08-29,6427.86,6457.93,6401.22,6422.3,109153440
2008-09-01,6400.85,6448.98,6341.1,6421.8,107796016
2008-09-02,6416.85,6553.9,6379.03,6518.47,172777584
2008-09-03,6488.12,6519.21,6439.91,6467.49,120806464
2008-09-04,6477.2,6482.16,6263.08,6279.57,161594112
2008-09-05,6247.64,6253.4,6095.56,6127.44,198012400
2008-09-08,6262.34,6356.8,6241.26,6263.74,191563664
2008-09-09,6258.26,6327.18,6199.11,6233.41,177757648
2008-09-10,6225.3,6254.4,6160.55,6210.32,164771824
2008-09-11,6192.61,6202.17,6086.3,6178.9,154276224
2008-09-12,6206.97,6256.25,6159.51,6234.89,163676816
2008-09-15,6138.42,6138.42,5942.14,6064.16,325805120
2008-09-16,6017.47,6024.05,5858.57,5965.17,358120672
2008-09-17,5977.68,6035.51,5825.24,5860.98,276898080
2008-09-18,5875.05,5967.29,5812.77,5863.42,296903488
2008-09-19,5986.94,6220.29,5982.3,6189.53,492149440
2008-09-22,6188.58,6235.13,6106.11,6107.75,186483456
2008-09-23,6091.85,6123.48,6033.75,6068.53,181686880
2008-09-24,6071.32,6109.1,6013.71,6052.87,130185744
2008-09-25,6057.61,6188.43,6049.85,6173.03,144900080
2008-09-26,6118.13,6118.13,6001.01,6063.5,143277376
2008-09-29,6010.1,6015.59,5802.51,5807.08,213856112
2008-09-30,5728.3,5836.77,5658.2,5831.02,280713536
2008-10-01,5865.08,5866.4,5746.82,5806.33,204641792
2008-10-02,5794.1,5876.93,5630.46,5660.63,224027888
2008-10-03,5682.33,5831.97,5617.81,5797.03,193519744
2008-10-06,5606.07,5606.07,5292.84,5387.01,2432737024
2008-10-07,5450.38,5502.33,5300.3,5326.63,301573696
2008-10-08,5237.11,5319.15,4870.2,5013.62,320199264
2008-10-09,5054.9,5153.53,4803.62,4887,281796672
2008-10-10,4594.53,4653.98,4308,4544.31,458408096
2008-10-13,4642.02,5062.45,4641.38,5062.45,320643328
2008-10-14,5135.14,5383.79,5095.12,5199.19,294889280
2008-10-15,5187.39,5192.13,4790.68,4861.63,269198464
2008-10-16,4675.9,4890.78,4521.91,4622.81,307334624
2008-10-17,4757.98,4835.9,4576.58,4781.33,325195232
2008-10-20,4891.76,4941.19,4754.27,4835.01,192822784
2008-10-21,4882.8,4909.64,4736.22,4784.41,175523424
2008-10-22,4739.74,4740.31,4535.64,4571.07,191732928
2008-10-23,4559.71,4576.87,4364.2,4519.7,201491920
2008-10-24,4362.79,4362.93,4014.6,4295.67,286958432
2008-10-27,4143.45,4486.13,4062.77,4334.64,287962048
2008-10-28,4314.91,4823.45,4314.91,4823.45,482843520
2008-10-29,4460.26,4885.85,4460.26,4808.69,365780096
2008-10-30,4894.14,5042.49,4827.27,4869.3,251166576
2008-10-31,4856.02,5066.81,4785.11,4987.97,227303248
2008-11-03,5053.94,5089.54,4967.94,5026.84,173679936
2008-11-04,5018.83,5302.57,4993.1,5278.04,201108272
2008-11-05,5268.8,5271.91,5142.85,5166.87,158799008
2008-11-06,5101.98,5101.98,4781.51,4813.57,201230384
2008-11-07,4827.56,5018.41,4751.24,4938.46,145958512
2008-11-10,5024.43,5135.15,4998.04,5025.53,121306704
2008-11-11,4984.32,4984.32,4742.48,4761.58,159103904
2008-11-12,4801.9,4875.66,4555.44,4620.8,167327040
2008-11-13,4599.64,4713.78,4524.89,4649.52,142433584
2008-11-14,4723.29,4874.16,4695.79,4710.24,139067056
2008-11-17,4700.5,4733.79,4512.21,4557.27,137085728
2008-11-18,4556.48,4607.54,4445.88,4579.47,145021664
2008-11-19,4586.33,4586.69,4337.92,4354.09,185904384
2008-11-20,4274.98,4313.16,4113.49,4220.2,206255232
2008-11-21,4228.31,4296.86,4034.96,4127.41,204209856
2008-11-24,4167.71,4579.07,4154.55,4554.33,211675904
2008-11-25,4521.85,4693.1,4455.3,4560.42,200744464
2008-11-26,4528.55,4612.22,4423.67,4560.5,137166720
2008-11-27,4596.4,4682.91,4589.16,4665.27,118322544
2008-11-28,4666.41,4703.67,4566.84,4669.44,138307936
2008-12-01,4653.12,4667.91,4367.92,4394.79,149138800
2008-12-02,4349.13,4572.18,4304.03,4531.79,170007264
2008-12-03,4508.88,4602.88,4377.63,4567.24,242570128
2008-12-04,4559.98,4732.93,4491.86,4564.23,186889632
2008-12-05,4529.2,4530.7,4321.64,4381.47,176909136
2008-12-08,4548.87,4775.71,4548.87,4715.88,186376800
2008-12-09,4673.52,4850.39,4622.24,4779.11,172239248
2008-12-10,4810.48,4839.14,4742.9,4804.88,142199744
2008-12-11,4791.56,4822.21,4710.04,4767.2,138754912
2008-12-12,4660.05,4699.06,4521.52,4663.37,172964656
2008-12-15,4718.39,4773.32,4627.46,4654.82,115337672
2008-12-16,4663.36,4758.27,4655.87,4729.91,152121424
2008-12-17,4768.71,4784.41,4639.17,4708.38,163026144
2008-12-18,4730.1,4784.72,4715.82,4756.4,132174296
2008-12-19,4720.88,4785.32,4647.13,4696.7,294043520
2008-12-22,4693.66,4701.11,4575.52,4639.02,138374352
2008-12-23,4633.47,4718.6,4622.97,4629.38,106816608
2008-12-29,4660.17,4732.85,4655.91,4704.86,100696992
2008-12-30,4754.22,4810.41,4754.22,4810.2,92359472
2009-01-02,4856.85,4974.73,4838.49,4973.07,91772144
2009-01-05,5010.18,5034.85,4949.36,4983.99,150630528
2009-01-06,4992.67,5111.02,4960.21,5026.31,120803016
2009-01-07,5008.62,5010.97,4914.22,4937.47,137572032
2009-01-08,4897.16,4917.62,4820.08,4879.91,156333888
2009-01-09,4891.58,4932.66,4743.97,4783.89,162262480
2009-01-12,4765.38,4791.96,4708.5,4719.62,116129176
2009-01-13,4704.51,4704.51,4596.49,4636.94,146029568
2009-01-14,4661.84,4670.84,4379.88,4422.35,204723696
2009-01-15,4434.22,4451.32,4295.76,4336.73,184321248
2009-01-16,4395.79,4474.86,4357.82,4366.28,177919520
2009-01-19,4409.88,4452.57,4249.91,4316.14,144559472
2009-01-20,4297.42,4382.11,4222.76,4239.85,163113648
2009-01-21,4208.19,4313.69,4140.26,4261.15,175217456
2009-01-22,4313.36,4368.47,4197.02,4219.42,140286944
2009-01-23,4204,4222.01,4067.43,4178.94,153362320
2009-01-26,4165.71,4371.52,4145.12,4326.87,151593024
2009-01-27,4322.99,4360.79,4264.97,4323.42,128339904
2009-01-28,4347.78,4533.7,4347.78,4518.72,172048640
2009-01-29,4495.74,4501.44,4393.98,4428.11,142050208
2009-01-30,4420.33,4454.39,4312.17,4338.35,145201376
2009-02-02,4309.17,4309.19,4198.15,4271.04,111287152
2009-02-03,4302.52,4385.44,4224.53,4374.96,130716584
2009-02-04,4388.26,4545.52,4372.01,4492.79,139793264
2009-02-05,4443.95,4519.44,4387.78,4510.49,126373328
2009-02-06,4524.8,4657.06,4506.45,4644.63,164838368
2009-02-09,4627.83,4688.59,4596.74,4666.82,145603104
2009-02-10,4636.64,4649.23,4505.54,4505.54,147312912
2009-02-11,4491.72,4539.22,4466.06,4530.09,107647168
2009-02-12,4518.68,4518.68,4371.47,4407.56,130700952
2009-02-13,4458.74,4508.72,4397.6,4413.39,109216464
2009-02-16,4386.46,4421.78,4360.42,4366.64,86113224
2009-02-17,4329.35,4329.7,4195.22,4216.6,144426912
2009-02-18,4229.53,4255.39,4124.11,4204.96,147542544
2009-02-19,4212.71,4275.09,4189.16,4215.21,121869936
2009-02-20,4164.51,4167.05,4014.66,4014.66,173606816
2009-02-23,4057.25,4111.52,3912.71,3936.45,131904208
2009-02-24,3922.02,3932.59,3816.88,3895.75,149828192
2009-02-25,3937.93,3977.77,3790.79,3846.21,152061296
2009-02-26,3882.88,3989.63,3849.76,3942.62,186766592
2009-02-27,3907.85,3907.85,3764.69,3843.74,207658112
2009-03-02,3817.51,3821.97,3692.78,3710.07,153081552
2009-03-03,3724.53,3755.88,3667.86,3690.72,138062864
2009-03-04,3724.74,3891.71,3721.91,3890.94,173156544
2009-03-05,3864.18,3864.18,3695.49,3695.49,156961968
2009-03-06,3699.33,3769.13,3638,3666.41,167749600
2009-03-09,3677.07,3706.32,3588.89,3692.03,146212960
2009-03-10,3716.29,3908.14,3681.33,3886.98,207917024
2009-03-11,3866.74,3994.77,3829.13,3914.1,189317520
2009-03-12,3890.23,3971.25,3802.2,3956.22,168484640
2009-03-13,3988.05,4053.84,3936.81,3953.6,144104080
2009-03-16,3990.83,4063.02,3983.4,4044.54,137356624
2009-03-17,4040.83,4046.42,3947.28,3987.77,131469392
2009-03-18,4024.18,4066.69,3948.59,3996.32,129086232
2009-03-19,4013.69,4137.8,4002.33,4043.46,212257008
2009-03-20,4006.47,4081.73,3995.09,4068.74,288460096
2009-03-23,4109.28,4184.77,4102.34,4176.37,136655712
2009-03-24,4201.49,4239.74,4150.97,4187.36,135154939
2009-03-25,4175.33,4262.23,4139.59,4223.29,139741621
2009-03-26,4226.97,4262.96,4212.64,4259.37,125741314
2009-03-27,4251.86,4272.12,4155.54,4203.55,147529264
2009-03-30,4175.41,4175.45,3987.39,3989.23,129820047
2009-03-31,4007.66,4091.66,4007.22,4084.76,117572044
2009-04-01,4074.79,4148.66,3997.46,4131.07,124646613
2009-04-02,4173.62,4404.62,4173.09,4381.92,187984231
2009-04-03,4353.46,4456.3,4335.09,4384.99,155443013
2009-04-06,4421.71,4457.19,4306.48,4349.81,136176147
2009-04-07,4359.21,4379.33,4276.29,4322.5,108059672
2009-04-08,4286.47,4377.35,4228.89,4357.92,111867925
2009-04-09,4397.06,4510.74,4377.98,4491.12,121186394
2009-04-14,4489.02,4583.91,4461.48,4557.01,132900813
2009-04-15,4527.66,4558.75,4488.26,4549.79,96173705
2009-04-16,4570.34,4644.84,4531.94,4609.46,107720581
2009-04-17,4622.28,4680.63,4590.72,4676.84,170314803
2009-04-20,4655.84,4667.65,4470.84,4486.3,145103125
2009-04-21,4488.63,4542.8,4391.1,4501.63,219951327
2009-04-22,4508.78,4594.88,4456.56,4594.42,188038234
2009-04-23,4565.44,4609.17,4524.48,4538.21,146286686
2009-04-24,4545.25,4674.32,4542.89,4674.32,157380645
2009-04-27,4625.41,4712.03,4571.54,4694.07,133281607
2009-04-28,4659.81,4661.2,4547.9,4607.42,139148006
2009-04-29,4617.01,4722.11,4611.54,4704.56,152123961
2009-04-30,4732.9,4837.05,4710.09,4769.45,184338126
2009-05-04,4790.03,4908.88,4781.97,4902.45,122411739
2009-05-05,4897.4,4928.03,4843.6,4853.03,148649392
2009-05-06,4848.94,4944.84,4827.88,4880.71,154521967
2009-05-07,4898.54,4980.12,4792.3,4804.1,190703967
2009-05-08,4851.52,4965.88,4847.63,4913.9,157562656
2009-05-11,4907.29,4917.73,4832.37,4866.91,120454728
2009-05-12,4836.99,4926.49,4821.53,4854.11,134273084
2009-05-13,4864.67,4880.53,4714.18,4727.61,162330320
2009-05-14,4727.68,4744.18,4653.25,4738.47,125371034
2009-05-15,4757.32,4776.64,4685.18,4737.5,142480926
2009-05-18,4702.81,4858.65,4655.53,4851.96,119092769
2009-05-19,4874.84,5005.18,4874.84,4959.62,151052539
2009-05-20,4954.35,5060.76,4949.85,5038.94,128698370
2009-05-21,4997.49,4997.49,4874.97,4900.67,80316162
2009-05-22,4904.67,4964.68,4869.06,4918.75,79903125
2009-05-25,4936.04,4942.14,4830.01,4918.45,53524062
2009-05-26,4891.29,4994.05,4802.8,4985.6,100105265
2009-05-27,5002.34,5035.51,4963.83,5000.77,98111520
2009-05-28,4958.65,4985.58,4886.17,4932.88,101042788
2009-05-29,4964.91,5009.6,4927.67,4940.82,108185540
2009-06-01,4992.1,5151.1,4991.21,5142.56,87549201
2009-06-02,5116.38,5177.59,5096,5144.06,89683507
2009-06-03,5150.02,5158.33,5036.54,5054.53,82634023
2009-06-04,5059.8,5121,5044.17,5064.8,87357129
2009-06-05,5092.62,5160.25,5047.83,5077.03,97582084
2009-06-08,5060.72,5060.72,4969.96,5004.72,86277330
2009-06-09,5018.41,5064.36,4982.12,4997.86,80871749
2009-06-10,5047.53,5133.4,5034.81,5051.18,91791681
2009-06-11,5039.97,5120.87,5038.03,5107.26,67421425
2009-06-12,5098.01,5108.77,5044.33,5069.24,84704232
2009-06-15,5051.35,5051.35,4886.76,4889.94,93486247
2009-06-16,4899.81,4932.17,4870.2,4890.72,86782343
2009-06-17,4883.06,4886.65,4761.2,4799.98,142924220
2009-06-18,4810.35,4858.67,4768.94,4837.48,119215429
2009-06-19,4844.82,4878.82,4816.12,4839.46,230003230
2009-06-22,4837.28,4846.09,4693.34,4693.4,115639871
2009-06-23,4680.34,4752.86,4669.8,4707.15,100792703
2009-06-24,4728.78,4840.35,4698.19,4836.01,105072580
2009-06-25,4838.04,4838.04,4720.24,4800.56,92935574
2009-06-26,4818.19,4866.8,4756.67,4776.47,82496967
2009-06-29,4768.11,4901.36,4762.61,4885.09,86492248
2009-06-30,4897.46,4905.64,4790.66,4808.64,87875528
2009-07-01,4820.61,4930.35,4818.91,4905.44,109629995
2009-07-02,4891,4891,4718.49,4718.49,109651170
2009-07-03,4738,4748.32,4685.27,4708.21,63433369
2009-07-06,4669.66,4686.9,4611.21,4651.82,79289546
2009-07-07,4663.37,4703.3,4590.69,4598.19,84070982
2009-07-08,4594.87,4630.62,4558,4572.65,90809705
2009-07-09,4600.17,4669.92,4596.32,4630.07,83306787
2009-07-10,4613.12,4644.55,4570.05,4576.31,82052715
2009-07-13,4564.94,4722.34,4524.01,4722.34,92348597
2009-07-14,4734.2,4802.98,4705.91,4781.69,90668924
2009-07-15,4799.25,4928.45,4798.69,4928.44,102802121
2009-07-16,4920.77,4998.68,4904.24,4957.19,93943696
2009-07-17,4980.01,5017.6,4960.65,4978.4,95075261
2009-07-20,5014.5,5063.6,5007.95,5030.15,76344655
2009-07-21,5041.19,5141.36,5027.3,5093.97,79840998
2009-07-22,5098.84,5137.51,5050.4,5121.56,78810840
2009-07-23,5129.22,5258.84,5101.26,5247.28,105835301
2009-07-24,5233.85,5301.91,5202.02,5229.36,94293541
2009-07-27,5277.72,5309.62,5216.49,5251.55,86080786
2009-07-28,5261.9,5304.05,5174.09,5174.74,108897218
2009-07-29,5168.89,5307.82,5159.25,5270.32,104981694
2009-07-30,5293.55,5396.95,5251.5,5374.52,105065646
2009-07-31,5349.14,5383.02,5303.69,5332.14,100150439
2009-08-03,5330.87,5463.32,5309.35,5426.85,96072080
2009-08-04,5418.83,5427.57,5360.44,5417.02,84007705
2009-08-05,5406.38,5451.77,5333.52,5353.01,102562266
2009-08-06,5389.58,5422.02,5340.36,5369.98,108025016
2009-08-07,5366.38,5480.93,5312.78,5458.96,108906369
2009-08-10,5451.79,5452.2,5390.7,5418.12,67740414
2009-08-11,5423.16,5455.18,5272.36,5285.81,91932166
2009-08-12,5283.41,5367.63,5252.15,5350.09,84528604
2009-08-13,5357.77,5455.27,5357.77,5401.11,89351264
2009-08-14,5402.99,5444.13,5289.78,5309.11,85108141
2009-08-17,5296.33,5296.33,5173.84,5201.61,91151951
2009-08-18,5218.09,5250.74,5200.47,5250.74,61695528
2009-08-19,5210.47,5253.71,5158.6,5231.98,67108644
2009-08-20,5261.66,5325.86,5261.66,5311.06,68607410
2009-08-21,5296.01,5478.18,5286.23,5462.74,121266458
2009-08-24,5482.6,5531.76,5481.36,5519.75,77066038
2009-08-25,5472.63,5575.53,5472.63,5557.09,84254378
2009-08-26,5548.77,5572.47,5500.1,5521.97,80952245
2009-08-27,5512.9,5540.43,5432.06,5470.33,84201719
2009-08-28,5512.17,5573.89,5502.46,5517.35,87297569
2009-08-31,5474.62,5495.56,5437.92,5464.61,66438099
2009-09-01,5479.35,5507.48,5327.29,5327.29,113526286
2009-09-02,5325.94,5337.84,5263.11,5319.84,102120327
2009-09-03,5332.5,5364.03,5278.5,5301.42,93785600
2009-09-04,5328.59,5404.3,5320.28,5384.43,102101146
2009-09-07,5400.76,5477.13,5400.76,5463.51,97157946
2009-09-08,5474.69,5502.77,5455.38,5481.73,96498673
2009-09-09,5463.93,5578.15,5450.4,5574.26,128723106
2009-09-10,5596.45,5626.97,5547.37,5594.77,139892627
2009-09-11,5601.65,5653.15,5601.65,5624.02,92751944
2009-09-14,5599.58,5623.74,5532.3,5620.24,88078417
2009-09-15,5637.21,5649.66,5584.53,5628.98,95215656
2009-09-16,5640.99,5713.49,5640.94,5700.26,107986490
2009-09-17,5722.37,5748.24,5703.22,5731.14,113213535
2009-09-18,5711.34,5760.83,5701.04,5703.83,212285188
2009-09-21,5698.53,5698.53,5617.8,5668.65,104796120
2009-09-22,5686.84,5752.7,5686.84,5709.38,86402512
2009-09-23,5705.88,5754.04,5672.08,5702.05,89014285
2009-09-24,5684.49,5741.54,5586.23,5605.21,114810249
2009-09-25,5615.79,5620.13,5559.47,5581.41,100364672
2009-09-28,5595.36,5736.31,5556.27,5736.31,114826299
2009-09-29,5736.79,5755.66,5690.19,5713.52,106598075
2009-09-30,5728.48,5744.59,5619.48,5675.16,145685981
2009-10-01,5681.88,5726.97,5554.25,5554.55,120938881
2009-10-02,5532.65,5536.63,5442.32,5467.9,158971511
2009-10-05,5477.81,5511.64,5440.23,5508.85,98291218
2009-10-06,5518.69,5662.01,5518.69,5657.64,125954321
2009-10-07,5650.25,5690.92,5626.38,5640.75,97079925
2009-10-08,5679.51,5727.87,5666.79,5716.54,111882942
2009-10-09,5701.49,5748.33,5673.69,5711.88,87887649
2009-10-12,5727.31,5814.21,5727.31,5783.23,98308207
2009-10-13,5777.89,5786.92,5695.16,5714.31,99674563
2009-10-14,5756.69,5859.63,5756.65,5854.14,160871289
2009-10-15,5853.45,5869.22,5805.9,5830.77,129856231
2009-10-16,5845.69,5885.78,5731.05,5743.39,144651735
2009-10-19,5761.3,5857.13,5761.3,5852.56,98426836
2009-10-20,5856.13,5888.21,5801.44,5811.77,111809433
2009-10-21,5827.09,5858.19,5736.85,5833.49,135621319
2009-10-22,5805.53,5805.92,5712.82,5762.93,129529681
2009-10-23,5787.98,5848.68,5731.69,5740.25,107383465
2009-10-26,5764.03,5799.42,5624.1,5642.16,113626847
2009-10-27,5652.87,5673.19,5597.63,5635.02,181881273
2009-10-28,5639.64,5646.01,5493.59,5496.27,212582878
2009-10-29,5491.96,5590.22,5461.55,5587.45,163534465
2009-10-30,5593.15,5597.3,5394.8,5414.96,150595880
2009-11-02,5410.61,5472.03,5376.63,5430.82,131292521
2009-11-03,5412.06,5412.06,5312.64,5353.35,139431800
2009-11-04,5378.16,5471,5364.92,5444.23,137122811
2009-11-05,5404.83,5512,5356.13,5480.92,148626900
2009-11-06,5464.55,5526.56,5410.54,5488.25,108334419
2009-11-09,5514.34,5626.15,5514.34,5619.72,93765712
2009-11-10,5627.16,5650.88,5602.55,5613.2,86295972
2009-11-11,5633.09,5705.89,5633.09,5668.35,103333669
2009-11-12,5657.9,5726.38,5632.77,5663.96,92341026
2009-11-13,5661.82,5700.51,5615.68,5686.83,87518414
2009-11-16,5717.46,5812.84,5717.46,5804.82,111930163
2009-11-17,5788.46,5802.32,5760.53,5778.43,91460369
2009-11-18,5793.39,5843.27,5770.66,5787.61,96955116
2009-11-19,5783.91,5791.83,5688.64,5702.18,128750432
2009-11-20,5724.93,5744.53,5638.33,5663.15,138566006
2009-11-23,5689.38,5823.18,5689.38,5801.48,84816360
2009-11-24,5762.57,5814.18,5745.57,5769.31,96559571
2009-11-25,5794.66,5825.87,5753.86,5803.02,97391721
2009-11-26,5785.09,5785.12,5596.98,5614.17,120190822
2009-11-27,5580.52,5718.53,5519.48,5685.61,129094395
2009-11-30,5691.84,5718.34,5607.82,5625.95,104878598
2009-12-01,5653.88,5776.61,5653.08,5776.61,116641337
2009-12-02,5771.5,5813.23,5752.26,5781.68,108839939
2009-12-03,5805.14,5852.87,5754.98,5770.35,109119663
2009-12-04,5752.86,5858.89,5724.27,5817.65,109755470
2009-12-07,5812.11,5812.69,5743.17,5784.75,77601219
2009-12-08,5764.3,5809.8,5659.4,5688.58,113759426
2009-12-09,5673.2,5712.19,5605.43,5647.84,97013736
2009-12-10,5646.65,5741.8,5636.96,5709.02,80024676
2009-12-11,5714.43,5793.07,5714.43,5756.29,94585380
2009-12-14,5803.2,5827.25,5778.83,5802.26,76594089
2009-12-15,5815.83,5828.24,5752.21,5811.34,79655262
2009-12-16,5812.88,5903.43,5812.19,5903.43,120515485
2009-12-17,5884.16,5891.37,5833.9,5844.44,114041294
2009-12-18,5846.97,5900.62,5829.64,5831.21,221922616
2009-12-21,5841.81,5936.27,5841.69,5930.53,101193632
2009-12-22,5939.2,5981.98,5929.67,5945.69,82250740
2009-12-23,5966.11,5988.28,5935.14,5957.44,61441425
2009-12-28,5977.99,6011.28,5977.99,6002.92,38109410
2009-12-29,6010.92,6026.69,6001.22,6011.55,47193985
2009-12-30,6002.29,6008.75,5949.45,5957.43,35378695
2010-01-04,5975.52,6048.3,5974.43,6048.3,104762719
2010-01-05,6043.94,6058.02,6015.67,6031.86,117172408
2010-01-06,6032.39,6047.57,5997.09,6034.33,107895259
2010-01-07,6016.8,6037.57,5961.25,6019.36,133064488
2010-01-08,6028.62,6053.04,5972.24,6037.61,125441343
2010-01-11,6057.93,6094.26,6031.14,6040.5,102871645
2010-01-12,6039.39,6055.56,5924.72,5943,128661908
2010-01-13,5937.17,5974.44,5925.24,5963.14,113438243
2010-01-14,5999.08,6009.91,5951.69,5988.88,114835207
2010-01-15,5996.56,6025.36,5866.84,5875.97,155362253
2010-01-18,5897.63,5922.93,5877.65,5918.55,79256497
2010-01-19,5905.33,5988.8,5849.67,5976.48,111885044
2010-01-20,5963.71,5972.77,5832.09,5851.53,117554993
2010-01-21,5878.24,5908.85,5742.45,5746.97,137822496
2010-01-22,5735.68,5740.87,5639.49,5695.32,176676296
2010-01-25,5662.85,5693.86,5624.58,5631.37,121717445
2010-01-26,5593.94,5675.96,5574.46,5668.93,140394952
2010-01-27,5643.52,5673.73,5589.01,5643.2,142731303
2010-01-28,5687.1,5718.81,5540.33,5540.33,184405187
2010-01-29,5566.03,5657.87,5556.19,5608.79,206427520
2010-02-01,5587.5,5674.21,5567.72,5654.48,129980080
2010-02-02,5664.25,5723.2,5624.61,5709.66,136775203
2010-02-03,5715.16,5733.71,5656.9,5672.09,132726082
2010-02-04,5671.17,5696.94,5522.57,5533.24,169315794
2010-02-05,5515.69,5527,5433.02,5434.34,235058628
2010-02-08,5476.47,5505.06,5434.4,5484.85,137162778
2010-02-09,5485.31,5537.97,5461.51,5498.26,129828609
2010-02-10,5533.71,5592.27,5505.37,5536.37,131401804
2010-02-11,5562.83,5580.77,5454.07,5503.93,121396277
2010-02-12,5550.45,5565.43,5460.05,5500.39,113664573
2010-02-15,5525.74,5547.14,5502.49,5511.1,61355435
2010-02-16,5573.07,5592.12,5498.07,5592.12,105785683
2010-02-17,5640.17,5682.36,5634.98,5648.34,121702108
2010-02-18,5645.63,5691.6,5626.08,5680.41,124587865
2010-02-19,5627.26,5729.58,5626.57,5722.05,121180193
2010-02-22,5741,5743.89,5683.61,5688.44,94229576
2010-02-23,5715.63,5732.14,5584.47,5604.07,137593664
2010-02-24,5622.31,5639.71,5572.25,5615.51,130251728
2010-02-25,5562.7,5655.75,5518.27,5532.33,149687837
2010-02-26,5588.99,5605.1,5530.19,5598.46,114159305
2010-03-01,5652.85,5717.72,5641.18,5713.51,97725785
2010-03-02,5728.28,5780.14,5709.74,5776.56,116279664
2010-03-03,5759.22,5828.8,5750.3,5817.88,104056624
2010-03-04,5773.86,5823.11,5767.65,5795.32,102872956
2010-03-05,5816.19,5880.25,5808.36,5877.36,110914226
2010-03-08,5891.74,5894.19,5865.44,5875.91,86072116
2010-03-09,5872.57,5900.16,5838.17,5885.89,96715188
2010-03-10,5882.76,5951.93,5874.75,5936.72,97680652
2010-03-11,5913.17,5954.55,5906.84,5928.63,90279730
2010-03-12,5944.57,5989.88,5934.15,5945.11,116640151
2010-03-15,5933.63,5953.19,5898.22,5903.56,85113856
2010-03-16,5935.19,5991.11,5930.34,5970.99,95903341
2010-03-17,5999.31,6035.95,5991.21,6024.28,116892043
2010-03-18,6005.29,6039.39,5995.68,6012.31,100310750
2010-03-19,6031.73,6041.95,5956.65,5982.43,240776505
2010-03-22,5960.85,5987.5,5910.85,5987.5,103660215
2010-03-23,5987.09,6030.94,5981.35,6017.27,101688829
2010-03-24,6038,6044.64,5964.76,6039,132080180
2010-03-25,6043.84,6139.5,6038.05,6132.95,134304732
2010-03-26,6125.87,6135.95,6105.67,6120.05,104370875
2010-03-29,6150.17,6172.85,6128.21,6156.85,92953298
2010-03-30,6187.64,6203.5,6135.51,6142.45,111389909
2010-03-31,6139.4,6162.18,6108.23,6153.55,106883492
2010-04-01,6189.38,6238.57,6186.59,6235.56,92274743
2010-04-06,6250.01,6265.32,6214.18,6252.21,90796081
2010-04-07,6248.37,6256.4,6208.52,6222.41,89347484
2010-04-08,6199.94,6207.14,6138.02,6171.83,102625064
2010-04-09,6226.26,6254.49,6216.6,6249.7,91850253
2010-04-12,6283.81,6285.03,6223.78,6250.69,113006713
2010-04-13,6236.28,6251.46,6199.71,6230.83,98670033
2010-04-14,6269.48,6305.15,6249.92,6278.4,119609342
2010-04-15,6286.63,6310.76,6249.74,6291.45,108953700
2010-04-16,6264.65,6305.4,6162.84,6180.9,195883465
2010-04-19,6158.6,6190.86,6140.38,6162.44,133583524
2010-04-20,6193.5,6267.54,6172.57,6264.23,133489171
2010-04-21,6280.54,6281.38,6229.18,6230.38,149364760
2010-04-22,6229.23,6286.36,6141.07,6168.72,174051976
2010-04-23,6192.62,6287.54,6170.39,6259.53,124505954
2010-04-26,6317.13,6341.52,6299.58,6332.1,115432417
2010-04-27,6332.4,6333,6159.51,6159.51,159970783
2010-04-28,6141.01,6159.02,6024.01,6084.34,241133322
2010-04-29,6110.56,6159.41,6073.37,6144.91,194408785
2010-04-30,6155.57,6205.72,6085.62,6135.7,196569393
2010-05-03,6122.76,6190.07,6089.93,6166.92,112972168
2010-05-04,6176.24,6197,5995.43,6006.86,229250544
2010-05-05,6021.06,6031.09,5929.35,5958.45,235306354
2010-05-06,5919.94,6009.48,5884.39,5908.26,283585218
2010-05-07,5790.67,5905.35,5655.18,5715.09,321885418
2010-05-10,5814.41,6017.91,5805.98,6017.91,280850433
2010-05-11,5922.03,6042.11,5918.14,6037.71,169545544
2010-05-12,6026.06,6217.24,6006.31,6183.49,186580671
2010-05-13,6240.67,6276.8,6196.89,6251.97,120538742
2010-05-14,6226.49,6233.71,6014.78,6056.71,173391067
2010-05-17,6029.91,6151.54,6026.32,6066.92,144987960
2010-05-18,6144.08,6181.26,6113.87,6155.93,122109604
2010-05-19,6091.85,6124.81,5972.17,5988.67,185439332
2010-05-20,6023.11,6043.84,5780.73,5867.88,192604581
2010-05-21,5835.22,5872.65,5689.18,5829.25,341947108
2010-05-24,5858.45,5872.07,5733.57,5805.68,91354038
2010-05-25,5659.59,5690.25,5607.68,5670.04,193420800
2010-05-26,5735.46,5828.37,5721.02,5758.02,172251031
2010-05-27,5735.46,5952.21,5721.02,5937.14,180622995
2010-05-28,5962.84,5980.78,5927.31,5946.18,104017994
2010-05-31,5933.58,5993.94,5931.2,5964.33,45852646
2010-06-01,5943.94,6012.04,5833.61,5981.27,127463812
2010-06-02,5923.48,5992.21,5869.35,5981.2,99316184
2010-06-03,6075.68,6101.83,6046.38,6054.63,85109549
2010-06-04,6081.47,6114.58,5912.9,5938.88,131208764
2010-06-07,5876.48,5954.47,5851.93,5904.95,117564980
2010-06-08,5916.86,5922.95,5798.76,5868.55,163228686
2010-06-09,5895.94,5993.93,5832.97,5984.75,115040452
2010-06-10,5959.11,6089.43,5925.06,6056.59,131094733
2010-06-11,6082.9,6084.7,5983.27,6047.83,132370278
2010-06-14,6113.46,6137.25,6093.38,6125,96620889
2010-06-15,6089.32,6194.25,6089.32,6175.05,118277028
2010-06-16,6203.01,6207.3,6143.18,6190.91,120767096
2010-06-17,6181.77,6241.36,6164.99,6223.54,112716279
2010-06-18,6223.88,6256.55,6189.71,6216.98,260008979
2010-06-21,6320.41,6330.81,6263.41,6292.97,92615826
2010-06-22,6254.86,6295.58,6216.39,6269.04,86801710
2010-06-23,6219.2,6271.85,6178.84,6204.52,96947953
2010-06-24,6232.38,6235.48,6097.01,6115.48,113903578
2010-06-25,6116.23,6149.87,6039.56,6070.6,101546538
2010-06-28,6097.37,6168.99,6059.83,6157.22,81583540
2010-06-29,6061.68,6068.82,5935.35,5952.03,122001128
2010-06-30,5972.26,6001.03,5938.2,5965.52,110273901
2010-07-01,5885.61,5953.84,5827.25,5857.43,133033350
2010-07-02,5885.22,5941.22,5833.12,5834.15,103990635
2010-07-05,5853.75,5861.05,5809.37,5816.2,58955359
2010-07-06,5847.47,5995.64,5842.07,5940.98,104933425
2010-07-07,5896.18,5997.82,5848.66,5992.86,117657711
2010-07-08,6025.86,6057.52,6006.68,6035.66,108891953
2010-07-09,6070.47,6078.56,6039.31,6065.24,82687945
2010-07-12,6079.95,6119.7,6061.84,6077.19,68496731
2010-07-13,6078.34,6200.82,6076.14,6191.13,117515902
2010-07-14,6215.23,6226.54,6161.13,6209.76,97857762
2010-07-15,6187.78,6248.07,6127.36,6149.36,114225246
2010-07-16,6165.51,6205.44,6018.64,6040.27,143885163
2010-07-19,6034.87,6083.12,5993.55,6009.11,80327502
2010-07-20,6039.16,6052.51,5906.04,5967.49,92837266
2010-07-21,6011.72,6060.49,5976.92,5990.38,79687609
2010-07-22,5971.09,6148.13,5961.86,6142.15,100967921
2010-07-23,6125.26,6190.24,6112.5,6166.34,85493012
2010-07-26,6201.02,6201.14,6131.91,6194.21,73220117
2010-07-27,6211.1,6253.64,6189.96,6207.31,134573900
2010-07-28,6238.71,6249.16,6147.57,6178.94,102638182
2010-07-29,6202.78,6243.42,6124.45,6134.7,111252374
2010-07-30,6123.41,6184.54,6059.19,6147.97,101279585
2010-08-02,6187.64,6304.26,6182.68,6292.13,104820953
2010-08-03,6279.95,6310.32,6265.61,6307.91,99281869
2010-08-04,6287.65,6361.67,6264.28,6331.33,99509514
2010-08-05,6332.82,6382.56,6321.38,6333.58,117072751
2010-08-06,6361.09,6386.97,6244.69,6259.63,111202894
2010-08-09,6326.62,6356.41,6318.12,6351.6,70334832
2010-08-10,6315.87,6333.25,6247.62,6286.25,83815531
2010-08-11,6234.6,6236.57,6143.58,6154.07,107362019
2010-08-12,6141.9,6173.42,6097.72,6135.17,113104102
2010-08-13,6163.11,6168.71,6068.82,6110.41,98258925
2010-08-16,6132.78,6156.57,6062.29,6110.57,74503333
2010-08-17,6125.32,6215.35,6123.79,6206.4,87901074
2010-08-18,6183.12,6216.55,6155.51,6186.31,76996223
2010-08-19,6216.33,6229.46,6070.83,6075.13,105084231
2010-08-20,6079.91,6097.35,5999.63,6005.16,107089470
2010-08-23,6017.19,6055.23,5995.37,6010.91,66569284
2010-08-24,5962.87,5975.83,5869.3,5935.44,97950225
2010-08-25,5925.48,5954.96,5837.9,5899.5,107848981
2010-08-26,5937.27,5948.91,5896.52,5912.58,90854846
2010-08-27,5899.99,5957.32,5845.49,5951.17,117064941
2010-08-30,5973.48,5978.19,5889.84,5912.41,57737980
2010-08-31,5846.03,5925.81,5833.51,5925.22,102991467
2010-09-01,5936.94,6087.94,5876.43,6083.9,119785830
2010-09-02,6071.56,6104.09,6052.55,6083.85,96113489
2010-09-03,6091.66,6178.01,6088.26,6134.62,94990518
2010-09-06,6156.29,6164.93,6140.98,6155.04,63508475
2010-09-07,6136.92,6138.93,6083.2,6117.89,81983277
2010-09-08,6099.33,6180.38,6062.65,6164.44,108640339
2010-09-09,6141.84,6233.07,6133.99,6221.52,102017174
2010-09-10,6186.22,6224.65,6182.56,6214.77,94002845
2010-09-13,6258.51,6290.87,6231.52,6261.68,93974076
2010-09-14,6261.78,6287.78,6231.38,6275.41,112788750
2010-09-15,6282.52,6288.2,6227.2,6261.87,104880749
2010-09-16,6255.14,6281.1,6233.97,6249.65,96808792
2010-09-17,6297.93,6321.2,6185.74,6209.76,232899510
2010-09-20,6231.28,6301.63,6219.85,6294.58,96805832
2010-09-21,6281.07,6339.97,6275.98,6275.98,130949564
2010-09-22,6286.33,6297.4,6192.43,6208.33,133906451
2010-09-23,6252.31,6263.74,6129.44,6184.71,117864906
2010-09-24,6173.89,6310.28,6146.42,6298.3,114746448
2010-09-27,6307.87,6324.09,6272.17,6278.89,86116569
2010-09-28,6258.2,6311.92,6197.96,6276.09,109270135
2010-09-29,6296.28,6326.34,6223.14,6246.92,120081770
2010-09-30,6214.02,6339.36,6204.69,6229.02,137412331
2010-10-01,6244.06,6293.09,6187.22,6211.34,125509221
2010-10-04,6205,6210.25,6128.54,6134.21,90481312
2010-10-05,6132.12,6233.45,6115.87,6215.83,106588168
2010-10-06,6248.81,6289.56,6242.52,6270.73,111931030
2010-10-07,6278.61,6321.79,6233.14,6276.25,97564708
2010-10-08,6269.48,6295.09,6239.43,6291.67,124534189
2010-10-11,6308.43,6325.31,6289.36,6309.51,79123953
2010-10-12,6257.03,6316.77,6228.39,6304.57,99634254
2010-10-13,6339.76,6456.27,6335.22,6434.52,148838890
2010-10-14,6446.32,6485.71,6445.32,6455.27,110051491
2010-10-15,6478,6512.78,6438.78,6492.3,137125808
2010-10-18,6465.83,6533.83,6462.59,6516.63,91058475
2010-10-19,6508.36,6544.79,6472.18,6490.69,101370609
2010-10-20,6470.3,6527.85,6461.48,6524.55,95159747
2010-10-21,6514.99,6621.84,6504.66,6611.01,95687746
2010-10-22,6594.9,6623.94,6586.4,6605.84,67471092
2010-10-25,6645.45,6668.54,6625.83,6639.21,75741985
2010-10-26,6634.24,6645.7,6580.28,6613.8,95124437
2010-10-27,6591.24,6629.13,6553.25,6568,117914523
2010-10-28,6600.28,6644.61,6576.02,6595.28,104323091
2010-10-29,6585.97,6630.98,6569.25,6601.37,93680308
2010-11-01,6637.09,6670.9,6586.01,6604.86,75385248
2010-11-02,6600.41,6668.93,6597.46,6654.31,71574419
2010-11-03,6666.07,6682.91,6604.75,6617.8,82909581
2010-11-04,6677.78,6757.29,6676.42,6734.69,130036953
2010-11-05,6743.56,6775.17,6712.47,6754.2,111691732
2010-11-08,6746.44,6759.41,6728.35,6750.5,98820667
2010-11-09,6742.05,6810.86,6736.63,6787.81,109749653
2010-11-10,6759.59,6783.69,6684.22,6719.84,132576761
2010-11-11,6747.8,6750.39,6700.47,6723.41,107481971
2010-11-12,6650.92,6758.59,6617.97,6734.61,117494916
2010-11-15,6705.13,6812.96,6679.69,6790.17,95231841
2010-11-16,6751.13,6772.01,6663.15,6663.24,131974986
2010-11-17,6658.99,6705.19,6653.57,6700.07,85428279
2010-11-18,6765.7,6835.54,6754.4,6832.11,99615627
2010-11-19,6841.37,6854.09,6794.43,6843.55,107514834
2010-11-22,6892.02,6901.93,6805.97,6822.05,96805163
2010-11-23,6791.75,6827.83,6705,6705,115849941
2010-11-24,6740.61,6833.7,6701.98,6823.8,118626141
2010-11-25,6834.68,6885.81,6823.19,6879.66,84547482
2010-11-26,6842.39,6871.71,6778.6,6848.98,101948645
2010-11-29,6867.77,6907.61,6697.97,6697.97,123908810
2010-11-30,6732.59,6763.52,6655.94,6688.49,132333683
2010-12-01,6748.36,6868.81,6736.69,6866.63,121565407
2010-12-02,6895.77,6958.69,6840.65,6957.61,130561578
2010-12-03,6947.31,6977.91,6914.5,6947.72,103221876
2010-12-06,6970.24,6971.95,6926.57,6954.38,84507173
2010-12-07,6987.88,7042.67,6962.1,7001.91,112763614
2010-12-08,6976.19,7013.53,6956.67,6975.87,89053118
2010-12-09,7017.99,7021.31,6947.9,6964.16,141055019
2010-12-10,6987.69,7018.11,6973.32,7006.17,98519277
2010-12-13,7027.58,7044.87,7017.6,7029.39,72037546
2010-12-14,7024.79,7032.65,7011.14,7027.4,75982466
2010-12-15,7007.49,7029.74,6964.13,7016.37,93677739
2010-12-16,7012.99,7033.03,6991.69,7024.4,78306522
2010-12-17,7042.83,7043.15,6980.18,6982.45,188705858
2010-12-20,7000.38,7068.56,6992.67,7018.6,73899439
2010-12-21,7045.25,7087.84,7042.98,7077.99,66695104
2010-12-22,7079.22,7084.1,7067.71,7067.92,62437971
2010-12-23,7083.08,7083.08,7042.58,7057.69,42131166
2010-12-27,7055.32,7056.34,6943.05,6970.73,44519624
2010-12-28,6984.85,6990.81,6957.65,6972.1,32268781
2010-12-29,6989.54,7008.31,6981.79,6995.47,39088925
2010-12-30,6996.56,7008.12,6897.22,6914.19,43679802
2011-01-03,6973.39,7026.62,6969.83,6989.74,61893159
2011-01-04,6979.68,7025.86,6952.02,6975.35,87665626
2011-01-05,6966.08,6967.24,6842.9,6939.82,117141934
2011-01-06,6949.48,7047.59,6949.07,6981.39,91236357
2011-01-07,6991.55,7010.89,6939.88,6947.84,92626858
2011-01-10,6920.36,6941.39,6835.74,6857.06,93167865
2011-01-11,6879.39,6951.19,6860.52,6941.57,115258129
2011-01-12,6958.84,7070.4,6958.5,7068.78,122555684
2011-01-13,7075.54,7084.07,7036.09,7075.11,160361356
2011-01-14,7055.42,7083.02,7015.35,7075.7,125089002
2011-01-17,7072.75,7087.43,7055.83,7078.06,79250925
2011-01-18,7100.48,7156.25,7099.12,7143.45,121727283
2011-01-19,7163.37,7165,7077.23,7082.76,110001948
2011-01-20,7074.89,7084.24,7008.62,7024.27,154426695
2011-01-21,7047.7,7122.89,7023.69,7062.42,173919172
2011-01-24,7080.78,7089.62,7000.41,7067.77,121571558
2011-01-25,7096.84,7102.08,7043.64,7059.01,122874787
2011-01-26,7092.89,7160.86,7087.25,7127.35,109512324
2011-01-27,7120.64,7180.15,7114.35,7155.58,113476485
2011-01-28,7155.47,7177.23,7102.8,7102.8,96018223
2011-01-31,7094.56,7107.37,7033.09,7077.48,92545937
2011-02-01,7133.34,7190.75,7105.31,7184.27,116634794
2011-02-02,7202.62,7222.13,7160.36,7183.67,113826237
2011-02-03,7175.75,7198.98,7144.08,7193.68,104647094
2011-02-04,7216.66,7226.64,7186.24,7216.21,93757085
2011-02-07,7222.05,7287.66,7214.05,7283.62,92812313
2011-02-08,7274.17,7325.03,7272.8,7323.24,98214050
2011-02-09,7319.12,7350.78,7310.44,7320.9,81413749
2011-02-10,7322.62,7340.87,7269.53,7340.28,105048339
2011-02-11,7320.07,7390.48,7283.87,7371.2,95662265
2011-02-14,7403.83,7424.36,7378.41,7396.63,69247592
2011-02-15,7397.68,7420.69,7376.24,7400.04,101297707
2011-02-16,7414.23,7438.42,7399.82,7414.3,122101003
2011-02-17,7429,7434.93,7364.04,7405.51,111656989
2011-02-18,7422.11,7427.3,7379.94,7426.81,121930981
2011-02-21,7412.06,7441.82,7310.69,7321.81,100625423
2011-02-22,7293.11,7350.95,7259.67,7318.35,120968874
2011-02-23,7295.12,7310.73,7183.3,7194.6,117520760
2011-02-24,7134.7,7156.05,7093.91,7130.5,137105117
2011-02-25,7139.88,7194.02,7130.15,7185.17,113634692
2011-02-28,7173.59,7305.49,7148.94,7272.32,101240574
2011-03-01,7309.8,7356.33,7193.78,7223.3,111907943
2011-03-02,7169.04,7202.58,7122.69,7181.12,110844060
2011-03-03,7225.23,7294.04,7191.14,7225.96,92527443
2011-03-04,7262.54,7311.25,7157.12,7178.9,94540576
2011-03-07,7137.81,7270.81,7127.31,7161.93,84051003
2011-03-08,7211.06,7222.16,7072.47,7164.75,141459201
2011-03-09,7177.55,7217.54,7109.26,7131.8,127471231
2011-03-10,7078.69,7109.41,7021.95,7063.09,128936231
2011-03-11,7002.26,7014.02,6963.31,6981.49,136808628
2011-03-14,6896.31,6946.44,6847.94,6866.63,158241456
2011-03-15,6668.99,6714.83,6483.39,6647.66,272484040
2011-03-16,6696.31,6733.03,6501.85,6513.84,194617022
2011-03-17,6557.85,6692.83,6517.18,6656.88,141334508
2011-03-18,6715.17,6761.31,6655.69,6664.4,243705795
2011-03-21,6782.3,6829.75,6781.3,6816.12,214704739
2011-03-22,6823.08,6826.03,6765.06,6780.97,117257607
2011-03-23,6749.18,6807.38,6720.02,6804.45,93178229
2011-03-24,6798.08,6941.72,6787.04,6933.58,100643087
2011-03-25,6971.77,6985.25,6920.57,6946.36,78095311
2011-03-28,6931.86,6981.19,6915.58,6938.63,70328906
2011-03-29,6952.51,6960.16,6867.42,6934.44,91399770
2011-03-30,7010.77,7065.27,7002.77,7057.15,97750220
2011-03-31,7068.29,7079.76,7041.31,7041.31,94596758
2011-04-01,7086.56,7192.38,7086.56,7179.81,103281894
2011-04-04,7178.59,7200.26,7168.24,7175.33,79269784
2011-04-05,7174.69,7186.35,7129.41,7175.31,104322578
2011-04-06,7197.37,7242.69,7157.68,7215.11,153818365
2011-04-07,7212.46,7241.09,7175.35,7178.78,125928045
2011-04-08,7226.79,7232.87,7195.44,7217.02,117232375
2011-04-11,7215.34,7224.74,7157.33,7204.86,108138932
2011-04-12,7131.44,7177.74,7089.17,7102.91,147603098
2011-04-13,7135.21,7201.12,7122.51,7177.97,182464867
2011-04-14,7160.99,7184.93,7099.66,7146.56,134223271
2011-04-15,7166.98,7193.38,7144.96,7178.29,187053264
2011-04-18,7165.99,7174.75,6994.56,7026.85,163927556
2011-04-19,7050.85,7078.79,7027.04,7039.31,130648600
2011-04-20,7137.1,7261.26,7136.74,7249.19,142610327
2011-04-21,7294.58,7316.53,7280.1,7295.49,115546552
2011-04-26,7288.77,7359.97,7278.52,7356.51,83584911
2011-04-27,7374.11,7428.72,7361.24,7404.95,107730984
2011-04-28,7450.57,7480.33,7426.62,7475.22,138731287
2011-04-29,7475,7514.69,7461.53,7514.46,91918499
2011-05-02,7570.86,7600.41,7527.64,7527.64,92276231
2011-05-03,7518.6,7523.68,7446.83,7500.7,142236906
2011-05-04,7475.18,7534.26,7355.4,7373.93,182273447
2011-05-05,7416.38,7423.96,7291.39,7376.96,194776628
2011-05-06,7391.04,7501.63,7362.55,7492.25,175803709
2011-05-09,7461.35,7489.09,7379.97,7410.52,121918870
2011-05-10,7446.44,7533.86,7423.33,7501.52,107863877
2011-05-11,7526.56,7566.41,7469.63,7495.05,118539567
2011-05-12,7438.02,7443.95,7356.76,7443.95,154679334
2011-05-13,7486.2,7511.09,7391.14,7403.31,136905907
2011-05-16,7348.12,7402.52,7284.96,7387.54,154713263
2011-05-17,7346.81,7368.32,7253.89,7256.65,117671336
2011-05-18,7325.85,7340.54,7261.29,7303.53,94210117
2011-05-19,7360.47,7415.65,7316.74,7358.23,124046726
2011-05-20,7372.18,7410.31,7228.13,7266.82,286354916
2011-05-23,7158.08,7165.8,7105.2,7121.52,185377924
2011-05-24,7129.94,7202.21,7128.04,7150.66,192413884
2011-05-25,7079.25,7183.8,7071.42,7170.94,240857809
2011-05-26,7202.72,7217.24,7087.32,7114.09,225572427
2011-05-27,7205.13,7208.48,7115.48,7163.47,190772715
2011-05-30,7165,7204.16,7146.98,7160.3,98879158
2011-05-31,7240.12,7319.69,7238.77,7293.69,216651046
2011-06-01,7310.56,7314.66,7193.89,7217.43,228386589
2011-06-02,7155.86,7157.59,7074.12,7074.12,111564727
2011-06-03,7101.48,7120.12,7021.36,7109.03,162452246
2011-06-06,7095.4,7124.31,7062.73,7084.57,113842961
2011-06-07,7094.14,7147.63,7086.92,7103.25,116852484
2011-06-08,7076.31,7089.15,6995.4,7060.23,145465317
2011-06-09,7061.87,7183.78,7035.86,7159.66,149284727
2011-06-10,7152.55,7182.83,7050.84,7069.9,136631470
2011-06-13,7075.91,7123.88,7040.42,7085.14,66730338
2011-06-14,7165.14,7231.49,7161.21,7204.79,113231534
2011-06-15,7178.05,7202.17,7093.23,7115.08,123845430
2011-06-16,7062.18,7111.64,7018.31,7110.2,161145880
2011-06-17,7084.27,7224.11,7037.24,7164.05,370096737
2011-06-20,7078.59,7158.24,7063.86,7150.21,103234772
2011-06-21,7202.88,7285.51,7176.74,7285.51,137260734
2011-06-22,7285.93,7310.1,7262.37,7278.19,123713058
2011-06-23,7225.2,7237.2,7118.52,7149.44,132108979
2011-06-24,7231.73,7273.32,7099.22,7121.38,167161149
2011-06-27,7101.15,7144.44,7079.11,7107.9,149929922
2011-06-28,7138.5,7187.08,7075.19,7170.43,137242600
2011-06-29,7230.95,7320.3,7230.95,7294.14,148482507
2011-06-30,7310.34,7378.35,7285.44,7376.24,116696795
2011-07-01,7374.49,7443.2,7357.03,7419.44,141248392
2011-07-04,7427.14,7450.38,7416.73,7442.96,84661282
2011-07-05,7433.13,7474.93,7424.73,7439.44,93830643
2011-07-06,7443.93,7450.71,7396.74,7431.19,121347160
2011-07-07,7467.82,7512.01,7442.98,7471.44,127076645
2011-07-08,7502.83,7523.53,7389.8,7402.73,138519476
2011-07-11,7352.73,7358.5,7188.96,7230.25,197080594
2011-07-12,7112.19,7190.47,7001.88,7174.14,252968844
2011-07-13,7171.47,7280.16,7163.09,7267.87,154203690
2011-07-14,7204.94,7267.28,7197.49,7214.74,136788870
2011-07-15,7188.7,7254.1,7139.68,7220.12,206979766
2011-07-18,7162.82,7171.55,7089.09,7107.92,168925939
2011-07-19,7148.48,7236.44,7139.76,7192.67,165009180
2011-07-20,7250.18,7263.18,7166.37,7221.36,170773472
2011-07-21,7264.98,7326.61,7142.43,7290.14,243737920
2011-07-22,7308.48,7357.25,7266.79,7326.39,199807030
2011-07-25,7273.6,7366.78,7258.52,7344.54,110943373
2011-07-26,7369.89,7382.8,7302.5,7349.45,139803869
2011-07-27,7315.75,7344.17,7216.58,7252.68,133271964
2011-07-28,7163.95,7203.01,7110.13,7190.06,164058201
2011-07-29,7108.27,7190.91,7063.82,7158.77,141657014
2011-08-01,7254.5,7282.01,6953.98,6953.98,188177858
2011-08-02,6909.43,6938.34,6772.38,6796.75,181552652
2011-08-03,6717.84,6783.07,6544.97,6640.59,263414380
2011-08-04,6714.79,6730.43,6391.54,6414.76,285753975
2011-08-05,6338.77,6436.66,6152.62,6236.16,357922250
2011-08-08,6170.69,6272.94,5911.09,5923.27,308563900
2011-08-09,5896.14,6026.27,5502.63,5917.08,431452971
2011-08-10,6040.68,6089.08,5549.02,5613.42,430501666
2011-08-11,5771.21,5825.08,5487.82,5797.66,357129526
2011-08-12,5775.96,6023.75,5678.62,5997.74,254310586
2011-08-15,6075.59,6106.11,6008.01,6022.24,142674850
2011-08-16,5957.94,5998.31,5849.52,5994.9,165115390
2011-08-17,5910.5,6018.37,5870.17,5948.94,158584187
2011-08-18,5854.36,5892.57,5535.61,5602.8,325973514
2011-08-19,5581.51,5595.15,5345.36,5480,351402236
2011-08-22,5412.75,5591.35,5408.71,5473.78,182963850
2011-08-23,5529.26,5636.06,5452.15,5532.38,186606191
2011-08-24,5579.8,5743.1,5514.15,5681.08,162588912
2011-08-25,5739.86,5777.04,5451.52,5584.14,225574204
2011-08-26,5582.5,5588.69,5403.58,5537.48,172498983
2011-08-29,5634.06,5714.72,5587.78,5670.07,99261771
2011-08-30,5713.53,5730.36,5572.65,5643.92,132990014
2011-08-31,5686.26,5869.65,5648.97,5784.85,245787114
2011-09-01,5793.1,5794.5,5639.03,5730.63,188569326
2011-09-02,5623.7,5635.5,5493.31,5538.33,182039107
2011-09-05,5409.87,5421.11,5208.37,5246.18,202455662
2011-09-06,5248.31,5332.11,5150.05,5193.97,238105969
2011-09-07,5332.52,5406.23,5276.88,5405.53,180820911
2011-09-08,5410.08,5473.68,5313.78,5408.46,161724842
2011-09-09,5383.63,5400.79,5174.24,5189.93,229313943
2011-09-12,5063.59,5126.52,4967.59,5072.33,265139626
2011-09-13,5153.95,5220.45,4976.32,5166.36,284105952
2011-09-14,5108.1,5347.82,5105.82,5340.19,231784543
2011-09-15,5386.86,5566.58,5374.57,5508.24,235478213
2011-09-16,5607.51,5655.95,5524.22,5573.51,377709441
2011-09-19,5447.32,5496.94,5362.01,5415.91,161284388
2011-09-20,5373.53,5577.6,5369.07,5571.68,158689511
2011-09-21,5557.07,5557.92,5417.85,5433.8,149189268
2011-09-22,5258.42,5289.77,5135.85,5164.21,203153416
2011-09-23,5227.09,5229.6,4973.92,5196.56,198768843
2011-09-26,5128.56,5415.56,5118.19,5345.56,211131689
2011-09-27,5502.89,5638.04,5483.23,5628.44,245882510
2011-09-28,5560.6,5700.08,5520.59,5578.42,181756706
2011-09-29,5555.07,5704.41,5533.33,5639.58,182948588
2011-09-30,5602.55,5606.56,5438.55,5502.02,179771268
2011-10-03,5311.93,5437.62,5289.04,5376.7,132108907
2011-10-04,5284.11,5288.78,5125.44,5216.71,204744761
2011-10-05,5341.43,5486.03,5266.14,5473.03,178810721
2011-10-06,5511.56,5645.25,5465.55,5645.25,210847515
2011-10-07,5647.66,5749.13,5606.32,5675.7,166599889
2011-10-10,5705.4,5872.15,5652.99,5847.29,147424531
2011-10-11,5825.91,5883.38,5773.88,5865.01,139406586
2011-10-12,5851.1,6022.05,5798.16,5994.47,183862068
2011-10-13,5969.91,6036.02,5878.29,5914.84,184773326
2011-10-14,5934.78,6037.19,5885.39,5967.2,185189123
2011-10-17,6021.29,6081.41,5819.97,5859.43,177500125
2011-10-18,5781.77,5907.46,5747.65,5877.41,153042697
2011-10-19,5909.58,5977.75,5874.85,5913.53,141354333
2011-10-20,5834.42,5914.87,5752.83,5766.48,172123461
2011-10-21,5800.06,5980.46,5769.19,5970.96,176835151
2011-10-24,6014.36,6067.16,5937.58,6055.27,143511199
2011-10-25,6026.45,6157.93,5973.68,6046.75,171988352
2011-10-26,6041.16,6143.56,5951.82,6016.07,151166011
2011-10-27,6222.75,6347.6,6196.6,6337.84,333790928
2011-10-28,6364.18,6430.6,6305.5,6346.19,207679379
2011-10-31,6283.19,6304.84,6141.34,6141.34,173799722
2011-11-01,5934.54,5947.58,5762.26,5834.51,291714940
2011-11-02,5897.14,5990.56,5810.79,5965.63,177749346
2011-11-03,5835.36,6192.25,5832.03,6133.18,237532530
2011-11-04,6175.43,6175.43,5928.92,5966.16,198963380
2011-11-07,5905.93,6028.59,5835.09,5928.68,158207005
2011-11-08,5950.44,6087.06,5934.23,5961.44,144445882
2011-11-09,6045.87,6055.58,5767.26,5829.54,251013745
2011-11-10,5732.32,5934.31,5721.97,5867.81,201635360
2011-11-11,5881.49,6065.29,5855.12,6057.03,144524850
2011-11-14,6097.27,6116.07,5934.09,5985.02,133941558
2011-11-15,5920.43,6011.47,5815.85,5933.14,140685193
2011-11-16,5873.29,6028.23,5852.04,5913.36,139962366
2011-11-17,5875.86,5921.25,5778.1,5850.17,180841993
2011-11-18,5800.79,5897.99,5769.69,5800.24,153519217
2011-11-21,5767.09,5771.7,5598.05,5606,182778313
2011-11-22,5648.5,5681.74,5537.39,5537.39,245728890
2011-11-23,5485.67,5588.11,5457.77,5457.77,236213586
2011-11-24,5512.76,5563.82,5399.85,5428.11,157729166
2011-11-25,5433.3,5528.64,5366.5,5492.87,135413146
2011-11-28,5577.19,5754.51,5573,5745.33,172618513
2011-11-29,5725.68,5826.35,5690.57,5799.91,143661820
2011-11-30,5741.21,6130.68,5725.98,6088.84,244420002
2011-12-01,6080.48,6111.97,6017.44,6035.88,153039996
2011-12-02,6117.73,6169.64,6055.48,6080.68,205318692
2011-12-05,6137.87,6170.04,6086.42,6106.09,201034246
2011-12-06,6021.73,6094.77,6005.82,6028.82,156070163
2011-12-07,6116.26,6137.05,5919.56,5994.73,143842516
2011-12-08,6054.56,6077.17,5868.63,5874.44,183750573
2011-12-09,5806.49,6007.05,5802.36,5986.71,190767742
2011-12-12,5945.19,5952.55,5785.43,5785.43,153575073
2011-12-13,5801.39,5852.43,5734.12,5774.26,191200424
2011-12-14,5738.98,5771.6,5675.14,5675.14,202903658
2011-12-15,5713.48,5795.87,5682.16,5730.62,183781170
2011-12-16,5764.45,5775,5693.41,5701.78,301486743
2011-12-19,5651.74,5775.24,5644.19,5670.71,102011962
2011-12-20,5652.61,5847.71,5637.53,5847.03,129734850
2011-12-21,5918.72,5965.35,5771.62,5791.53,145367731
2011-12-22,5830.13,5886.18,5820.44,5852.18,88638711
2011-12-23,5905.18,5913.41,5844.64,5878.93,54220083
2011-12-27,5900.7,5924.38,5877.98,5889.76,35248960
2011-12-28,5875.87,5901.35,5771.27,5771.27,72297247
2011-12-29,5804.13,5848.78,5775.79,5848.78,59708751
2011-12-30,5867.03,5898.35,5817.71,5898.35,42363118
2012-01-02,5900.18,6075.52,5900.18,6075.52,90828403
2012-01-03,6124.11,6179.03,6108.62,6166.57,116709157
2012-01-04,6141.26,6163.48,6088.06,6111.55,100870834
2012-01-05,6121.34,6130.1,6040.94,6095.99,141738422
2012-01-06,6114.64,6152.56,6012.64,6057.92,109973742
2012-01-09,6061.26,6076.59,5987.75,6017.23,110946062
2012-01-10,6090.87,6191.29,6069.36,6162.98,171413034
2012-01-11,6148.45,6181.61,6106.03,6152.34,166799370
2012-01-12,6160.09,6256.95,6148.85,6179.21,205749533
2012-01-13,6242.49,6245.38,6063.66,6143.08,213909601
2012-01-16,6120.4,6232.21,6104.11,6220.01,108072262
2012-01-17,6301.91,6343.04,6270.97,6332.93,167118815
2012-01-18,6330.43,6399.43,6280.52,6354.57,184490485
2012-01-19,6377.24,6420.35,6333.7,6416.26,335554588
2012-01-20,6410.75,6431.26,6371.69,6404.39,272361922
2012-01-23,6387.33,6467.34,6349.69,6436.62,270707714
2012-01-24,6372.49,6420.05,6339,6419.22,246102196
2012-01-25,6448.87,6456.57,6366.65,6421.85,170090500
2012-01-26,6453.62,6559.07,6430.37,6539.85,197223670
2012-01-27,6507.77,6574.19,6484.35,6511.98,150009321
2012-01-30,6454.54,6491.52,6414.33,6444.45,140511798
2012-01-31,6489.04,6533.22,6450.1,6458.91,158039800
2012-02-01,6482.95,6630.48,6482.56,6616.64,210399186
2012-02-02,6640.05,6667.98,6606.37,6655.63,156001224
2012-02-03,6649.57,6767.46,6635.63,6766.67,194732414
2012-02-06,6752.03,6781.43,6714.82,6764.83,123043005
2012-02-07,6772.75,6788.77,6682.89,6754.2,143194644
2012-02-08,6800.72,6829.88,6735.67,6748.76,221329640
2012-02-09,6782.14,6838.13,6763.27,6788.8,242278488
2012-02-10,6730.54,6838.13,6649.56,6692.96,228643131
2012-02-13,6748.68,6774.6,6709.63,6738.47,140972165
2012-02-14,6712.68,6788.57,6698.32,6728.19,148101853
2012-02-15,6807.55,6830.1,6736.56,6757.94,163430291
2012-02-16,6665.24,6751.96,6651.72,6751.96,166240839
2012-02-17,6811.02,6874.53,6794.89,6848.03,168885040
2012-02-20,6892.04,6956.67,6878.53,6948.25,131240474
2012-02-21,6936.91,6971.03,6873.54,6908.18,139943982
2012-02-22,6914.68,6915.18,6821.8,6843.87,129082721
2012-02-23,6838.94,6903.51,6733.59,6809.46,261556273
2012-02-24,6871.25,6890.9,6826.34,6864.43,155819587
2012-02-27,6817.46,6868.58,6743.65,6849.6,168648219
2012-02-28,6867.23,6900.51,6809.22,6887.63,149732482
2012-02-29,6914.66,6967.14,6843.27,6856.08,195540530
2012-03-01,6831.97,6949.45,6817.73,6941.77,187153660
2012-03-02,6944.45,6954.89,6904.1,6921.37,197181163
2012-03-05,6876.89,6902.58,6815.47,6866.46,169816448
2012-03-06,6835.97,6840.33,6633.11,6633.11,216447530
2012-03-07,6638.48,6682.68,6612.61,6671.11,181610957
2012-03-08,6723.33,6838.39,6703.89,6834.54,206866958
2012-03-09,6848.52,6912.42,6830.63,6880.21,154677166
2012-03-12,6868.97,6911.27,6846.9,6901.35,126636557
2012-03-13,6957.25,7020.04,6941.96,6995.91,149276976
2012-03-14,7028.92,7099.34,7028.15,7079.42,212921114
2012-03-15,7093.97,7153.11,7072.27,7144.45,149750289
2012-03-16,7145.78,7194.33,7142.78,7157.82,359056872
2012-03-19,7143.93,7154.83,7095.13,7154.22,144660226
2012-03-20,7121.92,7124.63,7032.07,7054.94,151228321
2012-03-21,7088.76,7114.01,7012.04,7071.32,134457384
2012-03-22,7053.42,7071.09,6938.2,6981.26,165779479
2012-03-23,6986.9,7026.9,6908.97,6995.62,133079038
2012-03-26,7022.64,7102.05,6969.97,7079.23,121408810
2012-03-27,7106.77,7153.68,7075.16,7078.9,143181233
2012-03-28,7056.05,7110.54,6998.8,6998.8,133051499
2012-03-29,6980.09,6993.74,6841.97,6875.15,168699664
2012-03-30,6924.82,6959.71,6898.91,6946.83,131062733
2012-04-02,6973.99,7057.2,6911.63,7056.65,137223664
2012-04-03,7053.91,7081.06,6981.21,6982.28,130860413
2012-04-04,6940.61,6944.4,6772.95,6784.06,192787646
2012-04-05,6817.85,6831.36,6685.8,6775.26,197220429
2012-04-10,6694.72,6737.92,6606.43,6606.43,178357582
2012-04-11,6628.66,6721.23,6603.17,6674.73,163586861
2012-04-12,6710.37,6761.78,6651.81,6743.24,194638032
2012-04-13,6732.07,6743.01,6553.1,6583.9,187253310
2012-04-16,6556.3,6675.39,6548.39,6625.19,169859622
2012-04-17,6625.71,6801.15,6616.95,6801,170319175
2012-04-18,6780.49,6812.84,6718.1,6732.03,138944684
2012-04-19,6775.46,6807.12,6665.31,6671.22,196543635
2012-04-20,6689.71,6760.26,6651.8,6750.12,165783449
2012-04-23,6666.79,6668.12,6499.07,6523,197032843
2012-04-24,6566.11,6604.54,6508.1,6590.41,170335735
2012-04-25,6622.96,6733.34,6622.9,6704.5,173466593
2012-04-26,6702.61,6750.65,6642.05,6739.9,166762898
2012-04-27,6662.31,6825.41,6652.51,6801.32,160819445
2012-04-30,6844.1,6846.66,6759.9,6761.19,113632751
2012-05-02,6861.3,6875.87,6664.57,6710.77,159609577
2012-05-03,6749.27,6791.75,6648.5,6694.44,176856373
2012-05-04,6682.96,6684.89,6546,6561.47,162528175
2012-05-07,6515.94,6578.95,6410.03,6569.48,136812523
2012-05-08,6548.74,6576.72,6415.03,6444.74,137198388
2012-05-09,6483.27,6506.21,6375.79,6475.31,188657752
2012-05-10,6531.15,6549.77,6440.23,6518,185051674
2012-05-11,6465.19,6589.01,6454.21,6579.93,133524675
2012-05-14,6499.79,6520.86,6404.28,6451.97,128710247
2012-05-15,6501.93,6509.65,6353.93,6401.06,190599420
2012-05-16,6344.92,6442.97,6297.38,6384.26,182175618
2012-05-17,6401.15,6413.05,6291.81,6308.96,113187412
2012-05-18,6254.82,6335.55,6229.3,6271.22,194380760
2012-05-21,6269.31,6364.4,6244.02,6331.04,126851490
2012-05-22,6381.83,6446,6351.02,6435.6,142261829
2012-05-23,6352.43,6373.79,6258.85,6285.75,166526287
2012-05-24,6338.12,6351.1,6244.48,6315.89,149578798
2012-05-25,6334.15,6406.96,6279.55,6339.94,149169711
2012-05-28,6425.1,6426.27,6311.33,6323.19,89964773
2012-05-29,6396.65,6441.26,6334.75,6396.84,101237831
2012-05-30,6360.79,6392.21,6258.89,6280.8,151091312
2012-05-31,6297.68,6322.69,6208.09,6264.38,147218255
2012-06-01,6259.76,6259.76,6009.07,6050.29,206397890
2012-06-04,5976.46,6030.81,5942.38,5978.23,111329920
2012-06-05,5999.86,6011.56,5914.43,5969.4,117538751
2012-06-06,6028.36,6102.42,5996.41,6093.99,145941608
2012-06-07,6117.76,6230.22,6099.08,6144.22,173943608
2012-06-08,6082.63,6144.76,6053.95,6130.82,123386574
2012-06-11,6255.65,6287.54,6130.28,6141.05,159994166
2012-06-12,6141.92,6211.14,6083.81,6161.24,148391677
2012-06-13,6183.8,6221.36,6093.61,6152.49,131920268
2012-06-14,6146.92,6167.49,6078.22,6138.61,143567839
2012-06-15,6164.56,6251.47,6158.78,6229.41,320678193
2012-06-18,6304.77,6316.14,6221.87,6248.2,176317414
2012-06-19,6254.77,6375.27,6233.25,6363.36,135669788
2012-06-20,6364.06,6402.21,6333.97,6392.13,119366474
2012-06-21,6357.25,6427.49,6331.79,6343.13,150668275
2012-06-22,6273.1,6318.06,6256.34,6263.25,131809225
2012-06-25,6229.43,6229.43,6118.72,6132.39,136466487
2012-06-26,6157.84,6165.28,6109.93,6136.69,149245078
2012-06-27,6155.91,6230.51,6131.3,6228.99,132281225
2012-06-28,6232.12,6240.09,6096.94,6149.91,245953912
2012-06-29,6296.74,6416.28,6261.74,6416.28,223085066
2012-07-02,6405.39,6520.4,6390.55,6496.08,162075464
2012-07-03,6508.33,6578.21,6505.39,6578.21,141684435
2012-07-04,6564.3,6573.86,6525.51,6564.8,102263775
2012-07-05,6561.77,6641.72,6475.92,6535.56,180047265
2012-07-06,6508.22,6533.79,6407.84,6410.11,151534346
2012-07-09,6408.64,6420.78,6375.69,6387.57,117895947
2012-07-10,6397.46,6491.4,6349.62,6438.33,128386755
2012-07-11,6413.17,6496.53,6399.4,6453.85,112358920
2012-07-12,6410.94,6448.22,6366.77,6419.35,148459138
2012-07-13,6446.22,6557.1,6436.09,6557.1,144686733
2012-07-16,6550.95,6577.06,6511.18,6565.72,99841258
2012-07-17,6583.77,6610.81,6542.89,6577.64,109102985
2012-07-18,6601.71,6690.66,6578.86,6684.42,122357699
2012-07-19,6706.99,6773.5,6698.87,6758.39,151168767
2012-07-20,6741.9,6775.74,6620.72,6630.02,180455196
2012-07-23,6561.87,6572.11,6371.15,6419.33,217161587
2012-07-24,6420.82,6456,6378,6390.41,127054533
2012-07-25,6387.84,6475.33,6375.15,6406.52,115693358
2012-07-26,6393.2,6595.58,6324.53,6582.96,192523798
2012-07-27,6605.42,6690.43,6513.97,6689.4,147755457
2012-07-30,6729.19,6796.61,6703.26,6774.06,138641352
2012-07-31,6780.62,6835.19,6756.18,6772.26,155517385
2012-08-01,6775.99,6800.1,6736.1,6754.46,112333584
2012-08-02,6756.16,6848.61,6596.21,6606.09,237751375
2012-08-03,6626.3,6876.57,6621.36,6865.66,176772116
2012-08-06,6845.88,6943.32,6845.88,6918.72,118895172
2012-08-07,6909.28,6979.63,6902.86,6967.95,132939494
2012-08-08,6944.89,6966.15,6907.29,6966.15,121071696
2012-08-09,6979.41,6989.15,6891.49,6964.99,169141573
2012-08-10,6927.71,6955.38,6891.9,6944.56,142176105
2012-08-13,6935.51,6976.31,6882.03,6909.68,107657700
2012-08-14,6965.04,6995.03,6939.53,6974.39,91374934
2012-08-15,6953.01,6972.64,6910.39,6946.8,76009224
2012-08-16,6958.39,7001.4,6929.43,6996.29,115099757
2012-08-17,7011.37,7041.11,7000.85,7040.88,164033299
2012-08-20,7037.02,7086.22,7008.97,7033.68,108628896
2012-08-21,7048.79,7105.43,7041.73,7089.32,112586076
2012-08-22,7048.3,7051.77,7005.26,7017.75,123998597
2012-08-23,7065.99,7080.74,6923.53,6949.57,130440371
2012-08-24,6957.6,6986.05,6885.98,6971.07,93794889
2012-08-27,6960.02,7049.48,6946.08,7047.45,87025885
2012-08-28,7004.05,7031.16,6976.01,7002.68,85889741
2012-08-29,7003.02,7029.8,6945.71,7010.57,68940110
2012-08-30,6962.29,6978.5,6871,6895.49,108238621
2012-08-31,6897.73,7011.45,6889.79,6970.79,119106804
2012-09-03,6946.61,7016.31,6944.25,7014.83,85292018
2012-09-04,7012.99,7015.71,6920,6932.58,88146717
2012-09-05,6941.66,7003.53,6892.98,6964.69,106806346
2012-09-06,6984.31,7172.32,6977.86,7167.33,199496500
2012-09-07,7183.92,7248.35,7182.6,7214.5,256352704
2012-09-10,7207.96,7233.92,7203.65,7213.7,156719401
2012-09-11,7197.2,7313.48,7186.63,7310.11,171053026
2012-09-12,7331.58,7410.36,7307.48,7343.53,295644903
2012-09-13,7341.78,7353.22,7280.23,7310.32,142287549
2012-09-14,7397.98,7445.97,7388.79,7412.13,217511620
2012-09-17,7390.29,7414.22,7382.47,7403.69,157752200
2012-09-18,7350.09,7375,7304.25,7347.69,173484103
2012-09-19,7387.18,7396.12,7326.24,7390.76,147347386
2012-09-20,7322.62,7390.46,7313.14,7389.49,189994349
2012-09-21,7409.34,7478.53,7391.06,7451.62,277450078
2012-09-24,7419.65,7440.49,7388.2,7413.16,127430249
2012-09-25,7406.22,7438.89,7369.39,7425.11,137219210
2012-09-26,7362.98,7362.98,7256.24,7276.51,183905649
2012-09-27,7313.15,7324.97,7269,7290.02,153893995
2012-09-28,7330.61,7337.17,7216.15,7216.15,147382548
2012-10-01,7227.81,7339.2,7225.29,7326.73,126099620
2012-10-02,7278.13,7373.15,7266.11,7305.86,133883066
2012-10-03,7283.26,7339.31,7272.06,7322.08,99332486
2012-10-04,7368.21,7374.86,7283.48,7305.21,129875397
2012-10-05,7327.7,7409.78,7312.79,7397.87,115166911
2012-10-08,7340.39,7341.28,7286.24,7291.21,121128963
2012-10-09,7306.33,7308.13,7224.32,7234.53,100584343
2012-10-10,7219.46,7245.17,7201.09,7205.23,86648818
2012-10-11,7192.75,7305.46,7182.31,7281.7,128546753
2012-10-12,7260.57,7291.24,7232.49,7232.49,124913294
2012-10-15,7237.4,7302.23,7237.4,7261.25,128055298
2012-10-16,7309.08,7387.78,7293.9,7376.27,132649813
2012-10-17,7381.08,7399.99,7367.63,7394.55,129160700
2012-10-18,7401.41,7447.81,7389.2,7437.23,145422041
2012-10-19,7413.69,7430.12,7363.5,7380.64,178612920
2012-10-22,7372.36,7390.1,7313.24,7328.05,100695117
2012-10-23,7339.16,7343.6,7154.76,7173.69,127313425
2012-10-24,7202.03,7216.13,7120.68,7192.85,135667630
2012-10-25,7203.12,7256.22,7181.45,7200.23,110262622
2012-10-26,7161.73,7257.23,7147.51,7231.85,97024502
2012-10-29,7205.05,7225.32,7171.96,7203.16,70905663
2012-10-30,7239.69,7292.83,7239.04,7284.4,86875538
2012-10-31,7305.07,7347.51,7260.63,7260.63,124993341
2012-11-01,7255.3,7356.18,7255.11,7335.67,90003623
2012-11-02,7336.52,7391.04,7314.68,7363.85,137462007
2012-11-05,7320.98,7336.96,7304.45,7326.47,78945945
2012-11-06,7336.46,7388.72,7319.73,7377.76,107334249
2012-11-07,7425.08,7434.96,7229.31,7232.83,174471898
2012-11-08,7260.35,7287,7184.25,7204.96,188728144
2012-11-09,7220.69,7222.87,7064.34,7163.5,204075125
2012-11-12,7164.68,7196,7138.17,7168.76,118847607
2012-11-13,7131.6,7185.29,7074.87,7169.12,185563297
2012-11-14,7156.34,7182.81,7089.53,7101.92,146557479
2012-11-15,7064.99,7079.22,7021.62,7043.42,138533144
2012-11-16,7045.63,7059.83,6950.53,6950.53,189837938
2012-11-19,7020.23,7129.14,7007.21,7123.84,137507812
2012-11-20,7098.13,7182.69,7092.23,7172.99,109243062
2012-11-21,7148.91,7194.79,7139.99,7184.71,98222604
2012-11-22,7210.46,7253.02,7205.2,7244.99,126772283
2012-11-23,7258.33,7311.55,7219.55,7309.13,104506792
2012-11-26,7286.69,7309.77,7273.57,7292.03,83949617
2012-11-27,7343.01,7361.55,7307.3,7332.33,117186374
2012-11-28,7317.49,7348.62,7266.02,7343.41,96957724
2012-11-29,7382.55,7415.11,7377.09,7400.96,121105935
2012-11-30,7399.09,7442.6,7398.22,7405.5,104670168
2012-12-03,7427.41,7487.89,7419.41,7435.21,81435694
2012-12-04,7428.13,7466.25,7417.67,7435.12,96648939
2012-12-05,7480.59,7482.28,7429.53,7454.55,82318254
2012-12-06,7469.54,7546.92,7461.19,7534.54,138744623
2012-12-07,7539.78,7552.81,7494.15,7517.8,129904325
2012-12-10,7484.95,7536.6,7457.57,7530.92,101722726
2012-12-11,7529.24,7596.9,7522.17,7589.75,111325769
2012-12-12,7595.2,7626.4,7590.18,7614.79,118107584
2012-12-13,7618.62,7618.62,7562.6,7581.98,119239473
2012-12-14,7599.03,7619.26,7571.16,7596.47,93629681
2012-12-17,7604.16,7627.14,7564.07,7604.94,89699629
2012-12-18,7634.28,7667.91,7626.25,7653.58,127196499
2012-12-19,7675.33,7682.9,7655.71,7668.5,128885650
2012-12-20,7642.99,7675.45,7635.39,7672.1,102027845
2012-12-21,7632.41,7653.73,7596.7,7636.23,208158233
2012-12-27,7652.27,7676.5,7640.3,7655.88,64569014
2012-12-28,7649.89,7665.68,7602.89,7612.39,48123637
2013-01-02,7689.46,7789.94,7689.46,7778.78,140345527
2013-01-03,7762.13,7777.02,7737.98,7756.44,86174098
2013-01-04,7740.99,7779.67,7727.61,7776.37,101576998
2013-01-07,7760.01,7767.55,7714.51,7732.66,151695426
2013-01-08,7710.7,7754.38,7683.48,7695.83,130425494
2013-01-09,7713.57,7734.78,7688.55,7720.47,158333774
2013-01-10,7732.14,7773.69,7685.08,7708.47,172807240
2013-01-11,7725.93,7731.45,7683.92,7715.53,174958550
2013-01-14,7737.61,7785.82,7704.76,7729.52,110488567
2013-01-15,7704.05,7735.21,7635.88,7675.91,140265818
2013-01-16,7661.61,7694.8,7643.14,7691.13,105283560
2013-01-17,7677.28,7764.03,7662.43,7735.46,110870660
2013-01-18,7747.13,7753.49,7702.23,7702.23,133349805
2013-01-21,7727.77,7749.82,7719.02,7748.86,71750888
2013-01-22,7741.88,7746.91,7634.26,7696.21,143511599
2013-01-23,7702.92,7731.01,7684.84,7707.54,123888012
2013-01-24,7700.53,7750.59,7661.96,7748.13,129648573
2013-01-25,7746.78,7860.47,7743.19,7857.97,120195224
2013-01-28,7859.83,7871.79,7831.72,7833,88204118
2013-01-29,7841.96,7857.14,7800.12,7848.57,114467815
2013-01-30,7855.68,7857.91,7776,7811.31,129319129
2013-01-31,7800.45,7812.28,7765.2,7776.05,171415131
2013-02-01,7792.59,7840.89,7784.97,7833.39,128953919
2013-02-04,7822.54,7837.64,7638.23,7638.23,197214658
2013-02-05,7643.54,7675.87,7622.3,7664.66,179590985
2013-02-06,7665.88,7694.42,7537.29,7581.18,152984436
2013-02-07,7581.37,7661.31,7565.32,7590.85,144796570
2013-02-08,7607.57,7654.19,7577.34,7652.14,123635715
2013-02-11,7627.72,7676.82,7597.74,7633.74,103660623
2013-02-12,7619.12,7661.97,7593.66,7660.19,118827890
2013-02-13,7678.48,7734.05,7650.29,7711.89,97751659
2013-02-14,7697.89,7729.36,7607.48,7631.19,113779397
2013-02-15,7636.26,7649.5,7591.76,7593.51,185136963
2013-02-18,7591.08,7629.78,7568.27,7628.73,91570784
2013-02-19,7614.1,7762.9,7611.6,7752.45,131078413
2013-02-20,7747.21,7784.64,7709.48,7728.9,135413025
2013-02-21,7681.61,7688.44,7567.88,7583.57,156412337
2013-02-22,7619.81,7681.12,7607.26,7661.91,148914787
2013-02-25,7731.8,7860.57,7726.4,7773.19,182462143
2013-02-26,7682.24,7683.96,7589.32,7597.11,171515589
2013-02-27,7641.84,7679.44,7565.78,7675.83,117566572
2013-02-28,7712.2,7753.39,7691.81,7741.7,126361698
2013-03-01,7735.35,7767.67,7627.99,7708.16,131318363
2013-03-04,7654.67,7708.38,7637.85,7691.68,83887404
2013-03-05,7779.62,7883.6,7772.33,7870.31,137283371
2013-03-06,7907.39,7977.64,7898.04,7919.33,124626582
2013-03-07,7934.19,7956.26,7911.56,7939.77,98781241
2013-03-08,7970.66,8014.15,7962.28,7986.47,134776158
2013-03-11,7967.46,7989.21,7954.58,7984.29,82983074
2013-03-12,7970.83,7999.43,7934.05,7966.12,175953894
2013-03-13,7964.77,7978.84,7942.56,7970.91,368771731
2013-03-14,8013.25,8060.26,8011.22,8058.37,280674113
2013-03-15,8074.03,8074.47,7997.65,8042.85,311603833
2013-03-18,7924.04,8019.68,7901.94,8010.7,130362692
2013-03-19,7980.54,8000.97,7919.45,7947.79,154894733
2013-03-20,7995.59,8030.46,7972.21,8001.97,122106268
2013-03-21,7989.59,7999.34,7887.71,7932.51,159845834
2013-03-22,7917.64,7947.48,7876.36,7911.35,131986142
2013-03-25,7988.27,8030.76,7850.62,7870.9,157511259
2013-03-26,7889.15,7912.41,7859.27,7879.67,115373406
2013-03-27,7905.96,7916.76,7757.37,7789.09,146704568
2013-03-28,7791.14,7842.58,7778.02,7795.31,128175646
2013-04-02,7806.12,7949.2,7805.92,7943.87,116769828
2013-04-03,7926.88,7952.85,7869.81,7874.75,103685012
2013-04-04,7902.86,7927.93,7804.7,7817.39,144996334
2013-04-05,7820.69,7825.28,7638.85,7658.75,144759676
2013-04-08,7669.04,7698.47,7645.56,7662.64,85361044
2013-04-09,7704.35,7723.2,7615.81,7637.51,120782813
2013-04-10,7664.16,7821.75,7660.2,7810.63,158663880
2013-04-11,7799.31,7885.45,7786.75,7871.63,126500577
2013-04-12,7831.87,7838.53,7727.18,7744.77,121691789
2013-04-15,7740.54,7773.11,7651.58,7712.63,118152724
2013-04-16,7680.78,7739.66,7639.43,7682.58,139714438
2013-04-17,7719.56,7722.46,7473.07,7503.03,161069572
2013-04-18,7519.67,7556.55,7453.64,7473.73,140254809
2013-04-19,7490.11,7531.09,7418.84,7459.96,178317057
2013-04-22,7516.06,7538.22,7443.02,7478.11,153697225
2013-04-23,7477.03,7664.22,7442.36,7658.21,184055206
2013-04-24,7656.76,7767.36,7656.22,7759.03,110013842
2013-04-25,7766.61,7838.31,7741.98,7832.86,86583379
2013-04-26,7835.59,7840.47,7767.61,7814.76,94489281
2013-04-29,7834.02,7873.5,7823.24,7873.5,79204314
2013-04-30,7928.42,7965.9,7893.08,7913.71,119767976
2013-05-02,7905.35,8005.82,7896.99,7961.71,142871506
2013-05-03,7972.28,8127.72,7957.36,8122.29,134546896
2013-05-06,8119.22,8148.14,8103.27,8112.08,66147808
2013-05-07,8125.82,8206.01,8116.67,8181.78,89541683
2013-05-08,8176.88,8253.47,8173.35,8249.71,121804420
2013-05-09,8232.5,8274.17,8224.52,8262.55,57870881
2013-05-10,8278.45,8358.23,8252.46,8278.59,95065412
2013-05-13,8281.95,8294.56,8217.15,8279.29,85255365
2013-05-14,8304.5,8339.11,8235.97,8339.11,114734335
2013-05-15,8333.61,8368.06,8299.83,8362.42,152900229
2013-05-16,8348.54,8401.28,8324.23,8369.87,125947085
2013-05-17,8356.26,8408.57,8327.47,8398,158379772
2013-05-20,8434.97,8456.24,8401.74,8455.83,78297009
2013-05-21,8446.78,8476.18,8397.54,8472.2,113836855
2013-05-22,8467.56,8553.74,8434.83,8530.89,110213401
2013-05-23,8410.06,8412.25,8281.11,8351.98,132876697
2013-05-24,8390.16,8391.02,8262.64,8305.32,131149641
2013-05-27,8346.6,8386.86,8338.32,8383.3,48707265
2013-05-28,8432.46,8519.6,8424.4,8480.87,97455028
2013-05-29,8437.21,8445.46,8316.89,8336.58,107502470
2013-05-30,8314.2,8416.36,8293.96,8400.2,103141448
2013-05-31,8385.38,8401.36,8297.03,8348.84,122400284
2013-06-03,8291.49,8395.56,8214.78,8285.8,97748325
2013-06-04,8358.68,8384.36,8276.95,8295.96,82405857
2013-06-05,8229.23,8293.28,8182.08,8196.18,89163207
2013-06-06,8188.82,8235.09,8098.81,8098.81,85243565
2013-06-07,8124.88,8278.98,8034.55,8254.68,103601131
2013-06-10,8246.04,8355.33,8245.94,8307.69,75733057
2013-06-11,8256.19,8260.86,8146.01,8222.46,96689753
2013-06-12,8204.91,8246.08,8122.72,8143.27,81793396
2013-06-13,8023.37,8108.3,7968.13,8095.39,97586800
2013-06-14,8157.88,8183.18,8111.38,8127.96,72768131
2013-06-17,8170.75,8252.71,8167.67,8215.73,73145690
2013-06-18,8196.44,8240.59,8176.19,8229.51,73649453
2013-06-19,8254.57,8285.9,8160.5,8197.08,78657320
2013-06-20,8085.67,8085.67,7913.42,7928.48,131807475
2013-06-21,7946.32,7987.04,7789.24,7789.24,245491118
2013-06-24,7776.88,7823.45,7656.86,7692.45,121376956
2013-06-25,7741.13,7842.48,7729.38,7811.3,79935253
2013-06-26,7810.37,7960,7800.85,7940.99,88381236
2013-06-27,7945.92,8025.81,7919.59,7990.75,67029260
2013-06-28,8015.53,8037.68,7906.74,7959.22,101763877
2013-07-01,8000.02,8021.74,7890.28,7983.92,96718571
2013-07-02,7988.92,7988.96,7873.97,7910.77,96760722
2013-07-03,7841.18,7841.87,7730.37,7829.32,115952818
2013-07-04,7877.91,8015.08,7863.76,7994.31,119377679
2013-07-05,8010.44,8031.71,7806,7806,116269239
2013-07-08,7865.92,8013.62,7848.14,7968.54,79568733
2013-07-09,8021.13,8086.95,8005.73,8057.75,82854743
2013-07-10,8056.51,8081.21,7990.65,8066.48,75949624
2013-07-11,8163.56,8176.7,8131,8158.8,81260019
2013-07-12,8192.91,8244.13,8178.2,8212.77,87866238
2013-07-15,8237.92,8271.38,8211.42,8234.81,67635820
2013-07-16,8251.51,8252.25,8178.19,8201.05,68666513
2013-07-17,8216.7,8269.22,8137.53,8254.72,71745818
2013-07-18,8239.38,8337.09,8215.66,8337.09,79507931
2013-07-19,8299.01,8336.87,8284.36,8331.57,119916356
2013-07-22,8343.28,8374.47,8310.29,8331.06,73050637
2013-07-23,8358.62,8365.98,8312.09,8314.23,80771887
2013-07-24,8325.06,8415.33,8318.48,8379.11,88484915
2013-07-25,8349.52,8356.88,8265.14,8298.98,96060651
2013-07-26,8341.78,8361.5,8217.26,8244.91,75415089
2013-07-29,8307.12,8324.15,8245.74,8259.03,67355516
2013-07-30,8302.14,8333.95,8256.4,8271.02,135632232
2013-07-31,8235.22,8295.23,8213.36,8275.97,113064530
2013-08-01,8320.38,8411.3,8316.89,8410.73,97990435
2013-08-02,8428.58,8431.67,8379.07,8406.94,73393682
2013-08-05,8416.11,8435.23,8367.6,8398.38,62901132
2013-08-06,8387.93,8435.49,8272.36,8299.73,122121795
2013-08-07,8265.33,8281.52,8234.99,8260.48,78950988
2013-08-08,8256.4,8341.44,8252.46,8318.32,145598334
2013-08-09,8332.53,8374.59,8286.41,8338.31,89030345
2013-08-12,8341.96,8371.16,8238.86,8359.25,82331819
2013-08-13,8395.82,8444.52,8383.23,8415.76,95295595
2013-08-14,8424.88,8443.46,8400.75,8438.12,80101207
2013-08-15,8418.94,8422.03,8307.98,8376.29,72727874
2013-08-16,8348.42,8398.5,8331.33,8391.94,85749553
2013-08-19,8395.02,8395.41,8329,8366.29,59793269
2013-08-20,8294.87,8319.82,8246.19,8300.03,84502649
2013-08-21,8301.06,8310.19,8269.12,8285.41,65974746
2013-08-22,8289.3,8421.98,8283.77,8397.89,80630821
2013-08-23,8398.28,8438.42,8360.23,8416.99,67690077
2013-08-26,8424.07,8437.36,8386.05,8435.15,42823784
2013-08-27,8378.93,8423.78,8242.56,8242.56,106541786
2013-08-28,8202.86,8219.26,8094.22,8157.9,97795435
2013-08-29,8189.02,8199.29,8129.99,8194.55,69818498
2013-08-30,8197.72,8201.49,8101.95,8103.15,86451158
2013-09-02,8224.34,8268.73,8211.03,8243.87,66688606
2013-09-03,8259.37,8264.72,8142.86,8180.71,88279933
2013-09-04,8201.56,8203.76,8095.91,8195.92,84770180
2013-09-05,8205.56,8257.73,8165.36,8234.98,96648715
2013-09-06,8222.21,8289.35,8174.32,8275.67,124854419
2013-09-09,8275.01,8310.37,8246.77,8276.32,76364819
2013-09-10,8357.69,8458.52,8350.42,8446.54,125305068
2013-09-11,8453.32,8502.79,8446.69,8495.73,106146030
2013-09-12,8509.49,8516.98,8466.61,8494,102393889
2013-09-13,8461.31,8516.42,8457.09,8509.42,76220281
2013-09-16,8599.65,8626.11,8578.01,8613,87859102
2013-09-17,8595.56,8613.33,8585.04,8596.95,81358557
2013-09-18,8617.45,8645.9,8594.65,8636.06,75769373
2013-09-19,8735.11,8767.97,8665.75,8694.18,120861679
2013-09-20,8693.32,8713.78,8667.52,8675.73,249585069
2013-09-23,8682.94,8697.99,8606.83,8635.29,89113421
2013-09-24,8645.24,8672.08,8633.21,8664.6,79114711
2013-09-25,8655.04,8681.99,8609.95,8665.63,108140320
2013-09-26,8678.82,8688.49,8628.61,8664.1,88920696
2013-09-27,8672.82,8691.48,8611.45,8661.51,68197335
2013-09-30,8562.85,8606.71,8547.23,8594.4,78813858
2013-10-01,8618.59,8691.85,8612.23,8689.14,83404520
2013-10-02,8650.71,8670.53,8590.97,8629.42,76858459
2013-10-03,8647.86,8654.79,8590.46,8597.91,49874432
2013-10-04,8590.91,8638.65,8570.21,8622.97,85007075
2013-10-07,8557.04,8604.64,8510.42,8591.58,87359675
2013-10-08,8591.02,8610.01,8552.91,8555.89,77435564
2013-10-09,8541.08,8589.64,8504.65,8516.69,78206803
2013-10-10,8563.39,8691.92,8547.72,8685.77,105327710
2013-10-11,8705.03,8729.33,8695.76,8724.83,92376091
2013-10-14,8688.45,8725.46,8676.03,8723.81,64137179
2013-10-15,8757.13,8814.58,8757.09,8804.44,93813646
2013-10-16,8792.99,8854.42,8781,8846,92338941
2013-10-17,8817.11,8829.79,8765.47,8811.98,95192815
2013-10-18,8849.77,8865.1,8804.83,8865.1,166471911
2013-10-21,8828.47,8876.07,8827.23,8867.22,74873377
2013-10-22,8853.87,8987.63,8849.16,8947.46,100450749
2013-10-23,8906.91,8932.91,8897.5,8919.86,79944158
2013-10-24,8968.5,8987.04,8950.81,8980.63,76689895
2013-10-25,8952.78,9010.65,8944.14,8985.74,71222669
2013-10-28,9013.05,9017.95,8950.54,8978.65,61426922
2013-10-29,8965.75,9022.21,8965.75,9022.04,76418329
2013-10-30,9030.31,9070.17,8997.63,9010.27,69972044
2013-10-31,8985.48,9037.41,8976.37,9033.92,82807717
2013-11-01,9032.29,9044.27,8993.22,9007.83,54233895
2013-11-04,9035.91,9053.93,9019.31,9037.23,60965263
2013-11-05,9036.18,9041.97,8969.63,9009.11,87089486
2013-11-06,9030.47,9065.84,9023.04,9040.87,68900468
2013-11-07,9038.47,9193.98,9026.09,9081.03,143223852
2013-11-08,9036.59,9078.28,8986.49,9078.28,86782995
2013-11-11,9081.58,9123.24,9064.61,9107.86,66640399
2013-11-12,9102.99,9124.24,9073.93,9076.48,96960570
2013-11-13,9056.71,9074.56,8981.09,9054.83,92469370
2013-11-14,9137.48,9151.35,9102.16,9149.66,108722276
2013-11-15,9157.6,9188.47,9133.51,9168.69,96783855
2013-11-18,9154.23,9253.22,9140.51,9225.43,88832774
2013-11-19,9197.47,9217.36,9179.25,9193.29,77178312
2013-11-20,9175.64,9229.07,9162.84,9202.07,68359141
2013-11-21,9127.89,9210.67,9117.09,9196.08,78794888
2013-11-22,9210.69,9230.16,9168.92,9219.04,72241954
2013-11-25,9258.22,9323.44,9252.73,9299.95,69939133
2013-11-26,9297.65,9316.62,9289.36,9290.07,85105701
2013-11-27,9308.96,9363.48,9295.56,9351.13,59073010
2013-11-28,9359.5,9399.63,9358.77,9387.37,54326205
2013-11-29,9378.55,9424.07,9376.58,9405.3,65826292
2013-12-02,9412.95,9424.83,9384.12,9401.96,74603104
2013-12-03,9398.19,9404.17,9223.35,9223.4,116913004
2013-12-04,9246.89,9253.13,9082.87,9140.63,94986648
2013-12-05,9110.53,9172.16,9078,9084.95,77772308
2013-12-06,9126.15,9195.57,9092.15,9172.41,81326803
2013-12-09,9218.81,9225.53,9171.36,9195.17,62711267
2013-12-10,9180.29,9223.73,9091.97,9114.44,74363446
2013-12-11,9093.26,9153.14,9065.51,9077.11,64845801
2013-12-12,9032.67,9060.54,8984.99,9017,75120159
2013-12-13,9016.78,9046.63,8996.29,9006.46,67761700
2013-12-16,9004.62,9177.19,8997.75,9163.56,99105573
2013-12-17,9142.75,9161.8,9085.12,9085.12,72207519
2013-12-18,9145.35,9190.73,9122.05,9181.75,82342667
2013-12-19,9279.68,9351.9,9257.24,9335.74,98276480
2013-12-20,9371.08,9412.02,9352.98,9400.18,161686889
2013-12-23,9436.49,9488.82,9427.54,9488.82,48372598
2013-12-27,9558.55,9589.39,9548.89,9589.39,51388182
2013-12-30,9586.53,9594.35,9552.16,9552.16,35981618
2014-01-02,9598.25,9620.93,9400.04,9400.04,76678375
2014-01-03,9409.66,9453.25,9367.99,9435.15,91930092
2014-01-06,9419.44,9468.8,9399.81,9428,53653693
2014-01-07,9446.25,9515.87,9416.86,9506.2,79946847
2014-01-08,9512.79,9516.26,9469.69,9497.84,90140375
2014-01-09,9492.24,9549.5,9407.69,9421.61,98917043
2014-01-10,9473.87,9528.96,9441.25,9473.24,96130356
2014-01-13,9497.92,9519.3,9457.31,9510.17,85787747
2014-01-14,9391.46,9540.51,9381.94,9540.51,104777812
2014-01-15,9590.57,9744.26,9582.1,9733.81,120098989
2014-01-16,9742.21,9747.37,9702.97,9717.71,87811855
2014-01-17,9718.2,9789.89,9709.14,9742.96,131098053
2014-01-20,9713.2,9733.4,9672.32,9715.9,78126121
2014-01-21,9751.98,9794.05,9714.12,9730.12,80839585
2014-01-22,9752.11,9765.63,9677.14,9720.11,84234138
2014-01-23,9690.51,9728.78,9596.93,9631.04,98660434
2014-01-24,9646.65,9664.24,9374.08,9392.02,125916187
2014-01-27,9389.17,9402.72,9315.33,9349.22,112554094
2014-01-28,9405.53,9427.59,9351.08,9406.91,99321978
2014-01-29,9507.35,9537.63,9221.52,9336.73,126384208
2014-01-30,9343.51,9415.48,9266.95,9373.48,97748746
2014-01-31,9339.84,9346.79,9166.05,9306.48,126856545
2014-02-03,9318.77,9357.58,9175.45,9186.52,105545378
2014-02-04,9126.46,9156.51,9071.25,9127.91,114598199
2014-02-05,9105.28,9154.72,9081.24,9116.32,95608680
2014-02-06,9166.46,9274.46,9129.17,9256.58,122685179
2014-02-07,9275.38,9323.24,9223.21,9301.92,89003430
2014-02-10,9331.71,9346.13,9281.58,9289.86,59599917
2014-02-11,9338.8,9478.77,9338.26,9478.77,76248383
2014-02-12,9505.12,9593.46,9502.64,9540,85292264
2014-02-13,9522.66,9599.98,9479.86,9596.77,93209055
2014-02-14,9615.52,9677.53,9593.37,9662.4,91504842
2014-02-17,9661.8,9682.19,9645.51,9656.76,45850067
2014-02-18,9674.8,9690.97,9614.4,9659.78,58827305
2014-02-19,9641.45,9695.38,9596.42,9660.05,72892854
2014-02-20,9524.58,9618.85,9504.18,9618.85,88676915
2014-02-21,9665.08,9666.15,9598.03,9656.95,78587725
2014-02-24,9619.64,9708.94,9602.95,9708.94,67953538
2014-02-25,9676.56,9710.95,9631.66,9699.35,90676087
2014-02-26,9708.5,9720.33,9612.52,9661.73,87277196
2014-02-27,9660.55,9672.82,9497.78,9588.33,86422233
2014-02-28,9592.9,9692.08,9566.04,9692.08,83200839
2014-03-03,9553.08,9553.08,9358.73,9358.89,99108194
2014-03-04,9453.77,9589.15,9421.16,9589.15,95630198
2014-03-05,9562.39,9599,9534.43,9542.02,73341694
2014-03-06,9577.35,9587.44,9505.32,9542.87,103682643
2014-03-07,9538.45,9543.24,9346.82,9350.75,103246651
2014-03-10,9305.51,9382.98,9216.07,9265.5,84875421
2014-03-11,9295.32,9375.15,9259.18,9307.79,72300788
2014-03-12,9257.13,9267.1,9147.01,9188.69,107430638
2014-03-13,9200.12,9226.96,9017.35,9017.79,113773090
2014-03-14,8939.18,9094.24,8913.27,9056.41,141175468
2014-03-17,9047.49,9197.81,9047.49,9180.89,86964480
2014-03-18,9172.05,9315.07,9105.69,9242.55,99301228
2014-03-19,9262.71,9325.93,9221.59,9277.05,89476841
2014-03-20,9215.7,9296.9,9156.63,9296.12,96945748
2014-03-21,9300.66,9376.94,9288.15,9342.94,198583517
2014-03-24,9349.52,9358.95,9181.37,9188.77,86790855
2014-03-25,9223.92,9372.07,9223.9,9338.4,82230643
2014-03-26,9367.53,9488.74,9360.3,9448.58,75144768
2014-03-27,9428.91,9469.39,9397.98,9451.21,66826076
2014-03-28,9487.12,9587.19,9484.9,9587.19,70498449
2014-03-31,9621.92,9634.82,9543.09,9555.91,68772909
2014-04-01,9601.96,9631.06,9574.63,9603.71,72835140
2014-04-02,9628.76,9645.6,9608.46,9623.36,73975965
2014-04-03,9620.87,9689.52,9591.89,9628.82,76385766
2014-04-04,9641.96,9721.5,9627.74,9695.77,75314032
2014-04-07,9585.52,9608.2,9496.67,9510.85,78799997
2014-04-08,9525.07,9525.94,9391.86,9490.79,86190932
2014-04-09,9506.75,9542.31,9480.96,9506.35,69917062
2014-04-10,9556.7,9581.48,9440.99,9454.54,77873722
2014-04-11,9351.2,9390.44,9259.43,9315.29,100489724
2014-04-14,9248.86,9339.17,9214.18,9339.17,90916505
2014-04-15,9324.84,9344.85,9166.53,9173.71,88156792
2014-04-16,9252.3,9318.97,9221.48,9317.82,78803187
2014-04-17,9311.03,9417.82,9277.36,9409.71,86295237
2014-04-22,9455.52,9602.57,9439.66,9600.09,70194131
2014-04-23,9602.12,9607.84,9539.62,9544.19,61216915
2014-04-24,9597.07,9645.06,9410.33,9548.68,87813884
2014-04-25,9474.79,9501.91,9367.42,9401.55,79230193
2014-04-28,9454.84,9496.84,9407.65,9446.36,67539093
2014-04-29,9521.65,9596.42,9480.57,9584.12,91467885
2014-04-30,9576.93,9618.98,9561.06,9603.23,90290936
2014-05-02,9611.79,9627.38,9533.3,9556.02,88062286
2014-05-05,9536.38,9548.17,9407.09,9529.5,61911606
2014-05-06,9570.25,9571.63,9440.47,9467.53,82062892
2014-05-07,9418.5,9554.35,9410.08,9521.3,92732639
2014-05-08,9547.27,9622.3,9487.57,9607.4,102022506
2014-05-09,9591.32,9602.86,9558.11,9581.45,80084144
2014-05-12,9608.93,9710.34,9587.14,9702.46,87508499
2014-05-13,9751.05,9783.72,9732.34,9754.43,96844108
2014-05-14,9765.62,9772.09,9733.21,9754.39,76078993
2014-05-15,9741.25,9810.29,9631.57,9656.05,133897442
2014-05-16,9646.56,9670.9,9577.9,9629.1,113085429
2014-05-19,9607.32,9676.52,9534.56,9659.39,97857334
2014-05-20,9644.8,9685.56,9613.91,9639.08,67588361
2014-05-21,9615.86,9709.91,9583.56,9697.87,86239212
2014-05-22,9731.45,9734.14,9689.13,9720.91,63696037
2014-05-23,9722.63,9779.59,9704.75,9768.01,65280798
2014-05-26,9826.91,9893.81,9821.68,9892.82,53846382
2014-05-27,9893.33,9951.9,9879.64,9940.82,79797701
2014-05-28,9950.74,9957.87,9898.26,9939.17,72748507
2014-05-29,9937.66,9956.24,9917.97,9938.9,65743401
2014-05-30,9926.73,9970.77,9924.63,9943.27,103680132
2014-06-02,9986.86,9992.33,9907.77,9950.12,57920286
2014-06-03,9949.96,9954.78,9887.01,9919.74,71968636
2014-06-04,9903.82,9928.96,9866.97,9926.67,66442175
2014-06-05,9929.41,10013.6,9896.09,9947.83,129942510
2014-06-06,9954.01,10000.9,9941.65,9987.19,92994920
2014-06-09,9994.4,10009.6,9985.87,10008.6,43200381
2014-06-10,9998.51,10033.7,9987.69,10028.8,64483125
2014-06-11,10022.9,10024.8,9921.26,9949.81,96286452
2014-06-12,9950.52,9970.38,9917.61,9938.7,68482928
2014-06-13,9920.49,9944.57,9829.09,9912.87,79417742
2014-06-16,9885.97,9925.85,9872.77,9883.98,64029212
2014-06-17,9915.2,9982.89,9861.29,9920.32,72084212
2014-06-18,9932.04,9964.02,9922.07,9930.33,72976796
2014-06-19,10018.9,10023.5,9993.03,10004,86693463
2014-06-20,9995.5,10050.9,9987.24,9987.24,209559587
2014-06-23,9991.4,9993.02,9885.96,9920.92,68730109
2014-06-24,9938.64,9948.59,9899.47,9938.08,61266130
2014-06-25,9883.78,9914.12,9836.46,9867.75,82312043
2014-06-26,9894.55,9898.38,9749.75,9804.9,94924996
2014-06-27,9818.46,9836.68,9791.13,9815.17,63248871
2014-06-30,9833.85,9889.49,9800.08,9833.07,66649737
2014-07-01,9853.74,9902.41,9835.74,9902.41,54518987
2014-07-02,9913,9936.39,9890.11,9911.27,70229505
2014-07-03,9910.47,10032.2,9907.01,10029.4,78288046
2014-07-04,10028.7,10030.8,10007.4,10009,52046505
2014-07-07,9992.13,10015.3,9905.6,9906.07,60506275
2014-07-08,9918.27,9920.78,9772.14,9772.67,85865143
2014-07-09,9789.05,9817.47,9752.79,9808.2,73589732
2014-07-10,9807.25,9807.25,9617.59,9659.13,96879133
2014-07-11,9672.17,9708.43,9623.36,9666.34,62278398
2014-07-14,9710.92,9793.78,9693.89,9783.01,56259602
2014-07-15,9764.69,9788.71,9711.86,9719.41,72125544
2014-07-16,9747.88,9871.58,9747.52,9859.27,69459961
2014-07-17,9819.45,9845.85,9743.62,9753.88,76538147
2014-07-18,9703.67,9721.08,9655.51,9720.02,118113767
2014-07-21,9711.68,9717.7,9597.62,9612.05,65236516
2014-07-22,9682.21,9735.71,9647.74,9734.33,62368592
2014-07-23,9727.43,9802.06,9723.98,9753.56,64736851
2014-07-24,9772.15,9810.47,9674.68,9794.06,70366598
2014-07-25,9770.24,9794.85,9620.58,9644.01,73401644
2014-07-28,9660.71,9665.05,9527.59,9598.17,71997094
2014-07-29,9607.1,9692.33,9573.48,9653.63,66002294
2014-07-30,9646.43,9704.01,9572.9,9593.68,79991295
2014-07-31,9576.16,9582.74,9395.35,9407.48,131077441
2014-08-01,9379.74,9394.48,9185.41,9210.08,141582451
2014-08-04,9222.05,9243.23,9130.34,9154.14,85304257
2014-08-05,9186.03,9237.14,9152.38,9189.74,80560700
2014-08-06,9084.52,9166.21,9030.72,9130.04,98898298
2014-08-07,9081.29,9163.43,9025.82,9038.97,97954725
2014-08-08,8928.19,9061,8903.49,9009.32,102515812
2014-08-11,9106.67,9199,9089.31,9180.74,81228894
2014-08-12,9166.92,9171.94,9050,9069.47,74774568
2014-08-13,9133.84,9213.61,9118.32,9198.88,82251649
2014-08-14,9161.81,9265.92,9149.41,9225.1,80394255
2014-08-15,9239,9324.57,9067.58,9092.6,110261790
2014-08-18,9220.99,9261.65,9195.11,9245.33,63822143
2014-08-19,9276.19,9350.27,9276.18,9334.28,57793194
2014-08-20,9329.89,9333.68,9247.84,9314.57,63229726
2014-08-21,9328.71,9405.93,9278.86,9401.53,67874852
2014-08-22,9390.29,9414.39,9291.93,9339.17,70036561
2014-08-25,9456.67,9510.14,9424.11,9510.14,53554050
2014-08-26,9481.56,9591.72,9446.37,9588.15,66737079
2014-08-27,9583.98,9598.46,9562.71,9569.71,69031293
2014-08-28,9545.21,9546.81,9417.16,9462.56,72124485
2014-08-29,9483.42,9517.95,9369.4,9470.17,68471170
2014-09-01,9484.53,9500.2,9424.78,9479.03,43071923
2014-09-02,9525.15,9578.5,9485.24,9507.02,55157428
2014-09-03,9541.02,9683.1,9528.72,9626.49,90120961
2014-09-04,9591.43,9732.78,9539.92,9724.26,106652392
2014-09-05,9714.24,9774.65,9691.44,9747.02,77345023
2014-09-08,9767.9,9773.7,9721.71,9758.03,53013330
2014-09-09,9737.56,9769.21,9695.44,9710.7,57197878
2014-09-10,9672.45,9723.08,9635.5,9700.17,66540738
2014-09-11,9729.89,9732.83,9630.67,9691.28,62050275
2014-09-12,9706.59,9706.59,9617.7,9651.13,52625063
2014-09-15,9603.97,9682.46,9600.15,9659.63,55750897
2014-09-16,9644.28,9644.88,9588.65,9632.93,62265084
2014-09-17,9672.98,9695.44,9649.99,9661.5,67216885
2014-09-18,9703.1,9798.13,9686.43,9798.13,81235702
2014-09-19,9849.43,9891.2,9799.24,9799.26,195350414
2014-09-22,9748.53,9812.77,9735.69,9749.54,73980951
2014-09-23,9713.4,9719.66,9589.03,9595.03,88195952
2014-09-24,9598.77,9669.45,9534.77,9661.97,85850557
2014-09-25,9644.36,9718.11,9482.54,9510.01,97697000
2014-09-26,9500.55,9545.34,9454.88,9490.55,83499554
2014-09-29,9495.58,9504.98,9369.62,9422.91,77424784
2014-09-30,9446.81,9495,9404.89,9474.3,89859623
2014-10-01,9454.04,9520.97,9357.55,9382.03,83526579
2014-10-02,9363.28,9412.62,9195.68,9195.68,122375253
2014-10-06,9341.05,9343.65,9185.86,9209.51,103676286
2014-10-07,9164.77,9170.24,9080.35,9086.21,105001729
2014-10-08,9027.9,9064.88,8960.43,8995.33,112047011
2014-10-09,9082.66,9140.29,8975.06,9005.02,104101303
2014-10-10,8924.58,8958.66,8788.21,8788.81,162566052
2014-10-13,8703.85,8872.4,8699.6,8812.43,112874981
2014-10-14,8765.36,8854.39,8701.44,8825.21,116078320
2014-10-15,8838.68,8847.85,8558.83,8571.95,153532226
2014-10-16,8623.28,8662.86,8354.97,8582.9,224468475
2014-10-17,8629.16,8850.27,8588.42,8850.27,181971174
2014-10-20,8819.26,8834.73,8682.59,8717.76,103015964
2014-10-21,8693.06,8889.78,8644.71,8886.96,118317269
2014-10-22,8934.54,8957.16,8861.44,8940.14,97874288
2014-10-23,8873.54,9068.12,8820.89,9047.31,108376922
2014-10-24,9008.6,9044.85,8955.59,8987.8,98966499
2014-10-27,9080.8,9085.64,8837.66,8902.61,111764528
2014-10-28,8983.06,9077.89,8968.59,9068.19,78580544
2014-10-29,9139,9157.63,9072.64,9082.81,89680172
2014-10-30,9091.13,9146.95,8899.9,9114.84,119733178
2014-10-31,9283.4,9339.33,9217,9326.87,123211194
2014-11-03,9305.73,9343.64,9236.18,9251.7,79777577
2014-11-04,9244.09,9317.92,9148.78,9166.47,90365920
2014-11-05,9238.07,9329.07,9226.34,9315.48,81034837
2014-11-06,9284.97,9467.36,9268.63,9377.41,124002408
2014-11-07,9406.16,9414.32,9239.11,9291.83,104436951
2014-11-10,9233.87,9351.87,9222.57,9351.87,71162798
2014-11-11,9374.36,9400.9,9324.77,9369.03,79810337
2014-11-12,9339.68,9359.37,9189.63,9210.96,93733922
2014-11-13,9260.53,9311,9170.28,9248.51,82311964
2014-11-14,9272.36,9284.13,9184.46,9252.94,76730461
2014-11-17,9162.27,9331.32,9161.6,9306.35,72034408
2014-11-18,9323.75,9461.53,9323.52,9456.53,73982365
2014-11-19,9462.05,9521.73,9439.16,9472.8,73153498
2014-11-20,9460.4,9487.69,9382.23,9483.97,82097786
2014-11-21,9521.24,9736.14,9508.17,9732.55,166634381
2014-11-24,9722.31,9832.41,9711.77,9785.54,97612313
2014-11-25,9790.03,9921.46,9787.26,9861.21,117773853
2014-11-26,9894.6,9942.67,9868.35,9915.56,89124311
2014-11-27,9934.78,9992.67,9920.86,9974.87,84700245
2014-11-28,9990.7,9990.7,9902.4,9980.85,98906794
2014-12-01,9915.74,9979.08,9906.42,9963.51,97092835
2014-12-02,9983.79,10038.2,9910.21,9934.08,86630754
2014-12-03,9978.89,9993.85,9930.53,9971.79,83605017
2014-12-04,9998.85,10083.7,9835.42,9851.35,119705176
2014-12-05,9931.96,10093,9929.47,10087.1,93445064
2014-12-08,10060.9,10084.9,10014.9,10014.9,68931212
2014-12-09,9904.58,9951.66,9788.84,9793.71,110063626
2014-12-10,9859.78,9909.39,9775.39,9799.73,88531302
2014-12-11,9770.66,9907.82,9763.41,9862.53,98963276
2014-12-12,9794.2,9799.65,9586.22,9594.73,94544810
2014-12-15,9599.82,9678.26,9330.99,9334.01,112718683
2014-12-16,9366.56,9567.09,9219.05,9563.89,171052403
2014-12-17,9455.74,9589.25,9429.4,9544.43,102078946
2014-12-18,9711.61,9811.06,9671.18,9811.06,121015635
2014-12-19,9901.26,9901.26,9688.66,9786.96,173452906
2014-12-22,9827.26,9924.01,9826.55,9865.76,61833279
2014-12-23,9887.24,9922.11,9848.06,9922.11,47508196
2014-12-29,9914.87,9927.85,9775.45,9927.13,47150787
2014-12-30,9883.1,9886.78,9805.55,9805.55,34753267
2015-01-02,9869.13,9879.53,9687.26,9764.73,67673937
2015-01-05,9735.65,9790.27,9468.91,9473.16,105538349
2015-01-06,9484.25,9624.65,9382.82,9469.66,96812278
2015-01-07,9510.34,9592.37,9459.18,9518.18,82466602
2015-01-08,9643.77,9855.43,9607.9,9837.61,114825020
2015-01-09,9813.99,9860.18,9601.75,9648.5,107473403
2015-01-12,9697.46,9815.96,9622.32,9781.9,101315825
2015-01-13,9759.57,9978.94,9755.02,9941,116360634
2015-01-14,9810.7,9962.98,9768.1,9817.08,125068897
2015-01-15,9933.45,10063.1,9637.33,10032.6,147822288
2015-01-16,9985.51,10207.9,9940.64,10167.7,141081531
2015-01-19,10231.5,10293,10191.9,10242.3,80650325
2015-01-20,10278.5,10298.4,10211.3,10257.1,109024394
2015-01-21,10270.3,10308.6,10149.7,10299.2,116237909
2015-01-22,10300.2,10454,10228.5,10435.6,151255814
2015-01-23,10503.3,10704.3,10502.8,10649.5,167797347
2015-01-26,10592.9,10807.5,10589,10798.3,105118584
2015-01-27,10785.9,10810.5,10592.4,10628.5,115893506
2015-01-28,10719.4,10728.8,10552.7,10710.9,113074154
2015-01-29,10666.4,10743.5,10607.7,10737.8,100309991
2015-01-30,10801.3,10804,10642.5,10694.3,108714453
2015-02-02,10719.1,10828,10678.2,10828,100490418
2015-02-03,10867.6,10984.6,10860,10890.9,134335985
2015-02-04,10892.5,10912.2,10803.1,10911.3,98694461
2015-02-05,10840.7,10926.7,10822.7,10905.4,87662742
2015-02-06,10866.2,10877.6,10802.8,10846.3,78680471
2015-02-09,10765.2,10767.2,10614.1,10663.5,102797322
2015-02-10,10675.5,10797.4,10594.3,10753.8,93678072
2015-02-11,10765,10791.5,10696.7,10752.1,69851742
2015-02-12,10746.9,10955.4,10746.9,10919.6,107103025
2015-02-13,10952.3,11013.8,10948.4,10963.4,99482258
2015-02-16,10946.8,10963.4,10909.4,10923.2,61995461
2015-02-17,10847.7,10921.2,10765,10895.6,77400384
2015-02-18,10931.7,10980.9,10909.6,10961,70942131
2015-02-19,10932.4,11022.2,10874.9,11001.9,87999520
2015-02-20,10976.7,11081.8,10946.9,11050.6,136029001
2015-02-23,11150.4,11158.5,11069.7,11130.9,76625541
2015-02-24,11128.1,11228.3,11090.7,11205.7,82593844
2015-02-25,11208.2,11225.6,11174.7,11210.2,80915254
2015-02-26,11206.6,11330.6,11187,11327.1,85072962
2015-02-27,11337.1,11401.6,11301.3,11401.6,94058101
2015-03-02,11408.2,11455,11362.8,11410.3,80280925
2015-03-03,11424.6,11465.2,11280.3,11280.3,84804328
2015-03-04,11317.2,11390.3,11193.3,11390.3,79990878
2015-03-05,11427.6,11532.8,11409.1,11504,83133304
2015-03-06,11513.8,11600.3,11495.2,11550.9,83005806
2015-03-09,11510.3,11586.9,11461.8,11582.1,70116349
2015-03-10,11555.9,11577.7,11402.6,11500.3,93041569
2015-03-11,11531.5,11822.5,11531.5,11805.9,107890379
2015-03-12,11795.9,11830.1,11754.9,11799.3,119851496
2015-03-13,11845.9,11903.3,11744.9,11901.6,104888411
2015-03-16,11955.8,12219,11955.3,12167.7,112369883
2015-03-17,12163,12195.5,11930.5,11980.8,104121284
2015-03-18,12002.2,12017.9,11814.4,11922.7,114361610
2015-03-19,11897.4,12001.1,11787.3,11899.4,110433586
2015-03-20,11942.1,12087.6,11926.8,12039.3,181397811
2015-03-23,11984.7,11985.1,11858.1,11895.8,88385427
2015-03-24,11821.2,12030.5,11797.6,12005.6,104205647
2015-03-25,11995,12022.8,11858.2,11865.3,84585795
2015-03-26,11736.3,11849.3,11619.7,11843.6,120047442
2015-03-27,11920.2,11954,11799,11868.3,88495679
2015-03-30,11927.1,12090.1,11922.7,12086,75164170
2015-03-31,12054.2,12119.7,11943.1,11966.1,87376630
2015-04-01,11902.9,12112.9,11880.1,12001.3,93436865
2015-04-02,11991.6,12020.1,11948.8,11967.3,70758452
2015-04-07,12057.3,12149.3,12035.7,12123.5,91113068
2015-04-08,12109.8,12122.3,12017.8,12035.8,72017896
2015-04-09,12099.4,12166.4,12047.9,12166.4,60312567
2015-04-10,12226.9,12390.7,12214.5,12374.7,80849128
2015-04-13,12357.2,12388.1,12326.7,12338.7,62629811
2015-04-14,12306.3,12339.8,12181.2,12227.6,73456648
2015-04-15,12220.1,12326.1,12214.8,12231.3,69853987
2015-04-16,12224.7,12227.5,11997.7,11998.8,97991119
2015-04-17,11942.3,12019.7,11674.5,11688.7,136933634
2015-04-20,11736.4,11903.7,11727,11891.9,73533273
2015-04-21,11994.8,12079,11913.3,11939.5,80145644
2015-04-22,11984.3,12041.3,11787.2,11867.3,81502797
2015-04-23,11887.1,11940.2,11675.5,11723.5,89480477
2015-04-24,11783.5,11881,11711.1,11810.8,84712047
2015-04-27,11881.2,12050.7,11729,12039.1,103024819
2015-04-28,12035.5,12047.3,11743.7,11811.6,125624203
2015-04-29,11864.4,11885,11410.5,11432.7,134679778
2015-04-30,11440.7,11570.6,11331.3,11454.3,126690886
2015-05-04,11506.8,11656.8,11411.7,11619.8,80328749
2015-05-05,11576.1,11751.2,11322.6,11327.6,121580006
2015-05-06,11377.5,11457.9,11239.8,11350.1,101726681
2015-05-07,11265.1,11437.5,11167.5,11407.9,119253439
2015-05-08,11483,11710.4,11415.2,11709.7,111159499
2015-05-11,11674.5,11702.1,11622,11673.3,73175590
2015-05-12,11557.9,11565.2,11377.3,11472.4,104691765
2015-05-13,11532.9,11596.4,11301.6,11351.4,108123436
2015-05-14,11299.1,11579.8,11218.5,11559.8,72926151
2015-05-15,11593.2,11632.3,11383.2,11447,97759091
2015-05-18,11464.8,11594.9,11378.8,11594.2,78737696
2015-05-19,11709.8,11873.2,11706.8,11853.3,99880465
2015-05-20,11858.4,11871.4,11780,11848.4,68486735
2015-05-21,11815.4,11868.7,11758.8,11864.5,71402861
2015-05-22,11881.4,11881.8,11792.3,11815,64150276
2015-05-26,11841.4,11920.3,11586.3,11625.1,96666653
2015-05-27,11647,11790.3,11595.1,11771.1,100896079
2015-05-28,11716,11773.7,11605.9,11677.5,84031308
2015-05-29,11685.6,11704.3,11403.8,11413.8,124443628
2015-06-01,11462.9,11510.9,11345.1,11436,75686735
2015-06-02,11467,11467,11270.5,11328.8,88144833
2015-06-03,11359.8,11515.2,11300.3,11419.6,88106327
2015-06-04,11370.5,11449.7,11187.4,11340.6,106480090
2015-06-05,11241.4,11287.2,11155,11197.1,91468942
2015-06-08,11131.8,11224.5,11059.1,11064.9,98832861
2015-06-09,11025,11071.6,10864.6,11001.2,102708478
2015-06-10,10970.4,11299.6,10939.5,11265.3,102696850
2015-06-11,11242.8,11452.9,11236.5,11332.7,92249892
2015-06-12,11286.5,11365.9,11069.3,11196.4,88895886
2015-06-15,11053.2,11090.7,10952.7,10984.9,80597425
2015-06-16,10910,11074.3,10797.8,11044,88926100
2015-06-17,11066.7,11115.3,10947.3,10978,83258982
2015-06-18,10937.6,11109.7,10806.1,11100.3,100028237
2015-06-19,11121.3,11246.2,10997.9,11040.1,212137520
2015-06-22,11138.7,11470.2,11138.5,11460.5,119290885
2015-06-23,11552.9,11635.8,11517.1,11542.5,88926065
2015-06-24,11566.3,11589.3,11364.4,11471.2,94706745
2015-06-25,11410.6,11594.2,11352.4,11473.1,71845768
2015-06-26,11387.1,11561.8,11373.4,11492.4,94560472
2015-06-29,11404.7,11409.8,10964.2,11083.2,134211012
2015-06-30,11058,11137.1,10897.9,10944.9,135591329
2015-07-01,11050.3,11283.7,10979.2,11180.5,122763931
2015-07-02,11191.2,11229,11078.5,11099.3,77177963
2015-07-03,11082,11123.1,11005.7,11058.3,65584134
2015-07-06,10825,10996.4,10825,10890.6,101564336
2015-07-07,10930,10946.8,10663.9,10676.7,107402610
2015-07-08,10710.2,10802.8,10652.7,10747.3,94414976
2015-07-09,10795.1,11035,10784.4,10996.4,86428782
2015-07-10,11170.7,11339.7,11149.2,11315.6,104804045
2015-07-13,11489.1,11506.9,11421.8,11484.3,91886286
2015-07-14,11456.5,11519.3,11414.3,11516.9,67809733
2015-07-15,11508.3,11566,11475.9,11539.6,66692327
2015-07-16,11624.4,11787.5,11607.1,11716.7,86470624
2015-07-17,11747.4,11753.1,11649.9,11673.4,69953745
2015-07-20,11679.4,11802.3,11678.1,11735.7,62910725
2015-07-21,11760,11773.4,11583.8,11604.8,65376130
2015-07-22,11511.1,11589.6,11486.3,11520.6,70077553
2015-07-23,11611.4,11614.7,11453.6,11512.1,65094594
2015-07-24,11467.8,11542.9,11334.7,11347.4,68500230
2015-07-27,11287.7,11297.5,11052.8,11056.4,88788385
2015-07-28,11129.9,11242.4,11068.3,11173.9,75648987
2015-07-29,11249.3,11253.5,11123.2,11211.8,72184284
2015-07-30,11305.4,11313.2,11140.6,11257.1,96920791
2015-07-31,11271.3,11308.9,11173.1,11308.9,85130575
2015-08-03,11295.5,11460.4,11248.2,11443.7,80392758
2015-08-04,11408.2,11476.9,11380.8,11456,68762836
2015-08-05,11503.2,11655.7,11497.9,11636.3,76082519
2015-08-06,11605.5,11669.8,11574.9,11585.1,69557554
2015-08-07,11561.3,11582.9,11484.8,11490.8,62073813
2015-08-10,11545.6,11618.3,11431.7,11604.7,61246035
2015-08-11,11548,11561,11278.7,11293.6,87067969
2015-08-12,11151.7,11153.6,10892.8,10924.6,120520391
2015-08-13,11098.1,11153.9,10980.8,11014.6,88821098
2015-08-14,11010.5,11093,10911.1,10985.1,69223783
2015-08-17,11044.7,11113.7,10818.7,10940.3,71128329
2015-08-18,10916.7,10976,10883.1,10915.9,60549690
2015-08-19,10819.8,10848.8,10681.3,10682.1,84620654
2015-08-20,10593.2,10654.5,10400.9,10432.1,110741995
2015-08-21,10228.7,10437.2,10124.5,10124.5,157939616
2015-08-24,9805.72,9935.53,9338.2,9648.43,294378197
2015-08-25,9816.59,10185.8,9748.92,10128.1,213162892
2015-08-26,9956.85,10159.9,9853.12,9997.43,139035148
2015-08-27,10271.3,10382.9,10222,10315.6,108343522
2015-08-28,10335.9,10336.9,10186,10298.5,78726501
2015-08-31,10200.9,10273.5,10132.1,10259.4,78175031
2015-09-01,10073.7,10119.5,9928.65,10015.5,119366680
2015-09-02,10060.3,10122.2,9962.25,10048,92312335
2015-09-03,10161.3,10380.3,10145.7,10317.8,118777973
2015-09-04,10216.1,10216.1,9996.16,10038,137385471
2015-09-07,10148.8,10184.5,10055.1,10108.6,56074307
2015-09-08,10198.6,10371.9,10198.4,10271.3,99156012
2015-09-09,10489.2,10512.6,10301.1,10303.1,99939921
2015-09-10,10216,10326.5,10157.3,10210.4,104453643
2015-09-11,10243.4,10243.4,10079,10123.5,83247524
2015-09-14,10112.9,10225.3,10084.8,10131.7,77501868
2015-09-15,10154.7,10244.8,10070.1,10188.1,141958396
2015-09-16,10288.3,10336.2,10173.9,10227.2,122166413
2015-09-17,10269.3,10273.2,10208.5,10229.5,120023685
2015-09-18,10177.5,10180.5,9861.51,9916.16,284561608
2015-09-21,9837.13,10000.6,9785.11,9948.51,115163342
2015-09-22,9974.41,9974.8,9558.96,9570.66,154642433
2015-09-23,9578.1,9712.46,9492.86,9612.62,116043338
2015-09-24,9599.91,9707.69,9362.28,9427.64,156737932
2015-09-25,9594.53,9745.77,9585.33,9688.53,124073040
2015-09-28,9633.68,9677.25,9479.4,9483.55,106339020
2015-09-29,9346.04,9536.63,9325.05,9450.4,116110145
2015-09-30,9674.61,9732.54,9596.95,9660.44,113184226
2015-10-01,9757.04,9788.27,9471.36,9509.25,115443642
2015-10-02,9606.59,9667.54,9396.34,9553.07,126685608
2015-10-05,9691.65,9854.77,9647.17,9814.79,121330221
2015-10-06,9804.42,9957.92,9730.41,9902.83,99016953
2015-10-07,9968.56,10093.1,9932.42,9970.4,118894068
2015-10-08,9942.78,10027.4,9911.05,9993.07,103509105
2015-10-09,10100.7,10146.8,10049.3,10096.6,105247172
2015-10-12,10128.4,10187,10057.5,10119.8,105142516
2015-10-13,10106.6,10107.8,9939.96,10032.8,102166149
2015-10-14,9948.49,10036.2,9890.46,9915.85,98815533
2015-10-15,9999.64,10088.4,9957.39,10064.8,91564763
2015-10-16,10128.8,10166.7,10058.5,10104.4,100189461
2015-10-19,10084.6,10205,10084.6,10164.3,68180265
2015-10-20,10174.8,10194.5,10080.1,10147.6,69314641
2015-10-21,10185.4,10277.5,10107.9,10238.1,72186987
2015-10-22,10213,10508.2,10194.7,10491.9,110836745
2015-10-23,10610.3,10847.4,10586.9,10794.5,120121429
2015-10-26,10791.1,10863,10756.8,10801.3,75352127
2015-10-27,10761.3,10807.4,10692.1,10692.1,83819794
2015-10-28,10728.1,10848.4,10691.6,10831.9,79923370
2015-10-29,10867.1,10886.9,10741.1,10800.8,126302220
2015-10-30,10842.5,10850.5,10748.7,10850.1,92030902
2015-11-02,10749.9,10977.1,10744.3,10950.6,95950644
2015-11-03,10945.3,10972.2,10883.9,10951.1,84574475
2015-11-04,10957,10990.7,10825.5,10845.2,99251225
2015-11-05,10847.5,10963.9,10784.2,10887.7,94791791
2015-11-06,10872.9,11055.4,10843.4,10988,92252116
2015-11-09,10993.2,10995.4,10807.1,10815.4,75764088
2015-11-10,10846.9,10863.5,10728.9,10832.5,80064479
2015-11-11,10843.6,10994.5,10843.6,10907.8,82513179
2015-11-12,10895.7,10957.6,10735.1,10782.6,97216349
2015-11-13,10764.5,10811.7,10607.4,10708.4,85245729
2015-11-16,10609.1,10763.6,10608.8,10713.2,65211923
2015-11-17,10810.9,10971,10782.9,10971,76119379
2015-11-18,10901.7,10989.5,10877.6,10959.9,63453480
2015-11-19,11061.8,11150.7,11045.5,11085.4,77557235
2015-11-20,11123.8,11164.3,11049.3,11119.8,78613868
2015-11-23,11105.9,11126.3,11049.9,11092.3,61688439
2015-11-24,11064.7,11064.9,10869.2,10933.9,86968567
2015-11-25,10958.4,11186.6,10921.7,11169.5,86833364
2015-11-26,11180.9,11366.3,11176.5,11320.7,88740712
2015-11-27,11277.9,11354,11247.1,11293.7,63973443
2015-11-30,11268.3,11430.8,11253.3,11382.2,95920308
2015-12-01,11422.4,11430.3,11235.9,11261.2,111657532
2015-12-02,11301.5,11329.7,11188,11190,87503233
2015-12-03,11173.7,11318.8,10780.6,10789.2,159632005
2015-12-04,10770.1,10814.8,10632.7,10752.1,111673723
2015-12-07,10832.4,10992.5,10806.5,10886,72014122
2015-12-08,10872.6,10895.5,10616.2,10673.6,91022538
2015-12-09,10719.7,10719.7,10554.5,10592.4,88869009
2015-12-10,10547.5,10662.7,10500,10598.9,80125889
2015-12-11,10572.8,10596,10294.2,10340,105118433
2015-12-14,10406.7,10448.6,10122.9,10139.3,97320059
2015-12-15,10239.8,10482.7,10237.4,10450.3,101824128
2015-12-16,10476,10572.5,10423.7,10469.2,84332314
2015-12-17,10685.3,10829.6,10656.3,10738.1,115513286
2015-12-18,10639.9,10735.8,10543,10608.1,197070857
2015-12-21,10607.2,10796,10497.7,10497.7,79428853
2015-12-22,10598.1,10623.9,10400.6,10488.7,61732203
2015-12-23,10623.5,10743.3,10595.2,10727.6,71407212
2015-12-28,10748.3,10756.1,10627.4,10653.9,35335926
2015-12-29,10744.9,10860.1,10731.6,10860.1,53347371
2015-12-30,10855.1,10857.4,10743,10743,35240296
2016-01-04,10485.8,10485.9,10248.5,10283.4,119844268
2016-01-05,10373.2,10384.2,10173.5,10310.1,84890443
2016-01-06,10288.6,10288.6,10094.1,10214,90465727
2016-01-07,10144.1,10145.4,9810.47,9979.85,128029005
2016-01-08,10010.4,10122.4,9849.34,9849.34,98631078
2016-01-11,9814.04,9978.69,9813.02,9825.07,92547620
2016-01-12,9832.82,10092.6,9832.82,9985.43,99681343
2016-01-13,10112.3,10164,9929.07,9960.96,93643404
2016-01-14,9836.85,9884.27,9614.77,9794.2,137020764
2016-01-15,9778.36,9832.92,9459.09,9545.27,146397665
2016-01-18,9542.6,9657.94,9457.95,9521.85,91275222
2016-01-19,9722.64,9756.14,9626.65,9664.21,102829567
2016-01-20,9430.13,9490.45,9314.57,9391.64,138206228
2016-01-21,9400.69,9656.33,9348.74,9574.16,147730302
2016-01-22,9762.55,9837.62,9704.9,9764.88,127518267
2016-01-25,9790.44,9800.49,9681.7,9736.15,94406875
2016-01-26,9599.56,9867.18,9563.64,9822.75,113632594
2016-01-27,9781.42,9880.82,9728.64,9880.82,91926109
2016-01-28,9826.28,9905.08,9594.8,9639.59,117743730
2016-01-29,9772.58,9798.38,9656.36,9798.11,117174610
2016-02-01,9823.73,9827.1,9638.58,9757.88,92729421
2016-02-02,9721.18,9729.23,9536.97,9581.04,107857859
2016-02-03,9541.53,9577.2,9350.98,9434.82,125091414
2016-02-04,9522.67,9539.92,9270.09,9393.36,133766206
2016-02-05,9375.29,9469.71,9250.84,9286.23,134856019
2016-02-08,9329.87,9337.52,8937.98,8979.36,154467587
2016-02-09,8980.71,9041.9,8772.88,8879.4,159802682
2016-02-10,8937.98,9128.54,8875.45,9017.29,136822309
2016-02-11,8887.89,8899.57,8699.29,8752.87,153636317
2016-02-12,8854.4,8967.51,8815.77,8967.51,160471700
2016-02-15,9163.54,9249.46,9134.76,9206.84,127182108
2016-02-16,9242.75,9269.06,9079.19,9135.11,106014204
2016-02-17,9174.28,9394.62,9156.14,9377.21,128612991
2016-02-18,9428.01,9551.87,9349.95,9463.64,123801441
2016-02-19,9420.51,9474.02,9319.1,9388.05,109839929
2016-02-22,9481.37,9581.45,9477.69,9573.59,93879879
2016-02-23,9503.12,9535.12,9405.22,9416.77,89938886
2016-02-24,9396.48,9415.33,9125.19,9167.8,102284543
2016-02-25,9277.02,9391.31,9199.09,9331.48,98941340
2016-02-26,9454.52,9576.88,9436.33,9513.3,98620745
2016-02-29,9424.93,9498.57,9332.42,9495.4,93792525
2016-03-01,9482.66,9719.02,9471.09,9717.16,99543283
2016-03-02,9780.84,9837.11,9695.98,9776.62,106449632
2016-03-03,9807.06,9808.52,9709.68,9751.92,85246708
2016-03-04,9800.86,9899.11,9742.76,9824.17,93446785
2016-03-07,9764.08,9803.73,9690,9778.93,78146888
2016-03-08,9688.47,9785.05,9617.69,9692.82,95752689
2016-03-09,9700.16,9838.95,9679.19,9723.09,100899199
2016-03-10,9697.64,9995.84,9498.15,9498.15,177504378
2016-03-11,9672.05,9833.9,9642.79,9831.13,118955181
2016-03-14,9948.21,10039.6,9936.06,9990.26,91438198
2016-03-15,9941.46,9973.58,9890.12,9933.85,77982772
2016-03-16,9971.04,10021.7,9917.92,9983.41,93635152
2016-03-17,10051.6,10055.2,9753.04,9892.2,114653212
2016-03-18,9905.67,9961.48,9822.52,9950.8,209129904
2016-03-21,9893.26,10095.4,9863.83,9948.64,78954243
2016-03-22,9836.28,9990,9762.57,9990,81627679
2016-03-23,10046.9,10112.1,9964.63,10022.9,83248080
2016-03-24,9974.6,9977.99,9845.37,9851.35,73414461
2016-03-29,9900.88,9947.03,9808.48,9887.94,67557962
2016-03-30,9951.68,10097.7,9947.26,10046.6,89486696
2016-03-31,9997.44,10021.3,9947.02,9965.51,84529545
2016-04-01,9833.26,9851.31,9675.5,9794.64,97643663
2016-04-04,9789.77,9907.05,9732.82,9822.08,73483228
2016-04-05,9647.81,9661.3,9553.17,9563.36,93710925
2016-04-06,9582.46,9635.91,9505.9,9624.51,92588495
2016-04-07,9648.55,9702.18,9484.75,9530.62,83206361
2016-04-08,9576.4,9675.03,9572.57,9622.26,78334677
2016-04-11,9595.56,9751.93,9524.66,9682.99,78479681
2016-04-12,9716.75,9770.47,9617.83,9761.47,75912864
2016-04-13,9901.13,10026.1,9893.42,10026.1,106641009
2016-04-14,10042.2,10098.4,10016.1,10093.6,82082678
2016-04-15,10063.8,10070,10020.3,10051.5,81966379
2016-04-18,9933.7,10147.8,9920.9,10120.3,68564608
2016-04-19,10170.1,10370.8,10150.6,10349.5,99464193
2016-04-20,10312.6,10440.1,10304.1,10421.2,96317859
2016-04-21,10456.9,10474.3,10341.9,10435.7,101414449
2016-04-22,10377.2,10422.8,10324.8,10373.4,83529505
2016-04-25,10379.1,10399.3,10233.4,10294.3,75159658
2016-04-26,10359.7,10385.2,10213.5,10259.5,79903802
2016-04-27,10283.1,10323.2,10220.5,10299.8,99071898
2016-04-28,10222.1,10331.9,10125.5,10321.1,93064301
2016-04-29,10235.4,10252,10038.9,10038.9,112470154
2016-05-02,10091.1,10153.9,10066.3,10123.2,62290345
2016-05-03,10052.5,10061.9,9918.43,9926.77,129501237
2016-05-04,9925.25,9959.42,9812.73,9828.25,102911720
2016-05-05,9849.7,9921.37,9805.55,9851.86,71084364
2016-05-06,9805.39,9917.63,9737,9869.95,89841453
2016-05-09,9929.19,10068.5,9878.71,9980.49,80185999
2016-05-10,10057.5,10106.9,9994.58,10045.4,83009924
2016-05-11,10055.4,10055.7,9950.11,9975.32,97288272
2016-05-12,9899.9,10078.1,9838.12,9862.12,103137102
2016-05-13,9794.83,9979.93,9767.94,9952.9,85100056
2016-05-17,10016.7,10080.3,9846.91,9890.19,98583183
2016-05-18,9828.05,9946.27,9811.86,9943.23,76853562
2016-05-19,9847.64,9899.86,9773.72,9795.89,93387316
2016-05-20,9878.49,9921.59,9852.71,9916.02,78255472
2016-05-23,9891.38,9971.74,9811.74,9842.29,76899459
2016-05-24,9798.94,10077.6,9773.8,10057.3,85241428
2016-05-25,10143.3,10233,10130.6,10205.2,97691057
2016-05-26,10213.8,10286.2,10207,10272.7,74689635
2016-05-27,10257.9,10298.7,10241.9,10286.3,64407663
2016-05-30,10293.4,10338.4,10286.3,10333.2,35396910
2016-05-31,10356.1,10365.2,10243.2,10262.7,91591206
2016-06-01,10242.7,10283.8,10160.2,10204.4,79532030
2016-06-02,10199.2,10241.7,10156.8,10208,63117958
2016-06-03,10237.5,10282.7,10040.8,10103.2,85879750
2016-06-06,10105,10148.9,10092.8,10121,55122026
2016-06-07,10196.1,10312.5,10183.1,10287.6,78493415
2016-06-08,10246.4,10266.3,10177.4,10217,75767886
2016-06-09,10184.4,10187,10050,10088.8,108383532
2016-06-10,10024.6,10026.4,9819.12,9834.62,109159615
2016-06-13,9715.78,9755.23,9657.44,9657.44,102325227
2016-06-14,9595.17,9620.84,9507.51,9519.2,102835357
2016-06-15,9589.47,9665.21,9567.15,9606.71,95301358
2016-06-16,9480.43,9582.38,9432.87,9550.47,101528046
2016-06-17,9620.92,9705.29,9578.15,9631.36,145900515
2016-06-20,9850.59,9996.56,9850.59,9962.02,94347659
2016-06-21,9943.84,10051,9930.1,10015.5,83050053
2016-06-22,10084.7,10149.8,10043.6,10071,80461166
2016-06-23,10122.4,10340.8,10104.9,10257,110232987
2016-06-24,9237.62,9720.12,9226.15,9557.16,325189532
2016-06-27,9516.92,9589.28,9214.1,9268.66,209916544
2016-06-28,9458.38,9554.41,9419.38,9447.28,136518894
2016-06-29,9557.69,9640.39,9506.29,9612.27,115823931
2016-06-30,9566.07,9695.59,9513.52,9680.09,136896561
2016-07-01,9742.84,9806.47,9657.63,9776.12,101971071
2016-07-04,9797.66,9808.99,9701.15,9709.09,79934202
2016-07-05,9656.05,9659.41,9506.84,9532.61,97702093
2016-07-06,9449.57,9530.59,9304.01,9373.26,134692440
2016-07-07,9437.47,9507.91,9399.69,9418.78,91496980
2016-07-08,9392.2,9655.92,9389.05,9629.66,97029731
2016-07-11,9744.8,9841.86,9690.18,9833.41,80795483
2016-07-12,9850.4,10013.4,9841.11,9964.07,101659026
2016-07-13,9941.99,10001.8,9919.41,9930.71,96305952
2016-07-14,10058.4,10109.8,9984.55,10068.3,100409997
2016-07-15,10031.1,10098.7,9987.05,10066.9,89992452
2016-07-18,10079,10160.3,10011.8,10063.1,70359308
2016-07-19,10038.9,10050.7,9923.64,9981.24,69292536
2016-07-20,10054.5,10146.7,9991.65,10142,79709179
2016-07-21,10195.4,10195.6,10090.1,10156.2,97531520
2016-07-22,10130.5,10181.2,10073.2,10147.4,62724864
2016-07-25,10155.2,10264,10125.2,10198.2,58553188
2016-07-26,10199.6,10275.4,10150,10247.7,79527315
2016-07-27,10314.4,10352.3,10298.4,10319.5,85864160
2016-07-28,10309.9,10381.9,10264.3,10274.9,95731517
2016-07-29,10320.8,10355.3,10287.3,10337.5,94143227
2016-08-01,10426.3,10459.3,10277.3,10330.5,84752784
2016-08-02,10328.8,10330.6,10128.9,10144.3,124503842
2016-08-03,10150.1,10189.1,10092.5,10170.2,89966286
2016-08-04,10237,10282.1,10182.4,10227.8,79200082
2016-08-05,10242.8,10374.3,10216.6,10367.2,69838698
2016-08-08,10407.5,10478.7,10403.4,10432.3,66865105
2016-08-09,10438.6,10701.3,10433.7,10692.9,81923576
2016-08-10,10676.9,10708.2,10635.1,10650.8,101105909
2016-08-11,10687.5,10742.8,10635.4,10742.8,73242610
2016-08-12,10718.3,10735.1,10685.5,10713.4,60464372
2016-08-15,10719.1,10802.3,10712.1,10739.2,42913914
2016-08-16,10666.7,10737,10634.6,10676.6,63827502
2016-08-17,10694.5,10696.7,10516,10537.6,68616090
2016-08-18,10613,10625.3,10548.9,10603,55434520
2016-08-19,10613.2,10618.1,10490.9,10544.3,75389066
2016-08-22,10528.8,10656.2,10443.4,10494.3,60733212
2016-08-23,10542.9,10627,10516.2,10592.8,57648055
2016-08-24,10531.1,10653.1,10515.1,10622.9,62918068
2016-08-25,10576.5,10576.5,10470.7,10529.5,54747938
2016-08-26,10512.2,10613,10484,10587.7,49679639
2016-08-29,10503.8,10566.6,10441.8,10544.4,35059845
2016-08-30,10588.7,10688.4,10588.4,10657.6,62085382
2016-08-31,10627.1,10666.8,10591.4,10592.6,89943820
2016-09-01,10622.3,10676.3,10492.2,10534.3,104480684
2016-09-02,10570.7,10693.6,10516.8,10683.8,83683597
2016-09-05,10712.1,10740.3,10671.5,10672.2,58164154
2016-09-06,10704.8,10742.4,10657.4,10687.1,67228345
2016-09-07,10706.8,10775.9,10659.7,10752.9,79763466
2016-09-08,10749.8,10780.4,10570,10675.2,93703235
2016-09-09,10641.8,10671.6,10539.3,10573.4,101924789
2016-09-12,10380.4,10431.9,10299.3,10431.7,126469933
2016-09-13,10483,10507,10382.8,10386.6,89963718
2016-09-14,10410.3,10450.4,10369.7,10378.4,94000174
2016-09-15,10360.8,10446.4,10337.2,10431.2,83377481
2016-09-16,10403.6,10427.2,10262.1,10276.1,214977906
2016-09-19,10349.8,10381.9,10326.7,10373.8,72793725
2016-09-20,10374.6,10465.9,10371.6,10393.8,74047152
2016-09-21,10496.4,10535.2,10427.2,10436.4,79030138
2016-09-22,10518.5,10705.4,10517.8,10674.1,98953610
2016-09-23,10662.4,10675.6,10610.9,10626.9,70001780
2016-09-26,10555.1,10560.8,10385.6,10393.7,105447064
2016-09-27,10451.4,10455.8,10265.6,10361.4,111484373
2016-09-28,10425.8,10518.3,10417.1,10438.3,87738723
2016-09-29,10545.6,10575.3,10370.2,10405.5,103879884
2016-09-30,10240.6,10531.2,10189.9,10511,188168431
2016-10-04,10492.9,10646.7,10492.2,10619.6,131527101
2016-10-05,10535.6,10622.4,10486.6,10585.7,96736401
2016-10-06,10641.1,10641.1,10537.6,10568.8,108655321
2016-10-07,10549.6,10579,10465.3,10490.8,125272056
2016-10-10,10496,10639.4,10454.9,10624,101673904
2016-10-11,10600.9,10692.3,10568.7,10577.1,97984006
2016-10-12,10572.7,10604,10503.2,10523,90401475
2016-10-13,10425.7,10430.8,10349,10414,98756273
2016-10-14,10450,10615.3,10449.4,10580.3,101264572
2016-10-17,10544.6,10583.7,10491.2,10503.5,63729886
2016-10-18,10560.1,10657.3,10543.6,10631.5,88963507
2016-10-19,10626.9,10672.2,10587.7,10645.6,75976535
2016-10-20,10665.7,10748.4,10592.8,10701.3,106411639
2016-10-21,10710.5,10737.2,10672.3,10710.7,86862549
2016-10-24,10743.8,10820,10743.8,10761.1,79892758
2016-10-25,10786.2,10827.7,10738.3,10757.3,92480484
2016-10-26,10726.2,10737.7,10632.2,10709.6,78207227
2016-10-27,10691.8,10772.6,10656.1,10717,84114617
2016-10-28,10634.9,10716.1,10583.5,10696.1,72757211
2016-10-31,10658.6,10687.7,10634.3,10665,70462663
2016-11-01,10724.1,10730.4,10506.3,10526.1,77982310
2016-11-02,10443.5,10460.9,10368.2,10370.9,92787189
2016-11-03,10341.8,10406.7,10325.8,10325.8,85258564
2016-11-04,10281.8,10286.3,10212.5,10259.1,90278793
2016-11-07,10410.5,10456.9,10381.1,10456.9,84888864
2016-11-08,10449.5,10486,10414.8,10482.3,78075346
2016-11-09,10181.8,10646.5,10174.9,10646,173824260
2016-11-10,10710,10793.9,10575.9,10630.1,191298216
2016-11-11,10702.8,10714.4,10584.3,10667.9,133408072
2016-11-14,10750.6,10802.3,10677,10693.6,134894057
2016-11-15,10720.9,10748.3,10666.1,10735.1,107326314
2016-11-16,10726.3,10735.4,10610.2,10663.8,98808310
2016-11-17,10640.3,10686.8,10604.3,10685.5,98108196
2016-11-18,10735,10737.9,10649.1,10664.5,106647482
2016-11-21,10697.9,10727,10595.1,10685.1,73724159
2016-11-22,10745.6,10767.7,10707.8,10713.8,85867221
2016-11-23,10718.8,10742.6,10602.2,10662.4,95534933
2016-11-24,10689.1,10715.6,10653.6,10689.2,55623308
2016-11-25,10700.1,10710.1,10649.3,10699.2,61043930
2016-11-28,10655.9,10658.3,10554.9,10582.6,75862477
2016-11-29,10562.1,10624.7,10539.2,10620.4,80835841
2016-11-30,10615.7,10691.6,10606,10640.3,110326091
2016-12-01,10593,10627.1,10502.5,10534,93397647
2016-12-02,10436.4,10545.3,10402.5,10513.3,86402751
2016-12-05,10494.6,10730.7,10493.6,10684.8,107266876
2016-12-06,10685,10786.2,10668.6,10775.3,142691652
2016-12-07,10885,10988.7,10873.8,10986.6,148433132
2016-12-08,11035.7,11193.1,10990.6,11179.4,180242345
2016-12-09,11170.1,11231.6,11145.9,11203.6,107041234
2016-12-12,11198.4,11213,11141.8,11190.2,92589385
2016-12-13,11194.6,11300.4,11191.6,11284.6,101532392
2016-12-14,11254.4,11281.4,11235.2,11244.8,93090649
2016-12-15,11267,11387.1,11267,11366.4,145748187
2016-12-16,11368.6,11451.5,11357.1,11404,184161520
2016-12-19,11384,11426.7,11380.1,11426.7,83386166
2016-12-20,11415.3,11472,11406.9,11464.7,78145016
2016-12-21,11445.2,11479.8,11440.2,11468.6,64311346
2016-12-22,11444.4,11475.7,11428.7,11456.1,51520761
2016-12-23,11477.2,11480.1,11409.4,11449.9,55099166
2016-12-27,11457.9,11481.4,11451.5,11472.2,29548740
2016-12-28,11469.4,11475.8,11459.4,11474.9,47142491
2016-12-29,11411.3,11459.1,11404.8,11451,45106536
2016-12-30,11443.3,11481.6,11405.7,11481,43103975
2017-01-02,11426.3,11617.2,11414.8,11598.3,48923819
2017-01-03,11631.7,11637.3,11561.2,11584.2,91147885
2017-01-04,11609.5,11616,11531.4,11584.3,84715048
2017-01-05,11537.7,11602.5,11537.4,11584.9,77242248
2017-01-06,11560.5,11605.7,11547,11599,69159741
2017-01-09,11606.8,11606.8,11522.3,11563.9,81163086
2017-01-10,11583.2,11606.9,11544.9,11583.3,88738896
2017-01-11,11587.5,11692.2,11524.9,11646.1,101228849
2017-01-12,11599.2,11606.4,11491.8,11521,101596108
2017-01-13,11576.7,11635.5,11554.4,11629.1,82608883
2017-01-16,11537.4,11579,11535.9,11554.7,62995014
2017-01-17,11521.5,11583.4,11425.1,11540,87255014
2017-01-18,11592.1,11599.3,11529.7,11599.3,82308118
2017-01-19,11624.1,11644.8,11578.9,11596.8,91888979
2017-01-20,11568.9,11636.7,11547,11630.1,114827713
2017-01-23,11545.9,11605.2,11508.8,11545.7,80310853
2017-01-24,11554.8,11596.1,11538,11594.9,81681377
2017-01-25,11677.6,11827.7,11669.3,11806,123211679
2017-01-26,11867.9,11893,11819.7,11848.6,93495655
2017-01-27,11841.7,11844.6,11798.2,11814.2,73417337
2017-01-30,11786.3,11792.3,11659.3,11681.8,77630121
2017-01-31,11692.5,11733.1,11535.3,11535.3,100426438
2017-02-01,11646.4,11723.3,11622.6,11659.5,97419186
2017-02-02,11628.2,11675.9,11603.6,11627.9,100632928
2017-02-03,11636.2,11696.9,11627.9,11651.4,82665350
2017-02-06,11628,11679.9,11509.5,11509.8,95252695
2017-02-07,11498.4,11606.2,11483.8,11549.4,72245507
2017-02-08,11546.9,11591.2,11479.7,11543.3,98264799
2017-02-09,11584.4,11657.2,11548.1,11642.8,110083284
2017-02-10,11698.7,11711.5,11645.1,11666.9,79222833
2017-02-13,11697.9,11812.6,11684.9,11774.4,79031312
2017-02-14,11766.9,11787.8,11752.6,11771.8,72651288
2017-02-15,11834.4,11848,11725.3,11793.9,88876094
2017-02-16,11778.9,11814.7,11728.3,11757.2,76427141
2017-02-17,11759.5,11775.4,11693.7,11757,92669731
2017-02-20,11831.7,11841,11804.7,11827.6,56384891
2017-02-21,11817.9,11987.5,11798.4,11967.4,77830012
2017-02-22,11989.7,12031.1,11966,11998.5,94710082
2017-02-23,11994,12015.9,11925.8,11947.8,71930417
2017-02-24,11920.9,11934.6,11722.3,11804,101754705
2017-02-27,11858.1,11860.8,11792.5,11822.6,64790799
2017-02-28,11847,11853.5,11780.8,11834.4,73499629
2017-03-01,11915,12074,11913.8,12067.1,109554617
2017-03-02,12052.8,12082.5,12041.9,12059.5,82100896
2017-03-03,11998,12058.2,11995.4,12027.3,103293098
2017-03-06,11956.8,11998.8,11921.5,11958.4,99167751
2017-03-07,11963.7,11988.8,11935.3,11966.1,78817389
2017-03-08,11922.8,12017.2,11922.3,11967.3,99113866
2017-03-09,11923.5,12024.7,11917.7,11978.3,106149104
2017-03-10,12018.4,12067,11936.8,11963.1,110635143
2017-03-13,11954.8,12006,11949,11990,78031439
2017-03-14,11987.3,12002.7,11930.3,11988.7,108404736
2017-03-15,12000.4,12027,11977.3,12009.8,104493036
2017-03-16,12140.3,12156.4,12046,12083.1,123028263
2017-03-17,12039.2,12117.9,12018.2,12095.2,193232656
2017-03-20,12050.8,12082.3,12033.2,12052.9,110670311
2017-03-21,12083,12111.2,11938.4,11962.1,134942061
2017-03-22,11870.7,11934.3,11850.2,11904.1,110179999
2017-03-23,11914.2,12043.6,11896.6,12039.6,87335298
2017-03-24,12033.2,12082.6,12010.3,12064.2,95562884
2017-03-27,11957.6,11996.3,11916,11996,88957895
2017-03-28,12062.6,12158.7,12045.1,12149.4,95836263
2017-03-29,12195.8,12233.7,12180.8,12203,104379324
2017-03-30,12220.6,12258.3,12200.3,12256.4,88505321
2017-03-31,12241.5,12313.2,12230.1,12312.8,113056629
2017-04-03,12368.8,12375.5,12256.9,12257.2,88500744
2017-04-04,12255.7,12288.7,12225.3,12282.3,118109970
2017-04-05,12280,12293.1,12212.1,12217.5,86821027
2017-04-06,12147.3,12242.5,12119,12230.8,76552820
2017-04-07,12174.5,12225,12144.9,12225,74114376
2017-04-10,12244.5,12246.8,12178.1,12200.5,58528145
2017-04-11,12149.4,12221.4,12049.9,12139.3,84119622
2017-04-12,12174.9,12242.7,12123.1,12154.7,76479586
2017-04-13,12137.5,12147.7,12089.9,12109,75853235
2017-04-18,12135.6,12162.4,11996.7,12000.4,89781541
2017-04-19,12014,12040.2,12001.8,12016.4,85822603
2017-04-20,11968,12050.6,11941.5,12027.3,85378069
2017-04-21,12032.7,12091.3,12009.1,12048.5,109697849
2017-04-24,12296.5,12456.1,12289.3,12454.9,191815012
2017-04-25,12457.8,12482.9,12439.1,12467,94319014
2017-04-26,12466.5,12486.2,12442.3,12472.8,90378708
2017-04-27,12440,12478.2,12426.9,12443.7,104308713
2017-04-28,12417.8,12462.1,12414.1,12438,104960733
2017-05-02,12478.4,12511.1,12433.5,12507.9,87900154
2017-05-03,12502.3,12532.2,12477.8,12527.8,81772015
2017-05-04,12552,12648.2,12539.7,12647.7,105610317
2017-05-05,12601.4,12718.6,12591.7,12716.8,107711600
2017-05-08,12758.4,12762,12659.7,12694.5,100741470
2017-05-09,12732.7,12783.2,12703.9,12749.1,113255347
2017-05-10,12728.9,12776,12715.6,12757.4,108072893
2017-05-11,12767.1,12772.8,12662.4,12711,103238687
2017-05-12,12728.8,12771,12714.3,12770.4,109479658
2017-05-15,12824,12832.2,12729.4,12807,87078763
2017-05-16,12787.6,12841.6,12776,12804.5,80321610
2017-05-17,12700.1,12786.8,12587.4,12631.6,108947976
2017-05-18,12608.1,12634.2,12489.9,12590,123482741
2017-05-19,12612.3,12658.5,12596.7,12638.6,121951600
2017-05-22,12664.9,12670.2,12571,12619.4,75328619
2017-05-23,12597.5,12703.7,12593.3,12659.1,91032240
2017-05-24,12631.3,12662,12617.7,12642.8,73727450
2017-05-25,12693.8,12697.6,12543.7,12621.7,59481789
2017-05-26,12604.4,12611.4,12529.5,12602.1,75557506
2017-05-29,12588.8,12633.3,12578.5,12628.9,38067144
2017-05-30,12583.8,12648.1,12567.2,12598.6,74543658
2017-05-31,12612.5,12709.1,12582.8,12615,140248165
2017-06-01,12623.6,12677.6,12621.5,12664.9,90289799
2017-06-02,12735,12878.5,12734.7,12822.9,91145860
2017-06-06,12768.4,12788.3,12679.5,12690.1,102020035
2017-06-07,12659.9,12746.4,12640.5,12672.4,127078736
2017-06-08,12688.5,12740.3,12684.7,12713.5,100520907
2017-06-09,12711.5,12821,12711.5,12815.7,93323514
2017-06-12,12760.3,12782.7,12666.3,12690.4,96943942
2017-06-13,12739.5,12790.3,12727.8,12764.9,76825570
2017-06-14,12798.2,12921.1,12788.7,12805.9,107147000
2017-06-15,12801.9,12804.4,12620.9,12691.8,123566307
2017-06-16,12746,12762.3,12707.5,12752.7,223600787
2017-06-19,12849.9,12912.8,12833,12888.9,80345725
2017-06-20,12938,12951.5,12814.7,12814.7,81462705
2017-06-21,12792.3,12804.4,12708.9,12774.2,72029610
2017-06-22,12758.6,12806,12717.2,12794,74006641
2017-06-23,12757.9,12787.2,12677.4,12733.4,78472787
2017-06-26,12783.8,12841.3,12752.7,12770.8,70394345
2017-06-27,12728.5,12751.2,12644.9,12671,110320042
2017-06-28,12586,12671.2,12536.8,12647.2,106794287
2017-06-29,12707.4,12729.1,12396.1,12416.1,119029603
2017-06-30,12424.5,12459.6,12319,12325.1,107048341
2017-07-03,12396.3,12486.2,12390.7,12475.3,79447826
2017-07-04,12413.6,12481.8,12411.5,12437.1,66570986
2017-07-05,12432.4,12496.8,12406.6,12453.6,85197952
2017-07-06,12474.5,12490.7,12316.4,12381.2,115823000
2017-07-07,12376.1,12388.6,12339.9,12388.6,81462474
2017-07-10,12464.9,12482.9,12406.2,12445.9,71494816
2017-07-11,12479.6,12539.1,12417.8,12437,74906980
2017-07-12,12469.8,12648.1,12468.1,12626.5,99752831
2017-07-13,12614.1,12676.5,12613.5,12641.3,81572246
2017-07-14,12642.6,12662,12577.3,12631.7,70410922
2017-07-17,12652.3,12656.1,12542.9,12587.1,54770962
2017-07-18,12540.9,12572.8,12384.6,12430.3,89673532
2017-07-19,12468,12475.1,12418.6,12452,77526044
2017-07-20,12514.8,12575.5,12392.1,12447.2,107309180
2017-07-21,12424.8,12464.1,12190.8,12240,136827351
2017-07-24,12228.6,12235.8,12142,12208.9,88820603
2017-07-25,12228.3,12301.6,12211.1,12264.3,80623147
2017-07-26,12260.3,12341,12255.7,12305.1,81672596
2017-07-27,12230,12293.9,12176,12212,102838884
2017-07-28,12151.3,12183.7,12098.5,12162.7,93127166
2017-07-31,12141.5,12210.3,12097.3,12118.2,89281663
2017-08-01,12147.8,12302.3,12092,12251.2,89613760
2017-08-02,12269.9,12275,12153.5,12181.4,88385900
2017-08-03,12130.7,12184.6,12099.1,12154.7,81423082
2017-08-04,12138,12321.9,12123.6,12297.7,98570828
2017-08-07,12305.7,12336,12225.7,12257.1,68055872
2017-08-08,12239.7,12329.9,12184.5,12292,71153994
2017-08-09,12191.3,12227.5,12100.1,12154,118225703
2017-08-10,12158.6,12158.9,11993.7,12014.3,97856419
2017-08-11,11961.6,12046.8,11934.9,12014,93890711
2017-08-14,12100.1,12195.4,12097,12165.1,80119628
2017-08-15,12208.3,12234.6,12156.8,12177,62176393
2017-08-16,12250,12301.4,12240.8,12263.8,66669907
2017-08-17,12236.6,12290,12184.2,12203.4,76445023
2017-08-18,12103.5,12178,12080.7,12165.1,90542955
2017-08-21,12105.7,12149.5,12021.7,12065.9,72152570
2017-08-22,12151.7,12234.7,12124.1,12229.3,68613917
2017-08-23,12227.2,12269.9,12155.7,12174.3,65936448
2017-08-24,12196.1,12254.7,12169.5,12180.8,64796015
2017-08-25,12194.7,12249.4,12132.5,12167.9,59298590
2017-08-28,12105.4,12173.5,12064.3,12123.4,35880492
2017-08-29,12031.1,12032.3,11868.8,11945.8,100900784
2017-08-30,12026.4,12040.8,11989.6,12002.4,59025973
2017-08-31,12098.5,12115.5,12034.1,12055.8,80723135
2017-09-01,12101.1,12191.2,12085.3,12142.6,75806821
2017-09-04,12051.8,12138.4,12050.5,12102.2,45046738
2017-09-05,12125.4,12210.2,12100.2,12123.7,67683709
2017-09-06,12071.9,12260.7,12066.8,12214.5,85600783
2017-09-07,12284.1,12363.6,12265.5,12296.6,96596296
2017-09-08,12261.8,12321.6,12245.3,12303.9,63294476
2017-09-11,12381.5,12481.7,12381.3,12475.2,79196243
2017-09-12,12527.4,12558,12512.5,12524.7,87717785
2017-09-13,12489.2,12565.8,12489.2,12553.5,82355103
2017-09-14,12524.1,12552.1,12499.5,12540.4,85606660
2017-09-15,12525.3,12561.3,12506.9,12518.8,197944166
2017-09-18,12593.5,12613.5,12537,12559.3,60151057
2017-09-19,12556.4,12566.2,12527.9,12561.7,76516417
2017-09-20,12550.9,12593.2,12518.2,12569.1,104832842
2017-09-21,12601.9,12621.2,12582,12600,103930257
2017-09-22,12569.6,12646.5,12568.8,12592.3,78836138
2017-09-25,12573.3,12633,12564.8,12594.8,81068754
2017-09-26,12557.4,12629.9,12551.8,12605.2,75452455
2017-09-27,12630.4,12685.1,12625.5,12657.4,82220901
2017-09-28,12682.3,12708.7,12666,12704.6,87574718
2017-09-29,12725.8,12828.8,12722.3,12828.8,108145117
2017-10-02,12866.2,12902.6,12849.5,12902.6,74924310
2017-10-04,12955.8,12976.2,12893.7,12970.5,118792450
2017-10-05,12950.1,12969.4,12933.5,12968,80961271
2017-10-06,12979.3,12993.5,12941.1,12955.9,75287613
2017-10-09,12975.8,12996.6,12943.5,12976.4,62755997
2017-10-10,12959.7,12980.4,12909.2,12949.2,67271693
2017-10-11,12965.2,12976.3,12925.2,12970.6,75121023
2017-10-12,12977.2,13002.3,12945,12982.8,76552199
2017-10-13,12995,13036.7,12964.3,12991.8,70252541
2017-10-16,13017.1,13026.4,13000.3,13003.7,56348908
2017-10-17,12995.8,13034.4,12967.3,12995,70289433
2017-10-18,13012.8,13094.7,13003.9,13043,65707729
2017-10-19,13036.2,13042.6,12911.5,12990.1,82339157
2017-10-20,13057.7,13063.5,12956.4,12991.2,83568262
2017-10-23,13014.5,13069.4,12973.4,13003.1,61435261
2017-10-24,12998.6,13055.6,12983.3,13013.1,97334771
2017-10-25,12998.4,13049.4,12931.2,12953.4,95715793
2017-10-26,12955.4,13144.6,12940.8,13133.2,114137075
2017-10-27,13186.5,13249,13186.5,13217.5,107733635
2017-10-30,13227.8,13255.3,13214.6,13229.5,73875608
2017-11-01,13342.4,13488.5,13341.3,13465.5,128684634
2017-11-02,13448.5,13460.8,13405.9,13440.9,97088698
2017-11-03,13476.5,13505,13430.2,13478.8,90110224
2017-11-06,13459.4,13481.2,13441.6,13468.7,92566582
2017-11-07,13517.9,13525.5,13369.8,13379.2,89108999
2017-11-08,13404.5,13419.7,13345.1,13382.4,106478110
2017-11-09,13378.9,13402,13175.2,13182.5,145236280
2017-11-10,13206.3,13216.9,13111.6,13127.4,118344903
2017-11-13,13150.7,13163.9,12960.6,13074.4,104959202
2017-11-14,13101,13139.2,13000.1,13033.4,94212759
2017-11-15,12963,12996.1,12847.8,12976.3,136220662
2017-11-16,13024.3,13071.9,13008,13047.2,103015196
2017-11-17,13051.7,13089.7,12984.6,12993.7,103960919
2017-11-20,12932.8,13085.1,12926.1,13058.6,93225695
2017-11-21,13042.9,13209,13026.7,13167.5,103661261
2017-11-22,13171.3,13191.9,13008.9,13015,82725162
2017-11-23,12943.4,13049,12921.1,13008.5,71215554
2017-11-24,13023.5,13160.8,12981.6,13059.8,65853334
2017-11-27,13036.7,13117.7,12989.3,13000.2,66057934
2017-11-28,13008.9,13071,12966.3,13059.5,67910169
2017-11-29,13153.7,13196.1,13037.3,13061.8,95713870
2017-11-30,13060.5,13177.5,13023.9,13023.9,129442114
2017-12-01,13044.1,13064.2,12810.1,12861.4,117405686
2017-12-04,13038.7,13117.7,12974.3,13058.5,88222053
2017-12-05,13056.8,13094.3,12960.5,13048.5,83685682
2017-12-06,12897.4,13033.7,12864.6,12998.8,87031680
2017-12-07,13026.3,13083,12989,13045.1,78558945
2017-12-08,13146.8,13240.9,13136.7,13153.7,106951658
2017-12-11,13181.8,13192.4,13112.8,13123.6,73469995
2017-12-12,13131.4,13183.8,13079.8,13183.5,78654600
2017-12-13,13148.5,13188,13120.4,13125.6,122704412
2017-12-14,13107.1,13159.4,13011.9,13068,124876060
2017-12-15,13027.8,13109.1,13008,13103.5,187970928
2017-12-18,13211.6,13331.9,13206.1,13312.3,96197093
2017-12-19,13314.7,13338.9,13213.1,13215.7,75890098
2017-12-20,13244.2,13252.6,13026.1,13069.1,82141551
2017-12-21,13065.7,13137.7,13013.6,13109.7,72363100
2017-12-22,13076.7,13108.5,13059.8,13072.7,54386911
2017-12-27,13070.1,13128.7,13020.4,13070,45964315
2017-12-28,13065.4,13069.4,12965.2,12979.9,44365261
2017-12-29,12980,12980.7,12911.7,12917.6,43327473
2018-01-02,12897.6,12924.1,12745.1,12871.3,88487813
2018-01-03,12916.1,13023.5,12893,12978.2,87242718
2018-01-04,13065.9,13208.3,13062.6,13167.8,103899844
2018-01-05,13219.1,13332.8,13219.1,13319.6,115621245
2018-01-08,13399.6,13407.8,13334.1,13367.7,97642998
2018-01-09,13383.2,13425,13361.2,13385.5,97147833
2018-01-10,13355.2,13377.8,13227.5,13281.3,123608400
2018-01-11,13281.2,13298.6,13151.8,13202.9,113292293
2018-01-12,13241.2,13265.1,13168,13245,90322748
2018-01-15,13244.3,13250.3,13173.7,13200.5,59992424
2018-01-16,13228.6,13351,13196.5,13246.3,88129176
2018-01-17,13200.9,13251.4,13137.5,13183.9,90379032
2018-01-18,13250.2,13293.2,13201.3,13281.4,92200087
2018-01-19,13297.7,13445.4,13294.8,13434.4,111062476
2018-01-22,13435.1,13470,13410.9,13463.6,98010314
2018-01-23,13577.1,13596.8,13517.8,13559.6,99969164
2018-01-24,13572.7,13576.8,13414.7,13414.7,107852833
2018-01-25,13374.3,13443.3,13222.4,13298.3,108655632
2018-01-26,13297.5,13348.6,13268.3,13340.1,77883524
2018-01-29,13358.9,13370,13274.8,13324.4,80973714
2018-01-30,13223.9,13309.8,13171.9,13197.7,118222999
2018-01-31,13210.7,13268.4,13159.3,13189.4,115001092
2018-02-01,13235.1,13301.4,12971.7,13003.9,126079313
2018-02-02,12954.5,12954.5,12782,12785.1,144405695
2018-02-05,12687.7,12752.6,12622.4,12687.4,116920430
2018-02-06,12232.8,12550.1,12232.8,12392.6,210251418
2018-02-07,12478.6,12651.2,12414.8,12590.4,157687828
2018-02-08,12506.1,12541.3,12187.4,12260.2,158246391
2018-02-09,12263.1,12296.1,12003.3,12107.4,180322045
2018-02-12,12238.6,12379.1,12222.3,12282.7,123244383
2018-02-13,12282.7,12300.6,12196.2,12196.5,97277664
2018-02-14,12294.8,12393.7,12075.2,12339.1,134304449
2018-02-15,12425.4,12479.9,12275,12346.1,115104648
2018-02-16,12408.4,12484.1,12368.7,12451.9,106999232
2018-02-19,12495,12505.4,12361.8,12385.6,68711961
2018-02-20,12403.6,12496.1,12333.7,12487.9,89497953
2018-02-21,12457.2,12474.3,12372.2,12470.4,85619834
2018-02-22,12358.8,12497.7,12283.7,12461.9,107098366
2018-02-23,12491.7,12513.3,12431.9,12483.7,100674835
2018-02-26,12566,12601.4,12484.5,12527,80336624
2018-02-27,12573.6,12577.5,12436.1,12490.7,92343094
2018-02-28,12427.4,12516.9,12417.9,12435.8,95972886
2018-03-01,12386.4,12387.8,12143.1,12190.9,116577926
2018-03-02,12051.8,12081.4,11877.6,11913.7,123526763
2018-03-05,11831.5,12110.1,11830.9,12090.8,112907941
2018-03-06,12229.2,12259.5,12110.3,12113.8,107475269
2018-03-07,12060,12275.6,12020.6,12245.3,95454717
2018-03-08,12237.9,12382.6,12177.1,12355.5,100426532
2018-03-09,12331.6,12407.9,12284.5,12346.6,98673304
2018-03-12,12453.3,12454.9,12361,12418.3,140618237
2018-03-13,12425.6,12459.9,12162.4,12221,135549565
2018-03-14,12212.4,12322.8,12202.7,12237.7,107034787
2018-03-15,12284.1,12378.3,12239.9,12345.5,109590079
2018-03-16,12345.5,12454,12337.6,12389.5,218306268
2018-03-19,12346.5,12369.7,12183.7,12217,99635249
2018-03-20,12261.1,12320,12191.5,12307.3,74617816
2018-03-21,12336.7,12344,12250.3,12309.1,111981523
2018-03-22,12187.7,12267.1,12009.5,12100,142319559
2018-03-23,11995.5,12001.7,11818.7,11886.3,149646311
2018-03-26,11919.6,11984.5,11726.6,11787.2,102779009
2018-03-27,11996.3,12042.7,11927.9,11970.8,101501739
2018-03-28,11868,11961.1,11770.4,11940.7,116702254
2018-03-29,11956.3,12151.3,11942.2,12096.7,114172025
2018-04-03,11997.4,12069.4,11913.6,12002.4,97979611
2018-04-04,12000.4,12011.1,11792.3,11957.9,110191261
2018-04-05,12153.6,12322.3,12135.6,12305.1,112222647
2018-04-06,12242.9,12290,12202,12241.2,89658978
2018-04-09,12311,12371.1,12205.3,12261.7,79551849
2018-04-10,12389.9,12428.9,12334.9,12397.3,101910189
2018-04-11,12372,12381.5,12256.5,12293.9,101563647
2018-04-12,12282.3,12434.2,12263.7,12415,84303287
2018-04-13,12461.3,12523.9,12411.6,12442.4,78840337
2018-04-16,12478.9,12487,12375.6,12391.4,64842479
2018-04-17,12443.2,12614.2,12417.2,12585.5,87223541
2018-04-18,12597.5,12640.2,12548.4,12590.8,85124382
2018-04-19,12595.6,12595.6,12534.6,12567.4,72762791
2018-04-20,12555.9,12585.3,12490.7,12540.5,114636460
2018-04-23,12538.1,12588.2,12466.4,12572.3,80382459
2018-04-24,12602.4,12647.1,12481.3,12550.8,108974519
2018-04-25,12456.8,12484.7,12312.2,12422.3,110989366
2018-04-26,12395.9,12503.2,12383.9,12500.4,121289858
2018-04-27,12572.7,12627.7,12518,12580.8,109216647
2018-04-30,12606.2,12622.9,12563.7,12612.1,99103003
2018-05-02,12610.7,12827.5,12605.3,12802.2,113488057
2018-05-03,12775.6,12798.1,12665.3,12690.1,100924460
2018-05-04,12733.1,12819.6,12707.8,12819.6,97626495
2018-05-07,12827.4,12961,12813.5,12948.1,65559397
2018-05-08,12924.2,12933.6,12855,12912.2,94975814
2018-05-09,12917.8,12962.5,12890.3,12943,107774609
2018-05-10,12975,13034.2,12928.5,13022.8,74786472
2018-05-11,13023,13033.3,12964,13001.2,87690071
2018-05-14,13009.8,13015.1,12927.2,12977.7,79863323
2018-05-15,12947.9,13006.3,12918.2,12970,109415012
2018-05-16,12983.4,13030.7,12960.5,12996.3,107954675
2018-05-17,12985.1,13114.6,12981.8,13114.6,95826699
2018-05-18,13115.6,13133.1,13051.1,13077.7,127621312
2018-05-22,13132.5,13204.3,13061.7,13169.9,112648851
2018-05-23,13138.8,13148,12929.9,12976.8,108033062
2018-05-24,12955.9,13006.4,12801.8,12855,147732404
2018-05-25,12917.1,13002.4,12852.1,12938,106525044
2018-05-28,13016.5,13040.6,12828.2,12863.4,71640434
2018-05-29,12786.1,12803.2,12608.7,12666.5,158438956
2018-05-30,12693.3,12783.7,12663.3,12783.7,127589468
2018-05-31,12796.1,12803.6,12547.6,12604.8,188819712
2018-06-01,12678,12800.4,12660.7,12724.2,126691548
2018-06-04,12839.4,12846.2,12714,12770.7,86964888
2018-06-05,12766.1,12925.2,12753.3,12787.1,110517332
2018-06-06,12813.3,12872.9,12729.2,12830,110010492
2018-06-07,12877.8,12914.8,12760.5,12811,96860369
2018-06-08,12668.7,12795.6,12610.6,12766.5,118076314
2018-06-11,12816.3,12861.9,12751.6,12842.9,112256562
2018-06-12,12924,12948.5,12816,12842.3,103182741
2018-06-13,12857.1,12905.6,12781.2,12890.5,108747457
2018-06-14,12806,13135.9,12800.6,13107.1,139905014
2018-06-15,13115.8,13170,13010.5,13010.5,264366552
2018-06-18,12945.5,12982.9,12784.4,12834.1,90825213
2018-06-19,12647,12708.7,12594.5,12677.9,104966786
2018-06-20,12731.6,12760.2,12670.7,12695.1,91662816
2018-06-21,12699.7,12719.4,12472.9,12511.9,113631024
2018-06-22,12507.7,12579.7,12486.2,12579.7,85818212
2018-06-25,12497.4,12518.8,12270.3,12270.3,99100309
2018-06-26,12333.4,12355.8,12188.5,12234.3,99352840
2018-06-27,12247.7,12439.9,12124.8,12348.6,132391713
2018-06-28,12289.8,12375.3,12104.4,12177.2,110178818
2018-06-29,12322.6,12382.8,12260.9,12306,118100007
2018-07-02,12147.9,12301.9,12132.7,12238.1,96830734
2018-07-03,12321,12428.1,12278.3,12349.1,96367209
2018-07-04,12323.7,12350.6,12284.5,12317.6,80508630
2018-07-05,12363,12516.5,12361.8,12464.2,118097389
2018-07-06,12506.2,12508,12426.4,12496.1,122799199
2018-07-09,12542.2,12559.2,12490.6,12543.8,77302335
2018-07-10,12580.3,12639.7,12530.7,12609.8,84479908
2018-07-11,12506.9,12514.7,12398.4,12417.1,86820563
2018-07-12,12464,12505.2,12408.6,12492.9,75129580
2018-07-13,12549.2,12583.7,12499.3,12540.7,82393196
2018-07-16,12530.9,12604.2,12506.9,12561,99842952
2018-07-17,12566.9,12688.5,12522,12661.5,94500457
2018-07-18,12728.4,12778.9,12715.5,12765.9,90609202
2018-07-19,12740.6,12759.4,12658.3,12686.2,77623324
2018-07-20,12664.4,12706.8,12469.5,12561.4,109690442
2018-07-23,12510.2,12565.1,12489.3,12548.5,67084407
2018-07-24,12590.7,12755.2,12585.9,12689.3,93689976
2018-07-25,12685.6,12695.1,12538.1,12579.3,83460812
2018-07-26,12732.8,12827.7,12701.5,12809.2,108414148
2018-07-27,12825.7,12886.8,12815.1,12860.4,98741328
2018-07-30,12822.8,12848.9,12798.2,12798.2,73265203
2018-07-31,12809.7,12860.5,12739.8,12805.5,109912232
2018-08-01,12826.7,12833.1,12706.3,12737,96890125
2018-08-02,12617.6,12619.6,12493.2,12546.3,108897982
2018-08-03,12572.6,12644.5,12561.6,12615.7,82702313
2018-08-06,12631.4,12715.7,12538.3,12598.2,67090609
2018-08-07,12656.8,12738.5,12646.1,12648.1,89844086
2018-08-08,12622.9,12704.5,12586.2,12633.5,91952347
2018-08-09,12623.1,12696.5,12577.3,12676.1,73672968
2018-08-10,12574.2,12585.8,12390.4,12424.3,123841545
2018-08-13,12346.7,12396.8,12323.2,12358.7,95437703
2018-08-14,12444.6,12461.8,12294.9,12358.8,84574362
2018-08-15,12400.2,12428.5,12120.6,12163,102440104
2018-08-16,12202.1,12251.4,12168.9,12237.1,83773771
2018-08-17,12242,12244.6,12135.6,12210.5,88408855
2018-08-20,12263,12373.3,12245.5,12331.3,61496942
2018-08-21,12320.5,12432.6,12316.3,12384.4,70700518
2018-08-22,12355.5,12438.6,12345.3,12385.7,79667169
2018-08-23,12367.4,12411,12353.5,12365.5,65451574
2018-08-24,12396.6,12444.3,12344.4,12394.5,60845873
2018-08-27,12462.7,12562.3,12429.3,12538.3,53645966
2018-08-28,12578.6,12597,12527.4,12527.4,74392007
2018-08-29,12553.8,12569,12499.5,12561.6,59323267
2018-08-30,12516.5,12529.3,12400.1,12494.2,75619155
2018-08-31,12418.2,12426.8,12348.9,12364,93032883
2018-09-03,12338.3,12358.1,12300.4,12346.4,51995435
2018-09-04,12389.4,12402.8,12162.7,12210.2,86534833
2018-09-05,12161.6,12167.3,12035.7,12040.4,111731670
2018-09-06,11995.8,12091.9,11944.5,11955.2,90072570
2018-09-07,11960.1,11990.8,11888.5,11959.6,104602225
2018-09-10,11950.5,12039.2,11930.3,11986.3,83564822
2018-09-11,12013,12017.7,11865.4,11970.2,95134959
2018-09-12,11989.2,12046.6,11952.4,12032.3,113559742
2018-09-13,12036.7,12129.8,12017.4,12055.5,99444962
2018-09-14,12109.3,12134.5,12075.5,12124.3,79712979
2018-09-17,12056.3,12123,12040.8,12096.4,70310901
2018-09-18,12097.1,12184.4,12064.4,12157.6,86006618
2018-09-19,12168.2,12241.1,12165,12219,101663011
2018-09-20,12210.9,12354.3,12210.5,12326.4,112552792
2018-09-21,12402.7,12458.3,12373.9,12430.8,403313360
2018-09-24,12383.4,12409.9,12349.3,12350.8,82834426
2018-09-25,12341.8,12416.8,12322.1,12374.6,91886406
2018-09-26,12395.2,12395.9,12329.5,12385.8,81243070
2018-09-27,12329.4,12456.6,12272.6,12435.5,99851170
2018-09-28,12381.3,12394.1,12190.5,12246.7,127006294
2018-10-01,12265.8,12373.2,12263.1,12339,83419286
2018-10-02,12229,12310.7,12203.6,12287.5,90425141
2018-10-04,12275,12348.8,12174.6,12244.1,113056909
2018-10-05,12236.2,12245.4,12103.5,12111.9,99656546
2018-10-08,12044.9,12072.2,11938.8,11947.1,85463979
2018-10-09,11963.6,11998.6,11803.1,11977.2,83619833
2018-10-10,11976.7,11978.8,11712.2,11712.5,114189575
2018-10-11,11558.9,11700.5,11518.5,11539.3,154079648
2018-10-12,11691.4,11693.8,11514.5,11523.8,107079049
2018-10-15,11523.8,11625,11459,11614.1,78063536
2018-10-16,11637.6,11790.1,11606.9,11776.5,92599882
2018-10-17,11811.4,11847.7,11669.9,11715,99721921
2018-10-18,11695.1,11791.2,11586.3,11589.2,104790923
2018-10-19,11578.8,11617.2,11498.6,11553.8,141141622
2018-10-22,11665.6,11677.4,11497,11524.3,79876368
2018-10-23,11367.5,11394.2,11228.5,11274.2,124575866
2018-10-24,11298.6,11391.9,11166.8,11191.6,127206985
2018-10-25,11098.6,11324.9,11078.3,11307.1,127756799
2018-10-26,11180.9,11205.8,11051,11200.6,127110314
2018-10-29,11270.6,11444.8,11218.9,11335.4,105924208
2018-10-30,11391.7,11394.3,11212.5,11287.3,106973354
2018-10-31,11417,11499.3,11391.6,11447.5,135887927
2018-11-01,11419.6,11575.4,11416.3,11468.5,105147926
2018-11-02,11636.3,11689.9,11518.8,11518.9,117225334
2018-11-05,11522.3,11555.9,11479.1,11494.9,73672221
2018-11-06,11518.1,11528.5,11436.5,11484.3,93585706
2018-11-07,11542,11634.8,11532.3,11579.1,94120345
2018-11-08,11629,11648.7,11503.3,11527.3,104206164
2018-11-09,11489.1,11549,11418.3,11529.1,118784314
2018-11-12,11591.5,11598.5,11310.7,11325.4,103776670
2018-11-13,11374.1,11495.6,11349.9,11472.2,107882111
2018-11-14,11393.7,11566.7,11315.5,11412.5,113646285
2018-11-15,11447.8,11500.6,11254.9,11353.6,106001873
2018-11-16,11425.8,11448.5,11233.2,11341,123050177
2018-11-19,11384,11419.5,11231.5,11244.5,83448218
2018-11-20,11157.6,11187.1,11009.2,11066.4,125276761
2018-11-21,11138.2,11257.8,11113.3,11244.1,97099282
2018-11-22,11216.2,11221.7,11119,11138.4,69122274
2018-11-23,11146.5,11205.9,11093.5,11192.6,67272627
2018-11-26,11315.9,11390.9,11301.8,11354.7,97947995
2018-11-27,11380.7,11400,11264.6,11309.1,82603195
2018-11-28,11355.8,11357.1,11279.8,11298.8,77933210
2018-11-29,11377.3,11403,11276,11298.2,98911865
2018-11-30,11311.6,11315.3,11208.6,11257.2,120032263
2018-12-03,11534.7,11566.9,11457.6,11465.4,108597664
2018-12-04,11429.8,11442.1,11330.4,11335.3,91427373
2018-12-05,11204.3,11266.2,11177.1,11200.2,80206793
2018-12-06,11053.5,11063.4,10762.4,10810.9,144885457
2018-12-07,10876.3,10927.3,10788,10788,110842288
2018-12-10,10726.1,10757.7,10585.7,10622,131877455
2018-12-11,10711.4,10884.6,10684.6,10780.5,112161553
2018-12-12,10832,10971.1,10815.5,10929.4,124269401
2018-12-13,10978.6,10988.7,10887.2,10924.7,99815166
2018-12-14,10809.5,10903.3,10733.7,10865.7,94014888
2018-12-17,10852.9,10886.8,10700.6,10772.2,95497750
2018-12-18,10744.2,10841.4,10714.9,10740.8,109917196
2018-12-19,10777.4,10831.4,10749.5,10766.2,106911339
2018-12-20,10621.1,10686.3,10563.4,10611.1,137877930
2018-12-21,10573,10654.6,10512.6,10633.8,242675070
2018-12-27,10607.4,10635.4,10279.2,10381.5,115292707
2018-12-28,10452,10586.8,10431.3,10558.9,60785772
2019-01-02,10477.7,10612.7,10386.9,10580.1,88647113
2019-01-03,10467.1,10538.6,10400.1,10416.6,94224637
2019-01-04,10533.9,10786.3,10483.9,10767.6,107631181
2019-01-07,10814.3,10814.4,10681.2,10747.8,79833900
2019-01-08,10750.1,10910.7,10745,10803.9,103258308
2019-01-09,10884.7,10961.9,10839,10893.3,105708361
2019-01-10,10843.8,10927.1,10788,10921.5,83397789
2019-01-11,10949.1,10959,10829.9,10887.4,85086032
2019-01-14,10820.8,10886.2,10786.7,10855.9,71938713
2019-01-15,10962.9,10994.8,10812.5,10891.7,90121776
2019-01-16,10940.3,10947.8,10866.3,10931.2,94168151
2019-01-17,10852.5,10929.3,10822.2,10918.6,90585670
2019-01-18,11001.3,11216.8,10993.8,11205.5,132199117
2019-01-21,11176.1,11179.9,11125.5,11136.2,71819395
2019-01-22,11076.9,11142.2,11034.5,11090.1,78988180
2019-01-23,11043.6,11135.7,11007.2,11071.5,96800532
2019-01-24,11045.6,11149.3,11032.5,11130.1,120905909
2019-01-25,11234,11321.6,11218.3,11281.7,108738648
2019-01-28,11233.1,11275.2,11196.4,11210.3,81715205
2019-01-29,11191.5,11276.2,11159.1,11218.8,81122144
2019-01-30,11210.6,11215.2,11132.3,11181.6,74290819
2019-01-31,11257.9,11311.3,11051.1,11173.1,129779779
2019-02-01,11198.4,11218.5,11116,11180.6,104516987
2019-02-04,11180.4,11209.3,11100.3,11176.5,73680791
2019-02-05,11178.7,11371.7,11177.7,11367.9,95740453
2019-02-06,11337.5,11347.9,11297.4,11324.7,81359101
2019-02-07,11262.9,11286.4,11022,11022,113898523
2019-02-08,10991.7,11045.4,10863.5,10906.7,101805120
2019-02-11,10955.8,11041.9,10944.5,11014.5,76441732
2019-02-12,11123.4,11164.3,11116.8,11126,78932395
2019-02-13,11174.8,11217.3,11125.5,11167.2,77025692
2019-02-14,11257.8,11260.5,11077.7,11089.7,97752847
2019-02-15,11044.8,11323,11018.9,11299.8,122377648
2019-02-18,11287.7,11318.1,11256.2,11299.2,60484980
2019-02-19,11280.7,11371.4,11244.5,11309.2,76527260
2019-02-20,11338.7,11437.4,11318.7,11401.9,77674070
2019-02-21,11448.6,11454.4,11392.2,11423.2,86944581
2019-02-22,11422.6,11504.7,11420.7,11457.7,72867195
2019-02-25,11517.7,11544.3,11480.4,11505.3,74124120
2019-02-26,11446.2,11556.8,11441.8,11540.7,80084741
2019-02-27,11493.8,11521.2,11442.9,11487.3,96827830
2019-02-28,11431.5,11524.9,11419.4,11515.6,97238652
2019-03-01,11584.2,11676.8,11583,11601.6,84233218
2019-03-04,11646.2,11650.4,11591.7,11592.6,66846261
2019-03-05,11570.9,11627.7,11551.4,11620.7,71930465
2019-03-06,11593.2,11652.7,11565.2,11587.6,73392391
2019-03-07,11546.4,11612.9,11452.8,11517.8,114442939
2019-03-08,11429.7,11475.5,11405.2,11457.8,90978420
2019-03-11,11497.9,11550.5,11462.9,11543.4,84907367
2019-03-12,11612.4,11618.7,11499.4,11524.1,99821650
2019-03-13,11499.3,11586.9,11486.7,11572.4,84094074
2019-03-14,11573.4,11635.7,11541.1,11587.4,95046765
2019-03-15,11608.6,11725.6,11575.3,11685.6,206510720
2019-03-18,11685.5,11712.3,11635.8,11657,75508619
2019-03-19,11672.7,11823.2,11652,11788.4,94580655
2019-03-20,11704.4,11721.4,11596.2,11603.8,109193454
2019-03-21,11566.8,11582.5,11467.7,11549.9,103657574
2019-03-22,11578.3,11623.9,11356.4,11364.1,125871403
2019-03-25,11323.2,11392,11312.5,11346.6,83648774
2019-03-26,11374.1,11447.1,11299.8,11419.4,85825517
2019-03-27,11439,11502.3,11368.1,11419,117815619
2019-03-28,11422.1,11494.1,11414.6,11428.1,101158888
2019-03-29,11492,11549.4,11442.1,11526,98591611
2019-04-01,11617.1,11706.6,11612.7,11681.9,106963647
2019-04-02,11703.2,11777.6,11659.1,11754.7,85435878
2019-04-03,11855.4,11961.3,11854.2,11954.4,104980390
2019-04-04,11924.6,12029.2,11916.5,11988,93925144
2019-04-05,11993.2,12024.2,11967.7,12009.7,86206625
2019-04-08,11979.7,11989.5,11948.2,11963.4,74279992
2019-04-09,11927,11988.5,11850.5,11850.5,73850034
2019-04-10,11864.4,11937.1,11863.8,11905.9,77669594
2019-04-11,11914.5,11963.4,11846.6,11935.2,87674012
2019-04-12,11912.5,12031.1,11889.9,11999.9,101098224
2019-04-15,12011.1,12029.9,11983.3,12020.2,72797610
2019-04-16,12026.7,12116.2,12025.6,12101.3,91165283
2019-04-17,12100.4,12195,12086.8,12153,111106988
2019-04-18,12138.1,12243.6,12100,12222.3,115191054
2019-04-23,12224.3,12251.8,12182.9,12235.5,81740181
2019-04-24,12232.9,12349.8,12223.9,12313.1,107726587
2019-04-25,12304.5,12321.7,12236.1,12282.6,108083677
2019-04-26,12284.4,12323.6,12259.7,12315.1,97432211
2019-04-29,12308.9,12376,12266.3,12328,76857783
2019-04-30,12313.9,12345.3,12281.7,12344,87874134
2019-05-02,12349.1,12402.8,12303.9,12345.4,102399367
2019-05-03,12345.3,12435.6,12344.2,12412.7,83423121
2019-05-06,12171.9,12298.6,12135.4,12286.8,91783011
2019-05-07,12298.7,12319,12056.8,12092.7,114024334
2019-05-08,12110.8,12208.4,12063.7,12179.9,102557956
2019-05-09,12098,12125.9,11957.3,11973.9,116556294
2019-05-10,12105.2,12140.6,12009.7,12059.8,148186963
2019-05-13,12044.1,12052.9,11844.4,11876.6,113903397
2019-05-14,11908.7,11991.8,11897.9,11991.6,118641151
2019-05-15,12018.4,12099.5,11862.2,12099.5,132211968
2019-05-16,12077.3,12310.3,12030.3,12310.3,112220317
2019-05-17,12252.6,12270.8,12150.3,12238.9,107699980
2019-05-20,12226.8,12246.5,11993.9,12041.2,110330619
2019-05-21,12111.8,12178.2,12066.9,12143.4,94600056
2019-05-22,12141.4,12211,12055.5,12168.7,93090054
2019-05-23,12064.2,12082.7,11926.3,11952.4,122014122
2019-05-24,12027.3,12082,11990.7,12011,87930356
2019-05-27,12077.8,12124.5,12050.4,12071.1,46415309
2019-05-28,12100.3,12113.3,11992.4,12027,142966538
2019-05-29,11906,11927.6,11828.7,11837.8,95008593
2019-05-30,11885,11924.6,11858.2,11902,50943618
2019-05-31,11742.2,11755.1,11662,11726.8,102071824
2019-06-03,11661.1,11793.6,11620.6,11792.8,108041077
2019-06-04,11716.5,11987.8,11713.8,11971.1,112785562
2019-06-05,11981.1,12057.7,11928.8,11980.8,86919144
2019-06-06,11987.9,12076.9,11899.8,11953.1,98110259
2019-06-07,12003.9,12096.6,11987.1,12045.3,86196131
2019-06-11,12133.6,12227.4,12117.3,12155.8,101374272
2019-06-12,12093.9,12132.2,12068.1,12115.6,75756409
2019-06-13,12095.2,12201.7,12079.6,12169,73505318
2019-06-14,12124.3,12136.6,12049.7,12096.4,73877659
2019-06-17,12112.4,12124.6,12059.9,12085.8,88343591
2019-06-18,12069.3,12358,11987.5,12331.7,161114290
2019-06-19,12321.4,12346.7,12291.1,12308.5,108513576
2019-06-20,12409.5,12438.3,12355.3,12355.3,101635026
2019-06-21,12351.9,12425.2,12316.4,12339.9,220976529
2019-06-24,12308.1,12341.5,12250.7,12274.5,93644820
2019-06-25,12226.8,12284.5,12213.4,12228.4,78509487
2019-06-26,12210.5,12315.8,12189.4,12245.3,93625544
2019-06-27,12308.2,12334.5,12209.3,12271,90835165
2019-06-28,12302.7,12408.2,12297.6,12398.8,104346886
2019-07-01,12616.3,12619.6,12519.3,12521.3,96458302
2019-07-02,12546.9,12548.2,12484.2,12526.7,71892249
2019-07-03,12548.3,12631.8,12545.7,12616.2,76562974
2019-07-04,12644.3,12656,12616.2,12629.9,58461654
2019-07-05,12632.1,12632.1,12522.1,12568.5,85734167
2019-07-08,12541.1,12587.4,12507.7,12543.5,97635804
2019-07-09,12436.9,12477.5,12364.1,12436.5,109793939
2019-07-10,12412.9,12448.8,12356.8,12373.4,86237247
2019-07-11,12401,12417.9,12307.3,12332.1,80164584
2019-07-12,12318.5,12354.8,12304.9,12323.3,85157903
2019-07-15,12346.5,12434.1,12301,12387.3,73081982
2019-07-16,12392.1,12465.1,12366.9,12430.9,79013383
2019-07-17,12429.8,12453.3,12324.3,12341,78822533
2019-07-18,12194.3,12296.3,12172.5,12227.8,79250361
2019-07-19,12302.6,12340.1,12211.6,12260,85759537
2019-07-22,12243.5,12346,12236.7,12289.4,61708451
2019-07-23,12384.6,12531.1,12369.1,12490.7,101625381
2019-07-24,12510.5,12550.3,12476.5,12522.8,99229129
2019-07-25,12576,12599.9,12299.1,12362.1,128560807
2019-07-26,12363.8,12428,12356.1,12419.9,75609356
2019-07-29,12398.2,12473.9,12387.5,12417.4,68772600
2019-07-30,12398.2,12404.5,12115.2,12147.2,126343016
2019-07-31,12149,12226.4,12139,12189,97983742
2019-08-01,12134.7,12254,12129.3,12253.1,94365195
2019-08-02,12033.6,12034.9,11836.7,11872.4,151112945
2019-08-05,11758.4,11797.5,11628.5,11658.5,125651798
2019-08-06,11690.2,11748.8,11567.9,11567.9,90668864
2019-08-07,11636.3,11747.7,11559.7,11650.1,128072241
2019-08-08,11752.9,11845.4,11683.9,11845.4,116090872
2019-08-09,11806.8,11865.6,11674.1,11693.8,121470064
2019-08-12,11801,11836.9,11647,11679.6,86028309
2019-08-13,11632.8,11835.8,11539.6,11750.1,125812607
2019-08-14,11758.7,11759.5,11459.3,11492.6,118831997
2019-08-15,11522.4,11530,11266.4,11412.6,125758008
2019-08-16,11460.6,11578.8,11447.3,11562.7,133089078
2019-08-19,11679.7,11759,11625.6,11715.3,85520595
2019-08-20,11711.7,11764.9,11618.9,11651.1,75766542
2019-08-21,11673.6,11824.6,11673.3,11802.8,64908012
2019-08-22,11756.2,11853.1,11715.2,11747,78672135
2019-08-23,11805.4,11823.1,11611.5,11611.5,92990925
2019-08-26,11619.6,11696.7,11551.9,11658,62642662
2019-08-27,11638.5,11778.6,11616,11730,85064646
2019-08-28,11704.6,11717.7,11573.6,11701,64699764
2019-08-29,11686.8,11853.9,11661.7,11838.8,81494737
2019-08-30,11850.3,11989.4,11845.1,11939.2,76624441
2019-09-02,11939.9,11994.1,11929.9,11953.7,48943072
2019-09-03,11921.9,11956.6,11869.2,11910.8,70537001
2019-09-04,12043.9,12078.4,11999.8,12025,67926616
2019-09-05,12117.9,12151.3,12084.1,12126.7,94567981
2019-09-06,12146,12205.1,12131.2,12191.7,86571345
2019-09-09,12210.8,12245.1,12189.6,12226.1,80161147
2019-09-10,12210.8,12292.1,12179.8,12268.7,117781805
2019-09-11,12341.8,12394.2,12317.6,12359,100238114
2019-09-12,12399.4,12471.8,12311.8,12410.2,122037218
2019-09-13,12412.7,12494.2,12408.9,12468.5,102841061
2019-09-16,12387.6,12421.2,12362.9,12380.3,88040629
2019-09-17,12370.9,12392.9,12303.5,12372.6,88341181
2019-09-18,12361.2,12416,12354.4,12389.6,71233546
2019-09-19,12355.9,12466.7,12354.8,12457.7,86977796
2019-09-20,12462.5,12490.8,12418.5,12468,183378529
2019-09-23,12432.3,12441,12264.1,12342.3,99813761
2019-09-24,12368.9,12375.3,12307.1,12307.1,70709118
2019-09-25,12250,12261,12141.8,12234.1,85620673
2019-09-26,12227.7,12313.1,12223.2,12288.5,88649376
2019-09-27,12327.7,12404.4,12324.7,12380.9,77940250
2019-09-30,12367.8,12441,12346.9,12428,78741458
2019-10-01,12469.6,12497.2,12263.8,12263.8,91040572
2019-10-02,12221.7,12226.8,11925.2,11925.2,106464357
2019-10-04,11958.3,12012.9,11878.9,12012.8,99927808
2019-10-07,12008.7,12105,11969.3,12097.4,73684557
2019-10-08,12097.8,12097.9,11933,11970.2,93933772
2019-10-09,11973.8,12165.5,11953.1,12094.2,74878914
2019-10-10,12082.8,12202.7,12029.4,12164.2,102763418
2019-10-11,12248.8,12511.6,12240.9,12511.6,117308568
2019-10-14,12468.7,12495.2,12387.9,12486.5,66813642
2019-10-15,12565.6,12682.4,12511.9,12629.7,93830196
2019-10-16,12644.1,12698.3,12603.8,12670.1,113827666
2019-10-17,12655.3,12814.4,12647.8,12654.9,109349980
2019-10-18,12637,12700.3,12603.1,12633.6,92062421
2019-10-21,12661.9,12787.3,12646.2,12747.9,94141384
2019-10-22,12757.7,12791.3,12730.7,12754.6,86397885
2019-10-23,12702.9,12819.2,12699.8,12798.1,85795390
2019-10-24,12860.6,12914.2,12820.6,12872.1,95715219
2019-10-25,12886.4,12895.8,12834,12894.5,58952038
2019-10-28,12897.4,12986.4,12892.8,12941.7,69024077
2019-10-29,12946.3,12951.8,12897.3,12939.6,76593910
2019-10-30,12929.4,12944.2,12830.3,12910.2,100397429
2019-10-31,12937.5,12953.3,12795,12866.7,100660900
2019-11-01,12912,12992,12896.7,12961,65905381
2019-11-04,13022.9,13171.1,13019.1,13136.2,84782354
2019-11-05,13134.3,13166,13112.6,13148.5,83190419
2019-11-06,13150.9,13187.6,13110.9,13179.8,80045585
2019-11-07,13258.2,13300.7,13227.3,13289.4,117100572
2019-11-08,13248.6,13278.1,13195.8,13228.5,95599185
2019-11-11,13170.1,13225.6,13144,13198.3,72597180
2019-11-12,13243.5,13308.2,13214.6,13283.5,82741364
2019-11-13,13244,13273.8,13139.2,13230,77193800
2019-11-14,13198.3,13219.3,13159.6,13180.2,81582668
2019-11-15,13261.7,13261.7,13172.8,13241.7,81039788
2019-11-18,13255.7,13282.4,13137.8,13207,69775214
2019-11-19,13235.2,13374.2,13187.9,13221.1,68664212
2019-11-20,13127.4,13182.2,13071.3,13158.1,68735334
2019-11-21,13083,13171.8,13043.9,13137.7,74515753
2019-11-22,13145.7,13244.5,13120.6,13163.8,74716242
2019-11-25,13247.5,13268.9,13210.2,13246.4,54920184
2019-11-26,13256.4,13261.9,13193.7,13236.4,89580084
2019-11-27,13291,13314.9,13219.4,13287,67304331
2019-11-28,13247.6,13259.2,13215.7,13245.5,36771003
2019-11-29,13179.2,13290.3,13165,13236.3,71753741
2019-12-02,13264.9,13338.2,12954.5,12964.6,105692185
2019-12-03,13039.6,13086,12927,12989.2,87003124
2019-12-04,12998.6,13157.3,12995.3,13140.5,68441918
2019-12-05,13144.3,13188.6,13054.8,13054.8,54216405
2019-12-06,13087.5,13171.2,13055.9,13166.5,60141661
2019-12-09,13147.5,13170.7,13100.2,13105.6,50345087
2019-12-10,13065.8,13091.7,12886.5,13070.7,80063951
2019-12-11,13075.4,13169.7,13042.7,13146.7,69220499
2019-12-12,13167.5,13287.8,13105,13221.6,83998794
2019-12-13,13383.2,13423.4,13255.5,13282.7,106137124
2019-12-16,13349.8,13425.8,13338.3,13407.6,71200805
2019-12-17,13391.2,13394.4,13269.4,13287.8,79260456
2019-12-18,13266.3,13286,13215.8,13222.1,71000997
2019-12-19,13226.7,13248.9,13140.2,13211.9,84018156
2019-12-20,13210.2,13324.1,13201.8,13318.9,170723223
2019-12-23,13304.7,13331.8,13285.5,13300.9,56215375
2019-12-27,13338.3,13381.4,13311.5,13337.1,43758558
2019-12-30,13301.4,13316.6,13244.1,13249,31427409
2020-01-02,13233.7,13425,13225.1,13385.9,75341368
2020-01-03,13266.3,13282.7,13120.7,13219.1,80793402
2020-01-06,13085.4,13143.1,12948.1,13126.9,71778648
2020-01-07,13199.5,13283.8,13166.4,13226.8,78282325
2020-01-08,13140.4,13334,13106.2,13320.1,88178791
2020-01-09,13474.7,13523.3,13456.7,13495,86965605
2020-01-10,13533.4,13548.2,13483.3,13483.3,77941022
2020-01-13,13521.8,13529.2,13404.7,13451.5,67208343
2020-01-14,13439.2,13487.9,13362.2,13456.4,74555365
2020-01-15,13444.9,13458.9,13388.4,13432.3,72046445
2020-01-16,13463.4,13492.7,13382.9,13429.4,71071235
2020-01-17,13513.4,13557.7,13497.3,13526.1,86342758
2020-01-20,13503.8,13550.8,13487.2,13548.9,52882445
2020-01-21,13456.9,13560.6,13443.2,13555.8,64630880
2020-01-22,13601.6,13640,13498,13515.7,73130717
2020-01-23,13455.9,13486.1,13382.2,13388.4,90749929
2020-01-24,13512.8,13604.8,13510.7,13576.6,85645279
2020-01-27,13374.9,13399.4,13195.2,13204.7,101409189
2020-01-28,13274,13327.1,13163.3,13323.6,91825265
2020-01-29,13316.4,13371.3,13296,13345,67876754
2020-01-30,13186.4,13262.1,13118.9,13157.1,100706051
2020-01-31,13196.8,13208.4,12973.7,12981.9,106903828
2020-02-03,13033.1,13077.5,12987.5,13045.1,81389097
2020-02-04,13135.6,13282.6,13131,13281.7,80887430
2020-02-05,13224.2,13488.5,13223.1,13478.3,108453850
2020-02-06,13570.3,13606.9,13533.6,13574.8,114567932
2020-02-07,13530.7,13551,13463.9,13513.8,87036924
2020-02-10,13476,13501.7,13445.4,13494,60456491
2020-02-11,13604.7,13668.4,13557.9,13627.8,104753454
2020-02-12,13671.1,13758.7,13658.1,13749.7,86733293
2020-02-13,13695.9,13745.4,13576.9,13745.4,92086968
2020-02-14,13756.4,13788.5,13728.1,13744.2,66314909
2020-02-17,13770.6,13795.2,13754,13783.8,57400064
2020-02-18,13668.9,13731.3,13660.4,13681.1,82088707
2020-02-19,13751,13789,13710.7,13789,90192858
2020-02-20,13774.4,13788.4,13664,13664,86435175
2020-02-21,13609.9,13689.2,13500.5,13579.3,108765356
2020-02-24,13231.3,13236.5,12982.1,13035.2,165148940
2020-02-25,13132,13132,12778.6,12790.4,129552457
2020-02-26,12682.1,12849.1,12368,12774.8,163618876
2020-02-27,12526.6,12593.6,12211.6,12367.4,191240879
2020-02-28,11891.8,12008.5,11724.1,11890.3,274623736
2020-03-02,12030.2,12121.6,11624.6,11857.8,207214106
2020-03-03,12013,12272.9,11906.8,11985.3,195936581
2020-03-04,11992.5,12199.8,11929.2,12127.6,147845684
2020-03-05,12191.4,12207.7,11844.8,11944.7,148085992
2020-03-06,11694.5,11769.8,11447.2,11541.8,195038510
2020-03-09,10690,10995.2,10556.6,10625,303034343
2020-03-10,10724.9,11032.2,10423.9,10475.4,267400777
2020-03-11,10601.8,10761.4,10390.5,10438.6,216708903
2020-03-12,9863.99,9932.56,9139.12,9161.13,390476955
2020-03-13,9480.78,9985.74,9064.68,9232.08,321571982
2020-03-16,8728.48,8967.11,8255.65,8742.25,302202377
2020-03-17,9141.17,9145.93,8423.56,8939.1,219831057
2020-03-18,8613.35,8670.41,8400.18,8441.71,207558917
2020-03-19,8495.94,8668.48,8257.53,8610.43,197661806
2020-03-20,9080.49,9201.07,8838.3,8928.95,275377138
2020-03-23,8536.33,9071.14,8480.28,8741.15,196955328
2020-03-24,9242.06,9700.57,9102.17,9700.57,203840659
2020-03-25,9987.37,10137.6,9460.91,9874.26,204692472
2020-03-26,9621.24,10000.9,9526.17,10000.9,159043548
2020-03-27,9793.5,9886.18,9541.83,9632.52,153649376
2020-03-30,9725.88,9817.51,9453.79,9815.97,130838090
2020-03-31,9970.79,10096.4,9703.88,9935.84,149898492
2020-04-01,9610.67,9686.46,9498.05,9544.75,132862244
2020-04-02,9587.45,9650.27,9337.02,9570.82,143970510
2020-04-03,9535.27,9626.72,9470.2,9525.77,116245349
2020-04-06,9889.03,10097.3,9841.49,10075.1,126427605
2020-04-07,10464.1,10590.4,10225,10356.7,149513081
2020-04-08,10301.5,10340.7,10198.2,10332.8,102430717
2020-04-09,10490.6,10649.7,10311.7,10564.7,134477129
2020-04-14,10733.9,10820.1,10658.9,10696.5,106043697
2020-04-15,10678.1,10678.1,10243.1,10279.7,133088517
2020-04-16,10420.2,10438.3,10236.2,10301.5,106131503
2020-04-17,10607.3,10756.7,10542.7,10625.7,143237310
2020-04-20,10704.3,10707.3,10444.5,10675.9,103611138
2020-04-21,10519.4,10524.7,10249.8,10249.8,117447038
2020-04-22,10370.2,10425,10321.2,10415,92389540
2020-04-23,10437.3,10608.3,10325.1,10513.7,97479659
2020-04-24,10299.3,10486.4,10299.3,10336,120035017
2020-04-27,10551,10660.3,10523.1,10659.9,122476571
2020-04-28,10658.4,10897.8,10651.5,10795.6,146280906
2020-04-29,10812.7,11125.3,10789.5,11107.7,143532353
2020-04-30,11195.2,11235.5,10839.3,10861.6,162128912
2020-05-04,10543.3,10578.4,10426,10466.8,139568727
2020-05-05,10627,10736.9,10518.9,10729.4,102664087
2020-05-06,10716.5,10773.8,10598.9,10606.2,94383622
2020-05-07,10640.7,10761.8,10617.2,10759.2,101837535
2020-05-08,10882.4,10918.3,10819,10904.4,81795682
2020-05-11,10948.2,10986.2,10740.8,10824.9,87818443
2020-05-12,10777.7,10886,10772.5,10819.5,88363245
2020-05-13,10669.9,10698.1,10530.3,10542.6,107169194
2020-05-14,10418,10474,10160.8,10337,133623603
2020-05-15,10470.8,10547.1,10382.5,10465.1,115586629
2020-05-18,10683.8,11089.5,10677.5,11058.8,117494791
2020-05-19,11200.9,11201.1,10936,11075.2,125423950
2020-05-20,11029.3,11246.9,10978.5,11223.7,98827181
2020-05-21,11088.1,11194.9,11036.9,11065.9,73570348
2020-05-22,10896.2,11138.1,10867.1,11073.8,85650095
2020-05-25,11186,11391.2,11118.1,11391.2,72133528
2020-05-26,11488.9,11544.3,11429.8,11504.6,124580891
2020-05-27,11530.2,11747.2,11519.7,11657.6,167713580
2020-05-28,11746.7,11813.1,11654.8,11781.1,123606112
2020-05-29,11649.3,11729.9,11575.7,11586.8,170079651
2020-06-02,11896.7,12055.5,11850.3,12021.2,143102693
2020-06-03,12147.1,12507.4,12133.7,12487.3,151702087
2020-06-04,12390,12558.2,12326.4,12430.5,136731705
2020-06-05,12565.1,12858.7,12560.1,12847.6,168928477
2020-06-08,12722.6,12913.1,12670.9,12819.5,140371693
2020-06-09,12859.8,12864.9,12502.4,12617.9,145984256
2020-06-10,12719.1,12763.8,12471,12530.1,112489365
2020-06-11,12223.4,12301.9,11970.2,11970.2,132181288
2020-06-12,11876.3,12172.6,11828.6,11949.2,115896307
2020-06-15,11661.3,11968,11597.8,11911.3,98521591
2020-06-16,12168.3,12434.2,12132.8,12315.6,122780389
2020-06-17,12312.4,12432.2,12288.1,12382.1,102040365
2020-06-18,12347.4,12483.8,12189.6,12281.5,154821676
2020-06-19,12375.1,12447.1,12319.1,12330.7,227975203
2020-06-22,12194.4,12399.3,12172.1,12262.9,99250308
2020-06-23,12360,12616.1,12332.1,12523.7,119595267
2020-06-24,12459.8,12489.2,12093.9,12093.9,109713333
2020-06-25,12102.2,12236.4,11957.3,12177.8,144116926
2020-06-26,12308.4,12347.4,12060.8,12089.3,121131516
2020-06-29,12090.4,12297.6,12045.2,12232.1,126962770
2020-06-30,12287.9,12350.3,12188,12310.9,127777867
2020-07-01,12391.7,12391.7,12095.1,12260.5,84188066
2020-07-02,12378.8,12658.1,12370.7,12608.4,109828375
2020-07-03,12644.6,12649.9,12476.1,12528.1,57538844
2020-07-06,12774.7,12842.5,12655.2,12733.4,81946674
2020-07-07,12660,12661.1,12525.1,12616.8,82949014
2020-07-08,12542.5,12670.1,12463.2,12494.8,82788080
2020-07-09,12639.1,12709.6,12459.1,12489.4,79559724
2020-07-10,12442.2,12649.9,12416.6,12633.7,77074189
2020-07-13,12817.1,12836.4,12688.9,12799.9,74790371
2020-07-14,12642.2,12697.9,12535.9,12697.3,78939390
2020-07-15,12812.1,12999.8,12773.4,12930.9,85440157
2020-07-16,12857.3,12919.2,12805.4,12874.9,71240723
2020-07-17,12915.2,12954.2,12870.2,12919.6,77945543
2020-07-20,12898.1,13063.6,12811.7,13046.9,63344982
2020-07-21,13194.9,13313.9,13147.3,13171.8,93341213
2020-07-22,13165.2,13197.9,13067,13104.2,69683318
2020-07-23,13183.5,13217.7,13072.8,13103.3,66177668
2020-07-24,12919.3,12935.5,12812,12838,67296321
2020-07-27,12865.7,12908.6,12811.4,12838.6,67215416
2020-07-28,12886.2,12936,12746.4,12835.2,60655443
2020-07-29,12819.6,12864.3,12789.9,12822.2,70714212
2020-07-30,12762.1,12768.7,12253.9,12379.6,106017933
2020-07-31,12403.1,12524.7,12313.3,12313.3,84993997
2020-08-03,12374.4,12698.5,12365.6,12646.9,75729114
2020-08-04,12744.1,12768.5,12528,12600.8,69704130
2020-08-05,12667.1,12757,12632.9,12660.2,71884119
2020-08-06,12664.5,12799.2,12519.8,12591.6,73651479
2020-08-07,12634.7,12691.6,12517.4,12674.8,60925812
2020-08-10,12729.1,12753.1,12605.8,12687.5,53444446
2020-08-11,12806.9,13046.1,12802,12946.8,83716348
2020-08-12,12917.3,13101.1,12879.1,13058.6,66008037
2020-08-13,13044.4,13075.2,12956.3,12993.7,62242303
2020-08-14,12965.2,12971,12797.5,12901.3,56786157
2020-08-17,12924.8,12960.8,12847.8,12920.6,46629823
2020-08-18,12836.8,13052.8,12807,12881.7,59024521
2020-08-19,12838.6,12980.7,12833.8,12977.3,55404879
2020-08-20,12829.3,12891.1,12755.5,12830,56187179
2020-08-21,12879.4,12911.2,12633.7,12764.8,74604908
2020-08-24,12945.9,13104.3,12924.7,13066.5,65677774
2020-08-25,13136.7,13221.8,13060.8,13061.6,59646427
2020-08-26,13041.8,13192.3,13010.5,13190.1,51277657
2020-08-27,13206.5,13218,13087.3,13096.3,56148105
2020-08-28,13140.6,13147.2,12951.2,13033.2,69204619
2020-08-31,13103.9,13148.1,12923.7,12945.3,67595646
2020-09-01,13037.2,13127.2,12850.3,12974.2,69628432
2020-09-02,13071.6,13303.1,13062.1,13243.4,99412672
2020-09-03,13354.7,13460.4,13004.8,13057.7,99529845
2020-09-04,12916.1,13127,12753.6,12842.6,102287119
2020-09-07,12931.4,13117.6,12920.9,13100.2,59548727
2020-09-08,13126.2,13147.5,12856.5,12968.3,76149612
2020-09-09,12990.5,13257.5,12973.4,13237.2,79509977
2020-09-10,13265.5,13297.7,13161.9,13208.8,57650210
2020-09-11,13198.7,13255.4,13117.4,13202.8,60372211
2020-09-14,13329.6,13339.1,13159.7,13193.6,50668605
2020-09-15,13220.8,13262.8,13138.2,13217.6,61824057
2020-09-16,13224.1,13277.2,13181.5,13255.3,66555517
2020-09-17,13060.1,13245.8,13035.9,13208.1,60883735
2020-09-18,13210.8,13263.4,13116.2,13116.2,184364568
2020-09-21,12998.9,12998.9,12505.1,12542.4,124897542
2020-09-22,12629.7,12698.1,12592.9,12594.3,77065982
2020-09-23,12737.3,12830.7,12642.9,12642.9,65691672
2020-09-24,12520.4,12684.8,12512.5,12606.5,62828669
2020-09-25,12615.9,12622.7,12341.5,12469.2,73784254
2020-09-28,12673.7,12873.4,12660.1,12870.8,75214324
2020-09-29,12817.7,12859.1,12738.3,12825.8,51582893
2020-09-30,12754.7,12869.9,12698.4,12760.7,66899163
2020-10-01,12812,12836.6,12671.2,12730.7,88687746
2020-10-02,12558.7,12690.2,12539.8,12689,72575112
2020-10-05,12824,12842.4,12727.7,12828.3,59958562
2020-10-06,12858.9,12966,12779.6,12906,65462353
2020-10-07,12901.2,12959,12837.1,12928.5,65872967
2020-10-08,13011.2,13100.8,12956.6,13042.2,70150384
2020-10-09,13070,13096.4,13009.9,13051.2,63106021
2020-10-12,13086,13151.8,13058.3,13138.4,51615462
2020-10-13,13132.9,13132.9,12959.7,13018.9,56497288
2020-10-14,13012.6,13066.4,12975.1,13028,55433361
2020-10-15,12826.1,12839.5,12599.8,12703.7,82862732
2020-10-16,12773.3,12955.8,12733,12908.9,82935797
2020-10-19,12948.6,13028.7,12820.2,12854.6,52916059
2020-10-20,12819.1,12850.2,12725.4,12736.9,71556016
2020-10-21,12764.4,12765,12545.5,12557.6,67215665
2020-10-22,12429.4,12583,12345.4,12543,63353528
2020-10-23,12517.9,12718.2,12514.9,12645.7,62389167
2020-10-26,12303.4,12404.5,12174.2,12177.1,86587167
2020-10-27,12206.4,12223.6,12034.8,12063.5,92250270
2020-10-28,11848.3,11852,11457.1,11560.5,142663099
2020-10-29,11631,11707.4,11458.5,11598,102043179
2020-10-30,11472.6,11614.1,11450,11556.4,87347650
2020-11-02,11602.9,11838,11551.3,11788.2,0
2020-11-03,11858.8,12088.9,11851,12088.9,0
2020-11-04,11896.1,12329.9,11848.2,12324.2,0
2020-11-05,12420.8,12591.3,12398.5,12568,0
2020-11-06,12531.7,12595.8,12370,12480,0
2020-11-09,12713.1,13297,12670.5,13095.9,0
2020-11-10,13109.7,13237.5,13018.4,13163.1,0
2020-11-11,13205.9,13244.3,13138.7,13216.1,0
2020-11-12,13073.4,13168,13022.2,13052.9,0
2020-11-13,13036.9,13145.4,13004.8,13076.7,0
2020-11-16,13170.5,13277.4,13081.1,13138.6,0
2020-11-17,13130.5,13151,13050.4,13133.4,0
2020-11-18,13086.4,13213.6,13074.6,13201.8,0
2020-11-19,13101.7,13138.1,13034.5,13086.1,0
2020-11-20,13054.6,13172.9,13054.6,13137.2,0
2020-11-23,13215.4,13312.4,13126.9,13126.9,0
2020-11-24,13254.4,13296.7,13192.3,13292.4,0
2020-11-25,13346.7,13346.9,13235.8,13289.8,0
2020-11-26,13315.2,13316.1,13274.8,13286.5,0
2020-11-27,13280.5,13364.1,13272.7,13335.6,0
2020-11-30,13270.5,13445.1,13256.7,13291.1,0
2020-12-01,13371.6,13434.3,13334.9,13382.3,0
2020-12-02,13341.9,13359.2,13272.4,13313.2,0
2020-12-03,13304.8,13307.5,13223.9,13252.8,0
2020-12-04,13230.6,13315.3,13225,13298.9,0
2020-12-07,13255.7,13289.4,13163.2,13271,0
2020-12-08,13248,13297.4,13199.4,13278.4,0
2020-12-09,13344.1,13454.1,13327.8,13340.2,0
2020-12-10,13341.6,13370.4,13213,13295.7,0
2020-12-11,13255.2,13265.6,13009.4,13114.3,0
2020-12-14,13224.2,13292.3,13190.5,13223.1,0
2020-12-15,13216.4,13374.9,13210.1,13362.8,0
2020-12-16,13416.2,13596.7,13412.4,13565.9,0
2020-12-17,13691.4,13725.8,13649.5,13667.2,0
2020-12-18,13649.6,13774.4,13624.2,13630.5,0
2020-12-21,13398.2,13399.9,13060.3,13246.3,0
2020-12-22,13311,13441.5,13310.4,13418.1,0
2020-12-23,13456.6,13601.7,13456.6,13587.2,0
2020-12-28,13779,13818.6,13740.2,13790.2,0
2020-12-29,13873.3,13903.1,13747,13761.3,0
2020-12-30,13750.9,13797,13717.4,13718.7,0
2021-01-04,13890.2,13907.1,13647.7,13726.7,0
2021-01-05,13680.6,13768.1,13566.4,13651.2,0
2021-01-06,13687,13919.2,13617.1,13891.9,0
2021-01-07,13946.5,14007.4,13902.2,13968.2,0
2021-01-08,14106.6,14131.5,14007.7,14049.5,0
2021-01-11,13986.4,14007.6,13806.6,13936.6,0
2021-01-12,13985.8,13999.5,13871.4,13925,0
2021-01-13,13899,13978.4,13868.8,13939.7,0
2021-01-14,13973.7,14030.2,13942.8,13988.7,0
2021-01-15,13904.3,13958.1,13672.6,13787.7,0
2021-01-18,13701.9,13850.4,13701.7,13848.3,0
2021-01-19,13935.9,13940,13804.4,13815,0
2021-01-20,13848.7,13952.2,13835.9,13921.3,0
2021-01-21,13997.7,14026.3,13878.8,13906.6,0
2021-01-22,13858,13897.7,13744.2,13873.9,0
2021-01-25,13943.9,13946.8,13599.7,13643.9,0
2021-01-26,13687.3,13925.7,13670.2,13870.9,0
2021-01-27,13827.4,13851.8,13475,13620.4,0
2021-01-28,13500.6,13698.5,13310.9,13665.9,0
2021-01-29,13474.2,13593,13403.7,13432.8,0
2021-02-01,13559.9,13648,13518.4,13622,0
2021-02-02,13724.1,13844.9,13693.9,13835.1,0
2021-02-03,13986.7,13988.1,13866.3,13933.6,0
2021-02-04,13971.9,14069.8,13955.7,14060.2,0
2021-02-05,14061.6,14114.4,14013.1,14056.7,0
2021-02-08,14156.8,14169.4,14056.5,14059.9,0
2021-02-09,14055.6,14061.6,13962.1,14011.8,0
2021-02-10,14063.1,14063.1,13830.1,13932.9,0
2021-02-11,13958.3,14053,13916.6,14040.9,0
2021-02-12,13976.1,14050.9,13916.7,14049.8,0
2021-02-15,14109,14131.2,14074.2,14109.4,0
2021-02-16,14105.1,14130.7,14049.9,14064.6,0
2021-02-17,14028.1,14036.9,13894,13909.2,0
2021-02-18,13926.8,13961,13853.7,13886.9,0
2021-02-19,13941.4,14026.1,13892.7,13993.2,0
2021-02-22,13858.5,13975,13802.5,13950,0
2021-02-23,13984.9,13989.2,13664.7,13864.8,0
2021-02-24,13855.8,13998.3,13855.8,13976,0
2021-02-25,14045,14051,13879.1,13879.3,0
2021-02-26,13685.8,13881.2,13673,13786.2,0
2021-03-01,13962.4,14022,13873.8,14012.8,0
2021-03-02,13962,14101.7,13961.6,14039.8,0
2021-03-03,14130.8,14197.4,13979.7,14080,0
2021-03-04,14015.4,14095.8,13959.2,14056.3,0
2021-03-05,13958.5,14068,13868.2,13920.6,0
2021-03-08,14024.5,14402.9,13977.1,14380.9,0
2021-03-09,14345.5,14475.6,14309.3,14437.9,0
2021-03-10,14439.4,14560.9,14408.5,14540.2,0
2021-03-11,14553.5,14595,14515,14569.3,0
2021-03-12,14492.4,14527.4,14450.7,14502.3,0
2021-03-15,14504.4,14572.2,14409.3,14461.4,0
2021-03-16,14519.7,14601.7,14511.3,14557.5,0
2021-03-17,14565.2,14601.6,14539.7,14596.6,0
2021-03-18,14673.7,14804,14669.9,14775.5,0
2021-03-19,14697.2,14747.5,14563.2,14621,0
2021-03-22,14551.1,14677.1,14539.2,14657.2,0
2021-03-23,14582,14707.3,14516.2,14662,0
2021-03-24,14543.5,14619,14523.1,14610.3,0
2021-03-25,14550.4,14621.3,14422.6,14621.3,0
2021-03-26,14714.5,14776.3,14693.9,14748.9,0
2021-03-29,14809.8,14845.4,14756,14817.7,0
2021-03-30,14897.6,15029.7,14890.2,15008.6,0
2021-03-31,14982.1,15026.4,14973.5,15008.3,0
2021-04-01,15053.7,15110.9,15032.5,15107.1,0
2021-04-06,15289.9,15311.8,15209.9,15212.6,0
2021-04-07,15221.2,15242.7,15160.2,15176.3,0
2021-04-08,15236.4,15247.7,15144.1,15202.6,0
2021-04-09,15198.1,15243.5,15157.2,15234.1,0
2021-04-12,15238.8,15275.3,15212.2,15215,0
2021-04-13,15244.6,15281.6,15184.9,15234.3,0
2021-04-14,15253.5,15255.9,15191.5,15209.1,0
2021-04-15,15238.6,15271.6,15227.6,15255.3,0
2021-04-16,15277.8,15473.8,15274.2,15459.7,0
2021-04-19,15496.8,15501.8,15368.1,15368.3,0
2021-04-20,15361.1,15393.1,15109.5,15129.5,0
2021-04-21,15179.9,15210.6,15071.7,15195.9,0
2021-04-22,15252,15328.3,15230.2,15320.5,0
2021-04-23,15267.7,15309,15149.3,15279.6,0
2021-04-26,15297.9,15325.8,15237,15296.3,0
2021-04-27,15282.8,15293.8,15186.7,15249.2,0
2021-04-28,15320.4,15355.2,15266.6,15292.1,0
2021-04-29,15326.2,15329.7,15085,15154.2,0
2021-04-30,15204.3,15244.2,15135.9,15135.9,0
2021-05-03,15191.7,15268.5,15111.3,15236.4,0
2021-05-04,15259.5,15260.7,14845.2,14856.4,0
2021-05-05,14969.6,15170.7,14963.7,15170.7,0
2021-05-06,15170.7,15281.4,15092.7,15196.7,0
2021-05-07,15348.3,15406.4,15290.2,15399.6,0
2021-05-10,15417.5,15419.4,15347.9,15400.4,0
2021-05-11,15253.3,15255.8,15006.7,15119.7,0
2021-05-12,15144,15226.3,15058.1,15150.2,0
2021-05-13,14967.8,15235.8,14816.3,15199.6,0
2021-05-14,15301.7,15417.2,15214.6,15416.6,0
2021-05-17,15432.3,15482.2,15353.6,15396.6,0
2021-05-18,15514.7,15538,15344.1,15386.5,0
2021-05-19,15238.8,15266.5,14961.2,15113.5,0
2021-05-20,15207.3,15370.2,15102.3,15370.2,0
2021-05-21,15411,15467.1,15364.4,15437.5,0
2021-05-25,15548.2,15568.6,15465,15465,0
2021-05-26,15520.4,15541.8,15407.4,15450.7,0
2021-05-27,15419.2,15490,15350.6,15406.7,0
2021-05-28,15443.1,15548.7,15435.7,15519.9,0
2021-05-31,15496.4,15499.6,15414.3,15421.1,0
2021-06-01,15513.1,15685.4,15512.3,15567.3,0
2021-06-02,15570.7,15631,15554,15602.7,0
2021-06-03,15591.5,15657.1,15477.3,15632.6,0
2021-06-04,15651.6,15705.8,15607.9,15692.9,0
2021-06-07,15661.5,15732,15614.1,15677.1,0
2021-06-08,15674.4,15727.2,15638.3,15640.6,0
2021-06-09,15642.7,15669.1,15505.1,15581.1,0
2021-06-10,15610,15637.9,15513.3,15571.2,0
2021-06-11,15583.2,15703.8,15548.3,15693.2,0
2021-06-14,15739.8,15802.6,15673.6,15673.6,0
2021-06-15,15744.7,15792.3,15714.9,15729.5,0
2021-06-16,15756.8,15759.6,15674.6,15710.5,0
2021-06-17,15655.3,15752.3,15649.2,15727.6,0
2021-06-18,15720.5,15736.9,15426.7,15448,0
2021-06-21,15391.5,15606.5,15309.4,15603.2,0
2021-06-22,15587.5,15652.7,15518.3,15636.3,0
2021-06-23,15674.3,15675.9,15456.3,15456.3,0
2021-06-24,15528.5,15606.8,15476.6,15589.2,0
2021-06-25,15584.9,15612.6,15533.4,15607.9,0
2021-06-28,15570.8,15668,15542.1,15554.1,0
2021-06-29,15565.8,15752.9,15555.4,15690.5,0
2021-06-30,15700,15709.3,15461.2,15531,0
2021-07-01,15624.2,15708.7,15488.4,15603.8,0
2021-07-02,15644.8,15705.5,15616.4,15650,0
2021-07-05,15628.4,15673.8,15535.2,15661.9,0
2021-07-06,15615,15647.8,15466.6,15511.3,0
2021-07-07,15606.9,15700.9,15604.5,15692.7,0
2021-07-08,15584.7,15591.6,15304.4,15420.6,0
2021-07-09,15497.9,15687.9,15479.4,15687.9,0
2021-07-12,15675.4,15806.9,15631.8,15790.5,0
2021-07-13,15769.5,15806.5,15747.5,15789.6,0
2021-07-14,15733.1,15810.6,15717.8,15788.9,0
2021-07-15,15737.3,15737.3,15592,15629.6,0
2021-07-16,15682.7,15699.9,15476.9,15540.3,0
2021-07-19,15420.1,15423.8,15048.5,15133.2,0
2021-07-20,15234.8,15300.2,15091.9,15216.2,0
2021-07-21,15239.9,15443.7,15194.5,15422.5,0
2021-07-22,15533.2,15578.7,15471.4,15514.5,0
2021-07-23,15603.6,15681.4,15583.6,15669.2,0
2021-07-26,15586.6,15641.6,15544.9,15618.9,0
2021-07-27,15537.8,15586.9,15423.5,15519.1,0
2021-07-28,15538.7,15577.1,15497.1,15570.3,0
2021-07-29,15608.8,15659.2,15563.6,15640.4,0
2021-07-30,15493.7,15613.6,15440.8,15544.3,0
2021-08-02,15631.7,15702.8,15511.2,15568.7,0
2021-08-03,15537.6,15608,15492.5,15555,0
2021-08-04,15653.6,15712.2,15600.8,15692.1,0
2021-08-05,15691.7,15751.8,15672.2,15744.6,0
2021-08-06,15770.8,15808.2,15737.1,15761.4,0
2021-08-09,15773.5,15798.5,15699.2,15745.4,0
2021-08-10,15734.1,15802.1,15733.6,15770.7,0
2021-08-11,15792.1,15887.1,15724.9,15826,0
2021-08-12,15829.2,15964.3,15823.5,15937.5,0
2021-08-13,15948.1,16030.3,15940.8,15977.4,0
2021-08-16,15875.7,15961.1,15851.2,15925.7,0
2021-08-17,15872.1,15937.4,15811.5,15921.9,0
2021-08-18,15935.2,15969.8,15872.9,15965.9,0
2021-08-19,15737.1,15804.8,15621.9,15765.8,0
2021-08-20,15734.6,15808,15656.2,15808,0
2021-08-23,15930.7,15930.7,15799.5,15852.7,0
2021-08-24,15897.8,15918.7,15856,15905.8,0
2021-08-25,15912.8,15932.6,15853.3,15860.6,0
2021-08-26,15773.7,15834.9,15701.8,15793.6,0
2021-08-27,15778.9,15859.7,15752,15851.7,0
2021-08-30,15856.7,15896.7,15847.6,15887.3,0
2021-08-31,15929.2,16006.7,15761.5,15835,0
2021-09-01,15958.4,15981.7,15773.4,15824.2,0
2021-09-02,15813.5,15874.6,15810.7,15840.5,0
2021-09-03,15841.4,15868.6,15690,15781.2,0
2021-09-06,15818.4,15959.7,15814.6,15932.1,0
2021-09-07,15896.5,15927.7,15826.8,15843,0
2021-09-08,15714.6,15755.3,15590.4,15610.2,0
2021-09-09,15499.4,15693.2,15453.9,15623.1,0
2021-09-10,15648.8,15702.6,15574.9,15609.8,0
2021-09-13,15681.1,15787.6,15674.1,15701.4,0
2021-09-14,15697.7,15763.5,15663.4,15722.9,0
2021-09-15,15731.4,15740,15613.7,15616,0
2021-09-16,15666.6,15745.1,15638.2,15651.7,0
2021-09-17,15774.5,15791.9,15455.5,15490.1,0
2021-09-20,15259.5,15262.7,15019.4,15132,0
2021-09-21,15265,15394.3,15205.7,15348.5,0
2021-09-22,15463.2,15508.4,15378.9,15506.7,0
2021-09-23,15630,15695.6,15593.7,15643.9,0
2021-09-24,15562.1,15573.4,15497.1,15531.7,0
2021-09-27,15699,15704,15552,15573.8,0
2021-09-28,15542,15542.4,15232.9,15248.5,0
2021-09-29,15357,15422.7,15301.3,15365.2,0
2021-09-30,15434.3,15448.5,15246,15260.6,0
2021-10-01,15041.6,15262.7,14983.8,15156.4,0
2021-10-04,15061.8,15175.2,15016.9,15036.5,0
2021-10-05,15055.4,15202.2,15011.4,15194.4,0
2021-10-06,15040.1,15049.4,14818.7,14973.3,0
2021-10-07,15162.7,15253.2,15116.4,15250.8,0
2021-10-08,15242.7,15267.9,15184.7,15206.1,0
2021-10-11,15115.4,15202.7,15094.4,15199.1,0
2021-10-12,15025.3,15174.2,15012,15146.8,0
2021-10-13,15130.8,15302.4,15109.6,15249.3,0
2021-10-14,15350.7,15464.3,15303.3,15462.7,0
2021-10-15,15481.2,15598.5,15465.9,15587.3,0
2021-10-18,15518.5,15542.1,15416,15474.4,0
2021-10-19,15510.9,15527.9,15457.4,15515.8,0
2021-10-20,15473.5,15567,15465,15522.9,0
2021-10-21,15408.8,15532.9,15406.5,15472.5,0
2021-10-22,15507.9,15614.7,15492.2,15542.9,0
2021-10-25,15580.5,15618.8,15531.9,15599.2,0
2021-10-26,15652.9,15781,15650.3,15757,0
2021-10-27,15725.4,15744.7,15671.5,15705.8,0
2021-10-28,15681.5,15706.3,15629.3,15696.3,0
2021-10-29,15579.9,15689.6,15495.5,15688.7,0
2021-11-01,15764.5,15849.4,15760.3,15806.2,0
2021-11-02,15825.2,15960.2,15824.1,15954.4,0
2021-11-03,15957.1,15972.7,15922.1,15959.9,0
2021-11-04,16035.9,16064.7,15997.6,16029.6,0
2021-11-05,16011.5,16084.9,16008.4,16054.3,0
2021-11-08,16040.8,16068.7,16016.2,16046.5,0
2021-11-09,16026.7,16104.1,16022.6,16040.4,0
2021-11-10,16053,16076.5,15985.9,16067.8,0
2021-11-11,16067.3,16114.5,16032.5,16083.1,0
2021-11-12,16100,16122.7,16065,16094,0
2021-11-15,16109.4,16149.8,16072.2,16148.6,0
2021-11-16,16174.3,16266.2,16157.5,16247.8,0
2021-11-17,16248.3,16283.5,16240.5,16251.1,0
2021-11-18,16262.2,16290.1,16193.3,16221.7,0
2021-11-19,16269.2,16282.8,16092.6,16159.9,0
2021-11-22,16188.5,16202.7,16090.5,16115.6,0
2021-11-23,15987.2,16054.3,15866,15937,0
2021-11-24,15942.2,15974.3,15740.6,15878.3,0
2021-11-25,15928.3,15962.5,15865.4,15917.9,0
2021-11-26,15383.9,15540.2,15244.4,15257,0
2021-11-29,15418.2,15441.9,15237.8,15280.8,0
2021-11-30,15117.6,15280,15015.4,15100.1,0
2021-12-01,15233.3,15509.4,15187,15472.6,0
2021-12-02,15300.7,15373.5,15172.9,15263.1,0
2021-12-03,15422.9,15422.9,15101.7,15169.9,0
2021-12-06,15323.2,15415.4,15150.5,15380.7,0
2021-12-07,15546.7,15827.9,15544.7,15813.9,0
2021-12-08,15781,15834,15683.6,15687,0
2021-12-09,15705.9,15721.4,15613.4,15639.2,0
2021-12-10,15572.6,15689.5,15550.4,15623.3,0
2021-12-13,15653.5,15794.3,15591.6,15621.7,0
2021-12-14,15680.3,15697.9,15448.4,15453.5,0
2021-12-15,15503.6,15531,15451.7,15476.3,0
2021-12-16,15708.9,15780.9,15621.5,15636.4,0
2021-12-17,15599.7,15609.5,15419.5,15531.6,0
2021-12-20,15152.5,15296,15060.1,15239.6,0
2021-12-21,15379,15452.4,15305.6,15447.4,0
2021-12-22,15474.8,15593.4,15425.1,15593.4,0
2021-12-23,15660.7,15768.4,15622.6,15756.3,0
2021-12-27,15705.5,15854.6,15697.4,15835.2,0
2021-12-28,15839.1,15974.7,15832.9,15963.7,0
2021-12-29,15952.4,15955,15803.5,15852.2,0
2021-12-30,15837.5,15890.7,15834.5,15884.8,0
2022-01-03,15947.4,16069.3,15943.1,16020.7,0
2022-01-04,16069.8,16202.5,16036.5,16152.6,0
2022-01-05,16177.4,16285.3,16161.7,16271.7,0
2022-01-06,16076.1,16156.5,15988.6,16052,0
2022-01-07,15999,16044.2,15862.7,15947.7,0
2022-01-10,16006.4,16015.3,15724.2,15768.2,0
2022-01-11,15918.8,15979.9,15880.3,15941.8,0
2022-01-12,16054.9,16061.5,15955.5,16010.3,0
2022-01-13,15959.8,16090.2,15941.7,16031.5,0
2022-01-14,15929.3,15970.7,15833.7,15883.2,0
2022-01-17,15948.9,15962.7,15894.7,15933.7,0
2022-01-18,15839.1,15843.5,15669.3,15772.5,0
2022-01-19,15639.4,15898,15629.8,15809.7,0
2022-01-20,15837.2,15912.3,15737.3,15912.3,0
2022-01-21,15694.8,15728.2,15456.8,15603.8,0
2022-01-24,15499.6,15587.3,14952.6,15011.1,0
2022-01-25,15139,15205.7,14979.1,15123.8,0
2022-01-26,15273,15524.9,15272.8,15459.3,0
2022-01-27,15229.9,15582.4,15197.5,15524.2,0
2022-01-28,15411.8,15416.5,15122.6,15318.9,0
2022-01-31,15506.7,15566.3,15338.1,15471.2,0
2022-02-01,15620.5,15687.9,15537,15619.3,0
2022-02-02,15689.1,15736.5,15604.9,15613.7,0
2022-02-03,15565.9,15602.5,15367.1,15368.4,0
2022-02-04,15410.7,15423.9,15060.4,15099.5,0
2022-02-07,15220,15256,15076.8,15206.6,0
2022-02-08,15221.7,15338,15158.8,15242.3,0
2022-02-09,15356.9,15513.9,15351.4,15482,0
2022-02-10,15597,15614.4,15413.3,15490.4,0
2022-02-11,15353.8,15511.3,15308.6,15425.1,0
2022-02-14,15065.7,15150.5,14844.1,15113.9,0
2022-02-15,15077.3,15418.4,15068.3,15412.7,0
2022-02-16,15431.2,15542.8,15327.9,15370.3,0
2022-02-17,15404.1,15440,15206.4,15267.6,0
2022-02-18,15278.6,15317.3,14989,15042.5,0
2022-02-21,15186.6,15192.4,14617.6,14731.1,0
2022-02-22,14365,14782.1,14357.8,14693,0
2022-02-23,14754.2,14901,14586.3,14631.3,0
2022-02-24,13989.4,14221.7,13807.2,14052.1,0
2022-02-25,14230,14567.6,14027.9,14567.2,0
2022-02-28,14263.7,14510.7,14106.8,14461,0
2022-03-01,14404.2,14448.6,13904.8,13904.8,0
2022-03-02,13836.9,14114.7,13707.8,14000.1,0
2022-03-03,13990.2,14057.1,13669.1,13698.4,0
2022-03-04,13485.9,13562.6,13094.5,13094.5,0
2022-03-07,12614,13150.3,12438.8,12834.6,0
2022-03-08,12673.8,13106.7,12672,12831.5,0
2022-03-09,13215,13847.9,13199.6,13847.9,0
2022-03-10,13819.4,13829.9,13341.7,13442.1,0
2022-03-11,13479.6,13943.9,13407.9,13628.1,0
2022-03-14,13827.2,14082,13815.8,13929.1,0
2022-03-15,13768.4,13974.8,13577.8,13917.2,0
2022-03-16,14245.7,14553.1,14183.2,14440.7,0
2022-03-17,14500,14509.2,14243.9,14388,0
2022-03-18,14374.4,14413,14109.7,14413,0
2022-03-21,14385.8,14457.3,14306.2,14326.9,0
2022-03-22,14365.6,14508,14343.3,14473.2,0
2022-03-23,14532.8,14539.3,14226.4,14283.6,0
2022-03-24,14305.8,14375.8,14187.8,14273.7,0
2022-03-25,14332.2,14428,14247.3,14305.7,0
2022-03-28,14376,14627.5,14371.9,14417.3,0
2022-03-29,14592.7,14925.2,14553.7,14820.3,0
2022-03-30,14712.3,14744.7,14555.8,14606,0
2022-03-31,14674.8,14732,14404,14414.7,0
2022-04-01,14447.7,14506,14403,14446.4,0
2022-04-04,14503.9,14535,14334.1,14518.1,0
2022-04-05,14504.8,14603.4,14347.3,14424.3,0
2022-04-06,14402.1,14437.9,14027.1,14151.6,0
2022-04-07,14187.1,14315.3,14069.5,14078.1,0
2022-04-08,14275.8,14321.8,14178.2,14283.6,0
2022-04-11,14162.9,14298,14094.8,14192.7,0
2022-04-12,13956.5,14180,13887.1,14124.9,0
2022-04-13,14062.7,14100,13961.9,14076.4,0
2022-04-14,14098.4,14198.7,14038.3,14163.8,0
2022-04-19,14057.4,14199,13991.7,14153.4,0
2022-04-20,14154.4,14362,14149.6,14362,0
2022-04-21,14376,14598.1,14374.5,14502.4,0
2022-04-22,14320.5,14372.4,14142,14142,0
2022-04-25,13908,14037.6,13863.3,13924.1,0
2022-04-26,14087,14112.8,13749.6,13756.4,0
2022-04-27,13760.2,13849.4,13566.2,13793.9,0
2022-04-28,13907,14074.7,13822.1,13979.8,0
2022-04-29,14095.9,14187,14038.5,14097.8,0
2022-05-02,13996.8,14036.1,13778.1,13939,0
2022-05-03,13958.9,14081.1,13920.4,14039.4,0
2022-05-04,14020.9,14073.2,13970.6,13970.8,0
2022-05-05,14282.7,14315.2,13857.5,13902.5,0
2022-05-06,13832.6,13851.4,13592.1,13674.2,0
2022-05-09,13624.9,13697.9,13380.6,13380.6,0
2022-05-10,13550,13719.9,13514.4,13534.7,0
2022-05-11,13587.2,13829.1,13508.5,13828.6,0
2022-05-12,13512.1,13808,13479.3,13739.6,0
2022-05-13,13837.4,14034.1,13795.6,14027.9,0
2022-05-16,13986.1,14043.1,13864.9,13964.3,0
2022-05-17,14072.6,14203,14056.9,14185.9,0
2022-05-18,14197.1,14226.4,13999.5,14007.7,0
2022-05-19,13822.3,13882.3,13683.5,13882.3,0
2022-05-20,13968.2,14161.3,13944.1,13981.9,0
2022-05-23,14179.8,14217.4,14026.1,14175.4,0
2022-05-24,14043.2,14105,13917,13919.7,0
2022-05-25,14022.2,14053.5,13871.4,14007.9,0
2022-05-26,14025.4,14253.6,14025.4,14231.2,0
2022-05-27,14289.5,14463.5,14246.8,14462.1,0
2022-05-30,14572.8,14589.4,14509.5,14575.9,0
2022-05-31,14513.3,14547,14359.3,14388.3,0
2022-06-01,14478.3,14489,14329.5,14340.4,0
2022-06-02,14394.3,14492.7,14393,14485.1,0
2022-06-03,14585.1,14589.9,14443.1,14460,0
2022-06-06,14576.8,14709.3,14548.2,14653.8,0
2022-06-07,14569.3,14590.6,14458.3,14556.6,0
2022-06-08,14595.7,14602,14378.5,14445.9,0
2022-06-09,14364.5,14420.7,14186.9,14198.8,0
2022-06-10,14110,14121,13749.7,13761.8,0
2022-06-13,13564.4,13648.8,13379.8,13427,0
2022-06-14,13557.4,13569.9,13294,13304.3,0
2022-06-15,13480.5,13566.8,13358.4,13485.2,0
2022-06-16,13440.4,13443.3,13007.9,13038.4,0
2022-06-17,13092.8,13237.7,13020.4,13126.2,0
2022-06-20,13207.7,13265.6,13106.3,13265.6,0
2022-06-21,13335.1,13443.7,13273.2,13292.4,0
2022-06-22,13062.2,13206.1,12965.6,13144.2,0
2022-06-23,13082.6,13120.3,12912.5,12912.5,0
2022-06-24,12949.8,13160.7,12904.8,13118.1,0
2022-06-27,13217.9,13378.4,13126.8,13186,0
2022-06-28,13264.6,13358.6,13221,13231.8,0
2022-06-29,13089.9,13132.3,12946.7,13003.3,0
2022-06-30,12795.2,12811.4,12618.6,12783.7,0
2022-07-01,12627.6,12894.3,12623.2,12813,0
2022-07-04,12904,12919.7,12741.6,12773.3,0
2022-07-05,12851.2,12870.2,12390.9,12401.2,0
2022-07-06,12587.5,12668.6,12509.2,12594.5,0
2022-07-07,12757.6,12867.7,12693.6,12843.2,0
2022-07-08,12814.1,13019.1,12766.8,13015.2,0
2022-07-11,12783,12934.8,12774.2,12832.4,0
2022-07-12,12751.3,12905.4,12655,12905.4,0
2022-07-13,12800.8,12851.9,12625.2,12756.3,0
2022-07-14,12759.2,12788,12434.2,12519.6,0
2022-07-15,12562.1,12875.6,12532.9,12864.7,0
2022-07-18,12935,13062.2,12913.6,12959.8,0
2022-07-19,12884.8,13351.2,12827.8,13308.4,0
2022-07-20,13356.6,13399.4,13129.1,13281.9,0
2022-07-21,13261.8,13318.6,13097.7,13246.6,0
2022-07-22,13179.5,13367,13171.1,13253.6,0
2022-07-25,13183.2,13337,13151.8,13210.3,0
2022-07-26,13181.9,13197.9,13042.4,13096.9,0
2022-07-27,13158.6,13204.5,13089.9,13166.3,0
2022-07-28,13214.4,13289.3,13091.2,13282.1,0
2022-07-29,13353.2,13515,13340.5,13484,0
2022-08-01,13471.2,13570.2,13464.9,13479.6,0
2022-08-02,13419.1,13484.5,13335.3,13449.2,0
2022-08-03,13398.7,13595,13388.3,13587.5,0
2022-08-04,13629.7,13792.8,13628.5,13662.6,0
2022-08-05,13642.9,13693.3,13562.6,13573.9,0
2022-08-08,13703.3,13745.5,13604.5,13687.6,0
2022-08-09,13703.3,13745.5,13514.7,13534.9,0
2022-08-10,13482.6,13715.5,13455.7,13700.9,0
2022-08-11,13747,13763.2,13661.1,13694.5,0
2022-08-12,13709.8,13813,13705,13795.8,0
2022-08-15,13847.8,13857.9,13736,13816.6,0
2022-08-16,13849.6,13947.8,13824.9,13910.1,0
2022-08-17,13928.1,13930.5,13610.4,13626.7,0
2022-08-18,13653.8,13775.6,13638.1,13697.4,0
2022-08-19,13591.2,13660.3,13525.6,13544.5,0
2022-08-22,13471.4,13510.2,13189.2,13230.5,0
2022-08-23,13163.5,13298.2,13156.4,13194.2,0
2022-08-24,13131.1,13238.6,13085.2,13220,0
2022-08-25,13328.4,13364.5,13210.9,13271.9,0
2022-08-26,13335.1,13375,12939.9,12971.4,0
2022-08-29,12838.4,12942.4,12758.4,12892.9,0
2022-08-30,12919.4,13154.1,12885,12961.1,0
2022-08-31,13018.4,13020.5,12814.8,12834.9,0
2022-09-01,12713.7,12743,12603.5,12630.2,0
2022-09-02,12768.4,13051.5,12736,13050.2,0
2022-09-05,12827.5,12827.5,12617.4,12760.7,0
2022-09-06,12807.2,12927.7,12760,12871.4,0
2022-09-07,12770.7,12953.9,12736,12915.9,0
2022-09-08,12985.6,13008.8,12688.8,12904.3,0
2022-09-09,12926.1,13121.1,12925.5,13088.2,0
2022-09-12,13171.9,13441.5,13165.7,13402.2,0
2022-09-13,13450.3,13564.8,13183.1,13188.9,0
2022-09-14,13131.3,13192.8,12952,13028,0
2022-09-15,13040.3,13111.3,12927.2,12956.6,0
2022-09-16,12814.9,12815.3,12699.2,12741.2,0
2022-09-19,12685.2,12866.7,12606.6,12803.2,0
2022-09-20,12849.7,12936.5,12638.2,12670.8,0
2022-09-21,12555.3,12771.7,12520.8,12767.1,0
2022-09-22,12531.6,12781.5,12526.6,12531.6,0
2022-09-23,12506.6,12521.2,12180.7,12284.1,0
2022-09-26,12231.8,12368.4,12184,12227.9,0
2022-09-27,12332.8,12414,12139.6,12139.6,0
2022-09-28,12025.4,12198.3,11862.8,12183.2,0
2022-09-29,12143.2,12147.3,11866.9,11975.5,0
2022-09-30,12063,12137.7,11973.9,12114.3,0
2022-10-03,11951.8,12227.8,11893.9,12209.4,0
2022-10-04,12360.7,12673.3,12358.9,12670.4,0
2022-10-05,12611,12661.8,12455.3,12517.1,0
2022-10-06,12593.4,12643.2,12421.8,12470.7,0
2022-10-07,12414.7,12497.5,12272.5,12273,0
2022-10-10,12175.5,12410.8,12174.6,12272.9,0
2022-10-11,12168.6,12258.1,12097.6,12220.2,0
2022-10-12,12207.9,12298.6,12104.6,12172.2,0
2022-10-13,12114.2,12379.2,12000.4,12355.5,0
2022-10-14,12549,12676.4,12395.9,12437.8,0
2022-10-17,12467.5,12716.8,12398,12649,0
2022-10-18,12788.5,12931.7,12746.3,12765.6,0
2022-10-19,12817.6,12819.1,12705.2,12741.4,0
2022-10-20,12685.1,12818.3,12628.7,12767.4,0
2022-10-21,12641.1,12775.5,12548.1,12730.9,0
2022-10-24,12868.7,13020.4,12747.3,12931.4,0
2022-10-25,12965.1,13053.2,12789.2,13052.9,0
2022-10-26,13054.4,13203.2,13023.4,13195.8,0
2022-10-27,13152.9,13259.4,13062,13211.2,0
2022-10-28,13072.9,13250.6,13051.2,13243.3,0
2022-10-31,13254.3,13307,13216.4,13253.7,0
2022-11-01,13344.8,13444,13287,13338.7,0
2022-11-02,13369.3,13398.6,13255,13256.7,0
2022-11-03,13130.9,13194.3,13022.6,13130.1,0
2022-11-04,13201.2,13542.3,13193.5,13459.8,0
2022-11-07,13398.7,13611.3,13391,13533.5,0
2022-11-08,13506.6,13689.6,13487.9,13688.7,0
2022-11-09,13653.9,13691.1,13557,13666.3,0
2022-11-10,13603.7,14157.2,13599.3,14146,0
2022-11-11,14179.3,14263.5,14172.4,14224.8,0
2022-11-14,14295.8,14431.1,14243.3,14313.3,0
2022-11-15,14372.4,14440.7,14266.4,14378.5,0
2022-11-16,14374.8,14382.6,14195.3,14234,0
2022-11-17,14348.4,14384.5,14149.7,14266.3,0
2022-11-18,14320.6,14457.7,14300.2,14431.8,0
2022-11-21,14395.5,14425.9,14321.8,14379.9,0
2022-11-22,14352.5,14485.4,14343.8,14422.3,0
2022-11-23,14438.2,14446.3,14363.5,14427.5,0
2022-11-24,14456.1,14570.7,14447.5,14539.5,0
2022-11-25,14547.5,14571.6,14498,14541.3,0
2022-11-28,14471.1,14514.7,14374.1,14383.3,0
2022-11-29,14404.6,14429.8,14327,14355.4,0
2022-11-30,14429.2,14487.7,14363.3,14397,0
2022-12-01,14543.8,14563.7,14423.7,14490.3,0
2022-12-02,14465.7,14584.5,14372.4,14529.3,0
2022-12-05,14487.4,14507.1,14394.3,14447.6,0
2022-12-06,14406.8,14471.5,14305.2,14343.1,0
2022-12-07,14304.9,14372.3,14218.1,14261.1,0
2022-12-08,14277.7,14298.8,14196.7,14264.5,0
2022-12-09,14325.8,14385.5,14217.9,14370.7,0
2022-12-12,14300.4,14366.3,14262.6,14306.6,0
2022-12-13,14345.8,14675.8,14302.4,14497.8,0
2022-12-14,14453.5,14470.7,14375.9,14460.2,0
2022-12-15,14351.3,14363.1,13982.5,13986.2,0
2022-12-16,13978.4,14011.2,13815.2,13893,0
2022-12-19,13934.7,14001.3,13927,13942.8,0
2022-12-20,13829.9,13931.2,13791.5,13884.6,0
2022-12-21,13944.6,14099.7,13912.1,14097.8,0
2022-12-22,14113,14160.8,13890.5,13914,0
2022-12-23,13945.5,14000.6,13874.5,13940.9,0
2022-12-27,14047.4,14063.1,13966.3,13995.1,0
2022-12-28,14013.7,14018.4,13914.6,13925.6,0
2022-12-29,13890.8,14071.7,13871.3,14071.7,0
2022-12-30,14005.8,14008.9,13922.5,13923.5,0
2023-01-02,13992.7,14095.9,13976.4,14069.2,0
2023-01-03,14116,14293.8,14083.7,14181.6,0
2023-01-04,14266.9,14492.7,14264.6,14490.7,0
2023-01-05,14451.2,14501.6,14403.7,14436.3,0
2023-01-06,14476.7,14610.2,14388.9,14610,0
2023-01-09,14650.7,14832.8,14628.6,14792.8,0
2023-01-10,14741.9,14790.8,14692.7,14774.6,0
2023-01-11,14805.4,14965.4,14794.9,14947.9,0
2023-01-12,14972.2,15095,14934.5,15058.3,0
2023-01-13,15063.2,15132.3,15041.1,15086.5,0
2023-01-16,15112,15153.1,15083.9,15134,0
2023-01-17,15130,15269.7,15083.9,15187,0
2023-01-18,15182.9,15250.3,15156.8,15181.8,0
2023-01-19,15115.5,15134,14906.2,14920.3,0
2023-01-20,14986.5,15034.4,14940.6,15033.5,0
2023-01-23,15077.4,15145.9,15022.8,15102.9,0
2023-01-24,15140.5,15147.4,15022.5,15093.1,0
2023-01-25,15095.7,15114.4,14969.6,15081.6,0
2023-01-26,15146.2,15151.5,15068.7,15132.8,0
2023-01-27,15115.7,15186.4,15077.6,15150,0
2023-01-30,15070.3,15161,14988.9,15126,0
2023-01-31,15081.1,15136.2,14993.5,15128.2,0
2023-02-01,15125.1,15222.3,15107.8,15180.7,0
2023-02-02,15275,15520.9,15264.3,15509.1,0
2023-02-03,15408.4,15476.6,15347.8,15476.4,0
2023-02-06,15367,15406.9,15275.5,15345.9,0
2023-02-07,15359.5,15363.4,15273.6,15320.8,0
2023-02-08,15450.6,15486.1,15371.9,15412,0
2023-02-09,15560.1,15658.5,15519.6,15523.4,0
2023-02-10,15438.9,15487.9,15246.3,15307.9,0
2023-02-13,15322,15409.2,15305.9,15397.3,0
2023-02-14,15419,15526.2,15366.3,15380.5,0
2023-02-15,15394.4,15520.3,15388.8,15506.3,0
2023-02-16,15612.4,15634,15417.1,15533.6,0
2023-02-17,15372,15514.7,15300.4,15482,0
2023-02-20,15524.1,15532.4,15436.7,15477.5,0
2023-02-21,15450.6,15470.5,15286.7,15397.6,0
2023-02-22,15342.6,15408.5,15247.5,15399.8,0
2023-02-23,15453.2,15552.7,15433.9,15475.6,0
2023-02-24,15501.8,15530.4,15162.4,15209.7,0
2023-02-27,15351.6,15481,15351.6,15381.4,0
2023-02-28,15299.7,15443.1,15289.4,15365.1,0
2023-03-01,15399.9,15478.8,15254.1,15305,0
2023-03-02,15171,15329.2,15150.6,15327.6,0
2023-03-03,15430.6,15590.4,15409.9,15578.3,0
2023-03-06,15597.9,15677.9,15587.7,15653.5,0
2023-03-07,15638.4,15706.3,15544,15559.5,0
2023-03-08,15528.8,15667.2,15524.8,15631.8,0
2023-03-09,15619.7,15667,15535.1,15633.2,0
2023-03-10,15369.6,15495.8,15316.3,15427.9,0
2023-03-13,15435.1,15435.8,14887.4,14959.4,0
2023-03-14,15016.5,15272.1,14951.7,15232.8,0
2023-03-15,15175.4,15246.1,14702.9,14735.2,0
2023-03-16,14973.8,15018.3,14664.1,14967.1,0
2023-03-17,15073.7,15153.1,14694.2,14768.2,0
2023-03-20,14715.4,14980.4,14458.3,14933.3,0
2023-03-21,15062,15253.1,15055.9,15195.3,0
2023-03-22,15174.6,15298.4,15166.9,15216.1,0
2023-03-23,15178.2,15244.3,15078.7,15210.3,0
2023-03-24,15135.5,15135.6,14809.8,14957.2,0
2023-03-27,15133.6,15185.3,15020,15127.6,0
2023-03-28,15255.9,15261.4,15103.7,15142,0
2023-03-29,15242.5,15342.2,15186.7,15328.7,0
2023-03-30,15429.3,15536.4,15424.6,15522.4,0
2023-03-31,15568.3,15659,15499.8,15628.8,0
2023-04-03,15623.4,15659.3,15553.9,15580.9,0
2023-04-04,15639,15736.5,15601.4,15603.4,0
2023-04-05,15611.6,15627.2,15482.8,15520.1,0
2023-04-06,15530.2,15601.4,15509,15597.8,0
2023-04-11,15710.4,15726,15625.7,15655.1,0
2023-04-12,15689.1,15827.2,15668.2,15703.6,0
2023-04-13,15708.2,15754.9,15675.1,15729.4,0
2023-04-14,15789.7,15841.4,15760.3,15807.5,0
2023-04-17,15838.8,15903.2,15764.3,15789.5,0
2023-04-18,15841.5,15916.2,15802.7,15882.6,0
2023-04-19,15850.5,15908.4,15829.5,15895.2,0
2023-04-20,15864.1,15883.3,15734.2,15795.9,0
2023-04-21,15782.5,15899.6,15706.8,15881.6,0
2023-04-24,15852.2,15919.1,15831.1,15863.9,0
2023-04-25,15836.7,15891.7,15794.8,15872.1,0
2023-04-26,15804.5,15826,15694.3,15795.7,0
2023-04-27,15739.3,15859.2,15706.6,15800.4,0
2023-04-28,15884.7,15922.3,15688.1,15922.3,0
2023-05-02,15950.3,16011.5,15707.5,15726.9,0
2023-05-03,15774,15868.8,15745.9,15815,0
2023-05-04,15781.4,15796.7,15662.3,15734.2,0
2023-05-05,15837.4,15961.5,15755.9,15961,0
2023-05-08,15967.5,15996.1,15933.6,15952.8,0
2023-05-09,15950.8,15962.6,15879.5,15955.4,0
2023-05-10,15973.3,15984.8,15848.6,15896.2,0
2023-05-11,15943.8,15970.5,15754.7,15834.9,0
2023-05-12,15918.2,15938,15852.1,15913.8,0
2023-05-15,15966.9,15982.1,15874.2,15917.2,0
2023-05-16,15892.7,15968.4,15862.3,15897.9,0
2023-05-17,15883.6,15992.7,15862.1,15951.3,0
2023-05-18,16069.4,16230.4,16069.4,16163.3,0
2023-05-19,16233.1,16331.9,16203.6,16275.3,0
2023-05-22,16235.9,16267.9,16196.3,16223.9,0
2023-05-23,16186.4,16224.3,16143.9,16152.8,0
2023-05-24,16008.5,16013.2,15802.8,15842.1,0
2023-05-25,15872.4,15872.6,15726.5,15793.8,0
2023-05-26,15850,16008.5,15726.7,15983.9,0
2023-05-29,16064.1,16079.7,15925.2,15952.7,0
2023-05-30,15962.3,16058.4,15889.4,15908.9,0
2023-05-31,15757.4,15871.7,15629.1,15664,0
2023-06-01,15744,15863.4,15734.8,15853.6,0
2023-06-02,15949,16071.3,15922.6,16051.2,0
2023-06-05,16079.8,16114.8,15928.4,15963.8,0
2023-06-06,15939.3,16009.2,15925.5,15992.4,0
2023-06-07,15998.1,16020.2,15909.8,15960.5,0
2023-06-08,15951.6,16019,15913.9,15989.9,0
2023-06-09,15993,15998.9,15924.5,15949.8,0
2023-06-12,16052.9,16126.3,16021.5,16097.8,0
2023-06-13,16218.2,16232.7,16088.4,16230.6,0
2023-06-14,16219,16336.2,16217.4,16310.7,0
2023-06-15,16275.7,16301.7,16165.6,16290.1,0
2023-06-16,16306.6,16427.4,16276.7,16357.6,0
2023-06-19,16272.2,16302.2,16189.5,16201.2,0
2023-06-20,16100.2,16184.3,16069.1,16111.3,0
2023-06-21,16082.7,16145.2,16002.2,16023.1,0
2023-06-22,15867.6,15988.2,15810.4,15988.1,0
2023-06-23,15862.7,15917.1,15733.1,15829.9,0
2023-06-26,15874.1,15874.9,15713.7,15813,0
2023-06-27,15873.7,15895.7,15758.1,15846.8,0
2023-06-28,15922.7,15994.3,15906.8,15949,0
2023-06-29,15960.4,15998.6,15920,15946.7,0
2023-06-30,15989.4,16176.5,15978.9,16147.9,0
2023-07-03,16187.9,16209.2,16070.4,16081,0
2023-07-04,16082.9,16103.9,16023.7,16039.1,0
2023-07-05,15930.1,15982.9,15901.3,15937.5,0
2023-07-06,15816.1,15846.2,15495.8,15528.5,0
2023-07-07,15515,15661.4,15456.1,15603.4,0
2023-07-10,15585.3,15722,15545.3,15673.1,0
2023-07-11,15716.2,15807.6,15659.1,15790.3,0
2023-07-12,15842.2,16044.2,15806.2,16023,0
2023-07-13,16009.2,16185.1,16000.3,16141,0
2023-07-14,16123.1,16149.1,16071.7,16105,0
2023-07-17,16013.5,16102.5,15995.4,16068.6,0
2023-07-18,16042,16140.2,16031,16125.4,0
2023-07-19,16190,16240.7,16075.1,16108.9,0
2023-07-20,16059.2,16211.4,16050.9,16204.2,0
2023-07-21,16125.2,16181.3,16103.4,16177.2,0
2023-07-24,16126.7,16208.7,16121.2,16190.9,0
2023-07-25,16169.7,16225.8,16135.6,16211.5,0
2023-07-26,16183.7,16212.9,16000,16131.4,0
2023-07-27,16162.1,16408.8,16131.6,16406,0
2023-07-28,16356.3,16490.1,16336.4,16469.7,0
2023-07-31,16434.6,16528.9,16427.4,16446.8,0
2023-08-01,16414.7,16430.6,16240.4,16240.4,0
2023-08-02,16027.6,16140.7,15955.3,16020,0
2023-08-03,15879,15920.3,15807.8,15893.3,0
2023-08-04,15917,15973.9,15784.5,15951.8,0
2023-08-07,15877.5,15962.6,15824.7,15950.7,0
2023-08-08,15868.3,15946.5,15706.3,15774.9,0
2023-08-09,15918,15983.7,15831,15852.5,0
2023-08-10,15921.4,16060.2,15880.4,15996.5,0
2023-08-11,15927.7,15962.4,15803,15832.1,0
2023-08-14,15818.2,15937.7,15817.5,15904.2,0
2023-08-15,15909.5,15923.1,15703,15767.2,0
2023-08-16,15737,15814.6,15725.1,15789.4,0
2023-08-17,15712.9,15793.5,15664.3,15676.9,0
2023-08-18,15597.1,15612.8,15468.6,15574.2,0
2023-08-21,15573.9,15710.2,15571.8,15603.2,0
2023-08-22,15684.6,15799.3,15677.4,15705.6,0
2023-08-23,15761.2,15820.9,15672.4,15728.4,0
2023-08-24,15876.2,15896.7,15618.6,15621.4,0
2023-08-25,15582.9,15739.7,15578.9,15631.8,0
2023-08-28,15756.4,15804.9,15673.8,15792.6,0
2023-08-29,15844.7,15942.1,15805.4,15930.8,0
2023-08-30,15956.9,15960.4,15823.3,15891.9,0
2023-08-31,15937.3,16042.6,15914.4,15947,0
2023-09-01,15936.3,15984.5,15840.2,15840.3,0
2023-09-04,15904.6,15958.7,15795.9,15824.8,0
2023-09-05,15729.7,15838.4,15691.4,15771.7,0
2023-09-06,15712.5,15781.8,15676.5,15741.3,0
2023-09-07,15661.6,15794.7,15661.3,15718.6,0
2023-09-08,15777.5,15783.3,15577,15740.3,0
2023-09-11,15799.4,15867.5,15771,15800.9,0
2023-09-12,15804,15808.3,15686.3,15715.5,0
2023-09-13,15648.9,15726.6,15564.6,15654,0
2023-09-14,15652.4,15824,15588.1,15805.2,0
2023-09-15,15940.3,15989.3,15871.1,15893.5,0
2023-09-18,15858.8,15870.6,15693.8,15727.1,0
2023-09-19,15688,15743.9,15630.9,15664.4,0
2023-09-20,15703,15810.3,15699.3,15781.5,0
2023-09-21,15650.9,15696.6,15548.6,15571.8,0
2023-09-22,15473.8,15592.2,15471.7,15557.2,0
2023-09-25,15513.3,15572.1,15329.4,15405.4,0
2023-09-26,15330.9,15360.4,15229.3,15255.8,0
2023-09-27,15225.5,15299.6,15194.6,15217.4,0
2023-09-28,15229.1,15323.7,15138.6,15323.5,0
2023-09-29,15394.8,15515.9,15382.5,15386.5,0
2023-10-02,15439.9,15476.3,15192,15247.2,0
2023-10-03,15184.4,15257.8,15074.8,15085.2,0
2023-10-04,14979.8,15174.6,14948,15099.9,0
2023-10-05,15113.9,15157.7,15048.4,15070.2,0
2023-10-06,15109.1,15230.8,15033.5,15229.7,0
2023-10-09,15143.2,15201,15077.6,15128.1,0
2023-10-10,15272.5,15443.4,15272.5,15423.5,0
2023-10-11,15366.7,15486.1,15361.7,15460,0
2023-10-12,15537.8,15575.2,15413.2,15425,0
2023-10-13,15400,15409.8,15178,15186.6,0
2023-10-16,15219.4,15271.5,15103.1,15237.9,0
2023-10-17,15211.2,15288.3,15117.2,15251.6,0
2023-10-18,15244,15271.1,15081.6,15094.9,0
2023-10-19,15060.6,15104.3,14984.5,15045.2,0
2023-10-20,14872,14936.4,14798.4,14798.4,0
2023-10-23,14823,14838,14630.2,14800.7,0
2023-10-24,14802.5,14916.6,14750.3,14879.9,0
2023-10-25,14870.6,14933.6,14789.6,14892.1,0
2023-10-26,14696.2,14795.4,14655,14731,0
2023-10-27,14757.1,14824.2,14667.3,14687.4,0
2023-10-30,14770.9,14798,14678.7,14716.5,0
2023-10-31,14741.4,14829.6,14722.3,14810.3,0
2023-11-01,14851.9,14949.5,14786.3,14923.2,0
2023-11-02,15033.6,15202.4,15028,15143.6,0
2023-11-03,15203.8,15269.5,15149.7,15189.2,0
2023-11-06,15219.3,15223.4,15110.8,15135.9,0
2023-11-07,15084.7,15194.5,15068.2,15152.6,0
2023-11-08,15093.4,15287.7,15086.4,15229.6,0
2023-11-09,15246.5,15364.4,15212.9,15352.5,0
2023-11-10,15296.5,15309.5,15171.5,15234.3,0
2023-11-13,15285.1,15346.7,15252.2,15345,0
2023-11-14,15358.5,15632.4,15337.6,15614.4,0
2023-11-15,15631.6,15759.8,15628.1,15748.1,0
2023-11-16,15806.9,15862,15783.5,15786.6,0
2023-11-17,15828.7,15952.4,15826.6,15919.1,0
2023-11-20,15915.2,15929.9,15854.8,15901.3,0
2023-11-21,15911,15948,15891.3,15900.5,0
2023-11-22,15965.1,15998.4,15931.7,15957.8,0
2023-11-23,15976.6,16005.4,15958,15994.7,0
2023-11-24,15988.1,16041.1,15972.6,16029.4,0
2023-11-27,16007.2,16039.4,15957.9,15966.3,0
2023-11-28,15939.1,15993.4,15915.4,15992.6,0
2023-11-29,16013.1,16208.9,16010.4,16166.4,0
2023-11-30,16204.7,16262.9,16169.1,16215.4,0
2023-12-01,16296.9,16399,16279.4,16397.5,0
2023-12-04,16390.1,16455.6,16386.8,16404.7,0
2023-12-05,16405.1,16551.3,16394,16533.1,0
2023-12-06,16565.6,16727,16536.1,16656.4,0
2023-12-07,16623.8,16655.3,16595.1,16628.9,0
2023-12-08,16644.6,16782.7,16630.1,16759.2,0
2023-12-11,16760.5,16817.8,16734.2,16794.4,0
2023-12-12,16823,16837.1,16753.8,16791.7,0
2023-12-13,16811.5,16836.4,16760.1,16766,0
2023-12-14,16948.7,17003.2,16670.3,16752.2,0
2023-12-15,16822.5,16890.1,16713.7,16751.4,0
2023-12-18,16683.6,16744.2,16624.6,16650.5,0
2023-12-19,16657.4,16750.5,16656.6,16744.4,0
2023-12-20,16779.4,16789.9,16694.5,16733,0
2023-12-21,16667.3,16708.3,16624.1,16687.4,0
2023-12-22,16673.3,16735.3,16651.7,16706.1,0
2023-12-27,16727.7,16775.7,16697.5,16742,0
2023-12-28,16780.9,16783.7,16688.5,16701.5,0
2023-12-29,16729.2,16758.5,16726.9,16751.6,0
2024-01-02,16828.7,16963.4,16648.8,16769.3,0
2024-01-03,16771.3,16784,16479.9,16538.3,0
2024-01-04,16563.6,16626.8,16501.4,16617.2,0
2024-01-05,16504.8,16645.8,16448.7,16594.2,0
2024-01-08,16618.5,16716.4,16517.4,16716.4,0
2024-01-09,16743.2,16743.2,16611.5,16688.3,0
2024-01-10,16703.1,16753.6,16654.9,16689.8,0
2024-01-11,16775.9,16839.4,16541.3,16547,0
2024-01-12,16649.4,16752.2,16608,16704.5,0
2024-01-15,16723.2,16736.1,16609.2,16622.2,0
2024-01-16,16497.5,16581.9,16476,16571.6,0
2024-01-17,16400.4,16435.6,16345,16431.6,0
2024-01-18,16440.6,16579.1,16421.2,16567.3,0
2024-01-19,16626.5,16647.8,16513.4,16555.1,0
2024-01-22,16684.1,16705.4,16607.7,16683.3,0
2024-01-23,16753,16753,16626.5,16627,0
2024-01-24,16793.2,16921.4,16760.9,16889.9,0
2024-01-25,16849.7,16916.6,16785.6,16906.9,0
2024-01-26,16879,16967.7,16849.3,16961.3,0
2024-01-29,16925.3,16941.7,16860,16941.7,0
2024-01-30,16991.3,16999.5,16946.5,16972.3,0
2024-01-31,16972.4,16991.8,16884.8,16903.7,0
2024-02-01,16834.1,16915.9,16821.6,16859,0
2024-02-02,16977.7,17004.5,16894.6,16918.2,0
2024-02-05,16925.9,16972.6,16859,16904,0
2024-02-06,16965.8,17049.5,16871.3,17033.2,0
2024-02-07,17020.7,17021.5,16907.1,16921.9,0
2024-02-08,16936.1,17029.5,16889.1,16963.8,0
2024-02-09,16973.5,16993.1,16876.3,16926.5,0
2024-02-12,16975.9,17042.7,16958.8,17037.3,0
2024-02-13,16987,16991.6,16831.5,16880.8,0
2024-02-14,16872.8,16957.7,16857.3,16945.4,0
2024-02-15,17022.5,17089.1,17003.8,17046.6,0
2024-02-16,17117.3,17198.4,17060.3,17117.4,0
2024-02-19,17075.7,17098.6,17049.2,17092.2,0
2024-02-20,17066.2,17084.8,17019.1,17068.4,0
2024-02-21,17102,17157.9,17063.2,17118.1,0
2024-02-22,17326.7,17429.6,17279.7,17370.4,0
2024-02-23,17372,17443.7,17354.7,17419.3,0
2024-02-26,17396.7,17460.5,17396.4,17423.2,0
2024-02-27,17431.3,17563.4,17428.1,17556.4,0
2024-02-28,17569.6,17605.6,17552.9,17601.2,0
2024-02-29,17634.6,17742.4,17620.1,17678.1,0
2024-03-01,17793.4,17816.5,17690.8,17735,0
2024-03-04,17743.4,17756.3,17684.7,17716.1,0
2024-03-05,17682.7,17746.5,17643.1,17698.4,0
2024-03-06,17685.9,17745.1,17682.5,17716.7,0
2024-03-07,17648.8,17879.1,17619.4,17842.8,0
2024-03-08,17849.8,17860.5,17795.1,17814.5,0
2024-03-11,17690.9,17750.7,17662.5,17746.2,0
2024-03-12,17810.1,17973.2,17746.8,17965.1,0
2024-03-13,17984.5,18001.4,17939.5,17961.3,0
2024-03-14,18002.9,18039,17899.9,17942,0
2024-03-15,17938.1,18038.1,17926.7,17936.6,0
2024-03-18,17936.3,18015.4,17902.9,17932.6,0
2024-03-19,17932.1,17998,17914.1,17987.4,0
2024-03-20,17987.9,18044.4,17955.6,18015.1,0
2024-03-21,18019.8,18179.8,18019.8,18179.2,0
2024-03-22,18175,18225.9,18140.9,18205.9,0
2024-03-25,18206.3,18285.5,18176.8,18261.3,0
2024-03-26,18262.1,18411.9,18256.8,18384.3,0
2024-03-27,18385.1,18511.1,18385.1,18477,0
2024-03-28,18477.4,18513.8,18468.8,18492.4,0
2024-04-02,18492.3,18567.1,18275.9,18283.1,0
2024-04-03,18281.8,18376,18281.8,18367.7,0
2024-04-04,18366.3,18427.4,18340.2,18403.1,0
2024-04-05,18401.8,18401.8,18088,18175,0
2024-04-08,18163.3,18326.3,18163.3,18318.9,0
2024-04-09,18318.4,18318.5,18058.2,18076.6,0
2024-04-10,18078.8,18239.5,17975.8,18097.3,0
2024-04-11,18096.5,18101.3,17864.6,17954.4,0
2024-04-12,17965.9,18162.5,17860.7,17930.3,0
2024-04-15,17937.6,18191.9,17937.6,18026.5,0
2024-04-16,18022.1,18022.6,17713.5,17766.2,0
2024-04-17,17764,17907.5,17731.7,17770,0
2024-04-18,17775.4,17863.3,17716.9,17837.4,0
2024-04-19,17834.8,17834.8,17626.9,17737.3,0
2024-04-22,17738,17889.4,17738,17860.8,0
2024-04-23,17861.2,18144.6,17861.2,18137.6,0
2024-04-24,18140.1,18226.3,18060.2,18088.7,0
2024-04-25,18088.1,18100.7,17795.9,17917.2,0
2024-04-26,17920.7,18199.7,17920.7,18161,0
2024-04-29,18162.1,18235.8,18103.4,18118.3,0
2024-04-30,18119.9,18153.6,17920.7,17932.1,0
2024-05-02,17935.7,17981,17875.9,17896.5,0
2024-05-03,17900.1,18105.8,17900,18001.6,0
2024-05-06,18001.1,18199.1,18001.1,18175.2,0
2024-05-07,18175.2,18442.4,18175.2,18430,0
2024-05-08,18430.2,18542.1,18427.2,18498.3,0
2024-05-09,18498,18699.2,18488,18686.6,53613627
2024-05-10,18686.8,18845.8,18686.8,18772.8,87914075
2024-05-13,18773.2,18799.7,18706,18742.2,66373080
2024-05-14,18735.8,18748.7,18629,18716.4,73288557
2024-05-15,18719.8,18892.9,18719.8,18869.3,81628668
2024-05-16,18874.8,18890.7,18716.3,18738.8,76322099
2024-05-17,18713.2,18724,18627.9,18704.4,75994081
2024-05-20,18710.1,18804,18710.1,18768.9,41185388
2024-05-21,18768.6,18768.6,18638.1,18726.7,65727778
2024-05-22,18731.6,18731.6,18642.2,18680.2,57984163
2024-05-23,18682.4,18766.6,18639.1,18691.3,63719282
2024-05-24,18687.6,18706.6,18515.8,18693.3,53855862
2024-05-27,18703.1,18775.1,18680.8,18774.7,37335424
2024-05-28,18775.5,18855,18635,18677.8,52670426
2024-05-29,18677.7,18677.7,18438,18473.2,59553559
2024-05-30,18465.4,18531.8,18394.4,18496.7,52348329
2024-05-31,18495.2,18542.2,18426.7,18497.9,144013823
2024-06-03,18503.7,18697,18503.7,18608.1,54181609
2024-06-04,18608.3,18608.3,18365.5,18405.6,81414755
2024-06-05,18406,18624.3,18406,18575.9,63882078
2024-06-06,18576.5,18784.6,18576.5,18652.6,60876635
2024-06-07,18649,18649,18424.6,18557.2,61383205
2024-06-10,18550.3,18550.3,18359.4,18494.8,53451597
2024-06-11,18497.8,18543,18281.5,18369.9,63755533
2024-06-12,18368.5,18651.7,18368.5,18630.8,61490027
2024-06-13,18632,18632,18253.4,18265.6,72490884
2024-06-14,18267.6,18304.7,17951.1,18002,92522587
2024-06-17,18008.2,18149.3,17969.5,18068.2,57818778
2024-06-18,18073.4,18214.2,18073.2,18131.9,50842965
2024-06-19,18131.3,18148,18055.6,18067.9,52036853
2024-06-20,18068.6,18254.1,18068.5,18254.1,59523624
2024-06-21,18254.5,18257.9,18090,18163.5,154535257
2024-06-24,18165.5,18354.7,18165.5,18325.5,61738679
2024-06-25,18300.4,18307.6,18075.7,18177.6,54133540
2024-06-26,18176.8,18363.3,18045.5,18155.2,56452282
2024-06-27,18154.9,18265.5,18141.2,18210.5,54448473
2024-06-28,18211.9,18352.6,18198.1,18235.4,64588116
2024-07-01,18236.3,18460.7,18236.2,18290.6,55846538
2024-07-02,18286.8,18286.8,18030.4,18164,57146834
2024-07-03,18181.7,18395.6,18181.7,18374.5,59157824
2024-07-04,18375.9,18468.1,18375.6,18450.4,34330864
2024-07-05,18450.5,18650.3,18420.5,18475.4,45501291
2024-07-08,18474.2,18631.6,18444,18472,45306579
2024-07-09,18471.3,18473,18213.9,18236.1,56403117
2024-07-10,18236.7,18420.1,18236.7,18407.2,49277264
2024-07-11,18409.7,18578.4,18409.6,18534.5,50928518
2024-07-12,18534.4,18779.4,18528.3,18748.1,49829885
2024-07-15,18736.1,18743.6,18581,18590.8,42769147
2024-07-16,18586.4,18586.4,18448.2,18518,45194949
2024-07-17,18512.1,18532.6,18347.2,18437.3,49011579
2024-07-18,18439.3,18536.2,18352.3,18354.7,52139732
2024-07-19,18340.8,18341.8,18162.3,18171.9,58262319
2024-07-22,18270.8,18468.6,18231.4,18407,46821136
2024-07-23,18500.6,18647.1,18464.2,18557.7,48611009
2024-07-24,18394.3,18456.3,18348.9,18387.4,71705700
2024-07-25,18209.4,18326.1,18096.6,18298.7,70728312
2024-07-26,18255.3,18428.8,18218.5,18417.5,46952621
2024-07-29,18542.4,18546.3,18309.2,18320.6,42845457
2024-07-30,18363.9,18469,18341.4,18411.1,43049685
2024-07-31,18503.1,18564.3,18434.8,18508.6,62448056
2024-08-01,18432.5,18440.9,18069.6,18083,71404346
2024-08-02,17884.8,17918,17623.9,17661.2,93521907
2024-08-05,17525.5,17525.5,17024.8,17339,101880262
2024-08-06,17422.5,17505.2,17233,17354.3,78115270
2024-08-07,17438.6,17666.8,17386.8,17615.1,73601420
2024-08-08,17516,17696.6,17439.8,17680.4,61730756
2024-08-09,17672.9,17788.7,17618.4,17722.8,47959363
2024-08-12,17784,17829.1,17677.7,17726.4,38708583
2024-08-13,17799.6,17817,17669.6,17812,40715154
2024-08-14,17882.1,17921.9,17827,17885.6,48456474
2024-08-15,17977.8,18198,17909.7,18183.2,53289670
2024-08-16,18236,18344.2,18226.6,18322.4,63794899
2024-08-19,18312.5,18454.9,18284.8,18421.6,43769709
2024-08-20,18473.2,18495.2,18349.9,18357.5,42911975
2024-08-21,18358.7,18476.6,18352.1,18448.9,36068083
2024-08-22,18459.2,18551.3,18458.6,18493.3,40950913
2024-08-23,18538.8,18670.4,18519.2,18633.1,41122454
2024-08-26,18589.9,18638.9,18554.5,18617,23952311
2024-08-27,18637.2,18724.3,18622.6,18681.8,35308151
2024-08-28,18745.1,18856.5,18731.4,18782.2,37615090
2024-08-29,18791.1,18936,18781.1,18912.5,39421492
2024-08-30,18891.3,18970.7,18886,18906.9,95583036
2024-09-02,18913.5,18937.9,18778.5,18930.8,36654734
2024-09-03,18979.5,18990.7,18728.4,18747.1,51866742
2024-09-04,18531.9,18654.2,18531.9,18591.8,52360556
2024-09-05,18539.1,18677.6,18536.5,18576.5,57259508
2024-09-06,18534.8,18607.7,18274.9,18301.9,60804906
2024-09-09,18379.5,18484.2,18353.2,18443.5,43109501
2024-09-10,18417.1,18490.6,18233.8,18265.9,70039511
2024-09-11,18342.5,18434.6,18208.8,18330.2,87371767
2024-09-12,18533.4,18595.8,18382.2,18518.3,61591144
2024-09-13,18546.2,18722.1,18542.2,18699.4,69687629
2024-09-16,18621.7,18672.2,18599.5,18633.1,51208635
2024-09-17,18686.7,18805,18671.6,18726,60260506
2024-09-18,18729.6,18756.5,18695.3,18711.4,56152848
2024-09-19,18877.5,19044.9,18806.1,19002.3,80223004
2024-09-20,18895.8,18900.4,18710.3,18720,155117389
2024-09-23,18766.9,18857.3,18684.3,18846.7,67192688
2024-09-24,18982.4,19029.4,18903.4,18996.6,57329661
2024-09-25,18845.9,18965,18840.1,18918.5,52174636
2024-09-26,19107.8,19253,19088.4,19238.3,78292916
2024-09-27,19257.6,19491.9,19239.8,19473.6,77616711
2024-09-30,19412.3,19449.9,19314.3,19324.9,67084490
2024-10-01,19409.3,19448.9,19143.7,19213.1,69875307
2024-10-02,19221.6,19250.8,19059.6,19164.7,49480844
2024-10-03,19074.4,19110.3,18964.3,19015.4,46992814
2024-10-04,18968.8,19171.5,18952.4,19120.9,58395363
2024-10-07,19150.2,19151.9,19011.9,19104.1,46285516
2024-10-08,18937.7,19098.4,18911.7,19066.4,49308370
2024-10-09,19065.1,19259.1,19007.8,19254.9,53333543
2024-10-10,19242.8,19285.1,19145.4,19210.9,52366470
2024-10-11,19206.3,19377.1,19175.7,19373.8,54978172
2024-10-14,19409.6,19518.4,19392.6,19508.2,43005794
2024-10-15,19581.5,19633.9,19457.4,19486.1,69656187
2024-10-16,19465.3,19510.2,19401.5,19432.8,51088744
2024-10-17,19509.7,19674.6,19499.4,19583.3,49000664
2024-10-18,19543.7,19667.3,19540.2,19657.3,57112263
2024-10-21,19609.4,19645,19451.7,19461.1,41631540
2024-10-22,19528.9,19591.4,19368.6,19421.9,54437962
2024-10-23,19399.3,19464.5,19330.1,19377.6,52258394
2024-10-24,19417.7,19555.4,19417.7,19443,55469100
2024-10-25,19419.5,19516.2,19388.9,19463.5,46013411
2024-10-28,19528.6,19570.9,19399.1,19531.6,46669128
2024-10-29,19634.3,19643.1,19465,19478,46982440
2024-10-30,19403.4,19420.9,19201.2,19257.3,59541098
2024-10-31,19096.6,19184.3,19004.9,19077.5,63370356
2024-11-01,19093.9,19297.6,19082.1,19254.9,45756600
2024-11-04,19231.8,19286,19147.7,19147.8,43111604
2024-11-05,19170.1,19263.1,19104.5,19256.2,47179815
2024-11-06,19360.7,19563.9,19007.8,19039.3,112726701
2024-11-07,19157.2,19437.8,19148.7,19362.5,83268905
2024-11-08,19411.5,19411.6,19146.5,19215.4,69792496
2024-11-11,19386.7,19546.9,19382.4,19448.6,59016819
2024-11-12,19260.5,19339.8,19019.6,19033.6,92931094
2024-11-13,19024.2,19125.6,18838.6,19003.1,92679550
2024-11-14,19072.1,19307.5,19060.4,19263.7,77861901
2024-11-15,19135.6,19288.8,19121.1,19210.8,67439847
2024-11-18,19249.2,19279.1,19091.9,19189.1,51554303
2024-11-19,19175.8,19211.8,18812.5,19060.3,62320368
2024-11-20,19153,19198.7,18962.1,19004.7,53795442
2024-11-21,19060.9,19152.6,18900,19146.1,55646812
2024-11-22,19240.2,19338.1,19036.4,19322.5,71163965
2024-11-25,19462.2,19468.3,19329.8,19405.2,121851793
2024-11-26,19309.1,19385.3,19239.3,19295.9,60758153
2024-11-27,19257.7,19287,19145,19261.7,51794509
2024-11-28,19366.7,19437.5,19346.5,19425.7,42531069
2024-11-29,19400.3,19640.1,19380.2,19626.4,52514011
2024-12-02,19586.1,19933.6,19568.5,19933.6,63250144
2024-12-03,19947.1,20038,19926.2,20016.7,63234727
2024-12-04,20103.8,20260.6,20085.3,20232.1,63418896
2024-12-05,20218.2,20373.4,20216.3,20358.8,58274507
2024-12-06,20374.5,20425.8,20331.2,20384.6,61609983
2024-12-09,20461.8,20461.8,20318.2,20345.9,58794893
2024-12-10,20278.7,20393.8,20277.6,20329.1,66183845
2024-12-11,20296.1,20415.4,20292.8,20399.1,59737946
2024-12-12,20440,20453.4,20388,20426.2,55684980
2024-12-13,20450.9,20522.8,20367.1,20405.9,52015923
2024-12-16,20360.7,20387.8,20304.7,20313.8,64212734
2024-12-17,20290.9,20356.5,20241.5,20246.3,70862391
2024-12-18,20273.8,20329.6,20241.9,20242.5,62488129
2024-12-19,20032,20105.1,19959.1,19969.8,70045669
2024-12-20,19822.8,19924.7,19649.8,19884.7,135977885
2024-12-23,19847.9,19901.3,19805.5,19848.7,38341594
2024-12-27,19831.6,19984.3,19801.3,19984.3,43396356
2024-12-30,19892.9,19978,19882.6,19909.1,26662242
2025-01-02,19923,20024.7,19833.8,20024.6,52445568
2025-01-03,20028.4,20031.1,19868.1,19906,44372879
2025-01-06,19982.6,20216.1,19921.1,20216.1,70784860
2025-01-07,20206,20391.1,20152.7,20340.5,62020034
2025-01-08,20322.1,20480.4,20242.5,20329.9,62954898
2025-01-09,20284.2,20360.3,20245.9,20317.1,50177095
2025-01-10,20316.5,20400.5,20187.9,20214.7,76245504
2025-01-13,20157.2,20176.1,20025.2,20132.8,56263562
2025-01-14,20266.1,20362.5,20234.2,20271.3,65394124
2025-01-15,20305.2,20629.7,20290.6,20574.6,81035083
2025-01-16,20665.6,20675,20580,20655.3,66273449
2025-01-17,20732,20924.5,20716.3,20903.3,76253109
2025-01-20,20900.6,21054.6,20880.5,20990.3,49988707
2025-01-21,20925.7,21045.6,20922.8,21042,49305505
2025-01-22,21169.6,21330.8,21162.3,21254.2,63282258
2025-01-23,21277.5,21423,21254,21411.5,56353219
2025-01-24,21463.1,21520.5,21353,21394.9,67380512
2025-01-27,21201.9,21344.9,21081.6,21282.1,79343810
2025-01-28,21374.2,21475.9,21296.3,21430.5,68020257
2025-01-29,21511.4,21671.5,21475.6,21637.5,69568839
2025-01-30,21676.2,21732,21650.7,21727.2,81446400
2025-01-31,21771.4,21800.5,21689.2,21732,70233927
2025-02-03,21301.5,21462.7,21252.7,21428.2,80512815
2025-02-04,21474.7,21518.5,21298.7,21505.7,63711381
2025-02-05,21429.8,21585.9,21387.7,21585.9,61173729
2025-02-06,21718.1,21921,21691.5,21902.4,75964253
2025-02-07,21908.4,21945.3,21759.9,21787,68673703
2025-02-10,21830.9,21945.5,21785,21911.7,54330738
2025-02-11,21909.9,22046.4,21884.3,22037.8,55759641
2025-02-12,22077.8,22193.6,21971.6,22148,73775608
2025-02-13,22410.5,22624.5,22306.3,22612,96482368
2025-02-14,22526.8,22609.9,22467.3,22513.4,68291573
2025-02-17,22589.9,22804.2,22550.7,22798,49597126
2025-02-18,22851.3,22882.7,22715.2,22844.5,61526121
2025-02-19,22875.9,22935,22416.1,22433.6,72215853
2025-02-20,22501.2,22574.5,22280.2,22314.6,70289468
2025-02-21,22329.2,22393.5,22226.3,22287.5,73524466
2025-02-24,22470.6,22515.3,22235.2,22425.9,72044349
2025-02-25,22362.8,22576.1,22332.1,22410.2,71533099
2025-02-26,22571.9,22833.2,22554.3,22794.1,81091115
2025-02-27,22587.2,22686.4,22378,22550.8,74227184
2025-02-28,22409.2,22551.4,22329,22551.4,119058512
2025-03-03,22682.9,23307.9,22531.6,23147,93856779
2025-03-04,22852.7,22869.9,22320,22326.8,108160073
2025-03-05,22804.8,23176.3,22790.8,23081,143963504
2025-03-06,23245.3,23475.8,23061.5,23419.4,149033328
2025-03-07,23195.2,23234.2,22860,23008.9,106635079
2025-03-10,23163.7,23164.2,22519.2,22620.9,108707032
2025-03-11,22680.3,22835.1,22258.3,22328.7,97374759
2025-03-12,22525.7,22813.8,22461.7,22676.4,80929093
2025-03-13,22578.1,22752.8,22417.5,22567.1,78955580
2025-03-14,22501.3,23049.4,22465.1,22986.8,93287423
2025-03-17,22998.5,23154.5,22933.5,23154.5,67151958
2025-03-18,23266.6,23476,23240.5,23380.7,80663343
2025-03-19,23272.1,23372,23136.5,23288,79641371
2025-03-20,23295.7,23315.4,22819.7,22999.1,92465760
2025-03-21,22926.4,22956.9,22723.1,22891.6,146780701
2025-03-24,23075.7,23137.4,22813.1,22852.6,66759290
2025-03-25,22913.4,23182.7,22845.5,23109.7,60671100
2025-03-26,23202.2,23204.5,22826.3,22839,57800034
2025-03-27,22574.4,22740.4,22469.8,22678.7,74817476
2025-03-28,22558.8,22614.9,22377.9,22461.5,81650762
2025-03-31,22253,22320,21978.4,22163.4,83869142
2025-04-01,22343.4,22573.7,22297.3,22539.9,67890113
2025-04-02,22483.9,22485.4,22139.2,22390.8,61146867
2025-04-03,21842,22147.4,21670.9,21717.3,117129291
2025-04-04,21543.4,21642.1,20437.3,20641.7,188111402
2025-04-07,18751.7,20799.6,18489.9,19789.6,246456413
2025-04-08,20039.6,20468.4,19884.4,20280.2,137321858
2025-04-09,19833.5,20025.3,19384.3,19670.8,141645251
2025-04-10,21207.7,21300.3,20562.7,20562.7,135458883
2025-04-11,20787,20796.4,20114.5,20374.1,100475675
2025-04-14,20802.4,21048.3,20698.9,20954.8,74524540
2025-04-15,21076,21288.1,21042.2,21253.7,66925418
2025-04-16,21117.7,21315.9,20956.3,21311,62776351
2025-04-17,21433.5,21436.6,21142.2,21205.8,66669868
2025-04-22,21150.5,21296.9,21044.6,21293.5,62154762
2025-04-23,21801.6,22043.7,21722.8,21961.9,88573217
2025-04-24,21890.1,22081.5,21731.7,22064.5,62636793
2025-04-25,22210.5,22318.3,22078.3,22242.4,70917436
2025-04-28,22339.8,22443.4,22255.3,22271.6,55883239
2025-04-29,22377.1,22455.6,22319.2,22425.8,75547126
2025-04-30,22520.4,22607.3,22235.7,22496.9,99189750
2025-05-02,22818.1,23086.6,22764.5,23086.6,84456332
2025-05-05,23064.2,23364.2,23064.2,23344.5,48831913
2025-05-06,23387.3,23389.8,22861.4,23249.6,67337442
2025-05-07,23252.9,23300.8,23100.9,23115.9,66669807
2025-05-08,23265.7,23408.5,23238.4,23352.6,68153319
2025-05-09,23480.3,23543.2,23428.8,23499.3,69225643
2025-05-12,23758.5,23911.9,23361.7,23566.5,92750029
2025-05-13,23583.7,23649.8,23543,23638.5,79961479
2025-05-14,23679,23702.2,23444.4,23527,80368921
2025-05-15,23422.1,23696.6,23338.8,23695.5,74787572
2025-05-16,23775.6,23887.1,23664.3,23767.4,71976607
2025-05-19,23705.9,23935,23676.3,23934.9,47855623
2025-05-20,24004.3,24082.4,23898.8,24036.1,66388290
2025-05-21,23966.4,24152.2,23871.4,24122.4,58543397
2025-05-22,24017,24040.2,23843,23999.1,56102048
2025-05-23,24026.6,24149,23274.8,23629.5,94211511
2025-05-26,24009.1,24050.6,23932,24027.6,37001252
2025-05-27,24054.1,24300.9,24027.7,24226.4,53474053
2025-05-28,24250.9,24325.9,24038.1,24038.1,57894043
2025-05-29,24255,24255,23917,23933.2,42765199
2025-05-30,23963.4,24181.5,23958.4,23997.4,110526999
2025-06-02,23865.3,23993.2,23740,23930.6,53147285
2025-06-03,24031.9,24101.5,23826.3,24091.6,50506787
2025-06-04,24253.6,24346.1,24129.3,24276.4,54182365
2025-06-05,24281.2,24479.4,24220.7,24323.5,53665737
2025-06-06,24304.3,24355,24214.5,24304.4,41235843
2025-06-09,24252.2,24289.5,24097,24174.3,35991447
2025-06-10,24156.5,24168.5,23964.7,23987.5,59033458
2025-06-11,23996.6,24151.3,23948.5,23948.9,62234229
2025-06-12,23768,23885,23618.8,23771.4,63798160
2025-06-13,23448.1,23557.7,23360.1,23516.2,73193596
2025-06-16,23589.4,23711.7,23505.5,23699.1,55479138
2025-06-17,23495,23550.9,23315,23434.6,55145205
2025-06-18,23426.9,23502.9,23262.6,23317.8,56994784
2025-06-19,23178.6,23254.8,23051.5,23057.3,41395296
2025-06-20,23197.1,23481.9,23187.4,23350.5,153405979
2025-06-23,23242.9,23385.6,23080.2,23269,50041424
2025-06-24,23689.1,23812.7,23580.2,23641.5,64086055
2025-06-25,23713.2,23713.2,23466.7,23498.3,57330600
2025-06-26,23609.3,23710.5,23521.1,23649.3,51563448
2025-06-27,23864.6,24040.5,23784.6,24033.2,57584630
2025-06-30,24109.1,24120.8,23854.3,23909.6,70785342
2025-07-01,23966.9,23978.3,23671.2,23673.2,61850162
2025-07-02,23789,23824.5,23620.4,23790.1,53394041
2025-07-03,23884.8,23944.1,23762.4,23934.1,46649516
2025-07-04,23833.1,23868.9,23702.6,23787.4,34239656
2025-07-07,23845.8,24073.6,23836.5,24073.6,39605982
2025-07-08,24135.7,24244,24063.4,24206.9,60829571
2025-07-09,24278.8,24609.1,24261,24549.5,60620386
2025-07-10,24638.5,24639.1,24450.9,24456.8,58767398
2025-07-11,24333.1,24369,24166.6,24255.3,45562570
2025-07-14,24038.2,24168.1,23975.4,24160.6,42197137
2025-07-15,24220.5,24266.8,24060.2,24060.2,41804808
2025-07-16,24011.9,24207.8,23968.9,24009.3,51694594
2025-07-17,24227.5,24374.5,24174.7,24370.9,47542118
2025-07-18,24483.6,24494.8,24251.3,24289.5,47707714
2025-07-21,24309.3,24335.2,24191.6,24307.8,42777095
2025-07-22,24236,24237.4,23921.8,24041.9,49151344
2025-07-23,24246.8,24310.9,24122.1,24240.8,80487821
2025-07-24,24502.9,24514.9,24235.4,24295.9,78043301
2025-07-25,24097.3,24252.5,24065.1,24217.5,54010418
2025-07-28,24424.6,24444.4,23942.1,23970.3,52660440
2025-07-29,24051.7,24310,24051.7,24217.3,50189594
2025-07-30,24169.2,24302.7,24138.2,24262.2,51182611
2025-07-31,24340.2,24433.4,24039.9,24065.4,61019179
2025-08-01,23786.9,23802.7,23380.9,23425.9,69500556
2025-08-04,23523.2,23783.7,23521.6,23757.6,50795957
2025-08-05,23914.3,23979.5,23785,23846,58127513
2025-08-06,23972,23996.8,23806.9,23924.3,66327837
2025-08-07,23910.8,24392,23899.4,24192.5,75743254
2025-08-08,24165.8,24268.8,24095.9,24162.8,55854680
2025-08-11,24206.2,24219,24030,24081.3,41591619
2025-08-12,24147,24156.2,23940.2,24024.7,55507091
2025-08-13,24156.5,24247.3,24138.7,24185.5,48580149
2025-08-14,24205.5,24409.3,24205.3,24377.5,47940937
2025-08-15,24530.7,24536.1,24327.6,24359.3,47125928
2025-08-18,24313.8,24336.7,24245.1,24314.7,40221604
2025-08-19,24357.2,24441,24283.5,24423,43710469
2025-08-20,24252.7,24369.8,24217.5,24276.9,44783580
2025-08-21,24274.4,24306,24179.9,24293.3,39351375
2025-08-22,24254.8,24444.4,24222.5,24363,44811726
2025-08-25,24232,24377.3,24224.1,24273.1,31480089
2025-08-26,24110,24263.1,24036.8,24152.8,78930627
2025-08-27,24174.6,24198.3,23977.9,24046.2,43590207
2025-08-28,24180.6,24206.5,23972.5,24039.9,42293032
2025-08-29,23949.4,24063.5,23881.9,23902.2,45696479
2025-09-01,24012,24046.8,23969.3,24037.3,26626358
2025-09-02,23975.3,23990.8,23482.6,23487.3,54299866
2025-09-03,23606.6,23705.9,23507.1,23594.8,53263969
2025-09-04,23664.7,23800.1,23610.4,23770.3,46982098
2025-09-05,23851.9,23854.6,23546.7,23596.9,46854556
2025-09-08,23771.8,23830.1,23655.4,23807.1,48616489
2025-09-09,23802.6,23859.5,23633.9,23718.4,44540289
2025-09-10,23837.1,23883.5,23600.4,23632.9,49060639
2025-09-11,23654.9,23787.1,23563.3,23703.6,47690873
2025-09-12,23767.3,23793,23604.3,23698.1,43830627
2025-09-15,23785.2,23855.3,23664.1,23748.8,40171139
2025-09-16,23711.9,23717.6,23317.3,23329.2,51217261
2025-09-17,23407.3,23476.7,23284.6,23359.1,50053919
2025-09-18,23577,23690.4,23557.8,23674.5,61099136
2025-09-19,23723.3,23785.2,23599.2,23639.4,212174087
2025-09-22,23567.4,23589.2,23424.4,23527,53681280
2025-09-23,23604.3,23723.2,23564.9,23611.3,48153513
2025-09-24,23601.5,23736.6,23499.9,23666.8,53341218
2025-09-25,23620.4,23629.3,23383.8,23534.8,55492699
2025-09-26,23601.1,23756,23579.2,23739.4,44731195
2025-09-29,23835.6,23835.6,23666.8,23745,38819989
2025-09-30,23726.4,23887.7,23676.3,23880.7,47602485
2025-10-01,23755.2,24162.2,23753,24113.6,53498998
2025-10-02,24293.8,24502.3,24247.4,24422.5,53588134
2025-10-03,24511.5,24524.1,24343.2,24378.8,38220204
2025-10-06,24357.5,24482.9,24269.9,24378.2,43413375
2025-10-07,24400.7,24452.9,24308,24385.7,41564735
2025-10-08,24382.6,24630.9,24360.6,24597.1,56849944
2025-10-09,24674.6,24771.3,24602.1,24611.2,41008517
2025-10-10,24664.2,24690.7,24241.4,24241.4,50177547
2025-10-13,24372.9,24448.7,24260.7,24387.9,36599781
2025-10-14,24169,24242.8,23986.9,24236.9,45092491
2025-10-15,24263.7,24339.2,24179.9,24181.3,43493522
2025-10-16,24188.1,24283.5,24051.8,24272.1,45218299
2025-10-17,23833.1,23987.7,23684.3,23830.9,68745486
2025-10-20,24035.1,24296.3,24026.5,24258.8,46610279
2025-10-21,24310.4,24384.2,24201.2,24330,42704192
2025-10-22,24296.1,24342.1,24138.2,24151.1,57734329
2025-10-23,24202.7,24222.8,24035.2,24207.7,51148153
2025-10-24,24275.9,24275.9,24145.2,24239.8,43268897
2025-10-27,24332.8,24348.5,24185.8,24308.7,43352745
2025-10-28,24228.1,24339.9,24188.3,24278.6,41976163
2025-10-29,24261,24322.9,24090.5,24124.2,63568214
2025-10-30,24187.8,24215.3,24034.7,24118.8,53698436
2025-10-31,24115.3,24119.6,23922.9,23958.3,42904351
2025-11-03,23990.3,24248.6,23982.2,24132.4,48002517
2025-11-04,23801.2,23974.3,23674.6,23949.1,51570118
2025-11-05,23774.5,24103.5,23732.3,24049.7,55196776
2025-11-06,23996.2,24058.7,23721.9,23734,58266991
2025-11-07,23801.9,23837.1,23452.8,23569.9,53123255
2025-11-10,23925.3,24022.6,23854.4,23959.9,52658873
2025-11-11,23990.1,24108.4,23952.4,24088,47222485
2025-11-12,24245.8,24441.2,24234.9,24381.4,75385342
2025-11-13,24367.7,24416.3,24027.9,24041.6,60792870
2025-11-14,23977.7,23992.1,23609,23876.5,64035987
2025-11-17,23890.4,23928.4,23529.7,23590.5,46448254
2025-11-18,23238.3,23358.7,23085.3,23180.5,61389371
2025-11-19,23180.9,23379.3,23105.5,23162.9,52349067
2025-11-20,23387.4,23512.4,23277,23278.8,47507294
2025-11-21,22963.1,23256.2,22943,23091.8,68913242
2025-11-24,23280.3,23392.2,23149.7,23239.1,129335852
2025-11-25,23254.4,23487.2,23139.2,23464.6,50045539
2025-11-26,23585.2,23727.2,23445.2,23726.2,45525255
2025-11-27,23732.8,23830.9,23708.4,23767.9,31160024
2025-11-28,23780.7,23883.9,23720.5,23836.7,37179105
2025-12-01,23731.2,23734.2,23433.4,23589.4,48999371
2025-12-02,23637.4,23792,23607.7,23710.8,50967216
2025-12-03,23788.8,23838,23646.4,23693.7,52921542
2025-12-04,23836.2,23930.5,23797.7,23882,52993448
2025-12-05,23942.7,24130.9,23929.2,24028.1,46889444
2025-12-08,24015.9,24116.9,23985.2,24046,46456677
2025-12-09,24094.9,24186.9,24092.5,24162.6,49105762
2025-12-10,24131.3,24168.7,24001.4,24130.1,47603079
2025-12-11,24055.1,24364,24007.9,24294.6,52093028
2025-12-12,24368.9,24474.6,24173.2,24186.4,45470258
2025-12-15,24297.6,24318.3,24170.4,24229.9,47055570
2025-12-16,24124.1,24191.6,24011.8,24076.8,53280599
2025-12-17,24159.6,24185.4,23949.1,23960.5,52418227
2025-12-18,23947,24215.9,23923.9,24199.5,51638948
2025-12-19,24196.1,24305.8,24153.2,24288.4,131439765
2025-12-22,24291.8,24356.1,24203.3,24283.9,32252786
2025-12-23,24297.6,24362,24257.4,24340,28299427
2025-12-29,24370.9,24389.1,24253.7,24351.1,35372295
2025-12-30,24343.1,24527.9,24328.4,24490.4,23179269
2026-01-02,24499.5,24676.7,24448.9,24539.3,48788715
2026-01-05,24681.3,24872.9,24639.6,24868.6,53518198
2026-01-06,24904.6,24969.1,24836.3,24892.2,57420812
2026-01-07,24995,25122.4,24982.6,25122.2,57896958
2026-01-08,25128.4,25217.5,25024.6,25127.4,58048314
2026-01-09,25124,25281.1,25107.9,25261.6,55247902
2026-01-12,25248.3,25421.4,25236.8,25405.3,47091442
2026-01-13,25408.3,25507.7,25338.3,25420.6,51680903
2026-01-14,25429.7,25461.3,25268.2,25286.2,64458307
2026-01-15,25275.8,25378.5,25233.3,25352.3,58342366
2026-01-16,25336,25354.1,25198.5,25297.1,62873295
2026-01-19,24940.4,25070.6,24911.5,24959,59781585
2026-01-20,24747.3,24758.3,24507.1,24703.1,61404881
2026-01-21,24636.5,24656.7,24349.5,24560.9,60845295
2026-01-22,24877.6,24937,24772.5,24856.4,68349542
2026-01-23,24819.9,24930.1,24796.9,24900.7,51854362
2026-01-26,24890.3,24985.1,24790.7,24933,46863207
2026-01-27,25008,25020.2,24848.5,24894.4,54957075
2026-01-28,24878.2,24926,24707.1,24822.7,64693765
2026-01-29,24697.3,24758.7,24266.3,24309.4,72617906
2026-01-30,24376.1,24585.4,24366.3,24538.8,65569547
2026-02-02,24392,24851.7,24384.2,24797.5,57388955
2026-02-03,24956.7,25098.7,24703.6,24780.7,69071028
2026-02-04,24845.5,24877.9,24602.8,24603,89361167
2026-02-05,24607.4,24663.8,24272.6,24491,77762481
2026-02-06,24452.1,24737.9,24393.1,24721.4,57339079
2026-02-09,24860.6,25016,24714.8,25014.8,50684071
2026-02-10,24960.5,25075.7,24935.3,24987.8,61273827
2026-02-11,24956.4,25001.5,24834.7,24856.1,81192831
2026-02-12,25060.8,25239,24813.2,24852.6,83215100
2026-02-13,24822.3,24953.1,24750.4,24914.8,83099246
2026-02-16,24988.6,25020.8,24793.5,24800.9,47149379
2026-02-17,24796.8,25020.6,24734,24998.4,64755354
2026-02-18,25127.1,25315,25100.9,25278.2,67611593
2026-02-19,25198.3,25228.9,24983.8,25043.5,57793914
2026-02-20,25070,25331,25004.8,25260.6,61964106
2026-02-23,25114.3,25194.9,24937.5,24991.9,51828493
2026-02-24,24952.1,25091.9,24878.1,24986.2,60643216
2026-02-25,25051.8,25184.4,24988.6,25175.9,55165139
2026-02-26,25095.8,25318.9,25088.4,25289,57068339
2026-02-27,25294.3,25405.9,25188.3,25284.2,95190725
2026-03-02,24695.4,24897.6,24577.4,24638,78329772
2026-03-03,24207.4,24239.5,23601.1,23790.6,105244382
2026-03-04,23901.3,24242.4,23814.8,24205.3,74842177
2026-03-05,24145.4,24366.8,23754.6,23815.7,77049254
2026-03-06,23942.8,24028.4,23342.8,23591,88264606
2026-03-09,22998.9,23470.8,22927.5,23409.3,71540695
2026-03-10,23886.3,24061.1,23765.2,23968.6,76604537
2026-03-11,23725.2,23824.7,23533.7,23640,59778288
2026-03-12,23577.8,23703.5,23368,23589.6,78270071
2026-03-13,23381.9,23762.1,23293.5,23447.2,62336854
2026-03-16,23480.5,23699.5,23334.9,23564,63894527
2026-03-17,23500.3,23820.5,23464.8,23730.9,62749791
2026-03-18,23837.2,23957.1,23449.5,23502.2,76065339
2026-03-19,23160.5,23180.1,22759.4,22839.5,106709346
2026-03-20,23083.8,23176.1,22369.4,22380.1,174316743
2026-03-23,21946.9,23178.7,21863.8,22653.8,104934249
2026-03-24,22677,22730.8,22350.3,22636.9,57909788
2026-03-25,22961.8,23079.3,22815.7,22957,60508775
2026-03-26,22740.7,22813.4,22557.1,22612.9,57630390
2026-03-27,22612.9,22631.7,22215.8,22300.7,59200342
2026-03-30,22213.8,22562.8,22209.4,22562.8,56264480
2026-03-31,22578.8,22850.7,22491.5,22680,68687088
2026-04-01,23326.8,23377.6,23027,23298.8,75354579
2026-04-02,22935.2,23235.1,22677.9,23168,62871819
2026-04-07,23181.6,23397.8,22842.1,22921.5,59120883
2026-04-08,24021.8,24163.9,23875.7,24080.6,93935788
2026-04-09,23981.2,23989,23673.1,23806.9,56947076
2026-04-10,23827.5,24043.5,23767.7,23803.9,60876560
2026-04-13,23562.1,23756.8,23482,23742.4,53370118
2026-04-14,23953.9,24087.3,23938.1,24044.2,68252658
2026-04-15,24060.9,24127,23996.8,24066.7,53562786
2026-04-16,24135.4,24259.6,24059.1,24154.4,56596413
2026-04-17,24150.4,24792.4,24146.5,24702.2,96841950
2026-04-20,24385,24497.3,24290,24417.8,52076027
2026-04-21,24508.2,24606.8,24247.3,24270.8,51571530
2026-04-22,24373.4,24399.5,24151.8,24194.9,62517155
2026-04-23,24076.7,24204.4,23991.7,24155.4,61724044
2026-04-24,24217.7,24330.6,23998,24128.9,65318267
2026-04-27,24196.4,24382.3,24049.4,24083.5,49745062
2026-04-28,24067.9,24153.9,23897.2,24018.2,56781788
2026-04-29,24072.9,24110,23880.5,23954.5,65994575
2026-04-30,23715.7,24293.1,23715.7,24292.3,76834248
2026-05-04,24274.5,24406.6,23974.7,23991.2,68242343
2026-05-05,24014.6,24403.5,23988.9,24401.7,67678522
2026-05-06,24636.1,25152.5,24634.7,24918.6,95396034
2026-05-07,24940.3,25021,24650.9,24663.6,70027263
2026-05-08,24447.6,24513.5,24289.7,24338.6,60389978
2026-05-11,24333.3,24362.8,24202.3,24350.2,62653268
2026-05-12,24048.2,24210.7,23920.7,23954.9,65296074
2026-05-13,24129.5,24226.1,24002.4,24136.8,63497604
2026-05-14,24366.4,24492.9,24329.7,24456.2,50440390
2026-05-15,24229.2,24297.9,23917.6,23950.5,65376373
2026-05-18,23833.1,24430.9,23797.3,24307.9,62451103
2026-05-19,24370.5,24690.8,24358.7,24400.6,61338299
2026-05-20,24345.3,24885.5,24287.6,24737.2,58522102
2026-05-21,24692.2,24894.6,24534.7,24606.7,53378782
2026-05-22,24768.4,24943.7,24676.2,24888.5,53886546
2026-05-25,25181.2,25438.4,25062.7,25389.1,34143734
2026-05-26,25359.7,25361.6,25180.5,25184.8,44487126
2026-05-27,25324.8,25394.8,25113.1,25177.8,60651553
2026-05-28,25083.7,25244.7,24973.2,25092.2,54115279
2026-05-29,25126.3,25204.1,25040.4,25104.7,162752539
2026-06-01,25083.2,25301.7,24901.7,25003,64701900
2026-06-02,25197.9,25362.8,25061.6,25124.1,61018335
2026-06-03,24912.3,24973.1,24761.9,24795.9,65247488
2026-06-04,24849.4,25009,24830.6,24944.9,53175819
2026-06-05,24881.8,25024,24756.4,24759,54253996
2026-06-08,24447.3,24732.6,24426.6,24616.2,54486172
2026-06-09,24589.2,24820.9,24398.8,24433,56771815
2026-06-10,24507.4,24517.4,24043.5,24195.3,60079055
2026-06-11,24205.1,24327.6,24080.6,24209.7,59171380
2026-06-12,24549.2,24753.8,24421.8,24635.3,60407164
2026-06-15,25068.3,25085.8,24882,24894,62077420
2026-06-16,24942.7,25110.2,24900.7,24910.4,50319222
2026-06-17,24816.9,24956.4,24763.5,24934.6,74720711
2026-06-18,24996.5,25059.3,24840.2,25026.8,88251956
2026-06-19,25075.3,25173,24951.5,24985.8,168143918
2026-06-22,25035.9,25176.2,24896.1,25139.6,64174359
2026-06-23,24835.5,24988.7,24728.5,24893.5,63415379
2026-06-24,24790.7,24800.6,24593.4,24740.3,61210515
2026-06-25,24810,25088.2,24761.7,24994.8,71276413
2026-06-26,24848.5,24869.6,24547.7,24671.2,61917162
2026-06-29,24724.3,24762.2,24556.7,24626.8,56335045
2026-06-30,24815.2,25024.2,24794.8,24995.8,75930486
2026-07-01,25028.9,25095.6,24887,25040.2,56044354
2026-07-02,25025.1,25655.8,24994.6,25580.8,75071904
2026-07-03,25763.9,25826.7,25611.6,25779.3,49900445
2026-07-06,25811.9,25900.1,25698.5,25817.8,42803767
2026-07-07,25770.4,25811.9,25465.1,25465.2,54584946
2026-07-08,25274.9,25280.1,24830.1,24897.4,65668504
2026-07-09,25097.4,25127.7,24867.3,25118.2,48788915
2026-07-10,25081.1,25195.8,24937.5,25067,48006727
2026-07-13,24963.8,25154.5,24963.8,25114.2,39531827
2026-07-14,24932.6,25204.6,24869.2,25147,50222132
2026-07-15,24970,25055.4,24839.2,24999.53,49359851
2026-07-16,25018.9,25021.5,24696.1,24915.49,44374065
2026-07-17,24755.09,24850.75,24651.34,24830.98,61314789
2026-07-20,24769.15,24974.53,24751.13,24846.69,43984066
2026-07-21,24922.1,25011.35,24817.34,25011.35,45461079
2026-07-22,25001.31,25271.34,24984.27,25155.41,52334101
2026-07-23,24994.05,25074.28,24696.59,24763.12,62750741
2026-07-24,24830.41,25099.68,24821.67,25099,44806656
2026-07-27,25459.32,25560.4,25361.03,25361.03,52434221
2026-07-28,25496.13,25553.47,25307.17,25464.01,57351054
2026-07-29,25551.97,25571.45,25336.39,25460.48,62068882
2026-07-30,25487.45,25651.16,25303.11,25612.03,61023687
2026-07-31,25709.37,25891.51,25549.53,25629.24,62199467
2026-08-03,25855.12,26096.93,25855.12,26001.31,64941561
2026-08-04,26189.62,26266.5,26082.43,26202.35,64214495
2026-08-05,26393.43,26403.81,26123.18,26126.3,62435964
2026-08-06,26116.27,26229.33,26081.69,26140.13,63073961
2026-08-07,26235.8,26445.18,26223.64,26319.45,50440484
2026-08-10,26360.44,26441.91,26302.19,26323.88,41472677
2026-08-11,26378,26504.54,26245.57,26391.42,39154043
2026-08-12,26452,26573.5,26313.58,26331.07,47126337
2026-08-13,26437.35,26489.78,26285.23,26299.74,46077302
2026-08-14,26445.99,26541.34,26404.95,26440.31,52369322
2026-08-17,26490.3,26493.5,26338.61,26338.61,38194392
2026-08-18,26280.86,26292.95,26119.54,26128.36,47429862
2026-08-19,26146.12,26187.82,26063.37,26091.33,46190685
2026-08-20,26050.95,26062.15,25914.11,25983.04,37334790
2026-08-21,25998.95,26166.25,25969.52,26136.56,43329066
2026-08-24,26091.29,26171.7,26038.07,26106.6,35640288
2026-08-25,26206.01,26341.52,26164.11,26266.14,41726652
2026-08-26,26255.41,26466.76,26196.92,26285.96,48781746
2026-08-27,26354.37,26402.81,26241.77,26367.24,49230726
2026-08-28,26494.61,26618.74,26467.36,26569.99,45044988
2026-08-31,26464.14,26471.79,26249.59,26258.11,81710629
2026-09-01,26150.75,26206.13,25916.76,25970.11,48552367
2026-09-02,25886.67,25924.21,25727.93,25839.33,47864081
2026-09-03,25840.92,26007.79,25784.84,26003.32,50330014
2026-09-04,25985.86,26167.93,25958.7,26046.4,47990034
2026-09-07,26039.54,26069.99,25919.61,26006.53,35637963
2026-09-08,25897.22,26026.78,25799.66,26007.63,42236674
2026-09-09,25870.98,25909.66,25512.39,25576.45,53670198
2026-09-10,25555.66,25612.09,25361.15,25361.15,49935998
2026-09-11,25478.84,25581.22,25396.38,25568.56,45275444
2026-09-14,25498.74,25548.78,25325.52,25440.81,56050708
2026-09-15,25360.32,25478.98,25172.89,25402.28,48815127
2026-09-16,25515.96,25599.07,25361.7,25537.75,47164379
2026-09-17,25681.6,25800.62,25596.05,25716.71,48877860
2026-09-18,25596.46,25656.22,25285.9,25304.06,165009370
2026-09-21,25491.35,25617.99,25434.16,25575.01,50641058
2026-09-22,25592.98,25783.16,25423.07,25578.85,48545103
2026-09-23,25724.13,25729.05,25365.21,25410.63,50759453
2026-09-24,25263.11,25424.21,25164.2,25266.53,53978634
2026-09-25,25441.79,25529.33,25347.3,25408.64,52412973
2026-09-28,25443.98,25575.66,25360.32,25374.42,45976263
2026-09-29,25374.34,25617.31,25338.03,25399.21,53368113
2026-09-30,25490.67,25584.5,25190.33,25199.19,53346708
2026-10-01,25060.03,25104.34,24860.74,24876.08,
