Date,Open,High,Low,Close
2013-09-30,15111.5,15169.5,15101.5,15148.5
2013-10-01,15132.5,15206.5,15115.5,15187.5
2013-10-02,15178.5,15178.5,15046.5,15128.5
2013-10-03,15121.5,15121.5,14947.5,14976.5
2013-10-04,14994.5,15084,14976.5,15076.5
2013-10-07,15072.5,15072.5,14922.5,14938.5
2013-10-08,14936,14936,14773.5,14773.5
2013-10-09,14776.5,14852.5,14720,14805
2013-10-10,14803,15122,14803,15122
2013-10-11,15102,15236,15102,15236
2013-10-16,15168,15168,15168,15168
2013-10-17,15374,15374,15229,15322
2013-10-18,15322,15386,15320.5,15358
2013-10-21,15399.5,15410,15362.5,15392
2013-10-22,15392,15518,15387,15440.5
2013-10-23,15440.5,15501,15366,15410.5
2013-10-24,15410.5,15428,15372,15413.5
2013-10-25,15509,15509,15509,15509
2013-10-28,15529.5,15602,15529,15564.5
2013-10-29,15564.5,15690.5,15550,15671
2013-10-30,15671,15741.5,15550,15564
2013-10-31,15563.5,15654,15546,15578
2013-11-01,15578,15652,15545,15607
2013-11-04,15612.5,15671.5,15588,15639
2013-11-05,15639,15652,15520,15608.5
2013-11-06,15609.5,15753,15609,15722
2013-11-07,15721,15832,15583,15607.5
2013-11-08,15608,15768,15548.5,15750.5
2013-11-11,15750,15793,15727,15779
2013-11-12,15780.5,15803.5,15707,15744.5
2013-11-13,15743,15851,15655,15841
2013-11-14,15841,15887,15799.5,15868.5
2013-11-15,15868,15966,15864,15953
2013-11-18,15950.5,16029,15933,15972
2013-11-19,15972.5,16027.5,15944,15988.5
2013-11-20,15987,16017,15864,15912
2013-11-21,15912,16016.5,15879.5,16014
2013-11-22,16014,16067,15973,16058
2013-11-25,16106.5,16125.5,16056,16085
2013-11-26,16085,16123,16070.5,16075
2013-11-27,16075,16135,16057.5,16118
2013-11-28,16118,16151.5,16109,16126.5
2013-11-29,16126,16176,16077,16099
2013-12-02,16109,16130.5,15988,16004
2013-12-03,16003,16012.5,15868,15904
2013-12-04,15904,15961,15792,15900
2013-12-05,15900,15906.5,15810,15828
2013-12-06,15828,16067.5,15828,16028.5
2013-12-09,16042,16062,16010,16036.5
2013-12-10,16036.5,16055.5,15970,16007
2013-12-11,16008,16028.5,15829.5,15844.5
2013-12-12,15844.5,15858.5,15704,15741
2013-12-13,15740.5,15793,15718,15762.5
2013-12-16,15762.5,15935,15667.5,15883
2013-12-17,15883,15927,15836,15880
2013-12-18,15880,16187,15809,16171.5
2013-12-19,16170,16196,16097,16174
2013-12-20,16175.5,16286.5,16174.5,16256.5
2013-12-23,16281,16319,16268,16302.5
2013-12-24,16300,16366,16286,16357.5
2013-12-25,16357.5,16357.5,16357.5,16357.5
2013-12-26,16357.5,16491,16357.5,16475
2013-12-27,16475,16529,16454,16481
2013-12-30,16484.5,16510.5,16477,16505
2013-12-31,16505.5,16588.5,16497.5,16576.5
2014-01-02,16530,16551,16425,16460
2014-01-03,16460.5,16518,16399,16458.5
2014-01-06,16487.5,16537,16402,16433.5
2014-01-07,16433.5,16564.5,16431,16519.5
2014-01-08,16519,16544.5,16417,16454.5
2014-01-09,16455.5,16532,16378,16455
2014-01-10,16455,16523,16381,16449.5
2014-01-13,16445.5,16455,16242.5,16282
2014-01-14,16282,16375,16247,16367
2014-01-15,16367,16506,16353,16474
2014-01-16,16474.5,16487.5,16375,16389
2014-01-17,16390,16496,16386,16457.5
2014-01-20,16467,16467,16429.5,16463.5
2014-01-21,16463,16551.5,16316,16378
2014-01-22,16378,16441,16332,16408.5
2014-01-23,16407,16407.5,16139,16208.5
2014-01-24,16207.5,16242,15858,15861
2014-01-27,15804.5,15943,15803.5,15838
2014-01-28,15838,15946,15838,15928.5
2014-01-29,15928.5,15928.5,15715.5,15739
2014-01-30,15739,15907.5,15735,15848.5
2014-01-31,15848.5,15848.5,15617.5,15699
2014-02-03,15699,15708.5,15356,15373
2014-02-04,15373,15482,15356.5,15445.5
2014-02-05,15445.5,15478,15340.5,15440.5
2014-02-07,15565,15807,15557,15804
2014-02-10,15796.5,15808,15732,15801
2014-02-11,15801.5,16030,15796.5,15959
2014-02-12,15958.5,16039,15929,15965.5
2014-02-13,15965,16041,15853.5,16006.5
2014-02-14,16008,16179,15943,16158.5
2014-02-17,16159.5,16221.5,16133.5,16182.5
2014-02-18,16183.5,16208.5,16107.5,16114
2014-02-19,16114.5,16227,16030,16054
2014-02-20,16054,16160.5,15975,16128
2014-02-21,16129,16192.5,16096,16114
2014-02-24,16118.5,16302,16066,16210.5
2014-02-25,16210,16257.5,16144,16216
2014-02-26,16216,16264.5,16155,16203.5
2014-02-27,16203.5,16303,16117,16278.5
2014-02-28,16279,16402,16226,16343.5
2014-03-03,16205.5,16238,16071,16175.5
2014-03-04,16174.5,16419.5,16170.5,16382
2014-03-05,16382.5,16418,16344,16369.5
2014-03-06,16370,16450,16361.5,16435.5
2014-03-07,16435,16517.5,16408.5,16451.5
2014-03-10,16427.5,16470,16334,16410
2014-03-11,16411.5,16462,16314.5,16327
2014-03-12,16326,16367,16256,16359
2014-03-13,16358.5,16409,16092,16127
2014-03-14,16128,16167.5,16045,16061.5
2014-03-17,16033.5,16274,16028.5,16243
2014-03-18,16242.5,16372,16200,16342.5
2014-03-19,16342.5,16363,16120,16224.5
2014-03-20,16224,16352,16149.5,16327.5
2014-03-21,16328,16456.5,16289,16311.5
2014-03-24,16302.5,16380,16214,16298.5
2014-03-25,16297.5,16408,16273.5,16401
2014-03-26,16401,16469,16252,16282.5
2014-03-27,16283,16309.5,16191,16271
2014-03-28,16271,16420,16262,16318
2014-03-31,16378.5,16481,16360.5,16453.5
2014-04-01,16452,16567,16440.5,16527.5
2014-04-02,16527,16588,16508,16559.5
2014-04-03,16559.5,16608,16529,16592
2014-04-04,16592,16653.5,16390,16447.5
2014-04-07,16418.5,16434.5,16245,16275
2014-04-08,16274.5,16297,16180,16261
2014-04-09,16261,16455,16248,16452
2014-04-10,16451.5,16459.5,16152,16191.5
2014-04-11,16190,16223,16015,16052
2014-04-14,16016,16189,16012,16177
2014-04-15,16176.5,16327.5,16064.5,16300.5
2014-04-16,16300.5,16431,16297.5,16368
2014-04-17,16368,16455.5,16353,16410
2014-04-21,16449,16462,16406,16442.5
2014-04-22,16443.5,16569,16413.5,16529
2014-04-23,16529,16572.5,16477.5,16556
2014-04-24,16556.5,16581,16451.5,16470
2014-04-25,16468.5,16482.5,16332,16392.5
2014-04-28,16390,16503,16311,16477.5
2014-04-29,16477.5,16562,16472.5,16527.5
2014-04-30,16527,16595,16503.5,16591.5
2014-05-01,16591.5,16606.5,16524.5,16561.5
2014-05-02,16562.5,16618,16487,16507.5
2014-05-05,16516.5,16551,16375,16527
2014-05-06,16526.5,16557,16376,16415
2014-05-07,16415.5,16531,16361,16515.5
2014-05-08,16515,16624,16495.5,16540
2014-05-09,16540.5,16588.5,16501,16582.5
2014-05-12,16595,16716,16590.5,16713.5
2014-05-13,16713.5,16739,16703.5,16712.5
2014-05-14,16712.5,16733.5,16594,16613.5
2014-05-15,16614,16650,16396,16453.5
2014-05-16,16454,16502,16409,16494.5
2014-05-19,16504,16528,16420.5,16506
2014-05-20,16506.5,16536.5,16341.5,16361
2014-05-21,16360.5,16545.5,16356,16524
2014-05-22,16523.5,16581,16486.5,16554
2014-05-23,16553.5,16615,16544.5,16613
2014-05-26,16624,16673,16612.5,16650.5
2014-05-27,16651.5,16689.5,16641.5,16676
2014-05-28,16676,16711,16620,16641.5
2014-05-29,16641.5,16699.5,16621,16685.5
2014-05-30,16685.5,16721.5,16647,16708.5
2014-06-02,16720.5,16758,16683,16730.5
2014-06-03,16729.5,16739,16690.5,16723
2014-06-04,16723.5,16743,16674,16732
2014-06-05,16732.5,16847,16705,16836
2014-06-06,16835,16945.5,16831.5,16943.5
2014-06-09,16938,16970,16917,16938
2014-06-10,16938.5,16961.5,16898,16941
2014-06-11,16941.5,16950,16823,16858.5
2014-06-12,16859,16883,16703,16729.5
2014-06-13,16730.5,16790,16711.5,16771.5
2014-06-16,16731,16805,16699,16780
2014-06-17,16780,16833.5,16727,16801
2014-06-18,16800,16910,16733,16890
2014-06-19,16890,16921.5,16857,16903
2014-06-20,16902.5,16979,16896.5,16947
2014-06-23,16947,16997,16893.5,16917.5
2014-06-24,16918,16970,16803,16829
2014-06-25,16830,16888,16786.5,16863
2014-06-26,16862.5,16886,16744,16851
2014-06-27,16851.5,16864.5,16774,16840
2014-06-30,16852,16871,16800,16841.5
2014-07-01,16841.5,17000,16836.5,16964
2014-07-02,16964.5,16986,16953,16972.5
2014-07-03,16972.5,17074.5,16967.5,17060
2014-07-04,17058,17060,17045,17052.5
2014-07-07,17058,17060.5,16991,17017.5
2014-07-08,17017.5,17027.5,16873,16929
2014-07-09,16929.5,17001,16913.5,16984.5
2014-07-10,16985,16989,16796,16914.5
2014-07-11,16915,16968.5,16861,16959
2014-07-14,16968.5,17091,16967,17058.5
2014-07-15,17057.5,17118,17007,17074.5
2014-07-16,17074.5,17139,17063.5,17115.5
2014-07-17,17115.5,17152,16906.5,16959
2014-07-18,16958,17114.5,16954.5,17098
2014-07-21,17095.5,17096,16973,17049.5
2014-07-22,17051,17135,17046,17095
2014-07-23,17095.5,17134,17057,17094.5
2014-07-24,17095,17132.5,17031.5,17056.5
2014-07-25,17056,17072,16912.5,16958
2014-07-28,16932.5,17005,16876,16988.5
2014-07-29,16989,17060,16907.5,16926.5
2014-07-30,16926.5,16991,16815.5,16877
2014-07-31,16876,16882.5,16563.5,16563.5
2014-08-01,16524,16585.5,16435.5,16483.5
2014-08-04,16506.5,16592,16443.5,16552
2014-08-05,16552.5,16565,16365,16428.5
2014-08-06,16428.5,16494,16327.5,16457
2014-08-07,16456.5,16513,16333.5,16382
2014-08-08,16385,16554.5,16265.5,16537
2014-08-11,16566,16629,16540,16580
2014-08-12,16580,16610.5,16516,16573.5
2014-08-13,16574,16677,16564,16657.5
2014-08-14,16657.5,16731.5,16641.5,16710
2014-08-15,16710.5,16776,16571,16670.5
2014-08-18,16721.5,16854,16703.5,16848.5
2014-08-19,16848.5,16930,16847.5,16906
2014-08-20,16907.5,16996.5,16883,16991.5
2014-08-21,16990.5,17077,16967.5,17045.5
2014-08-22,17045.5,17065.5,16982.5,17024.5
2014-08-25,17030,17123,17025.5,17080.5
2014-08-26,17082,17153,17058,17119.5
2014-08-27,17119.5,17135,17091,17107
2014-08-28,17108,17117.5,17018.5,17104.5
2014-08-29,17105.5,17146,17033,17082
2014-09-01,17095,17114.5,17066.5,17095.5
2014-09-02,17095.5,17149,17010,17076
2014-09-03,17064.5,17174.5,17059,17074
2014-09-04,17074.5,17164,17029,17105.5
2014-09-05,17096.5,17141,17009,17139.5
2014-09-08,17128,17142.5,17079.5,17108.5
2014-09-09,17108,17131.5,16994,17019.5
2014-09-10,17020.5,17081,16972,17058
2014-09-11,17056.5,17070,16975.5,17049
2014-09-12,17048,17058.5,16937.5,16989.5
2014-09-15,16937.5,17053,16934.5,17039.5
2014-09-16,17039,17167,16978,17142.5
2014-09-17,17143,17220,17091.5,17161.5
2014-09-18,17162,17317,17156.5,17301
2014-09-19,17302,17366,17257,17281
2014-09-22,17294,17296.5,17154.5,17173.5
2014-09-23,17174,17196,17014,17051
2014-09-24,17050.5,17236.5,17040.5,17224.5
2014-09-25,17224,17236.5,16945,17011
2014-09-26,17011,17156.5,16966,17120
2014-09-29,17087.5,17119.5,16931.5,17065.5
2014-09-30,17064,17148.5,17011.5,17023
2014-10-01,17023.5,17068.5,16773,16823
2014-10-02,16823.5,16857,16672.5,16816.5
2014-10-03,16817,17030,16815.5,17008.5
2014-10-06,17029.5,17102.5,16929,16970
2014-10-07,16970,16988,16698,16729
2014-10-08,16728.5,17012.5,16660,16967.5
2014-10-09,16967,17030,16610,16632
2014-10-10,16632.5,16759.5,16508.5,16513
2014-10-13,16460,16608.5,16300,16361.5
2014-10-14,16360,16464.5,16277,16397
2014-10-15,16396.5,16405.5,15852.5,16093.5
2014-10-16,16093.5,16216,15866,16144
2014-10-17,16144,16425,16099,16400
2014-10-20,16471.5,16480.5,16246,16393
2014-10-21,16393,16640.5,16289,16609.5
2014-10-22,16609.5,16675.5,16460,16513.5
2014-10-23,16513.5,16772.5,16481.5,16700.5
2014-10-24,16700.5,16819,16592,16819
2014-10-27,16843,16874.5,16731,16840.5
2014-10-28,16840,17018.5,16833,16991
2014-10-29,16991,17069.5,16899,16984
2014-10-30,16983,17229.5,16909.5,17198
2014-10-31,17198,17431.5,17181,17368.5
2014-11-03,17382,17418.5,17342.5,17346.5
2014-11-04,17346,17405,17285,17359
2014-11-05,17360.5,17491.5,17356.5,17466.5
2014-11-06,17467.5,17571.5,17426.5,17561.5
2014-11-07,17559,17604,17490.5,17564.5
2014-11-10,17564.5,17628.5,17528,17595
2014-11-11,17595,17663,17591,17604
2014-11-12,17616.5,17631.5,17531,17607
2014-11-13,17607,17709.5,17591,17653
2014-11-14,17654,17680.5,17618.5,17649
2014-11-17,17627,17682.5,17550.5,17653.5
2014-11-18,17653,17739.5,17639,17683.5
2014-11-19,17684,17717,17623.5,17691.5
2014-11-20,17691.5,17735,17594,17718.5
2014-11-21,17718,17900.5,17707,17807.5
2014-11-24,17816.5,17861.5,17796,17823
2014-11-25,17823,17865,17794,17842
2014-11-26,17843.5,17877.5,17792,17833
2014-11-27,17834.5,17860,17806,17831
2014-11-28,17831,17897,17779.5,17823
2014-12-01,17770,17828.5,17721,17779
2014-12-02,17780.5,17903,17775,17880
2014-12-03,17879.5,17928.5,17852,17909
2014-12-04,17910,17940.5,17813.5,17902
2014-12-05,17902.5,17992,17895,17968.5
2014-12-08,17960.5,17974.5,17806,17878.5
2014-12-09,17878,17885.5,17636,17798
2014-12-10,17798.5,17819,17512,17536
2014-12-11,17538,17763.5,17514,17555
2014-12-12,17557,17571.5,17248,17263
2014-12-15,17247,17407,17114,17225
2014-12-16,17225.5,17428.5,17038,17105.5
2014-12-17,17104,17385,17079,17347.5
2014-12-18,17347.5,17806.5,17330,17782
2014-12-19,17782,17911.5,17752,17791
2014-12-22,17809.5,17975.5,17790.5,17941.5
2014-12-23,17941,18061.5,17935,18029
2014-12-24,18029,18082,18024,18030.5
2014-12-26,18075,18103.5,18048,18076.5
2014-12-29,18069,18090,17997,18051.5
2014-12-30,18052.5,18066.5,17949.5,18015
2014-12-31,18015,18051.5,17928,17952.5
2015-01-02,17891.5,17953.5,17723.5,17805.5
2015-01-05,17755,17819,17464,17565.5
2015-01-06,17566,17577,17253,17383
2015-01-07,17383,17613.5,17383,17602
2015-01-08,17603.5,17921.5,17596,17889.5
2015-01-09,17889,17936,17688,17720.5
2015-01-12,17710.5,17828.5,17567,17667
2015-01-13,17666,17929,17492,17619
2015-01-14,17618.5,17644.5,17258,17466
2015-01-15,17464,17608.5,17268,17278
2015-01-16,17277,17531.5,17201,17506.5
2015-01-19,17486.5,17598,17420,17479
2015-01-20,17478.5,17606,17344,17502.5
2015-01-21,17502.5,17602.5,17393.5,17563
2015-01-22,17564,17842,17480,17807.5
2015-01-23,17806,17865.5,17646.5,17652.5
2015-01-26,17510,17700.5,17508.5,17682.5
2015-01-27,17682.5,17692.5,17286,17449
2015-01-28,17450.5,17558.5,17165,17228.5
2015-01-29,17229,17509,17135,17476
2015-01-30,17477.5,17480,17155.5,17179.5
2015-02-02,17163,17389.5,17035.5,17356
2015-02-03,17356.5,17674,17290.5,17645
2015-02-04,17644.5,17784,17576,17579
2015-02-05,17577.5,17892,17566.5,17846
2015-02-06,17846,17956,17764,17856.5
2015-02-09,17783.5,17808,17685,17761
2015-02-10,17762,17890,17720,17840.5
2015-02-11,17841,17984.5,17757,17872
2015-02-12,17871,17976.5,17810.5,17951.5
2015-02-13,17950,18040.5,17946,18014
2015-02-16,17990,18029,17921.5,17952.5
2015-02-17,17951.5,18054.5,17924,18041
2015-02-18,18040.5,18057.5,17984,18014
2015-02-19,18013,18067.5,17922,17987.5
2015-02-20,17988,18151.5,17877.5,18134
2015-02-23,18134,18134,18060.5,18103
2015-02-24,18102.5,18231.5,18102,18212
2015-02-25,18211.5,18244,18184,18201
2015-02-26,18202.5,18240,18157,18200
2015-02-27,18199,18214.5,18131.5,18162
2015-03-02,18177,18284,18136,18263.5
2015-03-03,18262,18263,18133,18203
2015-03-04,18182.5,18190,18026,18089
2015-03-05,18091,18161.5,18083,18129
2015-03-06,18130,18162,17825,17875.5
2015-03-09,17861,18034,17832.5,17970
2015-03-10,17971,17978,17661.5,17708
2015-03-11,17709,17740,17626,17651
2015-03-12,17652,17900,17639,17887
2015-03-13,17888,17904,17624,17744.5
2015-03-16,17748,17990.5,17741,17925
2015-03-17,17924,17955,17783,17863
2015-03-18,17861,18108,17693,18094
2015-03-19,18096,18129.5,17932,17985.5
2015-03-20,17984.5,18200,17977.5,18115.5
2015-03-23,18152,18210,18064,18114
2015-03-24,18115,18161,18008.5,18031.5
2015-03-25,18031.5,18048,17711,17749
2015-03-26,17749,17760.5,17551,17704
2015-03-27,17703,17766,17623,17714.5
2015-03-30,17701,18011,17674,17958
2015-03-31,17957,17964.5,17751,17781.5
2015-04-01,17780,17810,17563.5,17697
2015-04-02,17696,17819.5,17640,17769
2015-04-06,17631,17941,17612,17880
2015-04-07,17882.5,17986.5,17853,17872
2015-04-08,17872,17979.5,17818.5,17919
2015-04-09,17918.5,17987.5,17824.5,17963.5
2015-04-10,17964,18070.5,17944,18061
2015-04-13,18060,18112,17974,17998
2015-04-14,17998,18079.5,17902,18040
2015-04-15,18039,18163,18019,18113
2015-04-16,18112,18170.5,18026,18117.5
2015-04-17,18116,18117.5,17747.5,17848
2015-04-20,17896,18097,17890.5,18033
2015-04-21,18076,18153.5,17929,17956
2015-04-22,17976,18057,17855.5,18038
2015-04-23,18018,18138,17900,18072
2015-04-24,18025,18113,18007.5,18084
2015-04-27,18102.5,18187,18024,18047
2015-04-28,18053,18125,17914,18113
2015-04-29,18111.5,18143,17951,18037
2015-04-30,18024.5,18033.5,17767,17841
2015-05-01,17873,18028,17873,18014
2015-05-04,18005,18135.5,17989,18069
2015-05-05,18055,18100.5,17902,17929
2015-05-06,17960,18000.5,17732,17840.5
2015-05-07,17846,17975.5,17686.5,17930
2015-05-08,17961,18210,17956,18186
2015-05-11,18172.5,18203,18089,18105.5
2015-05-12,18105,18121.5,17922.5,18065
2015-05-13,18119,18162,18041,18067
2015-05-14,18067,18257,18034,18243
2015-05-15,18235,18287,18213,18268
2015-05-18,18257.5,18326,18220,18292
2015-05-19,18312,18367.5,18261,18313.5
2015-05-20,18314,18351,18272,18290
2015-05-21,18257,18315.5,18240,18292
2015-05-22,18303,18306,18213,18236
2015-05-25,18254,18276,18205,18245.5
2015-05-26,18227,18255,17990.5,18049
2015-05-27,18060,18191.5,18056,18165
2015-05-28,18130,18140,18065,18129
2015-05-29,18133.5,18146.5,17965.5,18012.5
2015-06-01,18076,18117.5,17981,18041
2015-06-02,18039.5,18093,17914,18013.5
2015-06-03,18022,18171,18006,18083
2015-06-04,18069.5,18091,17873,17920
2015-06-05,17922,17963,17819,17848.5
2015-06-08,17859,17868,17760,17772.5
2015-06-09,17784,17818.5,17704.5,17762
2015-06-10,17804,18047.5,17776.5,17997
2015-06-11,18004,18113,17995.5,18049.5
2015-06-12,18022.5,18045.5,17856,17900.5
2015-06-15,17848,17870,17696,17795.5
2015-06-16,17775.5,17922.5,17691,17905
2015-06-17,17934,18000,17841,17936.5
2015-06-18,17865,18179,17865,18121
2015-06-19,18122,18159,18004,18005
2015-06-22,18068.5,18182,18063.5,18120.5
2015-06-23,18159,18191,18107,18138
2015-06-24,18135,18153.5,17964,17966
2015-06-25,17997.5,18079.5,17878,17884
2015-06-26,17907.5,18014.5,17878,17946
2015-06-29,17728.5,17851,17584,17593
2015-06-30,17660,17742,17572,17594
2015-07-01,17687.5,17807,17673.5,17756
2015-07-02,17757.5,17828.5,17685,17726.5
2015-07-03,17750.5,17756.5,17685.5,17702.5
2015-07-06,17550.5,17735.5,17549.5,17689
2015-07-07,17788,17818.5,17464,17784
2015-07-08,17647,17686.5,17496,17530
2015-07-09,17643,17769,17541,17541
2015-07-10,17712,17801,17669,17762
2015-07-13,17736.5,17988.5,17699.5,17975.5
2015-07-14,17973.5,18072.5,17951.5,18053
2015-07-15,18061.5,18092,18008.5,18051
2015-07-16,18129.5,18153.5,18064.5,18121
2015-07-17,18087.5,18105.5,18033.5,18084
2015-07-20,18092,18139.5,18064,18100
2015-07-21,18088.5,18100.5,17870.5,17923
2015-07-22,17871.5,17917.5,17808,17857
2015-07-23,17896.5,17914.5,17705,17740
2015-07-24,17756,17791,17551,17576
2015-07-27,17609.5,17621.5,17400,17452
2015-07-28,17532,17651.5,17451.5,17631.5
2015-07-29,17617.5,17779,17613,17738
2015-07-30,17749.5,17781,17637.5,17750.5
2015-07-31,17767,17803.5,17673,17694
2015-08-03,17687,17740.5,17496.5,17598
2015-08-04,17593,17637,17505,17553
2015-08-05,17510.5,17661.5,17510.5,17552
2015-08-06,17512,17568,17362,17416
2015-08-07,17442,17449,17277,17378.5
2015-08-10,17421.5,17630,17370.5,17616.5
2015-08-11,17532,17565.5,17353,17408
2015-08-12,17305,17425,17127,17401
2015-08-13,17447,17483,17340,17422
2015-08-14,17412,17494.5,17369,17473
2015-08-17,17479,17554,17340,17548
2015-08-18,17540,17573.5,17479,17514
2015-08-19,17472,17521,17281,17345
2015-08-20,17320,17322,16994,16995
2015-08-21,16846.5,16943.5,16460,16463
2015-08-24,16075.5,16360,15234.5,15841.5
2015-08-25,15934,16373,15651,15660.5
2015-08-26,15958,16307.5,15786.5,16300
2015-08-27,16283,16680,16251,16678
2015-08-28,16611.5,16671,16487.5,16638
2015-08-31,16519.5,16628.5,16441.5,16528
2015-09-01,16254.5,16322,15978,16031
2015-09-02,16233.5,16353,16132.5,16348
2015-09-03,16349,16554,16318.5,16371
2015-09-04,16243,16310,16027,16108
2015-09-07,16212.5,16286.5,16168,16183.5
2015-09-08,16237,16503,16206,16489.5
2015-09-09,16627,16694.5,16218.5,16251
2015-09-10,16350,16462,16162,16332.5
2015-09-11,16355,16433.5,16219,16423
2015-09-14,16435.5,16495,16328.5,16369
2015-09-15,16387.5,16645.5,16309.5,16604
2015-09-16,16595,16758.5,16588.5,16741
2015-09-17,16755,16937,16640.5,16680
2015-09-18,16677,16706,16340,16376.5
2015-09-21,16376.5,16578.5,16357.5,16511
2015-09-22,16540.5,16564,16219,16325.5
2015-09-23,16190,16425.5,16183.5,16281.5
2015-09-24,16250,16344.5,16014.5,16204.5
2015-09-25,16293,16475,16230,16317
2015-09-28,16310.5,16391.5,15981.5,16008.5
2015-09-29,15951.5,16118.5,15904,16046
2015-09-30,16181.5,16298,16127,16273
2015-10-01,16408.5,16449.5,16074,16268
2015-10-02,16291.5,16476.5,16011.5,16471
2015-10-05,16479,16797.5,16447,16772
2015-10-06,16719,16863,16682,16792.5
2015-10-07,16809,16965,16767,16909.5
2015-10-08,16802,17082,16780,17051
2015-10-09,17085,17124.5,17009,17088.5
2015-10-12,17089.5,17140.5,17063.5,17128.5
2015-10-13,17118.5,17171,17017,17081.5
2015-10-14,17065,17114.5,16892,16930
2015-10-15,17010,17150,16937.5,17150
2015-10-16,17149,17219.5,17107.5,17212
2015-10-19,17173.5,17236,17128,17233.5
2015-10-20,17185,17263.5,17142.5,17231.5
2015-10-21,17269,17319,17158.5,17174
2015-10-22,17179,17509.5,17166,17493
2015-10-23,17542,17682.5,17509,17653.5
2015-10-26,17598,17666,17571,17625
2015-10-27,17588,17637.5,17547,17584
2015-10-28,17607.5,17777,17552,17777
2015-10-29,17730.5,17787,17684.5,17753.5
2015-10-30,17837,17845,17672,17678
2015-11-02,17658,17826,17658,17823.5
2015-11-03,17814.5,17988,17779,17971.5
2015-11-04,17926,17986.5,17838,17898
2015-11-05,17881.5,17936.5,17779,17848
2015-11-06,17866.5,17914,17766,17911
2015-11-09,17893,17893,17666,17729
2015-11-10,17753.5,17770,17657,17767
2015-11-11,17769,17845,17694.5,17700.5
2015-11-12,17736,17763,17443.5,17450
2015-11-13,17458.5,17493.5,17241,17246
2015-11-16,17174,17481,17167.5,17477.5
2015-11-17,17477.5,17600.5,17441,17487
2015-11-18,17472.5,17751.5,17449.5,17740
2015-11-19,17757.5,17806,17683.5,17735
2015-11-20,17761.5,17916,17751,17826
2015-11-23,17849.5,17868.5,17748.5,17790
2015-11-24,17804,17862.5,17656,17818
2015-11-25,17809.5,17865,17783,17817
2015-11-26,17844.5,17904.5,17833,17886
2015-11-27,17800.5,17835,17745,17802
2015-11-30,17794,17868,17721,17731.5
2015-12-01,17823,17894,17769,17889
2015-12-02,17901,17916,17706,17731
2015-12-03,17782,17880.5,17422,17479
2015-12-04,17534,17870,17461,17846.5
2015-12-07,17821,17882,17638.5,17737
2015-12-08,17700,17733,17483.5,17571
2015-12-09,17603,17770,17400.5,17494
2015-12-10,17505,17701.5,17459,17578
2015-12-11,17603,17613.5,17229,17259
2015-12-14,17332,17401.5,17138,17374
2015-12-15,17360,17630,17346.5,17537
2015-12-16,17596,17787,17482,17753
2015-12-17,17709,17819,17499,17507
2015-12-18,17389,17460.5,17126.5,17128.5
2015-12-21,17168.5,17280,17116.5,17250
2015-12-22,17307.5,17452.5,17202,17418
2015-12-23,17442,17607,17440,17606
2015-12-24,17553,17607,17540.5,17547
2015-12-28,17533,17548,17434,17526
2015-12-29,17556,17750.5,17552.5,17728
2015-12-30,17721,17726.5,17586,17603
2015-12-31,17626,17629,17447,17554
2016-01-04,17259.5,17273,16957,17147
2016-01-05,17205,17215.5,17040,17161
2016-01-06,17041,17075,16816,16912
2016-01-07,16692.5,16808,16462.5,16516.5
2016-01-08,16672,16760,16317,16342
2016-01-11,16252,16465,16231.5,16394
2016-01-12,16295.5,16595,16269.5,16510
2016-01-13,16558.5,16628.5,16119,16152
2016-01-14,16250.5,16485,16075.5,16371
2016-01-15,16227.5,16270,15839,15983
2016-01-18,16059,16139.5,15960,15992
2016-01-19,16168,16279,15901,16019
2016-01-20,15728,15897,15451,15774
2016-01-21,15725,16045.5,15649.5,15877
2016-01-22,16011,16139,15977,16098
2016-01-25,16095.5,16098,15883,15896
2016-01-26,15812.5,16188,15727.5,16170
2016-01-27,16118,16237,15877,15944
2016-01-28,15952,16141,15861,16069
2016-01-29,16210.5,16456,16138,16448
2016-02-01,16436,16511,16296,16447
2016-02-02,16379,16387,16107,16162
2016-02-03,16139,16386.5,15960.5,16340
2016-02-04,16443,16487.5,16209,16423.5
2016-02-05,16388.5,16463,16128.5,16200
2016-02-08,16260,16269.5,15800.5,16028.5
2016-02-09,15932,16138.5,15842,16022
2016-02-10,15958,16204,15898,15918.5
2016-02-11,15834,15860,15503.5,15652
2016-02-12,15663,15973.5,15643.5,15970
2016-02-15,16112,16208,16083.5,16165
2016-02-16,16218.5,16231.5,16027,16191.5
2016-02-17,16137,16489.5,16111,16452
2016-02-18,16465,16551.5,16391,16416.5
2016-02-19,16454.5,16472.5,16277,16389.5
2016-02-22,16466.5,16664.5,16463.5,16616
2016-02-23,16524,16604.5,16404,16433.5
2016-02-24,16419,16511.5,16166,16487.5
2016-02-25,16464.5,16701,16429,16699.5
2016-02-26,16707.5,16846.5,16625,16642
2016-02-29,16538.5,16728,16497.5,16500.5
2016-03-01,16523,16866.5,16523,16854.5
2016-03-02,16918.5,16919,16765.5,16893.5
2016-03-03,16900.5,16945.5,16818,16945.5
2016-03-04,16942.5,17064,16898,17006.5
2016-03-07,16984,17100,16918,17067
2016-03-08,16997,17075,16918.5,16968.5
2016-03-09,17011,17083.5,16946,16995
2016-03-10,17010,17179,16821.5,16998.5
2016-03-11,17096,17222,17092.5,17209.5
2016-03-14,17170,17276,17149.5,17228
2016-03-15,17186,17252.5,17118.5,17252.5
2016-03-16,17259,17381.5,17188,17325
2016-03-17,17362,17530,17243,17485.5
2016-03-18,17494,17624.5,17457.5,17599.5
2016-03-21,17556.5,17651.5,17541.5,17625
2016-03-22,17619.5,17652,17532,17590.5
2016-03-23,17572,17618.5,17487.5,17512
2016-03-24,17498.5,17519,17398,17516.5
2016-03-28,17585.5,17624,17489.5,17538
2016-03-29,17562.5,17643,17431.5,17640
2016-03-30,17650.5,17791,17646.5,17719
2016-03-31,17696,17756.5,17662.5,17689
2016-04-01,17658,17811,17567,17794
2016-04-04,17820.5,17846,17710,17740
2016-04-05,17682.5,17717,17580.5,17605
2016-04-06,17666,17727,17540,17715
2016-04-07,17707,17720.5,17484,17547
2016-04-08,17597,17698.5,17525.5,17579.5
2016-04-11,17567.5,17733.5,17501,17559
2016-04-12,17578.5,17745,17534,17716
2016-04-13,17768.5,17919,17753.5,17904
2016-04-14,17905,17961.5,17861.5,17925
2016-04-15,17935.5,17938.5,17866,17890.5
2016-04-18,17798,18009,17772.5,18001
2016-04-19,17999.5,18103.5,17986.5,18056
2016-04-20,18001.5,18169,17988.5,18104.5
2016-04-21,18154.5,18159.5,17967,17992.5
2016-04-22,18000.5,18029,17906.5,18004
2016-04-25,17985,17999,17851.5,17976
2016-04-26,17981.5,18050.5,17933,17990.5
2016-04-27,17956,18087.5,17919.5,18046.5
2016-04-28,17927.5,18036,17796.5,17838
2016-04-29,17837.5,17865,17650,17780
2016-05-02,17769.5,17911.5,17759,17888.5
2016-05-03,17868,17881.5,17666.5,17752.5
2016-05-04,17747,17774.5,17609,17652
2016-05-05,17705,17761,17614,17660.5
2016-05-06,17625.5,17745.5,17544,17739
2016-05-09,17754.5,17795.5,17664.5,17712.5
2016-05-10,17763,17934.5,17749,17927.5
2016-05-11,17861,17880.5,17711.5,17718
2016-05-12,17739,17802.5,17622,17724.5
2016-05-13,17662,17738.5,17510,17538.5
2016-05-16,17566,17754.5,17523,17705.5
2016-05-17,17722.5,17762,17466,17532
2016-05-18,17521,17639,17417,17526.5
2016-05-19,17476,17513,17329,17432
2016-05-20,17508.5,17574.5,17467.5,17502.5
2016-05-23,17521.5,17560.5,17459,17498
2016-05-24,17476.5,17744.5,17465,17706
2016-05-25,17747.5,17897.5,17742,17849
2016-05-26,17840,17891.5,17805,17831
2016-05-27,17854.5,17875.5,17823,17869
2016-05-30,17914,17924,17895.5,17919.5
2016-05-31,17913.5,17916.5,17724.5,17766.5
2016-06-01,17784,17809,17665,17783
2016-06-02,17748,17834,17701.5,17834
2016-06-03,17834,17859.5,17688.5,17807
2016-06-06,17815.5,17949.5,17799,17922
2016-06-07,17937,18004,17937,17946
2016-06-08,17947.5,18019.5,17928.5,18004
2016-06-09,17986.5,18005,17915.5,17988
2016-06-10,17963,17972.5,17811.5,17872
2016-06-13,17798,17894,17735,17739
2016-06-14,17761.5,17761.5,17593.5,17673.5
2016-06-15,17661,17777.5,17631.5,17650.5
2016-06-16,17584,17755.5,17470.5,17727
2016-06-17,17754,17761.5,17603,17669
2016-06-20,17824,17951,17801.5,17810.5
2016-06-21,17860.5,17889,17796.5,17826
2016-06-22,17854,17921,17769.5,17782
2016-06-23,17877,18009.5,17844,18009
2016-06-24,17332.5,17699.5,17316.5,17401.5
2016-06-27,17302,17374.5,17063,17142.5
2016-06-28,17228,17404.5,17213.5,17404
2016-06-29,17435,17706,17429.5,17691.5
2016-06-30,17701.5,17930.5,17661,17915
2016-07-01,17907,18001.5,17860.5,17951.5
2016-07-04,17991.5,18023.5,17952.5,17974.5
2016-07-05,17935.5,17940.5,17786.5,17840
2016-07-06,17815,17924.5,17709.5,17908.5
2016-07-07,17916,17982.5,17814.5,17891
2016-07-08,17882.5,18168.5,17879,18139
2016-07-11,18206,18286.5,18159,18226
2016-07-12,18240,18374.5,18237.5,18351
2016-07-13,18323,18391,18314,18370.5
2016-07-14,18393.5,18562,18390.5,18507.5
2016-07-15,18482,18570.5,18472,18515.5
2016-07-18,18535,18572.5,18489.5,18531
2016-07-19,18525.5,18561.5,18481.5,18561
2016-07-20,18561,18639.5,18555.5,18593
2016-07-21,18600.5,18621.5,18470,18516.5
2016-07-22,18506.5,18570,18491.5,18564
2016-07-25,18552,18583,18453.5,18497
2016-07-26,18515.5,18520,18386,18476.5
2016-07-27,18514.5,18545,18429.5,18474.5
2016-07-28,18494,18528.5,18367.5,18454
2016-07-29,18435.5,18469.5,18370.5,18430.5
2016-08-01,18514.5,18524,18353.5,18407
2016-08-02,18420.5,18433.5,18245,18315
2016-08-03,18295,18352,18260.5,18344.5
2016-08-04,18355.5,18407,18322.5,18355
2016-08-05,18370,18534.5,18361.5,18533
2016-08-08,18537,18571.5,18500.5,18529.5
2016-08-09,18529.5,18587.5,18508,18532
2016-08-10,18504,18565,18469.5,18495.5
2016-08-11,18530.5,18640.5,18507.5,18613
2016-08-12,18615,18632,18534,18573.5
2016-08-15,18603,18670.5,18591,18635.5
2016-08-16,18607,18624,18552,18557
2016-08-17,18570,18585,18469.5,18571
2016-08-18,18580.5,18602.5,18533.5,18593
2016-08-19,18580,18588.5,18492.5,18552
2016-08-22,18526.5,18582,18464.5,18534
2016-08-23,18546,18638.5,18541,18551.5
2016-08-24,18534.5,18567,18452.5,18492.5
2016-08-25,18502.5,18506.5,18429.5,18463.5
2016-08-26,18469,18575.5,18333,18403.5
2016-08-29,18400,18526,18375,18505
2016-08-30,18500.5,18523,18408,18458.5
2016-08-31,18447.5,18455,18331.5,18397.5
2016-09-01,18439.5,18470.5,18292.5,18413
2016-09-02,18405,18548.5,18388,18487.5
2016-09-05,18528,18530.5,18475,18498
2016-09-06,18507.5,18556.5,18450.5,18540.5
2016-09-07,18531,18545,18474.5,18520.5
2016-09-08,18528,18553.5,18444.5,18476
2016-09-09,18456.5,18463,18087.5,18089.5
2016-09-12,17952,18359,17906.5,18322
2016-09-13,18253,18255,18028,18068
2016-09-14,18130.5,18165,17994,18029.5
2016-09-15,18021,18250.5,17995,18207
2016-09-16,18178,18188,18069.5,18116.5
2016-09-19,18203.5,18259,18093.5,18120.5
2016-09-20,18166,18232,18129,18134.5
2016-09-21,18193.5,18306.5,18120,18292.5
2016-09-22,18288.5,18450,18280,18384.5
2016-09-23,18387,18398.5,18256,18268.5
2016-09-26,18238.5,18251,18085.5,18105
2016-09-27,18208,18243,18052,18231.5
2016-09-28,18211.5,18349,18180.5,18334.5
2016-09-29,18360,18368.5,18092,18154
2016-09-30,18129.5,18373.5,18081,18308.5
2016-10-03,18314.5,18331.5,18196.5,18257.5
2016-10-04,18263,18320,18115.5,18166
2016-10-05,18169,18318.5,18140,18276
2016-10-06,18277,18307.5,18161,18267.5
2016-10-07,18245.5,18335,18147,18238
2016-10-10,18277,18404.5,18257,18331
2016-10-11,18304,18333.5,18059.5,18137
2016-10-12,18164.5,18194.5,18080,18142.5
2016-10-13,18028,18139,17959,18105.5
2016-10-14,18110,18264,18091,18142.5
2016-10-17,18100.5,18166.5,18061.5,18089.5
2016-10-18,18147.5,18227,18127.5,18158
2016-10-19,18157,18250,18114,18203.5
2016-10-20,18239.5,18252.5,18127.5,18165
2016-10-21,18144,18174,18047.5,18142
2016-10-24,18175.5,18276.5,18172,18219
2016-10-25,18246,18255.5,18149,18176
2016-10-26,18149,18237,18058.5,18202.5
2016-10-27,18187,18267,18148.5,18178
2016-10-28,18180,18254.5,18092.5,18170
2016-10-31,18228.5,18229.5,18130.5,18147.5
2016-11-01,18199.5,18208.5,17939,18035
2016-11-02,17959.5,18047,17929.5,17965
2016-11-03,17959.5,18016,17903,17935
2016-11-04,17937.5,17984,17883.5,17888.5
2016-11-07,18120.5,18268.5,18105.5,18260.5
2016-11-08,18238.5,18404.5,18200,18333.5
2016-11-09,17727.5,18649,17727,18591.5
2016-11-10,18632.5,18878.5,18630.5,18806.5
2016-11-11,18865,18884.5,18742,18847
2016-11-14,18951,18972.5,18817.5,18872.5
2016-11-15,18880,18925,18805.5,18922.5
2016-11-16,18912,18913.5,18825.5,18869
2016-11-17,18886,18902.5,18843.5,18900
2016-11-18,18894.5,18917,18850.5,18868.5
2016-11-21,18892,18956.5,18860.5,18949
2016-11-22,19013,19025,18961.5,19025
2016-11-23,19040,19086,19006.5,19080
2016-11-24,19083.5,19149.5,19077,19144.5
2016-11-25,19135.5,19155,19122.5,19154
2016-11-28,19127,19142,19073,19103.5
2016-11-29,19095.5,19145,19072.5,19127
2016-11-30,19127,19224.5,19122,19141.5
2016-12-01,19126.5,19212,19126.5,19190
2016-12-02,19185,19201,19142,19176.5
2016-12-05,19128.5,19283,19122,19217.5
2016-12-06,19216.5,19252.5,19186.5,19251
2016-12-07,19247.5,19561.5,19223.5,19534
2016-12-08,19536,19665.5,19496.5,19613
2016-12-09,19630.5,19755,19621,19753.5
2016-12-12,19787,19822.5,19753,19788
2016-12-13,19805,19959,19804.5,19910
2016-12-14,19904.5,19966,19748.5,19804
2016-12-15,19850.5,19953,19809.5,19853
2016-12-16,19880.5,19920.5,19822,19842
2016-12-19,19898.5,19918.5,19850,19888.5
2016-12-20,19897.5,19990.5,19894.5,19967.5
2016-12-21,19966.5,19988,19940.5,19946.5
2016-12-22,19921,19955,19886.5,19923
2016-12-23,19934,19944.5,19900.5,19927.5
2016-12-27,19926,19977,19919,19941.5
2016-12-28,19962.5,19980,19829.5,19839.5
2016-12-29,19835.5,19877,19787.5,19823
2016-12-30,19860.5,19866,19720,19779.5
2017-01-03,19884,19939,19782.5,19880
2017-01-04,19883.5,19953.5,19875.5,19937.5
2017-01-05,19914.5,19950,19813,19899.5
2017-01-06,19891.5,19999,19835,19967.5
2017-01-09,19993.5,19996.5,19893.5,19899.5
2017-01-10,19883,19959.5,19839.5,19866
2017-01-11,19863,19980,19834,19952.5
2017-01-12,19904.5,19921,19765.5,19890.5
2017-01-13,19899.5,19955,19849.5,19888
2017-01-16,19858.5,19884,19847.5,19860
2017-01-17,19851.5,19885.5,19776,19828.5
2017-01-18,19850,19855.5,19739,19805.5
2017-01-19,19804,19826.5,19679.5,19739.5
2017-01-20,19746.5,19848,19736,19823
2017-01-23,19778.5,19839.5,19737,19804.5
2017-01-24,19802.5,19949,19791.5,19913
2017-01-25,19939.5,20084.5,19938.5,20072
2017-01-26,20131,20131,20070.5,20100.5
2017-01-27,20119.5,20140.5,20076,20091.5
2017-01-30,20044.5,20063,19871,19965
2017-01-31,19910,19948.5,19784,19865
2017-02-01,19917.5,19965,19844,19886
2017-02-02,19828,19921.5,19813,19886
2017-02-03,19881.5,20077.5,19881,20062.5
2017-02-06,20069,20095.5,20008,20057.5
2017-02-07,20046,20160,20041.5,20088.5
2017-02-08,20095,20101.5,20016,20051
2017-02-09,20050.5,20207,20038,20169
2017-02-10,20235,20298.5,20200,20274.5
2017-02-13,20291.5,20442,20288.5,20413.5
2017-02-14,20400.5,20505,20382.5,20502
2017-02-15,20532.5,20619,20499.5,20612.5
2017-02-16,20631.5,20645.5,20560,20622
2017-02-17,20596.5,20620,20528.5,20618
2017-02-20,20657.5,20691.5,20633,20662.5
2017-02-21,20633.5,20754.5,20623,20726
2017-02-22,20733.5,20779.5,20690,20770
2017-02-23,20774,20842,20747,20807.5
2017-02-24,20793,20819,20716.5,20815
2017-02-27,20826,20846.5,20770.5,20830.5
2017-02-28,20824,20844.5,20783,20817
2017-03-01,20842,21173.5,20837,21111
2017-03-02,21127.5,21141,20995.5,20997.5
2017-03-03,20961.5,21047.5,20951.5,20996
2017-03-06,20951,20987.5,20911.5,20957.5
2017-03-07,20966,20970,20901,20923
2017-03-08,20885,20952.5,20835,20855.5
2017-03-09,20861,20901.5,20779,20858.5
2017-03-10,20912.5,20979.5,20828.5,20899.5
2017-03-13,20901.5,20925,20851,20877.5
2017-03-14,20865.5,20875,20785,20840
2017-03-15,20876.5,20974,20856.5,20942.5
2017-03-16,20975,21027,20893,20930
2017-03-17,20918,20980.5,20907,20917
2017-03-20,20896,20954.5,20885,20910
2017-03-21,20940.5,20970,20660.5,20673
2017-03-22,20621.5,20689,20580.5,20667.5
2017-03-23,20677,20757.5,20616,20655.5
2017-03-24,20706.5,20720,20533,20610
2017-03-27,20512.5,20579,20411,20551.5
2017-03-28,20589.5,20735.5,20515,20702
2017-03-29,20702.5,20721,20622,20655
2017-03-30,20674,20755,20632,20723.5
2017-03-31,20685.5,20720.5,20658,20660
2017-04-03,20681,20713,20518,20651
2017-04-04,20611.5,20699.5,20571.5,20687
2017-04-05,20694,20889.5,20639,20649.5
2017-04-06,20596,20747.5,20584,20664.5
2017-04-07,20609,20729.5,20593.5,20663
2017-04-10,20690,20751,20612,20652.5
2017-04-11,20643,20668,20510,20647
2017-04-12,20644,20703.5,20555,20589.5
2017-04-13,20593,20612.5,20456.5,20460
2017-04-17,20462,20646.5,20454.5,20638.5
2017-04-18,20637.5,20649,20459.5,20521
2017-04-19,20500,20548,20373,20395.5
2017-04-20,20402.5,20631.5,20398,20582.5
2017-04-21,20608.5,20618.5,20506.5,20555.5
2017-04-24,20728.5,20795.5,20727.5,20769.5
2017-04-25,20806.5,21030,20796,21000
2017-04-26,21018.5,21073.5,20973.5,20984
2017-04-27,20991,21010.5,20933.5,20981.5
2017-04-28,20954,20992.5,20923,20940.5
2017-05-01,20965,20989.5,20896.5,20922.5
2017-05-02,20923,20960.5,20903,20945.5
2017-05-03,20917,20974.5,20872,20957.5
2017-05-04,20971.5,21015.5,20846.5,20946.5
2017-05-05,20908,21007.5,20899.5,21003
2017-05-08,21021,21022,20964,21005
2017-05-09,20996,21050,20938.5,20976.5
2017-05-10,20917.5,20978,20884,20943.5
2017-05-11,20925.5,20933.5,20797,20915
2017-05-12,20894,20918.5,20866.5,20892.5
2017-05-15,20912.5,21002,20904.5,20984.5
2017-05-16,20972.5,21033.5,20933.5,20977
2017-05-17,20856,20884,20603.5,20615
2017-05-18,20651.5,20762,20498,20666.5
2017-05-19,20669.5,20860.5,20655,20803
2017-05-22,20845.5,20916.5,20790,20894.5
2017-05-23,20885.5,20964.5,20873.5,20938.5
2017-05-24,20931.5,21023.5,20927,21008
2017-05-25,21099,21114,21050.5,21082.5
2017-05-26,21065.5,21096,21040.5,21076.5
2017-05-29,21087,21110.5,21075.5,21080.5
2017-05-30,21071.5,21081,21009.5,21029.5
2017-05-31,21031.5,21069.5,20938.5,21009
2017-06-01,21021.5,21141.5,20992,21140
2017-06-02,21202,21231,21130,21194.5
2017-06-05,21201,21224.5,21168.5,21186.5
2017-06-06,21157.5,21179.5,21120.5,21144.5
2017-06-07,21166,21192.5,21112,21171.5
2017-06-08,21183.5,21270,21138.5,21182.5
2017-06-09,21195,21306.5,21158,21258.5
2017-06-12,21230.5,21280,21187.5,21237
2017-06-13,21250.5,21333.5,21243,21327.5
2017-06-14,21315.5,21390.5,21291.5,21371.5
2017-06-15,21344,21364.5,21259.5,21356.5
2017-06-16,21389.5,21409,21307.5,21377.5
2017-06-19,21413.5,21527.5,21412.5,21522.5
2017-06-20,21530.5,21537,21466.5,21472
2017-06-21,21471,21499.5,21391.5,21415.5
2017-06-22,21423,21456.5,21393,21401.5
2017-06-23,21415.5,21425,21332,21397
2017-06-26,21408.5,21505,21378,21413.5
2017-06-27,21410.5,21441.5,21318.5,21322.5
2017-06-28,21333.5,21481.5,21307,21450
2017-06-29,21494,21508,21194,21289
2017-06-30,21328,21428.5,21289.5,21357
2017-07-03,21401.5,21564,21395.5,21547.5
2017-07-04,21476,21533,21465,21490.5
2017-07-05,21505.5,21515,21404.5,21480.5
2017-07-06,21472,21474.5,21308.5,21328.5
2017-07-07,21335.5,21426.5,21314,21413
2017-07-10,21440.5,21446,21366.5,21411.5
2017-07-11,21436.5,21442.5,21277.5,21417.5
2017-07-12,21426,21584.5,21418.5,21538
2017-07-13,21548,21572,21512.5,21557.5
2017-07-14,21568,21683.5,21525.5,21643
2017-07-17,21658,21678,21616.5,21634.5
2017-07-18,21634,21660,21466,21579.5
2017-07-19,21572.5,21636.5,21556,21633.5
2017-07-20,21644.5,21675,21576.5,21618.5
2017-07-21,21631.5,21641,21502.5,21579.5
2017-07-24,21557,21582,21496.5,21535.5
2017-07-25,21547.5,21689,21539,21612.5
2017-07-26,21616.5,21740.5,21614.5,21708.5
2017-07-27,21733.5,21800.5,21689.5,21794.5
2017-07-28,21757.5,21843.5,21741,21832.5
2017-07-31,21829.5,21928.5,21828.5,21902
2017-08-01,21978.5,22021,21945.5,21964.5
2017-08-02,22002.5,22037,21967.5,22010.5
2017-08-03,22002.5,22044,21983,22024.5
2017-08-04,22042.5,22103.5,22027.5,22084.5
2017-08-07,22121.5,22126,22082.5,22118.5
2017-08-08,22106,22180.5,22058,22086.5
2017-08-09,22048,22062.5,21997,22048
2017-08-10,22016.5,22032,21844.5,21854
2017-08-11,21862.5,21912.5,21816,21859
2017-08-14,21939,22012.5,21935,21979
2017-08-15,22038.5,22045.5,21969.5,22003
2017-08-16,21994,22078,21994,22018.5
2017-08-17,22017,22037,21750.5,21754
2017-08-18,21765.5,21789.5,21640,21677
2017-08-21,21678,21719,21600,21708
2017-08-22,21758.5,21910.5,21731.5,21895
2017-08-23,21883.5,21892,21801,21814.5
2017-08-24,21797.5,21878.5,21762,21782
2017-08-25,21815,21907,21770.5,21819
2017-08-28,21792.5,21873,21765,21805
2017-08-29,21716.5,21877,21647.5,21869
2017-08-30,21891.5,21945,21832.5,21889
2017-08-31,21910,21988.5,21899.5,21954
2017-09-01,21982,22040,21977,21985
2017-09-04,21917,21947,21901,21933
2017-09-05,21937.5,21951,21707.5,21755
2017-09-06,21778,21848,21751.5,21813.5
2017-09-07,21778,21849,21742.5,21785
2017-09-08,21755.5,21845,21713,21796
2017-09-11,21934.5,22070,21920.5,22059.5
2017-09-12,22077,22140.5,22075,22120
2017-09-13,22115.5,22160,22094,22158.5
2017-09-14,22136,22213.5,22109,22207.5
2017-09-15,22209,22270.5,22188.5,22265
2017-09-18,22337.5,22360.5,22287.5,22339
2017-09-19,22361.5,22388.5,22344.5,22379.5
2017-09-20,22381,22419,22320.5,22417
2017-09-21,22408,22417,22360.5,22366
2017-09-22,22328,22368,22304,22345.5
2017-09-25,22332,22361.5,22218.5,22299
2017-09-26,22299.5,22367,22279,22287
2017-09-27,22310,22371.5,22254,22339
2017-09-28,22352,22391,22283,22373.5
2017-09-29,22376,22400,22331.5,22393.5
2017-10-02,22431,22550.5,22419,22549.5
2017-10-03,22604.5,22646.5,22582,22644
2017-10-04,22659,22687.5,22635.5,22661.5
2017-10-05,22654,22773,22652.5,22772
2017-10-06,22781,22787.5,22729.5,22766.5
2017-10-09,22764.5,22801,22738,22756.5
2017-10-10,22790.5,22848.5,22768,22833.5
2017-10-11,22841.5,22868.5,22809,22867.5
2017-10-12,22862,22884.5,22822,22842
2017-10-13,22861.5,22904.5,22848.5,22880
2017-10-16,22899.5,22957.5,22886.5,22951
2017-10-17,22962,22998.5,22949,22990.5
2017-10-18,23033,23173.5,23029,23157.5
2017-10-19,23159.5,23166.5,23003.5,23165.5
2017-10-20,23238.5,23326.5,23202.5,23325.5
2017-10-23,23336.5,23371,23277,23280.5
2017-10-24,23318.5,23487.5,23301.5,23442.5
2017-10-25,23437.5,23465,23251.5,23331.5
2017-10-26,23350.5,23452.5,23340,23407.5
2017-10-27,23410.5,23460,23351,23434.5
2017-10-30,23408,23430,23330.5,23349.5
2017-10-31,23357.5,23407.5,23336.5,23377.5
2017-11-01,23439.5,23520,23387.5,23435.5
2017-11-02,23408.5,23532.5,23345.5,23514.5
2017-11-03,23535.5,23555,23477.5,23537.5
2017-11-06,23520.5,23575.5,23507.5,23553
2017-11-07,23619.5,23620.5,23485.5,23555
2017-11-08,23548.5,23577,23513.5,23561.5
2017-11-09,23529.5,23545.5,23309.5,23464
2017-11-10,23453.5,23465.5,23380,23427
2017-11-13,23443.5,23459.5,23330.5,23445.5
2017-11-14,23433.5,23464,23271.5,23409
2017-11-15,23347.5,23352.5,23243.5,23276.5
2017-11-16,23350,23491.5,23323,23457.5
2017-11-17,23434.5,23456,23353.5,23360.5
2017-11-20,23295.5,23457.5,23294,23432.5
2017-11-21,23425.5,23618.5,23409.5,23591.5
2017-11-22,23604.5,23628,23505.5,23529.5
2017-11-23,23520.5,23540,23463.5,23530
2017-11-24,23546.5,23600.5,23515,23549
2017-11-27,23529.5,23640.5,23522,23582.5
2017-11-28,23592.5,23852.5,23592.5,23840.5
2017-11-29,23848.5,23961.5,23844.5,23940.5
2017-11-30,23958.5,24328.5,23955.5,24262.5
2017-12-01,24275.5,24324.5,23924,24230.5
2017-12-04,24446.5,24535.5,24290.5,24291.5
2017-12-05,24373.5,24387.5,24156,24180.5
2017-12-06,24124.5,24232.5,24085.5,24146.5
2017-12-07,24179.5,24260,24072,24210
2017-12-08,24255.5,24331.5,24225,24329.5
2017-12-11,24353.5,24391.5,24316.5,24387.5
2017-12-12,24409.5,24554.5,24397,24510.5
2017-12-13,24515.5,24668.5,24506.5,24595.5
2017-12-14,24651.5,24680,24514.5,24520.5
2017-12-15,24581.5,24686.5,24565,24640.5
2017-12-18,24771,24875.5,24755.5,24803
2017-12-19,24827.5,24876,24715.5,24758
2017-12-20,24808,24866,24693.5,24731.5
2017-12-21,24731.5,24848.5,24705,24789.5
2017-12-22,24797.5,24810,24724.5,24769.5
2017-12-26,24748.5,24782.5,24702,24756.5
2017-12-27,24757.5,24789.5,24736,24768.5
2017-12-28,24787.5,24835.5,24776.5,24831.5
2017-12-29,24848.5,24902,24745.5,24762.5
2018-01-02,24796,24879,24742.5,24823
2018-01-03,24834.5,24940.5,24827.5,24921
2018-01-04,24961,25107.5,24950.5,25076.5
2018-01-05,25113.5,25299.5,25108.5,25288.5
2018-01-08,25361.5,25377,25237.5,25280
2018-01-09,25295.5,25441.5,25288,25393.5
2018-01-10,25390.5,25405.5,25249.5,25373
2018-01-11,25406.5,25576,25380,25572.5
2018-01-12,25603.5,25810.5,25603.5,25803.5
2018-01-15,25907.5,26003.5,25897.5,25963.5
2018-01-16,26021,26088.5,25705.5,25801.5
2018-01-17,25896.5,26133.5,25869.5,26120
2018-01-18,26135.5,26149,25946.5,26028.5
2018-01-19,25939.5,26071.5,25932,26069.5
2018-01-22,26019,26218.5,25972,26214
2018-01-23,26294.5,26325.5,26145.5,26212.5
2018-01-24,26243.5,26392.5,26095.5,26268.5
2018-01-25,26289.5,26456.5,26244.5,26392
2018-01-26,26421,26613.5,26419.5,26613.5
2018-01-29,26652,26664.5,26438.5,26441
2018-01-30,26314,26331,26028.5,26080.5
2018-01-31,26122.5,26331,26049,26158.5
2018-02-01,26220.5,26300.5,25944,26181.5
2018-02-02,26163,26165,25487.5,25504
2018-02-05,25372,25521,23708,24340
2018-02-06,23662.5,24948,23547,24925
2018-02-07,24677.5,25299,24564.5,24891
2018-02-08,24829.5,24962,23840.5,23851
2018-02-09,24127,24384,23361.5,24194
2018-02-12,24370,24766,24261.5,24601
2018-02-13,24504.5,24712.5,24406,24643
2018-02-14,24735.5,24930,24322,24903
2018-02-15,24988.5,25203.5,24806,25203.5
2018-02-16,25291,25435,25125,25218
2018-02-19,25328.5,25336.5,25067.5,25187
2018-02-20,25196,25206.5,24881.5,24959.5
2018-02-21,24978.5,25269.5,24792.5,24795
2018-02-22,24700.5,25159.5,24641.5,24963.5
2018-02-23,25198,25317.5,25027.5,25316
2018-02-26,25430.5,25734.5,25429.5,25707.5
2018-02-27,25714,25800.5,25411.5,25413.5
2018-02-28,25426,25576.5,25025,25025
2018-03-01,25063,25186,24440,24605
2018-03-02,24594.5,24631.5,24212,24535
2018-03-05,24425,24963.5,24324.5,24885.5
2018-03-06,24955.5,25058,24707.5,24886.5
2018-03-07,24495,24851.5,24481,24808
2018-03-08,24821.5,24952.5,24701.5,24895
2018-03-09,24886.5,25337,24840.5,25334.5
2018-03-12,25446.5,25503,25150.5,25183
2018-03-13,25243.5,25376.5,24944,25002.5
2018-03-14,24998.5,25148,24663,24756
2018-03-15,24846,25057.5,24753.5,24879.5
2018-03-16,24884,25030.5,24844,24928.5
2018-03-19,24887.5,24904,24453.5,24611.5
2018-03-20,24713,24807.5,24600.5,24733
2018-03-21,24773,24986,24652.5,24683.5
2018-03-22,24750,24753.5,23934.5,23962
2018-03-23,23802.5,24112,23507.5,23530.5
2018-03-26,23784.5,24235,23741,24204
2018-03-27,24327,24450.5,23706.5,23860
2018-03-28,23866.5,24095.5,23728.5,23848.5
2018-03-29,23883.5,24314.5,23881,24158.5
2018-04-02,24091.5,24125.5,23340,23642
2018-04-03,23610.5,24046.5,23599.5,24034
2018-04-04,23946,24310,23399,24267
2018-04-05,24322,24626,24300,24505.5
2018-04-06,24217,24440,23737.5,23931
2018-04-09,24107.5,24376,23956.5,23983.5
2018-04-10,24327,24510.5,24230.5,24410
2018-04-11,24310,24367.5,24093.5,24192
2018-04-12,24233,24592.5,24174.5,24427
2018-04-13,24431,24661.5,24243.5,24370
2018-04-16,24533,24675.5,24418.5,24602.5
2018-04-17,24602.5,24862,24602,24767
2018-04-18,24766.5,24845,24720.5,24800
2018-04-19,24800,24819,24552.5,24661
2018-04-20,24661,24702,24375.5,24474
2018-04-23,24527,24559.5,24328.5,24500
2018-04-24,24498.5,24639,23826.5,24062
2018-04-25,24061,24181,23826.5,24163.5
2018-04-26,24167,24404,24056,24318
2018-04-27,24318,24359.5,24192.5,24325.5
2018-04-30,24350,24503,24125,24196
2018-05-01,24192.5,24234.5,23805.5,24144
2018-05-02,24144,24190.5,23859,23897
2018-05-03,23897.5,24001.5,23525,23913.5
2018-05-04,23915.5,24338.5,23780,24292.5
2018-05-07,24360,24483,24262.5,24340.5
2018-05-08,24340,24415,24196,24332
2018-05-09,24331.5,24590.5,24318.5,24536
2018-05-10,24536,24796.5,24514,24741
2018-05-11,24741,24870.5,24710.5,24849.5
2018-05-14,24919,24995.5,24859.5,24907.5
2018-05-15,24908,24920.5,24630,24667.5
2018-05-16,24668,24802.5,24647,24768.5
2018-05-17,24769,24842.5,24636.5,24741.5
2018-05-18,24742.5,24808,24661,24728
2018-05-21,24917.5,25085.5,24908.5,25012
2018-05-22,25011.5,25075,24814.5,24837
2018-05-23,24837,24892,24636,24853
2018-05-24,24852.5,24880.5,24603.5,24834
2018-05-25,24835,24917.5,24687,24737.5
2018-05-28,24840,24852.5,24717.5,24780
2018-05-29,24779.5,24785,24249,24343.5
2018-05-30,24343,24716.5,24333,24639
2018-05-31,24638.5,24707.5,24351,24446
2018-06-01,24446,24678.5,24427.5,24625.5
2018-06-04,24632.5,24862.5,24625.5,24807.5
2018-06-05,24807.5,24860.5,24711.5,24827.5
2018-06-06,24827,25155.5,24821.5,25132.5
2018-06-07,25131.5,25324,25124,25276
2018-06-08,25276,25328,25077.5,25309.5
2018-06-11,25286,25406.5,25285,25357
2018-06-12,25356.5,25393,25245.5,25335.5
2018-06-13,25335,25366.5,25185,25203.5
2018-06-14,25203.5,25332.5,25128,25178
2018-06-15,25178,25180,24886.5,25090.5
2018-06-18,25089,25091.5,24821.5,24862
2018-06-19,24862,24881.5,24558,24741.5
2018-06-20,24741,24854,24628.5,24695
2018-06-21,24694.5,24792.5,24407.5,24490
2018-06-22,24489,24665,24484,24603.5
2018-06-25,24613.5,24614,24084,24273
2018-06-26,24274,24384.5,24225,24312.5
2018-06-27,24312.5,24573.5,24089,24180
2018-06-28,24180,24310.5,23994.5,24278
2018-06-29,24278,24511.5,24224.5,24297.5
2018-07-02,24286.5,24341,24043,24321
2018-07-03,24321,24467,24148.5,24181
2018-07-04,24177.5,24274.5,24168.5,24208.5
2018-07-05,24208,24377.5,24131,24304.5
2018-07-06,24303.5,24522.5,24255.5,24466.5
2018-07-09,24520,24848,24512,24839
2018-07-10,24839,24946.5,24696,24713.5
2018-07-11,24713,24816.5,24621,24736.5
2018-07-12,24737.5,24970.5,24722.5,24962.5
2018-07-13,24963.5,25043,24885,25021
2018-07-16,25079,25108,24980.5,25075
2018-07-17,25076.5,25162.5,24990,25152
2018-07-18,25152.5,25215.5,25098.5,25192.5
2018-07-19,25193,25215.5,25048.5,25079
2018-07-20,25078.5,25126.5,24929,25044
2018-07-23,25067,25108.5,24979.5,25104
2018-07-24,25104,25287,25058.5,25233.5
2018-07-25,25231,25491,25110.5,25450
2018-07-26,25449.5,25590.5,25423.5,25549
2018-07-27,25549,25592,25369.5,25433
2018-07-30,25428,25497.5,25289,25333
2018-07-31,25333,25499.5,25296.5,25417
2018-08-01,25417,25484.5,25279.5,25347
2018-08-02,25346.5,25363,25115,25349
2018-08-03,25349,25470.5,25292.5,25448
2018-08-06,25455,25543,25377.5,25509
2018-08-07,25508.5,25693.5,25501,25637.5
2018-08-08,25637.5,25667.5,25518.5,25545
2018-08-09,25544,25616.5,25471.5,25490.5
2018-08-10,25490.5,25494,25222.5,25341
2018-08-13,25284.5,25380.5,25153,25234.5
2018-08-14,25234,25343,25205.5,25317
2018-08-15,25317.5,25326.5,24967.5,25174
2018-08-16,25174.5,25608.5,25147.5,25585
2018-08-17,25584.5,25727.5,25504,25672.5
2018-08-20,25688.5,25792.5,25662.5,25745
2018-08-21,25745,25889.5,25683,25688
2018-08-22,25688.5,25838.5,25680.5,25731
2018-08-23,25731,25764.5,25607,25662
2018-08-24,25662,25828.5,25653.5,25794.5
2018-08-27,25862.5,26100,25851,26100
2018-08-28,26100,26151,26039.5,26097.5
2018-08-29,26097,26168.5,26034.5,26127
2018-08-30,26126.5,26140.5,25936.5,25953
2018-08-31,25953,26030.5,25879.5,26001.5
2018-09-03,25995,26063,25944.5,25998
2018-09-04,25998,26052,25803,25963
2018-09-05,25963,26012.5,25827,25940
2018-09-06,25940,26076,25877.5,25985.5
2018-09-07,25985,26019.5,25814.5,25944.5
2018-09-10,25949.5,26043.5,25858.5,25888.5
2018-09-11,25888.5,26021.5,25750,26001.5
2018-09-12,26002,26149.5,25926,25996
2018-09-13,25996,26190.5,25970,26152.5
2018-09-14,26154.5,26227.5,26070.5,26153.5
2018-09-17,26107,26186,25959.5,25961.5
2018-09-18,25962,26320.5,25957,26277
2018-09-19,26275,26465.5,26229,26454
2018-09-20,26453.5,26717.5,26420,26714
2018-09-21,26715,26784.5,26680.5,26725.5
2018-09-24,26666,26707,26545,26582.5
2018-09-25,26582.5,26672,26477.5,26519.5
2018-09-26,26520,26606.5,26350.5,26420
2018-09-27,26420,26562.5,26338,26478
2018-09-28,26478,26517.5,26333,26478
2018-10-01,26582.5,26738.5,26567.5,26661.5
2018-10-02,26661.5,26828.5,26540.5,26787.5
2018-10-03,26788,26953.5,26767.5,26796.5
2018-10-04,26796.5,26801,26471.5,26659
2018-10-05,26659,26726,26302.5,26484.5
2018-10-08,26464,26541,26218.5,26503.5
2018-10-09,26502.5,26551,26327,26482.5
2018-10-10,26482.5,26509.5,25414.5,25450
2018-10-11,25448.5,25670.5,24897,25296
2018-10-12,25288.5,25550.5,25005.5,25330
2018-10-15,25330.5,25486,25122,25262.5
2018-10-16,25262.5,25819.5,25229.5,25785
2018-10-17,25785,25863,25481.5,25680.5
2018-10-18,25681,25732,25237.5,25386
2018-10-19,25386,25609.5,25350.5,25441.5
2018-10-22,25363,25577,25233,25277
2018-10-23,25277,25308,24768,25261
2018-10-24,25261,25357,24533.5,24648.5
2018-10-25,24648.5,25106.5,24631,24804.5
2018-10-26,24804.5,24914,24443.5,24779
2018-10-29,24820,25035.5,24122,24438
2018-10-30,24438,24932,24366.5,24906.5
2018-10-31,24906.5,25340.5,24859.5,25152.5
2018-11-01,25152.5,25401.5,25095,25335
2018-11-02,25337.5,25723,25077,25282.5
2018-11-05,25199.5,25510,25171.5,25492.5
2018-11-06,25492.5,25703,25410,25644.5
2018-11-07,25642.5,26233,25579,26175
2018-11-08,26175,26278.5,26079.5,26191
2018-11-09,26192.5,26243.5,25883.5,25982.5
2018-11-12,25973.5,26107.5,25342.5,25391.5
2018-11-13,25389.5,25576,25195.5,25418.5
2018-11-14,25418.5,25500,24934.5,25034
2018-11-15,25034,25354.5,24783.5,25262.5
2018-11-16,25262.5,25513.5,25105,25454
2018-11-19,25395,25498.5,24900,25001.5
2018-11-20,25001,25033,24371,24425.5
2018-11-21,24425,24669,24422.5,24507.5
2018-11-22,24507,24550,24301.5,24411
2018-11-23,24411,24437.5,24260,24270.5
2018-11-26,24343.5,24672.5,24317.5,24529.5
2018-11-27,24529.5,24796.5,24414,24769
2018-11-28,24769,25370,24733.5,25326.5
2018-11-29,25327,25482,25204.5,25351.5
2018-11-30,25350,25580,25207,25575
2018-12-03,25977.5,26074,25671,25784.5
2018-12-04,25785,25795.5,24997.5,25088
2018-12-05,25088,25178.5,24556,24844
2018-12-06,24842.5,24970,24246.5,24924
2018-12-07,24922,25091,24281.5,24401
2018-12-10,24186.5,24502,23879.5,24419.5
2018-12-11,24420,24808,24219,24380.5
2018-12-12,24380,24831,24341,24606
2018-12-13,24605.5,24741,24473.5,24569.5
2018-12-14,24573,24598,24033,24101
2018-12-17,24129,24217.5,23457,23757.5
2018-12-18,23758,23930,23519,23653
2018-12-19,23654,24068.5,23163.5,23369.5
2018-12-20,23370,23440,22640,22985.5
2018-12-21,22985,23253,22377,22398.5
2018-12-24,22428.5,22578.5,21686.5,21704.5
2018-12-25,21743.5,21774,21463,21719
2018-12-26,21719.5,22980,21544,22835
2018-12-27,22838.5,23219.5,22263,23066
2018-12-28,23066.5,23393,22979.5,23059.5
2018-12-31,23198,23373,23114.5,23324
2019-01-01,23330,23441,23314.5,23396.5
2019-01-02,23397,23428,22814,22981.5
2019-01-03,22982,23140.5,22639,22697.5
2019-01-04,22697.5,23525.5,22589,23409
2019-01-07,23503,23689.5,23297.5,23545.5
2019-01-08,23546,23869,23546,23816.5
2019-01-09,23817,23988,23775.5,23832
2019-01-10,23832.5,24026,23664,23959.5
2019-01-11,23960,24020,23798.5,23982
2019-01-14,23880.5,23967.5,23727.5,23917
2019-01-15,23918,24100.5,23857,24069.5
2019-01-16,24069,24289.5,23990,24165
2019-01-17,24165.5,24482,24038.5,24341
2019-01-18,24340.5,24752.5,24332,24707.5
2019-01-21,24676.5,24684,24548.5,24632
2019-01-22,24631.5,24665.5,24244.5,24413
2019-01-23,24413,24698,24306.5,24535
2019-01-24,24534.5,24637,24422,24532.5
2019-01-25,24533,24865.5,24512.5,24730.5
2019-01-28,24697,24722.5,24323.5,24453.5
2019-01-29,24454,24701,24391,24649
2019-01-30,24650,25111.5,24582.5,25024
2019-01-31,25024.5,25089,24836,25045
2019-02-01,25045.5,25189.5,24985,25050.5
2019-02-04,25034.5,25251.5,24977.5,25220
2019-02-05,25220.5,25428,25196.5,25378.5
2019-02-06,25377.5,25441.5,25311,25356
2019-02-07,25356,25363.5,25000,25089
2019-02-08,25089.5,25121.5,24885.5,25103.5
2019-02-11,25094.5,25243,25005.5,25056.5
2019-02-12,25056.5,25462.5,25049.5,25454
2019-02-13,25454.5,25627.5,25448,25500
2019-02-14,25500,25618.5,25302.5,25422.5
2019-02-15,25422.5,25900.5,25278.5,25892
2019-02-18,25924,25940,25851.5,25887
2019-02-19,25886,25965,25793.5,25885
2019-02-20,25884.5,25988.5,25829,25961
2019-02-21,25960.5,26090,25763.5,25850
2019-02-22,25849.5,26054.5,25816.5,26017.5
2019-02-25,26106,26244,26047.5,26087.5
2019-02-26,26086.5,26155.5,25961,26020
2019-02-27,26020.5,26057.5,25875,26011
2019-02-28,26010.5,26027,25873.5,25917
2019-03-01,25916.5,26143.5,25911.5,26037
2019-03-04,26154,26169.5,25610.5,25809
2019-03-05,25808.5,25896.5,25727.5,25787.5
2019-03-06,25786.5,25838.5,25633,25648
2019-03-07,25648,25715,25349,25487
2019-03-08,25487,25508.5,25218.5,25504
2019-03-11,25430,25760.5,25221.5,25740
2019-03-12,25739.5,25767.5,25519.5,25553
2019-03-13,25552.5,25779.5,25461,25732
2019-03-14,25732.5,25788,25612,25725.5
2019-03-15,25727,25929.5,25648,25869
2019-03-18,25837.5,25955,25779,25941.5
2019-03-19,25940.5,26114.5,25814.5,25861
2019-03-20,25861.5,25934,25661,25722.5
2019-03-21,25722,26013.5,25577.5,25983.5
2019-03-22,25983,26008.5,25504.5,25545.5
2019-03-25,25561.5,25607.5,25354.5,25580
2019-03-26,25579.5,25797.5,25545.5,25629
2019-03-27,25628.5,25758.5,25420.5,25610.5
2019-03-28,25610.5,25807,25509,25791.5
2019-03-29,25792,25947.5,25734,25938
2019-04-01,26065.5,26281.5,26060.5,26269.5
2019-04-02,26270.5,26271.5,26124.5,26148
2019-04-03,26147.5,26310,26132,26255
2019-04-04,26255.5,26400.5,26188,26360
2019-04-05,26359.5,26499,26356,26390
2019-04-08,26389.5,26389.5,26240,26317.5
2019-04-09,26317,26341.5,26097,26137
2019-04-10,26137.5,26225.5,26099.5,26184
2019-04-11,26183.5,26223.5,26062,26174
2019-04-12,26175,26441,26146,26408.5
2019-04-15,26416.5,26474,26315.5,26383.5
2019-04-16,26382,26555,26379.5,26427.5
2019-04-17,26427,26516.5,26383.5,26453.5
2019-04-18,26454,26604.5,26311.5,26576.5
2019-04-22,26607,26635,26453.5,26514
2019-04-23,26514.5,26696.5,26469,26670
2019-04-24,26669.5,26702,26532,26564.5
2019-04-25,26564,26587,26308.5,26432
2019-04-26,26431.5,26544.5,26364,26536.5
2019-04-29,26526.5,26603.5,26501,26565
2019-04-30,26565.5,26670,26419.5,26669.5
2019-05-01,26670,26712.5,26354.5,26390
2019-05-02,26390,26483.5,26178,26307
2019-05-03,26306.5,26538.5,26277,26527
2019-05-06,26060,26479,25959.5,26314
2019-05-07,26314.5,26425.5,25788.5,25960.5
2019-05-08,25960,26119.5,25837,25978
2019-05-09,25978.5,25997,25514.5,25850
2019-05-10,25850,26022,25470,25969
2019-05-13,25726,25757,25226.5,25256
2019-05-14,25256.5,25690.5,25253,25600
2019-05-15,25599.5,25727.5,25336.5,25650.5
2019-05-16,25650,25958,25555,25892.5
2019-05-17,25893,25951.5,25629.5,25786.5
2019-05-20,25866.5,25905,25559.5,25749.5
2019-05-21,25749.5,25900,25718,25889
2019-05-22,25888.5,25910,25730.5,25742.5
2019-05-23,25743,25752,25328.5,25493
2019-05-24,25494.5,25664,25493,25624
2019-05-27,25627.5,25697.5,25586.5,25656
2019-05-28,25656.5,25718.5,25337,25364.5
2019-05-29,25363.5,25371.5,24936.5,25112.5
2019-05-30,25113,25219.5,24955,24968.5
2019-05-31,24970.5,25051.5,24784,24801.5
2019-06-03,24642.5,24933.5,24605,24882
2019-06-04,24882,25414,24824,25398.5
2019-06-05,25398,25552,25335,25512
2019-06-06,25512,25802.5,25503,25725.5
2019-06-07,25726,26076,25702.5,25998
2019-06-10,26099.5,26215.5,26038.5,26061.5
2019-06-11,26060.5,26249.5,25999,26041.5
2019-06-12,26042.5,26088.5,25953,26037.5
2019-06-13,26038,26143,25883,26094.5
2019-06-14,26095,26164.5,25993.5,26111.5
2019-06-17,26155,26201,26046.5,26118.5
2019-06-18,26120,26530.5,26058,26503
2019-06-19,26502.5,26604.5,26414.5,26585.5
2019-06-20,26585,26801.5,26539,26756
2019-06-21,26756,26911.5,26675,26685.5
2019-06-24,26721,26804.5,26712.5,26757.5
2019-06-25,26758,26814.5,26497,26526.5
2019-06-26,26525.5,26691,26497.5,26528
2019-06-27,26528.5,26654.5,26435,26603
2019-06-28,26605,26671.5,26518.5,26667
2019-07-01,26809,26894,26615.5,26677
2019-07-02,26676,26812.5,26634,26786.5
2019-07-03,26786.5,27001,26749.5,26971
2019-07-04,26971,27004,26945,26991.5
2019-07-05,26992,27006,26730.5,26890
2019-07-08,26870.5,26876.5,26747.5,26771
2019-07-09,26771.5,26810.5,26658.5,26780
2019-07-10,26781,26985,26692,26873
2019-07-11,26872,27109,26864,27107.5
2019-07-12,27108,27337,27104,27311
2019-07-15,27299,27404.5,27271,27370.5
2019-07-16,27370,27404,27289.5,27337
2019-07-17,27337.5,27385,27163.5,27182.5
2019-07-18,27182,27349,27069.5,27272.5
2019-07-19,27272.5,27342.5,27135.5,27141.5
2019-07-22,27162,27223.5,27091.5,27190.5
2019-07-23,27191.5,27371.5,27172,27344.5
2019-07-24,27345.5,27360.5,27189.5,27277.5
2019-07-25,27277.5,27365,27062.5,27140
2019-07-26,27140.5,27214.5,27124.5,27171
2019-07-29,27172,27278.5,27134.5,27252
2019-07-30,27251.5,27274.5,27065.5,27235.5
2019-07-31,27236,27283,26721.5,26810.5
2019-08-01,26812,27179.5,26491.5,26537.5
2019-08-02,26537.5,26694.5,26247.5,26482.5
2019-08-05,26444.5,26499.5,25076,25138.5
2019-08-06,25140,26046.5,25123,25900.5
2019-08-07,25901,26085,25441.5,25908
2019-08-08,25908.5,26398,25870,26364
2019-08-09,26369,26418.5,26098.5,26279
2019-08-12,26231,26371.5,25821.5,25953
2019-08-13,25953,26427,25768,26339.5
2019-08-14,26339.5,26370,25392,25513
2019-08-15,25512.5,25715,25235.5,25622
2019-08-16,25621.5,25931.5,25583.5,25917.5
2019-08-19,26050,26239.5,26005.5,26084
2019-08-20,26084,26201.5,25889,25927.5
2019-08-21,25928,26325.5,25927.5,26288
2019-08-22,26288,26382.5,26098,26236.5
2019-08-23,26237,26358.5,25508,25690
2019-08-26,25402.5,25992,25392,25874.5
2019-08-27,25874,26075.5,25723.5,25839
2019-08-28,25839,26055.5,25632,26003
2019-08-29,26002.5,26408.5,25931.5,26349
2019-08-30,26349.5,26554,26295,26371
2019-09-02,26273.5,26368,26109.5,26197
2019-09-03,26198,26300,25974.5,26087.5
2019-09-04,26088.5,26382.5,26085,26371
2019-09-05,26371,26836.5,26363.5,26755
2019-09-06,26755.5,26863,26708.5,26804.5
2019-09-09,26805,26904.5,26764,26871.5
2019-09-10,26871,26903.5,26716.5,26882
2019-09-11,26881.5,27317,26842.5,27309
2019-09-12,27309,27316,27106.5,27210
2019-09-13,27213.5,27307,27178,27207.5
2019-09-16,27067.5,27165.5,27001,27097
2019-09-17,27097.5,27120,26980,27099
2019-09-18,27099.5,27178,26900.5,27128.5
2019-09-19,27129,27269.5,26993.5,27112
2019-09-20,27112.5,27190.5,26904,26910
2019-09-23,27022.5,27123.5,26821,27080
2019-09-24,27081,27102.5,26705.5,26897
2019-09-25,26897.5,27028.5,26735,26982
2019-09-26,26981.5,27063.5,26805,26894.5
2019-09-27,26894,27014.5,26715.5,26824
2019-09-30,26886,27009.5,26832.5,26976
2019-10-01,26975,27073,26552.5,26625
2019-10-02,26625,26655,25969.5,26072
2019-10-03,26072,26226.5,25740.5,26183.5
2019-10-04,26182.5,26592.5,26104,26557.5
2019-10-07,26473.5,26658,26422,26476
2019-10-08,26476,26594.5,26127.5,26166
2019-10-09,26166,26441.5,26027,26190.5
2019-10-10,26190.5,26680.5,26092.5,26585
2019-10-11,26584,27015.5,26545,26816.5
2019-10-14,26935,26938,26680.5,26849.5
2019-10-15,26847.5,27125.5,26805.5,27023.5
2019-10-16,27023,27060.5,26931.5,26937.5
2019-10-17,26937.5,27127.5,26917.5,27025
2019-10-18,27025,27064,26765.5,26792
2019-10-21,26824,26877,26745.5,26823
2019-10-22,26823,26946.5,26774,26779
2019-10-23,26779,26900,26633,26854
2019-10-24,26854,26918,26714.5,26800.5
2019-10-25,26797.5,27019.5,26763,26952.5
2019-10-28,26996,27170,26986.5,27111
2019-10-29,27111,27161.5,27020,27100
2019-10-30,27100,27238.5,26996.5,27213.5
2019-10-31,27214.5,27235,26913.5,27042.5
2019-11-01,27044,27344.5,27039.5,27325
2019-11-04,27368,27535,27357.5,27513
2019-11-05,27512,27560.5,27452.5,27495
2019-11-06,27495,27537,27409.5,27456.5
2019-11-07,27456.5,27776.5,27428,27716
2019-11-08,27719,27746.5,27575.5,27664.5
2019-11-11,27659.5,27714.5,27506,27677
2019-11-12,27678,27772.5,27637.5,27677.5
2019-11-13,27677.5,27808.5,27564,27791
2019-11-14,27790.5,27827.5,27674,27793
2019-11-15,27792.5,28001.5,27781,27980.5
2019-11-18,27966,28091,27959,28026.5
2019-11-19,28026.5,28162,27864,27870.5
2019-11-20,27870,27910,27676,27767.5
2019-11-21,27768.5,27868.5,27677.5,27756.5
2019-11-22,27758,27897,27748.5,27890.5
2019-11-25,27952,28068.5,27943,28068
2019-11-26,28068,28174.5,28025,28139
2019-11-27,28139,28194,28079.5,28103
2019-11-28,28102.5,28147.5,28072.5,28124.5
2019-11-29,28122.5,28127.5,28049,28072
2019-12-02,28115.5,28204,27749.5,27777.5
2019-12-03,27777,27856.5,27323.5,27513
2019-12-04,27513,27730.5,27401.5,27634.5
2019-12-05,27634.5,27775,27559.5,27686
2019-12-06,27687.5,28037,27685.5,28013.5
2019-12-09,28015.5,28016,27878.5,27902.5
2019-12-10,27902,27950,27716,27894.5
2019-12-11,27894,27973,27796.5,27940
2019-12-12,27940,28257,27851,28241
2019-12-13,28239,28287.5,28028.5,28156.5
2019-12-16,28163,28340.5,28148.5,28206
2019-12-17,28206.5,28329.5,28166,28261.5
2019-12-18,28261.5,28318.5,28233,28263.5
2019-12-19,28263.5,28399,28237.5,28396.5
2019-12-20,28395,28520.5,28364.5,28474.5
2019-12-23,28499.5,28582,28472.5,28570.5
2019-12-24,28570,28592,28503.5,28513.5
2019-12-25,28527.5,28533,28516.5,28522.5
2019-12-26,28522.5,28637.5,28518,28630
2019-12-27,28630,28735,28610.5,28621.5
2019-12-30,28655.5,28673,28425,28489
2019-12-31,28489,28572.5,28368.5,28569.5
2020-01-01,28577,28613,28561.5,28591
2020-01-02,28590.5,28918,28582,28902
2020-01-03,28901.5,28923.5,28463.5,28636
2020-01-06,28534.5,28735,28386,28659
2020-01-07,28659,28771.5,28246,28304
2020-01-08,28303.5,28867.5,28124,28810.5
2020-01-09,28810.5,28991,28777,28982.5
2020-01-10,28982.5,29059.5,28788,28813.5
2020-01-13,28845.5,28953.5,28814.5,28950
2020-01-14,28949,29054.5,28776,28894
2020-01-15,28894,29131.5,28880.5,29095
2020-01-16,29095,29358,29073.5,29329
2020-01-17,29328.5,29404,29293.5,29314.5
2020-01-20,29345,29357,29267,29319
2020-01-21,29319,29338.5,29149.5,29213.5
2020-01-22,29213.5,29349.5,29115,29123
2020-01-23,29123.5,29228,28963.5,29208.5
2020-01-24,29209,29285.5,28842.5,28979
2020-01-27,28696,28778.5,28452.5,28593.5
2020-01-28,28593.5,28825.5,28552.5,28734.5
2020-01-29,28734.5,28934.5,28710.5,28768
2020-01-30,28768,28897.5,28483.5,28856
2020-01-31,28856,28936.5,28162.5,28296
2020-02-03,28317.5,28633.5,28295,28397
2020-02-04,28397,28906,28388.5,28796.5
2020-02-05,28795,29337,28753.5,29293
2020-02-06,29292,29533,29247,29406.5
2020-02-07,29407.5,29414.5,29057.5,29097.5
2020-02-10,28963.5,29295.5,28959.5,29279.5
2020-02-11,29279.5,29441,29211.5,29306
2020-02-12,29306,29576.5,29258.5,29441.5
2020-02-13,29444,29536.5,29267,29416
2020-02-14,29416.5,29537.5,29282.5,29413
2020-02-17,29462,29492.5,29341.5,29368.5
2020-02-18,29368,29371,29115.5,29303
2020-02-19,29304,29411.5,29251.5,29397
2020-02-20,29397.5,29449.5,28949.5,29082
2020-02-21,29081.5,29172,28890.5,29006.5
2020-02-24,28658.5,28685.5,27878,28075
2020-02-25,28078.5,28251.5,26996.5,27287.5
2020-02-26,27288,27541.5,26714,26877.5
2020-02-27,26876.5,26910.5,25394,25655
2020-02-28,25655,25779.5,24686.5,25547.5
2020-03-02,25104,26727,25020.5,26669.5
2020-03-03,26669,27077.5,25706,25843
2020-03-04,25842,27096,25830.5,26931
2020-03-05,26931.5,26935,25943,26210.5
2020-03-06,26210.5,26308.5,25219.5,25820.5
2020-03-09,24698.5,24809.5,23466,24346
2020-03-10,24349.5,25058,23685,24567.5
2020-03-11,24571.5,24700,23324,23531.5
2020-03-12,23531.5,23608.5,20633.5,20845
2020-03-13,20845,23176,20410.5,23059
2020-03-16,20596.5,21796,20086,20694
2020-03-17,20694,21379,19883.5,20401.5
2020-03-18,20401.5,20718.5,18905.5,20373.5
2020-03-19,20373.5,20487.5,18979.5,19777.5
2020-03-20,19777.5,21025.5,19101,19168
2020-03-23,18332.5,19932.5,18182,18875
2020-03-24,18875,21079.5,18777,20646.5
2020-03-25,20646.5,22030,20419.5,21247
2020-03-26,21246.5,22665.5,20658.5,22645
2020-03-27,22646,22670,21462,21603.5
2020-03-30,21292,22405,21231.5,22357.5
2020-03-31,22357.5,22541,21627.5,21645
2020-04-01,21644.5,21719,20790.5,21087
2020-04-02,21088.5,21502.5,20635.5,21295.5
2020-04-03,21294.5,21459.5,20871.5,21076
2020-04-06,21366.5,22787,21356,22756
2020-04-07,22754.5,23599,22429,22657
2020-04-08,22654.5,23546,22374.5,23519
2020-04-09,23518.5,24015,23145,23742.5
2020-04-13,23452.5,23734.5,23095,23507
2020-04-14,23507,24078,23378,23964.5
2020-04-15,23964.5,23967,23236,23347.5
2020-04-16,23347.5,24452.5,23213.5,24290.5
2020-04-17,24291,24434.5,23821.5,24278.5
2020-04-20,24105,24325,23567.5,23686
2020-04-21,23686,23806.5,22942.5,23140
2020-04-22,23140.5,23622,22939,23402.5
2020-04-23,23403,23886.5,23349,23396
2020-04-24,23397,23828,23271,23768.5
2020-04-27,23721,24214,23677.5,24121
2020-04-28,24121,24549.5,23995,24167
2020-04-29,24167.5,24795.5,24159,24702.5
2020-04-30,24701,24906,23980,24148.5
2020-05-01,24148.5,24194,23645.5,23734
2020-05-04,23385.5,23772,23327.5,23758.5
2020-05-05,23758.5,24172.5,23758,23934.5
2020-05-06,23935.5,24109,23528,23602
2020-05-07,23602,24096.5,23602,24040.5
2020-05-08,24041,24387,24039,24375.5
2020-05-11,24477.5,24564,24067,24174.5
2020-05-12,24174.5,24382,23480,23503
2020-05-13,23501.5,23867,23068,23303.5
2020-05-14,23303.5,23706.5,22788,23701
2020-05-15,23701,23762,23328.5,23605
2020-05-18,23790.5,24712.5,23763.5,24630.5
2020-05-19,24630,24838.5,24151,24282
2020-05-20,24283.5,24652.5,24280,24547.5
2020-05-21,24548.5,24721,24361,24542.5
2020-05-22,24543.5,24564.5,24161.5,24483
2020-05-25,24599.5,24790,24488.5,24701
2020-05-26,24701,25178,24681,25027
2020-05-27,25027.5,25704.5,24969.5,25704
2020-05-28,25701,25846,25358.5,25369.5
2020-05-29,25369.5,25511,25026,25505
2020-06-01,25274.5,25548,25220.5,25358
2020-06-02,25358,25839,25341.5,25832
2020-06-03,25832.5,26366,25785.5,26335.5
2020-06-04,26335.5,26387,26077.5,26256.5
2020-06-05,26256.5,27343,26233.5,27086.5
2020-06-08,27280,27590,27048,27553
2020-06-09,27552.5,27638,27141,27364
2020-06-10,27363,27498,26730,26757
2020-06-11,26758,26892.5,25079.5,25373
2020-06-12,25381.5,25963,25076.5,25553
2020-06-15,25225,26072.5,24563.5,26065.5
2020-06-16,26064.5,26800,25799,26393
2020-06-17,26393,26637,26003,26013.5
2020-06-18,26018.5,26284.5,25755.5,26210.5
2020-06-19,26211.5,26452,25644.5,25665
2020-06-22,25593.5,26235,25546.5,26198.5
2020-06-23,26200,26425.5,25647.5,26105
2020-06-24,26105,26256,25294,25431.5
2020-06-25,25434.5,25792,25139,25676
2020-06-26,25676,25785.5,24972,25091
2020-06-29,25017,25740,24962,25685
2020-06-30,25683.5,25907,25436,25741.5
2020-07-01,25741,26025.5,25515,25711
2020-07-02,25706.5,26212.5,25644.5,25869
2020-07-03,25869,26005,25564.5,25753.5
2020-07-06,25952,26366,25947,26343.5
2020-07-07,26343.5,26405.5,25868.5,25949.5
2020-07-08,25948.5,26152.5,25789.5,26119.5
2020-07-09,26123,26146,25520.5,25798
2020-07-10,25799.5,26112.5,25419,26101
2020-07-13,26179.5,26645,26035,26161
2020-07-14,26159.5,26934,25995,26881
2020-07-15,26882,27180,26688,26880.5
2020-07-16,26876,26896,26587.5,26742
2020-07-17,26742,26840,26621.5,26626.5
2020-07-20,26709,26768.5,26445,26728.5
2020-07-21,26730,27029.5,26712.5,26901
2020-07-22,26903.5,27037.5,26640.5,26946
2020-07-23,26947,27166.5,26558.5,26664
2020-07-24,26664,26723.5,26401.5,26431.5
2020-07-27,26413.5,26648,26398,26626.5
2020-07-28,26627,26706.5,26362,26426.5
2020-07-29,26425.5,26606.5,26296,26530.5
2020-07-30,26530.5,26560.5,25987,26513.5
2020-07-31,26511,26535.5,26013.5,26440
2020-08-03,26429.5,26710,26308.5,26679
2020-08-04,26679,26857.5,26551.5,26835.5
2020-08-05,26835.5,27221,26775,27196
2020-08-06,27196,27405.5,27032,27352
2020-08-07,27351.5,27463.5,27201,27427.5
2020-08-10,27408,27804.5,27386.5,27780.5
2020-08-11,27780.5,28156.5,27625.5,27749.5
2020-08-12,27749.5,28047,27702,27960.5
2020-08-13,27959.5,28010,27787,27968.5
2020-08-14,27968.5,27991,27681,27873.5
2020-08-17,27956,28006.5,27815,27898.5
2020-08-18,27898.5,27974.5,27667,27800
2020-08-19,27800,27922,27631,27638
2020-08-20,27638.5,27811.5,27462.5,27805
2020-08-21,27805,27963.5,27531.5,27918
2020-08-24,27959.5,28350.5,27936.5,28348
2020-08-25,28347.5,28534,28094.5,28245.5
2020-08-26,28245,28371.5,28149,28353
2020-08-27,28353.5,28639,28234,28577
2020-08-28,28576.5,28762,28485.5,28648.5
2020-08-31,28776.5,28813.5,28337.5,28445
2020-09-01,28444.5,28712,28285,28709.5
2020-09-02,28709.5,29169,28665,29143
2020-09-03,29142,29199,28071.5,28169.5
2020-09-04,28168.5,28613.5,27661,28099
2020-09-07,28081.5,28384.5,27988,28347.5
2020-09-08,28347.5,28426,27203,27429
2020-09-09,27429,28210.5,27379.5,28056
2020-09-10,28056.5,28174.5,27444,27615
2020-09-11,27615,27834,27447,27620.5
2020-09-14,27812.5,28085,27774,28011.5
2020-09-15,28011.5,28246.5,27928,28007.5
2020-09-16,28006.5,28368.5,27965,28061.5
2020-09-17,28060.5,28069,27544,27916
2020-09-18,27912.5,27973,27487.5,27728.5
2020-09-21,27693,27781,26710.5,27244
2020-09-22,27243.5,27378.5,26989.5,27375.5
2020-09-23,27376,27521.5,26656.5,26715.5
2020-09-24,26716,27102,26540.5,26966.5
2020-09-25,26966.5,27245.5,26556,27178.5
2020-09-28,27252,27726.5,27223,27687
2020-09-29,27686,27743.5,27337.5,27551.5
2020-09-30,27551,28027.5,27165.5,27897
2020-10-01,27898,28084,27666.5,27811.5
2020-10-02,27809.5,27863,27249.5,27690
2020-10-05,27879,28163,27784,28118
2020-10-06,28118.5,28356,27664,27765.5
2020-10-07,27765.5,28372,27742.5,28348.5
2020-10-08,28347.5,28582,28264,28562.5
2020-10-09,28562,28676.5,28437.5,28638.5
2020-10-12,28598.5,28960,28549,28900
2020-10-13,28902,28909,28600.5,28736
2020-10-14,28736,28841,28456.5,28550.5
2020-10-15,28551,28578.5,28153.5,28549
2020-10-16,28548.5,28845.5,28446.5,28519
2020-10-19,28627.5,28785,28138.5,28344
2020-10-20,28341.5,28578.5,28237,28385.5
2020-10-21,28385.5,28489,28005.5,28101.5
2020-10-22,28099.5,28438,28022,28397
2020-10-23,28396.5,28494,28149.5,28292
2020-10-26,28203,28228.5,27365.5,27666.5
2020-10-27,27668.5,27822,27282,27341.5
2020-10-28,27342.5,27358,26501,26681.5
2020-10-29,26679.5,26915,26276.5,26514.5
2020-10-30,26515.5,26631.5,26070,26549
2020-11-02,26385.5,27052.5,26339.5,26999.5
2020-11-03,27000.5,27786.5,26956.5,27682
2020-11-04,27684,28306.5,27023.5,27808.5
2020-11-05,27810.5,28495.5,27773,28349
2020-11-06,28349,28563,28072.5,28346
2020-11-09,28596.5,30095,28562,29177
2020-11-10,29177.5,29506,28871.5,29392
2020-11-11,29392.5,29662,29277,29385.5
2020-11-12,29384.5,29422.5,28901.5,29102
2020-11-13,29101.5,29559.5,28937.5,29481.5
2020-11-16,29687,30076.5,29635.5,29944.5
2020-11-17,29943,29943,29521.5,29815.5
2020-11-18,29815,29961,29421.5,29441
2020-11-19,29441.5,29532.5,29200,29229.5
2020-11-20,29228.5,29494,29183,29194
2020-11-23,29283,29798.5,29269,29747.5
2020-11-24,29746,30118,29725,30106
2020-11-25,30105,30217.5,29808.5,29902.5
2020-11-26,29900.5,29959.5,29766.5,29802
2020-11-27,29803,30020,29738,29936.5
2020-11-30,29927,29931.5,29464.5,29760
2020-12-01,29760,30083,29721,29772
2020-12-02,29772.5,29952.5,29623.5,29892
2020-12-03,29892,30110.5,29773.5,29997
2020-12-04,29997,30229.5,29978.5,30172.5
2020-12-07,30239.5,30242.5,29968.5,30008.5
2020-12-08,30007,30278.5,29866,30207
2020-12-09,30207,30316,29957.5,30097
2020-12-10,30097,30154,29872,30066.5
2020-12-11,30066.5,30093.5,29724,30056
2020-12-14,30188,30327,29854.5,29942
2020-12-15,29941.5,30241,29841,30203
2020-12-16,30202.5,30318.5,30079,30181.5
2020-12-17,30181,30331.5,30149.5,30291.5
2020-12-18,30292,30354.5,30033.5,30255
2020-12-21,30265.5,30313,29422.5,30196.5
2020-12-22,30196,30257.5,29986,30081.5
2020-12-23,30081,30289,29842.5,30183
2020-12-24,30183,30258,30104,30204
2020-12-28,30260.5,30523,30221.5,30473
2020-12-29,30472.5,30607.5,30272.5,30366
2020-12-30,30365,30522.5,30319.5,30453
2020-12-31,30453,30635.5,30339.5,30606.5
2021-01-04,30612.5,30799.5,29875.5,30226
2021-01-05,30224.5,30506.5,30090,30368
2021-01-06,30368,31027,30272.5,30881
2021-01-07,30881,31198,30810,31074
2021-01-08,31074.5,31262,30798,31134
2021-01-11,31029,31097,30745.5,31044
2021-01-12,31044,31123,30888,31099.5
2021-01-13,31099.5,31171.5,30980,31092
2021-01-14,31091,31226,30991,31038.5
2021-01-15,31038.5,31043,30609.5,30763.5
2021-01-18,30766.5,30885.5,30716,30880.5
2021-01-19,30880,31080.5,30863,31018.5
2021-01-20,31016,31241,30880.5,31215
2021-01-21,31214,31292,31122,31150.5
2021-01-22,31150.5,31193,30897.5,31017.5
2021-01-25,31067,31117,30563,30937.5
2021-01-26,30937.5,31119,30770.5,30951
2021-01-27,30951,30968.5,30053,30092
2021-01-28,30091.5,30942,30067,30541
2021-01-29,30541.5,30622.5,29860,29958.5
2021-02-01,29800,30340.5,29800,30255
2021-02-02,30253,30845,30176.5,30734
2021-02-03,30733,30813.5,30518.5,30786.5
2021-02-04,30788,31094.5,30651.5,31080
2021-02-05,31080,31253.5,31032,31187
2021-02-08,31191,31406.5,31159,31374
2021-02-09,31372.5,31435.5,31240,31395
2021-02-10,31395,31547.5,31217,31440
2021-02-11,31439.5,31540.5,31245.5,31453
2021-02-12,31454,31491.5,31292.5,31488
2021-02-15,31507.5,31685.5,31506,31629.5
2021-02-16,31630,31726.5,31441,31492
2021-02-17,31491.5,31653.5,31345,31651.5
2021-02-18,31651,31692,31290.5,31479.5
2021-02-19,31478,31645,31366.5,31479.5
2021-02-22,31513,31650.5,31248.5,31570
2021-02-23,31569.5,31676,31162.5,31533.5
2021-02-24,31532,32081.5,31383.5,32069.5
2021-02-25,32069,32087,31293,31350
2021-02-26,31348.5,31496,30841.5,30900.5
2021-03-01,31127,31669,31113.5,31582
2021-03-02,31581.5,31619.5,31314,31465.5
2021-03-03,31464.5,31645,31152,31152.5
2021-03-04,31152.5,31468.5,30547.5,30865.5
2021-03-05,30864.5,31580.5,30676.5,31518.5
2021-03-08,31665.5,32150.5,31323,31960
2021-03-09,31961,32152,31825,31863.5
2021-03-10,31863.5,32394,31753,32315.5
2021-03-11,32316.5,32662,32277,32533
2021-03-12,32533.5,32828,32398.5,32801.5
2021-03-15,32895,32973,32630,32895
2021-03-16,32894,32978,32778.5,32833
2021-03-17,32833.5,33106,32784.5,33100
2021-03-18,33099.5,33233,32839.5,32901
2021-03-19,32898.5,32987,32519.5,32607.5
2021-03-22,32585.5,32813,32432.5,32798
2021-03-23,32798,32808.5,32355,32425
2021-03-24,32424.5,32788,32356.5,32492
2021-03-25,32491.5,32702.5,32071.5,32661.5
2021-03-26,32661,33109,32617.5,33096
2021-03-29,33006.5,33259,32872.5,33200
2021-03-30,33200.5,33255,32988.5,33076
2021-03-31,33076.5,33175,32996.5,33045
2021-04-01,33044.5,33183.5,32969,33167
2021-04-02,33168,33389.5,33143,33315.5
2021-04-05,33356,33621,33310,33548.5
2021-04-06,33546.5,33550.5,33381.5,33490
2021-04-07,33488,33522.5,33348.5,33489.5
2021-04-08,33491,33579,33338.5,33578
2021-04-09,33578,33807.5,33488.5,33756.5
2021-04-12,33760,33787,33665,33759
2021-04-13,33758.5,33826.5,33545.5,33652
2021-04-14,33651,33911,33635,33780
2021-04-15,33780.5,34073,33775,34046
2021-04-16,34045.5,34254.5,33993,34173
2021-04-19,34098.5,34159,33972,34141.5
2021-04-20,34142,34178.5,33683,33815
2021-04-21,33814.5,34159,33737,34082
2021-04-22,34082.5,34155.5,33719,33826.5
2021-04-23,33826,34160.5,33716.5,34014
2021-04-26,34014,34149.5,33939,34010
2021-04-27,34009.5,34081,33869.5,33914.5
2021-04-28,33914.5,33975,33807.5,33856.5
2021-04-29,33856,34086,33738.5,34032.5
2021-04-30,34033.5,34051,33787,33918
2021-05-03,33984,34221.5,33963.5,34092
2021-05-04,34091.5,34160,33761.5,34147
2021-05-05,34147,34333,34039.5,34236.5
2021-05-06,34235,34559,34183.5,34522.5
2021-05-07,34523,34816,34464,34804.5
2021-05-10,34828,35094,34724,34807
2021-05-11,34807.5,34822,34074.5,34293.5
2021-05-12,34294,34321.5,33556,33677
2021-05-13,33676.5,34179,33291,34062
2021-05-14,34063.5,34458,34043.5,34427
2021-05-17,34397.5,34418.5,34169.5,34415
2021-05-18,34417,34496.5,33949.5,33950.5
2021-05-19,33951,34060.5,33470.5,33796.5
2021-05-20,33796.5,34238,33643,34145
2021-05-21,34145,34420,34078,34248
2021-05-24,34232.5,34474.5,34229.5,34450.5
2021-05-25,34450,34532,34271,34373
2021-05-26,34373,34466.5,34275.5,34320.5
2021-05-27,34318,34637.5,34213.5,34628
2021-05-28,34628,34663,34518.5,34563.5
2021-05-31,34574,34601,34434,34532
2021-06-01,34531.5,34851.5,34501.5,34555
2021-06-02,34556,34708.5,34524.5,34618
2021-06-03,34617.5,34670,34329.5,34558
2021-06-04,34557.5,34773.5,34487.5,34749
2021-06-07,34789.5,34844.5,34576.5,34616.5
2021-06-08,34616,34670.5,34449,34604
2021-06-09,34602.5,34657,34437.5,34478.5
2021-06-10,34478,34745,34402,34463.5
2021-06-11,34463,34625,34324,34456.5
2021-06-14,34495.5,34563.5,34205,34358.5
2021-06-15,34358,34479.5,34200,34289.5
2021-06-16,34289,34330,33909.5,33925.5
2021-06-17,33925.5,34090,33622,33819.5
2021-06-18,33818.5,33877.5,33252,33290
2021-06-21,33256,33950.5,33032,33910
2021-06-22,33910,34045,33743,33983
2021-06-23,33982.5,34082.5,33869.5,33929
2021-06-24,33928,34332,33925,34318.5
2021-06-25,34319,34503.5,34250.5,34471
2021-06-28,34516.5,34520.5,34184.5,34284.5
2021-06-29,34282.5,34481,34233.5,34337
2021-06-30,34336.5,34583.5,34127.5,34574.5
2021-07-01,34574.5,34666.5,34490.5,34618.5
2021-07-02,34617,34824,34606,34762.5
2021-07-05,34752,34855,34697.5,34836.5
2021-07-06,34836,34864.5,34355,34501
2021-07-07,34500,34709,34435,34683
2021-07-08,34683,34696,34114.5,34394.5
2021-07-09,34395.5,34896,34256,34874.5
2021-07-12,34897.5,35022.5,34660.5,35012.5
2021-07-13,35013.5,35036.5,34861,34865.5
2021-07-14,34864,35066,34789,34920.5
2021-07-15,34920.5,34998,34712.5,34922
2021-07-16,34921.5,35096.5,34645.5,34648.5
2021-07-19,34566.5,34578.5,33738.5,34051
2021-07-20,34050.5,34620,33961.5,34596
2021-07-21,34596,34861.5,34479.5,34839
2021-07-22,34839.5,34900.5,34668.5,34871
2021-07-23,34871.5,35101.5,34854.5,35049.5
2021-07-26,35037.5,35166.5,34762,35111
2021-07-27,35110,35123,34874.5,35046.5
2021-07-28,35046,35129,34874,34995
2021-07-29,34995,35168.5,34884.5,35026
2021-07-30,35026,35103.5,34865.5,34971
2021-08-02,35070.5,35191,34809.5,34910.5
2021-08-03,34911.5,35122,34716,35068
2021-08-04,35068,35114,34788.5,34833
2021-08-05,34831.5,35063.5,34781.5,35009.5
2021-08-06,35009,35251,34998,35215.5
2021-08-09,35109.5,35194.5,35044,35099
2021-08-10,35099.5,35284.5,35032,35259
2021-08-11,35259.5,35503,35215.5,35479
2021-08-12,35479,35527,35350.5,35501
2021-08-13,35501,35614.5,35477,35505.5
2021-08-16,35462,35631,35234,35589
2021-08-17,35589,35592,35123.5,35261.5
2021-08-18,35261.5,35364.5,34921,34944.5
2021-08-19,34944.5,35007.5,34566.5,34832.5
2021-08-20,34833,35177.5,34633.5,35092.5
2021-08-23,35121,35425,35118.5,35402
2021-08-24,35402,35456,35345.5,35373
2021-08-25,35373,35503,35284,35431.5
2021-08-26,35431,35496.5,35200,35210.5
2021-08-27,35209,35481.5,35173.5,35439.5
2021-08-30,35494,35513.5,35379.5,35404
2021-08-31,35403,35517.5,35291,35423.5
2021-09-01,35423,35519.5,35287,35310.5
2021-09-02,35309,35477.5,35240.5,35433.5
2021-09-03,35434,35524,35266,35358
2021-09-06,35320,35495,35283,35405
2021-09-07,35405.5,35439,35054,35063
2021-09-08,35062,35180.5,34904.5,34998.5
2021-09-09,34998,35205.5,34792,34873
2021-09-10,34873,35119.5,34604.5,34644.5
2021-09-13,34751,34945,34609.5,34923
2021-09-14,34922.5,35019,34508,34635.5
2021-09-15,34633.5,34887,34502,34848.5
2021-09-16,34847.5,34949,34539,34711.5
2021-09-17,34711.5,34835,34510.5,34548
2021-09-20,34516,34534.5,33615,34057.5
2021-09-21,34057,34373.5,33839.5,33849
2021-09-22,33848.5,34449,33769.5,34339
2021-09-23,34338,34878,34325,34776.5
2021-09-24,34777,34864,34591.5,34819
2021-09-27,34894,35066,34786,34869.5
2021-09-28,34869.5,34984,34254.5,34414.5
2021-09-29,34413.5,34584,34300.5,34483.5
2021-09-30,34481.5,34686.5,33832,33916.5
2021-10-01,33911.5,34493,33532.5,34345
2021-10-04,34400.5,34415.5,33821,34015.5
2021-10-05,34015.5,34497,33819.5,34297.5
2021-10-06,34297.5,34548,33853.5,34497.5
2021-10-07,34495.5,34982.5,34475.5,34846.5
2021-10-08,34847,34875,34656,34734
2021-10-11,34578.5,34956.5,34439.5,34499.5
2021-10-12,34499,34610.5,34251,34310
2021-10-13,34308.5,34467,34110.5,34437.5
2021-10-14,34437,34995.5,34433,34978.5
2021-10-15,34976.5,35323,34918.5,35297
2021-10-18,35263,35349,35033.5,35258.5
2021-10-19,35258.5,35503.5,35202.5,35496.5
2021-10-20,35495.5,35676,35407.5,35551.5
2021-10-21,35550,35662.5,35442.5,35568
2021-10-22,35567.5,35765.5,35533,35649.5
2021-10-25,35600.5,35789,35598.5,35779.5
2021-10-26,35779.5,35894,35735,35788
2021-10-27,35788,35830.5,35499.5,35565
2021-10-28,35564.5,35772,35503.5,35724
2021-10-29,35724,35853.5,35603.5,35843
2021-11-01,35923,36007,35799.5,35896.5
2021-11-02,35898,36089,35813.5,36030.5
2021-11-03,36029.5,36197.5,35891.5,36185
2021-11-04,36185,36188.5,35989,36149
2021-11-05,36148,36495,36070.5,36287.5
2021-11-08,36316,36563,36274.5,36386
2021-11-09,36385.5,36436.5,36174,36261.5
2021-11-10,36260.5,36354,36009.5,36050
2021-11-11,36048.5,36162,35917.5,35977.5
2021-11-12,35977.5,36150,35932,36130
2021-11-15,36135.5,36261,36035.5,36104
2021-11-16,36103.5,36321,36032.5,36176
2021-11-17,36175,36178,35882,35920
2021-11-18,35919.5,36023.5,35655.5,35900.5
2021-11-19,35900.5,36052,35552.5,35621
2021-11-22,35635.5,35931,35584,35667.5
2021-11-23,35667.5,35845,35423,35780.5
2021-11-24,35780,35856.5,35583.5,35850.5
2021-11-25,35850,35957,35666.5,35681.5
2021-11-26,35681.5,35684.5,34715,34716.5
2021-11-29,35080.5,35304,34896.5,35235
2021-11-30,35235,35283.5,34431.5,34543
2021-12-01,34543,35006.5,33952,34166
2021-12-02,34165,34760.5,34081.5,34546
2021-12-03,34545,34808.5,34263.5,34557
2021-12-06,34779.5,35358,34647.5,35259
2021-12-07,35260,35821,35212.5,35744.5
2021-12-08,35744.5,35939.5,35599.5,35738.5
2021-12-09,35738.5,35865.5,35578,35772
2021-12-10,35771.5,35989.5,35712,35979
2021-12-13,36045,36130.5,35612,35699.5
2021-12-14,35699.5,35783,35435.5,35563.5
2021-12-15,35564,36006.5,35380,35977
2021-12-16,35976.5,36214,35770.5,35917
2021-12-17,35917,35983.5,35273.5,35423.5
2021-12-20,35181,35256.5,34665,35080
2021-12-21,35080,35530.5,34977.5,35498.5
2021-12-22,35499,35797,35410,35777.5
2021-12-23,35777,36067.5,35749.5,35964
2021-12-27,35976.5,36323,35879.5,36266
2021-12-28,36265.5,36526.5,36233.5,36437.5
2021-12-29,36438.5,36574.5,36368,36476
2021-12-30,36475.5,36685.5,36374.5,36403
2021-12-31,36402,36487.5,36241.5,36392
2022-01-03,36448.5,36595,36235,36544
2022-01-04,36543.5,36934,36532,36757.5
2022-01-05,36757.5,36957,36371.5,36482
2022-01-06,36481,36541.5,36199,36303
2022-01-07,36303,36387,36111,36229
2022-01-10,36142.5,36294.5,35642.5,36079
2022-01-11,36080,36279,35765.5,36255.5
2022-01-12,36256,36457,36166,36304
2022-01-13,36304.5,36515,36048,36157
2022-01-14,36156,36241.5,35639.5,35945
2022-01-17,35935.5,36008,35832.5,35950.5
2022-01-18,35950.5,35990.5,35264,35365.5
2022-01-19,35365.5,35551.5,34983,34987
2022-01-20,34987,35492,34616,34700
2022-01-21,34700.5,34897.5,34219,34238
2022-01-24,34417.5,34524.5,33146,34386
2022-01-25,34386,34593.5,33538,34351
2022-01-26,34352,34819,33867.5,34308.5
2022-01-27,34308.5,34777.5,33656,34266.5
2022-01-28,34265,34744,33735,34651
2022-01-31,34645.5,35155,34437.5,35064.5
2022-02-01,35064.5,35441,34964,35368
2022-02-02,35367,35693,35293,35583
2022-02-03,35583.5,35621,35068,35289
2022-02-04,35289,35335.5,34792.5,35072
2022-02-07,35135.5,35331.5,34933,35149.5
2022-02-08,35148.5,35548.5,35060.5,35542
2022-02-09,35544,35848.5,35494.5,35813
2022-02-10,35814,35862.5,35103.5,35169.5
2022-02-11,35168.5,35442,34622.5,34769.5
2022-02-14,34809.5,34854,34301,34604
2022-02-15,34604,35055.5,34435.5,34923
2022-02-16,34922,35143,34644.5,34895
2022-02-17,34895.5,34935,34246.5,34337
2022-02-18,34335.5,34571,33971.5,34129
2022-02-21,34002,34422,33480.5,33628.5
2022-02-22,33628,34120,33364,33750.5
2022-02-23,33751,33896.5,33075.5,33124
2022-02-24,33123,33274,32233.5,33084
2022-02-25,33084.5,34100,32829,34045
2022-02-28,33555.5,33983.5,33377.5,33943.5
2022-03-01,33945,34106,33102,33419
2022-03-02,33419.5,34015,33159.5,33849
2022-03-03,33849,34181.5,33638,33882.5
2022-03-04,33881.5,33900.5,33250.5,33566.5
2022-03-07,33304.5,33582,32702,32748
2022-03-08,32750.5,33407.5,32345.5,32685.5
2022-03-09,32684.5,33462.5,32638.5,33269.5
2022-03-10,33270,33304.5,32822.5,33240.5
2022-03-11,33241.5,33708,32914.5,32978.5
2022-03-14,33167.5,33398,32817.5,32980.5
2022-03-15,32980.5,33621.5,32688,33492.5
2022-03-16,33491.5,34133.5,33390.5,34116.5
2022-03-17,34116.5,34499,33869,34321.5
2022-03-18,34325,34762,34212,34747.5
2022-03-21,34717.5,34808.5,34342,34521
2022-03-22,34517,34884,34443.5,34852.5
2022-03-23,34853,34903,34324,34375
2022-03-24,34376.5,34769,34323,34714
2022-03-25,34718,34950.5,34629.5,34853
2022-03-28,34798,34990,34552,34947.5
2022-03-29,34947.5,35386,34934.5,35278.5
2022-03-30,35278.5,35355,35056,35213.5
2022-03-31,35215,35316,34694.5,34816.5
2022-04-01,34815,34907,34539,34754
2022-04-04,34762.5,34950,34615.5,34891
2022-04-05,34890,35109,34564,34673
2022-04-06,34673.5,34704.5,34278.5,34395.5
2022-04-07,34394.5,34708.5,34188.5,34615.5
2022-04-08,34613,34918.5,34464,34729
2022-04-11,34669,34720,34276.5,34318.5
2022-04-12,34317,34676.5,34102.5,34325.5
2022-04-13,34325.5,34603.5,34145.5,34555.5
2022-04-14,34557.5,34887.5,34438,34449.5
2022-04-18,34305.5,34626,34276,34561.5
2022-04-19,34559.5,34991.5,34325,34925
2022-04-20,34924,35324,34823.5,35250
2022-04-21,35250,35496.5,34690.5,34708
2022-04-22,34708,34798.5,33693.5,33723
2022-04-25,33757,34103.5,33316,34025.5
2022-04-26,34025,34123,33186.5,33352
2022-04-27,33353,33704.5,33110,33402.5
2022-04-28,33401.5,34058.5,33251,33790
2022-04-29,33790.5,33990.5,32910,33083
2022-05-02,33027,33240.5,32455,33051
2022-05-03,33051,33346.5,32905,33168
2022-05-04,33168,34119,33021,34002
2022-05-05,34002.5,34108.5,32686,33027.5
2022-05-06,33030.5,33064,32472.5,32802.5
2022-05-09,32593,32710.5,32123.5,32350.5
2022-05-10,32349.5,32749,31889.5,32137.5
2022-05-11,32136,32592,31802.5,31913
2022-05-12,31912.5,31972.5,31227.5,31803.5
2022-05-13,31801,32281.5,31765,32149.5
2022-05-16,32296.5,32517,31938,32243
2022-05-17,32243,32757,32206.5,32647.5
2022-05-18,32649.5,32680.5,31341.5,31343.5
2022-05-19,31343,31569.5,31005,31314.5
2022-05-20,31318.5,31595.5,30635.5,31245.5
2022-05-23,31484.5,31964,31348,31801
2022-05-24,31800,32063.5,31362,32022.5
2022-05-25,32021.5,32258.5,31730.5,32099.5
2022-05-26,32095.5,32780,32043,32624
2022-05-27,32624.5,33250.5,32528,33232.5
2022-05-30,33259.5,33479.5,33189.5,33283.5
2022-05-31,33282.5,33300,32756.5,33166
2022-06-01,33166.5,33276,32583,32732.5
2022-06-02,32734.5,33328,32511.5,33283
2022-06-03,33280.5,33308,32837.5,32939
2022-06-06,32920.5,33242,32817,32917.5
2022-06-07,32917.5,33207,32617,33095
2022-06-08,33095.5,33181.5,32821,32941
2022-06-09,32940.5,33121,32264,32325
2022-06-10,32325.5,32352,31382,31478.5
2022-06-13,31212,31227.5,30381.5,30602.5
2022-06-14,30601.5,30884,30150,30509
2022-06-15,30510,31024.5,30183.5,30873
2022-06-16,30871.5,30953,29740.5,29981
2022-06-17,29981,30222.5,29648.5,29916
2022-06-20,30048.5,30230,29754.5,30168.5
2022-06-21,30168,30658,30134.5,30504
2022-06-22,30505.5,30786,30019,30377.5
2022-06-23,30377,30713.5,30264.5,30585.5
2022-06-24,30586,31523.5,30563,31449
2022-06-27,31379.5,31711,31349,31476
2022-06-28,31476,31885.5,30922.5,30984
2022-06-29,30983.5,31160.5,30881,31002
2022-06-30,30998,31015.5,30424,30791.5
2022-07-01,30791.5,31142.5,30450,31071.5
2022-07-04,30956,31235.5,30835,31197
2022-07-05,31194.5,31227.5,30358,30892
2022-07-06,30893,31229.5,30762.5,31058.5
2022-07-07,31059.5,31424.5,30921,31345
2022-07-08,31345,31513.5,31208,31362.5
2022-07-11,31333.5,31372,31066.5,31220.5
2022-07-12,31221.5,31352,30855,30992.5
2022-07-13,30992.5,31314.5,30503.5,30606.5
2022-07-14,30604,30799,30133,30748
2022-07-15,30745.5,31288.5,30523.5,31259.5
2022-07-18,31328.5,31642.5,30981,31119.5
2022-07-19,31119.5,31851.5,31057.5,31840.5
2022-07-20,31840,32008.5,31646.5,31837
2022-07-21,31833.5,32054,31525,31962.5
2022-07-22,31962,32218.5,31731,31883.5
2022-07-25,31847,32092.5,31801.5,31855.5
2022-07-26,31854.5,31946.5,31696,31867
2022-07-27,31866.5,32343.5,31799.5,32169.5
2022-07-28,32170,32615,31974,32532
2022-07-29,32530,32917.5,32494.5,32847.5
2022-08-01,32728.5,32978.5,32637.5,32763.5
2022-08-02,32763.5,32776.5,32391.5,32451.5
2022-08-03,32451,32915,32385.5,32786.5
2022-08-04,32785,32908.5,32649.5,32744
2022-08-05,32744,32834,32479.5,32763.5
2022-08-08,32722,33112.5,32717,32901
2022-08-09,32898.5,32919.5,32702.5,32810.5
2022-08-10,32809.5,33366,32716.5,33329
2022-08-11,33328.5,33654,33285,33366
2022-08-12,33366.5,33762,33325.5,33725.5
2022-08-15,33663.5,33959,33519.5,33882.5
2022-08-16,33882.5,34289.5,33823,34143
2022-08-17,34141.5,34204.5,33828.5,33946
2022-08-18,33946,34070.5,33839.5,33999
2022-08-19,33998.5,34011.5,33628,33707.5
2022-08-22,33550,33642.5,33006.5,33138.5
2022-08-23,33138.5,33183,32854.5,32898
2022-08-24,32898,33098,32762.5,32954
2022-08-25,32955,33311,32888,33258
2022-08-26,33258.5,33466.5,32247,32282
2022-08-29,31999.5,32327,31951.5,32175.5
2022-08-30,32175,32371,31644,31784.5
2022-08-31,31783.5,31991.5,31389,31429
2022-09-01,31429.5,31698.5,31219.5,31661
2022-09-02,31660,32031,31184,31348.5
2022-09-05,31390,31490,31316.5,31450.5
2022-09-06,31450,31595,31045,31141.5
2022-09-07,31139.5,31648,30977.5,31557
2022-09-08,31557.5,31810.5,31301.5,31781
2022-09-09,31780.5,32230,31775,32141
2022-09-12,32233,32503.5,32140,32412
2022-09-13,32412,32671.5,31019,31161.5
2022-09-14,31160,31281.5,30880.5,31166
2022-09-15,31165.5,31280.5,30762.5,30809.5
2022-09-16,30812.5,30873,30544.5,30860.5
2022-09-19,30864,31120,30493,31120
2022-09-20,31118.5,31159.5,30466.5,30724
2022-09-21,30721.5,31024,30054,30067.5
2022-09-22,30067,30411,29966,30139.5
2022-09-23,30139.5,30168.5,29246,29583
2022-09-26,29568,29666.5,29161,29358.5
2022-09-27,29358.5,29662.5,28956.5,29151
2022-09-28,29151,29818.5,28825,29660
2022-09-29,29660.5,29719,28995.5,29312.5
2022-09-30,29313,29497.5,28716,28820
2022-10-03,28679,29649,28590.5,29561.5
2022-10-04,29561.5,30349,29543.5,30248.5
2022-10-05,30247.5,30458.5,29879,30365.5
2022-10-06,30365,30429,29857,29877
2022-10-07,29877,30061,29144.5,29283
2022-10-10,29180.5,29492.5,29013,29257
2022-10-11,29252.5,29615,28901.5,29264.5
2022-10-12,29265,29484,29133.5,29293
2022-10-13,29292.5,30181,28631,30053
2022-10-14,30050.5,30436,29614,29679.5
2022-10-17,29809,30428,29745.5,30408.5
2022-10-18,30406.5,30840,30338,30704.5
2022-10-19,30700,30785,30223,30411
2022-10-20,30410.5,30820.5,30223.5,30264
2022-10-21,30264,31122.5,30066.5,31081
2022-10-24,31235,31601.5,30883.5,31511.5
2022-10-25,31512,31879.5,31309,31765
2022-10-26,31765,32176.5,31709.5,32005.5
2022-10-27,32002,32385.5,31900.5,31991.5
2022-10-28,31991.5,32909,31853.5,32909
2022-10-31,32856,32888,32590.5,32778
2022-11-01,32777.5,33002,32480.5,32648
2022-11-02,32648,33077.5,32056,32080.5
2022-11-03,32079.5,32247,31711,31940.5
2022-11-04,31941,32608.5,31853.5,32373
2022-11-07,32215,32894,32215,32848.5
2022-11-08,32847,33363,32756,33182.5
2022-11-09,33179,33206,32477,32534
2022-11-10,32533.5,33803,32513.5,33779.5
2022-11-11,33779.5,33971,33393.5,33752
2022-11-14,33690,33968,33536.5,33599.5
2022-11-15,33599.5,34013,33314.5,33553
2022-11-16,33552.5,33707.5,33445.5,33603.5
2022-11-17,33603.5,33691,33148.5,33492
2022-11-18,33492,33813.5,33428.5,33722
2022-11-21,33707,33866.5,33556,33710
2022-11-22,33710.5,34126,33630,34122
2022-11-23,34122,34265.5,34003.5,34249
2022-11-24,34248.5,34291.5,34214,34254
2022-11-25,34253.5,34387,34194.5,34353
2022-11-28,34250.5,34306,33802.5,33854
2022-11-29,33853,33973,33660.5,33790.5
2022-11-30,33790.5,34599.5,33577,34563.5
2022-12-01,34559.5,34660,34121.5,34350
2022-12-02,34348.5,34490.5,33890.5,34383.5
2022-12-05,34396,34414.5,33852,33987
2022-12-06,33986.5,34048.5,33419.5,33624
2022-12-07,33623.5,33777.5,33432,33599
2022-12-08,33600,33895.5,33446.5,33749.5
2022-12-09,33746.5,33929.5,33460,33488.5
2022-12-12,33420.5,33999.5,33410.5,33974
2022-12-13,33974,34943.5,33884,34112
2022-12-14,34111,34401,33688.5,34028.5
2022-12-15,34027.5,34066,33002,33197.5
2022-12-16,33197.5,33263,32649,32855
2022-12-19,32907,33059.5,32577,32805
2022-12-20,32804.5,33002,32473.5,32988.5
2022-12-21,32988,33441.5,32938,33407.5
2022-12-22,33406,33463.5,32579,33034.5
2022-12-23,33034.5,33229.5,32816.5,33178
2022-12-26,33252,33368,33247.5,33357
2022-12-27,33355.5,33432.5,33060.5,33250.5
2022-12-28,33250.5,33385.5,32859,32902
2022-12-29,32903,33298.5,32833,33172.5
2022-12-30,33172,33212,32839.5,33171
2023-01-02,33374,33405.5,33206.5,33225.5
2023-01-03,33225,33494,32843,33124
2023-01-04,33124.5,33417.5,33028.5,33230
2023-01-05,33230,33312,32806.5,32967
2023-01-06,32965,33719.5,32901,33626
2023-01-09,33670.5,33936.5,33486.5,33503
2023-01-10,33502.5,33731,33345,33724
2023-01-11,33723,33986,33688.5,33953
2023-01-12,33952.5,34298.5,33719.5,34209
2023-01-13,34208.5,34356,33883,34296.5
2023-01-16,34294,34382,34195,34293.5
2023-01-17,34292.5,34319,33813,33837
2023-01-18,33836.5,34021.5,33249,33271
2023-01-19,33270.5,33274,32960,33047.5
2023-01-20,33048,33388.5,32939,33368
2023-01-23,33350.5,33787,33311.5,33615
2023-01-24,33614.5,33813.5,33380.5,33660
2023-01-25,33660,33778.5,33269,33768
2023-01-26,33768,33972.5,33630.5,33904.5
2023-01-27,33904,34174,33829.5,33967
2023-01-30,33927.5,34059,33696,33773
2023-01-31,33773.5,34098,33515.5,34039.5
2023-02-01,34040,34352,33574,34095.5
2023-02-02,34094,34157,33809,33983
2023-02-03,33982.5,34185,33782.5,33915.5
2023-02-06,33883,33971.5,33642.5,33931
2023-02-07,33930,34246.5,33627.5,34122
2023-02-08,34122,34179,33894.5,33995
2023-02-09,33994.5,34250.5,33602.5,33705
2023-02-10,33705.5,33902,33517,33875
2023-02-13,33809.5,34265,33739,34233.5
2023-02-14,34234,34517,33818.5,34031.5
2023-02-15,34029.5,34151,33832.5,34109
2023-02-16,34108.5,34184,33618.5,33626.5
2023-02-17,33626,33850,33470,33825.5
2023-02-20,33790.5,33838,33698.5,33735.5
2023-02-21,33735,33737,33114.5,33178.5
2023-02-22,33176.5,33246,32951.5,33089
2023-02-23,33088,33264,32793.5,33106.5
2023-02-24,33107,33176.5,32640.5,32790
2023-02-27,32824.5,33194.5,32781,32913.5
2023-02-28,32913,32995,32571.5,32580.5
2023-03-01,32580.5,32821,32499,32819
2023-03-02,32818.5,33086.5,32610,32962.5
2023-03-03,32962,33411,32933.5,33402.5
2023-03-06,33353.5,33576,33342,33452
2023-03-07,33451,33503,32835,32875
2023-03-08,32874,32923,32611.5,32789.5
2023-03-09,32790.5,32986,32170.5,32194
2023-03-10,32191.5,32417.5,31777.5,31894
2023-03-13,32181.5,32354.5,31519,31865
2023-03-14,31865,32310,31796.5,32128
2023-03-15,32128,32201.5,31425.5,31830.5
2023-03-16,31828.5,32281.5,31563,32228
2023-03-17,32228.5,32339,31724.5,31841.5
2023-03-20,32037,32291,31432.5,32239
2023-03-21,32239,32599.5,32221,32553
2023-03-22,32552,32774.5,32012.5,32089.5
2023-03-23,32085,32519.5,31848,32149.5
2023-03-24,32149.5,32262.5,31734,32255.5
2023-03-27,32409.5,32571.5,32223,32489.5
2023-03-28,32489.5,32587.5,32293,32460
2023-03-29,32460.5,32734,32454,32682
2023-03-30,32682,32935,32674.5,32897
2023-03-31,32896,33291,32820.5,33278.5
2023-04-03,33303.5,33639.5,33253,33586
2023-04-04,33586.5,33694.5,33275.5,33426
2023-04-05,33426,33539.5,33314.5,33466
2023-04-06,33466.5,33542.5,33325,33440.5
2023-04-07,33440,33600.5,33403.5,33551
2023-04-10,33529.5,33619,33333.5,33617
2023-04-11,33617,33787,33558.5,33709
2023-04-12,33708.5,33952,33583,33587
2023-04-13,33587.5,34060.5,33585.5,33981.5
2023-04-14,33980.5,34112,33724.5,33894.5
2023-04-17,33957.5,34000.5,33794.5,33984
2023-04-18,33982.5,34135,33785.5,33934.5
2023-04-19,33934,33962.5,33801.5,33839
2023-04-20,33839.5,33889,33668.5,33742.5
2023-04-21,33740,33866,33681.5,33801
2023-04-24,33771.5,33890,33642.5,33862
2023-04-25,33861,33880.5,33525.5,33595
2023-04-26,33594.5,33644,33232,33344
2023-04-27,33343.5,33865.5,33317,33777
2023-04-28,33776.5,34132,33646.5,34115
2023-05-01,34056.5,34266.5,34000,34014.5
2023-05-02,34014.5,34090,33434,33704
2023-05-03,33704.5,33824,33165.5,33283
2023-05-04,33284,33473.5,32936.5,33176
2023-05-05,33177,33756,33147,33679.5
2023-05-08,33659,33782.5,33506,33598
2023-05-09,33595.5,33654,33467.5,33586.5
2023-05-10,33582.5,33786,33235,33544.5
2023-05-11,33545.5,33614,33116,33316.5
2023-05-12,33314.5,33485,33110,33264
2023-05-15,33260.5,33451.5,33162.5,33317
2023-05-16,33316.5,33342,32986.5,33040.5
2023-05-17,33041,33480,33000,33371.5
2023-05-18,33371,33622.5,33212,33563
2023-05-19,33563.5,33663,33327.5,33409.5
2023-05-22,33396.5,33515,33201.5,33373
2023-05-23,33371.5,33406,33006,33109.5
2023-05-24,33108.5,33122,32640,32742
2023-05-25,32744,32874.5,32580.5,32715.5
2023-05-26,32717,33167.5,32686.5,33123
2023-05-29,33205,33233.5,33122,33128.5
2023-05-30,33127,33191.5,32889.5,33007.5
2023-05-31,33007,33014,32733.5,32911.5
2023-06-01,32911.5,33170,32683.5,33079
2023-06-02,33078,33809,33067,33763
2023-06-05,33781,33831,33523.5,33539.5
2023-06-06,33540,33635,33406.5,33585
2023-06-07,33584.5,33711.5,33501,33660.5
2023-06-08,33660,33879.5,33597.5,33793.5
2023-06-09,33793.5,33980.5,33713.5,33890.5
2023-06-12,33906,34087,33873.5,34060
2023-06-13,34061.5,34316.5,34022.5,34128
2023-06-14,34127.5,34197.5,33772.5,33949.5
2023-06-15,33950,34497,33842,34376.5
2023-06-16,34377,34579.5,34282.5,34322.5
2023-06-19,34289,34311,34170,34204.5
2023-06-20,34204.5,34229,33909.5,34073
2023-06-21,34072.5,34101.5,33871,33969.5
2023-06-22,33969.5,34000.5,33815.5,33958.5
2023-06-23,33958.5,33964,33623.5,33716
2023-06-26,33782.5,33822.5,33608,33772.5
2023-06-27,33773.5,33982,33652.5,33920
2023-06-28,33919.5,33968,33756,33924
2023-06-29,33924,34156,33812,34107.5
2023-06-30,34108,34475,34082.5,34380
2023-07-03,34408.5,34468,34280.5,34424.5
2023-07-04,34379,34388,34368,34377
2023-07-05,34377.5,34401.5,34212.5,34245
2023-07-06,34245,34247.5,33771,33929
2023-07-07,33928.5,34043.5,33717.5,33769
2023-07-10,33775.5,33966.5,33601.5,33951.5
2023-07-11,33952.5,34301,33861,34241
2023-07-12,34241.5,34590,34220.5,34373.5
2023-07-13,34372.5,34474.5,34338.5,34356
2023-07-14,34356.5,34598.5,34307,34491.5
2023-07-17,34440,34672,34404.5,34560
2023-07-18,34560.5,34999,34515,34958
2023-07-19,34957,35236,34925.5,35042
2023-07-20,35041.5,35373,35023,35249
2023-07-21,35248.5,35345,35177.5,35213
2023-07-24,35187.5,35469,35183,35417
2023-07-25,35416.5,35533.5,35362.5,35419
2023-07-26,35418.5,35645.5,35309.5,35478
2023-07-27,35477.5,35689.5,35215.5,35295
2023-07-28,35295,35570.5,35241.5,35447
2023-07-31,35466.5,35584,35376.5,35557.5
2023-08-01,35558,35683,35442,35570
2023-08-02,35570.5,35609.5,35223.5,35349
2023-08-03,35347,35382,35112.5,35254
2023-08-04,35253,35512.5,35029,35087
2023-08-07,35106,35500.5,35082,35480.5
2023-08-08,35481,35488,35005.5,35281.5
2023-08-09,35281.5,35411.5,35057,35200
2023-08-10,35199.5,35579,35108,35214.5
2023-08-11,35213.5,35361.5,35044,35314.5
2023-08-14,35321,35388,35160,35307
2023-08-15,35306,35353.5,34905.5,34966.5
2023-08-16,34966.5,35137,34750,34770.5
2023-08-17,34770.5,34893,34418,34464
2023-08-18,34464.5,34594.5,34259,34510.5
2023-08-21,34510.5,34644,34250.5,34426.5
2023-08-22,34426.5,34594,34256.5,34311.5
2023-08-23,34311.5,34539,34290,34480
2023-08-24,34480,34683,34066.5,34127.5
2023-08-25,34128,34449,34027,34357.5
2023-08-28,34405,34657,34373.5,34575.5
2023-08-29,34576,34867,34495,34841
2023-08-30,34840,35028.5,34789.5,34940.5
2023-08-31,34940,35100.5,34722.5,34770
2023-09-01,34770,34976,34717.5,34832
2023-09-04,34826,34927,34750.5,34813
2023-09-05,34812,34884.5,34635.5,34662
2023-09-06,34661.5,34673.5,34287.5,34447.5
2023-09-07,34446,34564,34340,34524
2023-09-08,34524,34630.5,34417,34595.5
2023-09-11,34600.5,34788,34561,34650.5
2023-09-12,34650.5,34861.5,34533,34659
2023-09-13,34658.5,34780.5,34505.5,34597.5
2023-09-14,34596.5,34983.5,34589.5,34949
2023-09-15,34949,35021,34569,34640
2023-09-18,34669,34726,34539.5,34647
2023-09-19,34647,34686.5,34309.5,34530
2023-09-20,34529,34782,34426.5,34435
2023-09-21,34434.5,34460,34036.5,34064.5
2023-09-22,34064,34158.5,33946,33998.5
2023-09-25,34014,34099,33782,34002.5
2023-09-26,34002,34004,33564,33671
2023-09-27,33671.5,33767,33304.5,33605.5
2023-09-28,33604.5,33786.5,33468.5,33713
2023-09-29,33712.5,33906.5,33404.5,33523.5
2023-10-02,33664,33724.5,33219.5,33425
2023-10-03,33425,33496,32910.5,33007.5
2023-10-04,33006.5,33162,32818.5,33085.5
2023-10-05,33085,33179,32939.5,33092
2023-10-06,33092,33562,32846.5,33437
2023-10-09,33233.5,33637.5,33108,33618.5
2023-10-10,33618,33900,33586,33747.5
2023-10-11,33747.5,33893,33612,33876
2023-10-12,33874,33982,33450,33644.5
2023-10-13,33644,33961,33548.5,33640
2023-10-16,33740.5,34094,33671,33998.5
2023-10-17,33997.5,34151,33812,33936.5
2023-10-18,33935.5,34000,33593.5,33682.5
2023-10-19,33682,33856.5,33360.5,33388.5
2023-10-20,33387.5,33425.5,33098,33102
2023-10-23,33209.5,33239,32888.5,33020.5
2023-10-24,33018,33300,32936,33232
2023-10-25,33232,33276.5,32987,33022.5
2023-10-26,33021.5,33107.5,32738.5,32896.5
2023-10-27,32892.5,32916,32321,32389
2023-10-30,32470,33005.5,32467.5,32937
2023-10-31,32937,33139.5,32787.5,32995.5
2023-11-01,32995,33340.5,32913.5,33322
2023-11-02,33321.5,33863,33280.5,33831
2023-11-03,33831,34166,33829,34090.5
2023-11-06,34089.5,34166,33989.5,34058
2023-11-07,34058,34212,33975.5,34161
2023-11-08,34160,34261,33995.5,34094
2023-11-09,34093.5,34223,33855.5,33895.5
2023-11-10,33893.5,34320,33858.5,34277.5
2023-11-13,34231,34413,34152.5,34351
2023-11-14,34350.5,34932.5,34313.5,34872
2023-11-15,34873,35054.5,34847.5,34967
2023-11-16,34966.5,35023,34817.5,34962.5
2023-11-17,34962.5,35101,34880.5,34937.5
2023-11-20,34945.5,35228,34897,35178.5
2023-11-21,35177.5,35189,35039,35082.5
2023-11-22,35081.5,35320,35080,35264.5
2023-11-23,35264.5,35358,35257.5,35325.5
2023-11-24,35325,35403.5,35302.5,35358.5
2023-11-27,35362.5,35421.5,35280.5,35371.5
2023-11-28,35372,35518,35291,35402.5
2023-11-29,35402.5,35582,35400.5,35533
2023-11-30,35532.5,35972,35507.5,35931
2023-12-01,35930.5,36268,35902,36255.5
2023-12-04,36231.5,36255,36035.5,36168
2023-12-05,36168,36192.5,36007.5,36146
2023-12-06,36145.5,36300,36024.5,36045.5
2023-12-07,36047,36166.5,35972.5,36100
2023-12-08,36100,36294.5,35968.5,36224.5
2023-12-11,36269,36425,36207.5,36422.5
2023-12-12,36422.5,36639.5,36367,36635.5
2023-12-13,36634,37169.5,36528.5,37166.5
2023-12-14,37164.5,37325.5,37045.5,37255
2023-12-15,37255,37407.5,37136.5,37289
2023-12-18,37317,37397,37270,37285.5
2023-12-19,37285,37570.5,37270,37539.5
2023-12-20,37539.5,37645,37026.5,37180
2023-12-21,37180,37424,37122,37326
2023-12-22,37325,37543,37250.5,37381
2023-12-25,37370,37463,37369,37462
2023-12-26,37459.5,37626.5,37371,37569.5
2023-12-27,37569,37690.5,37490,37671
2023-12-28,37670.5,37780.5,37608,37744.5
2023-12-29,37745,37787,37538,37664.5
2024-01-01,37694,37748.5,37693.5,37728
2024-01-02,37729,37815,37461,37739.5
2024-01-03,37739.5,37741.5,37401,37465.5
2024-01-04,37464.5,37724,37439,37504.5
2024-01-05,37505,37627,37249,37471
2024-01-08,37420,37693.5,37220,37649
2024-01-09,37647,37653.5,37365.5,37515
2024-01-10,37514.5,37745.5,37469,37710.5
2024-01-11,37710.5,37813.5,37420.5,37713
2024-01-12,37712,37828.5,37448.5,37568
2024-01-15,37571,37634,37498.5,37541
2024-01-16,37542,37553,37199,37364
2024-01-17,37363,37376,37131.5,37285.5
2024-01-18,37286,37532,37131,37484
2024-01-19,37482.5,37952.5,37419.5,37885
2024-01-22,37911,38110,37887.5,37991.5
2024-01-23,37992,38027,37795,37943.5
2024-01-24,37942.5,38083.5,37780,37867.5
2024-01-25,37867,38062,37757.5,37979
2024-01-26,37978.5,38220.5,37901,38097.5
2024-01-29,38026,38348.5,38018,38297.5
2024-01-30,38298,38525,38243.5,38466.5
2024-01-31,38467,38584.5,38119.5,38189
2024-02-01,38188.5,38556.5,38105,38531
2024-02-02,38530.5,38787,38326.5,38665
2024-02-05,38662.5,38698,38217,38329
2024-02-06,38328,38543,38278.5,38512.5
2024-02-07,38513,38753,38461,38692
2024-02-08,38691,38755.5,38540.5,38716.5
2024-02-09,38717,38898.5,38564.5,38653.5
2024-02-12,38672,38932.5,38603.5,38783
2024-02-13,38783.5,38826,38034,38265.5
2024-02-14,38266,38442,38196.5,38415.5
2024-02-15,38414,38785,38372,38754
2024-02-16,38754,38832.5,38571.5,38593
2024-02-19,38641.5,38674.5,38565,38575.5
2024-02-20,38575,38668,38457.5,38573.5
2024-02-21,38575,38630.5,38335.5,38629.5
2024-02-22,38630,39156,38626.5,39079.5
2024-02-23,39080,39286,39031,39122
2024-02-26,39124,39242,39027.5,39068.5
2024-02-27,39068,39116,38876,38924
2024-02-28,38923.5,38954.5,38739,38859
2024-02-29,38859,39072.5,38787.5,38965
2024-03-01,38965.5,39124.5,38848,39059.5
2024-03-04,39058.5,39086.5,38864.5,38934
2024-03-05,38933,38959.5,38455,38585.5
2024-03-06,38585,38863,38552,38651
2024-03-07,38651,38914.5,38521,38774.5
2024-03-08,38774.5,38974,38599.5,38752.5
2024-03-11,38735.5,38830,38472.5,38813.5
2024-03-12,38813,39081.5,38638,39009
2024-03-13,39009.5,39213,38936,39088.5
2024-03-14,39087.5,39232.5,38691,38881
2024-03-15,38881,38994,38615.5,38713
2024-03-18,38699.5,38909,38662,38795.5
2024-03-19,38796,39124,38685,39110
2024-03-20,39109.5,39607,38999.5,39597.5
2024-03-21,39595,39895,39581,39831
2024-03-22,39831,39852,39426,39432.5
2024-03-25,39449,39460.5,39295,39341.5
2024-03-26,39341,39441.5,39280,39395.5
2024-03-27,39394.5,39813,39390,39759
2024-03-28,39758.5,39872,39720,39798.5
2024-04-01,39983.5,39985.5,39403.5,39429.5
2024-04-02,39429.5,39469,39038.5,39168
2024-04-03,39166.5,39314.5,39016.5,39190.5
2024-04-04,39191,39427,38557.5,38615.5
2024-04-05,38615,39055,38555.5,38901
2024-04-08,38972,39015.5,38803.5,38914.5
2024-04-09,38914,38994.5,38565,38916.5
2024-04-10,38916,39039,38302,38399.5
2024-04-11,38400,38603.5,38200.5,38500.5
2024-04-12,38501,38566,37874.5,37996
2024-04-15,38077.5,38385,37659.5,37749.5
2024-04-16,37750,38037.5,37597.5,37913.5
2024-04-17,37914,38020.5,37609,37776.5
2024-04-18,37776.5,38091,37674,37723.5
2024-04-19,37723.5,38115,37238.5,37986.5
2024-04-22,38105.5,38457.5,37984.5,38262
2024-04-23,38262.5,38568,38225,38517
2024-04-24,38516,38583,38304.5,38388.5
2024-04-25,38389.5,38440,37754,38123
2024-04-26,38120.5,38340,38051,38248.5
2024-04-29,38344,38409.5,38210,38364.5
2024-04-30,38365,38394.5,37755.5,37812.5
2024-05-01,37811.5,38362.5,37704,38030.5
2024-05-02,38032,38545,37892,38464.5
2024-05-03,38465.5,38809.5,38437,38724
2024-05-06,38726.5,38879.5,38687,38856
2024-05-07,38855.5,38981,38835.5,38885
2024-05-08,38886,39099,38801,39062
2024-05-09,39063,39465,38954,39449.5
2024-05-10,39450.5,39580.5,39401,39498.5
2024-05-13,39510,39655.5,39398.5,39456
2024-05-14,39456.5,39618.5,39296,39575
2024-05-15,39574.5,39953,39536,39944.5
2024-05-16,39944.5,40054.5,39853.5,39885
2024-05-17,39885.5,40016.5,39823,39998
2024-05-20,40051,40083.5,39789,39798.5
2024-05-21,39797,39911,39779.5,39899
2024-05-22,39897,39913.5,39553.5,39636
2024-05-23,39636.5,39787.5,39020,39060
2024-05-24,39058,39223.5,39016.5,39059.5
2024-05-27,39037,39135,39012,39100
2024-05-28,39100.5,39137,38698.5,38795.5
2024-05-29,38796.5,38809,38152.5,38186
2024-05-30,38186,38205.5,38006.5,38072
2024-05-31,38072.5,38771,38034,38717
2024-06-03,38752.5,38827.5,38242.5,38556
2024-06-04,38556,38792.5,38338.5,38772
2024-06-05,38771.5,38851.5,38550.5,38820.5
2024-06-06,38820,39011.5,38729,38935.5
2024-06-07,38936,39115.5,38655.5,38788
2024-06-10,38795.5,38885.5,38659.5,38824.5
2024-06-11,38823.5,38880,38436.5,38734
2024-06-12,38733,39152,38616,38697.5
2024-06-13,38696.5,38728.5,38406,38628
2024-06-14,38624,38653.5,38285,38557
2024-06-17,38562.5,38857,38422,38846
2024-06-18,38847.5,38946.5,38726.5,38843
2024-06-19,38843.5,38847.5,38755.5,38782
2024-06-20,38781.5,39239,38762,39150.5
2024-06-21,39149.5,39262,39044.5,39173
2024-06-24,39162,39576,39052.5,39459.5
2024-06-25,39459,39508,38991.5,39087
2024-06-26,39087,39187,38913.5,39051.5
2024-06-27,39050.5,39253,38995,39153
2024-06-28,39153.5,39449,38931.5,39166.5
2024-07-01,39147.5,39444.5,39031,39136
2024-07-02,39136.5,39343.5,38995,39309
2024-07-03,39310,39423,39229,39321.5
2024-07-04,39321.5,39441.5,39285,39314.5
2024-07-05,39314,39402,39159.5,39356.5
2024-07-08,39308.5,39680,39272,39394.5
2024-07-09,39395.5,39503.5,39142.5,39283.5
2024-07-10,39283,39740.5,39254.5,39701.5
2024-07-11,39699.5,39877,39618.5,39812
2024-07-12,39807,40261,39719.5,40025
2024-07-15,40061.5,40353.5,40037.5,40286
2024-07-16,40286,40992,40165.5,40963.5
2024-07-17,40963.5,41269.5,40793.5,41264
2024-07-18,41261.5,41383,40594.5,40710
2024-07-19,40711,40725.5,40202.5,40239
2024-07-22,40388.5,40475.5,40221,40411.5
2024-07-23,40410,40530.5,40257.5,40264.5
2024-07-24,40267.5,40308,39802,39950.5
2024-07-25,39950.5,40441,39810,40046
2024-07-26,40045.5,40765.5,40038.5,40628
2024-07-29,40699,40824,40389,40472.5
2024-07-30,40470,40873.5,40431.5,40582.5
2024-07-31,40582,41207,40553,40915.5
2024-08-01,40918,41089.5,40095,40229.5
2024-08-02,40225,40252.5,39356,39670
2024-08-05,39491.5,39527.5,38390,38962
2024-08-06,38967.5,39461,38621.5,38913.5
2024-08-07,38914,39484,38562,38675
2024-08-08,38678,39537.5,38599.5,39497.5
2024-08-09,39497,39638.5,39230.5,39498
2024-08-12,39488,39613.5,39244.5,39384.5
2024-08-13,39385,39800.5,39227,39758.5
2024-08-14,39761,40073,39673.5,40015.5
2024-08-15,40016,40636,40002,40620
2024-08-16,40618.5,40728.5,40426.5,40692
2024-08-19,40718,40919.5,40613,40885.5
2024-08-20,40887.5,40960,40755.5,40866
2024-08-21,40864.5,40984.5,40739.5,40924
2024-08-22,40922,41030.5,40577,40794
2024-08-23,40798,41214.5,40776.5,41165.5
2024-08-26,41162,41428.5,41135.5,41223
2024-08-27,41224,41297.5,41090,41239.5
2024-08-28,41238.5,41359.5,40834,41090.5
2024-08-29,41091,41584,41083,41334.5
2024-08-30,41334,41584,41138.5,41507.5
2024-09-02,41540,41568,41424.5,41492.5
2024-09-03,41494.5,41527.5,40778.5,40915.5
2024-09-04,40916,41177,40771,40932
2024-09-05,40928,41087.5,40514.5,40810.5
2024-09-06,40806,41015.5,40294,40322.5
2024-09-09,40358.5,41006,40358.5,40827
2024-09-10,40827.5,40931.5,40412,40721.5
2024-09-11,40723.5,40903.5,39992.5,40839.5
2024-09-12,40840,41164.5,40659,41148
2024-09-13,41151,41542.5,41116.5,41403
2024-09-16,41425,41747,41357.5,41605.5
2024-09-17,41606.5,41840.5,41461,41649.5
2024-09-18,41651.5,41997,41441,41702
2024-09-19,41703,42177,41570,42042.5
2024-09-20,42040.5,42148,41858,42010
2024-09-23,42088,42185,41946.5,42091.5
2024-09-24,42090.5,42291.5,42041.5,42177.5
2024-09-25,42178,42312,41846,41933.5
2024-09-26,41932.5,42245.5,41932.5,42198
2024-09-27,42197.5,42633,42137,42297
2024-09-30,42346.5,42368,41914.5,42278.5
2024-10-01,42278.5,42335,41936.5,42063
2024-10-02,42064,42270,41962.5,42238
2024-10-03,42237.5,42237.5,41843.5,42000
2024-10-04,41999.5,42362,41954,42355.5
2024-10-07,42374,42394,41804.5,41935
2024-10-08,41935,42133.5,41869,42073
2024-10-09,42073.5,42567.5,41966.5,42528
2024-10-10,42526.5,42550.5,42300,42520
2024-10-11,42521.5,42901.5,42395.5,42861
2024-10-14,42849,43158.5,42713.5,43147
2024-10-15,43148,43175.5,42701.5,42745.5
2024-10-16,42747,43106.5,42677,43047
2024-10-17,43044.5,43290.5,42997.5,43265.5
2024-10-18,43265,43331.5,43038,43283.5
2024-10-21,43318.5,43328.5,42868,42919.5
2024-10-22,42919,43051.5,42716.5,42827.5
2024-10-23,42826,42833,42292.5,42453.5
2024-10-24,42451,42529.5,42189.5,42408
2024-10-25,42409,42605.5,42047.5,42090.5
2024-10-28,42251.5,42482.5,42207,42386
2024-10-29,42389,42500.5,42162,42294
2024-10-30,42293.5,42468.5,42099,42142
2024-10-31,42141.5,42173.5,41702,41784
2024-11-01,41785,42333.5,41734.5,42079.5
2024-11-04,41938,42130,41640.5,41808
2024-11-05,41807,42315,41768.5,42280.5
2024-11-06,42280,43782.5,42276,43741
2024-11-07,43740.5,43853.5,43641.5,43800.5
2024-11-08,43800,44163,43708.5,44031
2024-11-11,44064,44496,44023,44267.5
2024-11-12,44263.5,44412.5,43871.5,43912.5
2024-11-13,43914,44142.5,43753.5,44014
2024-11-14,44015.5,44117.5,43700,43721.5
2024-11-15,43720.5,43721.5,43346,43461
2024-11-18,43416,43510.5,43256,43373.5
2024-11-19,43373.5,43486.5,42857,43329.5
2024-11-20,43331.5,43475,43051,43446.5
2024-11-21,43448,44030.5,43270.5,43862
2024-11-22,43861,44327,43713,44304.5
2024-11-25,44499,44814.5,44499,44630
2024-11-26,44627.5,44892.5,44424.5,44872
2024-11-27,44873,45008.5,44687.5,44778
2024-11-28,44779,44867.5,44724,44859.5
2024-11-29,44860,45078.5,44764,44947
2024-12-02,44903,45022,44708,44777
2024-12-03,44777,44876.5,44576.5,44822.5
2024-12-04,44821.5,45079.5,44775,45000.5
2024-12-05,45000.5,45061.5,44726,44775.5
2024-12-06,44775.5,44905.5,44593,44632.5
2024-12-09,44660,44735,44381.5,44398
2024-12-10,44397,44482.5,44193,44281
2024-12-11,44279.5,44369.5,44093.5,44102.5
2024-12-12,44093.5,44204,43881.5,43904
2024-12-13,43900.5,44052,43782.5,43801.5
2024-12-16,43850,43956,43653.5,43676
2024-12-17,43676,43738.5,43328.5,43446
2024-12-18,43446.5,43697,42160,42334
2024-12-19,42337,42765.5,42329,42331
2024-12-20,42333.5,43230,42059,42845.5
2024-12-23,42983.5,43025,42496,42911
2024-12-24,42912,43270.5,42826,43257
2024-12-25,43269,43293.5,43206.5,43247.5
2024-12-26,43247,43385,43056.5,43359
2024-12-27,43360,43360,42755,43014
2024-12-30,42979,42987,42257,42592.5
2024-12-31,42593,42772.5,42415.5,42569
2025-01-01,42643,42678.5,42521,42560
2025-01-02,42560.5,42939.5,42177.5,42391.5
2025-01-03,42391,42784,42382.5,42714.5
2025-01-06,42723.5,43124,42610,42733.5
2025-01-07,42733,42940,42382,42547
2025-01-08,42548,42675,42326.5,42582.5
2025-01-09,42582,42647,42458.5,42490.5
2025-01-10,42491,42656.5,41855.5,41914
2025-01-13,41946.5,42438.5,41741.5,42392.5
2025-01-14,42392,42587.5,42150,42575
2025-01-15,42574.5,43327,42528.5,43271
2025-01-16,43273,43334.5,43056.5,43121
2025-01-17,43153,43662,43135.5,43467
2025-01-20,43452,43802.5,43435.5,43756
2025-01-21,43755.5,44060.5,43296,44038
2025-01-22,44038,44210,44012,44140.5
2025-01-23,44141,44550,44110.5,44523.5
2025-01-24,44537.5,44577.5,44332.5,44370.5
2025-01-27,44334.5,44745.5,43826,44693.5
2025-01-28,44692.5,44984.5,44563,44811
2025-01-29,44813,44968.5,44579,44764
2025-01-30,44766,45015.5,44619,44949
2025-01-31,44949,45068.5,44503.5,44542
2025-02-03,44039,44687.5,43821,44608
2025-02-04,44607,44607.5,44214.5,44533
2025-02-05,44514.5,44916.5,44342,44913
2025-02-06,44913.5,45049.5,44535,44735
2025-02-07,44733.5,44854.5,44283,44321.5
2025-02-10,44359,44625.5,44299.5,44412.5
2025-02-11,44413.5,44644.5,44289.5,44611
2025-02-12,44610.5,44636,44089,44444.5
2025-02-13,44444,44772.5,44268.5,44721.5
2025-02-14,44722,44768,44494.5,44539
2025-02-17,44552,44668.5,44533,44626.5
2025-02-18,44626,44663,44312.5,44564.5
2025-02-19,44564,44634,44307,44583.5
2025-02-20,44577.5,44597,43946.5,44214
2025-02-21,44210,44259.5,43353.5,43426
2025-02-24,43550.5,43762,43345.5,43488.5
2025-02-25,43489,43770,43271.5,43702.5
2025-02-26,43702.5,43870,43265.5,43397.5
2025-02-27,43397,43893,43225.5,43296
2025-02-28,43271,43868,43092,43764.5
2025-03-03,43861.5,44044,42919,43230.5
2025-03-04,43232.5,43294,42352,42802.5
2025-03-05,42801,43134.5,42414,42996.5
2025-03-06,42995.5,43037,42377,42641.5
2025-03-07,42639.5,42903.5,42167.5,42801
2025-03-10,42552.5,42663,41611.5,41915.5
2025-03-11,41916,42076.5,41177.5,41525.5
2025-03-12,41528,41986.5,41002.5,41436.5
2025-03-13,41438,41454,40662.5,40970.5
2025-03-14,40971,41530,40918,41410.5
2025-03-17,41292.5,42017.5,41221,41863
2025-03-18,41860.5,41879,41413,41617
2025-03-19,41617.5,42189.5,41514.5,42063.5
2025-03-20,42064,42253.5,41681.5,41960
2025-03-21,41959.5,42017,41432,42005.5
2025-03-24,42203,42636.5,42186.5,42553
2025-03-25,42553,42697.5,42449.5,42610
2025-03-26,42609,42830.5,42269,42378.5
2025-03-27,42374.5,42568,42154,42297
2025-03-28,42297,42376.5,41499.5,41515.5
2025-03-31,41434,42150,41151.5,41921.5
2025-04-01,41921,42151,41512,42038
2025-04-02,42038.5,42539,41046,41224.5
2025-04-03,41221,41483,40356,40433
2025-04-04,40434.5,40506,38170.5,38258
2025-04-07,36967,39223,36605,38460
2025-04-08,38455.5,39448,37083,37283
2025-04-09,37284,40918.5,36702,40878.5
2025-04-10,40872,40904.5,38420,39429
2025-04-11,39428,40406.5,39011.5,40237
2025-04-14,40361,40784,39893,40430
2025-04-15,40428.5,40802,40141.5,40224.5
2025-04-16,40222.5,40511,39394.5,39695.5
2025-04-17,39696.5,40121,38960.5,39177.5
2025-04-21,38983.5,39038.5,37822.5,38269.5
2025-04-22,38271,39887,38251.5,39775
2025-04-23,39776.5,40384.5,39460.5,39578.5
2025-04-24,39579.5,40219,39243,40083
2025-04-25,40082.5,40221,39717,40130.5
2025-04-28,39987.5,40422,39871,40257.5
2025-04-29,40257.5,40639,40191,40519
2025-04-30,40520,40841,39743,40800.5
2025-05-01,40803,41102.5,40613,40724
2025-05-02,40728,41395.5,40702.5,41326
2025-05-05,41124.5,41453.5,40994,41214.5
2025-05-06,41214.5,41246.5,40748,41111
2025-05-07,41110,41282,40819,41078.5
2025-05-08,41079,41782.5,41046.5,41328.5
2025-05-09,41329.5,41527,41145.5,41252.5
2025-05-12,41653,42474,41640,42360
2025-05-13,42358.5,42389,42115,42181.5
2025-05-14,42181,42260,41819,41850
2025-05-15,41849.5,42360.5,41762,42329
2025-05-16,42330,42671,42240.5,42620.5
2025-05-19,42387.5,42879.5,42242,42848.5
2025-05-20,42847.5,42868,42481.5,42644.5
2025-05-21,42642,42659.5,41758.5,41838
2025-05-22,41839,42096,41619,41878
2025-05-23,41881,41958.5,41167,41569
2025-05-26,41903.5,42114,41878.5,42003.5
2025-05-27,42002.5,42414,41888,42379
2025-05-28,42377.5,42649.5,42043.5,42602.5
2025-05-29,42604,42721,41814.5,42133.5
2025-05-30,42132,42381,41896,42245
2025-06-02,42121.5,42347.5,41838.5,42231
2025-06-03,42232,42579.5,42058,42562.5
2025-06-04,42563.5,42651,42394,42402.5
2025-06-05,42403,42671,42204.5,42384.5
2025-06-06,42383.5,42932,42383.5,42776
2025-06-09,42754.5,42900.5,42562,42779
2025-06-10,42778,42931.5,42639,42858
2025-06-11,42857,43125.5,42724,42816.5
2025-06-12,42817.5,42972,42561,42757.5
2025-06-13,42763,42763,42076.5,42219.5
2025-06-16,42214,42714.5,42187.5,42278.5
2025-06-17,42280,42541.5,42079,42113.5
2025-06-18,42114.5,42521,42110.5,42168
2025-06-19,42169,42172,41755,42035.5
2025-06-20,42034.5,42439.5,41978.5,42218
2025-06-23,42076.5,42799,41970,42773.5
2025-06-24,42774.5,43188,42745,43096
2025-06-25,43097.5,43146,42863.5,43007.5
2025-06-26,43007,43518,42981.5,43465
2025-06-27,43466.5,43971,43452,43793.5
2025-06-30,44008,44136.5,43879,44082
2025-07-01,44083,44614.5,43986,44519.5
2025-07-02,44522.5,44659,44339.5,44511.5
2025-07-03,44512,44883,44449.5,44762.5
2025-07-04,44762,44777.5,44512,44565.5
2025-07-07,44692,44859,44151.5,44330.5
2025-07-08,44331.5,44445.5,44201.5,44251.5
2025-07-09,44223,44560,44160.5,44439.5
2025-07-10,44438.5,44778.5,44303.5,44691
2025-07-11,44690.5,44692,44262,44333.5
2025-07-14,44203,44473.5,44089.5,44422.5
2025-07-15,44422,44602,43900.5,43952.5
2025-07-16,43952,44257.5,43756,44170.5
2025-07-17,44170,44607.5,44135.5,44599.5
2025-07-18,44600.5,44653,44220,44315.5
2025-07-21,44394.5,44604,44314,44389.5
2025-07-22,44388,44650.5,44220,44629.5
2025-07-23,44630.5,45030,44545.5,44915.5
2025-07-24,44914.5,44934.5,44668.5,44797.5
2025-07-25,44798.5,44939,44641,44879.5
2025-07-28,45049.5,45132.5,44738.5,44856.5
2025-07-29,44857,44952.5,44565.5,44633.5
2025-07-30,44633,44745.5,44258.5,44558.5
2025-07-31,44548,44698.5,44050,44119
2025-08-01,44116,44164,43333,43602
2025-08-04,43620,44263.5,43609.5,44224.5
2025-08-05,44224,44312.5,43921,44111
2025-08-06,44110,44370,44011.5,44231
2025-08-07,44231.5,44505.5,43798.5,44052.5
2025-08-08,44053,44284.5,43990,44242.5
2025-08-11,44215.5,44317,43912,43977.5
2025-08-12,43976.5,44502.5,43952.5,44485.5
2025-08-13,44483,44973,44412.5,44941
2025-08-14,44942.5,45101.5,44681,45071
2025-08-15,45071.5,45286,44897.5,44934
2025-08-18,45020.5,45041,44824.5,44928.5
2025-08-19,44929,45209,44787.5,44933.5
2025-08-20,44934.5,45047,44755.5,44905
2025-08-21,44905.5,44954.5,44573,44857.5
2025-08-22,44855.5,45764.5,44679.5,45655
2025-08-25,45644.5,45660,45266,45331
2025-08-26,45330.5,45468,45112.5,45439
2025-08-27,45440,45629.5,45380.5,45559.5
2025-08-28,45558,45739.5,45438.5,45587.5
2025-08-29,45587,45623,45370.5,45563
2025-09-01,45651.5,45690.5,45470,45508
2025-09-02,45508.5,45566.5,44935,45209.5
2025-09-03,45208.5,45320,44978,45169.5
2025-09-04,45168.5,45645.5,45160.5,45633.5
2025-09-05,45632.5,45775.5,45201.5,45393
2025-09-08,45500.5,45602.5,45275.5,45574.5
2025-09-09,45574,45770,45433,45619
2025-09-10,45618,45802,45377.5,45538.5
2025-09-11,45537.5,46148.5,45487.5,46127.5
2025-09-12,46126.5,46143.5,45815,45831.5
2025-09-15,45836.5,45978,45771,45884.5
2025-09-16,45885.5,45967,45665.5,45805.5
2025-09-17,45804,46275.5,45683,46143.5
2025-09-18,46144.5,46367,45944,46237.5
2025-09-19,46239.5,46394,46049.5,46300
2025-09-22,46240.5,46448.5,46026.5,46389.5
2025-09-23,46391.5,46723,46221,46329.5
2025-09-24,46328,46461.5,46095.5,46174.5
2025-09-25,46175.5,46225.5,45787,45962.5
2025-09-26,45960.5,46363.5,45932.5,46279.5
2025-09-29,46308.5,46486,46145,46315.5
2025-09-30,46314.5,46430.5,46103.5,46345.5
2025-10-01,46346.5,46540,46053.5,46436.5
2025-10-02,46437.5,46598,46275,46553.5
2025-10-03,46547.5,47055.5,46529,46755
2025-10-06,46847.5,46890,46424.5,46629
2025-10-07,46628,46879,46441.5,46588
2025-10-08,46592,46828,46504,46654
2025-10-09,46652,46686.5,46268,46426.5
2025-10-10,46426,46648,45437.5,45547
2025-10-13,45836,46165.5,45784.5,46097.5
2025-10-14,46098,46529,45446.5,46305
2025-10-15,46304,46703,46022,46310
2025-10-16,46309.5,46491.5,45783,45903
2025-10-17,45902,46326,45415,46241.5
2025-10-20,46192,46769,46120,46724.5
2025-10-21,46725,47135.5,46619,46918
2025-10-22,46920,47005,46453,46483
2025-10-23,46480,46805.5,46418,46738.5
2025-10-24,46741,47326.5,46714,47212
2025-10-27,47479,47591.5,47369.5,47548.5
2025-10-28,47547.5,47942.5,47516,47684.5
2025-10-29,47686,48047,47449.5,47599
2025-10-30,47601,48021,47391,47593.5
2025-10-31,47592.5,47720.5,47347,47559
2025-11-03,47687,47731.5,47130.5,47297
2025-11-04,47296,47298.5,46849.5,47148.5
2025-11-05,47151,47460,46951,47379.5
2025-11-06,47380,47386,46788,47032.5
2025-11-07,47031.5,47063.5,46492.5,47033
2025-11-10,47122,47412,46942,47402
2025-11-11,47401.5,47977,47319,47930.5
2025-11-12,47933,48425.5,47923,48234.5
2025-11-13,48235,48404.5,47412.5,47517.5
2025-11-14,47517,47554,46852,47171.5
2025-11-17,47140,47292.5,46426.5,46640
2025-11-18,46641.5,46677,45914.5,46154
2025-11-19,46154.5,46346,45903.5,46339.5
2025-11-20,46339,46861.5,45712.5,45843.5
2025-11-21,45839,46583,45755,46291
2025-11-24,46408.5,46587.5,46101,46431
2025-11-25,46430.5,47184,46333,47165.5
2025-11-26,47165.5,47571.5,47123.5,47423.5
2025-11-27,47423,47515.5,47383,47512
2025-11-28,47512.5,47755,47445.5,47711
2025-12-01,47666.5,47677,47254.5,47266.5
2025-12-02,47266,47604,47204,47541
2025-12-03,47540.5,48018.5,47373,47938
2025-12-04,47937,48061.5,47690.5,47840
2025-12-05,47839.5,48135,47765,47962.5
2025-12-08,47945,48008.5,47612,47776.5
2025-12-09,47774.5,47957.5,47530,47545
2025-12-10,47544.5,48197.5,47457,48110.5
2025-12-11,48111,48856.5,47820,48777.5
2025-12-12,48776.5,48885.5,48331.5,48486.5
2025-12-15,48519.5,48719.5,48277,48425
2025-12-16,48426,48525.5,47919,48064.5
2025-12-17,48063.5,48389,47863.5,47891.5
2025-12-18,47891,48383,47805,47918
2025-12-19,47917.5,48294,47789,48147.5
2025-12-22,48225,48456.5,48125,48351.5
2025-12-23,48352,48526,48212,48421
2025-12-24,48422,48774,48370,48711
2025-12-25,48751.5,48788.5,48736,48753.5
2025-12-26,48751.5,48775.5,48580.5,48700.5
2025-12-29,48740.5,48771.5,48389.5,48469.5
2025-12-30,48470,48493,48298,48398.5
2025-12-31,48398,48405,48047,48101.5
2026-01-01,48135.5,48168,48100,48146.5
2026-01-02,48147,48406,47832,48370.5
2026-01-05,48374,49214.5,48320.5,48961.5
2026-01-06,48963,49510.5,48845,49481
2026-01-07,49484,49624,48949,49023
2026-01-08,49023.5,49371,48765,49309.5
2026-01-09,49309,49573,49190.5,49496
2026-01-12,49443,49633,48997.5,49536
2026-01-13,49535.5,49687,49061,49149.5
2026-01-14,49148,49189,48854.5,49090
2026-01-15,49089.5,49583.5,49066.5,49488.5
2026-01-16,49489,49613.5,49238.5,49336.5
2026-01-19,49101.5,49103,48863,48932.5
2026-01-20,48934.5,48955.5,48432,48514
2026-01-21,48516,49298,48313,49142.5
2026-01-22,49144,49610.5,49079,49353
2026-01-23,49352.5,49446.5,48962,49036
2026-01-26,48943,49490,48939,49257
2026-01-27,49256,49417.5,48859,48987
2026-01-28,48987.5,49143,48849.5,48881
2026-01-29,48884.5,49304,48592.5,48966
2026-01-30,48965,49043,48447.5,48874
2026-02-02,48850.5,49483,48389,49417.5
2026-02-03,49418,49649,48832.5,49299
2026-02-04,49299.5,49659,49114,49466
2026-02-05,49467.5,49595,48694,48724
2026-02-06,48722.5,50179.5,48623,50110
2026-02-09,50222,50244.5,49827,50089
2026-02-10,50088,50521,50017,50269.5
2026-02-11,50270.5,50499,49901,50112
2026-02-12,50109.5,50448,49423.5,49473.5
2026-02-13,49470,49751,49083.5,49505.5
2026-02-16,49525.5,49750.5,49488,49589
2026-02-17,49589.5,49720.5,49167.5,49479
2026-02-18,49480.5,49899,49425,49650
2026-02-19,49649.5,49722.5,49196.5,49414
2026-02-20,49415.5,49719.5,49153,49664.5
2026-02-23,49534.5,49717.5,48729.5,48840.5
2026-02-24,48841.5,49296,48757.5,49181.5
2026-02-25,49180.5,49538.5,49094,49392
2026-02-26,49392.5,49832.5,49182.5,49228.5
2026-02-27,49225.5,49364,48669.5,48938
2026-03-02,48375.5,49066.5,48114,48823.5
2026-03-03,48825.5,48844,47622,48412.5
2026-03-04,48413.5,48858.5,48213.5,48754.5
2026-03-05,48753.5,48837.5,47574,48034
2026-03-06,48034.5,48097.5,47000,47446
2026-03-09,46619,47877.5,46302.5,47537.5
2026-03-10,47538,48223,47434.5,47749
2026-03-11,47752.5,47936,46913.5,47026.5
2026-03-12,47036,47218.5,46659,46745.5
2026-03-13,46743,47131,46430,46534.5
2026-03-16,46647.5,47184.5,46576,46938
2026-03-17,46935,47434,46685,46951.5
2026-03-18,46945.5,47307.5,46085.5,46164.5
2026-03-19,46165,46310,45726,46137
2026-03-20,46135,46242,45369.5,45742.5
2026-03-23,45537.5,46820,45160.5,46280
2026-03-24,46274,46497.5,45749.5,46450.5
2026-03-25,46451.5,46750.5,46190,46360.5
2026-03-26,46362,46560,45902.5,46184
2026-03-27,46185,46245.5,45065,45100
2026-03-30,44879,45628,44822.5,45155.5
2026-03-31,45152,46414,45041,46399
2026-04-01,46396.5,46808.5,46344.5,46572.5
2026-04-02,46572,46695,45847.5,46497
2026-04-06,46244.5,46810.5,46233.5,46702
2026-04-07,46702.5,47602,46211,47528
2026-04-08,47508,48039.5,47429,47864.5
2026-04-09,47865,48325.5,47674.5,48156
2026-04-10,48155.5,48299,47854,47914.5
2026-04-13,47425.5,48250,47389.5,48214.5
2026-04-14,48210,48591,48136,48549
2026-04-15,48548.5,48701.5,48283,48539
2026-04-16,48539.5,48682.5,48333,48665.5
2026-04-17,48664,49720,48632,49465.5
2026-04-20,48966,49548.5,48937.5,49515.5
2026-04-21,49517.5,49852.5,49044.5,49359
2026-04-22,49369,49629,49279.5,49319
2026-04-23,49317,49525,48862.5,49298
2026-04-24,49307,49434,49079,49220
2026-04-27,49124,49361,49029.5,49239
2026-04-28,49247.5,49391,49079.5,49231
2026-04-29,49232,49268,48645.5,48714.5
2026-04-30,48715,49800.5,48469,49760.5
2026-05-01,49764,49998,49490,49500.5
2026-05-04,49569.5,49576.5,48905.5,48977
2026-05-05,48976.5,49446,48945.5,49385.5
2026-05-06,49386.5,50012,49353,49879.5
2026-05-07,49879,50121.5,49480.5,49620.5
2026-05-08,49634.5,49862.5,49489,49606
2026-05-11,49452,49775,49380.5,49714
2026-05-12,49707,49827.5,49305,49726
2026-05-13,49728,49836.5,49445.5,49813.5
2026-05-14,49812.5,50202,49785.5,50014.5
2026-05-15,50013,50017.5,49397.5,49430.5
2026-05-18,49371.5,49770,49076.5,49672.5
2026-05-19,49676,49754,49239,49416.5
2026-05-20,49400.5,50068.5,49224.5,49895
2026-05-21,49897,50392,49690,50372.5
2026-05-22,50372,50833,50353,50613.5
2026-05-25,50836.5,51128,50827.5,50938
2026-05-26,50939,50947.5,50355.5,50529.5
2026-05-27,50527,50830.5,50443,50659.5
2026-05-28,50667.5,50728,50323,50679
2026-05-29,50679,51095,50646.5,51035.5
2026-06-01,51066,51322.5,50772,50927.5
2026-06-02,50928.5,51373,50785,51335
2026-06-03,51335.5,51351,50707.5,50741
2026-06-04,50735,51660.5,50681,51563
2026-06-05,51557.5,51698,50711,50729
2026-06-08,50808.5,51278.5,50623.5,50750
2026-06-09,50749.5,51254.5,50237.5,50752.5
2026-06-10,50753.5,50856.5,49711,49790
2026-06-11,49812,50971,49780.5,50934
2026-06-12,50933,51414,50817.5,51249
2026-06-15,51515.5,51949.5,51496,51678.5
2026-06-16,51679,52205,51666,52062.5
2026-06-17,52063,52283,51395,51739
2026-06-18,51740.5,51939,51549.5,51606.5
2026-06-19,51606.5,51608,51394.5,51492.5
2026-06-22,51350,51898,51348.5,51754
2026-06-23,51754,51876,51294,51691.5
2026-06-24,51690.5,52257.5,51536.5,51910.5
2026-06-25,51912.5,52681,51800.5,51978
2026-06-26,51978.5,52143,51620,51855
2026-06-29,52001.5,52315,51863.5,52137
2026-06-30,52137.5,52391,52006,52207.5
2026-07-01,52207.5,52756,52017,52278.5
2026-07-02,52262.5,52925.5,52207.5,52917
2026-07-03,52916,53086,52771,52862
2026-07-06,52951,53132,52641,53057
2026-07-07,53054.5,53347.5,52772.5,52838.5
2026-07-08,52838,52910.5,52062,52324
2026-07-09,52323.5,52587.5,52230,52481
2026-07-10,52484,52717,52409,52687
2026-07-13,52546,52845,52349.5,52440.5
2026-07-14,52470,52722,52005.5,52548
2026-07-15,52544.5,52839.5,52429,52646
2026-07-16,52653.5,52857,52368,52487.5
2026-07-17,52527.5,52608,51951,52126.5
2026-07-20,52072.5,52415,51784.5,51869
2026-07-21,51849,52369,51820.5,52194
2026-07-22,52185.5,52505.5,52053.5,52256
2026-07-23,52197.5,52310.5,51537,51709
2026-07-24,51683.5,52120,51667.5,51884.5
2026-07-27,52258.5,52602.5,51991.5,52241.5
2026-07-28,52237,52905.5,52105.5,52720
2026-07-29,52738.5,52834.5,51484.5,51575
2026-07-30,51661.5,52325.5,51584.5,52258
2026-07-31,52254.5,52631.5,51992,52370
2026-08-03,52713.5,53266.5,52643.5,53254
2026-08-04,53253,54274.5,53176,54234.5
2026-08-05,54212.5,54742.5,54202.5,54412
2026-08-06,54427.5,54544,53823.5,53843
2026-08-07,53871.5,54086,53767.5,54000.5
2026-08-10,53957.5,54063.5,53850,53940
2026-08-11,53963,54232.5,53750,53798
2026-08-12,53801.5,53992,53737.5,53765
2026-08-13,53774.5,54050.5,53622.5,53863
2026-08-14,53872,53917.5,53675,53689
2026-08-17,53725.5,53761.5,53402.5,53435
2026-08-18,53452,53526,53253.5,53340.5
2026-08-19,53350,53717.5,53273.5,53466
2026-08-20,53463.5,53519,52737.5,52788
2026-08-21,52791.5,53350.5,52765.5,53240.5
2026-08-24,53280.5,53507,53147,53451
2026-08-25,53462,53734.5,53377,53572
2026-08-26,53573.5,53707,53380.5,53661
2026-08-27,53645.5,53762.5,53319,53546
2026-08-28,53561.5,53824,53484.5,53539
2026-08-31,53489.5,53523.5,53122.5,53226
2026-09-01,53185.5,53274.5,52689,52785.5
2026-09-02,52786,53224.5,52666,53085
2026-09-03,53043,53750,53040.5,53643
2026-09-04,53661,53716.5,53195,53199.5
2026-09-07,53232.5,53289,53001.5,53073.5
2026-09-08,53076.5,53148.5,52722,52758
2026-09-09,52773.5,52831,52315,52437
2026-09-10,52438.5,52647.5,51959,52056
2026-09-11,52069.5,52725,52058.5,52550
2026-09-14,52410.5,52651.5,52259,52451.5
2026-09-15,52424,52445.5,51875.5,52119
2026-09-16,52125.5,52275,51184.5,51462.5
2026-09-17,51461.5,52153.5,51440.5,51758
2026-09-18,51764,51960,51451,51700
2026-09-21,51700,52153,51675.5,52048
2026-09-22,52049.5,52433,51712,51837
2026-09-23,51888.5,51970,51445,51466.5
2026-09-24,51507.5,51523.5,51098,51288
2026-09-25,51310.5,51850,51239.5,51806
2026-09-28,51732.5,51765.5,51384,51483
2026-09-29,51467,51641,51104,51392
2026-09-30,51424,51656,50879.5,50957
2026-10-01,50979.5,51156.5,50645.5,50721.5
