trade_date,symbol,asset_class,name,country,unit,open,high,low,close
2026-07-30,CB.F,commodity_future,Brent Crude Oil Futures,United Kingdom,,87.74,89.5,86.27,86.88
2026-07-31,CB.F,commodity_future,Brent Crude Oil Futures,United Kingdom,,87.25,91.36,84.62,87.93
2026-08-03,CB.F,commodity_future,Brent Crude Oil Futures,United Kingdom,,82.8,84.66,81.55,83.77
2026-08-04,CB.F,commodity_future,Brent Crude Oil Futures,United Kingdom,,83.83,86.33,78.67,79.36
2026-08-05,CB.F,commodity_future,Brent Crude Oil Futures,United Kingdom,,78.72,80.95,78.11,79.45
2026-08-06,CB.F,commodity_future,Brent Crude Oil Futures,United Kingdom,,79.06,83.77,78.92,82.49
2026-08-07,CB.F,commodity_future,Brent Crude Oil Futures,United Kingdom,,83.3,84.44,81.5,83.55
2026-08-10,CB.F,commodity_future,Brent Crude Oil Futures,United Kingdom,,83.7,87.93,83.33,87.72
2026-08-11,CB.F,commodity_future,Brent Crude Oil Futures,United Kingdom,,87.74,90.03,86.6,88.91
2026-08-12,CB.F,commodity_future,Brent Crude Oil Futures,United Kingdom,,89.17,90.07,88.1,88.98
2026-08-13,CB.F,commodity_future,Brent Crude Oil Futures,United Kingdom,,88.51,89.07,85.85,87.07
2026-08-14,CB.F,commodity_future,Brent Crude Oil Futures,United Kingdom,,87.11,88.95,86.2,88.52
2026-08-17,CB.F,commodity_future,Brent Crude Oil Futures,United Kingdom,,88.89,91.21,88.01,90.87
2026-08-18,CB.F,commodity_future,Brent Crude Oil Futures,United Kingdom,,90.99,92.0,90.61,91.02
2026-08-19,CB.F,commodity_future,Brent Crude Oil Futures,United Kingdom,,91.35,92.81,90.4,91.62
2026-08-20,CB.F,commodity_future,Brent Crude Oil Futures,United Kingdom,,91.51,94.71,91.47,93.78
2026-08-21,CB.F,commodity_future,Brent Crude Oil Futures,United Kingdom,,93.18,94.83,92.74,94.39
2026-08-24,CB.F,commodity_future,Brent Crude Oil Futures,United Kingdom,,91.9,92.06,90.17,90.54
2026-08-25,CB.F,commodity_future,Brent Crude Oil Futures,United Kingdom,,90.49,91.29,85.0,87.27
2026-08-26,CB.F,commodity_future,Brent Crude Oil Futures,United Kingdom,,85.88,88.52,84.56,86.94
2026-08-27,CB.F,commodity_future,Brent Crude Oil Futures,United Kingdom,,86.5,89.17,85.32,88.52
2026-08-28,CB.F,commodity_future,Brent Crude Oil Futures,United Kingdom,,88.51,88.75,87.26,88.1
2026-08-31,CB.F,commodity_future,Brent Crude Oil Futures,United Kingdom,,89.45,91.52,89.03,90.49
2026-09-01,CB.F,commodity_future,Brent Crude Oil Futures,United Kingdom,,90.81,95.45,90.7,94.65
2026-09-02,CB.F,commodity_future,Brent Crude Oil Futures,United Kingdom,,95.25,97.04,93.52,95.63
2026-09-03,CB.F,commodity_future,Brent Crude Oil Futures,United Kingdom,,95.19,97.62,94.03,95.52
2026-09-04,CB.F,commodity_future,Brent Crude Oil Futures,United Kingdom,,95.95,96.57,93.15,96.28
2026-09-07,CB.F,commodity_future,Brent Crude Oil Futures,United Kingdom,,97.05,98.06,95.97,97.0
2026-09-08,CB.F,commodity_future,Brent Crude Oil Futures,United Kingdom,,97.22,99.46,96.78,97.92
2026-09-09,CB.F,commodity_future,Brent Crude Oil Futures,United Kingdom,,99.49,101.87,98.8,101.21
2026-09-10,CB.F,commodity_future,Brent Crude Oil Futures,United Kingdom,,101.9,109.68,100.19,107.63
2026-09-11,CB.F,commodity_future,Brent Crude Oil Futures,United Kingdom,,109.94,109.97,103.5,104.61
2026-09-14,CB.F,commodity_future,Brent Crude Oil Futures,United Kingdom,,107.11,109.8,104.8,105.68
2026-09-15,CB.F,commodity_future,Brent Crude Oil Futures,United Kingdom,,106.49,109.45,105.1,108.75
2026-09-16,CB.F,commodity_future,Brent Crude Oil Futures,United Kingdom,,108.48,108.59,104.0,105.83
2026-09-17,CB.F,commodity_future,Brent Crude Oil Futures,United Kingdom,,105.27,106.02,101.53,104.82
2026-09-18,CB.F,commodity_future,Brent Crude Oil Futures,United Kingdom,,104.0,105.0,101.92,103.87
2026-09-21,CB.F,commodity_future,Brent Crude Oil Futures,United Kingdom,,104.71,104.9,98.98,100.34
2026-09-22,CB.F,commodity_future,Brent Crude Oil Futures,United Kingdom,,100.32,102.3,97.36,99.25
2026-09-23,CB.F,commodity_future,Brent Crude Oil Futures,United Kingdom,,98.43,103.86,97.91,103.08
2026-07-30,CL.F,commodity_future,WTI Crude Oil Futures,United States,,84.65,85.94,82.97,83.59
2026-07-31,CL.F,commodity_future,WTI Crude Oil Futures,United States,,83.92,86.87,81.06,84.67
2026-08-03,CL.F,commodity_future,WTI Crude Oil Futures,United States,,80.1,81.3,78.43,80.34
2026-08-04,CL.F,commodity_future,WTI Crude Oil Futures,United States,,80.1,82.33,75.11,75.77
2026-08-05,CL.F,commodity_future,WTI Crude Oil Futures,United States,,75.17,76.7,74.23,75.22
2026-08-06,CL.F,commodity_future,WTI Crude Oil Futures,United States,,75.14,78.51,74.57,77.29
2026-08-07,CL.F,commodity_future,WTI Crude Oil Futures,United States,,78.17,78.77,76.53,78.18
2026-08-10,CL.F,commodity_future,WTI Crude Oil Futures,United States,,78.42,82.38,77.79,82.13
2026-08-11,CL.F,commodity_future,WTI Crude Oil Futures,United States,,82.35,84.61,81.27,83.2
2026-08-12,CL.F,commodity_future,WTI Crude Oil Futures,United States,,83.49,84.35,82.4,83.27
2026-08-13,CL.F,commodity_future,WTI Crude Oil Futures,United States,,82.7,83.3,80.09,81.25
2026-08-14,CL.F,commodity_future,WTI Crude Oil Futures,United States,,81.27,82.99,80.71,82.4
2026-08-17,CL.F,commodity_future,WTI Crude Oil Futures,United States,,81.62,84.17,80.8,83.74
2026-08-18,CL.F,commodity_future,WTI Crude Oil Futures,United States,,84.1,85.07,83.77,84.06
2026-08-19,CL.F,commodity_future,WTI Crude Oil Futures,United States,,84.46,85.84,83.45,84.39
2026-08-20,CL.F,commodity_future,WTI Crude Oil Futures,United States,,84.4,87.69,84.23,86.83
2026-08-21,CL.F,commodity_future,WTI Crude Oil Futures,United States,,86.27,87.51,85.8,87.06
2026-08-24,CL.F,commodity_future,WTI Crude Oil Futures,United States,,86.5,86.57,84.36,85.01
2026-08-25,CL.F,commodity_future,WTI Crude Oil Futures,United States,,85.03,85.84,80.23,82.36
2026-08-26,CL.F,commodity_future,WTI Crude Oil Futures,United States,,81.11,83.31,79.62,82.23
2026-08-27,CL.F,commodity_future,WTI Crude Oil Futures,United States,,82.0,84.27,80.65,83.53
2026-08-28,CL.F,commodity_future,WTI Crude Oil Futures,United States,,83.67,83.78,82.25,83.4
2026-08-31,CL.F,commodity_future,WTI Crude Oil Futures,United States,,84.69,86.79,84.11,85.76
2026-09-01,CL.F,commodity_future,WTI Crude Oil Futures,United States,,86.31,90.97,86.13,90.22
2026-09-02,CL.F,commodity_future,WTI Crude Oil Futures,United States,,90.65,92.29,88.97,91.01
2026-09-03,CL.F,commodity_future,WTI Crude Oil Futures,United States,,90.7,93.14,89.57,91.3
2026-09-04,CL.F,commodity_future,WTI Crude Oil Futures,United States,,91.67,92.17,88.72,91.48
2026-09-07,CL.F,commodity_future,WTI Crude Oil Futures,United States,,92.16,93.3,90.88,92.7
2026-09-08,CL.F,commodity_future,WTI Crude Oil Futures,United States,,92.26,94.73,90.87,93.03
2026-09-09,CL.F,commodity_future,WTI Crude Oil Futures,United States,,94.31,96.93,93.76,96.05
2026-09-10,CL.F,commodity_future,WTI Crude Oil Futures,United States,,96.88,104.04,95.37,102.48
2026-09-11,CL.F,commodity_future,WTI Crude Oil Futures,United States,,104.1,104.46,98.53,100.01
2026-09-14,CL.F,commodity_future,WTI Crude Oil Futures,United States,,102.25,104.95,100.53,101.39
2026-09-15,CL.F,commodity_future,WTI Crude Oil Futures,United States,,102.01,106.75,101.21,105.83
2026-09-16,CL.F,commodity_future,WTI Crude Oil Futures,United States,,105.48,105.63,100.75,102.43
2026-09-17,CL.F,commodity_future,WTI Crude Oil Futures,United States,,102.18,102.47,99.1,101.91
2026-09-18,CL.F,commodity_future,WTI Crude Oil Futures,United States,,101.06,103.48,99.19,100.3
2026-09-21,CL.F,commodity_future,WTI Crude Oil Futures,United States,,96.75,97.22,91.19,92.37
2026-09-22,CL.F,commodity_future,WTI Crude Oil Futures,United States,,91.95,93.84,88.67,90.52
2026-09-23,CL.F,commodity_future,WTI Crude Oil Futures,United States,,89.94,93.05,88.72,92.7
2026-07-28,CU.F,commodity_future,Crude Palm Oil Futures,Malaysia,,1148.0,1148.0,1148.0,1148.0
2026-07-29,CU.F,commodity_future,Crude Palm Oil Futures,Malaysia,,1152.75,1152.75,1152.75,1152.75
2026-07-30,CU.F,commodity_future,Crude Palm Oil Futures,Malaysia,,1157.0,1157.0,1157.0,1157.0
2026-07-31,CU.F,commodity_future,Crude Palm Oil Futures,Malaysia,,1149.25,1149.25,1149.25,1149.25
2026-08-03,CU.F,commodity_future,Crude Palm Oil Futures,Malaysia,,1144.75,1144.75,1144.75,1144.75
2026-08-04,CU.F,commodity_future,Crude Palm Oil Futures,Malaysia,,1160.25,1160.25,1160.25,1160.25
2026-08-05,CU.F,commodity_future,Crude Palm Oil Futures,Malaysia,,1165.25,1165.25,1165.25,1165.25
2026-08-06,CU.F,commodity_future,Crude Palm Oil Futures,Malaysia,,1163.5,1163.5,1163.5,1163.5
2026-08-07,CU.F,commodity_future,Crude Palm Oil Futures,Malaysia,,1164.75,1164.75,1164.75,1164.75
2026-08-10,CU.F,commodity_future,Crude Palm Oil Futures,Malaysia,,1177.75,1177.75,1177.75,1177.75
2026-08-11,CU.F,commodity_future,Crude Palm Oil Futures,Malaysia,,1185.0,1185.0,1185.0,1185.0
2026-08-12,CU.F,commodity_future,Crude Palm Oil Futures,Malaysia,,1176.25,1176.25,1176.25,1176.25
2026-08-13,CU.F,commodity_future,Crude Palm Oil Futures,Malaysia,,1184.0,1184.0,1184.0,1184.0
2026-08-14,CU.F,commodity_future,Crude Palm Oil Futures,Malaysia,,1186.25,1186.25,1186.25,1186.25
2026-08-17,CU.F,commodity_future,Crude Palm Oil Futures,Malaysia,,1197.5,1197.5,1197.5,1197.5
2026-08-18,CU.F,commodity_future,Crude Palm Oil Futures,Malaysia,,1209.5,1209.5,1209.5,1209.5
2026-08-19,CU.F,commodity_future,Crude Palm Oil Futures,Malaysia,,1216.75,1216.75,1216.75,1216.75
2026-08-20,CU.F,commodity_future,Crude Palm Oil Futures,Malaysia,,1234.75,1234.75,1234.75,1234.75
2026-08-21,CU.F,commodity_future,Crude Palm Oil Futures,Malaysia,,1249.0,1249.0,1249.0,1249.0
2026-08-24,CU.F,commodity_future,Crude Palm Oil Futures,Malaysia,,1232.75,1232.75,1232.75,1232.75
2026-08-25,CU.F,commodity_future,Crude Palm Oil Futures,Malaysia,,1232.75,1232.75,1232.75,1232.75
2026-08-26,CU.F,commodity_future,Crude Palm Oil Futures,Malaysia,,1216.0,1216.0,1216.0,1216.0
2026-08-27,CU.F,commodity_future,Crude Palm Oil Futures,Malaysia,,1209.25,1209.25,1209.25,1209.25
2026-08-28,CU.F,commodity_future,Crude Palm Oil Futures,Malaysia,,1227.75,1227.75,1227.75,1227.75
2026-08-31,CU.F,commodity_future,Crude Palm Oil Futures,Malaysia,,1227.75,1227.75,1227.75,1227.75
2026-09-01,CU.F,commodity_future,Crude Palm Oil Futures,Malaysia,,1244.25,1244.25,1244.25,1244.25
2026-09-02,CU.F,commodity_future,Crude Palm Oil Futures,Malaysia,,1239.5,1239.5,1239.5,1239.5
2026-09-03,CU.F,commodity_future,Crude Palm Oil Futures,Malaysia,,1229.5,1229.5,1229.5,1229.5
2026-09-04,CU.F,commodity_future,Crude Palm Oil Futures,Malaysia,,1234.25,1234.25,1234.25,1234.25
2026-09-08,CU.F,commodity_future,Crude Palm Oil Futures,Malaysia,,1314.5,1314.5,1314.5,1314.5
2026-09-09,CU.F,commodity_future,Crude Palm Oil Futures,Malaysia,,1313.0,1313.0,1313.0,1313.0
2026-09-10,CU.F,commodity_future,Crude Palm Oil Futures,Malaysia,,1302.5,1302.5,1302.5,1302.5
2026-09-11,CU.F,commodity_future,Crude Palm Oil Futures,Malaysia,,1276.75,1276.75,1276.75,1276.75
2026-09-14,CU.F,commodity_future,Crude Palm Oil Futures,Malaysia,,1271.25,1271.25,1271.25,1271.25
2026-09-15,CU.F,commodity_future,Crude Palm Oil Futures,Malaysia,,1270.75,1270.75,1270.75,1270.75
2026-09-16,CU.F,commodity_future,Crude Palm Oil Futures,Malaysia,,1270.75,1270.75,1270.75,1270.75
2026-09-17,CU.F,commodity_future,Crude Palm Oil Futures,Malaysia,,1257.75,1257.75,1257.75,1257.75
2026-09-18,CU.F,commodity_future,Crude Palm Oil Futures,Malaysia,,1249.0,1249.0,1249.0,1249.0
2026-09-21,CU.F,commodity_future,Crude Palm Oil Futures,Malaysia,,1234.25,1234.25,1234.25,1234.25
2026-09-22,CU.F,commodity_future,Crude Palm Oil Futures,Malaysia,,1230.0,1230.0,1230.0,1230.0
2026-07-30,GC.F,commodity_future,Gold Futures,United States,,4060.7,4118.5,4028.5,4100.1
2026-07-31,GC.F,commodity_future,Gold Futures,United States,,4103.65,4110.5,4021.95,4098.6
2026-08-03,GC.F,commodity_future,Gold Futures,United States,,4135.2,4145.5,4074.0,4090.5
2026-08-04,GC.F,commodity_future,Gold Futures,United States,,4109.6,4163.8,4098.1,4152.6
2026-08-05,GC.F,commodity_future,Gold Futures,United States,,4133.8,4328.2,4121.6,4305.2
2026-08-06,GC.F,commodity_future,Gold Futures,United States,,4307.0,4363.7,4281.2,4299.6
2026-08-07,GC.F,commodity_future,Gold Futures,United States,,4298.3,4432.3,4288.0,4399.7
2026-08-10,GC.F,commodity_future,Gold Futures,United States,,4400.0,4453.8,4373.9,4419.7
2026-08-11,GC.F,commodity_future,Gold Futures,United States,,4446.9,4495.0,4415.7,4441.1
2026-08-12,GC.F,commodity_future,Gold Futures,United States,,4430.0,4502.7,4421.4,4467.5
2026-08-13,GC.F,commodity_future,Gold Futures,United States,,4468.8,4509.1,4400.0,4420.4
2026-08-14,GC.F,commodity_future,Gold Futures,United States,,4408.2,4454.6,4365.5,4437.3
2026-08-17,GC.F,commodity_future,Gold Futures,United States,,4440.0,4486.5,4422.3,4473.7
2026-08-18,GC.F,commodity_future,Gold Futures,United States,,4473.4,4493.1,4383.3,4420.6
2026-08-19,GC.F,commodity_future,Gold Futures,United States,,4391.4,4582.8,4378.0,4545.3
2026-08-20,GC.F,commodity_future,Gold Futures,United States,,4580.0,4597.1,4506.0,4571.4
2026-08-21,GC.F,commodity_future,Gold Futures,United States,,4577.0,4690.4,4565.5,4680.6
2026-08-24,GC.F,commodity_future,Gold Futures,United States,,4673.4,4738.5,4651.8,4697.8
2026-08-25,GC.F,commodity_future,Gold Futures,United States,,4710.1,4755.0,4659.5,4694.5
2026-08-26,GC.F,commodity_future,Gold Futures,United States,,4715.7,4730.9,4638.2,4653.3
2026-08-27,GC.F,commodity_future,Gold Futures,United States,,4650.0,4697.7,4616.0,4664.0
2026-08-28,GC.F,commodity_future,Gold Futures,United States,,4656.0,4688.0,4495.0,4529.9
2026-08-31,GC.F,commodity_future,Gold Futures,United States,,4483.2,4521.5,4445.6,4481.5
2026-09-01,GC.F,commodity_future,Gold Futures,United States,,4498.7,4510.5,4369.7,4396.4
2026-09-02,GC.F,commodity_future,Gold Futures,United States,,4377.2,4444.4,4329.2,4414.6
2026-09-03,GC.F,commodity_future,Gold Futures,United States,,4436.4,4558.5,4426.7,4539.9
2026-09-04,GC.F,commodity_future,Gold Futures,United States,,4522.0,4537.8,4412.0,4476.6
2026-09-07,GC.F,commodity_future,Gold Futures,United States,,4470.25,4481.21,4426.29,4452.0
2026-09-08,GC.F,commodity_future,Gold Futures,United States,,4466.5,4488.8,4381.0,4439.0
2026-09-09,GC.F,commodity_future,Gold Futures,United States,,4399.0,4479.0,4384.1,4460.7
2026-09-10,GC.F,commodity_future,Gold Futures,United States,,4448.0,4479.9,4354.7,4407.3
2026-09-11,GC.F,commodity_future,Gold Futures,United States,,4359.4,4444.9,4333.0,4408.9
2026-09-14,GC.F,commodity_future,Gold Futures,United States,,4375.0,4396.8,4293.0,4351.9
2026-09-15,GC.F,commodity_future,Gold Futures,United States,,4340.3,4358.2,4301.6,4332.8
2026-09-16,GC.F,commodity_future,Gold Futures,United States,,4333.5,4413.1,4273.3,4387.5
2026-09-17,GC.F,commodity_future,Gold Futures,United States,,4301.4,4423.3,4294.5,4399.7
2026-09-18,GC.F,commodity_future,Gold Futures,United States,,4381.6,4439.8,4372.2,4424.9
2026-09-21,GC.F,commodity_future,Gold Futures,United States,,4413.0,4422.1,4360.3,4383.9
2026-09-22,GC.F,commodity_future,Gold Futures,United States,,4382.5,4414.1,4327.6,4376.4
2026-09-23,GC.F,commodity_future,Gold Futures,United States,,4400.1,4407.1,4311.2,4324.4
2026-07-30,HG.F,commodity_future,High Grade Copper Futures,United States,USD/lb,6.349500000000001,6.508500000000001,6.34,6.474500000000001
2026-07-31,HG.F,commodity_future,High Grade Copper Futures,United States,USD/lb,6.5015,6.5453,6.4303,6.51
2026-08-03,HG.F,commodity_future,High Grade Copper Futures,United States,USD/lb,6.553,6.577500000000001,6.4505,6.5405
2026-08-04,HG.F,commodity_future,High Grade Copper Futures,United States,USD/lb,6.5395,6.6885,6.5345,6.6435
2026-08-05,HG.F,commodity_future,High Grade Copper Futures,United States,USD/lb,6.628500000000001,6.765000000000001,6.6115,6.7275
2026-08-06,HG.F,commodity_future,High Grade Copper Futures,United States,USD/lb,6.747999999999999,6.8665,6.6715,6.709
2026-08-07,HG.F,commodity_future,High Grade Copper Futures,United States,USD/lb,6.7205,6.765499999999999,6.57,6.591
2026-08-10,HG.F,commodity_future,High Grade Copper Futures,United States,USD/lb,6.6000000000000005,6.6545000000000005,6.582999999999999,6.6160000000000005
2026-08-11,HG.F,commodity_future,High Grade Copper Futures,United States,USD/lb,6.633,6.7005,6.609,6.634
2026-08-12,HG.F,commodity_future,High Grade Copper Futures,United States,USD/lb,6.632000000000001,6.714,6.602,6.6155
2026-08-13,HG.F,commodity_future,High Grade Copper Futures,United States,USD/lb,6.605,6.6385000000000005,6.4955,6.608
2026-08-14,HG.F,commodity_future,High Grade Copper Futures,United States,USD/lb,6.5875,6.6243,6.554500000000001,6.61
2026-08-17,HG.F,commodity_future,High Grade Copper Futures,United States,USD/lb,6.6155,6.7415,6.5785,6.6160000000000005
2026-08-18,HG.F,commodity_future,High Grade Copper Futures,United States,USD/lb,6.608,6.6175,6.37,6.4925
2026-08-19,HG.F,commodity_future,High Grade Copper Futures,United States,USD/lb,6.458500000000001,6.511,6.406000000000001,6.496
2026-08-20,HG.F,commodity_future,High Grade Copper Futures,United States,USD/lb,6.511,6.517,6.4025,6.469
2026-08-21,HG.F,commodity_future,High Grade Copper Futures,United States,USD/lb,6.479500000000001,6.6185,6.479,6.587000000000001
2026-08-24,HG.F,commodity_future,High Grade Copper Futures,United States,USD/lb,6.595,6.645499999999999,6.5415,6.605
2026-08-25,HG.F,commodity_future,High Grade Copper Futures,United States,USD/lb,6.611000000000001,6.727,6.5765,6.714
2026-08-26,HG.F,commodity_future,High Grade Copper Futures,United States,USD/lb,6.711,6.778,6.587000000000001,6.599500000000001
2026-08-27,HG.F,commodity_future,High Grade Copper Futures,United States,USD/lb,6.59,6.632000000000001,6.5265,6.589500000000001
2026-08-28,HG.F,commodity_future,High Grade Copper Futures,United States,USD/lb,6.6235,6.673,6.563,6.5915
2026-08-31,HG.F,commodity_future,High Grade Copper Futures,United States,USD/lb,6.640000000000001,6.727,6.594,6.6875
2026-09-01,HG.F,commodity_future,High Grade Copper Futures,United States,USD/lb,6.6905,6.742000000000001,6.5135000000000005,6.600499999999999
2026-09-02,HG.F,commodity_future,High Grade Copper Futures,United States,USD/lb,6.54,6.641,6.507000000000001,6.593
2026-09-03,HG.F,commodity_future,High Grade Copper Futures,United States,USD/lb,6.6135,6.680499999999999,6.5725,6.6645
2026-09-04,HG.F,commodity_future,High Grade Copper Futures,United States,USD/lb,6.667000000000001,6.702500000000001,6.6160000000000005,6.6825
2026-09-07,HG.F,commodity_future,High Grade Copper Futures,United States,USD/lb,6.671,6.733300000000001,6.6368,6.6997
2026-09-08,HG.F,commodity_future,High Grade Copper Futures,United States,USD/lb,6.669,6.872999999999999,6.636,6.8235
2026-09-09,HG.F,commodity_future,High Grade Copper Futures,United States,USD/lb,6.7765,6.894,6.7385,6.8885000000000005
2026-09-10,HG.F,commodity_future,High Grade Copper Futures,United States,USD/lb,6.859,6.8915,6.506,6.5475
2026-09-11,HG.F,commodity_future,High Grade Copper Futures,United States,USD/lb,6.547000000000001,6.593,6.501,6.548
2026-09-14,HG.F,commodity_future,High Grade Copper Futures,United States,USD/lb,6.5525,6.5525,6.3515,6.4045000000000005
2026-09-15,HG.F,commodity_future,High Grade Copper Futures,United States,USD/lb,6.4035,6.47,6.344500000000001,6.4435
2026-09-16,HG.F,commodity_future,High Grade Copper Futures,United States,USD/lb,6.459,6.5255,6.4215,6.509
2026-09-17,HG.F,commodity_future,High Grade Copper Futures,United States,USD/lb,6.4415,6.6725,6.439500000000001,6.6615
2026-09-18,HG.F,commodity_future,High Grade Copper Futures,United States,USD/lb,6.6185,6.7250000000000005,6.6085,6.6915
2026-09-21,HG.F,commodity_future,High Grade Copper Futures,United States,USD/lb,6.722,6.841,6.7015,6.7625
2026-09-22,HG.F,commodity_future,High Grade Copper Futures,United States,USD/lb,6.785,6.9285000000000005,6.7845,6.836
2026-09-23,HG.F,commodity_future,High Grade Copper Futures,United States,USD/lb,6.904800000000001,6.912000000000001,6.734,6.785800000000001
2026-07-30,HO.F,commodity_future,NY Harbor ULSD Futures,United States,,4.233,4.233,4.0905,4.1291
2026-07-31,HO.F,commodity_future,NY Harbor ULSD Futures,United States,,4.1408,4.2293,4.0561,4.0955
2026-08-03,HO.F,commodity_future,NY Harbor ULSD Futures,United States,,3.978,4.066,3.8569,3.8772
2026-08-04,HO.F,commodity_future,NY Harbor ULSD Futures,United States,,3.8696,3.9227,3.6725,3.7705
2026-08-05,HO.F,commodity_future,NY Harbor ULSD Futures,United States,,3.7221,3.8582,3.6743,3.7962
2026-08-06,HO.F,commodity_future,NY Harbor ULSD Futures,United States,,3.7924,3.9422,3.7325,3.882
2026-08-07,HO.F,commodity_future,NY Harbor ULSD Futures,United States,,3.9409,3.9534,3.8404,3.9024
2026-08-10,HO.F,commodity_future,NY Harbor ULSD Futures,United States,,3.9015,4.2178,3.9015,4.1898
2026-08-11,HO.F,commodity_future,NY Harbor ULSD Futures,United States,,4.1687,4.285,4.1143,4.2525
2026-08-12,HO.F,commodity_future,NY Harbor ULSD Futures,United States,,4.2839,4.324,4.2125,4.304
2026-08-13,HO.F,commodity_future,NY Harbor ULSD Futures,United States,,4.2997,4.3165,4.1897,4.2506
2026-08-14,HO.F,commodity_future,NY Harbor ULSD Futures,United States,,4.2357,4.2929,4.1764,4.2829
2026-08-17,HO.F,commodity_future,NY Harbor ULSD Futures,United States,,4.291,4.4556,4.2402,4.4371
2026-08-18,HO.F,commodity_future,NY Harbor ULSD Futures,United States,,4.44,4.4924,4.3955,4.4501
2026-08-19,HO.F,commodity_future,NY Harbor ULSD Futures,United States,,4.4925,4.5238,4.3971,4.4523
2026-08-20,HO.F,commodity_future,NY Harbor ULSD Futures,United States,,4.4399,4.5097,4.4103,4.4803
2026-08-21,HO.F,commodity_future,NY Harbor ULSD Futures,United States,,4.4789,4.5563,4.4293,4.4948
2026-08-24,HO.F,commodity_future,NY Harbor ULSD Futures,United States,,4.45,4.4617,4.2555,4.2677
2026-08-25,HO.F,commodity_future,NY Harbor ULSD Futures,United States,,4.2885,4.3252,4.1536,4.2438
2026-08-26,HO.F,commodity_future,NY Harbor ULSD Futures,United States,,4.1673,4.3152,4.073,4.26
2026-08-27,HO.F,commodity_future,NY Harbor ULSD Futures,United States,,4.2348,4.294,4.173,4.2787
2026-08-28,HO.F,commodity_future,NY Harbor ULSD Futures,United States,,4.2769,4.3699,4.2614,4.3567
2026-08-31,HO.F,commodity_future,NY Harbor ULSD Futures,United States,,4.3,4.4386,4.2684,4.4106
2026-09-01,HO.F,commodity_future,NY Harbor ULSD Futures,United States,,4.4309,4.726,4.4005,4.6773
2026-09-02,HO.F,commodity_future,NY Harbor ULSD Futures,United States,,4.7045,4.7661,4.5718,4.6822
2026-09-03,HO.F,commodity_future,NY Harbor ULSD Futures,United States,,4.6572,4.6986,4.5799,4.5936
2026-09-04,HO.F,commodity_future,NY Harbor ULSD Futures,United States,,4.5976,4.6026,4.4338,4.5402
2026-09-07,HO.F,commodity_future,NY Harbor ULSD Futures,United States,,4.5741,4.7243,4.5741,4.68
2026-09-08,HO.F,commodity_future,NY Harbor ULSD Futures,United States,,4.5804,4.7369,4.5359,4.5678
2026-09-09,HO.F,commodity_future,NY Harbor ULSD Futures,United States,,4.6205,4.8194,4.6205,4.801
2026-09-10,HO.F,commodity_future,NY Harbor ULSD Futures,United States,,4.7964,5.1619,4.7078,5.0575
2026-09-11,HO.F,commodity_future,NY Harbor ULSD Futures,United States,,5.1481,5.1664,4.938,4.9593
2026-09-14,HO.F,commodity_future,NY Harbor ULSD Futures,United States,,5.02,5.1919,4.9084,4.9615
2026-09-15,HO.F,commodity_future,NY Harbor ULSD Futures,United States,,4.9744,5.2842,4.9744,5.262
2026-09-16,HO.F,commodity_future,NY Harbor ULSD Futures,United States,,5.2389,5.2968,5.1227,5.2465
2026-09-17,HO.F,commodity_future,NY Harbor ULSD Futures,United States,,5.2234,5.246,5.0046,5.1139
2026-09-18,HO.F,commodity_future,NY Harbor ULSD Futures,United States,,5.047,5.1712,4.9935,5.0578
2026-09-21,HO.F,commodity_future,NY Harbor ULSD Futures,United States,,5.1142,5.1918,4.7997,4.8895
2026-09-22,HO.F,commodity_future,NY Harbor ULSD Futures,United States,,4.8745,4.9578,4.7074,4.9421
2026-09-23,HO.F,commodity_future,NY Harbor ULSD Futures,United States,,4.8777,4.9742,4.5778,4.835
2026-07-30,LU.F,commodity_future,ICE Rotterdam Coal Futures,Netherlands,,124.55,124.55,124.55,124.55
2026-07-31,LU.F,commodity_future,ICE Rotterdam Coal Futures,Netherlands,,125.75,125.75,125.6,125.6
2026-08-03,LU.F,commodity_future,ICE Rotterdam Coal Futures,Netherlands,,122.75,122.75,122.0,122.0
2026-08-04,LU.F,commodity_future,ICE Rotterdam Coal Futures,Netherlands,,120.35,120.35,120.35,120.35
2026-08-05,LU.F,commodity_future,ICE Rotterdam Coal Futures,Netherlands,,119.8,119.8,117.15,117.15
2026-08-06,LU.F,commodity_future,ICE Rotterdam Coal Futures,Netherlands,,119.0,119.35,117.95,117.95
2026-08-07,LU.F,commodity_future,ICE Rotterdam Coal Futures,Netherlands,,118.75,118.8,118.75,118.8
2026-08-10,LU.F,commodity_future,ICE Rotterdam Coal Futures,Netherlands,,123.0,124.4,123.0,124.4
2026-08-11,LU.F,commodity_future,ICE Rotterdam Coal Futures,Netherlands,,123.95,124.75,123.95,124.75
2026-08-12,LU.F,commodity_future,ICE Rotterdam Coal Futures,Netherlands,,125.8,125.85,125.7,125.7
2026-08-13,LU.F,commodity_future,ICE Rotterdam Coal Futures,Netherlands,,125.25,125.25,125.25,125.25
2026-08-14,LU.F,commodity_future,ICE Rotterdam Coal Futures,Netherlands,,125.1,125.1,125.1,125.1
2026-08-17,LU.F,commodity_future,ICE Rotterdam Coal Futures,Netherlands,,124.7,124.7,124.7,124.7
2026-08-18,LU.F,commodity_future,ICE Rotterdam Coal Futures,Netherlands,,124.15,125.85,124.15,125.85
2026-08-19,LU.F,commodity_future,ICE Rotterdam Coal Futures,Netherlands,,124.4,127.1,124.4,127.1
2026-08-20,LU.F,commodity_future,ICE Rotterdam Coal Futures,Netherlands,,128.5,128.75,128.3,128.3
2026-08-21,LU.F,commodity_future,ICE Rotterdam Coal Futures,Netherlands,,129.0,129.5,128.8,129.15
2026-08-24,LU.F,commodity_future,ICE Rotterdam Coal Futures,Netherlands,,130.3,130.3,129.9,129.9
2026-08-25,LU.F,commodity_future,ICE Rotterdam Coal Futures,Netherlands,,127.75,128.0,127.45,128.0
2026-08-26,LU.F,commodity_future,ICE Rotterdam Coal Futures,Netherlands,,127.15,127.15,127.15,127.15
2026-08-27,LU.F,commodity_future,ICE Rotterdam Coal Futures,Netherlands,,130.2,130.2,130.2,130.2
2026-08-28,LU.F,commodity_future,ICE Rotterdam Coal Futures,Netherlands,,131.75,131.75,131.75,131.75
2026-08-31,LU.F,commodity_future,ICE Rotterdam Coal Futures,Netherlands,,133.25,133.75,133.25,133.75
2026-09-01,LU.F,commodity_future,ICE Rotterdam Coal Futures,Netherlands,,136.25,137.05,136.25,137.05
2026-09-02,LU.F,commodity_future,ICE Rotterdam Coal Futures,Netherlands,,136.95,137.55,136.75,136.75
2026-09-03,LU.F,commodity_future,ICE Rotterdam Coal Futures,Netherlands,,136.2,138.5,135.5,136.8
2026-09-04,LU.F,commodity_future,ICE Rotterdam Coal Futures,Netherlands,,138.0,140.0,138.0,139.35
2026-09-07,LU.F,commodity_future,ICE Rotterdam Coal Futures,Netherlands,,143.45,143.45,138.0,138.25
2026-09-08,LU.F,commodity_future,ICE Rotterdam Coal Futures,Netherlands,,142.4,142.4,139.55,140.0
2026-09-09,LU.F,commodity_future,ICE Rotterdam Coal Futures,Netherlands,,141.05,142.6,140.75,141.0
2026-09-10,LU.F,commodity_future,ICE Rotterdam Coal Futures,Netherlands,,142.3,142.3,141.0,141.85
2026-09-11,LU.F,commodity_future,ICE Rotterdam Coal Futures,Netherlands,,139.25,139.8,137.75,139.25
2026-09-14,LU.F,commodity_future,ICE Rotterdam Coal Futures,Netherlands,,143.8,143.8,140.15,140.45
2026-09-15,LU.F,commodity_future,ICE Rotterdam Coal Futures,Netherlands,,137.55,140.25,137.55,140.25
2026-09-16,LU.F,commodity_future,ICE Rotterdam Coal Futures,Netherlands,,140.75,141.25,139.5,140.15
2026-09-17,LU.F,commodity_future,ICE Rotterdam Coal Futures,Netherlands,,138.05,140.0,138.05,138.55
2026-09-18,LU.F,commodity_future,ICE Rotterdam Coal Futures,Netherlands,,137.45,137.55,137.0,137.5
2026-09-21,LU.F,commodity_future,ICE Rotterdam Coal Futures,Netherlands,,133.8,134.8,132.95,134.5
2026-09-22,LU.F,commodity_future,ICE Rotterdam Coal Futures,Netherlands,,134.0,137.5,134.0,137.05
2026-09-23,LU.F,commodity_future,ICE Rotterdam Coal Futures,Netherlands,,135.5,136.1,135.25,135.25
2026-07-30,NG.F,commodity_future,Natural Gas Futures,United States,,2.732,2.776,2.68,2.758
2026-07-31,NG.F,commodity_future,Natural Gas Futures,United States,,2.746,2.802,2.712,2.747
2026-08-03,NG.F,commodity_future,Natural Gas Futures,United States,,2.745,2.81,2.71,2.781
2026-08-04,NG.F,commodity_future,Natural Gas Futures,United States,,2.774,2.786,2.659,2.682
2026-08-05,NG.F,commodity_future,Natural Gas Futures,United States,,2.687,2.708,2.66,2.688
2026-08-06,NG.F,commodity_future,Natural Gas Futures,United States,,2.671,2.702,2.616,2.64
2026-08-07,NG.F,commodity_future,Natural Gas Futures,United States,,2.633,2.69,2.617,2.662
2026-08-10,NG.F,commodity_future,Natural Gas Futures,United States,,2.709,2.806,2.702,2.794
2026-08-11,NG.F,commodity_future,Natural Gas Futures,United States,,2.778,2.819,2.745,2.767
2026-08-12,NG.F,commodity_future,Natural Gas Futures,United States,,2.749,2.83,2.747,2.804
2026-08-13,NG.F,commodity_future,Natural Gas Futures,United States,,2.792,2.799,2.709,2.727
2026-08-14,NG.F,commodity_future,Natural Gas Futures,United States,,2.736,2.783,2.71,2.733
2026-08-17,NG.F,commodity_future,Natural Gas Futures,United States,,2.691,2.71,2.638,2.69
2026-08-18,NG.F,commodity_future,Natural Gas Futures,United States,,2.702,2.796,2.692,2.776
2026-08-19,NG.F,commodity_future,Natural Gas Futures,United States,,2.786,2.875,2.77,2.814
2026-08-20,NG.F,commodity_future,Natural Gas Futures,United States,,2.781,2.804,2.711,2.733
2026-08-21,NG.F,commodity_future,Natural Gas Futures,United States,,2.763,2.798,2.741,2.773
2026-08-24,NG.F,commodity_future,Natural Gas Futures,United States,,2.793,2.891,2.761,2.835
2026-08-25,NG.F,commodity_future,Natural Gas Futures,United States,,2.807,2.851,2.747,2.821
2026-08-26,NG.F,commodity_future,Natural Gas Futures,United States,,2.845,2.927,2.839,2.874
2026-08-27,NG.F,commodity_future,Natural Gas Futures,United States,,2.903,2.99,2.892,2.914
2026-08-28,NG.F,commodity_future,Natural Gas Futures,United States,,2.906,2.932,2.836,2.888
2026-08-31,NG.F,commodity_future,Natural Gas Futures,United States,,2.875,2.947,2.832,2.935
2026-09-01,NG.F,commodity_future,Natural Gas Futures,United States,,2.931,2.955,2.851,2.904
2026-09-02,NG.F,commodity_future,Natural Gas Futures,United States,,2.946,3.002,2.91,2.956
2026-09-03,NG.F,commodity_future,Natural Gas Futures,United States,,2.998,3.026,2.885,2.913
2026-09-04,NG.F,commodity_future,Natural Gas Futures,United States,,2.926,2.986,2.902,2.975
2026-09-07,NG.F,commodity_future,Natural Gas Futures,United States,,2.935,2.997,2.92,2.97
2026-09-08,NG.F,commodity_future,Natural Gas Futures,United States,,2.931,3.014,2.863,2.916
2026-09-09,NG.F,commodity_future,Natural Gas Futures,United States,,2.907,2.907,2.799,2.822
2026-09-10,NG.F,commodity_future,Natural Gas Futures,United States,,2.809,2.844,2.753,2.834
2026-09-11,NG.F,commodity_future,Natural Gas Futures,United States,,2.838,2.846,2.773,2.831
2026-09-14,NG.F,commodity_future,Natural Gas Futures,United States,,2.868,2.911,2.849,2.896
2026-09-15,NG.F,commodity_future,Natural Gas Futures,United States,,2.884,2.952,2.87,2.919
2026-09-16,NG.F,commodity_future,Natural Gas Futures,United States,,2.938,2.978,2.878,2.891
2026-09-17,NG.F,commodity_future,Natural Gas Futures,United States,,2.894,2.959,2.859,2.901
2026-09-18,NG.F,commodity_future,Natural Gas Futures,United States,,2.871,2.943,2.846,2.912
2026-09-21,NG.F,commodity_future,Natural Gas Futures,United States,,2.902,2.906,2.819,2.836
2026-09-22,NG.F,commodity_future,Natural Gas Futures,United States,,2.83,3.023,2.817,2.965
2026-09-23,NG.F,commodity_future,Natural Gas Futures,United States,,3.016,3.221,2.959,3.044
2026-07-30,SI.F,commodity_future,Silver Futures,United States,USD/ozt,57.975,59.57,57.120000000000005,59.017
2026-07-31,SI.F,commodity_future,Silver Futures,United States,USD/ozt,59.26,59.405,57.22,57.786
2026-08-03,SI.F,commodity_future,Silver Futures,United States,USD/ozt,58.65,58.88,56.705,57.856
2026-08-04,SI.F,commodity_future,Silver Futures,United States,USD/ozt,58.38,60.285,58.185,60.245000000000005
2026-08-05,SI.F,commodity_future,Silver Futures,United States,USD/ozt,59.785,63.025,59.620000000000005,62.288
2026-08-06,SI.F,commodity_future,Silver Futures,United States,USD/ozt,62.2,63.32,61.120000000000005,61.606
2026-08-07,SI.F,commodity_future,Silver Futures,United States,USD/ozt,61.855,65.48,61.42,63.499
2026-08-10,SI.F,commodity_future,Silver Futures,United States,USD/ozt,63.8,66.25,63.195,65.272
2026-08-11,SI.F,commodity_future,Silver Futures,United States,USD/ozt,65.94500000000001,66.685,64.47,64.935
2026-08-12,SI.F,commodity_future,Silver Futures,United States,USD/ozt,64.875,66.98,64.81,65.7
2026-08-13,SI.F,commodity_future,Silver Futures,United States,USD/ozt,65.455,66.465,64.315,64.99300000000001
2026-08-14,SI.F,commodity_future,Silver Futures,United States,USD/ozt,64.63,65.885,63.645,65.108
2026-08-17,SI.F,commodity_future,Silver Futures,United States,USD/ozt,65.06,66.735,64.85,66.23100000000001
2026-08-18,SI.F,commodity_future,Silver Futures,United States,USD/ozt,65.895,66.685,63.27,64.037
2026-08-19,SI.F,commodity_future,Silver Futures,United States,USD/ozt,63.425,67.285,62.45,65.825
2026-08-20,SI.F,commodity_future,Silver Futures,United States,USD/ozt,67.08,69.045,65.755,68.105
2026-08-21,SI.F,commodity_future,Silver Futures,United States,USD/ozt,68.29,70.08,67.96000000000001,69.53
2026-08-24,SI.F,commodity_future,Silver Futures,United States,USD/ozt,69.345,69.925,68.31,68.594
2026-08-25,SI.F,commodity_future,Silver Futures,United States,USD/ozt,68.965,69.985,67.385,68.682
2026-08-26,SI.F,commodity_future,Silver Futures,United States,USD/ozt,68.63,69.75,67.485,68.02600000000001
2026-08-27,SI.F,commodity_future,Silver Futures,United States,USD/ozt,68.09,69.72,67.58,69.43100000000001
2026-08-28,SI.F,commodity_future,Silver Futures,United States,USD/ozt,69.35000000000001,71.16,66.23,66.995
2026-08-31,SI.F,commodity_future,Silver Futures,United States,USD/ozt,66.8,68.18,65.83,66.99
2026-09-01,SI.F,commodity_future,Silver Futures,United States,USD/ozt,67.275,67.72,64.61,65.369
2026-09-02,SI.F,commodity_future,Silver Futures,United States,USD/ozt,64.69500000000001,66.175,63.88,65.46300000000001
2026-09-03,SI.F,commodity_future,Silver Futures,United States,USD/ozt,66.17,68.08,65.775,67.704
2026-09-04,SI.F,commodity_future,Silver Futures,United States,USD/ozt,67.63,67.81,65.33,66.748
2026-09-07,SI.F,commodity_future,Silver Futures,United States,USD/ozt,66.623,67.378,66.04,66.81
2026-09-08,SI.F,commodity_future,Silver Futures,United States,USD/ozt,66.735,67.83500000000001,66.025,67.0
2026-09-09,SI.F,commodity_future,Silver Futures,United States,USD/ozt,66.44,68.98,66.13,68.646
2026-09-10,SI.F,commodity_future,Silver Futures,United States,USD/ozt,67.94500000000001,68.58500000000001,64.015,64.92699999999999
2026-09-11,SI.F,commodity_future,Silver Futures,United States,USD/ozt,64.145,65.82000000000001,63.15,65.188
2026-09-14,SI.F,commodity_future,Silver Futures,United States,USD/ozt,64.785,64.985,62.8,64.138
2026-09-15,SI.F,commodity_future,Silver Futures,United States,USD/ozt,63.76,64.465,63.035,63.856
2026-09-16,SI.F,commodity_future,Silver Futures,United States,USD/ozt,64.185,65.465,62.75,64.919
2026-09-17,SI.F,commodity_future,Silver Futures,United States,USD/ozt,63.425,66.67,63.28,66.095
2026-09-18,SI.F,commodity_future,Silver Futures,United States,USD/ozt,65.765,67.895,65.74,67.149
2026-09-21,SI.F,commodity_future,Silver Futures,United States,USD/ozt,66.685,67.555,66.2,66.415
2026-09-22,SI.F,commodity_future,Silver Futures,United States,USD/ozt,66.515,68.105,65.04,66.53
2026-09-23,SI.F,commodity_future,Silver Futures,United States,USD/ozt,67.72,68.058,64.718,64.9
2025-01-02,SOXX.US,etf,iShares Semiconductor ETF,United States,,217.68,220.22,214.96,216.82
2025-01-03,SOXX.US,etf,iShares Semiconductor ETF,United States,,218.25,223.04,217.96,222.47
2025-01-06,SOXX.US,etf,iShares Semiconductor ETF,United States,,227.26,231.8,227.26,228.91
2025-01-07,SOXX.US,etf,iShares Semiconductor ETF,United States,,231.7,231.89,224.56,225.79
2025-01-08,SOXX.US,etf,iShares Semiconductor ETF,United States,,225.05,225.46,221.11,223.54
2025-01-10,SOXX.US,etf,iShares Semiconductor ETF,United States,,220.74,220.88,216.78,218.2
2025-01-13,SOXX.US,etf,iShares Semiconductor ETF,United States,,213.85,217.84,213.66,217.53
2025-01-14,SOXX.US,etf,iShares Semiconductor ETF,United States,,219.35,220.75,216.121,218.96
2025-01-15,SOXX.US,etf,iShares Semiconductor ETF,United States,,222.48,224.65,221.67,223.21
2025-01-16,SOXX.US,etf,iShares Semiconductor ETF,United States,,227.25,227.79,223.53,223.54
2025-01-17,SOXX.US,etf,iShares Semiconductor ETF,United States,,228.58,230.32,227.3591,229.74
2025-01-21,SOXX.US,etf,iShares Semiconductor ETF,United States,,231.81,234.58,229.8,232.45
2025-01-22,SOXX.US,etf,iShares Semiconductor ETF,United States,,234.83,238.34,234.32,235.81
2025-01-23,SOXX.US,etf,iShares Semiconductor ETF,United States,,232.03,235.38,231.18,235.37
2025-01-24,SOXX.US,etf,iShares Semiconductor ETF,United States,,235.475,235.475,229.71,230.64
2025-01-27,SOXX.US,etf,iShares Semiconductor ETF,United States,,219.0,219.61,209.74,212.55
2025-01-28,SOXX.US,etf,iShares Semiconductor ETF,United States,,213.62,214.77,208.98,213.5
2025-01-29,SOXX.US,etf,iShares Semiconductor ETF,United States,,215.56,216.18,212.15,214.38
2025-01-30,SOXX.US,etf,iShares Semiconductor ETF,United States,,217.01,219.99,215.76,218.74
2025-01-31,SOXX.US,etf,iShares Semiconductor ETF,United States,,219.99,224.29,217.47,218.13
2025-02-03,SOXX.US,etf,iShares Semiconductor ETF,United States,,212.39,216.85,210.96,214.2
2025-02-04,SOXX.US,etf,iShares Semiconductor ETF,United States,,213.72,217.27,213.425,216.4
2025-02-05,SOXX.US,etf,iShares Semiconductor ETF,United States,,215.83,221.04,214.48,220.59
2025-02-06,SOXX.US,etf,iShares Semiconductor ETF,United States,,219.05,220.7,217.88,220.3
2025-02-07,SOXX.US,etf,iShares Semiconductor ETF,United States,,220.81,222.08,215.39,216.87
2025-02-10,SOXX.US,etf,iShares Semiconductor ETF,United States,,218.45,220.25,218.42,219.7
2025-02-11,SOXX.US,etf,iShares Semiconductor ETF,United States,,217.89,221.17,217.89,219.9
2025-02-12,SOXX.US,etf,iShares Semiconductor ETF,United States,,216.44,220.22,215.95,220.14
2025-02-13,SOXX.US,etf,iShares Semiconductor ETF,United States,,219.95,222.99,219.885,222.84
2025-02-14,SOXX.US,etf,iShares Semiconductor ETF,United States,,222.82,223.77,221.92,223.07
2025-02-18,SOXX.US,etf,iShares Semiconductor ETF,United States,,224.7,227.47,223.47,226.76
2025-02-19,SOXX.US,etf,iShares Semiconductor ETF,United States,,227.15,231.62,226.26,230.53
2025-02-20,SOXX.US,etf,iShares Semiconductor ETF,United States,,231.995,233.44,228.75,231.07
2025-02-21,SOXX.US,etf,iShares Semiconductor ETF,United States,,231.76,231.85,223.13,223.98
2025-02-24,SOXX.US,etf,iShares Semiconductor ETF,United States,,224.97,225.34,218.54,218.67
2025-02-25,SOXX.US,etf,iShares Semiconductor ETF,United States,,218.45,219.2225,213.58,214.21
2025-02-26,SOXX.US,etf,iShares Semiconductor ETF,United States,,216.95,219.8,215.58,217.94
2025-02-27,SOXX.US,etf,iShares Semiconductor ETF,United States,,219.18,219.5,204.92,205.25
2025-02-28,SOXX.US,etf,iShares Semiconductor ETF,United States,,205.37,210.05,203.12,208.52
2025-03-03,SOXX.US,etf,iShares Semiconductor ETF,United States,,211.51,211.65,199.32,201.15
2025-03-04,SOXX.US,etf,iShares Semiconductor ETF,United States,,200.8,207.62,196.7,202.27
2025-03-05,SOXX.US,etf,iShares Semiconductor ETF,United States,,204.54,207.29,200.57,206.63
2025-03-06,SOXX.US,etf,iShares Semiconductor ETF,United States,,199.58,203.72,197.33,198.04
2025-03-07,SOXX.US,etf,iShares Semiconductor ETF,United States,,198.8,204.54,196.48,203.85
2025-03-10,SOXX.US,etf,iShares Semiconductor ETF,United States,,198.82,200.28,191.5608,194.42
2025-03-11,SOXX.US,etf,iShares Semiconductor ETF,United States,,194.52,196.31,189.11,192.12
2025-03-12,SOXX.US,etf,iShares Semiconductor ETF,United States,,196.7,198.69,194.32,196.08
2025-03-13,SOXX.US,etf,iShares Semiconductor ETF,United States,,196.07,199.24,193.18,195.1
2025-03-14,SOXX.US,etf,iShares Semiconductor ETF,United States,,198.5,201.705,198.32,201.12
2025-03-17,SOXX.US,etf,iShares Semiconductor ETF,United States,,200.31,206.26,200.21,204.44
2025-03-18,SOXX.US,etf,iShares Semiconductor ETF,United States,,202.11,203.05,200.18,201.47
2025-03-19,SOXX.US,etf,iShares Semiconductor ETF,United States,,201.495,206.43,200.0,203.11
2025-03-20,SOXX.US,etf,iShares Semiconductor ETF,United States,,200.52,203.72,200.36,201.49
2025-03-21,SOXX.US,etf,iShares Semiconductor ETF,United States,,197.94,200.14,196.37,199.38
2025-03-24,SOXX.US,etf,iShares Semiconductor ETF,United States,,203.57,206.66,203.33,205.3
2025-03-25,SOXX.US,etf,iShares Semiconductor ETF,United States,,205.05,205.71,203.56,204.19
2025-03-26,SOXX.US,etf,iShares Semiconductor ETF,United States,,203.22,204.06,196.44,198.47
2025-03-27,SOXX.US,etf,iShares Semiconductor ETF,United States,,195.87,197.04,193.38,194.56
2025-03-28,SOXX.US,etf,iShares Semiconductor ETF,United States,,193.29,194.24,187.44,188.68
2025-03-31,SOXX.US,etf,iShares Semiconductor ETF,United States,,184.7,188.3,182.12,188.17
2025-04-01,SOXX.US,etf,iShares Semiconductor ETF,United States,,187.45,188.34,183.8,188.27
2025-04-02,SOXX.US,etf,iShares Semiconductor ETF,United States,,185.39,192.02,184.73,189.48
2025-04-03,SOXX.US,etf,iShares Semiconductor ETF,United States,,179.75,181.14,169.99,170.36
2025-04-04,SOXX.US,etf,iShares Semiconductor ETF,United States,,163.92,165.765,154.61,157.63
2025-04-07,SOXX.US,etf,iShares Semiconductor ETF,United States,,152.03,170.42,148.31,161.27
2025-04-08,SOXX.US,etf,iShares Semiconductor ETF,United States,,167.64,169.85,151.11,154.86
2025-04-09,SOXX.US,etf,iShares Semiconductor ETF,United States,,156.1,185.56,154.94,183.62
2025-04-10,SOXX.US,etf,iShares Semiconductor ETF,United States,,174.56,175.65,162.39,168.61
2025-04-11,SOXX.US,etf,iShares Semiconductor ETF,United States,,166.975,173.11,164.42,172.26
2025-04-14,SOXX.US,etf,iShares Semiconductor ETF,United States,,177.55,177.55,170.79,173.4
2025-04-15,SOXX.US,etf,iShares Semiconductor ETF,United States,,174.32,176.625,173.25,174.11
2025-04-16,SOXX.US,etf,iShares Semiconductor ETF,United States,,166.33,169.58,161.83,167.39
2025-04-17,SOXX.US,etf,iShares Semiconductor ETF,United States,,168.57,168.75,164.81,166.55
2025-04-21,SOXX.US,etf,iShares Semiconductor ETF,United States,,163.14,163.9,160.26,163.64
2025-04-22,SOXX.US,etf,iShares Semiconductor ETF,United States,,165.23,168.02,164.62,166.82
2025-04-23,SOXX.US,etf,iShares Semiconductor ETF,United States,,175.25,177.14,172.35,173.07
2025-04-24,SOXX.US,etf,iShares Semiconductor ETF,United States,,177.8,183.56,176.54,183.03
2025-04-25,SOXX.US,etf,iShares Semiconductor ETF,United States,,181.2,186.12,180.66,184.81
2025-04-28,SOXX.US,etf,iShares Semiconductor ETF,United States,,183.89,185.76,180.44,184.48
2025-04-29,SOXX.US,etf,iShares Semiconductor ETF,United States,,182.24,184.54,181.2516,182.51
2025-04-30,SOXX.US,etf,iShares Semiconductor ETF,United States,,178.0,184.38,176.7686,183.84
2025-05-01,SOXX.US,etf,iShares Semiconductor ETF,United States,,186.0,187.35,183.47,183.59
2025-05-02,SOXX.US,etf,iShares Semiconductor ETF,United States,,187.95,191.87,187.83,190.03
2025-05-05,SOXX.US,etf,iShares Semiconductor ETF,United States,,188.19,190.46,187.925,188.57
2025-05-06,SOXX.US,etf,iShares Semiconductor ETF,United States,,185.26,188.25,184.268,186.77
2025-05-07,SOXX.US,etf,iShares Semiconductor ETF,United States,,186.58,190.58,184.81,190.04
2025-05-08,SOXX.US,etf,iShares Semiconductor ETF,United States,,192.51,195.035,190.47,191.74
2025-05-09,SOXX.US,etf,iShares Semiconductor ETF,United States,,194.475,195.63,192.28,193.94
2025-05-12,SOXX.US,etf,iShares Semiconductor ETF,United States,,206.8,209.39,204.99,207.87
2025-05-13,SOXX.US,etf,iShares Semiconductor ETF,United States,,208.7,214.82,208.41,213.76
2025-05-14,SOXX.US,etf,iShares Semiconductor ETF,United States,,215.21,216.7,213.21,214.79
2025-05-15,SOXX.US,etf,iShares Semiconductor ETF,United States,,212.69,215.0,210.91,213.41
2025-05-16,SOXX.US,etf,iShares Semiconductor ETF,United States,,213.56,213.56,210.68,213.13
2025-05-19,SOXX.US,etf,iShares Semiconductor ETF,United States,,208.22,212.39,208.17,211.85
2025-05-20,SOXX.US,etf,iShares Semiconductor ETF,United States,,210.04,211.62,209.41,211.54
2025-05-21,SOXX.US,etf,iShares Semiconductor ETF,United States,,209.75,213.9,206.35,207.67
2025-05-22,SOXX.US,etf,iShares Semiconductor ETF,United States,,207.525,209.47,205.58,205.75
2025-05-23,SOXX.US,etf,iShares Semiconductor ETF,United States,,200.47,203.66,199.93,202.56
2025-05-27,SOXX.US,etf,iShares Semiconductor ETF,United States,,206.96,210.23,205.27,209.29
2025-05-28,SOXX.US,etf,iShares Semiconductor ETF,United States,,209.84,210.46,207.75,208.24
2025-05-29,SOXX.US,etf,iShares Semiconductor ETF,United States,,213.025,213.17,207.75,209.09
2025-05-30,SOXX.US,etf,iShares Semiconductor ETF,United States,,207.815,207.87,201.115,204.94
2025-06-02,SOXX.US,etf,iShares Semiconductor ETF,United States,,204.42,208.83,204.29,208.03
2025-06-03,SOXX.US,etf,iShares Semiconductor ETF,United States,,208.145,214.14,206.71,213.62
2025-06-04,SOXX.US,etf,iShares Semiconductor ETF,United States,,215.39,217.62,213.54,216.8
2025-06-05,SOXX.US,etf,iShares Semiconductor ETF,United States,,218.47,220.28,214.41,215.89
2025-06-06,SOXX.US,etf,iShares Semiconductor ETF,United States,,218.0,220.23,217.21,217.34
2025-06-09,SOXX.US,etf,iShares Semiconductor ETF,United States,,219.325,224.41,219.13,222.46
2025-06-10,SOXX.US,etf,iShares Semiconductor ETF,United States,,223.54,228.08,222.99,227.32
2025-06-11,SOXX.US,etf,iShares Semiconductor ETF,United States,,228.9,229.8,224.27,226.56
2025-06-12,SOXX.US,etf,iShares Semiconductor ETF,United States,,224.94,228.0,224.6,226.87
2025-06-13,SOXX.US,etf,iShares Semiconductor ETF,United States,,221.99,224.58,220.3,220.96
2025-06-16,SOXX.US,etf,iShares Semiconductor ETF,United States,,223.585,228.58,223.24,227.44
2025-06-17,SOXX.US,etf,iShares Semiconductor ETF,United States,,226.45,229.64,225.48,225.64
2025-06-18,SOXX.US,etf,iShares Semiconductor ETF,United States,,226.85,229.19,225.1,226.56
2025-06-20,SOXX.US,etf,iShares Semiconductor ETF,United States,,228.79,229.08,222.16,225.11
2025-06-23,SOXX.US,etf,iShares Semiconductor ETF,United States,,225.015,227.89,221.86,226.51
2025-06-24,SOXX.US,etf,iShares Semiconductor ETF,United States,,230.57,235.36,230.46,235.1
2025-06-25,SOXX.US,etf,iShares Semiconductor ETF,United States,,236.66,237.24,234.8,237.21
2025-06-26,SOXX.US,etf,iShares Semiconductor ETF,United States,,239.035,239.65,237.18,239.07
2025-06-27,SOXX.US,etf,iShares Semiconductor ETF,United States,,239.31,241.2338,236.37,238.86
2025-06-30,SOXX.US,etf,iShares Semiconductor ETF,United States,,240.165,240.165,237.56,238.7
2025-07-01,SOXX.US,etf,iShares Semiconductor ETF,United States,,236.7,239.18,234.08,237.62
2025-07-02,SOXX.US,etf,iShares Semiconductor ETF,United States,,237.09,243.12,237.0,242.14
2025-07-03,SOXX.US,etf,iShares Semiconductor ETF,United States,,243.15,244.198,242.7,243.34
2025-07-07,SOXX.US,etf,iShares Semiconductor ETF,United States,,241.29,242.13,237.75,238.78
2025-07-08,SOXX.US,etf,iShares Semiconductor ETF,United States,,241.06,245.4,240.11,243.34
2025-07-09,SOXX.US,etf,iShares Semiconductor ETF,United States,,244.01,246.53,241.88,244.12
2025-07-10,SOXX.US,etf,iShares Semiconductor ETF,United States,,246.415,247.52,244.2701,246.55
2025-07-11,SOXX.US,etf,iShares Semiconductor ETF,United States,,245.01,247.0695,244.055,246.17
2025-07-14,SOXX.US,etf,iShares Semiconductor ETF,United States,,244.15,244.735,240.35,243.83
2025-07-15,SOXX.US,etf,iShares Semiconductor ETF,United States,,248.79,249.96,246.1,246.26
2025-07-16,SOXX.US,etf,iShares Semiconductor ETF,United States,,244.28,245.67,239.215,245.59
2025-07-17,SOXX.US,etf,iShares Semiconductor ETF,United States,,245.535,247.13,243.905,246.53
2025-07-18,SOXX.US,etf,iShares Semiconductor ETF,United States,,247.95,248.37,244.88,246.73
2025-07-21,SOXX.US,etf,iShares Semiconductor ETF,United States,,247.355,250.19,246.95,246.95
2025-07-22,SOXX.US,etf,iShares Semiconductor ETF,United States,,246.04,246.5,240.69,243.54
2025-07-23,SOXX.US,etf,iShares Semiconductor ETF,United States,,241.715,242.4,239.06,242.06
2025-07-24,SOXX.US,etf,iShares Semiconductor ETF,United States,,241.59,242.09,239.46,241.56
2025-07-25,SOXX.US,etf,iShares Semiconductor ETF,United States,,240.1,241.67,239.0963,241.54
2025-07-28,SOXX.US,etf,iShares Semiconductor ETF,United States,,244.21,246.0,243.91,245.75
2025-07-29,SOXX.US,etf,iShares Semiconductor ETF,United States,,247.29,249.53,244.5,246.19
2025-07-30,SOXX.US,etf,iShares Semiconductor ETF,United States,,248.36,249.5,245.87,247.95
2025-07-31,SOXX.US,etf,iShares Semiconductor ETF,United States,,245.04,245.2946,237.66,240.03
2025-08-01,SOXX.US,etf,iShares Semiconductor ETF,United States,,235.505,239.61,232.33,237.24
2025-08-04,SOXX.US,etf,iShares Semiconductor ETF,United States,,238.76,240.855,237.77,240.4
2025-08-05,SOXX.US,etf,iShares Semiconductor ETF,United States,,241.76,242.45,235.88,238.73
2025-08-06,SOXX.US,etf,iShares Semiconductor ETF,United States,,236.56,237.46,233.67,236.93
2025-08-07,SOXX.US,etf,iShares Semiconductor ETF,United States,,242.04,243.37,238.89,240.84
2025-08-08,SOXX.US,etf,iShares Semiconductor ETF,United States,,241.005,243.18,240.29,242.87
2025-08-11,SOXX.US,etf,iShares Semiconductor ETF,United States,,243.78,246.51,241.95,242.41
2025-08-12,SOXX.US,etf,iShares Semiconductor ETF,United States,,244.24,250.38,242.71,250.16
2025-08-13,SOXX.US,etf,iShares Semiconductor ETF,United States,,252.133,254.1,251.04,253.88
2025-08-14,SOXX.US,etf,iShares Semiconductor ETF,United States,,250.36,255.06,250.05,254.14
2025-08-15,SOXX.US,etf,iShares Semiconductor ETF,United States,,252.19,252.27,247.62,248.32
2025-08-18,SOXX.US,etf,iShares Semiconductor ETF,United States,,247.54,249.34,247.48,249.05
2025-08-19,SOXX.US,etf,iShares Semiconductor ETF,United States,,249.07,250.04,244.72,245.15
2025-08-20,SOXX.US,etf,iShares Semiconductor ETF,United States,,244.635,244.635,237.1,243.74
2025-08-21,SOXX.US,etf,iShares Semiconductor ETF,United States,,242.47,244.12,241.0,242.36
2025-08-22,SOXX.US,etf,iShares Semiconductor ETF,United States,,243.12,251.99,242.44,249.09
2025-08-25,SOXX.US,etf,iShares Semiconductor ETF,United States,,248.85,249.63,247.27,248.51
2025-08-26,SOXX.US,etf,iShares Semiconductor ETF,United States,,249.57,251.61,249.51,250.85
2025-08-27,SOXX.US,etf,iShares Semiconductor ETF,United States,,249.88,251.6599,248.82,251.34
2025-08-28,SOXX.US,etf,iShares Semiconductor ETF,United States,,252.315,254.32,250.9,252.55
2025-08-29,SOXX.US,etf,iShares Semiconductor ETF,United States,,248.94,248.94,244.17,245.32
2025-09-02,SOXX.US,etf,iShares Semiconductor ETF,United States,,238.67,242.93,238.15,242.83
2025-09-03,SOXX.US,etf,iShares Semiconductor ETF,United States,,243.23,243.42,239.23,241.68
2025-09-04,SOXX.US,etf,iShares Semiconductor ETF,United States,,240.06,244.52,238.75,244.17
2025-09-05,SOXX.US,etf,iShares Semiconductor ETF,United States,,247.85,248.5,244.13,247.05
2025-09-08,SOXX.US,etf,iShares Semiconductor ETF,United States,,248.405,249.92,247.56,248.85
2025-09-09,SOXX.US,etf,iShares Semiconductor ETF,United States,,249.105,249.675,247.23,249.06
2025-09-10,SOXX.US,etf,iShares Semiconductor ETF,United States,,253.03,254.21,251.86,253.45
2025-09-11,SOXX.US,etf,iShares Semiconductor ETF,United States,,254.81,256.51,254.62,255.19
2025-09-12,SOXX.US,etf,iShares Semiconductor ETF,United States,,255.81,256.4,254.16,255.64
2025-09-15,SOXX.US,etf,iShares Semiconductor ETF,United States,,255.2,257.84,254.53,257.8
2025-09-16,SOXX.US,etf,iShares Semiconductor ETF,United States,,258.29,259.05,256.58,258.58
2025-09-17,SOXX.US,etf,iShares Semiconductor ETF,United States,,257.94,260.74,254.83,258.53
2025-09-18,SOXX.US,etf,iShares Semiconductor ETF,United States,,265.06,268.98,264.14,267.57
2025-09-19,SOXX.US,etf,iShares Semiconductor ETF,United States,,267.295,267.4,263.6,265.86
2025-09-22,SOXX.US,etf,iShares Semiconductor ETF,United States,,266.65,270.66,266.58,269.83
2025-09-23,SOXX.US,etf,iShares Semiconductor ETF,United States,,270.79,272.13,267.91,269.51
2025-09-24,SOXX.US,etf,iShares Semiconductor ETF,United States,,268.74,269.755,265.61,269.1
2025-09-25,SOXX.US,etf,iShares Semiconductor ETF,United States,,264.58,268.94,261.8,268.24
2025-09-26,SOXX.US,etf,iShares Semiconductor ETF,United States,,268.53,269.42,265.74,268.83
2025-09-29,SOXX.US,etf,iShares Semiconductor ETF,United States,,271.72,272.8,268.865,268.93
2025-09-30,SOXX.US,etf,iShares Semiconductor ETF,United States,,268.85,271.445,267.76,271.12
2025-10-01,SOXX.US,etf,iShares Semiconductor ETF,United States,,269.38,276.695,268.88,276.34
2025-10-02,SOXX.US,etf,iShares Semiconductor ETF,United States,,281.5,282.54,279.61,281.69
2025-10-03,SOXX.US,etf,iShares Semiconductor ETF,United States,,282.95,284.34,278.48,279.96
2025-10-06,SOXX.US,etf,iShares Semiconductor ETF,United States,,290.99,292.51,288.35,288.36
2025-10-07,SOXX.US,etf,iShares Semiconductor ETF,United States,,290.975,291.48,281.53,281.91
2025-10-08,SOXX.US,etf,iShares Semiconductor ETF,United States,,281.995,291.86,281.48,291.54
2025-10-09,SOXX.US,etf,iShares Semiconductor ETF,United States,,291.085,291.6125,287.47,290.19
2025-10-10,SOXX.US,etf,iShares Semiconductor ETF,United States,,290.82,291.63,271.46,271.99
2025-10-13,SOXX.US,etf,iShares Semiconductor ETF,United States,,282.78,285.95,280.34,284.87
2025-10-14,SOXX.US,etf,iShares Semiconductor ETF,United States,,278.5,284.77,277.36,279.03
2025-10-15,SOXX.US,etf,iShares Semiconductor ETF,United States,,286.25,288.015,281.84,287.64
2025-10-16,SOXX.US,etf,iShares Semiconductor ETF,United States,,291.075,292.26,285.94,288.98
2025-10-17,SOXX.US,etf,iShares Semiconductor ETF,United States,,286.89,289.635,283.7193,288.17
2025-10-20,SOXX.US,etf,iShares Semiconductor ETF,United States,,290.61,295.0,290.495,292.97
2025-10-21,SOXX.US,etf,iShares Semiconductor ETF,United States,,292.5,292.7,289.22,291.33
2025-10-22,SOXX.US,etf,iShares Semiconductor ETF,United States,,288.11,289.825,278.46,284.13
2025-10-23,SOXX.US,etf,iShares Semiconductor ETF,United States,,282.49,291.86,282.25,291.06
2025-10-24,SOXX.US,etf,iShares Semiconductor ETF,United States,,296.33,298.22,295.44,295.86
2025-10-27,SOXX.US,etf,iShares Semiconductor ETF,United States,,301.43,305.01,300.405,304.08
2025-10-28,SOXX.US,etf,iShares Semiconductor ETF,United States,,303.46,305.97,302.38,304.45
2025-10-29,SOXX.US,etf,iShares Semiconductor ETF,United States,,309.865,312.7897,306.97,309.6
2025-10-30,SOXX.US,etf,iShares Semiconductor ETF,United States,,307.94,311.12,305.38,305.41
2025-10-31,SOXX.US,etf,iShares Semiconductor ETF,United States,,308.7,311.3225,304.26,306.55
2025-11-03,SOXX.US,etf,iShares Semiconductor ETF,United States,,310.4,311.7525,307.13,308.38
2025-11-04,SOXX.US,etf,iShares Semiconductor ETF,United States,,300.34,304.745,295.55,296.26
2025-11-05,SOXX.US,etf,iShares Semiconductor ETF,United States,,297.21,309.17,296.89,305.47
2025-11-06,SOXX.US,etf,iShares Semiconductor ETF,United States,,305.0,305.89,295.35,297.5
2025-11-07,SOXX.US,etf,iShares Semiconductor ETF,United States,,292.64,294.45,283.59,294.38
2025-11-10,SOXX.US,etf,iShares Semiconductor ETF,United States,,302.44,303.36,298.54,302.0
2025-11-11,SOXX.US,etf,iShares Semiconductor ETF,United States,,299.04,300.02,294.69,295.15
2025-11-12,SOXX.US,etf,iShares Semiconductor ETF,United States,,300.22,301.69,297.5,299.67
2025-11-13,SOXX.US,etf,iShares Semiconductor ETF,United States,,295.94,297.13,286.45,289.38
2025-11-14,SOXX.US,etf,iShares Semiconductor ETF,United States,,280.62,292.8,279.41,288.52
2025-11-17,SOXX.US,etf,iShares Semiconductor ETF,United States,,286.07,291.53,280.24,283.56
2025-11-18,SOXX.US,etf,iShares Semiconductor ETF,United States,,279.54,281.405,274.09,276.98
2025-11-19,SOXX.US,etf,iShares Semiconductor ETF,United States,,278.14,285.14,276.82,281.61
2025-11-20,SOXX.US,etf,iShares Semiconductor ETF,United States,,288.9,289.99,267.0,268.1
2025-11-21,SOXX.US,etf,iShares Semiconductor ETF,United States,,268.265,274.76,260.44,270.83
2025-11-24,SOXX.US,etf,iShares Semiconductor ETF,United States,,273.78,284.05,273.615,282.7
2025-11-25,SOXX.US,etf,iShares Semiconductor ETF,United States,,278.955,284.34,272.76,283.58
2025-11-26,SOXX.US,etf,iShares Semiconductor ETF,United States,,286.72,294.08,286.61,291.39
2025-11-28,SOXX.US,etf,iShares Semiconductor ETF,United States,,293.25,296.99,291.83,296.74
2025-12-01,SOXX.US,etf,iShares Semiconductor ETF,United States,,292.87,299.42,292.53,296.92
2025-12-02,SOXX.US,etf,iShares Semiconductor ETF,United States,,300.445,304.84,298.69,302.84
2025-12-03,SOXX.US,etf,iShares Semiconductor ETF,United States,,304.5,309.57,301.465,309.36
2025-12-04,SOXX.US,etf,iShares Semiconductor ETF,United States,,307.84,308.27,304.5919,306.28
2025-12-05,SOXX.US,etf,iShares Semiconductor ETF,United States,,309.295,312.83,308.93,309.4
2025-12-08,SOXX.US,etf,iShares Semiconductor ETF,United States,,311.925,314.0799,309.865,312.76
2025-12-09,SOXX.US,etf,iShares Semiconductor ETF,United States,,310.78,312.85,309.435,312.18
2025-12-10,SOXX.US,etf,iShares Semiconductor ETF,United States,,312.005,317.35,310.56,316.33
2025-12-11,SOXX.US,etf,iShares Semiconductor ETF,United States,,312.8,314.775,305.79,314.52
2025-12-12,SOXX.US,etf,iShares Semiconductor ETF,United States,,310.8,311.6,297.96,299.48
2025-12-15,SOXX.US,etf,iShares Semiconductor ETF,United States,,302.595,303.5,297.23,298.01
2025-12-16,SOXX.US,etf,iShares Semiconductor ETF,United States,,296.705,298.92,293.08,296.2
2025-12-17,SOXX.US,etf,iShares Semiconductor ETF,United States,,297.32,298.18,284.43,285.23
2025-12-18,SOXX.US,etf,iShares Semiconductor ETF,United States,,295.72,296.96,290.835,292.04
2025-12-19,SOXX.US,etf,iShares Semiconductor ETF,United States,,294.67,301.69,294.5,299.81
2025-12-22,SOXX.US,etf,iShares Semiconductor ETF,United States,,306.725,306.938,302.55,303.84
2025-12-23,SOXX.US,etf,iShares Semiconductor ETF,United States,,302.21,305.12,301.37,304.96
2025-12-24,SOXX.US,etf,iShares Semiconductor ETF,United States,,304.995,306.5,304.71,306.14
2025-12-26,SOXX.US,etf,iShares Semiconductor ETF,United States,,307.4,307.5399,305.29,306.04
2025-12-29,SOXX.US,etf,iShares Semiconductor ETF,United States,,303.37,306.46,301.885,305.32
2025-12-30,SOXX.US,etf,iShares Semiconductor ETF,United States,,306.08,307.48,304.7,304.92
2025-12-31,SOXX.US,etf,iShares Semiconductor ETF,United States,,305.635,306.12,301.11,301.15
2026-01-02,SOXX.US,etf,iShares Semiconductor ETF,United States,,308.56,315.81,308.56,313.69
2026-01-05,SOXX.US,etf,iShares Semiconductor ETF,United States,,320.7,322.64,316.88,318.06
2026-01-06,SOXX.US,etf,iShares Semiconductor ETF,United States,,322.07,329.15,322.0,328.35
2026-01-07,SOXX.US,etf,iShares Semiconductor ETF,United States,,325.05,325.95,322.11,324.89
2026-01-08,SOXX.US,etf,iShares Semiconductor ETF,United States,,324.19,324.19,316.4,319.58
2026-01-09,SOXX.US,etf,iShares Semiconductor ETF,United States,,322.8,330.67,321.11,328.78
2026-01-12,SOXX.US,etf,iShares Semiconductor ETF,United States,,325.695,331.38,325.53,330.35
2026-01-13,SOXX.US,etf,iShares Semiconductor ETF,United States,,332.85,336.42,331.89,333.3
2026-01-14,SOXX.US,etf,iShares Semiconductor ETF,United States,,331.03,331.99,327.175,331.9
2026-01-15,SOXX.US,etf,iShares Semiconductor ETF,United States,,343.1,344.55,337.22,337.22
2026-01-16,SOXX.US,etf,iShares Semiconductor ETF,United States,,343.505,345.41,340.22,342.47
2026-01-20,SOXX.US,etf,iShares Semiconductor ETF,United States,,336.2,343.19,335.96,337.35
2026-01-21,SOXX.US,etf,iShares Semiconductor ETF,United States,,341.84,351.33,340.3,348.14
2026-01-22,SOXX.US,etf,iShares Semiconductor ETF,United States,,354.355,354.6,347.37,348.67
2026-01-23,SOXX.US,etf,iShares Semiconductor ETF,United States,,346.39,348.03,342.17,344.71
2026-01-26,SOXX.US,etf,iShares Semiconductor ETF,United States,,343.29,345.5,341.13,343.07
2026-01-27,SOXX.US,etf,iShares Semiconductor ETF,United States,,348.16,353.2,346.65,351.08
2026-01-28,SOXX.US,etf,iShares Semiconductor ETF,United States,,358.53,362.04,356.715,360.46
2026-01-29,SOXX.US,etf,iShares Semiconductor ETF,United States,,361.18,363.8,347.72,361.13
2026-01-30,SOXX.US,etf,iShares Semiconductor ETF,United States,,356.0,360.19,343.71,346.3
2026-02-02,SOXX.US,etf,iShares Semiconductor ETF,United States,,342.37,356.11,341.9,352.69
2026-02-03,SOXX.US,etf,iShares Semiconductor ETF,United States,,355.905,357.12,338.09,345.64
2026-02-04,SOXX.US,etf,iShares Semiconductor ETF,United States,,342.18,345.39,323.33,330.38
2026-02-05,SOXX.US,etf,iShares Semiconductor ETF,United States,,326.54,335.47,324.04,330.83
2026-02-06,SOXX.US,etf,iShares Semiconductor ETF,United States,,337.395,349.56,335.87,348.51
2026-02-09,SOXX.US,etf,iShares Semiconductor ETF,United States,,344.84,354.74,343.88,352.77
2026-02-10,SOXX.US,etf,iShares Semiconductor ETF,United States,,353.52,355.04,348.12,351.43
2026-02-11,SOXX.US,etf,iShares Semiconductor ETF,United States,,358.815,362.28,351.4,360.2
2026-02-12,SOXX.US,etf,iShares Semiconductor ETF,United States,,363.455,365.38,351.05,351.5
2026-02-13,SOXX.US,etf,iShares Semiconductor ETF,United States,,352.8,357.61,348.675,354.66
2026-02-17,SOXX.US,etf,iShares Semiconductor ETF,United States,,349.805,357.1,345.32,354.1
2026-02-18,SOXX.US,etf,iShares Semiconductor ETF,United States,,355.815,361.665,353.6,357.92
2026-02-19,SOXX.US,etf,iShares Semiconductor ETF,United States,,354.175,356.32,351.77,355.84
2026-02-20,SOXX.US,etf,iShares Semiconductor ETF,United States,,353.59,361.33,352.8,359.43
2026-02-23,SOXX.US,etf,iShares Semiconductor ETF,United States,,357.57,360.38,352.85,356.82
2026-02-24,SOXX.US,etf,iShares Semiconductor ETF,United States,,361.6,364.74,358.04,362.04
2026-02-25,SOXX.US,etf,iShares Semiconductor ETF,United States,,366.195,368.82,365.51,368.0
2026-02-26,SOXX.US,etf,iShares Semiconductor ETF,United States,,366.38,366.48,350.41,356.8
2026-02-27,SOXX.US,etf,iShares Semiconductor ETF,United States,,349.6,354.03,348.34,352.29
2026-03-02,SOXX.US,etf,iShares Semiconductor ETF,United States,,343.79,352.33,343.34,352.05
2026-03-03,SOXX.US,etf,iShares Semiconductor ETF,United States,,338.09,339.31,330.89,334.78
2026-03-04,SOXX.US,etf,iShares Semiconductor ETF,United States,,339.96,343.81,336.79,341.55
2026-03-05,SOXX.US,etf,iShares Semiconductor ETF,United States,,338.9,343.72,330.57,337.67
2026-03-06,SOXX.US,etf,iShares Semiconductor ETF,United States,,328.4,335.04,321.49,323.44
2026-03-09,SOXX.US,etf,iShares Semiconductor ETF,United States,,318.31,337.17,316.22,336.37
2026-03-10,SOXX.US,etf,iShares Semiconductor ETF,United States,,336.31,345.56,336.31,338.81
2026-03-11,SOXX.US,etf,iShares Semiconductor ETF,United States,,340.5,345.4,340.45,342.09
2026-03-12,SOXX.US,etf,iShares Semiconductor ETF,United States,,337.34,337.55,328.64,330.19
2026-03-13,SOXX.US,etf,iShares Semiconductor ETF,United States,,333.875,338.4,329.79,331.32
2026-03-16,SOXX.US,etf,iShares Semiconductor ETF,United States,,338.89,342.04,336.32,337.83
2026-03-17,SOXX.US,etf,iShares Semiconductor ETF,United States,,340.56,341.16,336.79,340.25
2026-03-18,SOXX.US,etf,iShares Semiconductor ETF,United States,,340.525,343.44,338.29,338.29
2026-03-19,SOXX.US,etf,iShares Semiconductor ETF,United States,,328.76,342.77,326.76,340.2
2026-03-20,SOXX.US,etf,iShares Semiconductor ETF,United States,,339.71,341.25,327.94,332.51
2026-03-23,SOXX.US,etf,iShares Semiconductor ETF,United States,,340.115,344.93,335.12,336.59
2026-03-24,SOXX.US,etf,iShares Semiconductor ETF,United States,,333.79,343.22,333.62,341.02
2026-03-25,SOXX.US,etf,iShares Semiconductor ETF,United States,,344.17,347.68,342.14,345.25
2026-03-26,SOXX.US,etf,iShares Semiconductor ETF,United States,,339.45,339.885,328.52,328.85
2026-03-27,SOXX.US,etf,iShares Semiconductor ETF,United States,,326.84,329.95,322.16,323.48
2026-03-30,SOXX.US,etf,iShares Semiconductor ETF,United States,,326.75,327.63,307.255,309.79
2026-03-31,SOXX.US,etf,iShares Semiconductor ETF,United States,,315.595,329.18,314.88,328.66
2026-04-01,SOXX.US,etf,iShares Semiconductor ETF,United States,,333.49,342.65,332.35,338.54
2026-04-02,SOXX.US,etf,iShares Semiconductor ETF,United States,,325.11,340.39,325.03,339.61
2026-04-06,SOXX.US,etf,iShares Semiconductor ETF,United States,,341.52,345.77,339.92,344.1
2026-04-07,SOXX.US,etf,iShares Semiconductor ETF,United States,,343.035,347.94,338.47,347.76
2026-04-08,SOXX.US,etf,iShares Semiconductor ETF,United States,,367.89,371.15,362.13,370.4
2026-04-09,SOXX.US,etf,iShares Semiconductor ETF,United States,,371.295,378.95,371.295,378.63
2026-04-10,SOXX.US,etf,iShares Semiconductor ETF,United States,,382.67,389.6025,382.67,386.6
2026-04-13,SOXX.US,etf,iShares Semiconductor ETF,United States,,384.88,393.57,384.37,393.34
2026-04-14,SOXX.US,etf,iShares Semiconductor ETF,United States,,397.835,401.4445,393.51,401.24
2026-04-15,SOXX.US,etf,iShares Semiconductor ETF,United States,,400.31,402.09,392.39,401.86
2026-04-16,SOXX.US,etf,iShares Semiconductor ETF,United States,,400.6,407.48,397.99,405.95
2026-04-17,SOXX.US,etf,iShares Semiconductor ETF,United States,,413.38,415.73,409.58,415.71
2026-04-20,SOXX.US,etf,iShares Semiconductor ETF,United States,,417.43,418.86,411.79,417.55
2026-04-21,SOXX.US,etf,iShares Semiconductor ETF,United States,,420.4,423.35,416.67,420.7
2026-04-22,SOXX.US,etf,iShares Semiconductor ETF,United States,,427.26,432.16,422.82,431.77
2026-04-23,SOXX.US,etf,iShares Semiconductor ETF,United States,,435.34,446.64,434.04,441.0
2026-04-24,SOXX.US,etf,iShares Semiconductor ETF,United States,,457.59,463.87,450.97,461.6
2026-04-27,SOXX.US,etf,iShares Semiconductor ETF,United States,,461.75,463.0,448.93,455.41
2026-04-28,SOXX.US,etf,iShares Semiconductor ETF,United States,,437.625,446.14,431.74,438.71
2026-04-29,SOXX.US,etf,iShares Semiconductor ETF,United States,,445.26,450.37,442.4109,449.99
2026-04-30,SOXX.US,etf,iShares Semiconductor ETF,United States,,455.695,462.14,449.34,461.44
2026-05-01,SOXX.US,etf,iShares Semiconductor ETF,United States,,458.47,466.91,455.07,465.75
2026-05-04,SOXX.US,etf,iShares Semiconductor ETF,United States,,467.93,469.61,457.81,462.06
2026-05-05,SOXX.US,etf,iShares Semiconductor ETF,United States,,471.14,486.1808,470.23,482.73
2026-05-06,SOXX.US,etf,iShares Semiconductor ETF,United States,,497.96,506.94,487.86,506.87
2026-05-07,SOXX.US,etf,iShares Semiconductor ETF,United States,,502.93,503.68,488.131,492.36
2026-05-08,SOXX.US,etf,iShares Semiconductor ETF,United States,,504.24,520.46,502.75,520.3
2026-05-11,SOXX.US,etf,iShares Semiconductor ETF,United States,,524.08,533.74,521.66,532.76
2026-05-12,SOXX.US,etf,iShares Semiconductor ETF,United States,,520.85,525.15,495.71,515.99
2026-05-13,SOXX.US,etf,iShares Semiconductor ETF,United States,,527.615,532.25,515.94,528.29
2026-05-14,SOXX.US,etf,iShares Semiconductor ETF,United States,,526.495,533.13,522.21,530.03
2026-05-15,SOXX.US,etf,iShares Semiconductor ETF,United States,,511.67,518.7899,506.26,508.52
2026-05-18,SOXX.US,etf,iShares Semiconductor ETF,United States,,518.0,519.96,486.92,495.87
2026-05-19,SOXX.US,etf,iShares Semiconductor ETF,United States,,484.4,506.04,477.95,496.74
2026-05-20,SOXX.US,etf,iShares Semiconductor ETF,United States,,507.73,520.54,506.55,520.31
2026-05-21,SOXX.US,etf,iShares Semiconductor ETF,United States,,518.17,526.78,515.0,524.71
2026-05-22,SOXX.US,etf,iShares Semiconductor ETF,United States,,531.88,541.89,530.17,537.33
2026-05-26,SOXX.US,etf,iShares Semiconductor ETF,United States,,556.99,572.95,555.41,570.09
2026-05-27,SOXX.US,etf,iShares Semiconductor ETF,United States,,584.38,584.5,551.89,563.98
2026-05-28,SOXX.US,etf,iShares Semiconductor ETF,United States,,564.32,575.8,554.825,569.47
2026-05-29,SOXX.US,etf,iShares Semiconductor ETF,United States,,576.44,582.23,564.6,569.08
2026-06-01,SOXX.US,etf,iShares Semiconductor ETF,United States,,563.67,577.99,557.38,571.93
2026-06-02,SOXX.US,etf,iShares Semiconductor ETF,United States,,585.17,605.44,581.925,605.02
2026-06-03,SOXX.US,etf,iShares Semiconductor ETF,United States,,616.21,618.84,598.01,615.68
2026-06-04,SOXX.US,etf,iShares Semiconductor ETF,United States,,587.64,611.26,577.54,602.72
2026-06-05,SOXX.US,etf,iShares Semiconductor ETF,United States,,577.86,580.5,539.57,539.77
2026-06-08,SOXX.US,etf,iShares Semiconductor ETF,United States,,569.765,581.3799,560.79,571.45
2026-06-09,SOXX.US,etf,iShares Semiconductor ETF,United States,,585.45,588.58,522.24,562.14
2026-06-10,SOXX.US,etf,iShares Semiconductor ETF,United States,,551.66,572.51,539.38,541.51
2026-06-11,SOXX.US,etf,iShares Semiconductor ETF,United States,,555.42,588.0,554.81,586.93
2026-06-12,SOXX.US,etf,iShares Semiconductor ETF,United States,,584.11,602.69,578.53,596.25
2026-06-15,SOXX.US,etf,iShares Semiconductor ETF,United States,,622.61,629.7199,618.45,628.45
2026-06-16,SOXX.US,etf,iShares Semiconductor ETF,United States,,623.84,629.64,590.63,591.24
2026-06-17,SOXX.US,etf,iShares Semiconductor ETF,United States,,611.56,621.99,598.95,599.73
2026-06-18,SOXX.US,etf,iShares Semiconductor ETF,United States,,626.52,644.43,626.15,639.45
2026-06-22,SOXX.US,etf,iShares Semiconductor ETF,United States,,653.955,655.95,643.93,655.01
2026-06-23,SOXX.US,etf,iShares Semiconductor ETF,United States,,607.64,619.94,598.19,603.39
2026-06-24,SOXX.US,etf,iShares Semiconductor ETF,United States,,606.19,609.69,586.66,601.5
2026-06-25,SOXX.US,etf,iShares Semiconductor ETF,United States,,637.33,638.47,598.83,625.2
2026-06-26,SOXX.US,etf,iShares Semiconductor ETF,United States,,601.44,605.89,588.51,589.94
2026-06-29,SOXX.US,etf,iShares Semiconductor ETF,United States,,593.71,615.3499,571.6,614.35
2026-06-30,SOXX.US,etf,iShares Semiconductor ETF,United States,,616.15,644.94,616.15,640.76
2026-07-01,SOXX.US,etf,iShares Semiconductor ETF,United States,,616.815,622.89,597.88,599.7
2026-07-02,SOXX.US,etf,iShares Semiconductor ETF,United States,,601.235,608.11,554.91,566.32
2026-07-06,SOXX.US,etf,iShares Semiconductor ETF,United States,,583.153,598.0,580.48,581.51
2026-07-07,SOXX.US,etf,iShares Semiconductor ETF,United States,,551.925,558.06,536.12,551.69
2026-07-08,SOXX.US,etf,iShares Semiconductor ETF,United States,,544.66,564.5,543.87,562.03
2026-07-09,SOXX.US,etf,iShares Semiconductor ETF,United States,,589.5,594.99,579.14,581.7
2026-07-10,SOXX.US,etf,iShares Semiconductor ETF,United States,,571.99,585.79,566.67,581.34
2026-07-13,SOXX.US,etf,iShares Semiconductor ETF,United States,,563.58,566.65,550.26,553.61
2026-07-14,SOXX.US,etf,iShares Semiconductor ETF,United States,,580.51,580.67,560.24,567.92
2026-07-15,SOXX.US,etf,iShares Semiconductor ETF,United States,,575.12,575.88,538.53,555.27
2026-07-16,SOXX.US,etf,iShares Semiconductor ETF,United States,,539.05,545.55,525.43,530.5
2026-07-17,SOXX.US,etf,iShares Semiconductor ETF,United States,,508.545,533.19,498.542,521.81
2026-07-20,SOXX.US,etf,iShares Semiconductor ETF,United States,,534.0,539.54,522.84,524.14
2026-07-21,SOXX.US,etf,iShares Semiconductor ETF,United States,,549.095,555.16,540.15,552.69
2026-07-22,SOXX.US,etf,iShares Semiconductor ETF,United States,,538.75,561.18,538.72,555.52
2026-07-23,SOXX.US,etf,iShares Semiconductor ETF,United States,,545.5,558.09,543.79,551.24
2026-07-24,SOXX.US,etf,iShares Semiconductor ETF,United States,,544.36,548.0,522.21,527.01
2026-07-27,SOXX.US,etf,iShares Semiconductor ETF,United States,,532.64,534.305,500.0,516.23
2026-07-28,SOXX.US,etf,iShares Semiconductor ETF,United States,,496.74,498.48,480.5,491.46
2026-07-29,SOXX.US,etf,iShares Semiconductor ETF,United States,,488.65,496.06,464.08,465.0
2026-07-30,SOXX.US,etf,iShares Semiconductor ETF,United States,,491.57,509.98,488.01,504.53
2026-07-31,SOXX.US,etf,iShares Semiconductor ETF,United States,,527.1,532.67,501.3,504.89
2026-08-03,SOXX.US,etf,iShares Semiconductor ETF,United States,,491.92,510.95,485.71,507.68
2026-08-04,SOXX.US,etf,iShares Semiconductor ETF,United States,,529.31,545.385,526.57,542.21
2026-08-05,SOXX.US,etf,iShares Semiconductor ETF,United States,,536.4,547.57,528.88,530.7
2026-08-06,SOXX.US,etf,iShares Semiconductor ETF,United States,,522.66,542.56,516.41,532.52
2026-08-07,SOXX.US,etf,iShares Semiconductor ETF,United States,,545.2,547.9038,531.27,543.27
2026-08-10,SOXX.US,etf,iShares Semiconductor ETF,United States,,545.85,547.22,529.39,529.39
2026-08-11,SOXX.US,etf,iShares Semiconductor ETF,United States,,537.91,539.05,530.1,534.2
2026-08-12,SOXX.US,etf,iShares Semiconductor ETF,United States,,553.4,554.11,546.47,546.61
2026-08-13,SOXX.US,etf,iShares Semiconductor ETF,United States,,547.14,562.25,546.4,550.74
2026-08-14,SOXX.US,etf,iShares Semiconductor ETF,United States,,549.58,552.89,542.93,550.42
2026-08-17,SOXX.US,etf,iShares Semiconductor ETF,United States,,557.92,566.02,555.84,559.12
2026-08-18,SOXX.US,etf,iShares Semiconductor ETF,United States,,537.42,541.7,523.03,531.39
2026-08-19,SOXX.US,etf,iShares Semiconductor ETF,United States,,536.26,538.0,514.49,519.67
2026-08-20,SOXX.US,etf,iShares Semiconductor ETF,United States,,518.375,525.43,515.26,522.35
2026-08-21,SOXX.US,etf,iShares Semiconductor ETF,United States,,528.15,528.99,514.66,520.05
2026-08-24,SOXX.US,etf,iShares Semiconductor ETF,United States,,511.97,512.105,498.93,506.18
2026-08-25,SOXX.US,etf,iShares Semiconductor ETF,United States,,515.91,520.1,509.66,514.06
2026-08-26,SOXX.US,etf,iShares Semiconductor ETF,United States,,512.09,516.385,509.26,515.4
2026-08-27,SOXX.US,etf,iShares Semiconductor ETF,United States,,526.06,527.78,517.0001,525.43
2026-08-28,SOXX.US,etf,iShares Semiconductor ETF,United States,,521.2,522.65,506.82,508.62
2026-08-31,SOXX.US,etf,iShares Semiconductor ETF,United States,,509.815,514.33,507.03,511.04
2026-09-01,SOXX.US,etf,iShares Semiconductor ETF,United States,,501.43,504.715,495.09,500.31
2026-09-02,SOXX.US,etf,iShares Semiconductor ETF,United States,,498.18,504.02,493.31,501.44
2026-09-03,SOXX.US,etf,iShares Semiconductor ETF,United States,,496.64,503.317,489.21,502.2
2026-09-04,SOXX.US,etf,iShares Semiconductor ETF,United States,,509.31,520.56,507.25,519.86
2026-09-08,SOXX.US,etf,iShares Semiconductor ETF,United States,,530.495,534.28,525.49,528.4
2026-09-09,SOXX.US,etf,iShares Semiconductor ETF,United States,,524.85,535.48,524.85,532.0
2026-09-10,SOXX.US,etf,iShares Semiconductor ETF,United States,,518.32,522.5,514.31,517.43
2026-09-11,SOXX.US,etf,iShares Semiconductor ETF,United States,,525.235,531.04,521.13,527.07
2026-09-14,SOXX.US,etf,iShares Semiconductor ETF,United States,,497.17,503.18,495.15,497.4
2026-09-15,SOXX.US,etf,iShares Semiconductor ETF,United States,,502.55,504.74,496.58,498.85
2026-09-16,SOXX.US,etf,iShares Semiconductor ETF,United States,,506.71,510.37,496.81,502.06
2026-09-17,SOXX.US,etf,iShares Semiconductor ETF,United States,,517.09,520.4192,514.8,519.1
2026-09-18,SOXX.US,etf,iShares Semiconductor ETF,United States,,522.71,533.32,522.38,533.07
2026-09-21,SOXX.US,etf,iShares Semiconductor ETF,United States,,545.08,562.2,541.47,559.34
2026-09-22,SOXX.US,etf,iShares Semiconductor ETF,United States,,553.76,573.52,553.36,572.78
2026-09-23,SOXX.US,etf,iShares Semiconductor ETF,United States,,570.4,571.55,557.05,565.72
2026-09-21,ZS.F,commodity_future,Soybean Futures,United States,,1304.0,1328.5,1303.5,1328.0
2026-09-22,ZS.F,commodity_future,Soybean Futures,United States,,1327.0,1331.5,1318.5,1325.5
2026-09-23,ZS.F,commodity_future,Soybean Futures,United States,,1323.75,1327.13,1311.0,1317.5
2026-07-30,^AOR,index,All Ordinaries Index,Australia,,9185.5,9185.5,9107.9,9122.695
2026-07-31,^AOR,index,All Ordinaries Index,Australia,,9207.2,9215.8,9131.7,9136.951
2026-08-03,^AOR,index,All Ordinaries Index,Australia,,9108.7,9178.4,9099.5,9178.389
2026-08-04,^AOR,index,All Ordinaries Index,Australia,,9186.1,9311.9,9186.1,9311.882
2026-08-05,^AOR,index,All Ordinaries Index,Australia,,9345.7,9407.2,9317.1,9405.377
2026-08-06,^AOR,index,All Ordinaries Index,Australia,,9409.9,9473.9,9409.9,9452.018
2026-08-07,^AOR,index,All Ordinaries Index,Australia,,9411.3,9455.1,9398.8,9445.084
2026-08-10,^AOR,index,All Ordinaries Index,Australia,,9437.4,9453.0,9395.8,9424.051
2026-08-11,^AOR,index,All Ordinaries Index,Australia,,9424.1,9474.8,9424.1,9443.74
2026-08-12,^AOR,index,All Ordinaries Index,Australia,,9405.5,9419.0,9384.0,9404.705
2026-08-13,^AOR,index,All Ordinaries Index,Australia,,9390.5,9399.9,9342.2,9381.397
2026-08-14,^AOR,index,All Ordinaries Index,Australia,,9332.8,9332.9,9288.7,9313.196
2026-08-17,^AOR,index,All Ordinaries Index,Australia,,9282.0,9315.5,9270.6,9279.043
2026-08-18,^AOR,index,All Ordinaries Index,Australia,,9268.6,9314.2,9260.8,9274.221
2026-08-19,^AOR,index,All Ordinaries Index,Australia,,9234.7,9269.2,9225.5,9255.207
2026-08-20,^AOR,index,All Ordinaries Index,Australia,,9308.1,9317.1,9275.6,9298.468
2026-08-21,^AOR,index,All Ordinaries Index,Australia,,9283.4,9291.6,9256.4,9269.697
2026-08-24,^AOR,index,All Ordinaries Index,Australia,,9307.5,9342.7,9284.7,9316.658
2026-08-25,^AOR,index,All Ordinaries Index,Australia,,9324.5,9387.2,9324.5,9374.856
2026-08-26,^AOR,index,All Ordinaries Index,Australia,,9393.3,9428.5,9338.8,9338.8
2026-08-27,^AOR,index,All Ordinaries Index,Australia,,9328.0,9329.7,9232.9,9243.219
2026-08-28,^AOR,index,All Ordinaries Index,Australia,,9261.4,9294.3,9258.6,9294.25
2026-08-31,^AOR,index,All Ordinaries Index,Australia,,9294.3,9316.7,9253.6,9271.352
2026-09-01,^AOR,index,All Ordinaries Index,Australia,,9220.5,9262.9,9214.7,9260.857
2026-09-02,^AOR,index,All Ordinaries Index,Australia,,9174.0,9174.0,9124.8,9160.333
2026-09-03,^AOR,index,All Ordinaries Index,Australia,,9160.4,9209.4,9155.6,9198.291
2026-09-04,^AOR,index,All Ordinaries Index,Australia,,9250.6,9250.6,9186.3,9195.994
2026-09-07,^AOR,index,All Ordinaries Index,Australia,,9212.7,9234.1,9191.0,9200.592
2026-09-08,^AOR,index,All Ordinaries Index,Australia,,9193.8,9193.8,9108.8,9114.277
2026-09-09,^AOR,index,All Ordinaries Index,Australia,,9118.6,9141.5,9082.3,9102.946
2026-09-10,^AOR,index,All Ordinaries Index,Australia,,9031.5,9031.5,8936.8,9008.264
2026-09-11,^AOR,index,All Ordinaries Index,Australia,,8906.4,8939.9,8881.6,8920.215
2026-09-14,^AOR,index,All Ordinaries Index,Australia,,8920.2,8944.7,8911.8,8923.864
2026-09-15,^AOR,index,All Ordinaries Index,Australia,,8909.3,8909.3,8835.2,8849.296
2026-09-16,^AOR,index,All Ordinaries Index,Australia,,8868.0,8879.1,8842.1,8874.535
2026-09-17,^AOR,index,All Ordinaries Index,Australia,,8920.2,8926.5,8878.0,8910.867
2026-09-18,^AOR,index,All Ordinaries Index,Australia,,8944.1,8955.4,8905.4,8922.716
2026-09-21,^AOR,index,All Ordinaries Index,Australia,,8922.7,8925.1,8872.1,8919.146
2026-09-22,^AOR,index,All Ordinaries Index,Australia,,8936.3,8971.7,8917.4,8950.969
2026-09-23,^AOR,index,All Ordinaries Index,Australia,,8969.4,8985.6,8940.4,8956.2
2025-01-02,^CAC,index,CAC 40,France,,7374.59,7399.25,7285.3,7393.76
2025-01-03,^CAC,index,CAC 40,France,,7387.97,7387.97,7270.57,7282.22
2025-01-06,^CAC,index,CAC 40,France,,7313.36,7454.87,7304.47,7445.69
2025-01-07,^CAC,index,CAC 40,France,,7451.34,7516.95,7417.42,7489.35
2025-01-08,^CAC,index,CAC 40,France,,7489.2,7496.51,7396.68,7452.42
2025-01-09,^CAC,index,CAC 40,France,,7421.2,7504.11,7413.15,7490.28
2025-01-10,^CAC,index,CAC 40,France,,7494.18,7521.22,7417.59,7431.04
2025-01-13,^CAC,index,CAC 40,France,,7409.56,7424.51,7353.05,7408.64
2025-01-14,^CAC,index,CAC 40,France,,7479.84,7499.77,7423.49,7423.67
2025-01-15,^CAC,index,CAC 40,France,,7447.39,7514.91,7415.52,7474.59
2025-01-16,^CAC,index,CAC 40,France,,7586.12,7634.74,7567.67,7634.74
2025-01-17,^CAC,index,CAC 40,France,,7685.04,7732.32,7667.85,7709.75
2025-01-20,^CAC,index,CAC 40,France,,7719.86,7766.24,7707.29,7733.5
2025-01-21,^CAC,index,CAC 40,France,,7724.34,7774.76,7713.26,7770.95
2025-01-22,^CAC,index,CAC 40,France,,7783.3,7873.98,7773.64,7837.4
2025-01-23,^CAC,index,CAC 40,France,,7847.12,7896.97,7829.4,7892.61
2025-01-24,^CAC,index,CAC 40,France,,7958.92,7988.85,7904.17,7927.62
2025-01-27,^CAC,index,CAC 40,France,,7874.57,7928.41,7844.41,7906.58
2025-01-28,^CAC,index,CAC 40,France,,7899.28,7955.46,7879.33,7897.37
2025-01-29,^CAC,index,CAC 40,France,,7874.72,7891.59,7848.76,7872.48
2025-01-30,^CAC,index,CAC 40,France,,7904.07,7951.85,7889.22,7941.64
2025-01-31,^CAC,index,CAC 40,France,,7950.62,7996.41,7928.84,7950.17
2025-02-03,^CAC,index,CAC 40,France,,7786.32,7875.58,7785.87,7854.92
2025-02-04,^CAC,index,CAC 40,France,,7870.29,7915.53,7808.11,7906.4
2025-02-05,^CAC,index,CAC 40,France,,7888.6,7900.71,7858.22,7891.68
2025-02-06,^CAC,index,CAC 40,France,,7918.36,8024.88,7906.36,8007.62
2025-02-07,^CAC,index,CAC 40,France,,7997.53,8027.05,7954.9,7973.03
2025-02-10,^CAC,index,CAC 40,France,,7977.76,8014.13,7971.15,8006.22
2025-02-11,^CAC,index,CAC 40,France,,8013.01,8037.24,7995.65,8028.9
2025-02-12,^CAC,index,CAC 40,France,,8044.06,8067.07,7984.72,8042.19
2025-02-13,^CAC,index,CAC 40,France,,8121.41,8176.12,8091.42,8164.11
2025-02-14,^CAC,index,CAC 40,France,,8155.45,8212.64,8155.45,8178.54
2025-02-17,^CAC,index,CAC 40,France,,8181.4,8199.04,8165.9,8189.13
2025-02-18,^CAC,index,CAC 40,France,,8205.94,8225.13,8160.61,8206.56
2025-02-19,^CAC,index,CAC 40,France,,8205.44,8208.67,8097.14,8110.54
2025-02-20,^CAC,index,CAC 40,France,,8140.78,8172.76,8107.31,8122.58
2025-02-21,^CAC,index,CAC 40,France,,8138.24,8180.72,8126.87,8154.51
2025-02-24,^CAC,index,CAC 40,France,,8154.51,,8064.67,8090.99
2025-02-25,^CAC,index,CAC 40,France,,8065.36,8107.11,8043.13,8051.07
2025-02-26,^CAC,index,CAC 40,France,,8103.73,8169.35,8084.05,8143.92
2025-02-27,^CAC,index,CAC 40,France,,8101.84,8136.86,8048.27,8102.52
2025-02-28,^CAC,index,CAC 40,France,,8047.04,8111.63,8031.48,8111.63
2025-03-03,^CAC,index,CAC 40,France,,8140.15,8257.88,8087.31,8199.71
2025-03-04,^CAC,index,CAC 40,France,,8113.13,8136.27,8001.15,8047.92
2025-03-05,^CAC,index,CAC 40,France,,8170.09,8245.24,8151.47,8173.75
2025-03-06,^CAC,index,CAC 40,France,,8226.19,8229.44,8103.54,8197.67
2025-03-07,^CAC,index,CAC 40,France,,8163.3,8177.85,8066.15,8120.8
2025-03-10,^CAC,index,CAC 40,France,,8164.61,8174.59,8039.36,8047.6
2025-03-11,^CAC,index,CAC 40,France,,8096.11,8111.22,7921.05,7941.91
2025-03-12,^CAC,index,CAC 40,France,,8006.04,8072.45,7938.85,7988.96
2025-03-13,^CAC,index,CAC 40,France,,7983.57,8032.65,7927.83,7938.21
2025-03-14,^CAC,index,CAC 40,France,,7924.22,8044.44,7916.58,8028.28
2025-03-17,^CAC,index,CAC 40,France,,8037.88,8087.6,8010.71,8073.98
2025-03-18,^CAC,index,CAC 40,France,,8100.89,8140.09,8090.63,8114.57
2025-03-19,^CAC,index,CAC 40,France,,8104.66,8181.85,8096.5,8171.47
2025-03-20,^CAC,index,CAC 40,France,,8164.09,8167.48,8062.14,8094.2
2025-03-21,^CAC,index,CAC 40,France,,8058.04,8075.44,8010.26,8042.95
2025-03-24,^CAC,index,CAC 40,France,,8105.27,8114.45,8002.34,8022.33
2025-03-25,^CAC,index,CAC 40,France,,8047.84,8142.51,8042.73,8108.59
2025-03-26,^CAC,index,CAC 40,France,,8122.17,8127.91,8025.21,8030.68
2025-03-27,^CAC,index,CAC 40,France,,7968.8,8015.89,7926.93,7990.11
2025-03-28,^CAC,index,CAC 40,France,,7949.23,7975.55,7894.62,7916.08
2025-03-31,^CAC,index,CAC 40,France,,7849.32,7853.21,7753.74,7790.71
2025-04-01,^CAC,index,CAC 40,France,,7837.45,7884.35,7814.73,7876.36
2025-04-02,^CAC,index,CAC 40,France,,7850.88,7859.41,7792.98,7858.83
2025-04-03,^CAC,index,CAC 40,France,,7689.61,7740.91,7585.0,7598.98
2025-04-04,^CAC,index,CAC 40,France,,7546.43,7552.52,7215.76,7274.95
2025-04-07,^CAC,index,CAC 40,France,,6804.84,7285.73,6763.76,6927.12
2025-04-08,^CAC,index,CAC 40,France,,7036.17,7179.49,6952.12,7100.42
2025-04-09,^CAC,index,CAC 40,France,,6902.42,6999.35,6792.57,6863.02
2025-04-10,^CAC,index,CAC 40,France,,7296.76,7384.47,7126.02,7126.02
2025-04-11,^CAC,index,CAC 40,France,,7191.48,7204.6,7007.63,7104.8
2025-04-14,^CAC,index,CAC 40,France,,7238.01,7308.76,7222.86,7273.12
2025-04-15,^CAC,index,CAC 40,France,,7263.15,7344.2,7239.73,7335.4
2025-04-16,^CAC,index,CAC 40,France,,7276.39,7332.14,7243.77,7329.97
2025-04-17,^CAC,index,CAC 40,France,,7311.91,7331.64,7257.77,7285.86
2025-04-22,^CAC,index,CAC 40,France,,7285.15,7326.47,7218.3,7326.47
2025-04-23,^CAC,index,CAC 40,France,,7403.93,7555.17,7403.93,7482.36
2025-04-24,^CAC,index,CAC 40,France,,7448.46,7507.3,7411.03,7502.78
2025-04-25,^CAC,index,CAC 40,France,,7565.35,7574.25,7525.13,7536.26
2025-04-28,^CAC,index,CAC 40,France,,7536.26,7618.55,,7573.76
2025-04-29,^CAC,index,CAC 40,France,,7570.06,7588.43,7533.57,7555.87
2025-04-30,^CAC,index,CAC 40,France,,7586.81,7609.32,7512.23,7593.87
2025-05-02,^CAC,index,CAC 40,France,,7710.08,7779.7,7679.01,7770.48
2025-05-05,^CAC,index,CAC 40,France,,7735.59,7747.49,7713.16,7727.93
2025-05-06,^CAC,index,CAC 40,France,,7743.07,7746.28,7647.78,7696.92
2025-05-07,^CAC,index,CAC 40,France,,7668.18,7678.95,7613.2,7626.84
2025-05-08,^CAC,index,CAC 40,France,,7657.03,7719.83,7646.01,7694.44
2025-05-09,^CAC,index,CAC 40,France,,7732.02,7767.07,7723.14,7743.75
2025-05-12,^CAC,index,CAC 40,France,,7818.6,7880.29,7783.69,7850.1
2025-05-13,^CAC,index,CAC 40,France,,7842.79,7879.39,7840.86,7873.83
2025-05-14,^CAC,index,CAC 40,France,,7875.39,7877.74,7805.7,7836.79
2025-05-15,^CAC,index,CAC 40,France,,7806.12,7853.47,7800.37,7853.47
2025-05-16,^CAC,index,CAC 40,France,,7874.93,7915.43,7855.72,7886.69
2025-05-19,^CAC,index,CAC 40,France,,7854.11,7883.63,7824.42,7883.63
2025-05-20,^CAC,index,CAC 40,France,,7899.21,7955.53,7878.57,7942.42
2025-05-21,^CAC,index,CAC 40,France,,7913.74,7930.61,7873.17,7910.49
2025-05-22,^CAC,index,CAC 40,France,,7870.57,7887.1,7807.05,7864.44
2025-05-23,^CAC,index,CAC 40,France,,7876.87,7888.97,7620.4,7734.4
2025-05-26,^CAC,index,CAC 40,France,,7833.13,7840.3,7799.81,7828.13
2025-05-27,^CAC,index,CAC 40,France,,7817.84,7856.4,7808.12,7826.79
2025-05-28,^CAC,index,CAC 40,France,,7825.42,7853.66,7787.58,7788.1
2025-05-29,^CAC,index,CAC 40,France,,7866.77,7869.92,7779.72,7779.72
2025-05-30,^CAC,index,CAC 40,France,,7776.04,7811.49,7747.9,7751.89
2025-06-02,^CAC,index,CAC 40,France,,7714.91,7744.28,7668.9,7737.2
2025-06-03,^CAC,index,CAC 40,France,,7752.28,7765.46,7699.24,7763.84
2025-06-04,^CAC,index,CAC 40,France,,7795.06,7843.21,7779.36,7804.67
2025-06-05,^CAC,index,CAC 40,France,,7811.18,7848.09,7761.54,7790.27
2025-06-06,^CAC,index,CAC 40,France,,7794.88,7815.0,7769.84,7804.87
2025-06-09,^CAC,index,CAC 40,France,,7796.26,7812.73,7772.09,7791.47
2025-06-10,^CAC,index,CAC 40,France,,7784.58,7815.44,7769.51,7804.33
2025-06-11,^CAC,index,CAC 40,France,,7810.84,7840.02,7775.9,7775.9
2025-06-12,^CAC,index,CAC 40,France,,7741.04,7783.64,7698.23,7765.11
2025-06-13,^CAC,index,CAC 40,France,,7670.04,7713.68,7659.13,7684.68
2025-06-16,^CAC,index,CAC 40,France,,7708.84,7769.32,7705.28,7742.24
2025-06-17,^CAC,index,CAC 40,France,,7688.43,7702.75,7646.76,7683.73
2025-06-18,^CAC,index,CAC 40,France,,7687.42,7710.14,7641.13,7656.12
2025-06-19,^CAC,index,CAC 40,France,,7605.88,7618.76,7553.45,7553.45
2025-06-20,^CAC,index,CAC 40,France,,7597.18,7636.83,7575.99,7589.66
2025-06-23,^CAC,index,CAC 40,France,,7551.39,7597.94,7505.27,7537.57
2025-06-24,^CAC,index,CAC 40,France,,7656.54,7678.78,7606.32,7615.99
2025-06-25,^CAC,index,CAC 40,France,,7630.34,7658.5,7557.24,7558.16
2025-06-26,^CAC,index,CAC 40,France,,7587.24,7594.9,7532.25,7557.31
2025-06-27,^CAC,index,CAC 40,France,,7610.38,7691.55,7609.96,7691.55
2025-06-30,^CAC,index,CAC 40,France,,7712.66,7714.56,7660.78,7665.91
2025-07-01,^CAC,index,CAC 40,France,,7674.91,7675.69,7612.39,7662.59
2025-07-02,^CAC,index,CAC 40,France,,7706.75,7770.45,7674.23,7738.42
2025-07-03,^CAC,index,CAC 40,France,,7762.15,7766.92,7717.07,7754.55
2025-07-04,^CAC,index,CAC 40,France,,7713.54,7713.54,7656.69,7696.27
2025-07-07,^CAC,index,CAC 40,France,,7704.21,7730.98,7682.12,7723.47
2025-07-08,^CAC,index,CAC 40,France,,7743.57,7771.62,7696.38,7766.71
2025-07-09,^CAC,index,CAC 40,France,,7799.03,7886.79,7790.55,7878.46
2025-07-10,^CAC,index,CAC 40,France,,7909.86,7940.62,7885.87,7902.25
2025-07-11,^CAC,index,CAC 40,France,,7873.43,7881.19,7815.19,7829.29
2025-07-14,^CAC,index,CAC 40,France,,7774.04,7810.55,7764.8,7808.17
2025-07-15,^CAC,index,CAC 40,France,,7818.09,7836.13,7766.21,7766.21
2025-07-16,^CAC,index,CAC 40,France,,7740.15,7778.13,7722.09,7722.09
2025-07-17,^CAC,index,CAC 40,France,,7795.95,7822.02,7783.65,7822.0
2025-07-18,^CAC,index,CAC 40,France,,7858.87,7873.3,7815.23,7822.67
2025-07-21,^CAC,index,CAC 40,France,,7825.73,7838.61,7757.68,7798.22
2025-07-22,^CAC,index,CAC 40,France,,7775.04,7782.66,7726.74,7744.41
2025-07-23,^CAC,index,CAC 40,France,,7839.71,7869.96,7816.27,7850.43
2025-07-24,^CAC,index,CAC 40,France,,7869.26,7898.03,7797.28,7818.28
2025-07-25,^CAC,index,CAC 40,France,,7782.39,7851.46,7759.59,7834.58
2025-07-28,^CAC,index,CAC 40,France,,7924.53,7931.15,7794.66,7800.88
2025-07-29,^CAC,index,CAC 40,France,,7833.02,7924.62,7833.02,7857.36
2025-07-30,^CAC,index,CAC 40,France,,7856.01,7921.61,7853.54,7861.96
2025-07-31,^CAC,index,CAC 40,France,,7876.59,7906.37,7771.97,7771.97
2025-08-01,^CAC,index,CAC 40,France,,7670.48,7691.12,7523.61,7546.16
2025-08-04,^CAC,index,CAC 40,France,,7583.03,7632.77,7571.76,7632.01
2025-08-05,^CAC,index,CAC 40,France,,7670.2,7670.2,7610.57,7621.04
2025-08-06,^CAC,index,CAC 40,France,,7658.92,7672.15,7620.97,7635.03
2025-08-07,^CAC,index,CAC 40,France,,7651.4,7737.63,7645.21,7709.32
2025-08-08,^CAC,index,CAC 40,France,,7733.71,7770.89,7710.67,7743.0
2025-08-11,^CAC,index,CAC 40,France,,7759.92,7764.24,7694.34,7698.52
2025-08-12,^CAC,index,CAC 40,France,,7730.22,7759.74,7702.51,7753.42
2025-08-13,^CAC,index,CAC 40,France,,7775.23,7819.69,7769.07,7804.97
2025-08-14,^CAC,index,CAC 40,France,,7821.7,7871.39,7818.57,7870.34
2025-08-15,^CAC,index,CAC 40,France,,7917.93,7945.27,7896.56,7923.45
2025-08-18,^CAC,index,CAC 40,France,,7925.35,7929.42,7856.9,7884.05
2025-08-19,^CAC,index,CAC 40,France,,7894.0,7986.81,7892.72,7979.08
2025-08-20,^CAC,index,CAC 40,France,,7949.14,8004.34,7932.06,7973.03
2025-08-21,^CAC,index,CAC 40,France,,7970.75,7970.75,7910.34,7938.29
2025-08-22,^CAC,index,CAC 40,France,,7923.39,7997.35,7923.39,7969.69
2025-08-25,^CAC,index,CAC 40,France,,7943.0,7946.07,7836.96,7843.04
2025-08-26,^CAC,index,CAC 40,France,,7726.24,7749.24,7668.08,7709.81
2025-08-27,^CAC,index,CAC 40,France,,7718.29,7765.17,7703.93,7743.93
2025-08-28,^CAC,index,CAC 40,France,,7772.84,7833.04,7734.96,7762.6
2025-08-29,^CAC,index,CAC 40,France,,7743.44,7764.29,7702.21,7703.9
2025-09-01,^CAC,index,CAC 40,France,,7724.96,7744.64,7697.82,7707.9
2025-09-02,^CAC,index,CAC 40,France,,7730.61,7738.18,7648.13,7654.25
2025-09-03,^CAC,index,CAC 40,France,,7699.0,7736.76,7671.53,7719.71
2025-09-04,^CAC,index,CAC 40,France,,7695.13,7727.76,7676.84,7698.92
2025-09-05,^CAC,index,CAC 40,France,,7723.97,7732.04,7649.4,7674.78
2025-09-08,^CAC,index,CAC 40,France,,7710.4,7745.05,7682.31,7734.84
2025-09-09,^CAC,index,CAC 40,France,,7752.46,7791.65,7729.88,7749.39
2025-09-10,^CAC,index,CAC 40,France,,7774.36,7823.34,7750.6,7761.32
2025-09-11,^CAC,index,CAC 40,France,,7781.8,7848.38,7773.57,7823.52
2025-09-12,^CAC,index,CAC 40,France,,7830.7,7842.62,7768.91,7825.24
2025-09-15,^CAC,index,CAC 40,France,,7843.46,7935.31,7843.46,7896.93
2025-09-16,^CAC,index,CAC 40,France,,7890.53,7903.04,7811.12,7818.22
2025-09-17,^CAC,index,CAC 40,France,,7841.55,7846.09,7777.96,7786.98
2025-09-18,^CAC,index,CAC 40,France,,7822.57,7887.11,7818.74,7854.61
2025-09-19,^CAC,index,CAC 40,France,,7873.37,7934.92,7853.59,7853.59
2025-09-22,^CAC,index,CAC 40,France,,7847.76,7850.22,7801.17,7830.11
2025-09-23,^CAC,index,CAC 40,France,,7860.6,7919.07,7857.11,7872.02
2025-09-24,^CAC,index,CAC 40,France,,7871.22,7872.57,7810.05,7827.45
2025-09-25,^CAC,index,CAC 40,France,,7797.97,7819.7,7760.07,7795.42
2025-09-26,^CAC,index,CAC 40,France,,7822.17,7875.04,7821.25,7870.68
2025-09-29,^CAC,index,CAC 40,France,,7899.02,7901.23,7870.47,7880.87
2025-09-30,^CAC,index,CAC 40,France,,7868.23,7895.94,7831.08,7895.94
2025-10-01,^CAC,index,CAC 40,France,,7894.29,7984.82,7865.4,7966.95
2025-10-02,^CAC,index,CAC 40,France,,8025.5,8088.53,8023.02,8056.63
2025-10-03,^CAC,index,CAC 40,France,,8093.01,8097.24,8040.36,8081.54
2025-10-06,^CAC,index,CAC 40,France,,8035.33,8035.72,7909.46,7971.78
2025-10-07,^CAC,index,CAC 40,France,,7974.91,8005.74,7934.13,7974.85
2025-10-08,^CAC,index,CAC 40,France,,7983.37,8070.64,7983.37,8060.13
2025-10-09,^CAC,index,CAC 40,France,,8074.12,8109.77,8041.36,8041.36
2025-10-10,^CAC,index,CAC 40,France,,8049.57,8082.53,7905.83,7918.0
2025-10-13,^CAC,index,CAC 40,France,,7959.27,7995.49,7902.12,7934.26
2025-10-14,^CAC,index,CAC 40,France,,7862.91,7932.88,7825.97,7919.62
2025-10-15,^CAC,index,CAC 40,France,,8029.97,8130.72,8024.54,8077.0
2025-10-16,^CAC,index,CAC 40,France,,8093.46,8188.59,8053.07,8188.59
2025-10-17,^CAC,index,CAC 40,France,,8091.89,8224.56,8080.83,8174.2
2025-10-20,^CAC,index,CAC 40,France,,8213.2,8239.67,8151.35,8206.07
2025-10-21,^CAC,index,CAC 40,France,,8205.99,8271.48,8198.27,8258.86
2025-10-22,^CAC,index,CAC 40,France,,8222.73,8248.9,8193.35,8206.87
2025-10-23,^CAC,index,CAC 40,France,,8224.92,8257.47,8215.53,8225.78
2025-10-24,^CAC,index,CAC 40,France,,8263.91,8263.91,8169.23,8225.63
2025-10-27,^CAC,index,CAC 40,France,,8237.2,8252.64,8202.72,8239.18
2025-10-28,^CAC,index,CAC 40,France,,8219.53,8243.64,8204.01,8216.58
2025-10-29,^CAC,index,CAC 40,France,,8198.71,8226.32,8186.01,8200.88
2025-10-30,^CAC,index,CAC 40,France,,8180.35,8206.84,8114.74,8157.29
2025-10-31,^CAC,index,CAC 40,France,,8150.22,8161.81,8106.95,8121.07
2025-11-03,^CAC,index,CAC 40,France,,8118.84,8151.0,8094.41,8109.79
2025-11-04,^CAC,index,CAC 40,France,,8010.67,8067.58,7963.69,8067.53
2025-11-05,^CAC,index,CAC 40,France,,8008.06,8097.84,8005.82,8074.23
2025-11-06,^CAC,index,CAC 40,France,,8019.26,8044.86,7950.8,7964.77
2025-11-07,^CAC,index,CAC 40,France,,7986.07,8000.99,7908.59,7950.18
2025-11-10,^CAC,index,CAC 40,France,,8044.09,8077.18,8017.47,8055.51
2025-11-11,^CAC,index,CAC 40,France,,8079.8,8169.8,8078.22,8156.23
2025-11-12,^CAC,index,CAC 40,France,,8188.83,8280.97,8185.03,8241.24
2025-11-13,^CAC,index,CAC 40,France,,8270.85,8314.23,8227.88,8232.49
2025-11-14,^CAC,index,CAC 40,France,,8186.14,8202.48,8084.23,8170.09
2025-11-17,^CAC,index,CAC 40,France,,8155.93,8176.1,8109.82,8119.02
2025-11-18,^CAC,index,CAC 40,France,,8017.73,8032.51,7925.06,7967.93
2025-11-19,^CAC,index,CAC 40,France,,7967.37,8005.75,7919.36,7953.77
2025-11-20,^CAC,index,CAC 40,France,,8042.13,8057.7,7981.07,7981.07
2025-11-21,^CAC,index,CAC 40,France,,7878.81,7996.46,7875.87,7982.65
2025-11-24,^CAC,index,CAC 40,France,,8030.46,8033.38,7958.61,7959.67
2025-11-25,^CAC,index,CAC 40,France,,7981.89,8038.67,7942.72,8025.8
2025-11-26,^CAC,index,CAC 40,France,,8075.47,8098.67,8027.61,8096.43
2025-11-27,^CAC,index,CAC 40,France,,8098.68,8115.46,8080.84,8099.47
2025-11-28,^CAC,index,CAC 40,France,,8105.01,8132.17,8084.23,8122.71
2025-12-01,^CAC,index,CAC 40,France,,8078.4,8114.14,8043.81,8097.0
2025-12-02,^CAC,index,CAC 40,France,,8084.77,8135.8,8072.06,8074.61
2025-12-03,^CAC,index,CAC 40,France,,8071.78,8103.14,8051.45,8087.42
2025-12-04,^CAC,index,CAC 40,France,,8115.17,8137.65,8098.09,8122.03
2025-12-05,^CAC,index,CAC 40,France,,8148.07,8160.81,8114.74,8114.74
2025-12-08,^CAC,index,CAC 40,France,,8102.09,8110.76,8080.85,8108.43
2025-12-09,^CAC,index,CAC 40,France,,8117.43,8135.98,8044.99,8052.51
2025-12-10,^CAC,index,CAC 40,France,,8035.09,8045.22,8005.11,8022.69
2025-12-11,^CAC,index,CAC 40,France,,8046.17,8104.76,8009.04,8085.76
2025-12-12,^CAC,index,CAC 40,France,,8104.42,8155.39,8068.62,8068.62
2025-12-15,^CAC,index,CAC 40,France,,8087.07,8161.03,8086.07,8124.88
2025-12-16,^CAC,index,CAC 40,France,,8114.39,8150.22,8086.7,8106.16
2025-12-17,^CAC,index,CAC 40,France,,8116.26,8136.07,8074.04,8086.05
2025-12-18,^CAC,index,CAC 40,France,,8087.43,8166.72,8086.59,8150.64
2025-12-19,^CAC,index,CAC 40,France,,8131.24,8177.75,8131.06,8151.38
2025-12-22,^CAC,index,CAC 40,France,,8135.52,8143.38,8099.45,8121.07
2025-12-23,^CAC,index,CAC 40,France,,8116.96,8127.07,8088.41,8103.85
2025-12-24,^CAC,index,CAC 40,France,,8109.3,8135.71,8103.58,8103.58
2025-12-29,^CAC,index,CAC 40,France,,8127.59,8132.59,8087.48,8112.02
2025-12-30,^CAC,index,CAC 40,France,,8097.44,8184.03,8095.02,8168.15
2025-12-31,^CAC,index,CAC 40,France,,8147.05,8149.5,8118.48,8149.5
2026-01-02,^CAC,index,CAC 40,France,,8127.27,8221.78,8113.34,8195.21
2026-01-05,^CAC,index,CAC 40,France,,8247.16,8253.87,8174.44,8211.5
2026-01-06,^CAC,index,CAC 40,France,,8214.28,8255.77,8158.09,8237.43
2026-01-07,^CAC,index,CAC 40,France,,8251.44,8257.33,8211.62,8233.92
2026-01-08,^CAC,index,CAC 40,France,,8210.9,8255.52,8203.71,8243.47
2026-01-09,^CAC,index,CAC 40,France,,8271.65,8362.09,8271.65,8362.09
2026-01-12,^CAC,index,CAC 40,France,,8342.38,8378.09,8313.31,8358.76
2026-01-13,^CAC,index,CAC 40,France,,8346.81,8352.8,8308.67,8347.2
2026-01-14,^CAC,index,CAC 40,France,,8368.99,8396.72,8327.22,8330.97
2026-01-15,^CAC,index,CAC 40,France,,8366.3,8366.3,8290.61,8313.12
2026-01-16,^CAC,index,CAC 40,France,,8299.71,8313.64,8234.27,8258.94
2026-01-19,^CAC,index,CAC 40,France,,8125.51,8165.46,8092.05,8112.02
2026-01-20,^CAC,index,CAC 40,France,,8050.0,8062.58,7996.59,8062.58
2026-01-21,^CAC,index,CAC 40,France,,8060.68,8090.49,8014.14,8069.17
2026-01-22,^CAC,index,CAC 40,France,,8163.56,8190.08,8142.44,8148.89
2026-01-23,^CAC,index,CAC 40,France,,8116.81,8156.05,8095.0,8143.05
2026-01-26,^CAC,index,CAC 40,France,,8130.55,8159.29,8106.06,8131.15
2026-01-27,^CAC,index,CAC 40,France,,8142.73,8173.57,8117.58,8152.82
2026-01-28,^CAC,index,CAC 40,France,,8096.43,8112.5,8020.75,8066.68
2026-01-29,^CAC,index,CAC 40,France,,8127.95,8145.44,8068.93,8071.36
2026-01-30,^CAC,index,CAC 40,France,,8070.86,8143.32,8070.86,8126.53
2026-02-02,^CAC,index,CAC 40,France,,8084.91,8201.88,8080.66,8181.17
2026-02-03,^CAC,index,CAC 40,France,,8219.26,8234.5,8129.33,8179.5
2026-02-04,^CAC,index,CAC 40,France,,8219.96,8298.41,8203.27,8262.16
2026-02-05,^CAC,index,CAC 40,France,,8288.47,8312.68,8193.2,8238.17
2026-02-06,^CAC,index,CAC 40,France,,8217.96,8287.92,8175.09,8273.84
2026-02-09,^CAC,index,CAC 40,France,,8298.35,8323.28,8258.75,8323.28
2026-02-10,^CAC,index,CAC 40,France,,8348.82,8369.71,8316.61,8327.88
2026-02-11,^CAC,index,CAC 40,France,,8341.52,8358.23,8277.96,8313.24
2026-02-12,^CAC,index,CAC 40,France,,8432.15,8437.35,8332.73,8340.56
2026-02-13,^CAC,index,CAC 40,France,,8315.5,8331.96,8275.04,8311.74
2026-02-16,^CAC,index,CAC 40,France,,8322.85,8354.75,8313.94,8316.5
2026-02-17,^CAC,index,CAC 40,France,,8310.89,8368.25,8292.13,8361.46
2026-02-18,^CAC,index,CAC 40,France,,8370.48,8438.52,8365.63,8429.03
2026-02-19,^CAC,index,CAC 40,France,,8412.25,8415.88,8350.36,8398.78
2026-02-20,^CAC,index,CAC 40,France,,8442.18,8529.0,8421.11,8515.49
2026-02-23,^CAC,index,CAC 40,France,,8492.21,8532.95,8485.23,8497.17
2026-02-24,^CAC,index,CAC 40,France,,8462.23,8548.29,8461.88,8519.21
2026-02-25,^CAC,index,CAC 40,France,,8539.62,8560.91,8528.63,8559.07
2026-02-26,^CAC,index,CAC 40,France,,8568.76,8642.23,8562.86,8620.93
2026-02-27,^CAC,index,CAC 40,France,,8609.46,8638.93,8553.94,8580.75
2026-03-02,^CAC,index,CAC 40,France,,8410.24,8461.75,8378.18,8394.32
2026-03-03,^CAC,index,CAC 40,France,,8292.42,8298.31,8086.68,8103.84
2026-03-04,^CAC,index,CAC 40,France,,8122.6,8210.41,8089.81,8167.73
2026-03-05,^CAC,index,CAC 40,France,,8135.07,8215.02,8028.13,8045.8
2026-03-06,^CAC,index,CAC 40,France,,8083.67,8104.77,7913.02,7993.49
2026-03-09,^CAC,index,CAC 40,France,,7812.66,7929.53,7768.11,7915.36
2026-03-10,^CAC,index,CAC 40,France,,8064.82,8107.19,7995.81,8057.36
2026-03-11,^CAC,index,CAC 40,France,,7992.66,8057.22,7961.32,8041.81
2026-03-12,^CAC,index,CAC 40,France,,8006.73,8037.83,7916.5,7984.44
2026-03-13,^CAC,index,CAC 40,France,,7907.82,8016.43,7872.73,7911.53
2026-03-16,^CAC,index,CAC 40,France,,7924.19,7968.65,7856.61,7935.97
2026-03-17,^CAC,index,CAC 40,France,,7925.58,8022.27,7919.87,7974.49
2026-03-18,^CAC,index,CAC 40,France,,8008.93,8066.62,7944.34,7969.88
2026-03-19,^CAC,index,CAC 40,France,,7871.76,7887.95,7774.44,7807.87
2026-03-20,^CAC,index,CAC 40,France,,7869.68,7883.27,7660.47,7665.62
2026-03-23,^CAC,index,CAC 40,France,,7542.36,7876.7,7505.27,7726.2
2026-03-24,^CAC,index,CAC 40,France,,7743.55,7773.63,7660.24,7743.92
2026-03-25,^CAC,index,CAC 40,France,,7831.02,7884.14,7792.37,7846.55
2026-03-26,^CAC,index,CAC 40,France,,7795.78,7843.07,7756.17,7769.31
2026-03-27,^CAC,index,CAC 40,France,,7774.4,7785.46,7677.32,7701.95
2026-03-30,^CAC,index,CAC 40,France,,7689.05,7775.26,7680.21,7772.45
2026-03-31,^CAC,index,CAC 40,France,,7765.16,7850.14,7751.57,7816.94
2026-04-01,^CAC,index,CAC 40,France,,8004.81,8006.47,7918.52,7981.27
2026-04-02,^CAC,index,CAC 40,France,,7877.5,7993.08,7856.89,7962.39
2026-04-07,^CAC,index,CAC 40,France,,7997.91,8075.18,7881.04,7908.74
2026-04-08,^CAC,index,CAC 40,France,,8111.17,8305.47,8111.17,8263.87
2026-04-09,^CAC,index,CAC 40,France,,8250.75,8254.56,8183.36,8245.8
2026-04-10,^CAC,index,CAC 40,France,,8250.99,8320.39,8242.75,8259.6
2026-04-13,^CAC,index,CAC 40,France,,8176.06,8235.98,8163.37,8235.98
2026-04-14,^CAC,index,CAC 40,France,,8254.38,8336.05,8249.79,8327.86
2026-04-15,^CAC,index,CAC 40,France,,8281.96,8295.28,8258.29,8274.57
2026-04-16,^CAC,index,CAC 40,France,,8281.55,8331.08,8262.7,8262.7
2026-04-17,^CAC,index,CAC 40,France,,8265.27,8455.65,8263.57,8425.13
2026-04-20,^CAC,index,CAC 40,France,,8313.78,8356.81,8310.73,8331.05
2026-04-21,^CAC,index,CAC 40,France,,8320.07,8357.95,8230.79,8235.72
2026-04-22,^CAC,index,CAC 40,France,,8266.91,8266.91,8156.43,8156.43
2026-04-23,^CAC,index,CAC 40,France,,8186.2,8242.22,8142.49,8227.32
2026-04-24,^CAC,index,CAC 40,France,,8167.06,8224.22,8116.95,8157.82
2026-04-27,^CAC,index,CAC 40,France,,8160.18,8214.63,8127.83,8141.92
2026-04-28,^CAC,index,CAC 40,France,,8129.35,8172.89,8090.7,8104.09
2026-04-29,^CAC,index,CAC 40,France,,8088.98,8110.62,8036.46,8072.13
2026-04-30,^CAC,index,CAC 40,France,,7964.53,8115.08,7957.83,8114.84
2026-05-04,^CAC,index,CAC 40,France,,8122.1,8122.1,7962.76,7976.12
2026-05-05,^CAC,index,CAC 40,France,,7959.92,8062.31,7956.04,8062.31
2026-05-06,^CAC,index,CAC 40,France,,8134.95,8344.89,8131.53,8299.42
2026-05-07,^CAC,index,CAC 40,France,,8320.33,8361.0,8202.08,8202.08
2026-05-08,^CAC,index,CAC 40,France,,8141.94,8158.93,8095.69,8112.57
2026-05-11,^CAC,index,CAC 40,France,,8069.63,8080.63,8012.39,8056.38
2026-05-12,^CAC,index,CAC 40,France,,7969.45,8026.81,7962.75,7979.92
2026-05-13,^CAC,index,CAC 40,France,,8024.97,8029.94,7931.78,8007.97
2026-05-14,^CAC,index,CAC 40,France,,8063.17,8083.99,8030.63,8082.27
2026-05-15,^CAC,index,CAC 40,France,,8003.06,8043.57,7942.45,7952.55
2026-05-18,^CAC,index,CAC 40,France,,7861.32,8009.47,7854.28,7987.49
2026-05-19,^CAC,index,CAC 40,France,,7995.81,8073.58,7969.85,7981.76
2026-05-20,^CAC,index,CAC 40,France,,7956.15,8175.24,7954.57,8117.42
2026-05-21,^CAC,index,CAC 40,France,,8109.77,8153.55,8055.89,8086.0
2026-05-22,^CAC,index,CAC 40,France,,8138.97,8158.79,8095.71,8115.75
2026-05-25,^CAC,index,CAC 40,France,,8185.44,8280.98,8183.71,8258.26
2026-05-26,^CAC,index,CAC 40,France,,8237.84,8240.98,8168.13,8173.11
2026-05-27,^CAC,index,CAC 40,France,,8190.88,8271.76,8190.88,8207.89
2026-05-28,^CAC,index,CAC 40,France,,8172.8,8220.37,8150.55,8188.87
2026-05-29,^CAC,index,CAC 40,France,,8224.61,8286.47,8183.34,8183.34
2026-06-01,^CAC,index,CAC 40,France,,8171.23,8222.24,8101.15,8146.59
2026-06-02,^CAC,index,CAC 40,France,,8193.39,8244.61,8166.53,8209.09
2026-06-03,^CAC,index,CAC 40,France,,8178.43,8199.03,8150.42,8150.42
2026-06-04,^CAC,index,CAC 40,France,,8151.55,8256.79,8150.89,8244.29
2026-06-05,^CAC,index,CAC 40,France,,8262.94,8296.01,8218.24,8218.24
2026-06-08,^CAC,index,CAC 40,France,,8132.98,8230.47,8121.4,8199.29
2026-06-09,^CAC,index,CAC 40,France,,8179.22,8290.7,8175.61,8203.43
2026-06-10,^CAC,index,CAC 40,France,,8223.05,8240.63,8113.0,8161.83
2026-06-11,^CAC,index,CAC 40,France,,8154.54,8249.79,8150.06,8200.8
2026-06-12,^CAC,index,CAC 40,France,,8315.31,8397.63,8302.69,8350.87
2026-06-15,^CAC,index,CAC 40,France,,8462.07,8506.65,8384.01,8384.01
2026-06-16,^CAC,index,CAC 40,France,,8406.74,8461.94,8401.59,8447.27
2026-06-17,^CAC,index,CAC 40,France,,8435.12,8476.79,8408.9,8430.79
2026-06-18,^CAC,index,CAC 40,France,,8433.09,8473.24,8406.17,8467.98
2026-06-19,^CAC,index,CAC 40,France,,8471.43,8501.36,8419.2,8421.14
2026-06-22,^CAC,index,CAC 40,France,,8434.07,8435.81,8353.06,8400.11
2026-06-23,^CAC,index,CAC 40,France,,8332.3,8379.29,8304.57,8340.71
2026-06-24,^CAC,index,CAC 40,France,,8353.68,8395.88,8334.77,8385.49
2026-06-25,^CAC,index,CAC 40,France,,8387.21,8452.38,8374.5,8431.61
2026-06-26,^CAC,index,CAC 40,France,,8410.36,8421.1,8342.62,8384.87
2026-06-29,^CAC,index,CAC 40,France,,8379.12,8391.56,8341.26,8367.33
2026-06-30,^CAC,index,CAC 40,France,,8376.28,8420.58,8363.23,8403.99
2026-07-01,^CAC,index,CAC 40,France,,8391.69,8391.69,8316.53,8337.29
2026-07-02,^CAC,index,CAC 40,France,,8343.65,8503.24,8342.26,8474.86
2026-07-03,^CAC,index,CAC 40,France,,8486.89,8520.85,8457.68,8508.07
2026-07-06,^CAC,index,CAC 40,France,,8519.86,8561.38,8465.79,8479.87
2026-07-07,^CAC,index,CAC 40,France,,8500.08,8545.68,8436.24,8436.24
2026-07-08,^CAC,index,CAC 40,France,,8389.29,8389.29,8235.35,8252.66
2026-07-09,^CAC,index,CAC 40,France,,8307.51,8329.0,8262.86,8326.62
2026-07-10,^CAC,index,CAC 40,France,,8323.76,8350.83,8284.24,8338.97
2026-07-13,^CAC,index,CAC 40,France,,8306.64,8375.37,8306.64,8364.65
2026-07-14,^CAC,index,CAC 40,France,,8288.5,8375.79,8274.89,8366.85
2026-07-15,^CAC,index,CAC 40,France,,8371.69,8398.43,8320.13,8382.43
2026-07-16,^CAC,index,CAC 40,France,,8380.84,8380.84,8281.27,8377.86
2026-07-17,^CAC,index,CAC 40,France,,8326.74,8350.19,8282.17,8338.81
2026-07-20,^CAC,index,CAC 40,France,,8317.62,8391.04,8316.38,8340.11
2026-07-21,^CAC,index,CAC 40,France,,8348.75,8375.31,8299.87,8363.14
2026-07-22,^CAC,index,CAC 40,France,,8355.13,8468.0,8350.84,8437.89
2026-07-23,^CAC,index,CAC 40,France,,8368.45,8376.54,8279.58,8299.09
2026-07-24,^CAC,index,CAC 40,France,,8284.68,8372.41,8278.64,8372.28
2026-07-27,^CAC,index,CAC 40,France,,8442.75,8463.71,8402.81,8406.06
2026-07-28,^CAC,index,CAC 40,France,,8447.09,8472.81,8400.33,8458.78
2026-07-29,^CAC,index,CAC 40,France,,8494.4,8502.48,8379.78,8408.27
2026-07-30,^CAC,index,CAC 40,France,,8409.89,8515.36,8409.89,8485.64
2026-07-31,^CAC,index,CAC 40,France,,8489.44,8576.55,8483.21,8509.64
2026-08-03,^CAC,index,CAC 40,France,,8566.74,8642.32,8559.58,8613.82
2026-08-04,^CAC,index,CAC 40,France,,8650.2,8669.69,8601.92,8666.63
2026-08-05,^CAC,index,CAC 40,France,,8692.65,8693.89,8656.73,8669.3
2026-08-06,^CAC,index,CAC 40,France,,8721.14,8742.53,8699.71,8699.71
2026-08-07,^CAC,index,CAC 40,France,,8712.29,8755.03,8697.19,8714.93
2026-08-10,^CAC,index,CAC 40,France,,8710.49,8730.03,8692.35,8726.03
2026-08-11,^CAC,index,CAC 40,France,,8724.63,8749.47,8698.86,8714.94
2026-08-12,^CAC,index,CAC 40,France,,8719.13,8721.69,8658.92,8674.94
2026-08-13,^CAC,index,CAC 40,France,,8701.35,8707.39,8649.46,8650.56
2026-08-14,^CAC,index,CAC 40,France,,8658.94,8662.1,8630.24,8636.8
2026-08-17,^CAC,index,CAC 40,France,,8632.55,8643.9,8577.49,8579.6
2026-08-18,^CAC,index,CAC 40,France,,8563.06,8578.1,8509.36,8509.36
2026-08-19,^CAC,index,CAC 40,France,,8523.25,8558.22,8501.91,8501.91
2026-08-20,^CAC,index,CAC 40,France,,8504.07,8514.67,8444.76,8453.09
2026-08-21,^CAC,index,CAC 40,France,,8445.65,8493.55,8441.11,8484.43
2026-08-24,^CAC,index,CAC 40,France,,8481.79,8490.24,8444.8,8453.01
2026-08-25,^CAC,index,CAC 40,France,,8500.89,8501.51,8439.2,8439.2
2026-08-26,^CAC,index,CAC 40,France,,8468.79,8503.65,8462.39,8462.39
2026-08-27,^CAC,index,CAC 40,France,,8460.91,8460.91,8308.1,8319.87
2026-08-28,^CAC,index,CAC 40,France,,8388.77,8421.52,8388.77,8401.18
2026-08-31,^CAC,index,CAC 40,France,,8408.67,8427.1,8334.5,8334.5
2026-09-01,^CAC,index,CAC 40,France,,8348.35,8372.55,8278.54,8301.85
2026-09-02,^CAC,index,CAC 40,France,,8292.75,8307.66,8237.92,8280.63
2026-09-03,^CAC,index,CAC 40,France,,8275.37,8288.82,8240.5,8286.4
2026-09-04,^CAC,index,CAC 40,France,,8266.65,8297.07,8254.68,8278.77
2026-09-07,^CAC,index,CAC 40,France,,8266.63,8317.37,8255.72,8306.15
2026-09-08,^CAC,index,CAC 40,France,,8268.39,8320.05,8257.6,8317.98
2026-09-09,^CAC,index,CAC 40,France,,8258.24,8277.24,8141.42,8156.67
2026-09-10,^CAC,index,CAC 40,France,,8170.24,8190.08,8114.0,8116.76
2026-09-11,^CAC,index,CAC 40,France,,8158.87,8207.71,8140.8,8179.77
2026-09-14,^CAC,index,CAC 40,France,,8132.63,8165.1,8086.4,8117.78
2026-09-15,^CAC,index,CAC 40,France,,8083.12,8110.58,8033.04,8090.28
2026-09-16,^CAC,index,CAC 40,France,,8105.54,8155.51,8088.13,8140.59
2026-09-17,^CAC,index,CAC 40,France,,8176.99,8209.67,8142.16,8186.93
2026-09-18,^CAC,index,CAC 40,France,,8153.54,8161.07,8046.04,8065.02
2026-09-21,^CAC,index,CAC 40,France,,8103.85,8154.24,8102.09,8138.94
2026-09-22,^CAC,index,CAC 40,France,,8157.77,8197.07,8117.27,8154.91
2026-09-23,^CAC,index,CAC 40,France,,8190.22,8199.66,8112.22,8123.41
2025-01-02,^DAX,index,DAX,Germany,,19923.0,20024.7,19833.8,20024.6
2025-01-03,^DAX,index,DAX,Germany,,20028.4,20031.1,19868.1,19906.0
2025-01-06,^DAX,index,DAX,Germany,,19982.6,20216.1,19921.1,20216.1
2025-01-07,^DAX,index,DAX,Germany,,20206.0,20391.1,20152.7,20340.5
2025-01-08,^DAX,index,DAX,Germany,,20322.1,20480.4,20242.5,20329.9
2025-01-09,^DAX,index,DAX,Germany,,20284.2,20360.3,20245.9,20317.1
2025-01-10,^DAX,index,DAX,Germany,,20316.5,20400.5,20187.9,20214.7
2025-01-13,^DAX,index,DAX,Germany,,20157.2,20176.1,20025.2,20132.8
2025-01-14,^DAX,index,DAX,Germany,,20266.1,20362.5,20234.2,20271.3
2025-01-15,^DAX,index,DAX,Germany,,20305.2,20629.7,20290.6,20574.6
2025-01-16,^DAX,index,DAX,Germany,,20665.6,20675.0,20580.0,20655.3
2025-01-17,^DAX,index,DAX,Germany,,20732.0,20924.5,20716.3,20903.3
2025-01-20,^DAX,index,DAX,Germany,,20900.6,21054.6,20880.5,20990.3
2025-01-21,^DAX,index,DAX,Germany,,20925.7,21045.6,20922.8,21042.0
2025-01-22,^DAX,index,DAX,Germany,,21169.6,21330.8,21162.3,21254.2
2025-01-23,^DAX,index,DAX,Germany,,21277.5,21423.0,21254.0,21411.5
2025-01-24,^DAX,index,DAX,Germany,,21463.1,21520.5,21353.0,21394.9
2025-01-27,^DAX,index,DAX,Germany,,21201.9,21344.9,21081.6,21282.1
2025-01-28,^DAX,index,DAX,Germany,,21374.2,21475.9,21296.3,21430.5
2025-01-29,^DAX,index,DAX,Germany,,21511.4,21671.5,21475.6,21637.5
2025-01-30,^DAX,index,DAX,Germany,,21676.2,21732.0,21650.7,21727.2
2025-01-31,^DAX,index,DAX,Germany,,21771.4,21800.5,21689.2,21732.0
2025-02-03,^DAX,index,DAX,Germany,,21301.5,21462.7,21252.7,21428.2
2025-02-04,^DAX,index,DAX,Germany,,21474.7,21518.5,21298.7,21505.7
2025-02-05,^DAX,index,DAX,Germany,,21429.8,21585.9,21387.7,21585.9
2025-02-06,^DAX,index,DAX,Germany,,21718.1,21921.0,21691.5,21902.4
2025-02-07,^DAX,index,DAX,Germany,,21908.4,21945.3,21759.9,21787.0
2025-02-10,^DAX,index,DAX,Germany,,21830.9,21945.5,21785.0,21911.7
2025-02-11,^DAX,index,DAX,Germany,,21909.9,22046.4,21884.3,22037.8
2025-02-12,^DAX,index,DAX,Germany,,22077.8,22193.6,21971.6,22148.0
2025-02-13,^DAX,index,DAX,Germany,,22410.5,22624.5,22306.3,22612.0
2025-02-14,^DAX,index,DAX,Germany,,22526.8,22609.9,22467.3,22513.4
2025-02-17,^DAX,index,DAX,Germany,,22589.9,22804.2,22550.7,22798.0
2025-02-18,^DAX,index,DAX,Germany,,22851.3,22882.7,22715.2,22844.5
2025-02-19,^DAX,index,DAX,Germany,,22875.9,22935.0,22416.1,22433.6
2025-02-20,^DAX,index,DAX,Germany,,22501.2,22574.5,22280.2,22314.6
2025-02-21,^DAX,index,DAX,Germany,,22329.2,22393.5,22226.3,22287.5
2025-02-24,^DAX,index,DAX,Germany,,22470.6,22515.3,22235.2,22425.9
2025-02-25,^DAX,index,DAX,Germany,,22362.8,22576.1,22332.1,22410.2
2025-02-26,^DAX,index,DAX,Germany,,22571.9,22833.2,22554.3,22794.1
2025-02-27,^DAX,index,DAX,Germany,,22587.2,22686.4,22378.0,22550.8
2025-02-28,^DAX,index,DAX,Germany,,22409.2,22551.4,22329.0,22551.4
2025-03-03,^DAX,index,DAX,Germany,,22682.9,23307.9,22531.6,23147.0
2025-03-04,^DAX,index,DAX,Germany,,22852.7,22869.9,22320.0,22326.8
2025-03-05,^DAX,index,DAX,Germany,,22804.8,23176.3,22790.8,23081.0
2025-03-06,^DAX,index,DAX,Germany,,23245.3,23475.8,23061.5,23419.4
2025-03-07,^DAX,index,DAX,Germany,,23195.2,23234.2,22860.0,23008.9
2025-03-10,^DAX,index,DAX,Germany,,23163.7,23164.2,22519.2,22620.9
2025-03-11,^DAX,index,DAX,Germany,,22680.3,22835.1,22258.3,22328.7
2025-03-12,^DAX,index,DAX,Germany,,22525.7,22813.8,22461.7,22676.4
2025-03-13,^DAX,index,DAX,Germany,,22578.1,22752.8,22417.5,22567.1
2025-03-14,^DAX,index,DAX,Germany,,22501.3,23049.4,22465.1,22986.8
2025-03-17,^DAX,index,DAX,Germany,,22998.5,23154.5,22933.5,23154.5
2025-03-18,^DAX,index,DAX,Germany,,23266.6,23476.0,23240.5,23380.7
2025-03-19,^DAX,index,DAX,Germany,,23272.1,23372.0,23136.5,23288.0
2025-03-20,^DAX,index,DAX,Germany,,23295.7,23315.4,22819.7,22999.1
2025-03-21,^DAX,index,DAX,Germany,,22926.4,22956.9,22723.1,22891.6
2025-03-24,^DAX,index,DAX,Germany,,23075.7,23137.4,22813.1,22852.6
2025-03-25,^DAX,index,DAX,Germany,,22913.4,23182.7,22845.5,23109.7
2025-03-26,^DAX,index,DAX,Germany,,23202.2,23204.5,22826.3,22839.0
2025-03-27,^DAX,index,DAX,Germany,,22574.4,22740.4,22469.8,22678.7
2025-03-28,^DAX,index,DAX,Germany,,22558.8,22614.9,22377.9,22461.5
2025-03-31,^DAX,index,DAX,Germany,,22253.0,22320.0,21978.4,22163.4
2025-04-01,^DAX,index,DAX,Germany,,22343.4,22573.7,22297.3,22539.9
2025-04-02,^DAX,index,DAX,Germany,,22483.9,22485.4,22139.2,22390.8
2025-04-03,^DAX,index,DAX,Germany,,21842.0,22147.4,21670.9,21717.3
2025-04-04,^DAX,index,DAX,Germany,,21543.4,21642.1,20437.3,20641.7
2025-04-07,^DAX,index,DAX,Germany,,18751.7,20799.6,18489.9,19789.6
2025-04-08,^DAX,index,DAX,Germany,,20039.6,20468.4,19884.4,20280.2
2025-04-09,^DAX,index,DAX,Germany,,19833.5,20025.3,19384.3,19670.8
2025-04-10,^DAX,index,DAX,Germany,,21207.7,21300.3,20562.7,20562.7
2025-04-11,^DAX,index,DAX,Germany,,20787.0,20796.4,20114.5,20374.1
2025-04-14,^DAX,index,DAX,Germany,,20802.4,21048.3,20698.9,20954.8
2025-04-15,^DAX,index,DAX,Germany,,21076.0,21288.1,21042.2,21253.7
2025-04-16,^DAX,index,DAX,Germany,,21117.7,21315.9,20956.3,21311.0
2025-04-17,^DAX,index,DAX,Germany,,21433.5,21436.6,21142.2,21205.8
2025-04-22,^DAX,index,DAX,Germany,,21150.5,21296.9,21044.6,21293.5
2025-04-23,^DAX,index,DAX,Germany,,21801.6,22043.7,21722.8,21961.9
2025-04-24,^DAX,index,DAX,Germany,,21890.1,22081.5,21731.7,22064.5
2025-04-25,^DAX,index,DAX,Germany,,22210.5,22318.3,22078.3,22242.4
2025-04-28,^DAX,index,DAX,Germany,,22339.8,22443.4,22255.3,22271.6
2025-04-29,^DAX,index,DAX,Germany,,22377.1,22455.6,22319.2,22425.8
2025-04-30,^DAX,index,DAX,Germany,,22520.4,22607.3,22235.7,22496.9
2025-05-02,^DAX,index,DAX,Germany,,22818.1,23086.6,22764.5,23086.6
2025-05-05,^DAX,index,DAX,Germany,,23064.2,23364.2,23064.2,23344.5
2025-05-06,^DAX,index,DAX,Germany,,23387.3,23389.8,22861.4,23249.6
2025-05-07,^DAX,index,DAX,Germany,,23252.9,23300.8,23100.9,23115.9
2025-05-08,^DAX,index,DAX,Germany,,23265.7,23408.5,23238.4,23352.6
2025-05-09,^DAX,index,DAX,Germany,,23480.3,23543.2,23428.8,23499.3
2025-05-12,^DAX,index,DAX,Germany,,23758.5,23911.9,23361.7,23566.5
2025-05-13,^DAX,index,DAX,Germany,,23583.7,23649.8,23543.0,23638.5
2025-05-14,^DAX,index,DAX,Germany,,23679.0,23702.2,23444.4,23527.0
2025-05-15,^DAX,index,DAX,Germany,,23422.1,23696.6,23338.8,23695.5
2025-05-16,^DAX,index,DAX,Germany,,23775.6,23887.1,23664.3,23767.4
2025-05-19,^DAX,index,DAX,Germany,,23705.9,23935.0,23676.3,23934.9
2025-05-20,^DAX,index,DAX,Germany,,24004.3,24082.4,23898.8,24036.1
2025-05-21,^DAX,index,DAX,Germany,,23966.4,24152.2,23871.4,24122.4
2025-05-22,^DAX,index,DAX,Germany,,24017.0,24040.2,23843.0,23999.1
2025-05-23,^DAX,index,DAX,Germany,,24026.6,24149.0,23274.8,23629.5
2025-05-26,^DAX,index,DAX,Germany,,24009.1,24050.6,23932.0,24027.6
2025-05-27,^DAX,index,DAX,Germany,,24054.1,24300.9,24027.7,24226.4
2025-05-28,^DAX,index,DAX,Germany,,24250.9,24325.9,24038.1,24038.1
2025-05-29,^DAX,index,DAX,Germany,,24255.0,24255.0,23917.0,23933.2
2025-05-30,^DAX,index,DAX,Germany,,23963.4,24181.5,23958.4,23997.4
2025-06-02,^DAX,index,DAX,Germany,,23865.3,23993.2,23740.0,23930.6
2025-06-03,^DAX,index,DAX,Germany,,24031.9,24101.5,23826.3,24091.6
2025-06-04,^DAX,index,DAX,Germany,,24253.6,24346.1,24129.3,24276.4
2025-06-05,^DAX,index,DAX,Germany,,24281.2,24479.4,24220.7,24323.5
2025-06-06,^DAX,index,DAX,Germany,,24304.3,24355.0,24214.5,24304.4
2025-06-09,^DAX,index,DAX,Germany,,24252.2,24289.5,24097.0,24174.3
2025-06-10,^DAX,index,DAX,Germany,,24156.5,24168.5,23964.7,23987.5
2025-06-11,^DAX,index,DAX,Germany,,23996.6,24151.3,23948.5,23948.9
2025-06-12,^DAX,index,DAX,Germany,,23768.0,23885.0,23618.8,23771.4
2025-06-13,^DAX,index,DAX,Germany,,23448.1,23557.7,23360.1,23516.2
2025-06-16,^DAX,index,DAX,Germany,,23589.4,23711.7,23505.5,23699.1
2025-06-17,^DAX,index,DAX,Germany,,23495.0,23550.9,23315.0,23434.6
2025-06-18,^DAX,index,DAX,Germany,,23426.9,23502.9,23262.6,23317.8
2025-06-19,^DAX,index,DAX,Germany,,23178.6,23254.8,23051.5,23057.3
2025-06-20,^DAX,index,DAX,Germany,,23197.1,23481.9,23187.4,23350.5
2025-06-23,^DAX,index,DAX,Germany,,23242.9,23385.6,23080.2,23269.0
2025-06-24,^DAX,index,DAX,Germany,,23689.1,23812.7,23580.2,23641.5
2025-06-25,^DAX,index,DAX,Germany,,23713.2,23713.2,23466.7,23498.3
2025-06-26,^DAX,index,DAX,Germany,,23609.3,23710.5,23521.1,23649.3
2025-06-27,^DAX,index,DAX,Germany,,23864.6,24040.5,23784.6,24033.2
2025-06-30,^DAX,index,DAX,Germany,,24109.1,24120.8,23854.3,23909.6
2025-07-01,^DAX,index,DAX,Germany,,23966.9,23978.3,23671.2,23673.2
2025-07-02,^DAX,index,DAX,Germany,,23789.0,23824.5,23620.4,23790.1
2025-07-03,^DAX,index,DAX,Germany,,23884.8,23944.1,23762.4,23934.1
2025-07-04,^DAX,index,DAX,Germany,,23833.1,23868.9,23702.6,23787.4
2025-07-07,^DAX,index,DAX,Germany,,23845.8,24073.6,23836.5,24073.6
2025-07-08,^DAX,index,DAX,Germany,,24135.7,24244.0,24063.4,24206.9
2025-07-09,^DAX,index,DAX,Germany,,24278.8,24609.1,24261.0,24549.5
2025-07-10,^DAX,index,DAX,Germany,,24638.5,24639.1,24450.9,24456.8
2025-07-11,^DAX,index,DAX,Germany,,24333.1,24369.0,24166.6,24255.3
2025-07-14,^DAX,index,DAX,Germany,,24038.2,24168.1,23975.4,24160.6
2025-07-15,^DAX,index,DAX,Germany,,24220.5,24266.8,24060.2,24060.2
2025-07-16,^DAX,index,DAX,Germany,,24011.9,24207.8,23968.9,24009.3
2025-07-17,^DAX,index,DAX,Germany,,24227.5,24374.5,24174.7,24370.9
2025-07-18,^DAX,index,DAX,Germany,,24483.6,24494.8,24251.3,24289.5
2025-07-21,^DAX,index,DAX,Germany,,24309.3,24335.2,24191.6,24307.8
2025-07-22,^DAX,index,DAX,Germany,,24236.0,24237.4,23921.8,24041.9
2025-07-23,^DAX,index,DAX,Germany,,24246.8,24310.9,24122.1,24240.8
2025-07-24,^DAX,index,DAX,Germany,,24502.9,24514.9,24235.4,24295.9
2025-07-25,^DAX,index,DAX,Germany,,24097.3,24252.5,24065.1,24217.5
2025-07-28,^DAX,index,DAX,Germany,,24424.6,24444.4,23942.1,23970.3
2025-07-29,^DAX,index,DAX,Germany,,24051.7,24310.0,24051.7,24217.3
2025-07-30,^DAX,index,DAX,Germany,,24169.2,24302.7,24138.2,24262.2
2025-07-31,^DAX,index,DAX,Germany,,24340.2,24433.4,24039.9,24065.4
2025-08-01,^DAX,index,DAX,Germany,,23786.9,23802.7,23380.9,23425.9
2025-08-04,^DAX,index,DAX,Germany,,23523.2,23783.7,23521.6,23757.6
2025-08-05,^DAX,index,DAX,Germany,,23914.3,23979.5,23785.0,23846.0
2025-08-06,^DAX,index,DAX,Germany,,23972.0,23996.8,23806.9,23924.3
2025-08-07,^DAX,index,DAX,Germany,,23910.8,24392.0,23899.4,24192.5
2025-08-08,^DAX,index,DAX,Germany,,24165.8,24268.8,24095.9,24162.8
2025-08-11,^DAX,index,DAX,Germany,,24206.2,24219.0,24030.0,24081.3
2025-08-12,^DAX,index,DAX,Germany,,24147.0,24156.2,23940.2,24024.7
2025-08-13,^DAX,index,DAX,Germany,,24156.5,24247.3,24138.7,24185.5
2025-08-14,^DAX,index,DAX,Germany,,24205.5,24409.3,24205.3,24377.5
2025-08-15,^DAX,index,DAX,Germany,,24530.7,24536.1,24327.6,24359.3
2025-08-18,^DAX,index,DAX,Germany,,24313.8,24336.7,24245.1,24314.7
2025-08-19,^DAX,index,DAX,Germany,,24357.2,24441.0,24283.5,24423.0
2025-08-20,^DAX,index,DAX,Germany,,24252.7,24369.8,24217.5,24276.9
2025-08-21,^DAX,index,DAX,Germany,,24274.4,24306.0,24179.9,24293.3
2025-08-22,^DAX,index,DAX,Germany,,24254.8,24444.4,24222.5,24363.0
2025-08-25,^DAX,index,DAX,Germany,,24232.0,24377.3,24224.1,24273.1
2025-08-26,^DAX,index,DAX,Germany,,24110.0,24263.1,24036.8,24152.8
2025-08-27,^DAX,index,DAX,Germany,,24174.6,24198.3,23977.9,24046.2
2025-08-28,^DAX,index,DAX,Germany,,24180.6,24206.5,23972.5,24039.9
2025-08-29,^DAX,index,DAX,Germany,,23949.4,24063.5,23881.9,23902.2
2025-09-01,^DAX,index,DAX,Germany,,24012.0,24046.8,23969.3,24037.3
2025-09-02,^DAX,index,DAX,Germany,,23975.3,23990.8,23482.6,23487.3
2025-09-03,^DAX,index,DAX,Germany,,23606.6,23705.9,23507.1,23594.8
2025-09-04,^DAX,index,DAX,Germany,,23664.7,23800.1,23610.4,23770.3
2025-09-05,^DAX,index,DAX,Germany,,23851.9,23854.6,23546.7,23596.9
2025-09-08,^DAX,index,DAX,Germany,,23771.8,23830.1,23655.4,23807.1
2025-09-09,^DAX,index,DAX,Germany,,23802.6,23859.5,23633.9,23718.4
2025-09-10,^DAX,index,DAX,Germany,,23837.1,23883.5,23600.4,23632.9
2025-09-11,^DAX,index,DAX,Germany,,23654.9,23787.1,23563.3,23703.6
2025-09-12,^DAX,index,DAX,Germany,,23767.3,23793.0,23604.3,23698.1
2025-09-15,^DAX,index,DAX,Germany,,23785.2,23855.3,23664.1,23748.8
2025-09-16,^DAX,index,DAX,Germany,,23711.9,23717.6,23317.3,23329.2
2025-09-17,^DAX,index,DAX,Germany,,23407.3,23476.7,23284.6,23359.1
2025-09-18,^DAX,index,DAX,Germany,,23577.0,23690.4,23557.8,23674.5
2025-09-19,^DAX,index,DAX,Germany,,23723.3,23785.2,23599.2,23639.4
2025-09-22,^DAX,index,DAX,Germany,,23567.4,23589.2,23424.4,23527.0
2025-09-23,^DAX,index,DAX,Germany,,23604.3,23723.2,23564.9,23611.3
2025-09-24,^DAX,index,DAX,Germany,,23601.5,23736.6,23499.9,23666.8
2025-09-25,^DAX,index,DAX,Germany,,23620.4,23629.3,23383.8,23534.8
2025-09-26,^DAX,index,DAX,Germany,,23601.1,23756.0,23579.2,23739.4
2025-09-29,^DAX,index,DAX,Germany,,23835.6,23835.6,23666.8,23745.0
2025-09-30,^DAX,index,DAX,Germany,,23726.4,23887.7,23676.3,23880.7
2025-10-01,^DAX,index,DAX,Germany,,23755.2,24162.2,23753.0,24113.6
2025-10-02,^DAX,index,DAX,Germany,,24293.8,24502.3,24247.4,24422.5
2025-10-03,^DAX,index,DAX,Germany,,24511.5,24524.1,24343.2,24378.8
2025-10-06,^DAX,index,DAX,Germany,,24357.5,24482.9,24269.9,24378.2
2025-10-07,^DAX,index,DAX,Germany,,24400.7,24452.9,24308.0,24385.7
2025-10-08,^DAX,index,DAX,Germany,,24382.6,24630.9,24360.6,24597.1
2025-10-09,^DAX,index,DAX,Germany,,24674.6,24771.3,24602.1,24611.2
2025-10-10,^DAX,index,DAX,Germany,,24664.2,24690.7,24241.4,24241.4
2025-10-13,^DAX,index,DAX,Germany,,24372.9,24448.7,24260.7,24387.9
2025-10-14,^DAX,index,DAX,Germany,,24169.0,24242.8,23986.9,24236.9
2025-10-15,^DAX,index,DAX,Germany,,24263.7,24339.2,24179.9,24181.3
2025-10-16,^DAX,index,DAX,Germany,,24188.1,24283.5,24051.8,24272.1
2025-10-17,^DAX,index,DAX,Germany,,23833.1,23987.7,23684.3,23830.9
2025-10-20,^DAX,index,DAX,Germany,,24035.1,24296.3,24026.5,24258.8
2025-10-21,^DAX,index,DAX,Germany,,24310.4,24384.2,24201.2,24330.0
2025-10-22,^DAX,index,DAX,Germany,,24296.1,24342.1,24138.2,24151.1
2025-10-23,^DAX,index,DAX,Germany,,24202.7,24222.8,24035.2,24207.7
2025-10-24,^DAX,index,DAX,Germany,,24275.9,24275.9,24145.2,24239.8
2025-10-27,^DAX,index,DAX,Germany,,24332.8,24348.5,24185.8,24308.7
2025-10-28,^DAX,index,DAX,Germany,,24228.1,24339.9,24188.3,24278.6
2025-10-29,^DAX,index,DAX,Germany,,24261.0,24322.9,24090.5,24124.2
2025-10-30,^DAX,index,DAX,Germany,,24187.8,24215.3,24034.7,24118.8
2025-10-31,^DAX,index,DAX,Germany,,24115.3,24119.6,23922.9,23958.3
2025-11-03,^DAX,index,DAX,Germany,,23990.3,24248.6,23982.2,24132.4
2025-11-04,^DAX,index,DAX,Germany,,23801.2,23974.3,23674.6,23949.1
2025-11-05,^DAX,index,DAX,Germany,,23774.5,24103.5,23732.3,24049.7
2025-11-06,^DAX,index,DAX,Germany,,23996.2,24058.7,23721.9,23734.0
2025-11-07,^DAX,index,DAX,Germany,,23801.9,23837.1,23452.8,23569.9
2025-11-10,^DAX,index,DAX,Germany,,23925.3,24022.6,23854.4,23959.9
2025-11-11,^DAX,index,DAX,Germany,,23990.1,24108.4,23952.4,24088.0
2025-11-12,^DAX,index,DAX,Germany,,24245.8,24441.2,24234.9,24381.4
2025-11-13,^DAX,index,DAX,Germany,,24367.7,24416.3,24027.9,24041.6
2025-11-14,^DAX,index,DAX,Germany,,23977.7,23992.1,23609.0,23876.5
2025-11-17,^DAX,index,DAX,Germany,,23890.4,23928.4,23529.7,23590.5
2025-11-18,^DAX,index,DAX,Germany,,23238.3,23358.7,23085.3,23180.5
2025-11-19,^DAX,index,DAX,Germany,,23180.9,23379.3,23105.5,23162.9
2025-11-20,^DAX,index,DAX,Germany,,23387.4,23512.4,23277.0,23278.8
2025-11-21,^DAX,index,DAX,Germany,,22963.1,23256.2,22943.0,23091.8
2025-11-24,^DAX,index,DAX,Germany,,23280.3,23392.2,23149.7,23239.1
2025-11-25,^DAX,index,DAX,Germany,,23254.4,23487.2,23139.2,23464.6
2025-11-26,^DAX,index,DAX,Germany,,23585.2,23727.2,23445.2,23726.2
2025-11-27,^DAX,index,DAX,Germany,,23732.8,23830.9,23708.4,23767.9
2025-11-28,^DAX,index,DAX,Germany,,23780.7,23883.9,23720.5,23836.7
2025-12-01,^DAX,index,DAX,Germany,,23731.2,23734.2,23433.4,23589.4
2025-12-02,^DAX,index,DAX,Germany,,23637.4,23792.0,23607.7,23710.8
2025-12-03,^DAX,index,DAX,Germany,,23788.8,23838.0,23646.4,23693.7
2025-12-04,^DAX,index,DAX,Germany,,23836.2,23930.5,23797.7,23882.0
2025-12-05,^DAX,index,DAX,Germany,,23942.7,24130.9,23929.2,24028.1
2025-12-08,^DAX,index,DAX,Germany,,24015.9,24116.9,23985.2,24046.0
2025-12-09,^DAX,index,DAX,Germany,,24094.9,24186.9,24092.5,24162.6
2025-12-10,^DAX,index,DAX,Germany,,24131.3,24168.7,24001.4,24130.1
2025-12-11,^DAX,index,DAX,Germany,,24055.1,24364.0,24007.9,24294.6
2025-12-12,^DAX,index,DAX,Germany,,24368.9,24474.6,24173.2,24186.4
2025-12-15,^DAX,index,DAX,Germany,,24297.6,24318.3,24170.4,24229.9
2025-12-16,^DAX,index,DAX,Germany,,24124.1,24191.6,24011.8,24076.8
2025-12-17,^DAX,index,DAX,Germany,,24159.6,24185.4,23949.1,23960.5
2025-12-18,^DAX,index,DAX,Germany,,23947.0,24215.9,23923.9,24199.5
2025-12-19,^DAX,index,DAX,Germany,,24196.1,24305.8,24153.2,24288.4
2025-12-22,^DAX,index,DAX,Germany,,24291.8,24356.1,24203.3,24283.9
2025-12-23,^DAX,index,DAX,Germany,,24297.6,24362.0,24257.4,24340.0
2025-12-29,^DAX,index,DAX,Germany,,24370.9,24389.1,24253.7,24351.1
2025-12-30,^DAX,index,DAX,Germany,,24343.1,24527.9,24328.4,24490.4
2026-01-02,^DAX,index,DAX,Germany,,24499.5,24676.7,24448.9,24539.3
2026-01-05,^DAX,index,DAX,Germany,,24681.3,24872.9,24639.6,24868.6
2026-01-06,^DAX,index,DAX,Germany,,24904.6,24969.1,24836.3,24892.2
2026-01-07,^DAX,index,DAX,Germany,,24995.0,25122.4,24982.6,25122.2
2026-01-08,^DAX,index,DAX,Germany,,25128.4,25217.5,25024.6,25127.4
2026-01-09,^DAX,index,DAX,Germany,,25124.0,25281.1,25107.9,25261.6
2026-01-12,^DAX,index,DAX,Germany,,25248.3,25421.4,25236.8,25405.3
2026-01-13,^DAX,index,DAX,Germany,,25408.3,25507.7,25338.3,25420.6
2026-01-14,^DAX,index,DAX,Germany,,25429.7,25461.3,25268.2,25286.2
2026-01-15,^DAX,index,DAX,Germany,,25275.8,25378.5,25233.3,25352.3
2026-01-16,^DAX,index,DAX,Germany,,25336.0,25354.1,25198.5,25297.1
2026-01-19,^DAX,index,DAX,Germany,,24940.4,25070.6,24911.5,24959.0
2026-01-20,^DAX,index,DAX,Germany,,24747.3,24758.3,24507.1,24703.1
2026-01-21,^DAX,index,DAX,Germany,,24636.5,24656.7,24349.5,24560.9
2026-01-22,^DAX,index,DAX,Germany,,24877.6,24937.0,24772.5,24856.4
2026-01-23,^DAX,index,DAX,Germany,,24819.9,24930.1,24796.9,24900.7
2026-01-26,^DAX,index,DAX,Germany,,24890.3,24985.1,24790.7,24933.0
2026-01-27,^DAX,index,DAX,Germany,,25008.0,25020.2,24848.5,24894.4
2026-01-28,^DAX,index,DAX,Germany,,24878.2,24926.0,24707.1,24822.7
2026-01-29,^DAX,index,DAX,Germany,,24697.3,24758.7,24266.3,24309.4
2026-01-30,^DAX,index,DAX,Germany,,24376.1,24585.4,24366.3,24538.8
2026-02-02,^DAX,index,DAX,Germany,,24392.0,24851.7,24384.2,24797.5
2026-02-03,^DAX,index,DAX,Germany,,24956.7,25098.7,24703.6,24780.7
2026-02-04,^DAX,index,DAX,Germany,,24845.5,24877.9,24602.8,24603.0
2026-02-05,^DAX,index,DAX,Germany,,24607.4,24663.8,24272.6,24491.0
2026-02-06,^DAX,index,DAX,Germany,,24452.1,24737.9,24393.1,24721.4
2026-02-09,^DAX,index,DAX,Germany,,24860.6,25016.0,24714.8,25014.8
2026-02-10,^DAX,index,DAX,Germany,,24960.5,25075.7,24935.3,24987.8
2026-02-11,^DAX,index,DAX,Germany,,24956.4,25001.5,24834.7,24856.1
2026-02-12,^DAX,index,DAX,Germany,,25060.8,25239.0,24813.2,24852.6
2026-02-13,^DAX,index,DAX,Germany,,24822.3,24953.1,24750.4,24914.8
2026-02-16,^DAX,index,DAX,Germany,,24988.6,25020.8,24793.5,24800.9
2026-02-17,^DAX,index,DAX,Germany,,24796.8,25020.6,24734.0,24998.4
2026-02-18,^DAX,index,DAX,Germany,,25127.1,25315.0,25100.9,25278.2
2026-02-19,^DAX,index,DAX,Germany,,25198.3,25228.9,24983.8,25043.5
2026-02-20,^DAX,index,DAX,Germany,,25070.0,25331.0,25004.8,25260.6
2026-02-23,^DAX,index,DAX,Germany,,25114.3,25194.9,24937.5,24991.9
2026-02-24,^DAX,index,DAX,Germany,,24952.1,25091.9,24878.1,24986.2
2026-02-25,^DAX,index,DAX,Germany,,25051.8,25184.4,24988.6,25175.9
2026-02-26,^DAX,index,DAX,Germany,,25095.8,25318.9,25088.4,25289.0
2026-02-27,^DAX,index,DAX,Germany,,25294.3,25405.9,25188.3,25284.2
2026-03-02,^DAX,index,DAX,Germany,,24695.4,24897.6,24577.4,24638.0
2026-03-03,^DAX,index,DAX,Germany,,24207.4,24239.5,23601.1,23790.6
2026-03-04,^DAX,index,DAX,Germany,,23901.3,24242.4,23814.8,24205.3
2026-03-05,^DAX,index,DAX,Germany,,24145.4,24366.8,23754.6,23815.7
2026-03-06,^DAX,index,DAX,Germany,,23942.8,24028.4,23342.8,23591.0
2026-03-09,^DAX,index,DAX,Germany,,22998.9,23470.8,22927.5,23409.3
2026-03-10,^DAX,index,DAX,Germany,,23886.3,24061.1,23765.2,23968.6
2026-03-11,^DAX,index,DAX,Germany,,23725.2,23824.7,23533.7,23640.0
2026-03-12,^DAX,index,DAX,Germany,,23577.8,23703.5,23368.0,23589.6
2026-03-13,^DAX,index,DAX,Germany,,23381.9,23762.1,23293.5,23447.2
2026-03-16,^DAX,index,DAX,Germany,,23480.5,23699.5,23334.9,23564.0
2026-03-17,^DAX,index,DAX,Germany,,23500.3,23820.5,23464.8,23730.9
2026-03-18,^DAX,index,DAX,Germany,,23837.2,23957.1,23449.5,23502.2
2026-03-19,^DAX,index,DAX,Germany,,23160.5,23180.1,22759.4,22839.5
2026-03-20,^DAX,index,DAX,Germany,,23083.8,23176.1,22369.4,22380.1
2026-03-23,^DAX,index,DAX,Germany,,21946.9,23178.7,21863.8,22653.8
2026-03-24,^DAX,index,DAX,Germany,,22677.0,22730.8,22350.3,22636.9
2026-03-25,^DAX,index,DAX,Germany,,22961.8,23079.3,22815.7,22957.0
2026-03-26,^DAX,index,DAX,Germany,,22740.7,22813.4,22557.1,22612.9
2026-03-27,^DAX,index,DAX,Germany,,22612.9,22631.7,22215.8,22300.7
2026-03-30,^DAX,index,DAX,Germany,,22213.8,22562.8,22209.4,22562.8
2026-03-31,^DAX,index,DAX,Germany,,22578.8,22850.7,22491.5,22680.0
2026-04-01,^DAX,index,DAX,Germany,,23326.8,23377.6,23027.0,23298.8
2026-04-02,^DAX,index,DAX,Germany,,22935.2,23235.1,22677.9,23168.0
2026-04-07,^DAX,index,DAX,Germany,,23181.6,23397.8,22842.1,22921.5
2026-04-08,^DAX,index,DAX,Germany,,24021.8,24163.9,23875.7,24080.6
2026-04-09,^DAX,index,DAX,Germany,,23981.2,23989.0,23673.1,23806.9
2026-04-10,^DAX,index,DAX,Germany,,23827.5,24043.5,23767.7,23803.9
2026-04-13,^DAX,index,DAX,Germany,,23562.1,23756.8,23482.0,23742.4
2026-04-14,^DAX,index,DAX,Germany,,23953.9,24087.3,23938.1,24044.2
2026-04-15,^DAX,index,DAX,Germany,,24060.9,24127.0,23996.8,24066.7
2026-04-16,^DAX,index,DAX,Germany,,24135.4,24259.6,24059.1,24154.4
2026-04-17,^DAX,index,DAX,Germany,,24150.4,24792.4,24146.5,24702.2
2026-04-20,^DAX,index,DAX,Germany,,24385.0,24497.3,24290.0,24417.8
2026-04-21,^DAX,index,DAX,Germany,,24508.2,24606.8,24247.3,24270.8
2026-04-22,^DAX,index,DAX,Germany,,24373.4,24399.5,24151.8,24194.9
2026-04-23,^DAX,index,DAX,Germany,,24076.7,24204.4,23991.7,24155.4
2026-04-24,^DAX,index,DAX,Germany,,24217.7,24330.6,23998.0,24128.9
2026-04-27,^DAX,index,DAX,Germany,,24196.4,24382.3,24049.4,24083.5
2026-04-28,^DAX,index,DAX,Germany,,24067.9,24153.9,23897.2,24018.2
2026-04-29,^DAX,index,DAX,Germany,,24072.9,24110.0,23880.5,23954.5
2026-04-30,^DAX,index,DAX,Germany,,23715.7,24293.1,23715.7,24292.3
2026-05-04,^DAX,index,DAX,Germany,,24274.5,24406.6,23974.7,23991.2
2026-05-05,^DAX,index,DAX,Germany,,24014.6,24403.5,23988.9,24401.7
2026-05-06,^DAX,index,DAX,Germany,,24636.1,25152.5,24634.7,24918.6
2026-05-07,^DAX,index,DAX,Germany,,24940.3,25021.0,24650.9,24663.6
2026-05-08,^DAX,index,DAX,Germany,,24447.6,24513.5,24289.7,24338.6
2026-05-11,^DAX,index,DAX,Germany,,24333.3,24362.8,24202.3,24350.2
2026-05-12,^DAX,index,DAX,Germany,,24048.2,24210.7,23920.7,23954.9
2026-05-13,^DAX,index,DAX,Germany,,24129.5,24226.1,24002.4,24136.8
2026-05-14,^DAX,index,DAX,Germany,,24366.4,24492.9,24329.7,24456.2
2026-05-15,^DAX,index,DAX,Germany,,24229.2,24297.9,23917.6,23950.5
2026-05-18,^DAX,index,DAX,Germany,,23833.1,24430.9,23797.3,24307.9
2026-05-19,^DAX,index,DAX,Germany,,24370.5,24690.8,24358.7,24400.6
2026-05-20,^DAX,index,DAX,Germany,,24345.3,24885.5,24287.6,24737.2
2026-05-21,^DAX,index,DAX,Germany,,24692.2,24894.6,24534.7,24606.7
2026-05-22,^DAX,index,DAX,Germany,,24768.4,24943.7,24676.2,24888.5
2026-05-25,^DAX,index,DAX,Germany,,25181.2,25438.4,25062.7,25389.1
2026-05-26,^DAX,index,DAX,Germany,,25359.7,25361.6,25180.5,25184.8
2026-05-27,^DAX,index,DAX,Germany,,25324.8,25394.8,25113.1,25177.8
2026-05-28,^DAX,index,DAX,Germany,,25083.7,25244.7,24973.2,25092.2
2026-05-29,^DAX,index,DAX,Germany,,25126.3,25204.1,25040.4,25104.7
2026-06-01,^DAX,index,DAX,Germany,,25083.2,25301.7,24901.7,25003.0
2026-06-02,^DAX,index,DAX,Germany,,25197.9,25362.8,25061.6,25124.1
2026-06-03,^DAX,index,DAX,Germany,,24912.3,24973.1,24761.9,24795.9
2026-06-04,^DAX,index,DAX,Germany,,24849.4,25009.0,24830.6,24944.9
2026-06-05,^DAX,index,DAX,Germany,,24881.8,25024.0,24756.4,24759.0
2026-06-08,^DAX,index,DAX,Germany,,24447.3,24732.6,24426.6,24616.2
2026-06-09,^DAX,index,DAX,Germany,,24589.2,24820.9,24398.8,24433.0
2026-06-10,^DAX,index,DAX,Germany,,24507.4,24517.4,24043.5,24195.3
2026-06-11,^DAX,index,DAX,Germany,,24205.1,24327.6,24080.6,24209.7
2026-06-12,^DAX,index,DAX,Germany,,24549.2,24753.8,24421.8,24635.3
2026-06-15,^DAX,index,DAX,Germany,,25068.3,25085.8,24882.0,24894.0
2026-06-16,^DAX,index,DAX,Germany,,24942.7,25110.2,24900.7,24910.4
2026-06-17,^DAX,index,DAX,Germany,,24816.9,24956.4,24763.5,24934.6
2026-06-18,^DAX,index,DAX,Germany,,24996.5,25059.3,24840.2,25026.8
2026-06-19,^DAX,index,DAX,Germany,,25075.3,25173.0,24951.5,24985.8
2026-06-22,^DAX,index,DAX,Germany,,25035.9,25176.2,24896.1,25139.6
2026-06-23,^DAX,index,DAX,Germany,,24835.5,24988.7,24728.5,24893.5
2026-06-24,^DAX,index,DAX,Germany,,24790.7,24800.6,24593.4,24740.3
2026-06-25,^DAX,index,DAX,Germany,,24810.0,25088.2,24761.7,24994.8
2026-06-26,^DAX,index,DAX,Germany,,24848.5,24869.6,24547.7,24671.2
2026-06-29,^DAX,index,DAX,Germany,,24724.3,24762.2,24556.7,24626.8
2026-06-30,^DAX,index,DAX,Germany,,24815.2,25024.2,24794.8,24995.8
2026-07-01,^DAX,index,DAX,Germany,,25028.9,25095.6,24887.0,25040.2
2026-07-02,^DAX,index,DAX,Germany,,25025.1,25655.8,24994.6,25580.8
2026-07-03,^DAX,index,DAX,Germany,,25763.9,25826.7,25611.6,25779.3
2026-07-06,^DAX,index,DAX,Germany,,25811.9,25900.1,25698.5,25817.8
2026-07-07,^DAX,index,DAX,Germany,,25770.4,25811.9,25465.1,25465.2
2026-07-08,^DAX,index,DAX,Germany,,25274.9,25280.1,24830.1,24897.4
2026-07-09,^DAX,index,DAX,Germany,,25097.4,25127.7,24867.3,25118.2
2026-07-10,^DAX,index,DAX,Germany,,25081.1,25195.8,24937.5,25067.0
2026-07-13,^DAX,index,DAX,Germany,,24963.8,25154.5,24963.8,25114.2
2026-07-14,^DAX,index,DAX,Germany,,24932.6,25204.6,24869.2,25147.0
2026-07-15,^DAX,index,DAX,Germany,,24970.0,25055.4,24839.2,24999.53
2026-07-16,^DAX,index,DAX,Germany,,25018.9,25021.5,24696.1,24915.49
2026-07-17,^DAX,index,DAX,Germany,,24755.09,24850.75,24651.34,24830.98
2026-07-20,^DAX,index,DAX,Germany,,24769.15,24974.53,24751.13,24846.69
2026-07-21,^DAX,index,DAX,Germany,,24922.1,25011.35,24817.34,25011.35
2026-07-22,^DAX,index,DAX,Germany,,25001.31,25271.34,24984.27,25155.41
2026-07-23,^DAX,index,DAX,Germany,,24994.05,25074.28,24696.59,24763.12
2026-07-24,^DAX,index,DAX,Germany,,24830.41,25099.68,24821.67,25099.0
2026-07-27,^DAX,index,DAX,Germany,,25459.32,25560.4,25361.03,25361.03
2026-07-28,^DAX,index,DAX,Germany,,25496.13,25553.47,25307.17,25464.01
2026-07-29,^DAX,index,DAX,Germany,,25551.97,25571.45,25336.39,25460.48
2026-07-30,^DAX,index,DAX,Germany,,25487.45,25651.16,25303.11,25612.03
2026-07-31,^DAX,index,DAX,Germany,,25709.37,25891.51,25549.53,25629.24
2026-08-03,^DAX,index,DAX,Germany,,25855.12,26096.93,25855.12,26001.31
2026-08-04,^DAX,index,DAX,Germany,,26189.62,26266.5,26082.43,26202.35
2026-08-05,^DAX,index,DAX,Germany,,26393.43,26403.81,26123.18,26126.3
2026-08-06,^DAX,index,DAX,Germany,,26116.27,26229.33,26081.69,26140.13
2026-08-07,^DAX,index,DAX,Germany,,26235.8,26445.18,26223.64,26319.45
2026-08-10,^DAX,index,DAX,Germany,,26360.44,26441.91,26302.19,26323.88
2026-08-11,^DAX,index,DAX,Germany,,26378.0,26504.54,26245.57,26391.42
2026-08-12,^DAX,index,DAX,Germany,,26452.0,26573.5,26313.58,26331.07
2026-08-13,^DAX,index,DAX,Germany,,26437.35,26489.78,26285.23,26299.74
2026-08-14,^DAX,index,DAX,Germany,,26445.99,26541.34,26404.95,26440.31
2026-08-17,^DAX,index,DAX,Germany,,26490.3,26493.5,26338.61,26338.61
2026-08-18,^DAX,index,DAX,Germany,,26280.86,26292.95,26119.54,26128.36
2026-08-19,^DAX,index,DAX,Germany,,26146.12,26187.82,26063.37,26091.33
2026-08-20,^DAX,index,DAX,Germany,,26050.95,26062.15,25914.11,25983.04
2026-08-21,^DAX,index,DAX,Germany,,25998.95,26166.25,25969.52,26136.56
2026-08-24,^DAX,index,DAX,Germany,,26091.29,26171.7,26038.07,26106.6
2026-08-25,^DAX,index,DAX,Germany,,26206.01,26341.52,26164.11,26266.14
2026-08-26,^DAX,index,DAX,Germany,,26255.41,26466.76,26196.92,26285.96
2026-08-27,^DAX,index,DAX,Germany,,26354.37,26402.81,26241.77,26367.24
2026-08-28,^DAX,index,DAX,Germany,,26494.61,26618.74,26467.36,26569.99
2026-08-31,^DAX,index,DAX,Germany,,26464.14,26471.79,26249.59,26258.11
2026-09-01,^DAX,index,DAX,Germany,,26150.75,26206.13,25916.76,25970.11
2026-09-02,^DAX,index,DAX,Germany,,25886.67,25924.21,25727.93,25839.33
2026-09-03,^DAX,index,DAX,Germany,,25840.92,26007.79,25784.84,26003.32
2026-09-04,^DAX,index,DAX,Germany,,25985.86,26167.93,25958.7,26046.4
2026-09-07,^DAX,index,DAX,Germany,,26039.54,26069.99,25919.61,26006.53
2026-09-08,^DAX,index,DAX,Germany,,25897.22,26026.78,25799.66,26007.63
2026-09-09,^DAX,index,DAX,Germany,,25870.98,25909.66,25512.39,25576.45
2026-09-10,^DAX,index,DAX,Germany,,25555.66,25612.09,25361.15,25361.15
2026-09-11,^DAX,index,DAX,Germany,,25478.84,25581.22,25396.38,25568.56
2026-09-14,^DAX,index,DAX,Germany,,25498.74,25548.78,25325.52,25440.81
2026-09-15,^DAX,index,DAX,Germany,,25360.32,25478.98,25172.89,25402.28
2026-09-16,^DAX,index,DAX,Germany,,25515.96,25599.07,25361.7,25537.75
2026-09-17,^DAX,index,DAX,Germany,,25681.6,25800.62,25596.05,25716.71
2026-09-18,^DAX,index,DAX,Germany,,25596.46,25656.22,25285.9,25304.06
2026-09-21,^DAX,index,DAX,Germany,,25491.35,25617.99,25434.16,25575.01
2026-09-22,^DAX,index,DAX,Germany,,25592.98,25783.16,25423.07,25578.85
2026-09-23,^DAX,index,DAX,Germany,,25724.13,25729.05,25365.21,25410.63
2026-07-30,^FMIB,index,FTSE MIB,Italy,,51217.54,52104.71,51182.43,52104.38
2026-07-31,^FMIB,index,FTSE MIB,Italy,,52347.37,52655.84,51940.82,52172.53
2026-08-03,^FMIB,index,FTSE MIB,Italy,,52512.49,52888.77,52417.76,52871.72
2026-08-04,^FMIB,index,FTSE MIB,Italy,,53095.1,53612.6,53095.1,53540.5
2026-08-05,^FMIB,index,FTSE MIB,Italy,,53819.72,53870.45,53351.45,53446.8
2026-08-06,^FMIB,index,FTSE MIB,Italy,,53676.22,54024.32,53602.82,53682.72
2026-08-07,^FMIB,index,FTSE MIB,Italy,,53806.44,54041.8,53551.1,53717.19
2026-08-10,^FMIB,index,FTSE MIB,Italy,,53740.48,53870.73,53599.26,53663.88
2026-08-11,^FMIB,index,FTSE MIB,Italy,,53680.76,53851.8,53591.38,53706.21
2026-08-12,^FMIB,index,FTSE MIB,Italy,,53900.27,53953.55,53637.45,53698.66
2026-08-13,^FMIB,index,FTSE MIB,Italy,,53897.8,53977.66,53683.14,53693.27
2026-08-14,^FMIB,index,FTSE MIB,Italy,,53773.03,53773.03,53517.42,53583.61
2026-08-17,^FMIB,index,FTSE MIB,Italy,,53735.97,53885.86,53586.98,53586.98
2026-08-18,^FMIB,index,FTSE MIB,Italy,,53478.79,53517.22,53017.7,53017.84
2026-08-19,^FMIB,index,FTSE MIB,Italy,,53077.31,53151.66,52618.2,52618.2
2026-08-20,^FMIB,index,FTSE MIB,Italy,,52669.67,52887.11,52546.75,52665.82
2026-08-21,^FMIB,index,FTSE MIB,Italy,,52773.61,52988.54,52653.01,52668.04
2026-08-24,^FMIB,index,FTSE MIB,Italy,,52652.63,52788.18,52468.21,52542.18
2026-08-25,^FMIB,index,FTSE MIB,Italy,,52827.11,52926.04,52570.14,52720.31
2026-08-26,^FMIB,index,FTSE MIB,Italy,,52824.92,53116.18,52746.49,52882.99
2026-08-27,^FMIB,index,FTSE MIB,Italy,,52873.31,52955.61,52176.19,52265.12
2026-08-28,^FMIB,index,FTSE MIB,Italy,,52682.09,52823.63,52556.33,52616.12
2026-08-31,^FMIB,index,FTSE MIB,Italy,,52571.35,52931.97,52562.54,52612.69
2026-09-01,^FMIB,index,FTSE MIB,Italy,,52669.92,52677.05,51805.15,51915.18
2026-09-02,^FMIB,index,FTSE MIB,Italy,,51856.71,52072.32,51596.62,51792.1
2026-09-03,^FMIB,index,FTSE MIB,Italy,,51832.95,52247.04,51716.89,52245.47
2026-09-04,^FMIB,index,FTSE MIB,Italy,,52191.07,52246.53,51930.23,52100.43
2026-09-07,^FMIB,index,FTSE MIB,Italy,,52173.59,52339.16,52003.69,52229.57
2026-09-08,^FMIB,index,FTSE MIB,Italy,,52042.42,52218.54,51750.88,52177.47
2026-09-09,^FMIB,index,FTSE MIB,Italy,,51885.13,52067.82,51317.55,51875.24
2026-09-10,^FMIB,index,FTSE MIB,Italy,,51989.97,52229.33,51716.86,51807.4
2026-09-11,^FMIB,index,FTSE MIB,Italy,,52095.9,52529.92,51994.79,52512.03
2026-09-14,^FMIB,index,FTSE MIB,Italy,,52262.56,52378.29,51465.08,51628.77
2026-09-15,^FMIB,index,FTSE MIB,Italy,,51321.52,51789.83,50819.29,51555.19
2026-09-16,^FMIB,index,FTSE MIB,Italy,,51787.92,52091.9,51685.01,51969.12
2026-09-17,^FMIB,index,FTSE MIB,Italy,,52193.29,52483.37,52046.35,52385.5
2026-09-18,^FMIB,index,FTSE MIB,Italy,,52341.69,52341.69,51446.5,51545.25
2026-09-21,^FMIB,index,FTSE MIB,Italy,,51814.92,52407.46,51787.91,52371.54
2026-09-22,^FMIB,index,FTSE MIB,Italy,,52421.68,52445.68,51931.31,52095.83
2026-09-23,^FMIB,index,FTSE MIB,Italy,,52349.58,52525.11,51775.49,51987.49
2026-07-29,^FTM,index,FTSE 250,United Kingdom,,24013.5,24053.48,23905.75,23996.81
2026-07-30,^FTM,index,FTSE 250,United Kingdom,,23975.6,24183.8,23918.72,24079.14
2026-07-31,^FTM,index,FTSE 250,United Kingdom,,24094.61,24232.78,23959.24,23975.02
2026-08-03,^FTM,index,FTSE 250,United Kingdom,,23975.24,24236.17,23975.24,24224.77
2026-08-04,^FTM,index,FTSE 250,United Kingdom,,24273.94,24469.39,24237.38,24459.3
2026-08-05,^FTM,index,FTSE 250,United Kingdom,,24480.2,24690.73,24480.2,24632.63
2026-08-06,^FTM,index,FTSE 250,United Kingdom,,24635.08,24722.15,24603.07,24695.42
2026-08-07,^FTM,index,FTSE 250,United Kingdom,,24704.74,24880.94,24658.88,24854.86
2026-08-10,^FTM,index,FTSE 250,United Kingdom,,24870.04,24893.53,24709.92,24744.54
2026-08-11,^FTM,index,FTSE 250,United Kingdom,,24767.4,24843.69,24651.19,24799.75
2026-08-12,^FTM,index,FTSE 250,United Kingdom,,24827.9,24954.69,24781.25,24814.88
2026-08-13,^FTM,index,FTSE 250,United Kingdom,,24841.48,24929.5,24778.05,24837.71
2026-08-14,^FTM,index,FTSE 250,United Kingdom,,24837.59,24931.82,24812.68,24867.42
2026-08-17,^FTM,index,FTSE 250,United Kingdom,,24862.47,24871.12,24687.47,24704.4
2026-08-18,^FTM,index,FTSE 250,United Kingdom,,24716.62,24716.62,24547.46,24561.43
2026-08-19,^FTM,index,FTSE 250,United Kingdom,,24572.64,24643.52,24469.5,24643.52
2026-08-20,^FTM,index,FTSE 250,United Kingdom,,24643.42,24653.74,24466.54,24508.66
2026-08-21,^FTM,index,FTSE 250,United Kingdom,,24522.63,24718.82,24522.63,24718.82
2026-08-24,^FTM,index,FTSE 250,United Kingdom,,24718.58,24740.21,24652.21,24717.48
2026-08-25,^FTM,index,FTSE 250,United Kingdom,,24717.72,24888.33,24717.72,24856.05
2026-08-26,^FTM,index,FTSE 250,United Kingdom,,24862.82,24969.38,24860.08,24897.84
2026-08-27,^FTM,index,FTSE 250,United Kingdom,,24904.57,24912.16,24833.2,24898.86
2026-08-28,^FTM,index,FTSE 250,United Kingdom,,24900.16,24997.83,24900.16,24938.79
2026-09-01,^FTM,index,FTSE 250,United Kingdom,,24942.19,24942.19,24454.33,24521.29
2026-09-02,^FTM,index,FTSE 250,United Kingdom,,24501.18,24501.18,24267.4,24324.06
2026-09-03,^FTM,index,FTSE 250,United Kingdom,,24364.2,24496.13,24291.92,24496.13
2026-09-04,^FTM,index,FTSE 250,United Kingdom,,24496.5,24591.33,24496.5,24584.71
2026-09-07,^FTM,index,FTSE 250,United Kingdom,,24573.96,24596.13,24498.88,24506.68
2026-09-08,^FTM,index,FTSE 250,United Kingdom,,24523.57,24523.57,24311.08,24348.85
2026-09-09,^FTM,index,FTSE 250,United Kingdom,,24342.4,24342.4,24074.38,24108.66
2026-09-10,^FTM,index,FTSE 250,United Kingdom,,24096.11,24134.84,23885.94,23885.94
2026-09-11,^FTM,index,FTSE 250,United Kingdom,,23900.29,24059.12,23870.8,23975.73
2026-09-14,^FTM,index,FTSE 250,United Kingdom,,23970.49,23970.49,23771.41,23834.48
2026-09-15,^FTM,index,FTSE 250,United Kingdom,,23829.03,23891.54,23658.84,23818.74
2026-09-16,^FTM,index,FTSE 250,United Kingdom,,23816.09,24096.91,23810.56,24070.2
2026-09-17,^FTM,index,FTSE 250,United Kingdom,,24063.31,24376.47,24054.03,24352.14
2026-09-18,^FTM,index,FTSE 250,United Kingdom,,24313.14,24373.31,24188.37,24205.42
2026-09-21,^FTM,index,FTSE 250,United Kingdom,,24224.1,24532.5,24222.07,24491.37
2026-09-22,^FTM,index,FTSE 250,United Kingdom,,24493.77,24659.9,24443.49,24526.45
2026-09-23,^FTM,index,FTSE 250,United Kingdom,,24531.71,24591.22,24323.35,24361.58
2026-07-30,^HSI,index,Hang Seng Index,Hong Kong,,25807.92,25971.63,25657.87,25858.88
2026-07-31,^HSI,index,Hang Seng Index,Hong Kong,,25858.88,25913.55,25635.16,25884.43
2026-08-03,^HSI,index,Hang Seng Index,Hong Kong,,25884.43,26131.8,25819.46,26009.4
2026-08-04,^HSI,index,Hang Seng Index,Hong Kong,,26009.4,26176.96,25771.33,25852.92
2026-08-05,^HSI,index,Hang Seng Index,Hong Kong,,25852.92,25968.26,25734.46,25915.82
2026-08-06,^HSI,index,Hang Seng Index,Hong Kong,,25915.82,25915.82,25390.93,25530.28
2026-08-07,^HSI,index,Hang Seng Index,Hong Kong,,25530.28,25668.03,25402.28,25668.03
2026-08-10,^HSI,index,Hang Seng Index,Hong Kong,,25668.03,25955.37,25668.03,25937.49
2026-08-11,^HSI,index,Hang Seng Index,Hong Kong,,25937.49,26060.32,25647.66,25652.82
2026-08-12,^HSI,index,Hang Seng Index,Hong Kong,,25652.82,25652.82,25323.42,25440.17
2026-08-13,^HSI,index,Hang Seng Index,Hong Kong,,25440.17,25517.64,25288.07,25396.51
2026-08-14,^HSI,index,Hang Seng Index,Hong Kong,,25396.51,25396.51,25089.77,25116.85
2026-08-17,^HSI,index,Hang Seng Index,Hong Kong,,25116.85,25578.27,25116.85,25453.23
2026-08-18,^HSI,index,Hang Seng Index,Hong Kong,,25453.23,25514.72,25243.69,25471.15
2026-08-19,^HSI,index,Hang Seng Index,Hong Kong,,25471.15,25533.38,25328.49,25495.07
2026-08-20,^HSI,index,Hang Seng Index,Hong Kong,,25495.07,25841.61,25495.07,25698.49
2026-08-21,^HSI,index,Hang Seng Index,Hong Kong,,25698.49,26009.46,25698.49,26009.46
2026-08-24,^HSI,index,Hang Seng Index,Hong Kong,,26009.46,26009.46,25431.91,25517.33
2026-08-25,^HSI,index,Hang Seng Index,Hong Kong,,25517.33,25637.69,25407.48,25511.1
2026-08-26,^HSI,index,Hang Seng Index,Hong Kong,,25511.1,25797.47,25511.1,25652.97
2026-08-27,^HSI,index,Hang Seng Index,Hong Kong,,25652.97,25774.87,25500.96,25565.74
2026-08-28,^HSI,index,Hang Seng Index,Hong Kong,,25565.74,25694.14,25410.46,25584.79
2026-08-31,^HSI,index,Hang Seng Index,Hong Kong,,25584.79,25584.79,25293.2,25566.99
2026-09-01,^HSI,index,Hang Seng Index,Hong Kong,,25566.99,25566.99,25243.08,25329.73
2026-09-02,^HSI,index,Hang Seng Index,Hong Kong,,25329.73,25329.73,25010.55,25311.21
2026-09-03,^HSI,index,Hang Seng Index,Hong Kong,,25311.21,25533.39,25160.38,25213.31
2026-09-04,^HSI,index,Hang Seng Index,Hong Kong,,25213.31,25784.23,25213.31,25650.87
2026-09-07,^HSI,index,Hang Seng Index,Hong Kong,,25650.87,25652.97,25363.87,25413.12
2026-09-08,^HSI,index,Hang Seng Index,Hong Kong,,25413.12,25413.12,25228.71,25317.18
2026-09-09,^HSI,index,Hang Seng Index,Hong Kong,,25317.18,25328.85,25161.67,25274.96
2026-09-10,^HSI,index,Hang Seng Index,Hong Kong,,25274.96,25274.96,24892.62,24954.47
2026-09-11,^HSI,index,Hang Seng Index,Hong Kong,,24954.47,24954.47,24572.06,24805.63
2026-09-14,^HSI,index,Hang Seng Index,Hong Kong,,24805.63,24925.25,24664.33,24917.6
2026-09-15,^HSI,index,Hang Seng Index,Hong Kong,,24917.6,24934.06,24661.44,24667.24
2026-09-16,^HSI,index,Hang Seng Index,Hong Kong,,24667.24,24789.91,24574.75,24713.78
2026-09-17,^HSI,index,Hang Seng Index,Hong Kong,,24713.78,24713.78,24359.23,24604.29
2026-09-18,^HSI,index,Hang Seng Index,Hong Kong,,24604.29,24858.75,24604.29,24750.78
2026-09-21,^HSI,index,Hang Seng Index,Hong Kong,,24750.78,25042.71,24744.3,25042.71
2026-09-22,^HSI,index,Hang Seng Index,Hong Kong,,25042.71,25251.01,25042.71,25087.75
2026-09-23,^HSI,index,Hang Seng Index,Hong Kong,,25087.75,25087.75,24814.01,24834.12
2026-07-30,^IBEX,index,IBEX 35,Spain,,19346.5,19779.8,19346.5,19757.7
2026-07-31,^IBEX,index,IBEX 35,Spain,,19761.6,19953.5,19702.5,19782.9
2026-08-03,^IBEX,index,IBEX 35,Spain,,19917.7,19987.4,19855.4,19982.6
2026-08-04,^IBEX,index,IBEX 35,Spain,,19991.2,20078.3,19937.5,20023.6
2026-08-05,^IBEX,index,IBEX 35,Spain,,20056.2,20152.8,20037.2,20057.0
2026-08-06,^IBEX,index,IBEX 35,Spain,,20139.7,20326.7,20139.7,20180.4
2026-08-07,^IBEX,index,IBEX 35,Spain,,20216.0,20288.4,20055.0,20176.0
2026-08-10,^IBEX,index,IBEX 35,Spain,,20161.8,20256.1,20092.2,20173.0
2026-08-11,^IBEX,index,IBEX 35,Spain,,20186.3,20295.0,20184.7,20213.6
2026-08-12,^IBEX,index,IBEX 35,Spain,,20260.1,20307.6,20154.7,20204.4
2026-08-13,^IBEX,index,IBEX 35,Spain,,20264.9,20356.5,20168.6,20168.6
2026-08-14,^IBEX,index,IBEX 35,Spain,,20211.2,20212.8,20097.6,20156.6
2026-08-17,^IBEX,index,IBEX 35,Spain,,20124.8,20169.3,19981.9,19981.9
2026-08-18,^IBEX,index,IBEX 35,Spain,,19988.5,20074.0,19929.0,19934.9
2026-08-19,^IBEX,index,IBEX 35,Spain,,19939.2,19983.2,19821.2,19847.5
2026-08-20,^IBEX,index,IBEX 35,Spain,,19834.1,19916.5,19783.8,19811.0
2026-08-21,^IBEX,index,IBEX 35,Spain,,19868.2,20020.8,19863.0,19961.5
2026-08-24,^IBEX,index,IBEX 35,Spain,,19978.7,20117.4,19957.3,20098.6
2026-08-25,^IBEX,index,IBEX 35,Spain,,20189.0,20202.0,20000.3,20056.6
2026-08-26,^IBEX,index,IBEX 35,Spain,,20109.9,20178.5,20065.9,20067.3
2026-08-27,^IBEX,index,IBEX 35,Spain,,20073.6,20091.6,19845.6,19881.6
2026-08-28,^IBEX,index,IBEX 35,Spain,,20024.3,20085.6,19944.7,20041.9
2026-08-31,^IBEX,index,IBEX 35,Spain,,20070.6,20135.6,19974.1,19974.1
2026-09-01,^IBEX,index,IBEX 35,Spain,,19984.8,19999.0,19734.7,19824.0
2026-09-02,^IBEX,index,IBEX 35,Spain,,19790.8,19882.7,19739.3,19779.0
2026-09-03,^IBEX,index,IBEX 35,Spain,,19817.4,20000.2,19797.9,20000.2
2026-09-04,^IBEX,index,IBEX 35,Spain,,20000.2,20084.4,19872.3,20050.7
2026-09-07,^IBEX,index,IBEX 35,Spain,,20052.4,20076.9,19974.7,20021.8
2026-09-08,^IBEX,index,IBEX 35,Spain,,19948.3,20019.4,19810.4,19997.1
2026-09-09,^IBEX,index,IBEX 35,Spain,,19794.6,19838.3,19498.1,19695.3
2026-09-10,^IBEX,index,IBEX 35,Spain,,19748.8,19833.1,19614.5,19659.8
2026-09-11,^IBEX,index,IBEX 35,Spain,,19771.4,19884.4,19736.1,19838.5
2026-09-14,^IBEX,index,IBEX 35,Spain,,19763.4,19810.9,19511.5,19565.5
2026-09-15,^IBEX,index,IBEX 35,Spain,,19509.8,19665.0,19392.6,19555.9
2026-09-16,^IBEX,index,IBEX 35,Spain,,19657.1,19708.2,19557.7,19635.8
2026-09-17,^IBEX,index,IBEX 35,Spain,,19691.5,19869.1,19689.6,19831.8
2026-09-18,^IBEX,index,IBEX 35,Spain,,19809.1,19809.1,19485.0,19513.8
2026-09-21,^IBEX,index,IBEX 35,Spain,,19599.8,19771.9,19599.8,19724.4
2026-09-22,^IBEX,index,IBEX 35,Spain,,19785.9,19942.8,19666.0,19754.1
2026-09-23,^IBEX,index,IBEX 35,Spain,,19867.7,19890.9,19622.2,19632.2
2026-07-29,^KOSPI,index,KOSPI,South Korea,,6089.11,6228.52,5262.77,5663.24
2026-07-30,^KOSPI,index,KOSPI,South Korea,,5681.77,5976.82,5547.41,5593.56
2026-07-31,^KOSPI,index,KOSPI,South Korea,,5657.79,6630.77,5629.76,6595.45
2026-08-03,^KOSPI,index,KOSPI,South Korea,,6358.27,6393.0,6223.29,6257.45
2026-08-04,^KOSPI,index,KOSPI,South Korea,,6351.38,6389.4,6080.25,6358.95
2026-08-05,^KOSPI,index,KOSPI,South Korea,,6603.48,6674.66,6540.27,6598.26
2026-08-06,^KOSPI,index,KOSPI,South Korea,,6478.75,6550.94,6238.32,6296.38
2026-08-07,^KOSPI,index,KOSPI,South Korea,,6365.07,6415.6,6158.73,6258.77
2026-08-10,^KOSPI,index,KOSPI,South Korea,,6306.33,6394.06,6232.45,6299.66
2026-08-11,^KOSPI,index,KOSPI,South Korea,,6240.06,6405.81,6213.78,6345.53
2026-08-12,^KOSPI,index,KOSPI,South Korea,,6438.5,6668.43,6413.5,6579.04
2026-08-13,^KOSPI,index,KOSPI,South Korea,,6773.92,6895.63,6748.13,6813.34
2026-08-14,^KOSPI,index,KOSPI,South Korea,,6995.67,7010.86,6848.43,6977.94
2026-08-18,^KOSPI,index,KOSPI,South Korea,,7127.77,7216.62,6788.78,6869.83
2026-08-19,^KOSPI,index,KOSPI,South Korea,,6528.77,6614.39,6400.81,6471.17
2026-08-20,^KOSPI,index,KOSPI,South Korea,,6680.34,6904.55,6600.09,6852.58
2026-08-21,^KOSPI,index,KOSPI,South Korea,,6759.95,6954.12,6742.44,6912.95
2026-08-24,^KOSPI,index,KOSPI,South Korea,,6881.07,6884.57,6656.07,6696.96
2026-08-25,^KOSPI,index,KOSPI,South Korea,,6535.93,6747.16,6408.82,6742.74
2026-08-26,^KOSPI,index,KOSPI,South Korea,,6727.25,6887.18,6704.1,6808.21
2026-08-27,^KOSPI,index,KOSPI,South Korea,,6996.12,6996.12,6841.88,6912.37
2026-08-28,^KOSPI,index,KOSPI,South Korea,,6846.54,6901.78,6780.13,6788.88
2026-08-31,^KOSPI,index,KOSPI,South Korea,,6613.58,6820.1,6547.76,6820.02
2026-09-01,^KOSPI,index,KOSPI,South Korea,,6784.29,6857.35,6732.47,6835.8
2026-09-02,^KOSPI,index,KOSPI,South Korea,,6625.47,6694.57,6558.3,6562.72
2026-09-03,^KOSPI,index,KOSPI,South Korea,,6650.33,6682.97,6439.49,6579.48
2026-09-04,^KOSPI,index,KOSPI,South Korea,,6654.36,6746.14,6632.77,6687.21
2026-09-07,^KOSPI,index,KOSPI,South Korea,,6910.78,6995.4,6867.91,6995.39
2026-09-08,^KOSPI,index,KOSPI,South Korea,,7045.79,7171.52,6951.78,6954.52
2026-09-09,^KOSPI,index,KOSPI,South Korea,,6972.87,7112.48,6968.06,7051.64
2026-09-10,^KOSPI,index,KOSPI,South Korea,,7038.85,7072.79,6898.45,7033.92
2026-09-11,^KOSPI,index,KOSPI,South Korea,,6802.5,6948.83,6802.5,6909.91
2026-09-14,^KOSPI,index,KOSPI,South Korea,,6692.61,6773.97,6654.82,6684.37
2026-09-15,^KOSPI,index,KOSPI,South Korea,,6659.25,6715.46,6582.2,6627.26
2026-09-16,^KOSPI,index,KOSPI,South Korea,,6611.24,6717.97,6598.87,6717.97
2026-09-17,^KOSPI,index,KOSPI,South Korea,,6779.02,6795.53,6697.85,6715.41
2026-09-18,^KOSPI,index,KOSPI,South Korea,,6885.7,6914.08,6830.95,6894.23
2026-09-21,^KOSPI,index,KOSPI,South Korea,,6938.34,7027.58,6938.34,7007.72
2026-09-22,^KOSPI,index,KOSPI,South Korea,,7161.61,7171.44,6986.27,7017.91
2026-09-23,^KOSPI,index,KOSPI,South Korea,,7153.99,7153.99,7014.98,7080.92
2025-01-02,^NDX,index,NASDAQ-100,United States,,21120.05,21236.59,20800.5,20975.62
2025-01-03,^NDX,index,NASDAQ-100,United States,,21096.79,21359.63,21075.89,21326.16
2025-01-06,^NDX,index,NASDAQ-100,United States,,21551.18,21703.49,21462.52,21559.5
2025-01-07,^NDX,index,NASDAQ-100,United States,,21619.89,21621.25,21101.09,21173.04
2025-01-08,^NDX,index,NASDAQ-100,United States,,21156.76,21242.61,20992.09,21180.96
2025-01-10,^NDX,index,NASDAQ-100,United States,,21012.29,21015.51,20718.78,20847.58
2025-01-13,^NDX,index,NASDAQ-100,United States,,20593.65,20797.1,20538.33,20784.72
2025-01-14,^NDX,index,NASDAQ-100,United States,,20896.36,20969.52,20622.72,20757.41
2025-01-15,^NDX,index,NASDAQ-100,United States,,21067.8,21286.01,21024.27,21237.85
2025-01-16,^NDX,index,NASDAQ-100,United States,,21324.97,21330.59,21087.85,21091.25
2025-01-17,^NDX,index,NASDAQ-100,United States,,21461.9,21515.76,21334.63,21441.15
2025-01-21,^NDX,index,NASDAQ-100,United States,,21557.82,21620.23,21379.06,21566.51
2025-01-22,^NDX,index,NASDAQ-100,United States,,21756.23,21943.04,21756.23,21853.0
2025-01-23,^NDX,index,NASDAQ-100,United States,,21737.24,21900.93,21722.04,21900.93
2025-01-24,^NDX,index,NASDAQ-100,United States,,21915.48,21945.48,21709.06,21774.01
2025-01-27,^NDX,index,NASDAQ-100,United States,,21000.17,21292.54,20974.9,21127.28
2025-01-28,^NDX,index,NASDAQ-100,United States,,21186.08,21500.73,21043.13,21463.04
2025-01-29,^NDX,index,NASDAQ-100,United States,,21473.02,21477.88,21251.8,21411.46
2025-01-30,^NDX,index,NASDAQ-100,United States,,21519.81,21623.45,21308.69,21508.12
2025-01-31,^NDX,index,NASDAQ-100,United States,,21661.56,21846.01,21425.79,21478.05
2025-02-03,^NDX,index,NASDAQ-100,United States,,21084.64,21406.58,21004.35,21297.58
2025-02-04,^NDX,index,NASDAQ-100,United States,,21319.58,21582.4,21308.24,21566.92
2025-02-05,^NDX,index,NASDAQ-100,United States,,21453.87,21662.98,21408.64,21658.16
2025-02-06,^NDX,index,NASDAQ-100,United States,,21674.17,21776.08,21618.25,21774.06
2025-02-07,^NDX,index,NASDAQ-100,United States,,21776.28,21869.32,21465.46,21491.31
2025-02-10,^NDX,index,NASDAQ-100,United States,,21670.06,21793.13,21645.17,21756.73
2025-02-11,^NDX,index,NASDAQ-100,United States,,21629.11,21776.25,21625.51,21693.52
2025-02-12,^NDX,index,NASDAQ-100,United States,,21475.41,21745.66,21454.19,21719.26
2025-02-13,^NDX,index,NASDAQ-100,United States,,21786.16,22038.15,21758.04,22030.71
2025-02-14,^NDX,index,NASDAQ-100,United States,,22038.61,22139.43,22010.35,22114.69
2025-02-18,^NDX,index,NASDAQ-100,United States,,22176.02,22191.37,22029.58,22164.61
2025-02-19,^NDX,index,NASDAQ-100,United States,,22121.73,22222.61,22045.75,22175.6
2025-02-20,^NDX,index,NASDAQ-100,United States,,22132.71,22148.44,21878.75,22068.06
2025-02-21,^NDX,index,NASDAQ-100,United States,,22110.54,22115.21,21597.16,21614.08
2025-02-24,^NDX,index,NASDAQ-100,United States,,21669.36,21727.58,21341.96,21352.08
2025-02-25,^NDX,index,NASDAQ-100,United States,,21318.77,21326.81,20930.58,21087.25
2025-02-26,^NDX,index,NASDAQ-100,United States,,21170.51,21350.52,21012.62,21132.92
2025-02-27,^NDX,index,NASDAQ-100,United States,,21281.36,21323.91,20540.68,20550.95
2025-02-28,^NDX,index,NASDAQ-100,United States,,20518.65,20900.77,20407.45,20884.41
2025-03-03,^NDX,index,NASDAQ-100,United States,,20989.58,21073.8,20279.5,20425.58
2025-03-04,^NDX,index,NASDAQ-100,United States,,20281.89,20688.46,20034.68,20352.53
2025-03-05,^NDX,index,NASDAQ-100,United States,,20363.22,20688.72,20182.57,20628.46
2025-03-06,^NDX,index,NASDAQ-100,United States,,20231.74,20473.4,19968.56,20052.63
2025-03-07,^NDX,index,NASDAQ-100,United States,,20015.62,20253.22,19736.81,20201.37
2025-03-10,^NDX,index,NASDAQ-100,United States,,19826.96,19867.08,19243.31,19430.95
2025-03-11,^NDX,index,NASDAQ-100,United States,,19405.52,19659.43,19180.56,19376.96
2025-03-12,^NDX,index,NASDAQ-100,United States,,19663.39,19756.09,19375.25,19596.02
2025-03-13,^NDX,index,NASDAQ-100,United States,,19534.37,19558.56,19152.57,19225.48
2025-03-14,^NDX,index,NASDAQ-100,United States,,19458.89,19729.21,19436.04,19704.63
2025-03-17,^NDX,index,NASDAQ-100,United States,,19670.69,19943.81,19622.47,19812.24
2025-03-18,^NDX,index,NASDAQ-100,United States,,19657.1,19676.05,19397.07,19483.36
2025-03-19,^NDX,index,NASDAQ-100,United States,,19576.32,19921.62,19497.79,19736.66
2025-03-20,^NDX,index,NASDAQ-100,United States,,19558.28,19888.85,19549.31,19677.61
2025-03-21,^NDX,index,NASDAQ-100,United States,,19466.44,19767.98,19409.18,19753.97
2025-03-24,^NDX,index,NASDAQ-100,United States,,20041.21,20208.84,20024.97,20180.45
2025-03-25,^NDX,index,NASDAQ-100,United States,,20196.5,20292.2,20164.07,20287.83
2025-03-26,^NDX,index,NASDAQ-100,United States,,20239.05,20270.19,19848.5,19916.99
2025-03-27,^NDX,index,NASDAQ-100,United States,,19814.61,20003.36,19740.22,19798.62
2025-03-28,^NDX,index,NASDAQ-100,United States,,19718.46,19752.45,19241.54,19281.4
2025-03-31,^NDX,index,NASDAQ-100,United States,,18998.54,19316.07,18799.2,19278.45
2025-04-01,^NDX,index,NASDAQ-100,United States,,19192.77,19468.63,19095.17,19436.42
2025-04-02,^NDX,index,NASDAQ-100,United States,,19182.39,19707.34,19157.2,19581.78
2025-04-03,^NDX,index,NASDAQ-100,United States,,18774.15,18902.07,18502.97,18521.47
2025-04-04,^NDX,index,NASDAQ-100,United States,,18022.16,18089.25,17387.83,17397.7
2025-04-07,^NDX,index,NASDAQ-100,United States,,16771.77,18191.5,16542.2,17430.68
2025-04-08,^NDX,index,NASDAQ-100,United States,,18034.46,18207.01,16850.18,17090.4
2025-04-09,^NDX,index,NASDAQ-100,United States,,17116.53,19234.02,17082.36,19145.06
2025-04-10,^NDX,index,NASDAQ-100,United States,,18626.11,18710.58,17794.5,18343.57
2025-04-11,^NDX,index,NASDAQ-100,United States,,18309.29,18728.95,18153.32,18690.05
2025-04-14,^NDX,index,NASDAQ-100,United States,,19095.49,19115.15,18614.75,18796.02
2025-04-15,^NDX,index,NASDAQ-100,United States,,18831.98,19004.18,18754.87,18830.23
2025-04-16,^NDX,index,NASDAQ-100,United States,,18475.76,18597.32,17995.96,18257.64
2025-04-17,^NDX,index,NASDAQ-100,United States,,18369.9,18401.05,18144.46,18258.09
2025-04-21,^NDX,index,NASDAQ-100,United States,,18023.01,18043.08,17592.92,17808.3
2025-04-22,^NDX,index,NASDAQ-100,United States,,18033.9,18396.39,17993.24,18276.41
2025-04-23,^NDX,index,NASDAQ-100,United States,,18870.63,19043.01,18618.89,18693.26
2025-04-24,^NDX,index,NASDAQ-100,United States,,18756.53,19224.8,18744.47,19214.4
2025-04-25,^NDX,index,NASDAQ-100,United States,,19209.72,19447.56,19133.23,19432.56
2025-04-28,^NDX,index,NASDAQ-100,United States,,19432.72,19519.33,19162.46,19427.29
2025-04-29,^NDX,index,NASDAQ-100,United States,,19315.96,19582.77,19304.83,19544.95
2025-04-30,^NDX,index,NASDAQ-100,United States,,19168.09,19612.77,19011.98,19571.02
2025-05-01,^NDX,index,NASDAQ-100,United States,,19866.83,20024.48,19763.14,19786.71
2025-05-02,^NDX,index,NASDAQ-100,United States,,19986.61,20176.6,19936.67,20102.61
2025-05-05,^NDX,index,NASDAQ-100,United States,,19928.82,20100.61,19899.28,19967.94
2025-05-06,^NDX,index,NASDAQ-100,United States,,19709.64,19927.23,19659.32,19791.35
2025-05-07,^NDX,index,NASDAQ-100,United States,,19804.5,19960.86,19605.07,19867.97
2025-05-08,^NDX,index,NASDAQ-100,United States,,20067.43,20249.76,19907.67,20063.56
2025-05-09,^NDX,index,NASDAQ-100,United States,,20170.37,20203.58,19984.53,20061.45
2025-05-12,^NDX,index,NASDAQ-100,United States,,20818.78,20870.13,20613.27,20868.15
2025-05-13,^NDX,index,NASDAQ-100,United States,,20906.92,21259.39,20891.18,21197.7
2025-05-14,^NDX,index,NASDAQ-100,United States,,21254.47,21336.48,21199.86,21319.21
2025-05-15,^NDX,index,NASDAQ-100,United States,,21206.73,21443.88,21168.17,21335.82
2025-05-16,^NDX,index,NASDAQ-100,United States,,21375.63,21428.79,21246.42,21427.94
2025-05-19,^NDX,index,NASDAQ-100,United States,,21138.13,21464.56,21138.13,21447.05
2025-05-20,^NDX,index,NASDAQ-100,United States,,21347.63,21399.99,21226.66,21367.37
2025-05-21,^NDX,index,NASDAQ-100,United States,,21217.3,21482.98,21002.09,21080.36
2025-05-22,^NDX,index,NASDAQ-100,United States,,21097.46,21263.18,21046.22,21112.47
2025-05-23,^NDX,index,NASDAQ-100,United States,,20806.37,21025.58,20777.97,20915.65
2025-05-27,^NDX,index,NASDAQ-100,United States,,21201.45,21429.32,21145.13,21414.99
2025-05-28,^NDX,index,NASDAQ-100,United States,,21451.69,21508.08,21296.51,21318.17
2025-05-29,^NDX,index,NASDAQ-100,United States,,21611.54,21611.54,21260.72,21363.95
2025-05-30,^NDX,index,NASDAQ-100,United States,,21330.85,21386.29,21032.56,21340.99
2025-06-02,^NDX,index,NASDAQ-100,United States,,21270.57,21500.36,21199.37,21491.75
2025-06-03,^NDX,index,NASDAQ-100,United States,,21529.98,21715.96,21474.51,21662.58
2025-06-04,^NDX,index,NASDAQ-100,United States,,21689.02,21761.37,21607.33,21721.92
2025-06-05,^NDX,index,NASDAQ-100,United States,,21782.34,21891.89,21472.77,21547.43
2025-06-06,^NDX,index,NASDAQ-100,United States,,21777.5,21836.57,21696.69,21761.79
2025-06-09,^NDX,index,NASDAQ-100,United States,,21779.18,21855.15,21729.3,21797.87
2025-06-10,^NDX,index,NASDAQ-100,United States,,21819.79,21961.42,21727.34,21941.92
2025-06-11,^NDX,index,NASDAQ-100,United States,,21994.16,22041.83,21775.27,21860.8
2025-06-12,^NDX,index,NASDAQ-100,United States,,21826.79,21952.0,21807.0,21913.32
2025-06-13,^NDX,index,NASDAQ-100,United States,,21675.94,21838.47,21591.11,21631.04
2025-06-16,^NDX,index,NASDAQ-100,United States,,21783.08,21979.77,21783.08,21937.57
2025-06-17,^NDX,index,NASDAQ-100,United States,,21858.89,21896.42,21680.18,21719.08
2025-06-18,^NDX,index,NASDAQ-100,United States,,21745.5,21863.0,21660.52,21719.69
2025-06-20,^NDX,index,NASDAQ-100,United States,,21834.49,21902.98,21552.8,21626.39
2025-06-23,^NDX,index,NASDAQ-100,United States,,21632.78,21871.87,21532.32,21856.33
2025-06-24,^NDX,index,NASDAQ-100,United States,,22053.33,22220.64,22045.63,22190.52
2025-06-25,^NDX,index,NASDAQ-100,United States,,22279.69,22329.23,22175.08,22237.74
2025-06-26,^NDX,index,NASDAQ-100,United States,,22328.24,22466.99,22255.27,22447.29
2025-06-27,^NDX,index,NASDAQ-100,United States,,22484.87,22603.22,22382.79,22534.2
2025-06-30,^NDX,index,NASDAQ-100,United States,,22632.92,22721.5,22565.11,22679.01
2025-07-01,^NDX,index,NASDAQ-100,United States,,22594.47,22631.26,22388.09,22478.14
2025-07-02,^NDX,index,NASDAQ-100,United States,,22451.81,22644.72,22448.07,22641.89
2025-07-03,^NDX,index,NASDAQ-100,United States,,22751.64,22896.01,22736.08,22866.97
2025-07-07,^NDX,index,NASDAQ-100,United States,,22754.38,22776.21,22587.47,22685.57
2025-07-08,^NDX,index,NASDAQ-100,United States,,22735.26,22761.8,22652.44,22702.25
2025-07-09,^NDX,index,NASDAQ-100,United States,,22800.36,22915.33,22733.65,22864.91
2025-07-10,^NDX,index,NASDAQ-100,United States,,22890.43,22907.05,22716.41,22829.26
2025-07-11,^NDX,index,NASDAQ-100,United States,,22757.99,22837.38,22692.8,22780.6
2025-07-14,^NDX,index,NASDAQ-100,United States,,22780.19,22886.94,22675.28,22855.63
2025-07-15,^NDX,index,NASDAQ-100,United States,,23036.87,23051.87,22876.47,22884.59
2025-07-16,^NDX,index,NASDAQ-100,United States,,22895.3,22928.55,22669.37,22907.97
2025-07-17,^NDX,index,NASDAQ-100,United States,,22931.02,23104.72,22905.51,23081.05
2025-07-18,^NDX,index,NASDAQ-100,United States,,23135.09,23153.21,23018.36,23065.47
2025-07-21,^NDX,index,NASDAQ-100,United States,,23124.97,23264.45,23122.93,23180.06
2025-07-22,^NDX,index,NASDAQ-100,United States,,23182.02,23186.36,22953.85,23063.58
2025-07-23,^NDX,index,NASDAQ-100,United States,,23100.25,23168.49,23000.46,23162.41
2025-07-24,^NDX,index,NASDAQ-100,United States,,23228.79,23268.49,23150.27,23219.87
2025-07-25,^NDX,index,NASDAQ-100,United States,,23204.66,23326.3,23193.99,23272.25
2025-07-28,^NDX,index,NASDAQ-100,United States,,23343.13,23386.76,23299.82,23356.27
2025-07-29,^NDX,index,NASDAQ-100,United States,,23477.84,23510.92,23283.4,23308.3
2025-07-30,^NDX,index,NASDAQ-100,United States,,23337.33,23447.15,23226.92,23345.41
2025-07-31,^NDX,index,NASDAQ-100,United States,,23589.37,23589.37,23176.13,23218.12
2025-08-01,^NDX,index,NASDAQ-100,United States,,22941.06,22972.47,22673.88,22763.31
2025-08-04,^NDX,index,NASDAQ-100,United States,,22986.77,23191.05,22973.6,23188.61
2025-08-05,^NDX,index,NASDAQ-100,United States,,23235.32,23286.05,23008.14,23018.56
2025-08-06,^NDX,index,NASDAQ-100,United States,,23070.95,23330.49,23042.27,23315.04
2025-08-07,^NDX,index,NASDAQ-100,United States,,23483.42,23560.73,23225.72,23389.53
2025-08-08,^NDX,index,NASDAQ-100,United States,,23458.13,23619.24,23437.61,23611.27
2025-08-11,^NDX,index,NASDAQ-100,United States,,23629.02,23698.0,23484.25,23526.63
2025-08-12,^NDX,index,NASDAQ-100,United States,,23651.61,23849.5,23524.28,23839.2
2025-08-13,^NDX,index,NASDAQ-100,United States,,23935.06,23969.28,23789.12,23849.04
2025-08-14,^NDX,index,NASDAQ-100,United States,,23775.01,23908.26,23748.98,23832.44
2025-08-15,^NDX,index,NASDAQ-100,United States,,23809.0,23813.99,23651.21,23712.07
2025-08-18,^NDX,index,NASDAQ-100,United States,,23692.13,23733.5,23637.41,23713.76
2025-08-19,^NDX,index,NASDAQ-100,United States,,23689.02,23695.64,23346.34,23384.77
2025-08-20,^NDX,index,NASDAQ-100,United States,,23343.41,23343.41,22959.7,23249.57
2025-08-21,^NDX,index,NASDAQ-100,United States,,23182.76,23264.27,23046.39,23142.58
2025-08-22,^NDX,index,NASDAQ-100,United States,,23184.99,23575.36,23140.04,23498.12
2025-08-25,^NDX,index,NASDAQ-100,United States,,23454.28,23546.45,23382.2,23425.61
2025-08-26,^NDX,index,NASDAQ-100,United States,,23420.85,23532.51,23369.04,23525.29
2025-08-27,^NDX,index,NASDAQ-100,United States,,23499.67,23591.05,23434.31,23565.85
2025-08-28,^NDX,index,NASDAQ-100,United States,,23601.35,23741.23,23514.7,23703.45
2025-08-29,^NDX,index,NASDAQ-100,United States,,23607.54,23607.54,23353.96,23415.42
2025-09-02,^NDX,index,NASDAQ-100,United States,,23020.47,23242.28,22977.89,23231.11
2025-09-03,^NDX,index,NASDAQ-100,United States,,23388.28,23478.01,23279.12,23414.84
2025-09-04,^NDX,index,NASDAQ-100,United States,,23442.19,23639.04,23371.33,23633.01
2025-09-05,^NDX,index,NASDAQ-100,United States,,23841.98,23860.25,23475.33,23652.44
2025-09-08,^NDX,index,NASDAQ-100,United States,,23759.63,23851.81,23725.04,23762.3
2025-09-09,^NDX,index,NASDAQ-100,United States,,23824.33,23852.42,23698.0,23839.8
2025-09-10,^NDX,index,NASDAQ-100,United States,,23931.32,23958.54,23760.1,23849.27
2025-09-11,^NDX,index,NASDAQ-100,United States,,23956.57,24016.53,23883.01,23992.56
2025-09-12,^NDX,index,NASDAQ-100,United States,,24030.77,24137.06,23983.63,24092.19
2025-09-15,^NDX,index,NASDAQ-100,United States,,24178.61,24297.34,24173.14,24293.78
2025-09-16,^NDX,index,NASDAQ-100,United States,,24342.75,24343.36,24244.21,24274.25
2025-09-17,^NDX,index,NASDAQ-100,United States,,24286.43,24292.06,23999.75,24223.69
2025-09-18,^NDX,index,NASDAQ-100,United States,,24421.21,24554.52,24347.54,24454.89
2025-09-19,^NDX,index,NASDAQ-100,United States,,24528.44,24641.93,24469.28,24626.25
2025-09-22,^NDX,index,NASDAQ-100,United States,,24588.18,24781.73,24578.09,24761.07
2025-09-23,^NDX,index,NASDAQ-100,United States,,24752.74,24764.3,24536.5,24580.17
2025-09-24,^NDX,index,NASDAQ-100,United States,,24648.97,24650.42,24388.59,24503.57
2025-09-25,^NDX,index,NASDAQ-100,United States,,24321.73,24460.66,24186.37,24397.31
2025-09-26,^NDX,index,NASDAQ-100,United States,,24410.95,24510.37,24297.7,24503.85
2025-09-29,^NDX,index,NASDAQ-100,United States,,24629.02,24741.77,24560.22,24611.35
2025-09-30,^NDX,index,NASDAQ-100,United States,,24597.4,24691.23,24505.14,24679.99
2025-10-01,^NDX,index,NASDAQ-100,United States,,24539.25,24816.68,24517.76,24800.86
2025-10-02,^NDX,index,NASDAQ-100,United States,,24933.49,24944.75,24780.11,24892.76
2025-10-03,^NDX,index,NASDAQ-100,United States,,24931.42,24958.26,24713.58,24785.52
2025-10-06,^NDX,index,NASDAQ-100,United States,,24986.26,25044.26,24907.6,24978.56
2025-10-07,^NDX,index,NASDAQ-100,United States,,25031.78,25062.96,24783.95,24840.23
2025-10-08,^NDX,index,NASDAQ-100,United States,,24887.32,25142.19,24882.35,25136.62
2025-10-09,^NDX,index,NASDAQ-100,United States,,25124.79,25139.35,24966.81,25098.18
2025-10-10,^NDX,index,NASDAQ-100,United States,,25116.83,25195.28,24207.15,24221.75
2025-10-13,^NDX,index,NASDAQ-100,United States,,24625.74,24779.65,24540.42,24750.25
2025-10-14,^NDX,index,NASDAQ-100,United States,,24442.93,24766.37,24256.28,24579.32
2025-10-15,^NDX,index,NASDAQ-100,United States,,24807.34,24933.23,24496.07,24745.36
2025-10-16,^NDX,index,NASDAQ-100,United States,,24882.22,24998.3,24481.17,24657.24
2025-10-17,^NDX,index,NASDAQ-100,United States,,24600.54,24881.47,24511.59,24817.95
2025-10-20,^NDX,index,NASDAQ-100,United States,,24991.1,25183.81,24988.67,25141.02
2025-10-21,^NDX,index,NASDAQ-100,United States,,25139.8,25178.23,25043.06,25127.13
2025-10-22,^NDX,index,NASDAQ-100,United States,,25093.64,25127.06,24652.11,24879.01
2025-10-23,^NDX,index,NASDAQ-100,United States,,24869.6,25126.78,24856.34,25097.42
2025-10-24,^NDX,index,NASDAQ-100,United States,,25307.75,25418.64,25288.71,25358.16
2025-10-27,^NDX,index,NASDAQ-100,United States,,25701.95,25839.03,25656.38,25821.55
2025-10-28,^NDX,index,NASDAQ-100,United States,,25932.64,26087.48,25864.49,26012.16
2025-10-29,^NDX,index,NASDAQ-100,United States,,26147.72,26182.1,25907.45,26119.85
2025-10-30,^NDX,index,NASDAQ-100,United States,,25953.78,26031.68,25732.39,25734.81
2025-10-31,^NDX,index,NASDAQ-100,United States,,26055.97,26063.49,25761.28,25858.13
2025-11-03,^NDX,index,NASDAQ-100,United States,,26114.11,26132.87,25887.88,25972.94
2025-11-04,^NDX,index,NASDAQ-100,United States,,25580.34,25762.23,25415.62,25435.7
2025-11-05,^NDX,index,NASDAQ-100,United States,,25433.22,25750.88,25364.9,25620.03
2025-11-06,^NDX,index,NASDAQ-100,United States,,25568.24,25568.24,25083.24,25130.04
2025-11-07,^NDX,index,NASDAQ-100,United States,,24977.73,25065.14,24603.78,25059.81
2025-11-10,^NDX,index,NASDAQ-100,United States,,25418.17,25655.51,25354.44,25611.74
2025-11-11,^NDX,index,NASDAQ-100,United States,,25500.93,25588.26,25380.86,25533.49
2025-11-12,^NDX,index,NASDAQ-100,United States,,25662.19,25663.17,25389.73,25517.33
2025-11-13,^NDX,index,NASDAQ-100,United States,,25386.95,25396.01,24908.6,24993.46
2025-11-14,^NDX,index,NASDAQ-100,United States,,24658.55,25198.93,24534.9,25008.24
2025-11-17,^NDX,index,NASDAQ-100,United States,,24890.1,25166.15,24649.36,24799.92
2025-11-18,^NDX,index,NASDAQ-100,United States,,24651.78,24735.13,24299.29,24503.1
2025-11-19,^NDX,index,NASDAQ-100,United States,,24517.27,24904.66,24432.19,24640.52
2025-11-20,^NDX,index,NASDAQ-100,United States,,25131.49,25222.95,24021.44,24054.38
2025-11-21,^NDX,index,NASDAQ-100,United States,,24137.66,24521.84,23854.03,24239.57
2025-11-24,^NDX,index,NASDAQ-100,United States,,24462.87,24923.59,24455.65,24873.85
2025-11-25,^NDX,index,NASDAQ-100,United States,,24790.07,25069.54,24542.71,25018.36
2025-11-26,^NDX,index,NASDAQ-100,United States,,25168.31,25309.15,25077.86,25236.94
2025-11-28,^NDX,index,NASDAQ-100,United States,,25310.29,25435.77,25280.96,25434.89
2025-12-01,^NDX,index,NASDAQ-100,United States,,25232.75,25443.21,25158.63,25342.85
2025-12-02,^NDX,index,NASDAQ-100,United States,,25449.87,25622.58,25369.36,25555.86
2025-12-03,^NDX,index,NASDAQ-100,United States,,25443.71,25639.99,25388.44,25606.54
2025-12-04,^NDX,index,NASDAQ-100,United States,,25658.14,25658.27,25450.38,25581.7
2025-12-05,^NDX,index,NASDAQ-100,United States,,25657.78,25827.08,25617.35,25692.05
2025-12-08,^NDX,index,NASDAQ-100,United States,,25758.82,25828.16,25531.75,25627.95
2025-12-09,^NDX,index,NASDAQ-100,United States,,25593.67,25698.26,25532.34,25668.69
2025-12-10,^NDX,index,NASDAQ-100,United States,,25631.59,25835.03,25504.3,25776.44
2025-12-11,^NDX,index,NASDAQ-100,United States,,25598.39,25696.29,25372.18,25686.68
2025-12-12,^NDX,index,NASDAQ-100,United States,,25531.55,25605.88,25104.68,25196.73
2025-12-15,^NDX,index,NASDAQ-100,United States,,25352.87,25377.62,25022.81,25067.27
2025-12-16,^NDX,index,NASDAQ-100,United States,,24991.49,25188.76,24922.94,25132.94
2025-12-17,^NDX,index,NASDAQ-100,United States,,25167.86,25193.41,24647.61,24647.61
2025-12-18,^NDX,index,NASDAQ-100,United States,,25031.49,25164.18,24921.45,25019.37
2025-12-19,^NDX,index,NASDAQ-100,United States,,25147.29,25354.82,25134.26,25346.18
2025-12-22,^NDX,index,NASDAQ-100,United States,,25527.68,25554.03,25401.59,25461.7
2025-12-23,^NDX,index,NASDAQ-100,United States,,25441.42,25590.03,25403.26,25587.83
2025-12-24,^NDX,index,NASDAQ-100,United States,,25582.34,25665.28,25556.85,25656.15
2025-12-26,^NDX,index,NASDAQ-100,United States,,25692.68,25716.71,25620.32,25644.39
2025-12-29,^NDX,index,NASDAQ-100,United States,,25462.25,25598.14,25440.97,25525.56
2025-12-30,^NDX,index,NASDAQ-100,United States,,25509.88,25577.58,25456.92,25462.56
2025-12-31,^NDX,index,NASDAQ-100,United States,,25464.71,25483.77,25244.86,25249.85
2026-01-02,^NDX,index,NASDAQ-100,United States,,25524.27,25597.65,25086.36,25206.17
2026-01-05,^NDX,index,NASDAQ-100,United States,,25471.79,25520.52,25354.66,25401.32
2026-01-06,^NDX,index,NASDAQ-100,United States,,25462.06,25655.12,25428.08,25639.71
2026-01-07,^NDX,index,NASDAQ-100,United States,,25617.8,25813.17,25592.4,25653.9
2026-01-08,^NDX,index,NASDAQ-100,United States,,25615.35,25622.31,25400.16,25507.1
2026-01-09,^NDX,index,NASDAQ-100,United States,,25518.82,25811.46,25455.97,25766.26
2026-01-12,^NDX,index,NASDAQ-100,United States,,25616.81,25850.86,25602.56,25787.66
2026-01-13,^NDX,index,NASDAQ-100,United States,,25779.28,25873.18,25642.11,25741.95
2026-01-14,^NDX,index,NASDAQ-100,United States,,25575.57,25624.19,25266.2,25465.94
2026-01-15,^NDX,index,NASDAQ-100,United States,,25767.3,25781.03,25520.2,25547.08
2026-01-16,^NDX,index,NASDAQ-100,United States,,25710.6,25735.48,25444.28,25529.26
2026-01-20,^NDX,index,NASDAQ-100,United States,,25155.03,25279.78,24954.18,24987.57
2026-01-21,^NDX,index,NASDAQ-100,United States,,25048.55,25498.81,24993.98,25326.58
2026-01-22,^NDX,index,NASDAQ-100,United States,,25548.38,25576.52,25399.5,25518.35
2026-01-23,^NDX,index,NASDAQ-100,United States,,25501.91,25709.74,25435.02,25605.47
2026-01-26,^NDX,index,NASDAQ-100,United States,,25631.01,25797.1,25578.76,25713.21
2026-01-27,^NDX,index,NASDAQ-100,United States,,25852.04,25982.59,25791.75,25939.74
2026-01-28,^NDX,index,NASDAQ-100,United States,,26121.74,26165.08,25974.66,26022.79
2026-01-29,^NDX,index,NASDAQ-100,United States,,26030.08,26046.34,25418.54,25884.29
2026-01-30,^NDX,index,NASDAQ-100,United States,,25740.19,25823.29,25456.18,25552.39
2026-02-02,^NDX,index,NASDAQ-100,United States,,25491.64,25833.12,25478.5,25738.61
2026-02-03,^NDX,index,NASDAQ-100,United States,,25811.05,25840.04,25112.46,25338.62
2026-02-04,^NDX,index,NASDAQ-100,United States,,25240.38,25275.26,24681.27,24891.24
2026-02-05,^NDX,index,NASDAQ-100,United States,,24614.86,24854.56,24455.4,24548.69
2026-02-06,^NDX,index,NASDAQ-100,United States,,24655.25,25131.34,24622.33,25075.77
2026-02-09,^NDX,index,NASDAQ-100,United States,,24953.68,25337.54,24876.28,25268.14
2026-02-10,^NDX,index,NASDAQ-100,United States,,25314.23,25363.13,25113.43,25127.64
2026-02-11,^NDX,index,NASDAQ-100,United States,,25335.91,25382.84,24980.29,25201.26
2026-02-12,^NDX,index,NASDAQ-100,United States,,25261.33,25310.56,24643.73,24687.61
2026-02-13,^NDX,index,NASDAQ-100,United States,,24662.95,24921.47,24514.96,24732.73
2026-02-17,^NDX,index,NASDAQ-100,United States,,24567.54,24818.3,24387.47,24701.6
2026-02-18,^NDX,index,NASDAQ-100,United States,,24744.88,25057.21,24696.83,24898.87
2026-02-19,^NDX,index,NASDAQ-100,United States,,24771.65,24890.12,24690.87,24797.34
2026-02-20,^NDX,index,NASDAQ-100,United States,,24637.32,25077.56,24633.6,25012.62
2026-02-23,^NDX,index,NASDAQ-100,United States,,24935.51,24984.82,24618.23,24708.94
2026-02-24,^NDX,index,NASDAQ-100,United States,,24763.84,25022.92,24643.69,24977.04
2026-02-25,^NDX,index,NASDAQ-100,United States,,25137.72,25343.97,25137.62,25329.04
2026-02-26,^NDX,index,NASDAQ-100,United States,,25278.25,25288.23,24820.55,25034.37
2026-02-27,^NDX,index,NASDAQ-100,United States,,24808.0,24987.96,24747.25,24960.04
2026-03-02,^NDX,index,NASDAQ-100,United States,,24599.41,25059.17,24497.375,24992.6
2026-03-03,^NDX,index,NASDAQ-100,United States,,24497.38,24810.25,24315.84,24720.08
2026-03-04,^NDX,index,NASDAQ-100,United States,,24850.94,25179.36,24795.53,25093.68
2026-03-05,^NDX,index,NASDAQ-100,United States,,24992.73,25174.31,24744.56,25020.41
2026-03-06,^NDX,index,NASDAQ-100,United States,,24663.74,24886.7,24579.86,24643.01
2026-03-09,^NDX,index,NASDAQ-100,United States,,24429.67,25019.16,24289.22,24967.25
2026-03-10,^NDX,index,NASDAQ-100,United States,,25002.61,25189.17,24871.44,24956.47
2026-03-11,^NDX,index,NASDAQ-100,United States,,25053.24,25152.12,24856.6,24965.01
2026-03-12,^NDX,index,NASDAQ-100,United States,,24771.32,24809.27,24522.24,24533.58
2026-03-13,^NDX,index,NASDAQ-100,United States,,24660.19,24786.65,24336.53,24380.73
2026-03-16,^NDX,index,NASDAQ-100,United States,,24646.18,24794.29,24606.46,24655.34
2026-03-17,^NDX,index,NASDAQ-100,United States,,24760.27,24884.68,24721.56,24780.42
2026-03-18,^NDX,index,NASDAQ-100,United States,,24727.07,24763.58,24417.38,24425.09
2026-03-19,^NDX,index,NASDAQ-100,United States,,24119.37,24462.15,24100.88,24355.28
2026-03-20,^NDX,index,NASDAQ-100,United States,,24257.56,24267.33,23759.97,23898.15
2026-03-23,^NDX,index,NASDAQ-100,United States,,24270.77,24465.16,24097.68,24188.59
2026-03-24,^NDX,index,NASDAQ-100,United States,,24042.23,24170.83,23927.69,24002.45
2026-03-25,^NDX,index,NASDAQ-100,United States,,24236.41,24314.25,24081.38,24162.98
2026-03-26,^NDX,index,NASDAQ-100,United States,,23913.19,24029.52,23574.72,23586.99
2026-03-27,^NDX,index,NASDAQ-100,United States,,23463.75,23472.89,23088.99,23132.77
2026-03-30,^NDX,index,NASDAQ-100,United States,,23307.75,23356.75,22841.42,22953.38
2026-03-31,^NDX,index,NASDAQ-100,United States,,23208.0,23789.6,23198.64,23740.19
2026-04-01,^NDX,index,NASDAQ-100,United States,,23883.29,24162.68,23871.61,24019.99
2026-04-02,^NDX,index,NASDAQ-100,United States,,23621.73,24076.35,23512.59,24045.53
2026-04-06,^NDX,index,NASDAQ-100,United States,,24143.02,24265.14,24039.03,24192.17
2026-04-07,^NDX,index,NASDAQ-100,United States,,24109.57,24209.28,23779.85,24202.37
2026-04-08,^NDX,index,NASDAQ-100,United States,,25045.36,25045.36,24756.93,24903.17
2026-04-09,^NDX,index,NASDAQ-100,United States,,24918.28,25097.45,24788.92,25082.09
2026-04-10,^NDX,index,NASDAQ-100,United States,,25165.06,25226.06,25057.65,25116.34
2026-04-13,^NDX,index,NASDAQ-100,United States,,25069.07,25387.69,24999.2,25383.72
2026-04-14,^NDX,index,NASDAQ-100,United States,,25514.55,25842.0,25514.55,25842.0
2026-04-15,^NDX,index,NASDAQ-100,United States,,25859.19,26214.57,25828.76,26204.58
2026-04-16,^NDX,index,NASDAQ-100,United States,,26256.88,26400.52,26113.65,26333.0
2026-04-17,^NDX,index,NASDAQ-100,United States,,26551.16,26719.56,26481.24,26672.43
2026-04-20,^NDX,index,NASDAQ-100,United States,,26662.32,26670.12,26412.52,26590.34
2026-04-21,^NDX,index,NASDAQ-100,United States,,26658.85,26730.64,26405.3,26479.47
2026-04-22,^NDX,index,NASDAQ-100,United States,,26715.92,26942.13,26662.88,26937.28
2026-04-23,^NDX,index,NASDAQ-100,United States,,26844.61,27007.87,26540.32,26782.63
2026-04-24,^NDX,index,NASDAQ-100,United States,,27082.42,27314.21,26986.39,27303.67
2026-04-27,^NDX,index,NASDAQ-100,United States,,27278.28,27315.23,27158.88,27305.68
2026-04-28,^NDX,index,NASDAQ-100,United States,,26988.77,27115.77,26877.59,27029.01
2026-04-29,^NDX,index,NASDAQ-100,United States,,27069.36,27199.73,26995.38,27186.98
2026-04-30,^NDX,index,NASDAQ-100,United States,,27328.99,27488.03,27029.41,27452.12
2026-05-01,^NDX,index,NASDAQ-100,United States,,27508.57,27787.12,27501.43,27710.36
2026-05-04,^NDX,index,NASDAQ-100,United States,,27731.34,27822.37,27504.09,27651.82
2026-05-05,^NDX,index,NASDAQ-100,United States,,27895.05,28065.63,27844.23,28015.06
2026-05-06,^NDX,index,NASDAQ-100,United States,,28234.02,28608.68,28208.23,28599.17
2026-05-07,^NDX,index,NASDAQ-100,United States,,28612.54,28825.52,28440.05,28563.95
2026-05-08,^NDX,index,NASDAQ-100,United States,,28768.12,29234.994,28751.21,29234.99
2026-05-11,^NDX,index,NASDAQ-100,United States,,29185.83,29372.43,29143.2,29320.66
2026-05-12,^NDX,index,NASDAQ-100,United States,,29067.36,29188.07,28628.64,29064.8
2026-05-13,^NDX,index,NASDAQ-100,United States,,29159.95,29452.26,28968.55,29366.94
2026-05-14,^NDX,index,NASDAQ-100,United States,,29372.65,29678.89,29350.1,29580.3
2026-05-15,^NDX,index,NASDAQ-100,United States,,29191.36,29387.44,28991.42,29125.2
2026-05-18,^NDX,index,NASDAQ-100,United States,,29246.2,29250.14,28717.57,28994.37
2026-05-19,^NDX,index,NASDAQ-100,United States,,28795.02,29031.92,28567.16,28818.84
2026-05-20,^NDX,index,NASDAQ-100,United States,,29006.57,29301.28,28919.44,29297.7
2026-05-21,^NDX,index,NASDAQ-100,United States,,29150.13,29463.49,29040.04,29357.27
2026-05-22,^NDX,index,NASDAQ-100,United States,,29476.29,29663.89,29423.63,29481.64
2026-05-26,^NDX,index,NASDAQ-100,United States,,29854.58,30044.49,29753.09,30001.32
2026-05-27,^NDX,index,NASDAQ-100,United States,,30081.28,30099.79,29808.89,29973.57
2026-05-28,^NDX,index,NASDAQ-100,United States,,30030.63,30263.19,29848.76,30223.89
2026-05-29,^NDX,index,NASDAQ-100,United States,,30333.86,30470.03,30210.01,30333.18
2026-06-01,^NDX,index,NASDAQ-100,United States,,30295.25,30633.55,30241.2,30513.86
2026-06-02,^NDX,index,NASDAQ-100,United States,,30471.61,30670.11,30372.96,30660.6
2026-06-03,^NDX,index,NASDAQ-100,United States,,30730.11,30762.2,30441.8,30571.24
2026-06-04,^NDX,index,NASDAQ-100,United States,,30174.59,30541.43,30092.23,30407.81
2026-06-05,^NDX,index,NASDAQ-100,United States,,29992.37,30051.08,28929.88,28957.6
2026-06-08,^NDX,index,NASDAQ-100,United States,,29482.2,29697.9,29294.02,29414.26
2026-06-09,^NDX,index,NASDAQ-100,United States,,29647.35,29805.3,28196.9,29084.5
2026-06-10,^NDX,index,NASDAQ-100,United States,,28893.82,29212.38,28462.92,28508.03
2026-06-11,^NDX,index,NASDAQ-100,United States,,28731.16,29506.68,28548.5,29446.18
2026-06-12,^NDX,index,NASDAQ-100,United States,,29380.68,29733.89,29220.83,29635.95
2026-06-15,^NDX,index,NASDAQ-100,United States,,30289.97,30587.16,30285.63,30543.92
2026-06-16,^NDX,index,NASDAQ-100,United States,,30455.49,30560.08,29962.87,29968.13
2026-06-17,^NDX,index,NASDAQ-100,United States,,30160.74,30208.94,29604.93,29670.95
2026-06-18,^NDX,index,NASDAQ-100,United States,,30261.6,30463.77,30089.35,30406.19
2026-06-22,^NDX,index,NASDAQ-100,United States,,30529.99,30642.57,30194.25,30347.08
2026-06-23,^NDX,index,NASDAQ-100,United States,,29369.25,29748.72,29276.98,29347.27
2026-06-24,^NDX,index,NASDAQ-100,United States,,29328.4,29592.9,28963.1,29220.06
2026-06-25,^NDX,index,NASDAQ-100,United States,,29843.89,29843.89,29000.55,29440.32
2026-06-26,^NDX,index,NASDAQ-100,United States,,29040.12,29413.8,28890.74,29118.24
2026-06-29,^NDX,index,NASDAQ-100,United States,,29310.26,29792.63,28991.52,29774.75
2026-06-30,^NDX,index,NASDAQ-100,United States,,29792.93,30328.79,29767.76,30276.35
2026-07-01,^NDX,index,NASDAQ-100,United States,,29914.28,30084.78,29787.41,29809.13
2026-07-02,^NDX,index,NASDAQ-100,United States,,29778.7,30044.5,29087.33,29329.21
2026-07-06,^NDX,index,NASDAQ-100,United States,,29575.57,29847.74,29553.62,29697.87
2026-07-07,^NDX,index,NASDAQ-100,United States,,29362.2,29426.45,28974.47,29173.02
2026-07-08,^NDX,index,NASDAQ-100,United States,,29030.33,29280.58,28814.57,29252.56
2026-07-09,^NDX,index,NASDAQ-100,United States,,29486.61,29773.74,29398.47,29727.1
2026-07-10,^NDX,index,NASDAQ-100,United States,,29618.34,29856.94,29484.49,29825.11
2026-07-13,^NDX,index,NASDAQ-100,United States,,29471.02,29541.0,29189.21,29264.1
2026-07-14,^NDX,index,NASDAQ-100,United States,,29561.35,29693.77,29368.87,29586.29
2026-07-15,^NDX,index,NASDAQ-100,United States,,29759.8,29771.89,29192.89,29502.6
2026-07-16,^NDX,index,NASDAQ-100,United States,,29318.3,29333.06,28881.23,29025.77
2026-07-17,^NDX,index,NASDAQ-100,United States,,28457.33,28867.4,28231.32,28592.66
2026-07-20,^NDX,index,NASDAQ-100,United States,,28871.16,29017.23,28590.4,28604.23
2026-07-21,^NDX,index,NASDAQ-100,United States,,29059.44,29192.29,28891.07,29155.18
2026-07-22,^NDX,index,NASDAQ-100,United States,,28949.81,29176.91,28934.52,28998.1
2026-07-23,^NDX,index,NASDAQ-100,United States,,28545.98,28726.62,28274.52,28454.81
2026-07-24,^NDX,index,NASDAQ-100,United States,,28362.15,28471.48,28053.08,28128.34
2026-07-27,^NDX,index,NASDAQ-100,United States,,28412.31,28460.2,27786.54,28039.21
2026-07-28,^NDX,index,NASDAQ-100,United States,,27810.39,27926.53,27452.95,27763.13
2026-07-29,^NDX,index,NASDAQ-100,United States,,27780.46,27954.91,27176.03,27192.31
2026-07-30,^NDX,index,NASDAQ-100,United States,,27755.46,28168.42,27686.37,28106.35
2026-07-31,^NDX,index,NASDAQ-100,United States,,28446.99,28606.78,27954.24,28274.2
2026-08-03,^NDX,index,NASDAQ-100,United States,,28278.59,28842.36,28196.88,28776.8
2026-08-04,^NDX,index,NASDAQ-100,United States,,29109.26,29831.4,29109.26,29733.16
2026-08-05,^NDX,index,NASDAQ-100,United States,,29863.27,29946.93,29468.33,29487.79
2026-08-06,^NDX,index,NASDAQ-100,United States,,29224.38,29569.76,29123.38,29373.33
2026-08-07,^NDX,index,NASDAQ-100,United States,,29596.45,29747.15,29452.71,29722.3
2026-08-10,^NDX,index,NASDAQ-100,United States,,29709.49,29784.21,29606.47,29621.8
2026-08-11,^NDX,index,NASDAQ-100,United States,,29694.7,29705.8,29427.61,29525.48
2026-08-12,^NDX,index,NASDAQ-100,United States,,29875.18,29881.5,29715.88,29742.6
2026-08-13,^NDX,index,NASDAQ-100,United States,,29784.06,30168.05,29757.62,30084.5
2026-08-14,^NDX,index,NASDAQ-100,United States,,30167.13,30179.82,29934.66,30046.14
2026-08-17,^NDX,index,NASDAQ-100,United States,,30150.78,30195.72,29971.92,29995.38
2026-08-18,^NDX,index,NASDAQ-100,United States,,29594.89,29677.29,29425.08,29490.96
2026-08-19,^NDX,index,NASDAQ-100,United States,,29580.85,29652.29,29288.75,29426.02
2026-08-20,^NDX,index,NASDAQ-100,United States,,29295.15,29378.8,29118.07,29213.16
2026-08-21,^NDX,index,NASDAQ-100,United States,,29359.6,29405.12,29142.44,29308.86
2026-08-24,^NDX,index,NASDAQ-100,United States,,29094.72,29151.97,28875.96,29023.18
2026-08-25,^NDX,index,NASDAQ-100,United States,,29231.18,29338.77,29077.72,29209.23
2026-08-26,^NDX,index,NASDAQ-100,United States,,29130.77,29296.77,29096.84,29224.52
2026-08-27,^NDX,index,NASDAQ-100,United States,,29480.99,29643.53,29366.42,29641.56
2026-08-28,^NDX,index,NASDAQ-100,United States,,29545.9,29752.78,29383.92,29433.43
2026-08-31,^NDX,index,NASDAQ-100,United States,,29404.29,29483.9,29304.49,29456.97
2026-09-01,^NDX,index,NASDAQ-100,United States,,29056.58,29267.42,28953.26,29077.22
2026-09-02,^NDX,index,NASDAQ-100,United States,,29016.0,29165.62,28971.9,29143.33
2026-09-03,^NDX,index,NASDAQ-100,United States,,29234.42,29538.76,29160.96,29482.32
2026-09-04,^NDX,index,NASDAQ-100,United States,,29539.57,29655.22,29440.15,29544.15
2026-09-08,^NDX,index,NASDAQ-100,United States,,29645.18,29655.73,29400.7,29507.7
2026-09-09,^NDX,index,NASDAQ-100,United States,,29431.94,29563.6,29334.4,29421.55
2026-09-10,^NDX,index,NASDAQ-100,United States,,29097.33,29250.41,29038.22,29103.51
2026-09-11,^NDX,index,NASDAQ-100,United States,,29331.48,29473.12,29313.51,29368.44
2026-09-14,^NDX,index,NASDAQ-100,United States,,28890.93,29285.5,28867.67,29127.16
2026-09-15,^NDX,index,NASDAQ-100,United States,,29100.16,29142.8,28899.43,28937.84
2026-09-16,^NDX,index,NASDAQ-100,United States,,29110.04,29235.89,28753.29,28945.06
2026-09-17,^NDX,index,NASDAQ-100,United States,,29401.54,29494.95,29305.9,29446.98
2026-09-18,^NDX,index,NASDAQ-100,United States,,29529.64,29647.8,29371.89,29644.17
2026-09-21,^NDX,index,NASDAQ-100,United States,,29947.16,30557.33,29933.22,30482.35
2026-09-22,^NDX,index,NASDAQ-100,United States,,30496.43,30770.63,30496.43,30732.4
2026-09-23,^NDX,index,NASDAQ-100,United States,,30706.23,30706.23,30353.88,30470.29
2026-07-24,^NKX,index,Nikkei 225,Japan,,65584.25,65720.81,64201.03,64611.15
2026-07-27,^NKX,index,Nikkei 225,Japan,,65164.98,65220.69,64123.4,64931.19
2026-07-28,^NKX,index,Nikkei 225,Japan,,64539.92,64573.18,61923.6,62364.92
2026-07-29,^NKX,index,Nikkei 225,Japan,,62734.68,63138.04,60448.9,61434.19
2026-07-30,^NKX,index,Nikkei 225,Japan,,61258.34,62924.84,61049.7,61867.43
2026-07-31,^NKX,index,Nikkei 225,Japan,,61957.1,65364.73,61948.23,64362.02
2026-08-03,^NKX,index,Nikkei 225,Japan,,63834.95,63905.12,62703.47,63754.9
2026-08-04,^NKX,index,Nikkei 225,Japan,,63995.28,64240.5,62864.43,63957.53
2026-08-05,^NKX,index,Nikkei 225,Japan,,64565.27,66302.52,64555.52,66300.44
2026-08-06,^NKX,index,Nikkei 225,Japan,,65896.0,65983.13,64942.07,65683.26
2026-08-07,^NKX,index,Nikkei 225,Japan,,65746.13,65990.72,64651.49,65606.71
2026-08-10,^NKX,index,Nikkei 225,Japan,,65905.1,67006.84,65848.58,66970.22
2026-08-12,^NKX,index,Nikkei 225,Japan,,66994.05,67569.36,66735.76,67524.06
2026-08-13,^NKX,index,Nikkei 225,Japan,,68033.17,68799.71,68006.17,68308.59
2026-08-14,^NKX,index,Nikkei 225,Japan,,68811.17,69608.24,68471.15,68713.8
2026-08-17,^NKX,index,Nikkei 225,Japan,,68882.06,69225.57,68492.04,69220.25
2026-08-18,^NKX,index,Nikkei 225,Japan,,68847.35,69093.2,67368.96,67460.73
2026-08-19,^NKX,index,Nikkei 225,Japan,,66812.27,66833.51,65133.98,65326.42
2026-08-20,^NKX,index,Nikkei 225,Japan,,65732.79,66325.32,65652.25,66216.79
2026-08-21,^NKX,index,Nikkei 225,Japan,,65427.69,66125.88,65260.22,66016.36
2026-08-24,^NKX,index,Nikkei 225,Japan,,65978.95,66257.73,65470.95,65528.09
2026-08-25,^NKX,index,Nikkei 225,Japan,,65195.26,65904.24,64609.47,65856.43
2026-08-26,^NKX,index,Nikkei 225,Japan,,65604.49,66442.34,65390.55,66262.16
2026-08-27,^NKX,index,Nikkei 225,Japan,,66775.78,66954.69,65782.59,66131.98
2026-08-28,^NKX,index,Nikkei 225,Japan,,66104.49,66842.82,66012.2,66405.56
2026-08-31,^NKX,index,Nikkei 225,Japan,,65668.51,66311.93,64832.1,66311.93
2026-09-01,^NKX,index,Nikkei 225,Japan,,65885.47,66525.7,65576.61,66215.34
2026-09-02,^NKX,index,Nikkei 225,Japan,,65195.43,65195.43,64215.47,64325.64
2026-09-03,^NKX,index,Nikkei 225,Japan,,64724.81,64724.81,63772.8,64214.48
2026-09-04,^NKX,index,Nikkei 225,Japan,,64498.94,65182.45,64228.47,65020.94
2026-09-07,^NKX,index,Nikkei 225,Japan,,65600.42,66668.71,65600.42,66399.84
2026-09-08,^NKX,index,Nikkei 225,Japan,,65843.69,66791.84,65269.33,65269.33
2026-09-09,^NKX,index,Nikkei 225,Japan,,65087.22,65794.03,65017.68,65142.78
2026-09-10,^NKX,index,Nikkei 225,Japan,,64768.53,65270.95,64186.68,65270.95
2026-09-11,^NKX,index,Nikkei 225,Japan,,64276.82,64312.02,63208.63,64011.34
2026-09-14,^NKX,index,Nikkei 225,Japan,,63659.53,63691.53,62726.18,63492.99
2026-09-15,^NKX,index,Nikkei 225,Japan,,63190.37,64101.0,63067.18,63484.1
2026-09-16,^NKX,index,Nikkei 225,Japan,,63672.13,63923.0,63209.92,63923.0
2026-09-17,^NKX,index,Nikkei 225,Japan,,64643.58,64643.58,63824.56,64136.25
2026-09-18,^NKX,index,Nikkei 225,Japan,,64681.55,65436.57,64403.85,65018.95
2026-07-30,^SHC,index,Shanghai Composite Index,China,,3812.111,3839.3407,3767.5033,3804.6926
2026-07-31,^SHC,index,Shanghai Composite Index,China,,3833.5359,3847.0926,3822.3736,3832.2624
2026-08-03,^SHC,index,Shanghai Composite Index,China,,3812.6129,3827.6359,3797.6431,3809.6629
2026-08-04,^SHC,index,Shanghai Composite Index,China,,3816.3699,3831.94,3799.5244,3822.2846
2026-08-05,^SHC,index,Shanghai Composite Index,China,,3815.1217,3884.3971,3815.1217,3878.4296
2026-08-06,^SHC,index,Shanghai Composite Index,China,,3864.2734,3902.0543,3864.2734,3900.3523
2026-08-07,^SHC,index,Shanghai Composite Index,China,,3896.4854,3940.9347,3885.6248,3940.0371
2026-08-10,^SHC,index,Shanghai Composite Index,China,,3943.816,3967.5919,3938.625,3966.5935
2026-08-11,^SHC,index,Shanghai Composite Index,China,,3950.7078,3966.391,3930.6386,3934.0929
2026-08-12,^SHC,index,Shanghai Composite Index,China,,3933.5533,3950.6213,3927.5489,3946.6752
2026-08-13,^SHC,index,Shanghai Composite Index,China,,3957.1612,3968.4758,3924.6418,3926.9648
2026-08-14,^SHC,index,Shanghai Composite Index,China,,3930.0215,3932.6405,3903.7048,3927.1764
2026-08-17,^SHC,index,Shanghai Composite Index,China,,3930.1044,3983.5066,3924.4738,3982.6535
2026-08-18,^SHC,index,Shanghai Composite Index,China,,3979.4898,3994.1812,3955.6012,3990.3037
2026-08-19,^SHC,index,Shanghai Composite Index,China,,3952.1219,3961.1368,3879.5785,3894.4224
2026-08-20,^SHC,index,Shanghai Composite Index,China,,3907.2058,3925.0615,3888.0989,3903.721
2026-08-21,^SHC,index,Shanghai Composite Index,China,,3891.1751,3912.1314,3883.787,3905.2026
2026-08-24,^SHC,index,Shanghai Composite Index,China,,3902.6963,3910.2394,3855.3524,3882.0079
2026-08-25,^SHC,index,Shanghai Composite Index,China,,3863.3695,3896.206,3850.8628,3889.4449
2026-08-26,^SHC,index,Shanghai Composite Index,China,,3881.7408,3926.435,3881.7408,3912.5235
2026-08-27,^SHC,index,Shanghai Composite Index,China,,3911.8908,3958.0328,3909.3122,3956.571
2026-08-28,^SHC,index,Shanghai Composite Index,China,,3950.2368,3970.3095,3947.7981,3952.179
2026-08-31,^SHC,index,Shanghai Composite Index,China,,3926.5312,3986.298,3926.5039,3986.298
2026-09-01,^SHC,index,Shanghai Composite Index,China,,3979.8814,3995.1751,3976.4685,3979.8877
2026-09-02,^SHC,index,Shanghai Composite Index,China,,3963.0661,3965.8078,3932.2515,3941.3862
2026-09-03,^SHC,index,Shanghai Composite Index,China,,3952.7948,3968.112,3930.4472,3942.0879
2026-09-04,^SHC,index,Shanghai Composite Index,China,,3955.5489,3980.2022,3915.2213,3930.1164
2026-09-07,^SHC,index,Shanghai Composite Index,China,,3942.5093,3948.4206,3916.4915,3932.6992
2026-09-08,^SHC,index,Shanghai Composite Index,China,,3935.5479,3951.3221,3925.7198,3940.5509
2026-09-09,^SHC,index,Shanghai Composite Index,China,,3943.9221,3958.1171,3933.4692,3951.5068
2026-09-10,^SHC,index,Shanghai Composite Index,China,,3939.0948,3949.2549,3927.3472,3934.4036
2026-09-11,^SHC,index,Shanghai Composite Index,China,,3910.9234,3912.3247,3852.0322,3888.1106
2026-09-14,^SHC,index,Shanghai Composite Index,China,,3867.0216,3895.5095,3867.0216,3885.3328
2026-09-15,^SHC,index,Shanghai Composite Index,China,,3879.7262,3891.6203,3858.1504,3864.2794
2026-09-16,^SHC,index,Shanghai Composite Index,China,,3861.7457,3894.6635,3842.7211,3891.6005
2026-09-17,^SHC,index,Shanghai Composite Index,China,,3876.9983,3898.8356,3866.8921,3875.6044
2026-09-18,^SHC,index,Shanghai Composite Index,China,,3891.9608,3919.6691,3888.4959,3911.8714
2026-09-21,^SHC,index,Shanghai Composite Index,China,,3920.2731,3950.9394,3918.1282,3949.9068
2026-09-22,^SHC,index,Shanghai Composite Index,China,,3963.8073,3967.6812,3945.4165,3952.128
2026-09-23,^SHC,index,Shanghai Composite Index,China,,3951.3663,3951.5229,3934.4585,3936.5199
2026-07-29,^SNX,index,BSE SENSEX 30,India,,77423.77,77765.43,77362.19,77654.6
2026-07-30,^SNX,index,BSE SENSEX 30,India,,77638.86,77959.97,77458.76,77928.15
2026-07-31,^SNX,index,BSE SENSEX 30,India,,77998.66,78268.91,77811.28,78094.64
2026-08-03,^SNX,index,BSE SENSEX 30,India,,78883.34,78883.34,78505.65,78639.03
2026-08-04,^SNX,index,BSE SENSEX 30,India,,79132.97,79132.97,78214.06,78428.95
2026-08-05,^SNX,index,BSE SENSEX 30,India,,79055.38,79055.38,78286.55,78581.0
2026-08-06,^SNX,index,BSE SENSEX 30,India,,78782.43,79127.67,78597.33,78954.76
2026-08-07,^SNX,index,BSE SENSEX 30,India,,78516.08,78751.36,78388.15,78499.17
2026-08-10,^SNX,index,BSE SENSEX 30,India,,78501.59,78671.75,78305.94,78542.44
2026-08-11,^SNX,index,BSE SENSEX 30,India,,78509.77,78509.77,78048.26,78154.25
2026-08-12,^SNX,index,BSE SENSEX 30,India,,78263.33,78263.33,77498.33,77966.35
2026-08-13,^SNX,index,BSE SENSEX 30,India,,78111.91,78111.91,77667.97,78079.96
2026-08-14,^SNX,index,BSE SENSEX 30,India,,77903.43,78047.95,77685.32,78009.25
2026-08-17,^SNX,index,BSE SENSEX 30,India,,77892.92,77916.87,77453.91,77728.16
2026-08-18,^SNX,index,BSE SENSEX 30,India,,77418.97,77573.02,77235.46,77235.46
2026-08-19,^SNX,index,BSE SENSEX 30,India,,77218.05,77262.15,76823.72,76909.68
2026-08-20,^SNX,index,BSE SENSEX 30,India,,77468.45,77610.49,77372.78,77537.72
2026-08-21,^SNX,index,BSE SENSEX 30,India,,77701.07,77701.07,77386.3,77540.83
2026-08-24,^SNX,index,BSE SENSEX 30,India,,77629.56,77785.55,77201.66,77369.11
2026-08-25,^SNX,index,BSE SENSEX 30,India,,77295.49,77656.09,77126.41,77656.09
2026-08-26,^SNX,index,BSE SENSEX 30,India,,77892.1,77986.84,77422.25,77472.94
2026-08-27,^SNX,index,BSE SENSEX 30,India,,77576.76,77689.84,76933.59,76933.59
2026-08-28,^SNX,index,BSE SENSEX 30,India,,77128.05,77357.44,76990.62,77264.51
2026-08-31,^SNX,index,BSE SENSEX 30,India,,77130.73,77145.63,76751.32,76957.27
2026-09-01,^SNX,index,BSE SENSEX 30,India,,76994.11,77231.87,76657.34,76944.28
2026-09-02,^SNX,index,BSE SENSEX 30,India,,76471.32,76570.4,76139.91,76570.35
2026-09-03,^SNX,index,BSE SENSEX 30,India,,76724.95,76916.87,74268.47,76152.86
2026-09-04,^SNX,index,BSE SENSEX 30,India,,76657.02,76881.72,76489.35,76515.43
2026-09-07,^SNX,index,BSE SENSEX 30,India,,76446.05,76450.65,75973.04,76132.81
2026-09-08,^SNX,index,BSE SENSEX 30,India,,75970.28,75988.21,75553.76,75577.58
2026-09-09,^SNX,index,BSE SENSEX 30,India,,75216.22,75247.48,74764.23,74764.23
2026-09-10,^SNX,index,BSE SENSEX 30,India,,74742.54,74902.59,74600.59,74902.59
2026-09-11,^SNX,index,BSE SENSEX 30,India,,74309.16,74914.06,74167.34,74781.76
2026-09-15,^SNX,index,BSE SENSEX 30,India,,75369.63,75386.87,74003.82,74003.82
2026-09-16,^SNX,index,BSE SENSEX 30,India,,74249.31,74498.49,73984.89,74336.45
2026-09-17,^SNX,index,BSE SENSEX 30,India,,74182.62,74676.31,74182.62,74314.59
2026-09-18,^SNX,index,BSE SENSEX 30,India,,74575.24,74726.01,73416.0,74294.96
2026-09-21,^SNX,index,BSE SENSEX 30,India,,74535.18,74985.11,74490.63,74858.99
2026-09-22,^SNX,index,BSE SENSEX 30,India,,74901.5,75031.32,74423.71,74529.08
2026-09-23,^SNX,index,BSE SENSEX 30,India,,74648.32,74973.66,74604.92,74853.59
2026-07-30,^TWSE,index,TAIEX,Taiwan,,40048.94,41155.42,39404.65,39933.3
2026-07-31,^TWSE,index,TAIEX,Taiwan,,41610.41,43214.36,41610.41,43119.75
2026-08-03,^TWSE,index,TAIEX,Taiwan,,42780.42,43784.19,42780.42,43386.41
2026-08-04,^TWSE,index,TAIEX,Taiwan,,43092.49,43912.77,42895.81,43360.66
2026-08-05,^TWSE,index,TAIEX,Taiwan,,43809.83,44980.31,43809.83,44611.6
2026-08-06,^TWSE,index,TAIEX,Taiwan,,44487.94,44601.24,44024.32,44396.7
2026-08-07,^TWSE,index,TAIEX,Taiwan,,44450.19,44827.13,43941.56,44225.91
2026-08-10,^TWSE,index,TAIEX,Taiwan,,44540.71,45219.4,44540.71,44928.76
2026-08-11,^TWSE,index,TAIEX,Taiwan,,44883.9,45195.41,44652.06,45120.72
2026-08-12,^TWSE,index,TAIEX,Taiwan,,45175.7,45529.48,45175.7,45518.07
2026-08-13,^TWSE,index,TAIEX,Taiwan,,45676.54,46216.41,45676.54,46021.48
2026-08-14,^TWSE,index,TAIEX,Taiwan,,46103.81,46402.6,45798.31,45811.01
2026-08-17,^TWSE,index,TAIEX,Taiwan,,45841.17,46189.3,45765.07,45857.27
2026-08-18,^TWSE,index,TAIEX,Taiwan,,45922.4,46064.09,45225.42,45308.68
2026-08-19,^TWSE,index,TAIEX,Taiwan,,45071.34,45071.34,44308.71,44719.35
2026-08-20,^TWSE,index,TAIEX,Taiwan,,44942.01,45160.05,44446.36,44933.74
2026-08-21,^TWSE,index,TAIEX,Taiwan,,44923.34,45254.84,44583.87,45224.29
2026-08-24,^TWSE,index,TAIEX,Taiwan,,45240.3,45362.3,44761.88,44762.32
2026-08-25,^TWSE,index,TAIEX,Taiwan,,44728.36,45169.46,44210.31,45169.46
2026-08-26,^TWSE,index,TAIEX,Taiwan,,45157.64,45878.39,44925.84,45832.62
2026-08-27,^TWSE,index,TAIEX,Taiwan,,45890.18,46401.78,45890.18,45975.22
2026-08-28,^TWSE,index,TAIEX,Taiwan,,46070.83,46574.52,46070.83,46331.45
2026-08-31,^TWSE,index,TAIEX,Taiwan,,46224.69,46224.69,45450.21,46128.47
2026-09-01,^TWSE,index,TAIEX,Taiwan,,46177.11,46948.72,46081.11,46948.72
2026-09-02,^TWSE,index,TAIEX,Taiwan,,46901.32,46946.6,46164.72,46164.72
2026-09-03,^TWSE,index,TAIEX,Taiwan,,46325.48,46517.45,45839.36,45857.66
2026-09-04,^TWSE,index,TAIEX,Taiwan,,45991.28,46620.96,45966.86,46551.13
2026-09-07,^TWSE,index,TAIEX,Taiwan,,46724.0,47429.58,46724.0,47326.27
2026-09-08,^TWSE,index,TAIEX,Taiwan,,47335.24,47578.24,47023.73,47105.78
2026-09-09,^TWSE,index,TAIEX,Taiwan,,47142.74,47548.26,47060.78,47183.36
2026-09-10,^TWSE,index,TAIEX,Taiwan,,47130.96,47130.96,46573.47,46940.49
2026-09-11,^TWSE,index,TAIEX,Taiwan,,46651.21,46651.21,45942.44,46184.85
2026-09-14,^TWSE,index,TAIEX,Taiwan,,46010.74,46050.24,45398.43,45862.52
2026-09-15,^TWSE,index,TAIEX,Taiwan,,45847.27,46009.85,45491.97,45511.49
2026-09-16,^TWSE,index,TAIEX,Taiwan,,45546.56,46077.82,45546.56,45848.9
2026-09-17,^TWSE,index,TAIEX,Taiwan,,45936.11,46874.84,45936.11,46288.0
2026-09-18,^TWSE,index,TAIEX,Taiwan,,46449.56,47180.75,46449.56,47180.75
2026-09-21,^TWSE,index,TAIEX,Taiwan,,47207.3,47750.98,47207.3,47718.84
2026-09-22,^TWSE,index,TAIEX,Taiwan,,47981.04,48601.53,47800.17,47800.17
2026-09-23,^TWSE,index,TAIEX,Taiwan,,47894.77,48341.56,47894.77,48157.29
2025-01-01,^USBC,index,Dow Jones Industrial Average,United States,,42643.0,42678.5,42521.0,42560.0
2025-01-02,^USBC,index,Dow Jones Industrial Average,United States,,42560.5,42939.5,42177.5,42391.5
2025-01-03,^USBC,index,Dow Jones Industrial Average,United States,,42391.0,42784.0,42382.5,42714.5
2025-01-06,^USBC,index,Dow Jones Industrial Average,United States,,42723.5,43124.0,42610.0,42733.5
2025-01-07,^USBC,index,Dow Jones Industrial Average,United States,,42733.0,42940.0,42382.0,42547.0
2025-01-08,^USBC,index,Dow Jones Industrial Average,United States,,42548.0,42675.0,42326.5,42582.5
2025-01-09,^USBC,index,Dow Jones Industrial Average,United States,,42582.0,42647.0,42458.5,42490.5
2025-01-10,^USBC,index,Dow Jones Industrial Average,United States,,42491.0,42656.5,41855.5,41914.0
2025-01-13,^USBC,index,Dow Jones Industrial Average,United States,,41946.5,42438.5,41741.5,42392.5
2025-01-14,^USBC,index,Dow Jones Industrial Average,United States,,42392.0,42587.5,42150.0,42575.0
2025-01-15,^USBC,index,Dow Jones Industrial Average,United States,,42574.5,43327.0,42528.5,43271.0
2025-01-16,^USBC,index,Dow Jones Industrial Average,United States,,43273.0,43334.5,43056.5,43121.0
2025-01-17,^USBC,index,Dow Jones Industrial Average,United States,,43153.0,43662.0,43135.5,43467.0
2025-01-20,^USBC,index,Dow Jones Industrial Average,United States,,43452.0,43802.5,43435.5,43756.0
2025-01-21,^USBC,index,Dow Jones Industrial Average,United States,,43755.5,44060.5,43296.0,44038.0
2025-01-22,^USBC,index,Dow Jones Industrial Average,United States,,44038.0,44210.0,44012.0,44140.5
2025-01-23,^USBC,index,Dow Jones Industrial Average,United States,,44141.0,44550.0,44110.5,44523.5
2025-01-24,^USBC,index,Dow Jones Industrial Average,United States,,44537.5,44577.5,44332.5,44370.5
2025-01-27,^USBC,index,Dow Jones Industrial Average,United States,,44334.5,44745.5,43826.0,44693.5
2025-01-28,^USBC,index,Dow Jones Industrial Average,United States,,44692.5,44984.5,44563.0,44811.0
2025-01-29,^USBC,index,Dow Jones Industrial Average,United States,,44813.0,44968.5,44579.0,44764.0
2025-01-30,^USBC,index,Dow Jones Industrial Average,United States,,44766.0,45015.5,44619.0,44949.0
2025-01-31,^USBC,index,Dow Jones Industrial Average,United States,,44949.0,45068.5,44503.5,44542.0
2025-02-03,^USBC,index,Dow Jones Industrial Average,United States,,44039.0,44687.5,43821.0,44608.0
2025-02-04,^USBC,index,Dow Jones Industrial Average,United States,,44607.0,44607.5,44214.5,44533.0
2025-02-05,^USBC,index,Dow Jones Industrial Average,United States,,44514.5,44916.5,44342.0,44913.0
2025-02-06,^USBC,index,Dow Jones Industrial Average,United States,,44913.5,45049.5,44535.0,44735.0
2025-02-07,^USBC,index,Dow Jones Industrial Average,United States,,44733.5,44854.5,44283.0,44321.5
2025-02-10,^USBC,index,Dow Jones Industrial Average,United States,,44359.0,44625.5,44299.5,44412.5
2025-02-11,^USBC,index,Dow Jones Industrial Average,United States,,44413.5,44644.5,44289.5,44611.0
2025-02-12,^USBC,index,Dow Jones Industrial Average,United States,,44610.5,44636.0,44089.0,44444.5
2025-02-13,^USBC,index,Dow Jones Industrial Average,United States,,44444.0,44772.5,44268.5,44721.5
2025-02-14,^USBC,index,Dow Jones Industrial Average,United States,,44722.0,44768.0,44494.5,44539.0
2025-02-17,^USBC,index,Dow Jones Industrial Average,United States,,44552.0,44668.5,44533.0,44626.5
2025-02-18,^USBC,index,Dow Jones Industrial Average,United States,,44626.0,44663.0,44312.5,44564.5
2025-02-19,^USBC,index,Dow Jones Industrial Average,United States,,44564.0,44634.0,44307.0,44583.5
2025-02-20,^USBC,index,Dow Jones Industrial Average,United States,,44577.5,44597.0,43946.5,44214.0
2025-02-21,^USBC,index,Dow Jones Industrial Average,United States,,44210.0,44259.5,43353.5,43426.0
2025-02-24,^USBC,index,Dow Jones Industrial Average,United States,,43550.5,43762.0,43345.5,43488.5
2025-02-25,^USBC,index,Dow Jones Industrial Average,United States,,43489.0,43770.0,43271.5,43702.5
2025-02-26,^USBC,index,Dow Jones Industrial Average,United States,,43702.5,43870.0,43265.5,43397.5
2025-02-27,^USBC,index,Dow Jones Industrial Average,United States,,43397.0,43893.0,43225.5,43296.0
2025-02-28,^USBC,index,Dow Jones Industrial Average,United States,,43271.0,43868.0,43092.0,43764.5
2025-03-03,^USBC,index,Dow Jones Industrial Average,United States,,43861.5,44044.0,42919.0,43230.5
2025-03-04,^USBC,index,Dow Jones Industrial Average,United States,,43232.5,43294.0,42352.0,42802.5
2025-03-05,^USBC,index,Dow Jones Industrial Average,United States,,42801.0,43134.5,42414.0,42996.5
2025-03-06,^USBC,index,Dow Jones Industrial Average,United States,,42995.5,43037.0,42377.0,42641.5
2025-03-07,^USBC,index,Dow Jones Industrial Average,United States,,42639.5,42903.5,42167.5,42801.0
2025-03-10,^USBC,index,Dow Jones Industrial Average,United States,,42552.5,42663.0,41611.5,41915.5
2025-03-11,^USBC,index,Dow Jones Industrial Average,United States,,41916.0,42076.5,41177.5,41525.5
2025-03-12,^USBC,index,Dow Jones Industrial Average,United States,,41528.0,41986.5,41002.5,41436.5
2025-03-13,^USBC,index,Dow Jones Industrial Average,United States,,41438.0,41454.0,40662.5,40970.5
2025-03-14,^USBC,index,Dow Jones Industrial Average,United States,,40971.0,41530.0,40918.0,41410.5
2025-03-17,^USBC,index,Dow Jones Industrial Average,United States,,41292.5,42017.5,41221.0,41863.0
2025-03-18,^USBC,index,Dow Jones Industrial Average,United States,,41860.5,41879.0,41413.0,41617.0
2025-03-19,^USBC,index,Dow Jones Industrial Average,United States,,41617.5,42189.5,41514.5,42063.5
2025-03-20,^USBC,index,Dow Jones Industrial Average,United States,,42064.0,42253.5,41681.5,41960.0
2025-03-21,^USBC,index,Dow Jones Industrial Average,United States,,41959.5,42017.0,41432.0,42005.5
2025-03-24,^USBC,index,Dow Jones Industrial Average,United States,,42203.0,42636.5,42186.5,42553.0
2025-03-25,^USBC,index,Dow Jones Industrial Average,United States,,42553.0,42697.5,42449.5,42610.0
2025-03-26,^USBC,index,Dow Jones Industrial Average,United States,,42609.0,42830.5,42269.0,42378.5
2025-03-27,^USBC,index,Dow Jones Industrial Average,United States,,42374.5,42568.0,42154.0,42297.0
2025-03-28,^USBC,index,Dow Jones Industrial Average,United States,,42297.0,42376.5,41499.5,41515.5
2025-03-31,^USBC,index,Dow Jones Industrial Average,United States,,41434.0,42150.0,41151.5,41921.5
2025-04-01,^USBC,index,Dow Jones Industrial Average,United States,,41921.0,42151.0,41512.0,42038.0
2025-04-02,^USBC,index,Dow Jones Industrial Average,United States,,42038.5,42539.0,41046.0,41224.5
2025-04-03,^USBC,index,Dow Jones Industrial Average,United States,,41221.0,41483.0,40356.0,40433.0
2025-04-04,^USBC,index,Dow Jones Industrial Average,United States,,40434.5,40506.0,38170.5,38258.0
2025-04-07,^USBC,index,Dow Jones Industrial Average,United States,,36967.0,39223.0,36605.0,38460.0
2025-04-08,^USBC,index,Dow Jones Industrial Average,United States,,38455.5,39448.0,37083.0,37283.0
2025-04-09,^USBC,index,Dow Jones Industrial Average,United States,,37284.0,40918.5,36702.0,40878.5
2025-04-10,^USBC,index,Dow Jones Industrial Average,United States,,40872.0,40904.5,38420.0,39429.0
2025-04-11,^USBC,index,Dow Jones Industrial Average,United States,,39428.0,40406.5,39011.5,40237.0
2025-04-14,^USBC,index,Dow Jones Industrial Average,United States,,40361.0,40784.0,39893.0,40430.0
2025-04-15,^USBC,index,Dow Jones Industrial Average,United States,,40428.5,40802.0,40141.5,40224.5
2025-04-16,^USBC,index,Dow Jones Industrial Average,United States,,40222.5,40511.0,39394.5,39695.5
2025-04-17,^USBC,index,Dow Jones Industrial Average,United States,,39696.5,40121.0,38960.5,39177.5
2025-04-21,^USBC,index,Dow Jones Industrial Average,United States,,38983.5,39038.5,37822.5,38269.5
2025-04-22,^USBC,index,Dow Jones Industrial Average,United States,,38271.0,39887.0,38251.5,39775.0
2025-04-23,^USBC,index,Dow Jones Industrial Average,United States,,39776.5,40384.5,39460.5,39578.5
2025-04-24,^USBC,index,Dow Jones Industrial Average,United States,,39579.5,40219.0,39243.0,40083.0
2025-04-25,^USBC,index,Dow Jones Industrial Average,United States,,40082.5,40221.0,39717.0,40130.5
2025-04-28,^USBC,index,Dow Jones Industrial Average,United States,,39987.5,40422.0,39871.0,40257.5
2025-04-29,^USBC,index,Dow Jones Industrial Average,United States,,40257.5,40639.0,40191.0,40519.0
2025-04-30,^USBC,index,Dow Jones Industrial Average,United States,,40520.0,40841.0,39743.0,40800.5
2025-05-01,^USBC,index,Dow Jones Industrial Average,United States,,40803.0,41102.5,40613.0,40724.0
2025-05-02,^USBC,index,Dow Jones Industrial Average,United States,,40728.0,41395.5,40702.5,41326.0
2025-05-05,^USBC,index,Dow Jones Industrial Average,United States,,41124.5,41453.5,40994.0,41214.5
2025-05-06,^USBC,index,Dow Jones Industrial Average,United States,,41214.5,41246.5,40748.0,41111.0
2025-05-07,^USBC,index,Dow Jones Industrial Average,United States,,41110.0,41282.0,40819.0,41078.5
2025-05-08,^USBC,index,Dow Jones Industrial Average,United States,,41079.0,41782.5,41046.5,41328.5
2025-05-09,^USBC,index,Dow Jones Industrial Average,United States,,41329.5,41527.0,41145.5,41252.5
2025-05-12,^USBC,index,Dow Jones Industrial Average,United States,,41653.0,42474.0,41640.0,42360.0
2025-05-13,^USBC,index,Dow Jones Industrial Average,United States,,42358.5,42389.0,42115.0,42181.5
2025-05-14,^USBC,index,Dow Jones Industrial Average,United States,,42181.0,42260.0,41819.0,41850.0
2025-05-15,^USBC,index,Dow Jones Industrial Average,United States,,41849.5,42360.5,41762.0,42329.0
2025-05-16,^USBC,index,Dow Jones Industrial Average,United States,,42330.0,42671.0,42240.5,42620.5
2025-05-19,^USBC,index,Dow Jones Industrial Average,United States,,42387.5,42879.5,42242.0,42848.5
2025-05-20,^USBC,index,Dow Jones Industrial Average,United States,,42847.5,42868.0,42481.5,42644.5
2025-05-21,^USBC,index,Dow Jones Industrial Average,United States,,42642.0,42659.5,41758.5,41838.0
2025-05-22,^USBC,index,Dow Jones Industrial Average,United States,,41839.0,42096.0,41619.0,41878.0
2025-05-23,^USBC,index,Dow Jones Industrial Average,United States,,41881.0,41958.5,41167.0,41569.0
2025-05-26,^USBC,index,Dow Jones Industrial Average,United States,,41903.5,42114.0,41878.5,42003.5
2025-05-27,^USBC,index,Dow Jones Industrial Average,United States,,42002.5,42414.0,41888.0,42379.0
2025-05-28,^USBC,index,Dow Jones Industrial Average,United States,,42377.5,42649.5,42043.5,42602.5
2025-05-29,^USBC,index,Dow Jones Industrial Average,United States,,42604.0,42721.0,41814.5,42133.5
2025-05-30,^USBC,index,Dow Jones Industrial Average,United States,,42132.0,42381.0,41896.0,42245.0
2025-06-02,^USBC,index,Dow Jones Industrial Average,United States,,42121.5,42347.5,41838.5,42231.0
2025-06-03,^USBC,index,Dow Jones Industrial Average,United States,,42232.0,42579.5,42058.0,42562.5
2025-06-04,^USBC,index,Dow Jones Industrial Average,United States,,42563.5,42651.0,42394.0,42402.5
2025-06-05,^USBC,index,Dow Jones Industrial Average,United States,,42403.0,42671.0,42204.5,42384.5
2025-06-06,^USBC,index,Dow Jones Industrial Average,United States,,42383.5,42932.0,42383.5,42776.0
2025-06-09,^USBC,index,Dow Jones Industrial Average,United States,,42754.5,42900.5,42562.0,42779.0
2025-06-10,^USBC,index,Dow Jones Industrial Average,United States,,42778.0,42931.5,42639.0,42858.0
2025-06-11,^USBC,index,Dow Jones Industrial Average,United States,,42857.0,43125.5,42724.0,42816.5
2025-06-12,^USBC,index,Dow Jones Industrial Average,United States,,42817.5,42972.0,42561.0,42757.5
2025-06-13,^USBC,index,Dow Jones Industrial Average,United States,,42763.0,42763.0,42076.5,42219.5
2025-06-16,^USBC,index,Dow Jones Industrial Average,United States,,42214.0,42714.5,42187.5,42278.5
2025-06-17,^USBC,index,Dow Jones Industrial Average,United States,,42280.0,42541.5,42079.0,42113.5
2025-06-18,^USBC,index,Dow Jones Industrial Average,United States,,42114.5,42521.0,42110.5,42168.0
2025-06-19,^USBC,index,Dow Jones Industrial Average,United States,,42169.0,42172.0,41755.0,42035.5
2025-06-20,^USBC,index,Dow Jones Industrial Average,United States,,42034.5,42439.5,41978.5,42218.0
2025-06-23,^USBC,index,Dow Jones Industrial Average,United States,,42076.5,42799.0,41970.0,42773.5
2025-06-24,^USBC,index,Dow Jones Industrial Average,United States,,42774.5,43188.0,42745.0,43096.0
2025-06-25,^USBC,index,Dow Jones Industrial Average,United States,,43097.5,43146.0,42863.5,43007.5
2025-06-26,^USBC,index,Dow Jones Industrial Average,United States,,43007.0,43518.0,42981.5,43465.0
2025-06-27,^USBC,index,Dow Jones Industrial Average,United States,,43466.5,43971.0,43452.0,43793.5
2025-06-30,^USBC,index,Dow Jones Industrial Average,United States,,44008.0,44136.5,43879.0,44082.0
2025-07-01,^USBC,index,Dow Jones Industrial Average,United States,,44083.0,44614.5,43986.0,44519.5
2025-07-02,^USBC,index,Dow Jones Industrial Average,United States,,44522.5,44659.0,44339.5,44511.5
2025-07-03,^USBC,index,Dow Jones Industrial Average,United States,,44512.0,44883.0,44449.5,44762.5
2025-07-04,^USBC,index,Dow Jones Industrial Average,United States,,44762.0,44777.5,44512.0,44565.5
2025-07-07,^USBC,index,Dow Jones Industrial Average,United States,,44692.0,44859.0,44151.5,44330.5
2025-07-08,^USBC,index,Dow Jones Industrial Average,United States,,44331.5,44445.5,44201.5,44251.5
2025-07-09,^USBC,index,Dow Jones Industrial Average,United States,,44223.0,44560.0,44160.5,44439.5
2025-07-10,^USBC,index,Dow Jones Industrial Average,United States,,44438.5,44778.5,44303.5,44691.0
2025-07-11,^USBC,index,Dow Jones Industrial Average,United States,,44690.5,44692.0,44262.0,44333.5
2025-07-14,^USBC,index,Dow Jones Industrial Average,United States,,44203.0,44473.5,44089.5,44422.5
2025-07-15,^USBC,index,Dow Jones Industrial Average,United States,,44422.0,44602.0,43900.5,43952.5
2025-07-16,^USBC,index,Dow Jones Industrial Average,United States,,43952.0,44257.5,43756.0,44170.5
2025-07-17,^USBC,index,Dow Jones Industrial Average,United States,,44170.0,44607.5,44135.5,44599.5
2025-07-18,^USBC,index,Dow Jones Industrial Average,United States,,44600.5,44653.0,44220.0,44315.5
2025-07-21,^USBC,index,Dow Jones Industrial Average,United States,,44394.5,44604.0,44314.0,44389.5
2025-07-22,^USBC,index,Dow Jones Industrial Average,United States,,44388.0,44650.5,44220.0,44629.5
2025-07-23,^USBC,index,Dow Jones Industrial Average,United States,,44630.5,45030.0,44545.5,44915.5
2025-07-24,^USBC,index,Dow Jones Industrial Average,United States,,44914.5,44934.5,44668.5,44797.5
2025-07-25,^USBC,index,Dow Jones Industrial Average,United States,,44798.5,44939.0,44641.0,44879.5
2025-07-28,^USBC,index,Dow Jones Industrial Average,United States,,45049.5,45132.5,44738.5,44856.5
2025-07-29,^USBC,index,Dow Jones Industrial Average,United States,,44857.0,44952.5,44565.5,44633.5
2025-07-30,^USBC,index,Dow Jones Industrial Average,United States,,44633.0,44745.5,44258.5,44558.5
2025-07-31,^USBC,index,Dow Jones Industrial Average,United States,,44548.0,44698.5,44050.0,44119.0
2025-08-01,^USBC,index,Dow Jones Industrial Average,United States,,44116.0,44164.0,43333.0,43602.0
2025-08-04,^USBC,index,Dow Jones Industrial Average,United States,,43620.0,44263.5,43609.5,44224.5
2025-08-05,^USBC,index,Dow Jones Industrial Average,United States,,44224.0,44312.5,43921.0,44111.0
2025-08-06,^USBC,index,Dow Jones Industrial Average,United States,,44110.0,44370.0,44011.5,44231.0
2025-08-07,^USBC,index,Dow Jones Industrial Average,United States,,44231.5,44505.5,43798.5,44052.5
2025-08-08,^USBC,index,Dow Jones Industrial Average,United States,,44053.0,44284.5,43990.0,44242.5
2025-08-11,^USBC,index,Dow Jones Industrial Average,United States,,44215.5,44317.0,43912.0,43977.5
2025-08-12,^USBC,index,Dow Jones Industrial Average,United States,,43976.5,44502.5,43952.5,44485.5
2025-08-13,^USBC,index,Dow Jones Industrial Average,United States,,44483.0,44973.0,44412.5,44941.0
2025-08-14,^USBC,index,Dow Jones Industrial Average,United States,,44942.5,45101.5,44681.0,45071.0
2025-08-15,^USBC,index,Dow Jones Industrial Average,United States,,45071.5,45286.0,44897.5,44934.0
2025-08-18,^USBC,index,Dow Jones Industrial Average,United States,,45020.5,45041.0,44824.5,44928.5
2025-08-19,^USBC,index,Dow Jones Industrial Average,United States,,44929.0,45209.0,44787.5,44933.5
2025-08-20,^USBC,index,Dow Jones Industrial Average,United States,,44934.5,45047.0,44755.5,44905.0
2025-08-21,^USBC,index,Dow Jones Industrial Average,United States,,44905.5,44954.5,44573.0,44857.5
2025-08-22,^USBC,index,Dow Jones Industrial Average,United States,,44855.5,45764.5,44679.5,45655.0
2025-08-25,^USBC,index,Dow Jones Industrial Average,United States,,45644.5,45660.0,45266.0,45331.0
2025-08-26,^USBC,index,Dow Jones Industrial Average,United States,,45330.5,45468.0,45112.5,45439.0
2025-08-27,^USBC,index,Dow Jones Industrial Average,United States,,45440.0,45629.5,45380.5,45559.5
2025-08-28,^USBC,index,Dow Jones Industrial Average,United States,,45558.0,45739.5,45438.5,45587.5
2025-08-29,^USBC,index,Dow Jones Industrial Average,United States,,45587.0,45623.0,45370.5,45563.0
2025-09-01,^USBC,index,Dow Jones Industrial Average,United States,,45651.5,45690.5,45470.0,45508.0
2025-09-02,^USBC,index,Dow Jones Industrial Average,United States,,45508.5,45566.5,44935.0,45209.5
2025-09-03,^USBC,index,Dow Jones Industrial Average,United States,,45208.5,45320.0,44978.0,45169.5
2025-09-04,^USBC,index,Dow Jones Industrial Average,United States,,45168.5,45645.5,45160.5,45633.5
2025-09-05,^USBC,index,Dow Jones Industrial Average,United States,,45632.5,45775.5,45201.5,45393.0
2025-09-08,^USBC,index,Dow Jones Industrial Average,United States,,45500.5,45602.5,45275.5,45574.5
2025-09-09,^USBC,index,Dow Jones Industrial Average,United States,,45574.0,45770.0,45433.0,45619.0
2025-09-10,^USBC,index,Dow Jones Industrial Average,United States,,45618.0,45802.0,45377.5,45538.5
2025-09-11,^USBC,index,Dow Jones Industrial Average,United States,,45537.5,46148.5,45487.5,46127.5
2025-09-12,^USBC,index,Dow Jones Industrial Average,United States,,46126.5,46143.5,45815.0,45831.5
2025-09-15,^USBC,index,Dow Jones Industrial Average,United States,,45836.5,45978.0,45771.0,45884.5
2025-09-16,^USBC,index,Dow Jones Industrial Average,United States,,45885.5,45967.0,45665.5,45805.5
2025-09-17,^USBC,index,Dow Jones Industrial Average,United States,,45804.0,46275.5,45683.0,46143.5
2025-09-18,^USBC,index,Dow Jones Industrial Average,United States,,46144.5,46367.0,45944.0,46237.5
2025-09-19,^USBC,index,Dow Jones Industrial Average,United States,,46239.5,46394.0,46049.5,46300.0
2025-09-22,^USBC,index,Dow Jones Industrial Average,United States,,46240.5,46448.5,46026.5,46389.5
2025-09-23,^USBC,index,Dow Jones Industrial Average,United States,,46391.5,46723.0,46221.0,46329.5
2025-09-24,^USBC,index,Dow Jones Industrial Average,United States,,46328.0,46461.5,46095.5,46174.5
2025-09-25,^USBC,index,Dow Jones Industrial Average,United States,,46175.5,46225.5,45787.0,45962.5
2025-09-26,^USBC,index,Dow Jones Industrial Average,United States,,45960.5,46363.5,45932.5,46279.5
2025-09-29,^USBC,index,Dow Jones Industrial Average,United States,,46308.5,46486.0,46145.0,46315.5
2025-09-30,^USBC,index,Dow Jones Industrial Average,United States,,46314.5,46430.5,46103.5,46345.5
2025-10-01,^USBC,index,Dow Jones Industrial Average,United States,,46346.5,46540.0,46053.5,46436.5
2025-10-02,^USBC,index,Dow Jones Industrial Average,United States,,46437.5,46598.0,46275.0,46553.5
2025-10-03,^USBC,index,Dow Jones Industrial Average,United States,,46547.5,47055.5,46529.0,46755.0
2025-10-06,^USBC,index,Dow Jones Industrial Average,United States,,46847.5,46890.0,46424.5,46629.0
2025-10-07,^USBC,index,Dow Jones Industrial Average,United States,,46628.0,46879.0,46441.5,46588.0
2025-10-08,^USBC,index,Dow Jones Industrial Average,United States,,46592.0,46828.0,46504.0,46654.0
2025-10-09,^USBC,index,Dow Jones Industrial Average,United States,,46652.0,46686.5,46268.0,46426.5
2025-10-10,^USBC,index,Dow Jones Industrial Average,United States,,46426.0,46648.0,45437.5,45547.0
2025-10-13,^USBC,index,Dow Jones Industrial Average,United States,,45836.0,46165.5,45784.5,46097.5
2025-10-14,^USBC,index,Dow Jones Industrial Average,United States,,46098.0,46529.0,45446.5,46305.0
2025-10-15,^USBC,index,Dow Jones Industrial Average,United States,,46304.0,46703.0,46022.0,46310.0
2025-10-16,^USBC,index,Dow Jones Industrial Average,United States,,46309.5,46491.5,45783.0,45903.0
2025-10-17,^USBC,index,Dow Jones Industrial Average,United States,,45902.0,46326.0,45415.0,46241.5
2025-10-20,^USBC,index,Dow Jones Industrial Average,United States,,46192.0,46769.0,46120.0,46724.5
2025-10-21,^USBC,index,Dow Jones Industrial Average,United States,,46725.0,47135.5,46619.0,46918.0
2025-10-22,^USBC,index,Dow Jones Industrial Average,United States,,46920.0,47005.0,46453.0,46483.0
2025-10-23,^USBC,index,Dow Jones Industrial Average,United States,,46480.0,46805.5,46418.0,46738.5
2025-10-24,^USBC,index,Dow Jones Industrial Average,United States,,46741.0,47326.5,46714.0,47212.0
2025-10-27,^USBC,index,Dow Jones Industrial Average,United States,,47479.0,47591.5,47369.5,47548.5
2025-10-28,^USBC,index,Dow Jones Industrial Average,United States,,47547.5,47942.5,47516.0,47684.5
2025-10-29,^USBC,index,Dow Jones Industrial Average,United States,,47686.0,48047.0,47449.5,47599.0
2025-10-30,^USBC,index,Dow Jones Industrial Average,United States,,47601.0,48021.0,47391.0,47593.5
2025-10-31,^USBC,index,Dow Jones Industrial Average,United States,,47592.5,47720.5,47347.0,47559.0
2025-11-03,^USBC,index,Dow Jones Industrial Average,United States,,47687.0,47731.5,47130.5,47297.0
2025-11-04,^USBC,index,Dow Jones Industrial Average,United States,,47296.0,47298.5,46849.5,47148.5
2025-11-05,^USBC,index,Dow Jones Industrial Average,United States,,47151.0,47460.0,46951.0,47379.5
2025-11-06,^USBC,index,Dow Jones Industrial Average,United States,,47380.0,47386.0,46788.0,47032.5
2025-11-07,^USBC,index,Dow Jones Industrial Average,United States,,47031.5,47063.5,46492.5,47033.0
2025-11-10,^USBC,index,Dow Jones Industrial Average,United States,,47122.0,47412.0,46942.0,47402.0
2025-11-11,^USBC,index,Dow Jones Industrial Average,United States,,47401.5,47977.0,47319.0,47930.5
2025-11-12,^USBC,index,Dow Jones Industrial Average,United States,,47933.0,48425.5,47923.0,48234.5
2025-11-13,^USBC,index,Dow Jones Industrial Average,United States,,48235.0,48404.5,47412.5,47517.5
2025-11-14,^USBC,index,Dow Jones Industrial Average,United States,,47517.0,47554.0,46852.0,47171.5
2025-11-17,^USBC,index,Dow Jones Industrial Average,United States,,47140.0,47292.5,46426.5,46640.0
2025-11-18,^USBC,index,Dow Jones Industrial Average,United States,,46641.5,46677.0,45914.5,46154.0
2025-11-19,^USBC,index,Dow Jones Industrial Average,United States,,46154.5,46346.0,45903.5,46339.5
2025-11-20,^USBC,index,Dow Jones Industrial Average,United States,,46339.0,46861.5,45712.5,45843.5
2025-11-21,^USBC,index,Dow Jones Industrial Average,United States,,45839.0,46583.0,45755.0,46291.0
2025-11-24,^USBC,index,Dow Jones Industrial Average,United States,,46408.5,46587.5,46101.0,46431.0
2025-11-25,^USBC,index,Dow Jones Industrial Average,United States,,46430.5,47184.0,46333.0,47165.5
2025-11-26,^USBC,index,Dow Jones Industrial Average,United States,,47165.5,47571.5,47123.5,47423.5
2025-11-27,^USBC,index,Dow Jones Industrial Average,United States,,47423.0,47515.5,47383.0,47512.0
2025-11-28,^USBC,index,Dow Jones Industrial Average,United States,,47512.5,47755.0,47445.5,47711.0
2025-12-01,^USBC,index,Dow Jones Industrial Average,United States,,47666.5,47677.0,47254.5,47266.5
2025-12-02,^USBC,index,Dow Jones Industrial Average,United States,,47266.0,47604.0,47204.0,47541.0
2025-12-03,^USBC,index,Dow Jones Industrial Average,United States,,47540.5,48018.5,47373.0,47938.0
2025-12-04,^USBC,index,Dow Jones Industrial Average,United States,,47937.0,48061.5,47690.5,47840.0
2025-12-05,^USBC,index,Dow Jones Industrial Average,United States,,47839.5,48135.0,47765.0,47962.5
2025-12-08,^USBC,index,Dow Jones Industrial Average,United States,,47945.0,48008.5,47612.0,47776.5
2025-12-09,^USBC,index,Dow Jones Industrial Average,United States,,47774.5,47957.5,47530.0,47545.0
2025-12-10,^USBC,index,Dow Jones Industrial Average,United States,,47544.5,48197.5,47457.0,48110.5
2025-12-11,^USBC,index,Dow Jones Industrial Average,United States,,48111.0,48856.5,47820.0,48777.5
2025-12-12,^USBC,index,Dow Jones Industrial Average,United States,,48776.5,48885.5,48331.5,48486.5
2025-12-15,^USBC,index,Dow Jones Industrial Average,United States,,48519.5,48719.5,48277.0,48425.0
2025-12-16,^USBC,index,Dow Jones Industrial Average,United States,,48426.0,48525.5,47919.0,48064.5
2025-12-17,^USBC,index,Dow Jones Industrial Average,United States,,48063.5,48389.0,47863.5,47891.5
2025-12-18,^USBC,index,Dow Jones Industrial Average,United States,,47891.0,48383.0,47805.0,47918.0
2025-12-19,^USBC,index,Dow Jones Industrial Average,United States,,47917.5,48294.0,47789.0,48147.5
2025-12-22,^USBC,index,Dow Jones Industrial Average,United States,,48225.0,48456.5,48125.0,48351.5
2025-12-23,^USBC,index,Dow Jones Industrial Average,United States,,48352.0,48526.0,48212.0,48421.0
2025-12-24,^USBC,index,Dow Jones Industrial Average,United States,,48422.0,48774.0,48370.0,48711.0
2025-12-25,^USBC,index,Dow Jones Industrial Average,United States,,48751.5,48788.5,48736.0,48753.5
2025-12-26,^USBC,index,Dow Jones Industrial Average,United States,,48751.5,48775.5,48580.5,48700.5
2025-12-29,^USBC,index,Dow Jones Industrial Average,United States,,48740.5,48771.5,48389.5,48469.5
2025-12-30,^USBC,index,Dow Jones Industrial Average,United States,,48470.0,48493.0,48298.0,48398.5
2025-12-31,^USBC,index,Dow Jones Industrial Average,United States,,48398.0,48405.0,48047.0,48101.5
2026-01-01,^USBC,index,Dow Jones Industrial Average,United States,,48135.5,48168.0,48100.0,48146.5
2026-01-02,^USBC,index,Dow Jones Industrial Average,United States,,48147.0,48406.0,47832.0,48370.5
2026-01-05,^USBC,index,Dow Jones Industrial Average,United States,,48374.0,49214.5,48320.5,48961.5
2026-01-06,^USBC,index,Dow Jones Industrial Average,United States,,48963.0,49510.5,48845.0,49481.0
2026-01-07,^USBC,index,Dow Jones Industrial Average,United States,,49484.0,49624.0,48949.0,49023.0
2026-01-08,^USBC,index,Dow Jones Industrial Average,United States,,49023.5,49371.0,48765.0,49309.5
2026-01-09,^USBC,index,Dow Jones Industrial Average,United States,,49309.0,49573.0,49190.5,49496.0
2026-01-12,^USBC,index,Dow Jones Industrial Average,United States,,49443.0,49633.0,48997.5,49536.0
2026-01-13,^USBC,index,Dow Jones Industrial Average,United States,,49535.5,49687.0,49061.0,49149.5
2026-01-14,^USBC,index,Dow Jones Industrial Average,United States,,49148.0,49189.0,48854.5,49090.0
2026-01-15,^USBC,index,Dow Jones Industrial Average,United States,,49089.5,49583.5,49066.5,49488.5
2026-01-16,^USBC,index,Dow Jones Industrial Average,United States,,49489.0,49613.5,49238.5,49336.5
2026-01-19,^USBC,index,Dow Jones Industrial Average,United States,,49101.5,49103.0,48863.0,48932.5
2026-01-20,^USBC,index,Dow Jones Industrial Average,United States,,48934.5,48955.5,48432.0,48514.0
2026-01-21,^USBC,index,Dow Jones Industrial Average,United States,,48516.0,49298.0,48313.0,49142.5
2026-01-22,^USBC,index,Dow Jones Industrial Average,United States,,49144.0,49610.5,49079.0,49353.0
2026-01-23,^USBC,index,Dow Jones Industrial Average,United States,,49352.5,49446.5,48962.0,49036.0
2026-01-26,^USBC,index,Dow Jones Industrial Average,United States,,48943.0,49490.0,48939.0,49257.0
2026-01-27,^USBC,index,Dow Jones Industrial Average,United States,,49256.0,49417.5,48859.0,48987.0
2026-01-28,^USBC,index,Dow Jones Industrial Average,United States,,48987.5,49143.0,48849.5,48881.0
2026-01-29,^USBC,index,Dow Jones Industrial Average,United States,,48884.5,49304.0,48592.5,48966.0
2026-01-30,^USBC,index,Dow Jones Industrial Average,United States,,48965.0,49043.0,48447.5,48874.0
2026-02-02,^USBC,index,Dow Jones Industrial Average,United States,,48850.5,49483.0,48389.0,49417.5
2026-02-03,^USBC,index,Dow Jones Industrial Average,United States,,49418.0,49649.0,48832.5,49299.0
2026-02-04,^USBC,index,Dow Jones Industrial Average,United States,,49299.5,49659.0,49114.0,49466.0
2026-02-05,^USBC,index,Dow Jones Industrial Average,United States,,49467.5,49595.0,48694.0,48724.0
2026-02-06,^USBC,index,Dow Jones Industrial Average,United States,,48722.5,50179.5,48623.0,50110.0
2026-02-09,^USBC,index,Dow Jones Industrial Average,United States,,50222.0,50244.5,49827.0,50089.0
2026-02-10,^USBC,index,Dow Jones Industrial Average,United States,,50088.0,50521.0,50017.0,50269.5
2026-02-11,^USBC,index,Dow Jones Industrial Average,United States,,50270.5,50499.0,49901.0,50112.0
2026-02-12,^USBC,index,Dow Jones Industrial Average,United States,,50109.5,50448.0,49423.5,49473.5
2026-02-13,^USBC,index,Dow Jones Industrial Average,United States,,49470.0,49751.0,49083.5,49505.5
2026-02-16,^USBC,index,Dow Jones Industrial Average,United States,,49525.5,49750.5,49488.0,49589.0
2026-02-17,^USBC,index,Dow Jones Industrial Average,United States,,49589.5,49720.5,49167.5,49479.0
2026-02-18,^USBC,index,Dow Jones Industrial Average,United States,,49480.5,49899.0,49425.0,49650.0
2026-02-19,^USBC,index,Dow Jones Industrial Average,United States,,49649.5,49722.5,49196.5,49414.0
2026-02-20,^USBC,index,Dow Jones Industrial Average,United States,,49415.5,49719.5,49153.0,49664.5
2026-02-23,^USBC,index,Dow Jones Industrial Average,United States,,49534.5,49717.5,48729.5,48840.5
2026-02-24,^USBC,index,Dow Jones Industrial Average,United States,,48841.5,49296.0,48757.5,49181.5
2026-02-25,^USBC,index,Dow Jones Industrial Average,United States,,49180.5,49538.5,49094.0,49392.0
2026-02-26,^USBC,index,Dow Jones Industrial Average,United States,,49392.5,49832.5,49182.5,49228.5
2026-02-27,^USBC,index,Dow Jones Industrial Average,United States,,49225.5,49364.0,48669.5,48938.0
2026-03-02,^USBC,index,Dow Jones Industrial Average,United States,,48375.5,49066.5,48114.0,48823.5
2026-03-03,^USBC,index,Dow Jones Industrial Average,United States,,48825.5,48844.0,47622.0,48412.5
2026-03-04,^USBC,index,Dow Jones Industrial Average,United States,,48413.5,48858.5,48213.5,48754.5
2026-03-05,^USBC,index,Dow Jones Industrial Average,United States,,48753.5,48837.5,47574.0,48034.0
2026-03-06,^USBC,index,Dow Jones Industrial Average,United States,,48034.5,48097.5,47000.0,47446.0
2026-03-09,^USBC,index,Dow Jones Industrial Average,United States,,46619.0,47877.5,46302.5,47537.5
2026-03-10,^USBC,index,Dow Jones Industrial Average,United States,,47538.0,48223.0,47434.5,47749.0
2026-03-11,^USBC,index,Dow Jones Industrial Average,United States,,47752.5,47936.0,46913.5,47026.5
2026-03-12,^USBC,index,Dow Jones Industrial Average,United States,,47036.0,47218.5,46659.0,46745.5
2026-03-13,^USBC,index,Dow Jones Industrial Average,United States,,46743.0,47131.0,46430.0,46534.5
2026-03-16,^USBC,index,Dow Jones Industrial Average,United States,,46647.5,47184.5,46576.0,46938.0
2026-03-17,^USBC,index,Dow Jones Industrial Average,United States,,46935.0,47434.0,46685.0,46951.5
2026-03-18,^USBC,index,Dow Jones Industrial Average,United States,,46945.5,47307.5,46085.5,46164.5
2026-03-19,^USBC,index,Dow Jones Industrial Average,United States,,46165.0,46310.0,45726.0,46137.0
2026-03-20,^USBC,index,Dow Jones Industrial Average,United States,,46135.0,46242.0,45369.5,45742.5
2026-03-23,^USBC,index,Dow Jones Industrial Average,United States,,45537.5,46820.0,45160.5,46280.0
2026-03-24,^USBC,index,Dow Jones Industrial Average,United States,,46274.0,46497.5,45749.5,46450.5
2026-03-25,^USBC,index,Dow Jones Industrial Average,United States,,46451.5,46750.5,46190.0,46360.5
2026-03-26,^USBC,index,Dow Jones Industrial Average,United States,,46362.0,46560.0,45902.5,46184.0
2026-03-27,^USBC,index,Dow Jones Industrial Average,United States,,46185.0,46245.5,45065.0,45100.0
2026-03-30,^USBC,index,Dow Jones Industrial Average,United States,,44879.0,45628.0,44822.5,45155.5
2026-03-31,^USBC,index,Dow Jones Industrial Average,United States,,45152.0,46414.0,45041.0,46399.0
2026-04-01,^USBC,index,Dow Jones Industrial Average,United States,,46396.5,46808.5,46344.5,46572.5
2026-04-02,^USBC,index,Dow Jones Industrial Average,United States,,46572.0,46695.0,45847.5,46497.0
2026-04-06,^USBC,index,Dow Jones Industrial Average,United States,,46244.5,46810.5,46233.5,46702.0
2026-04-07,^USBC,index,Dow Jones Industrial Average,United States,,46702.5,47602.0,46211.0,47528.0
2026-04-08,^USBC,index,Dow Jones Industrial Average,United States,,47508.0,48039.5,47429.0,47864.5
2026-04-09,^USBC,index,Dow Jones Industrial Average,United States,,47865.0,48325.5,47674.5,48156.0
2026-04-10,^USBC,index,Dow Jones Industrial Average,United States,,48155.5,48299.0,47854.0,47914.5
2026-04-13,^USBC,index,Dow Jones Industrial Average,United States,,47425.5,48250.0,47389.5,48214.5
2026-04-14,^USBC,index,Dow Jones Industrial Average,United States,,48210.0,48591.0,48136.0,48549.0
2026-04-15,^USBC,index,Dow Jones Industrial Average,United States,,48548.5,48701.5,48283.0,48539.0
2026-04-16,^USBC,index,Dow Jones Industrial Average,United States,,48539.5,48682.5,48333.0,48665.5
2026-04-17,^USBC,index,Dow Jones Industrial Average,United States,,48664.0,49720.0,48632.0,49465.5
2026-04-20,^USBC,index,Dow Jones Industrial Average,United States,,48966.0,49548.5,48937.5,49515.5
2026-04-21,^USBC,index,Dow Jones Industrial Average,United States,,49517.5,49852.5,49044.5,49359.0
2026-04-22,^USBC,index,Dow Jones Industrial Average,United States,,49369.0,49629.0,49279.5,49319.0
2026-04-23,^USBC,index,Dow Jones Industrial Average,United States,,49317.0,49525.0,48862.5,49298.0
2026-04-24,^USBC,index,Dow Jones Industrial Average,United States,,49307.0,49434.0,49079.0,49220.0
2026-04-27,^USBC,index,Dow Jones Industrial Average,United States,,49124.0,49361.0,49029.5,49239.0
2026-04-28,^USBC,index,Dow Jones Industrial Average,United States,,49247.5,49391.0,49079.5,49231.0
2026-04-29,^USBC,index,Dow Jones Industrial Average,United States,,49232.0,49268.0,48645.5,48714.5
2026-04-30,^USBC,index,Dow Jones Industrial Average,United States,,48715.0,49800.5,48469.0,49760.5
2026-05-01,^USBC,index,Dow Jones Industrial Average,United States,,49764.0,49998.0,49490.0,49500.5
2026-05-04,^USBC,index,Dow Jones Industrial Average,United States,,49569.5,49576.5,48905.5,48977.0
2026-05-05,^USBC,index,Dow Jones Industrial Average,United States,,48976.5,49446.0,48945.5,49385.5
2026-05-06,^USBC,index,Dow Jones Industrial Average,United States,,49386.5,50012.0,49353.0,49879.5
2026-05-07,^USBC,index,Dow Jones Industrial Average,United States,,49879.0,50121.5,49480.5,49620.5
2026-05-08,^USBC,index,Dow Jones Industrial Average,United States,,49634.5,49862.5,49489.0,49606.0
2026-05-11,^USBC,index,Dow Jones Industrial Average,United States,,49452.0,49775.0,49380.5,49714.0
2026-05-12,^USBC,index,Dow Jones Industrial Average,United States,,49707.0,49827.5,49305.0,49726.0
2026-05-13,^USBC,index,Dow Jones Industrial Average,United States,,49728.0,49836.5,49445.5,49813.5
2026-05-14,^USBC,index,Dow Jones Industrial Average,United States,,49812.5,50202.0,49785.5,50014.5
2026-05-15,^USBC,index,Dow Jones Industrial Average,United States,,50013.0,50017.5,49397.5,49430.5
2026-05-18,^USBC,index,Dow Jones Industrial Average,United States,,49371.5,49770.0,49076.5,49672.5
2026-05-19,^USBC,index,Dow Jones Industrial Average,United States,,49676.0,49754.0,49239.0,49416.5
2026-05-20,^USBC,index,Dow Jones Industrial Average,United States,,49400.5,50068.5,49224.5,49895.0
2026-05-21,^USBC,index,Dow Jones Industrial Average,United States,,49897.0,50392.0,49690.0,50372.5
2026-05-22,^USBC,index,Dow Jones Industrial Average,United States,,50372.0,50833.0,50353.0,50613.5
2026-05-25,^USBC,index,Dow Jones Industrial Average,United States,,50836.5,51128.0,50827.5,50938.0
2026-05-26,^USBC,index,Dow Jones Industrial Average,United States,,50939.0,50947.5,50355.5,50529.5
2026-05-27,^USBC,index,Dow Jones Industrial Average,United States,,50527.0,50830.5,50443.0,50659.5
2026-05-28,^USBC,index,Dow Jones Industrial Average,United States,,50667.5,50728.0,50323.0,50679.0
2026-05-29,^USBC,index,Dow Jones Industrial Average,United States,,50679.0,51095.0,50646.5,51035.5
2026-06-01,^USBC,index,Dow Jones Industrial Average,United States,,51066.0,51322.5,50772.0,50927.5
2026-06-02,^USBC,index,Dow Jones Industrial Average,United States,,50928.5,51373.0,50785.0,51335.0
2026-06-03,^USBC,index,Dow Jones Industrial Average,United States,,51335.5,51351.0,50707.5,50741.0
2026-06-04,^USBC,index,Dow Jones Industrial Average,United States,,50735.0,51660.5,50681.0,51563.0
2026-06-05,^USBC,index,Dow Jones Industrial Average,United States,,51557.5,51698.0,50711.0,50729.0
2026-06-08,^USBC,index,Dow Jones Industrial Average,United States,,50808.5,51278.5,50623.5,50750.0
2026-06-09,^USBC,index,Dow Jones Industrial Average,United States,,50749.5,51254.5,50237.5,50752.5
2026-06-10,^USBC,index,Dow Jones Industrial Average,United States,,50753.5,50856.5,49711.0,49790.0
2026-06-11,^USBC,index,Dow Jones Industrial Average,United States,,49812.0,50971.0,49780.5,50934.0
2026-06-12,^USBC,index,Dow Jones Industrial Average,United States,,50933.0,51414.0,50817.5,51249.0
2026-06-15,^USBC,index,Dow Jones Industrial Average,United States,,51515.5,51949.5,51496.0,51678.5
2026-06-16,^USBC,index,Dow Jones Industrial Average,United States,,51679.0,52205.0,51666.0,52062.5
2026-06-17,^USBC,index,Dow Jones Industrial Average,United States,,52063.0,52283.0,51395.0,51739.0
2026-06-18,^USBC,index,Dow Jones Industrial Average,United States,,51740.5,51939.0,51549.5,51606.5
2026-06-19,^USBC,index,Dow Jones Industrial Average,United States,,51606.5,51608.0,51394.5,51492.5
2026-06-22,^USBC,index,Dow Jones Industrial Average,United States,,51350.0,51898.0,51348.5,51754.0
2026-06-23,^USBC,index,Dow Jones Industrial Average,United States,,51754.0,51876.0,51294.0,51691.5
2026-06-24,^USBC,index,Dow Jones Industrial Average,United States,,51690.5,52257.5,51536.5,51910.5
2026-06-25,^USBC,index,Dow Jones Industrial Average,United States,,51912.5,52681.0,51800.5,51978.0
2026-06-26,^USBC,index,Dow Jones Industrial Average,United States,,51978.5,52143.0,51620.0,51855.0
2026-06-29,^USBC,index,Dow Jones Industrial Average,United States,,52001.5,52315.0,51863.5,52137.0
2026-06-30,^USBC,index,Dow Jones Industrial Average,United States,,52137.5,52391.0,52006.0,52207.5
2026-07-01,^USBC,index,Dow Jones Industrial Average,United States,,52207.5,52756.0,52017.0,52278.5
2026-07-02,^USBC,index,Dow Jones Industrial Average,United States,,52262.5,52925.5,52207.5,52917.0
2026-07-03,^USBC,index,Dow Jones Industrial Average,United States,,52916.0,53086.0,52771.0,52862.0
2026-07-06,^USBC,index,Dow Jones Industrial Average,United States,,52951.0,53132.0,52641.0,53057.0
2026-07-07,^USBC,index,Dow Jones Industrial Average,United States,,53054.5,53347.5,52772.5,52838.5
2026-07-08,^USBC,index,Dow Jones Industrial Average,United States,,52838.0,52910.5,52062.0,52324.0
2026-07-09,^USBC,index,Dow Jones Industrial Average,United States,,52323.5,52587.5,52230.0,52481.0
2026-07-10,^USBC,index,Dow Jones Industrial Average,United States,,52484.0,52717.0,52409.0,52687.0
2026-07-13,^USBC,index,Dow Jones Industrial Average,United States,,52546.0,52845.0,52349.5,52440.5
2026-07-14,^USBC,index,Dow Jones Industrial Average,United States,,52470.0,52722.0,52005.5,52548.0
2026-07-15,^USBC,index,Dow Jones Industrial Average,United States,,52544.5,52839.5,52429.0,52646.0
2026-07-16,^USBC,index,Dow Jones Industrial Average,United States,,52653.5,52857.0,52368.0,52487.5
2026-07-17,^USBC,index,Dow Jones Industrial Average,United States,,52527.5,52608.0,51951.0,52126.5
2026-07-20,^USBC,index,Dow Jones Industrial Average,United States,,52072.5,52415.0,51784.5,51869.0
2026-07-21,^USBC,index,Dow Jones Industrial Average,United States,,51849.0,52369.0,51820.5,52194.0
2026-07-22,^USBC,index,Dow Jones Industrial Average,United States,,52185.5,52505.5,52053.5,52256.0
2026-07-23,^USBC,index,Dow Jones Industrial Average,United States,,52197.5,52310.5,51537.0,51709.0
2026-07-24,^USBC,index,Dow Jones Industrial Average,United States,,51683.5,52120.0,51667.5,51884.5
2026-07-27,^USBC,index,Dow Jones Industrial Average,United States,,52258.5,52602.5,51991.5,52241.5
2026-07-28,^USBC,index,Dow Jones Industrial Average,United States,,52237.0,52905.5,52105.5,52720.0
2026-07-29,^USBC,index,Dow Jones Industrial Average,United States,,52738.5,52834.5,51484.5,51575.0
2026-07-30,^USBC,index,Dow Jones Industrial Average,United States,,51661.5,52325.5,51584.5,52258.0
2026-07-31,^USBC,index,Dow Jones Industrial Average,United States,,52254.5,52631.5,51992.0,52370.0
2026-08-03,^USBC,index,Dow Jones Industrial Average,United States,,52713.5,53266.5,52643.5,53254.0
2026-08-04,^USBC,index,Dow Jones Industrial Average,United States,,53253.0,54274.5,53176.0,54234.5
2026-08-05,^USBC,index,Dow Jones Industrial Average,United States,,54212.5,54742.5,54202.5,54412.0
2026-08-06,^USBC,index,Dow Jones Industrial Average,United States,,54427.5,54544.0,53823.5,53843.0
2026-08-07,^USBC,index,Dow Jones Industrial Average,United States,,53871.5,54086.0,53767.5,54000.5
2026-08-10,^USBC,index,Dow Jones Industrial Average,United States,,53957.5,54063.5,53850.0,53940.0
2026-08-11,^USBC,index,Dow Jones Industrial Average,United States,,53963.0,54232.5,53750.0,53798.0
2026-08-12,^USBC,index,Dow Jones Industrial Average,United States,,53801.5,53992.0,53737.5,53765.0
2026-08-13,^USBC,index,Dow Jones Industrial Average,United States,,53774.5,54050.5,53622.5,53863.0
2026-08-14,^USBC,index,Dow Jones Industrial Average,United States,,53872.0,53917.5,53675.0,53689.0
2026-08-17,^USBC,index,Dow Jones Industrial Average,United States,,53725.5,53761.5,53402.5,53435.0
2026-08-18,^USBC,index,Dow Jones Industrial Average,United States,,53452.0,53526.0,53253.5,53340.5
2026-08-19,^USBC,index,Dow Jones Industrial Average,United States,,53350.0,53717.5,53273.5,53466.0
2026-08-20,^USBC,index,Dow Jones Industrial Average,United States,,53463.5,53519.0,52737.5,52788.0
2026-08-21,^USBC,index,Dow Jones Industrial Average,United States,,52791.5,53350.5,52765.5,53240.5
2026-08-24,^USBC,index,Dow Jones Industrial Average,United States,,53280.5,53507.0,53147.0,53451.0
2026-08-25,^USBC,index,Dow Jones Industrial Average,United States,,53462.0,53734.5,53377.0,53572.0
2026-08-26,^USBC,index,Dow Jones Industrial Average,United States,,53573.5,53707.0,53380.5,53661.0
2026-08-27,^USBC,index,Dow Jones Industrial Average,United States,,53645.5,53762.5,53319.0,53546.0
2026-08-28,^USBC,index,Dow Jones Industrial Average,United States,,53561.5,53824.0,53484.5,53539.0
2026-08-31,^USBC,index,Dow Jones Industrial Average,United States,,53489.5,53523.5,53122.5,53226.0
2026-09-01,^USBC,index,Dow Jones Industrial Average,United States,,53185.5,53274.5,52689.0,52785.5
2026-09-02,^USBC,index,Dow Jones Industrial Average,United States,,52786.0,53224.5,52666.0,53085.0
2026-09-03,^USBC,index,Dow Jones Industrial Average,United States,,53043.0,53750.0,53040.5,53643.0
2026-09-04,^USBC,index,Dow Jones Industrial Average,United States,,53661.0,53716.5,53195.0,53199.5
2026-09-07,^USBC,index,Dow Jones Industrial Average,United States,,53232.5,53289.0,53001.5,53073.5
2026-09-08,^USBC,index,Dow Jones Industrial Average,United States,,53076.5,53148.5,52722.0,52758.0
2026-09-09,^USBC,index,Dow Jones Industrial Average,United States,,52773.5,52831.0,52315.0,52437.0
2026-09-10,^USBC,index,Dow Jones Industrial Average,United States,,52438.5,52647.5,51959.0,52056.0
2026-09-11,^USBC,index,Dow Jones Industrial Average,United States,,52069.5,52725.0,52058.5,52550.0
2026-09-14,^USBC,index,Dow Jones Industrial Average,United States,,52410.5,52651.5,52259.0,52451.5
2026-09-15,^USBC,index,Dow Jones Industrial Average,United States,,52424.0,52445.5,51875.5,52119.0
2026-09-16,^USBC,index,Dow Jones Industrial Average,United States,,52125.5,52275.0,51184.5,51462.5
2026-09-17,^USBC,index,Dow Jones Industrial Average,United States,,51461.5,52153.5,51440.5,51758.0
2026-09-18,^USBC,index,Dow Jones Industrial Average,United States,,51764.0,51960.0,51451.0,51700.0
2026-09-21,^USBC,index,Dow Jones Industrial Average,United States,,51700.0,52153.0,51675.5,52048.0
2026-09-22,^USBC,index,Dow Jones Industrial Average,United States,,52049.5,52433.0,51712.0,51837.0
2026-09-23,^USBC,index,Dow Jones Industrial Average,United States,,51888.5,51970.0,51445.0,51466.5
2025-01-01,^USLC,index,S&P 500,United States,,5899.05,5905.13,5883.5,5889.15
2025-01-02,^USLC,index,S&P 500,United States,,5889.0,5945.9,5830.84,5869.01
2025-01-03,^USLC,index,S&P 500,United States,,5868.83,5949.45,5867.64,5939.68
2025-01-06,^USLC,index,S&P 500,United States,,5944.33,6020.98,5933.89,5980.63
2025-01-07,^USLC,index,S&P 500,United States,,5980.39,6000.66,5891.19,5913.66
2025-01-08,^USLC,index,S&P 500,United States,,5913.78,5930.66,5874.81,5907.07
2025-01-09,^USLC,index,S&P 500,United States,,5907.5,5915.17,5886.14,5890.38
2025-01-10,^USLC,index,S&P 500,United States,,5890.64,5919.79,5807.4,5825.34
2025-01-13,^USLC,index,S&P 500,United States,,5820.55,5861.8,5770.04,5853.12
2025-01-14,^USLC,index,S&P 500,United States,,5853.38,5879.35,5805.09,5846.93
2025-01-15,^USLC,index,S&P 500,United States,,5846.79,5960.82,5840.52,5954.19
2025-01-16,^USLC,index,S&P 500,United States,,5954.32,5977.52,5925.32,5934.65
2025-01-17,^USLC,index,S&P 500,United States,,5938.89,6015.59,5936.83,5993.93
2025-01-20,^USLC,index,S&P 500,United States,,5986.88,6042.64,5982.9,6032.83
2025-01-21,^USLC,index,S&P 500,United States,,6033.13,6063.04,5959.51,6060.49
2025-01-22,^USLC,index,S&P 500,United States,,6060.6,6100.76,6059.45,6080.53
2025-01-23,^USLC,index,S&P 500,United States,,6080.28,6118.53,6066.53,6112.89
2025-01-24,^USLC,index,S&P 500,United States,,6114.38,6128.15,6088.95,6096.45
2025-01-27,^USLC,index,S&P 500,United States,,6070.2,6070.89,5915.51,6020.32
2025-01-28,^USLC,index,S&P 500,United States,,6020.19,6074.75,5992.77,6057.28
2025-01-29,^USLC,index,S&P 500,United States,,6057.46,6080.75,6012.61,6038.84
2025-01-30,^USLC,index,S&P 500,United States,,6039.08,6087.03,6027.72,6082.0
2025-01-31,^USLC,index,S&P 500,United States,,6081.83,6120.91,6030.7,6036.93
2025-02-03,^USLC,index,S&P 500,United States,,5940.51,6041.24,5908.88,6030.19
2025-02-04,^USLC,index,S&P 500,United States,,6030.06,6043.18,5961.24,6019.65
2025-02-05,^USLC,index,S&P 500,United States,,6017.07,6065.61,5995.54,6065.11
2025-02-06,^USLC,index,S&P 500,United States,,6064.63,6084.08,6046.09,6078.14
2025-02-07,^USLC,index,S&P 500,United States,,6077.89,6100.89,6019.96,6029.39
2025-02-10,^USLC,index,S&P 500,United States,,6038.09,6073.7,6036.09,6055.23
2025-02-11,^USLC,index,S&P 500,United States,,6055.48,6077.05,6036.67,6070.15
2025-02-12,^USLC,index,S&P 500,United States,,6069.9,6074.45,5999.0,6063.98
2025-02-13,^USLC,index,S&P 500,United States,,6063.85,6118.13,6033.49,6114.93
2025-02-14,^USLC,index,S&P 500,United States,,6115.18,6127.95,6102.38,6114.63
2025-02-17,^USLC,index,S&P 500,United States,,6115.64,6128.4,6114.25,6122.64
2025-02-18,^USLC,index,S&P 500,United States,,6122.5,6138.89,6099.58,6131.89
2025-02-19,^USLC,index,S&P 500,United States,,6131.63,6147.93,6111.4,6138.65
2025-02-20,^USLC,index,S&P 500,United States,,6136.79,6139.29,6084.79,6121.08
2025-02-21,^USLC,index,S&P 500,United States,,6120.77,6126.15,6009.01,6016.94
2025-02-24,^USLC,index,S&P 500,United States,,6035.38,6052.14,5978.33,5984.08
2025-02-25,^USLC,index,S&P 500,United States,,5984.39,6000.89,5908.85,5971.64
2025-02-26,^USLC,index,S&P 500,United States,,5971.39,6010.0,5932.24,5965.98
2025-02-27,^USLC,index,S&P 500,United States,,5965.74,6001.93,5860.74,5876.01
2025-02-28,^USLC,index,S&P 500,United States,,5875.64,5960.13,5837.2,5946.44
2025-03-03,^USLC,index,S&P 500,United States,,5964.25,5990.14,5811.58,5859.84
2025-03-04,^USLC,index,S&P 500,United States,,5860.09,5873.58,5732.97,5824.95
2025-03-05,^USLC,index,S&P 500,United States,,5825.2,5860.92,5742.59,5837.53
2025-03-06,^USLC,index,S&P 500,United States,,5837.29,5842.3,5712.18,5757.64
2025-03-07,^USLC,index,S&P 500,United States,,5757.76,5784.01,5665.86,5766.94
2025-03-10,^USLC,index,S&P 500,United States,,5726.39,5750.45,5564.16,5595.88
2025-03-11,^USLC,index,S&P 500,United States,,5596.0,5645.15,5528.73,5588.14
2025-03-12,^USLC,index,S&P 500,United States,,5588.25,5669.31,5545.22,5616.29
2025-03-13,^USLC,index,S&P 500,United States,,5616.03,5618.55,5504.37,5549.25
2025-03-14,^USLC,index,S&P 500,United States,,5549.33,5645.42,5543.63,5623.19
2025-03-17,^USLC,index,S&P 500,United States,,5605.84,5704.17,5596.59,5677.28
2025-03-18,^USLC,index,S&P 500,United States,,5677.03,5681.29,5597.51,5619.14
2025-03-19,^USLC,index,S&P 500,United States,,5619.39,5716.29,5604.38,5694.13
2025-03-20,^USLC,index,S&P 500,United States,,5694.26,5712.08,5629.5,5663.8
2025-03-21,^USLC,index,S&P 500,United States,,5663.54,5673.04,5600.85,5668.18
2025-03-24,^USLC,index,S&P 500,United States,,5702.0,5773.75,5700.25,5760.58
2025-03-25,^USLC,index,S&P 500,United States,,5760.75,5787.72,5751.13,5783.89
2025-03-26,^USLC,index,S&P 500,United States,,5783.64,5787.89,5683.22,5699.64
2025-03-27,^USLC,index,S&P 500,United States,,5699.08,5732.09,5672.5,5689.84
2025-03-28,^USLC,index,S&P 500,United States,,5690.2,5701.84,5567.19,5569.45
2025-03-31,^USLC,index,S&P 500,United States,,5548.39,5628.16,5489.64,5593.27
2025-04-01,^USLC,index,S&P 500,United States,,5593.38,5652.14,5558.13,5640.39
2025-04-02,^USLC,index,S&P 500,United States,,5640.63,5717.79,5440.2,5469.52
2025-04-03,^USLC,index,S&P 500,United States,,5470.01,5521.4,5370.26,5385.13
2025-04-04,^USLC,index,S&P 500,United States,,5385.25,5397.58,5054.78,5071.34
2025-04-07,^USLC,index,S&P 500,United States,,4880.55,5252.04,4808.73,5115.2
2025-04-08,^USLC,index,S&P 500,United States,,5115.01,5271.01,4896.0,4925.02
2025-04-09,^USLC,index,S&P 500,United States,,4924.88,5491.95,4843.75,5477.76
2025-04-10,^USLC,index,S&P 500,United States,,5477.39,5481.13,5113.49,5240.75
2025-04-11,^USLC,index,S&P 500,United States,,5240.51,5382.65,5173.25,5363.43
2025-04-14,^USLC,index,S&P 500,United States,,5396.26,5464.13,5357.2,5387.63
2025-04-15,^USLC,index,S&P 500,United States,,5387.33,5451.14,5342.7,5353.64
2025-04-16,^USLC,index,S&P 500,United States,,5353.39,5392.01,5220.7,5279.26
2025-04-17,^USLC,index,S&P 500,United States,,5279.14,5342.15,5256.64,5291.56
2025-04-21,^USLC,index,S&P 500,United States,,5264.46,5274.84,5101.45,5176.63
2025-04-22,^USLC,index,S&P 500,United States,,5176.89,5395.64,5169.26,5384.38
2025-04-23,^USLC,index,S&P 500,United States,,5384.14,5470.88,5350.14,5384.13
2025-04-24,^USLC,index,S&P 500,United States,,5384.27,5510.75,5327.75,5500.51
2025-04-25,^USLC,index,S&P 500,United States,,5500.38,5528.96,5452.39,5528.13
2025-04-28,^USLC,index,S&P 500,United States,,5505.5,5552.88,5468.19,5530.39
2025-04-29,^USLC,index,S&P 500,United States,,5530.5,5572.32,5496.89,5547.4
2025-04-30,^USLC,index,S&P 500,United States,,5547.53,5615.62,5431.45,5611.05
2025-05-01,^USLC,index,S&P 500,United States,,5611.29,5659.31,5578.92,5590.51
2025-05-02,^USLC,index,S&P 500,United States,,5590.83,5701.32,5584.27,5688.88
2025-05-05,^USLC,index,S&P 500,United States,,5656.7,5684.5,5633.63,5646.0
2025-05-06,^USLC,index,S&P 500,United States,,5645.88,5670.5,5586.63,5652.39
2025-05-07,^USLC,index,S&P 500,United States,,5652.26,5662.08,5577.66,5627.01
2025-05-08,^USLC,index,S&P 500,United States,,5627.13,5720.8,5622.33,5660.64
2025-05-09,^USLC,index,S&P 500,United States,,5660.88,5695.42,5644.38,5660.2
2025-05-12,^USLC,index,S&P 500,United States,,5727.28,5856.29,5724.98,5837.59
2025-05-13,^USLC,index,S&P 500,United States,,5837.34,5907.33,5816.84,5889.39
2025-05-14,^USLC,index,S&P 500,United States,,5889.13,5906.64,5871.56,5877.39
2025-05-15,^USLC,index,S&P 500,United States,,5877.13,5925.08,5847.63,5917.13
2025-05-16,^USLC,index,S&P 500,United States,,5917.26,5959.26,5904.38,5954.69
2025-05-19,^USLC,index,S&P 500,United States,,5922.13,5974.2,5874.39,5969.58
2025-05-20,^USLC,index,S&P 500,United States,,5969.46,5973.28,5909.45,5937.83
2025-05-21,^USLC,index,S&P 500,United States,,5937.95,5940.96,5830.86,5844.58
2025-05-22,^USLC,index,S&P 500,United States,,5845.08,5878.68,5812.83,5846.09
2025-05-23,^USLC,index,S&P 500,United States,,5846.2,5857.89,5743.38,5798.68
2025-05-26,^USLC,index,S&P 500,United States,,5851.95,5881.64,5848.5,5866.06
2025-05-27,^USLC,index,S&P 500,United States,,5865.95,5929.09,5849.75,5924.83
2025-05-28,^USLC,index,S&P 500,United States,,5924.2,5985.66,5880.89,5979.78
2025-05-29,^USLC,index,S&P 500,United States,,5980.9,5996.04,5872.77,5894.15
2025-05-30,^USLC,index,S&P 500,United States,,5894.38,5922.77,5843.81,5907.2
2025-06-02,^USLC,index,S&P 500,United States,,5888.14,5942.91,5857.39,5925.83
2025-06-03,^USLC,index,S&P 500,United States,,5926.0,5981.52,5900.4,5974.89
2025-06-04,^USLC,index,S&P 500,United States,,5974.95,5990.2,5964.7,5965.88
2025-06-05,^USLC,index,S&P 500,United States,,5966.0,5999.98,5920.78,5940.15
2025-06-06,^USLC,index,S&P 500,United States,,5940.0,6018.15,5940.0,6001.28
2025-06-09,^USLC,index,S&P 500,United States,,5995.73,6021.72,5984.93,6008.49
2025-06-10,^USLC,index,S&P 500,United States,,6008.36,6047.77,5986.23,6037.38
2025-06-11,^USLC,index,S&P 500,United States,,6037.13,6070.51,6001.73,6014.88
2025-06-12,^USLC,index,S&P 500,United States,,6015.01,6046.32,5984.39,6011.14
2025-06-13,^USLC,index,S&P 500,United States,,6011.64,6026.66,5924.39,5985.11
2025-06-16,^USLC,index,S&P 500,United States,,5984.26,6050.88,5979.14,5995.89
2025-06-17,^USLC,index,S&P 500,United States,,5996.05,6024.52,5962.38,5969.11
2025-06-18,^USLC,index,S&P 500,United States,,5969.6,6018.88,5969.13,5980.43
2025-06-19,^USLC,index,S&P 500,United States,,5980.75,5981.4,5916.15,5963.18
2025-06-20,^USLC,index,S&P 500,United States,,5963.15,6018.14,5952.32,5971.29
2025-06-23,^USLC,index,S&P 500,United States,,5949.0,6061.64,5939.04,6057.55
2025-06-24,^USLC,index,S&P 500,United States,,6057.4,6102.27,6049.1,6093.83
2025-06-25,^USLC,index,S&P 500,United States,,6094.1,6108.16,6079.03,6095.39
2025-06-26,^USLC,index,S&P 500,United States,,6095.61,6153.39,6093.38,6144.89
2025-06-27,^USLC,index,S&P 500,United States,,6145.1,6187.78,6132.17,6167.88
2025-06-30,^USLC,index,S&P 500,United States,,6186.65,6215.1,6173.73,6200.88
2025-07-01,^USLC,index,S&P 500,United States,,6201.86,6211.5,6177.89,6202.45
2025-07-02,^USLC,index,S&P 500,United States,,6202.68,6229.85,6186.13,6228.63
2025-07-03,^USLC,index,S&P 500,United States,,6228.39,6285.17,6221.58,6270.39
2025-07-04,^USLC,index,S&P 500,United States,,6270.35,6273.38,6228.88,6235.58
2025-07-07,^USLC,index,S&P 500,United States,,6254.1,6268.14,6201.06,6223.64
2025-07-08,^USLC,index,S&P 500,United States,,6223.33,6244.39,6217.51,6229.14
2025-07-09,^USLC,index,S&P 500,United States,,6225.15,6270.39,6215.35,6258.34
2025-07-10,^USLC,index,S&P 500,United States,,6258.32,6290.47,6242.58,6286.88
2025-07-11,^USLC,index,S&P 500,United States,,6287.05,6287.05,6234.13,6255.39
2025-07-14,^USLC,index,S&P 500,United States,,6234.38,6273.59,6218.61,6262.59
2025-07-15,^USLC,index,S&P 500,United States,,6262.83,6301.33,6224.88,6232.64
2025-07-16,^USLC,index,S&P 500,United States,,6232.8,6268.33,6201.65,6253.85
2025-07-17,^USLC,index,S&P 500,United States,,6254.08,6311.88,6249.1,6310.4
2025-07-18,^USLC,index,S&P 500,United States,,6310.14,6318.15,6285.36,6295.9
2025-07-21,^USLC,index,S&P 500,United States,,6305.36,6336.68,6301.14,6311.89
2025-07-22,^USLC,index,S&P 500,United States,,6311.87,6327.65,6282.65,6326.2
2025-07-23,^USLC,index,S&P 500,United States,,6326.41,6369.3,6313.15,6368.29
2025-07-24,^USLC,index,S&P 500,United States,,6368.04,6381.76,6355.98,6376.39
2025-07-25,^USLC,index,S&P 500,United States,,6376.64,6396.06,6366.58,6390.08
2025-07-28,^USLC,index,S&P 500,United States,,6413.82,6423.81,6375.6,6395.59
2025-07-29,^USLC,index,S&P 500,United States,,6395.34,6409.84,6364.07,6375.88
2025-07-30,^USLC,index,S&P 500,United States,,6375.64,6415.44,6335.21,6411.68
2025-07-31,^USLC,index,S&P 500,United States,,6410.68,6436.95,6321.14,6333.64
2025-08-01,^USLC,index,S&P 500,United States,,6333.38,6342.89,6212.43,6240.58
2025-08-04,^USLC,index,S&P 500,United States,,6244.37,6345.61,6243.08,6337.89
2025-08-05,^USLC,index,S&P 500,United States,,6337.38,6351.14,6288.15,6291.58
2025-08-06,^USLC,index,S&P 500,United States,,6291.38,6362.65,6290.88,6355.58
2025-08-07,^USLC,index,S&P 500,United States,,6355.38,6401.88,6310.12,6353.53
2025-08-08,^USLC,index,S&P 500,United States,,6353.51,6401.73,6345.78,6401.73
2025-08-11,^USLC,index,S&P 500,United States,,6391.04,6407.91,6364.69,6376.63
2025-08-12,^USLC,index,S&P 500,United States,,6376.38,6450.11,6369.08,6449.58
2025-08-13,^USLC,index,S&P 500,United States,,6449.6,6480.64,6439.33,6465.73
2025-08-14,^USLC,index,S&P 500,United States,,6465.98,6473.95,6431.5,6469.4
2025-08-15,^USLC,index,S&P 500,United States,,6469.64,6487.4,6441.81,6448.3
2025-08-18,^USLC,index,S&P 500,United States,,6460.58,6464.4,6436.33,6451.64
2025-08-19,^USLC,index,S&P 500,United States,,6451.86,6456.64,6400.16,6408.64
2025-08-20,^USLC,index,S&P 500,United States,,6408.85,6411.89,6343.97,6392.88
2025-08-21,^USLC,index,S&P 500,United States,,6392.87,6400.65,6352.24,6381.83
2025-08-22,^USLC,index,S&P 500,United States,,6381.33,6479.65,6347.63,6467.18
2025-08-25,^USLC,index,S&P 500,United States,,6467.45,6471.19,6437.7,6444.95
2025-08-26,^USLC,index,S&P 500,United States,,6444.63,6473.9,6415.68,6471.63
2025-08-27,^USLC,index,S&P 500,United States,,6471.88,6487.57,6457.58,6462.14
2025-08-28,^USLC,index,S&P 500,United States,,6461.89,6508.54,6457.38,6502.39
2025-08-29,^USLC,index,S&P 500,United States,,6502.14,6504.89,6444.35,6463.88
2025-09-01,^USLC,index,S&P 500,United States,,6477.6,6480.65,6448.64,6458.78
2025-09-02,^USLC,index,S&P 500,United States,,6459.09,6465.31,6360.54,6424.63
2025-09-03,^USLC,index,S&P 500,United States,,6424.36,6454.14,6415.38,6446.13
2025-09-04,^USLC,index,S&P 500,United States,,6446.11,6508.9,6444.83,6506.88
2025-09-05,^USLC,index,S&P 500,United States,,6507.13,6532.9,6443.38,6480.17
2025-09-08,^USLC,index,S&P 500,United States,,6497.87,6508.9,6482.58,6502.69
2025-09-09,^USLC,index,S&P 500,United States,,6502.94,6530.56,6482.45,6523.34
2025-09-10,^USLC,index,S&P 500,United States,,6523.31,6558.05,6516.22,6540.39
2025-09-11,^USLC,index,S&P 500,United States,,6540.14,6593.42,6531.11,6589.13
2025-09-12,^USLC,index,S&P 500,United States,,6589.11,6600.66,6572.33,6583.38
2025-09-15,^USLC,index,S&P 500,United States,,6584.64,6619.38,6554.39,6615.73
2025-09-16,^USLC,index,S&P 500,United States,,6615.71,6634.97,6600.48,6612.64
2025-09-17,^USLC,index,S&P 500,United States,,6612.61,6626.21,6550.54,6623.49
2025-09-18,^USLC,index,S&P 500,United States,,6623.73,6659.99,6610.73,6644.88
2025-09-19,^USLC,index,S&P 500,United States,,6645.11,6671.8,6621.38,6661.78
2025-09-22,^USLC,index,S&P 500,United States,,6656.05,6699.18,6636.38,6694.13
2025-09-23,^USLC,index,S&P 500,United States,,6694.38,6699.1,6645.35,6662.26
2025-09-24,^USLC,index,S&P 500,United States,,6661.96,6672.77,6622.37,6643.35
2025-09-25,^USLC,index,S&P 500,United States,,6643.06,6650.37,6569.25,6605.76
2025-09-26,^USLC,index,S&P 500,United States,,6605.95,6649.55,6600.25,6648.26
2025-09-29,^USLC,index,S&P 500,United States,,6652.96,6683.47,6644.46,6659.5
2025-09-30,^USLC,index,S&P 500,United States,,6659.25,6691.96,6641.37,6672.46
2025-10-01,^USLC,index,S&P 500,United States,,6672.6,6719.66,6629.16,6710.56
2025-10-02,^USLC,index,S&P 500,United States,,6710.86,6733.07,6692.7,6722.16
2025-10-03,^USLC,index,S&P 500,United States,,6721.65,6752.06,6706.36,6713.95
2025-10-06,^USLC,index,S&P 500,United States,,6730.95,6749.56,6718.7,6731.55
2025-10-07,^USLC,index,S&P 500,United States,,6731.36,6755.56,6700.86,6713.5
2025-10-08,^USLC,index,S&P 500,United States,,6713.77,6766.25,6712.7,6763.06
2025-10-09,^USLC,index,S&P 500,United States,,6762.77,6763.46,6716.26,6746.26
2025-10-10,^USLC,index,S&P 500,United States,,6746.36,6763.16,6549.65,6565.16
2025-10-13,^USLC,index,S&P 500,United States,,6629.25,6669.77,6613.86,6650.7
2025-10-14,^USLC,index,S&P 500,United States,,6650.25,6681.66,6552.66,6648.76
2025-10-15,^USLC,index,S&P 500,United States,,6649.06,6726.16,6610.95,6675.16
2025-10-16,^USLC,index,S&P 500,United States,,6675.25,6710.67,6593.65,6613.75
2025-10-17,^USLC,index,S&P 500,United States,,6612.76,6680.16,6533.75,6672.76
2025-10-20,^USLC,index,S&P 500,United States,,6668.45,6744.9,6657.05,6740.55
2025-10-21,^USLC,index,S&P 500,United States,,6740.05,6752.86,6722.0,6733.45
2025-10-22,^USLC,index,S&P 500,United States,,6733.75,6752.57,6654.35,6691.15
2025-10-23,^USLC,index,S&P 500,United States,,6690.75,6749.36,6681.56,6746.45
2025-10-24,^USLC,index,S&P 500,United States,,6747.05,6806.66,6742.75,6791.4
2025-10-27,^USLC,index,S&P 500,United States,,6837.16,6884.56,6833.96,6878.56
2025-10-28,^USLC,index,S&P 500,United States,,6878.35,6912.06,6869.05,6896.16
2025-10-29,^USLC,index,S&P 500,United States,,6896.35,6919.57,6851.6,6891.2
2025-10-30,^USLC,index,S&P 500,United States,,6891.4,6922.26,6819.7,6868.96
2025-10-31,^USLC,index,S&P 500,United States,,6869.2,6888.77,6813.75,6842.3
2025-11-03,^USLC,index,S&P 500,United States,,6863.36,6880.06,6820.56,6847.46
2025-11-04,^USLC,index,S&P 500,United States,,6847.27,6847.27,6757.5,6766.16
2025-11-05,^USLC,index,S&P 500,United States,,6765.6,6830.77,6721.55,6808.56
2025-11-06,^USLC,index,S&P 500,United States,,6808.85,6817.57,6707.45,6739.46
2025-11-07,^USLC,index,S&P 500,United States,,6739.35,6746.06,6632.05,6736.75
2025-11-10,^USLC,index,S&P 500,United States,,6760.7,6842.17,6748.26,6839.45
2025-11-11,^USLC,index,S&P 500,United States,,6839.65,6856.07,6807.15,6848.46
2025-11-12,^USLC,index,S&P 500,United States,,6848.65,6877.47,6829.16,6836.06
2025-11-13,^USLC,index,S&P 500,United States,,6835.96,6870.07,6723.66,6745.35
2025-11-14,^USLC,index,S&P 500,United States,,6745.46,6774.66,6650.36,6743.16
2025-11-17,^USLC,index,S&P 500,United States,,6745.37,6780.27,6638.15,6681.56
2025-11-18,^USLC,index,S&P 500,United States,,6681.75,6688.77,6575.15,6621.55
2025-11-19,^USLC,index,S&P 500,United States,,6621.37,6713.26,6593.56,6712.46
2025-11-20,^USLC,index,S&P 500,United States,,6712.26,6771.27,6522.76,6548.96
2025-11-21,^USLC,index,S&P 500,United States,,6548.86,6660.95,6508.05,6610.56
2025-11-24,^USLC,index,S&P 500,United States,,6636.66,6715.76,6609.45,6706.65
2025-11-25,^USLC,index,S&P 500,United States,,6706.35,6776.96,6659.26,6769.07
2025-11-26,^USLC,index,S&P 500,United States,,6769.1,6832.26,6765.65,6816.05
2025-11-27,^USLC,index,S&P 500,United States,,6815.86,6825.2,6810.86,6824.95
2025-11-28,^USLC,index,S&P 500,United States,,6825.15,6851.87,6819.95,6844.86
2025-12-01,^USLC,index,S&P 500,United States,,6841.65,6843.85,6790.45,6814.05
2025-12-02,^USLC,index,S&P 500,United States,,6814.16,6852.36,6801.55,6835.3
2025-12-03,^USLC,index,S&P 500,United States,,6835.45,6863.05,6807.17,6853.87
2025-12-04,^USLC,index,S&P 500,United States,,6853.75,6871.27,6826.65,6855.55
2025-12-05,^USLC,index,S&P 500,United States,,6855.05,6896.46,6848.55,6872.06
2025-12-08,^USLC,index,S&P 500,United States,,6872.97,6885.46,6827.4,6861.07
2025-12-09,^USLC,index,S&P 500,United States,,6860.96,6865.6,6837.55,6839.95
2025-12-10,^USLC,index,S&P 500,United States,,6839.86,6901.47,6824.4,6876.95
2025-12-11,^USLC,index,S&P 500,United States,,6877.16,6912.06,6811.76,6901.0
2025-12-12,^USLC,index,S&P 500,United States,,6900.56,6909.55,6802.16,6832.0
2025-12-15,^USLC,index,S&P 500,United States,,6829.75,6869.15,6801.96,6814.37
2025-12-16,^USLC,index,S&P 500,United States,,6814.26,6831.06,6759.45,6788.15
2025-12-17,^USLC,index,S&P 500,United States,,6787.85,6825.17,6721.55,6729.05
2025-12-18,^USLC,index,S&P 500,United States,,6728.76,6816.55,6718.06,6777.15
2025-12-19,^USLC,index,S&P 500,United States,,6776.86,6840.75,6767.85,6835.86
2025-12-22,^USLC,index,S&P 500,United States,,6852.95,6882.96,6847.0,6878.55
2025-12-23,^USLC,index,S&P 500,United States,,6878.7,6910.86,6861.05,6905.7
2025-12-24,^USLC,index,S&P 500,United States,,6906.27,6936.96,6901.3,6929.46
2025-12-25,^USLC,index,S&P 500,United States,,6934.36,6940.96,6932.1,6936.15
2025-12-26,^USLC,index,S&P 500,United States,,6935.95,6945.3,6921.05,6930.35
2025-12-29,^USLC,index,S&P 500,United States,,6932.36,6937.86,6888.96,6903.55
2025-12-30,^USLC,index,S&P 500,United States,,6903.75,6913.96,6893.15,6896.66
2025-12-31,^USLC,index,S&P 500,United States,,6896.36,6905.66,6844.15,6850.47
2026-01-01,^USLC,index,S&P 500,United States,,6855.5,6859.46,6851.57,6857.46
2026-01-02,^USLC,index,S&P 500,United States,,6857.16,6895.06,6824.05,6860.66
2026-01-05,^USLC,index,S&P 500,United States,,6865.66,6921.65,6860.87,6900.16
2026-01-06,^USLC,index,S&P 500,United States,,6900.46,6950.85,6889.65,6946.16
2026-01-07,^USLC,index,S&P 500,United States,,6946.67,6965.36,6917.9,6924.16
2026-01-08,^USLC,index,S&P 500,United States,,6924.05,6935.45,6894.96,6925.56
2026-01-09,^USLC,index,S&P 500,United States,,6925.45,6978.85,6915.9,6965.47
2026-01-12,^USLC,index,S&P 500,United States,,6960.15,6986.76,6911.85,6968.25
2026-01-13,^USLC,index,S&P 500,United States,,6967.96,6998.47,6939.15,6959.7
2026-01-14,^USLC,index,S&P 500,United States,,6959.56,6964.37,6886.06,6922.25
2026-01-15,^USLC,index,S&P 500,United States,,6922.16,6979.55,6914.9,6954.05
2026-01-16,^USLC,index,S&P 500,United States,,6954.36,6971.37,6925.45,6940.46
2026-01-19,^USLC,index,S&P 500,United States,,6898.15,6898.67,6852.57,6872.65
2026-01-20,^USLC,index,S&P 500,United States,,6872.96,6879.17,6789.25,6799.8
2026-01-21,^USLC,index,S&P 500,United States,,6799.95,6911.46,6782.16,6891.15
2026-01-22,^USLC,index,S&P 500,United States,,6891.55,6935.35,6878.16,6909.75
2026-01-23,^USLC,index,S&P 500,United States,,6909.55,6933.27,6893.55,6907.75
2026-01-26,^USLC,index,S&P 500,United States,,6884.66,6964.7,6881.6,6951.65
2026-01-27,^USLC,index,S&P 500,United States,,6951.86,6989.06,6948.15,6983.76
2026-01-28,^USLC,index,S&P 500,United States,,6984.06,7014.07,6949.05,6968.16
2026-01-29,^USLC,index,S&P 500,United States,,6968.75,7001.27,6871.4,6960.86
2026-01-30,^USLC,index,S&P 500,United States,,6961.1,6965.06,6891.86,6938.06
2026-02-02,^USLC,index,S&P 500,United States,,6921.46,6997.67,6839.6,6990.95
2026-02-03,^USLC,index,S&P 500,United States,,6990.66,7002.96,6862.9,6919.07
2026-02-04,^USLC,index,S&P 500,United States,,6919.15,6941.67,6839.46,6895.77
2026-02-05,^USLC,index,S&P 500,United States,,6895.96,6912.76,6744.25,6751.55
2026-02-06,^USLC,index,S&P 500,United States,,6751.46,6945.97,6731.96,6927.06
2026-02-09,^USLC,index,S&P 500,United States,,6953.06,6980.55,6901.65,6959.45
2026-02-10,^USLC,index,S&P 500,United States,,6959.55,6986.55,6937.65,6955.7
2026-02-11,^USLC,index,S&P 500,United States,,6955.96,6992.46,6913.36,6939.35
2026-02-12,^USLC,index,S&P 500,United States,,6939.27,6974.15,6823.56,6843.56
2026-02-13,^USLC,index,S&P 500,United States,,6843.06,6882.17,6794.35,6837.25
2026-02-16,^USLC,index,S&P 500,United States,,6845.96,6870.86,6826.3,6849.55
2026-02-17,^USLC,index,S&P 500,United States,,6849.66,6868.26,6775.7,6835.37
2026-02-18,^USLC,index,S&P 500,United States,,6835.66,6909.77,6834.8,6879.25
2026-02-19,^USLC,index,S&P 500,United States,,6879.16,6896.75,6832.46,6866.7
2026-02-20,^USLC,index,S&P 500,United States,,6866.85,6917.27,6834.35,6914.9
2026-02-23,^USLC,index,S&P 500,United States,,6893.35,6917.16,6820.75,6845.27
2026-02-24,^USLC,index,S&P 500,United States,,6845.0,6900.26,6816.47,6892.6
2026-02-25,^USLC,index,S&P 500,United States,,6892.35,6957.57,6881.2,6937.26
2026-02-26,^USLC,index,S&P 500,United States,,6937.05,6958.76,6859.46,6882.66
2026-02-27,^USLC,index,S&P 500,United States,,6882.25,6905.77,6831.65,6875.2
2026-03-02,^USLC,index,S&P 500,United States,,6807.16,6901.37,6759.35,6868.26
2026-03-03,^USLC,index,S&P 500,United States,,6868.45,6871.17,6710.85,6802.86
2026-03-04,^USLC,index,S&P 500,United States,,6803.05,6885.96,6765.85,6878.16
2026-03-05,^USLC,index,S&P 500,United States,,6878.07,6893.55,6770.15,6835.26
2026-03-06,^USLC,index,S&P 500,United States,,6835.6,6847.76,6710.66,6734.95
2026-03-09,^USLC,index,S&P 500,United States,,6623.87,6812.26,6579.75,6765.77
2026-03-10,^USLC,index,S&P 500,United States,,6765.56,6845.96,6756.35,6792.06
2026-03-11,^USLC,index,S&P 500,United States,,6792.66,6817.65,6710.55,6724.46
2026-03-12,^USLC,index,S&P 500,United States,,6724.55,6755.86,6667.66,6677.26
2026-03-13,^USLC,index,S&P 500,United States,,6676.76,6733.76,6623.56,6627.47
2026-03-16,^USLC,index,S&P 500,United States,,6645.67,6730.36,6645.25,6698.46
2026-03-17,^USLC,index,S&P 500,United States,,6698.66,6754.65,6661.96,6712.87
2026-03-18,^USLC,index,S&P 500,United States,,6712.56,6760.37,6604.45,6617.66
2026-03-19,^USLC,index,S&P 500,United States,,6618.17,6642.15,6559.3,6622.16
2026-03-20,^USLC,index,S&P 500,United States,,6622.25,6634.4,6474.45,6526.56
2026-03-23,^USLC,index,S&P 500,United States,,6491.15,6697.66,6434.95,6594.36
2026-03-24,^USLC,index,S&P 500,United States,,6593.85,6612.36,6524.16,6602.96
2026-03-25,^USLC,index,S&P 500,United States,,6602.76,6636.36,6567.75,6581.66
2026-03-26,^USLC,index,S&P 500,United States,,6582.1,6598.67,6471.25,6507.45
2026-03-27,^USLC,index,S&P 500,United States,,6507.66,6524.56,6354.35,6358.46
2026-03-30,^USLC,index,S&P 500,United States,,6324.26,6436.47,6316.26,6329.85
2026-03-31,^USLC,index,S&P 500,United States,,6329.95,6549.35,6311.07,6547.35
2026-04-01,^USLC,index,S&P 500,United States,,6546.85,6609.66,6533.05,6571.27
2026-04-02,^USLC,index,S&P 500,United States,,6571.05,6604.05,6460.45,6582.75
2026-04-06,^USLC,index,S&P 500,United States,,6550.16,6620.85,6549.15,6602.37
2026-04-07,^USLC,index,S&P 500,United States,,6600.96,6779.86,6534.35,6765.55
2026-04-08,^USLC,index,S&P 500,United States,,6765.06,6808.36,6740.06,6773.25
2026-04-09,^USLC,index,S&P 500,United States,,6773.55,6835.96,6753.25,6817.85
2026-04-10,^USLC,index,S&P 500,United States,,6817.96,6847.3,6807.7,6817.56
2026-04-13,^USLC,index,S&P 500,United States,,6746.76,6894.27,6739.5,6888.45
2026-04-14,^USLC,index,S&P 500,United States,,6888.37,6975.96,6883.26,6971.25
2026-04-15,^USLC,index,S&P 500,United States,,6970.95,7032.96,6954.46,7032.06
2026-04-16,^USLC,index,S&P 500,United States,,7032.16,7051.47,7009.3,7048.16
2026-04-17,^USLC,index,S&P 500,United States,,7048.36,7148.57,7040.15,7128.75
2026-04-20,^USLC,index,S&P 500,United States,,7070.76,7125.47,7065.95,7119.4
2026-04-21,^USLC,index,S&P 500,United States,,7119.65,7147.46,7049.45,7096.16
2026-04-22,^USLC,index,S&P 500,United States,,7096.46,7138.71,7093.86,7129.39
2026-04-23,^USLC,index,S&P 500,United States,,7129.33,7148.01,7046.96,7121.64
2026-04-24,^USLC,index,S&P 500,United States,,7122.89,7168.69,7103.7,7161.21
2026-04-27,^USLC,index,S&P 500,United States,,7147.98,7189.95,7145.85,7186.67
2026-04-28,^USLC,index,S&P 500,United States,,7187.06,7192.56,7116.06,7150.15
2026-04-29,^USLC,index,S&P 500,United States,,7150.26,7167.47,7105.95,7163.86
2026-04-30,^USLC,index,S&P 500,United States,,7163.95,7236.4,7104.9,7225.66
2026-05-01,^USLC,index,S&P 500,United States,,7226.16,7273.27,7219.65,7226.85
2026-05-04,^USLC,index,S&P 500,United States,,7234.65,7247.46,7173.55,7200.66
2026-05-05,^USLC,index,S&P 500,United States,,7200.85,7294.15,7197.15,7288.67
2026-05-06,^USLC,index,S&P 500,United States,,7289.16,7369.55,7273.66,7354.47
2026-05-07,^USLC,index,S&P 500,United States,,7354.17,7385.16,7320.55,7339.15
2026-05-08,^USLC,index,S&P 500,United States,,7339.86,7403.75,7339.86,7396.8
2026-05-11,^USLC,index,S&P 500,United States,,7379.27,7430.96,7373.26,7415.56
2026-05-12,^USLC,index,S&P 500,United States,,7415.3,7415.3,7340.25,7389.37
2026-05-13,^USLC,index,S&P 500,United States,,7388.87,7461.26,7376.05,7457.7
2026-05-14,^USLC,index,S&P 500,United States,,7457.45,7517.46,7448.45,7499.46
2026-05-15,^USLC,index,S&P 500,United States,,7499.55,7505.17,7388.66,7398.76
2026-05-18,^USLC,index,S&P 500,United States,,7390.75,7433.76,7353.56,7409.16
2026-05-19,^USLC,index,S&P 500,United States,,7409.66,7420.56,7334.2,7362.26
2026-05-20,^USLC,index,S&P 500,United States,,7361.7,7438.25,7336.55,7401.06
2026-05-21,^USLC,index,S&P 500,United States,,7400.95,7467.36,7389.85,7462.0
2026-05-22,^USLC,index,S&P 500,United States,,7462.46,7507.37,7452.15,7477.87
2026-05-25,^USLC,index,S&P 500,United States,,7521.77,7553.45,7519.2,7532.05
2026-05-26,^USLC,index,S&P 500,United States,,7532.36,7539.06,7501.06,7528.46
2026-05-27,^USLC,index,S&P 500,United States,,7528.27,7555.46,7499.57,7519.65
2026-05-28,^USLC,index,S&P 500,United States,,7519.15,7577.76,7491.15,7570.76
2026-05-29,^USLC,index,S&P 500,United States,,7570.46,7597.97,7558.26,7583.75
2026-06-01,^USLC,index,S&P 500,United States,,7592.96,7619.95,7563.86,7584.66
2026-06-02,^USLC,index,S&P 500,United States,,7584.35,7620.57,7565.1,7613.7
2026-06-03,^USLC,index,S&P 500,United States,,7614.26,7616.46,7518.36,7523.46
2026-06-04,^USLC,index,S&P 500,United States,,7522.96,7599.16,7513.6,7562.4
2026-06-05,^USLC,index,S&P 500,United States,,7562.67,7567.95,7354.55,7358.35
2026-06-08,^USLC,index,S&P 500,United States,,7390.76,7466.86,7374.76,7401.4
2026-06-09,^USLC,index,S&P 500,United States,,7401.26,7482.46,7239.06,7370.95
2026-06-10,^USLC,index,S&P 500,United States,,7371.96,7396.87,7224.46,7241.36
2026-06-11,^USLC,index,S&P 500,United States,,7241.86,7412.76,7237.96,7409.7
2026-06-12,^USLC,index,S&P 500,United States,,7409.26,7457.46,7362.16,7437.26
2026-06-15,^USLC,index,S&P 500,United States,,7490.66,7578.37,7488.1,7550.77
2026-06-16,^USLC,index,S&P 500,United States,,7550.66,7566.86,7508.25,7519.37
2026-06-17,^USLC,index,S&P 500,United States,,7519.56,7539.9,7403.06,7473.89
2026-06-18,^USLC,index,S&P 500,United States,,7474.13,7512.65,7462.56,7500.05
2026-06-19,^USLC,index,S&P 500,United States,,7499.85,7502.77,7451.86,7492.16
2026-06-22,^USLC,index,S&P 500,United States,,7450.65,7530.65,7449.16,7466.3
2026-06-23,^USLC,index,S&P 500,United States,,7465.85,7479.86,7349.64,7379.0
2026-06-24,^USLC,index,S&P 500,United States,,7378.88,7428.46,7337.76,7406.0
2026-06-25,^USLC,index,S&P 500,United States,,7406.66,7430.16,7323.26,7358.13
2026-06-26,^USLC,index,S&P 500,United States,,7358.26,7394.37,7292.96,7347.3
2026-06-29,^USLC,index,S&P 500,United States,,7382.85,7444.67,7346.68,7436.14
2026-06-30,^USLC,index,S&P 500,United States,,7434.46,7508.87,7422.64,7486.46
2026-07-01,^USLC,index,S&P 500,United States,,7486.6,7523.06,7449.36,7478.55
2026-07-02,^USLC,index,S&P 500,United States,,7477.76,7540.07,7427.47,7487.56
2026-07-03,^USLC,index,S&P 500,United States,,7487.7,7516.56,7478.8,7508.76
2026-07-06,^USLC,index,S&P 500,United States,,7521.56,7551.69,7489.6,7535.5
2026-07-07,^USLC,index,S&P 500,United States,,7530.12,7537.4,7478.44,7501.39
2026-07-08,^USLC,index,S&P 500,United States,,7493.2,7513.09,7419.2,7475.2
2026-07-09,^USLC,index,S&P 500,United States,,7470.69,7546.92,7468.4,7537.36
2026-07-10,^USLC,index,S&P 500,United States,,7539.54,7580.88,7505.4,7577.93
2026-07-13,^USLC,index,S&P 500,United States,,7562.83,7568.38,7500.35,7507.14
2026-07-14,^USLC,index,S&P 500,United States,,7515.46,7566.27,7485.1,7543.96
2026-07-15,^USLC,index,S&P 500,United States,,7546.17,7580.59,7526.37,7570.35
2026-07-16,^USLC,index,S&P 500,United States,,7572.36,7586.34,7502.88,7523.98
2026-07-17,^USLC,index,S&P 500,United States,,7529.51,7532.49,7428.42,7450.14
2026-07-20,^USLC,index,S&P 500,United States,,7452.95,7510.66,7435.69,7442.12
2026-07-21,^USLC,index,S&P 500,United States,,7442.71,7514.66,7433.96,7503.4
2026-07-22,^USLC,index,S&P 500,United States,,7505.62,7523.93,7465.72,7503.47
2026-07-23,^USLC,index,S&P 500,United States,,7496.03,7511.0,7373.3,7413.15
2026-07-24,^USLC,index,S&P 500,United States,,7412.96,7458.42,7393.85,7406.41
2026-07-27,^USLC,index,S&P 500,United States,,7467.05,7488.11,7380.01,7418.36
2026-07-28,^USLC,index,S&P 500,United States,,7419.62,7450.82,7382.55,7433.63
2026-07-29,^USLC,index,S&P 500,United States,,7434.38,7465.22,7289.47,7302.45
2026-07-30,^USLC,index,S&P 500,United States,,7311.99,7464.09,7311.14,7442.19
2026-07-31,^USLC,index,S&P 500,United States,,7442.19,7510.91,7397.85,7473.18
2026-08-03,^USLC,index,S&P 500,United States,,7525.95,7609.22,7514.67,7602.63
2026-08-04,^USLC,index,S&P 500,United States,,7605.48,7758.47,7602.15,7746.95
2026-08-05,^USLC,index,S&P 500,United States,,7748.05,7792.14,7717.88,7730.36
2026-08-06,^USLC,index,S&P 500,United States,,7731.71,7742.61,7696.39,7703.65
2026-08-07,^USLC,index,S&P 500,United States,,7705.79,7760.16,7698.87,7750.85
2026-08-10,^USLC,index,S&P 500,United States,,7750.5,7771.68,7738.44,7751.93
2026-08-11,^USLC,index,S&P 500,United States,,7757.29,7772.27,7715.98,7729.81
2026-08-12,^USLC,index,S&P 500,United States,,7732.07,7770.78,7726.0,7744.04
2026-08-13,^USLC,index,S&P 500,United States,,7746.99,7815.43,7741.68,7802.46
2026-08-14,^USLC,index,S&P 500,United States,,7802.45,7808.68,7773.89,7779.64
2026-08-17,^USLC,index,S&P 500,United States,,7786.65,7802.41,7741.31,7743.02
2026-08-18,^USLC,index,S&P 500,United States,,7746.67,7749.68,7689.67,7692.56
2026-08-19,^USLC,index,S&P 500,United States,,7693.59,7743.64,7677.32,7709.57
2026-08-20,^USLC,index,S&P 500,United States,,7711.97,7724.86,7636.85,7647.15
2026-08-21,^USLC,index,S&P 500,United States,,7650.28,7693.64,7641.18,7667.63
2026-08-24,^USLC,index,S&P 500,United States,,7674.53,7686.62,7638.44,7657.53
2026-08-25,^USLC,index,S&P 500,United States,,7660.07,7697.34,7643.82,7674.38
2026-08-26,^USLC,index,S&P 500,United States,,7679.04,7695.16,7655.85,7695.11
2026-08-27,^USLC,index,S&P 500,United States,,7715.12,7740.48,7688.23,7717.89
2026-08-28,^USLC,index,S&P 500,United States,,7721.43,7768.38,7697.87,7710.62
2026-08-31,^USLC,index,S&P 500,United States,,7704.7,7711.31,7663.36,7689.86
2026-09-01,^USLC,index,S&P 500,United States,,7690.37,7697.14,7610.58,7636.41
2026-09-02,^USLC,index,S&P 500,United States,,7634.81,7680.2,7608.14,7658.83
2026-09-03,^USLC,index,S&P 500,United States,,7663.1,7755.13,7650.36,7738.38
2026-09-04,^USLC,index,S&P 500,United States,,7742.66,7753.49,7700.97,7704.01
2026-09-07,^USLC,index,S&P 500,United States,,7717.05,7720.51,7695.7,7701.01
2026-09-08,^USLC,index,S&P 500,United States,,7704.15,7720.75,7664.52,7670.53
2026-09-09,^USLC,index,S&P 500,United States,,7671.07,7685.37,7622.89,7642.07
2026-09-10,^USLC,index,S&P 500,United States,,7642.59,7660.67,7579.92,7596.19
2026-09-11,^USLC,index,S&P 500,United States,,7597.83,7678.12,7588.94,7655.45
2026-09-14,^USLC,index,S&P 500,United States,,7618.88,7648.66,7590.14,7629.12
2026-09-15,^USLC,index,S&P 500,United States,,7626.63,7628.4,7571.12,7591.12
2026-09-16,^USLC,index,S&P 500,United States,,7590.61,7626.68,7503.33,7549.89
2026-09-17,^USLC,index,S&P 500,United States,,7551.4,7651.48,7547.06,7631.69
2026-09-18,^USLC,index,S&P 500,United States,,7633.77,7669.63,7605.6,7655.68
2026-09-21,^USLC,index,S&P 500,United States,,7651.7,7780.13,7646.86,7761.91
2026-09-22,^USLC,index,S&P 500,United States,,7762.84,7781.16,7743.59,7760.06
2026-09-23,^USLC,index,S&P 500,United States,,7766.26,7776.12,7692.19,7705.4
