company_code,company_name,market,start_date,end_date,isin_status,note
1101,台泥,上市,1962-02-09,,active,掛牌日期來源：ISIN
1102,亞泥,上市,1962-06-08,,active,掛牌日期來源：ISIN
1103,嘉泥,上市,1969-11-14,,active,掛牌日期來源：ISIN
1104,環泥,上市,1971-02-01,,active,掛牌日期來源：ISIN
1108,幸福,上市,1990-06-06,,active,掛牌日期來源：ISIN
1109,信大,上市,1991-12-05,,active,掛牌日期來源：ISIN
1110,東泥,上市,1994-10-22,,active,掛牌日期來源：ISIN
1201,味全,上市,1962-02-09,,active,掛牌日期來源：ISIN
1203,味王,上市,1964-08-24,,active,掛牌日期來源：ISIN
1210,大成,上市,1978-05-20,,active,掛牌日期來源：ISIN
1213,大飲,上市,1981-04-10,,active,掛牌日期來源：ISIN
1215,卜蜂,上市,1987-07-27,,active,掛牌日期來源：ISIN
1216,統一,上市,1987-12-28,,active,掛牌日期來源：ISIN
1217,愛之味,上市,1989-10-28,,active,掛牌日期來源：ISIN
1218,泰山,上市,1989-11-11,,active,掛牌日期來源：ISIN
1219,福壽,上市,1990-12-01,,active,掛牌日期來源：ISIN
1220,台榮,上市,1991-11-20,,active,掛牌日期來源：ISIN
1225,福懋油,上市,1993-09-27,,active,掛牌日期來源：ISIN
1227,佳格,上市,1994-04-09,,active,掛牌日期來源：ISIN
1229,聯華,上市,1976-07-19,,active,掛牌日期來源：ISIN
1231,聯華食,上市,1995-11-02,,active,掛牌日期來源：ISIN
1232,大統益,上市,1996-02-09,,active,掛牌日期來源：ISIN
1233,天仁,上市,1999-01-20,,active,掛牌日期來源：ISIN
1234,黑松,上市,1999-03-12,,active,掛牌日期來源：ISIN
1235,興泰,上市,2000-09-11,,active,掛牌日期來源：ISIN
1236,宏亞,上市,2001-09-17,,active,櫃轉市
1240,茂生農經,興櫃,2017-07-21,2018-08-08,inactive,終止日推定：次一市場start_date
1240,茂生農經,上櫃,2018-08-08,,active,掛牌日期來源：ISIN
1256,鮮活果汁-KY,上市,2016-03-17,,active,櫃轉市
1258,F-其祥,興櫃,2011-08-29,,inactive,未取得正式終止日期
1259,安心食品服務,興櫃,2011-01-26,2011-12-15,inactive,終止日推定：次一市場start_date
1259,安心,上櫃,2011-12-15,,active,掛牌日期來源：ISIN
1260,富味鄉,興櫃,2012-11-26,,active,
1262,綠悅-KY,上市,2014-01-16,,inactive,未取得正式終止日期
1264,德麥食品,興櫃,2014-02-25,2015-04-09,inactive,終止日推定：次一市場start_date
1264,德麥,上櫃,2015-04-09,,active,掛牌日期來源：ISIN
1268,漢來美食,興櫃,2015-12-24,2017-09-27,inactive,終止日推定：次一市場start_date
1268,漢來美食,上櫃,2017-09-27,,active,掛牌日期來源：ISIN
1269,乾杯,興櫃,2016-08-29,,active,
1271,晨暉生技,興櫃,2021-01-18,,active,
1293,利統,興櫃,2021-10-29,,active,
1294,漢田生技,興櫃,2022-09-30,2024-09-26,inactive,終止日推定：次一市場start_date
1294,漢田生技,上櫃,2024-09-26,,active,
1295,生合,興櫃,2023-12-13,2025-05-27,inactive,終止日推定：次一市場start_date
1295,生合,上櫃,2025-05-27,,active,
1301,台塑,上市,1964-07-27,,active,掛牌日期來源：ISIN
1303,南亞,上市,1967-11-05,,active,掛牌日期來源：ISIN
1304,台聚,上市,1972-05-20,,active,掛牌日期來源：ISIN
1305,華夏,上市,1973-03-05,,active,掛牌日期來源：ISIN
1307,三芳,上市,1985-11-23,,active,掛牌日期來源：ISIN
1308,亞聚,上市,1986-06-20,,active,掛牌日期來源：ISIN
1309,台達化,上市,1986-06-27,,active,掛牌日期來源：ISIN
1310,台苯,上市,1987-08-06,,active,掛牌日期來源：ISIN
1312,國喬,上市,1988-12-21,,active,掛牌日期來源：ISIN
1313,聯成,上市,1989-03-27,,active,掛牌日期來源：ISIN
1314,中石化,上市,1991-07-12,,active,掛牌日期來源：ISIN
1315,達新,上市,1992-05-09,,active,掛牌日期來源：ISIN
1316,上曜,上市,1992-10-15,,active,掛牌日期來源：ISIN
1319,東陽,上市,1994-12-12,,active,掛牌日期來源：ISIN
1321,大洋,上市,1999-01-26,,active,掛牌日期來源：ISIN
1323,永裕,上市,2000-09-11,,active,掛牌日期來源：ISIN
1324,地球,上市,2000-09-11,,active,掛牌日期來源：ISIN
1325,恆大,上市,2000-09-11,,active,掛牌日期來源：ISIN
1326,台化,上市,1984-12-20,,active,掛牌日期來源：ISIN
1336,台翰,上櫃,2007-11-02,,active,掛牌日期來源：ISIN
1337,KY亞塑,興櫃,2011-07-01,2011-08-17,inactive,終止日推定：次一市場start_date
1337,再生-KY,上市,2011-08-17,,active,
1338,F-廣華,興櫃,2010-10-13,2012-12-19,inactive,終止日推定：次一市場start_date
1338,廣華-KY,上市,2012-12-19,,active,
1339,昭輝實業,興櫃,2011-04-12,2012-04-24,inactive,終止日推定：次一市場start_date
1339,昭輝,上市,2012-04-24,,active,
1340,勝悅新材料,興櫃,2013-12-06,2014-01-14,inactive,終止日推定：次一市場start_date
1340,勝悅-KY,上市,2014-01-14,,active,
1341,富林-KY,上市,2018-12-24,,active,
1342,八貫,興櫃,2019-10-07,2020-11-24,inactive,終止日推定：次一市場start_date
1342,八貫,上市,2020-11-24,,active,
1343,旭東環保,興櫃,2021-03-25,,active,
1402,遠東新,上市,1967-04-14,,active,掛牌日期來源：ISIN
1409,新纖,上市,1973-08-31,,active,掛牌日期來源：ISIN
1410,南染,上市,1973-10-18,,active,掛牌日期來源：ISIN
1413,宏洲,上市,1975-12-23,,active,掛牌日期來源：ISIN
1414,東和,上市,1976-02-02,,active,掛牌日期來源：ISIN
1416,廣豐,上市,1976-04-20,,active,掛牌日期來源：ISIN
1417,嘉裕,上市,1976-12-28,,active,掛牌日期來源：ISIN
1418,東華,上市,1977-02-14,,active,掛牌日期來源：ISIN
1419,新紡,上市,1977-03-14,,active,掛牌日期來源：ISIN
1423,利華,上市,1979-04-02,,active,掛牌日期來源：ISIN
1432,大魯閣,上市,1982-07-26,,active,掛牌日期來源：ISIN
1434,福懋,上市,1985-12-24,,active,掛牌日期來源：ISIN
1435,中福,上市,1987-12-28,,active,掛牌日期來源：ISIN
1436,華友聯,上市,1988-04-11,,active,掛牌日期來源：ISIN
1437,勤益控,上市,1988-11-10,,active,掛牌日期來源：ISIN
1438,三地開發,上市,1988-12-15,,active,掛牌日期來源：ISIN
1439,雋揚,上市,1989-05-22,,active,掛牌日期來源：ISIN
1440,南紡,上市,1989-10-03,,active,掛牌日期來源：ISIN
1441,大東,上市,1989-10-27,,active,掛牌日期來源：ISIN
1442,名軒,上市,1989-11-16,,active,掛牌日期來源：ISIN
1443,立益物流,上市,1990-04-21,,active,掛牌日期來源：ISIN
1444,力麗,上市,1990-08-08,,active,掛牌日期來源：ISIN
1445,大宇,上市,1991-02-05,,active,掛牌日期來源：ISIN
1446,宏和,上市,1991-10-15,,active,掛牌日期來源：ISIN
1447,力鵬,上市,1992-01-28,,active,掛牌日期來源：ISIN
1449,佳和,上市,1992-03-12,,active,掛牌日期來源：ISIN
1451,年興,上市,1992-12-21,,active,掛牌日期來源：ISIN
1452,宏益,上市,1992-12-28,,active,掛牌日期來源：ISIN
1453,大將,上市,1993-04-19,,active,掛牌日期來源：ISIN
1454,台富,上市,1993-05-07,,active,掛牌日期來源：ISIN
1455,集盛,上市,1993-10-07,,active,掛牌日期來源：ISIN
1456,怡華,上市,1993-12-09,,active,掛牌日期來源：ISIN
1457,宜進,上市,1994-10-20,,active,掛牌日期來源：ISIN
1459,聯發,上市,1994-10-26,,active,掛牌日期來源：ISIN
1460,宏遠,上市,1995-04-28,,active,掛牌日期來源：ISIN
1463,強盛新,上市,1996-12-05,,active,掛牌日期來源：ISIN
1464,得力,上市,1997-01-18,,active,掛牌日期來源：ISIN
1465,偉全,上市,1997-09-08,,active,掛牌日期來源：ISIN
1466,聚隆,上市,1998-04-04,,active,掛牌日期來源：ISIN
1467,南緯,上市,1998-12-21,,active,掛牌日期來源：ISIN
1468,昶和,上市,1999-01-21,,active,掛牌日期來源：ISIN
1470,大統新創,上市,1999-05-21,,active,掛牌日期來源：ISIN
1471,首利,上市,2000-03-06,,active,掛牌日期來源：ISIN
1472,三洋實業,上市,2000-09-11,,active,掛牌日期來源：ISIN
1473,台南,上市,2000-09-11,,active,掛牌日期來源：ISIN
1474,弘裕,上市,2000-10-31,,active,掛牌日期來源：ISIN
1475,業旺,上市,2000-10-27,,active,掛牌日期來源：ISIN
1476,儒鴻,上市,2001-04-18,,active,
1477,聚陽,上市,2003-01-21,,active,
1480,東盟開發,興櫃,2023-10-27,,active,
1503,士電,上市,1969-12-15,,active,掛牌日期來源：ISIN
1504,東元,上市,1973-11-05,,active,掛牌日期來源：ISIN
1506,正道,上市,1980-08-11,,active,掛牌日期來源：ISIN
1512,瑞利,上市,1994-01-28,,active,掛牌日期來源：ISIN
1513,中興電,上市,1994-03-08,,active,掛牌日期來源：ISIN
1514,亞力,上市,1994-03-26,,active,掛牌日期來源：ISIN
1515,力山,上市,1995-02-04,,active,掛牌日期來源：ISIN
1516,川飛,上市,1995-04-01,,active,掛牌日期來源：ISIN
1517,利奇,上市,1995-11-14,,active,掛牌日期來源：ISIN
1519,華城,上市,1997-04-16,,active,掛牌日期來源：ISIN
1521,大億,上市,1997-10-06,,active,掛牌日期來源：ISIN
1522,堤維西,上市,1997-10-06,,active,掛牌日期來源：ISIN
1524,耿鼎,上市,1998-10-30,,active,掛牌日期來源：ISIN
1525,江申,上市,1999-05-15,,active,掛牌日期來源：ISIN
1526,日馳,上市,2000-03-27,,active,掛牌日期來源：ISIN
1527,鑽全,上市,2000-06-21,,active,掛牌日期來源：ISIN
1528,恩德,上市,2000-09-11,,active,掛牌日期來源：ISIN
1529,樂事綠能,上市,2000-09-11,,active,掛牌日期來源：ISIN
1530,亞崴,上市,2000-09-11,,active,掛牌日期來源：ISIN
1531,高林股,上市,2000-09-11,,active,掛牌日期來源：ISIN
1532,勤美,上市,2000-09-11,,active,掛牌日期來源：ISIN
1533,車王電,上市,2001-04-06,,active,
1534,新企,上市,2001-09-17,,inactive,櫃轉市；未取得正式終止日期
1535,中宇,上市,2001-09-17,,active,櫃轉市
1536,和大,上市,2001-09-17,,active,櫃轉市
1537,廣隆,上市,2002-01-22,,active,
1538,正峰,上市,2002-08-26,,active,櫃轉市
1539,巨庭,上市,2002-10-29,,active,櫃轉市
1540,喬福,上市,2002-08-26,,active,櫃轉市
1541,錩泰,上市,2003-03-19,,active,
1558,伸興,上市,2014-12-23,,active,櫃轉市
1560,中砂,上市,2005-01-31,,active,
1563,巧新科技工業股份有限公司,興櫃,2006-10-26,2024-05-13,inactive,終止日推定：次一市場start_date
1563,巧新,上市,2024-05-13,,active,
1565,精華,上櫃,2004-03-30,,active,掛牌日期來源：ISIN
1566,毅金工業股份有限公司,興櫃,2004-03-17,,inactive,未取得正式終止日期
1568,倉佑實業股份有限公司,興櫃,2004-06-21,2014-05-14,inactive,終止日推定：次一市場start_date
1568,倉佑,上市,2014-05-14,,active,
1569,濱川,上櫃,2005-07-29,,active,掛牌日期來源：ISIN
1570,力肯,上櫃,2005-06-30,,active,掛牌日期來源：ISIN
1577,立格鋁業股份有限公司,興櫃,2005-01-31,,inactive,未取得正式終止日期
1580,新麥企業,興櫃,2006-11-14,2007-12-10,inactive,終止日推定：次一市場start_date
1580,新麥,上櫃,2007-12-10,,active,掛牌日期來源：ISIN
1582,信錦,上市,2009-12-17,,active,櫃轉市
1583,程泰機械,興櫃,2006-12-27,2008-01-24,inactive,終止日推定：次一市場start_date
1583,程泰,上市,2008-01-24,,active,
1584,精剛精密,興櫃,2006-12-14,2007-11-28,inactive,終止日推定：次一市場start_date
1584,精剛,上櫃,2007-11-28,,active,掛牌日期來源：ISIN
1585,鎧鉅科技,興櫃,2007-05-02,,inactive,未取得正式終止日期
1586,和勤精機,興櫃,2009-11-27,2012-01-09,inactive,終止日推定：次一市場start_date
1586,和勤,上櫃,2012-01-09,,active,掛牌日期來源：ISIN
1587,吉茂精密,興櫃,2010-11-03,2018-04-16,inactive,終止日推定：次一市場start_date
1587,吉茂,上市,2018-04-16,,active,
1589,永冠-KY,上市,2012-04-27,,active,
1590,亞德客-KY,上市,2010-12-13,,active,
1591,F-駿吉,興櫃,2010-04-09,2012-03-23,inactive,終止日推定：次一市場start_date
1591,駿吉-KY,上櫃,2012-03-23,,active,掛牌日期來源：ISIN
1592,英瑞-KY,上市,2014-10-16,,inactive,未取得正式終止日期
1593,祺驊,興櫃,2010-09-09,2012-06-13,inactive,終止日推定：次一市場start_date
1593,祺驊,上櫃,2012-06-13,,active,掛牌日期來源：ISIN
1594,日高,興櫃,2010-10-13,,active,
1595,川寶科技,興櫃,2010-10-25,2011-10-04,inactive,終止日推定：次一市場start_date
1595,川寶,上櫃,2011-10-04,,active,掛牌日期來源：ISIN
1597,直得科技,興櫃,2011-03-10,2020-12-23,inactive,終止日推定：次一市場start_date
1597,直得,上市,2020-12-23,,active,櫃轉市
1598,岱宇國際,興櫃,2011-10-24,2016-09-20,inactive,終止日推定：次一市場start_date
1598,岱宇,上市,2016-09-20,,active,
1599,宏佳騰動力科技,興櫃,2011-10-05,2012-12-25,inactive,終止日推定：次一市場start_date
1599,宏佳騰,上櫃,2012-12-25,,active,掛牌日期來源：ISIN
1603,華電,上市,1968-06-03,,active,掛牌日期來源：ISIN
1604,聲寶,上市,1970-12-14,,active,掛牌日期來源：ISIN
1605,華新,上市,1972-11-03,,active,掛牌日期來源：ISIN
1608,華榮,上市,1988-07-11,,active,掛牌日期來源：ISIN
1609,大亞,上市,1988-12-12,,active,掛牌日期來源：ISIN
1611,中電,上市,1990-01-16,,active,掛牌日期來源：ISIN
1612,宏泰,上市,1993-05-08,,active,掛牌日期來源：ISIN
1614,三洋電,上市,1997-09-18,,active,掛牌日期來源：ISIN
1615,大山,上市,2000-03-30,,active,掛牌日期來源：ISIN
1616,億泰,上市,2000-09-11,,active,掛牌日期來源：ISIN
1617,榮星,上市,2000-09-11,,active,掛牌日期來源：ISIN
1618,合機,上市,2000-09-11,,active,掛牌日期來源：ISIN
1623,大東電,興櫃,2024-05-28,2026-01-22,inactive,終止日推定：次一市場start_date
1623,大東電,上市,2026-01-22,,active,
1626,F-艾美,興櫃,2012-10-02,2013-03-21,inactive,終止日推定：次一市場start_date
1626,艾美特-KY,上市,2013-03-21,,active,
1702,南僑,上市,1973-05-30,,active,掛牌日期來源：ISIN
1707,葡萄王,上市,1982-12-20,,active,掛牌日期來源：ISIN
1708,東鹼,上市,1986-06-16,,active,掛牌日期來源：ISIN
1709,和益,上市,1986-07-03,,active,掛牌日期來源：ISIN
1710,東聯,上市,1987-10-21,,active,掛牌日期來源：ISIN
1711,永光,上市,1988-12-27,,active,掛牌日期來源：ISIN
1712,興農,上市,1989-12-14,,active,掛牌日期來源：ISIN
1713,國化,上市,1990-01-31,,active,掛牌日期來源：ISIN
1714,和桐,上市,1991-08-30,,active,掛牌日期來源：ISIN
1717,長興,上市,1994-03-31,,active,掛牌日期來源：ISIN
1718,中纖,上市,1963-12-02,,active,掛牌日期來源：ISIN
1720,生達,上市,1995-12-12,,active,掛牌日期來源：ISIN
1721,國慶科技,上市,1996-05-16,,active,掛牌日期來源：ISIN
1722,台肥,上市,1998-03-24,,active,掛牌日期來源：ISIN
1723,中碳,上市,1998-11-27,,active,掛牌日期來源：ISIN
1725,元禎,上市,2000-09-11,,active,掛牌日期來源：ISIN
1726,永記,上市,2000-09-11,,active,掛牌日期來源：ISIN
1727,中華化,上市,2000-09-11,,active,掛牌日期來源：ISIN
1729,必翔,上市,2001-03-21,,inactive,未取得正式終止日期
1730,花仙子,上市,2001-09-17,,active,櫃轉市
1731,美吾華,上市,2001-09-17,,active,櫃轉市
1732,毛寶,上市,2001-09-17,,active,櫃轉市
1733,五鼎,上市,2001-09-17,,active,櫃轉市
1734,杏輝,上市,2002-08-26,,active,櫃轉市
1735,日勝化,上市,2002-08-26,,active,櫃轉市
1736,喬山,上市,2003-01-09,,active,
1737,臺鹽,上市,2003-11-18,,active,
1742,台蠟,上櫃,2004-05-14,,active,掛牌日期來源：ISIN
1752,南光化學製藥股份有限公司,興櫃,2005-06-10,2022-01-19,inactive,終止日推定：次一市場start_date
1752,南光,上市,2022-01-19,,active,櫃轉市
1757,國慶化學,興櫃,2009-10-22,,inactive,未取得正式終止日期
1760,寶齡富錦,興櫃,2004-06-14,2018-01-23,inactive,終止日推定：次一市場start_date
1760,寶齡富錦,上市,2018-01-23,,active,
1762,中化合成生技,興櫃,2009-12-10,2010-12-20,inactive,終止日推定：次一市場start_date
1762,中化生,上市,2010-12-20,,active,
1773,勝一化工,興櫃,2008-01-28,2009-02-27,inactive,終止日推定：次一市場start_date
1773,勝一,上市,2009-02-27,,active,
1776,展宇科技材料股份有限公司,興櫃,2004-03-29,2016-05-09,inactive,終止日推定：次一市場start_date
1776,展宇,上市,2016-05-09,,active,
1777,生泰,上櫃,2005-10-19,,active,掛牌日期來源：ISIN
1780,立弘生化科技,興櫃,2010-04-29,2026-06-17,inactive,終止日推定：次一市場start_date
1780,立弘,上櫃,2026-06-17,,active,
1781,合世,上櫃,2004-12-24,,active,掛牌日期來源：ISIN
1783,和康生物科技,興櫃,2011-05-18,2013-12-20,inactive,終止日推定：次一市場start_date
1783,和康生,上市,2013-12-20,,active,科技事業
1784,訊聯,上櫃,2007-07-26,,active,掛牌日期來源：ISIN
1785,光洋科,上櫃,2005-01-31,,active,掛牌日期來源：ISIN
1786,科妍生物科技,興櫃,2010-12-29,2013-11-12,inactive,終止日推定：次一市場start_date
1786,科妍,上市,2013-11-12,,active,科技事業
1788,杏昌生技股份有限公司,興櫃,2004-09-10,2009-07-20,inactive,終止日推定：次一市場start_date
1788,杏昌,上櫃,2009-07-20,,active,掛牌日期來源：ISIN
1789,台灣神隆,興櫃,2010-10-29,2011-09-29,inactive,終止日推定：次一市場start_date
1789,神隆,上市,2011-09-29,,active,
1795,美時化學製藥股份有限公司,興櫃,2004-12-13,2019-12-16,inactive,終止日推定：次一市場start_date
1795,美時,上市,2019-12-16,,active,櫃轉市
1796,金穎生物科技,興櫃,2016-07-26,2018-01-22,inactive,終止日推定：次一市場start_date
1796,金穎生技,上櫃,2018-01-22,,active,掛牌日期來源：ISIN
1799,紅電醫學,興櫃,2007-02-08,2008-11-10,inactive,終止日推定：次一市場start_date
1799,易威,上櫃,2008-11-10,,active,掛牌日期來源：ISIN
1802,台玻,上市,1973-07-20,,active,掛牌日期來源：ISIN
1805,寶徠,上市,1989-10-20,,active,掛牌日期來源：ISIN
1806,冠軍,上市,1992-09-29,,active,掛牌日期來源：ISIN
1808,潤隆,上市,1994-10-26,,active,掛牌日期來源：ISIN
1809,中釉,上市,1996-04-30,,active,掛牌日期來源：ISIN
1810,和成,上市,1991-10-14,,active,掛牌日期來源：ISIN
1813,寶利徠光學科技,興櫃,2007-11-16,2009-08-04,inactive,終止日推定：次一市場start_date
1813,寶利徠,上櫃,2009-08-04,,active,掛牌日期來源：ISIN
1814,東聯光訊玻璃股份有限公司,興櫃,2003-10-07,,inactive,未取得正式終止日期
1815,富喬,上櫃,2006-01-23,,active,掛牌日期來源：ISIN
1816,富元精密鍍膜,興櫃,2011-01-27,,inactive,未取得正式終止日期
1817,凱撒衛浴,興櫃,2011-08-22,2013-10-24,inactive,終止日推定：次一市場start_date
1817,凱撒衛,上市,2013-10-24,,active,
1818,願景國際事業,興櫃,2014-11-19,,inactive,未取得正式終止日期
1819,豐鼎光波奈米科技,興櫃,2015-06-24,,inactive,未取得正式終止日期
1903,士紙,上市,1963-12-09,,active,掛牌日期來源：ISIN
1904,正隆,上市,1971-09-10,,active,掛牌日期來源：ISIN
1905,華紙,上市,1975-02-07,,active,掛牌日期來源：ISIN
1906,寶隆,上市,1976-04-26,,active,掛牌日期來源：ISIN
1907,永豐餘,上市,1977-02-22,,active,掛牌日期來源：ISIN
1909,榮成,上市,1985-11-19,,active,掛牌日期來源：ISIN
2002,中鋼,上市,1974-12-26,,active,掛牌日期來源：ISIN
2006,東和鋼鐵,上市,1988-07-13,,active,掛牌日期來源：ISIN
2007,燁興,上市,1988-10-04,,active,掛牌日期來源：ISIN
2008,高興昌,上市,1988-12-28,,active,掛牌日期來源：ISIN
2009,第一銅,上市,1989-10-20,,active,掛牌日期來源：ISIN
2010,春源,上市,1989-12-22,,active,掛牌日期來源：ISIN
2012,春雨,上市,1991-10-17,,active,掛牌日期來源：ISIN
2013,中鋼構,上市,1992-01-21,,active,掛牌日期來源：ISIN
2014,中鴻,上市,1992-02-20,,active,掛牌日期來源：ISIN
2015,豐興,上市,1992-05-25,,active,掛牌日期來源：ISIN
2017,官田鋼,上市,1992-11-02,,active,掛牌日期來源：ISIN
2020,美亞,上市,1993-04-27,,active,掛牌日期來源：ISIN
2022,聚亨,上市,1995-03-27,,active,掛牌日期來源：ISIN
2023,燁輝,上市,1995-07-28,,active,掛牌日期來源：ISIN
2024,志聯,上市,1995-12-30,,active,掛牌日期來源：ISIN
2025,千興,上市,1996-02-08,,active,掛牌日期來源：ISIN
2027,大成鋼,上市,1996-10-24,,active,掛牌日期來源：ISIN
2028,威致,上市,1996-12-13,,active,掛牌日期來源：ISIN
2029,盛餘,上市,1997-01-11,,active,掛牌日期來源：ISIN
2030,彰源,上市,1998-12-24,,active,掛牌日期來源：ISIN
2031,新光鋼,上市,2000-09-11,,active,掛牌日期來源：ISIN
2032,新鋼,上市,2000-09-11,,active,掛牌日期來源：ISIN
2033,佳大,上市,2000-09-11,,active,掛牌日期來源：ISIN
2034,允強,上市,2001-09-17,,active,櫃轉市
2035,唐榮,上櫃,2006-07-07,,active,掛牌日期來源：ISIN
2038,海光企業,興櫃,2007-09-27,2008-12-30,inactive,終止日推定：次一市場start_date
2038,海光,上市,2008-12-30,,active,
2049,上銀科技,興櫃,2007-06-20,2009-06-26,inactive,終止日推定：次一市場start_date
2049,上銀,上市,2009-06-26,,active,
2056,璋釔鋼鐵廠股份有限公司,興櫃,2004-08-11,,inactive,未取得正式終止日期
2059,川湖,上市,2008-06-25,,active,櫃轉市
2061,風青實業股份有限公司,興櫃,2005-03-07,2010-12-09,inactive,終止日推定：次一市場start_date
2061,風青,上櫃,2010-12-09,,active,掛牌日期來源：ISIN
2062,橋樁金屬,興櫃,2006-12-14,2007-11-16,inactive,終止日推定：次一市場start_date
2062,橋椿,上市,2007-11-16,,active,
2063,世鎧精密,興櫃,2009-04-28,2010-09-07,inactive,終止日推定：次一市場start_date
2063,世鎧,上櫃,2010-09-07,,active,掛牌日期來源：ISIN
2064,晉椿工業,興櫃,2011-10-21,2014-12-26,inactive,終止日推定：次一市場start_date
2064,晉椿,上櫃,2014-12-26,,active,掛牌日期來源：ISIN
2065,世豐螺絲廠,興櫃,2012-01-11,2016-03-17,inactive,終止日推定：次一市場start_date
2065,世豐螺絲,興櫃,2016-03-17,2017-04-21,inactive,終止日推定：次一市場start_date
2065,世豐,上櫃,2017-04-21,,active,掛牌日期來源：ISIN
2066,世德工業,興櫃,2011-11-01,2013-09-24,inactive,終止日推定：次一市場start_date
2066,世德,上櫃,2013-09-24,,active,掛牌日期來源：ISIN
2067,嘉義鋼鐵,興櫃,2012-11-05,2014-05-26,inactive,終止日推定：次一市場start_date
2067,嘉鋼,上櫃,2014-05-26,,active,掛牌日期來源：ISIN
2069,運錩鋼鐵,興櫃,2015-02-05,2016-03-22,inactive,終止日推定：次一市場start_date
2069,運錩,上市,2016-03-22,,active,
2070,精湛光學科技,興櫃,2016-04-06,2018-12-17,inactive,終止日推定：次一市場start_date
2070,精湛,上櫃,2018-12-17,,active,掛牌日期來源：ISIN
2071,震南鐵,興櫃,2019-09-23,,active,
2072,世紀風電,興櫃,2020-11-30,2026-03-26,inactive,終止日推定：次一市場start_date
2072,世紀風電,上市,2026-03-26,,active,
2073,雄順,興櫃,2021-09-23,2023-06-21,inactive,終止日推定：次一市場start_date
2073,雄順,上櫃,2023-06-21,,active,
2101,南港,上市,1963-11-01,,active,掛牌日期來源：ISIN
2102,泰豐,上市,1979-07-16,,active,掛牌日期來源：ISIN
2103,台橡,上市,1982-09-25,,active,掛牌日期來源：ISIN
2104,國際中橡,上市,1986-07-15,,active,掛牌日期來源：ISIN
2105,正新,上市,1987-12-07,,active,掛牌日期來源：ISIN
2106,建大,上市,1990-12-20,,active,掛牌日期來源：ISIN
2107,厚生,上市,1992-03-03,,active,掛牌日期來源：ISIN
2108,南帝,上市,1992-10-27,,active,掛牌日期來源：ISIN
2109,華豐,上市,2000-05-08,,active,掛牌日期來源：ISIN
2114,鑫永銓,上市,2010-12-29,,active,櫃轉市
2115,六暉-KY,上市,2013-12-25,,active,
2201,裕隆,上市,1976-07-08,,active,掛牌日期來源：ISIN
2204,中華,上市,1991-03-12,,active,掛牌日期來源：ISIN
2206,三陽工業,上市,1996-07-29,,active,掛牌日期來源：ISIN
2207,和泰車,上市,1997-02-25,,active,掛牌日期來源：ISIN
2208,台船,上市,2008-12-22,,active,
2211,長榮鋼,興櫃,2020-01-13,2021-04-12,inactive,終止日推定：次一市場start_date
2211,長榮鋼,上市,2021-04-12,,active,
2221,大甲,上櫃,2007-08-01,,active,掛牌日期來源：ISIN
2227,裕日車,上市,2004-12-21,,active,
2228,劍麟,興櫃,2012-10-15,2013-11-25,inactive,終止日推定：次一市場start_date
2228,劍麟,上市,2013-11-25,,active,
2229,富海工業股份有限公司,興櫃,2005-09-06,,inactive,未取得正式終止日期
2230,泰茂實業,興櫃,2007-10-29,2013-04-18,inactive,終止日推定：次一市場start_date
2230,泰茂,上櫃,2013-04-18,,active,掛牌日期來源：ISIN
2231,為升電裝工業,興櫃,2007-11-21,2010-11-19,inactive,終止日推定：次一市場start_date
2231,為升,上市,2010-11-19,,active,櫃轉市
2233,宇隆科技,興櫃,2010-10-25,2019-09-17,inactive,終止日推定：次一市場start_date
2233,宇隆,上市,2019-09-17,,active,櫃轉市
2235,謚源實業,興櫃,2011-05-12,2014-12-15,inactive,終止日推定：次一市場start_date
2235,謚源,上櫃,2014-12-15,,active,掛牌日期來源：ISIN
2236,百達-KY,上市,2015-06-03,,active,
2237,華德動能科技,興櫃,2014-12-23,2026-08-10,inactive,終止日推定：次一市場start_date
2237,華德動能-創,上市,2026-08-10,,active,創新板；ISIN市場別：創新板
2239,開曼英利工業,興櫃,2015-09-15,2016-01-27,inactive,終止日推定：次一市場start_date
2239,英利-KY,上市,2016-01-27,,active,
2241,艾姆勒車電,興櫃,2016-03-10,2020-08-26,inactive,終止日推定：次一市場start_date
2241,艾姆勒,上市,2020-08-26,,active,
2243,宏旭-KY,上市,2017-09-27,,active,
2245,詠勝昌*,興櫃,2016-12-15,,active,
2246,凱勝綠能,興櫃,2017-08-11,,inactive,未取得正式終止日期
2247,汎德永業,興櫃,2017-10-31,2020-10-12,inactive,終止日推定：次一市場start_date
2247,汎德永業,上市,2020-10-12,,active,
2248,華勝-KY,興櫃,2018-09-11,2025-03-13,inactive,終止日推定：次一市場start_date
2248,華勝-KY,上市,2025-03-13,,active,
2249,湧盛,興櫃,2019-12-19,,active,
2250,IKKA-KY,上市,2021-05-31,,active,
2252,為昇科,興櫃,2021-08-23,,active,
2254,巨鎧精密,興櫃,2021-11-26,2023-10-20,inactive,終止日推定：次一市場start_date
2254,巨鎧精密-創,上市,2023-10-20,,active,創新板；ISIN市場別：創新板
2255,凱銳光電,興櫃,2021-11-30,,active,
2256,歐特明,興櫃,2021-12-08,,active,
2258,鴻華先進-創,上市,2023-11-20,,active,創新板；ISIN市場別：創新板
2301,光寶科,上市,1995-11-17,,active,掛牌日期來源：ISIN
2302,麗正,上市,1985-01-15,,active,掛牌日期來源：ISIN
2303,聯電,上市,1985-07-16,,active,掛牌日期來源：ISIN
2305,全友,上市,1988-10-21,,active,掛牌日期來源：ISIN
2308,台達電,上市,1988-12-19,,active,掛牌日期來源：ISIN
2312,金寶,上市,1989-11-07,,active,掛牌日期來源：ISIN
2313,華通,上市,1990-07-24,,active,掛牌日期來源：ISIN
2314,台揚,上市,1990-08-08,,active,掛牌日期來源：ISIN
2316,楠梓電,上市,1991-02-05,,active,掛牌日期來源：ISIN
2317,鴻海,上市,1991-06-18,,active,掛牌日期來源：ISIN
2321,東訊,上市,1991-11-08,,active,掛牌日期來源：ISIN
2323,中環,上市,1992-02-17,,active,掛牌日期來源：ISIN
2324,仁寶,上市,1992-02-18,,active,掛牌日期來源：ISIN
2327,國巨*,上市,1993-10-22,,active,掛牌日期來源：ISIN
2328,廣宇,上市,1993-11-09,,active,掛牌日期來源：ISIN
2329,華泰,上市,1994-04-20,,active,掛牌日期來源：ISIN
2330,台積電,上市,1994-09-05,,active,掛牌日期來源：ISIN
2331,精英,上市,1994-09-21,,active,掛牌日期來源：ISIN
2332,友訊,上市,1994-10-17,,active,掛牌日期來源：ISIN
2337,旺宏,上市,1995-03-15,,active,掛牌日期來源：ISIN
2338,光罩,上市,1995-04-17,,active,掛牌日期來源：ISIN
2340,台亞,上市,1995-05-02,,active,掛牌日期來源：ISIN
2342,茂矽,上市,1995-09-19,,active,掛牌日期來源：ISIN
2344,華邦電,上市,1995-10-18,,active,掛牌日期來源：ISIN
2345,智邦,上市,1995-11-15,,active,掛牌日期來源：ISIN
2347,聯強,上市,1995-12-13,,active,掛牌日期來源：ISIN
2348,海悅,上市,1996-01-05,,active,掛牌日期來源：ISIN
2349,錸德,上市,1996-04-23,,active,掛牌日期來源：ISIN
2351,順德,上市,1996-04-25,,active,掛牌日期來源：ISIN
2352,佳世達,上市,1996-07-22,,active,掛牌日期來源：ISIN
2353,宏碁,上市,1996-09-18,,active,掛牌日期來源：ISIN
2354,鴻準,上市,1996-10-08,,active,掛牌日期來源：ISIN
2355,敬鵬,上市,1996-10-14,,active,掛牌日期來源：ISIN
2356,英業達,上市,1996-11-13,,active,掛牌日期來源：ISIN
2357,華碩,上市,1996-11-14,,active,掛牌日期來源：ISIN
2359,所羅門,上市,1996-12-19,,active,掛牌日期來源：ISIN
2360,致茂,上市,1996-12-21,,active,掛牌日期來源：ISIN
2362,藍天,上市,1997-04-02,,active,掛牌日期來源：ISIN
2363,矽統,上市,1997-08-01,,active,掛牌日期來源：ISIN
2364,倫飛,上市,1997-08-11,,active,掛牌日期來源：ISIN
2365,昆盈,上市,1997-11-03,,active,掛牌日期來源：ISIN
2367,燿華,上市,1997-12-13,,active,掛牌日期來源：ISIN
2368,金像電,上市,1998-03-09,,active,掛牌日期來源：ISIN
2369,菱生,上市,1998-04-10,,active,掛牌日期來源：ISIN
2371,大同,上市,1962-02-09,,active,掛牌日期來源：ISIN
2373,震旦行,上市,1991-08-01,,active,掛牌日期來源：ISIN
2374,佳能,上市,1995-01-16,,active,掛牌日期來源：ISIN
2375,凱美,上市,1998-08-29,,active,掛牌日期來源：ISIN
2376,技嘉,上市,1998-09-24,,active,掛牌日期來源：ISIN
2377,微星,上市,1998-10-31,,active,掛牌日期來源：ISIN
2379,瑞昱,上市,1998-10-26,,active,掛牌日期來源：ISIN
2380,虹光,上市,1998-12-03,,active,掛牌日期來源：ISIN
2382,廣達,上市,1999-01-08,,active,掛牌日期來源：ISIN
2383,台光電,上市,1998-11-27,,active,掛牌日期來源：ISIN
2385,群光,上市,1999-01-05,,active,掛牌日期來源：ISIN
2387,精元,上市,1999-01-25,,active,掛牌日期來源：ISIN
2388,威盛,上市,1999-03-05,,active,掛牌日期來源：ISIN
2390,云辰,上市,1999-06-15,,active,掛牌日期來源：ISIN
2392,正崴,上市,1999-09-20,,active,掛牌日期來源：ISIN
2393,億光,上市,1999-11-04,,active,掛牌日期來源：ISIN
2395,研華,上市,1999-12-13,,active,掛牌日期來源：ISIN
2397,友通,上市,2000-01-15,,active,掛牌日期來源：ISIN
2399,映泰,上市,1999-12-16,,active,掛牌日期來源：ISIN
2401,凌陽,上市,2000-01-27,,active,掛牌日期來源：ISIN
2402,毅嘉,上市,2000-01-14,,active,掛牌日期來源：ISIN
2404,漢唐,上市,2000-03-14,,active,掛牌日期來源：ISIN
2405,輔信,上市,2000-03-17,,active,掛牌日期來源：ISIN
2406,國碩,上市,2000-04-29,,active,掛牌日期來源：ISIN
2408,南亞科,上市,2000-08-17,,active,掛牌日期來源：ISIN
2409,友達,上市,2000-09-08,,active,掛牌日期來源：ISIN
2412,中華電,上市,2000-10-27,,active,掛牌日期來源：ISIN
2413,環科,上市,2000-09-11,,active,掛牌日期來源：ISIN
2414,精技,上市,2000-09-11,,active,掛牌日期來源：ISIN
2415,錩新,上市,2000-09-11,,active,掛牌日期來源：ISIN
2417,圓剛,上市,2000-09-11,,active,掛牌日期來源：ISIN
2419,仲琦,上市,2000-09-11,,active,掛牌日期來源：ISIN
2420,新巨,上市,2000-09-11,,active,掛牌日期來源：ISIN
2421,建準,上市,2000-09-11,,active,掛牌日期來源：ISIN
2423,固緯,上市,2000-09-11,,active,掛牌日期來源：ISIN
2424,隴華,上市,2000-09-11,,active,掛牌日期來源：ISIN
2425,承啟,上市,2000-09-11,,active,掛牌日期來源：ISIN
2426,鼎元,上市,2000-09-11,,active,掛牌日期來源：ISIN
2427,三商電,上市,2000-09-11,,active,掛牌日期來源：ISIN
2428,興勤,上市,2000-09-11,,active,掛牌日期來源：ISIN
2429,銘旺科,上市,2000-09-11,,active,掛牌日期來源：ISIN
2430,燦坤,上市,2000-09-11,,active,掛牌日期來源：ISIN
2431,聯昌,上市,2000-09-11,,active,掛牌日期來源：ISIN
2432,倚天酷碁-創,上市,2023-05-31,,active,創新板；ISIN市場別：創新板
2433,互盛電,上市,2000-09-11,,active,掛牌日期來源：ISIN
2434,統懋,上市,2000-09-11,,active,掛牌日期來源：ISIN
2436,偉詮電,上市,2000-09-11,,active,掛牌日期來源：ISIN
2438,翔耀,上市,2000-09-11,,active,掛牌日期來源：ISIN
2439,美律,上市,2000-09-11,,active,掛牌日期來源：ISIN
2440,太空梭,上市,2000-11-10,,active,掛牌日期來源：ISIN
2441,超豐,上市,2000-10-26,,active,掛牌日期來源：ISIN
2442,新美齊,上市,2000-11-22,,active,掛牌日期來源：ISIN
2443,利碟,上市,2001-01-03,,inactive,未取得正式終止日期
2444,兆勁,上市,2000-12-08,,active,掛牌日期來源：ISIN
2445,南方,上市,2001-04-02,,inactive,未取得正式終止日期
2446,全懋,上市,2001-06-13,,inactive,未取得正式終止日期
2447,鼎新,上市,2001-04-09,,inactive,未取得正式終止日期
2448,晶電,上市,2001-05-25,,inactive,未取得正式終止日期
2449,京元電子,上市,2001-05-09,,active,
2450,神腦,上市,2001-05-24,,active,
2451,創見,上市,2001-05-03,,active,
2452,乾坤,上市,2001-05-31,,inactive,未取得正式終止日期
2453,凌群,上市,2001-05-22,,active,
2454,聯發科,上市,2001-07-23,,active,
2455,全新,上市,2002-01-24,,active,
2456,奇力新,上市,2001-09-26,,inactive,未取得正式終止日期
2457,飛宏,上市,2001-09-17,,active,櫃轉市
2458,義隆,上市,2001-09-17,,active,櫃轉市
2459,敦吉,上市,2001-09-17,,active,櫃轉市
2460,建通,上市,2001-09-17,,active,櫃轉市
2461,光群雷,上市,2001-09-17,,active,櫃轉市
2462,良得電,上市,2001-09-17,,active,櫃轉市
2463,研揚,上市,2001-09-17,,inactive,櫃轉市；未取得正式終止日期
2464,盟立,上市,2001-09-17,,active,櫃轉市
2465,麗臺,上市,2001-09-17,,active,櫃轉市
2466,冠西電,上市,2001-09-17,,active,櫃轉市
2467,志聖,上市,2001-09-17,,active,櫃轉市
2468,華經,上市,2001-09-17,,active,櫃轉市
2469,力信,上市,2001-09-17,,inactive,櫃轉市；未取得正式終止日期
2470,品佳,上市,2001-09-17,,inactive,櫃轉市；未取得正式終止日期
2471,資通,上市,2001-09-17,,active,櫃轉市
2472,立隆電,上市,2001-09-17,,active,櫃轉市
2473,思源,上市,2001-09-17,,inactive,櫃轉市；未取得正式終止日期
2474,可成,上市,2001-09-17,,active,櫃轉市
2475,華映,上市,2001-09-17,,inactive,櫃轉市；未取得正式終止日期
2476,鉅祥,上市,2001-09-17,,active,櫃轉市
2477,美隆電,上市,2001-09-17,,active,櫃轉市
2478,大毅,上市,2001-09-17,,active,櫃轉市
2479,和立,上市,2001-09-17,,inactive,櫃轉市；未取得正式終止日期
2480,敦陽科,上市,2001-09-17,,active,櫃轉市
2481,強茂,上市,2001-09-17,,active,櫃轉市
2482,連宇,上市,2001-09-17,,active,櫃轉市
2483,百容,上市,2001-09-17,,active,櫃轉市
2484,希華,上市,2001-09-17,,active,櫃轉市
2485,兆赫,上市,2001-09-17,,active,櫃轉市
2486,一詮,上市,2001-09-17,,active,櫃轉市
2487,友立資,上市,2001-09-17,,inactive,櫃轉市；未取得正式終止日期
2488,漢平,上市,2001-09-17,,active,櫃轉市
2489,瑞軒,上市,2001-09-17,,active,櫃轉市
2490,皇統,上市,2001-09-17,,inactive,櫃轉市；未取得正式終止日期
2491,吉祥全,上市,2001-09-17,,active,櫃轉市
2492,華新科,上市,2001-09-17,,active,櫃轉市
2493,揚博,上市,2002-01-23,,active,
2494,突破,上市,2002-01-02,,inactive,未取得正式終止日期
2495,普安,上市,2002-03-25,,active,
2496,卓越,上市,2002-03-08,,active,
2497,怡利電,上市,2002-02-04,,active,
2498,宏達電,上市,2002-03-26,,active,
2499,東貝,上市,2002-02-19,,inactive,未取得正式終止日期
2501,國建,上市,1967-10-28,,active,掛牌日期來源：ISIN
2504,國產,上市,1978-03-14,,active,掛牌日期來源：ISIN
2505,國揚,上市,1979-11-14,,active,掛牌日期來源：ISIN
2506,太設,上市,1980-02-02,,active,掛牌日期來源：ISIN
2509,全坤建,上市,1988-05-20,,active,掛牌日期來源：ISIN
2511,太子,上市,1991-04-24,,active,掛牌日期來源：ISIN
2514,龍邦,上市,1992-09-26,,active,掛牌日期來源：ISIN
2515,中工,上市,1993-03-02,,active,掛牌日期來源：ISIN
2516,新建,上市,1993-05-25,,active,掛牌日期來源：ISIN
2520,冠德,上市,1993-10-27,,active,掛牌日期來源：ISIN
2524,京城,上市,1994-10-18,,active,掛牌日期來源：ISIN
2527,宏璟,上市,1995-03-06,,active,掛牌日期來源：ISIN
2528,皇普,上市,1995-03-10,,active,掛牌日期來源：ISIN
2530,華建,上市,1995-10-12,,active,掛牌日期來源：ISIN
2534,宏盛,上市,1996-02-12,,active,掛牌日期來源：ISIN
2535,達欣工,上市,1996-03-11,,active,掛牌日期來源：ISIN
2536,宏普,上市,1996-03-14,,active,掛牌日期來源：ISIN
2537,聯上發,上市,1996-09-06,,active,掛牌日期來源：ISIN
2538,基泰,上市,1996-11-01,,active,掛牌日期來源：ISIN
2539,櫻花建,上市,1997-07-16,,active,掛牌日期來源：ISIN
2540,愛山林,上市,1989-12-26,,active,掛牌日期來源：ISIN
2542,興富發,上市,1999-05-03,,active,掛牌日期來源：ISIN
2543,皇昌,上市,1999-10-15,,active,掛牌日期來源：ISIN
2545,皇翔,上市,2000-09-11,,active,掛牌日期來源：ISIN
2546,根基,上市,2000-09-11,,active,掛牌日期來源：ISIN
2547,日勝生,上市,2000-12-22,,active,掛牌日期來源：ISIN
2548,華固,上市,2002-08-26,,active,櫃轉市
2577,亞昕開發,興櫃,2004-09-16,,inactive,未取得正式終止日期
2591,高逸工程股份有限公司,興櫃,2004-01-28,,inactive,未取得正式終止日期
2596,綠意開發,興櫃,2007-09-29,2009-06-01,inactive,終止日推定：次一市場start_date
2596,綠意,上櫃,2009-06-01,,active,掛牌日期來源：ISIN
2597,潤弘精密,興櫃,2007-12-18,2010-03-26,inactive,終止日推定：次一市場start_date
2597,潤弘,上市,2010-03-26,,active,
2599,樂揚建設,興櫃,2008-06-24,,inactive,未取得正式終止日期
2601,益航,上市,1965-11-04,,active,掛牌日期來源：ISIN
2603,長榮,上市,1987-09-21,,active,掛牌日期來源：ISIN
2605,新興,上市,1989-12-08,,active,掛牌日期來源：ISIN
2606,裕民,上市,1990-12-08,,active,掛牌日期來源：ISIN
2607,榮運,上市,1990-12-14,,active,掛牌日期來源：ISIN
2608,嘉里大榮,上市,1990-12-20,,active,掛牌日期來源：ISIN
2609,陽明,上市,1992-04-20,,active,掛牌日期來源：ISIN
2610,華航,上市,1993-02-26,,active,掛牌日期來源：ISIN
2611,志信,上市,1993-10-28,,active,掛牌日期來源：ISIN
2612,中航,上市,1994-10-20,,active,掛牌日期來源：ISIN
2613,中櫃,上市,1995-01-20,,active,掛牌日期來源：ISIN
2614,東森,上市,1995-09-23,,active,掛牌日期來源：ISIN
2615,萬海,上市,1996-05-16,,active,掛牌日期來源：ISIN
2616,山隆,上市,1997-11-08,,active,掛牌日期來源：ISIN
2617,台航,上市,1998-06-24,,active,掛牌日期來源：ISIN
2618,長榮航,上市,2001-09-17,,active,櫃轉市
2626,凌天航空股份有限公司,興櫃,2007-07-19,,inactive,未取得正式終止日期
2630,亞洲航空,興櫃,2017-02-24,2018-02-22,inactive,終止日推定：次一市場start_date
2630,亞航,上市,2018-02-22,,active,
2633,台灣高速鐵路股份有限公司,興櫃,2003-09-05,2016-10-27,inactive,終止日推定：次一市場start_date
2633,台灣高鐵,上市,2016-10-27,,active,
2634,漢翔,上市,2014-08-25,,active,
2636,台驊國際,興櫃,2007-04-23,2016-12-22,inactive,終止日推定：次一市場start_date
2636,台驊控股,上市,2016-12-22,,active,櫃轉市
2637,WISDOM,興櫃,2009-08-31,2010-12-01,inactive,終止日推定：次一市場start_date
2637,慧洋-KY,上市,2010-12-01,,active,
2639,光明海運,興櫃,2010-11-22,,inactive,未取得正式終止日期
2640,台灣大車隊,興櫃,2011-07-25,2012-11-07,inactive,終止日推定：次一市場start_date
2640,大車隊,上櫃,2012-11-07,,active,掛牌日期來源：ISIN
2641,正德海運,興櫃,2011-12-19,2014-10-09,inactive,終止日推定：次一市場start_date
2641,正德,上櫃,2014-10-09,,active,掛牌日期來源：ISIN
2642,台灣宅配通,興櫃,2012-12-26,2013-12-12,inactive,終止日推定：次一市場start_date
2642,宅配通,上市,2013-12-12,,active,
2643,捷迅,興櫃,2014-11-26,2016-03-04,inactive,終止日推定：次一市場start_date
2643,捷迅,上櫃,2016-03-04,,active,掛牌日期來源：ISIN
2644,中信造船,興櫃,2022-10-11,,active,
2645,長榮航太,興櫃,2022-02-18,2023-03-14,inactive,終止日推定：次一市場start_date
2645,長榮航太,上市,2023-03-14,,active,
2646,星宇航空,興櫃,2022-09-30,2024-10-25,inactive,終止日推定：次一市場start_date
2646,星宇航空,上市,2024-10-25,,active,
2701,萬企,上市,1965-03-22,,active,掛牌日期來源：ISIN
2702,華園,上市,1965-02-14,,active,掛牌日期來源：ISIN
2704,國賓,上市,1982-11-10,,active,掛牌日期來源：ISIN
2705,六福,上市,1988-12-24,,active,掛牌日期來源：ISIN
2706,第一店,上市,1991-06-25,,active,掛牌日期來源：ISIN
2707,晶華,上市,1998-03-09,,active,掛牌日期來源：ISIN
2712,遠雄悅來大飯店,興櫃,2012-12-27,2013-12-03,inactive,終止日推定：次一市場start_date
2712,遠雄來,上市,2013-12-03,,active,
2717,易遊網股份有限公司,興櫃,2007-10-02,,inactive,未取得正式終止日期
2718,桃園大飯店,興櫃,2007-01-30,2011-03-29,inactive,終止日推定：次一市場start_date
2718,全心投控,上櫃,2011-03-29,,active,掛牌日期來源：ISIN
2719,燦星旅遊網,興櫃,2008-01-28,2012-02-24,inactive,終止日推定：次一市場start_date
2719,燦星旅,上櫃,2012-02-24,,active,掛牌日期來源：ISIN
2720,和昇,興櫃,2014-10-22,,inactive,未取得正式終止日期
2721,F-楷捷,興櫃,2009-12-17,,inactive,未取得正式終止日期
2722,夏都國際開發,興櫃,2009-09-17,2012-03-14,inactive,終止日推定：次一市場start_date
2722,夏都,上市,2012-03-14,,active,
2723,美食-KY,上市,2010-11-22,,active,
2724,F-富驛,興櫃,2010-01-14,2012-05-29,inactive,終止日推定：次一市場start_date
2724,藝舍-KY,上櫃,2012-05-29,,active,掛牌日期來源：ISIN
2726,雅茗-KY,上櫃,2014-12-24,,active,掛牌日期來源：ISIN
2727,王品餐飲,興櫃,2011-04-29,2012-03-06,inactive,終止日推定：次一市場start_date
2727,王品,上市,2012-03-06,,active,
2729,瓦城泰統,興櫃,2011-09-16,2012-09-17,inactive,終止日推定：次一市場start_date
2729,瓦城,上櫃,2012-09-17,,active,掛牌日期來源：ISIN
2730,美麗信酒店,興櫃,2011-10-28,,inactive,未取得正式終止日期
2731,雄獅旅遊,興櫃,2012-10-23,2013-09-24,inactive,終止日推定：次一市場start_date
2731,雄獅,上市,2013-09-24,,active,
2732,六角國際,興櫃,2012-12-18,2015-01-20,inactive,終止日推定：次一市場start_date
2732,六角,上櫃,2015-01-20,,active,掛牌日期來源：ISIN
2733,維格餅家,興櫃,2012-12-24,,active,
2734,易飛網科技,興櫃,2013-02-27,2013-12-26,inactive,終止日推定：次一市場start_date
2734,易飛網,上櫃,2013-12-26,,active,掛牌日期來源：ISIN
2735,上海鄉村餐飲,興櫃,2014-11-28,,inactive,未取得正式終止日期
2736,高野大飯店,興櫃,2013-12-13,2016-01-06,inactive,終止日推定：次一市場start_date
2736,富野,上櫃,2016-01-06,,active,掛牌日期來源：ISIN
2738,曼哈頓酒店集團,興櫃,2015-03-12,,inactive,未取得正式終止日期
2739,寒舍餐旅管理顧問股份有限公司,興櫃,2014-10-20,2016-05-19,inactive,終止日推定：次一市場start_date
2739,寒舍,上市,2016-05-19,,active,
2740,天母洋蔥,興櫃,2014-12-27,2015-12-24,inactive,終止日推定：次一市場start_date
2740,華軒,上櫃,2015-12-24,,active,掛牌日期來源：ISIN
2741,老四川,興櫃,2014-10-28,,active,
2743,山富國際旅行社,興櫃,2015-03-25,2020-03-09,inactive,終止日推定：次一市場start_date
2743,山富,上櫃,2020-03-09,,active,掛牌日期來源：ISIN
2745,五福旅行社,興櫃,2015-09-14,2018-04-16,inactive,終止日推定：次一市場start_date
2745,五福,上櫃,2018-04-16,,active,掛牌日期來源：ISIN
2748,雲品國際酒店,興櫃,2015-11-02,2016-11-23,inactive,終止日推定：次一市場start_date
2748,雲品,上市,2016-11-23,,active,
2749,台灣欣恆美,興櫃,2016-06-07,,inactive,未取得正式終止日期
2750,桃禧,興櫃,2018-08-08,,inactive,未取得正式終止日期
2751,王座,興櫃,2023-06-30,2024-09-10,inactive,終止日推定：次一市場start_date
2751,王座,上櫃,2024-09-10,,active,
2752,豆府,興櫃,2018-08-17,2019-09-25,inactive,終止日推定：次一市場start_date
2752,豆府,上櫃,2019-09-25,,active,掛牌日期來源：ISIN
2753,八方雲集,興櫃,2020-09-29,2021-09-09,inactive,終止日推定：次一市場start_date
2753,八方雲集,上市,2021-09-09,,active,
2754,亞洲藏壽司,興櫃,2019-06-28,2020-09-17,inactive,終止日推定：次一市場start_date
2754,亞洲藏壽司,上櫃,2020-09-17,,active,掛牌日期來源：ISIN
2755,揚秦國際企業,興櫃,2019-07-26,2020-12-16,inactive,終止日推定：次一市場start_date
2755,揚秦,上櫃,2020-12-16,,active,掛牌日期來源：ISIN
2756,聯發國際,興櫃,2021-01-07,2022-01-14,inactive,終止日推定：次一市場start_date
2756,聯發國際,上櫃,2022-01-14,,active,
2758,路易莎咖啡,興櫃,2021-09-17,,active,
2760,巨宇翔,興櫃,2022-12-26,,active,
2761,橘焱胡同,興櫃,2022-04-13,,active,
2762,世界健身-KY,上市,2024-01-24,,active,
2801,彰銀,上市,1962-02-15,,active,掛牌日期來源：ISIN
2812,台中銀,上市,1984-05-15,,active,掛牌日期來源：ISIN
2816,旺旺保,上市,1992-05-05,,active,掛牌日期來源：ISIN
2820,華票,上市,1994-10-26,,active,掛牌日期來源：ISIN
2832,台產,上市,1997-09-30,,active,掛牌日期來源：ISIN
2834,臺企銀,上市,1998-01-03,,active,掛牌日期來源：ISIN
2836,高雄銀,上市,1998-05-18,,active,掛牌日期來源：ISIN
2838,聯邦銀,上市,1998-06-29,,active,掛牌日期來源：ISIN
2845,遠東銀,上市,1998-11-27,,active,掛牌日期來源：ISIN
2849,安泰銀,上市,1999-09-27,,active,掛牌日期來源：ISIN
2850,新產,上市,2000-05-22,,active,掛牌日期來源：ISIN
2851,中再保,上市,2000-07-06,,active,掛牌日期來源：ISIN
2852,第一保,上市,2000-11-28,,active,掛牌日期來源：ISIN
2854,寶來證,上市,2002-09-16,,inactive,櫃轉市；未取得正式終止日期
2855,統一證,上市,2002-09-16,,active,櫃轉市
2856,元富證,上市,2002-09-16,,inactive,櫃轉市；未取得正式終止日期
2867,三商美邦人壽,興櫃,2012-02-09,2012-12-18,inactive,終止日推定：次一市場start_date
2867,三商壽,上市,2012-12-18,,inactive,未取得正式終止日期
2880,華南金,上市,2001-12-19,,active,轉金融控股
2881,富邦金,上市,2001-12-19,,active,轉金融控股
2882,國泰金,上市,2001-12-31,,active,轉金融控股
2883,凱基金,上市,2001-12-28,,active,轉金融控股
2884,玉山金,上市,2002-01-28,,active,轉金融控股
2885,元大金,上市,2002-02-04,,active,轉金融控股
2886,兆豐金,上市,2002-02-04,,active,轉金融控股
2887,台新新光金,上市,2002-02-18,,active,轉金融控股
2888,新光金,上市,2002-02-19,,inactive,轉金融控股；未取得正式終止日期
2889,國票金,上市,2002-03-26,,active,轉金融控股
2890,永豐金,上市,2002-05-09,,active,轉金融控股
2891,中信金,上市,2002-05-17,,active,轉金融控股
2892,第一金,上市,2003-01-02,,active,轉金融控股
2897,臺灣工銀,興櫃,2004-08-23,2017-05-05,inactive,終止日推定：次一市場start_date
2897,王道銀行,上市,2017-05-05,,active,原名臺灣工業銀行股份有限公司
2901,欣欣,上市,1976-05-07,,active,掛牌日期來源：ISIN
2903,遠百,上市,1978-10-11,,active,掛牌日期來源：ISIN
2904,匯僑,上市,1983-01-05,,active,掛牌日期來源：ISIN
2905,三商,上市,1988-09-19,,active,掛牌日期來源：ISIN
2906,高林,上市,1989-12-26,,active,掛牌日期來源：ISIN
2908,特力,上市,1993-02-18,,active,掛牌日期來源：ISIN
2910,統領,上市,1996-12-30,,active,掛牌日期來源：ISIN
2911,麗嬰房,上市,1997-01-18,,active,掛牌日期來源：ISIN
2912,統一超,上市,1997-08-22,,active,掛牌日期來源：ISIN
2913,農林,上市,1962-02-09,,active,掛牌日期來源：ISIN
2915,潤泰全,上市,1977-07-20,,active,掛牌日期來源：ISIN
2916,滿心,上櫃,2005-03-10,,active,掛牌日期來源：ISIN
2920,海景世界企業股份有限公司,興櫃,2004-04-15,,inactive,未取得正式終止日期
2923,鼎固-KY,上市,2012-12-07,,active,
2924,F-東凌,興櫃,2011-09-09,2011-12-02,inactive,終止日推定：次一市場start_date
2924,宏太-KY,上櫃,2011-12-02,,active,掛牌日期來源：ISIN
2926,誠品生活,興櫃,2012-03-27,2013-01-30,inactive,終止日推定：次一市場start_date
2926,誠品生活,上櫃,2013-01-30,,active,掛牌日期來源：ISIN
2929,淘帝-KY,上市,2013-12-30,,active,
2936,客思達-KY,上市,2016-09-26,,inactive,未取得正式終止日期
2937,集雅社,興櫃,2016-03-21,2017-06-08,inactive,終止日推定：次一市場start_date
2937,集雅社,上櫃,2017-06-08,,active,掛牌日期來源：ISIN
2938,床的世界,興櫃,2016-10-05,2026-09-16,inactive,終止日推定：次一市場start_date
2938,床的世界,上櫃,2026-09-16,,active,
2939,凱羿-KY,興櫃,2017-08-08,2018-01-11,inactive,終止日推定：次一市場start_date
2939,永邑-KY,上市,2018-01-11,,active,
2940,歐都納,興櫃,2025-05-05,,active,
2941,米斯特,興櫃,2021-10-25,2024-03-20,inactive,終止日推定：次一市場start_date
2941,米斯特,上櫃,2024-03-20,,active,
2942,京站,興櫃,2018-03-31,,active,
2945,三商家購,興櫃,2018-12-17,2021-11-30,inactive,終止日推定：次一市場start_date
2945,三商家購,上市,2021-11-30,,active,
2947,振宇五金,興櫃,2020-09-22,2021-10-06,inactive,終止日推定：次一市場start_date
2947,振宇五金,上櫃,2021-10-06,,active,
2948,寶陞,興櫃,2020-12-10,2023-12-12,inactive,終止日推定：次一市場start_date
2948,寶陞,上櫃,2023-12-12,,active,
2949,欣新網,興櫃,2022-12-14,2023-12-15,inactive,終止日推定：次一市場start_date
2949,欣新網,上櫃,2023-12-15,,active,
3001,協和,上市,2002-01-08,,inactive,未取得正式終止日期
3002,歐格,上市,2002-01-23,,active,
3003,健和興,上市,2002-02-19,,active,
3004,豐達科,上市,2002-02-25,,active,
3005,神基,上市,2002-02-25,,active,
3006,晶豪科,上市,2002-03-04,,active,
3007,綠點,上市,2002-04-26,,inactive,未取得正式終止日期
3008,大立光,上市,2002-03-11,,active,
3009,奇美,上市,2002-08-26,,inactive,未取得正式終止日期
3010,華立,上市,2002-07-22,,active,櫃轉市
3011,今皓,上市,2002-07-22,,active,櫃轉市
3012,廣輝,上市,2002-08-28,,inactive,未取得正式終止日期
3013,晟銘電,上市,2002-09-16,,active,
3014,聯陽,上市,2002-10-29,,active,
3015,全漢,上市,2002-10-16,,active,
3016,嘉晶,上市,2002-12-24,,active,
3017,奇鋐,上市,2002-09-27,,active,
3018,隆銘綠能,上市,2002-08-26,,active,櫃轉市
3019,亞光,上市,2002-08-26,,active,櫃轉市
3020,奇普仕,上市,2002-08-26,,inactive,櫃轉市；未取得正式終止日期
3021,鴻名,上市,2002-08-26,,active,櫃轉市
3022,威強電,上市,2002-08-26,,active,櫃轉市
3023,信邦,上市,2002-08-26,,active,櫃轉市
3024,憶聲,上市,2002-08-26,,active,櫃轉市
3025,星通,上市,2002-08-26,,active,櫃轉市
3026,禾伸堂,上市,2002-08-26,,active,櫃轉市
3027,盛達,上市,2002-08-26,,active,櫃轉市
3028,增你強,上市,2002-08-26,,active,櫃轉市
3029,零壹,上市,2002-08-26,,active,櫃轉市
3030,德律,上市,2002-10-29,,active,櫃轉市
3031,佰鴻,上市,2002-08-26,,active,櫃轉市
3032,偉訓,上市,2002-08-26,,active,櫃轉市
3033,威健,上市,2002-08-26,,active,櫃轉市
3034,聯詠,上市,2002-08-26,,active,櫃轉市
3035,智原,上市,2002-08-26,,active,櫃轉市
3036,文曄,上市,2002-08-26,,active,櫃轉市
3037,欣興,上市,2002-08-26,,active,櫃轉市
3038,全台,上市,2002-08-26,,active,櫃轉市
3039,宏傳,上市,2002-08-26,,inactive,櫃轉市；未取得正式終止日期
3040,遠見,上市,2002-08-26,,active,櫃轉市
3041,揚智,上市,2002-08-26,,active,櫃轉市
3042,晶技,上市,2002-08-26,,active,櫃轉市
3043,科風,上市,2002-08-26,,active,櫃轉市
3044,健鼎,上市,2002-08-26,,active,櫃轉市
3045,台灣大,上市,2002-08-26,,active,櫃轉市
3046,建碁,上市,2002-08-26,,active,櫃轉市
3047,訊舟,上市,2002-08-26,,active,櫃轉市
3048,益登,上市,2002-10-01,,active,
3049,精金,上市,2002-09-27,,active,
3050,鈺德,上市,2002-10-29,,active,
3051,力特,上市,2002-10-28,,active,
3052,夆典,上市,1995-11-25,,active,掛牌日期來源：ISIN
3054,立萬利,上市,2002-11-18,,active,
3055,蔚華科,上市,2002-12-12,,active,
3056,富華新,上市,2003-03-03,,active,
3057,喬鼎,上市,2002-12-18,,active,
3058,立德,上市,2002-12-09,,active,
3059,華晶科,上市,2002-12-24,,active,
3060,銘異,上市,2003-04-21,,active,
3061,璨圓,上市,2003-04-11,,inactive,未取得正式終止日期
3062,建漢,上市,2003-07-28,,active,
3063,飛信,上市,2003-09-08,,inactive,未取得正式終止日期
3064,泰偉,上櫃,2004-06-09,,active,掛牌日期來源：ISIN
3066,李洲,上櫃,2004-12-02,,active,掛牌日期來源：ISIN
3067,全域,上櫃,2003-10-21,,active,掛牌日期來源：ISIN
3071,協禧,上櫃,2004-12-30,,active,掛牌日期來源：ISIN
3073,天方能源,上櫃,2007-10-08,,active,掛牌日期來源：ISIN
3074,群環,興櫃,2002-01-02,,inactive,未取得正式終止日期
3075,億泰利多媒體,興櫃,2002-01-02,,inactive,未取得正式終止日期
3078,僑威,上櫃,2005-01-31,,active,掛牌日期來源：ISIN
3080,威力盟,上市,2008-06-02,,inactive,櫃轉市；未取得正式終止日期
3081,聯亞光電工業股份有限公司,興櫃,2014-07-15,2015-07-22,inactive,終止日推定：次一市場start_date
3081,聯亞,上櫃,2015-07-22,,active,掛牌日期來源：ISIN
3083,網龍,上櫃,2003-12-02,,active,掛牌日期來源：ISIN
3085,新零售,上櫃,2004-03-01,,active,掛牌日期來源：ISIN
3086,華義*,上櫃,2004-03-29,,active,掛牌日期來源：ISIN
3088,艾訊,上櫃,2005-04-28,,active,掛牌日期來源：ISIN
3090,日電貿,上市,2007-12-31,,active,櫃轉市
3092,鴻碩精密電工股份有限公司,興櫃,2002-06-27,2021-05-13,inactive,終止日推定：次一市場start_date
3092,鴻碩,上市,2021-05-13,,active,櫃轉市
3093,港建*,上櫃,2005-06-17,,active,掛牌日期來源：ISIN
3094,聯傑,上市,2007-08-06,,active,
3095,及成,上櫃,2005-05-26,,active,掛牌日期來源：ISIN
3097,拍檔,興櫃,2002-08-02,,active,
3098,前進國際,興櫃,2002-08-23,,inactive,未取得正式終止日期
3105,穩懋半導體,興櫃,2009-10-06,2011-12-13,inactive,終止日推定：次一市場start_date
3105,穩懋,上櫃,2011-12-13,,active,掛牌日期來源：ISIN
3109,國際精鼎科技,興櫃,2007-05-31,,inactive,未取得正式終止日期
3114,好德,上櫃,2004-03-25,,active,掛牌日期來源：ISIN
3115,富榮綱,上櫃,2005-04-08,,active,掛牌日期來源：ISIN
3117,年程,興櫃,2012-08-31,,active,
3118,進階,上櫃,2008-05-21,,active,掛牌日期來源：ISIN
3122,笙泉科技,興櫃,2009-04-20,2015-01-26,inactive,終止日推定：次一市場start_date
3122,笙泉,上櫃,2015-01-26,,active,掛牌日期來源：ISIN
3127,能元科技股份有限公司,興櫃,2004-07-26,,inactive,未取得正式終止日期
3128,昇銳,上櫃,2006-09-04,,active,掛牌日期來源：ISIN
3130,一零四,上市,2006-02-17,,active,
3131,弘塑科技,興櫃,2009-05-08,2011-01-17,inactive,終止日推定：次一市場start_date
3131,弘塑,上櫃,2011-01-17,,active,掛牌日期來源：ISIN
3135,凌航,興櫃,2021-11-22,2025-08-06,inactive,終止日推定：次一市場start_date
3135,凌航,上市,2025-08-06,,active,
3138,耀登科技股份有限公司,興櫃,2004-09-10,2020-12-11,inactive,終止日推定：次一市場start_date
3138,耀登,上市,2020-12-11,,active,科技事業
3141,晶宏,興櫃,2003-12-10,2014-03-14,inactive,終止日推定：次一市場start_date
3141,晶宏,上櫃,2014-03-14,,active,掛牌日期來源：ISIN
3142,遠茂,上市,2004-07-30,,inactive,未取得正式終止日期
3147,大綜電腦系統,興櫃,2013-09-30,2018-05-29,inactive,終止日推定：次一市場start_date
3147,大綜,上櫃,2018-05-29,,active,掛牌日期來源：ISIN
3149,正達國際光電股份有限公司,興櫃,2004-05-25,2011-11-23,inactive,終止日推定：次一市場start_date
3149,正達,上市,2011-11-23,,active,
3150,鈺寶科技,興櫃,2010-10-06,2024-06-27,inactive,終止日推定：次一市場start_date
3150,鈺寶-創,上市,2024-06-27,,active,創新板；ISIN市場別：創新板
3151,智泰科技,興櫃,2011-12-15,,inactive,未取得正式終止日期
3152,璟德,上櫃,2008-03-24,,active,掛牌日期來源：ISIN
3158,嘉實,興櫃,2018-03-16,2025-11-17,inactive,終止日推定：次一市場start_date
3158,嘉實,上櫃,2025-11-17,,active,
3161,幸亞電子,興櫃,2007-03-26,,inactive,未取得正式終止日期
3162,精確,上櫃,2005-10-03,,active,掛牌日期來源：ISIN
3163,波若威科技,興櫃,2011-11-03,2012-12-03,inactive,終止日推定：次一市場start_date
3163,波若威,上櫃,2012-12-03,,active,掛牌日期來源：ISIN
3164,景岳,上市,2010-03-22,,active,櫃轉市
3166,偉僑股份有限公司,興櫃,2003-10-09,,inactive,未取得正式終止日期
3167,大量科技,興櫃,2004-04-19,2013-10-21,inactive,終止日推定：次一市場start_date
3167,大量,上市,2013-10-21,,active,
3168,眾福科技股份有限公司,興櫃,2004-04-15,2024-03-26,inactive,終止日推定：次一市場start_date
3168,眾福科,上市,2024-03-26,,active,
3169,亞信電子股份有限公司,興櫃,2004-04-21,2009-11-24,inactive,終止日推定：次一市場start_date
3169,亞信,上櫃,2009-11-24,,active,掛牌日期來源：ISIN
3171,炎洲流通,上櫃,2004-09-17,,active,掛牌日期來源：ISIN
3176,基亞生物科技股份有限公司,興櫃,2003-12-30,2011-11-23,inactive,終止日推定：次一市場start_date
3176,基亞,上櫃,2011-11-23,,active,掛牌日期來源：ISIN
3178,公準精密工業股份有限公司,興櫃,2004-05-21,2018-11-19,inactive,終止日推定：次一市場start_date
3178,公準,上櫃,2018-11-19,,active,掛牌日期來源：ISIN
3184,微邦,興櫃,2013-04-18,,active,
3186,聯笙電子股份有限公司,興櫃,2004-04-16,,inactive,未取得正式終止日期
3188,鑫龍騰,上櫃,2004-03-17,,active,掛牌日期來源：ISIN
3189,景碩,上市,2004-11-01,,active,
3191,雲嘉南,上櫃,2005-04-12,,active,掛牌日期來源：ISIN
3194,圓方科技,興櫃,2026-07-30,,active,
3195,統寶光電,興櫃,2003-11-27,,inactive,未取得正式終止日期
3205,佰研,上櫃,2005-09-12,,active,掛牌日期來源：ISIN
3206,志豐,上櫃,2007-02-08,,active,掛牌日期來源：ISIN
3207,耀勝,上櫃,2004-11-04,,active,掛牌日期來源：ISIN
3209,全科,上市,2008-11-26,,active,櫃轉市
3211,順達,上櫃,2004-11-08,,active,掛牌日期來源：ISIN
3213,茂訊,上櫃,2004-10-01,,active,掛牌日期來源：ISIN
3214,元砷,上市,2004-11-24,,inactive,未取得正式終止日期
3217,優群,上櫃,2004-04-30,,active,掛牌日期來源：ISIN
3218,大學光,上櫃,2004-11-29,,active,掛牌日期來源：ISIN
3219,倚強科,上櫃,2004-03-19,,active,掛牌日期來源：ISIN
3221,台嘉碩,上櫃,2006-02-22,,active,掛牌日期來源：ISIN
3224,三顧,上櫃,2004-06-03,,active,掛牌日期來源：ISIN
3226,龍鋒,上櫃,2004-06-16,,active,掛牌日期來源：ISIN
3227,原相,上櫃,2006-05-04,,active,掛牌日期來源：ISIN
3228,金麗科,上櫃,2005-03-02,,active,掛牌日期來源：ISIN
3229,晟鈦,上市,2009-12-31,,active,櫃轉市
3230,錦明,上櫃,2006-09-25,,active,掛牌日期來源：ISIN
3231,緯創,上市,2003-08-19,,active,
3232,昱捷,上櫃,2004-11-01,,active,掛牌日期來源：ISIN
3234,光環科技股份有限公司,興櫃,2003-09-25,2011-03-24,inactive,終止日推定：次一市場start_date
3234,光環,上櫃,2011-03-24,,active,掛牌日期來源：ISIN
3236,千如,上櫃,2004-12-02,,active,掛牌日期來源：ISIN
3237,永洋科技股份有限公司,興櫃,2004-09-20,,inactive,未取得正式終止日期
3252,海灣,上櫃,2004-09-23,,active,掛牌日期來源：ISIN
3257,虹冠電子工業,興櫃,2010-04-22,2011-03-21,inactive,終止日推定：次一市場start_date
3257,虹冠電,上市,2011-03-21,,active,
3259,鑫創,上櫃,2007-12-24,,active,掛牌日期來源：ISIN
3260,威剛,上櫃,2004-10-08,,active,掛牌日期來源：ISIN
3264,欣銓,上櫃,2005-01-05,,active,掛牌日期來源：ISIN
3265,台星科,上櫃,2005-08-02,,active,掛牌日期來源：ISIN
3266,昇陽,上市,2014-12-24,,active,櫃轉市
3267,泰陞,興櫃,2004-01-15,,inactive,未取得正式終止日期
3268,海德威,上櫃,2005-01-27,,active,掛牌日期來源：ISIN
3271,其樂達,上市,2005-01-31,,inactive,未取得正式終止日期
3272,東碩資訊,興櫃,2004-07-29,2014-08-26,inactive,終止日推定：次一市場start_date
3272,東碩,上櫃,2014-08-26,,active,掛牌日期來源：ISIN
3276,宇環,上櫃,2005-01-12,,active,掛牌日期來源：ISIN
3279,三全科技股份有限公司,興櫃,2004-02-11,,inactive,未取得正式終止日期
3282,商杰股份有限公司,興櫃,2004-03-31,,inactive,未取得正式終止日期
3284,太普高,上櫃,2005-03-22,,active,掛牌日期來源：ISIN
3285,微端科技股份有限公司,興櫃,2004-06-18,2012-07-23,inactive,終止日推定：次一市場start_date
3285,微端,上櫃,2012-07-23,,active,掛牌日期來源：ISIN
3287,廣寰科,上櫃,2008-01-28,,active,掛牌日期來源：ISIN
3288,點晶,上櫃,2005-04-15,,active,掛牌日期來源：ISIN
3289,宜特,上櫃,2004-12-28,,active,掛牌日期來源：ISIN
3290,東浦,上櫃,2005-05-19,,active,掛牌日期來源：ISIN
3291,遠翔科技股份有限公司,興櫃,2004-09-03,,inactive,未取得正式終止日期
3293,鈊象,上櫃,2006-07-12,,active,掛牌日期來源：ISIN
3294,英濟,上櫃,2007-04-27,,active,掛牌日期來源：ISIN
3296,勝德,上市,2007-12-31,,active,櫃轉市
3297,杭特,上櫃,2005-06-07,,active,掛牌日期來源：ISIN
3301,鋰科科技,興櫃,2010-10-29,,inactive,未取得正式終止日期
3303,岱稜,上櫃,2007-05-28,,active,掛牌日期來源：ISIN
3305,昇貿,上市,2008-07-10,,active,櫃轉市
3306,鼎天,上櫃,2005-07-05,,active,掛牌日期來源：ISIN
3307,遠業科技股份有限公司,興櫃,2004-04-23,,inactive,未取得正式終止日期
3308,聯德,上市,2008-03-12,,active,
3309,拓洋,興櫃,2004-10-22,,inactive,未取得正式終止日期
3310,佳穎,上櫃,2008-06-27,,active,掛牌日期來源：ISIN
3311,閎暉,上市,2004-03-08,,active,
3312,弘憶股,上市,2010-12-29,,active,櫃轉市
3313,斐成,上櫃,2026-06-01,,active,掛牌日期來源：ISIN
3315,宣昶,上市,2006-10-26,,inactive,未取得正式終止日期
3317,尼克森,上櫃,2007-08-09,,active,掛牌日期來源：ISIN
3318,和光光學股份有限公司,興櫃,2004-05-12,,inactive,未取得正式終止日期
3321,同泰電子,興櫃,2004-05-12,2014-12-05,inactive,終止日推定：次一市場start_date
3321,同泰電子科技,興櫃,2014-12-05,2015-12-15,inactive,終止日推定：次一市場start_date
3321,同泰,上市,2015-12-15,,active,
3322,建舜電子製造股份有限公司,興櫃,2004-09-15,2009-05-20,inactive,終止日推定：次一市場start_date
3322,建舜電,上櫃,2009-05-20,,active,掛牌日期來源：ISIN
3323,加百裕,上櫃,2007-06-25,,active,掛牌日期來源：ISIN
3324,雙鴻,上櫃,2005-05-13,,active,掛牌日期來源：ISIN
3325,旭品,上櫃,2005-08-15,,active,掛牌日期來源：ISIN
3332,幸康,上櫃,2008-01-24,,active,掛牌日期來源：ISIN
3334,主向位科技股份有限公司,興櫃,2004-09-14,,inactive,未取得正式終止日期
3338,泰碩電子,興櫃,2004-06-16,2013-12-13,inactive,終止日推定：次一市場start_date
3338,泰碩,上市,2013-12-13,,active,
3339,泰谷,上櫃,2006-06-27,,active,掛牌日期來源：ISIN
3342,飛虹積體電路股份有限公司,興櫃,2004-09-17,,inactive,未取得正式終止日期
3345,慶良電子,興櫃,2010-09-30,,inactive,未取得正式終止日期
3346,麗清,興櫃,2012-12-05,2016-12-19,inactive,終止日推定：次一市場start_date
3346,麗清,上市,2016-12-19,,active,
3349,寶德,興櫃,2004-09-16,2022-03-23,inactive,終止日推定：次一市場start_date
3349,寶德,上櫃,2022-03-23,,active,
3350,邰港科技股份有限公司,興櫃,2007-05-30,,inactive,未取得正式終止日期
3354,律勝,上櫃,2005-12-08,,active,掛牌日期來源：ISIN
3356,奇偶,上市,2005-03-28,,active,
3357,西北臺慶科技,興櫃,2011-04-06,2021-04-27,inactive,終止日推定：次一市場start_date
3357,臺慶科,上櫃,2021-04-27,,active,
3360,尚立,上櫃,2006-06-06,,active,掛牌日期來源：ISIN
3361,快特電波股份有限公司,興櫃,2004-08-10,,inactive,未取得正式終止日期
3362,先進光,上櫃,2005-09-06,,active,掛牌日期來源：ISIN
3363,上詮光纖通信股份有限公司,興櫃,2004-09-17,2011-02-25,inactive,終止日推定：次一市場start_date
3363,上詮,上櫃,2011-02-25,,active,掛牌日期來源：ISIN
3367,英華達,上市,2005-10-25,,inactive,未取得正式終止日期
3372,典範,上櫃,2005-12-16,,active,掛牌日期來源：ISIN
3373,熱映,上櫃,2007-12-13,,active,掛牌日期來源：ISIN
3374,精材科技股份有限公司,興櫃,2004-09-08,2015-03-30,inactive,終止日推定：次一市場start_date
3374,精材,上櫃,2015-03-30,,active,掛牌日期來源：ISIN
3376,新日興,上市,2007-12-31,,active,櫃轉市
3377,健格科技,興櫃,2011-09-06,,inactive,未取得正式終止日期
3379,彬台科技股份有限公司,興櫃,2004-09-13,2011-10-20,inactive,終止日推定：次一市場start_date
3379,彬台,上櫃,2011-10-20,,active,掛牌日期來源：ISIN
3380,明泰,上市,2004-12-20,,active,
3383,新世紀光電,興櫃,2007-01-09,2007-12-10,inactive,終止日推定：次一市場start_date
3383,新世紀,上市,2007-12-10,,inactive,未取得正式終止日期
3388,崇越電,上櫃,2006-02-22,,active,掛牌日期來源：ISIN
3389,志遠電子,興櫃,2007-09-06,,inactive,未取得正式終止日期
3390,旭軟,上櫃,2006-02-22,,active,掛牌日期來源：ISIN
3391,佳得,興櫃,2015-12-29,,inactive,未取得正式終止日期
3394,龍泰事業股份有限公司,興櫃,2004-11-11,,inactive,未取得正式終止日期
3396,普樺科技,興櫃,2006-12-28,,inactive,未取得正式終止日期
3397,協泰國際,興櫃,2005-11-30,,inactive,未取得正式終止日期
3402,漢科,上櫃,2007-01-09,,active,掛牌日期來源：ISIN
3406,玉晶光,上市,2005-12-20,,active,
3408,常憶科技,興櫃,2010-10-29,,inactive,未取得正式終止日期
3411,宜揚科技股份有限公司,興櫃,2004-12-02,,inactive,未取得正式終止日期
3412,寰波科技股份有限公司,興櫃,2005-06-22,,inactive,未取得正式終止日期
3413,沛鑫半導體工業股份有限公司,興櫃,2004-12-27,2015-07-28,inactive,終止日推定：次一市場start_date
3413,京鼎,上市,2015-07-28,,active,
3414,榮眾科技股份有限公司,興櫃,2004-12-30,,inactive,未取得正式終止日期
3416,融程電,上市,2015-01-23,,active,櫃轉市
3419,譁裕,上市,2008-01-21,,active,櫃轉市
3422,億泰興電子股份有限公司,興櫃,2005-11-03,,inactive,未取得正式終止日期
3423,聚興科技股份有限公司,興櫃,2005-06-27,,inactive,未取得正式終止日期
3426,台興電子企業,興櫃,2015-09-11,,inactive,未取得正式終止日期
3428,光燿科技,興櫃,2011-01-17,,inactive,未取得正式終止日期
3429,彥陽科技,興櫃,2007-10-15,,inactive,未取得正式終止日期
3430,奇鈦科技,興櫃,2010-09-16,2022-09-08,inactive,終止日推定：次一市場start_date
3430,奇鈦科,上櫃,2022-09-08,,active,
3432,台端興業,興櫃,2009-12-25,2010-12-30,inactive,終止日推定：次一市場start_date
3432,台端,上市,2010-12-30,,active,
3434,哲固資訊科技,興櫃,2007-02-26,2008-01-28,inactive,終止日推定：次一市場start_date
3434,哲固,上櫃,2008-01-28,,active,掛牌日期來源：ISIN
3435,德之傑科技股份有限公司,興櫃,2005-08-03,,inactive,未取得正式終止日期
3437,先進開發光電股份有限公司,興櫃,2005-04-14,2013-06-25,inactive,終止日推定：次一市場start_date
3437,榮創能源科技,興櫃,2013-06-25,2014-07-09,inactive,終止日推定：次一市場start_date
3437,榮創,上市,2014-07-09,,active,
3438,類比科,上櫃,2006-07-19,,active,掛牌日期來源：ISIN
3441,聯一光學工業股份有限公司,興櫃,2005-05-31,2010-10-04,inactive,終止日推定：次一市場start_date
3441,聯一光,上櫃,2010-10-04,,active,掛牌日期來源：ISIN
3443,創意,上市,2006-11-03,,active,
3444,利機企業,興櫃,2007-04-18,2008-09-26,inactive,終止日推定：次一市場start_date
3444,利機,上櫃,2008-09-26,,active,掛牌日期來源：ISIN
3447,展達,興櫃,2021-09-29,2022-12-15,inactive,終止日推定：次一市場start_date
3447,展達,上市,2022-12-15,,active,
3450,聯鈞,上市,2006-04-12,,active,
3454,晶睿,上市,2011-07-22,,inactive,櫃轉市；未取得正式終止日期
3455,由田,上櫃,2007-12-27,,active,掛牌日期來源：ISIN
3465,進泰電子,上櫃,2008-01-28,,active,掛牌日期來源：ISIN
3466,德晉,上櫃,2006-05-17,,active,掛牌日期來源：ISIN
3467,台灣精材,興櫃,2023-12-22,2025-03-25,inactive,終止日推定：次一市場start_date
3467,台灣精材,上櫃,2025-03-25,,active,
3471,雅士晶業,興櫃,2010-12-30,,inactive,未取得正式終止日期
3472,友荃科技,興櫃,2007-03-29,,inactive,未取得正式終止日期
3473,智通聯網,興櫃,2025-08-11,,active,
3474,華亞科,上市,2006-03-17,,inactive,未取得正式終止日期
3475,富晶電子股份有限公司,興櫃,2005-12-22,2011-05-12,inactive,終止日推定：次一市場start_date
3475,富晶電子,興櫃,2011-05-12,,inactive,未取得正式終止日期
3479,安勤科技,興櫃,2007-10-03,2010-06-08,inactive,終止日推定：次一市場start_date
3479,安勤,上櫃,2010-06-08,,active,掛牌日期來源：ISIN
3481,群創,上市,2006-10-24,,active,
3482,智成(原力華)電子股份有限公司,興櫃,2006-04-17,,inactive,未取得正式終止日期
3483,力致,上櫃,2006-12-18,,active,掛牌日期來源：ISIN
3484,崧騰,上櫃,2007-11-09,,active,掛牌日期來源：ISIN
3485,敘豐企業,興櫃,2012-09-28,2026-05-06,inactive,終止日推定：次一市場start_date
3485,敘豐,上櫃,2026-05-06,,active,
3489,森寶,上櫃,2007-09-29,,active,掛牌日期來源：ISIN
3490,單井,上櫃,2007-10-15,,active,掛牌日期來源：ISIN
3491,昇達科,上櫃,2008-01-03,,active,掛牌日期來源：ISIN
3492,長盛科技股份有限公司,興櫃,2005-12-07,2015-05-18,inactive,終止日推定：次一市場start_date
3492,長盛,上櫃,2015-05-18,,active,掛牌日期來源：ISIN
3494,誠研,上市,2007-12-13,,active,
3496,大朋電子,興櫃,2005-11-15,,inactive,未取得正式終止日期
3498,陽程,上櫃,2007-09-11,,active,掛牌日期來源：ISIN
3499,環天科,上櫃,2006-10-19,,active,掛牌日期來源：ISIN
3501,維熹,上市,2007-09-20,,active,
3502,鉅航科技股份有限公司,興櫃,2005-11-08,,inactive,未取得正式終止日期
3503,東又悅,興櫃,2007-02-08,,inactive,未取得正式終止日期
3504,揚明光,上市,2007-01-26,,active,
3505,聯合線上股份有限公司,興櫃,2006-09-06,,inactive,未取得正式終止日期
3507,力群電子股份有限公司,興櫃,2006-01-11,,inactive,未取得正式終止日期
3508,位速,上櫃,2007-10-17,,active,掛牌日期來源：ISIN
3511,矽瑪科技,興櫃,2007-11-21,2009-02-16,inactive,終止日推定：次一市場start_date
3511,矽瑪,上櫃,2009-02-16,,active,掛牌日期來源：ISIN
3512,皇龍,上櫃,2007-07-25,,active,掛牌日期來源：ISIN
3513,宏通資訊,興櫃,2007-07-03,,inactive,未取得正式終止日期
3514,昱晶能源,興櫃,2006-12-22,2007-11-02,inactive,終止日推定：次一市場start_date
3514,昱晶,上市,2007-11-02,,inactive,未取得正式終止日期
3515,華擎,上市,2007-11-08,,active,
3516,亞帝歐,上櫃,2007-11-29,,active,掛牌日期來源：ISIN
3517,洲磊科技股份有限公司,興櫃,2006-07-06,,inactive,未取得正式終止日期
3518,柏騰,上市,2007-11-28,,active,
3519,綠能,上市,2008-01-25,,inactive,未取得正式終止日期
3520,華盈,上櫃,2007-10-12,,active,掛牌日期來源：ISIN
3521,台鋼建設,上櫃,2025-06-02,,active,掛牌日期來源：ISIN
3522,御嵿,上櫃,2007-10-15,,active,掛牌日期來源：ISIN
3523,迎輝,上櫃,2007-11-16,,active,掛牌日期來源：ISIN
3524,正勛實業股份有限公司,興櫃,2006-10-13,,inactive,未取得正式終止日期
3526,凡甲,上櫃,2007-11-02,,active,掛牌日期來源：ISIN
3527,聚積,上櫃,2007-10-29,,active,掛牌日期來源：ISIN
3528,安馳科技,興櫃,2008-01-25,2016-05-18,inactive,終止日推定：次一市場start_date
3528,安馳,上市,2016-05-18,,active,櫃轉市
3529,力旺電子,興櫃,2007-03-26,2011-01-24,inactive,終止日推定：次一市場start_date
3529,力旺,上櫃,2011-01-24,,active,掛牌日期來源：ISIN
3530,晶相光電,興櫃,2007-04-18,2018-07-16,inactive,終止日推定：次一市場start_date
3530,晶相光,上市,2018-07-16,,active,
3531,先益電子,興櫃,2006-12-14,2008-04-08,inactive,終止日推定：次一市場start_date
3531,先益,上櫃,2008-04-08,,active,掛牌日期來源：ISIN
3532,小松電子,興櫃,2006-11-23,2007-12-10,inactive,終止日推定：次一市場start_date
3532,台勝科,上市,2007-12-10,,active,
3533,嘉澤端子工業,興櫃,2006-11-14,2007-12-10,inactive,終止日推定：次一市場start_date
3533,嘉澤,上市,2007-12-10,,active,
3534,雷凌科技,興櫃,2007-01-11,2008-04-08,inactive,終止日推定：次一市場start_date
3534,雷凌,上市,2008-04-08,,inactive,未取得正式終止日期
3535,晶彩科技,興櫃,2006-12-13,2008-01-31,inactive,終止日推定：次一市場start_date
3535,晶彩科,上市,2008-01-31,,active,
3536,誠創科技,興櫃,2007-03-01,2008-04-30,inactive,終止日推定：次一市場start_date
3536,誠創,上市,2008-04-30,,inactive,未取得正式終止日期
3537,堡達實業,興櫃,2007-01-04,2010-01-25,inactive,終止日推定：次一市場start_date
3537,堡達,上櫃,2010-01-25,,active,掛牌日期來源：ISIN
3538,曜鵬科技,興櫃,2007-06-29,,inactive,未取得正式終止日期
3540,曜越科技,興櫃,2006-12-15,2007-12-12,inactive,終止日推定：次一市場start_date
3540,曜越,上櫃,2007-12-12,,active,掛牌日期來源：ISIN
3541,西柏科技,興櫃,2007-05-04,2009-12-22,inactive,終止日推定：次一市場start_date
3541,西柏,上櫃,2009-12-22,,active,掛牌日期來源：ISIN
3542,芽莊科技,興櫃,2006-11-30,,inactive,未取得正式終止日期
3543,州巧科技,興櫃,2006-11-28,2020-04-15,inactive,終止日推定：次一市場start_date
3543,州巧,上市,2020-04-15,,active,
3544,宣茂科技,興櫃,2007-08-27,,inactive,未取得正式終止日期
3545,敦泰,上市,2007-07-03,,active,
3546,宇峻奧汀科技,興櫃,2006-12-25,2008-04-18,inactive,終止日推定：次一市場start_date
3546,宇峻,上櫃,2008-04-18,,active,掛牌日期來源：ISIN
3547,凱鼎科技,興櫃,2007-01-17,,inactive,未取得正式終止日期
3548,兆利科技,興櫃,2007-01-09,2008-03-27,inactive,終止日推定：次一市場start_date
3548,兆利,上櫃,2008-03-27,,active,掛牌日期來源：ISIN
3549,控創科技,興櫃,2006-12-29,,inactive,未取得正式終止日期
3550,聯穎科技,興櫃,2007-09-11,2010-11-10,inactive,終止日推定：次一市場start_date
3550,聯穎,上市,2010-11-10,,active,
3551,世禾科技,興櫃,2007-02-08,2008-04-15,inactive,終止日推定：次一市場start_date
3551,世禾,上櫃,2008-04-15,,active,掛牌日期來源：ISIN
3552,同致電子企業,興櫃,2007-06-27,2009-01-07,inactive,終止日推定：次一市場start_date
3552,同致,上櫃,2009-01-07,,active,掛牌日期來源：ISIN
3553,力積電子,興櫃,2007-02-01,,inactive,未取得正式終止日期
3554,精品科技,興櫃,2007-03-01,,inactive,未取得正式終止日期
3555,擎泰科技,興櫃,2007-03-06,2011-11-08,inactive,終止日推定：次一市場start_date
3555,博士旺,上櫃,2011-11-08,,active,掛牌日期來源：ISIN
3556,禾瑞亞科技,興櫃,2007-04-16,2008-04-15,inactive,終止日推定：次一市場start_date
3556,禾瑞亞,上櫃,2008-04-15,,active,掛牌日期來源：ISIN
3557,嘉威光電,興櫃,2007-04-17,2008-02-27,inactive,終止日推定：次一市場start_date
3557,嘉威,上市,2008-02-27,,active,
3558,神準科技,興櫃,2007-05-31,2013-12-30,inactive,終止日推定：次一市場start_date
3558,神準,上櫃,2013-12-30,,active,掛牌日期來源：ISIN
3559,全智科技,興櫃,2007-05-22,2008-10-23,inactive,終止日推定：次一市場start_date
3559,全智科,上市,2008-10-23,,inactive,未取得正式終止日期
3560,建欣電科技,興櫃,2007-06-22,,inactive,未取得正式終止日期
3561,昇陽光電科技,興櫃,2007-06-15,2008-12-05,inactive,終止日推定：次一市場start_date
3561,昇陽光電,上市,2008-12-05,,inactive,未取得正式終止日期
3562,頂晶科技股,興櫃,2007-06-15,,inactive,未取得正式終止日期
3563,牧德科技,興櫃,2007-06-27,2019-04-02,inactive,終止日推定：次一市場start_date
3563,牧德,上市,2019-04-02,,active,櫃轉市，科技事業
3564,其陽科技,興櫃,2007-08-08,2013-12-03,inactive,終止日推定：次一市場start_date
3564,其陽,上櫃,2013-12-03,,active,掛牌日期來源：ISIN
3565,奧圖碼科技,興櫃,2007-07-11,,inactive,未取得正式終止日期
3566,太陽光電能源科技,興櫃,2007-08-15,2010-03-18,inactive,終止日推定：次一市場start_date
3566,太陽光電能源科技,興櫃,2010-03-18,,inactive,未取得正式終止日期
3567,逸昌科技股份有限公司,興櫃,2007-08-14,2010-11-22,inactive,終止日推定：次一市場start_date
3567,逸昌,上櫃,2010-11-22,,active,掛牌日期來源：ISIN
3568,馥鴻,興櫃,2007-10-01,,inactive,未取得正式終止日期
3570,大塚資訊科技,興櫃,2007-09-07,2008-10-23,inactive,終止日推定：次一市場start_date
3570,大塚,上櫃,2008-10-23,,active,掛牌日期來源：ISIN
3571,兆宏電子股份有限公司,興櫃,2007-08-27,,inactive,未取得正式終止日期
3572,宏芯科技,興櫃,2007-09-14,,inactive,未取得正式終止日期
3573,穎台科技,興櫃,2007-09-06,2009-08-26,inactive,終止日推定：次一市場start_date
3573,穎台,上市,2009-08-26,,inactive,未取得正式終止日期
3574,森富科,興櫃,2008-09-26,,inactive,未取得正式終止日期
3575,琉明光電,興櫃,2010-09-27,,inactive,未取得正式終止日期
3576,新日光能源科技,興櫃,2007-10-09,2009-01-12,inactive,終止日推定：次一市場start_date
3576,聯合再生,上市,2009-01-12,,active,
3577,泓格,興櫃,2007-10-09,2009-01-06,inactive,終止日推定：次一市場start_date
3577,泓格,上櫃,2009-01-06,,active,掛牌日期來源：ISIN
3578,義發科技,興櫃,2007-10-25,,inactive,未取得正式終止日期
3579,尚志半導體,興櫃,2007-10-15,2009-12-23,inactive,終止日推定：次一市場start_date
3579,尚志,上市,2009-12-23,,inactive,未取得正式終止日期
3580,友威科技,興櫃,2007-10-25,2010-07-09,inactive,終止日推定：次一市場start_date
3580,友威科,上櫃,2010-07-09,,active,掛牌日期來源：ISIN
3581,博磊科技股份有限公司,興櫃,2007-10-02,2015-01-20,inactive,終止日推定：次一市場start_date
3581,博磊,上櫃,2015-01-20,,active,掛牌日期來源：ISIN
3582,凌耀,興櫃,2008-10-07,,inactive,未取得正式終止日期
3583,辛耘企業,興櫃,2012-04-23,2013-03-12,inactive,終止日推定：次一市場start_date
3583,辛耘,上市,2013-03-12,,active,
3584,介面光電,興櫃,2007-10-15,2010-07-27,inactive,終止日推定：次一市場start_date
3584,介面,上市,2010-07-27,,inactive,未取得正式終止日期
3585,聯致,興櫃,2007-10-25,,active,
3586,鋐達企業,興櫃,2007-10-29,,inactive,未取得正式終止日期
3587,閎康科技,興櫃,2008-01-21,2009-08-18,inactive,終止日推定：次一市場start_date
3587,閎康,上櫃,2009-08-18,,active,掛牌日期來源：ISIN
3588,通嘉科技,興櫃,2007-10-24,2009-08-14,inactive,終止日推定：次一市場start_date
3588,通嘉,上市,2009-08-14,,active,
3589,聯盛半導體,興櫃,2007-11-26,,inactive,未取得正式終止日期
3590,時緯科技,興櫃,2007-10-29,,inactive,未取得正式終止日期
3591,艾笛森光電,興櫃,2007-10-24,2010-11-12,inactive,終止日推定：次一市場start_date
3591,艾笛森,上市,2010-11-12,,active,
3592,瑞鼎科技,興櫃,2007-10-29,2022-01-07,inactive,終止日推定：次一市場start_date
3592,瑞鼎,上市,2022-01-07,,active,
3593,力銘科技,興櫃,2007-10-29,2009-03-16,inactive,終止日推定：次一市場start_date
3593,力銘,上市,2009-03-16,,active,
3594,磐儀科技,興櫃,2007-12-10,2013-05-07,inactive,終止日推定：次一市場start_date
3594,磐儀,上櫃,2013-05-07,,active,掛牌日期來源：ISIN
3595,山太士,興櫃,2007-11-16,,active,
3596,智易科技,興櫃,2007-10-30,2009-03-11,inactive,終止日推定：次一市場start_date
3596,智易,上市,2009-03-11,,active,
3597,映興電子,興櫃,2008-05-15,2020-03-09,inactive,終止日推定：次一市場start_date
3597,映興,上櫃,2020-03-09,,active,掛牌日期來源：ISIN
3598,奕力科技,興櫃,2009-05-08,2011-01-11,inactive,終止日推定：次一市場start_date
3598,奕力,上市,2011-01-11,,inactive,未取得正式終止日期
3599,旺能光電,興櫃,2007-11-21,2012-05-09,inactive,終止日推定：次一市場start_date
3599,旺能,上市,2012-05-09,,inactive,科技事業；未取得正式終止日期
3601,前源科技,興櫃,2007-11-28,2015-07-10,inactive,終止日推定：次一市場start_date
3601,前源科技,興櫃,2015-07-10,,inactive,未取得正式終止日期
3603,建祥國際,興櫃,2008-01-09,,active,
3604,立碁光能,興櫃,2010-10-29,,inactive,未取得正式終止日期
3605,宏致電子,興櫃,2007-12-28,2009-03-26,inactive,終止日推定：次一市場start_date
3605,宏致,上市,2009-03-26,,active,
3606,特佳光電,興櫃,2008-01-25,,inactive,未取得正式終止日期
3607,谷崧精密工業,興櫃,2008-01-28,2009-10-28,inactive,終止日推定：次一市場start_date
3607,谷崧,上市,2009-10-28,,active,
3609,東林科技,興櫃,2008-04-24,2011-01-11,inactive,終止日推定：次一市場start_date
3609,三一東林,上櫃,2011-01-11,,active,掛牌日期來源：ISIN
3610,啟耀光電,興櫃,2010-02-22,,inactive,未取得正式終止日期
3611,鼎翰,上櫃,2008-11-26,,active,掛牌日期來源：ISIN
3612,富鴻齊科技,興櫃,2008-04-15,,inactive,未取得正式終止日期
3613,碩達科技,興櫃,2009-12-31,,inactive,未取得正式終止日期
3614,誠致科技,興櫃,2008-02-26,2009-06-18,inactive,終止日推定：次一市場start_date
3614,誠致,上市,2009-06-18,,inactive,未取得正式終止日期
3615,安可光電,興櫃,2008-07-24,2009-04-15,inactive,終止日推定：次一市場start_date
3615,安可,上櫃,2009-04-15,,active,掛牌日期來源：ISIN
3616,宏瀨科技,興櫃,2008-12-23,2024-11-06,inactive,終止日推定：次一市場start_date
3616,泓辰,興櫃,2024-11-06,,inactive,未取得正式終止日期
3617,碩天科技,興櫃,2008-04-24,2009-12-23,inactive,終止日推定：次一市場start_date
3617,碩天,上市,2009-12-23,,active,
3619,冠輝科技,興櫃,2008-03-14,,inactive,未取得正式終止日期
3620,日月鴻科技,興櫃,2010-06-18,,inactive,未取得正式終止日期
3622,洋華光電,興櫃,2008-03-28,2009-03-25,inactive,終止日推定：次一市場start_date
3622,洋華,上市,2009-03-25,,active,
3623,富晶通科技,興櫃,2008-04-14,2010-04-28,inactive,終止日推定：次一市場start_date
3623,富晶通,上櫃,2010-04-28,,active,掛牌日期來源：ISIN
3624,光頡科技,興櫃,2008-05-15,2011-03-16,inactive,終止日推定：次一市場start_date
3624,光頡,上櫃,2011-03-16,,active,掛牌日期來源：ISIN
3625,西勝國際股份有限公司,興櫃,2008-04-29,2009-10-28,inactive,終止日推定：次一市場start_date
3625,西勝,上櫃,2009-10-28,,active,掛牌日期來源：ISIN
3627,華信光電科技,興櫃,2013-03-26,,inactive,未取得正式終止日期
3628,盈正豫順電子,興櫃,2009-08-17,2010-09-09,inactive,終止日推定：次一市場start_date
3628,盈正,上櫃,2010-09-09,,active,掛牌日期來源：ISIN
3629,卓韋光電,興櫃,2008-06-27,2020-06-01,inactive,終止日推定：次一市場start_date
3629,地心引力,上櫃,2020-06-01,,active,掛牌日期來源：ISIN
3630,新鉅科技,興櫃,2008-07-21,2010-04-26,inactive,終止日推定：次一市場start_date
3630,新鉅科,上櫃,2010-04-26,,active,掛牌日期來源：ISIN
3631,晟楠科技,興櫃,2008-09-25,2010-12-20,inactive,終止日推定：次一市場start_date
3631,晟楠,上櫃,2010-12-20,,active,掛牌日期來源：ISIN
3632,研勤科技,興櫃,2008-08-08,2011-01-11,inactive,終止日推定：次一市場start_date
3632,研勤,上櫃,2011-01-11,,active,掛牌日期來源：ISIN
3633,云光,興櫃,2008-08-06,,active,
3634,正翰科技,興櫃,2008-09-10,,inactive,未取得正式終止日期
3635,晶量半導體,興櫃,2008-09-11,,inactive,未取得正式終止日期
3636,晶越科技,興櫃,2008-09-05,,inactive,未取得正式終止日期
3637,鉅景科技,興櫃,2008-12-05,,inactive,未取得正式終止日期
3638,F-IML,上市,2010-05-18,,inactive,未取得正式終止日期
3642,駿熠電子科技,興櫃,2010-01-04,,inactive,未取得正式終止日期
3643,台睿科技,興櫃,2010-05-27,,inactive,未取得正式終止日期
3644,凌嘉科技,興櫃,2010-06-15,2026-06-15,inactive,終止日推定：次一市場start_date
3644,凌嘉科,興櫃,2026-06-15,,active,
3645,達邁科技,興櫃,2010-09-16,2011-10-05,inactive,終止日推定：次一市場start_date
3645,達邁,上市,2011-10-05,,active,
3646,艾恩特精密工業,興櫃,2010-04-01,2012-03-27,inactive,終止日推定：次一市場start_date
3646,艾恩特,上櫃,2012-03-27,,active,掛牌日期來源：ISIN
3647,旭晶能源科技,興櫃,2009-02-27,,inactive,未取得正式終止日期
3649,長裕欣業,興櫃,2010-09-10,,inactive,未取得正式終止日期
3651,F-天鵬,興櫃,2009-11-17,,inactive,未取得正式終止日期
3652,精聯,上市,2022-09-21,,active,櫃轉市
3653,健策精密工業,興櫃,2008-11-20,2009-11-18,inactive,終止日推定：次一市場start_date
3653,健策,上市,2009-11-18,,active,
3656,聯勝光電,興櫃,2009-06-16,,inactive,未取得正式終止日期
3657,大衛電子,興櫃,2009-09-24,,inactive,未取得正式終止日期
3658,漢民微測,興櫃,2011-04-29,,inactive,未取得正式終止日期
3659,百辰,興櫃,2009-10-19,,active,
3661,F-世芯,興櫃,2010-12-23,2014-10-28,inactive,終止日推定：次一市場start_date
3661,世芯-KY,上市,2014-10-28,,active,
3662,樂陞科技,興櫃,2009-05-20,,inactive,未取得正式終止日期
3663,鑫科材料科技股份有限公司,興櫃,2011-02-25,2012-11-20,inactive,終止日推定：次一市場start_date
3663,鑫科,上櫃,2012-11-20,,active,掛牌日期來源：ISIN
3664,F-安瑞,興櫃,2009-05-13,2010-06-24,inactive,終止日推定：次一市場start_date
3664,安瑞-KY,上櫃,2010-06-24,,active,掛牌日期來源：ISIN
3665,貿聯-KY,上市,2011-04-21,,active,
3666,光耀科技,興櫃,2009-06-19,2014-12-04,inactive,終止日推定：次一市場start_date
3666,光耀,上櫃,2014-12-04,,active,掛牌日期來源：ISIN
3669,圓展科技,興櫃,2009-07-15,2011-08-25,inactive,終止日推定：次一市場start_date
3669,圓展,上市,2011-08-25,,active,
3671,摩幻潛艇數位,興櫃,2010-08-02,,inactive,未取得正式終止日期
3672,康聯訊科技,興櫃,2014-01-13,2015-04-20,inactive,終止日推定：次一市場start_date
3672,康聯訊,上櫃,2015-04-20,,active,掛牌日期來源：ISIN
3673,TPK-KY,上市,2010-10-29,,active,
3674,康訊科技,興櫃,2010-06-01,,inactive,未取得正式終止日期
3675,德微科技,興櫃,2009-09-08,2012-06-29,inactive,終止日推定：次一市場start_date
3675,德微,上櫃,2012-06-29,,active,掛牌日期來源：ISIN
3678,聯享,興櫃,2009-10-22,,active,
3679,新至陞科技,興櫃,2009-11-12,2011-10-05,inactive,終止日推定：次一市場start_date
3679,新至陞,上市,2011-10-05,,active,
3680,家登精密工業,興櫃,2009-10-16,2011-08-31,inactive,終止日推定：次一市場start_date
3680,家登,上櫃,2011-08-31,,active,掛牌日期來源：ISIN
3681,實盈,興櫃,2010-04-01,,inactive,未取得正式終止日期
3682,亞太電信,興櫃,2011-12-01,2013-08-05,inactive,終止日推定：次一市場start_date
3682,亞太電,上市,2013-08-05,,inactive,未取得正式終止日期
3684,榮昌科技,興櫃,2009-12-31,2014-03-28,inactive,終止日推定：次一市場start_date
3684,榮昌,上櫃,2014-03-28,,active,掛牌日期來源：ISIN
3685,政翔精密,興櫃,2009-11-03,2010-12-08,inactive,終止日推定：次一市場start_date
3685,元創精密,上櫃,2010-12-08,,active,掛牌日期來源：ISIN
3686,達能科技,興櫃,2009-10-08,2010-07-20,inactive,終止日推定：次一市場start_date
3686,達能,上市,2010-07-20,,active,
3687,茂為歐買尬數位科技,興櫃,2010-01-05,2020-06-01,inactive,終止日推定：次一市場start_date
3687,歐買尬,上櫃,2020-06-01,,active,掛牌日期來源：ISIN
3688,華立捷科技,興櫃,2014-04-25,,inactive,未取得正式終止日期
3689,湧德電子,興櫃,2010-12-16,2012-10-18,inactive,終止日推定：次一市場start_date
3689,湧德,上櫃,2012-10-18,,active,掛牌日期來源：ISIN
3690,群豐科技,興櫃,2009-10-20,,inactive,未取得正式終止日期
3691,碩禾電子材料,興櫃,2009-10-12,2010-11-18,inactive,終止日推定：次一市場start_date
3691,碩禾,上櫃,2010-11-18,,active,掛牌日期來源：ISIN
3693,營邦企業,興櫃,2010-05-10,2013-11-27,inactive,終止日推定：次一市場start_date
3693,營邦,上櫃,2013-11-27,,active,掛牌日期來源：ISIN
3694,海華科技,興櫃,2009-10-30,2011-05-03,inactive,終止日推定：次一市場start_date
3694,海華,上市,2011-05-03,,active,
3697,F-晨星,上市,2010-12-24,,inactive,未取得正式終止日期
3698,隆達電子,興櫃,2010-03-26,2011-09-29,inactive,終止日推定：次一市場start_date
3698,隆達,上市,2011-09-29,,inactive,未取得正式終止日期
3701,大眾控,上市,2004-08-30,,active,轉換股份
3702,大聯大,上市,2005-11-09,,active,股份轉換
3703,欣陸,上市,2010-04-08,,active,大陸工程(2526)於當日下市，轉投控上市
3704,合勤控,上市,2010-08-16,,active,合勤(2391)下市，合勤控(3704)上市
3705,永信,上市,2011-01-03,,active,永信藥品(1716)於當日下市，轉投控上市
3706,神達,上市,2013-09-12,,active,神達電腦(2315)於當日下市，轉投控上市
3707,漢磊,上櫃,2014-10-01,,active,掛牌日期來源：ISIN
3708,上緯投控,上市,2016-08-31,,active,上緯(4733)於當日下市，轉投控上市
3709,鑫聯大投控,上櫃,1999-04-16,,active,掛牌日期來源：ISIN
3710,連展投控,上櫃,2017-12-29,,active,掛牌日期來源：ISIN
3711,日月光投控,上市,2018-04-30,,active,日月光(2311)、矽品(2325)於當日下市，轉投控上市
3712,永崴投控,上市,2018-10-01,,active,勁永(6145)於當日下市，轉投控上市
3713,新晶投控,上櫃,2020-02-27,,active,掛牌日期來源：ISIN
3714,富采,上市,2021-01-06,,active,晶電(2448)、隆達(3698)於當日下市，轉投控上市
3715,定穎投控,上市,2022-08-25,,active,定穎電子(6251)於當日下市，轉投控上市
3716,中化控股,上市,2024-09-02,,active,中化(1701)於當日下市，轉投控上市
3717,聯嘉投控,上市,2025-08-15,,active,聯嘉光電(6288)於當日下市，轉投控上市
3718,中光電投控,上櫃,2026-09-03,,active,
4102,永日,上櫃,2001-03-20,,active,掛牌日期來源：ISIN
4104,佳醫,上市,2007-12-31,,active,櫃轉市
4105,東洋,上櫃,2001-09-27,,active,掛牌日期來源：ISIN
4106,雃博,上市,2004-11-08,,active,櫃轉市
4107,邦特,上櫃,2002-03-04,,active,掛牌日期來源：ISIN
4108,懷特,上市,2008-07-16,,active,櫃轉市
4109,加捷生醫,上櫃,2002-08-08,,active,掛牌日期來源：ISIN
4111,濟生,上櫃,1999-03-06,,active,掛牌日期來源：ISIN
4113,聯上,上櫃,2003-07-22,,active,掛牌日期來源：ISIN
4114,健喬,上櫃,2003-05-12,,active,掛牌日期來源：ISIN
4115,善德生技,興櫃,2022-08-31,,active,
4116,三豐醫療器材股份有限公司,興櫃,2002-01-02,2015-12-16,inactive,終止日推定：次一市場start_date
4116,明基醫,上櫃,2015-12-16,,active,掛牌日期來源：ISIN
4117,普生,興櫃,2002-07-04,,active,
4119,旭富,上市,2004-01-07,,active,
4120,友華,上櫃,2003-11-05,,active,掛牌日期來源：ISIN
4121,優盛,上櫃,2003-07-25,,active,掛牌日期來源：ISIN
4123,晟德,上櫃,2003-10-07,,active,掛牌日期來源：ISIN
4124,期美科技股份有限公司,興櫃,2002-12-26,,inactive,未取得正式終止日期
4126,太醫,上櫃,2004-02-09,,active,掛牌日期來源：ISIN
4127,天良,上櫃,2005-07-29,,active,掛牌日期來源：ISIN
4128,中天,上櫃,2006-06-09,,active,掛牌日期來源：ISIN
4129,聯合,上櫃,2004-09-29,,active,掛牌日期來源：ISIN
4130,健亞生物科技股份有限公司,興櫃,2003-02-10,,inactive,未取得正式終止日期
4131,浩泰,上櫃,2004-04-09,,active,掛牌日期來源：ISIN
4132,國鼎生物科技,興櫃,2010-05-26,,inactive,未取得正式終止日期
4133,亞諾法生技,興櫃,2008-05-27,2009-12-28,inactive,終止日推定：次一市場start_date
4133,亞諾法,上市,2009-12-28,,active,
4134,台欣生物,興櫃,2008-06-11,,inactive,未取得正式終止日期
4135,天賜爾生物科技,興櫃,2008-12-25,,inactive,未取得正式終止日期
4136,英屬開曼群島商太和生技集團,興櫃,2016-01-27,,inactive,未取得正式終止日期
4137,麗豐-KY,上市,2013-11-27,,active,
4138,曜亞國際,興櫃,2009-12-28,2010-12-29,inactive,終止日推定：次一市場start_date
4138,曜亞,上櫃,2010-12-29,,active,掛牌日期來源：ISIN
4139,F-馬光,興櫃,2009-10-28,2011-04-29,inactive,終止日推定：次一市場start_date
4139,馬光-KY,上櫃,2011-04-29,,active,掛牌日期來源：ISIN
4140,康富生技中心,興櫃,2010-08-25,,inactive,未取得正式終止日期
4141,龍燈-KY,上市,2012-04-25,,inactive,未取得正式終止日期
4142,國光生物科技,興櫃,2010-09-29,2012-05-03,inactive,終止日推定：次一市場start_date
4142,國光生,上市,2012-05-03,,active,科技事業
4144,康聯-KY,上市,2011-10-05,,inactive,未取得正式終止日期
4145,KY繁葵,興櫃,2010-04-22,,inactive,未取得正式終止日期
4147,中裕新藥,興櫃,2010-06-28,2015-11-23,inactive,終止日推定：次一市場start_date
4147,中裕,上櫃,2015-11-23,,active,掛牌日期來源：ISIN
4148,全宇生技-KY,上市,2017-06-08,,active,
4150,優你康光學,興櫃,2010-09-15,,inactive,未取得正式終止日期
4151,明躍國際健康科技,興櫃,2010-12-08,,inactive,未取得正式終止日期
4152,台微體,興櫃,2011-10-24,,inactive,未取得正式終止日期
4153,鈺緯科技開發,興櫃,2010-10-11,2013-05-23,inactive,終止日推定：次一市場start_date
4153,鈺緯,上櫃,2013-05-23,,active,掛牌日期來源：ISIN
4154,F-康樂,興櫃,2011-07-27,2011-12-28,inactive,終止日推定：次一市場start_date
4154,樂威科-KY,上櫃,2011-12-28,,active,掛牌日期來源：ISIN
4155,訊映光電,興櫃,2010-12-30,2017-12-05,inactive,終止日推定：次一市場start_date
4155,訊映,上市,2017-12-05,,active,
4156,賽德醫藥,興櫃,2011-09-13,,inactive,未取得正式終止日期
4157,太景醫藥研發控股,興櫃,2013-08-30,,inactive,未取得正式終止日期
4157,太景*-KY,上櫃,2013-08-30,,active,掛牌日期來源：ISIN
4159,泉盛生物,興櫃,2012-01-17,,inactive,未取得正式終止日期
4160,創源,興櫃,2011-07-15,2012-09-17,inactive,終止日推定：次一市場start_date
4160,訊聯基因,上櫃,2012-09-17,,active,掛牌日期來源：ISIN
4161,聿新科,興櫃,2011-07-29,2013-06-26,inactive,終止日推定：次一市場start_date
4161,聿新科,上櫃,2013-06-26,,active,掛牌日期來源：ISIN
4162,智擎,興櫃,2011-09-01,2012-09-18,inactive,終止日推定：次一市場start_date
4162,智擎,上櫃,2012-09-18,,active,掛牌日期來源：ISIN
4163,鐿鈦科技,興櫃,2011-10-24,2012-11-15,inactive,終止日推定：次一市場start_date
4163,鐿鈦,上櫃,2012-11-15,,active,掛牌日期來源：ISIN
4164,承業,興櫃,2011-10-18,2012-10-24,inactive,終止日推定：次一市場start_date
4164,承業醫,上市,2012-10-24,,active,
4166,友霖生技,興櫃,2012-06-15,2025-08-21,inactive,終止日推定：次一市場start_date
4166,友霖,上櫃,2025-08-21,,active,
4167,展旺生命科技,興櫃,2012-12-21,2015-09-08,inactive,終止日推定：次一市場start_date
4167,松瑞藥,上櫃,2015-09-08,,active,掛牌日期來源：ISIN
4168,台灣醣聯生技醫藥,興櫃,2011-12-16,2012-12-18,inactive,終止日推定：次一市場start_date
4168,醣聯,上櫃,2012-12-18,,active,掛牌日期來源：ISIN
4169,泰宗生物科技,興櫃,2012-05-07,2026-04-08,inactive,終止日推定：次一市場start_date
4169,泰宗,上市,2026-04-08,,active,科技事業
4170,鑫品生醫科技,興櫃,2013-04-15,2023-12-28,inactive,終止日推定：次一市場start_date
4170,鑫品生醫,興櫃,2023-12-28,,active,
4171,瑞基海洋生物科技,興櫃,2012-11-19,2018-03-28,inactive,終止日推定：次一市場start_date
4171,瑞基,上櫃,2018-03-28,,active,掛牌日期來源：ISIN
4172,因華,興櫃,2012-09-13,,active,
4173,久裕,興櫃,2012-07-10,2013-10-31,inactive,終止日推定：次一市場start_date
4173,久裕,上櫃,2013-10-31,,active,掛牌日期來源：ISIN
4174,台灣浩鼎生技,興櫃,2012-12-12,2015-03-23,inactive,終止日推定：次一市場start_date
4174,浩鼎,上櫃,2015-03-23,,active,掛牌日期來源：ISIN
4175,杏一醫療,興櫃,2012-12-21,2014-04-23,inactive,終止日推定：次一市場start_date
4175,杏一,上櫃,2014-04-23,,active,掛牌日期來源：ISIN
4177,柏登生醫,興櫃,2012-10-09,,inactive,未取得正式終止日期
4178,永笙-KY,興櫃,2024-12-05,2026-04-30,inactive,終止日推定：次一市場start_date
4178,永笙-KY,上市,2026-04-30,,active,科技事業
4180,安成國際藥業,興櫃,2012-11-05,,inactive,未取得正式終止日期
4181,百丹特生醫,興櫃,2012-12-24,,inactive,未取得正式終止日期
4183,福永生技,興櫃,2012-11-13,2017-03-09,inactive,終止日推定：次一市場start_date
4183,福永生技,上櫃,2017-03-09,,active,掛牌日期來源：ISIN
4184,昕琦科技,興櫃,2012-12-27,,inactive,未取得正式終止日期
4186,尖端醫,興櫃,2012-11-27,,active,
4187,得榮生物科技,興櫃,2012-12-18,,inactive,未取得正式終止日期
4188,安克生醫,興櫃,2013-12-26,2015-03-24,inactive,終止日推定：次一市場start_date
4188,安克,上櫃,2015-03-24,,active,掛牌日期來源：ISIN
4190,佐登-KY,上市,2015-10-21,,active,
4191,法德生技藥品,興櫃,2013-07-08,,inactive,未取得正式終止日期
4192,杏國新藥,興櫃,2013-08-29,2014-10-28,inactive,終止日推定：次一市場start_date
4192,杏國,上櫃,2014-10-28,,active,掛牌日期來源：ISIN
4193,喬本生醫,興櫃,2015-04-20,,inactive,未取得正式終止日期
4194,禾生技,興櫃,2013-12-13,,active,
4195,基龍米克斯生物科技,興櫃,2013-12-16,2026-05-11,inactive,終止日推定：次一市場start_date
4195,基米-創,上市,2026-05-11,,active,創新板；ISIN市場別：創新板
4197,暐世,興櫃,2013-10-24,,active,
4198,環瑞醫投資控股,興櫃,2013-11-08,2014-12-23,inactive,終止日推定：次一市場start_date
4198,欣大健康,上櫃,2014-12-23,,active,掛牌日期來源：ISIN
4205,中華食,上櫃,1999-01-31,,active,掛牌日期來源：ISIN
4207,環泰,上櫃,2000-01-21,,active,掛牌日期來源：ISIN
4303,信立,上櫃,1999-03-10,,active,掛牌日期來源：ISIN
4304,勝昱,上櫃,2000-01-27,,active,掛牌日期來源：ISIN
4305,世坤,上櫃,2000-09-28,,active,掛牌日期來源：ISIN
4306,炎洲,上市,2008-01-21,,active,櫃轉市
4401,東隆興,上櫃,1996-05-09,,active,掛牌日期來源：ISIN
4402,郡都開發,上櫃,1997-07-23,,active,掛牌日期來源：ISIN
4406,新昕纖,上櫃,1999-01-14,,active,掛牌日期來源：ISIN
4413,飛寶企業,上櫃,1999-07-29,,active,掛牌日期來源：ISIN
4414,如興,上市,2004-09-06,,active,櫃轉市
4416,三圓,上櫃,2000-05-06,,active,掛牌日期來源：ISIN
4417,金洲,上櫃,2000-11-07,,active,掛牌日期來源：ISIN
4419,皇家美食,上櫃,2001-06-26,,active,掛牌日期來源：ISIN
4420,光明,上櫃,2002-04-18,,active,掛牌日期來源：ISIN
4426,利勤,上市,2011-12-16,,active,櫃轉市
4427,展頌,興櫃,2010-11-22,,inactive,未取得正式終止日期
4429,聚紡,興櫃,2009-09-09,,inactive,未取得正式終止日期
4430,耀億工業,興櫃,2009-10-30,2011-06-09,inactive,終止日推定：次一市場start_date
4430,耀億,上櫃,2011-06-09,,active,掛牌日期來源：ISIN
4431,敏成健康,興櫃,2011-08-30,,active,
4432,銘旺實業,興櫃,2011-09-06,2012-11-26,inactive,終止日推定：次一市場start_date
4432,銘旺實,上櫃,2012-11-26,,active,掛牌日期來源：ISIN
4433,興采實業,興櫃,2013-02-18,2014-11-03,inactive,終止日推定：次一市場start_date
4433,興采,上櫃,2014-11-03,,active,掛牌日期來源：ISIN
4438,廣越企業,興櫃,2015-07-28,2016-10-18,inactive,終止日推定：次一市場start_date
4438,廣越,上市,2016-10-18,,active,
4439,冠星-KY,上市,2019-12-05,,active,
4440,宜新實業,興櫃,2019-09-11,2021-10-25,inactive,終止日推定：次一市場start_date
4440,宜新實業,上市,2021-10-25,,active,
4441,振大環球,興櫃,2022-01-26,2025-09-09,inactive,終止日推定：次一市場start_date
4441,振大環球,上市,2025-09-09,,active,
4442,竣邦-KY,上櫃,2023-11-29,,active,
4502,健信,上櫃,1995-12-12,,active,掛牌日期來源：ISIN
4503,金雨,上櫃,1996-12-19,,active,掛牌日期來源：ISIN
4506,崇友,上櫃,1997-12-06,,active,掛牌日期來源：ISIN
4510,高鋒,上櫃,1998-02-24,,active,掛牌日期來源：ISIN
4513,福裕,上櫃,1998-03-25,,active,掛牌日期來源：ISIN
4523,永彰,上櫃,1999-11-22,,active,掛牌日期來源：ISIN
4526,東台,上市,2003-09-15,,active,櫃轉市
4527,方土霖,上櫃,2000-09-28,,active,掛牌日期來源：ISIN
4528,江興鍛,上櫃,2001-02-12,,active,掛牌日期來源：ISIN
4529,淳紳,上櫃,2001-05-04,,active,掛牌日期來源：ISIN
4530,天意能創,上櫃,2001-04-30,,active,掛牌日期來源：ISIN
4532,瑞智,上市,2003-08-04,,active,櫃轉市
4533,協易機,上櫃,2002-04-26,,active,掛牌日期來源：ISIN
4534,慶騰,上櫃,2003-03-31,,active,掛牌日期來源：ISIN
4535,至興,上櫃,2003-04-16,,active,掛牌日期來源：ISIN
4536,拓凱實業,興櫃,2011-10-20,2013-10-09,inactive,終止日推定：次一市場start_date
4536,拓凱,上市,2013-10-09,,active,
4537,旭東,興櫃,2012-05-03,,active,
4538,大詠城機械,興櫃,2012-05-28,2019-01-15,inactive,終止日推定：次一市場start_date
4538,大詠城,上櫃,2019-01-15,,active,掛牌日期來源：ISIN
4540,全球傳動科技,興櫃,2014-11-19,2018-08-15,inactive,終止日推定：次一市場start_date
4540,全球傳動,上市,2018-08-15,,active,
4541,晟田科技工業,興櫃,2013-06-25,2014-07-22,inactive,終止日推定：次一市場start_date
4541,晟田,上櫃,2014-07-22,,active,掛牌日期來源：ISIN
4542,科嶠工業,興櫃,2012-12-18,2014-08-25,inactive,終止日推定：次一市場start_date
4542,科嶠,上櫃,2014-08-25,,active,掛牌日期來源：ISIN
4543,萬在工業,興櫃,2014-10-07,2016-03-15,inactive,終止日推定：次一市場start_date
4543,萬在,上櫃,2016-03-15,,active,掛牌日期來源：ISIN
4544,春日,興櫃,2012-12-24,,active,
4545,銘鈺精密工業,興櫃,2013-04-22,2016-01-06,inactive,終止日推定：次一市場start_date
4545,銘鈺,上市,2016-01-06,,active,
4546,長亨精密,興櫃,2013-07-30,,inactive,未取得正式終止日期
4547,主新德科技,興櫃,2013-10-23,,inactive,未取得正式終止日期
4549,桓達科技,興櫃,2013-12-05,2014-11-27,inactive,終止日推定：次一市場start_date
4549,桓達,上櫃,2014-11-27,,active,掛牌日期來源：ISIN
4550,長佳機電,興櫃,2013-11-25,2015-03-18,inactive,終止日推定：次一市場start_date
4550,長佳,上櫃,2015-03-18,,active,掛牌日期來源：ISIN
4551,智伸科技,興櫃,2014-01-08,2015-08-10,inactive,終止日推定：次一市場start_date
4551,智伸科,上市,2015-08-10,,active,
4552,力達-KY,上市,2016-07-20,,active,
4553,盛復,興櫃,2014-09-16,,active,
4554,橙的電子,興櫃,2014-09-05,2016-08-05,inactive,終止日推定：次一市場start_date
4554,橙的,上櫃,2016-08-05,,active,掛牌日期來源：ISIN
4555,台灣氣立,興櫃,2014-09-18,2015-10-27,inactive,終止日推定：次一市場start_date
4555,氣立,上市,2015-10-27,,active,
4556,旭然國際,興櫃,2014-10-16,2015-12-22,inactive,終止日推定：次一市場start_date
4556,旭然,上櫃,2015-12-22,,active,掛牌日期來源：ISIN
4557,永新-KY,上市,2015-10-12,,active,
4558,寶緯工業,興櫃,2014-11-14,2022-03-17,inactive,終止日推定：次一市場start_date
4558,寶緯,上櫃,2022-03-17,,active,
4559,久裕興,興櫃,2014-12-08,,active,
4560,強信機械科技,興櫃,2016-12-09,2017-05-26,inactive,終止日推定：次一市場start_date
4560,強信-KY,上市,2017-05-26,,active,
4561,健椿工業,興櫃,2016-11-29,2018-06-11,inactive,終止日推定：次一市場start_date
4561,健椿,上櫃,2018-06-11,,active,掛牌日期來源：ISIN
4562,穎漢科技,興櫃,2015-11-20,2017-08-21,inactive,終止日推定：次一市場start_date
4562,穎漢,上市,2017-08-21,,active,
4563,百德機械,興櫃,2016-05-30,2018-07-12,inactive,終止日推定：次一市場start_date
4563,百德,上櫃,2018-07-12,,active,掛牌日期來源：ISIN
4564,元翎精密工業,興櫃,2017-01-20,2019-03-07,inactive,終止日推定：次一市場start_date
4564,元翎,上市,2019-03-07,,active,
4565,宏偉,興櫃,2016-10-05,,active,
4566,時碩工業,興櫃,2017-02-24,2018-02-05,inactive,終止日推定：次一市場start_date
4566,時碩工業,上市,2018-02-05,,active,
4568,科際精密,興櫃,2017-10-26,2018-10-03,inactive,終止日推定：次一市場start_date
4568,科際精密,上櫃,2018-10-03,,active,掛牌日期來源：ISIN
4569,六方科-KY,上市,2023-07-31,,active,
4570,傑生,興櫃,2019-08-06,2024-03-14,inactive,終止日推定：次一市場start_date
4570,傑生,興櫃,2024-03-14,,active,
4571,鈞興-KY,上市,2019-09-17,,active,
4572,駐龍,興櫃,2018-06-27,2019-09-10,inactive,終止日推定：次一市場start_date
4572,駐龍,上市,2019-09-10,,active,科技事業
4573,高明鐵,興櫃,2018-07-26,,active,
4575,銓寶,興櫃,2018-11-19,,active,
4576,大銀微系統,興櫃,2018-10-29,2019-09-04,inactive,終止日推定：次一市場start_date
4576,大銀微系統,上市,2019-09-04,,active,
4577,達航,興櫃,2020-10-27,2022-06-14,inactive,終止日推定：次一市場start_date
4577,達航科技,上櫃,2022-06-14,,active,
4578,總格精密,興櫃,2018-10-31,,inactive,未取得正式終止日期
4580,捷流閥業,興櫃,2018-12-14,2020-01-06,inactive,終止日推定：次一市場start_date
4580,捷流閥業,上櫃,2020-01-06,,active,掛牌日期來源：ISIN
4581,光隆精密-KY,上市,2020-03-09,,active,
4582,聚恆,興櫃,2019-09-30,2026-05-22,inactive,終止日推定：次一市場start_date
4582,聚恆-創,上市,2026-05-22,,active,創新板；ISIN市場別：創新板
4583,台灣精銳,興櫃,2020-12-01,2022-05-09,inactive,終止日推定：次一市場start_date
4583,台灣精銳,上市,2022-05-09,,active,
4584,君帆,興櫃,2021-10-05,2022-10-05,inactive,終止日推定：次一市場start_date
4584,君帆,上櫃,2022-10-05,,active,
4585,達明,興櫃,2024-09-26,2025-09-26,inactive,終止日推定：次一市場start_date
4585,達明,上市,2025-09-26,,active,科技事業
4587,寶元數控,興櫃,2022-07-27,,active,
4588,玖鼎電力,興櫃,2022-11-04,2024-01-29,inactive,終止日推定：次一市場start_date
4588,玖鼎電力,上市,2024-01-29,,active,科技事業
4589,碩陽電機,興櫃,2023-04-27,,active,
4590,富田,興櫃,2024-11-11,2026-01-29,inactive,終止日推定：次一市場start_date
4590,富田-創,上市,2026-01-29,,active,創新板；ISIN市場別：創新板
4609,唐鋒,上櫃,2000-05-19,,active,掛牌日期來源：ISIN
4702,中美實,上櫃,1995-04-21,,active,掛牌日期來源：ISIN
4706,大恭,上櫃,1998-04-17,,active,掛牌日期來源：ISIN
4707,磐亞,上櫃,1998-05-20,,active,掛牌日期來源：ISIN
4711,永純,上櫃,1999-02-24,,active,掛牌日期來源：ISIN
4714,永捷,上櫃,2000-03-27,,active,掛牌日期來源：ISIN
4716,大立,上櫃,2000-03-27,,active,掛牌日期來源：ISIN
4720,德淵,上市,2015-06-24,,active,櫃轉市
4721,美琪瑪,上櫃,2001-03-09,,active,掛牌日期來源：ISIN
4722,國精化,上市,2012-08-15,,active,櫃轉市
4724,宣捷幹細胞,興櫃,2023-06-16,,active,
4725,信昌化,上市,2007-10-02,,inactive,未取得正式終止日期
4726,永昕生物醫藥,興櫃,2008-10-30,2013-12-25,inactive,終止日推定：次一市場start_date
4726,永昕,上櫃,2013-12-25,,active,掛牌日期來源：ISIN
4727,康齡醫學,興櫃,2007-04-03,,inactive,未取得正式終止日期
4728,双美生物科技(簡稱雙美),興櫃,2010-01-25,2012-01-10,inactive,終止日推定：次一市場start_date
4728,雙美,上櫃,2012-01-10,,active,掛牌日期來源：ISIN
4729,熒茂光學,興櫃,2007-10-01,2009-02-24,inactive,終止日推定：次一市場start_date
4729,熒茂,上櫃,2009-02-24,,active,掛牌日期來源：ISIN
4730,通用矽酮,興櫃,2011-11-30,,inactive,未取得正式終止日期
4731,東宇生物科技,興櫃,2007-11-09,,inactive,未取得正式終止日期
4732,彥臣,興櫃,2007-12-25,,active,
4733,上緯企業股份有限公司,興櫃,2007-12-06,2010-12-30,inactive,終止日推定：次一市場start_date
4733,上緯,上市,2010-12-30,,inactive,櫃轉市；未取得正式終止日期
4734,國維聯合科技,興櫃,2008-05-15,,inactive,未取得正式終止日期
4735,豪展醫療科技,興櫃,2010-04-27,2011-08-16,inactive,終止日推定：次一市場start_date
4735,豪展,上櫃,2011-08-16,,active,掛牌日期來源：ISIN
4736,泰博科技,興櫃,2008-09-26,2023-12-22,inactive,終止日推定：次一市場start_date
4736,泰博,上市,2023-12-22,,active,櫃轉市
4737,華廣生技,興櫃,2009-08-26,2010-12-23,inactive,終止日推定：次一市場start_date
4737,華廣,上市,2010-12-23,,active,科技事業
4738,大同精化,興櫃,2009-09-09,,active,
4739,康普材料科技,興櫃,2010-12-13,2017-09-08,inactive,終止日推定：次一市場start_date
4739,康普,上市,2017-09-08,,active,櫃轉市
4740,賽德生物科技,興櫃,2009-06-19,,inactive,未取得正式終止日期
4741,泓瀚科技,興櫃,2010-01-04,2017-09-26,inactive,終止日推定：次一市場start_date
4741,泓瀚,上櫃,2017-09-26,,active,掛牌日期來源：ISIN
4743,合一生技,興櫃,2009-06-19,2011-09-23,inactive,終止日推定：次一市場start_date
4743,合一,上櫃,2011-09-23,,active,掛牌日期來源：ISIN
4744,皇將科技,興櫃,2009-05-27,2018-07-12,inactive,終止日推定：次一市場start_date
4744,皇將,上櫃,2018-07-12,,active,掛牌日期來源：ISIN
4745,F-合富,興櫃,2009-05-22,2013-01-30,inactive,終止日推定：次一市場start_date
4745,合富-KY,上櫃,2013-01-30,,active,掛牌日期來源：ISIN
4746,台耀化學,興櫃,2009-11-27,2011-03-01,inactive,終止日推定：次一市場start_date
4746,台耀,上市,2011-03-01,,active,
4747,強生化學製藥廠,興櫃,2010-01-08,2013-12-25,inactive,終止日推定：次一市場start_date
4747,強生*,上櫃,2013-12-25,,active,掛牌日期來源：ISIN
4749,新應材,興櫃,2010-08-10,2022-02-15,inactive,終止日推定：次一市場start_date
4749,新應材,興櫃,2022-02-15,2025-01-17,inactive,終止日推定：次一市場start_date
4749,新應材,上櫃,2025-01-17,,active,
4752,聯超實業,興櫃,2012-12-27,,inactive,未取得正式終止日期
4754,國碳科技,興櫃,2012-11-27,2016-09-28,inactive,終止日推定：次一市場start_date
4754,國碳科,上櫃,2016-09-28,,active,掛牌日期來源：ISIN
4755,三福化工,興櫃,2012-12-12,2013-11-27,inactive,終止日推定：次一市場start_date
4755,三福化,上市,2013-11-27,,active,
4758,桐寶,興櫃,2013-07-11,,inactive,未取得正式終止日期
4760,勤凱科技,興櫃,2015-10-08,2019-03-21,inactive,終止日推定：次一市場start_date
4760,勤凱,上櫃,2019-03-21,,active,掛牌日期來源：ISIN
4763,材料*-KY,上市,2015-11-09,,active,
4764,雙鍵化工,興櫃,2016-10-14,2018-01-04,inactive,終止日推定：次一市場start_date
4764,雙鍵,上市,2018-01-04,,active,
4765,磐采,興櫃,2016-12-05,,active,
4766,南寶,興櫃,2017-07-21,2018-11-28,inactive,終止日推定：次一市場start_date
4766,南寶,上市,2018-11-28,,active,
4767,誠泰科技,興櫃,2017-09-30,2018-10-29,inactive,終止日推定：次一市場start_date
4767,誠泰科技,上櫃,2018-10-29,,active,掛牌日期來源：ISIN
4768,晶呈科技,興櫃,2019-11-26,2022-04-13,inactive,終止日推定：次一市場start_date
4768,晶呈科技,上櫃,2022-04-13,,active,
4770,上品綜合,興櫃,2020-09-28,2021-12-22,inactive,終止日推定：次一市場start_date
4770,上品,上市,2021-12-22,,active,
4771,望隼,興櫃,2021-11-02,2024-03-18,inactive,終止日推定：次一市場start_date
4771,望隼,上市,2024-03-18,,active,科技事業
4772,台特化,興櫃,2022-09-21,2024-09-20,inactive,終止日推定：次一市場start_date
4772,台特化,上櫃,2024-09-20,,active,
4773,高福-新,興櫃,2022-06-22,,inactive,未取得正式終止日期
4802,樂陞美術館,興櫃,2014-07-03,,inactive,未取得正式終止日期
4804,大略國際控股,興櫃,2014-12-27,2015-12-04,inactive,終止日推定：次一市場start_date
4804,大略-KY,上櫃,2015-12-04,,active,掛牌日期來源：ISIN
4805,華聯國際多媒體,興櫃,2014-12-11,,inactive,未取得正式終止日期
4806,昇華娛樂傳播,興櫃,2014-12-08,2016-03-09,inactive,終止日推定：次一市場start_date
4806,桂田文創,上櫃,2016-03-09,,active,掛牌日期來源：ISIN
4807,日成控股,興櫃,2016-11-28,2017-06-26,inactive,終止日推定：次一市場start_date
4807,日成-KY,上市,2017-06-26,,active,
4903,聯光通,上櫃,2001-05-14,,active,掛牌日期來源：ISIN
4904,遠傳,上市,2005-08-24,,active,櫃轉市
4905,台聯電,上櫃,2026-06-01,,active,掛牌日期來源：ISIN
4906,正文,上市,2003-06-30,,active,櫃轉市
4907,富宇,上櫃,2002-03-04,,active,掛牌日期來源：ISIN
4908,前鼎,上櫃,2002-02-27,,active,掛牌日期來源：ISIN
4909,新復興,上櫃,2002-11-28,,active,掛牌日期來源：ISIN
4911,德英生物科技,興櫃,2008-04-28,2011-03-21,inactive,終止日推定：次一市場start_date
4911,德英,上櫃,2011-03-21,,active,掛牌日期來源：ISIN
4912,F-聯德,興櫃,2009-12-17,2015-05-21,inactive,終止日推定：次一市場start_date
4912,聯德控股-KY,上市,2015-05-21,,active,櫃轉市
4913,宇辰光電,興櫃,2010-01-14,,inactive,未取得正式終止日期
4914,和鍥精密電子,興櫃,2009-12-23,,inactive,未取得正式終止日期
4915,致伸科技,興櫃,2009-12-31,2012-10-05,inactive,終止日推定：次一市場start_date
4915,致伸,上市,2012-10-05,,active,
4916,事欣科技,興櫃,2009-12-25,2013-11-21,inactive,終止日推定：次一市場start_date
4916,事欣科,上市,2013-11-21,,active,
4917,KY潤百,興櫃,2009-12-25,,inactive,未取得正式終止日期
4919,新唐科技,興櫃,2010-01-29,2010-09-27,inactive,終止日推定：次一市場start_date
4919,新唐,上市,2010-09-27,,active,
4920,尚芳國際興業,興櫃,2010-02-10,,inactive,未取得正式終止日期
4921,宏陽科技,興櫃,2010-01-27,,inactive,未取得正式終止日期
4922,旭能光電,興櫃,2011-09-06,,inactive,未取得正式終止日期
4923,力士科技,興櫃,2010-06-30,2022-03-14,inactive,終止日推定：次一市場start_date
4923,力士,上櫃,2022-03-14,,active,
4924,F-欣厚,興櫃,2010-01-13,2011-10-18,inactive,終止日推定：次一市場start_date
4924,欣厚-KY,上櫃,2011-10-18,,active,掛牌日期來源：ISIN
4925,智微,興櫃,2010-10-28,,active,
4927,F-泰鼎,興櫃,2010-02-03,2015-09-08,inactive,終止日推定：次一市場start_date
4927,泰鼎-KY,上市,2015-09-08,,active,櫃轉市
4929,華燈光電,興櫃,2010-02-08,,inactive,未取得正式終止日期
4930,燦星網,上市,2010-06-21,,active,
4931,新盛力科技,興櫃,2010-03-08,2017-04-27,inactive,終止日推定：次一市場start_date
4931,新盛力,興櫃,2017-04-27,2019-09-17,inactive,終止日推定：次一市場start_date
4931,新盛力,上櫃,2019-09-17,,active,掛牌日期來源：ISIN
4932,瑞晶電子,興櫃,2010-04-20,,inactive,未取得正式終止日期
4933,友輝光電,興櫃,2010-05-04,,inactive,未取得正式終止日期
4933,友輝,上櫃,2010-05-04,,active,掛牌日期來源：ISIN
4934,太極能源科技,興櫃,2010-03-10,2011-08-16,inactive,終止日推定：次一市場start_date
4934,太極,上市,2011-08-16,,active,
4935,茂林-KY,上市,2011-07-28,,active,
4938,和碩,上市,2010-06-24,,active,
4939,亞洲電材,興櫃,2010-05-27,2011-09-19,inactive,終止日推定：次一市場start_date
4939,亞電,上櫃,2011-09-19,,active,掛牌日期來源：ISIN
4941,晶積科技,興櫃,2010-05-05,,inactive,未取得正式終止日期
4942,嘉彰,興櫃,2010-05-06,2011-06-27,inactive,終止日推定：次一市場start_date
4942,嘉彰,上市,2011-06-27,,active,
4943,F-康控,興櫃,2011-07-12,2016-11-11,inactive,終止日推定：次一市場start_date
4943,康控-KY,上市,2016-11-11,,active,
4944,兆遠科技,興櫃,2010-06-11,,inactive,未取得正式終止日期
4945,陞達科技,興櫃,2019-06-28,,inactive,未取得正式終止日期
4946,紅心辣椒娛樂科技,興櫃,2010-05-31,2011-06-10,inactive,終止日推定：次一市場start_date
4946,辣椒,上櫃,2011-06-10,,active,掛牌日期來源：ISIN
4949,有成精密,興櫃,2010-06-24,2023-01-16,inactive,終止日推定：次一市場start_date
4949,有成精密,興櫃,2023-01-16,2024-05-09,inactive,終止日推定：次一市場start_date
4949,有成精密,上市,2024-05-09,,active,
4950,牧東光電,興櫃,2010-06-29,2012-04-27,inactive,終止日推定：次一市場start_date
4950,金耘國際,上櫃,2012-04-27,,active,掛牌日期來源：ISIN
4951,精拓科技,興櫃,2010-06-29,2022-11-03,inactive,終止日推定：次一市場start_date
4951,精拓科,上櫃,2022-11-03,,active,
4952,凌通科技,興櫃,2010-08-09,2011-11-01,inactive,終止日推定：次一市場start_date
4952,凌通,上市,2011-11-01,,active,
4953,緯創軟體,興櫃,2010-06-25,2026-07-30,inactive,終止日推定：次一市場start_date
4953,緯致,上櫃,2026-07-30,,active,掛牌日期來源：ISIN
4956,光鋐科技,興櫃,2010-10-25,2011-10-24,inactive,終止日推定：次一市場start_date
4956,光鋐,上市,2011-10-24,,active,
4958,臻鼎-KY,上市,2011-12-26,,active,
4960,奇美材料科技,興櫃,2010-08-30,2011-10-24,inactive,終止日推定：次一市場start_date
4960,誠美材,上市,2011-10-24,,active,
4961,天鈺科技,興櫃,2010-09-02,2018-10-17,inactive,終止日推定：次一市場start_date
4961,天鈺,上市,2018-10-17,,active,
4962,維翰實業,興櫃,2010-09-24,,inactive,未取得正式終止日期
4963,八陽光電,興櫃,2010-12-08,,inactive,未取得正式終止日期
4965,商店街市集國際資訊,興櫃,2010-10-13,,inactive,未取得正式終止日期
4966,譜瑞-KY,上櫃,2011-09-13,,active,掛牌日期來源：ISIN
4967,十銓科技,興櫃,2010-10-13,2019-01-14,inactive,終止日推定：次一市場start_date
4967,十銓,上市,2019-01-14,,active,
4968,立積電子,興櫃,2010-10-01,2015-11-13,inactive,終止日推定：次一市場start_date
4968,立積,上市,2015-11-13,,active,科技事業
4969,兆晶科技,興櫃,2010-09-24,,inactive,未取得正式終止日期
4971,IET-KY,上櫃,2013-07-24,,active,掛牌日期來源：ISIN
4972,湯石照明科技,興櫃,2011-02-25,2013-06-17,inactive,終止日推定：次一市場start_date
4972,湯石照明,上櫃,2013-06-17,,active,掛牌日期來源：ISIN
4973,廣穎電通,興櫃,2011-01-11,2012-06-19,inactive,終止日推定：次一市場start_date
4973,廣穎,上櫃,2012-06-19,,active,掛牌日期來源：ISIN
4974,亞泰影像科技,興櫃,2010-11-19,2011-11-29,inactive,終止日推定：次一市場start_date
4974,亞泰,上櫃,2011-11-29,,active,掛牌日期來源：ISIN
4975,福聚太陽能,興櫃,2011-08-19,,inactive,未取得正式終止日期
4976,佳凌科技,興櫃,2011-01-24,2012-11-20,inactive,終止日推定：次一市場start_date
4976,佳凌,上市,2012-11-20,,active,
4977,F-眾達,興櫃,2012-12-26,2013-11-20,inactive,終止日推定：次一市場start_date
4977,眾達-KY,上市,2013-11-20,,active,
4978,宏普科技,興櫃,2010-11-26,,inactive,未取得正式終止日期
4979,華星光通科技,興櫃,2010-11-16,2011-12-12,inactive,終止日推定：次一市場start_date
4979,華星光,上櫃,2011-12-12,,active,掛牌日期來源：ISIN
4980,佐臻,興櫃,2010-11-16,,active,
4984,科納-KY,上市,2011-08-31,,inactive,未取得正式終止日期
4987,科誠,興櫃,2010-11-24,,inactive,未取得正式終止日期
4989,李長榮科技,興櫃,2011-01-25,2017-06-26,inactive,終止日推定：次一市場start_date
4989,榮科,興櫃,2017-06-26,2018-06-28,inactive,終止日推定：次一市場start_date
4989,榮科,上市,2018-06-28,,active,
4990,晶美應用材料,興櫃,2010-12-24,,inactive,未取得正式終止日期
4991,F-環宇,興櫃,2012-03-30,2014-09-15,inactive,終止日推定：次一市場start_date
4991,環宇-KY,上櫃,2014-09-15,,active,掛牌日期來源：ISIN
4992,宇通光能,興櫃,2010-12-29,,inactive,未取得正式終止日期
4994,傳奇,興櫃,2010-12-24,2013-12-25,inactive,終止日推定：次一市場start_date
4994,傳奇,上市,2013-12-25,,active,櫃轉市
4995,晶達光電,興櫃,2010-12-29,2012-05-09,inactive,終止日推定：次一市場start_date
4995,晶達,上櫃,2012-05-09,,active,掛牌日期來源：ISIN
4996,智盛全球,興櫃,2011-01-11,,inactive,未取得正式終止日期
4997,齊瀚光電,興櫃,2011-02-21,,inactive,未取得正式終止日期
4999,鑫禾科技,興櫃,2011-05-24,2013-06-03,inactive,終止日推定：次一市場start_date
4999,鑫禾,上市,2013-06-03,,active,
5007,三星,上市,2011-09-16,,active,櫃轉市
5009,榮剛,上櫃,1998-10-17,,active,掛牌日期來源：ISIN
5011,久陽,上櫃,1999-05-06,,active,掛牌日期來源：ISIN
5013,強新,上櫃,2000-05-08,,active,掛牌日期來源：ISIN
5014,建錩,上櫃,2001-02-15,,active,掛牌日期來源：ISIN
5015,華祺,上櫃,2000-12-15,,active,掛牌日期來源：ISIN
5016,松和,上櫃,2001-03-05,,active,掛牌日期來源：ISIN
5201,凱衛,上櫃,2000-10-12,,active,掛牌日期來源：ISIN
5202,力新,上櫃,2000-10-18,,active,掛牌日期來源：ISIN
5203,訊連,上市,2004-09-27,,active,櫃轉市
5205,中茂,上櫃,2001-05-14,,active,掛牌日期來源：ISIN
5206,坤悅,上櫃,2001-10-08,,active,掛牌日期來源：ISIN
5209,新鼎,上櫃,2002-02-25,,active,掛牌日期來源：ISIN
5210,寶碩,上櫃,2002-04-25,,active,掛牌日期來源：ISIN
5211,蒙恬,上櫃,2002-12-23,,active,掛牌日期來源：ISIN
5212,凌網,上櫃,2003-03-24,,active,掛牌日期來源：ISIN
5213,亞昕,上櫃,2003-04-24,,active,掛牌日期來源：ISIN
5215,科嘉-KY,上市,2011-12-26,,active,
5216,晶讚光電,興櫃,2011-03-15,,inactive,未取得正式終止日期
5217,旭泓全球光電,興櫃,2011-01-24,,inactive,未取得正式終止日期
5220,萬達光電科技,興櫃,2014-10-07,2018-04-26,inactive,終止日推定：次一市場start_date
5220,萬達光電,上櫃,2018-04-26,,active,掛牌日期來源：ISIN
5221,合晶光電,興櫃,2011-03-01,,inactive,未取得正式終止日期
5222,全訊科技,興櫃,2012-12-19,2021-10-25,inactive,終止日推定：次一市場start_date
5222,全訊,上市,2021-10-25,,active,
5223,安力-KY,上櫃,2018-07-02,,active,掛牌日期來源：ISIN
5225,東科-KY,上市,2012-11-05,,active,
5226,太一節能系統,興櫃,2011-04-20,,inactive,未取得正式終止日期
5227,立凱-KY,上櫃,2013-12-09,,active,掛牌日期來源：ISIN
5228,鈺鎧科技,興櫃,2015-03-26,2022-05-20,inactive,終止日推定：次一市場start_date
5228,鈺鎧,上櫃,2022-05-20,,active,
5229,立宇高新科技,興櫃,2011-04-27,,inactive,未取得正式終止日期
5230,雷笛克光學,興櫃,2011-05-03,2012-06-05,inactive,終止日推定：次一市場start_date
5230,雷笛克光學,上櫃,2012-06-05,,active,掛牌日期來源：ISIN
5231,鑫晶鑽科技,興櫃,2011-04-25,,inactive,未取得正式終止日期
5232,F-怡德,興櫃,2011-07-28,,inactive,未取得正式終止日期
5233,有量科技,興櫃,2011-06-28,,inactive,未取得正式終止日期
5234,達興材料,興櫃,2011-05-12,2012-07-16,inactive,終止日推定：次一市場start_date
5234,達興材料,上市,2012-07-16,,active,
5236,凌陽創新,興櫃,2020-09-23,2021-07-29,inactive,終止日推定：次一市場start_date
5236,凌陽創新,上櫃,2021-07-29,2026-07-16,inactive,終止上櫃日推定：櫃轉市上市日
5236,凌陽創新,上市,2026-07-16,,active,櫃轉市
5238,威力能源,興櫃,2011-07-08,,inactive,未取得正式終止日期
5239,宏鈺半導體,興櫃,2011-07-28,,inactive,未取得正式終止日期
5240,建騰,興櫃,2011-06-22,,active,
5242,佳晶科技,興櫃,2011-09-13,,inactive,未取得正式終止日期
5243,乙盛-KY,上市,2013-11-25,,active,
5244,弘凱光電,興櫃,2012-01-05,2022-01-19,inactive,終止日推定：次一市場start_date
5244,弘凱,上市,2022-01-19,,active,
5245,智晶光電,興櫃,2011-08-29,2015-05-25,inactive,終止日推定：次一市場start_date
5245,智晶,上櫃,2015-05-25,,active,掛牌日期來源：ISIN
5246,勵威,興櫃,2022-11-03,,active,
5247,映相科技,興櫃,2011-09-02,,inactive,未取得正式終止日期
5248,景傳,興櫃,2011-09-06,,active,
5250,奇岩電子,興櫃,2011-09-29,,inactive,未取得正式終止日期
5251,天鉞電子,興櫃,2011-10-04,2012-11-26,inactive,終止日推定：次一市場start_date
5251,天鉞電,上櫃,2012-11-26,,active,掛牌日期來源：ISIN
5253,維鈦光電,興櫃,2012-12-27,,inactive,未取得正式終止日期
5254,欣訊科技,興櫃,2019-01-08,,active,
5255,美桀科技,興櫃,2012-04-09,,inactive,未取得正式終止日期
5256,銳捷科技,興櫃,2012-06-06,,inactive,未取得正式終止日期
5257,北儒精密,興櫃,2011-12-29,,inactive,未取得正式終止日期
5258,虹堡科技,興櫃,2011-11-14,2016-12-30,inactive,終止日推定：次一市場start_date
5258,虹堡,上市,2016-12-30,,active,
5259,清惠實業,興櫃,2011-11-23,2013-12-03,inactive,終止日推定：次一市場start_date
5259,奕智博,上市,2013-12-03,,inactive,未取得正式終止日期
5261,創傑科技,興櫃,2012-01-16,,inactive,未取得正式終止日期
5262,立達,興櫃,2013-10-21,,active,
5263,智崴資訊科技,興櫃,2011-12-05,2012-12-18,inactive,終止日推定：次一市場start_date
5263,智崴,上櫃,2012-12-18,,active,掛牌日期來源：ISIN
5264,鎧勝-KY,上市,2013-01-25,,inactive,未取得正式終止日期
5265,琉明斯光電,興櫃,2012-02-22,,inactive,未取得正式終止日期
5267,龍翩,興櫃,2012-02-24,,active,
5269,祥碩科技,興櫃,2012-01-12,2012-12-12,inactive,終止日推定：次一市場start_date
5269,祥碩,上市,2012-12-12,,active,科技事業
5271,紘通,興櫃,2012-03-06,,active,
5272,笙科電子,興櫃,2012-06-27,2013-05-30,inactive,終止日推定：次一市場start_date
5272,笙科,上櫃,2013-05-30,,active,掛牌日期來源：ISIN
5274,信驊科技,興櫃,2012-05-11,2013-04-30,inactive,終止日推定：次一市場start_date
5274,信驊,上櫃,2013-04-30,,active,掛牌日期來源：ISIN
5275,誠加科技,興櫃,2012-04-27,,inactive,未取得正式終止日期
5276,達輝-KY,上櫃,2014-06-12,,active,掛牌日期來源：ISIN
5277,葳天科技,興櫃,2014-09-24,,inactive,未取得正式終止日期
5278,尚凡資訊,興櫃,2012-05-29,2013-06-04,inactive,終止日推定：次一市場start_date
5278,尚凡*,上櫃,2013-06-04,,active,掛牌日期來源：ISIN
5279,諾爾岸外集團,興櫃,2013-07-24,,inactive,未取得正式終止日期
5280,F-敦泰,上市,2013-11-08,,inactive,未取得正式終止日期
5282,富昱科技,興櫃,2012-12-19,,inactive,未取得正式終止日期
5283,禾聯碩,興櫃,2012-10-12,2019-05-24,inactive,終止日推定：次一市場start_date
5283,禾聯碩,上市,2019-05-24,,active,
5284,jpp-KY,上市,2017-03-09,,active,櫃轉市
5285,界霖科技,興櫃,2012-09-12,2014-02-25,inactive,終止日推定：次一市場start_date
5285,界霖,上市,2014-02-25,,active,
5286,育駿科技,興櫃,2012-08-10,,inactive,未取得正式終止日期
5287,數字科技,興櫃,2012-09-03,2014-01-20,inactive,終止日推定：次一市場start_date
5287,數字,上櫃,2014-01-20,,active,掛牌日期來源：ISIN
5288,豐祥-KY,上市,2014-09-25,,active,
5289,宜鼎國際,興櫃,2012-10-05,2013-11-27,inactive,終止日推定：次一市場start_date
5289,宜鼎,上櫃,2013-11-27,,active,掛牌日期來源：ISIN
5291,邑昇實業,興櫃,2013-08-30,2014-12-23,inactive,終止日推定：次一市場start_date
5291,邑昇,上櫃,2014-12-23,,active,掛牌日期來源：ISIN
5292,華懋,興櫃,2020-01-07,2023-11-21,inactive,終止日推定：次一市場start_date
5292,華懋,上市,2023-11-21,,active,科技事業
5294,捷音特科技,興櫃,2012-10-26,,inactive,未取得正式終止日期
5295,懷藝電子,興櫃,2012-12-24,,inactive,未取得正式終止日期
5296,台灣矽能能源,興櫃,2013-01-09,,inactive,未取得正式終止日期
5297,廣化,興櫃,2017-02-21,,active,
5299,杰力科技,興櫃,2012-12-07,2018-01-23,inactive,終止日推定：次一市場start_date
5299,杰力,上櫃,2018-01-23,,active,掛牌日期來源：ISIN
5301,寶得利,上櫃,1990-06-25,,active,掛牌日期來源：ISIN
5302,太欣,上櫃,1991-01-17,,active,掛牌日期來源：ISIN
5305,敦南,上市,2004-07-19,,inactive,櫃轉市；未取得正式終止日期
5306,桂盟,上市,2022-03-08,,active,櫃轉市
5309,系統電,上櫃,1996-03-18,,active,掛牌日期來源：ISIN
5310,天剛,上櫃,1996-04-09,,active,掛牌日期來源：ISIN
5312,寶島科,上櫃,1996-05-25,,active,掛牌日期來源：ISIN
5314,世紀*,上櫃,1996-09-16,,active,掛牌日期來源：ISIN
5315,光聯,上櫃,1996-11-02,,active,掛牌日期來源：ISIN
5321,美而快,上櫃,1996-12-30,,active,掛牌日期來源：ISIN
5324,士開,上櫃,1997-01-30,,active,掛牌日期來源：ISIN
5328,華容,上櫃,1997-08-28,,active,掛牌日期來源：ISIN
5340,建榮,上櫃,1998-01-20,,active,掛牌日期來源：ISIN
5344,立衛,上櫃,1998-03-23,,active,掛牌日期來源：ISIN
5345,馥鴻,上櫃,1998-03-23,,active,掛牌日期來源：ISIN
5347,世界,上櫃,1998-03-25,,active,掛牌日期來源：ISIN
5348,正能量智能,上櫃,2025-06-02,,active,掛牌日期來源：ISIN
5351,鈺創,上櫃,1998-05-15,,active,掛牌日期來源：ISIN
5353,台林,上櫃,1998-05-18,,active,掛牌日期來源：ISIN
5355,佳總,上櫃,1998-06-23,,active,掛牌日期來源：ISIN
5356,協益,上櫃,1998-07-20,,active,掛牌日期來源：ISIN
5364,力麗店,上櫃,2013-08-26,,active,掛牌日期來源：ISIN
5381,光譜,上櫃,2026-06-01,,active,掛牌日期來源：ISIN
5386,青雲,上櫃,1999-05-13,,active,掛牌日期來源：ISIN
5388,中磊,上市,2007-12-03,,active,櫃轉市
5392,能率,上櫃,1999-06-14,,active,掛牌日期來源：ISIN
5398,慕康生醫,上櫃,1999-10-11,,active,掛牌日期來源：ISIN
5403,中菲,上櫃,1999-10-15,,active,掛牌日期來源：ISIN
5410,國眾,上櫃,1999-11-26,,active,掛牌日期來源：ISIN
5425,台半,上櫃,2000-02-21,,active,掛牌日期來源：ISIN
5426,振發,上櫃,2000-02-09,,active,掛牌日期來源：ISIN
5432,新門,上櫃,2000-03-21,,active,掛牌日期來源：ISIN
5434,崇越,上市,2003-08-25,,active,櫃轉市
5438,東友,上櫃,2000-06-17,,active,掛牌日期來源：ISIN
5439,高技,上櫃,2000-06-26,,active,掛牌日期來源：ISIN
5443,均豪,上櫃,1998-02-09,,active,掛牌日期來源：ISIN
5450,南良,上櫃,2020-06-01,,active,掛牌日期來源：ISIN
5452,佶優,上櫃,2000-10-02,,active,掛牌日期來源：ISIN
5455,昇益,上櫃,2000-10-19,,active,掛牌日期來源：ISIN
5457,宣德,上櫃,2000-09-29,,active,掛牌日期來源：ISIN
5460,同協,上櫃,2000-09-28,,active,掛牌日期來源：ISIN
5464,霖宏,上櫃,2000-11-08,,active,掛牌日期來源：ISIN
5465,富驊,上櫃,2000-11-08,,active,掛牌日期來源：ISIN
5468,凱鈺,上櫃,2001-01-17,,active,掛牌日期來源：ISIN
5469,瀚宇博,上市,2003-08-25,,active,櫃轉市
5471,松翰,上市,2003-08-25,,active,櫃轉市
5474,聰泰,上櫃,2001-03-20,,active,掛牌日期來源：ISIN
5475,德宏,上櫃,2001-01-16,,active,掛牌日期來源：ISIN
5478,智冠,上櫃,2001-03-29,,active,掛牌日期來源：ISIN
5481,新華,上櫃,2020-06-01,,active,掛牌日期來源：ISIN
5483,中美晶,上櫃,2001-03-02,,active,掛牌日期來源：ISIN
5484,慧友,上市,2003-08-25,,active,櫃轉市
5487,通泰,上櫃,2001-02-20,,active,掛牌日期來源：ISIN
5488,松普,上櫃,2001-03-12,,active,掛牌日期來源：ISIN
5489,彩富,上櫃,2001-03-12,,active,掛牌日期來源：ISIN
5490,同亨,上櫃,2001-05-14,,active,掛牌日期來源：ISIN
5493,三聯,上櫃,2001-05-03,,active,掛牌日期來源：ISIN
5498,凱崴,上櫃,2001-03-29,,active,掛牌日期來源：ISIN
5508,永信建,上櫃,1998-05-13,,active,掛牌日期來源：ISIN
5511,德昌,上櫃,1998-12-09,,active,掛牌日期來源：ISIN
5512,力麒,上櫃,1998-12-04,,active,掛牌日期來源：ISIN
5514,三豐,上櫃,1998-12-29,,active,掛牌日期來源：ISIN
5515,建國,上市,2003-10-06,,active,櫃轉市
5516,雙喜,上櫃,1999-03-23,,active,掛牌日期來源：ISIN
5519,隆大,上市,2014-02-10,,active,櫃轉市
5520,力泰,上櫃,1999-10-27,,active,掛牌日期來源：ISIN
5521,工信,上市,2012-12-18,,active,櫃轉市
5522,遠雄,上市,2007-08-06,,active,櫃轉市
5523,豐謙,上櫃,1999-12-27,,active,掛牌日期來源：ISIN
5525,順天,上市,2004-11-26,,active,櫃轉市
5529,鉅陞,上櫃,1996-01-12,,active,掛牌日期來源：ISIN
5530,龍巖,上櫃,2000-10-04,,active,掛牌日期來源：ISIN
5531,鄉林,上市,2005-01-31,,active,櫃轉市
5533,皇鼎,上市,2008-04-30,,active,櫃轉市
5534,長虹,上市,2004-05-24,,active,櫃轉市
5536,聖暉工程科技,興櫃,2009-11-12,2010-11-10,inactive,終止日推定：次一市場start_date
5536,聖暉*,上櫃,2010-11-10,,active,掛牌日期來源：ISIN
5538,東明-KY,上市,2013-12-16,,active,
5541,廣朋建設,興櫃,2012-12-18,,inactive,未取得正式終止日期
5543,桓鼎-KY,上櫃,2016-05-09,,active,掛牌日期來源：ISIN
5546,永固-KY,上市,2020-05-20,,active,
5547,久舜,興櫃,2020-01-10,2026-02-03,inactive,終止日推定：次一市場start_date
5547,久舜,上櫃,2026-02-03,,active,
5548,安倉營造,興櫃,2022-11-01,2024-03-18,inactive,終止日推定：次一市場start_date
5548,安倉,上櫃,2024-03-18,,active,
5601,台聯櫃,上櫃,1994-11-24,,active,掛牌日期來源：ISIN
5603,陸海,上櫃,1997-01-25,,active,掛牌日期來源：ISIN
5604,中連,上櫃,1997-05-22,,active,掛牌日期來源：ISIN
5607,遠雄港,上市,2004-12-02,,active,櫃轉市
5608,四維航,上市,2003-08-25,,active,櫃轉市
5609,中菲行,上櫃,2001-10-15,,active,掛牌日期來源：ISIN
5701,劍湖山,上櫃,1998-03-12,,active,掛牌日期來源：ISIN
5703,亞都,上櫃,1999-06-15,,active,掛牌日期來源：ISIN
5704,老爺知,上櫃,1999-12-21,,active,掛牌日期來源：ISIN
5706,鳳凰,上市,2011-10-21,,active,櫃轉市
5854,合庫,上市,2004-11-17,,inactive,未取得正式終止日期
5859,遠壽,興櫃,2015-04-16,,active,
5863,瑞興銀,興櫃,2007-12-03,,active,
5864,致和證券,興櫃,2009-04-09,2018-04-02,inactive,終止日推定：次一市場start_date
5864,致和證,上櫃,2018-04-02,,active,掛牌日期來源：ISIN
5871,KY中租,興櫃,2011-07-11,2011-12-13,inactive,終止日推定：次一市場start_date
5871,中租-KY,上市,2011-12-13,,active,
5876,上海商銀,興櫃,2014-09-25,2018-10-19,inactive,終止日推定：次一市場start_date
5876,上海商銀,上市,2018-10-19,,active,
5878,台名保險經紀人,興櫃,2013-11-21,2014-10-28,inactive,終止日推定：次一市場start_date
5878,台名,上櫃,2014-10-28,,active,掛牌日期來源：ISIN
5880,合庫金,上市,2011-12-01,,active,合庫(5854)於當日下市，轉金控上市
5902,德記,上櫃,1998-02-07,,active,掛牌日期來源：ISIN
5903,全家,上櫃,2002-02-25,,active,掛牌日期來源：ISIN
5904,寶雅*,上櫃,2002-09-06,,active,掛牌日期來源：ISIN
5905,南仁湖,上櫃,2003-06-17,,active,掛牌日期來源：ISIN
5906,台南-KY,上市,2011-10-24,,active,
5907,大洋-KY,上市,2012-06-06,,active,
6004,元京證,上市,2004-07-19,,inactive,櫃轉市；未取得正式終止日期
6005,群益證,上市,2005-11-21,,active,櫃轉市
6012,金鼎證,上市,2003-08-25,,inactive,櫃轉市；未取得正式終止日期
6015,宏遠證,上櫃,1996-07-25,,active,掛牌日期來源：ISIN
6016,康和證,上櫃,1996-12-04,,active,掛牌日期來源：ISIN
6020,大展證,上櫃,2003-01-23,,active,掛牌日期來源：ISIN
6021,美好證,上櫃,2003-04-21,,active,掛牌日期來源：ISIN
6023,元大期,上櫃,2007-11-28,,active,掛牌日期來源：ISIN
6024,群益期貨,興櫃,2008-05-15,2017-10-16,inactive,終止日推定：次一市場start_date
6024,群益期,上市,2017-10-16,,active,櫃轉市
6026,福邦證券股份有限公司,興櫃,2014-09-30,2016-01-27,inactive,終止日推定：次一市場start_date
6026,福邦證,上櫃,2016-01-27,,active,掛牌日期來源：ISIN
6027,德信,興櫃,2015-11-02,,active,
6028,公勝保經,興櫃,2019-03-06,2026-03-30,inactive,終止日推定：次一市場start_date
6028,公勝保經,上櫃,2026-03-30,,active,
6035,悠遊卡,興櫃,2023-01-03,,active,
6101,寬魚國際,上櫃,2001-03-29,,active,掛牌日期來源：ISIN
6103,合邦,上櫃,2001-05-07,,active,掛牌日期來源：ISIN
6104,創惟,上櫃,2001-05-22,,active,掛牌日期來源：ISIN
6108,競國,上市,2008-12-30,,active,櫃轉市
6109,亞元,上櫃,2001-07-26,,active,掛牌日期來源：ISIN
6111,光聚晶電,上櫃,2026-03-12,,active,掛牌日期來源：ISIN
6112,邁達特,上市,2003-08-04,,active,櫃轉市
6113,亞矽,上櫃,2001-08-10,,active,掛牌日期來源：ISIN
6114,久威,上櫃,2001-09-27,,active,掛牌日期來源：ISIN
6115,鎰勝,上市,2004-07-19,,active,櫃轉市
6116,彩晶,上市,2004-09-06,,active,櫃轉市
6117,迎廣,上市,2003-08-25,,active,櫃轉市
6118,建達,上櫃,2001-10-25,,active,掛牌日期來源：ISIN
6119,大傳,上市,2003-08-04,,inactive,櫃轉市；未取得正式終止日期
6120,達運,上市,2006-09-13,,active,櫃轉市
6121,新普,上櫃,2001-11-27,,active,掛牌日期來源：ISIN
6122,擎邦,上櫃,2000-07-14,,active,掛牌日期來源：ISIN
6123,上奇,上櫃,2002-01-23,,active,掛牌日期來源：ISIN
6124,業強,上櫃,2002-03-19,,active,掛牌日期來源：ISIN
6125,廣運,上櫃,2026-06-01,,active,掛牌日期來源：ISIN
6126,信音,上櫃,2002-01-18,,active,掛牌日期來源：ISIN
6127,九豪,上櫃,2002-01-10,,active,掛牌日期來源：ISIN
6128,上福,上市,2003-06-16,,active,櫃轉市
6129,普誠,上櫃,2001-12-25,,active,掛牌日期來源：ISIN
6130,上亞科技,上櫃,2002-03-26,,active,掛牌日期來源：ISIN
6131,悠克,上市,2004-09-27,,inactive,櫃轉市；未取得正式終止日期
6132,銳普,上市,2003-08-25,,inactive,櫃轉市；未取得正式終止日期
6133,金橋,上市,2003-08-25,,active,櫃轉市
6134,萬旭,上櫃,2002-01-08,,active,掛牌日期來源：ISIN
6136,富爾特,上市,2003-08-25,,active,櫃轉市
6138,茂達,上櫃,2002-01-18,,active,掛牌日期來源：ISIN
6139,亞翔,上市,2003-08-25,,active,櫃轉市
6140,訊達,上櫃,2002-02-04,,active,掛牌日期來源：ISIN
6141,柏承,上市,2003-10-22,,active,櫃轉市
6142,友勁,上市,2003-08-04,,active,櫃轉市
6143,振曜,上櫃,2002-01-28,,active,掛牌日期來源：ISIN
6144,得利影,上櫃,2002-01-23,,active,掛牌日期來源：ISIN
6145,勁永,上市,2003-08-25,,inactive,櫃轉市；未取得正式終止日期
6146,耕興,上櫃,2002-01-23,,active,掛牌日期來源：ISIN
6147,頎邦,上櫃,2002-01-31,,active,掛牌日期來源：ISIN
6148,驊宏資,上櫃,2002-02-01,,active,掛牌日期來源：ISIN
6150,撼訊,上櫃,2002-03-11,,active,掛牌日期來源：ISIN
6151,晉倫,上櫃,2002-02-25,,active,掛牌日期來源：ISIN
6152,百一,上市,2009-12-08,,active,櫃轉市
6153,嘉聯益,上市,2008-01-21,,active,櫃轉市
6154,順發,上櫃,2002-02-18,,active,掛牌日期來源：ISIN
6155,鈞寶,上市,2006-08-18,,active,櫃轉市
6156,松上,上櫃,2002-02-19,,active,掛牌日期來源：ISIN
6158,禾昌,上櫃,2002-02-19,,active,掛牌日期來源：ISIN
6160,欣技,上櫃,2002-03-01,,active,掛牌日期來源：ISIN
6161,捷波,上櫃,2002-03-01,,active,掛牌日期來源：ISIN
6163,華電網,上櫃,2002-03-19,,active,掛牌日期來源：ISIN
6164,華興,上市,2008-10-21,,active,櫃轉市
6165,浪凡,上市,2003-08-04,,active,櫃轉市
6166,凌華,上市,2004-11-08,,active,櫃轉市
6167,久正,上櫃,2002-03-26,,active,掛牌日期來源：ISIN
6168,宏齊,上市,2003-08-25,,active,櫃轉市
6169,昱泉,上櫃,2002-03-22,,active,掛牌日期來源：ISIN
6170,統振,上櫃,2002-04-16,,active,掛牌日期來源：ISIN
6171,大城地產,上櫃,2002-04-22,,active,掛牌日期來源：ISIN
6172,互億,上市,2004-05-24,,inactive,櫃轉市；未取得正式終止日期
6173,信昌電,上櫃,2002-04-19,,active,掛牌日期來源：ISIN
6174,安碁,上櫃,2002-05-02,,active,掛牌日期來源：ISIN
6175,立敦,上櫃,2002-06-10,,active,掛牌日期來源：ISIN
6176,瑞儀,上市,2007-05-15,,active,櫃轉市
6177,達麗,上市,2013-08-01,,active,櫃轉市
6179,亞通,上櫃,2002-05-17,,active,掛牌日期來源：ISIN
6180,橘子,上櫃,2002-05-21,,active,掛牌日期來源：ISIN
6182,合晶,上櫃,2002-05-16,,active,掛牌日期來源：ISIN
6183,關貿,上市,2011-12-01,,active,櫃轉市
6184,大豐電,上市,2005-02-15,,active,櫃轉市
6185,幃翔,上櫃,2002-08-09,,active,掛牌日期來源：ISIN
6186,新潤,上櫃,2002-08-02,,active,掛牌日期來源：ISIN
6187,萬潤,上櫃,2002-09-27,,active,掛牌日期來源：ISIN
6188,廣明,上櫃,2002-08-27,,active,掛牌日期來源：ISIN
6189,豐藝,上市,2004-05-24,,active,櫃轉市
6190,萬泰科,上櫃,1998-02-04,,active,掛牌日期來源：ISIN
6191,精成科,上市,2007-10-19,,active,櫃轉市
6192,巨路,上市,2004-09-27,,active,櫃轉市
6194,育富,上櫃,2002-12-05,,active,掛牌日期來源：ISIN
6195,詩肯,上櫃,2002-10-21,,active,掛牌日期來源：ISIN
6196,帆宣,上市,2004-05-24,,active,櫃轉市
6197,佳必琪,上市,2004-11-08,,active,櫃轉市
6198,瑞築,上櫃,2002-12-26,,active,掛牌日期來源：ISIN
6199,天品,上櫃,2016-10-07,,active,掛牌日期來源：ISIN
6201,亞弘電,上市,2004-09-27,,active,櫃轉市
6202,盛群,上市,2004-09-27,,active,櫃轉市
6203,海韻電,上櫃,2002-12-26,,active,掛牌日期來源：ISIN
6204,艾華,上櫃,2002-11-13,,active,掛牌日期來源：ISIN
6205,詮欣,上市,2008-01-21,,active,櫃轉市
6206,飛捷,上市,2004-08-03,,active,櫃轉市
6207,雷科,上櫃,2002-12-23,,active,掛牌日期來源：ISIN
6208,日揚,上櫃,2002-12-23,,active,掛牌日期來源：ISIN
6209,今國光,上市,2004-11-08,,active,櫃轉市
6210,慶生,上櫃,2003-02-14,,active,掛牌日期來源：ISIN
6212,理銘,上櫃,2002-12-26,,active,掛牌日期來源：ISIN
6213,聯茂,上市,2008-01-21,,active,櫃轉市
6214,精誠,上市,2010-12-30,,active,櫃轉市
6215,和椿,上市,2007-12-31,,active,櫃轉市
6216,居易,上市,2004-09-27,,active,櫃轉市
6217,中探針,上櫃,2003-01-09,,active,掛牌日期來源：ISIN
6218,豪勉,上櫃,2003-01-14,,active,掛牌日期來源：ISIN
6219,富旺,上櫃,2003-02-26,,active,掛牌日期來源：ISIN
6220,岳豐,上櫃,2003-01-09,,active,掛牌日期來源：ISIN
6221,晉泰,上櫃,2003-01-06,,active,掛牌日期來源：ISIN
6222,立軒,上櫃,2003-01-09,,active,掛牌日期來源：ISIN
6223,旺矽,上櫃,2003-01-06,,active,掛牌日期來源：ISIN
6224,聚鼎,上市,2009-09-17,,active,櫃轉市
6225,天瀚,上市,2004-09-27,,active,櫃轉市
6226,光鼎,上市,2008-11-10,,active,櫃轉市
6227,茂綸,上櫃,2003-01-14,,active,掛牌日期來源：ISIN
6228,全譜,上櫃,2003-01-21,,active,掛牌日期來源：ISIN
6229,研通,上櫃,2003-01-14,,active,掛牌日期來源：ISIN
6230,尼得科超眾,上市,2010-09-16,,active,櫃轉市
6231,系微,上櫃,2003-01-23,,active,掛牌日期來源：ISIN
6233,旺玖,上櫃,2003-02-20,,active,掛牌日期來源：ISIN
6234,高僑,上櫃,2003-03-12,,active,掛牌日期來源：ISIN
6235,華孚,上市,2004-08-23,,active,櫃轉市
6236,中湛,上櫃,2003-03-31,,active,掛牌日期來源：ISIN
6237,驊訊,上櫃,2003-04-21,,active,掛牌日期來源：ISIN
6239,力成,上市,2004-11-08,,active,櫃轉市
6240,松崗,上櫃,2003-05-30,,active,掛牌日期來源：ISIN
6241,鑫永洋,上櫃,2003-04-08,,active,掛牌日期來源：ISIN
6242,立康,上櫃,2003-04-23,,active,掛牌日期來源：ISIN
6243,迅杰,上市,2009-12-17,,active,櫃轉市
6244,茂迪,上櫃,2003-05-15,,active,掛牌日期來源：ISIN
6245,立端,上櫃,2003-05-19,,active,掛牌日期來源：ISIN
6246,臺龍,上櫃,2003-06-18,,active,掛牌日期來源：ISIN
6248,沛波,上櫃,2003-09-03,,active,掛牌日期來源：ISIN
6251,定穎電子股份有限公司,興櫃,2002-10-03,2009-03-18,inactive,終止日推定：次一市場start_date
6251,定穎,上市,2009-03-18,,inactive,未取得正式終止日期
6255,奈普,上市,2006-10-31,,inactive,未取得正式終止日期
6257,矽格,上市,2003-08-25,,active,
6259,百徽,上櫃,2003-09-17,,active,掛牌日期來源：ISIN
6261,久元,上櫃,2004-03-29,,active,掛牌日期來源：ISIN
6263,普萊德,上櫃,2003-09-17,,active,掛牌日期來源：ISIN
6264,富裔,上櫃,2004-02-24,,active,掛牌日期來源：ISIN
6265,方土昶,上櫃,2003-10-24,,active,掛牌日期來源：ISIN
6266,泰詠,上櫃,2004-04-29,,active,掛牌日期來源：ISIN
6269,台郡,上市,2003-09-23,,active,
6270,倍微,上櫃,2003-09-17,,active,掛牌日期來源：ISIN
6271,同欣電,上市,2007-11-16,,active,
6272,驊陞科技,興櫃,2002-12-24,2025-12-22,inactive,終止日推定：次一市場start_date
6272,驊陞,上市,2025-12-22,,active,
6274,台燿,上櫃,2003-12-18,,active,掛牌日期來源：ISIN
6275,元山,上櫃,2004-12-23,,active,掛牌日期來源：ISIN
6276,安鈦克,上櫃,2003-10-30,,active,掛牌日期來源：ISIN
6277,宏正,上市,2003-10-30,,active,
6278,台表科,上市,2010-08-24,,active,櫃轉市
6279,胡連,上櫃,2003-11-26,,active,掛牌日期來源：ISIN
6280,崇貿,上市,2004-12-28,,inactive,未取得正式終止日期
6281,全國電,上市,2005-12-08,,active,
6282,康舒,上市,2003-09-08,,active,
6283,淳安,上市,2008-01-21,,active,櫃轉市
6284,佳邦,上櫃,2004-06-29,,active,掛牌日期來源：ISIN
6285,啟碁,上市,2003-09-22,,active,
6286,立錡,上市,2003-10-21,,inactive,未取得正式終止日期
6288,聯嘉光電,興櫃,2010-11-24,2018-05-09,inactive,終止日推定：次一市場start_date
6288,聯嘉光電,上市,2018-05-09,,inactive,未取得正式終止日期
6289,華上,上市,2003-08-28,,inactive,未取得正式終止日期
6290,良維,上櫃,2005-06-03,,active,掛牌日期來源：ISIN
6291,沛亨,上櫃,2004-01-28,,active,掛牌日期來源：ISIN
6292,迅德,上櫃,2003-11-26,,active,掛牌日期來源：ISIN
6294,智基,上櫃,2004-01-13,,active,掛牌日期來源：ISIN
6401,助群營造,興櫃,2004-08-03,,inactive,未取得正式終止日期
6403,群登科技,興櫃,2012-10-26,,inactive,未取得正式終止日期
6404,F-通訊,興櫃,2013-09-17,,inactive,未取得正式終止日期
6405,悅城科技,興櫃,2012-12-19,2013-11-28,inactive,終止日推定：次一市場start_date
6405,悅城,上市,2013-11-28,,active,
6406,永美科技材料,興櫃,2012-12-28,,inactive,未取得正式終止日期
6407,相互,興櫃,2013-03-29,,active,
6409,旭隼科技,興櫃,2013-01-08,2014-03-31,inactive,終止日推定：次一市場start_date
6409,旭隼,上市,2014-03-31,,active,
6411,晶焱科技,興櫃,2012-12-25,2014-03-11,inactive,終止日推定：次一市場start_date
6411,晶焱,上櫃,2014-03-11,,active,掛牌日期來源：ISIN
6412,群光電能科技,興櫃,2013-01-03,2013-11-08,inactive,終止日推定：次一市場start_date
6412,群電,上市,2013-11-08,,active,
6414,樺漢科技,興櫃,2012-12-18,2014-03-28,inactive,終止日推定：次一市場start_date
6414,樺漢,上市,2014-03-28,,active,
6415,矽力*-KY,上市,2013-12-12,,active,
6416,瑞祺電通,興櫃,2013-04-18,2018-04-16,inactive,終止日推定：次一市場start_date
6416,瑞祺電通,上市,2018-04-16,,active,
6417,韋僑科技,興櫃,2013-03-13,2015-10-08,inactive,終止日推定：次一市場start_date
6417,韋僑,上櫃,2015-10-08,,active,掛牌日期來源：ISIN
6418,詠昇電子,興櫃,2012-12-28,2019-02-18,inactive,終止日推定：次一市場start_date
6418,詠昇,上櫃,2019-02-18,,active,掛牌日期來源：ISIN
6419,京晨科技,興櫃,2013-04-30,2014-12-29,inactive,終止日推定：次一市場start_date
6419,京晨科,上櫃,2014-12-29,,active,掛牌日期來源：ISIN
6422,君耀控股股份有限公司,興櫃,2014-07-14,2014-12-27,inactive,終止日推定：次一市場start_date
6422,君耀-KY,上市,2014-12-27,,inactive,未取得正式終止日期
6423,億而得微電子,興櫃,2014-10-23,2024-05-15,inactive,終止日推定：次一市場start_date
6423,億而得-創,上市,2024-05-15,2026-01-22,inactive,創新板；終止日推定：次一市場start_date
6423,億而得,上櫃,2026-01-22,,active,
6425,易發精機,興櫃,2013-08-07,2019-01-18,inactive,終止日推定：次一市場start_date
6425,易發,上櫃,2019-01-18,,active,掛牌日期來源：ISIN
6426,統新光訊,興櫃,2013-10-18,2021-03-24,inactive,終止日推定：次一市場start_date
6426,統新,上市,2021-03-24,,active,櫃轉市，科技事業
6428,淘米,興櫃,2013-09-11,,active,
6429,華德光電材料科技,興櫃,2013-10-14,,inactive,未取得正式終止日期
6431,光麗-KY,上市,2014-12-04,,active,
6432,今展科技,興櫃,2014-06-26,2015-05-20,inactive,終止日推定：次一市場start_date
6432,今展科,上櫃,2015-05-20,,active,掛牌日期來源：ISIN
6434,達輝光電,興櫃,2013-11-12,,active,
6435,大中積體電路,興櫃,2013-12-12,2016-01-07,inactive,終止日推定：次一市場start_date
6435,大中,上櫃,2016-01-07,,active,掛牌日期來源：ISIN
6436,邑鋒股份有限公司,興櫃,2014-07-31,,inactive,未取得正式終止日期
6437,永箔科技,興櫃,2014-01-06,,inactive,未取得正式終止日期
6438,迅得機械,興櫃,2013-11-25,2021-01-19,inactive,終止日推定：次一市場start_date
6438,迅得,上市,2021-01-19,,active,櫃轉市
6441,廣錠科技,興櫃,2013-12-02,2017-09-27,inactive,終止日推定：次一市場start_date
6441,廣錠,上櫃,2017-09-27,,active,掛牌日期來源：ISIN
6442,光紅建聖,興櫃,2014-03-17,2015-07-14,inactive,終止日推定：次一市場start_date
6442,光聖,上市,2015-07-14,,active,
6443,元晶太陽能科技,興櫃,2014-09-19,2015-10-01,inactive,終止日推定：次一市場start_date
6443,元晶,上市,2015-10-01,,active,科技事業
6445,經絡動力醫學,興櫃,2014-01-06,,inactive,未取得正式終止日期
6446,藥華醫藥,興櫃,2014-03-11,2024-01-25,inactive,終止日推定：次一市場start_date
6446,藥華藥,上市,2024-01-25,,active,科技事業，櫃轉市
6449,鈺邦科技,興櫃,2014-02-27,2014-12-09,inactive,終止日推定：次一市場start_date
6449,鈺邦,上市,2014-12-09,,active,
6451,訊芯-KY,上市,2015-01-26,,active,
6452,康友-KY,上市,2015-03-25,,inactive,未取得正式終止日期
6453,健永生技,興櫃,2014-06-17,,inactive,未取得正式終止日期
6455,兆鑫光電科技,興櫃,2014-05-05,,inactive,未取得正式終止日期
6456,GIS-KY,上市,2015-06-12,,active,
6457,紘康科技,興櫃,2014-06-18,,inactive,未取得正式終止日期
6458,滙特生物科技股份有限公司,興櫃,2014-07-15,,inactive,未取得正式終止日期
6461,益得生物科技,興櫃,2014-07-15,2018-03-28,inactive,終止日推定：次一市場start_date
6461,益得,上櫃,2018-03-28,,active,掛牌日期來源：ISIN
6462,神盾,興櫃,2014-06-26,2015-12-23,inactive,終止日推定：次一市場start_date
6462,神盾,上櫃,2015-12-23,,active,掛牌日期來源：ISIN
6464,台灣數位光訊科技,興櫃,2014-07-25,2015-12-16,inactive,終止日推定：次一市場start_date
6464,台數科,上市,2015-12-16,,active,
6465,威潤科技股份有限公司,興櫃,2014-07-09,2015-11-20,inactive,終止日推定：次一市場start_date
6465,威潤,上櫃,2015-11-20,,active,掛牌日期來源：ISIN
6467,泰合生技藥品,興櫃,2014-08-14,2024-12-30,inactive,終止日推定：次一市場start_date
6467,泰合,興櫃,2024-12-30,,active,
6468,棒辣椒娛樂科技,興櫃,2014-09-15,,inactive,未取得正式終止日期
6469,大樹醫藥,興櫃,2014-12-29,2016-03-30,inactive,終止日推定：次一市場start_date
6469,大樹,上櫃,2016-03-30,,active,掛牌日期來源：ISIN
6470,宇智網通股份有限公司,興櫃,2014-09-24,2015-11-03,inactive,終止日推定：次一市場start_date
6470,宇智,上櫃,2015-11-03,,active,掛牌日期來源：ISIN
6471,聯合生物製藥,興櫃,2014-09-19,,inactive,未取得正式終止日期
6472,保瑞藥業股份有限公司,興櫃,2014-10-01,2023-12-19,inactive,終止日推定：次一市場start_date
6472,保瑞,上市,2023-12-19,,active,櫃轉市
6473,美賣*,興櫃,2014-12-08,,active,
6474,華豫寧,興櫃,2018-02-01,2025-11-25,inactive,終止日推定：次一市場start_date
6474,華豫寧,上櫃,2025-11-25,,active,
6475,岱煒科技,興櫃,2014-12-04,,inactive,未取得正式終止日期
6477,安集科技,興櫃,2014-10-28,2016-06-21,inactive,終止日推定：次一市場start_date
6477,安集,上市,2016-06-21,,active,
6479,瑞寶基因,興櫃,2014-11-07,,inactive,未取得正式終止日期
6481,世界中心科技,興櫃,2015-01-08,,inactive,未取得正式終止日期
6482,弘煜科技事業,興櫃,2014-11-13,2016-06-13,inactive,終止日推定：次一市場start_date
6482,弘煜科,上櫃,2016-06-13,,active,掛牌日期來源：ISIN
6483,原創生醫,興櫃,2014-12-23,2024-03-29,inactive,終止日推定：次一市場start_date
6483,原創生醫,興櫃,2024-03-29,,active,
6485,點序科技,興櫃,2014-10-16,2015-11-17,inactive,終止日推定：次一市場start_date
6485,點序,上櫃,2015-11-17,,active,掛牌日期來源：ISIN
6486,互動國際數位,興櫃,2014-11-07,2016-09-13,inactive,終止日推定：次一市場start_date
6486,互動,上櫃,2016-09-13,,active,掛牌日期來源：ISIN
6487,源一生物科技股份有限公司,興櫃,2014-11-10,,inactive,未取得正式終止日期
6488,環球晶圓,興櫃,2014-10-28,2015-09-25,inactive,終止日推定：次一市場start_date
6488,環球晶,上櫃,2015-09-25,,active,掛牌日期來源：ISIN
6489,德晶科技,興櫃,2014-12-19,,inactive,未取得正式終止日期
6490,凌昇能源科技,興櫃,2014-11-06,,inactive,未取得正式終止日期
6491,晶碩光學,興櫃,2014-12-30,2019-10-07,inactive,終止日推定：次一市場start_date
6491,晶碩,上市,2019-10-07,,active,
6492,生華生物科技,興櫃,2014-12-04,2017-04-24,inactive,終止日推定：次一市場start_date
6492,生華科,上櫃,2017-04-24,,active,掛牌日期來源：ISIN
6493,雷虎生,興櫃,2015-01-08,,active,
6494,九齊科技,興櫃,2014-12-24,2016-05-09,inactive,終止日推定：次一市場start_date
6494,九齊,上櫃,2016-05-09,,active,掛牌日期來源：ISIN
6495,英屬開曼群島商納諾,興櫃,2016-08-15,,inactive,未取得正式終止日期
6496,科懋生物科技,興櫃,2014-12-19,2016-01-07,inactive,終止日推定：次一市場start_date
6496,科懋,上櫃,2016-01-07,,active,掛牌日期來源：ISIN
6498,久禾光電,興櫃,2015-01-27,2025-05-20,inactive,終止日推定：次一市場start_date
6498,久禾光,上櫃,2025-05-20,,active,
6499,益安生醫,興櫃,2014-12-11,2016-07-27,inactive,終止日推定：次一市場start_date
6499,益安,上櫃,2016-07-27,,active,掛牌日期來源：ISIN
6504,南六企業股份有限公司,興櫃,2002-12-25,2013-05-07,inactive,終止日推定：次一市場start_date
6504,南六,上市,2013-05-07,,active,
6505,台塑化,上市,2003-12-26,,active,
6506,雙邦實業股份有限公司,興櫃,2003-01-13,2011-05-03,inactive,終止日推定：次一市場start_date
6506,雙邦,上櫃,2011-05-03,,active,掛牌日期來源：ISIN
6507,新力美科技股份有限公司,興櫃,2003-01-14,,inactive,未取得正式終止日期
6508,惠光,上櫃,2004-03-22,,active,掛牌日期來源：ISIN
6509,聚和,上櫃,2004-04-12,,active,掛牌日期來源：ISIN
6510,中華精測科技,興櫃,2015-01-20,2016-03-24,inactive,終止日推定：次一市場start_date
6510,精測,上櫃,2016-03-24,,active,掛牌日期來源：ISIN
6511,綠晁科技,興櫃,2016-01-27,,inactive,未取得正式終止日期
6512,啟發電子,興櫃,2015-02-05,2016-03-25,inactive,終止日推定：次一市場start_date
6512,啟發電,上櫃,2016-03-25,,active,掛牌日期來源：ISIN
6515,穎崴,興櫃,2019-11-19,2021-01-20,inactive,終止日推定：次一市場start_date
6515,穎崴,上市,2021-01-20,,active,科技事業
6516,勤崴國際科技,興櫃,2015-01-26,2019-05-06,inactive,終止日推定：次一市場start_date
6516,勤崴國際,上櫃,2019-05-06,,active,掛牌日期來源：ISIN
6517,保勝光學,興櫃,2015-02-11,2021-11-12,inactive,終止日推定：次一市場start_date
6517,保勝光學,興櫃,2021-11-12,2022-12-15,inactive,終止日推定：次一市場start_date
6517,保勝光學,上櫃,2022-12-15,,active,
6518,康科特,興櫃,2015-05-13,,active,
6521,金樺生物醫學,興櫃,2015-03-18,,inactive,未取得正式終止日期
6523,達爾膚生醫科技,興櫃,2015-04-30,2016-06-16,inactive,終止日推定：次一市場start_date
6523,達爾膚,上櫃,2016-06-16,,active,掛牌日期來源：ISIN
6525,捷敏-KY,上市,2016-04-12,,active,
6526,絡達科技,興櫃,2015-07-08,2022-06-22,inactive,終止日推定：次一市場start_date
6526,達發,興櫃,2022-06-22,2023-10-19,inactive,終止日推定：次一市場start_date
6526,達發,上市,2023-10-19,,active,
6527,明達醫學科技,興櫃,2015-04-29,2019-12-25,inactive,終止日推定：次一市場start_date
6527,明達醫,上櫃,2019-12-25,,active,掛牌日期來源：ISIN
6529,研鼎崧圖,興櫃,2015-06-30,,inactive,未取得正式終止日期
6530,創威光電,興櫃,2015-06-10,2018-01-23,inactive,終止日推定：次一市場start_date
6530,創威,上櫃,2018-01-23,,active,掛牌日期來源：ISIN
6531,愛普科技,興櫃,2015-06-12,2016-05-31,inactive,終止日推定：次一市場start_date
6531,愛普*,上市,2016-05-31,,active,
6532,瑞耘科技,興櫃,2015-05-25,2016-09-26,inactive,終止日推定：次一市場start_date
6532,瑞耘,上櫃,2016-09-26,,active,掛牌日期來源：ISIN
6533,晶心科技,興櫃,2015-08-06,2017-03-14,inactive,終止日推定：次一市場start_date
6533,晶心科,上市,2017-03-14,,active,科技事業
6534,正瀚生技,興櫃,2015-07-02,2023-12-21,inactive,終止日推定：次一市場start_date
6534,正瀚-創,上市,2023-12-21,,active,創新板；ISIN市場別：創新板
6535,順天醫藥生技,興櫃,2015-07-16,2016-09-26,inactive,終止日推定：次一市場start_date
6535,順藥,上櫃,2016-09-26,,active,掛牌日期來源：ISIN
6536,碩豐,興櫃,2015-06-18,,active,
6538,倉和,興櫃,2015-08-12,2016-10-21,inactive,終止日推定：次一市場start_date
6538,倉和,上櫃,2016-10-21,,active,掛牌日期來源：ISIN
6539,麗彤,興櫃,2015-10-15,,active,
6540,喜康(開曼)控股,興櫃,2015-09-17,,inactive,未取得正式終止日期
6541,泰福生技,興櫃,2015-08-13,2017-10-26,inactive,終止日推定：次一市場start_date
6541,泰福-KY,上市,2017-10-26,,active,科技事業
6542,隆中網絡,興櫃,2015-06-25,2016-09-08,inactive,終止日推定：次一市場start_date
6542,隆中,上櫃,2016-09-08,,active,掛牌日期來源：ISIN
6543,普惠醫工,興櫃,2019-03-27,,active,
6545,擎力科技,興櫃,2015-08-03,,inactive,未取得正式終止日期
6546,正基科技,興櫃,2015-07-28,2020-11-09,inactive,終止日推定：次一市場start_date
6546,正基,興櫃,2020-11-09,2022-05-24,inactive,終止日推定：次一市場start_date
6546,正基,上櫃,2022-05-24,,active,
6547,基亞疫苗生物製劑,興櫃,2015-08-06,2018-04-17,inactive,終止日推定：次一市場start_date
6547,高端疫苗,上櫃,2018-04-17,,active,掛牌日期來源：ISIN
6548,長華科技,興櫃,2015-07-31,2016-09-13,inactive,終止日推定：次一市場start_date
6548,長科*,上櫃,2016-09-13,,active,掛牌日期來源：ISIN
6549,景凱,興櫃,2015-10-21,,active,
6550,北極星藥業集團,興櫃,2016-02-15,2022-06-06,inactive,終止日推定：次一市場start_date
6550,北極星藥業-KY,上市,2022-06-06,,active,科技事業
6551,必翔電能高科技,興櫃,2015-12-21,,inactive,未取得正式終止日期
6552,易華電子,興櫃,2015-09-08,2017-01-10,inactive,終止日推定：次一市場start_date
6552,易華電,上市,2017-01-10,,active,105.11.22董事會決議重新審議
6553,豐華生物科技,興櫃,2015-10-30,,inactive,未取得正式終止日期
6554,中美冠科生物技術,興櫃,2016-02-18,,inactive,未取得正式終止日期
6555,榮炭,興櫃,2016-01-25,,active,
6556,勝品電通,興櫃,2016-01-06,2017-10-31,inactive,終止日推定：次一市場start_date
6556,勝品,上櫃,2017-10-31,,active,掛牌日期來源：ISIN
6558,興能高科技,興櫃,2015-11-17,2018-12-05,inactive,終止日推定：次一市場start_date
6558,興能高,上市,2018-12-05,,active,
6559,研晶,興櫃,2015-12-15,,active,
6560,欣普羅光電,興櫃,2016-01-15,2017-01-24,inactive,終止日推定：次一市場start_date
6560,欣普羅,上櫃,2017-01-24,,active,掛牌日期來源：ISIN
6561,是方,興櫃,2017-06-28,2018-06-05,inactive,終止日推定：次一市場start_date
6561,是方,上櫃,2018-06-05,,active,掛牌日期來源：ISIN
6562,聯亞藥業,興櫃,2016-01-22,2021-06-23,inactive,終止日推定：次一市場start_date
6562,聯亞藥,興櫃,2021-06-23,,inactive,未取得正式終止日期
6563,映智,興櫃,2025-03-10,,active,
6564,安特羅,興櫃,2018-09-18,,active,
6565,物聯,興櫃,2017-01-18,,active,
6566,創益生技,興櫃,2016-01-20,,inactive,未取得正式終止日期
6567,生控基因疫苗,興櫃,2016-01-22,,inactive,未取得正式終止日期
6568,宏觀微電子,興櫃,2016-01-26,2016-12-28,inactive,終止日推定：次一市場start_date
6568,宏觀,上櫃,2016-12-28,,active,掛牌日期來源：ISIN
6569,醫揚科技,興櫃,2016-01-15,2016-12-21,inactive,終止日推定：次一市場start_date
6569,醫揚,上櫃,2016-12-21,,active,掛牌日期來源：ISIN
6570,維田科技,興櫃,2016-02-19,2017-12-11,inactive,終止日推定：次一市場start_date
6570,維田,上櫃,2017-12-11,,active,掛牌日期來源：ISIN
6572,博錸,興櫃,2016-02-26,,active,
6573,虹揚-KY,上市,2017-09-26,,active,
6574,霈方國際,興櫃,2016-07-14,2017-09-04,inactive,終止日推定：次一市場start_date
6574,霈方,上櫃,2017-09-04,,active,掛牌日期來源：ISIN
6575,心悅生醫,興櫃,2016-01-29,,inactive,未取得正式終止日期
6576,逸達生物科技,興櫃,2016-04-12,2018-06-29,inactive,終止日推定：次一市場start_date
6576,逸達,上櫃,2018-06-29,,active,掛牌日期來源：ISIN
6577,勁豐電子,興櫃,2016-03-08,2017-03-21,inactive,終止日推定：次一市場start_date
6577,勁豐,上櫃,2017-03-21,,active,掛牌日期來源：ISIN
6578,達邦蛋白,興櫃,2016-07-20,2018-09-18,inactive,終止日推定：次一市場start_date
6578,達邦蛋白,上櫃,2018-09-18,,active,掛牌日期來源：ISIN
6579,研揚科技,興櫃,2016-06-06,2017-08-21,inactive,終止日推定：次一市場start_date
6579,研揚,上市,2017-08-21,,active,
6580,台睿,興櫃,2017-06-20,,active,
6581,台灣鋼聯,興櫃,2016-09-10,2018-01-30,inactive,終止日推定：次一市場start_date
6581,鋼聯,上市,2018-01-30,,active,
6582,申豐化學工業,興櫃,2016-06-30,2017-06-14,inactive,終止日推定：次一市場start_date
6582,申豐,上市,2017-06-14,,active,
6583,友松,興櫃,2016-08-05,,active,
6584,南俊國際,興櫃,2016-08-01,2023-05-18,inactive,終止日推定：次一市場start_date
6584,南俊國際,上櫃,2023-05-18,,active,
6585,鼎基先進材料,興櫃,2016-09-08,2022-05-20,inactive,終止日推定：次一市場start_date
6585,鼎基,上市,2022-05-20,,active,
6586,醣基,興櫃,2017-09-27,,active,
6588,東典光電科技,興櫃,2016-08-30,2020-07-01,inactive,終止日推定：次一市場start_date
6588,東典光電,上櫃,2020-07-01,,active,掛牌日期來源：ISIN
6589,台康生技,興櫃,2016-11-23,2025-07-21,inactive,終止日推定：次一市場start_date
6589,台康生技,上市,2025-07-21,,active,櫃轉市、科技事業
6590,普鴻資訊,興櫃,2016-09-14,2018-12-24,inactive,終止日推定：次一市場start_date
6590,普鴻,上櫃,2018-12-24,,active,掛牌日期來源：ISIN
6591,動力科技股份有限公司,興櫃,2016-11-30,2017-12-28,inactive,終止日推定：次一市場start_date
6591,動力-KY,上市,2017-12-28,,active,
6592,和潤企業,興櫃,2018-10-15,2019-12-09,inactive,終止日推定：次一市場start_date
6592,和潤企業,上市,2019-12-09,,active,
6593,台灣銘板,興櫃,2016-09-28,2017-11-03,inactive,終止日推定：次一市場start_date
6593,台灣銘板,上櫃,2017-11-03,,active,掛牌日期來源：ISIN
6595,光禹國際,興櫃,2019-01-11,,active,
6596,寬宏藝術經紀,興櫃,2016-10-07,2018-01-04,inactive,終止日推定：次一市場start_date
6596,寬宏藝術,上櫃,2018-01-04,,active,掛牌日期來源：ISIN
6597,立誠,興櫃,2018-01-04,2025-05-08,inactive,終止日推定：次一市場start_date
6597,立誠,上櫃,2025-05-08,,active,
6598,瑞磁生物科技集團,興櫃,2017-02-09,2020-06-09,inactive,終止日推定：次一市場start_date
6598,ABC-KY,上市,2020-06-09,,active,科技事業
6599,普達系統,興櫃,2017-12-25,,active,
6601,三益制動科技股份有限公司,興櫃,2002-11-19,,inactive,未取得正式終止日期
6603,富強鑫,上櫃,2004-04-05,,active,掛牌日期來源：ISIN
6604,儒億,興櫃,2025-10-28,,active,
6605,帝寶,上市,2004-03-17,,active,
6606,建德工業股份有限公司,興櫃,2003-01-14,2020-01-09,inactive,終止日推定：次一市場start_date
6606,建德工業,興櫃,2020-01-09,2023-03-24,inactive,終止日推定：次一市場start_date
6606,建德工業,上市,2023-03-24,,active,
6608,慶鴻機電工業股份有限公司,興櫃,2003-01-14,,inactive,未取得正式終止日期
6609,瀧澤科,上櫃,2003-09-23,,active,掛牌日期來源：ISIN
6610,安成生技,興櫃,2016-12-27,,active,
6611,辣椒方舟移動數位,興櫃,2016-10-27,,inactive,未取得正式終止日期
6612,應用奈米醫材科技,興櫃,2016-12-27,2018-07-18,inactive,終止日推定：次一市場start_date
6612,奈米醫材,上櫃,2018-07-18,,active,掛牌日期來源：ISIN
6613,朋億,興櫃,2016-12-22,2017-12-28,inactive,終止日推定：次一市場start_date
6613,朋億*,上櫃,2017-12-28,,active,掛牌日期來源：ISIN
6614,資拓宏宇,興櫃,2024-09-03,2025-11-25,inactive,終止日推定：次一市場start_date
6614,資拓宏宇,上市,2025-11-25,,active,
6615,慧智基因,興櫃,2017-01-05,2018-01-22,inactive,終止日推定：次一市場start_date
6615,慧智,上櫃,2018-01-22,,active,掛牌日期來源：ISIN
6616,特昇-KY,上櫃,2018-01-10,,active,掛牌日期來源：ISIN
6617,共信醫藥科技控股,興櫃,2017-02-08,2024-06-18,inactive,終止日推定：次一市場start_date
6617,共信-KY,上櫃,2024-06-18,,active,
6618,永虹先進,興櫃,2017-09-15,,active,
6620,漢達生技醫藥,興櫃,2016-12-28,2025-12-23,inactive,終止日推定：次一市場start_date
6620,漢達,上櫃,2025-12-23,,active,
6621,華宇藥,興櫃,2017-08-18,,active,
6622,百聿數碼,興櫃,2017-05-22,,active,
6624,萬年清,興櫃,2017-03-15,2019-05-28,inactive,終止日推定：次一市場start_date
6624,萬年清,上櫃,2019-05-28,,active,掛牌日期來源：ISIN
6625,必應創造,興櫃,2017-03-29,2018-02-07,inactive,終止日推定：次一市場start_date
6625,必應,上市,2018-02-07,,active,文創事業
6626,唯數,興櫃,2017-04-07,,inactive,未取得正式終止日期
6627,飛躍文創,興櫃,2017-04-07,,inactive,未取得正式終止日期
6629,泰金-KY,上櫃,2019-06-06,,active,掛牌日期來源：ISIN
6633,萊鎂醫,興櫃,2017-05-09,,inactive,未取得正式終止日期
6634,欣耀,興櫃,2017-06-29,,active,
6637,醫影,興櫃,2017-06-26,2024-06-18,inactive,終止日推定：次一市場start_date
6637,醫影,上櫃,2024-06-18,,active,
6638,沅聖,興櫃,2017-06-28,,active,
6639,源大環能,興櫃,2018-10-31,,active,
6640,均華,興櫃,2017-08-11,2018-10-23,inactive,終止日推定：次一市場start_date
6640,均華,上櫃,2018-10-23,,active,掛牌日期來源：ISIN
6641,基士德-KY,上市,2018-09-21,,active,
6642,富致,興櫃,2017-10-20,2019-09-23,inactive,終止日推定：次一市場start_date
6642,富致,上櫃,2019-09-23,,active,掛牌日期來源：ISIN
6643,M31,興櫃,2017-09-20,2019-01-23,inactive,終止日推定：次一市場start_date
6643,M31,上櫃,2019-01-23,,active,掛牌日期來源：ISIN
6645,金萬林,興櫃,2017-08-18,2023-12-21,inactive,終止日推定：次一市場start_date
6645,金萬林-創,上市,2023-12-21,,active,創新板；ISIN市場別：創新板
6648,斯其大,興櫃,2017-09-04,,active,
6649,台生材,興櫃,2017-08-29,2019-06-05,inactive,終止日推定：次一市場start_date
6649,台生材,上櫃,2019-06-05,,active,掛牌日期來源：ISIN
6650,帝圖,興櫃,2017-09-15,,active,
6651,全宇昕,興櫃,2017-09-29,2021-02-01,inactive,終止日推定：次一市場start_date
6651,全宇昕,上櫃,2021-02-01,,active,
6652,雅祥生醫,興櫃,2018-08-29,,inactive,未取得正式終止日期
6653,嘉貿光電,興櫃,2017-11-03,,inactive,未取得正式終止日期
6654,天正國際,興櫃,2017-10-31,2018-10-23,inactive,終止日推定：次一市場start_date
6654,天正國際,上櫃,2018-10-23,,active,掛牌日期來源：ISIN
6655,科定,興櫃,2017-11-24,2018-11-28,inactive,終止日推定：次一市場start_date
6655,科定,上市,2018-11-28,,active,
6656,宬世環宇,興櫃,2018-01-19,,inactive,未取得正式終止日期
6657,華安,興櫃,2018-08-08,2023-06-12,inactive,終止日推定：次一市場start_date
6657,華安,上市,2023-06-12,,active,科技事業
6658,聯策,興櫃,2021-11-05,2023-11-02,inactive,終止日推定：次一市場start_date
6658,聯策,上市,2023-11-02,,active,科技事業
6659,天明製藥,興櫃,2025-12-22,,active,
6661,威健生技,興櫃,2017-10-23,2021-01-27,inactive,終止日推定：次一市場start_date
6661,威健生技,上櫃,2021-01-27,,active,
6662,樂斯科,興櫃,2018-01-04,2019-03-26,inactive,終止日推定：次一市場start_date
6662,樂斯科,上櫃,2019-03-26,,active,掛牌日期來源：ISIN
6664,群翊,興櫃,2017-10-26,2018-09-12,inactive,終止日推定：次一市場start_date
6664,群翊,上櫃,2018-09-12,,active,掛牌日期來源：ISIN
6665,康聯生醫,興櫃,2017-11-23,,active,
6666,羅麗芬-KY,上市,2018-11-19,,active,
6667,信紘科,興櫃,2017-11-23,2018-11-13,inactive,終止日推定：次一市場start_date
6667,信紘科,上櫃,2018-11-13,,active,掛牌日期來源：ISIN
6668,中揚光電,興櫃,2017-11-30,2018-12-12,inactive,終止日推定：次一市場start_date
6668,中揚光,上市,2018-12-12,,active,
6669,緯穎科技服務,興櫃,2017-11-13,2019-03-27,inactive,終止日推定：次一市場start_date
6669,緯穎,上市,2019-03-27,,active,
6670,復盛應用,興櫃,2017-11-30,2018-12-18,inactive,終止日推定：次一市場start_date
6670,復盛應用,上市,2018-12-18,,active,
6671,三能-KY,上市,2018-12-11,,active,
6672,騰輝電子-KY,興櫃,2018-01-16,2019-04-17,inactive,終止日推定：次一市場start_date
6672,騰輝電子-KY,上市,2019-04-17,,active,
6673,和詮,興櫃,2018-03-07,,active,
6674,鋐寶科技,興櫃,2017-12-29,2018-11-28,inactive,終止日推定：次一市場start_date
6674,鋐寶科技,上市,2018-11-28,,active,
6676,祥翊,興櫃,2022-01-19,,active,
6677,瑩碩生技,興櫃,2018-06-27,,active,
6679,鈺太科技,興櫃,2018-05-09,2019-05-09,inactive,終止日推定：次一市場start_date
6679,鈺太,上櫃,2019-05-09,,active,掛牌日期來源：ISIN
6680,鑫創電子,興櫃,2018-05-09,2019-09-16,inactive,終止日推定：次一市場start_date
6680,鑫創電子,上櫃,2019-09-16,,active,掛牌日期來源：ISIN
6681,宏星技術,興櫃,2018-04-23,,inactive,未取得正式終止日期
6682,華旭先進,興櫃,2018-05-11,,active,
6683,雍智科技,興櫃,2018-05-28,2019-04-23,inactive,終止日推定：次一市場start_date
6683,雍智科技,上櫃,2019-04-23,,active,掛牌日期來源：ISIN
6684,安格,興櫃,2018-05-29,2021-08-11,inactive,終止日推定：次一市場start_date
6684,安格,上櫃,2021-08-11,,active,
6688,海樂影業,興櫃,2018-07-26,,inactive,未取得正式終止日期
6689,伊雲谷,興櫃,2018-07-17,2022-09-13,inactive,終止日推定：次一市場start_date
6689,伊雲谷,上市,2022-09-13,,active,
6690,安碁資訊,興櫃,2018-07-27,2019-10-30,inactive,終止日推定：次一市場start_date
6690,安碁資訊,上櫃,2019-10-30,,active,掛牌日期來源：ISIN
6691,洋基工程,興櫃,2018-08-08,2022-01-03,inactive,終止日推定：次一市場start_date
6691,洋基工程,上市,2022-01-03,,active,
6692,進能服,興櫃,2018-09-21,2024-02-02,inactive,終止日推定：次一市場start_date
6692,進能服,上櫃,2024-02-02,,active,
6693,廣閎科,興櫃,2018-12-26,2022-03-01,inactive,終止日推定：次一市場start_date
6693,廣閎科,上櫃,2022-03-01,,active,
6695,芯鼎,興櫃,2018-12-28,2022-11-04,inactive,終止日推定：次一市場start_date
6695,芯鼎,上市,2022-11-04,,active,科技事業
6696,仁新*,興櫃,2018-10-08,,active,
6697,東捷資訊,興櫃,2018-09-26,2019-12-26,inactive,終止日推定：次一市場start_date
6697,東捷資訊,上櫃,2019-12-26,,active,掛牌日期來源：ISIN
6698,旭暉應材,興櫃,2018-10-17,2019-11-25,inactive,終止日推定：次一市場start_date
6698,旭暉應材,上市,2019-11-25,,active,
6699,奇邑,興櫃,2019-10-14,,inactive,未取得正式終止日期
6701,達和航運股份有限公司,興櫃,2003-01-08,,inactive,未取得正式終止日期
6702,復興航空運輸,興櫃,2010-11-12,2011-11-01,inactive,終止日推定：次一市場start_date
6702,興航,上市,2011-11-01,,inactive,未取得正式終止日期
6703,軒郁,興櫃,2018-10-17,2020-10-20,inactive,終止日推定：次一市場start_date
6703,軒郁,上櫃,2020-10-20,,active,掛牌日期來源：ISIN
6704,國璽幹細胞,興櫃,2023-04-26,,active,
6705,振躍精密,興櫃,2018-10-31,,active,
6706,惠特,興櫃,2018-11-19,2019-12-19,inactive,終止日推定：次一市場start_date
6706,惠特,上市,2019-12-19,,active,
6707,富基電通,興櫃,2022-07-21,,active,
6708,天擎,興櫃,2020-01-09,2022-12-29,inactive,終止日推定：次一市場start_date
6708,天擎,上櫃,2022-12-29,,active,
6709,昱厚生技,興櫃,2018-11-29,,active,
6712,長聖,興櫃,2018-10-26,2021-01-08,inactive,終止日推定：次一市場start_date
6712,長聖,上櫃,2021-01-08,,active,
6713,博謙生技,興櫃,2018-12-17,,inactive,未取得正式終止日期
6715,嘉基,興櫃,2018-11-15,2019-12-12,inactive,終止日推定：次一市場start_date
6715,嘉基,上市,2019-12-12,,active,科技事業
6716,應廣,興櫃,2018-12-10,2020-03-27,inactive,終止日推定：次一市場start_date
6716,應廣,上櫃,2020-03-27,,active,掛牌日期來源：ISIN
6717,智慧光,興櫃,2018-12-05,,inactive,未取得正式終止日期
6719,力智,興櫃,2021-03-12,2022-01-13,inactive,終止日推定：次一市場start_date
6719,力智,上市,2022-01-13,,active,
6720,久昌,興櫃,2019-05-10,2024-12-04,inactive,終止日推定：次一市場start_date
6720,久昌,上櫃,2024-12-04,,active,
6721,信實保全,興櫃,2019-03-27,2022-04-29,inactive,終止日推定：次一市場start_date
6721,信實,上櫃,2022-04-29,,active,
6722,輝創,興櫃,2023-05-11,2026-01-16,inactive,終止日推定：次一市場start_date
6722,輝創,上市,2026-01-16,,active,
6723,傑智環境,興櫃,2018-12-26,,active,
6724,創王,興櫃,2018-12-28,,inactive,未取得正式終止日期
6725,矽科宏晟,興櫃,2023-01-09,2025-12-30,inactive,終止日推定：次一市場start_date
6725,矽科宏晟,上櫃,2025-12-30,,active,
6727,亞泰金屬,興櫃,2019-05-31,2020-12-01,inactive,終止日推定：次一市場start_date
6727,亞泰金屬,上櫃,2020-12-01,,active,掛牌日期來源：ISIN
6728,上洋,興櫃,2019-05-03,2020-12-25,inactive,終止日推定：次一市場start_date
6728,上洋,上櫃,2020-12-25,,active,掛牌日期來源：ISIN
6729,機光科技,興櫃,2019-07-04,,active,
6730,常廣,興櫃,2019-11-08,2025-12-10,inactive,終止日推定：次一市場start_date
6730,常廣,上櫃,2025-12-10,,active,
6731,啟坤,興櫃,2019-04-03,,inactive,未取得正式終止日期
6732,昇佳電子,興櫃,2019-06-18,2020-06-08,inactive,終止日推定：次一市場start_date
6732,昇佳電子,上櫃,2020-06-08,,active,掛牌日期來源：ISIN
6733,博晟生醫,興櫃,2019-06-18,2021-01-28,inactive,終止日推定：次一市場start_date
6733,博晟生醫,上櫃,2021-01-28,,active,
6734,安盛生,興櫃,2019-06-28,,active,
6735,美達科技,興櫃,2019-10-18,2022-04-29,inactive,終止日推定：次一市場start_date
6735,美達科技,上櫃,2022-04-29,,active,
6736,碩辣椒,興櫃,2019-08-15,,inactive,未取得正式終止日期
6737,秀育,興櫃,2019-12-30,,active,
6738,鼎恒,興櫃,2019-08-23,,active,
6739,竹陞科技,興櫃,2021-05-06,2024-09-02,inactive,終止日推定：次一市場start_date
6739,竹陞科技,上櫃,2024-09-02,,active,
6740,松果購物,興櫃,2019-10-16,,inactive,未取得正式終止日期
6741,91APP*-KY,上櫃,2021-05-25,,active,
6742,澤米,興櫃,2021-11-08,2023-12-05,inactive,終止日推定：次一市場start_date
6742,澤米,上市,2023-12-05,,active,
6743,安普新,興櫃,2019-12-05,2020-12-14,inactive,終止日推定：次一市場start_date
6743,安普新,上市,2020-12-14,,active,
6744,豐技生技,興櫃,2019-09-25,,active,
6747,亨泰光,興櫃,2019-10-07,2021-01-19,inactive,終止日推定：次一市場start_date
6747,亨泰光,上櫃,2021-01-19,,inactive,未取得正式終止日期
6748,亞果生醫,興櫃,2021-07-27,,active,
6750,泰創工程,興櫃,2019-11-11,,active,
6751,智聯服務,興櫃,2019-11-20,2020-12-25,inactive,終止日推定：次一市場start_date
6751,智聯服務,上櫃,2020-12-25,,active,掛牌日期來源：ISIN
6752,叡揚資訊,興櫃,2020-01-10,2020-12-10,inactive,終止日推定：次一市場start_date
6752,叡揚,上櫃,2020-12-10,,active,掛牌日期來源：ISIN
6753,龍德造船,興櫃,2021-01-12,2023-03-10,inactive,終止日推定：次一市場start_date
6753,龍德造船,上市,2023-03-10,,active,
6754,匯僑設計,興櫃,2019-10-16,2020-08-25,inactive,終止日推定：次一市場start_date
6754,匯僑設計,上市,2020-08-25,,active,
6755,連鋐科技,興櫃,2019-12-05,,active,
6756,威鋒電子,興櫃,2019-12-20,2020-12-24,inactive,終止日推定：次一市場start_date
6756,威鋒電子,上市,2020-12-24,,active,
6757,台灣虎航,興櫃,2019-12-16,2023-08-15,inactive,終止日推定：次一市場start_date
6757,台灣虎航,上市,2023-08-15,,active,創新板
6758,冠亞,興櫃,2020-01-02,,active,
6761,穩得,興櫃,2019-12-31,2021-11-08,inactive,終止日推定：次一市場start_date
6761,穩得,上櫃,2021-11-08,,active,
6762,達亞,興櫃,2019-12-18,2020-12-18,inactive,終止日推定：次一市場start_date
6762,達亞,上櫃,2020-12-18,,active,掛牌日期來源：ISIN
6763,綠界科技,興櫃,2020-04-09,2022-03-15,inactive,終止日推定：次一市場start_date
6763,綠界科技*,上櫃,2022-03-15,,active,
6764,亞洲教育,興櫃,2019-11-25,,inactive,未取得正式終止日期
6767,台微醫,興櫃,2019-12-05,2021-01-25,inactive,終止日推定：次一市場start_date
6767,台微醫,上櫃,2021-01-25,,active,
6768,志強-KY,上市,2021-04-22,,active,
6770,力積電,興櫃,2020-12-09,2021-12-06,inactive,終止日推定：次一市場start_date
6770,力積電,上市,2021-12-06,,active,科技事業
6771,平和環保,興櫃,2020-01-07,2024-05-17,inactive,終止日推定：次一市場start_date
6771,平和環保-創,上市,2024-05-17,,active,創新板；ISIN市場別：創新板
6775,穎台科技,興櫃,2020-05-29,,active,
6776,展碁國際,興櫃,2020-03-25,2021-03-31,inactive,終止日推定：次一市場start_date
6776,展碁國際,上市,2021-03-31,,active,
6780,學習王,興櫃,2020-07-23,,active,
6781,AES-KY,上市,2021-03-22,,active,
6782,視陽,興櫃,2020-08-14,2022-11-28,inactive,終止日推定：次一市場start_date
6782,視陽,上市,2022-11-28,,active,科技事業
6784,天凱科技,興櫃,2020-11-18,,active,
6785,昱展新藥,興櫃,2020-10-05,2024-01-24,inactive,終止日推定：次一市場start_date
6785,昱展新藥,上櫃,2024-01-24,,active,
6786,芯測,興櫃,2020-08-19,,active,
6787,晶瑞光,興櫃,2021-04-16,,active,
6788,華景電,興櫃,2020-10-15,2021-09-29,inactive,終止日推定：次一市場start_date
6788,華景電,上櫃,2021-09-29,,active,
6789,采鈺,興櫃,2021-04-06,2022-06-30,inactive,終止日推定：次一市場start_date
6789,采鈺,上市,2022-06-30,,active,
6790,永豐實,興櫃,2020-10-27,2021-09-29,inactive,終止日推定：次一市場start_date
6790,永豐實,上市,2021-09-29,,active,
6791,虎門科技,興櫃,2021-05-10,2022-11-14,inactive,終止日推定：次一市場start_date
6791,虎門科技,上櫃,2022-11-14,,active,
6792,詠業,興櫃,2020-11-19,2021-12-08,inactive,終止日推定：次一市場start_date
6792,詠業,上市,2021-12-08,,active,科技事業
6793,天力離岸,興櫃,2020-10-30,,active,
6794,向榮生技,興櫃,2020-12-25,2024-05-21,inactive,終止日推定：次一市場start_date
6794,向榮生技,上市,2024-05-21,,active,創新板
6796,晉弘,興櫃,2021-04-16,2022-06-01,inactive,終止日推定：次一市場start_date
6796,晉弘,上市,2022-06-01,,active,科技事業
6797,圓點奈米,興櫃,2020-11-05,,active,
6798,展逸,興櫃,2023-04-27,,active,
6799,來頡,興櫃,2020-11-27,2022-05-12,inactive,終止日推定：次一市場start_date
6799,來頡,上市,2022-05-12,,active,科技事業
6803,崑鼎投資控股,興櫃,2008-09-01,2010-05-27,inactive,終止日推定：次一市場start_date
6803,崑鼎,上櫃,2010-05-27,,active,掛牌日期來源：ISIN
6804,明係,興櫃,2020-12-02,2022-03-31,inactive,終止日推定：次一市場start_date
6804,明係,上櫃,2022-03-31,,active,
6805,富世達,興櫃,2020-11-20,2023-11-09,inactive,終止日推定：次一市場start_date
6805,富世達,上市,2023-11-09,,active,
6806,森崴能源,興櫃,2020-12-07,2021-11-15,inactive,終止日推定：次一市場start_date
6806,森崴能源,上市,2021-11-15,,inactive,未取得正式終止日期
6807,峰源-KY,上市,2022-04-25,,active,
6808,三鼎生技,興櫃,2020-12-25,,active,
6810,新穎生醫,興櫃,2021-08-30,,active,
6811,宏碁資訊,興櫃,2021-01-06,2022-08-09,inactive,終止日推定：次一市場start_date
6811,宏碁資訊,上櫃,2022-08-09,,active,
6812,梭特,興櫃,2021-02-04,,active,
6813,富動科,興櫃,2020-12-30,,inactive,未取得正式終止日期
6814,路迦生醫,興櫃,2020-12-31,,active,
6815,晶鑽生醫,興櫃,2021-01-29,,active,
6816,捷智商訊,興櫃,2021-01-18,,active,
6817,溫士頓,興櫃,2021-02-24,,active,
6818,連騰,興櫃,2021-01-21,,active,
6819,眾智,興櫃,2021-02-05,,active,
6820,連訊,興櫃,2021-03-22,,active,
6821,聯寶,興櫃,2021-04-20,2023-05-22,inactive,終止日推定：次一市場start_date
6821,聯寶,上櫃,2023-05-22,,active,
6823,濾能,興櫃,2021-06-10,2022-06-30,inactive,終止日推定：次一市場start_date
6823,濾能,上櫃,2022-06-30,,active,
6825,和暢科技,興櫃,2021-04-29,,active,
6826,和淞,興櫃,2021-06-17,,active,
6827,巨生醫,興櫃,2021-10-19,,active,
6829,千附精密,興櫃,2021-09-29,2022-03-11,inactive,終止日推定：次一市場start_date
6829,千附精密,上櫃,2022-03-11,,active,
6830,汎銓科技,興櫃,2021-07-26,2022-08-31,inactive,終止日推定：次一市場start_date
6830,汎銓,上市,2022-08-31,,active,科技事業
6831,邁艸科,興櫃,2021-08-11,2025-11-25,inactive,終止日推定：次一市場start_date
6831,邁科,上市,2025-11-25,,active,
6832,金鼎科,興櫃,2021-09-29,,active,
6833,太康精密,興櫃,2021-06-01,,active,
6834,天二科技,興櫃,2021-08-25,2022-09-01,inactive,終止日推定：次一市場start_date
6834,天二科技,上市,2022-09-01,,active,
6835,圓裕,興櫃,2021-08-04,2022-11-10,inactive,終止日推定：次一市場start_date
6835,圓裕,上市,2022-11-10,,active,
6837,富利康科技,興櫃,2021-09-29,,inactive,未取得正式終止日期
6838,台新藥,興櫃,2021-10-07,2024-08-13,inactive,終止日推定：次一市場start_date
6838,台新藥,上市,2024-08-13,,active,科技事業
6839,開陽能源,興櫃,2021-10-25,,active,
6840,東研信超-新,興櫃,2021-07-26,2023-03-24,inactive,終止日推定：次一市場start_date
6840,東研信超,上櫃,2023-03-24,,active,
6841,長佳智能,興櫃,2021-09-14,2023-03-01,inactive,終止日推定：次一市場start_date
6841,長佳智能,上櫃,2023-03-01,,active,
6842,瑞宇,興櫃,2021-09-30,,active,
6843,進典-新,興櫃,2021-10-13,2022-11-21,inactive,終止日推定：次一市場start_date
6843,進典,上櫃,2022-11-21,,active,
6844,諾貝兒,興櫃,2021-11-12,2024-03-08,inactive,終止日推定：次一市場start_date
6844,諾貝兒,上櫃,2024-03-08,,active,
6846,綠茵,興櫃,2022-04-19,2023-05-15,inactive,終止日推定：次一市場start_date
6846,綠茵,上櫃,2023-05-15,,active,
6847,普瑞博,興櫃,2021-11-05,,active,
6848,拉法醫,興櫃,2021-10-25,,active,
6849,奇鼎科技,興櫃,2024-11-22,,active,
6850,光鼎生技,興櫃,2021-11-10,,active,
6854,錼創科技-KY創,上市,2022-08-18,,active,創新板第一上市；ISIN市場別：創新板
6855,數泓科-新,興櫃,2021-10-25,2022-10-06,inactive,終止日推定：次一市場start_date
6855,數泓科,上櫃,2022-10-06,,active,
6856,鑫傳,興櫃,2022-01-07,2023-10-27,inactive,終止日推定：次一市場start_date
6856,鑫傳,上櫃,2023-10-27,,active,
6857,宏碁智醫,興櫃,2021-10-27,,active,
6858,愛比科技,興櫃,2022-01-11,,active,
6859,伯特光,興櫃,2021-12-08,2022-11-28,inactive,終止日推定：次一市場start_date
6859,伯特光,上櫃,2022-11-28,,active,
6861,睿生光電,興櫃,2021-11-30,2023-03-27,inactive,終止日推定：次一市場start_date
6861,睿生光電,上市,2023-03-27,,active,科技事業
6862,三集瑞-KY,上市,2024-10-23,,active,
6863,永道-KY,上市,2023-03-21,,active,
6864,元樟生技,興櫃,2021-12-29,,active,
6865,偉康科技,興櫃,2021-12-28,2023-01-11,inactive,終止日推定：次一市場start_date
6865,偉康科技,上櫃,2023-01-11,,active,
6867,坦德科技,興櫃,2022-06-23,,active,
6868,采威國際,興櫃,2022-01-13,,active,
6869,雲豹能源,興櫃,2022-01-19,2023-03-14,inactive,終止日推定：次一市場start_date
6869,雲豹能源,上市,2023-03-14,,active,創新板
6870,騰雲-新,興櫃,2021-11-26,2023-09-14,inactive,終止日推定：次一市場start_date
6870,騰雲,上櫃,2023-09-14,,active,
6872,浩宇生醫,興櫃,2022-06-22,2025-03-07,inactive,終止日推定：次一市場start_date
6872,浩宇生醫,上櫃,2025-03-07,,active,
6873,泓德能源,興櫃,2021-12-28,2023-03-06,inactive,終止日推定：次一市場start_date
6873,泓德能源,上市,2023-03-06,,active,創新板
6874,倍力-新,興櫃,2021-12-22,2022-12-14,inactive,終止日推定：次一市場start_date
6874,倍力,上櫃,2022-12-14,,active,
6875,國邑*,興櫃,2022-02-22,2024-03-26,inactive,終止日推定：次一市場start_date
6875,國邑*,上櫃,2024-03-26,,active,
6876,朗齊生醫*,興櫃,2024-01-18,,active,
6877,鏵友益,興櫃,2022-03-03,2023-06-16,inactive,終止日推定：次一市場start_date
6877,鏵友益,上櫃,2023-06-16,,active,
6878,歐付寶,興櫃,2022-03-17,,active,
6879,大江基因,興櫃,2022-01-25,,active,
6881,潤德,興櫃,2022-07-25,2024-05-21,inactive,終止日推定：次一市場start_date
6881,潤德,上櫃,2024-05-21,,active,
6882,甲尚,興櫃,2022-04-26,,active,
6883,微電能源,興櫃,2024-07-19,,inactive,未取得正式終止日期
6884,海柏特,興櫃,2022-06-13,2025-12-17,inactive,終止日推定：次一市場start_date
6884,海柏特,上櫃,2025-12-17,,active,
6885,全福生技,興櫃,2022-06-23,2024-12-16,inactive,終止日推定：次一市場start_date
6885,全福生技,上市,2024-12-16,,active,科技事業
6886,遠東生技,興櫃,2023-04-27,,active,
6887,寶綠特-KY,上市,2025-03-10,,active,
6890,來億-KY,上市,2024-06-12,,active,
6891,樂迦再生,興櫃,2022-04-28,,active,
6892,台寶生醫,興櫃,2022-05-13,,active,
6894,衛司特,興櫃,2022-07-29,2023-11-29,inactive,終止日推定：次一市場start_date
6894,衛司特,上櫃,2023-11-29,,active,
6895,宏碩系統,興櫃,2022-09-15,2023-08-22,inactive,終止日推定：次一市場start_date
6895,宏碩系統,上櫃,2023-08-22,,active,
6898,程曦資訊,興櫃,2022-05-26,,active,
6899,創為精密,興櫃,2022-06-29,2024-04-08,inactive,終止日推定：次一市場start_date
6899,創為精密,上櫃,2024-04-08,,active,
6901,鑽石生技,興櫃,2022-07-25,2023-09-19,inactive,終止日推定：次一市場start_date
6901,鑽石投資,上市,2023-09-19,,active,
6902,GOGOLOOK,上市,2023-07-13,,active,創新板
6903,巨漢,興櫃,2022-07-19,2024-06-12,inactive,終止日推定：次一市場start_date
6903,巨漢,上櫃,2024-06-12,,active,
6904,伯鑫,興櫃,2022-08-08,2023-12-05,inactive,終止日推定：次一市場start_date
6904,伯鑫,上櫃,2023-12-05,,active,
6906,現觀科,興櫃,2022-12-15,2024-01-15,inactive,終止日推定：次一市場start_date
6906,現觀科,上市,2024-01-15,,active,科技事業
6907,雅特力-KY,上櫃,2026-01-29,,active,
6908,宏碁遊戲,興櫃,2022-09-13,2026-03-25,inactive,終止日推定：次一市場start_date
6908,宏碁遊戲-創,上市,2026-03-25,,active,創新板；ISIN市場別：創新板
6909,創控,興櫃,2023-03-30,2025-05-21,inactive,終止日推定：次一市場start_date
6909,創控,上市,2025-05-21,,active,
6910,德鴻,興櫃,2023-05-19,2025-12-11,inactive,終止日推定：次一市場start_date
6910,德鴻,上櫃,2025-12-11,,active,
6911,群運,興櫃,2022-10-20,,active,
6912,益鈞環科*,興櫃,2022-10-19,,active,
6913,鴻呈-新,興櫃,2022-10-06,2024-10-01,inactive,終止日推定：次一市場start_date
6913,鴻呈,上櫃,2024-10-01,,active,
6914,阜爾運通,興櫃,2023-01-06,2024-05-03,inactive,終止日推定：次一市場start_date
6914,阜爾運通,上市,2024-05-03,,active,
6915,美強光,興櫃,2022-11-03,,active,
6916,華凌,興櫃,2022-10-31,2023-12-05,inactive,終止日推定：次一市場start_date
6916,華凌,上市,2023-12-05,,active,
6917,竟天,興櫃,2023-01-12,,active,
6918,愛派司,興櫃,2023-01-06,2025-06-10,inactive,終止日推定：次一市場start_date
6918,愛派司,上市,2025-06-10,,active,科技事業
6919,康霈,興櫃,2022-12-26,2024-10-02,inactive,終止日推定：次一市場start_date
6919,康霈*,上市,2024-10-02,,active,科技事業
6920,恆勁科技,興櫃,2023-01-10,,active,
6921,嘉雨思-創,上市,2025-12-23,,active,創新板；ISIN市場別：創新板
6922,宸曜-新,興櫃,2022-10-20,2023-11-09,inactive,終止日推定：次一市場start_date
6922,宸曜,上櫃,2023-11-09,,active,
6923,中台,興櫃,2023-03-30,2024-09-25,inactive,終止日推定：次一市場start_date
6923,中台,上市,2024-09-25,,active,
6924,榮惠-KY創,上市,2024-12-03,,active,創新板；ISIN市場別：創新板
6925,意藍-新,興櫃,2022-10-21,2025-05-28,inactive,終止日推定：次一市場start_date
6925,意藍,上櫃,2025-05-28,,active,
6926,聖安生醫,興櫃,2022-11-25,,active,
6927,聯合聚晶,興櫃,2023-05-26,,active,
6928,攸泰科技,興櫃,2023-05-03,2024-05-16,inactive,終止日推定：次一市場start_date
6928,攸泰科技,上市,2024-05-16,,active,
6929,佑全-新,興櫃,2022-12-09,2024-03-28,inactive,終止日推定：次一市場start_date
6929,佑全,上櫃,2024-03-28,,active,
6931,青松健康,興櫃,2022-12-27,2025-01-15,inactive,終止日推定：次一市場start_date
6931,青松健康,上市,2025-01-15,,active,
6932,水星生醫*,興櫃,2022-12-23,,active,
6933,AMAX-KY,上市,2023-11-08,,active,
6934,心誠鎂,興櫃,2024-06-25,2026-02-02,inactive,終止日推定：次一市場start_date
6934,心誠鎂,上市,2026-02-02,,active,科技事業
6935,王子製藥,興櫃,2023-03-29,,active,
6936,永鴻生技,興櫃,2023-03-24,2025-04-28,inactive,終止日推定：次一市場start_date
6936,永鴻生技,上市,2025-04-28,,active,
6937,天虹-新,興櫃,2023-01-06,2023-12-12,inactive,終止日推定：次一市場start_date
6937,天虹,上市,2023-12-12,,active,
6938,藍新資訊,興櫃,2024-01-23,,active,
6939,啟弘生技,興櫃,2023-05-15,,active,
6940,格斯科技*,興櫃,2023-05-12,,active,
6944,兆聯實業,興櫃,2023-04-27,2025-05-28,inactive,終止日推定：次一市場start_date
6944,兆聯實業,上市,2025-05-28,,active,
6945,圓祥生技,興櫃,2023-07-14,2026-06-05,inactive,終止日推定：次一市場start_date
6945,圓祥生技,上櫃,2026-06-05,,active,
6946,三地能源,興櫃,2024-10-07,,active,
6947,台鎔科技,興櫃,2023-07-21,2026-07-23,inactive,終止日推定：次一市場start_date
6947,台鎔科技,上市,2026-07-23,,active,
6949,沛爾生醫*-創,上市,2024-03-08,,active,創新板；ISIN市場別：創新板
6950,科科科技-KY,興櫃,2026-08-31,,active,
6951,青新,興櫃,2023-05-24,2024-06-18,inactive,終止日推定：次一市場start_date
6951,青新-創,上市,2024-06-18,,active,創新板；ISIN市場別：創新板
6952,大武山,興櫃,2023-06-21,2024-06-13,inactive,終止日推定：次一市場start_date
6952,大武山,上市,2024-06-13,,active,
6953,家碩,興櫃,2023-06-26,2024-05-13,inactive,終止日推定：次一市場start_date
6953,家碩,上櫃,2024-05-13,,active,
6955,邦睿生技,興櫃,2023-07-25,2024-12-06,inactive,終止日推定：次一市場start_date
6955,邦睿生技-創,上市,2024-12-06,,active,創新板；ISIN市場別：創新板
6957,裕慶-KY,上市,2024-06-25,,active,
6958,日盛台駿,興櫃,2023-06-27,2024-08-20,inactive,終止日推定：次一市場start_date
6958,日盛台駿,上市,2024-08-20,,active,
6959,兆捷科技,興櫃,2023-07-13,,active,
6961,旅天下,興櫃,2023-07-31,2026-01-22,inactive,終止日推定：次一市場start_date
6961,旅天下,上櫃,2026-01-22,,active,
6962,奕力-KY,上市,2024-11-26,,active,
6963,品元,興櫃,2023-06-28,,active,
6965,中傑-KY,上市,2025-03-07,,active,
6967,汎瑋材料,興櫃,2023-09-28,2024-09-25,inactive,終止日推定：次一市場start_date
6967,汎瑋材料,上櫃,2024-09-25,,active,
6968,萬達寵物,興櫃,2023-08-31,2024-08-14,inactive,終止日推定：次一市場start_date
6968,萬達寵物,上櫃,2024-08-14,,active,
6969,成信實業*-創,上市,2024-09-09,,active,創新板，採無面額發行；ISIN市場別：創新板
6971,惠民實業-新,興櫃,2023-07-24,2025-10-02,inactive,終止日推定：次一市場start_date
6971,惠民實業,上櫃,2025-10-02,,active,
6972,博瑞達應材,興櫃,2024-11-29,,active,
6973,永立榮,興櫃,2023-07-20,,active,
6976,育世博-KY,興櫃,2023-08-08,,active,
6977,聯純,興櫃,2023-09-25,,active,
6979,勝釩,興櫃,2024-05-27,,active,
6980,鐳洋科技,興櫃,2023-08-10,,active,
6982,大井泵浦,興櫃,2023-09-28,2024-12-18,inactive,終止日推定：次一市場start_date
6982,大井泵浦,上櫃,2024-12-18,,active,
6983,華洋精機,興櫃,2023-11-09,2026-05-25,inactive,終止日推定：次一市場start_date
6983,華洋精機,上櫃,2026-05-25,,active,
6984,ACPAY,興櫃,2023-10-20,,active,
6986,和迅-新,興櫃,2023-09-07,2026-06-26,inactive,終止日推定：次一市場start_date
6986,和迅,上櫃,2026-06-26,,active,
6987,寶晶能源*,興櫃,2024-08-26,,active,
6988,威力暘-創,上市,2024-10-23,,active,創新板；ISIN市場別：創新板
6990,華鉬,興櫃,2023-09-08,,active,
6992,萬勝發科技,興櫃,2026-07-22,,active,
6994,富威電力,興櫃,2023-12-21,2025-01-15,inactive,終止日推定：次一市場start_date
6994,富威電力,上市,2025-01-15,,active,
6995,野獸國,興櫃,2025-01-21,,active,
6996,力領科技,興櫃,2023-12-20,2024-12-10,inactive,終止日推定：次一市場start_date
6996,力領科技,上櫃,2024-12-10,,active,
6997,博弘,興櫃,2024-01-09,2024-12-16,inactive,終止日推定：次一市場start_date
6997,博弘,上櫃,2024-12-16,,active,
6999,瀚醫生技,興櫃,2024-07-31,,active,
7402,邑錡,興櫃,2014-12-26,2015-12-29,inactive,終止日推定：次一市場start_date
7402,邑錡,上櫃,2015-12-29,,active,掛牌日期來源：ISIN
7415,元澄半導體,興櫃,2026-06-17,,active,
7418,香繼光,興櫃,2026-06-26,,active,
7419,達勝,興櫃,2019-09-25,,active,
7421,易宏生物科技,興櫃,2015-09-30,,inactive,未取得正式終止日期
7422,鴻林堂,興櫃,2026-07-24,,active,
7427,華上生醫,興櫃,2021-07-08,,active,
7443,凡事康,興櫃,2016-02-15,,active,
7452,乂迪生,興櫃,2021-04-16,,inactive,未取得正式終止日期
7455,樺緯物聯,興櫃,2025-01-10,,active,
7507,環拓科技,興櫃,2020-03-20,,active,
7516,清淨海,興櫃,2018-12-24,,active,
7530,鋒魁科技,興櫃,2021-11-24,,active,
7547,碩網,興櫃,2021-02-03,2025-07-29,inactive,終止日推定：次一市場start_date
7547,碩網,上櫃,2025-07-29,,active,
7551,知識科技,興櫃,2019-12-12,,active,
7555,美萌,興櫃,2020-11-27,,inactive,未取得正式終止日期
7556,意德士科技,興櫃,2019-11-15,2020-10-30,inactive,終止日推定：次一市場start_date
7556,意德士,上櫃,2020-10-30,,active,掛牌日期來源：ISIN
7558,群利,興櫃,2021-05-03,,active,
7561,光晟生技,興櫃,2020-07-06,,active,
7562,博來科技,興櫃,2023-08-30,,active,
7566,亞果遊艇,興櫃,2020-07-01,,active,
7575,安美得,興櫃,2022-06-24,,inactive,未取得正式終止日期
7578,利百景,興櫃,2022-06-01,,active,
7583,國際海洋,興櫃,2023-09-26,,active,
7584,樂意,興櫃,2021-05-12,2024-07-25,inactive,終止日推定：次一市場start_date
7584,樂意,上櫃,2024-07-25,,active,
7590,怡和國際,興櫃,2022-03-02,,active,
7595,世基生醫,興櫃,2020-12-22,,active,
7607,通用幹細胞*,興櫃,2023-05-25,,active,
7610,聯友金屬-新,興櫃,2022-09-30,2025-09-09,inactive,終止日推定：次一市場start_date
7610,聯友金屬-創,上市,2025-09-09,,active,創新板；ISIN市場別：創新板
7631,聚賢研發-新,興櫃,2023-07-17,2025-03-13,inactive,終止日推定：次一市場start_date
7631,聚賢研發-創,上市,2025-03-13,,active,創新板；ISIN市場別：創新板
7642,昶瑞機電,興櫃,2023-12-28,2025-05-22,inactive,終止日推定：次一市場start_date
7642,昶瑞機電,上櫃,2025-05-22,,active,
7669,碩正科技,興櫃,2025-11-27,,active,
7686,捷立康,興櫃,2026-08-31,,active,
7689,大鵬科CLMX,興櫃,2025-10-03,2026-07-28,inactive,終止日推定：次一市場start_date
7689,大鵬科CLMX,上市,2026-07-28,,active,科技事業
7702,前端風電,興櫃,2023-10-17,,active,
7703,銳澤,興櫃,2023-12-21,2024-11-13,inactive,終止日推定：次一市場start_date
7703,銳澤,上櫃,2024-11-13,,active,
7704,明遠精密,興櫃,2023-12-01,2024-12-16,inactive,終止日推定：次一市場start_date
7704,明遠精密,上櫃,2024-12-16,,active,
7705,三商餐飲,興櫃,2023-12-22,2024-11-26,inactive,終止日推定：次一市場start_date
7705,三商餐飲,上市,2024-11-26,,active,
7706,宏碁創達,興櫃,2023-12-25,,active,
7707,益芯科,興櫃,2023-12-05,,active,
7708,全家餐飲,興櫃,2023-12-21,2024-11-15,inactive,終止日推定：次一市場start_date
7708,全家餐飲,上櫃,2024-11-15,,active,
7709,榮田,興櫃,2024-01-08,2025-02-25,inactive,終止日推定：次一市場start_date
7709,榮田,上櫃,2025-02-25,,active,
7710,東擎科技,興櫃,2025-10-28,,active,
7711,永擎,興櫃,2024-12-02,2025-11-19,inactive,終止日推定：次一市場start_date
7711,永擎,上市,2025-11-19,,active,
7712,博盛半導體-新,興櫃,2023-11-22,2024-12-26,inactive,終止日推定：次一市場start_date
7712,博盛半導體,上櫃,2024-12-26,,active,
7713,威力德生醫,興櫃,2024-01-02,2025-02-24,inactive,終止日推定：次一市場start_date
7713,威力德生醫,上櫃,2025-02-24,,active,
7714,創泓科技,興櫃,2024-01-04,2025-01-15,inactive,終止日推定：次一市場start_date
7714,創泓科技,上櫃,2025-01-15,,active,
7715,裕山,興櫃,2024-01-12,2025-01-15,inactive,終止日推定：次一市場start_date
7715,裕山,上櫃,2025-01-15,,active,
7716,昱臺國際,興櫃,2024-03-28,2025-10-28,inactive,終止日推定：次一市場start_date
7716,昱臺國際,上櫃,2025-10-28,,active,
7717,萊德光電-KY,上櫃,2025-11-17,,active,
7718,友鋮,興櫃,2024-02-22,2025-03-18,inactive,終止日推定：次一市場start_date
7718,友鋮,上櫃,2025-03-18,,active,
7719,碳基,興櫃,2023-11-23,,active,
7721,微程式-新,興櫃,2023-12-22,2025-07-29,inactive,終止日推定：次一市場start_date
7721,微程式,上市,2025-07-29,,active,科技事業
7722,LINEPAY,興櫃,2024-01-26,2024-12-05,inactive,終止日推定：次一市場start_date
7722,LINEPAY,上市,2024-12-05,,active,
7723,築間-新,興櫃,2023-12-21,2025-04-30,inactive,終止日推定：次一市場start_date
7723,築間,上櫃,2025-04-30,,active,
7724,諾亞克,興櫃,2024-08-15,,active,
7725,列特博,興櫃,2023-12-22,,active,
7726,暄達,興櫃,2024-02-27,,active,
7728,光焱科技,興櫃,2024-03-18,2025-03-06,inactive,終止日推定：次一市場start_date
7728,光焱科技,上櫃,2025-03-06,,active,
7729,仲恩生醫,興櫃,2024-03-11,,active,
7730,暉盛,興櫃,2024-03-18,2025-11-04,inactive,終止日推定：次一市場start_date
7730,暉盛-創,上市,2025-11-04,,active,創新板；ISIN市場別：創新板
7731,火星生技*,興櫃,2024-02-05,,active,
7732,金興精密,興櫃,2024-03-13,2025-01-14,inactive,終止日推定：次一市場start_date
7732,金興精密,上市,2025-01-14,,active,
7734,印能科技,興櫃,2024-03-14,2025-02-26,inactive,終止日推定：次一市場start_date
7734,印能科技,上櫃,2025-02-26,,active,
7735,台智雲,興櫃,2026-05-29,,active,
7736,虎山,興櫃,2024-03-27,2025-03-18,inactive,終止日推定：次一市場start_date
7736,虎山,上市,2025-03-18,,active,
7737,凱鈿,興櫃,2025-02-05,,active,
7738,東聯互動,興櫃,2024-06-13,2025-10-16,inactive,終止日推定：次一市場start_date
7738,東聯互動,上櫃,2025-10-16,,active,
7740,熙特爾,興櫃,2024-10-17,2025-06-16,inactive,終止日推定：次一市場start_date
7740,熙特爾-創,上市,2025-06-16,,active,創新板；ISIN市場別：創新板
7742,天弘化,興櫃,2024-07-04,,active,
7743,金利食安,興櫃,2024-04-23,2025-05-20,inactive,終止日推定：次一市場start_date
7743,金利食安,上櫃,2025-05-20,,active,
7744,崴寶,興櫃,2024-09-25,2025-11-27,inactive,終止日推定：次一市場start_date
7744,崴寶,上櫃,2025-11-27,,active,
7745,紅陽,興櫃,2026-01-05,,active,
7747,昕奇雲端,興櫃,2024-05-27,2025-07-11,inactive,終止日推定：次一市場start_date
7747,昕奇雲端,上櫃,2025-07-11,,active,
7748,鑫囍創業,興櫃,2024-12-05,,active,
7749,意騰-KY,上市,2025-06-13,,active,科技事業
7750,新代,興櫃,2024-06-18,2025-09-17,inactive,終止日推定：次一市場start_date
7750,新代,上市,2025-09-17,,active,
7751,竑騰,興櫃,2024-06-13,2025-08-26,inactive,終止日推定：次一市場start_date
7751,竑騰,上櫃,2025-08-26,,active,
7752,世紀樺欣,興櫃,2024-06-19,,active,
7753,星亞,興櫃,2024-08-29,2025-08-11,inactive,終止日推定：次一市場start_date
7753,星亞,上櫃,2025-08-11,,active,
7754,安基生技,興櫃,2024-06-25,,active,
7756,多那之,興櫃,2024-08-01,,active,
7757,金色三麥,興櫃,2024-06-26,2025-10-20,inactive,終止日推定：次一市場start_date
7757,金色三麥,上櫃,2025-10-20,,active,
7758,睿騰能源,興櫃,2025-05-08,,active,
7759,視航生醫,興櫃,2025-03-10,,active,
7760,享溫馨,興櫃,2024-11-08,2026-04-28,inactive,終止日推定：次一市場start_date
7760,享溫馨,上市,2026-04-28,,active,
7761,三大未來,興櫃,2024-08-16,,active,
7762,吉晟生,興櫃,2024-07-25,,active,
7763,崇舜,興櫃,2024-09-26,,active,
7764,聖州,興櫃,2024-08-28,,active,
7765,中華資安,興櫃,2024-08-20,2025-09-08,inactive,終止日推定：次一市場start_date
7765,中華資安,上市,2025-09-08,,active,科技事業
7767,仁大資訊,興櫃,2024-10-30,2025-12-10,inactive,終止日推定：次一市場start_date
7767,仁大資訊,上櫃,2025-12-10,,active,
7768,頌勝科技,興櫃,2025-03-31,2026-05-07,inactive,終止日推定：次一市場start_date
7768,頌勝科技,上市,2026-05-07,,active,
7769,鴻勁,興櫃,2024-10-31,2025-11-27,inactive,終止日推定：次一市場start_date
7769,鴻勁,上市,2025-11-27,,active,
7770,君曜,興櫃,2024-09-12,2025-12-10,inactive,終止日推定：次一市場start_date
7770,君曜,上櫃,2025-12-10,,active,
7771,綠基,興櫃,2026-03-27,,active,
7772,耀穎,興櫃,2025-06-26,2026-05-08,inactive,終止日推定：次一市場start_date
7772,耀穎,上櫃,2026-05-08,,active,
7773,富禾生醫,興櫃,2024-09-26,,active,
7776,奧孟亞,興櫃,2024-10-25,,active,
7777,能率亞洲,興櫃,2024-10-15,2025-12-22,inactive,終止日推定：次一市場start_date
7777,能率亞洲,上櫃,2025-12-22,,active,
7779,鍇睿國際,興櫃,2024-10-03,,active,
7780,大研生醫,興櫃,2024-10-28,2025-09-09,inactive,終止日推定：次一市場start_date
7780,大研生醫*,上市,2025-09-09,,active,
7781,昕力資*,興櫃,2024-10-23,,active,
7782,光速火箭,興櫃,2024-10-23,2025-10-28,inactive,終止日推定：次一市場start_date
7782,光速火箭,上櫃,2025-10-28,,active,
7783,佳運,興櫃,2024-10-25,,active,
7784,安邦生技*,興櫃,2026-05-05,,active,
7785,北祥科服,興櫃,2025-06-26,,active,
7786,東方風能,興櫃,2024-10-25,2025-11-18,inactive,終止日推定：次一市場start_date
7786,東方風能,上市,2025-11-18,,active,
7788,松川精密,興櫃,2024-10-30,2025-10-16,inactive,終止日推定：次一市場start_date
7788,松川精密,上市,2025-10-16,,active,
7789,開展,興櫃,2024-11-20,,active,
7790,思必瑞特,興櫃,2024-12-27,,active,
7791,皇家可口,興櫃,2024-11-26,2025-10-28,inactive,終止日推定：次一市場start_date
7791,皇家可口,上市,2025-10-28,,active,
7792,安葆,興櫃,2024-12-18,2026-01-28,inactive,終止日推定：次一市場start_date
7792,安葆,上櫃,2026-01-28,,active,
7794,宏碁智新,興櫃,2024-11-15,2026-04-20,inactive,終止日推定：次一市場start_date
7794,宏碁智新,上櫃,2026-04-20,,active,
7795,長廣,興櫃,2024-11-29,2026-01-16,inactive,終止日推定：次一市場start_date
7795,長廣,上市,2026-01-16,,active,
7796,擷發科,興櫃,2024-12-09,,active,
7797,Q BURGER,興櫃,2025-01-06,,active,
7798,將捷,興櫃,2025-10-21,,active,
7799,禾榮科,興櫃,2024-11-27,2025-09-15,inactive,終止日推定：次一市場start_date
7799,禾榮科,上市,2025-09-15,,active,科技事業
7801,華芸科技,興櫃,2024-11-25,,active,
7803,雲象科技,興櫃,2024-11-26,2026-05-20,inactive,終止日推定：次一市場start_date
7803,雲象科技-創,上市,2026-05-20,,active,創新板；ISIN市場別：創新板
7805,威聯通,興櫃,2024-11-26,2025-12-22,inactive,終止日推定：次一市場start_date
7805,威聯通,上櫃,2025-12-22,,active,
7806,精華生醫,興櫃,2024-12-12,,active,
7808,訊聯智藥,興櫃,2024-12-12,,active,
7810,捷創科技,興櫃,2025-01-03,2025-12-23,inactive,終止日推定：次一市場start_date
7810,捷創科技,上櫃,2025-12-23,,active,
7811,民盛,興櫃,2025-01-06,2026-03-25,inactive,終止日推定：次一市場start_date
7811,民盛,上櫃,2026-03-25,,active,
7812,稜研科技*,興櫃,2025-01-15,,active,
7813,宇辰系統,興櫃,2025-01-16,,active,
7814,海昌生技,興櫃,2025-01-09,2026-07-16,inactive,終止日推定：次一市場start_date
7814,海昌生技,上櫃,2026-07-16,,active,
7815,新特,興櫃,2025-01-15,,active,
7816,來穎,興櫃,2025-01-15,,active,
7818,溢泰實業,興櫃,2025-02-07,2026-05-18,inactive,終止日推定：次一市場start_date
7818,溢泰實業,上市,2026-05-18,,active,
7819,精誠金融,興櫃,2025-02-12,2026-05-27,inactive,終止日推定：次一市場start_date
7819,精誠金融,上櫃,2026-05-27,,active,
7820,立盈,興櫃,2025-04-22,2026-04-27,inactive,終止日推定：次一市場start_date
7820,立盈,上櫃,2026-04-27,,active,
7821,神數,興櫃,2025-03-31,2026-04-20,inactive,終止日推定：次一市場start_date
7821,神數,上市,2026-04-20,,active,
7822,倍利科,興櫃,2025-03-27,2026-03-30,inactive,終止日推定：次一市場start_date
7822,倍利科,上市,2026-03-30,,active,科技事業
7823,奧義賽博-KY創,上市,2026-02-05,,active,創新板；ISIN市場別：創新板
7824,智寶,興櫃,2025-09-18,,active,
7825,和亞智慧,興櫃,2025-04-15,2026-09-10,inactive,終止日推定：次一市場start_date
7825,和亞智慧,上櫃,2026-09-10,,active,
7826,極風雲創,興櫃,2025-04-15,,active,
7827,漢康-KY,興櫃,2025-06-20,2026-05-29,inactive,終止日推定：次一市場start_date
7827,漢康-KY創,上市,2026-05-29,,active,創新板第一上市；ISIN市場別：創新板
7828,創新服務,興櫃,2025-05-08,2026-04-22,inactive,終止日推定：次一市場start_date
7828,創新服務,上櫃,2026-04-22,,active,
7829,思捷優達-KY,興櫃,2025-06-03,,active,
7831,捷博,興櫃,2025-04-30,,active,
7832,智新生技*,興櫃,2025-05-08,,active,
7833,綠岩能源,興櫃,2025-05-22,,active,
7834,來毅數位,興櫃,2025-05-13,,inactive,未取得正式終止日期
7835,永悅健康-創,上市,2026-07-24,,active,創新板；ISIN市場別：創新板
7836,智生活,興櫃,2025-07-30,,active,
7837,啟新生,興櫃,2025-05-28,,active,
7839,達人網,興櫃,2025-05-23,2026-06-15,inactive,終止日推定：次一市場start_date
7839,達人網,上櫃,2026-06-15,,active,
7840,祥圃,興櫃,2025-06-18,,active,
7841,經貿聯網,興櫃,2025-06-11,,active,
7842,天能綠電,興櫃,2025-06-10,2026-05-11,inactive,終止日推定：次一市場start_date
7842,天能綠電,上櫃,2026-05-11,,active,
7843,英柏得,興櫃,2025-07-17,,active,
7846,德揚,興櫃,2025-06-26,,active,
7847,豊漁,興櫃,2025-06-26,,active,
7848,騏億鑫,興櫃,2025-07-29,,active,
7849,旭誼,興櫃,2025-08-01,,active,
7850,寶泰生醫,興櫃,2025-08-04,,active,
7851,慧康生技*-KY,興櫃,2025-11-19,,active,
7853,政美應用,興櫃,2025-09-30,,active,
7854,佐茂,興櫃,2025-10-30,,active,
7855,和運租車,興櫃,2025-09-26,2026-08-11,inactive,終止日推定：次一市場start_date
7855,和運租車,上市,2026-08-11,,active,
7856,漢測,興櫃,2025-09-17,,active,
7857,合水先進,興櫃,2025-08-28,,active,
7858,芝普,興櫃,2025-09-26,,active,
7860,得生製藥,興櫃,2025-09-09,,active,
7861,貝爾威勒,興櫃,2025-11-12,,active,
7862,聚泰,興櫃,2025-10-22,,active,
7863,中科物流,興櫃,2025-09-30,,active,
7865,金聯成,興櫃,2025-10-02,,active,
7866,丹立,興櫃,2025-10-16,,active,
7867,特力屋,興櫃,2025-10-16,,active,
7868,聖育,興櫃,2025-10-21,,active,
7869,宏于電機,興櫃,2025-12-22,,active,
7870,聯剛科技,興櫃,2025-11-21,,active,
7871,安立璽榮-KY,興櫃,2026-01-13,,active,
7872,登豐,興櫃,2025-12-22,,active,
7873,瑞峰,興櫃,2026-05-29,,active,
7875,安圖斯,興櫃,2025-11-21,,active,
7876,鼎晉生技,興櫃,2025-11-24,,active,
7877,海利普,興櫃,2025-11-27,,active,
7878,藥祇,興櫃,2025-11-27,,active,
7879,益材科技,興櫃,2026-01-23,,active,
7880,聖凰,興櫃,2025-11-26,,active,
7881,科明,興櫃,2025-11-26,,active,
7882,倍利創投,興櫃,2025-12-09,,active,
7883,饗賓,興櫃,2026-01-23,,active,
7885,宏羚,興櫃,2026-01-16,,active,
7886,科建,興櫃,2026-01-19,,active,
7887,宇川精材,興櫃,2026-01-13,,active,
7888,麗寶新藥,興櫃,2025-12-23,,active,
7889,騰勢,興櫃,2026-01-13,,active,
7890,明曜科技,興櫃,2026-01-20,,active,
7891,博研醫藥,興櫃,2026-01-14,,active,
7892,元鈦科,興櫃,2026-01-16,,active,
7893,睿信,興櫃,2026-01-15,,active,
7894,瀚軒,興櫃,2026-06-26,,active,
7895,元進莊,興櫃,2026-01-22,,active,
7896,喬越,興櫃,2026-01-16,,active,
7897,禾迅綠電,興櫃,2026-01-27,,active,
7898,乾瞻,興櫃,2026-05-27,,active,
7899,景美,興櫃,2026-02-25,,active,
7901,大大寬頻,興櫃,2026-01-21,,active,
7902,宇越生醫*,興櫃,2026-01-22,,active,
7904,任開數位,興櫃,2026-01-23,,active,
7907,錸恩帕斯,興櫃,2026-04-22,,active,
7909,鈺祥,興櫃,2026-03-25,,active,
7911,阿波羅電力,興櫃,2026-04-28,,active,
7912,新聿科,興櫃,2026-04-22,,active,
7913,通寶半導體,興櫃,2026-05-15,,active,
7914,碩明綠能,興櫃,2026-08-26,,active,
7915,廌家,興櫃,2026-04-28,,active,
7917,源傑科技,興櫃,2026-07-29,,active,
7918,創鉅材料,興櫃,2026-05-11,,active,
7919,禾蒼,興櫃,2026-05-14,,active,
7920,瀚陽*,興櫃,2026-05-20,,active,
7921,台普威,興櫃,2026-05-27,,active,
7922,源點*,興櫃,2026-05-22,,active,
7924,TLC-KY,興櫃,2026-06-26,,active,
7925,健生,興櫃,2026-08-03,,active,
7926,中華立鼎,興櫃,2026-06-17,,active,
7927,連距電機,興櫃,2026-06-17,,active,
7928,合聖科技*,興櫃,2026-06-26,,active,
7929,碩通,興櫃,2026-06-26,,active,
7930,威世波,興櫃,2026-07-16,,active,
7931,續升綠能,興櫃,2026-06-29,,active,
7932,昱鐳應材,興櫃,2026-08-28,,active,
7933,威旭,興櫃,2026-07-23,,active,
7934,鋒霈環境科技,興櫃,2026-09-10,,active,
7935,安富,興櫃,2026-07-22,,active,
7936,寰聖,興櫃,2026-07-21,,active,
7939,技宸,興櫃,2026-07-27,,active,
7942,東佑達,興櫃,2026-08-06,,active,
7943,鴻璟科技,興櫃,2026-08-10,,active,
7944,睿禾金碳,興櫃,2026-08-19,,active,
7945,廣盛科技,興櫃,2026-08-20,,active,
7947,補丁科,興櫃,2026-09-16,,active,
7949,耀寬,興櫃,2026-09-21,,pending,
8008,建興電,上市,2004-11-05,,inactive,未取得正式終止日期
8011,台通光電,興櫃,2010-01-26,2011-09-19,inactive,終止日推定：次一市場start_date
8011,台通,上市,2011-09-19,,active,
8016,矽創,上市,2003-12-25,,active,
8019,金山電能科技股份有限公司,興櫃,2003-01-02,,inactive,未取得正式終止日期
8021,尖點,上市,2008-01-21,,active,櫃轉市
8024,佑華,上櫃,2006-09-25,,active,掛牌日期來源：ISIN
8026,康和資訊系統股份有限公司,興櫃,2003-01-06,,inactive,未取得正式終止日期
8027,鈦昇科技股份有限公司,興櫃,2003-01-03,2013-11-12,inactive,終止日推定：次一市場start_date
8027,鈦昇科技,興櫃,2013-11-12,2015-06-09,inactive,終止日推定：次一市場start_date
8027,鈦昇,上櫃,2015-06-09,,active,掛牌日期來源：ISIN
8028,昇陽國際半導體,興櫃,2014-12-23,2018-07-10,inactive,終止日推定：次一市場start_date
8028,昇陽半導體,上市,2018-07-10,,active,
8029,久尹,興櫃,2008-01-09,,inactive,未取得正式終止日期
8030,基丞科技股份有限公司,興櫃,2003-01-08,,inactive,未取得正式終止日期
8032,光菱,上櫃,2003-10-02,,active,掛牌日期來源：ISIN
8033,雷虎,上市,2007-06-21,,active,櫃轉市
8034,榮群,上櫃,2004-05-06,,active,掛牌日期來源：ISIN
8036,光華開發科技股份有限公司,興櫃,2003-01-09,,inactive,未取得正式終止日期
8038,長園科技實業股份有限公司,興櫃,2003-01-14,2013-11-21,inactive,終止日推定：次一市場start_date
8038,長園科,上櫃,2013-11-21,,active,掛牌日期來源：ISIN
8039,台虹,上市,2009-12-17,,active,櫃轉市
8040,九暘,上櫃,2007-04-30,,active,掛牌日期來源：ISIN
8041,東元精電股份有限公司,興櫃,2003-01-13,2022-01-13,inactive,終止日推定：次一市場start_date
8041,東元精電,興櫃,2022-01-13,,inactive,未取得正式終止日期
8042,金山電,上櫃,2004-03-22,,active,掛牌日期來源：ISIN
8043,蜜望實,上櫃,2003-10-24,,active,掛牌日期來源：ISIN
8044,網家,上櫃,2005-01-24,,active,掛牌日期來源：ISIN
8045,達運光電股份有限公司,興櫃,2003-01-23,2017-05-22,inactive,終止日推定：次一市場start_date
8045,達運光電,興櫃,2017-05-22,2024-12-11,inactive,終止日推定：次一市場start_date
8045,達運光電,上市,2024-12-11,,active,
8046,南電,上市,2006-04-07,,active,
8047,星雲,上櫃,2004-02-09,,active,掛牌日期來源：ISIN
8048,德勝科技股份有限公司,興櫃,2003-01-14,2009-09-08,inactive,終止日推定：次一市場start_date
8048,德勝,上櫃,2009-09-08,,active,掛牌日期來源：ISIN
8049,晶采,上櫃,2004-02-02,,active,掛牌日期來源：ISIN
8050,廣積,上櫃,2003-10-24,,active,掛牌日期來源：ISIN
8054,安國,上櫃,2004-11-08,,active,掛牌日期來源：ISIN
8056,達虹科技股份有限公司,興櫃,2003-01-23,,inactive,未取得正式終止日期
8058,耐特,興櫃,2025-07-15,,active,
8059,凱碩科技,興櫃,2008-02-12,2010-03-16,inactive,終止日推定：次一市場start_date
8059,凱碩,上櫃,2010-03-16,,active,掛牌日期來源：ISIN
8064,東捷,上櫃,2006-09-25,,active,掛牌日期來源：ISIN
8065,天瑞企業股份有限公司,興櫃,2003-01-23,,inactive,未取得正式終止日期
8066,來思達,上櫃,2004-12-24,,active,掛牌日期來源：ISIN
8067,志旭,上櫃,2004-04-23,,active,掛牌日期來源：ISIN
8068,全達,上櫃,2004-03-25,,active,掛牌日期來源：ISIN
8069,元太,上櫃,2004-03-30,,active,掛牌日期來源：ISIN
8070,長華*,上市,2007-12-31,,active,櫃轉市
8071,能率網通,上櫃,2003-12-29,,active,掛牌日期來源：ISIN
8072,陞泰,上市,2005-08-19,,active,櫃轉市
8074,鉅橡,上櫃,2004-01-27,,active,掛牌日期來源：ISIN
8076,伍豐,上櫃,2003-12-15,,active,掛牌日期來源：ISIN
8077,洛碁,上櫃,2004-12-06,,active,掛牌日期來源：ISIN
8078,華寶,上市,2003-12-09,,inactive,未取得正式終止日期
8080,泰霖,上櫃,2021-04-07,,active,掛牌日期來源：ISIN
8081,致新,上市,2008-12-30,,active,櫃轉市
8083,瑞穎,上櫃,2004-09-23,,active,掛牌日期來源：ISIN
8084,巨虹,上櫃,2004-03-08,,active,掛牌日期來源：ISIN
8085,福華,上櫃,2004-03-01,,active,掛牌日期來源：ISIN
8086,宏捷科技股份有限公司,興櫃,2003-03-31,2009-06-01,inactive,終止日推定：次一市場start_date
8086,宏捷科,上櫃,2009-06-01,,active,掛牌日期來源：ISIN
8087,麗升能源,上櫃,2004-02-25,,active,掛牌日期來源：ISIN
8088,品安,上櫃,2004-02-27,,active,掛牌日期來源：ISIN
8089,康全電訊,興櫃,2018-08-31,2020-09-23,inactive,終止日推定：次一市場start_date
8089,康全電訊,上櫃,2020-09-23,,active,掛牌日期來源：ISIN
8091,翔名,上櫃,2004-06-24,,active,掛牌日期來源：ISIN
8092,建暐,上櫃,2004-02-02,,active,掛牌日期來源：ISIN
8093,保銳,上櫃,2004-12-31,,active,掛牌日期來源：ISIN
8096,擎亞,上櫃,2004-07-15,,active,掛牌日期來源：ISIN
8097,常珵,上櫃,2004-03-01,,active,掛牌日期來源：ISIN
8098,慶康科技,興櫃,2023-10-31,,active,
8099,大世科,上櫃,2004-03-29,,active,掛牌日期來源：ISIN
8101,華冠,上市,2004-07-01,,active,
8102,傑霖科技,興櫃,2023-10-27,2025-12-22,inactive,終止日推定：次一市場start_date
8102,傑霖科技,上櫃,2025-12-22,,active,
8103,瀚荃,上市,2009-09-29,,active,櫃轉市
8104,錸寶科技,興櫃,2016-07-26,2019-01-17,inactive,終止日推定：次一市場start_date
8104,錸寶,上市,2019-01-17,,active,
8105,凌巨,上市,2006-12-27,,active,櫃轉市
8107,大億金茂,上櫃,2005-11-15,,active,掛牌日期來源：ISIN
8109,博大,上櫃,2005-03-22,,active,掛牌日期來源：ISIN
8110,華東,上市,2007-10-31,,active,櫃轉市
8111,立碁,上櫃,2004-02-09,,active,掛牌日期來源：ISIN
8112,至上,上市,2007-12-31,,active,櫃轉市
8114,振樺電,上市,2012-11-26,,active,櫃轉市
8115,帝聞企業股份有限公司,興櫃,2006-05-30,,inactive,未取得正式終止日期
8119,公信,興櫃,2017-07-04,,active,
8121,越峰,上櫃,2005-02-17,,active,掛牌日期來源：ISIN
8122,神通電腦股份有限公司,興櫃,2004-04-09,,inactive,未取得正式終止日期
8127,利汎科技股份有限公司,興櫃,2004-09-13,,inactive,未取得正式終止日期
8131,福懋科技,興櫃,2006-11-28,2007-11-29,inactive,終止日推定：次一市場start_date
8131,福懋科,上市,2007-11-29,,active,
8147,正淩精密工業,興櫃,2012-03-26,2013-04-30,inactive,終止日推定：次一市場start_date
8147,正淩,上櫃,2013-04-30,,active,掛牌日期來源：ISIN
8150,南茂科技,興櫃,2013-04-19,2014-04-11,inactive,終止日推定：次一市場start_date
8150,南茂,上市,2014-04-11,,active,
8155,博智電子,興櫃,2011-05-20,2012-12-18,inactive,終止日推定：次一市場start_date
8155,博智,上櫃,2012-12-18,,active,掛牌日期來源：ISIN
8157,宏麗科技股份有限公司,興櫃,2003-12-22,,inactive,未取得正式終止日期
8162,微矽電子,興櫃,2022-09-26,2024-03-07,inactive,終止日推定：次一市場start_date
8162,微矽電子-創,上市,2024-03-07,,active,創新板；ISIN市場別：創新板
8163,達方,上市,2007-11-28,,active,
8171,天宇工業,興櫃,2010-10-08,2011-12-19,inactive,終止日推定：次一市場start_date
8171,天宇,上櫃,2011-12-19,,active,掛牌日期來源：ISIN
8172,勝開科技股份有限公司,興櫃,2004-02-18,,inactive,未取得正式終止日期
8176,智捷科技股份有限公司,興櫃,2003-09-22,2013-06-25,inactive,終止日推定：次一市場start_date
8176,智捷,上櫃,2013-06-25,,active,掛牌日期來源：ISIN
8179,旭德科技,興櫃,2007-11-05,,inactive,未取得正式終止日期
8182,加高,上櫃,2006-05-25,,active,掛牌日期來源：ISIN
8183,精星,上櫃,2005-03-30,,active,掛牌日期來源：ISIN
8189,智灝科技股份有限公司,興櫃,2004-11-17,,inactive,未取得正式終止日期
8197,研能,興櫃,2003-12-18,,inactive,未取得正式終止日期
8199,廣鎵光電股份有限公司,興櫃,2004-04-15,2011-09-08,inactive,終止日推定：次一市場start_date
8199,廣鎵,上市,2011-09-08,,inactive,未取得正式終止日期
8201,無敵科技,興櫃,2006-12-12,2007-10-29,inactive,終止日推定：次一市場start_date
8201,無敵,上市,2007-10-29,,active,
8210,勤誠,上市,2011-12-01,,active,櫃轉市
8213,志超科技股份有限公司,興櫃,2004-09-16,2009-12-25,inactive,終止日推定：次一市場start_date
8213,志超,上市,2009-12-25,,active,
8215,達信科技股份有限公司,興櫃,2003-09-22,2010-11-12,inactive,終止日推定：次一市場start_date
8215,明基材,上市,2010-11-12,,active,科技事業(原達信科技)
8222,寶一科技,興櫃,2013-10-09,2015-01-27,inactive,終止日推定：次一市場start_date
8222,寶一,上市,2015-01-27,,active,
8225,華矽半導體股份有限公司,興櫃,2004-05-07,,inactive,未取得正式終止日期
8227,巨有科技股份有限公司,興櫃,2004-07-14,2021-07-21,inactive,終止日推定：次一市場start_date
8227,巨有科技,興櫃,2021-07-21,2022-12-20,inactive,終止日推定：次一市場start_date
8227,巨有科技,上櫃,2022-12-20,,active,
8234,新漢,上櫃,2007-06-07,,active,掛牌日期來源：ISIN
8240,華宏,上櫃,2005-06-23,,active,掛牌日期來源：ISIN
8249,菱光,上市,2005-05-17,,active,
8255,朋程,上櫃,2006-04-25,,active,掛牌日期來源：ISIN
8261,富鼎,上市,2009-12-11,,active,櫃轉市
8264,台灣視訊,興櫃,2004-09-16,,inactive,未取得正式終止日期
8271,宇瞻科技股份有限公司,興櫃,2004-01-15,2010-12-29,inactive,終止日推定：次一市場start_date
8271,宇瞻,上市,2010-12-29,,active,
8272,全景軟體,興櫃,2023-10-17,2024-10-23,inactive,終止日推定：次一市場start_date
8272,全景軟體,上櫃,2024-10-23,,active,
8277,商丞,上櫃,2004-12-27,,active,掛牌日期來源：ISIN
8279,生展生物科技,興櫃,2014-11-14,2016-09-26,inactive,終止日推定：次一市場start_date
8279,生展,上櫃,2016-09-26,,active,掛牌日期來源：ISIN
8281,歐普羅科技股份有限公司,興櫃,2004-05-18,2015-06-02,inactive,終止日推定：次一市場start_date
8281,歐普羅科技,興櫃,2015-06-02,,inactive,未取得正式終止日期
8284,三竹資訊,興櫃,2012-11-05,2020-05-18,inactive,終止日推定：次一市場start_date
8284,三竹,上櫃,2020-05-18,,active,掛牌日期來源：ISIN
8289,泰藝,上櫃,2008-04-24,,active,掛牌日期來源：ISIN
8291,尚茂電子材料股份有限公司,興櫃,2004-07-12,2011-11-29,inactive,終止日推定：次一市場start_date
8291,尚茂,上櫃,2011-11-29,,active,掛牌日期來源：ISIN
8297,金橋電子,興櫃,2004-02-12,,inactive,未取得正式終止日期
8298,威睿,興櫃,2018-03-28,,active,
8299,群聯,上櫃,2004-12-06,,active,掛牌日期來源：ISIN
8307,威達雲端電訊,興櫃,2010-11-26,,inactive,未取得正式終止日期
8325,中國廣播,興櫃,2015-06-24,,inactive,未取得正式終止日期
8329,台視,興櫃,2007-09-06,,active,
8341,日友環保科技,興櫃,2014-03-28,2015-03-23,inactive,終止日推定：次一市場start_date
8341,日友,上市,2015-03-23,,active,
8342,益張實業,興櫃,2016-06-03,2017-11-23,inactive,終止日推定：次一市場start_date
8342,益張,上櫃,2017-11-23,,active,掛牌日期來源：ISIN
8345,超秦,興櫃,2025-06-18,,active,
8349,恒耀,上櫃,2006-03-10,,active,掛牌日期來源：ISIN
8351,新東亞微電子股份有限公司,興櫃,2005-10-31,,inactive,未取得正式終止日期
8354,冠好,上櫃,2004-04-15,,active,掛牌日期來源：ISIN
8358,金居開發銅箔,興櫃,2007-11-07,2010-09-27,inactive,終止日推定：次一市場start_date
8358,金居,上櫃,2010-09-27,,active,掛牌日期來源：ISIN
8359,錢櫃,興櫃,2012-05-03,,active,
8361,金協昌科技股份有限公司,興櫃,2004-07-21,,inactive,未取得正式終止日期
8367,建新國際,興櫃,2017-03-21,2018-09-12,inactive,終止日推定：次一市場start_date
8367,建新國際,上市,2018-09-12,,active,
8374,羅昇,上市,2008-12-25,,active,櫃轉市
8383,千附,上櫃,2004-09-10,,active,掛牌日期來源：ISIN
8390,金益鼎,上櫃,2008-05-21,,active,掛牌日期來源：ISIN
8401,白紗科技,興櫃,2008-07-17,2010-03-29,inactive,終止日推定：次一市場start_date
8401,白紗科,上櫃,2010-03-29,,active,掛牌日期來源：ISIN
8403,盛弘醫藥,興櫃,2008-12-24,2011-03-01,inactive,終止日推定：次一市場start_date
8403,盛弘,上櫃,2011-03-01,,active,掛牌日期來源：ISIN
8404,百和興業-KY,上市,2011-05-18,,active,
8409,商之器科技,興櫃,2010-04-13,2013-11-25,inactive,終止日推定：次一市場start_date
8409,商之器,上櫃,2013-11-25,,active,掛牌日期來源：ISIN
8410,森田印刷廠,興櫃,2009-11-03,2011-02-23,inactive,終止日推定：次一市場start_date
8410,森田,上櫃,2011-02-23,,active,掛牌日期來源：ISIN
8411,KY福貞,興櫃,2009-12-17,2011-11-01,inactive,終止日推定：次一市場start_date
8411,福貞-KY,上市,2011-11-01,,active,
8414,F-富怡,興櫃,2011-09-22,,inactive,未取得正式終止日期
8415,大成國際鋼鐵,興櫃,2010-12-17,2016-09-07,inactive,終止日推定：次一市場start_date
8415,大國鋼,上櫃,2016-09-07,,active,掛牌日期來源：ISIN
8416,實威國際,興櫃,2011-03-25,2012-09-19,inactive,終止日推定：次一市場start_date
8416,實威,上櫃,2012-09-19,,active,掛牌日期來源：ISIN
8418,F-必勝,興櫃,2011-05-27,,inactive,未取得正式終止日期
8419,台灣蘭業,興櫃,2013-05-27,,inactive,未取得正式終止日期
8420,明揚國際科技,興櫃,2010-10-13,,inactive,未取得正式終止日期
8421,旭源包裝科技,興櫃,2010-10-20,2012-11-23,inactive,終止日推定：次一市場start_date
8421,旭源,上櫃,2012-11-23,,active,掛牌日期來源：ISIN
8422,可寧衛,興櫃,2010-10-26,2011-10-05,inactive,終止日推定：次一市場start_date
8422,可寧衛*,上市,2011-10-05,,active,
8423,F-保綠,興櫃,2011-01-20,2012-03-14,inactive,終止日推定：次一市場start_date
8423,保綠-KY,上櫃,2012-03-14,,active,掛牌日期來源：ISIN
8424,惠普,興櫃,2010-11-11,2012-12-18,inactive,終止日推定：次一市場start_date
8424,惠普,上櫃,2012-12-18,,active,掛牌日期來源：ISIN
8426,F-紅木,興櫃,2011-05-30,2011-12-13,inactive,終止日推定：次一市場start_date
8426,紅木-KY,上櫃,2011-12-13,,active,掛牌日期來源：ISIN
8427,基勝-KY,上市,2011-12-06,,inactive,未取得正式終止日期
8429,F-金麗,興櫃,2012-11-14,2012-12-20,inactive,終止日推定：次一市場start_date
8429,金麗-KY,上市,2012-12-20,,active,
8431,匯鑽科技,興櫃,2011-03-04,2015-03-30,inactive,終止日推定：次一市場start_date
8431,匯鑽科,上櫃,2015-03-30,,active,掛牌日期來源：ISIN
8432,東生華製藥,興櫃,2011-06-16,2012-04-30,inactive,終止日推定：次一市場start_date
8432,東生華,上櫃,2012-04-30,,active,掛牌日期來源：ISIN
8433,弘帆,興櫃,2011-09-09,2012-12-19,inactive,終止日推定：次一市場start_date
8433,弘帆,上櫃,2012-12-19,,active,掛牌日期來源：ISIN
8435,台灣鉅邁,興櫃,2011-12-15,2012-12-28,inactive,終止日推定：次一市場start_date
8435,鉅邁,上櫃,2012-12-28,,active,掛牌日期來源：ISIN
8436,大江生醫,興櫃,2012-02-15,2013-09-12,inactive,終止日推定：次一市場start_date
8436,大江,上櫃,2013-09-12,,active,掛牌日期來源：ISIN
8437,大地-KY,上櫃,2015-05-06,,active,掛牌日期來源：ISIN
8438,昶昕實業,興櫃,2012-02-20,2022-03-11,inactive,終止日推定：次一市場start_date
8438,昶昕,上市,2022-03-11,,active,
8440,綠電再生,興櫃,2012-06-07,2018-03-28,inactive,終止日推定：次一市場start_date
8440,綠電,上櫃,2018-03-28,,active,掛牌日期來源：ISIN
8442,威宏-KY,上市,2016-11-08,,active,
8443,阿瘦實業,興櫃,2012-09-03,2014-09-15,inactive,終止日推定：次一市場start_date
8443,阿瘦,上市,2014-09-15,,active,
8444,綠河股份有限公司,興櫃,2013-07-05,2015-10-27,inactive,終止日推定：次一市場start_date
8444,綠河-KY,上櫃,2015-10-27,,active,掛牌日期來源：ISIN
8446,華研國際音樂,興櫃,2012-10-26,2013-12-19,inactive,終止日推定：次一市場start_date
8446,華研,上櫃,2013-12-19,,active,掛牌日期來源：ISIN
8450,霹靂國際多媒體,興櫃,2013-09-30,2014-10-07,inactive,終止日推定：次一市場start_date
8450,霹靂,上櫃,2014-10-07,,active,掛牌日期來源：ISIN
8454,富邦媒體科技,興櫃,2014-02-27,2014-12-19,inactive,終止日推定：次一市場start_date
8454,富邦媒,上市,2014-12-19,,active,
8455,大拓-KY,上櫃,2016-01-08,,active,掛牌日期來源：ISIN
8458,影一,興櫃,2014-10-27,,active,
8462,柏文健康事業股份有限公司,興櫃,2014-08-29,2019-03-15,inactive,終止日推定：次一市場start_date
8462,柏文,上市,2019-03-15,,active,櫃轉市
8463,潤泰精密材料,興櫃,2014-09-15,2015-07-13,inactive,終止日推定：次一市場start_date
8463,潤泰材,上市,2015-07-13,,active,
8464,億豐綜合工業,興櫃,2015-01-06,2015-12-22,inactive,終止日推定：次一市場start_date
8464,億豐,上市,2015-12-22,,active,
8465,德河海洋生技,興櫃,2015-05-13,,inactive,未取得正式終止日期
8466,美吉吉-KY,上市,2016-11-01,,active,
8467,波力-KY,上市,2015-12-15,,active,
8472,夠麻吉,興櫃,2015-01-14,2026-09-14,inactive,終止日推定：次一市場start_date
8472,納維康,上櫃,2026-09-14,,active,掛牌日期來源：ISIN
8473,山林水環境工程,興櫃,2015-03-30,2016-09-08,inactive,終止日推定：次一市場start_date
8473,山林水,上市,2016-09-08,,active,
8476,台境企業,興櫃,2015-07-06,2023-10-31,inactive,終止日推定：次一市場start_date
8476,台境*,上市,2023-10-31,,active,櫃轉市
8477,創業家兄弟,興櫃,2015-10-27,2025-08-25,inactive,終止日推定：次一市場start_date
8477,創業家,上櫃,2025-08-25,,active,掛牌日期來源：ISIN
8478,東哥企業,興櫃,2015-09-23,2017-12-11,inactive,終止日推定：次一市場start_date
8478,東哥遊艇,上市,2017-12-11,,active,
8479,台灣藝術,興櫃,2016-05-16,,inactive,未取得正式終止日期
8480,泰昇國際(控股),興櫃,2016-07-05,2017-01-17,inactive,終止日推定：次一市場start_date
8480,泰昇-KY,上市,2017-01-17,,inactive,未取得正式終止日期
8481,政伸企業,興櫃,2016-03-04,2017-02-24,inactive,終止日推定：次一市場start_date
8481,政伸,上市,2017-02-24,,active,
8482,商億-KY,上市,2018-08-15,,active,
8485,信吉媒體科技,興櫃,2015-10-27,,inactive,未取得正式終止日期
8487,愛爾達科技,興櫃,2015-12-10,2024-03-26,inactive,終止日推定：次一市場start_date
8487,愛爾達-創,上市,2024-03-26,,active,創新板；ISIN市場別：創新板
8488,吉源-KY,上市,2016-12-13,,active,
8489,三貝德數位文創,興櫃,2016-01-12,2017-04-27,inactive,終止日推定：次一市場start_date
8489,三貝德,上櫃,2017-04-27,,active,掛牌日期來源：ISIN
8490,台灣利得生物科技,興櫃,2016-01-14,,inactive,未取得正式終止日期
8491,真好玩娛樂科技,興櫃,2016-01-19,,inactive,未取得正式終止日期
8492,兔將創意影業,興櫃,2016-05-19,,inactive,未取得正式終止日期
8495,經緯航太科技,興櫃,2016-08-08,,inactive,未取得正式終止日期
8496,台霖生物科技,興櫃,2016-02-26,,inactive,未取得正式終止日期
8497,聯廣傳播,興櫃,2016-11-17,2018-03-23,inactive,終止日推定：次一市場start_date
8497,聯廣,上市,2018-03-23,,inactive,文創事業；未取得正式終止日期
8499,鼎炫-KY,上市,2017-11-24,,active,
8905,裕國,上櫃,1996-01-31,,active,掛牌日期來源：ISIN
8906,花王,上櫃,1996-04-23,,active,掛牌日期來源：ISIN
8908,欣雄,上櫃,1997-02-14,,active,掛牌日期來源：ISIN
8916,光隆,上櫃,1999-04-20,,active,掛牌日期來源：ISIN
8917,欣泰,上櫃,1999-05-06,,active,掛牌日期來源：ISIN
8921,沈氏,上櫃,2000-03-21,,active,掛牌日期來源：ISIN
8923,時報,上櫃,1999-12-27,,active,掛牌日期來源：ISIN
8924,大田,上櫃,2000-02-09,,active,掛牌日期來源：ISIN
8926,台汽電,上市,2003-08-25,,active,櫃轉市
8927,北基,上櫃,2000-11-02,,active,掛牌日期來源：ISIN
8928,鉅明,上櫃,2001-02-02,,active,掛牌日期來源：ISIN
8929,富堡,上櫃,2000-11-30,,active,掛牌日期來源：ISIN
8930,青鋼,上櫃,2000-12-06,,active,掛牌日期來源：ISIN
8931,大汽電,上櫃,2001-05-10,,active,掛牌日期來源：ISIN
8932,智通*,上櫃,2001-03-29,,active,掛牌日期來源：ISIN
8933,愛地雅,上櫃,2001-03-28,,active,掛牌日期來源：ISIN
8935,邦泰,上櫃,2002-03-26,,active,掛牌日期來源：ISIN
8936,國統,上櫃,2002-09-09,,active,掛牌日期來源：ISIN
8937,合騏*,上櫃,2002-10-29,,active,掛牌日期來源：ISIN
8938,明安,上櫃,2002-12-02,,active,掛牌日期來源：ISIN
8940,新天地,上市,2009-05-15,,active,櫃轉市
8941,關中,上櫃,2003-01-20,,active,掛牌日期來源：ISIN
8942,森鉅,上櫃,2003-05-16,,active,掛牌日期來源：ISIN
8945,大新店民主有線電視股份有限公司,興櫃,2007-07-05,,inactive,未取得正式終止日期
8977,南國有線電視,興櫃,2009-08-28,,inactive,未取得正式終止日期
8996,高力,上市,2014-02-14,,active,櫃轉市
8999,台灣積層,興櫃,2025-01-10,,active,
9802,鈺齊-KY,上市,2012-10-18,,active,
9902,台火,上市,1964-07-14,,active,掛牌日期來源：ISIN
9904,寶成,上市,1990-01-19,,active,掛牌日期來源：ISIN
9905,大華,上市,1990-08-08,,active,掛牌日期來源：ISIN
9906,欣巴巴,上市,1990-12-15,,active,掛牌日期來源：ISIN
9907,統一實,上市,1991-01-29,,active,掛牌日期來源：ISIN
9908,大台北,上市,1991-02-06,,active,掛牌日期來源：ISIN
9910,豐泰,上市,1992-02-18,,active,掛牌日期來源：ISIN
9911,櫻花,上市,1992-07-16,,active,掛牌日期來源：ISIN
9912,偉聯,上市,1992-08-08,,active,掛牌日期來源：ISIN
9914,美利達,上市,1992-09-30,,active,掛牌日期來源：ISIN
9917,中保科,上市,1993-12-08,,active,掛牌日期來源：ISIN
9918,欣天然,上市,1994-04-26,,active,掛牌日期來源：ISIN
9919,康那香,上市,1994-11-04,,active,掛牌日期來源：ISIN
9921,巨大,上市,1994-12-29,,active,掛牌日期來源：ISIN
9924,福興,上市,1995-03-15,,active,掛牌日期來源：ISIN
9925,新保,上市,1995-12-09,,active,掛牌日期來源：ISIN
9926,新海,上市,1998-04-08,,active,掛牌日期來源：ISIN
9927,泰銘,上市,1999-03-12,,active,掛牌日期來源：ISIN
9928,中視,上市,1999-08-09,,active,掛牌日期來源：ISIN
9929,秋雨,上市,1999-06-28,,active,掛牌日期來源：ISIN
9930,中聯資源,上市,1999-11-22,,active,掛牌日期來源：ISIN
9931,欣高,上市,2000-03-21,,active,掛牌日期來源：ISIN
9933,中鼎,上市,1993-05-28,,active,掛牌日期來源：ISIN
9934,成霖,上市,2000-09-11,,active,掛牌日期來源：ISIN
9935,慶豐富,上市,2000-09-11,,active,掛牌日期來源：ISIN
9937,全國,上市,2000-09-11,,active,掛牌日期來源：ISIN
9938,百和,上市,2001-01-12,,active,
9939,宏全,上市,2001-03-02,,active,
9940,信義,上市,2001-09-17,,active,櫃轉市
9941,裕融,上市,2001-09-17,,active,櫃轉市
9942,茂順,上市,2002-01-28,,active,
9943,好樂迪,上市,2002-08-26,,active,櫃轉市
9944,新麗,上市,2002-08-26,,active,櫃轉市
9945,潤泰新,上市,1992-04-30,,active,掛牌日期來源：ISIN
9946,三發地產,上市,2013-09-17,,active,櫃轉市
9949,琉園,上櫃,2003-11-21,,active,掛牌日期來源：ISIN
9950,萬國通,上櫃,2004-02-17,,active,掛牌日期來源：ISIN
9951,皇田,上櫃,2003-12-18,,active,掛牌日期來源：ISIN
9955,佳龍,上市,2008-01-21,,active,櫃轉市
9957,燁聯,興櫃,2003-01-03,,active,
9958,世紀鋼,上市,2008-03-12,,active,
9960,邁達康,上櫃,2004-12-06,,active,掛牌日期來源：ISIN
9961,儀大股份有限公司,興櫃,2003-01-17,,inactive,未取得正式終止日期
9962,有益,上櫃,2006-07-10,,active,掛牌日期來源：ISIN
9965,永儲股份有限公司,興櫃,2006-12-29,,inactive,未取得正式終止日期
