market,year,month,company_id,company_name,revenue_current_month,revenue_previous_month,revenue_same_month_last_year,revenue_mom_change_pct,revenue_yoy_change_pct,revenue_ytd_current,revenue_ytd_last_year,revenue_ytd_change_pct,note
twse,2026,5,1101,台泥,12612013,12213195,12619495,3.26,-0.05,58084626,60273039,-3.63,-
twse,2026,5,1102,亞泥,6296531,5694459,6370169,10.57,-1.15,26820476,29241145,-8.27,-
twse,2026,5,1103,嘉泥,230485,207622,249182,11.01,-7.5,1126476,1273231,-11.52,-
twse,2026,5,1104,環泥,655816,635959,643106,3.12,1.97,3050822,3270428,-6.71,-
twse,2026,5,1108,幸福,335095,322871,388571,3.78,-13.76,1638672,2011969,-18.55,-
twse,2026,5,1109,信大,348178,340192,407283,2.34,-14.51,1543711,1831205,-15.69,-
twse,2026,5,1110,東泥,233647,237552,261492,-1.64,-10.64,1053842,1266588,-16.79,-
twse,2026,5,1201,味全,1825310,1793562,1923030,1.77,-5.08,8619939,8995394,-4.17,-
twse,2026,5,1203,味王,432673,437702,481004,-1.14,-10.04,2183227,2512007,-13.08,-
twse,2026,5,1210,大成,9065705,9098458,8229515,-0.35,10.16,44729141,42493838,5.26,-
twse,2026,5,1213,大飲,22834,25400,19978,-10.1,14.29,125317,111276,12.61,-
twse,2026,5,1215,卜蜂,2488775,2316768,2448264,7.42,1.65,11981862,11531707,3.9,-
twse,2026,5,1216,統一,59180335,57480106,57625519,2.95,2.69,291676878,283100268,3.02,-
twse,2026,5,1217,愛之味,376355,396666,440729,-5.12,-14.6,1939235,2003192,-3.19,-
twse,2026,5,1218,泰山,821022,844393,832885,-2.76,-1.42,4318537,4126068,4.66,-
twse,2026,5,1219,福壽,1115075,1221789,1197196,-8.73,-6.85,5972242,6039917,-1.12,-
twse,2026,5,1220,台榮,239785,299352,274366,-19.89,-12.6,1234633,1299136,-4.96,-
twse,2026,5,1225,福懋油,1031005,1110177,1008123,-7.13,2.26,5422365,5247458,3.33,-
twse,2026,5,1227,佳格,2282197,1931499,2164443,18.15,5.44,11984199,11074580,8.21,-
twse,2026,5,1229,聯華,786408,604369,862668,30.12,-8.84,4006990,4391541,-8.75,-
twse,2026,5,1231,聯華食,986344,1007987,1018378,-2.14,-3.14,5342869,5142275,3.9,-
twse,2026,5,1232,大統益,1831688,1890202,1666647,-3.09,9.9,9615949,8896864,8.08,-
twse,2026,5,1233,天仁,188910,173250,196357,9.03,-3.79,935964,916366,2.13,-
twse,2026,5,1234,黑松,694368,685646,898472,1.27,-22.71,3708346,3927781,-5.58,-
twse,2026,5,1235,興泰,7962,14862,12837,-46.42,-37.97,81794,55684,46.88,"泰宇網通累計1-5月營收較去年同期增加27,427仟元"
twse,2026,5,1236,宏亞,107321,122248,112127,-12.21,-4.28,775056,753403,2.87,-
tpex,2026,5,1240,茂生農經,244093,236451,237227,3.23,2.89,1170496,1132771,3.33,-
twse,2026,5,1256,鮮活果汁-KY,475678,455560,384691,4.41,23.65,2072196,1411831,46.77,-
tpex,2026,5,1259,安心,547071,488504,531652,11.98,2.9,2557935,2480399,3.12,-
tpex,2026,5,1264,德麥,555509,630343,540780,-11.87,2.72,2921081,2757338,5.93,-
tpex,2026,5,1268,漢來美食,598064,514778,539221,16.17,10.91,3101169,2685120,15.49,-
tpex,2026,5,1294,漢田生技,68286,76653,52034,-10.91,31.23,372990,299034,24.73,-
tpex,2026,5,1295,生合,80334,104392,104854,-23.04,-23.38,399270,454885,-12.22,-
twse,2026,5,1301,台塑,14951422,18326272,14852023,-18.41,0.66,75262816,78227184,-3.78,-
twse,2026,5,1303,南亞,28830982,27681309,21949304,4.15,31.35,125108684,110677728,13.03,-
twse,2026,5,1304,台聚,3720859,4412977,3774657,-15.68,-1.42,18881444,19812980,-4.7,-
twse,2026,5,1305,華夏,973037,1192324,806203,-18.39,20.69,4839073,4100099,18.02,-
twse,2026,5,1307,三芳,876393,981256,802937,-10.68,9.14,4810459,4637990,3.71,-
twse,2026,5,1308,亞聚,521633,512062,472396,1.86,10.42,2335561,2447288,-4.56,-
twse,2026,5,1309,台達化,974076,1262513,1227097,-22.84,-20.61,5572495,6835842,-18.48,-
twse,2026,5,1310,台苯,516855,891393,841983,-42.01,-38.61,3592895,3982316,-9.77,-
twse,2026,5,1312,國喬,1593246,2489487,1505648,-36.0,5.81,11588232,9836234,17.81,-
twse,2026,5,1313,聯成,5371028,5878672,5129412,-8.63,4.71,25749422,24798757,3.83,-
twse,2026,5,1314,中石化,1290220,1556459,1693833,-17.1,-23.82,6939022,9933647,-30.14,-
twse,2026,5,1315,達新,233648,131514,225890,77.66,3.43,762838,920301,-17.1,-
twse,2026,5,1316,上曜,720420,683935,284794,5.33,152.96,3291684,1377586,138.94,主因子公司營收上升，致本年度營收較去年同期增加。
twse,2026,5,1319,東陽,1847625,2009033,1801870,-8.03,2.53,9487402,11431678,-17.0,-
twse,2026,5,1321,大洋,361973,352112,319215,2.8,13.39,1610610,1633740,-1.41,-
twse,2026,5,1323,永裕,181398,186584,173860,-2.77,4.33,899575,878457,2.4,-
twse,2026,5,1324,地球,55577,51218,53387,8.51,4.1,276588,305741,-9.53,-
twse,2026,5,1325,恆大,20068,24465,29167,-17.97,-31.19,101772,139649,-27.12,-
twse,2026,5,1326,台化,27386895,32101065,23721263,-14.68,15.45,141237771,127664254,10.63,-
tpex,2026,5,1336,台翰,212126,203814,211334,4.07,0.37,974576,1057642,-7.85,-
twse,2026,5,1337,再生-KY,45413,42068,50243,7.95,-9.61,239825,294034,-18.43,-
twse,2026,5,1338,廣華-KY,426707,458159,401631,-6.86,6.24,2053108,2083077,-1.43,-
twse,2026,5,1339,昭輝,146731,141125,127978,3.97,14.65,682016,779634,-12.52,-
twse,2026,5,1340,勝悅-KY,6790,5277,23241,28.67,-70.78,23502,112401,-79.09,由於受市場低迷影響，EVO膠粒銷售持續虧損，故公司調整營運，並暫停該車間生產營運，致營收下滑。
twse,2026,5,1341,富林-KY,198457,265857,173265,-25.35,14.53,1145225,1088500,5.21,-
twse,2026,5,1342,八貫,337474,349263,245972,-3.37,37.2,1604022,1266532,26.64,-
twse,2026,5,1402,遠東新,23426660,22888480,19614093,2.35,19.43,107591959,103435427,4.01,-
twse,2026,5,1409,新纖,4373931,4079327,3236780,7.22,35.13,18501156,17041036,8.56,-
twse,2026,5,1410,南染,20575,23107,15010,-10.95,37.07,93972,86264,8.93,-
twse,2026,5,1413,宏洲,178752,224009,213967,-20.2,-16.45,840673,1039236,-19.1,-
twse,2026,5,1414,東和,45981,46218,41378,-0.51,11.12,205651,222153,-7.42,-
twse,2026,5,1416,廣豐,40522,33560,25150,20.74,61.12,180372,133869,34.73,數位科技營收增加
twse,2026,5,1417,嘉裕,21313,22012,23747,-3.17,-10.24,117134,100509,16.54,-
twse,2026,5,1418,東華,1051,554,343,89.71,206.41,2253,3531,-36.19,配合客戶生產線出貨
twse,2026,5,1419,新紡,383133,402039,375079,-4.7,2.14,2238219,1726547,29.63,-
twse,2026,5,1423,利華,6117,4165,5188,46.86,17.9,41515,39885,4.08,-
twse,2026,5,1432,大魯閣,65979,66522,107576,-0.81,-38.66,330586,553248,-40.24,-
twse,2026,5,1434,福懋,2497994,2584621,2364954,-3.35,5.62,12061936,12776799,-5.59,-
twse,2026,5,1435,中福,498,499,498,-0.2,0.0,2492,2492,0.0,-
twse,2026,5,1436,華友聯,110845,53737,76645,106.27,44.62,237207,459797,-48.41,-
twse,2026,5,1437,勤益控,61704,57062,62083,8.13,-0.61,292553,321209,-8.92,-
twse,2026,5,1438,三地開發,1117,11986,0,-90.68,,390580,241,161966.39,因本年已有建案完工交屋，故營收變化大。
twse,2026,5,1439,雋揚,11667,5530,18903,110.97,-38.27,93109,159877,-41.76,-
twse,2026,5,1440,南紡,1117882,1026701,1291362,8.88,-13.43,5517240,6710240,-17.77,-
twse,2026,5,1441,大東,94130,131682,95348,-28.51,-1.27,514946,627742,-17.96,-
twse,2026,5,1442,名軒,199199,74336,244960,167.97,-18.68,575611,1935099,-70.25,本年累計認收48戶，去年累計認收167戶，故兩期差異大。
twse,2026,5,1443,立益物流,79128,80482,80964,-1.68,-2.26,386360,418567,-7.69,-
twse,2026,5,1444,力麗,1072308,623269,592355,72.04,81.02,3838241,3095255,24.0,因貿易業務交易模式改變，提升銷售規模，本月得標交貨量多，致收入增加。
twse,2026,5,1445,大宇,56545,24372,64409,132.0,-12.2,251971,332805,-24.28,-
twse,2026,5,1446,宏和,77509,62952,78961,23.12,-1.83,321155,757404,-57.59,本期營建銷售戶數減少
twse,2026,5,1447,力鵬,1615677,3258891,2967993,-50.42,-45.56,12946166,12455777,3.93,-
twse,2026,5,1449,佳和,283816,377317,142824,-24.78,98.71,1453524,1006944,44.35,營收回穩及合併子公司營收
twse,2026,5,1451,年興,525245,513372,648324,2.31,-18.98,2566621,2534253,1.27,-
twse,2026,5,1452,宏益,121121,147537,105355,-17.9,14.96,596995,587122,1.68,-
twse,2026,5,1453,大將,125,126,124,-0.79,0.8,628,620,1.29,-
twse,2026,5,1454,台富,126202,124279,117036,1.54,7.83,544661,678728,-19.75,-
twse,2026,5,1455,集盛,543385,595322,571203,-8.72,-4.87,2404446,3045152,-21.04,-
twse,2026,5,1456,怡華,28675,64095,92630,-55.26,-69.04,311717,308274,1.11,本月認列建設收入較去年本月減少所致
twse,2026,5,1457,宜進,249333,295484,273077,-15.61,-8.69,1192101,1425171,-16.35,-
twse,2026,5,1459,聯發,82210,94353,85172,-12.86,-3.47,408738,538329,-24.07,-
twse,2026,5,1460,宏遠,465096,426200,502049,9.12,-7.36,2589169,3262946,-20.64,-
twse,2026,5,1463,強盛新,15813,20903,15686,-24.35,0.8,99530,685467,-85.47,去年第一季子公司保強建設房屋售出入帳
twse,2026,5,1464,得力,990946,1129614,947624,-12.27,4.57,5106856,5470713,-6.65,-
twse,2026,5,1465,偉全,27068,36322,22806,-25.47,18.68,161871,147951,9.4,-
twse,2026,5,1466,聚隆,192089,187406,183650,2.49,4.59,927329,1097512,-15.5,-
twse,2026,5,1467,南緯,371278,413806,419780,-10.27,-11.55,1967717,1987564,-0.99,-
twse,2026,5,1468,昶和,44428,42431,71055,4.7,-37.47,214484,396185,-45.86,-
twse,2026,5,1470,大統新創,55312,50899,67788,8.67,-18.4,297516,345771,-13.95,-
twse,2026,5,1471,首利,6792,8003,20039,-15.13,-66.1,36809,83959,-56.15,本月營收及本年累計營收皆較去年同期減少，主係因為客戶需求減少所致。
twse,2026,5,1472,三洋實業,354164,307212,262247,15.28,35.04,1575700,1507777,4.5,本公司以專案收入為主要營收，因各財務報表期間所認列專案別不同，使得營業收入同期比較不具相同基礎，此為本公司營業特性。
twse,2026,5,1473,台南,431104,378666,437767,13.84,-1.52,2768907,3372187,-17.88,-
twse,2026,5,1474,弘裕,231333,252109,220982,-8.24,4.68,1174472,1232594,-4.71,-
twse,2026,5,1475,業旺,125355,124974,118462,0.3,5.81,598199,640426,-6.59,-
twse,2026,5,1476,儒鴻,3059191,3264019,3038307,-6.27,0.68,15944280,15803841,0.88,-
twse,2026,5,1477,聚陽,2708741,2605953,2488629,3.94,8.84,14211683,14776725,-3.82,-
twse,2026,5,1503,士電,3049512,3404404,2814376,-10.42,8.35,18012615,15677907,14.89,-
twse,2026,5,1504,東元,5685648,5626680,5142957,1.04,10.55,25510806,23799149,7.19,-
twse,2026,5,1506,正道,105801,102671,97056,3.04,9.01,498597,448951,11.05,-
twse,2026,5,1512,瑞利,83531,76632,88808,9.0,-5.94,481415,465087,3.51,-
twse,2026,5,1513,中興電,2392022,2307697,2308539,3.65,3.61,11190358,10936069,2.32,-
twse,2026,5,1514,亞力,799732,858225,1156147,-6.81,-30.82,4197709,3789569,10.77,-
twse,2026,5,1515,力山,422351,325362,390555,29.8,8.14,1798063,1808093,-0.55,-
twse,2026,5,1516,川飛,9678,7470,11521,29.55,-15.99,43373,33385,29.91,-
twse,2026,5,1517,利奇,190652,172836,143862,10.3,32.52,798933,898957,-11.12,-
twse,2026,5,1519,華城,1476965,2248955,1628913,-34.32,-9.32,8482435,8164160,3.89,-
twse,2026,5,1521,大億,328362,350408,266859,-6.29,23.04,1682530,1451339,15.92,-
twse,2026,5,1522,堤維西,2113362,2205376,1514293,-4.17,39.56,11022393,7866283,40.12,-
twse,2026,5,1524,耿鼎,188066,219905,158249,-14.47,18.84,970155,1126675,-13.89,-
twse,2026,5,1525,江申,119243,107202,92162,11.23,29.38,508180,471822,7.7,-
twse,2026,5,1526,日馳,54615,52119,60977,4.78,-10.43,268701,328542,-18.21,-
twse,2026,5,1527,鑽全,205906,236841,238131,-13.06,-13.53,1072133,1297516,-17.37,-
twse,2026,5,1528,恩德,241744,241070,289803,0.27,-16.58,1194918,1099341,8.69,-
twse,2026,5,1529,樂事綠能,119546,35569,46274,236.09,158.34,403626,439817,-8.22,"本月因台電交貨比去年同期多,致營收較去年同期增幅大"
twse,2026,5,1530,亞崴,86654,213324,152062,-59.37,-43.01,744791,830667,-10.33,-
twse,2026,5,1531,高林股,131713,125318,138497,5.1,-4.89,604516,678042,-10.84,-
twse,2026,5,1532,勤美,1217993,1098434,966382,10.88,26.03,5609378,4997872,12.23,-
twse,2026,5,1533,車王電,482812,476833,311705,1.25,54.89,2248045,1379202,62.99,"本月營收較去年同期增加171,107仟元，主要係電動巴士營收增加約164,153仟元所致。"
twse,2026,5,1535,中宇,581509,604226,1069641,-3.75,-45.63,3389046,4356761,-22.21,-
twse,2026,5,1536,和大,394750,405210,351948,-2.58,12.16,1993370,2011783,-0.91,-
twse,2026,5,1537,廣隆,577620,575529,530854,0.36,8.8,2867146,2913165,-1.57,-
twse,2026,5,1538,正峰,3520,9210,10169,-61.78,-65.38,23490,49337,-52.38,終端市場需求轉弱，客戶下單態度轉為審慎及部份客戶庫存水位偏高，持續進行庫存去化與調整作業
twse,2026,5,1539,巨庭,105864,104987,124275,0.83,-14.81,452826,607014,-25.4,-
twse,2026,5,1540,喬福,49442,35516,50910,39.21,-2.88,171189,227546,-24.76,-
twse,2026,5,1541,錩泰,214691,200940,388424,6.84,-44.72,1014441,1592745,-36.3,-
twse,2026,5,1558,伸興,813081,701458,826261,15.91,-1.59,3440715,3501413,-1.73,-
twse,2026,5,1560,中砂,829267,830354,704078,-0.13,17.78,3952897,3174566,24.51,-
twse,2026,5,1563,巧新,635255,595372,535017,6.69,18.73,3102564,3016298,2.85,-
tpex,2026,5,1565,精華,275324,303813,330533,-9.37,-16.7,1478680,1805897,-18.11,-
twse,2026,5,1568,倉佑,93701,109320,89012,-14.28,5.26,453396,455857,-0.53,-
tpex,2026,5,1569,濱川,303922,266771,306328,13.92,-0.78,1376713,1423880,-3.31,-
tpex,2026,5,1570,力肯,57570,55523,57691,3.68,-0.2,232505,226064,2.84,-
tpex,2026,5,1580,新麥,359012,417464,403324,-14.0,-10.98,1870908,1956887,-4.39,-
twse,2026,5,1582,信錦,610794,770932,684438,-20.77,-10.75,3497161,3707208,-5.66,-
twse,2026,5,1583,程泰,221590,440426,272008,-49.68,-18.53,1594434,1448711,10.05,-
tpex,2026,5,1584,精剛,182560,194181,230914,-5.98,-20.94,889777,1138841,-21.86,-
tpex,2026,5,1586,和勤,198262,206362,169093,-3.92,17.25,952600,927564,2.69,-
twse,2026,5,1587,吉茂,214381,197966,205290,8.29,4.42,1166421,988411,18.0,-
twse,2026,5,1589,永冠-KY,760800,765250,665535,-0.58,14.31,3259377,2989187,9.03,-
twse,2026,5,1590,亞德客-KY,3909466,4342337,2784743,-9.96,40.38,18265305,14348303,27.29,本月營業收入換算匯率為4.6330513；本年累計營業收入換算匯率為4.5969153。
tpex,2026,5,1591,駿吉-KY,36518,47510,11422,-23.13,219.71,216388,32740,560.92,本期銷售數量增加所致
tpex,2026,5,1593,祺驊,104655,122182,94486,-14.34,10.76,531136,473942,12.06,-
tpex,2026,5,1595,川寶,89998,57634,32864,56.15,173.84,314021,317437,-1.07,本月主要係因設備出貨增加所致
twse,2026,5,1597,直得,137546,153903,90861,-10.62,51.38,625851,434239,44.12,訂單需求增加
twse,2026,5,1598,岱宇,402138,452726,382542,-11.17,5.12,2490932,2804073,-11.16,-
tpex,2026,5,1599,宏佳騰,145180,158205,242731,-8.23,-40.18,941022,885184,6.3,-
twse,2026,5,1603,華電,444858,575322,473093,-22.67,-5.96,2324457,2386793,-2.61,-
twse,2026,5,1604,聲寶,778972,815214,862851,-4.44,-9.72,3967092,4115817,-3.61,-
twse,2026,5,1605,華新,17459111,15530514,15710431,12.41,11.13,74047891,78244167,-5.36,-
twse,2026,5,1608,華榮,1119629,1041758,1038303,7.47,7.83,5614506,4827455,16.3,-
twse,2026,5,1609,大亞,3135375,3124829,2570383,0.33,21.98,14653075,12396959,18.19,-
twse,2026,5,1611,中電,86945,85776,90907,1.36,-4.35,425140,468788,-9.31,-
twse,2026,5,1612,宏泰,661950,673308,766384,-1.68,-13.62,3254584,3218403,1.12,-
twse,2026,5,1614,三洋電,439234,487858,544548,-9.96,-19.33,2189349,2412812,-9.26,-
twse,2026,5,1615,大山,479598,497855,417587,-3.66,14.84,2295216,2371139,-3.2,-
twse,2026,5,1616,億泰,475294,439167,501784,8.22,-5.27,2217357,2106136,5.28,-
twse,2026,5,1617,榮星,344911,389125,250152,-11.36,37.88,1645192,1334365,23.29,-
twse,2026,5,1618,合機,615760,184696,243227,233.39,153.16,1966626,2132469,-7.77,115年5月超高壓電纜出貨較去年同期增加。
twse,2026,5,1623,大東電,355869,477372,528968,-25.45,-32.72,2695577,2708293,-0.46,-
twse,2026,5,1626,艾美特-KY,1010772,960282,1094787,5.25,-7.67,3806269,4171872,-8.76,-
twse,2026,5,1702,南僑,1887464,1966990,1912617,-4.04,-1.31,9669817,9802582,-1.35,-
twse,2026,5,1707,葡萄王,787637,806388,827402,-2.32,-4.8,3871986,3937687,-1.66,-
twse,2026,5,1708,東鹼,538697,696728,455047,-22.68,18.38,2789049,2464216,13.18,-
twse,2026,5,1709,和益,902779,756074,856686,19.4,5.38,4082365,4211193,-3.05,-
twse,2026,5,1710,東聯,1293230,2424134,1818779,-46.65,-28.89,9063189,10099244,-10.25,無
twse,2026,5,1711,永光,719158,721650,657261,-0.34,9.41,3486258,3329887,4.69,-
twse,2026,5,1712,興農,1743868,1913828,1565025,-8.88,11.42,8452922,8212840,2.92,-
twse,2026,5,1713,國化,46485,40629,41440,14.41,12.17,199548,181658,9.84,-
twse,2026,5,1714,和桐,3477938,3183676,1881522,9.24,84.84,13941648,8969628,55.43,115年5月營收較去年同期增加達50%以上，主係產品銷量、售價皆較去年同期增加。
twse,2026,5,1717,長興,3860946,4233389,3360982,-8.79,14.87,18337371,17168276,6.8,-
twse,2026,5,1718,中纖,3777928,4445457,3461699,-15.01,9.13,19645522,19357933,1.48,本月份自結異業別合併營收資訊，未經會計師簽證或核閱。
twse,2026,5,1720,生達,580979,677305,611654,-14.22,-5.01,2909476,2904089,0.18,-
twse,2026,5,1721,三晃,118880,153252,112986,-22.42,5.21,665352,760255,-12.48,-
twse,2026,5,1722,台肥,962347,1222432,972222,-21.27,-1.01,5934372,5431981,9.24,-
twse,2026,5,1723,中碳,636660,731327,401829,-12.94,58.44,2645794,2612666,1.26,本月份合併營業收入較同期增加，主係油價上漲影響部分產品售價所致。
twse,2026,5,1725,元禎,773475,1051121,654948,-26.41,18.09,4024369,3511731,14.59,-
twse,2026,5,1726,永記,827132,950560,863417,-12.98,-4.2,4428768,4225546,4.8,-
twse,2026,5,1727,中華化,227219,186542,163382,21.8,39.07,933098,781661,19.37,-
twse,2026,5,1730,花仙子,193465,194229,186527,-0.39,3.71,1039243,1032026,0.69,-
twse,2026,5,1731,美吾華,137146,133142,121211,3.0,13.14,722634,668323,8.12,本期美髮品牌出貨暢旺，營收較去年同期大幅成長13.15%
twse,2026,5,1732,毛寶,63254,63836,59506,-0.91,6.29,297429,277087,7.34,-
twse,2026,5,1733,五鼎,145664,151037,177828,-3.55,-18.08,816424,923843,-11.62,-
twse,2026,5,1734,杏輝,300796,291461,272611,3.2,10.33,1418493,1349318,5.12,-
twse,2026,5,1735,日勝化,203851,266012,184530,-23.36,10.47,1069576,1016654,5.2,-
twse,2026,5,1736,喬山,4061045,3998082,3995417,1.57,1.64,19857288,18362636,8.13,-
twse,2026,5,1737,臺鹽,249347,263275,316192,-5.29,-21.14,1302122,1391424,-6.41,-
tpex,2026,5,1742,台蠟,8518,8624,8458,-1.22,0.7,34775,61508,-43.46,-
twse,2026,5,1752,南光,186759,196744,173805,-5.07,7.45,913130,931893,-2.01,-
twse,2026,5,1760,寶齡富錦,234475,144626,230379,62.12,1.77,898392,847095,6.05,-
twse,2026,5,1762,中化生,72426,130981,99505,-44.7,-27.21,564632,366886,53.89,客戶訂單需求增加，故本年度累計營業收入較去年同期成長。
twse,2026,5,1773,勝一,1171778,1185595,912685,-1.16,28.38,5401690,4565390,18.31,-
twse,2026,5,1776,展宇,81134,98792,82970,-17.87,-2.21,455245,450866,0.97,-
tpex,2026,5,1777,生泰,109249,101291,117134,7.85,-6.73,486112,542414,-10.37,-
tpex,2026,5,1780,立弘,92237,103179,58732,-10.6,57.04,435669,358365,21.57,因客戶需求增加
tpex,2026,5,1781,合世,40051,22159,21178,80.74,89.11,159179,166164,-4.2,本月營收較去年同期增加主要係因出貨量增加所致。
twse,2026,5,1783,和康生,73604,61270,77021,20.13,-4.43,325742,307094,6.07,-
tpex,2026,5,1784,訊聯,110790,116501,96367,-4.9,14.96,541988,489799,10.65,-
tpex,2026,5,1785,光洋科,6008776,5595664,3073987,7.38,95.47,26162332,15070264,73.6,主係業績增長所致，其中貴金屬及VAS營收皆成長。
twse,2026,5,1786,科妍,73354,63232,72593,16.0,1.04,341908,340084,0.53,-
tpex,2026,5,1788,杏昌,345186,369637,330874,-6.61,4.32,1860008,1741781,6.78,-
twse,2026,5,1789,神隆,175224,254998,262496,-31.28,-33.24,1089930,1175499,-7.27,-
twse,2026,5,1795,美時,2324237,3085755,1129413,-24.67,105.79,14054401,8432538,66.66,本月營收較去年同期增加，主要係合併NAGH所致; 本年累計營收較去年同期增加，主要係合併NAGH及出口業務成長所致。
tpex,2026,5,1796,金穎生技,46907,51412,51485,-8.76,-8.89,251517,276767,-9.12,-
tpex,2026,5,1799,易威,56844,88536,34597,-35.79,64.3,382075,212146,80.1,因新藥/學名藥產品出貨較去年同期多，故營收成長。
twse,2026,5,1802,台玻,3919507,3930044,3329676,-0.26,17.71,18093367,16655488,8.63,-
twse,2026,5,1805,寶徠,115,114,114,0.87,0.87,103923,96899,7.24,-
twse,2026,5,1806,冠軍,258031,280410,310487,-7.98,-16.89,1202352,1480760,-18.8,-
twse,2026,5,1808,潤隆,1754456,2246357,2004,-21.89,87447.7,9393029,66982,13923.21,營收變動主要係本年度完工建案已陸續過戶交屋認列房地出售收入所致。
twse,2026,5,1809,中釉,190866,215794,189000,-11.55,0.98,998951,1006263,-0.72,-
twse,2026,5,1810,和成,389922,370499,417903,5.24,-6.69,1792892,1936505,-7.41,-
tpex,2026,5,1813,寶利徠,25417,26637,28375,-4.58,-10.42,125873,138829,-9.33,-
tpex,2026,5,1815,富喬,708433,733783,472601,-3.45,49.9,3323655,2334277,42.38,-
twse,2026,5,1817,凱撒衛,238415,223250,223294,6.79,6.77,1073193,1068412,0.44,-
twse,2026,5,1903,士紙,12333,13487,13315,-8.55,-7.37,65008,65568,-0.85,-
twse,2026,5,1904,正隆,3847992,3958958,3408714,-2.8,12.88,18229154,17090556,6.66,-
twse,2026,5,1905,華紙,1584361,1584513,1537166,-0.0,3.07,7563186,8042764,-5.96,-
twse,2026,5,1906,寶隆,224804,245637,217726,-8.48,3.25,1294513,1336548,-3.14,-
twse,2026,5,1907,永豐餘,6501840,6791204,6046328,-4.26,7.53,31257405,30388999,2.85,-
twse,2026,5,1909,榮成,4390751,4351139,3896727,0.91,12.67,19501103,18195614,7.17,-
twse,2026,5,2002,中鋼,29955286,30891428,29314725,-3.03,2.18,140008603,142726644,-1.9,-
twse,2026,5,2006,東和鋼鐵,5419143,5390636,5182540,0.52,4.56,24422211,25269944,-3.35,-
twse,2026,5,2007,燁興,448127,397408,481371,12.76,-6.9,1896125,2590728,-26.81,-
twse,2026,5,2008,高興昌,156870,150287,187449,4.38,-16.31,657138,837796,-21.56,-
twse,2026,5,2009,第一銅,292286,292477,259717,-0.06,12.54,1383832,1135855,21.83,-
twse,2026,5,2010,春源,2139816,2142700,2124324,-0.13,0.72,10711496,9848893,8.75,-
twse,2026,5,2012,春雨,663723,700361,794632,-5.23,-16.47,3145461,3578189,-12.09,-
twse,2026,5,2013,中鋼構,1683483,1856866,1792239,-9.33,-6.06,8164268,9007684,-9.36,-
twse,2026,5,2014,中鴻,1948459,2029450,1868780,-3.99,4.26,8492040,9883631,-14.07,-
twse,2026,5,2015,豐興,2662945,2425948,2903688,9.76,-8.29,11493467,13044864,-11.89,-
twse,2026,5,2017,官田鋼,235624,253481,240693,-7.04,-2.1,1159236,1209650,-4.16,-
twse,2026,5,2020,美亞,308904,408757,343816,-24.42,-10.15,1736820,1837585,-5.48,-
twse,2026,5,2022,聚亨,849409,1131640,684124,-24.93,24.16,5448025,3589068,51.79,主要係因泰國鋼鐵內需市場回溫及地震影響對有認證之鋼筋需求增加，又受匯率變動影響，致合併營收增長
twse,2026,5,2023,燁輝,6070225,5990255,6243685,1.33,-2.77,28374799,31226215,-9.13,-
twse,2026,5,2024,志聯,86666,92039,77944,-5.83,11.19,412137,422927,-2.55,-
twse,2026,5,2025,千興,237728,200797,35890,18.39,562.37,817312,323320,152.78,本月及本年累計營收較去年同期增加，除鎳價上漲帶動不銹鋼價調漲接單意願提高，另一因素為去年基期較低，造成增加數大幅成長。
twse,2026,5,2027,大成鋼,11666070,12404843,8185089,-5.95,42.52,55288079,43291549,27.71,-
twse,2026,5,2028,威致,1015879,598841,811879,69.64,25.12,3964984,3891483,1.88,-
twse,2026,5,2029,盛餘,1122093,1242285,1229688,-9.67,-8.74,5476162,6244293,-12.3,-
twse,2026,5,2030,彰源,1192320,1008239,864541,18.25,37.91,4837839,4463074,8.39,-
twse,2026,5,2031,新光鋼,1553140,1701791,1244405,-8.73,24.8,7844004,8191326,-4.24,-
twse,2026,5,2032,新鋼,287424,313465,223375,-8.3,28.67,1384605,1270075,9.01,-
twse,2026,5,2033,佳大,57573,63722,58713,-9.64,-1.94,296813,295570,0.42,-
twse,2026,5,2034,允強,1149326,1085586,1265734,5.87,-9.19,5068460,5959904,-14.95,-
tpex,2026,5,2035,唐榮公司,984709,1127727,777897,-12.68,26.58,4586214,4462450,2.77,-
twse,2026,5,2038,海光,697855,734047,854228,-4.93,-18.3,3369400,4234707,-20.43,-
twse,2026,5,2049,上銀,2480198,2474152,1935020,0.24,28.17,11333638,9823861,15.36,-
twse,2026,5,2059,川湖,3791303,2595892,1393592,46.05,172.05,11837185,6796892,74.15,新產品開始出貨，導致年對年營收增幅較大。
tpex,2026,5,2061,風青,115938,118293,100183,-1.99,15.72,550965,507537,8.55,-
twse,2026,5,2062,橋椿,594567,620113,525264,-4.11,13.19,2844369,2552462,11.43,-
tpex,2026,5,2063,世鎧精密,80847,86860,84490,-6.92,-4.31,387902,418111,-7.22,-
tpex,2026,5,2064,晉椿,152369,161944,120027,-5.91,26.94,761450,632002,20.48,-
tpex,2026,5,2065,世豐,181618,186175,153182,-2.44,18.56,913353,902629,1.18,-
tpex,2026,5,2066,世德,252913,231736,233685,9.13,8.22,1215227,1154562,5.25,-
tpex,2026,5,2067,嘉鋼,77699,77022,93615,0.87,-17.0,384753,432034,-10.94,-
twse,2026,5,2069,運錩,916906,858279,828591,6.83,10.65,4078048,4503450,-9.44,-
tpex,2026,5,2070,精湛,50374,69750,56339,-27.77,-10.58,278202,246225,12.98,-
twse,2026,5,2072,世紀風電,1542251,1637460,851666,-5.81,81.08,7127915,4561980,56.24,本月營收較去年本月增加，主要係因本月承接工程案件依進度認列收入較高所致
tpex,2026,5,2073,雄順,94285,66336,44590,42.13,111.44,276669,243111,13.8,主因今年第二季起開始增加購料自製生產銷售，使得營業收入增加。
twse,2026,5,2101,南港,2151553,2058841,831526,4.5,158.74,9634143,3721675,158.86,本公告係屬自結數，如與公告財報有所差異請以財報為準，另115.5月營建收入15億/累積營建收入66億元。
twse,2026,5,2102,泰豐,16436,13161,20656,24.88,-20.42,70721,115293,-38.65,-
twse,2026,5,2103,台橡,4060755,3907129,3054069,3.93,32.96,18298749,16714864,9.47,-
twse,2026,5,2104,國際中橡,963845,1409917,1393335,-31.63,-30.82,5887100,7243748,-18.72,以上營收不包含停業部門營收:115年5月0仟元暨114年5月0仟元；115年1~5月0仟元暨114年1~5月71仟元。
twse,2026,5,2105,正新,7820448,8639892,7725964,-9.48,1.22,39808418,38658890,2.97,無。
twse,2026,5,2106,建大,3029537,3379609,3097890,-10.35,-2.2,15098911,15002214,0.64,-
twse,2026,5,2107,厚生,108467,107022,101747,1.35,6.6,542993,597777,-9.16,-
twse,2026,5,2108,南帝,1084546,1309892,935562,-17.2,15.92,4990122,4096062,21.82,-
twse,2026,5,2109,華豐,434108,408821,417863,6.18,3.88,1931215,1999855,-3.43,-
twse,2026,5,2114,鑫永銓,140873,140110,131374,0.54,7.23,669345,617725,8.35,-
twse,2026,5,2115,六暉-KY,311583,337194,235216,-7.59,32.46,1444540,1329888,8.62,-
twse,2026,5,2201,裕隆,5720734,5824010,5895016,-1.77,-2.95,28593405,29370017,-2.64,-
twse,2026,5,2204,中華,2779423,2819361,2624182,-1.41,5.91,15014829,13548909,10.81,-
twse,2026,5,2206,三陽工業,5235734,5248208,5583666,-0.23,-6.23,25496755,26436124,-3.55,-
twse,2026,5,2207,和泰車,27815281,30160251,24540649,-7.77,13.34,128596503,119839933,7.3,-
twse,2026,5,2208,台船,1410191,1937449,7796751,-27.21,-81.91,8099103,12541170,-35.41,單月營收變動主係造艦業務營收減少所致。
twse,2026,5,2211,長榮鋼,1404443,1295218,1123346,8.43,25.02,6031039,6400253,-5.76,-
tpex,2026,5,2221,大甲,145456,140432,122006,3.57,19.22,658107,566286,16.21,-
twse,2026,5,2227,裕日車,1088227,1232355,1231684,-11.69,-11.64,5479762,6962341,-21.29,-
twse,2026,5,2228,劍麟,401997,408229,393976,-1.52,2.03,2033160,2119184,-4.05,營業收入係以合併營業收入申報
tpex,2026,5,2230,泰茂,131746,181225,81017,-27.3,62.61,1044500,632463,65.14,酒水事業收入增加
twse,2026,5,2231,為升,218181,273665,287359,-20.27,-24.07,1251201,1421596,-11.98,-
twse,2026,5,2233,宇隆,300095,297582,297244,0.84,0.95,1410854,1450688,-2.74,-
tpex,2026,5,2235,謚源,52532,54143,32451,-2.97,61.88,250461,229355,9.2,"本月營收較去年同期增加, 主要係去年受關稅影響"
twse,2026,5,2236,百達-KY,1067368,954692,838176,11.8,27.34,4751893,4046199,17.44,-
twse,2026,5,2237,華德動能-創,321061,329312,156790,-2.5,104.77,1527487,570483,167.75,本月銷售電動巴士32輛及維修收入
twse,2026,5,2239,英利-KY,1260516,1715526,1411592,-26.52,-10.7,7054633,7833676,-9.94,-
twse,2026,5,2241,艾姆勒,62162,95473,44333,-34.89,40.21,375070,277769,35.02,-
twse,2026,5,2243,宏旭-KY,91034,91838,77820,-0.87,16.98,741921,357163,107.72,本月認列合約收入金額較去年同期增加
twse,2026,5,2247,汎德永業,3963120,3606350,5242493,9.89,-24.4,16523873,23479689,-29.62,-
twse,2026,5,2248,華勝-KY,197831,232847,149714,-15.03,32.13,1024404,751823,36.25,-
twse,2026,5,2250,IKKA-KY,230876,279563,272838,-17.41,-15.37,1312816,1446935,-9.26,-
twse,2026,5,2254,巨鎧精密-創,1326,27356,32175,-95.15,-95.87,59080,288879,-79.54,本⽉營收較去年同期營收減少，係因客⼾訂單減少所致。
twse,2026,5,2258,鴻華先進-創,541356,489724,342576,10.54,58.02,1850235,2569299,-27.98,本月乘用車較去年本月上升，乘用車及電動巴士陸續交車。
twse,2026,5,2301,光寶科,17353659,16694759,13394635,3.94,29.55,77456773,63219932,22.51,-
twse,2026,5,2302,麗正,86327,98375,70579,-12.24,22.31,401020,341584,17.4,-
twse,2026,5,2303,聯電,22943755,22663945,19480057,1.23,17.78,106645602,97793544,9.05,-
twse,2026,5,2305,全友,115955,119663,58613,-3.09,97.83,482552,290248,66.25,"受惠於AI及大數據發展,光電子設備需求強勁"
twse,2026,5,2308,台達電,58961817,58691652,41044766,0.46,43.65,277006121,200746336,37.98,-
twse,2026,5,2312,金寶,12356534,12122634,13445417,1.92,-8.09,60110764,67962579,-11.55,-
twse,2026,5,2313,華通,6761659,6315284,5982592,7.06,13.02,32625005,29213818,11.67,-
twse,2026,5,2314,台揚,109672,195164,105412,-43.8,4.04,688430,456460,50.81,主要係客戶需求上升故營收增加
twse,2026,5,2316,楠梓電,382034,429719,274694,-11.09,39.07,1833714,1394222,31.52,-
twse,2026,5,2317,鴻海,859409333,832097956,615744933,3.28,39.57,3821097773,2899283743,31.79,-
twse,2026,5,2321,東訊,64855,59495,66536,9.0,-2.52,291939,291478,0.15,-
twse,2026,5,2323,中環,639920,601758,547334,6.34,16.91,3317141,2948434,12.5,無
twse,2026,5,2324,仁寶,70461810,71979261,57624778,-2.1,22.27,343744607,319021237,7.74,無
twse,2026,5,2327,國巨*,15058220,14039098,10211491,7.25,47.46,67262966,52818593,27.34,-
twse,2026,5,2328,廣宇,1701749,1735748,1684368,-1.95,1.03,7670767,9479152,-19.07,-
twse,2026,5,2329,華泰,1857900,1796132,1791671,3.43,3.69,8514508,7582842,12.28,-
twse,2026,5,2330,台積電,416975163,410725118,320515951,1.52,30.09,1961803721,1509336555,29.97,-
twse,2026,5,2331,精英,1554781,1925310,1868400,-19.24,-16.78,8482961,7126046,19.04,-
twse,2026,5,2332,友訊,1188520,1205410,1051174,-1.4,13.06,5834819,5404719,7.95,-
twse,2026,5,2337,旺宏,6255653,5912524,2268224,5.8,175.79,22637044,10736001,110.85,受市場需求增加影響。
twse,2026,5,2338,光罩,517714,487127,559936,6.27,-7.54,2543501,2709375,-6.12,-
twse,2026,5,2340,台亞,407468,318886,385638,27.77,5.66,1680383,1702350,-1.29,-
twse,2026,5,2342,茂矽,173992,171630,180241,1.37,-3.46,831826,908830,-8.47,-
twse,2026,5,2344,華邦電,20001444,19245022,7093516,3.93,181.96,77499530,33905210,128.57,受市場供需影響。
twse,2026,5,2345,智邦,28622864,27360301,18280186,4.61,56.57,126103906,78812345,60.0,客戶需求增加
twse,2026,5,2347,聯強,67818918,57336402,29580057,18.28,129.27,251324074,152261720,65.06,本月營收較去年同期增加129%，主係受惠於AI建置熱潮帶動資料中心相關產品市場需求所致；另自結數前期調整列入累計營收
twse,2026,5,2348,海悅,170123,139604,378156,21.86,-55.01,1617939,2819511,-42.61,本月增減百分比達50％以上，係因114年5月認列南港段建案營建收入
twse,2026,5,2349,錸德,745406,755281,760763,-1.3,-2.01,3110802,3206975,-2.99,-
twse,2026,5,2351,順德,1156261,1175359,845205,-1.62,36.8,5147058,4320864,19.12,-
twse,2026,5,2352,佳世達,17244920,16813651,17548356,2.56,-1.72,85600067,84424540,1.39,-
twse,2026,5,2353,宏碁,26165549,31311752,19168323,-16.43,36.5,129908249,99184510,30.97,-
twse,2026,5,2354,鴻準,8757709,6527105,14754321,34.17,-40.64,40567504,57616795,-29.59,-
twse,2026,5,2355,敬鵬,1507327,1390749,1347960,8.38,11.82,6931367,6623535,4.64,-
twse,2026,5,2356,英業達,82807865,84786839,61203003,-2.33,35.3,367905209,280337382,31.23,-
twse,2026,5,2357,華碩,69094002,81915499,63215719,-15.65,9.29,359379228,267126514,34.53,-
twse,2026,5,2359,所羅門,525755,357176,315200,47.19,66.8,1766609,1826024,-3.25,"本月營收增加變動比超過50%, 係機電事業群及智動化事業群交貨較去年同期增加。"
twse,2026,5,2360,致茂,4549607,4865716,1951862,-6.49,133.09,21274992,10942669,94.42,營運續強，訂單續增
twse,2026,5,2362,藍天,2405768,1892545,2195197,27.11,9.59,9239539,8037690,14.95,-
twse,2026,5,2363,矽統,349345,345124,185030,1.22,88.8,1744487,839122,107.89,季節性影響、115年4月起新增合併個體廈門凌陽華芯科技股份有限公司營收
twse,2026,5,2364,倫飛,161285,175642,156978,-8.17,2.74,675168,652017,3.55,-
twse,2026,5,2365,昆盈,79164,88062,63015,-10.1,25.62,409017,371086,10.22,-
twse,2026,5,2367,燿華,1533479,1201610,1322948,27.61,15.91,6633208,7210769,-8.0,-
twse,2026,5,2368,金像電,8773229,7289761,4684086,20.35,87.29,35405238,21242331,66.67,接單量增加
twse,2026,5,2369,菱生,645160,571771,465055,12.83,38.72,2906319,2114138,37.47,-
twse,2026,5,2371,大同,3582351,4138885,4180316,-13.44,-14.3,19209135,19014358,1.02,-
twse,2026,5,2373,震旦行,802236,946781,836202,-15.26,-4.06,4237902,4409022,-3.88,-
twse,2026,5,2374,佳能,1005798,1081399,786913,-6.99,27.81,4742979,2944577,61.07,今年較去年累計成長超過50%，主係影像視覺產品、光學相關模組及因客戶專案出貨轉趨穩健。
twse,2026,5,2375,凱美,496776,529114,486847,-6.11,2.03,2466340,2311971,6.67,-
twse,2026,5,2376,技嘉,49053470,52267730,46728346,-6.14,4.97,206376745,142567026,44.75,-
twse,2026,5,2377,微星,15798485,16358371,20714566,-3.42,-23.73,88413695,95296070,-7.22,-
twse,2026,5,2379,瑞昱,12523520,12719097,10276326,-1.53,21.86,61665183,56729027,8.7,無
twse,2026,5,2380,虹光,302564,285319,228243,6.04,32.56,1232725,1100105,12.05,-
twse,2026,5,2382,廣達,311481017,339921315,160242327,-8.36,94.38,1460623387,799925191,82.59,產品組合變更
twse,2026,5,2383,台光電,15618565,13923687,7277046,12.17,114.62,62609488,36152646,73.18,受惠於AI伺服器成長力道
twse,2026,5,2385,群光,7226928,7272740,8123837,-0.62,-11.04,37370708,39429063,-5.22,-
twse,2026,5,2387,精元,1349182,1337703,1543009,0.85,-12.56,7052721,7681673,-8.18,-
twse,2026,5,2388,威盛,1110333,1114119,590410,-0.33,88.06,4359335,3245687,34.31,銷貨增加
twse,2026,5,2390,云辰,63164,51609,52313,22.38,20.74,263129,301237,-12.65,-
twse,2026,5,2392,正崴,6047246,6222374,5226685,-2.81,15.69,32553966,33194662,-1.93,-
twse,2026,5,2393,億光,1772220,1754053,1608070,1.03,10.2,8565622,8422637,1.69,-
twse,2026,5,2395,研華,7733828,8269473,5854510,-6.47,32.1,36388565,29348828,23.98,-
twse,2026,5,2397,友通,1187620,1235401,934921,-3.86,27.02,5453633,4384718,24.37,-
twse,2026,5,2399,映泰,191777,178126,129368,7.66,48.24,804538,773922,3.95,-
twse,2026,5,2401,凌陽,724384,684717,562971,5.79,28.67,3148183,2705024,16.38,-
twse,2026,5,2402,毅嘉,1065547,1070894,938145,-0.49,13.58,4946433,4306626,14.85,-
twse,2026,5,2404,漢唐,9217814,8106870,4982233,13.7,85.01,37613140,20508570,83.4,"營收較去年同期增加50%以上,係因本月正在投入進行的專案較去年同期增加所致。"
twse,2026,5,2405,輔信,149777,166950,138170,-10.28,8.4,736811,705263,4.47,-
twse,2026,5,2406,國碩,960589,1053239,434264,-8.79,121.19,4737834,1879958,152.01,主要係因子公司太陽能導電漿產品、AI伺服器液冷管接件及其零組件之加工與測試服務銷量增加所致。
twse,2026,5,2408,南亞科,27669563,25491201,3333121,8.54,730.13,102247696,13639881,649.62,受市場需求成長影響。
twse,2026,5,2409,友達,23838344,22100381,24177397,7.86,-1.4,114970080,119417082,-3.72,-
twse,2026,5,2412,中華電,19523164,20497863,18524239,-4.75,5.39,100009462,93381115,7.09,-
twse,2026,5,2413,環科,325720,311415,231086,4.59,40.95,1468535,1314610,11.7,-
twse,2026,5,2414,精技,4100503,2967008,2363739,38.2,73.47,15240866,11188683,36.21,本月營收較去年同期增加73.48%，主係受惠於大型專案AI伺服器需求增加所致
twse,2026,5,2415,錩新,192215,216478,181556,-11.2,5.87,1025549,928315,10.47,-
twse,2026,5,2417,圓剛,304749,330428,295576,-7.77,3.1,1528491,1328207,15.07,-
twse,2026,5,2419,仲琦,639214,453031,876460,41.09,-27.06,3167432,3330073,-4.88,-
twse,2026,5,2420,新巨,179885,202918,198146,-11.35,-9.21,930242,934165,-0.41,-
twse,2026,5,2421,建準,1692060,1871491,1472294,-9.58,14.92,8583021,7261991,18.19,-
twse,2026,5,2423,固緯,287483,269233,224480,6.77,28.06,1377342,1116766,23.33,-
twse,2026,5,2424,隴華,5283,15092,14702,-64.99,-64.06,57259,85333,-32.89,本月減少因本月銷售監控系統軟硬體減少。
twse,2026,5,2425,承啟,1777915,1694944,910953,4.89,95.17,6572374,3641515,80.48,"1.主係為子公司營業收入增加。2.以上金額包含停業單位營業收入115年1-5月5,184,579仟元,114年1-5月2,311,551仟元"
twse,2026,5,2426,鼎元,233364,209493,226294,11.39,3.12,988004,1062921,-7.04,-
twse,2026,5,2427,三商電,296105,457108,1123056,-35.22,-73.63,2644006,2580607,2.45,本月營收較去年營收減少73.63%，主係:去年本月份有大型專案驗收所致。
twse,2026,5,2428,興勤,867735,862401,668821,0.61,29.74,3784067,3286964,15.12,-
twse,2026,5,2429,銘旺科,41035,28936,34313,41.81,19.59,179195,178691,0.28,-
twse,2026,5,2430,燦坤,1489388,1458401,1555551,2.12,-4.25,7244999,7385889,-1.9,-
twse,2026,5,2431,聯昌,22838,22422,35713,1.85,-36.05,107574,194620,-44.72,-
twse,2026,5,2432,倚天酷碁-創,452941,407700,233437,11.09,94.03,1811610,1166524,55.29,本月營收較去年營收增加，主係電腦週邊產品挹注成長所致。
twse,2026,5,2433,互盛電,232373,228111,221405,1.86,4.95,1138540,1123867,1.3,-
twse,2026,5,2434,統懋,3947,4469,4351,-11.68,-9.28,19276,19124,0.79,-
twse,2026,5,2436,偉詮電,397043,390486,314829,1.67,26.11,1835260,1409408,30.21,-
twse,2026,5,2438,翔耀,41253,38300,36493,7.71,13.04,251885,180742,39.36,-
twse,2026,5,2439,美律,3741673,3233301,3527908,15.72,6.05,17949200,15680033,14.47,-
twse,2026,5,2440,太空梭,395634,406091,272983,-2.57,44.92,1799365,1528551,17.71,-
twse,2026,5,2441,超豐,1744358,1664695,1442618,4.78,20.91,8131397,6809704,19.4,-
twse,2026,5,2442,新美齊,141018,177523,178395,-20.56,-20.95,3508349,696197,403.93,本年累計營收較去年同期增加，主係本期營建專案交屋認列收入增加所致。
twse,2026,5,2444,兆勁,82183,72324,110466,13.63,-25.6,357906,488205,-26.68,-
twse,2026,5,2449,京元電子,3776927,3743018,2764705,0.9,36.61,17711888,12861953,37.7,"以上不含停業部門營收:115年5月0仟元暨114年5月0仟元;115年1~5月0仟元暨114年1~5月985,800仟元。"
twse,2026,5,2450,神腦,2663788,2975983,2435640,-10.49,9.36,14352355,12393959,15.8,-
twse,2026,5,2451,創見,6297950,7449251,1105232,-15.45,469.83,27375670,5160797,430.45,本月營收較去年同期增加主係市場價格上漲所致
twse,2026,5,2453,凌群,543720,613542,509156,-11.38,6.78,2740321,2576760,6.34,-
twse,2026,5,2454,聯發科,47434191,46736664,45180526,1.49,4.98,243321365,247247187,-1.58,海外子公司之營收係以當月平均匯率換算之
twse,2026,5,2455,全新,320785,318595,218948,0.68,46.51,1598690,1243902,28.52,-
twse,2026,5,2457,飛宏,723556,780343,804741,-7.27,-10.08,3599258,3924299,-8.28,-
twse,2026,5,2458,義隆,1004277,1141258,969487,-12.0,3.58,5370301,5161752,4.04,-
twse,2026,5,2459,敦吉,454182,433697,354743,4.72,28.03,2134295,1979033,7.84,-
twse,2026,5,2460,建通,427604,429222,248848,-0.37,71.83,1987461,1217929,63.18,係因端子產品訂單穩定回流及特殊新型銅材業務量持續增量。
twse,2026,5,2461,光群雷,407887,447942,370868,-8.94,9.98,2222823,2144794,3.63,-
twse,2026,5,2462,良得電,359261,353831,350517,1.53,2.49,1677652,1706220,-1.67,-
twse,2026,5,2464,盟立,701693,654287,536332,7.24,30.83,3220891,2796785,15.16,-
twse,2026,5,2465,麗臺,704375,863341,299296,-18.41,135.34,3136904,1432667,118.95,本月及本年累計營收較去年同期分別增加135.34%及118.96%，主係受惠於全球市場之人工智能應用相關產品需求所致。
twse,2026,5,2466,冠西電,45982,70822,68889,-35.07,-33.25,276188,369481,-25.24,-
twse,2026,5,2467,志聖,1022228,891188,585624,14.7,74.55,4174931,2371331,76.05,係因客戶需求提升，以致115年5月單月營收成長率較去年同期增加74.55%；115年累計營收成長率較去年同期增加76.06%。
twse,2026,5,2468,華經,188025,175965,251977,6.85,-25.38,992501,1244067,-20.22,-
twse,2026,5,2471,資通,79910,73667,76882,8.47,3.93,385840,349847,10.28,-
twse,2026,5,2472,立隆電,1209882,1195891,930985,1.16,29.95,5348730,4669085,14.55,-
twse,2026,5,2474,可成,917843,958623,1775356,-4.25,-48.3,5650411,7635000,-25.99,-
twse,2026,5,2476,鉅祥,838717,813274,564128,3.12,48.67,3819639,2862848,33.42,-
twse,2026,5,2477,美隆電,129267,197758,201172,-34.63,-35.74,833148,879889,-5.31,-
twse,2026,5,2478,大毅,544046,542152,467096,0.34,16.47,2501285,2251610,11.08,-
twse,2026,5,2480,敦陽科,725631,769552,623476,-5.7,16.38,3916167,3404357,15.03,-
twse,2026,5,2481,強茂,1269313,1297399,1116743,-2.16,13.66,5987867,5381318,11.27,-
twse,2026,5,2482,連宇,30189,41924,49146,-27.99,-38.57,185996,207517,-10.37,-
twse,2026,5,2483,百容,181036,186813,157422,-3.09,15.0,848374,743388,14.12,-
twse,2026,5,2484,希華,214838,233708,205150,-8.07,4.72,1007039,1037113,-2.89,-
twse,2026,5,2485,兆赫,253133,381286,227430,-33.61,11.3,1680105,922126,82.19,因客戶端產品驗證通過，正式進入量產與備貨階段，帶動出貨量顯著提升，致使本月營收較去年同期大幅成長。
twse,2026,5,2486,一詮,693513,667114,527889,3.95,31.37,2980919,2429737,22.68,-
twse,2026,5,2488,漢平,283019,303410,223781,-6.72,26.47,1186436,1036071,14.51,-
twse,2026,5,2489,瑞軒,2500299,2348232,2294309,6.47,8.97,10670031,9671115,10.32,-
twse,2026,5,2491,吉祥全,14975,15773,14124,-5.05,6.02,66692,74015,-9.89,-
twse,2026,5,2492,華新科,3699917,3705150,3176437,-0.14,16.48,16967516,15103941,12.33,-
twse,2026,5,2493,揚博,371815,300392,297670,23.77,24.9,1609521,1533956,4.92,-
twse,2026,5,2495,普安,139733,137415,74644,1.68,87.19,647282,449181,44.1,訂單需求增加及配合客戶排程出貨所致。
twse,2026,5,2496,卓越,70655,73266,69238,-3.56,2.04,354259,337067,5.1,-
twse,2026,5,2497,怡利電,451049,483302,333790,-6.67,35.12,2065190,1793600,15.14,-
twse,2026,5,2498,宏達電,170433,151378,218558,12.58,-22.01,974434,1083667,-10.07,-
twse,2026,5,2501,國建,950553,1122755,967364,-15.33,-1.73,13224776,7111132,85.97,本年交屋入帳增加
twse,2026,5,2504,國產,1915184,1807448,2039970,5.96,-6.11,8755495,9408074,-6.93,-
twse,2026,5,2505,國揚,56455,-972,74785,5908.12,-24.51,477125,756077,-36.89,"本年度營建收入474,371仟元，租賃收入2,754仟元。"
twse,2026,5,2506,太設,164904,172524,71380,-4.41,131.02,661160,469995,40.67,本月交屋較去年同期多
twse,2026,5,2509,全坤建,20948,20392,21086,2.72,-0.65,105679,112725,-6.25,-
twse,2026,5,2511,太子,679867,663157,666636,2.51,1.98,3489812,3162083,10.36,-
twse,2026,5,2514,龍邦,1733591,1703332,1814286,1.77,-4.44,8952022,8256737,8.42,-
twse,2026,5,2515,中工,2270745,2162339,1445423,5.01,57.09,11431800,8022160,42.5,碧硯閣陸續交屋，去年同期無房地銷售收入所致。
twse,2026,5,2516,新建,813810,513491,828186,58.48,-1.73,2951644,3973095,-25.7,-
twse,2026,5,2520,冠德,2341933,2622652,1537412,-10.7,52.32,9827126,7834795,25.42,115年05月份營業收入較去年同期增加50%以上，主因係案件結算入帳所致。
twse,2026,5,2524,京城,275473,135759,277263,102.91,-0.64,1067821,2435583,-56.15,因銷售狀況比較去年同期減少，致使累計營收負成長率較高。
twse,2026,5,2527,宏璟,23987,28945,26777,-17.12,-10.41,4641632,231343,1906.38,本年累計營收較去年同期高，主要係因本年有大型工案銷售認列收入所致。
twse,2026,5,2528,皇普,833803,17292,137539,4721.9,506.23,861379,4428646,-80.54,"係115年5月認列皇普LaVie案833,614仟元及租賃收入189仟元所致。"
twse,2026,5,2530,華建,20457,834,3423074,2352.87,-99.4,208004,3611011,-94.23,"本年度出售房地收入較去年度減少3,403,174仟元,本年度租金收入較去年度同期增加167仟元."
twse,2026,5,2534,宏盛,118212,32980,775353,258.43,-84.75,360365,3659460,-90.15,本月成屋銷售情形較去年同期減少
twse,2026,5,2535,達欣工,2059248,1982630,2028835,3.86,1.49,11200874,9121823,22.79,-
twse,2026,5,2536,宏普,4047444,42103,865892,9513.19,367.43,4975531,3145519,58.17,今年本期預售完工交屋及租金收入
twse,2026,5,2537,聯上發,71212,28958,31167,145.91,128.48,1312787,336307,290.35,本月營收較去年增加，係今年同期認列台北市房地出售收入較高所致。
twse,2026,5,2538,基泰,24083,26244,19795,-8.23,21.66,132879,125088,6.22,-
twse,2026,5,2539,櫻花建,2952505,2065071,568961,42.97,418.92,7494485,6386765,17.34,無異常。本月有「櫻花知築」、「櫻花市鎮之櫻」、「櫻花昕光之櫻」建案陸續過戶中。
twse,2026,5,2540,愛山林,537629,533387,1875921,0.79,-71.34,2794792,4840820,-42.26,本月營收減少，係因受整體環境影響，不動產代銷個案銷售不如去年，且去年同期建案交屋，致使營收下降。
twse,2026,5,2542,興富發,4717918,7166899,213075,-34.17,2114.2,28076724,1492854,1780.74,本期較去年同期增加，係本期認列「青山440」、「福山案」、「復興北」、「VVS1」、「市政愛悦」等新建案收入所致。
twse,2026,5,2543,皇昌,1548459,1339818,831866,15.57,86.14,5789378,4050372,42.93,新承攬工程進入施工期，致本期營收較去年同期增加。
twse,2026,5,2545,皇翔,256768,1055932,1884898,-75.68,-86.37,3279651,3859132,-15.01,因去年同期芊樾完工交屋入帳
twse,2026,5,2546,根基,2158437,1925436,1720702,12.1,25.43,8355860,7272076,14.9,-
twse,2026,5,2547,日勝生,749510,352005,441146,112.92,69.9,2705778,2213470,22.24,本月較去年同月增加，主係本月工進增加所致。
twse,2026,5,2548,華固,316321,960102,3400,-67.05,9203.55,5482841,18215,30000.69,本公司截至05月累計營收較去年同期增加，係因本年度認列交屋金額較高所致。
tpex,2026,5,2596,綠意,332929,94157,129406,253.58,157.27,558047,802805,-30.48,本公司「綠意領航1號」建案完工、陸續交屋中，故本年單月營業收入淨額較去年同期增加。
twse,2026,5,2597,潤弘,2922939,2729069,2429019,7.1,20.33,13004781,10957293,18.68,-
twse,2026,5,2601,益航,136487,123245,353736,10.74,-61.41,827568,1860911,-55.52,本期營收減少，係原合併報表子公司改採權益法認列，其營收不再納入合併報表所致。
twse,2026,5,2603,長榮,34656227,31359253,26372182,10.51,31.41,152526951,166347562,-8.3,-
twse,2026,5,2605,新興,441836,403239,381972,9.57,15.67,2210677,1730949,27.71,-
twse,2026,5,2606,裕民,1607321,1691302,1133699,-4.96,41.77,7190388,5785384,24.28,-
twse,2026,5,2607,榮運,1768969,1436642,1326856,23.13,33.32,7197512,7355059,-2.14,-
twse,2026,5,2608,嘉里大榮,1008535,1048129,1070703,-3.77,-5.8,5159424,5194310,-0.67,-
twse,2026,5,2609,陽明,15104168,14227637,12357888,6.16,22.22,67992304,70367861,-3.37,-
twse,2026,5,2610,華航,21229729,20854472,16620578,1.79,27.73,99041820,87169515,13.61,-
twse,2026,5,2611,志信,56592,127666,57808,-55.67,-2.1,537684,283979,89.33,本期建案完工交屋，故營收增加。
twse,2026,5,2612,中航,458530,434939,409353,5.42,12.01,2131702,2037128,4.64,-
twse,2026,5,2613,中櫃,312421,292716,299424,6.73,4.34,1433827,1347020,6.44,-
twse,2026,5,2614,東森,443290,406239,465241,9.12,-4.71,2088274,2219990,-5.93,-
twse,2026,5,2615,萬海,13803844,12930770,11232022,6.75,22.89,60375479,59760283,1.02,-
twse,2026,5,2616,山隆,831697,774790,669256,7.34,24.27,3589477,3339951,7.47,-
twse,2026,5,2617,台航,450397,388517,337864,15.92,33.3,1922499,1718648,11.86,-
twse,2026,5,2618,長榮航,22328735,21968792,18286172,1.63,22.1,104813372,91708575,14.28,-
twse,2026,5,2630,亞航,361091,310148,510402,16.42,-29.25,1767378,2171358,-18.6,-
twse,2026,5,2633,台灣高鐵,4711037,4798429,4551587,-1.82,3.5,23400025,22441352,4.27,-
twse,2026,5,2634,漢翔,3452471,2899371,2904549,19.07,18.86,13938932,13026192,7.0,-
twse,2026,5,2636,台驊控股,2099285,1889049,1896364,11.12,10.7,8835379,9177348,-3.72,-
twse,2026,5,2637,慧洋-KY,1817170,1645848,1245787,10.4,45.86,7802032,6123061,27.42,-
tpex,2026,5,2640,大車隊,279631,277597,259651,0.73,7.69,1371740,1285517,6.7,-
tpex,2026,5,2641,正德,188835,197955,189172,-4.6,-0.17,993319,880012,12.87,-
twse,2026,5,2642,宅配通,253199,256565,329324,-1.31,-23.11,1326500,1613988,-17.81,-
tpex,2026,5,2643,捷迅,648780,609568,607935,6.43,6.71,2714506,3282328,-17.29,-
twse,2026,5,2645,長榮航太,1688186,1708805,1525834,-1.2,10.64,8136299,7244631,12.3,-
twse,2026,5,2646,星宇航空,4826107,4680260,3418250,3.11,41.18,23266164,18209831,27.76,-
twse,2026,5,2701,萬企,22159,20632,23664,7.4,-6.35,108438,109572,-1.03,-
twse,2026,5,2702,華園,121604,117380,113830,3.59,6.82,602179,586883,2.6,-
twse,2026,5,2704,國賓,107980,101458,110277,6.42,-2.08,587970,580616,1.26,-
twse,2026,5,2705,六福,170888,172158,182452,-0.73,-6.33,854290,892969,-4.33,-
twse,2026,5,2706,第一店,29875,30017,29665,-0.47,0.7,149761,147281,1.68,-
twse,2026,5,2707,晶華,590127,513143,577254,15.0,2.23,3049649,2942705,3.63,-
twse,2026,5,2712,遠雄來,43223,39497,41343,9.43,4.54,207889,194522,6.87,-
tpex,2026,5,2718,全心投控,31001,35779,694277,-13.35,-95.53,215155,1295137,-83.38,配合銷售個案交屋認列收入
tpex,2026,5,2719,燦星旅,100987,122318,142794,-17.43,-29.27,745824,924402,-19.31,-
twse,2026,5,2722,夏都,48493,48918,51405,-0.86,-5.66,229599,234550,-2.11,-
twse,2026,5,2723,美食-KY,1501181,1368644,1580139,9.68,-4.99,6896662,8036961,-14.18,-
tpex,2026,5,2724,藝舍-KY,20901,31603,5396,-33.86,287.34,84545,67443,25.35,營收增加係因不動產代銷個案銷售成長所致。
tpex,2026,5,2726,雅茗-KY,53778,36301,54065,48.14,-0.53,223932,254589,-12.04,-
twse,2026,5,2727,王品,2358781,1926868,2050694,22.41,15.02,10764138,9674762,11.25,-
tpex,2026,5,2729,瓦城,607808,497222,545398,22.24,11.44,2758259,2579727,6.92,-
twse,2026,5,2731,雄獅,2845558,2727755,2592485,4.31,9.76,13702980,12222559,12.11,-
tpex,2026,5,2732,六角,435038,432849,350007,0.5,24.29,2207551,1610971,37.03,-
tpex,2026,5,2734,易飛網,148975,148873,139689,0.06,6.64,854512,667054,28.1,-
tpex,2026,5,2736,富野,41056,47665,36295,-13.86,13.11,258074,233364,10.58,-
twse,2026,5,2739,寒舍,420057,391112,433136,7.4,-3.01,2234441,2201776,1.48,-
tpex,2026,5,2740,華軒,4099,4152,9951,-1.27,-58.8,26760,67749,-60.5,差異原因為門店數及商品銷售金額均較去年同期減少
tpex,2026,5,2743,山富,533123,552525,500654,-3.51,6.48,2917826,2783791,4.81,-
tpex,2026,5,2745,五福,913790,811915,745737,12.54,22.53,4267203,3662912,16.49,-
twse,2026,5,2748,雲品,191251,173447,177333,10.26,7.84,1141627,1082576,5.45,-
tpex,2026,5,2751,王座,170299,159191,130270,6.97,30.72,834759,613575,36.04,-
tpex,2026,5,2752,豆府,386402,344560,335950,12.14,15.01,1827089,1640823,11.35,-
twse,2026,5,2753,八方雲集,800344,761091,706117,5.15,13.34,3824263,3588744,6.56,-
tpex,2026,5,2754,亞洲藏壽司,513173,442876,519767,15.87,-1.26,2438082,2277396,7.05,-
tpex,2026,5,2755,揚秦,304019,279622,263177,8.72,15.51,1409810,1182435,19.22,-
tpex,2026,5,2756,聯發國際,104724,91330,97963,14.66,6.9,500714,396856,26.17,-
twse,2026,5,2762,世界健身-KY,995839,970752,928415,2.58,7.26,4777898,4377348,9.15,-
twse,2026,5,2801,彰銀,4429838,4178018,3555455,6.02,24.59,21013433,18136884,15.86,-
twse,2026,5,2812,台中銀,1962546,2402853,1529294,-18.32,28.33,9838090,7941559,23.88,-
twse,2026,5,2816,旺旺保,1450517,1920778,1187271,-24.48,22.17,7190540,5622876,27.88,-
twse,2026,5,2820,華票,417554,374949,220465,11.36,89.39,1886484,1063807,77.33,主係本年票債淨利息收入及金融商品獲利增加。
twse,2026,5,2832,台產,944599,886280,721193,6.58,30.97,4357686,4027316,8.2,-
twse,2026,5,2834,臺企銀,3238262,3100269,2642991,4.45,22.52,15183973,14168472,7.16,-
twse,2026,5,2836,高雄銀,442470,423864,386830,4.38,14.38,2112369,1938604,8.96,-
twse,2026,5,2838,聯邦銀,2349239,2399145,1458006,-2.08,61.12,10002472,7567079,32.18,主要係兌換損益較去年同期跌幅較大。
twse,2026,5,2845,遠東銀,1222102,1206686,1004395,1.27,21.67,5955011,5107824,16.58,-
twse,2026,5,2849,安泰銀,532466,584637,460595,-8.92,15.6,2710088,2281731,18.77,-
twse,2026,5,2850,新產,2558059,2791092,2505687,-8.34,2.09,12272699,10493658,16.95,保險業115年起適用IFRS17，營收申報至15日，營業收入依金管保財字第11304903821號函定義並追溯公告
twse,2026,5,2851,中再保,3084054,3681428,254219,-16.22,1113.14,11673199,3843334,203.72,營業收入淨額較去年同期增加，主係淨投資損益增加所致。
twse,2026,5,2852,第一保,799100,795443,857954,0.45,-6.85,3949757,4040946,-2.25,-
twse,2026,5,2855,統一證,4391495,4443710,831039,-1.17,428.43,14322214,2963152,383.34,今年單月營收及累計營收較去年同期增加，主因今年泛自營業務操作獲利優於去年同期所致。
twse,2026,5,2867,三商壽,13499873,19308775,-24573154,-30.08,154.93,45017186,-14325992,414.23,本月和本年營收較去年同期增加，主要係淨投資損益增加所致。
twse,2026,5,2880,華南金,7272247,7232756,4215080,0.54,72.52,33230891,24101185,37.88,本月營業收入較去年本月營業收入增加，主係投資相關淨收益增加所致
twse,2026,5,2881,富邦金,30407516,53356168,-55259606,-43.01,155.02,150255906,-94867491,258.38,本月及本年累計營業收入較去年本月及去年累計營業收入增加，主係投資相關淨收益增加所致。
twse,2026,5,2882,國泰金,25059074,30515220,-81790556,-17.88,130.63,127597978,-103284180,223.54,本月及本年營業收入淨額較去年同期增加，主係投資收益增加所致。
twse,2026,5,2883,凱基金,11583656,13466790,-44398082,-13.98,126.09,48617013,-61260402,179.36,本月及累計營業收入較去年同期增加，主係投資相關淨收益增加所致。
twse,2026,5,2884,玉山金,9259083,10046680,7421724,-7.83,24.75,44471651,35649353,24.74,-
twse,2026,5,2885,元大金,21261028,17253767,2067344,23.22,928.42,82023414,30613610,167.93,本月及本年營業收入淨額較去年同期增加，主係兌換損益、分離帳戶保險商品資產淨損益、手續費及佣金淨損益增加所致。
twse,2026,5,2886,兆豐金,8373125,9055059,6669106,-7.53,25.55,38196626,30789374,24.05,-
twse,2026,5,2887,台新新光金,14843474,17221187,3558039,-13.8,317.18,80059768,18389432,335.35,本年度新增新光子公司
twse,2026,5,2889,國票金,1588661,1502403,640736,5.74,147.94,5796295,2411269,140.38,本月透過損益按公允價值衡量之金融資產淨損益及手續費淨損益較去年同期增加約9.46億元。
twse,2026,5,2890,永豐金,9977463,9512201,5461358,4.89,82.69,45650654,29231043,56.17,本月及本年累計營業收入較去年本月及去年累計營業收入增加，係因利息收入、手續費收入及有價證券評價利益增加所致。
twse,2026,5,2891,中信金,19217919,19691968,-7963627,-2.4,341.32,98769365,35819061,175.74,係因股市波動，受託買賣手續費收入、有價證券相關出售利益及評價利益、兌換損益(含避險損益)增加所致
twse,2026,5,2892,第一金,7305350,7321915,5343969,-0.22,36.7,33926748,27058096,25.38,-
twse,2026,5,2897,王道銀行,1047328,1048231,748819,-0.08,39.86,5265774,3909598,34.68,-
twse,2026,5,2901,欣欣,10952,10479,11201,4.51,-2.22,55357,53094,4.26,-
twse,2026,5,2903,遠百,2661338,2532886,2637796,5.07,0.89,13639331,13629109,0.07,-
twse,2026,5,2904,匯僑,37015,36122,44031,2.47,-15.93,173749,209840,-17.19,-
twse,2026,5,2905,三商,19961873,26545278,24938289,-24.8,-19.95,76053275,62140363,22.38,-
twse,2026,5,2906,高林,635846,654567,654606,-2.86,-2.86,3570488,3581423,-0.3,-
twse,2026,5,2908,特力,2730069,2866820,2846004,-4.77,-4.07,14995432,14085782,6.45,-
twse,2026,5,2910,統領,46811,42997,46481,8.87,0.7,224755,214813,4.62,-
twse,2026,5,2911,麗嬰房,147737,121814,194025,21.28,-23.85,712262,1059835,-32.79,-
twse,2026,5,2912,統一超,31643252,29913625,30058109,5.78,5.27,150084491,143220506,4.79,-
twse,2026,5,2913,農林,34203,37301,42369,-8.3,-19.27,193444,217385,-11.01,-
twse,2026,5,2915,潤泰全,173007,156993,221309,10.2,-21.82,748614,1069982,-30.03,-
tpex,2026,5,2916,滿心,150564,176015,153557,-14.45,-1.94,864677,834661,3.59,-
twse,2026,5,2923,鼎固-KY,737837,580523,315881,27.09,133.58,3387465,1357281,149.57,本年營收增加主係本年新樓盤交房增加所致。
tpex,2026,5,2924,宏太-KY,3468,3928,3445,-11.71,0.66,25428,19597,29.75,-
tpex,2026,5,2926,誠品生活,599664,570155,551718,5.17,8.69,2892677,2705678,6.91,-
twse,2026,5,2929,淘帝-KY,138235,147514,138857,-6.29,-0.44,706219,757372,-6.75,-
tpex,2026,5,2937,集雅社,499239,435112,425889,14.73,17.22,2162124,1967753,9.87,-
twse,2026,5,2939,永邑-KY,29017,21890,27500,32.55,5.51,127144,140055,-9.21,-
tpex,2026,5,2941,米斯特,79825,66800,84796,19.49,-5.86,392575,389548,0.77,-
twse,2026,5,2945,三商家購,1730905,1655808,1228295,4.53,40.91,7223817,5896982,22.5,-
tpex,2026,5,2947,振宇五金,205004,193204,184875,6.1,10.88,984122,916464,7.38,-
tpex,2026,5,2948,寶陞,185988,187738,196209,-0.93,-5.2,904776,916248,-1.25,-
tpex,2026,5,2949,欣新網,584045,511675,462874,14.14,26.17,2496216,2068691,20.66,-
twse,2026,5,3002,歐格,79350,73679,53195,7.69,49.16,343927,269210,27.75,-
twse,2026,5,3003,健和興,533532,480745,349170,10.98,52.8,2277436,1747389,30.33,受市場供需影響。
twse,2026,5,3004,豐達科,469131,419391,300413,11.86,56.16,2092608,1583794,32.12,主要係客戶需求增加所致
twse,2026,5,3005,神基,3696019,3562907,3212072,3.73,15.06,16567195,16053174,3.2,-
twse,2026,5,3006,晶豪科,4466516,4634223,1125618,-3.61,296.8,16367640,5060180,223.45,本期營收較前期成長係因產品市場需求復甦
twse,2026,5,3008,大立光,4592691,5362271,3219003,-14.35,42.67,25495089,22105988,15.33,-
twse,2026,5,3010,華立,8026366,8032767,6264205,-0.07,28.13,37901643,31994846,18.46,-
twse,2026,5,3011,今皓,41109,36046,68863,14.04,-40.3,224274,363181,-38.24,-
twse,2026,5,3013,晟銘電,1005975,1321325,989060,-23.86,1.71,5250411,4330911,21.23,-
twse,2026,5,3014,聯陽,593458,629131,646779,-5.67,-8.24,2956642,3025841,-2.28,-
twse,2026,5,3015,全漢,1114721,1075247,1235750,3.67,-9.79,5235087,5499674,-4.81,-
twse,2026,5,3016,嘉晶,433764,426660,315964,1.66,37.28,1919407,1534151,25.11,-
twse,2026,5,3017,奇鋐,15871396,15631449,9880100,1.53,60.64,80540791,42321217,90.3,"因客戶需求增加,使營收成長"
twse,2026,5,3018,隆銘綠能,9740,27228,15833,-64.22,-38.48,118132,247746,-52.31,去年承接工案已過施作高峰期，今年潛在工案尚在積極洽談中，故115年1-5月累計收入低於114年1-5月
twse,2026,5,3019,亞光,2624000,2490022,2257344,5.38,16.24,11323353,9740960,16.24,-
twse,2026,5,3021,鴻名,250550,260219,277933,-3.71,-9.85,1215118,1200849,1.18,-
twse,2026,5,3022,威強電,888586,637952,461841,39.28,92.4,3118892,2901290,7.5,係因客戶出貨需求增加所致。
twse,2026,5,3023,信邦,3010681,2959788,2561717,1.71,17.52,14294116,13357737,7.01,-
twse,2026,5,3024,憶聲,56668,69370,133541,-18.31,-57.56,383659,999068,-61.59,"去年同期有建案交屋收入,本期無交屋收入,使營收減少"
twse,2026,5,3025,星通,57718,38601,24604,49.52,134.58,220106,134622,63.49,東南亞出貨增加
twse,2026,5,3026,禾伸堂,1291187,1427465,1064074,-9.54,21.34,6337203,5644610,12.26,-
twse,2026,5,3027,盛達,148745,90290,162325,64.74,-8.36,591318,1246780,-52.57,主要係因本月儲能工程減少所致。
twse,2026,5,3028,增你強,6525822,6995627,3221949,-6.71,102.54,31243022,15658308,99.53,"主要係因記憶體價格上漲,客戶需求增加所致。"
twse,2026,5,3029,零壹,2340238,2365355,1836818,-1.06,27.4,11582374,10671143,8.53,-
twse,2026,5,3030,德律,1070802,1112168,933199,-3.71,14.74,4624385,3558080,29.96,-
twse,2026,5,3031,佰鴻,119006,123453,89999,-3.6,32.23,527752,443879,18.89,-
twse,2026,5,3032,偉訓,902535,944485,800684,-4.44,12.72,4542357,4139578,9.72,-
twse,2026,5,3033,威健,11695609,11405630,9150871,2.54,27.8,53958724,44863267,20.27,-
twse,2026,5,3034,聯詠,9412486,9225016,8607337,2.03,9.35,41782805,44847002,-6.83,-
twse,2026,5,3035,智原,929698,967008,1692458,-3.85,-45.06,4485208,10830042,-58.58,因量產減少
twse,2026,5,3036,文曄,197924567,211019731,78326329,-6.2,152.69,903217218,443839321,103.5,主要受惠於資料中心、通訊及工業應用需求成長
twse,2026,5,3037,欣興,14059973,13932815,10621322,0.91,32.37,65439243,51626842,26.75,-
twse,2026,5,3038,全台,237431,246927,255765,-3.84,-7.16,1216721,1305500,-6.8,-
twse,2026,5,3040,遠見,10376,10384,12122,-0.07,-14.4,55949,54856,1.99,-
twse,2026,5,3041,揚智,173813,119639,87809,45.28,97.94,645725,509652,26.69,主係去年同期受國際情勢影響，代理商下單趨於保守；本年度市場需求回穩，且新增合併個體營收，收入上升。
twse,2026,5,3042,晶技,1217159,1288708,1101546,-5.55,10.49,5845075,5538700,5.53,-
twse,2026,5,3043,科風,69452,96169,66947,-27.78,3.74,353486,405402,-12.8,-
twse,2026,5,3044,健鼎,8654212,8201133,5904523,5.52,46.56,37819576,29394859,28.66,-
twse,2026,5,3045,台灣大,16440683,15669304,15823032,4.92,3.9,81888290,79383691,3.15,-
twse,2026,5,3046,建碁,803612,698235,776180,15.09,3.53,3319858,2934566,13.12,-
twse,2026,5,3047,訊舟,276427,252612,300997,9.42,-8.16,1289764,1923904,-32.96,-
twse,2026,5,3048,益登,13850848,13078408,8563502,5.9,61.74,60431492,47849802,26.29,受惠於AI伺服器、網通設備等市場需求攀升，帶動本月份營收較去年同期成長61.74%
twse,2026,5,3049,精金,33072,32853,121311,0.66,-72.73,316813,575594,-44.95,本期營收較去年同期減少72.74，自115年1月31日後全面停產。
twse,2026,5,3050,鈺德,99800,103138,104747,-3.23,-4.72,481982,506187,-4.78,-
twse,2026,5,3051,力特,200178,175501,146538,14.06,36.6,752059,790075,-4.81,主要係力特車載客戶認證的車載面板新機種用偏光板，今年Q1開始陸續放量
twse,2026,5,3052,夆典,304465,486163,513442,-37.37,-40.7,1661752,1643825,1.09,-
twse,2026,5,3054,立萬利,58176,86010,6566,-32.36,786.01,280067,28688,876.25,主係因本期產品結構改變致銷售金額增加。
twse,2026,5,3055,蔚華科,22516,126141,90744,-82.15,-75.18,232727,186153,25.01,本月單月相較去年同期減少，主係客製化設備銷售減少所致。
twse,2026,5,3056,富華新,80008,79478,78150,0.66,2.37,444011,3514644,-87.36,營收減少係因無建案交屋
twse,2026,5,3057,喬鼎,40612,54645,54056,-25.68,-24.87,262986,230152,14.26,-
twse,2026,5,3058,立德,267301,307907,264589,-13.18,1.02,1351900,1374104,-1.61,-
twse,2026,5,3059,華晶科,794302,770262,780634,3.12,1.75,3584855,3303742,8.5,-
twse,2026,5,3060,銘異,380842,356948,298009,6.69,27.79,1819043,1623928,12.01,-
twse,2026,5,3062,建漢,244235,305286,364769,-19.99,-33.04,1661505,1522791,9.1,-
tpex,2026,5,3064,泰偉,6484,8052,8341,-19.47,-22.26,34109,37380,-8.75,-
tpex,2026,5,3066,李洲,23283,23648,12657,-1.54,83.95,113347,86676,30.77,訂單增加
tpex,2026,5,3067,全域,2032,3246,5548,-37.39,-63.37,31394,23424,34.02,"因進入傳統淡季,終端客戶需求降低,致營收下滑;本年累計營收仍較去年同期成長。"
tpex,2026,5,3071,協禧,267695,262303,193231,2.05,38.53,1236436,933290,32.48,-
tpex,2026,5,3073,天方能源,9186,7800,5438,17.76,68.92,80241,22727,253.06,本月主要為增加電能轉供業務，本年主要為增加承攬工程業務。
tpex,2026,5,3078,僑威,499410,605559,1048269,-17.52,-52.35,2801579,5003955,-44.01,本月營收較去年同期減少，主因去年同期受關稅政策影響出貨集中，致比較基期偏高。
tpex,2026,5,3081,聯亞,405322,395349,185217,2.52,118.83,1705061,823274,107.1,數據中心產品出貨量較同期增加
tpex,2026,5,3083,網龍,31084,21091,27528,47.38,12.91,150588,125951,19.56,-
tpex,2026,5,3085,新零售,7764,7831,4293,-0.85,80.85,27416,20907,31.13,本⽉營收⾦額增加，主係業務量成⻑所致。
tpex,2026,5,3086,華義*,17101,9039,10859,89.19,57.48,58692,64289,-8.7,本期受惠遊戲新品上市貢獻，帶動營收較去年同期成長。
tpex,2026,5,3088,艾訊,859779,828116,576871,3.82,49.04,3808418,2712053,40.42,-
twse,2026,5,3090,日電貿,1629431,1843306,1357910,-11.6,19.99,7965128,6592055,20.82,-
twse,2026,5,3092,鴻碩,155913,131534,134167,18.53,16.2,704907,746897,-5.62,-
tpex,2026,5,3093,港建*,108351,195589,213080,-44.6,-49.15,571507,1048168,-45.47,-
twse,2026,5,3094,聯傑,19740,19531,16945,1.07,16.49,86476,84578,2.24,-
tpex,2026,5,3095,及成,58419,78483,52251,-25.56,11.8,291677,241778,20.63,-
tpex,2026,5,3105,穩懋,1755488,1734086,1251261,1.23,40.29,8079634,5991740,34.84,-
tpex,2026,5,3114,好德,290564,270802,282690,7.29,2.78,1295458,1209708,7.08,-
tpex,2026,5,3115,富榮綱,819,872,155,-6.07,428.38,3133,1090,187.43,去年受限於發票開立額度，今年配合業務擴展需求向稅局申請發票增量致營收增加。
tpex,2026,5,3118,進階,49400,58229,54375,-15.16,-9.14,266485,291649,-8.62,-
tpex,2026,5,3122,笙泉,26104,29445,25573,-11.34,2.07,137002,141126,-2.92,-
tpex,2026,5,3128,昇銳,71656,75107,93688,-4.59,-23.51,414907,480009,-13.56,-
twse,2026,5,3130,一零四,257163,245030,232802,4.95,10.46,1145896,1073781,6.71,-
tpex,2026,5,3131,弘塑,559081,536413,521676,4.22,7.17,2691857,2323355,15.86,-
twse,2026,5,3135,凌航,1841758,3852946,550652,-52.19,234.46,9652396,2518803,283.21,市場價格上漲及需求增加。
twse,2026,5,3138,耀登,139198,169789,130227,-18.01,6.88,703765,598847,17.52,-
tpex,2026,5,3141,晶宏,183105,151690,152733,20.71,19.88,699089,626569,11.57,-
tpex,2026,5,3147,大綜,3023389,1093294,331350,176.53,812.44,7101041,4056729,75.04,"營收大幅成長,主要係客戶大單出貨所致"
twse,2026,5,3149,正達,182215,170174,195382,7.07,-6.73,942471,876563,7.51,-
twse,2026,5,3150,鈺寶-創,28811,31450,30276,-8.39,-4.83,141349,148100,-4.55,-
tpex,2026,5,3152,璟德,136114,127134,115694,7.06,17.65,615673,626989,-1.8,-
tpex,2026,5,3158,嘉實,91918,88068,82189,4.37,11.83,441617,392393,12.54,-
tpex,2026,5,3162,精確,778108,685887,638561,13.44,21.85,3432690,3167526,8.37,-
tpex,2026,5,3163,波若威,211521,199142,162745,6.21,29.97,1066758,857592,24.38,-
twse,2026,5,3164,景岳,27810,37785,28746,-26.39,-3.25,154765,168145,-7.95,-
twse,2026,5,3167,大量,955547,862675,433806,10.76,120.27,3764428,1679926,124.08,主係因客戶需求量增加所致
twse,2026,5,3168,眾福科,300005,312439,273160,-3.97,9.82,1482104,1379465,7.44,-
tpex,2026,5,3169,亞信,87290,80366,84565,8.61,3.22,409612,420231,-2.52,-
tpex,2026,5,3171,炎洲流通,264634,285660,126148,-7.36,109.78,1163534,597612,94.69,合併營收增加主係因收購新增合併個體子公司營收所致
tpex,2026,5,3176,基亞,95518,94372,119106,1.21,-19.8,451392,723682,-37.62,-
tpex,2026,5,3178,公準,120184,115006,109218,4.5,10.04,531863,550050,-3.3,-
tpex,2026,5,3188,鑫龍騰,401893,285483,43390,40.77,826.23,2291161,233777,880.06,本公司「鑫巨蛋2」建案完工、陸續交屋中
twse,2026,5,3189,景碩,4199867,4072319,3157305,3.13,33.02,19377151,14989890,29.26,-
tpex,2026,5,3191,雲嘉南,15051,15587,15864,-3.43,-5.12,72665,73058,-0.53,-
tpex,2026,5,3205,佰研,86934,60396,37863,43.93,129.6,294445,174773,68.47,本月營收成長主係客戶需求增加所致。
tpex,2026,5,3206,志豐,317875,280610,266072,13.27,19.46,1329352,1400807,-5.1,-
tpex,2026,5,3207,耀勝,144081,132007,152191,9.14,-5.32,704072,687383,2.42,-
twse,2026,5,3209,全科,4710620,6945416,3566217,-32.17,32.09,28723449,21708979,32.31,-
tpex,2026,5,3211,順達,1163028,1060190,1304195,9.69,-10.82,5567741,4561003,22.07,-
tpex,2026,5,3213,茂訊,364651,308540,203961,18.18,78.78,1400944,1215725,15.23,"系統事業部 255,116 仟元/通路事業部 109,535 仟元"
tpex,2026,5,3217,優群,306455,316590,372168,-3.2,-17.65,1571135,1660897,-5.4,-
tpex,2026,5,3218,大學光,370737,380397,347727,-2.53,6.61,1840940,1825578,0.84,-
tpex,2026,5,3219,倚強科,236539,231582,170886,2.14,38.41,899735,630203,42.76,-
tpex,2026,5,3221,台嘉碩,212744,220010,185501,-3.3,14.68,979333,928675,5.45,-
tpex,2026,5,3224,三顧,141844,134156,122366,5.73,15.91,686352,649047,5.74,-
tpex,2026,5,3226,龍鋒,114786,97826,116927,17.33,-1.83,552490,859393,-35.71,-
tpex,2026,5,3227,原相,867675,850195,786417,2.05,10.33,3927279,3951025,-0.6,-
tpex,2026,5,3228,金麗科,28741,32369,20871,-11.2,37.7,136968,133454,2.63,-
twse,2026,5,3229,晟鈦,127130,148544,79556,-14.41,59.79,618596,409834,50.93,本月因客戶需求增加，出貨量增加
tpex,2026,5,3230,錦明,35957,34151,32735,5.28,9.84,170716,180027,-5.17,-
twse,2026,5,3231,緯創,290183471,283437176,208405603,2.38,39.23,1419923673,688594218,106.2,主係客戶需求增加，較去年同期成長。
tpex,2026,5,3232,昱捷,84238,101257,86126,-16.8,-2.19,433773,427461,1.47,-
tpex,2026,5,3234,光環,57152,62453,50426,-8.48,13.33,302290,312218,-3.17,-
tpex,2026,5,3236,千如,178950,256971,174133,-30.36,2.76,973464,809937,20.19,-
tpex,2026,5,3252,海灣,41168,37811,41590,8.87,-1.01,220036,215871,1.92,-
twse,2026,5,3257,虹冠電,60201,50337,105803,19.59,-43.1,241058,406060,-40.63,-
tpex,2026,5,3259,鑫創,23645,19549,22438,20.95,5.37,88919,90593,-1.84,-
tpex,2026,5,3260,威剛,12942597,10555559,4169173,22.61,210.43,49610214,17985895,175.82,記憶體售價上漲
tpex,2026,5,3264,欣銓,1517840,1463816,1141608,3.69,32.95,6965058,5499785,26.64,-
tpex,2026,5,3265,台星科,484227,489512,396718,-1.07,22.05,2281539,1835585,24.29,-
twse,2026,5,3266,昇陽,168336,163312,141603,3.07,18.87,840408,484069,73.61,因營建收入受政策、全部完工法及建案規模不同等影響，故營收波動較大。
tpex,2026,5,3268,海德威,99121,105500,94974,-6.04,4.36,418792,391824,6.88,-
tpex,2026,5,3272,東碩,183330,239573,277321,-23.47,-33.89,1074524,1299818,-17.33,-
tpex,2026,5,3276,宇環,64076,58746,38297,9.07,67.31,261467,216504,20.76,因市場需求增加
tpex,2026,5,3284,太普高,68550,63172,67789,8.51,1.12,356811,380047,-6.11,-
tpex,2026,5,3285,微端,141440,73079,44653,93.54,216.75,436401,254726,71.32,因醫療產品及PCB鑽孔設備銷售量增加，致使整體營收較去年同期增加。
tpex,2026,5,3287,廣寰科,68091,83811,58824,-18.75,15.75,368572,338430,8.9,-
tpex,2026,5,3288,點晶,3832,8680,4556,-55.85,-15.89,30592,26877,13.82,-
tpex,2026,5,3289,宜特,385903,371304,384989,3.93,0.23,1840665,1902460,-3.24,-
tpex,2026,5,3290,東浦,314658,295820,160409,6.36,96.15,1512680,826232,83.08,主要係併入BI-LINK 公司之營業收入。
tpex,2026,5,3293,鈊象,2123837,2123253,1897035,0.02,11.95,10511760,9106841,15.42,-
tpex,2026,5,3294,英濟,248872,261124,289496,-4.69,-14.03,1190588,1259678,-5.48,-
twse,2026,5,3296,勝德,176230,146327,141035,20.43,24.95,655859,655483,0.05,-
tpex,2026,5,3297,杭特,18932,21799,17388,-13.15,8.87,90943,76840,18.35,-
tpex,2026,5,3303,岱稜,297811,307067,245567,-3.01,21.27,1379316,1250109,10.33,-
twse,2026,5,3305,昇貿,1348799,1465062,787091,-7.93,71.36,6539123,4030299,62.24,銷售量增加及原料價格上漲
tpex,2026,5,3306,鼎天,113154,84771,89797,33.48,26.01,444566,417525,6.47,-
twse,2026,5,3308,聯德,517,514,555,0.58,-6.84,2600,2745,-5.28,-
tpex,2026,5,3310,佳穎,175847,188495,122350,-6.7,43.72,776943,1675860,-53.63,去年認列「一見」建案收入
twse,2026,5,3311,閎暉,213025,199228,187279,6.92,13.74,939611,984634,-4.57,-
twse,2026,5,3312,弘憶股,1982063,2431841,1675434,-18.49,18.3,10074561,9395622,7.22,-
tpex,2026,5,3313,斐成,7838,476,61,1546.63,12749.18,13271,809,1540.42,本年累計營收較去年同期增加，主係本年合併子公司之營收增加所致。
tpex,2026,5,3317,尼克森,213901,264771,246083,-19.21,-13.07,1186864,1114629,6.48,-
twse,2026,5,3321,同泰,236870,203881,173595,16.18,36.44,881655,813923,8.32,-
tpex,2026,5,3322,建舜電,289179,275445,321097,4.98,-9.94,1349039,1280339,5.36,-
tpex,2026,5,3323,加百裕,386503,445715,403420,-13.28,-4.19,1856363,1977402,-6.12,-
tpex,2026,5,3324,雙鴻,3138892,2842339,1620073,10.43,93.75,14530768,8051512,80.47,成長動能來自AI伺服器液冷散熱系統市佔率持續攀升
tpex,2026,5,3325,旭品,25885,58131,103189,-55.47,-74.91,315017,541263,-41.79,主要係電腦機殼及週邊產品營收減少所致
tpex,2026,5,3332,幸康,137418,175841,156208,-21.85,-12.02,785651,693347,13.31,-
twse,2026,5,3338,泰碩,325460,324635,316250,0.25,2.91,1509552,1601181,-5.72,-
tpex,2026,5,3339,泰谷,68949,72135,93915,-4.41,-26.58,345429,293392,17.73,-
twse,2026,5,3346,麗清,732327,686762,751246,6.63,-2.51,3113306,3609167,-13.73,-
tpex,2026,5,3349,寶德,57797,18355,49003,214.88,17.94,137397,193043,-28.82,-
tpex,2026,5,3354,律勝,12995,13792,7528,-5.77,72.62,55300,42709,29.48,客戶需求增加
twse,2026,5,3356,奇偶,77320,107307,80594,-27.94,-4.06,465890,429790,8.39,-
tpex,2026,5,3357,臺慶科,709395,704105,514903,0.75,37.77,3148989,2684363,17.3,-
tpex,2026,5,3360,尚立,1052164,707881,466341,48.63,125.62,4073326,2546711,59.94,"本月較去年同月增加125.62％,係客戶需求增加"
tpex,2026,5,3362,先進光,315235,372811,365943,-15.44,-13.85,1795839,1763650,1.82,-
tpex,2026,5,3363,上詮,143800,127943,191237,12.39,-24.8,653712,806709,-18.96,-
tpex,2026,5,3372,典範,110372,114860,95394,-3.9,15.7,534915,409931,30.48,-
tpex,2026,5,3373,熱映,31257,42857,34705,-27.06,-9.93,167598,160237,4.59,-
tpex,2026,5,3374,精材,696852,723821,486224,-3.72,43.31,3334389,2607748,27.86,-
twse,2026,5,3376,新日興,802260,907189,963549,-11.56,-16.73,4062150,4777318,-14.97,-
tpex,2026,5,3379,彬台,31661,20689,84397,53.03,-62.48,236703,454540,-47.92,主係本期設備銷售之銷貨收入較去年同期減少所致
twse,2026,5,3380,明泰,1800533,1093745,1956543,64.62,-7.97,8208826,8064550,1.78,-
tpex,2026,5,3388,崇越電,781786,864392,636865,-9.55,22.75,3652161,3064092,19.19,-
tpex,2026,5,3390,旭軟,92897,91004,55926,2.08,66.1,395078,312177,26.55,本月營收較去年同期增加66.11%，主要係車載及AI相關應用產品需求增加，帶動訂單及出貨成長所致。
tpex,2026,5,3402,漢科,514412,503187,437525,2.23,17.57,2390484,2097402,13.97,-
twse,2026,5,3406,玉晶光,1628911,2314440,1250699,-29.61,30.24,10083599,8426418,19.66,-
twse,2026,5,3413,京鼎,1972949,1869449,1689927,5.53,16.74,9403962,8318481,13.04,-
twse,2026,5,3416,融程電,370977,390694,243391,-5.04,52.42,1708347,1294167,32.0,出貨增加
twse,2026,5,3419,譁裕,179682,143347,160284,25.34,12.1,758752,717159,5.79,-
tpex,2026,5,3430,奇鈦科,141374,161064,133060,-12.22,6.24,801618,654295,22.51,-
twse,2026,5,3432,台端,29520,16938,9284,74.28,217.96,114042,35661,219.79,主係因增加新產品出貨所致
tpex,2026,5,3434,哲固,41887,28083,61441,49.15,-31.82,186141,345454,-46.11,-
twse,2026,5,3437,榮創,129967,115806,120232,12.22,8.09,594254,724057,-17.92,-
tpex,2026,5,3438,類比科,78133,85567,92431,-8.68,-15.46,362074,450692,-19.66,-
tpex,2026,5,3441,聯一光電,41789,58739,28586,-28.85,46.18,213863,160147,33.54,-
twse,2026,5,3443,創意,4674012,4294033,2013507,8.84,132.13,20415857,10708951,90.64,主要為晶圓產品收入增加
tpex,2026,5,3444,利機,106849,112930,107195,-5.38,-0.32,535730,523357,2.36,-
twse,2026,5,3447,展達,290500,305573,216468,-4.93,34.19,1419632,1254354,13.17,-
twse,2026,5,3450,聯鈞,960221,877785,640520,9.39,49.91,3924887,4001821,-1.92,-
tpex,2026,5,3455,由田,146407,125160,128470,16.97,13.96,418741,619910,-32.45,-
tpex,2026,5,3465,進泰電子,231791,193580,79790,19.73,190.5,762470,668026,14.13,營業收入增加主要係銷售美國之營業收入增加所致。
tpex,2026,5,3466,德晉,8519,68776,8493,-87.61,0.3,129211,28385,355.2,AI事業部業績成長
tpex,2026,5,3467,台灣精材,71530,69424,52283,3.03,36.81,309515,255307,21.23,-
tpex,2026,5,3479,安勤,779365,768864,703304,1.36,10.81,3692050,3336965,10.64,-
twse,2026,5,3481,群創,20647675,21237435,18723709,-2.77,10.27,108529648,93652960,15.88,-
tpex,2026,5,3483,力致,791272,751921,946252,5.23,-16.37,3559673,3454965,3.03,-
tpex,2026,5,3484,崧騰,416637,362417,401711,14.96,3.71,1857775,1961736,-5.29,-
tpex,2026,5,3485,敘豐,47045,52522,40991,-10.42,14.76,235170,234377,0.33,配合客戶裝機
tpex,2026,5,3489,森寶,83459,76569,61600,8.99,35.48,431923,219666,96.62,主要係本公司100%投資之子公司營造收入較去年增加，致本月營收較去年同期成長35.49%。
tpex,2026,5,3490,單井,19735,31102,20169,-36.54,-2.15,99538,88606,12.33,-
tpex,2026,5,3491,昇達科,296253,349053,188413,-15.12,57.23,1665461,998221,66.84,由於低軌衛星產業需求明顯增長，此為本月及年累計營收與去年同期比較增幅達到57.24%及66.84%之主要因素。
tpex,2026,5,3492,長盛,73652,75515,64521,-2.46,14.15,345398,377661,-8.54,-
twse,2026,5,3494,誠研,84226,81225,85294,3.69,-1.25,413631,381170,8.51,-
tpex,2026,5,3498,陽程,158419,341953,94810,-53.67,67.09,751190,380018,97.67,本月可完工案件較多所致
tpex,2026,5,3499,環天科,25985,28716,35138,-9.51,-26.04,115412,156652,-26.32,-
twse,2026,5,3501,維熹,442283,429480,476159,2.98,-7.11,2131723,2465648,-13.54,-
twse,2026,5,3504,揚明光,248949,243545,214491,2.21,16.06,1177451,1102755,6.77,-
tpex,2026,5,3508,位速,81282,70592,82587,15.14,-1.58,379227,396503,-4.35,-
tpex,2026,5,3511,矽瑪,153820,149273,120670,3.04,27.47,770020,748267,2.9,-
tpex,2026,5,3512,皇龍,27406,16729,9437,63.82,190.41,257015,723800,-64.49,本年度建案累計完工交屋減少.
twse,2026,5,3515,華擎,3665115,2741893,4388787,33.67,-16.48,19775521,19983711,-1.04,"“本年累計營業收入淨額”採年平均匯率計算,“本月營業收入淨額”採該月平均匯率計算,故累計營收淨額與各月營收淨額加總會有差異"
tpex,2026,5,3516,亞帝歐,85962,96561,64971,-10.97,32.3,473341,361810,30.82,-
twse,2026,5,3518,柏騰,18495,18036,27311,2.54,-32.28,98474,130580,-24.58,-
tpex,2026,5,3520,華盈,114213,101445,107812,12.58,5.93,521611,453399,15.04,-
tpex,2026,5,3521,台鋼建設,0,1082,220,-100.0,-100.0,11520,20684,-44.3,POS商品內外銷累計較去年同期減少，建設事業累計較去年同期相同。
tpex,2026,5,3522,御嵿,79275,62514,83920,26.81,-5.53,611185,549119,11.3,-
tpex,2026,5,3523,迎輝,3743,10866,5387,-65.55,-30.51,27828,38921,-28.5,"售電:銷貨額$2,167,767;ITO:銷貨額$982,958"
tpex,2026,5,3526,凡甲,365792,436621,299661,-16.22,22.06,1902426,1534936,23.94,-
tpex,2026,5,3527,聚積,134860,105870,116344,27.38,15.91,584713,634899,-7.9,-
twse,2026,5,3528,安馳,1000344,1108974,599617,-9.79,66.83,5611000,2930965,91.43,AI伺服器應用帶動測試相關需求增加，週邊電源應用及工控需求上升。
tpex,2026,5,3529,力旺,305058,613115,272282,-50.24,12.03,2012166,1726912,16.51,-
twse,2026,5,3530,晶相光,199683,230866,157710,-13.5,26.61,972492,670224,45.09,-
tpex,2026,5,3531,先益,79652,101149,121854,-21.25,-34.63,453863,627652,-27.68,-
twse,2026,5,3532,台勝科,1217609,1168448,978557,4.2,24.42,5694824,4987612,14.17,-
twse,2026,5,3533,嘉澤,3041077,3391879,2790516,-10.34,8.97,15817038,13492115,17.23,-
twse,2026,5,3535,晶彩科,110652,19812,4751,458.5,2229.02,455763,75979,499.85,本公司以銷售機台為主，115年累計出售機台較去年同期增加，此為產業特性，尚屬正常。
tpex,2026,5,3537,堡達,225869,283946,218309,-20.45,3.46,1241180,1207234,2.81,-
tpex,2026,5,3540,曜越,323842,300933,406295,7.61,-20.29,1893929,2162150,-12.4,-
tpex,2026,5,3541,西柏,88171,83034,104713,6.18,-15.79,413482,473016,-12.58,-
twse,2026,5,3543,州巧,269070,288901,261823,-6.86,2.76,1394697,1468877,-5.05,-
twse,2026,5,3545,敦泰,901113,953517,1057360,-5.49,-14.77,4328481,5163077,-16.16,-
tpex,2026,5,3546,宇峻,132924,133458,82390,-0.4,61.33,785890,529329,48.46,主要係新上市遊戲表現良好，致營運持續成長
tpex,2026,5,3548,兆利,833382,751263,895198,10.93,-6.9,3278233,4599211,-28.72,-
twse,2026,5,3550,聯穎,391681,448134,286798,-12.59,36.57,1847624,1473413,25.39,-
tpex,2026,5,3551,世禾,292352,275778,240546,6.0,21.53,1379042,1167571,18.11,-
tpex,2026,5,3552,同致,710634,736796,580425,-3.55,22.43,3182163,3344034,-4.84,-
tpex,2026,5,3555,博士旺,59682,68972,5943,-13.46,904.24,401940,14648,2643.99,本月因銷售電子及消費娛樂產品，致本月及累計營收較去年同期增加。
tpex,2026,5,3556,禾瑞亞,103337,108661,80265,-4.89,28.74,521175,442194,17.86,-
twse,2026,5,3557,嘉威,334491,262733,187274,27.31,78.61,2028434,2468189,-17.81,依客戶交期出貨
tpex,2026,5,3558,神準,1195825,1056838,1321253,13.15,-9.49,5310868,6716687,-20.93,-
twse,2026,5,3563,牧德,349020,343253,331943,1.68,5.14,1555936,1454596,6.96,-
tpex,2026,5,3564,其陽,234813,247452,201332,-5.1,16.62,1041929,935587,11.36,-
tpex,2026,5,3567,逸昌,23169,24016,23502,-3.52,-1.41,109740,111745,-1.79,-
tpex,2026,5,3570,大塚,216292,276991,186621,-21.91,15.89,1175720,1156658,1.64,-
twse,2026,5,3576,聯合再生,324464,225401,254230,43.94,27.62,1069894,1453612,-26.39,-
tpex,2026,5,3577,泓格,132460,153905,122441,-13.93,8.18,673761,519582,29.67,-
tpex,2026,5,3580,友威科,34457,47451,40296,-27.38,-14.49,146267,159437,-8.26,-
tpex,2026,5,3581,博磊,112105,128171,110239,-12.53,1.69,645436,553581,16.59,-
twse,2026,5,3583,辛耘,971001,989044,956785,-1.82,1.48,5080367,4662934,8.95,-
tpex,2026,5,3587,閎康,544461,540737,429163,0.68,26.86,2509618,2108756,19.0,-
twse,2026,5,3588,通嘉,143352,143205,117778,0.1,21.71,683612,586948,16.46,-
twse,2026,5,3591,艾笛森,215701,232692,205129,-7.3,5.15,1030033,1007620,2.22,-
twse,2026,5,3592,瑞鼎,2272067,2318525,1928364,-2.0,17.82,10027992,9795287,2.37,-
twse,2026,5,3593,力銘,68560,74983,125164,-8.56,-45.22,276524,518700,-46.68,-
tpex,2026,5,3594,磐儀,260830,188847,170179,38.11,53.26,965375,686946,40.53,"客戶需求增加,故出貨量較去年同期成長"
twse,2026,5,3596,智易,4615776,4528964,4428537,1.91,4.22,21928858,21608151,1.48,-
tpex,2026,5,3597,映興,84274,83808,66680,0.55,26.38,366232,334606,9.45,-
twse,2026,5,3605,宏致,1108233,1124603,960867,-1.45,15.33,5054378,4503397,12.23,-
twse,2026,5,3607,谷崧,266288,246692,290832,7.94,-8.43,1151580,1212606,-5.03,-
tpex,2026,5,3609,三一東林,31094,21760,26149,42.89,18.91,136743,186762,-26.78,-
tpex,2026,5,3611,鼎翰,1094139,1019050,1023381,7.36,6.91,4879603,4910598,-0.63,-
tpex,2026,5,3615,安可,57003,63239,83899,-9.86,-32.05,323128,422726,-23.56,-
twse,2026,5,3617,碩天,1085436,1027694,893405,5.61,21.49,5038450,4777708,5.45,-
twse,2026,5,3622,洋華,137674,137524,138894,0.1,-0.87,638617,628218,1.65,-
tpex,2026,5,3623,富晶通,13201,20229,23235,-34.74,-43.18,115421,123987,-6.9,-
tpex,2026,5,3624,光頡,290379,282455,221946,2.8,30.83,1300814,1074436,21.06,-
tpex,2026,5,3625,西勝,32071,22866,30363,40.25,5.62,175708,175705,0.0,-
tpex,2026,5,3628,盈正,294877,277380,277977,6.3,6.07,1376456,1221313,12.7,-
tpex,2026,5,3629,地心引力,714,7845,50,-90.89,1328.0,16510,71,23153.52,主係客戶行銷及活動專案增加致營收成長
tpex,2026,5,3630,新鉅科,201001,225156,190196,-10.72,5.68,1071126,931165,15.03,-
tpex,2026,5,3631,晟楠,5710,2669,3115,113.93,83.3,17345,15596,11.21,本月收入較去年同期營收增多肇因於舊客戶回流
tpex,2026,5,3632,研勤,25155,19105,16302,31.66,54.3,114932,104334,10.15,部分專案於本月完成驗收並認列收入
twse,2026,5,3645,達邁,225738,237109,226559,-4.79,-0.36,1026985,985221,4.23,-
tpex,2026,5,3646,艾恩特,69977,69592,60868,0.55,14.96,306859,285845,7.35,-
twse,2026,5,3652,精聯,249438,257582,175185,-3.16,42.38,1127802,930337,21.22,-
twse,2026,5,3653,健策,2313449,2311149,1679474,0.09,37.74,9929814,8252747,20.32,-
twse,2026,5,3661,世芯-KY,1935098,2132653,2907751,-9.26,-33.45,8254522,16526225,-50.05,本年營收較去年同期減少，係因量產產品減少所致。
tpex,2026,5,3663,鑫科,514087,473062,596840,8.67,-13.86,3436009,2216010,55.05,本月貴金屬銷售金額佔合併營收比率為71%。
tpex,2026,5,3664,安瑞-KY,27284,17125,24205,59.32,12.72,99128,193216,-48.69,-
twse,2026,5,3665,貿聯-KY,7352121,7382955,5201409,-0.41,41.34,35592444,27726200,28.37,-
tpex,2026,5,3666,光耀,56306,44557,34276,26.36,64.27,200084,234436,-14.65,產品及產能組合調整，增加營收。
twse,2026,5,3669,圓展,218354,231990,231253,-5.87,-5.57,1139405,987415,15.39,-
tpex,2026,5,3672,康聯訊,12969,22630,6912,-42.69,87.63,94864,111454,-14.88,因去年基期較低所致
twse,2026,5,3673,TPK-KY,6149316,6803844,6313223,-9.61,-2.59,30839856,26445869,16.61,-
tpex,2026,5,3675,德微,267072,253869,214657,5.2,24.41,1205539,1053074,14.47,-
twse,2026,5,3679,新至陞,343815,355781,400975,-3.36,-14.25,1726797,1979360,-12.75,-
tpex,2026,5,3680,家登,677726,885957,584452,-23.5,15.95,3427950,2873143,19.31,-
tpex,2026,5,3684,榮昌,109156,101220,90098,7.84,21.15,467426,420171,11.24,-
tpex,2026,5,3685,元創精密,86085,161411,81388,-46.66,5.77,604315,414854,45.66,-
twse,2026,5,3686,達能,9029,2061,7060,338.08,27.88,34763,31639,9.87,-
tpex,2026,5,3687,歐買尬,167399,162392,144877,3.08,15.54,812963,717454,13.31,-
tpex,2026,5,3689,湧德,666772,785768,554855,-15.14,20.17,3376447,2586581,30.53,-
tpex,2026,5,3691,碩禾,894608,1008609,386999,-11.3,131.16,4412366,1663032,165.32,係因太陽能導電漿產品、AI伺服器液冷管接件及其零組件之加工與測試服務銷量增加所致。
tpex,2026,5,3693,營邦,663707,718177,531749,-7.58,24.81,2936222,3636476,-19.25,-
twse,2026,5,3694,海華,988129,896478,1090916,10.22,-9.42,4906352,4406137,11.35,-
twse,2026,5,3701,大眾控,615397,749863,905234,-17.93,-32.01,3369038,4804500,-29.87,-
twse,2026,5,3702,大聯大,138023979,127337859,75461393,8.39,82.9,581862320,416079985,39.84,全球科技與能源設施擴建帶動半導體及電子零組件升級，車用、工控需求穩步推進，智能倉儲管理與資訊系統整合服務需求同步擴增。
twse,2026,5,3703,欣陸,2655799,2154919,2574351,23.24,3.16,11171823,12355583,-9.58,-
twse,2026,5,3704,合勤控,2406584,2881177,1835256,-16.47,31.13,11597969,10879569,6.6,-
twse,2026,5,3705,永信,657963,693850,679727,-5.17,-3.2,3192678,3563872,-10.41,-
twse,2026,5,3706,神達,13638501,11633086,9134910,17.23,49.3,57135509,41621536,37.27,-
tpex,2026,5,3707,漢磊,590343,584544,461307,0.99,27.97,2709617,2184822,24.02,-
twse,2026,5,3708,上緯投控,132546,108570,77693,22.08,70.6,429926,502314,-14.41,循環經濟材料需求增加
tpex,2026,5,3709,鑫聯大投控,3473688,4514482,3422070,-23.05,1.5,19797791,16378628,20.87,本月營收較上月減少，主係因部分客戶拉貨節奏回歸正常，加上前期高基期影響。
tpex,2026,5,3710,連展投控,692097,647609,588608,6.86,17.58,3137724,2910601,7.8,-
twse,2026,5,3711,日月光投控,63033313,62247107,49026935,1.26,28.56,298942572,249390964,19.86,-
twse,2026,5,3712,永崴投控,1291272,1641570,1162940,-21.33,11.03,8885794,10323112,-13.92,-
tpex,2026,5,3713,新晶投控,40040,31337,19404,27.77,106.34,149099,115376,29.22,綠電轉售電平台於去年底開始售電，使本期較去年同期增加
twse,2026,5,3714,富采,2089663,2100067,1932732,-0.49,8.11,9435214,9578550,-1.49,-
twse,2026,5,3715,定穎投控,2516224,2065738,1487887,21.8,69.11,10218332,7607547,34.31,主係客戶需求增加所致
twse,2026,5,3716,中化控股,659301,675653,689752,-2.42,-4.41,3564551,3663373,-2.69,-
twse,2026,5,3717,聯嘉投控,549985,579784,0,-5.13,,2980061,0,,聯嘉光電投控（公司代號：3717）於114年8月份起100%認列聯嘉光電（原公司代號：6288）的營收。
tpex,2026,5,4102,永日,48430,37294,37928,29.86,27.68,208881,212014,-1.47,-
twse,2026,5,4104,佳醫,701668,790643,707008,-11.25,-0.75,3835248,3544417,8.2,-
tpex,2026,5,4105,東洋,518352,518176,537707,0.03,-3.59,2557015,2435609,4.98,-
twse,2026,5,4106,雃博,186403,221717,206037,-15.92,-9.52,991332,951079,4.23,-
tpex,2026,5,4107,邦特,197310,193673,172697,1.87,14.25,937422,873304,7.34,-
twse,2026,5,4108,懷特,11870,9757,10021,21.65,18.45,56144,50393,11.41,本期懷特血寶和保健產品出貨增加，營收較去年同期成長18.45%
tpex,2026,5,4109,加捷生醫,39643,43828,35008,-9.54,13.23,218732,204972,6.71,-
tpex,2026,5,4111,濟生,124855,127450,124517,-2.03,0.27,609063,563737,8.04,-
tpex,2026,5,4113,聯上,82,82,53,0.0,54.71,22042,520239,-95.76,不動產於過戶時點認列營收，故波動較大。
tpex,2026,5,4114,健喬,600758,570412,532134,5.32,12.89,2798941,2487242,12.53,-
tpex,2026,5,4116,明基醫,456730,506925,451259,-9.9,1.21,2288262,2122118,7.82,-
twse,2026,5,4119,旭富,60926,88698,115225,-31.31,-47.12,525423,641285,-18.06,-
tpex,2026,5,4120,友華,348844,395301,392162,-11.75,-11.04,1893127,1924290,-1.61,-
tpex,2026,5,4121,優盛,317886,300936,329395,5.63,-3.49,1557132,1586509,-1.85,-
tpex,2026,5,4123,晟德,138458,177331,128116,-21.92,8.07,781766,644298,21.33,-
tpex,2026,5,4126,太醫,212213,183417,216468,15.69,-1.96,977200,994763,-1.76,-
tpex,2026,5,4127,天良,60559,68735,47675,-11.89,27.02,327561,205355,59.5,本年度整體營收較去年同期增加，主要係本年度電視媒體及諾得品牌系列商品銷售增長。
tpex,2026,5,4128,中天,158261,159888,152009,-1.01,4.11,819782,765555,7.08,-
tpex,2026,5,4129,聯合,500595,534332,418741,-6.31,19.54,2529279,2195046,15.22,-
tpex,2026,5,4131,浩泰,33627,27976,14283,20.19,135.43,122076,105920,15.25,本月營業收入較去年同期增加 ，主係來自子公司之醫美設備出貨量提升，致使合併營收隨之增長。
twse,2026,5,4133,亞諾法,29887,29104,29732,2.69,0.52,146896,150738,-2.54,-
twse,2026,5,4137,麗豐-KY,285203,348801,333893,-18.23,-14.58,1552063,1465613,5.89,-
tpex,2026,5,4138,曜亞,107551,116653,110320,-7.8,-2.5,566980,567047,-0.01,-
tpex,2026,5,4139,馬光-KY,96282,91628,90676,5.07,6.18,442244,446520,-0.95,公告合併數為公司自結數
twse,2026,5,4142,國光生,6774,22745,4460,-70.21,51.88,111835,80524,38.88,累計及當月月營收較去年同期增加主因為外銷勞務增加所致。
tpex,2026,5,4147,中裕,63343,47234,44314,34.1,42.94,276658,259331,6.68,-
twse,2026,5,4148,全宇生技-KY,276164,362005,226820,-23.71,21.75,1171060,1009237,16.03,-
tpex,2026,5,4153,鈺緯,75705,74131,78859,2.12,-3.99,372736,374200,-0.39,-
tpex,2026,5,4154,樂威科-KY,2484,2443,1061,1.67,134.11,10294,8775,17.31,泰國房屋租賃滿租故營收增加。
twse,2026,5,4155,訊映,139231,127200,143475,9.45,-2.95,650075,697336,-6.77,-
tpex,2026,5,4157,太景*-KY,2924,2280,3785,28.24,-22.74,15544,18328,-15.18,-
tpex,2026,5,4160,訊聯基因,47161,52775,45300,-10.63,4.1,249319,237771,4.85,-
tpex,2026,5,4161,聿新科,95982,64510,55221,48.78,73.81,384783,308131,24.87,訂單增加
tpex,2026,5,4162,智擎,28152,24007,18535,17.26,51.88,291954,230449,26.68,本月安能得營收成長及認列小額再授權收入
tpex,2026,5,4163,鐿鈦,220578,237464,204092,-7.11,8.07,1080867,1013624,6.63,-
twse,2026,5,4164,承業醫,543502,304387,301591,78.55,80.21,2008378,1556294,29.04,主係因本月有驗收儀器設備及周邊，而去年同期並無驗收大型儀器設備，故使得本月營收較去年同期月份大幅增加。
tpex,2026,5,4166,友霖,113021,131042,114048,-13.75,-0.9,575282,533677,7.79,-
tpex,2026,5,4167,松瑞藥,87983,95690,114328,-8.05,-23.04,417251,496894,-16.02,-
tpex,2026,5,4168,醣聯,0,1900,15323,-100.0,-100.0,13954,29557,-52.78,114年5月為委託研究收入。
twse,2026,5,4169,泰宗,57163,59141,69007,-3.34,-17.16,289195,275548,4.95,-
tpex,2026,5,4171,瑞基,17791,20189,17896,-11.87,-0.58,90260,89653,0.67,-
tpex,2026,5,4173,久裕,109742,122726,117300,-10.57,-6.44,643851,616695,4.4,-
tpex,2026,5,4174,浩鼎,1516,3448,3747,-56.03,-59.54,10528,23337,-54.88,潤雅子公司提供CDMO之服務收入於滿足履約義務時認列，本月及本年累計完成履約義務較去年減少
tpex,2026,5,4175,杏一,656243,644402,690310,1.83,-4.93,3187994,3215821,-0.86,-
twse,2026,5,4178,永笙-KY,30172,32673,28735,-7.65,5.0,150652,158141,-4.73,-
tpex,2026,5,4183,福永生技,40448,28297,58561,42.94,-30.93,132128,215294,-38.62,-
tpex,2026,5,4188,安克,2183,2684,2392,-18.66,-8.73,11253,11940,-5.75,-
twse,2026,5,4190,佐登-KY,177842,179900,174765,-1.14,1.76,911955,946745,-3.67,-
tpex,2026,5,4192,杏國,2724,1923,3352,41.65,-18.73,10769,11100,-2.98,-
twse,2026,5,4195,基米-創,49960,46193,69622,8.15,-28.24,247947,245418,1.03,-
tpex,2026,5,4198,欣大健康,7843,8465,15939,-7.34,-50.79,56516,96125,-41.2,因動物醫療儀器較去年減少所致。
tpex,2026,5,4205,中華食,158638,167113,171411,-5.07,-7.45,818647,813054,0.68,-
tpex,2026,5,4207,環泰,477789,496507,452319,-3.76,5.63,2371756,2247251,5.54,-
tpex,2026,5,4303,信立,101674,96345,101289,5.53,0.38,425658,403684,5.44,-
tpex,2026,5,4304,勝昱,23933,31596,24708,-24.25,-3.13,147888,152176,-2.81,無需說明。
tpex,2026,5,4305,世坤,87982,103582,107686,-15.06,-18.29,425840,454464,-6.29,-
twse,2026,5,4306,炎洲,1398619,1283902,998724,8.93,40.04,5949344,5033207,18.2,-
tpex,2026,5,4401,東隆興,374566,348230,303941,7.56,23.23,1600189,1583334,1.06,-
tpex,2026,5,4402,郡都開發,3086,1963,1821,57.2,69.46,10104,11096,-8.94,收購子公司，係屬共同控制下之組織重組，應視為自始合併，故將子公司之工程收入併入，使本月營業收入較去年同期增加。
tpex,2026,5,4406,新昕纖,9909,12406,47779,-20.12,-79.26,99133,230414,-56.97,因應產業趨勢調整產業結構
tpex,2026,5,4413,飛寶企業,28695,60544,54507,-52.6,-47.35,207736,269452,-22.9,-
twse,2026,5,4414,如興,1253159,1215790,1089628,3.07,15.0,5765375,5590194,3.13,-
tpex,2026,5,4416,三圓,7724,7513,9835,2.8,-21.46,713509,42555,1576.67,3月份出售資產
tpex,2026,5,4417,金洲,314919,291945,326100,7.86,-3.42,1286872,1418251,-9.26,-
tpex,2026,5,4419,皇家美食,245482,229499,233521,6.96,5.12,1159996,1133218,2.36,-
tpex,2026,5,4420,光明,79325,92351,87060,-14.1,-8.88,401160,427220,-6.09,-
twse,2026,5,4426,利勤,65715,87944,71653,-25.27,-8.28,370841,372100,-0.33,-
tpex,2026,5,4430,耀億,179146,201847,177785,-11.24,0.76,961411,912994,5.3,-
tpex,2026,5,4432,銘旺實,66725,53698,108373,24.25,-38.43,358016,408644,-12.38,-
tpex,2026,5,4433,興采,129666,165749,273918,-21.76,-52.66,942432,1253464,-24.81,子公司承攬之國軍案，本期出貨減少。
twse,2026,5,4438,廣越,1635438,1506567,1816223,8.55,-9.95,5914561,5662370,4.45,-
twse,2026,5,4439,冠星-KY,787275,685364,681275,14.86,15.55,3286678,3033151,8.35,-
twse,2026,5,4440,宜新實業,73465,106212,81940,-30.83,-10.34,474403,388124,22.22,-
twse,2026,5,4441,振大環球,381811,801356,589572,-52.35,-35.23,3073136,2682568,14.55,-
tpex,2026,5,4442,竣邦-KY,191867,213746,123515,-10.23,55.33,842749,738730,14.08,主係本期產品出貨量增加，部分訂單出貨時點集中於本月，致營收較去年同期提升。
tpex,2026,5,4502,健信,105121,107886,84998,-2.56,23.67,467553,375484,24.52,-
tpex,2026,5,4503,金雨,71142,70101,60266,1.48,18.04,303080,230515,31.47,-
tpex,2026,5,4506,崇友,558786,516685,555521,8.14,0.58,2894793,2644001,9.48,上列為本公司自結數
tpex,2026,5,4510,高鋒,127957,177297,131375,-27.82,-2.6,749761,564346,32.85,-
tpex,2026,5,4513,福裕,99698,109828,74667,-9.22,33.52,614665,405789,51.47,因二月土地款科工段完成過戶入帳造成營收爆增
tpex,2026,5,4523,永彰,102281,63352,59414,61.44,72.14,521729,285236,82.91,主係本期專案結案及工程收入認列所致。
twse,2026,5,4526,東台,627503,439750,418462,42.69,49.95,2142934,2428521,-11.75,-
tpex,2026,5,4527,方方土霖,256273,254790,182952,0.58,40.07,1083149,995167,8.84,-
tpex,2026,5,4528,江興鍛,116583,124947,106596,-6.69,9.36,594778,635854,-6.45,-
tpex,2026,5,4529,淳紳,3499,2569,443,36.2,689.84,7321,2230,228.29,"3月起加計子公司萊陽, 4月起加計金萊陽, 致營收增加."
tpex,2026,5,4530,天意能創,25092,72685,30167,-65.47,-16.82,167963,123139,36.4,係為本公司自結數
twse,2026,5,4532,瑞智,2025378,2324005,1736116,-12.84,16.66,10390779,10600891,-1.98,-
tpex,2026,5,4533,協易機,415187,304006,379039,36.57,9.53,1589317,1713987,-7.27,-
tpex,2026,5,4534,慶騰,79920,87446,58565,-8.6,36.46,384640,325584,18.13,-
tpex,2026,5,4535,至興,227178,227210,218700,-0.01,3.87,1046443,1086297,-3.66,-
twse,2026,5,4536,拓凱,802168,860700,664580,-6.8,20.7,3979829,4106033,-3.07,-
tpex,2026,5,4538,大詠城,37327,32200,30110,15.92,23.96,158583,133962,18.37,-
twse,2026,5,4540,全球傳動,243012,254260,197625,-4.42,22.96,1285533,859981,49.48,-
tpex,2026,5,4541,晟田,183256,166583,166349,10.0,10.16,801093,624988,28.17,-
tpex,2026,5,4542,科嶠,108121,96222,68626,12.36,57.55,422451,351374,20.22,受惠於市場需求強勁、訂單持續升溫，且前期出貨之客戶端機台於本期陸續完成驗收，帶動營收較去年同期顯著增長。
tpex,2026,5,4543,萬在,76936,75648,76917,1.7,0.02,398014,322769,23.31,-
twse,2026,5,4545,銘鈺,161252,222618,202856,-27.56,-20.5,912128,980070,-6.93,-
tpex,2026,5,4549,桓達,110415,87619,112987,26.01,-2.27,464358,521835,-11.01,-
tpex,2026,5,4550,長佳,41218,41470,43517,-0.6,-5.28,301056,303586,-0.83,-
twse,2026,5,4551,智伸科,760526,772365,600064,-1.53,26.74,3804837,3261603,16.65,-
twse,2026,5,4552,力達-KY,314242,320164,312003,-1.84,0.71,1372859,1438726,-4.57,-
tpex,2026,5,4554,橙的,41356,55638,40251,-25.66,2.74,211354,198873,6.27,-
twse,2026,5,4555,氣立,160086,161962,135924,-1.15,17.77,727275,661798,9.89,-
tpex,2026,5,4556,旭然,55630,59240,54775,-6.09,1.56,283354,263084,7.7,-
twse,2026,5,4557,永新-KY,307688,288389,382739,6.69,-19.6,1359461,1853447,-26.65,-
tpex,2026,5,4558,寶緯,170978,252973,125662,-32.41,36.06,727783,658442,10.53,-
twse,2026,5,4560,強信-KY,168341,174042,138013,-3.27,21.97,794398,728561,9.03,-
tpex,2026,5,4561,健椿,93818,129672,81572,-27.64,15.01,454434,401572,13.16,-
twse,2026,5,4562,穎漢,36967,64188,71052,-42.4,-47.97,277934,322470,-13.81,-
tpex,2026,5,4563,百德,195688,261092,297390,-25.05,-34.19,1007378,1328615,-24.17,-
twse,2026,5,4564,元翎,65308,64527,114056,1.21,-42.74,323476,519198,-37.69,-
twse,2026,5,4566,時碩工業,456478,481190,415167,-5.13,9.95,2292217,2123517,7.94,-
tpex,2026,5,4568,科際精密,95067,108966,99716,-12.75,-4.66,483738,497292,-2.72,-
twse,2026,5,4569,六方科-KY,167869,150342,146494,11.65,14.59,817571,764322,6.96,-
twse,2026,5,4571,鈞興-KY,259046,235520,241605,9.98,7.21,1278785,1308833,-2.29,-
twse,2026,5,4572,駐龍,76456,52382,62742,45.95,21.85,311656,292588,6.51,-
twse,2026,5,4576,大銀微系統,335388,342051,226552,-1.94,48.04,1532483,1058173,44.82,-
tpex,2026,5,4577,達航科技,80158,66373,61458,20.76,30.42,357388,238773,49.67,"本期年度累計較去年同期變動49.68%，主係設備產銷較去年同期增加 88,111仟元所致。"
tpex,2026,5,4580,捷流閥業,195847,180901,192206,8.26,1.89,950969,910497,4.44,-
twse,2026,5,4581,光隆精密-KY,93834,111929,86723,-16.16,8.19,485000,472733,2.59,-
twse,2026,5,4582,聚恆-創,250216,215909,115266,15.88,117.07,708411,283224,150.12,主係因採用完工比例法認列進度時點差異所致。
twse,2026,5,4583,台灣精銳,285609,342537,267200,-16.61,6.88,1486485,1332703,11.53,-
tpex,2026,5,4584,君帆,86789,89414,102165,-2.93,-15.05,439021,578897,-24.16,-
twse,2026,5,4585,達明,155710,142154,122557,9.53,27.05,781300,740269,5.54,-
twse,2026,5,4588,玖鼎電力,98980,11735,74217,743.45,33.36,330072,301282,9.55,-
twse,2026,5,4590,富田-創,108581,73370,97836,47.99,10.98,449496,571467,-21.34,-
tpex,2026,5,4609,唐鋒,16111,22856,15487,-29.51,4.02,57067,59608,-4.26,-
tpex,2026,5,4702,中美實,2678,5057,1290,-47.04,107.59,32066,30853,3.93,本月營收較去年同期增減變動達50％以上，主要是外銷銷售量增加所致。
tpex,2026,5,4706,大恭,94197,112068,75463,-15.94,24.82,494767,428597,15.43,-
tpex,2026,5,4707,磐亞,98617,63451,104140,55.42,-5.3,466388,554838,-15.94,-
tpex,2026,5,4711,永純,74105,91020,68073,-18.58,8.86,353030,293977,20.08,-
tpex,2026,5,4714,永捷,219180,203765,121147,7.56,80.92,1043063,541675,92.56,原因：主要是增加營建收入
tpex,2026,5,4716,大立,38154,46536,47160,-18.01,-19.09,219469,231785,-5.31,-
twse,2026,5,4720,德淵,331300,363208,287538,-8.78,15.21,1638414,1512275,8.34,-
tpex,2026,5,4721,美琪瑪,303188,259188,297007,16.97,2.08,1323720,1157092,14.4,-
twse,2026,5,4722,國精化,295438,382698,316735,-22.8,-6.72,1565370,1604199,-2.42,-
tpex,2026,5,4726,永昕,42508,106736,70538,-60.17,-39.73,346058,218871,58.11,本公司以提供CDMO技術服務為主，收入係以滿足履約義務認列，本年累計完成履約義務較去年累計增加。
tpex,2026,5,4728,雙美,191282,202149,154453,-5.37,23.84,958254,864480,10.84,-
tpex,2026,5,4729,熒茂,86174,101648,92883,-15.22,-7.22,436356,458497,-4.82,-
tpex,2026,5,4735,豪展,84135,107736,81697,-21.9,2.98,405922,355212,14.27,-
twse,2026,5,4736,泰博,319237,368197,375742,-13.29,-15.03,1761838,1745005,0.96,-
twse,2026,5,4737,華廣,141700,141322,163726,0.26,-13.45,688286,799499,-13.91,-
twse,2026,5,4739,康普,1159552,1026888,481235,12.91,140.95,4557168,2058178,121.41,本月營收及累計營收較去年同期增加，主係動力電池材料銷售增加。
tpex,2026,5,4741,泓瀚,51760,51520,39730,0.46,30.27,226927,199625,13.67,-
tpex,2026,5,4743,合一,7785,21656,7643,-64.05,1.85,66059,43590,51.54,本年營收增加，主係客戶需求增加所致。
tpex,2026,5,4744,皇將,62089,49633,49349,25.09,25.81,351676,399071,-11.87,-
tpex,2026,5,4745,合富-KY,222567,287479,249696,-22.57,-10.86,1212189,1366594,-11.29,公司115年1-5月合併營業收入較去年同期下降11.30%，較115年1-4月合併營業收入下降幅度收斂0.1%，營收情況持續改善。
twse,2026,5,4746,台耀,358654,330541,377210,8.5,-4.91,1753201,1965901,-10.81,-
tpex,2026,5,4747,強生製藥,52506,46780,45396,12.24,15.66,245879,238730,2.99,-
tpex,2026,5,4749,新應材,425602,352635,385455,20.69,10.41,2023930,1747287,15.83,-
tpex,2026,5,4754,國碳科,65798,63168,53427,4.16,23.15,285499,299606,-4.7,本公司115年5月累計稅後EPS1.723較114年同期稅後EPS1.58，成長9%
twse,2026,5,4755,三福化,375961,390780,398954,-3.79,-5.76,1906820,2009146,-5.09,-
tpex,2026,5,4760,勤凱科技,233002,228860,141377,1.8,64.8,1089324,694163,56.92,本月較去年同月份出貨量增加
twse,2026,5,4763,材料*-KY,952051,877660,1231505,8.47,-22.69,4541125,6886631,-34.05,-
twse,2026,5,4764,雙鍵,312100,336385,219026,-7.21,42.49,1471331,1157276,27.13,-
twse,2026,5,4766,南寶,2204492,2285139,1962292,-3.52,12.34,10326070,9504354,8.64,-
tpex,2026,5,4767,誠泰科技,75570,80096,80828,-5.65,-6.5,388027,433774,-10.54,-
tpex,2026,5,4768,晶呈科技,97605,173680,59427,-43.8,64.24,712530,290274,145.46,本月營收較去年同期增加乃因客戶需求增加
twse,2026,5,4770,上品,347267,487039,469738,-28.69,-26.07,1892911,1772838,6.77,-
twse,2026,5,4771,望隼,381003,420175,286178,-9.32,33.13,1831905,1382042,32.55,-
tpex,2026,5,4772,台特化,307698,285078,90184,7.93,241.18,1449361,401727,260.78,合併弘潔科技營業收入
tpex,2026,5,4804,大略-KY,13307,13695,10066,-2.83,32.19,57527,50412,14.11,-
tpex,2026,5,4806,桂田文創,37758,7031,3918,437.02,863.7,92978,28541,225.76,各業務團隊的整合開始發揮綜效，形塑娛樂產業一條龍的完整服務架構。
twse,2026,5,4807,日成-KY,214673,173098,144277,24.01,48.79,1002675,787520,27.32,-
tpex,2026,5,4903,聯光通,104519,118419,82946,-11.73,26.0,580061,362304,60.1,本月合併營收較去年增加，主係本期合約收入較去年同期增加所致。
twse,2026,5,4904,遠傳,9501988,9539711,8355109,-0.39,13.72,46846209,42965540,9.03,-
tpex,2026,5,4905,台聯電,74733,84054,75127,-11.08,-0.52,367468,289913,26.75,-
twse,2026,5,4906,正文,1270893,1148673,1442905,10.64,-11.92,5521591,8093959,-31.78,-
tpex,2026,5,4907,富宇,127412,1275185,40237,-90.0,216.65,2402580,662575,262.61,建案過戶入帳
tpex,2026,5,4908,前鼎,90035,74046,65022,21.59,38.46,429524,347816,23.49,-
tpex,2026,5,4909,新復興,17850,17071,20495,4.56,-12.9,86614,151071,-42.66,-
tpex,2026,5,4911,德英,11585,11302,26856,2.5,-56.86,55104,132916,-58.54,公司行銷團隊建置中
twse,2026,5,4912,聯德控股-KY,610245,615548,465981,-0.86,30.95,2966323,2466527,20.26,-
twse,2026,5,4915,致伸,5453871,5468320,4840507,-0.26,12.67,26840840,24430264,9.86,-
twse,2026,5,4916,事欣科,450454,424751,220433,6.05,104.34,1932824,1359998,42.11,受惠於國防、航太及通訊客戶需求強勁，低軌道衛星產品持續拉貨，本月營收變動達50%以上。
twse,2026,5,4919,新唐,2712656,2517624,2657178,7.74,2.08,13218201,13499911,-2.08,-
tpex,2026,5,4923,力士,85063,80040,70644,6.27,20.41,415666,332401,25.04,-
tpex,2026,5,4924,欣厚-KY,73676,69657,28439,5.76,159.06,381087,275751,38.19,主要係生質燃料近期客戶拉貨需求增加所致
twse,2026,5,4927,泰鼎-KY,993802,919126,954147,8.12,4.15,4671770,5090996,-8.23,5月份自結數
twse,2026,5,4930,燦星網,473743,414568,452421,14.27,4.71,2287954,2534647,-9.73,-
tpex,2026,5,4931,新盛力,415943,302908,149274,37.31,178.64,1510229,959247,57.43,因資料中心需求上升，故本月及本年累計營收較去年同期增加。
tpex,2026,5,4933,友輝,234259,237711,261660,-1.45,-10.47,1207164,1260158,-4.2,-
twse,2026,5,4934,太極,19764,14433,5186,36.93,281.1,72574,28579,153.94,受惠於子公司營收挹注，本月及累計營收較去年同期成長。
twse,2026,5,4935,茂林-KY,307491,328126,467968,-6.28,-34.29,1681084,2369208,-29.04,-
twse,2026,5,4938,和碩,95962959,87189236,85685084,10.06,11.99,427257595,460989961,-7.31,-
tpex,2026,5,4939,亞電,141639,142021,116869,-0.26,21.19,598086,583018,2.58,-
twse,2026,5,4942,嘉彰,448276,457072,469625,-1.92,-4.54,2245988,2387106,-5.91,-
twse,2026,5,4943,康控-KY,199057,192263,127492,3.53,56.13,923042,630873,46.31,本月較去年同期成長56.13%，主要係因部分汽車零組件新案(電容盒及域控制器相關產品零組件)及智能家居零組件於2026年量產出貨所致
tpex,2026,5,4946,辣椒,31621,21295,26799,48.49,17.99,132803,180238,-26.31,-
twse,2026,5,4949,有成精密,306611,316030,243634,-2.98,25.84,1410258,1039511,35.66,-
tpex,2026,5,4950,金耘國際,130300,111168,97735,17.2,33.31,510639,443474,15.14,-
tpex,2026,5,4951,精拓科,46742,44448,46834,5.16,-0.19,221885,215679,2.87,-
twse,2026,5,4952,凌通,265421,281211,220475,-5.61,20.38,1133435,1001242,13.2,-
tpex,2026,5,4953,緯致,1149330,1241094,889526,-7.39,29.2,5789310,4464714,29.66,-
twse,2026,5,4956,光鋐,124094,125114,125256,-0.81,-0.92,609964,545658,11.78,-
twse,2026,5,4958,臻鼎-KY,16201199,15196261,11791323,6.61,37.39,72125646,65462253,10.17,-
twse,2026,5,4960,誠美材,687826,705325,742837,-2.48,-7.4,3215985,3606207,-10.82,-
twse,2026,5,4961,天鈺,1756453,1769815,1754341,-0.75,0.12,8027487,8247119,-2.66,-
tpex,2026,5,4966,譜瑞-KY,1307428,1268934,1292550,3.03,1.15,6567623,6763614,-2.89,-
twse,2026,5,4967,十銓,2555598,2014775,1202149,26.84,112.58,13615179,7680454,77.27,因出貨量增加及銷售單價上漲所致。
twse,2026,5,4968,立積,330076,330073,309007,0.0,6.81,1590347,1489923,6.74,-
tpex,2026,5,4971,IET-KY,78037,106295,77210,-26.58,1.07,516379,432170,19.48,-
tpex,2026,5,4972,湯石照明,95081,99330,90981,-4.27,4.5,411444,396558,3.75,-
tpex,2026,5,4973,廣穎電通,835191,748842,290812,11.53,187.19,3662010,1843238,98.67,本月營收較去年同期增加係因市場價格上漲所致
tpex,2026,5,4974,亞泰,335847,374152,328568,-10.23,2.21,1661261,1759270,-5.57,-
twse,2026,5,4976,佳凌,84114,93781,88101,-10.3,-4.52,432918,433715,-0.18,-
twse,2026,5,4977,眾達-KY,81963,58031,92333,41.24,-11.23,348294,467460,-25.49,-
tpex,2026,5,4979,華星光,421247,412778,347922,2.05,21.07,2027503,1797978,12.76,-
twse,2026,5,4989,榮科,323360,379342,241544,-14.75,33.87,1679748,1042766,61.08,累計營收較去年同期增減變動，主係銷售量增加及銅價上漲
tpex,2026,5,4991,環宇-KY,200253,243926,129723,-17.9,54.36,1158716,747310,55.05,自有光電元件產品的AI數據中心客戶需求持續成長，晶圓代工訂單需求亦持續穩健，致本月銷量較去年同期增加54%。
twse,2026,5,4994,傳奇,97009,107531,101847,-9.78,-4.75,514997,504680,2.04,-
tpex,2026,5,4995,晶達,116018,107656,107419,7.76,8.0,567167,534509,6.1,-
twse,2026,5,4999,鑫禾,138216,157171,171216,-12.06,-19.27,685374,770012,-10.99,-
twse,2026,5,5007,三星,528745,514954,496823,2.67,6.42,2570599,2712210,-5.22,-
tpex,2026,5,5009,榮剛,1055500,1038706,1026650,1.61,2.81,4971483,5104168,-2.59,-
tpex,2026,5,5011,久陽,376982,361317,435376,4.33,-13.41,1906305,2297794,-17.03,-
tpex,2026,5,5013,強新,727340,781805,635328,-6.96,14.48,3410981,3254823,4.79,-
tpex,2026,5,5014,建錩,1259859,1502320,1100341,-16.13,14.49,6410704,5745473,11.57,-
tpex,2026,5,5015,華祺,109137,103234,146708,5.71,-25.6,489972,685879,-28.56,-
tpex,2026,5,5016,松和,213940,195196,186252,9.6,14.86,901738,874476,3.11,-
tpex,2026,5,5201,凱衛,25728,16467,26304,56.23,-2.18,103325,125120,-17.41,-
tpex,2026,5,5202,力新,8916,12560,10530,-29.01,-15.32,51362,55174,-6.9,-
twse,2026,5,5203,訊連,164834,190805,193437,-13.61,-14.78,940973,978875,-3.87,-
tpex,2026,5,5205,中茂,4574,1067,2036,328.67,124.65,13405,7915,69.36,係因本期環保綠能收入較同期增加
tpex,2026,5,5206,坤悅,90753,479240,1676096,-81.06,-94.58,2254379,3508450,-35.74,本期營業收入較去年減少，主要係因上期「君匯」及「心里程」完工交屋過戶認列收入所致。
tpex,2026,5,5209,新鼎,289500,285106,430818,1.54,-32.8,1415689,1920118,-26.27,-
tpex,2026,5,5210,寶碩,27902,20177,15739,38.28,77.27,113662,101439,12.04,合併營收較去年度同期單月增加係因專案收入較去年同期多所致。
tpex,2026,5,5211,蒙恬,23541,21645,17676,8.75,33.18,103206,76292,35.27,-
tpex,2026,5,5212,凌網,77970,79785,68796,-2.27,13.33,406428,369909,9.87,-
tpex,2026,5,5213,亞昕,839186,2063645,269541,-59.33,211.33,4153506,9849973,-57.83,認列1個公案、餘屋及租金收入
twse,2026,5,5215,科嘉-KY,258743,367757,197796,-29.64,30.81,1372174,991948,38.33,-
tpex,2026,5,5220,萬達光電,74528,95762,61203,-22.17,21.77,438533,344685,27.22,-
twse,2026,5,5222,全訊,59688,90819,68169,-34.27,-12.44,328203,396811,-17.28,-
tpex,2026,5,5223,安力-KY,141113,177754,163982,-20.61,-13.94,761291,794578,-4.18,-
twse,2026,5,5225,東科-KY,893014,834886,798754,6.96,11.8,4051030,4431530,-8.58,-
tpex,2026,5,5227,立凱-KY,1135,5134,38848,-77.89,-97.07,56455,270890,-79.15,因需求減少，營業收入減少
tpex,2026,5,5228,鈺鎧,69810,68948,45966,1.25,51.87,319385,210431,51.77,市場需求上升
tpex,2026,5,5230,雷笛克光學,116163,113096,106208,2.71,9.37,534335,526411,1.5,-
twse,2026,5,5234,達興材料,418193,410505,377336,1.87,10.82,2029998,1885130,7.68,-
twse,2026,5,5236,凌陽創新,201026,186962,169315,7.52,18.72,975261,820847,18.81,-
twse,2026,5,5243,乙盛-KY,1016352,1045709,1044424,-2.8,-2.68,5200706,5579775,-6.79,-
twse,2026,5,5244,弘凱,75630,66437,68686,13.83,10.1,303290,320897,-5.48,-
tpex,2026,5,5245,智晶,73037,71639,65542,1.95,11.43,316611,363855,-12.98,-
tpex,2026,5,5251,天鉞電,31505,24832,26797,26.87,17.56,145380,141688,2.6,-
twse,2026,5,5258,虹堡,754698,721053,556351,4.66,35.65,3075523,2733086,12.52,-
tpex,2026,5,5263,智崴,164474,162457,102022,1.24,61.21,655506,461270,42.1,因增加新訂單，本月依工程進度認列營收，致2026年5月營收較去年同期增加。
twse,2026,5,5269,祥碩,896666,958731,1112494,-6.47,-19.4,5353360,4784396,11.89,-
tpex,2026,5,5272,笙科,31607,29825,30724,5.97,2.87,130742,154126,-15.17,-
tpex,2026,5,5274,信驊,1282174,1279040,759860,0.24,68.73,5707971,3529322,61.72,本月及本年增減百分比達50%以上者，主係伺服器晶片營收較去年同期成長所致。
tpex,2026,5,5276,達輝-KY,78780,94037,83795,-16.22,-5.98,419863,373565,12.39,-
tpex,2026,5,5278,尚凡*,253807,224193,220642,13.2,15.03,1106877,947888,16.77,-
twse,2026,5,5283,禾聯碩,618555,777354,634160,-20.42,-2.46,2619313,2672607,-1.99,-
twse,2026,5,5284,jpp-KY,413067,394534,288214,4.69,43.31,1987105,1354380,46.71,-
twse,2026,5,5285,界霖,522199,582126,440660,-10.29,18.5,2461699,2229526,10.41,-
tpex,2026,5,5287,數字,201299,193668,208133,3.94,-3.28,945633,956610,-1.14,-
twse,2026,5,5288,豐祥-KY,813884,739443,483014,10.06,68.5,3614468,2967566,21.79,主係美北休閒車輛客戶新產品出貨所致
tpex,2026,5,5289,宜鼎,7564591,6670833,1021135,13.39,640.8,27418032,4616415,493.92,本月營收較去年同期增加係因出貨量增加及單價上漲所致
tpex,2026,5,5291,邑昇,117010,151903,102052,-22.97,14.65,590944,448838,31.66,-
twse,2026,5,5292,華懋,226644,151353,156267,49.74,45.03,1001557,1086255,-7.79,本公司完工百分比法係以投入成本為完工進度基礎，各期依工程安排時間不同而產生差異
tpex,2026,5,5299,杰力,134304,143582,131423,-6.46,2.19,664496,681667,-2.51,-
tpex,2026,5,5301,寶得利,10985,12836,18936,-14.42,-41.98,81732,94735,-13.72,-
tpex,2026,5,5302,太欣,3384,1718,1631,96.97,107.48,11882,5871,102.38,本月及累計營收較去年同期成長主要係提供技術服務予關係人。
twse,2026,5,5306,桂盟,447549,497012,411606,-9.95,8.73,2246719,2154079,4.3,-
tpex,2026,5,5309,系統電,307975,305058,267120,0.95,15.29,1476368,1423887,3.68,-
tpex,2026,5,5310,天剛,111,3,7,3600.0,1485.71,238,290,-17.93,本月營收增加係因資訊系統整合業務銷售量較去年同期增加所致
tpex,2026,5,5312,寶島科,383170,364919,326307,5.0,17.42,1873394,1660088,12.84,單月及累計營收再創同期歷史新高
tpex,2026,5,5314,世紀*,512687,493736,199136,3.83,157.45,2289417,878566,160.58,本月主要成長係生技產品營收增加及子公司營收增加，致本月及本年度營收較去年同期增加。
tpex,2026,5,5315,光聯,145797,163952,170459,-11.07,-14.46,775601,843156,-8.01,-
tpex,2026,5,5321,美而快,191618,177285,234688,8.08,-18.35,941906,1210429,-22.18,-
tpex,2026,5,5324,士開,55960,56978,59242,-1.78,-5.53,289918,407740,-28.89,-
tpex,2026,5,5328,華容,91751,93873,74536,-2.26,23.09,420059,365050,15.06,-
tpex,2026,5,5340,建榮,232046,225436,185226,2.93,25.27,1086890,905908,19.97,-
tpex,2026,5,5344,立衛,31344,31667,29528,-1.01,6.15,153916,129913,18.47,-
tpex,2026,5,5345,馥鴻,5957,4127,371,44.34,1505.66,16818,2754,510.67,主係產品線成熟且結合經銷商銷售動能，導致較去年同期增加。
tpex,2026,5,5347,世界,4241870,4026468,3550424,5.34,19.47,20799967,19174280,8.47,-
tpex,2026,5,5348,正能量智能,27062,26463,17630,2.26,53.49,120307,90742,32.58,本月較去年同期增加百分比達50%以上：主要係終端市場需求增加及本年度新增門市提高營運量能所致。
tpex,2026,5,5351,鈺創,1663061,1333096,235734,24.75,605.48,5731569,1120685,411.43,本月營收及本年累計營收皆較去年同期增加，主係市場需求增加所致。
tpex,2026,5,5353,台林,197365,142583,147758,38.42,33.57,764959,713312,7.24,-
tpex,2026,5,5355,佳總,60058,50192,39362,19.65,52.57,229210,205655,11.45,本月營業額增加主要原因為原物料上漲而調漲產品售價，終端客戶預期產品售價持續走高，帶動出貨量與營收的雙重上揚。
tpex,2026,5,5356,協益,329610,296594,234634,11.13,40.47,1406138,1405057,0.07,-
tpex,2026,5,5364,力麗店,5856,5735,25874,2.1,-77.36,70925,121978,-41.85,主係因調整旗下飯店營運結構，結束花蓮分公司及子公司力麗明池合作經營，致使力麗觀光及子公司合併營收下降所致。
tpex,2026,5,5371,中光電,3242705,3171168,3057692,2.25,6.05,15775774,14246945,10.73,-
tpex,2026,5,5381,光譜,130372,249323,93598,-47.7,39.28,836957,989765,-15.43,-
tpex,2026,5,5386,青雲,2430798,2535400,474032,-4.12,412.79,13579689,2222542,510.99,本期及累計營收增加主要係記憶體模組、顯卡及伺服器銷售成長所致
twse,2026,5,5388,中磊,6482310,6860554,3814099,-5.51,69.95,29989267,19313057,55.27,北美市場訂單增溫
tpex,2026,5,5392,能率,738182,788425,710608,-6.37,3.88,3664685,3568566,2.69,-
tpex,2026,5,5398,慕康生醫,11660,11530,23291,1.12,-49.93,52344,70774,-26.04,-
tpex,2026,5,5403,中菲,295755,282542,267470,4.67,10.57,1347522,1420983,-5.16,-
tpex,2026,5,5410,國眾,766810,599444,256264,27.92,199.22,2985713,1865427,60.05,本月營收較去年同期大幅增加，主要係本月專案收入增加所致。
tpex,2026,5,5425,台半,1767220,1641686,1580672,7.64,11.8,7800201,7694087,1.37,-
tpex,2026,5,5426,振發,144905,197653,135376,-26.68,7.03,842231,774384,8.76,-
tpex,2026,5,5432,新門,20725,9054,26036,128.9,-20.39,71156,75181,-5.35,-
twse,2026,5,5434,崇越,6542058,6776034,5515648,-3.45,18.6,31854785,27095657,17.56,-
tpex,2026,5,5438,東友,56839,67663,131491,-15.99,-56.77,290508,586782,-50.49,主係轉換機種後市場反應不佳，已補強上網功能
tpex,2026,5,5439,高技,1000191,950129,631814,5.26,58.3,4488057,2809190,59.76,"115年5月營收淨額較去年同期增加368,377仟元，因客戶需求增加"
tpex,2026,5,5443,均豪,255519,422226,454400,-39.48,-43.76,1705889,1625256,4.96,-
tpex,2026,5,5450,南良,251047,246980,206949,1.64,21.3,1098239,1032403,6.37,-
tpex,2026,5,5452,佶優,447044,481026,420587,-7.06,6.29,2034717,2224849,-8.54,-
tpex,2026,5,5455,昇益,194,262,34148,-25.95,-99.43,7821,2025539,-99.61,本年營收較去年減少係因去年個案交屋認列收入，且交屋量體較大，故與去年同期營收相比較變動減少幅度較大。
tpex,2026,5,5457,宣德,1772588,1961579,1709086,-9.63,3.71,8866575,9153530,-3.13,-
tpex,2026,5,5460,同協,23361,20038,20641,16.58,13.17,113314,99758,13.58,-
tpex,2026,5,5464,霖宏,102049,124140,70070,-17.79,45.63,517012,400307,29.15,-
tpex,2026,5,5465,富驊,258462,299421,484267,-13.67,-46.62,1630428,2687491,-39.33,-
tpex,2026,5,5468,凱鈺,11713,11697,8700,0.13,34.63,71573,47771,49.82,-
twse,2026,5,5469,瀚宇博,5591841,5407034,5397393,3.41,3.6,26692861,21064706,26.71,-
twse,2026,5,5471,松翰,301143,328468,236495,-8.31,27.33,1392306,1113960,24.98,-
tpex,2026,5,5474,聰泰,126684,104641,135759,21.06,-6.68,520770,541581,-3.84,-
tpex,2026,5,5475,德宏,180720,158740,57379,13.84,214.95,660222,295727,123.25,市場價格及需求數量上漲
tpex,2026,5,5478,智冠,561407,561540,521337,-0.02,7.68,3052924,2640116,15.63,因IFRS15，MyCard屬代理性質營收採淨額，若總額本期為32億，較上期減少1.59%，較去年同期增加26.55%
tpex,2026,5,5481,新華,6835,7338,7452,-6.85,-8.27,36171,39091,-7.46,-
tpex,2026,5,5483,中美晶,6713365,6699351,6353026,0.2,5.67,32794509,32443085,1.08,-
twse,2026,5,5484,慧友,80908,53820,32066,50.33,152.31,314609,163831,92.03,係因有接到代工訂單
tpex,2026,5,5487,通泰,13439,16021,13365,-16.11,0.55,66774,74215,-10.02,-
tpex,2026,5,5488,松普,60864,101515,50986,-40.04,19.37,399067,296063,34.79,-
tpex,2026,5,5489,彩富,171917,167177,148603,2.83,15.68,737505,653328,12.88,-
tpex,2026,5,5490,同亨,139102,139803,112232,-0.5,23.94,719780,638525,12.72,-
tpex,2026,5,5493,三聯,529530,498197,446511,6.28,18.59,2499394,2150562,16.22,-
tpex,2026,5,5498,凱崴,202926,171047,108913,18.63,86.31,821635,520603,57.82,主係鑽針收入成長，因AI產品暢旺，對鑽針的消耗大幅增加，鑽針需求量及價格皆有所提升。
tpex,2026,5,5508,永信建,258448,227222,119446,13.74,116.37,1225687,1188408,3.13,營收隨完工案量多寡而變化乃屬建設業特性，故本期業績大幅成長尚屬合理。
tpex,2026,5,5511,德昌,1038484,808403,913193,28.46,13.72,4252518,3575310,18.94,-
tpex,2026,5,5512,力麒,397223,422670,402616,-6.02,-1.33,2501918,2719782,-8.01,-
tpex,2026,5,5514,三豐,3240,2120,502,52.83,545.41,671859,2408,27801.12,本月營收因認列委建收入，致使較去年同期增加。本年累計營收因委建及三豐AIT完工認列收入，致使本年累計營收較去年同期增加。
twse,2026,5,5515,建國,668115,631972,545953,5.71,22.37,3315367,2585080,28.25,-
tpex,2026,5,5516,雙喜,260371,119056,134444,118.69,93.66,943824,669586,40.95,在建工程積極投入成本有致
twse,2026,5,5519,隆大,172901,117533,91651,47.1,88.65,967409,992501,-2.52,今年同期較去年同期增加係因自建案認列房地收入較多所致。
tpex,2026,5,5520,力泰,369113,315132,366198,17.12,0.79,1592370,1664669,-4.34,-
twse,2026,5,5521,工信,1071485,874239,838729,22.56,27.75,4558560,3928574,16.03,無
twse,2026,5,5522,遠雄,646613,229101,221713,182.23,191.64,6538841,879380,643.57,本月及截至本月累計營收較去年同期增加，主要係交屋量較去年同期完工可交屋成屋量增加所致
tpex,2026,5,5523,豐謙,370,373,370,-0.8,0.0,1880,1875,0.26,本月營收僅認列租賃收入所致。
twse,2026,5,5525,順天,315207,597477,62195,-47.24,406.8,2611618,225926,1055.96,本月及本年累計營收較去年同期增加，係因今年母公司ONE 33及緮華完工交屋收入所致
tpex,2026,5,5529,鉅陞,4085,176237,4162,-97.68,-1.85,492889,23831,1968.26,增減百分比達50％之原因：主係因本年認列交屋收入
tpex,2026,5,5530,龍巖,309527,393180,554152,-21.27,-44.14,1766434,2024451,-12.74,-
twse,2026,5,5531,鄉林,77260,44630,49793,73.11,55.16,263970,230893,14.32,建設業之銷售進度及狀況深受景氣榮枯及市場現狀影響，且建築個案之完工時間並非固定時點，故月營收的表現上會有較大之波動。
twse,2026,5,5533,皇鼎,139940,99268,57168,40.97,144.78,581631,540467,7.61,本期營收較去年同期增加達50%以上，係兩期個案營收組成因子不同。
twse,2026,5,5534,長虹,498821,214893,90270,132.12,452.58,1590618,1404021,13.29,本月營收較去年同期增加，主要係因本月過戶交屋數額較去年同期增加所致。
tpex,2026,5,5536,聖暉*,4518885,4088049,3535929,10.53,27.79,20210116,15641518,29.2,-
twse,2026,5,5538,東明-KY,1171741,1288935,957524,-9.09,22.37,5618633,5194677,8.16,-
tpex,2026,5,5543,桓鼎-KY,268772,267623,289607,0.42,-7.19,1401603,1327770,5.56,-
twse,2026,5,5546,永固-KY,135662,108838,229629,24.64,-40.92,442624,1018976,-56.56,本公司為控管風險，控管客戶品質，因此整體出貨量減少致5月營收衰退。
tpex,2026,5,5547,久舜,217073,275126,181916,-21.1,19.32,980532,895685,9.47,-
tpex,2026,5,5548,安倉,263000,189352,244664,38.89,7.49,1117930,1007259,10.98,-
tpex,2026,5,5601,台聯櫃,7877,7914,7600,-0.46,3.64,38764,38318,1.16,-
tpex,2026,5,5603,陸海,125878,104434,123461,20.53,1.95,585957,592053,-1.02,-
tpex,2026,5,5604,中連,13649,13702,13226,-0.38,3.19,68262,65788,3.76,-
twse,2026,5,5607,遠雄港,461231,434938,331922,6.04,38.95,2110196,1548639,36.26,-
twse,2026,5,5608,四維航,294434,264867,258544,11.16,13.88,1327925,1309782,1.38,-
tpex,2026,5,5609,中菲行,3240058,2840176,2330584,14.07,39.02,13131198,11857811,10.73,-
tpex,2026,5,5701,劍湖山,34341,38901,34330,-11.72,0.03,200627,221323,-9.35,-
tpex,2026,5,5703,亞都麗緻,41341,35866,44031,15.26,-6.1,210981,194152,8.66,-
tpex,2026,5,5704,老爺知,824,909,17720,-9.35,-95.34,101031,112909,-10.51,因本公司自115年3月起，暫停營業進行整修工程。
twse,2026,5,5706,鳳凰,273358,279496,278969,-2.19,-2.01,1262257,1350367,-6.52,-
tpex,2026,5,5864,致和證,1410978,1843007,313414,-23.44,350.19,4959101,-208407,2479.52,主要係營業證券評價故
twse,2026,5,5871,中租-KY,8371058,7950143,8263678,5.29,1.29,40319444,41240084,-2.23,-
twse,2026,5,5876,上海商銀,4250508,4216556,4037170,0.8,5.28,22227207,22421251,-0.86,-
tpex,2026,5,5878,台名,63667,94794,58627,-32.83,8.59,380892,377033,1.02,-
twse,2026,5,5880,合庫金,6305060,6093827,4588013,3.46,37.42,28313199,22659528,24.95,-
tpex,2026,5,5902,德記,190546,174059,211805,9.47,-10.03,884375,1011883,-12.6,-
tpex,2026,5,5903,全家,10061567,9576329,9369212,5.06,7.38,47395638,43433846,9.12,-
tpex,2026,5,5904,寶雅*,2438847,2247875,2045353,8.49,19.23,11781379,10267840,14.74,-
tpex,2026,5,5905,南仁湖,419393,628693,79579,-33.29,427.01,1670501,386777,331.9,本公司建案已完工，陸續交屋入帳。
twse,2026,5,5906,台南-KY,132595,136774,122518,-3.05,8.22,699632,722595,-3.17,-
twse,2026,5,5907,大洋-KY,238159,248163,231893,-4.03,2.7,1199900,1251221,-4.1,-
twse,2026,5,6005,群益證,3798596,4647819,1486494,-18.27,155.54,15575029,6633112,134.8,主係自營操作獲利增加及成交量增加致經紀手續費收入增加
tpex,2026,5,6015,宏遠證,479772,547898,108337,-12.43,342.85,1833983,271063,576.58,本月份及本期因經紀手續費收入及部位操作較去年同期增加所致
tpex,2026,5,6016,康和證,1299821,2753746,392557,-52.79,231.11,6396750,284186,2150.9,主係經紀手續費收入及自營操作利益較去年同期增加。
tpex,2026,5,6020,大展證,312894,433249,22592,-27.77,1284.97,938708,-2664,35336.78,自營部門營業證券出售淨利益本月及本年累積較去年同期增加
tpex,2026,5,6021,美好證,1017123,1136389,109292,-10.49,830.64,2756712,-16597,16709.7,主係本月營業證券評價利益相較去年同期上升，故營業收入增加
tpex,2026,5,6023,元大期貨,445624,328317,247044,35.72,80.38,1977829,1530550,29.22,主係手續費收入增加
twse,2026,5,6024,群益期,-244632,157292,243394,-255.52,-200.5,597390,1347792,-55.67,"差異原因: 自營部門從事套利交易，本月營業外收入660,597千元，亦為本公司營業收入；該業外收入累計至五月為1,182,974千元。"
tpex,2026,5,6026,福邦證,191325,276970,180464,-30.92,6.01,715867,289570,147.21,本年較同期增幅達+147％，主要係經紀&承銷收入及營業證券出售&評價之金額差異所致。
tpex,2026,5,6028,公勝保經,509764,532113,357530,-4.2,42.57,2534712,2058114,23.15,-
tpex,2026,5,6101,寬魚國際,216772,83346,66848,160.08,224.27,918616,293961,212.49,"本期營收較去年同期遽增,係因為本期認列K-SPARK票房收入所致。"
tpex,2026,5,6103,合邦,5737,5681,4695,0.98,22.19,37182,36434,2.05,-
tpex,2026,5,6104,創惟,363118,362531,357178,0.16,1.66,1757325,1780305,-1.29,-
twse,2026,5,6108,競國,442828,524776,349950,-15.61,26.54,1971180,1680115,17.32,-
tpex,2026,5,6109,亞元,74344,76601,65656,-2.94,13.23,356678,288291,23.72,-
tpex,2026,5,6111,光聚晶電,1053470,1078433,297624,-2.31,253.96,5090669,2022257,151.73,新增子公司光罩(股票代號:2338)營收
twse,2026,5,6112,邁達特,2237161,2193062,1965096,2.01,13.84,10448446,8418159,24.11,-
tpex,2026,5,6113,亞矽,95611,78008,57291,22.56,66.88,390809,283282,37.95,產品需求增加所致
tpex,2026,5,6114,久威,73293,82876,81182,-11.56,-9.71,353556,430405,-17.85,-
twse,2026,5,6115,鎰勝,728177,738560,583766,-1.4,24.73,3328535,2999359,10.97,-
twse,2026,5,6116,彩晶,960203,1034587,1068558,-7.18,-10.14,5010200,4974301,0.72,-
twse,2026,5,6117,迎廣,270068,304720,290062,-11.37,-6.89,1413899,1267147,11.58,-
tpex,2026,5,6118,建達,686245,732009,785115,-6.25,-12.59,3963352,3929452,0.86,-
twse,2026,5,6120,達運,1319690,1339844,1470123,-1.5,-10.23,7185865,7995056,-10.12,-
tpex,2026,5,6121,新普,6956004,6908842,6685360,0.68,4.04,32334033,31679907,2.06,-
tpex,2026,5,6122,擎邦,264149,287379,317245,-8.08,-16.73,1392516,1573822,-11.52,-
tpex,2026,5,6123,上奇,342238,361548,365892,-5.34,-6.46,1841545,2024503,-9.03,-
tpex,2026,5,6124,業強,148298,197914,204466,-25.06,-27.47,808336,786306,2.8,-
tpex,2026,5,6125,廣運,352260,341274,196575,3.21,79.19,1495847,1027779,45.54,本月增加主要係依完比法認列自動化、半導體設備收入及子公司液冷散熱系統完工比例收入增加。
tpex,2026,5,6126,信音,540646,509881,345722,6.03,56.38,2358800,1576022,49.66,本期營收成長幅度較大，主要係去年底完成併購東莞國聯電子有限公司 80% 股權，本期認列其營收所致。
tpex,2026,5,6127,九豪,88381,87526,83285,0.97,6.11,418680,432236,-3.13,以上資訊係屬初步自行結算完成，未經會計師簽證或核閱
twse,2026,5,6128,上福,430244,422683,451398,1.78,-4.68,2192952,2293117,-4.36,-
tpex,2026,5,6129,普誠,118936,134841,93673,-11.79,26.96,585134,403813,44.9,"本月營業收入淨額含少數股權5,648仟元，本年累計營業收入淨額含少數股權27,204仟元。"
tpex,2026,5,6130,上亞科技,17086,14762,12592,15.74,35.68,71183,67994,4.69,-
twse,2026,5,6133,金橋,116817,126568,110875,-7.7,5.35,567576,537183,5.65,-
tpex,2026,5,6134,萬旭,222859,215556,136293,3.38,63.51,1004215,659993,52.15,本月較去年同期營收業績提升
twse,2026,5,6136,富爾特,46695,50373,62168,-7.3,-24.88,268790,235485,14.14,-
tpex,2026,5,6138,茂達,686201,682716,594535,0.51,15.41,3347921,2970092,12.72,-
twse,2026,5,6139,亞翔,8587728,8535655,4224927,0.61,103.26,37471871,21384435,75.22,主要係工程進入施工高峰期，致本月營收較去年同期大幅增加。
tpex,2026,5,6140,訊達電腦,202611,145783,218202,38.98,-7.14,713784,947312,-24.65,-
twse,2026,5,6141,柏承,181668,195709,137514,-7.17,32.1,869812,780809,11.39,資料係自行結算數
twse,2026,5,6142,友勁,168521,137165,165827,22.86,1.62,736232,762495,-3.44,-
tpex,2026,5,6143,振曜,688866,730867,738827,-5.74,-6.76,3421763,2977747,14.91,-
tpex,2026,5,6144,得利影,12585,13196,13753,-4.63,-8.49,64172,71860,-10.69,-
tpex,2026,5,6146,耕興,415123,410109,365138,1.22,13.68,2016547,1859569,8.44,-
tpex,2026,5,6147,頎邦,2158094,2185380,1811946,-1.24,19.1,10099161,8714804,15.88,-
tpex,2026,5,6148,驊宏資,34786,35550,27437,-2.14,26.78,189825,304108,-37.57,-
tpex,2026,5,6150,撼訊,347805,235231,749718,47.85,-53.6,2148295,3183411,-32.51,顯示卡市場需求減少
tpex,2026,5,6151,晉倫,171567,203573,152914,-15.72,12.19,793003,725115,9.36,-
twse,2026,5,6152,百一,185453,253910,103817,-26.96,78.63,770859,599683,28.54,客戶需求增加
twse,2026,5,6153,嘉聯益,542157,451872,494754,19.98,9.58,2174194,2264965,-4.0,-
tpex,2026,5,6154,順發,325148,300733,308473,8.11,5.4,1672800,1599543,4.57,-
twse,2026,5,6155,鈞寶,68544,67085,47835,2.17,43.29,299529,261832,14.39,-
tpex,2026,5,6156,松上,578249,505437,429813,14.4,34.53,2469572,2248646,9.82,-
tpex,2026,5,6158,禾昌,148188,159080,152676,-6.84,-2.93,721026,766982,-5.99,-
tpex,2026,5,6160,欣技,77698,101929,140988,-23.77,-44.89,444854,506686,-12.2,-
tpex,2026,5,6161,捷波,161298,133438,88265,20.87,82.74,643805,501105,28.47,"本月主要歐洲與泛亞市場訂單回溫,業績較去年同期增加"
tpex,2026,5,6163,華電網,398384,334249,270996,19.18,47.0,2557173,1928597,32.59,-
twse,2026,5,6164,華興,57972,86688,78233,-33.12,-25.89,328549,368038,-10.72,-
twse,2026,5,6165,浪凡,277774,263776,255488,5.3,8.72,1388844,1302881,6.59,-
twse,2026,5,6166,凌華,1440425,1510756,802647,-4.65,79.45,6395022,4403744,45.21,主要受惠訂單需求，帶動公司各產品線出貨全面成長。
tpex,2026,5,6167,久正,102138,82759,101296,23.41,0.83,501006,463185,8.16,-
twse,2026,5,6168,宏齊,182082,192682,176302,-5.5,3.27,875317,817955,7.01,-
tpex,2026,5,6169,昱泉,22,33,1880,-33.33,-98.82,208,16479,-98.73,主係授權收入減少所致
tpex,2026,5,6170,統振,250883,257207,261839,-2.45,-4.18,1331340,1340771,-0.7,-
tpex,2026,5,6171,大城地產,17689,69922,33,-74.7,53503.03,123162,15890,675.09,本月及本年累計營收較去年增加，主要係因「大城二月埕」交屋認列收入所致
tpex,2026,5,6173,信昌電,458466,419113,364944,9.38,25.62,1895912,1654457,14.59,-
tpex,2026,5,6174,安碁,64197,69084,51428,-7.07,24.82,299084,246333,21.41,-
tpex,2026,5,6175,立敦,472601,458207,378005,3.14,25.02,2049247,1845773,11.02,-
twse,2026,5,6176,瑞儀,3678889,3705977,4168378,-0.73,-11.74,19430963,20247438,-4.03,-
twse,2026,5,6177,達麗,432847,529479,173707,-18.25,149.18,5806551,906336,540.66,本期營收較去年同期上升，主係本期「武東段二」完工過戶所致。
tpex,2026,5,6179,亞通,721839,545135,325518,32.41,121.75,2713200,1612191,68.29,係因本期⼯程投⼊較去年同期增加所致
tpex,2026,5,6180,橘子,577282,658997,551736,-12.39,4.63,3827265,4216701,-9.23,-
tpex,2026,5,6182,合晶,889185,865025,794368,2.79,11.93,4235885,3923685,7.95,-
twse,2026,5,6183,關貿,228545,217237,197403,5.2,15.77,1109723,1014812,9.35,-
twse,2026,5,6184,大豐電,175329,186916,176096,-6.19,-0.43,912541,889640,2.57,-
tpex,2026,5,6185,幃翔,61084,68193,43067,-10.42,41.83,283246,226360,25.13,-
tpex,2026,5,6186,新潤,184286,316862,894707,-41.84,-79.4,3842885,5136968,-25.19,認列建案營收
tpex,2026,5,6187,萬潤,728869,613353,506957,18.83,43.77,2753666,2228563,23.56,-
tpex,2026,5,6188,廣明,635905,581266,721571,9.39,-11.87,3388533,3916868,-13.48,-
twse,2026,5,6189,豐藝,2506671,2650553,2364763,-5.42,6.0,12549109,13033905,-3.71,-
tpex,2026,5,6190,萬泰科,976112,1017386,750055,-4.05,30.13,4485014,3741156,19.88,-
twse,2026,5,6191,精成科,3298678,3207102,3382682,2.85,-2.48,15845851,11697181,35.46,-
twse,2026,5,6192,巨路,522488,871199,614538,-40.02,-14.97,3190732,3076952,3.69,-
tpex,2026,5,6194,育富,75358,91235,136565,-17.4,-44.81,430772,634140,-32.06,-
tpex,2026,5,6195,詩肯,205148,165173,173709,24.2,18.09,1074407,935936,14.79,-
twse,2026,5,6196,帆宣,6973777,6629812,4229294,5.18,64.89,27912133,22020557,26.75,115年5月單月合併營收較去年同期增加，主要係銷貨收入及工程收入增加所致。
twse,2026,5,6197,佳必琪,808198,807360,570051,0.1,41.77,3641615,3011785,20.91,-
tpex,2026,5,6198,瑞築,8,22,22,-63.63,-63.63,96,81,18.51,本月租賃收入較去年同期減少
tpex,2026,5,6199,天品,67601,61922,8203,9.17,724.1,406188,40039,914.48,"主係伺服器潔淨較去年本月增加59,209仟元，較去年累計增加232,191仟元;殯葬部份較去年累計增加133,888仟元。"
twse,2026,5,6201,亞弘電,276656,248946,322518,11.13,-14.21,1223499,1410976,-13.28,-
twse,2026,5,6202,盛群,312543,318600,293116,-1.9,6.62,1456728,1352157,7.73,-
tpex,2026,5,6203,海韻電,148852,179458,254498,-17.05,-41.51,870477,1191014,-26.91,-
tpex,2026,5,6204,艾華,39550,41183,36623,-3.96,7.99,168421,167604,0.48,-
twse,2026,5,6205,詮欣,129279,105073,138447,23.03,-6.62,526880,638128,-17.43,-
twse,2026,5,6206,飛捷,630682,640934,434228,-1.59,45.24,2781853,2238926,24.24,-
tpex,2026,5,6207,雷科,117989,126657,90916,-6.84,29.77,517674,492978,5.0,-
tpex,2026,5,6208,日揚,358165,286825,318513,24.87,12.44,1397817,1443025,-3.13,-
twse,2026,5,6209,今國光,408564,414771,239407,-1.49,70.65,1981682,1270905,55.92,客戶需求增加。
tpex,2026,5,6210,慶生,30856,32040,27174,-3.69,13.54,167955,123501,35.99,-
tpex,2026,5,6212,理銘,125860,96871,102626,29.92,22.63,438284,1080824,-59.44,累計營收較去年減少，主要係去年度交屋量較多
twse,2026,5,6213,聯茂,3802864,3513470,2940967,8.23,29.3,16459405,13608979,20.94,-
twse,2026,5,6214,精誠,4461226,4197643,3059878,6.27,45.79,20627555,16166215,27.59,-
twse,2026,5,6215,和椿,290668,332536,210769,-12.59,37.9,1396305,875893,59.41,自動化零組件及設備需求增加
twse,2026,5,6216,居易,49271,51520,62459,-4.36,-21.11,237670,355259,-33.09,-
tpex,2026,5,6217,中探針,405545,358883,268257,13.0,51.17,1843153,1352128,36.31,本月營收較去年同期增加51.18%，主係因應用於無線耳機、智慧眼鏡及半導體應用測試探針產品之營收增加所致
tpex,2026,5,6218,豪勉,75768,109240,124776,-30.64,-39.27,595820,543484,9.62,-
tpex,2026,5,6219,富旺,16479,63497,231,-74.04,7033.76,1228664,6592,18538.71,因建案完工入帳時間差異，本月營業收入及累計營業收入較去年同期產生較大波動。
tpex,2026,5,6220,岳豐,928814,824595,582011,12.63,59.58,3829115,3585707,6.78,主要為去年同期因美國關稅影響，客戶下單趨緩使得營收減少，今年已逐步恢復正常，以及今年度大陸內銷市場營收較為成長所致
tpex,2026,5,6221,晉泰,295906,278248,374956,6.34,-21.08,1607406,2366841,-32.08,-
tpex,2026,5,6222,立軒,162,248,513,-34.67,-68.42,1284,1806,-28.9,客戶訂單減少
tpex,2026,5,6223,旺矽,1907342,1485961,1208609,28.35,57.81,7326371,5011095,46.2,本月合併營收較去年同期大幅成長，主要受惠客戶 AI 及高效能運算晶片相關測試需求持續強勁，帶動公司出貨動能提升。
twse,2026,5,6224,聚鼎,247076,269497,261481,-8.31,-5.5,1229807,1261870,-2.54,-
twse,2026,5,6225,天瀚,4063,1406,2169,188.97,87.32,11546,18652,-38.09,本期營收增加，主要係本公司客戶端需求增加所致。
twse,2026,5,6226,光鼎,55348,64020,56555,-13.54,-2.13,271072,268759,0.86,-
tpex,2026,5,6227,茂綸,2385964,2612295,2020504,-8.66,18.08,9842357,7668916,28.34,-
tpex,2026,5,6228,全譜,3248,2911,2587,11.57,25.55,19692,22003,-10.5,依客戶訂單出貨
tpex,2026,5,6229,研通,265143,318146,150046,-16.65,76.7,1232526,801352,53.8,本月增加較多純買賣的低毛利商品，致使營收較去年同期大幅度增加。
twse,2026,5,6230,尼得科超眾,870889,828406,714160,5.12,21.94,3920566,3509167,11.72,-
tpex,2026,5,6231,系微,134958,124114,119956,8.73,12.5,697894,635323,9.84,-
tpex,2026,5,6233,旺玖,37542,34808,34639,7.85,8.38,159005,166408,-4.44,-
tpex,2026,5,6234,高僑,53828,40836,40209,31.81,33.87,223569,172242,29.79,-
twse,2026,5,6235,華孚,523900,518334,532151,1.07,-1.55,2679015,2582456,3.73,-
tpex,2026,5,6236,中湛,2508,2541,2622,-1.29,-4.34,13043,17884,-27.06,-
tpex,2026,5,6237,驊訊,46623,84309,34911,-44.69,33.54,251253,166547,50.86,主要係受惠於無線電競市場需求持續增溫，帶動相關產品出貨動能強勁。
twse,2026,5,6239,力成,7917615,7575240,6079509,4.51,30.23,36807022,27290939,34.86,-
tpex,2026,5,6240,松崗,4064,4033,4602,0.76,-11.69,20620,17608,17.1,-
tpex,2026,5,6241,鑫永洋,75580,55944,61506,35.09,22.88,298586,318176,-6.15,-
tpex,2026,5,6242,立康,58010,54121,53743,7.18,7.93,233691,245003,-4.61,-
twse,2026,5,6243,迅杰,25419,27293,60814,-6.86,-58.2,142738,293155,-51.3,本月營收較去年同期減少，主要係受記憶體價格波動影響電競相關市場需求持續放緩所致。
tpex,2026,5,6244,茂迪,294377,308449,223791,-4.56,31.54,1364363,1275695,6.95,-
tpex,2026,5,6245,立端,517944,700457,453893,-26.05,14.11,2759812,2691124,2.55,-
tpex,2026,5,6246,臺龍,112427,133811,129687,-15.98,-13.3,521432,638756,-18.36,-
tpex,2026,5,6248,沛波,523833,502651,726064,4.21,-27.85,2540132,3412470,-25.56,-
twse,2026,5,6257,矽格,1976452,1945727,1597683,1.57,23.7,9215955,7844874,17.47,-
tpex,2026,5,6259,百徽,62810,58013,44697,8.26,40.52,292085,206241,41.62,-
tpex,2026,5,6261,久元,348979,331219,333285,5.36,4.7,1743307,1657951,5.14,-
tpex,2026,5,6263,普萊德,157754,187653,148555,-15.93,6.19,794088,772430,2.8,-
tpex,2026,5,6264,富裔,21752,20405,6671,6.6,226.06,52234,32927,58.63,收入較去年同月增加主係本年度子公司快意業務增加所致。
tpex,2026,5,6265,方土昶,536312,496262,45591,8.07,1076.35,1808847,241701,648.38,受市場需求成長影響
tpex,2026,5,6266,泰詠,294659,272647,315396,8.07,-6.57,1308309,1393860,-6.13,-
twse,2026,5,6269,台郡,1681968,1982505,1791003,-15.15,-6.08,9131486,8935466,2.19,-
tpex,2026,5,6270,倍微,255127,288650,252275,-11.61,1.13,1263886,1249034,1.18,-
twse,2026,5,6271,同欣電,1038227,1035207,964665,0.29,7.62,4892671,4899072,-0.13,-
twse,2026,5,6272,驊陞,264500,316502,324782,-16.43,-18.56,1285353,1686588,-23.78,-
tpex,2026,5,6274,台燿,4794425,4610166,2098333,3.99,128.48,19460409,10795880,80.25,產品組合優化
tpex,2026,5,6275,元山,359728,349056,357943,3.05,0.49,1838108,1788274,2.78,-
tpex,2026,5,6276,安鈦克,58411,57241,124057,2.04,-52.91,354466,671862,-47.24,月營收減少主係因去年營收基期較高，且近期記憶體缺貨致客戶拉貨節奏放緩
twse,2026,5,6277,宏正,415622,439785,380592,-5.49,9.2,2148588,1976156,8.72,-
twse,2026,5,6278,台表科,4348041,4505780,4244706,-3.5,2.43,21408905,20995234,1.97,-
tpex,2026,5,6279,胡連,906847,863002,703743,5.08,28.86,3893264,3804792,2.32,-
twse,2026,5,6281,全國電,1779465,1677747,1946973,6.06,-8.6,7871409,8012786,-1.76,-
twse,2026,5,6282,康舒,2940031,3152125,2329819,-6.72,26.19,14672914,11818380,24.15,-
twse,2026,5,6283,淳安,116785,158624,106849,-26.37,9.29,698249,696787,0.2,-
tpex,2026,5,6284,佳邦,604543,626534,688520,-3.5,-12.19,2905821,3253012,-10.67,-
twse,2026,5,6285,啟碁,12167707,11401006,9024989,6.72,34.82,52724894,47250059,11.58,-
tpex,2026,5,6290,良維,936663,911964,862424,2.7,8.6,4458153,4083337,9.17,-
tpex,2026,5,6291,沛亨,219556,239818,189094,-8.44,16.1,1119439,799405,40.03,-
tpex,2026,5,6292,迅德,109307,100621,60770,8.63,79.87,496625,370572,34.01,出貨增加
tpex,2026,5,6294,智基,86973,81843,97769,6.26,-11.04,380751,441591,-13.77,-
twse,2026,5,6405,悅城,165,0,50,,230.0,242,389,-37.78,係本月出貨增加所致
twse,2026,5,6409,旭隼,1850129,1764494,1845047,4.85,0.27,7819216,8864893,-11.79,-
tpex,2026,5,6411,晶焱,233834,224841,198823,3.99,17.6,1115548,977523,14.11,-
twse,2026,5,6412,群電,2707555,2635952,3014296,2.71,-10.17,13127370,14448098,-9.14,-
twse,2026,5,6414,樺漢,15579250,14563934,11517071,6.97,35.27,67632029,57907159,16.79,-
twse,2026,5,6415,矽力*-KY,1911109,2014046,1452307,-5.11,31.59,8784259,7129541,23.2,-
twse,2026,5,6416,瑞祺電通,349990,315305,300423,11.0,16.49,1723027,1749392,-1.5,-
tpex,2026,5,6417,韋僑,164498,172819,134419,-4.81,22.37,765122,644186,18.77,-
tpex,2026,5,6418,詠昇,82480,86592,62685,-4.74,31.57,343758,326725,5.21,-
tpex,2026,5,6419,京晨科,142572,126978,30413,12.28,368.78,523039,221726,135.89,美國子公司陸續接獲專案建置工程，致使營收增加
tpex,2026,5,6423,億而得,12789,42909,10943,-70.19,16.86,120512,112957,6.68,-
tpex,2026,5,6425,易發,185601,116001,128142,59.99,44.84,706745,506605,39.5,-
twse,2026,5,6426,統新,67213,69831,39519,-3.74,70.07,291313,177931,63.72,市場需求漸回溫
twse,2026,5,6431,光麗-KY,27782,41697,36195,-33.37,-23.24,154924,177325,-12.63,-
tpex,2026,5,6432,今展科,108274,113847,84231,-4.89,28.54,515800,479389,7.59,-
tpex,2026,5,6435,大中,317877,310312,260137,2.43,22.19,1575731,1445093,9.04,-
twse,2026,5,6438,迅得,592379,638366,537887,-7.2,10.13,2975528,2574371,15.58,-
tpex,2026,5,6441,廣錠,10123,12578,30535,-19.51,-66.84,50402,139501,-63.86,因客戶舊專案已全數出貨，新專案尚未開始出貨，使本期拉貨數量減少，致營收下降。
twse,2026,5,6442,光聖,1725672,886439,798847,94.67,116.02,5317792,3961449,34.23,市場需求增加
twse,2026,5,6443,元晶,116046,71671,193957,61.91,-40.16,593847,1020458,-41.8,-
twse,2026,5,6446,藥華藥,2458451,2064179,1179267,19.1,108.47,9644008,5662726,70.3,本月及本年累計營收較去年成長，主要來自認列美國子公司PharmaEssentia USA Corp.之營收。
twse,2026,5,6449,鈺邦,443477,463592,394994,-4.33,12.27,2035304,1667068,22.08,-
twse,2026,5,6451,訊芯-KY,624107,641118,595003,-2.65,4.89,2818605,3231344,-12.77,-
twse,2026,5,6456,GIS-KY,3197938,3893399,6510131,-17.86,-50.87,23168885,27638279,-16.17,主要係因市場需求減少所致
tpex,2026,5,6461,益得,7112,5556,13435,28.0,-47.06,30285,24958,21.34,-
tpex,2026,5,6462,神盾,901725,372846,382863,141.84,135.52,3543894,1793046,97.64,主係合併子公司營收陸續於本年度出貨
twse,2026,5,6464,台數科,358125,390295,353807,-8.24,1.22,1787420,1812679,-1.39,-
tpex,2026,5,6465,威潤,20669,26360,7667,-21.58,169.58,118134,61166,93.13,本月因增加其他電子產品銷售、致本月較上期營收增加
tpex,2026,5,6469,大樹,1683713,1502814,1637293,12.03,2.83,8025041,7828680,2.5,-
tpex,2026,5,6470,宇智,105813,72362,176129,46.22,-39.92,446816,905822,-50.67,"終端客戶庫存調節,需求減緩所致。"
twse,2026,5,6472,保瑞,2114486,1484243,1508292,42.46,40.19,7594760,8356044,-9.11,"停業單位營收累計為1,202千元"
tpex,2026,5,6474,華豫寧,394208,357016,298333,10.41,32.13,1728176,1622143,6.53,-
twse,2026,5,6477,安集,69759,81841,70619,-14.76,-1.21,376603,283093,33.03,-
tpex,2026,5,6482,弘煜科,33934,22439,42783,51.22,-20.68,149333,229658,-34.97,-
tpex,2026,5,6485,點序,91159,108850,96831,-16.25,-5.85,538045,627679,-14.28,-
tpex,2026,5,6486,互動,136559,110263,180299,23.84,-24.25,711376,697700,1.96,-
tpex,2026,5,6488,環球晶,4842007,4747927,5007206,1.98,-3.29,23574732,25885097,-8.92,-
twse,2026,5,6491,晶碩,716194,674346,523885,6.2,36.7,3276207,2679796,22.25,-
tpex,2026,5,6492,生華科,80,80,83,0.0,-3.61,400,416,-3.84,-
tpex,2026,5,6494,九齊,157688,155207,87881,1.59,79.43,697352,487266,43.11,"去年同期受關稅影響,營收基期低"
tpex,2026,5,6496,科懋,77752,85334,72727,-8.88,6.9,381144,348844,9.25,-
tpex,2026,5,6498,久禾光,130969,137524,101361,-4.76,29.21,613498,457638,34.05,-
tpex,2026,5,6499,益安,33001,37139,35221,-11.14,-6.3,184428,173014,6.59,-
twse,2026,5,6504,南六,594460,594834,560287,-0.06,6.09,2780274,2800425,-0.71,-
twse,2026,5,6505,台塑化,57777216,61522374,45539031,-6.08,26.87,281289027,265056930,6.12,-
tpex,2026,5,6506,雙邦,177754,203630,165143,-12.7,7.63,952730,877567,8.56,-
tpex,2026,5,6508,惠光,142098,188492,174922,-24.61,-18.76,792096,841570,-5.87,-
tpex,2026,5,6509,聚和,406355,516008,429686,-21.25,-5.42,2303007,2210437,4.18,-
tpex,2026,5,6510,精測,542510,523179,404580,3.69,34.09,2423075,1958734,23.7,-
tpex,2026,5,6512,啟發電,6451,5764,14646,11.91,-55.95,46593,88354,-47.26,本月營收較去年同期減少，主因新舊產品轉換期間，新產品量產持續推進，市場導入逐步展開，後續營運可望穩步提升。
twse,2026,5,6515,穎崴,1073481,989534,488403,8.48,119.79,5043430,3443152,46.47,受惠於全球AI及HPC客戶需求強勁，高階測試座Coaxial Socket及MEMS探針卡持續拉貨，本月營收變動達50%以上。
tpex,2026,5,6516,勤崴國際,45278,48660,41475,-6.95,9.16,274262,221205,23.98,-
tpex,2026,5,6517,保勝光學,32475,30467,50295,6.59,-35.43,167845,217124,-22.69,-
tpex,2026,5,6523,達爾膚,54800,61055,65836,-10.24,-16.76,392203,479328,-18.17,-
twse,2026,5,6525,捷敏-KY,548577,539678,461168,1.64,18.95,2445520,2131739,14.71,-
twse,2026,5,6526,達發,2051151,2027866,1816874,1.14,12.89,9534481,8813371,8.18,-
tpex,2026,5,6527,明達醫,87482,61551,91506,42.12,-4.39,337337,397732,-15.18,-
tpex,2026,5,6530,創威,31659,31534,25262,0.39,25.32,155155,130725,18.68,-
twse,2026,5,6531,愛普*,748539,804148,395335,-6.91,89.34,3653448,1784712,104.7,因市場需求相對增加所致
tpex,2026,5,6532,瑞耘,72554,73657,53174,-1.49,36.44,301948,304423,-0.81,-
twse,2026,5,6533,晶心科,87236,106862,85291,-18.36,2.28,520454,443527,17.34,-
twse,2026,5,6534,正瀚-創,141363,229167,131775,-38.31,7.27,1240033,1205017,2.9,-
tpex,2026,5,6535,順藥,78,78,220,0.0,-64.54,4639,9585,-51.6,本月勞務收入較去年同期減少；本年度累積銷貨收入及勞務收入皆較去年度減少。
tpex,2026,5,6538,倉和,120893,130088,137829,-7.06,-12.28,561479,724934,-22.54,-
twse,2026,5,6541,泰福-KY,36078,86793,11706,-58.43,208.2,255698,70120,264.65,CDMO業務主要採完工比例認列，依投入工時計算。
tpex,2026,5,6542,隆中,82078,80843,66296,1.52,23.8,430441,357748,20.31,-
tpex,2026,5,6546,正基,197848,200931,197621,-1.53,0.11,902964,1015989,-11.12,-
tpex,2026,5,6547,高端疫苗,34768,38720,46379,-10.2,-25.03,179420,203833,-11.97,-
tpex,2026,5,6548,長科*,1429567,1384069,1046137,3.28,36.65,6485484,5338155,21.49,-
twse,2026,5,6550,北極星藥業-KY,1601,1668,-1077,-4.01,248.65,40220,12059,233.52,子公司CDMO代工收入。本月增減變動達50%主係因CDMO代工收入係依合約內容進行之進度隨之認列相關收入所致。
twse,2026,5,6552,易華電,100172,103015,117877,-2.75,-15.01,492516,711062,-30.73,-
tpex,2026,5,6556,勝品,137470,148116,105848,-7.18,29.87,653415,577030,13.23,-
twse,2026,5,6558,興能高,78261,103961,94624,-24.72,-17.29,410214,466619,-12.08,-
tpex,2026,5,6560,欣普羅,15511,26562,15280,-41.6,1.51,121331,73656,64.72,因主要客戶訂單逐漸回穩並陸續開始出貨。
tpex,2026,5,6561,是方,333541,349835,446018,-4.65,-25.21,1665533,1753642,-5.02,去年同期(114年5月)營收，包含一次性營業收入
tpex,2026,5,6568,宏觀,85881,120852,102165,-28.93,-15.93,551987,463623,19.05,-
tpex,2026,5,6569,醫揚,171360,96613,114404,77.36,49.78,645343,529675,21.83,-
tpex,2026,5,6570,維田,116745,91272,88369,27.9,32.11,450460,377804,19.23,-
twse,2026,5,6573,虹揚-KY,71765,63875,79547,12.35,-9.78,312805,389758,-19.74,-
tpex,2026,5,6574,霈方,69603,72854,49919,-4.46,39.43,337909,258137,30.9,-
tpex,2026,5,6576,逸達,118488,52217,13947,126.91,749.55,251016,183243,36.98,本月營收較去年同期多，係因本期認列新劑型新藥Camcevi授權開發里程金收入，去年同期並無所致。
tpex,2026,5,6577,勁豐,166134,164642,167357,0.9,-0.73,874517,871905,0.29,-
tpex,2026,5,6578,達邦蛋白,35877,36372,28201,-1.36,27.21,154341,133520,15.59,胜肽蛋白系列產品客戶需求穩定；達邦專利技術益生元系列替抗新產品的國內外銷售量逐月提升；代工業務穩定成長
twse,2026,5,6579,研揚,971779,756498,652863,28.45,48.84,4138485,3319866,24.65,自115年5月起新增合併子公司AAEON Techonology株式会社。
twse,2026,5,6581,鋼聯,278202,372826,276315,-25.38,0.68,1086114,1011370,7.39,-
twse,2026,5,6582,申豐,66346,45723,101504,45.1,-34.63,216170,482284,-55.17,本年累計營業收入受市場狀況影響，營收減少。
tpex,2026,5,6584,南俊國際,282207,277784,192010,1.59,46.97,1426879,897116,59.05,主係雲端CSP客戶的GB系列AI伺服器導軌持續出貨以及通用型伺服器導軌出貨增溫所致
twse,2026,5,6585,鼎基,279818,324912,177024,-13.87,58.06,1332027,1286233,3.56,"本期(115年05月)較去年同期(114年05月)營業收入增加102,794仟元,成長58.07%,主係為客戶需求增加。"
tpex,2026,5,6588,東典光電,27592,27142,10613,1.65,159.98,150376,56664,165.38,光通與網通需求回升帶動營收回穩
twse,2026,5,6589,台康生技,116798,82208,74704,42.07,56.34,507441,354225,43.25,本月營收較去年同期增加主係委託研究開發暨生產服務(CDMO)業務成長及EG1206A授權簽約金逐步認列所致。
tpex,2026,5,6590,普鴻,69060,60466,58400,14.21,18.25,291249,269970,7.88,-
twse,2026,5,6591,動力-KY,63869,90424,171165,-29.36,-62.68,479413,798931,-39.99,5月營收較去年同期衰退，主要係接單量減少所致。
twse,2026,5,6592,和潤企業,1939412,1974054,1995696,-1.75,-2.82,9719093,10116115,-3.92,-
tpex,2026,5,6593,台灣銘板,37401,41335,22425,-9.51,66.78,208666,205065,1.75,訂單成長
tpex,2026,5,6596,寬宏藝術,303361,270939,136350,11.96,122.48,1178359,614645,91.71,本期展演節目較去年同期多
tpex,2026,5,6597,立誠,50894,47250,55605,7.71,-8.47,257696,314067,-17.94,-
twse,2026,5,6598,ABC-KY,60307,60981,25674,-1.1,134.89,338330,187729,80.22,本年度累積營收增長，主係市場開發成果與客戶需求提升，致使出貨增加。
tpex,2026,5,6603,富強鑫,398036,406047,555098,-1.97,-28.29,1853056,1948967,-4.92,-
twse,2026,5,6605,帝寶,1601560,1708058,1755267,-6.23,-8.75,8042598,8447501,-4.79,-
twse,2026,5,6606,建德工業,87747,106773,63945,-17.81,37.22,386328,324530,19.04,-
tpex,2026,5,6609,瀧澤科,186605,231505,254638,-19.39,-26.71,909814,1038746,-12.41,-
tpex,2026,5,6612,奈米醫材,118200,113401,82484,4.23,43.3,530216,477697,10.99,-
tpex,2026,5,6613,朋億*,1082893,711107,595911,52.28,81.72,4135667,3288792,25.75,營收較去年同期增加主係半導體廠擴廠暢旺
twse,2026,5,6614,資拓宏宇,518452,340399,282821,52.3,83.31,2106871,1380619,52.6,因數個政府專案於本年度完成階段性驗收，致本月及本年累計合併營收皆較去年同期增加超過50%。
tpex,2026,5,6615,慧智,33741,30161,34338,11.86,-1.73,157779,163446,-3.46,-
tpex,2026,5,6616,特昇-KY,71529,44859,55920,59.45,27.91,327896,426643,-23.14,-
tpex,2026,5,6617,共信-KY,4426,3750,2627,18.02,68.48,17288,13724,25.96,自2018年度起依據國際會計準則公報15號規定認列收入
tpex,2026,5,6620,漢達,71266,62071,94211,14.81,-24.35,342719,836382,-59.02,營收差異主要係114年4月份認列Phyrago授權收入所致
tpex,2026,5,6624,萬年清,49736,40596,44938,22.51,10.67,180137,207567,-13.21,-
twse,2026,5,6625,必應,767157,351163,592047,118.46,29.57,1888137,1376427,37.17,-
tpex,2026,5,6629,泰金-KY,191381,265349,100671,-27.87,90.1,1153336,612056,88.43,新系列產品訂單成長
tpex,2026,5,6637,醫影,47088,45115,525616,4.37,-91.04,281827,710006,-60.3,主係因去年同期(114年05月)有數台核子醫學相關大設備驗收所致。
tpex,2026,5,6640,均華,147143,333601,259895,-55.89,-43.38,1311049,827776,58.38,配合客戶出貨
twse,2026,5,6641,基士德-KY,161335,193190,136273,-16.48,18.39,735421,678097,8.45,-
tpex,2026,5,6642,富致,58515,58575,45226,-0.1,29.38,258281,238431,8.32,-
tpex,2026,5,6643,M31,127838,168686,155823,-24.21,-17.95,691272,719376,-3.9,-
twse,2026,5,6645,金萬林-創,53977,34751,38521,55.32,40.12,212326,181993,16.66,-
tpex,2026,5,6649,台生材,12297,11496,13655,6.96,-9.94,50192,90138,-44.31,-
tpex,2026,5,6651,全宇昕,155603,157731,138360,-1.34,12.46,709660,671299,5.71,-
tpex,2026,5,6654,天正國際,65265,60229,31577,8.36,106.68,247387,139527,77.3,主係因為客戶需求增加及新設備出貨所致
twse,2026,5,6655,科定,269649,280702,218127,-3.93,23.62,1237358,978733,26.42,-
twse,2026,5,6657,華安,541,809,713,-33.12,-24.12,2741,2352,16.53,-
twse,2026,5,6658,聯策,298344,239798,306923,24.41,-2.79,1157560,1095584,5.65,-
tpex,2026,5,6661,威健生技,43136,30803,32334,40.03,33.4,157705,134760,17.02,-
tpex,2026,5,6662,樂斯科,19301,22266,23944,-13.31,-19.39,102580,108351,-5.32,-
tpex,2026,5,6664,群翊,226432,237443,209820,-4.63,7.91,1131085,997744,13.36,-
twse,2026,5,6666,羅麗芬-KY,157606,114469,116644,37.68,35.11,499648,466772,7.04,-
tpex,2026,5,6667,信紘科,544673,477831,482741,13.98,12.82,2565406,2325547,10.31,-
twse,2026,5,6668,中揚光,113440,101538,101196,11.72,12.09,477883,414509,15.28,-
twse,2026,5,6669,緯穎,84050473,82730996,71132658,1.59,18.16,443289203,305590564,45.05,-
twse,2026,5,6670,復盛應用,2882095,2761450,2182889,4.36,32.03,14116665,12802097,10.26,-
twse,2026,5,6671,三能-KY,131331,186287,177659,-29.5,-26.07,683289,786996,-13.17,-
twse,2026,5,6672,騰輝電子-KY,530395,510001,392926,3.99,34.98,2286223,1784310,28.12,-
twse,2026,5,6674,鋐寶科技,44136,42958,57711,2.74,-23.52,199226,267014,-25.38,-
tpex,2026,5,6679,鈺太,180729,187763,168324,-3.74,7.36,905635,849947,6.55,-
tpex,2026,5,6680,鑫創電子,46293,46437,37338,-0.31,23.98,238152,190317,25.13,-
tpex,2026,5,6683,雍智科技,202710,217571,180490,-6.83,12.31,1084929,814598,33.18,-
tpex,2026,5,6684,安格,38966,26086,27577,49.37,41.29,139175,137897,0.92,-
twse,2026,5,6689,伊雲谷,1028103,1023839,1030933,0.41,-0.27,5051314,5383498,-6.17,-
tpex,2026,5,6690,安碁資訊,208274,211706,189300,-1.62,10.02,1044787,890736,17.29,-
twse,2026,5,6691,洋基工程,3835624,2858881,2103360,34.16,82.35,13671732,7764732,76.07,本月營收較去年同期增加82.36%，主要係因本月正在投入進行的專案較去年同期增加所致。
tpex,2026,5,6692,進能服,105300,54873,102065,91.89,3.16,297202,936558,-68.26,本年累計營收較去年同期減少68.27%，主要係工程收入較去年同期減少所致。
tpex,2026,5,6693,廣閎科,213788,204370,99362,4.6,115.16,932858,522839,78.42,終端需求增加及新品導入量產
twse,2026,5,6695,芯鼎,76771,76304,103019,0.61,-25.47,405825,446677,-9.14,-
tpex,2026,5,6697,東捷資訊,94051,98685,88983,-4.69,5.69,612214,585579,4.54,-
twse,2026,5,6698,旭暉應材,56620,45754,87263,23.74,-35.11,269071,354681,-24.13,-
tpex,2026,5,6703,軒郁,307754,347474,263533,-11.43,16.78,1399733,1232742,13.54,-
twse,2026,5,6706,惠特,60052,53989,71232,11.23,-15.69,274017,584356,-53.1,主係因公司積極轉型，產品仍處於驗證狀態，客戶尚未放量，致使本期營收相較去年同期下降
tpex,2026,5,6708,天擎,27299,22542,28279,21.1,-3.46,101772,118864,-14.37,-
tpex,2026,5,6712,長聖,90609,85233,72460,6.3,25.04,366333,317928,15.22,-
twse,2026,5,6715,嘉基,118910,164420,160718,-27.67,-26.01,793486,781288,1.56,-
tpex,2026,5,6716,應廣,133903,175536,101705,-23.71,31.65,678357,445329,52.32,基期低
twse,2026,5,6719,力智,367025,383017,405930,-4.17,-9.58,1729184,1820891,-5.03,-
tpex,2026,5,6720,久昌,37521,37498,40075,0.06,-6.37,163307,219715,-25.67,-
tpex,2026,5,6721,信實,320239,308763,293155,3.71,9.23,1553200,1456769,6.61,-
twse,2026,5,6722,輝創,393259,410164,432565,-4.12,-9.08,2042555,2175440,-6.1,-
tpex,2026,5,6725,矽科宏晟,275735,310193,305268,-11.1,-9.67,1524325,1373091,11.01,-
tpex,2026,5,6727,亞泰金屬,195867,161075,127098,21.59,54.1,1050841,493966,112.73,當月認列台數較多
tpex,2026,5,6728,上洋,382277,584555,476989,-34.6,-19.85,2029310,2071440,-2.03,-
tpex,2026,5,6730,常廣,41781,39180,39236,6.63,6.48,195519,196262,-0.37,-
tpex,2026,5,6732,昇佳電子,316076,356389,465760,-11.31,-32.13,1716874,1996777,-14.01,-
tpex,2026,5,6733,博晟生醫,16010,19603,18735,-18.32,-14.54,90558,85631,5.75,係銷售醫療器材及抗生素之收入。
tpex,2026,5,6735,美達科技,37499,34974,14701,7.21,155.07,166150,99096,67.66,本月訂單需求增加
tpex,2026,5,6739,竹陞科技,120177,110238,60312,9.01,99.25,514700,263236,95.52,因客戶產線升級需求
tpex,2026,5,6741,91APP*-KY,183567,173441,139264,5.83,31.81,898143,682638,31.56,-
twse,2026,5,6742,澤米,30448,30704,62026,-0.83,-50.91,146851,273040,-46.21,本月營收較去年同期減少，主係因客戶需求減少所致。
twse,2026,5,6743,安普新,320811,454139,400268,-29.35,-19.85,1857401,1971744,-5.79,-
tpex,2026,5,6751,智聯服務,153582,108282,164078,41.83,-6.39,724261,844603,-14.24,-
tpex,2026,5,6752,叡揚,165160,160482,150809,2.91,9.51,809590,776643,4.24,-
twse,2026,5,6753,龍德造船,522031,488017,411327,6.96,26.91,2334971,1974677,18.24,-
twse,2026,5,6754,匯僑設計,261679,260618,324723,0.4,-19.41,1124330,1369885,-17.92,-
twse,2026,5,6756,威鋒電子,182330,168383,150689,8.28,20.99,765603,693182,10.44,-
twse,2026,5,6757,台灣虎航,1519136,1651863,1247943,-8.03,21.73,8708921,7182782,21.24,-
tpex,2026,5,6761,穩得,174438,177260,182898,-1.59,-4.62,806810,895936,-9.94,-
tpex,2026,5,6762,達亞,70452,60153,62344,17.12,13.0,266393,296045,-10.01,-
tpex,2026,5,6763,綠界科技*,158526,154113,138481,2.86,14.47,769445,683755,12.53,-
tpex,2026,5,6767,台微醫,26273,28563,25776,-8.01,1.92,137202,132550,3.5,-
twse,2026,5,6768,志強-KY,1820279,2124895,1856598,-14.33,-1.95,9302181,9870531,-5.75,-
twse,2026,5,6770,力積電,5770374,5045881,3632314,14.35,58.86,24388717,18558042,31.41,主係客戶需求上升，銷售量增加，銷售價格調漲。
twse,2026,5,6771,平和環保-創,49503,47492,52597,4.23,-5.88,228481,267916,-14.71,-
twse,2026,5,6776,展碁國際,3077924,3059651,2024156,0.59,52.05,15411646,10613444,45.2,主要係因持續擴大營運版圖，自115.4.1起新增併入子公司納入合併報表範圍
twse,2026,5,6781,AES-KY,1600458,1522539,1324182,5.11,20.86,7652842,6068747,26.1,-
twse,2026,5,6782,視陽,444825,371275,362293,19.81,22.78,2044913,1713696,19.32,-
tpex,2026,5,6785,昱展新藥,1000,0,1253,,-20.19,1250,1253,-0.23,委託合約收入
tpex,2026,5,6788,華景電,268910,231192,215190,16.31,24.96,1157659,1018859,13.62,-
twse,2026,5,6789,采鈺,814486,774041,701326,5.22,16.13,3936970,3654819,7.71,無
twse,2026,5,6790,永豐實,896568,967866,923367,-7.36,-2.9,4488519,4511670,-0.51,-
tpex,2026,5,6791,虎門科技,58926,68841,55782,-14.4,5.63,329397,300168,9.73,-
twse,2026,5,6792,詠業,130461,123132,112189,5.95,16.28,591745,559414,5.77,-
twse,2026,5,6794,向榮生技,1425,1894,935,-24.76,52.4,9597,16275,-41.03,本期營業收入較去年同期增加，主係勞務收入增加所致。
twse,2026,5,6796,晉弘,52909,53972,56925,-1.96,-7.05,254297,233966,8.68,-
twse,2026,5,6799,來頡,84629,92891,82259,-8.89,2.88,419908,413483,1.55,-
tpex,2026,5,6803,崑鼎,834505,716324,871715,16.49,-4.26,3842169,3789022,1.4,-
tpex,2026,5,6804,明係,157391,118494,141274,32.82,11.4,696061,570909,21.92,-
twse,2026,5,6805,富世達,1180335,1353125,860196,-12.76,37.21,6717314,3962658,69.51,較去年同期客戶需求增加
twse,2026,5,6807,峰源-KY,292986,295730,366956,-0.92,-20.15,1405290,1936384,-27.42,-
tpex,2026,5,6811,宏碁資訊,575229,884400,440719,-34.95,30.52,4416496,3688703,19.73,-
tpex,2026,5,6821,聯寶,54040,59113,45133,-8.58,19.73,235221,258695,-9.07,-
tpex,2026,5,6823,濾能,52828,63256,45764,-16.48,15.43,254825,213872,19.14,-
tpex,2026,5,6829,千附精密,179954,170183,131121,5.74,37.24,954532,690669,38.2,-
twse,2026,5,6830,汎銓,217107,211780,181797,2.51,19.42,1007613,822626,22.48,-
twse,2026,5,6831,邁科,330275,213124,370083,54.96,-10.75,1397782,1218734,14.69,-
twse,2026,5,6834,天二科技,189979,179399,119734,5.89,58.66,789119,606072,30.2,主係市場終端需求增加
twse,2026,5,6835,圓裕,179631,222739,222557,-19.35,-19.28,979012,1056002,-7.29,-
twse,2026,5,6838,台新藥,2348,0,4764,,-50.71,47770,5358,791.56,APP13007銷貨收入等
tpex,2026,5,6840,東研信超,90233,87661,77172,2.93,16.92,391087,353243,10.71,-
tpex,2026,5,6841,長佳智能,37170,33015,32937,12.58,12.85,139530,132784,5.08,-
tpex,2026,5,6843,進典,49930,65283,53106,-23.51,-5.98,295235,280593,5.21,-
tpex,2026,5,6844,諾貝兒,309678,273163,309249,13.36,0.13,1431389,1453503,-1.52,-
tpex,2026,5,6846,綠茵,64708,64250,81257,0.71,-20.36,327050,378322,-13.55,-
twse,2026,5,6854,錼創科技-KY創,53395,48907,50812,9.17,5.08,238106,403384,-40.97,-
tpex,2026,5,6855,數泓科,62767,51071,80039,22.9,-21.57,246947,293807,-15.94,-
tpex,2026,5,6856,鑫傳,58078,63675,61229,-8.78,-5.14,293310,292134,0.4,-
tpex,2026,5,6859,伯特光,51369,57090,115422,-10.02,-55.49,281142,514856,-45.39,主係本期產品終端市場需求趨緩，客戶訂單減少，致本期營業收入較少。
twse,2026,5,6861,睿生光電,265735,262160,159711,1.36,66.38,1318936,884118,49.18,客戶需求增加及產品組合變化
twse,2026,5,6862,三集瑞-KY,130543,141437,200842,-7.7,-35.0,743221,1089217,-31.76,-
twse,2026,5,6863,永道-KY,428094,522602,246324,-18.08,73.79,2108066,1750365,20.43,本月較去年同期成長73.79%，係去年同期收入受對等關稅影響。
tpex,2026,5,6865,偉康科技,15125,20038,29510,-24.51,-48.74,82811,165955,-50.1,主係受營運轉型規劃影響，降低一次性勞務收入占比，致累計營業收入較去年同期減少。
twse,2026,5,6869,雲豹能源,544213,537318,753387,1.28,-27.76,2745959,3143903,-12.65,-
tpex,2026,5,6870,騰雲,88548,85894,56708,3.08,56.14,384551,259215,48.35,本月增加原因係海外市場訂單及新方案訂單增加。。
tpex,2026,5,6872,浩宇生醫,821,1302,1702,-36.94,-51.76,20363,3215,533.37,本月係臨床前試驗勞務收入減少；本年主係銷售醫療器材之收入增加所致
twse,2026,5,6873,泓德能源,393912,430739,586199,-8.54,-32.8,2254628,2721357,-17.15,-
tpex,2026,5,6874,倍力,157520,98291,113730,60.25,38.5,1201827,702093,71.17,客戶需求調整
tpex,2026,5,6875,國邑*,0,0,15678,,-100.0,1792,15678,-88.56,本月及本年累計營收較去年同期及去年累計營收減少，主係去年新增研發用藥收入所致。
tpex,2026,5,6877,鏵友益,23485,24116,51998,-2.61,-54.83,86524,198325,-56.37,本月及本年累計較去年同期減少係因出貨減少所致
tpex,2026,5,6881,潤德,160857,215938,203331,-25.5,-20.88,1021205,979369,4.27,-
tpex,2026,5,6884,海柏特,119545,114293,85935,4.59,39.11,540438,459108,17.71,-
twse,2026,5,6885,全福生技,822,766,1140,7.31,-27.89,4411,1274,246.23,諮詢服務收入、含子公司營業收入
twse,2026,5,6887,寶綠特-KY,403725,298282,395558,35.35,2.06,1559631,2162677,-27.88,-
twse,2026,5,6890,來億-KY,3611608,4211254,3580736,-14.23,0.86,14900553,17902932,-16.77,-
tpex,2026,5,6894,衛司特,193674,191600,100508,1.08,92.69,900455,523889,71.87,因應客戶訂單需求，電解設備與耗材之銷售增加，且本年度納入新事業體，營運範疇擴大，以上使本月及本年累計營收較去年同期成長。
tpex,2026,5,6895,宏碩系統,42358,28322,59341,49.55,-28.61,167443,218426,-23.34,-
tpex,2026,5,6899,創為精密,96303,92608,98685,3.98,-2.41,450196,481561,-6.51,-
twse,2026,5,6901,鑽石投資,692717,566245,-225303,22.33,407.46,922681,-1016702,190.75,營業收入為股利收入及投資標的之評價損益(含已實現及未實現)，投資標的股數及公允價值變動情形，請參考本公司網站投資人專區。
twse,2026,5,6902,GOGOLOOK,100681,98842,78842,1.86,27.69,502632,399881,25.69,-
tpex,2026,5,6903,巨漢,666214,697780,202412,-4.52,229.13,3289750,797986,312.25,本月營收較去年同期增加50%以上，主係目前進行中之專案本月進入施工高峰期所致。
tpex,2026,5,6904,伯鑫,90620,63557,81267,42.58,11.5,383616,394426,-2.74,-
twse,2026,5,6906,現觀科,23523,21886,23391,7.47,0.56,124955,124176,0.62,-
tpex,2026,5,6907,雅特力-KY,307279,286721,174179,7.17,76.41,1247136,677393,84.1,終端市場需求成長帶動營收大幅增加
twse,2026,5,6908,宏碁遊戲-創,389956,450368,541463,-13.41,-27.98,2000466,2037059,-1.79,-
twse,2026,5,6909,創控,40927,36781,27047,11.27,51.31,179212,181218,-1.1,依客戶需求出貨認列收入。
tpex,2026,5,6910,德鴻,36967,33162,33472,11.47,10.44,151742,134729,12.62,-
tpex,2026,5,6913,鴻呈,291044,302964,215163,-3.93,35.26,1306399,1035238,26.19,無
twse,2026,5,6914,阜爾運通,505313,476228,472857,6.1,6.86,2417721,2233335,8.25,-
twse,2026,5,6916,華凌,219836,198886,152539,10.53,44.11,924551,852379,8.46,-
twse,2026,5,6918,愛派司,78876,84868,62017,-7.06,27.18,383129,334271,14.61,-
twse,2026,5,6919,康霈*,0,3566,0,-100.0,,3568,12212,-70.78,本公司新藥仍在研發階段，目前營收來源為健康食品銷售，僅於出貨予代理商之月份認列營收，因並非每月固定出貨致使營收變動。
twse,2026,5,6921,嘉雨思-創,9782,1276,15047,666.61,-34.99,39511,100270,-60.59,受記憶體漲價影響，客戶調降消費性電子商品生產量，使公司營收隨之下滑。
tpex,2026,5,6922,宸曜,220530,180137,117400,22.42,87.84,912665,677621,34.68,本月較去年同期增加，主要係因出貨量增加所致。
twse,2026,5,6923,中台,116163,118842,96337,-2.25,20.57,539820,478869,12.72,-
twse,2026,5,6924,榮惠-KY創,141793,205890,136400,-31.13,3.95,819970,713856,14.86,-
tpex,2026,5,6925,意藍,17010,16771,16286,1.42,4.44,80462,75953,5.93,-
twse,2026,5,6928,攸泰科技,120743,130526,118649,-7.49,1.76,799126,893677,-10.57,-
tpex,2026,5,6929,佑全,282876,262339,283371,7.82,-0.17,1342106,1345648,-0.26,-
twse,2026,5,6931,青松健康,109590,105742,95668,3.63,14.55,519958,447522,16.18,-
twse,2026,5,6933,AMAX-KY,585033,665135,338937,-12.04,72.6,3070638,2736011,12.23,本期營收成長係由 AI/HPC 與資料中心業務布局帶動，並受惠客戶需求延續及新客戶開發，單月受專案認列時程影響。
twse,2026,5,6934,心誠鎂,22,4507,1852,-99.51,-98.81,8214,10827,-24.13,公司非每月固定出貨銷售，需搭配客戶及市場銷售策略作調整，故有此差異
twse,2026,5,6936,永鴻生技,126130,132258,105755,-4.63,19.26,626810,550487,13.86,-
twse,2026,5,6937,天虹,190796,153213,159104,24.52,19.91,926456,745442,24.28,-
twse,2026,5,6944,兆聯實業,1671463,1517412,1127621,10.15,48.22,7895737,5316255,48.52,-
tpex,2026,5,6945,圓祥生技,0,0,0,,,0,0,,本月無收入
twse,2026,5,6947,台鎔科技,164415,107226,111799,53.33,47.06,684773,401737,70.45,因子公司營收增長所致。
twse,2026,5,6949,沛爾生醫-創,2691,2971,2265,-9.42,18.8,12043,15462,-22.11,-
twse,2026,5,6951,青新-創,77051,78306,66698,-1.6,15.52,365138,298164,22.46,-
twse,2026,5,6952,大武山,191622,200192,162853,-4.28,17.66,953603,702491,35.74,-
tpex,2026,5,6953,家碩,106356,115250,128158,-7.71,-17.01,486892,476263,2.23,-
twse,2026,5,6955,邦睿生技-創,30038,28898,26673,3.94,12.61,143321,125144,14.52,-
twse,2026,5,6957,裕慶-KY,312233,368407,257709,-15.24,21.15,1689037,1281609,31.79,-
twse,2026,5,6958,日盛台駿,876508,829683,903480,5.64,-2.98,4273688,4749729,-10.02,-
tpex,2026,5,6961,旅天下,319457,333979,311608,-4.34,2.51,1874667,1831428,2.36,-
twse,2026,5,6962,奕力-KY,1631488,1660220,1428428,-1.73,14.21,7209411,7731387,-6.75,-
twse,2026,5,6965,中傑-KY,2118090,1746047,1793282,21.3,18.11,8649434,9658243,-10.44,-
tpex,2026,5,6967,汎瑋材料,149038,129268,110471,15.29,34.91,657561,523180,25.68,-
tpex,2026,5,6968,萬達寵物,304808,295294,258114,3.22,18.09,1520898,1302739,16.74,無
twse,2026,5,6969,成信實業*-創,23620,21243,23231,11.18,1.67,122840,126312,-2.74,-
tpex,2026,5,6971,惠民實業,175939,149309,275007,17.83,-36.02,818755,877078,-6.64,-
tpex,2026,5,6982,大井泵浦,179858,161210,129705,11.56,38.66,824182,705166,16.87,-
tpex,2026,5,6983,華洋精機,18324,13036,8261,40.56,121.81,80627,81317,-0.84,本期營收較去年同期增加，主要是出貨增加所致。
tpex,2026,5,6986,和迅,46785,16706,42490,180.04,10.1,136021,124624,9.14,-
twse,2026,5,6988,威力暘-創,61077,64890,58618,-5.87,4.19,295217,346549,-14.81,-
twse,2026,5,6994,富威電力,204216,196474,161172,3.94,26.7,1242290,714403,73.89,依進度認列工程收入及訂單增加所致
tpex,2026,5,6996,力領科技,299726,285600,180409,4.94,66.13,1305401,1056800,23.52,主係IC出貨量增加所致
tpex,2026,5,6997,博弘,535965,552324,350302,-2.96,53.0,2209164,1752443,26.06,係因併購Renova Cloud並納入合併報表，致本月營收較去年同期增幅達50%以上。
tpex,2026,5,7402,邑錡,32031,45236,51912,-29.19,-38.29,178650,221318,-19.27,-
tpex,2026,5,7547,碩網,35697,24465,25936,45.91,37.63,150902,111463,35.38,-
tpex,2026,5,7556,意德士科技,73392,71075,62932,3.25,16.62,357606,318277,12.35,-
tpex,2026,5,7584,樂意,103772,69713,78731,48.85,31.8,398132,463676,-14.13,-
twse,2026,5,7610,聯友金屬-創,615259,559985,109442,9.87,462.17,2177008,406791,435.16,5月單月及累積合併營收較去年同期分別增加462%及435%，主要在於鎢製品出貨價格較去年同期增加所致。
twse,2026,5,7631,聚賢研發-創,177800,135463,73832,31.25,140.81,721774,359027,101.03,本月營收較去年同期成長，主要受惠於新加坡訂單挹注。
tpex,2026,5,7642,昶瑞機電,75042,49627,72139,51.21,4.02,248573,374644,-33.65,-
twse,2026,5,7689,大鵬科CLMX,493262,703035,413600,-29.83,19.26,2426717,1767531,37.29,-
tpex,2026,5,7703,銳澤,228816,257349,241677,-11.08,-5.32,1025682,949640,8.0,-
tpex,2026,5,7704,明遠精密,70921,59796,69472,18.6,2.08,305262,288527,5.8,-
twse,2026,5,7705,三商餐飲,605868,488432,602582,24.04,0.54,2698746,2592953,4.08,-
tpex,2026,5,7708,全家餐飲,256091,238513,227151,7.36,12.74,1216174,1079247,12.68,-
tpex,2026,5,7709,榮田,89989,152694,58436,-41.06,53.99,426595,324239,31.56,主係產業訂單需求增加
twse,2026,5,7711,永擎,2631479,1638017,2246896,60.65,17.11,13160830,9816158,34.07,-
tpex,2026,5,7712,博盛半導體,135803,131150,132261,3.54,2.67,597127,575500,3.75,-
tpex,2026,5,7713,威力德生醫,111315,114957,92335,-3.16,20.55,505216,420290,20.2,-
tpex,2026,5,7714,創泓科技,150645,144205,123750,4.46,21.73,740857,705814,4.96,-
tpex,2026,5,7715,裕山,105788,102162,115519,3.54,-8.42,399755,641425,-37.67,-
tpex,2026,5,7716,昱臺國際,195389,164912,178715,18.48,9.32,806624,877688,-8.09,-
tpex,2026,5,7717,萊德光電-KY,100029,94536,90596,5.81,10.41,450747,414532,8.73,-
tpex,2026,5,7718,友鋮,228074,172082,234749,32.53,-2.84,1031318,1014464,1.66,-
twse,2026,5,7721,微程式,63812,61277,37030,4.13,72.32,268899,197747,35.98,本月營收增加，主要是電子支付營收增加
twse,2026,5,7722,LINEPAY,747084,657149,637490,13.68,17.19,3501622,3043034,15.07,-
tpex,2026,5,7723,築間,349969,309909,444109,12.92,-21.19,1747225,2156318,-18.97,-
tpex,2026,5,7728,光焱科技,34058,20136,27338,69.13,24.58,154158,138545,11.26,-
twse,2026,5,7730,暉盛-創,14534,41278,46822,-64.78,-68.95,148044,185555,-20.21,客戶延遲交機
twse,2026,5,7732,金興精密,81961,70685,103877,15.95,-21.09,452628,546225,-17.13,-
tpex,2026,5,7734,印能科技,289802,393468,122247,-26.34,137.06,1559516,851424,83.16,主要係因市場需求較去年同期成長所致。
twse,2026,5,7736,虎山,154677,85044,124192,81.87,24.54,600800,691794,-13.15,-
tpex,2026,5,7738,東聯互動,54777,49501,48071,10.65,13.95,253285,217733,16.32,-
twse,2026,5,7740,熙特爾-創,1359522,1684524,100363,-19.29,1254.6,6135408,403401,1420.92,本月及本年營收較去年同期營收增加，主要係因依專案進度認列收入所致。
tpex,2026,5,7743,金利食安,77629,80099,54950,-3.08,41.27,311804,258426,20.65,-
tpex,2026,5,7744,崴寶,347219,354317,152195,-2.0,128.14,1587631,884342,79.52,主係客戶需求增加所致。
tpex,2026,5,7747,昕奇雲端,163511,134070,127709,21.95,28.03,736878,692117,6.46,-
twse,2026,5,7749,意騰-KY,198541,191114,114311,3.88,73.68,922968,562607,64.05,市場需求增加
twse,2026,5,7750,新代,2689787,2920375,1428799,-7.89,88.25,10474666,6182380,69.42,開發客戶及穩固市場闗係成效顯現，成果持續發酵 。
tpex,2026,5,7751,竑騰,243271,241048,155797,0.92,56.14,1102771,657078,67.82,本公司為設備業，每月營收高低起伏屬常態，主要係今年同期客戶驗收機台較多所致。
tpex,2026,5,7753,星亞,60943,76180,76276,-20.0,-20.1,333387,348459,-4.32,-
tpex,2026,5,7757,金色三麥,213974,163717,203388,30.69,5.2,942514,907331,3.87,-
twse,2026,5,7760,享溫馨,89475,82147,99911,8.92,-10.44,568594,590601,-3.72,-
twse,2026,5,7765,中華資安,149890,245804,145347,-39.02,3.12,993271,802000,23.84,-
tpex,2026,5,7767,仁大資訊,235475,231627,207009,1.66,13.75,1003755,975417,2.9,-
twse,2026,5,7768,頌勝科技,202563,174671,170362,15.96,18.9,936125,845932,10.66,-
twse,2026,5,7769,鴻勁,4129556,4362649,2248667,-5.34,83.64,19217402,10230430,87.84,主要係因市場需求較去年同期成長所致。
tpex,2026,5,7770,君曜,25556,26133,56966,-2.2,-55.13,105083,188542,-44.26,終端市場需求放緩，致使本月客戶較去年拉貨減少所致
tpex,2026,5,7772,耀穎,21845,38924,37195,-43.87,-41.26,155004,190971,-18.83,-
tpex,2026,5,7777,能率亞洲,81210,112447,-13504,-27.77,701.37,148638,-79552,286.84,營業收入為投資標的之評價損益(含已實現及未實現)，投資標的的股數及公允價值變動情形，請參考本公司網站投資人專區/財務資訊。
twse,2026,5,7780,大研生醫*,202685,171837,156927,17.95,29.15,838364,614044,36.53,-
tpex,2026,5,7782,光速火箭,54540,50686,51614,7.6,5.66,295801,292949,0.97,-
twse,2026,5,7786,東方風能,1478692,1288907,1073897,14.72,37.69,4540574,3073316,47.74,-
twse,2026,5,7788,松川精密,730713,698719,510686,4.57,43.08,3288554,2733593,20.3,-
twse,2026,5,7791,皇家可口,218370,210283,245294,3.84,-10.97,914959,1006738,-9.11,-
tpex,2026,5,7792,安葆,721377,336638,544751,114.28,32.42,2425952,2099134,15.56,-
tpex,2026,5,7794,宏碁智新,127786,100271,88210,27.44,44.86,486900,352045,38.3,-
twse,2026,5,7795,長廣,135999,160635,109224,-15.33,24.51,714382,756725,-5.59,-
twse,2026,5,7799,禾榮科,504,0,686,,-26.53,3389,1680,101.72,使用硼中子捕獲治療(BNCT)之恩慈治療照射費及藥品收入
twse,2026,5,7803,雲象科技-創,16608,1446,1078,1048.54,1440.63,28854,28071,2.78,本期有專案驗收完成，故認列收入
tpex,2026,5,7805,威聯通,554780,625032,519921,-11.23,6.7,2948677,2705166,9.0,-
tpex,2026,5,7810,捷創科技,76203,83816,39836,-9.08,91.29,334274,209430,59.61,本月營收及本年累計營收較去年同期增加50%以上之原因，主要係各產品線銷售較去年同期成長所致。
tpex,2026,5,7811,民盛,206948,237796,205190,-12.97,0.85,1113785,1238384,-10.06,-
tpex,2026,5,7814,海昌生技,4481,5352,6379,-16.27,-29.75,33484,26195,27.82,-
twse,2026,5,7818,溢泰實業,957075,1057317,1144275,-9.48,-16.35,4796819,5561205,-13.74,-
tpex,2026,5,7819,精誠金融,25260,23808,39641,6.09,-36.27,152291,171418,-11.15,-
tpex,2026,5,7820,立盈,37377,33506,26944,11.55,38.72,168828,108162,56.08,本年營收較去年同期成長，主要係產能較去年同期擴增所致。
twse,2026,5,7821,神數,795989,707689,493220,12.47,61.38,3994313,3322038,20.23,本月營收較去年同期增加，主要係客戶需求成長及出貨量增加所致。
twse,2026,5,7822,倍利科,242740,238741,134999,1.67,79.8,1165924,573374,103.34,本月認列設備營收較前期多
twse,2026,5,7823,奧義賽博-KY創,28144,29166,27317,-3.5,3.02,148262,124358,19.22,-
twse,2026,5,7827,漢康-KY創,0,9542,0,-100.0,,9542,0,,本月無營收
tpex,2026,5,7828,創新服務,112352,130035,31327,-13.59,258.64,394665,132017,198.95,"本月及累計營收成長顯著,主係終端需求強勁帶動設備出貨量提升。目前訂單能見度良好,後續將依時程持續交付,營運動能維持成長趨勢"
twse,2026,5,7835,永悅健康-創,27342,26268,28731,4.08,-4.83,153782,148678,3.43,-
tpex,2026,5,7839,達人網,15867,15803,14885,0.4,6.59,74340,70700,5.14,-
tpex,2026,5,7842,天能綠電,330736,278159,235250,18.9,40.58,1330936,803615,65.61,本月及本年累計營收增加，主要係因售電業務成長所致。
twse,2026,5,7855,和運租車,2608111,2673463,2581854,-2.44,1.01,13058170,12499043,4.47,-
twse,2026,5,8011,台通,145992,103254,204674,41.39,-28.67,687605,811369,-15.25,-
twse,2026,5,8016,矽創,2147140,2107516,1535385,1.88,39.84,9583428,7403184,29.45,-
twse,2026,5,8021,尖點,620455,524976,333050,18.18,86.29,2484995,1542140,61.13,本月增減百分比或本年增減百分比達50%以上：主要係市場需求增加所致。
tpex,2026,5,8024,佑華,19399,23800,13689,-18.49,41.71,77882,75212,3.54,-
tpex,2026,5,8027,鈦昇,222997,157194,92847,41.86,140.17,762535,533664,42.88,因客戶擴產，設備需求較去年同期上升。
twse,2026,5,8028,昇陽半導體,478852,465234,327905,2.92,46.03,2247479,1765085,27.32,-
tpex,2026,5,8032,光菱,448878,430127,300050,4.35,49.6,2069995,1440030,43.74,註：本月(年)新台幣(累計)營業收入淨額=本月(年)功能性貨幣(累計)營業收入淨額x本月(年累計)換算匯率
twse,2026,5,8033,雷虎,117063,109428,129432,6.97,-9.55,601749,566263,6.26,-
tpex,2026,5,8034,榮群,13122,47550,95189,-72.4,-86.21,108557,155082,-30.0,主係去年同期標案結案金額較高
tpex,2026,5,8038,長園科,92401,60934,61150,51.64,51.1,318770,152214,109.42,配合客戶需求出貨。
twse,2026,5,8039,台虹,914405,946534,908861,-3.39,0.6,4276415,4095400,4.41,自結數尚未經會計師簽證，特此說明。
tpex,2026,5,8040,九暘,88547,70137,56150,26.24,57.69,354976,274605,29.26,營收較去年同期成長逾50%，主係訂單增加所致。
tpex,2026,5,8042,金山電,400164,429996,300066,-6.93,33.35,1933451,1464905,31.98,-
tpex,2026,5,8043,蜜望實,616094,525130,386108,17.32,59.56,3043989,1852856,64.28,"客戶需求增加,致使銷貨收入增加"
tpex,2026,5,8044,網家,2950012,2999642,2724885,-1.65,8.26,15538346,14392755,7.95,-
twse,2026,5,8045,達運光電,113502,234095,104111,-51.51,9.02,802411,534443,50.13,產品品項增換
twse,2026,5,8046,南電,4440287,4450857,3269216,-0.23,35.82,20068385,14918592,34.51,-
tpex,2026,5,8047,星雲,34646,39275,42592,-11.78,-18.65,164142,196815,-16.6,-
tpex,2026,5,8048,德勝,126117,122070,72886,3.31,73.03,517865,414190,25.03,依客戶專案及排程出貨
tpex,2026,5,8049,晶采,112711,133440,103455,-15.53,8.94,530966,548394,-3.17,-
tpex,2026,5,8050,廣積,573738,577423,551409,-0.63,4.04,2380412,2655739,-10.36,-
tpex,2026,5,8054,安國,693474,231120,143725,200.04,382.5,2627868,681427,285.64,主係訂單陸續於本月出貨所致。
tpex,2026,5,8059,凱碩,567248,829644,764382,-31.62,-25.78,3490198,1196696,191.65,新增子公司合併營收
tpex,2026,5,8064,東捷,155631,193110,188646,-19.4,-17.5,1022153,853675,19.73,-
tpex,2026,5,8066,來思達,430512,361560,399068,19.07,7.87,1637000,1886820,-13.24,-
tpex,2026,5,8067,志旭,7055,7723,8368,-8.64,-15.69,36312,50363,-27.89,-
tpex,2026,5,8068,全達,104059,103175,76997,0.85,35.14,540095,344655,56.7,新增子公司營收
tpex,2026,5,8069,元太,3280358,2894681,3248825,13.32,0.97,14808529,14618529,1.29,-
twse,2026,5,8070,長華*,1973145,2049007,1561718,-3.7,26.34,9444548,7664544,23.22,-
tpex,2026,5,8071,能率網通,218181,205240,151770,6.3,43.75,943625,817342,15.45,-
twse,2026,5,8072,陞泰,125490,126711,95522,-0.96,31.37,610764,485053,25.91,-
tpex,2026,5,8074,鉅橡,130880,143856,106335,-9.02,23.08,639032,520916,22.67,-
tpex,2026,5,8076,伍豐,280223,260813,199583,7.44,40.4,1193490,805776,48.11,-
tpex,2026,5,8077,洛碁,89581,88326,92235,1.42,-2.87,448117,442204,1.33,-
tpex,2026,5,8080,泰霖,4810,5298,12977,-9.21,-62.93,36734,89247,-58.84,減少土方工程營收
twse,2026,5,8081,致新,748704,745575,774130,0.41,-3.28,3605537,3712464,-2.88,-
tpex,2026,5,8083,瑞穎,132072,140105,160129,-5.73,-17.52,616730,588563,4.78,-
tpex,2026,5,8084,巨虹,46916,33907,47753,38.36,-1.75,247828,264627,-6.34,-
tpex,2026,5,8085,福華,48085,50175,57425,-4.16,-16.26,273672,265650,3.01,-
tpex,2026,5,8086,宏捷科,442716,447976,323197,-1.17,36.98,2113010,1394833,51.48,因客戶需求增加
tpex,2026,5,8087,麗升能源,46419,142622,19909,-67.45,133.15,465752,117880,295.1,本月及本年累計營收較去年同期及去年累計數增加，主要係因本月EPC工程案件依進度認列收入所致。
tpex,2026,5,8088,品安,151418,97128,94853,55.89,59.63,752580,481680,56.24,係因DRAM IC 報價上漲所致
tpex,2026,5,8089,康全電訊,27024,63489,56290,-57.43,-51.99,186061,493420,-62.29,係亞洲客戶出貨減少所致。
tpex,2026,5,8091,翔名,300094,272523,164677,10.11,82.23,1224262,838327,46.03,主係客戶需求增加。
tpex,2026,5,8092,建暐,22066,40713,30164,-45.8,-26.84,115672,107495,7.6,-
tpex,2026,5,8093,保銳,28698,14695,6002,95.29,378.14,106717,91071,17.18,大陸內陸銷售增加所致
tpex,2026,5,8096,擎亞,3981347,4356942,1564353,-8.62,154.5,18511699,19681467,-5.94,因伺服器記憶體出貨量增加，致使營收較去年同期成長
tpex,2026,5,8097,常珵,28480,38202,27672,-25.44,2.91,138988,196984,-29.44,客戶依銷售情形調整訂單
tpex,2026,5,8099,大世科,357194,360464,336815,-0.9,6.05,1882954,1560004,20.7,-
twse,2026,5,8101,華冠,28512,34038,33337,-16.23,-14.47,144652,147888,-2.18,-
tpex,2026,5,8102,傑霖科技,42442,32574,34957,30.29,21.41,176448,184421,-4.32,-
twse,2026,5,8103,瀚荃,349969,371884,286011,-5.89,22.36,1631936,1330090,22.69,係本公司自結合併營收
twse,2026,5,8104,錸寶,275089,283433,412406,-2.94,-33.29,1032957,1565371,-34.01,-
twse,2026,5,8105,凌巨,731239,688138,763210,6.26,-4.18,3546690,3531697,0.42,-
tpex,2026,5,8107,大億金茂,49095,33189,71854,47.92,-31.67,291589,416941,-30.06,-
tpex,2026,5,8109,博大,174677,183743,142328,-4.93,22.72,831584,686853,21.07,-
twse,2026,5,8110,華東,644394,638706,537052,0.89,19.98,3253098,2885548,12.73,-
tpex,2026,5,8111,立碁,68655,66155,72877,3.77,-5.79,329759,343191,-3.91,-
twse,2026,5,8112,至上,53921149,35061095,15267382,53.79,253.17,199146786,84065759,136.89,營收大幅成長，主要係記憶體等零組件價格持續上漲，伺服器及手機客戶拉貨動能強勁所致。
twse,2026,5,8114,振樺電,1478529,1713776,1782653,-13.72,-17.06,6731069,10081728,-33.23,-
tpex,2026,5,8121,越峰,288877,304567,284025,-5.15,1.7,1446167,1223205,18.22,-
twse,2026,5,8131,福懋科,1052624,998353,703565,5.43,49.61,4995593,3644156,37.08,-
tpex,2026,5,8147,正淩,145645,210281,156975,-30.73,-7.21,815610,697389,16.95,-
twse,2026,5,8150,南茂,2384258,2460488,2025351,-3.09,17.72,11780374,9418463,25.07,-
tpex,2026,5,8155,博智,517137,538300,398879,-3.93,29.64,2591164,1942939,33.36,-
twse,2026,5,8162,微矽電子-創,114530,104317,119193,9.79,-3.91,502211,520495,-3.51,-
twse,2026,5,8163,達方,2580590,2591600,2216803,-0.42,16.41,11196928,10066539,11.22,-
tpex,2026,5,8171,天宇,36286,52636,33477,-31.06,8.39,182434,127544,43.03,本月及本年累計營收較去年同期增加主要係工程收入增加所致
tpex,2026,5,8176,智捷,41472,27323,34897,51.78,18.84,134438,181387,-25.88,-
tpex,2026,5,8182,加高,229833,257157,229564,-10.62,0.11,1155358,1146191,0.79,-
tpex,2026,5,8183,精星,694906,716301,524050,-2.98,32.6,3296155,2807291,17.41,-
twse,2026,5,8201,無敵,40322,39763,33449,1.4,20.54,201086,184292,9.11,-
twse,2026,5,8210,勤誠,2517084,2066292,1833198,21.81,37.3,11690668,7961777,46.83,-
twse,2026,5,8213,志超,1729169,1804874,1523674,-4.19,13.48,8380257,7769968,7.85,-
twse,2026,5,8215,明基材,1631448,1675054,1406872,-2.6,15.96,7852769,7550043,4.0,-
twse,2026,5,8222,寶一,79197,99950,97937,-20.76,-19.13,413575,430608,-3.95,-
tpex,2026,5,8227,巨有科技,181394,272523,103291,-33.43,75.61,823496,388228,112.11,主要係本期量產收入增加所致。
tpex,2026,5,8234,新漢,521897,474454,529704,9.99,-1.47,2143082,2642763,-18.9,-
tpex,2026,5,8240,華宏,557744,559928,537058,-0.39,3.85,2729609,3055258,-10.65,-
twse,2026,5,8249,菱光,256486,395759,297846,-35.19,-13.88,1641705,1650619,-0.54,-
tpex,2026,5,8255,朋程,618616,678296,699976,-8.79,-11.62,3334031,3585213,-7.0,-
twse,2026,5,8261,富鼎,296825,283913,293446,4.54,1.15,1362283,1279092,6.5,-
twse,2026,5,8271,宇瞻,3022791,3739792,931717,-19.17,224.43,13804767,3792462,264.0,本月營收較去年同期增加係因市場價格大幅上漲所致
tpex,2026,5,8272,全景軟體,34627,33122,35205,4.54,-1.64,147792,138721,6.53,-
tpex,2026,5,8277,商丞,12605,8627,21992,46.11,-42.68,46813,95874,-51.17,前端客戶需求減少
tpex,2026,5,8279,生展,182458,234352,204606,-22.14,-10.82,833470,926871,-10.07,-
tpex,2026,5,8284,三竹,266232,260376,244951,2.24,8.68,1266322,1148843,10.22,-
tpex,2026,5,8289,泰藝,160488,167304,160112,-4.07,0.23,768830,767183,0.21,-
tpex,2026,5,8291,尚茂,330,895,157,-63.12,110.19,2323,738,214.76,2026 年 5 月營收較去年同期增加，主係訂單增加所致。
tpex,2026,5,8299,群聯,22827979,20207493,5689559,12.96,301.22,84002425,25530957,229.02,係總出貨量及均價增加
twse,2026,5,8341,日友,387554,372912,286364,3.92,35.33,1855112,1546092,19.98,-
tpex,2026,5,8342,益張,139164,148903,117541,-6.54,18.39,663804,628667,5.58,-
tpex,2026,5,8349,恒耀國際,967768,1006385,939714,-3.83,2.98,4820016,4723881,2.03,-
tpex,2026,5,8354,冠好,50959,65801,57619,-22.55,-11.55,289536,276259,4.8,-
tpex,2026,5,8358,金居,941901,900770,666236,4.56,41.37,4374697,3057473,43.08,-
twse,2026,5,8367,建新國際,258617,285567,280566,-9.43,-7.82,1328685,1311455,1.31,無
twse,2026,5,8374,羅昇,541091,590873,379771,-8.42,42.47,2506710,1813780,38.2,-
tpex,2026,5,8383,千附,393095,353166,269077,11.3,46.09,1751288,1337321,30.95,-
tpex,2026,5,8390,金益鼎,546852,594820,464973,-8.06,17.6,2794622,2021659,38.23,-
tpex,2026,5,8401,白紗科,131029,137151,128010,-4.46,2.35,635562,606128,4.85,-
tpex,2026,5,8403,盛弘,367624,385049,335254,-4.52,9.65,1827377,1737406,5.17,-
twse,2026,5,8404,百和興業-KY,615949,681932,585852,-9.67,5.13,3201846,3195278,0.2,-
tpex,2026,5,8409,商之器,13629,8459,11694,61.11,16.54,73726,45457,62.18,本年累計完成驗收之合約增加
tpex,2026,5,8410,森田,78933,80021,118535,-1.35,-33.4,352674,460448,-23.4,-
twse,2026,5,8411,福貞-KY,791298,760087,707984,4.1,11.76,4277867,3503384,22.1,-
tpex,2026,5,8415,大國鋼,2331956,2493461,1932181,-6.47,20.69,11441109,9913315,15.41,-
tpex,2026,5,8416,實威,119806,145359,103836,-17.57,15.38,679409,626166,8.5,-
tpex,2026,5,8421,旭源,111474,124385,102397,-10.37,8.86,534118,489880,9.03,-
twse,2026,5,8422,可寧衛*,1272922,388569,424866,227.59,199.6,2776245,2324701,19.42,營收增加係南區焚化爐BOT案依IFRIC 12會計處理，每月按工程進度認列成本，同步依成本金額認列工程收入，未產生毛利。
tpex,2026,5,8423,保綠-KY,34801,40156,30296,-13.33,14.86,173542,165049,5.14,-
tpex,2026,5,8424,惠普,96175,93927,96000,2.39,0.18,457394,464582,-1.54,-
tpex,2026,5,8426,紅木-KY,160081,193095,178250,-17.09,-10.19,915895,868012,5.51,-
twse,2026,5,8429,金麗-KY,15772,14302,16359,10.27,-3.58,52961,61924,-14.47,主係中國消費者購買力出現明顯放緩，令代理商減少提貨，公司營收減少。
tpex,2026,5,8431,匯鑽科,66227,71817,81545,-7.78,-18.78,391401,411468,-4.87,-
tpex,2026,5,8432,東生華,126070,108356,93763,16.34,34.45,520243,465952,11.65,-
tpex,2026,5,8433,弘帆,289526,256529,233249,12.86,24.12,1382979,1196655,15.57,-
tpex,2026,5,8435,鉅邁,55597,52514,47793,5.87,16.32,263933,243730,8.28,-
tpex,2026,5,8436,大江,504638,605516,559137,-16.65,-9.74,2751210,2677177,2.76,-
tpex,2026,5,8437,大地-KY,10816,14176,11302,-23.7,-4.3,78610,95643,-17.8,-
twse,2026,5,8438,昶昕,445914,436040,297728,2.26,49.77,2048546,1483397,38.09,-
tpex,2026,5,8440,綠電,91941,83345,77565,10.31,18.53,355128,399234,-11.04,-
twse,2026,5,8442,威宏-KY,736545,739826,649589,-0.44,13.38,3463210,3310244,4.62,-
twse,2026,5,8443,阿瘦,89058,79552,101959,11.94,-12.65,453712,480609,-5.59,-
tpex,2026,5,8444,綠河-KY,125578,140805,281942,-10.81,-55.45,731518,1699234,-56.95,高油價造成運費成本上升，配合客戶出貨調度調整本公司出貨排程；去年韓國市場基期較高。
tpex,2026,5,8446,華研,199837,108419,90738,84.31,120.23,525813,422858,24.34,主要係本月演藝經紀收入較去年同期增加所致
tpex,2026,5,8450,霹靂,16927,18049,16847,-6.21,0.47,165483,92662,78.58,本年累計較去年同期累計增加係因3月完成電影外包拍攝所致。
twse,2026,5,8454,富邦媒,8987078,8280847,8632941,8.52,4.1,43861391,43210783,1.5,-
tpex,2026,5,8455,大拓-KY,101760,112744,89697,-9.74,13.44,529398,486788,8.75,-
twse,2026,5,8462,柏文,591982,581129,493062,1.86,20.06,2800021,2328272,20.26,-
twse,2026,5,8463,潤泰材,566688,629039,623155,-9.91,-9.06,2906372,2919287,-0.44,-
twse,2026,5,8464,億豐,2584300,2625171,2502454,-1.55,3.27,12514866,12547122,-0.25,-
twse,2026,5,8466,美吉吉-KY,212794,208194,240831,2.2,-11.64,1067672,1447803,-26.25,-
twse,2026,5,8467,波力-KY,184816,234216,265333,-21.09,-30.34,980549,1035131,-5.27,-
tpex,2026,5,8472,納維康,38630,39825,36000,-3.0,7.3,201283,161111,24.93,-
twse,2026,5,8473,山林水,333275,343710,324644,-3.03,2.65,1966810,1780804,10.44,-
twse,2026,5,8476,台境*,69016,96686,149660,-28.61,-53.88,491937,540379,-8.96,去年同期工案進入密集施工期，故認列較高之工程收入。
tpex,2026,5,8477,創業家,27279,61674,37636,-55.76,-27.51,171494,219269,-21.78,-
twse,2026,5,8478,東哥遊艇,2269,458894,666563,-99.5,-99.65,1890848,2225365,-15.03,主係認列遊艇銷貨收入增減所致
twse,2026,5,8481,政伸,98660,101082,88469,-2.39,11.51,479723,495839,-3.25,-
twse,2026,5,8482,商億-KY,315384,279317,241136,12.91,30.79,1488700,1328062,12.09,-
twse,2026,5,8487,愛爾達-創,90819,86925,92813,4.47,-2.14,564329,431598,30.75,-
twse,2026,5,8488,吉源-KY,388918,329467,222401,18.04,74.87,1731208,1069537,61.86,主要係今年度訂單增加
tpex,2026,5,8489,三貝德,152801,162104,100211,-5.73,52.47,791966,508306,55.8,"主要係114年10月取得弋果文化股權。該公司及其子公司本月營收為54,299千元，併入本期營收後，與去年同期比較成長達52.48%。"
twse,2026,5,8499,鼎炫-KY,332066,333108,178864,-0.31,85.65,1574764,867785,81.46,較去年同期增加比率大於50%係因於2025年8、9月分別收購常州威斯雙聯科技有限公司及蘇州德佑新材料科技有限公司所致
tpex,2026,5,8905,裕國,212029,199296,159310,6.38,33.09,915197,818715,11.78,-
tpex,2026,5,8906,花王,10730,13773,17399,-22.09,-38.32,84649,86260,-1.86,-
tpex,2026,5,8908,欣雄,943825,918696,919806,2.73,2.61,4278968,4519449,-5.32,-
tpex,2026,5,8916,光隆,889385,615829,851683,44.42,4.42,2951550,3358255,-12.11,-
tpex,2026,5,8917,欣泰,231840,281106,271922,-17.52,-14.74,1308410,1376134,-4.92,-
tpex,2026,5,8921,沈氏,53743,52529,48414,2.31,11.0,253173,245777,3.0,-
tpex,2026,5,8923,時報,29432,36697,30614,-19.79,-3.86,176726,188483,-6.23,-
tpex,2026,5,8924,大田,327576,402364,320412,-18.58,2.23,1741164,1505496,15.65,-
twse,2026,5,8926,台汽電,7279773,6786813,838520,7.26,768.16,27766064,3874878,616.56,本月及累計合併營業收入較去年同期增加，主要係自115年起因將森霸、星電、星元納入為子公司，故併入合併營收計算。
tpex,2026,5,8927,北基,1523333,1357699,796008,12.19,91.37,6244756,4287691,45.64,因本月份有出售營建用地營收，去年同期則無。
tpex,2026,5,8928,鉅明,175986,185113,243186,-4.93,-27.63,1115559,1599381,-30.25,-
tpex,2026,5,8929,富堡,54368,64945,49899,-16.28,8.95,298540,297717,0.27,-
tpex,2026,5,8930,青鋼,117787,119907,130065,-1.76,-9.43,582726,618597,-5.79,-
tpex,2026,5,8931,大汽電,227436,223250,192646,1.87,18.05,1071470,999902,7.15,-
tpex,2026,5,8932,智通*,189896,253621,183358,-25.12,3.56,1048504,900922,16.38,-
tpex,2026,5,8933,愛地雅,250814,203604,218797,23.18,14.63,941137,1222420,-23.01,-
tpex,2026,5,8935,邦泰,42455,40024,46392,6.07,-8.48,216545,219416,-1.3,-
tpex,2026,5,8936,國統,506789,556462,455899,-8.92,11.16,2778746,2318777,19.83,-
tpex,2026,5,8937,合騏*,89411,104766,6221,-14.65,1337.24,366939,36205,913.5,"合併子公司屹海風電獲利,挹注營收"
tpex,2026,5,8938,明安,1012377,1085333,1104102,-6.72,-8.3,6199162,6978640,-11.16,-
twse,2026,5,8940,新天地,120306,84351,128390,42.62,-6.29,828696,808573,2.48,-
tpex,2026,5,8941,關中,287497,248157,334073,15.85,-13.94,1282981,1310692,-2.11,-
tpex,2026,5,8942,森鉅,289416,213316,360293,35.67,-19.67,1110605,2219391,-49.95,北美市場因關稅因素，需求下降，以致營業額減少。
twse,2026,5,8996,高力,631677,948788,451116,-33.42,40.02,5003436,1975000,153.33,"115年5月營收較去年同期增加40.03%,主要係板式熱交換器及熱能產品之營業額,較去年同期分別增加24.36%及增加47.16%所致。"
twse,2026,5,9105,泰金寶-DR,11098863,10511786,11567953,5.58,-4.05,50660507,55211540,-8.24,-
twse,2026,5,912000,晨訊科-DR,128722,91627,134835,40.48,-4.53,596522,726874,-17.93,-
twse,2026,5,9802,鈺齊-KY,1598843,1635429,1988032,-2.23,-19.57,6908882,7146678,-3.32,-
twse,2026,5,9902,台火,2176,9545,36499,-77.2,-94.03,34434,109097,-68.43,本月及累計營收較去年同期減少，主要係投標車輛營收減少所致。
twse,2026,5,9904,寶成,21701839,22344460,21664500,-2.87,0.17,107138026,110216866,-2.79,-
twse,2026,5,9905,大華,895638,834922,746140,7.27,20.03,3992963,3417027,16.85,-
twse,2026,5,9906,欣巴巴,134650,139403,76560,-3.4,75.87,1090434,157849,590.8,本月營收與去年同期之差異，主係本月新個案仍持續入帳。
twse,2026,5,9907,統一實,3500161,3516536,4426848,-0.46,-20.93,17459427,20280572,-13.91,-
twse,2026,5,9908,大台北,291000,284311,297749,2.35,-2.26,1512802,1529399,-1.08,-
twse,2026,5,9910,豐泰,6720476,6819942,6014293,-1.45,11.74,32775317,34005508,-3.61,合併營業收入為本公司自結數.
twse,2026,5,9911,櫻花,855526,854886,787290,0.07,8.66,4620543,4350028,6.21,-
twse,2026,5,9912,偉聯,35058,38816,39012,-9.68,-10.13,186982,202533,-7.67,-
twse,2026,5,9914,美利達,2285619,2189332,1931389,4.39,18.34,9968697,12058802,-17.33,-
twse,2026,5,9917,中保科,1593940,1589951,1571708,0.25,1.41,7866839,7755988,1.42,-
twse,2026,5,9918,欣天然,192952,196699,173501,-1.9,11.21,1024342,1061314,-3.48,-
twse,2026,5,9919,康那香,211751,215684,214829,-1.82,-1.43,1105035,1091262,1.26,-
twse,2026,5,9921,巨大,5357327,5547234,5062970,-3.42,5.81,23428278,27647348,-15.26,-
twse,2026,5,9924,福興,620958,602736,681473,3.02,-8.88,2706747,3035227,-10.82,-
twse,2026,5,9925,新保,689884,670420,662926,2.9,4.06,3478049,3307210,5.16,-
twse,2026,5,9926,新海,208525,208856,207787,-0.15,0.35,1119690,1129646,-0.88,-
twse,2026,5,9927,泰銘,846270,815646,705606,3.75,19.93,3836092,3467830,10.61,-
twse,2026,5,9928,中視,63013,60735,70250,3.75,-10.3,350919,341732,2.68,-
twse,2026,5,9929,秋雨,49357,62445,48650,-20.95,1.45,284604,269562,5.58,-
twse,2026,5,9930,中聯資源,1187666,1135592,1257467,4.58,-5.55,5609867,6001835,-6.53,-
twse,2026,5,9931,欣高,129365,141686,114316,-8.69,13.16,700529,683304,2.52,-
twse,2026,5,9933,中鼎,6895783,6328540,7079468,8.96,-2.59,30423402,37695730,-19.29,-
twse,2026,5,9934,成霖,1552362,1566853,1486470,-0.92,4.43,7795077,7404141,5.27,-
twse,2026,5,9935,慶豐富,444076,412414,381272,7.67,16.47,2063504,1946686,6.0,-
twse,2026,5,9937,全國,2203616,2069469,1853598,6.48,18.88,9676582,9574753,1.06,-
twse,2026,5,9938,百和,1212931,1334019,1161739,-9.07,4.4,6586066,6803194,-3.19,-
twse,2026,5,9939,宏全,2880317,2786599,2599434,3.36,10.8,12526709,12333674,1.56,-
twse,2026,5,9940,信義,1032988,942245,754534,9.63,36.9,4852044,3739095,29.76,-
twse,2026,5,9941,裕融,3339278,3313416,3320224,0.78,0.57,16225908,16572017,-2.08,-
twse,2026,5,9942,茂順,381477,410263,344395,-7.01,10.76,1870642,1654856,13.03,-
twse,2026,5,9943,好樂迪,183735,171974,186084,6.83,-1.26,986450,1061588,-7.07,-
twse,2026,5,9944,新麗,224002,239649,208684,-6.52,7.34,1164267,1078307,7.97,-
twse,2026,5,9945,潤泰新,5231795,3938612,3041691,32.83,72.0,17966570,12523073,43.46,主係建案交屋認列及子公司潤弘正於大量施工階段，以致本月營收較去年同期增加。
twse,2026,5,9946,三發地產,105286,250849,25545,-58.02,312.15,2642160,59062,4373.53,本月及累月營收較去年同期增加，係因114年12月預售建案完工本月交屋入帳所致。
tpex,2026,5,9949,琉園,12304,11174,10295,10.11,19.51,57981,54954,5.5,-
tpex,2026,5,9950,萬國通,143085,148449,178974,-3.61,-20.05,862630,909896,-5.19,-
tpex,2026,5,9951,皇田,520714,505137,507245,3.08,2.65,2706833,2444447,10.73,-
twse,2026,5,9955,佳龍,125830,136842,130650,-8.04,-3.68,708573,532063,33.17,-
twse,2026,5,9958,世紀鋼,1708140,1766097,1324362,-3.28,28.97,8042587,6577976,22.26,-
tpex,2026,5,9960,邁達康,54259,73746,38410,-26.42,41.26,312763,267486,16.92,-
tpex,2026,5,9962,有益,151175,198479,154782,-23.83,-2.33,691338,996738,-30.63,-
twse,2026,5,合計,合計,11227585,10603413,11702788,5.88,-4.06,51257029,55938414,-8.36,
tpex,2026,5,合計,合計,16577253,15931537,15076248,4.05,9.95,78915163,71489775,10.38,
twse,2026,5,總計,總計,5137483950,5143986222,3528420617,-0.12,45.6,23786007611,17763607824,33.9,
tpex,2026,5,總計,總計,326894872,320628428,247311760,1.95,32.17,1500367417,1223828873,22.59,
twse,2026,6,1101,台泥,13382706,12612013,10107877,6.11,32.39,71467332,70380916,1.54,-
twse,2026,6,1102,亞泥,5885972,6296531,6019299,-6.52,-2.21,32706448,35260444,-7.24,-
twse,2026,6,1103,嘉泥,229237,230485,247791,-0.54,-7.48,1355713,1521022,-10.86,-
twse,2026,6,1104,環泥,508460,655816,627049,-22.46,-18.91,3559282,3897477,-8.67,-
twse,2026,6,1108,幸福,265297,335095,361327,-20.82,-26.57,1903969,2373296,-19.77,-
twse,2026,6,1109,信大,314135,348178,390871,-9.77,-19.63,1857846,2222076,-16.39,-
twse,2026,6,1110,東泥,213484,233647,222403,-8.62,-4.01,1267326,1488991,-14.88,-
twse,2026,6,1201,味全,1825679,1825310,1736584,0.02,5.13,10445618,10731978,-2.66,-
twse,2026,6,1203,味王,427563,432673,432438,-1.18,-1.12,2610790,2944445,-11.33,-
twse,2026,6,1210,大成,8952188,9065705,7980681,-1.25,12.17,53681329,50471928,6.35,-
twse,2026,6,1213,大飲,25270,22834,23916,10.66,5.66,150587,135192,11.38,-
twse,2026,6,1215,卜蜂,2419781,2488775,2226284,-2.77,8.69,14401643,13757991,4.67,-
twse,2026,6,1216,統一,58301112,59180335,55738019,-1.48,4.59,349977990,338838287,3.28,-
twse,2026,6,1217,愛之味,414313,376355,424548,10.08,-2.41,2353549,2427740,-3.05,-
twse,2026,6,1218,泰山,713728,821022,809797,-13.06,-11.86,5032265,4935865,1.95,-
twse,2026,6,1219,福壽,1104022,1115075,1099572,-0.99,0.4,7076264,7139489,-0.88,-
twse,2026,6,1220,台榮,273600,239785,255918,14.1,6.9,1508233,1555054,-3.01,-
twse,2026,6,1225,福懋油,1006736,1031005,984253,-2.35,2.28,6429101,6231711,3.16,-
twse,2026,6,1227,佳格,1949498,2282197,1980512,-14.57,-1.56,13933697,13055092,6.72,-
twse,2026,6,1229,聯華,1027017,786408,2140098,30.59,-52.01,5034007,6531639,-22.92,本公司本月營收衰退主因去年度於6月認列聯強現金股利收入，而今年度預計於7月認列。
twse,2026,6,1231,聯華食,1030161,986344,963173,4.44,6.95,6373030,6105448,4.38,-
twse,2026,6,1232,大統益,1866048,1831688,1604514,1.87,16.29,11481997,10501378,9.33,-
twse,2026,6,1233,天仁,195470,188910,163079,3.47,19.86,1131434,1079445,4.81,-
twse,2026,6,1234,黑松,728270,694368,768937,4.88,-5.28,4436616,4696718,-5.53,-
twse,2026,6,1235,興泰,11632,7962,12486,46.09,-6.83,93426,68170,37.04,"泰宇網通累計1-6月營收較去年同期增加27,045仟元"
twse,2026,6,1236,宏亞,110212,107321,96579,2.69,14.11,885268,849982,4.15,-
tpex,2026,6,1240,茂生農經,270176,244093,217592,10.68,24.16,1440672,1350363,6.68,-
twse,2026,6,1256,鮮活果汁-KY,575547,475678,377955,20.99,52.27,2647743,1795189,47.49,直飲產品銷量增加，致本月營收較去年同期成長。
tpex,2026,6,1259,安心,533260,547071,517989,-2.52,2.94,3091195,2998388,3.09,-
tpex,2026,6,1264,德麥,544506,555509,495311,-1.98,9.93,3465587,3252649,6.54,-
tpex,2026,6,1268,漢來美食,574472,598064,465413,-3.94,23.43,3675641,3150533,16.66,-
tpex,2026,6,1294,漢田生技,82336,68286,70108,20.57,17.44,455326,369142,23.34,-
tpex,2026,6,1295,生合,111446,80334,87952,38.72,26.71,510716,542837,-5.91,-
twse,2026,6,1301,台塑,13976274,14951422,14362122,-6.52,-2.68,89239090,92589306,-3.61,-
twse,2026,6,1303,南亞,27134592,28830982,20589873,-5.88,31.78,152243276,131267601,15.97,-
twse,2026,6,1304,台聚,2879163,3720859,3908637,-22.62,-26.33,21760607,23721617,-8.26,-
twse,2026,6,1305,華夏,564306,973037,1019947,-42.0,-44.67,5403379,5120046,5.53,-
twse,2026,6,1307,三芳,852934,876393,767647,-2.67,11.11,5663393,5405637,4.76,-
twse,2026,6,1308,亞聚,516682,521633,428134,-0.94,20.68,2852243,2875422,-0.8,-
twse,2026,6,1309,台達化,601607,974076,1246157,-38.23,-51.72,6174102,8081999,-23.6,因原料價格波動大，大陸貨低價搶單，導致銷售不易，部分客戶流失。
twse,2026,6,1310,台苯,569505,516855,757768,10.18,-24.84,4162400,4740083,-12.18,-
twse,2026,6,1312,國喬,1277524,1593246,1280315,-19.81,-0.21,12865757,11116549,15.73,-
twse,2026,6,1313,聯成,5262701,5371028,5143161,-2.01,2.32,31067655,29532045,5.19,-
twse,2026,6,1314,中石化,1040669,1290220,1471408,-19.34,-29.27,7979691,11405055,-30.03,-
twse,2026,6,1315,達新,204130,233648,237222,-12.63,-13.94,966968,1157524,-16.46,-
twse,2026,6,1316,上曜,677646,720420,335525,-5.93,101.96,3976695,1713111,132.13,主因子公司營收上升，致本年度營收較去年同期增加。
twse,2026,6,1319,東陽,1806325,1847625,1753048,-2.23,3.03,11293727,13184726,-14.34,-
twse,2026,6,1321,大洋,306226,361973,317814,-15.4,-3.64,1916992,1951678,-1.77,-
twse,2026,6,1323,永裕,181453,181398,167170,0.03,8.54,1081028,1045628,3.38,-
twse,2026,6,1324,地球,55838,55577,71021,0.46,-21.37,332426,376762,-11.76,-
twse,2026,6,1325,恆大,21606,20068,26477,7.66,-18.39,123378,166126,-25.73,-
twse,2026,6,1326,台化,27666322,27386895,24792702,1.02,11.59,168904093,152456956,10.78,-
tpex,2026,6,1336,台翰,273030,212126,210661,28.71,29.6,1247607,1268303,-1.63,-
twse,2026,6,1337,再生-KY,44343,45413,56280,-2.35,-21.21,284168,350314,-18.88,-
twse,2026,6,1338,廣華-KY,447304,426707,462259,4.82,-3.23,2505505,2528274,-0.9,-
twse,2026,6,1339,昭輝,123393,146731,127546,-15.9,-3.25,805450,907317,-11.22,-
twse,2026,6,1340,勝悅-KY,5224,6790,20548,-23.06,-74.57,28726,132949,-78.39,由於受市場低迷影響，EVO膠粒銷售持續虧損，故公司調整營運，並暫停該車間生產營運，致營收下滑。
twse,2026,6,1341,富林-KY,190490,198457,184762,-4.01,3.1,1335714,1273262,4.9,-
twse,2026,6,1342,八貫,308127,337474,219872,-8.69,40.13,1912148,1486405,28.64,-
twse,2026,6,1402,遠東新,22922082,23426660,20454748,-2.15,12.06,130514041,123890175,5.34,-
twse,2026,6,1409,新纖,3554062,4373931,3132986,-18.74,13.44,22055218,20174022,9.32,-
twse,2026,6,1410,南染,12793,20575,18073,-37.82,-29.21,106765,104337,2.32,-
twse,2026,6,1413,宏洲,166491,178752,169701,-6.85,-1.89,1007164,1208937,-16.69,-
twse,2026,6,1414,東和,35054,45981,37627,-23.76,-6.83,240705,259780,-7.34,-
twse,2026,6,1416,廣豐,48734,40522,28952,20.26,68.32,227106,162821,39.48,數位科技營收增加
twse,2026,6,1417,嘉裕,28158,21313,39386,32.11,-28.5,145293,139895,3.85,-
twse,2026,6,1418,東華,1173,1051,17,11.6,6800.0,3426,3548,-3.43,配合客戶生產線出貨
twse,2026,6,1419,新紡,323245,383133,273993,-15.63,17.97,2561464,2000540,28.03,-
twse,2026,6,1423,利華,2884,6117,3026,-52.85,-4.69,44399,42911,3.46,-
twse,2026,6,1432,大魯閣,65915,65979,108963,-0.09,-39.5,396501,662211,-40.12,-
twse,2026,6,1434,福懋,2148851,2497994,2180462,-13.97,-1.44,14210123,14933348,-4.84,-
twse,2026,6,1435,中福,499,498,499,0.2,0.0,2991,2991,0.0,-
twse,2026,6,1436,華友聯,245835,110845,1193671,121.78,-79.4,483042,1653468,-70.78,本月及累計營收較去年同期減少，係今年交屋數量較去年同期減少所致。
twse,2026,6,1437,勤益控,117312,61704,68515,90.12,71.22,409865,389724,5.16,本期主要因股利收入挹注，故營業收入較去年同期增加71.22%
twse,2026,6,1438,三地開發,1115,1117,0,-0.17,,391695,241,162429.04,因本年已有建案完工交屋，故營收變化大。
twse,2026,6,1439,雋揚,22042,11667,73383,88.92,-69.96,115151,233260,-50.63,主係本公司按持有比例陸續認列聯合營運建案交屋之營收。
twse,2026,6,1440,南紡,1046100,1117882,1182380,-6.42,-11.52,6563340,7892620,-16.84,-
twse,2026,6,1441,大東,90177,94130,150015,-4.19,-39.88,605123,777757,-22.19,-
twse,2026,6,1442,名軒,256823,199199,202556,28.92,26.79,832434,2137655,-61.05,本年累計認收69戶，去年累計認收185戶，故兩期差異大。
twse,2026,6,1443,立益物流,79901,79128,87039,0.97,-8.2,466261,505606,-7.78,-
twse,2026,6,1444,力麗,659642,1072308,525398,-38.48,25.55,4497883,3620653,24.22,-
twse,2026,6,1445,大宇,55138,56545,70022,-2.48,-21.25,307109,402827,-23.76,-
twse,2026,6,1446,宏和,11577,77509,9414,-85.06,22.97,332732,766818,-56.6,本期營建銷售戶數減少
twse,2026,6,1447,力鵬,3121865,1615677,2037885,93.22,53.19,16068031,14493662,10.86,本應5月底交貨之化學品，因船期延遲，至6月初才交貨，對客戶雖未違約，惟造成營業額認列月份不同。
twse,2026,6,1449,佳和,388010,283816,345469,36.71,12.31,1841534,1352413,36.16,-
twse,2026,6,1451,年興,640948,525245,593394,22.02,8.01,3207569,3127647,2.55,-
twse,2026,6,1452,宏益,127293,121121,111927,5.09,13.72,724288,699049,3.61,-
twse,2026,6,1453,大將,126,125,124,0.8,1.61,754,744,1.34,-
twse,2026,6,1454,台富,96895,126202,138473,-23.22,-30.02,641555,817201,-21.49,-
twse,2026,6,1455,集盛,464889,543385,540172,-14.44,-13.93,2869335,3585324,-19.96,-
twse,2026,6,1456,怡華,55786,28675,151919,94.54,-63.27,367504,460193,-20.14,本月認列建設收入較去年本月減少所致
twse,2026,6,1457,宜進,235910,249333,241456,-5.38,-2.29,1428011,1666627,-14.31,-
twse,2026,6,1459,聯發,78449,82210,87161,-4.57,-9.99,488150,621421,-21.44,-
twse,2026,6,1460,宏遠,442538,465096,440303,-4.85,0.5,3031829,3702942,-18.12,-
twse,2026,6,1463,強盛新,15921,15813,13353,0.68,19.23,115451,698820,-83.47,去年第一季子公司保強建設房屋售出入帳
twse,2026,6,1464,得力,833266,990946,816446,-15.91,2.06,5940122,6287159,-5.51,-
twse,2026,6,1465,偉全,38615,27068,42044,42.65,-8.15,200486,189995,5.52,-
twse,2026,6,1466,聚隆,184437,192089,248417,-3.98,-25.75,1111766,1345929,-17.39,-
twse,2026,6,1467,南緯,495486,371278,398372,33.45,24.37,2463202,2385936,3.23,-
twse,2026,6,1468,昶和,49452,44428,59407,11.3,-16.75,263936,455592,-42.06,-
twse,2026,6,1470,大統新創,74110,55312,66860,33.98,10.84,371627,412631,-9.93,-
twse,2026,6,1471,首利,10539,6792,18232,55.16,-42.19,47348,102191,-53.66,本年累計營收較去年同期減少，主係因為客戶需求減少所致。
twse,2026,6,1472,三洋實業,334945,354164,296420,-5.42,12.99,1910645,1804197,5.9,本公司以專案收入為主要營收，因各財務報表期間所認列專案別不同，使得營業收入同期比較不具相同基礎，此為本公司營業特性。
twse,2026,6,1473,台南,621453,431104,626872,44.15,-0.86,3390360,3999060,-15.22,-
twse,2026,6,1474,弘裕,195889,231333,208386,-15.32,-5.99,1370361,1440980,-4.9,-
twse,2026,6,1475,業旺,125099,125355,118949,-0.2,5.17,723298,759375,-4.75,-
twse,2026,6,1476,儒鴻,3762594,3059191,3288358,22.99,14.42,19706874,19092199,3.21,-
twse,2026,6,1477,聚陽,2851147,2708741,2836232,5.25,0.52,17062830,17612957,-3.12,-
twse,2026,6,1503,士電,3108909,3049512,3476781,1.94,-10.58,21121523,19154689,10.26,-
twse,2026,6,1504,東元,5277164,5685648,5269401,-7.18,0.14,30787970,29068550,5.91,-
twse,2026,6,1506,正道,117501,105801,97677,11.05,20.29,616098,546628,12.7,-
twse,2026,6,1512,瑞利,71375,83531,80520,-14.55,-11.35,552790,545607,1.31,-
twse,2026,6,1513,中興電,2833330,2392022,2616009,18.44,8.3,14023688,13552078,3.47,-
twse,2026,6,1514,亞力,1177480,799732,842897,47.23,39.69,5375189,4632467,16.03,-
twse,2026,6,1515,力山,424480,422351,399072,0.5,6.36,2222543,2207165,0.69,-
twse,2026,6,1516,川飛,11413,9678,7137,17.92,59.91,54786,40522,35.2,客戶需求增加
twse,2026,6,1517,利奇,189428,190652,158134,-0.64,19.78,988361,1057091,-6.5,-
twse,2026,6,1519,華城,1729751,1476965,2330489,17.11,-25.77,10212186,10494649,-2.69,-
twse,2026,6,1521,大億,320973,328362,299551,-2.25,7.15,2003503,1750890,14.42,-
twse,2026,6,1522,堤維西,2320836,2113362,1365040,9.81,70.01,13343229,9231323,44.54,主要是大茂堤維西汽車部件有限公司營收併入所致。
twse,2026,6,1524,耿鼎,176279,188066,160524,-6.26,9.81,1146434,1287199,-10.93,-
twse,2026,6,1525,江申,126005,119243,98787,5.67,27.55,634185,570609,11.14,-
twse,2026,6,1526,日馳,61113,54615,80451,11.89,-24.03,329814,408993,-19.35,-
twse,2026,6,1527,鑽全,260526,205906,259741,26.52,0.3,1332659,1557257,-14.42,-
twse,2026,6,1528,恩德,274993,241744,224388,13.75,22.55,1469911,1323729,11.04,-
twse,2026,6,1529,樂事綠能,37321,119546,35709,-68.78,4.51,440947,475526,-7.27,-
twse,2026,6,1530,亞崴,167572,86654,205636,93.38,-18.51,912363,1036303,-11.95,-
twse,2026,6,1531,高林股,176746,131713,121583,34.19,45.37,781263,799626,-2.29,-
twse,2026,6,1532,勤美,1305359,1217993,1084300,7.17,20.38,6914737,6082172,13.68,-
twse,2026,6,1533,車王電,458717,482812,350211,-4.99,30.98,2706762,1729413,56.51,"本年度累計營收較去年同期增加約977,349仟元，主要係電動巴士營收增加約10.84億所致"
twse,2026,6,1535,中宇,798088,581509,1182692,37.24,-32.51,4187134,5539453,-24.41,-
twse,2026,6,1536,和大,366996,394750,353502,-7.03,3.81,2360366,2365285,-0.2,-
twse,2026,6,1537,廣隆,570579,577620,500269,-1.21,14.05,3437725,3414045,0.69,-
twse,2026,6,1538,正峰,10936,3520,11564,210.68,-5.43,34426,60901,-43.47,-
twse,2026,6,1539,巨庭,100767,105864,116132,-4.81,-13.23,553592,723146,-23.44,-
twse,2026,6,1540,喬福,30666,49442,62813,-37.97,-51.17,201855,290359,-30.48,歐美巿場衰退
twse,2026,6,1541,錩泰,187639,214691,350492,-12.6,-46.46,1202080,1943237,-38.14,-
twse,2026,6,1558,伸興,777552,813081,722909,-4.36,7.55,4218267,4224322,-0.14,-
twse,2026,6,1560,中砂,832959,829267,715653,0.44,16.39,4785855,3890219,23.02,-
twse,2026,6,1563,巧新,749164,635255,616775,17.93,21.46,3851728,3633073,6.01,-
tpex,2026,6,1565,精華,301680,275324,362603,9.57,-16.8,1780360,2168500,-17.89,-
twse,2026,6,1568,倉佑,101779,93701,86109,8.62,18.19,555175,541966,2.43,-
tpex,2026,6,1569,濱川,248282,303922,265081,-18.3,-6.33,1624995,1688961,-3.78,-
tpex,2026,6,1570,力肯,55651,57570,55105,-3.33,0.99,288156,281169,2.48,-
tpex,2026,6,1580,新麥,393900,359012,381793,9.71,3.17,2264808,2338680,-3.15,-
twse,2026,6,1582,信錦,624512,610794,690091,2.24,-9.5,4121672,4397298,-6.26,-
twse,2026,6,1583,程泰,382226,221590,431019,72.49,-11.32,1976660,1879731,5.15,-
tpex,2026,6,1584,精剛,194678,182560,201128,6.63,-3.2,1084456,1339969,-19.06,-
tpex,2026,6,1586,和勤,216845,198262,173255,9.37,25.15,1169445,1100819,6.23,-
twse,2026,6,1587,吉茂,185923,214381,210352,-13.27,-11.61,1352344,1198763,12.81,-
twse,2026,6,1589,永冠-KY,720239,760800,761138,-5.33,-5.37,3979616,3750325,6.11,-
twse,2026,6,1590,亞德客-KY,3912577,3909466,2700503,0.07,44.88,22177882,17048892,30.08,本月營業收入換算匯率為4.6662457；本年累計營業收入換算匯率為4.6089963。
tpex,2026,6,1591,駿吉-KY,36786,36518,16208,0.73,126.96,253174,48948,417.23,本期銷售數量增加所致
tpex,2026,6,1593,祺驊,115466,104655,109623,10.33,5.33,646602,583565,10.8,-
tpex,2026,6,1595,川寶,97936,89998,76574,8.82,27.89,411957,394011,4.55,-
twse,2026,6,1597,直得,131807,137546,90746,-4.17,45.24,757658,524985,44.31,-
twse,2026,6,1598,岱宇,420998,402138,361201,4.68,16.55,2911930,3165274,-8.0,-
tpex,2026,6,1599,宏佳騰,132127,145180,118481,-8.99,11.51,1073149,1003665,6.92,-
twse,2026,6,1603,華電,483897,444858,463927,8.77,4.3,2808354,2850720,-1.48,-
twse,2026,6,1604,聲寶,828708,778972,776231,6.38,6.76,4795800,4892049,-1.96,-
twse,2026,6,1605,華新,16719950,17459111,12927141,-4.23,29.33,90767841,91171308,-0.44,-
twse,2026,6,1608,華榮,1102958,1119629,973018,-1.48,13.35,6717464,5800473,15.8,-
twse,2026,6,1609,大亞,3369481,3135375,2746810,7.46,22.66,18022556,15143769,19.0,-
twse,2026,6,1611,中電,83645,86945,94416,-3.79,-11.4,508785,563204,-9.66,-
twse,2026,6,1612,宏泰,717168,661950,808375,8.34,-11.28,3971752,4026778,-1.36,-
twse,2026,6,1614,三洋電,461010,439234,473583,4.95,-2.65,2650359,2886395,-8.17,-
twse,2026,6,1615,大山,633108,479598,493218,32.0,28.36,2928324,2864357,2.23,-
twse,2026,6,1616,億泰,572015,475294,433183,20.34,32.04,2789369,2539319,9.84,-
twse,2026,6,1617,榮星,376197,344911,269513,9.07,39.58,2021389,1603878,26.03,-
twse,2026,6,1618,合機,323809,615760,519898,-47.41,-37.71,2290435,2652367,-13.64,-
twse,2026,6,1623,大東電,602591,355869,530317,69.32,13.62,3298168,3238610,1.83,-
twse,2026,6,1626,艾美特-KY,1079582,1010772,901516,6.8,19.75,4885851,5073388,-3.69,-
twse,2026,6,1702,南僑,1874328,1887464,1823967,-0.69,2.76,11544145,11626549,-0.7,-
twse,2026,6,1707,葡萄王,819639,787637,883616,4.06,-7.24,4691625,4821303,-2.68,-
twse,2026,6,1708,東鹼,519370,538697,503006,-3.58,3.25,3308419,2967222,11.49,-
twse,2026,6,1709,和益,1030724,902779,605826,14.17,70.13,5113089,4817020,6.14,因原料成本上漲，調高產品售價所致。
twse,2026,6,1710,東聯,1513960,1293230,1850368,17.06,-18.18,10577149,11949612,-11.48,無
twse,2026,6,1711,永光,690754,719158,598086,-3.94,15.49,4177012,3927973,6.34,-
twse,2026,6,1712,興農,1716087,1743868,1648875,-1.59,4.07,10169009,9861715,3.11,-
twse,2026,6,1713,國化,26893,46485,29131,-42.14,-7.68,226441,210788,7.42,-
twse,2026,6,1714,和桐,3074967,3477938,1773191,-11.58,73.41,17016615,10742819,58.39,115年6月營收較去年同期增加達50%以上，主係產品銷量、售價皆較去年同期增加。
twse,2026,6,1717,長興,3831479,3860946,3297109,-0.76,16.2,22168850,20465385,8.32,-
twse,2026,6,1718,中纖,4113665,3777928,4036164,8.88,1.92,23759187,23394097,1.56,本月份自結異業別合併營收資訊，未經會計師簽證或核閱。
twse,2026,6,1720,生達,615012,580979,563676,5.85,9.1,3524488,3467765,1.63,-
twse,2026,6,1721,三晃,141052,118880,129787,18.65,8.67,806404,890042,-9.39,-
twse,2026,6,1722,台肥,815569,962347,910971,-15.25,-10.47,6749941,6342952,6.41,-
twse,2026,6,1723,中碳,674339,636660,510415,5.91,32.11,3320133,3123081,6.3,-
twse,2026,6,1725,元禎,586499,773475,770421,-24.17,-23.87,4610868,4282152,7.67,-
twse,2026,6,1726,永記,746600,827132,790771,-9.73,-5.58,5175368,5016317,3.17,-
twse,2026,6,1727,中華化,224411,227219,188205,-1.23,19.23,1157509,969866,19.34,-
twse,2026,6,1730,花仙子,217888,193465,199024,12.62,9.47,1257131,1231050,2.11,-
twse,2026,6,1731,美吾華,131865,137146,128665,-3.85,2.48,854499,796989,7.21,-
twse,2026,6,1732,毛寶,65934,63254,59928,4.23,10.02,363363,337015,7.81,-
twse,2026,6,1733,五鼎,173952,145664,144858,19.42,20.08,990376,1068701,-7.32,-
twse,2026,6,1734,杏輝,278642,300796,268501,-7.36,3.77,1697135,1617819,4.9,-
twse,2026,6,1735,日勝化,193755,203851,167260,-4.95,15.84,1263331,1183914,6.7,-
twse,2026,6,1736,喬山,5196509,4061045,4539011,27.95,14.48,25064478,22915176,9.37,-
twse,2026,6,1737,臺鹽,256387,249347,284962,2.82,-10.02,1558509,1676386,-7.03,-
tpex,2026,6,1742,台蠟,6549,8518,8396,-23.11,-21.99,41324,69904,-40.88,-
twse,2026,6,1752,南光,155084,186759,189294,-16.96,-18.07,1068214,1121187,-4.72,-
twse,2026,6,1760,寶齡富錦,132734,234475,138211,-43.39,-3.96,1031127,985306,4.65,-
twse,2026,6,1762,中化生,101773,72426,170105,40.51,-40.17,666405,536991,24.09,-
twse,2026,6,1773,勝一,1250360,1171778,1037720,6.7,20.49,6652050,5603110,18.72,-
twse,2026,6,1776,展宇,73039,81134,68919,-9.97,5.97,528284,519785,1.63,-
tpex,2026,6,1777,生泰,125864,109249,98176,15.2,28.2,611976,640591,-4.46,-
tpex,2026,6,1780,立弘,62730,92237,67051,-31.99,-6.44,498399,425416,17.15,-
tpex,2026,6,1781,合世,34111,40051,25084,-14.83,35.98,193290,191248,1.06,-
twse,2026,6,1783,和康生,86139,73604,78908,17.03,9.16,411881,386002,6.7,-
tpex,2026,6,1784,訊聯,111064,110790,105402,0.24,5.37,653052,595201,9.71,-
tpex,2026,6,1785,光洋科,4607657,6008776,2697135,-23.31,70.83,30769989,17767399,73.18,主係業績增長所致
twse,2026,6,1786,科妍,74440,73354,73738,1.48,0.95,416348,413822,0.61,-
tpex,2026,6,1788,杏昌,392788,345186,378774,13.79,3.69,2252796,2120555,6.23,-
twse,2026,6,1789,神隆,248283,175224,258387,41.69,-3.91,1338213,1433886,-6.67,-
twse,2026,6,1795,美時,3398684,2324237,1044271,46.22,225.45,17453085,9476809,84.16,本月營收較去年同期增加，主要係合併NAGH所致; 本年累計營收較去年同期增加，主要係合併NAGH及出口業務成長所致。
tpex,2026,6,1796,金穎生技,70607,46907,57520,50.52,22.75,322124,334287,-3.63,-
tpex,2026,6,1799,易威,81254,56844,48651,42.94,67.01,463329,260797,77.65,因新藥/學名藥產品出貨較去年同期多，故營收成長。
twse,2026,6,1802,台玻,4207055,3919507,3312587,7.33,27.0,22300422,19968075,11.68,-
twse,2026,6,1805,寶徠,114,115,115,-0.86,-0.86,104037,97014,7.23,-
twse,2026,6,1806,冠軍,236810,258031,297653,-8.22,-20.44,1439162,1778413,-19.07,-
twse,2026,6,1808,潤隆,3067339,1754456,1886,74.83,162537.27,12460368,68868,17993.11,營收變動主要係本年度完工建案已陸續過戶交屋認列房地出售收入所致。
twse,2026,6,1809,中釉,202891,190866,194083,6.3,4.53,1201841,1200346,0.12,-
twse,2026,6,1810,和成,391535,389922,444489,0.41,-11.91,2184427,2380994,-8.25,-
tpex,2026,6,1813,寶利徠,21873,25417,25543,-13.94,-14.36,147746,164372,-10.11,-
tpex,2026,6,1815,富喬,688976,708433,470730,-2.74,46.36,4012631,2805007,43.05,-
twse,2026,6,1817,凱撒衛,228982,238415,219792,-3.95,4.18,1302175,1288204,1.08,-
twse,2026,6,1903,士紙,11611,12333,11837,-5.85,-1.9,76619,77404,-1.01,-
twse,2026,6,1904,正隆,3878071,3847992,3960772,0.78,-2.08,22107225,21051328,5.01,-
twse,2026,6,1905,華紙,1517398,1584361,1523941,-4.22,-0.42,9080584,9566705,-5.08,-
twse,2026,6,1906,寶隆,286819,224804,262756,27.58,9.15,1581332,1599304,-1.12,-
twse,2026,6,1907,永豐餘,6602187,6501840,5860017,1.54,12.66,37859592,36249016,4.44,-
twse,2026,6,1909,榮成,4709421,4390751,3268118,7.25,44.1,24210524,21463732,12.79,-
twse,2026,6,2002,中鋼,27994106,29955286,25540284,-6.54,9.6,168002709,168266928,-0.15,-
twse,2026,6,2006,東和鋼鐵,5474143,5419143,5021701,1.01,9.0,29896354,30291645,-1.3,-
twse,2026,6,2007,燁興,367842,448127,495254,-17.91,-25.72,2263967,3085981,-26.63,-
twse,2026,6,2008,高興昌,164518,156870,157275,4.87,4.6,821656,995071,-17.42,-
twse,2026,6,2009,第一銅,307040,292286,265927,5.04,15.46,1690872,1401782,20.62,-
twse,2026,6,2010,春源,2154426,2139816,2163710,0.68,-0.42,12865922,12012603,7.1,-
twse,2026,6,2012,春雨,623323,663723,756729,-6.08,-17.62,3768784,4334918,-13.05,-
twse,2026,6,2013,中鋼構,1479472,1683483,1910366,-12.11,-22.55,9643740,10918050,-11.67,-
twse,2026,6,2014,中鴻,1830179,1948459,1237189,-6.07,47.93,10322219,11120820,-7.18,-
twse,2026,6,2015,豐興,2498361,2662945,2767557,-6.18,-9.72,13991828,15812421,-11.51,-
twse,2026,6,2017,官田鋼,249737,235624,211574,5.98,18.03,1408973,1421224,-0.86,-
twse,2026,6,2020,美亞,311582,308904,300664,0.86,3.63,2048373,2138066,-4.19,-
twse,2026,6,2022,聚亨,777747,849409,650935,-8.43,19.48,6225771,4240003,46.83,-
twse,2026,6,2023,燁輝,5315284,6070225,5417210,-12.43,-1.88,33690083,36643425,-8.05,-
twse,2026,6,2024,志聯,98259,86666,83852,13.37,17.18,510396,506779,0.71,-
twse,2026,6,2025,千興,85486,237728,54154,-64.04,57.85,902798,377474,139.16,本月及本年營收較去年同期增加，係因鎳價上漲帶動不銹鋼售價提高，另一因素為去年基期較低，造成增加數大幅成長。
twse,2026,6,2027,大成鋼,11907806,11666070,8284678,2.07,43.73,67195885,51576227,30.28,-
twse,2026,6,2028,威致,776510,1015879,686777,-23.56,13.06,4741494,4578260,3.56,-
twse,2026,6,2029,盛餘,1237439,1122093,1206332,10.27,2.57,6713601,7450625,-9.89,-
twse,2026,6,2030,彰源,986869,1192320,737070,-17.23,33.89,5824707,5200144,12.01,-
twse,2026,6,2031,新光鋼,1566966,1553140,1453286,0.89,7.82,9410970,9644612,-2.42,-
twse,2026,6,2032,新鋼,280939,287424,250850,-2.25,11.99,1665543,1520925,9.5,-
twse,2026,6,2033,佳大,47205,57573,66348,-18.0,-28.85,344018,361918,-4.94,-
twse,2026,6,2034,允強,1224695,1149326,999935,6.55,22.47,6293155,6959839,-9.57,-
tpex,2026,6,2035,唐榮公司,705520,984709,673517,-28.35,4.75,5291734,5135967,3.03,-
twse,2026,6,2038,海光,614558,697855,760417,-11.93,-19.18,3983958,4995124,-20.24,-
twse,2026,6,2049,上銀,2554057,2480198,1940410,2.97,31.62,13887696,11764271,18.04,-
twse,2026,6,2059,川湖,4442581,3791303,1386041,17.17,220.52,16279766,8182933,98.94,新產品開始出貨，導致年對年營收增幅較大。
tpex,2026,6,2061,風青,121620,115938,92513,4.9,31.46,672585,600050,12.08,-
twse,2026,6,2062,橋椿,642373,594567,488904,8.04,31.39,3486742,3041366,14.64,-
tpex,2026,6,2063,世鎧精密,71827,80847,66826,-11.15,7.48,459729,484937,-5.19,-
tpex,2026,6,2064,晉椿,133386,152369,113347,-12.45,17.67,894836,745349,20.05,-
tpex,2026,6,2065,世豐,179113,181618,160182,-1.37,11.81,1092466,1062811,2.79,-
tpex,2026,6,2066,世德,256676,252913,207778,1.48,23.53,1471903,1362340,8.04,-
tpex,2026,6,2067,嘉鋼,80127,77699,92050,3.12,-12.95,464880,524084,-11.29,-
twse,2026,6,2069,運錩,921026,916906,823515,0.44,11.84,4999074,5326965,-6.15,-
tpex,2026,6,2070,精湛,67296,50374,50533,33.59,33.17,345498,296758,16.42,-
twse,2026,6,2072,世紀風電,1718369,1542251,854430,11.41,101.11,8846284,5416410,63.32,本月營收較去年本月增加，主要係因本月承接工程案件依進度認列收入較高所致
tpex,2026,6,2073,雄順,102918,94285,47813,9.15,115.25,379587,290924,30.47,主因今年第二季起開始增加購料含料自製生產銷售，使得營業收入增加。
twse,2026,6,2101,南港,3414007,2151553,797191,58.67,328.25,13048151,4518866,188.74,本公告係屬自結數，如與公告財報有所差異請以財報為準，另本月份營建收入29億/累積營建收入94億元。
twse,2026,6,2102,泰豐,19010,16436,22503,15.66,-15.52,89730,137796,-34.88,-
twse,2026,6,2103,台橡,3913317,4060755,2790394,-3.63,40.24,22212066,19505258,13.87,-
twse,2026,6,2104,國際中橡,872818,963845,996459,-9.44,-12.4,6759918,8240207,-17.96,以上營收不包含停業部門營收:115年6月0仟元暨114年6月0仟元；115年1~6月0仟元暨114年1~6月71仟元。
twse,2026,6,2105,正新,8570989,7820448,7452691,9.59,15.0,48379407,46111581,4.91,無。
twse,2026,6,2106,建大,3109402,3029537,2786247,2.63,11.59,18208313,17788461,2.36,-
twse,2026,6,2107,厚生,205165,108467,98957,89.14,107.32,748158,696734,7.38,主要係因本期營建收入較去年同期增加所致.
twse,2026,6,2108,南帝,1056338,1084546,801613,-2.6,31.77,6046460,4897675,23.45,-
twse,2026,6,2109,華豐,347217,434108,380940,-20.01,-8.85,2278432,2380795,-4.29,-
twse,2026,6,2114,鑫永銓,140477,140873,131638,-0.28,6.71,809822,749363,8.06,-
twse,2026,6,2115,六暉-KY,296722,311583,223426,-4.76,32.8,1741262,1553314,12.09,-
twse,2026,6,2201,裕隆,5920500,5720734,6439458,3.49,-8.05,34513905,35809475,-3.61,-
twse,2026,6,2204,中華,3042427,2779423,2851249,9.46,6.7,18057256,16400158,10.1,-
twse,2026,6,2206,三陽工業,5068819,5235734,5851976,-3.18,-13.38,30565574,32288100,-5.33,-
twse,2026,6,2207,和泰車,28989099,27815281,19539242,4.22,48.36,157585602,139379175,13.06,-
twse,2026,6,2208,台船,1489333,1410191,1296655,5.61,14.85,9588436,13837825,-30.7,-
twse,2026,6,2211,長榮鋼,1636457,1404443,1111341,16.52,47.25,7667496,7511594,2.07,-
tpex,2026,6,2221,大甲,149053,145456,110698,2.47,34.64,807160,676984,19.22,-
twse,2026,6,2227,裕日車,1236595,1088227,1260734,13.63,-1.91,6716357,8223075,-18.32,-
twse,2026,6,2228,劍麟,409173,401997,400211,1.78,2.23,2442333,2519395,-3.05,營業收入係以合併營業收入申報
tpex,2026,6,2230,泰茂,101206,131746,127286,-23.18,-20.48,1145706,759749,50.8,本年累計變動增加係因酒水事業收入增加
twse,2026,6,2231,為升,233407,218181,284279,6.97,-17.89,1484608,1705875,-12.97,-
twse,2026,6,2233,宇隆,284710,300095,264654,-5.12,7.57,1695564,1715342,-1.15,-
tpex,2026,6,2235,謚源,39950,52532,48639,-23.95,-17.86,290411,277994,4.46,-
twse,2026,6,2236,百達-KY,927824,1067368,528213,-13.07,75.65,5679717,4574412,24.16,主係AI數據中心儲存需求大增及客戶推出高存量HDD新產品，致使整體銷售金額成長
twse,2026,6,2237,華德動能-創,310668,321061,186810,-3.23,66.3,1838155,757293,142.72,本月銷售電動巴士32輛及維修收入
twse,2026,6,2239,英利-KY,1250670,1260516,1557115,-0.78,-19.68,8305303,9390791,-11.55,-
twse,2026,6,2241,艾姆勒,96393,62162,42820,55.06,125.11,471463,320589,47.06,係客戶需求增加
twse,2026,6,2243,宏旭-KY,228251,91034,380900,150.73,-40.07,970172,738064,31.44,本月認列合約收入金額較去年同期減少
twse,2026,6,2247,汎德永業,4101099,3963120,4409286,3.48,-6.98,20624972,27888976,-26.04,-
twse,2026,6,2248,華勝-KY,307728,197831,148957,55.55,106.58,1332132,900780,47.88,本月增減百分比達50%以上，係受惠於本公司客戶新車型上市熱銷所致。本公司六⽉營收亦因此創單月歷史新⾼。
twse,2026,6,2250,IKKA-KY,260427,230876,270306,12.79,-3.65,1573243,1717241,-8.38,-
twse,2026,6,2254,巨鎧精密-創,3488,1326,30101,163.04,-88.41,62568,318980,-80.38,本⽉營收較去年同期營收減少，係因客⼾訂單減少所致。
twse,2026,6,2258,鴻華先進-創,454732,541356,370685,-16.0,22.67,2304967,2939984,-21.59,-
twse,2026,6,2301,光寶科,18655552,17353659,13619675,7.5,36.97,96112325,76839607,25.08,-
twse,2026,6,2302,麗正,99738,86327,68452,15.53,45.7,500758,410036,22.12,-
twse,2026,6,2303,聯電,23124962,22943755,18823070,0.78,22.85,129770564,116616614,11.27,-
twse,2026,6,2305,全友,149910,115955,61861,29.28,142.33,632462,352109,79.62,"受惠於AI及大數據發展,光電子設備需求強勁"
twse,2026,6,2308,台達電,65602611,58961817,42208156,11.26,55.42,342608732,242954492,41.01,本月與去年同期增加百分比達50％以上，主要係因AI相關產品需求旺盛
twse,2026,6,2312,金寶,14855388,12356534,11194907,20.22,32.69,74966152,79157486,-5.29,-
twse,2026,6,2313,華通,6915025,6761659,5716554,2.26,20.96,39540030,34930372,13.19,-
twse,2026,6,2314,台揚,140280,109672,112475,27.9,24.72,828731,568918,45.66,-
twse,2026,6,2316,楠梓電,320550,382034,250761,-16.09,27.83,2154264,1644983,30.95,-
twse,2026,6,2317,鴻海,821762936,859409333,540236697,-4.38,52.11,4642860708,3439520440,34.98,1.主要受惠於伺服器出貨增加　2.消費智能新產品出貨優於去年同期
twse,2026,6,2321,東訊,80209,64855,79003,23.67,1.52,372148,370481,0.44,-
twse,2026,6,2323,中環,638861,639920,460148,-0.16,38.83,3956002,3408582,16.06,無
twse,2026,6,2324,仁寶,95853605,70461810,60519899,36.03,58.38,439598212,379541136,15.82,客戶需求較去年同期成長
twse,2026,6,2327,國巨*,15359009,15058220,11056490,1.99,38.91,82621975,63875083,29.34,-
twse,2026,6,2328,廣宇,1958965,1701749,1973488,15.11,-0.73,9629732,11452641,-15.91,-
twse,2026,6,2329,華泰,1822186,1857900,1758522,-1.92,3.62,10336694,9341364,10.65,-
twse,2026,6,2330,台積電,442679969,416975163,263708978,6.16,67.86,2404483690,1773045533,35.61,因先進製程產品需求增加所致。
twse,2026,6,2331,精英,2269289,1554781,1803301,45.95,25.84,10752250,8929347,20.41,-
twse,2026,6,2332,友訊,1292542,1188520,1082609,8.75,19.39,7127361,6487328,9.86,-
twse,2026,6,2337,旺宏,6956348,6255653,2200717,11.2,216.09,29593392,12936718,128.75,受市場需求增加影響。
twse,2026,6,2338,光罩,508943,517714,508515,-1.69,0.08,3052444,3217890,-5.14,-
twse,2026,6,2340,台亞,483128,407468,415265,18.56,16.34,2163511,2117615,2.16,-
twse,2026,6,2342,茂矽,176335,173992,168632,1.34,4.56,1008161,1077462,-6.43,-
twse,2026,6,2344,華邦電,20596799,20001444,7105364,2.97,189.87,98096329,41010574,139.19,受市場供需影響。
twse,2026,6,2345,智邦,39554529,28622864,24543014,38.19,61.16,165658435,103355359,60.28,客戶需求增加
twse,2026,6,2347,聯強,76417552,67818918,32455508,12.67,135.45,327671743,184717227,77.39,本月營收較去年同期增加135%，主係受惠於AI建置熱潮帶動資料中心相關產品市場需求所致；另自結數前期調整列入累計營收
twse,2026,6,2348,海悅,1498327,170123,430970,780.73,247.66,3116266,3250481,-4.12,本月增減百分比達50％以上，係因本期認列後壁田段等建案營建收入
twse,2026,6,2349,錸德,644873,745406,765750,-13.48,-15.78,3755675,3972725,-5.46,-
twse,2026,6,2351,順德,1213743,1156261,799991,4.97,51.71,6360801,5120855,24.21,主係客戶應用於AI領域之電源管理需求強勁，車用領域所需之導線架亦逐步復甦，客戶之拉貨動能提升。
twse,2026,6,2352,佳世達,18670885,17244920,18786425,8.26,-0.61,104270952,103210965,1.02,-
twse,2026,6,2353,宏碁,27818445,26165549,28685486,6.31,-3.02,157726694,127869997,23.34,-
twse,2026,6,2354,鴻準,15054892,8757709,13604963,71.9,10.65,55622396,71221758,-21.9,-
twse,2026,6,2355,敬鵬,1365750,1507327,1307723,-9.39,4.43,8297117,7931258,4.61,-
twse,2026,6,2356,英業達,102262391,82807865,63274343,23.49,61.61,470167600,343611725,36.83,客戶需求增加，較去年同期成長。
twse,2026,6,2357,華碩,106723044,69094002,68572959,54.46,55.63,466102272,335699473,38.84,本月增減差異說明：主要來自AI伺服器之銷售成長。
twse,2026,6,2359,所羅門,580287,525755,428060,10.37,35.56,2346896,2254084,4.11,-
twse,2026,6,2360,致茂,4114136,4549607,2377777,-9.57,73.02,25389128,13320446,90.6,市場需求續強，營收逐季增長
twse,2026,6,2362,藍天,2231200,2405768,1713014,-7.25,30.24,11470739,9750704,17.64,-
twse,2026,6,2363,矽統,466594,349345,266932,33.56,74.79,2211081,1106054,99.9,(1)季節性影響 ; (2)115/4起新增合併個體廈門凌陽華芯科技股份有限公司營收
twse,2026,6,2364,倫飛,182557,161285,114055,13.18,60.06,857725,766072,11.96,客戶專案出貨增加，致本月營收較去年同期增加。
twse,2026,6,2365,昆盈,79394,79164,95985,0.29,-17.28,488411,467071,4.56,-
twse,2026,6,2367,燿華,1375316,1533479,1434730,-10.31,-4.14,8008524,8645499,-7.36,-
twse,2026,6,2368,金像電,8255188,8773229,4631945,-5.9,78.22,43660426,25874276,68.74,接單量增加
twse,2026,6,2369,菱生,631125,645160,462307,-2.17,36.51,3537444,2576445,37.29,-
twse,2026,6,2371,大同,5292568,3582351,4537514,47.74,16.64,24501703,23551872,4.03,-
twse,2026,6,2373,震旦行,884597,802236,843204,10.26,4.9,5122499,5252226,-2.46,-
twse,2026,6,2374,佳能,1048813,1005798,881599,4.27,18.96,5791792,3826176,51.37,今年較去年累計成長超過50%，主係影像視覺產品、光學相關模組及因客戶專案出貨轉趨穩健。
twse,2026,6,2375,凱美,543117,496776,458767,9.32,18.38,3009457,2770738,8.61,-
twse,2026,6,2376,技嘉,42892460,49053470,25447702,-12.55,68.55,249269205,168014728,48.36,AI訂單需求暢旺
twse,2026,6,2377,微星,17755864,15798485,19560912,12.38,-9.22,106169559,114856982,-7.56,-
twse,2026,6,2379,瑞昱,12310586,12523520,10207732,-1.7,20.6,73975769,66936759,10.51,無
twse,2026,6,2380,虹光,222021,302564,242660,-26.62,-8.5,1454746,1342765,8.33,-
twse,2026,6,2382,廣達,385190820,311481017,189868451,23.66,102.87,1845814207,989793642,86.48,產品組合變更
twse,2026,6,2383,台光電,17732956,15618565,8035115,13.53,120.69,80342444,44187761,81.82,受惠於AI伺服器成長力道
twse,2026,6,2385,群光,7888735,7226928,8346496,9.15,-5.48,45259478,47775559,-5.26,-
twse,2026,6,2387,精元,1404511,1349182,1703936,4.1,-17.57,8457232,9385609,-9.89,-
twse,2026,6,2388,威盛,1248016,1110333,931278,12.4,34.01,5607351,4176965,34.24,-
twse,2026,6,2390,云辰,59823,63164,50888,-5.28,17.55,322952,352125,-8.28,-
twse,2026,6,2392,正崴,5498589,6047246,9558929,-9.07,-42.47,38052555,42753591,-10.99,-
twse,2026,6,2393,億光,1830701,1772220,1655534,3.29,10.58,10396323,10078171,3.15,-
twse,2026,6,2395,研華,10122989,7733828,5838214,30.89,73.39,46511554,35187042,32.18,客戶端積極下單，專案需求與出貨暢旺，帶動整體營收大幅成長。
twse,2026,6,2397,友通,1284742,1187620,977955,8.17,31.37,6738375,5362673,25.65,-
twse,2026,6,2399,映泰,158673,191777,176939,-17.26,-10.32,963211,950861,1.29,-
twse,2026,6,2401,凌陽,734090,724384,542783,1.33,35.24,3882273,3247807,19.53,-
twse,2026,6,2402,毅嘉,1134829,1065547,932475,6.5,21.7,6081262,5239102,16.07,-
twse,2026,6,2404,漢唐,8743401,9217814,5794137,-5.14,50.9,46356542,26302707,76.24,"營收較去年同期增加50%以上,主係因本月正在投入進行的專案較去年同期增加所致。"
twse,2026,6,2405,輔信,164735,149777,133802,9.98,23.11,901546,839065,7.44,-
twse,2026,6,2406,國碩,805136,960589,493953,-16.18,62.99,5542970,2373911,133.49,主要係因子公司太陽能導電漿產品、AI伺服器液冷管接件及其零組件之加工與測試服務銷量增加所致。
twse,2026,6,2408,南亞科,29388309,27669563,4074153,6.21,621.33,131636005,17714034,643.11,受市場需求成長影響。
twse,2026,6,2409,友達,24952469,23838344,21921538,4.67,13.82,139922549,141338620,-1.0,-
twse,2026,6,2412,中華電,21342447,19523164,19157690,9.31,11.4,121351909,112538805,7.83,-
twse,2026,6,2413,環科,332034,325720,248627,1.93,33.54,1800569,1563237,15.18,-
twse,2026,6,2414,精技,5092378,4100503,2719385,24.18,87.26,20333244,13908068,46.19,本月營收較去年同期增加87.26%，主係受惠於大型專案AI伺服器需求增加所致
twse,2026,6,2415,錩新,211964,192215,194113,10.27,9.19,1237513,1122428,10.25,-
twse,2026,6,2417,圓剛,343214,304749,327001,12.62,4.95,1871705,1655208,13.07,-
twse,2026,6,2419,仲琦,951949,639214,958408,48.92,-0.67,4119381,4288481,-3.94,-
twse,2026,6,2420,新巨,210736,179885,190307,17.15,10.73,1140978,1124472,1.46,-
twse,2026,6,2421,建準,1855096,1692060,1563439,9.63,18.65,10438117,8825430,18.27,-
twse,2026,6,2423,固緯,330769,287483,261148,15.05,26.65,1708111,1377914,23.96,-
twse,2026,6,2424,隴華,29231,5283,14991,453.3,94.99,86490,100324,-13.78,本月增加因本月銷售監控系統軟硬體增加。
twse,2026,6,2425,承啟,2408356,1777915,506419,35.45,375.56,8980730,4147934,116.51,"1.主係為子公司營業收入增加。2.以上金額包含停業單位營業收入115年1-6月7,323,761仟元,114年1-6月2,582,428仟元"
twse,2026,6,2426,鼎元,249133,233364,208634,6.75,19.41,1237137,1271555,-2.7,-
twse,2026,6,2427,三商電,499795,296105,565923,68.78,-11.68,3143801,3146530,-0.08,-
twse,2026,6,2428,興勤,973436,867735,663913,12.18,46.62,4757503,3950877,20.41,-
twse,2026,6,2429,銘旺科,21247,41035,28185,-48.22,-24.61,200442,206875,-3.1,-
twse,2026,6,2430,燦坤,1426134,1489388,1475748,-4.24,-3.36,8671133,8861637,-2.14,-
twse,2026,6,2431,聯昌,13533,22838,27628,-40.74,-51.01,121107,222248,-45.5,本月營收較去年同期減少，主要係終端客戶季節性需求調整，及部分出貨時程順延至次月認列，整體訂單需求仍維持穩定。
twse,2026,6,2432,倚天酷碁-創,435143,452941,305096,-3.92,42.62,2246753,1471620,52.67,本年累計營收較去年累計營收增加，主係電腦週邊產品挹注成長所致。
twse,2026,6,2433,互盛電,228368,232373,222793,-1.72,2.5,1366908,1346660,1.5,-
twse,2026,6,2434,統懋,7508,3947,3454,90.22,117.37,26784,22578,18.62,市場對功率元件需求強勁及原物料缺貨導致之前月份訂單延至本期
twse,2026,6,2436,偉詮電,372126,397043,314605,-6.27,18.28,2207387,1724013,28.03,-
twse,2026,6,2438,翔耀,39768,41253,38033,-3.59,4.56,291653,218775,33.31,-
twse,2026,6,2439,美律,3459919,3741673,3454770,-7.53,0.14,21409119,19134803,11.88,-
twse,2026,6,2440,太空梭,403667,395634,258826,2.03,55.96,2203032,1787377,23.25,係銅價較去年同期平均單價上升34.07%，且人民幣匯率較去年同期高。
twse,2026,6,2441,超豐,1874548,1744358,1407796,7.46,33.15,10005945,8217500,21.76,-
twse,2026,6,2442,新美齊,48939,141018,15289,-65.29,220.09,3557288,711486,399.98,本年累計營收較去年同期增加，主係本期營建專案交屋認列收入增加所致。
twse,2026,6,2444,兆勁,75643,82183,112234,-7.95,-32.6,433549,600439,-27.79,-
twse,2026,6,2449,京元電子,3621671,3776927,2815411,-4.11,28.63,21333559,15677364,36.07,"以上不含停業部門營收:115年6月0仟元暨114年6月0仟元;115年1~6月0仟元暨114年1~6月985,800仟元。"
twse,2026,6,2450,神腦,2882213,2663788,2475699,8.19,16.42,17234568,14869658,15.9,-
twse,2026,6,2451,創見,5068218,6297950,1052487,-19.52,381.54,32443888,6213284,422.16,本月營收較去年同期增加主係市場價格上漲所致
twse,2026,6,2453,凌群,639912,543720,604913,17.69,5.78,3380233,3181673,6.24,-
twse,2026,6,2454,聯發科,58011756,47434191,56433621,22.29,2.79,301333121,303680808,-0.77,海外子公司之營收係以當月平均匯率換算之
twse,2026,6,2455,全新,325993,320785,263848,1.62,23.55,1924683,1507750,27.65,-
twse,2026,6,2457,飛宏,729950,723556,750056,0.88,-2.68,4329208,4674355,-7.38,-
twse,2026,6,2458,義隆,1059324,1004277,988850,5.48,7.12,6429625,6150602,4.53,-
twse,2026,6,2459,敦吉,449445,454182,371544,-1.04,20.96,2583740,2350577,9.91,-
twse,2026,6,2460,建通,406806,427604,255729,-4.86,59.07,2394267,1473658,62.47,係因端子產品訂單穩定回流及特殊新型銅材業務量持續增量。
twse,2026,6,2461,光群雷,448865,407887,436403,10.04,2.85,2671688,2581197,3.5,-
twse,2026,6,2462,良得電,343791,359261,360265,-4.3,-4.57,2021443,2066485,-2.17,-
twse,2026,6,2464,盟立,812626,701693,568069,15.8,43.05,4033517,3364854,19.87,-
twse,2026,6,2465,麗臺,937969,704375,145673,33.16,543.88,4074873,1578340,158.17,本月及本年累計營收較去年同期分別增加543.89%及158.17%，主係受惠於全球市場之人工智能應用相關產品需求所致。
twse,2026,6,2466,冠西電,119211,45982,77900,159.25,53.03,395399,447380,-11.61,係因訂單增加
twse,2026,6,2467,志聖,869119,1022228,447821,-14.97,94.07,5044050,2819153,78.92,係因客戶需求提升，以致115年6月單月營收成長率較去年同期增加94.08%；115年累計營收成長率較去年同期增加78.92%。
twse,2026,6,2468,華經,298468,188025,199002,58.73,49.98,1290969,1443069,-10.54,-
twse,2026,6,2471,資通,89019,79910,88694,11.39,0.36,474859,438541,8.28,-
twse,2026,6,2472,立隆電,1276360,1209882,937117,5.49,36.2,6625090,5606202,18.17,-
twse,2026,6,2474,可成,804738,917843,1790965,-12.32,-55.06,6455149,9434622,-31.58,因電子料件供應短缺影響筆電產品出貨。
twse,2026,6,2476,鉅祥,915039,838717,595099,9.09,53.76,4734678,3457947,36.92,客戶需求上升，銷售量增加
twse,2026,6,2477,美隆電,251013,129267,295630,94.18,-15.09,1084161,1175519,-7.77,-
twse,2026,6,2478,大毅,624098,544046,459694,14.71,35.76,3125383,2711304,15.27,-
twse,2026,6,2480,敦陽科,966718,725631,843112,33.22,14.66,4882885,4247469,14.95,-
twse,2026,6,2481,強茂,1388856,1269313,1090442,9.41,27.36,7376723,6471760,13.98,-
twse,2026,6,2482,連宇,47535,30189,45548,57.45,4.36,233531,253065,-7.71,-
twse,2026,6,2483,百容,197699,181036,147231,9.2,34.27,1046073,890619,17.45,-
twse,2026,6,2484,希華,207294,214838,210235,-3.51,-1.39,1214333,1247348,-2.64,-
twse,2026,6,2485,兆赫,274653,253133,151802,8.5,80.92,1954758,1073928,82.01,因客戶端產品驗證通過，正式進入量產與備貨階段，帶動出貨量顯著提升，致使本月營收較去年同期大幅成長。
twse,2026,6,2486,一詮,701021,693513,519117,1.08,35.04,3681940,2948854,24.86,-
twse,2026,6,2488,漢平,356840,283019,261968,26.08,36.21,1543276,1298039,18.89,-
twse,2026,6,2489,瑞軒,2509581,2500299,2033192,0.37,23.43,13179613,11704307,12.6,-
twse,2026,6,2491,吉祥全,14925,14975,13867,-0.33,7.62,81617,87882,-7.12,-
twse,2026,6,2492,華新科,3960936,3699917,3147542,7.05,25.84,20928452,18251483,14.66,-
twse,2026,6,2493,揚博,406283,371815,307656,9.27,32.05,2015804,1841612,9.45,-
twse,2026,6,2495,普安,131722,139733,93895,-5.73,40.28,779004,543076,43.44,-
twse,2026,6,2496,卓越,61315,70655,67387,-13.21,-9.01,415574,404454,2.74,-
twse,2026,6,2497,怡利電,510144,451049,335875,13.1,51.88,2575334,2129475,20.93,新增子公司統亞納入合併，以及大陸與泰國銷貨增加
twse,2026,6,2498,宏達電,292394,170433,319657,71.55,-8.52,1266828,1403324,-9.72,-
twse,2026,6,2501,國建,1211334,950553,4262129,27.43,-71.57,14436110,11373261,26.93,本月交屋入帳減少
twse,2026,6,2504,國產,1493941,1915184,1834580,-21.99,-18.56,10249436,11242654,-8.83,-
twse,2026,6,2505,國揚,120034,56455,378576,112.61,-68.29,597159,1134653,-47.37,"本年度營建收入593,877仟元，租賃收入3,282仟元。"
twse,2026,6,2506,太設,146675,164904,64751,-11.05,126.52,807835,534746,51.06,本月及本期交屋均較去年同期多
twse,2026,6,2509,全坤建,20943,20948,19817,-0.02,5.68,126622,132542,-4.46,-
twse,2026,6,2511,太子,1179723,679867,668189,73.52,76.55,4669535,3830272,21.91,本月營收增加76.56%，主係重要子公司大成工程工程承攬營收增加所致。
twse,2026,6,2514,龍邦,1586845,1733591,1858613,-8.46,-14.62,10538867,10115349,4.18,-
twse,2026,6,2515,中工,1531887,2270745,1787936,-32.53,-14.32,12963688,9810097,32.14,-
twse,2026,6,2516,新建,727606,813810,823231,-10.59,-11.61,3679250,4796326,-23.29,-
twse,2026,6,2520,冠德,3398502,2341933,2231298,45.11,52.31,13225628,10066093,31.38,115年06月份營業收入較去年同期增加50%以上，主因係案件結算入帳所致。
twse,2026,6,2524,京城,240696,275473,333992,-12.62,-27.93,1308517,2769575,-52.75,因銷售狀況比較去年同期減少，致使累計營收負成長率較高。
twse,2026,6,2527,宏璟,132649,23987,-50033,453.0,365.12,4774281,181309,2533.22,本年累計營收較去年同期高，主因今年有大型工案認列收入；本月營收較去年同期高主因係子公司依完工比例認列工程收入所致。
twse,2026,6,2528,皇普,807387,833803,853166,-3.16,-5.36,1668766,5281812,-68.4,"係115年6月認列皇普LaVie案807,198仟元及租賃收入189仟元所致。"
twse,2026,6,2530,華建,835,20457,27586,-95.91,-96.97,208839,3638597,-94.26,"本年度出售房地收入較去年度減少3,429,859仟元,本年度租金收入較去年度同期增加101仟元."
twse,2026,6,2534,宏盛,146136,118212,430117,23.62,-66.02,506501,4089577,-87.61,本月成屋銷售情形較去年同期減少
twse,2026,6,2535,達欣工,2217213,2059248,1848587,7.67,19.94,13418087,10970410,22.31,-
twse,2026,6,2536,宏普,15320,4047444,532928,-99.62,-97.12,4990851,3678447,35.67,本期認列租金收入。
twse,2026,6,2537,聯上發,152161,71212,96500,113.67,57.67,1464948,432807,238.47,本月營收較去年增加，係今年同期認列台北市房地出售收入較高所致。
twse,2026,6,2538,基泰,23281,24083,18630,-3.33,24.96,156160,143718,8.65,-
twse,2026,6,2539,櫻花建,1055792,2952505,588011,-64.24,79.55,8550277,6974776,22.58,無異常。本月有「櫻花市鎮之櫻」、「櫻花昕光之櫻」建案陸續過戶中。
twse,2026,6,2540,愛山林,948355,537629,1862073,76.39,-49.06,3743147,6702893,-44.15,本月營收減少，係因受整體環境影響，不動產代銷個案銷售不如去年，且去年同期建案交屋，致使營收下降。
twse,2026,6,2542,興富發,5160129,4717918,4430403,9.37,16.47,33236853,5923257,461.12,本期較去年同期增加，係本期認列「青山440」、「福山案」、「復興北」、「VVS1」、「市政愛悦」等新建案收入所致。
twse,2026,6,2543,皇昌,1954215,1548459,951740,26.2,105.33,7743593,5002112,54.8,新承攬工程進入施工期，致本期營收較去年同期增加。
twse,2026,6,2545,皇翔,283447,256768,1249052,10.39,-77.3,3563098,5108184,-30.24,因去年同期成屋銷售情形較本月佳所致
twse,2026,6,2546,根基,2898583,2158437,2009127,34.29,44.27,11254443,9281203,21.26,-
twse,2026,6,2547,日勝生,1163144,749510,480660,55.18,141.98,3868922,2694130,43.6,本月較去年同月增加，主係本月工進增加及建案交屋增加所致。
twse,2026,6,2548,華固,224640,316321,2009789,-28.98,-88.82,5707481,2028004,181.43,本公司截至06月累計營收較去年同期增加，係因本年度認列交屋金額較高所致
tpex,2026,6,2596,綠意,192060,332929,28433,-42.31,575.48,750107,831238,-9.76,本公司「綠意領航1號」建案完工、陸續交屋中，故本年單月營業收入淨額較去年同期增加。
twse,2026,6,2597,潤弘,3106651,2922939,3017553,6.28,2.95,16111432,13974846,15.28,-
twse,2026,6,2601,益航,147242,136487,305373,7.87,-51.78,974810,2166284,-55.0,本期營收減少，係原合併報表子公司改採權益法認列，其營收不再納入合併報表所致。
twse,2026,6,2603,長榮,39141253,34656227,30106996,12.94,30.0,191668204,196454558,-2.43,-
twse,2026,6,2605,新興,486412,441836,320805,10.08,51.62,2697089,2028191,32.98,受惠於散裝輪與油輪市場運價上揚，致本月營收較去年同期增長。
twse,2026,6,2606,裕民,1714892,1607321,1265404,6.69,35.52,8905280,7050788,26.3,-
twse,2026,6,2607,榮運,1846632,1768969,1472439,4.39,25.41,9044144,8827498,2.45,-
twse,2026,6,2608,嘉里大榮,1052151,1008535,1124864,4.32,-6.46,6211575,6319174,-1.7,-
twse,2026,6,2609,陽明,16591195,15104168,13805564,9.84,20.17,84583499,84173425,0.48,-
twse,2026,6,2610,華航,21761004,21229729,16892792,2.5,28.81,120802824,104062307,16.08,-
twse,2026,6,2611,志信,86055,56592,55016,52.06,56.41,623739,338995,83.99,本期建案完工交屋，故營收增加。
twse,2026,6,2612,中航,447497,458530,400633,-2.4,11.69,2579199,2437761,5.8,-
twse,2026,6,2613,中櫃,311833,312421,294281,-0.18,5.96,1745660,1641301,6.35,-
twse,2026,6,2614,東森,456582,443290,444341,2.99,2.75,2544856,2664331,-4.48,-
twse,2026,6,2615,萬海,16165884,13803844,12182618,17.11,32.69,76541362,71942901,6.39,-
twse,2026,6,2616,山隆,784015,831697,667436,-5.73,17.46,4373492,4007387,9.13,-
twse,2026,6,2617,台航,447651,450397,326093,-0.6,37.27,2370150,2044741,15.91,-
twse,2026,6,2618,長榮航,23472175,22328735,18542817,5.12,26.58,128285547,110251392,16.35,-
twse,2026,6,2630,亞航,328174,361091,472149,-9.11,-30.49,2095551,2643507,-20.72,-
twse,2026,6,2633,台灣高鐵,4412069,4711037,4293173,-6.34,2.76,27812094,26734525,4.03,-
twse,2026,6,2634,漢翔,2843931,3452471,2652170,-17.62,7.23,16782863,15678362,7.04,-
twse,2026,6,2636,台驊控股,2586500,2099285,2066286,23.2,25.17,11421879,11243634,1.58,-
twse,2026,6,2637,慧洋-KY,1877838,1817170,1189114,3.33,57.91,9679888,7315719,32.31,本月營業收入相較去年同期增加57.92%，主要係因BDI指數相較去年同期大幅成長，帶動本公司租金收入增加。
tpex,2026,6,2640,大車隊,293100,279631,255352,4.81,14.78,1664840,1540869,8.04,-
tpex,2026,6,2641,正德,183949,188835,175643,-2.58,4.72,1177268,1055655,11.52,-
twse,2026,6,2642,宅配通,267852,253199,338058,5.78,-20.76,1594352,1952046,-18.32,-
tpex,2026,6,2643,捷迅,696781,648780,695183,7.39,0.22,3411287,3977511,-14.23,-
twse,2026,6,2645,長榮航太,1824556,1688186,1614521,8.07,13.0,9960855,8859153,12.43,-
twse,2026,6,2646,星宇航空,5286691,4826107,3754564,9.54,40.8,28552856,21964395,29.99,-
twse,2026,6,2701,萬企,20495,22159,21197,-7.5,-3.31,128933,126012,2.31,-
twse,2026,6,2702,華園,136717,121604,114355,12.42,19.55,738896,701238,5.37,-
twse,2026,6,2704,國賓,117520,107980,101660,8.83,15.6,705490,682276,3.4,-
twse,2026,6,2705,六福,180903,170888,158957,5.86,13.8,1035192,1051926,-1.59,-
twse,2026,6,2706,第一店,28400,29875,28280,-4.93,0.42,178161,175561,1.48,-
twse,2026,6,2707,晶華,560867,590127,492240,-4.95,13.94,3610516,3434945,5.11,-
twse,2026,6,2712,遠雄來,49651,43223,42588,14.87,16.58,257541,237110,8.61,-
tpex,2026,6,2718,全心投控,15199,31001,510458,-50.97,-97.02,230354,1805595,-87.24,配合銷售個案交屋認列收入
tpex,2026,6,2719,燦星旅,103774,100987,162468,2.75,-36.12,849598,1086870,-21.83,-
twse,2026,6,2722,夏都,49155,48493,52751,1.36,-6.81,278754,287301,-2.97,-
twse,2026,6,2723,美食-KY,1362808,1501181,1421983,-9.21,-4.16,8259882,9455746,-12.64,-
tpex,2026,6,2724,藝舍-KY,21673,20901,17185,3.69,26.11,106218,84628,25.51,-
tpex,2026,6,2726,雅茗-KY,50104,53778,43038,-6.83,16.41,274036,297627,-7.92,-
twse,2026,6,2727,王品,2051945,2358781,1759993,-13.0,16.58,12816083,11434755,12.08,-
tpex,2026,6,2729,瓦城,531457,607808,472155,-12.56,12.55,3289716,3051882,7.79,-
twse,2026,6,2731,雄獅,2758075,2845558,2770883,-3.07,-0.46,16461055,14993442,9.78,-
tpex,2026,6,2732,六角,445894,435038,354277,2.49,25.86,2653445,1965248,35.01,-
tpex,2026,6,2734,易飛網,165917,148975,134539,11.37,23.32,1020429,801593,27.3,-
tpex,2026,6,2736,富野,38038,41056,32446,-7.35,17.23,296112,265810,11.39,-
twse,2026,6,2739,寒舍,457295,420057,396309,8.86,15.38,2691736,2598086,3.6,-
tpex,2026,6,2740,華軒,3484,4099,9886,-15.0,-64.75,30244,77635,-61.04,差異原因為門店數及商品銷售金額均較去年同期減少
tpex,2026,6,2743,山富,533007,533123,600452,-0.02,-11.23,3450833,3384243,1.96,-
tpex,2026,6,2745,五福,782323,913790,738181,-14.38,5.97,5049526,4401093,14.73,-
twse,2026,6,2748,雲品,171358,191251,165485,-10.4,3.54,1312985,1248061,5.2,-
tpex,2026,6,2751,王座,177705,170299,150485,4.34,18.08,1012464,764060,32.51,-
tpex,2026,6,2752,豆府,363090,386402,318271,-6.03,14.08,2190179,1959094,11.79,-
twse,2026,6,2753,八方雲集,771913,800344,696372,-3.55,10.84,4596176,4285116,7.25,-
tpex,2026,6,2754,亞洲藏壽司,551321,513173,491109,7.43,12.26,2989403,2768505,7.97,-
tpex,2026,6,2755,揚秦,297122,304019,251076,-2.26,18.33,1706932,1433511,19.07,-
tpex,2026,6,2756,聯發國際,110366,104724,105311,5.38,4.8,611080,502167,21.68,-
twse,2026,6,2762,世界健身-KY,984612,995839,904276,-1.12,8.88,5762510,5281624,9.1,-
twse,2026,6,2801,彰銀,4815653,4429838,4397290,8.7,9.51,25829086,22534174,14.62,-
twse,2026,6,2812,台中銀,1936605,1962546,1661522,-1.32,16.55,11774694,9603081,22.61,-
twse,2026,6,2816,旺旺保,1341206,1450517,1276248,-7.53,5.08,8531746,6899124,23.66,-
twse,2026,6,2820,華票,353317,417554,362790,-15.38,-2.61,2239801,1426597,57.0,主係本年票債淨利息收入及金融商品獲利增加。
twse,2026,6,2832,台產,945133,944599,881110,0.05,7.26,5302820,4908425,8.03,-
twse,2026,6,2834,臺企銀,3344443,3238262,3624173,3.27,-7.71,18528416,17792645,4.13,-
twse,2026,6,2836,高雄銀,566136,442470,493600,27.94,14.69,2678505,2432203,10.12,-
twse,2026,6,2838,聯邦銀,1869178,2349239,1916812,-20.43,-2.48,11871650,9483891,25.17,-
twse,2026,6,2845,遠東銀,1308624,1222102,1089115,7.07,20.15,7263635,6196939,17.21,-
twse,2026,6,2849,安泰銀,623998,532466,471017,17.19,32.47,3334424,2752717,21.13,-
twse,2026,6,2850,新產,2492166,2558059,2413128,-2.57,3.27,14764865,12906786,14.39,保險業115年起適用IFRS17，營收申報至15日，營業收入依金管保財字第11304903821號函定義並追溯公告
twse,2026,6,2851,中再保,1582747,3084054,1492555,-48.67,6.04,13255946,5335889,148.42,營業收入淨額較去年同期增加，主係淨投資損益增加所致。
twse,2026,6,2852,第一保,828451,799100,888975,3.67,-6.8,4778208,4929921,-3.07,-
twse,2026,6,2855,統一證,3222698,4391495,1077759,-26.61,199.01,17544912,4040911,334.18,今年單月營收及累計營收較去年同期增加，主因今年泛自營業務操作獲利優於去年同期所致。
twse,2026,6,2867,三商壽,6659478,13499873,-7636697,-50.67,187.2,51676664,-21962689,335.29,本月和本年營收較去年同期增加，主要係淨投資損益增加所致。
twse,2026,6,2880,華南金,7496825,7272247,5802433,3.08,29.2,40727716,29903618,36.19,-
twse,2026,6,2881,富邦金,22157770,30407516,47805155,-27.13,-53.64,172413676,-47062335,466.35,本月營業收入較去年本月營業收入減少主係投資相關淨收益減少，本年累計營業收入較去年累計營業收入增加主係投資相關淨收益增加。
twse,2026,6,2882,國泰金,32306426,25059074,55743701,28.92,-42.04,159904404,-47540478,436.35,本年營業收入淨額較去年同期增加，主係投資收益增加所致。
twse,2026,6,2883,凱基金,13403740,11583656,17475910,15.71,-23.3,62020753,-43784492,241.65,本年累計營業收入較去年同期增加，主係投資相關淨收益增加所致。
twse,2026,6,2884,玉山金,9363120,9259083,7472291,1.12,25.3,53834771,43121644,24.84,-
twse,2026,6,2885,元大金,19576361,21261028,11326740,-7.92,72.83,101599775,41940349,142.24,營收淨額增加，係兌換損益、分離帳戶保險商品資產淨損益、手續費及佣金淨損益、透過損益按公允價值衡量之金融資產及負債損益影響
twse,2026,6,2886,兆豐金,8095929,8373125,7974067,-3.31,1.52,46292555,38763441,19.42,-
twse,2026,6,2887,台新新光金,17736690,14843474,4129607,19.49,329.5,97796458,22519039,334.28,本年度新增新光子公司
twse,2026,6,2889,國票金,1660239,1588661,829950,4.5,100.04,7456534,3241219,130.05,本月手續費及佣金淨收益、透過損益按公允價值衡量之金融資產及負債損益及其他淨收益較去年同期增加7.69億元。
twse,2026,6,2890,永豐金,9682886,9977463,6414943,-2.95,50.94,55333540,35645986,55.23,本月及本年累計營業收入較去年本月及去年累計營業收入增加，係因利息收入、手續費收入及有價證券評價利益增加所致。
twse,2026,6,2891,中信金,19828138,19217919,24152040,3.17,-17.9,118597503,59971101,97.75,係因證券處份及評價損益較去年同期減少所致
twse,2026,6,2892,第一金,7231164,7305350,6590218,-1.01,9.72,41157911,33648314,22.31,-
twse,2026,6,2897,王道銀行,1188638,1047328,1041729,13.49,14.1,6454412,4951327,30.35,-
twse,2026,6,2901,欣欣,11290,10952,11159,3.08,1.17,66647,64253,3.72,-
twse,2026,6,2903,遠百,2323589,2661338,2381278,-12.69,-2.42,15962920,16010387,-0.29,-
twse,2026,6,2904,匯僑,34230,37015,43197,-7.52,-20.75,207979,253037,-17.8,-
twse,2026,6,2905,三商,15683072,19961873,-4136304,-21.43,479.15,91736348,58004058,58.15,當期及累計與去年同期增加，主係子公司人壽外匯價格變動準備淨變動增加收入所致。
twse,2026,6,2906,高林,734448,635846,697920,15.5,5.23,4304936,4279343,0.59,-
twse,2026,6,2908,特力,2859065,2730069,2836520,4.72,0.79,17854498,16922302,5.5,-
twse,2026,6,2910,統領,55031,46811,42484,17.55,29.53,279786,257297,8.74,-
twse,2026,6,2911,麗嬰房,137737,147737,159827,-6.76,-13.82,849999,1219662,-30.3,-
twse,2026,6,2912,統一超,30618898,31643252,28800511,-3.23,6.31,180703389,172021017,5.04,-
twse,2026,6,2913,農林,27262,34203,35174,-20.29,-22.49,220707,252557,-12.61,-
twse,2026,6,2915,潤泰全,237277,173007,210276,37.14,12.84,985891,1280258,-22.99,-
tpex,2026,6,2916,滿心,140969,150564,150290,-6.37,-6.2,1005646,984951,2.1,-
twse,2026,6,2923,鼎固-KY,888017,737837,224904,20.35,294.84,4272975,1580312,170.38,本年營收增加主係本年新樓盤交房增加所致。
tpex,2026,6,2924,宏太-KY,3311,3468,3594,-4.52,-7.87,28739,23191,23.92,-
tpex,2026,6,2926,誠品生活,613956,599664,618523,2.38,-0.73,3506633,3324201,5.48,-
twse,2026,6,2929,淘帝-KY,97195,138235,56247,-29.68,72.8,803994,808328,-0.53,本月營收較去年同期增加，主要依代理商需求將當季產品於本月出貨給其他代理商。
tpex,2026,6,2937,集雅社,461896,499239,382862,-7.47,20.64,2624020,2350615,11.63,-
twse,2026,6,2939,永邑-KY,19207,29017,18218,-33.8,5.42,146351,158273,-7.53,-
tpex,2026,6,2941,米斯特,72781,79825,79153,-8.82,-8.05,465356,468701,-0.71,-
twse,2026,6,2945,三商家購,1691652,1730905,1216261,-2.26,39.08,8915469,7113243,25.33,-
tpex,2026,6,2947,振宇五金,204099,205004,192538,-0.44,6.0,1188221,1109002,7.14,-
tpex,2026,6,2948,寶陞,196666,185988,169063,5.74,16.32,1101442,1085311,1.48,-
tpex,2026,6,2949,欣新網,655611,584045,497461,12.25,31.79,3151827,2566152,22.82,-
twse,2026,6,3002,歐格,70027,79350,58043,-11.74,20.64,413953,327253,26.49,-
twse,2026,6,3003,健和興,599370,533532,440218,12.34,36.15,2876806,2187607,31.5,-
twse,2026,6,3004,豐達科,497531,469131,339481,6.05,46.55,2590139,1923275,34.67,-
twse,2026,6,3005,神基,4253713,3696019,3307976,15.08,28.58,20820908,19361150,7.53,-
twse,2026,6,3006,晶豪科,4845479,4466516,1131185,8.48,328.35,21213118,6191364,242.62,本期營收較前期成長係因產品市場需求復甦
twse,2026,6,3008,大立光,3712024,4592691,4145868,-19.17,-10.46,29208838,26251856,11.26,-
twse,2026,6,3010,華立,7781396,8026366,6830287,-3.05,13.92,45683039,38825133,17.66,-
twse,2026,6,3011,今皓,43441,41109,61252,5.67,-29.07,267715,424433,-36.92,-
twse,2026,6,3013,晟銘電,887491,1005975,701502,-11.77,26.51,6137902,5032413,21.96,-
twse,2026,6,3014,聯陽,612837,593458,619779,3.26,-1.12,3569479,3645619,-2.08,-
twse,2026,6,3015,全漢,1049787,1114721,1220891,-5.82,-14.01,6284874,6720565,-6.48,-
twse,2026,6,3016,嘉晶,448219,433764,317508,3.33,41.16,2367626,1851659,27.86,-
twse,2026,6,3017,奇鋐,17618119,15871396,10606243,11.0,66.11,98158910,52927460,85.45,"因客戶需求增加,使營收成長"
twse,2026,6,3018,隆銘綠能,37768,9740,20516,287.76,84.09,155900,268262,-41.88,去年承接工案已過施作高峰期，今年潛在工案尚在積極洽談中，故115年1-6月累計收入低於114年1-6月
twse,2026,6,3019,亞光,2914024,2624000,2575623,11.05,13.13,14237377,12316583,15.59,-
twse,2026,6,3021,鴻名,259683,250550,308220,3.64,-15.74,1474801,1509069,-2.27,-
twse,2026,6,3022,威強電,962672,888586,534901,8.33,79.97,4081564,3436191,18.78,係因客戶出貨需求增加所致。
twse,2026,6,3023,信邦,3092706,3010681,2630181,2.72,17.58,17386822,15987918,8.74,-
twse,2026,6,3024,憶聲,76732,56668,121629,35.4,-36.91,460391,1120697,-58.91,"去年同期有建案交屋收入,本期無交屋收入,使營收減少"
twse,2026,6,3025,星通,38475,57718,44303,-33.33,-13.15,258581,178925,44.51,-
twse,2026,6,3026,禾伸堂,1378433,1291187,1029475,6.75,33.89,7715636,6674085,15.6,-
twse,2026,6,3027,盛達,111056,148745,129743,-25.33,-14.4,702374,1376523,-48.97,-
twse,2026,6,3028,增你強,5981740,6525822,3611629,-8.33,65.62,37224762,19269937,93.17,"主要係因記憶體價格上漲,客戶需求增加所致。"
twse,2026,6,3029,零壹,2536904,2340238,2233617,8.4,13.57,14119278,12904760,9.41,-
twse,2026,6,3030,德律,763581,1070802,760276,-28.69,0.43,5387967,4318356,24.76,-
twse,2026,6,3031,佰鴻,114719,119006,90304,-3.6,27.03,642471,534183,20.27,-
twse,2026,6,3032,偉訓,1004264,902535,690928,11.27,45.35,5546621,4830506,14.82,-
twse,2026,6,3033,威健,14527778,11695609,9406406,24.21,54.44,68486502,54269673,26.19,全球半導體因AI需求爆發，引發結構性產能排擠，市場預期漲價，除AI零組件業務同步成長外，也帶動其他零組件拉貨潮。
twse,2026,6,3034,聯詠,10022596,9412486,8425263,6.48,18.95,51805401,53272265,-2.75,-
twse,2026,6,3035,智原,1416828,929698,1119392,52.39,26.57,5902036,11949434,-50.6,因量產減少
twse,2026,6,3036,文曄,181749400,197924567,63088486,-8.17,188.08,1084966618,506927807,114.02,主要受惠於資料中心、通訊及工業應用需求成長
twse,2026,6,3037,欣興,14897030,14059973,10928735,5.95,36.31,80336273,62555577,28.42,-
twse,2026,6,3038,全台,232099,237431,260940,-2.24,-11.05,1448820,1566440,-7.5,-
twse,2026,6,3040,遠見,9834,10376,9045,-5.22,8.72,65783,63901,2.94,-
twse,2026,6,3041,揚智,177144,173813,66220,1.91,167.5,822869,575872,42.89,去年受國際情勢影響代理商下單保守，今年需求回穩，加上合併個體挹注，營收成長。
twse,2026,6,3042,晶技,1192921,1217159,994290,-1.99,19.97,7037996,6532990,7.73,-
twse,2026,6,3043,科風,90675,69452,65468,30.55,38.5,444161,470870,-5.67,-
twse,2026,6,3044,健鼎,8002054,8654212,5636344,-7.53,41.97,45821630,35031203,30.8,-
twse,2026,6,3045,台灣大,17322389,16440683,16254677,5.36,6.56,99210679,95638368,3.73,-
twse,2026,6,3046,建碁,972062,803612,632728,20.96,53.63,4291920,3567294,20.31,115年6月營收較去年同期增加，主係新增大型專案業務。
twse,2026,6,3047,訊舟,252308,276427,307889,-8.72,-18.05,1542072,2231793,-30.9,-
twse,2026,6,3048,益登,12572672,13850848,7852797,-9.22,60.1,73004165,55702599,31.06,受惠於AI伺服器、網通設備等市場需求攀升，帶動本月份營收較去年同期成長60.10%
twse,2026,6,3049,精金,34304,33072,107815,3.72,-68.18,351117,683409,-48.62,本期營收較去年同期減少68.18，自115年1月31日後全面停產。
twse,2026,6,3050,鈺德,100182,99800,105617,0.38,-5.14,582164,611804,-4.84,-
twse,2026,6,3051,力特,183440,200178,128758,-8.36,42.46,935499,918833,1.81,主要係力特車載客戶認證的車載面板新機種用偏光板，今年Q1開始陸續放量
twse,2026,6,3052,夆典,247894,304465,268994,-18.58,-7.84,1909647,1912819,-0.16,-
twse,2026,6,3054,立萬利,59252,58176,21503,1.84,175.55,339319,50191,576.05,主係因本期產品結構改變致銷售金額增加
twse,2026,6,3055,蔚華科,13780,22516,86405,-38.79,-84.05,246507,272557,-9.55,本月單月相較去年同期減少，主係代理設備出貨減少所致。
twse,2026,6,3056,富華新,81870,80008,63524,2.32,28.88,525881,3578168,-85.3,營收減少係因無建案交屋
twse,2026,6,3057,喬鼎,29496,40612,60880,-27.37,-51.55,292482,291032,0.49,主係因特殊材料缺料且交貨期長，故造成營收變動率超過50%。
twse,2026,6,3058,立德,283108,267301,231843,5.91,22.11,1635008,1605947,1.8,-
twse,2026,6,3059,華晶科,795387,794302,772043,0.13,3.02,4380242,4075785,7.46,-
twse,2026,6,3060,銘異,426584,380842,286338,12.01,48.97,2245627,1910265,17.55,-
twse,2026,6,3062,建漢,337116,244235,513796,38.02,-34.38,1998621,2036587,-1.86,-
tpex,2026,6,3064,泰偉,7198,6484,6821,11.01,5.52,41307,44201,-6.54,-
tpex,2026,6,3066,李洲,26951,23283,17973,15.75,49.95,140298,104649,34.06,-
tpex,2026,6,3067,全域,1365,2032,3375,-32.82,-59.55,32759,26799,22.23,"因進入傳統淡季,終端客戶需求降低,致營收下滑;本年累計營收仍較去年同期成長。"
tpex,2026,6,3071,協禧,277274,267695,186870,3.57,48.37,1513710,1120160,35.13,-
tpex,2026,6,3073,天方能源,9780,9186,7358,6.46,32.91,90021,30085,199.22,本年主要為增加承攬工程業務。
tpex,2026,6,3078,僑威,408528,499410,963490,-18.19,-57.59,3210107,5967445,-46.2,本月營業收入減少，主係去年同期基期偏高，本年市場環境變動及客戶調整拉貨時程影響所致。
tpex,2026,6,3081,聯亞,420507,405322,184322,3.74,128.13,2125567,1007596,110.95,數據中心產品出貨量較同期增加
tpex,2026,6,3083,網龍,36468,31084,44054,17.32,-17.21,187056,170005,10.02,-
tpex,2026,6,3085,新零售,7141,7764,5256,-8.02,35.86,34557,26163,32.08,-
tpex,2026,6,3086,華義*,10811,17101,15057,-36.78,-28.19,69503,79346,-12.4,-
tpex,2026,6,3088,艾訊,804930,859779,542513,-6.37,48.37,4613348,3254566,41.75,-
twse,2026,6,3090,日電貿,1681036,1629431,1269905,3.16,32.37,9646164,7861960,22.69,-
twse,2026,6,3092,鴻碩,126295,155913,130795,-18.99,-3.44,831202,877692,-5.29,-
tpex,2026,6,3093,港建*,194354,108351,101062,79.37,92.31,765861,1149230,-33.35,主係因機器設備銷售增加所致。
twse,2026,6,3094,聯傑,24418,19740,14026,23.69,74.09,110894,98604,12.46,營收較去年同期成長逾50%，主係訂單增加所致。
tpex,2026,6,3095,及成,67613,58419,52143,15.73,29.66,359290,293921,22.24,-
tpex,2026,6,3105,穩懋,1767694,1755488,1364461,0.69,29.55,9847328,7356201,33.86,-
tpex,2026,6,3114,好德,262676,290564,313505,-9.59,-16.21,1558134,1523213,2.29,-
tpex,2026,6,3115,富榮綱,814,819,195,-0.61,317.43,3947,1285,207.15,去年受限於發票開立額度，今年配合業務擴展需求向稅局申請發票增量致營收增加。
tpex,2026,6,3118,進階,54725,49400,56787,10.77,-3.63,321210,348436,-7.81,-
tpex,2026,6,3122,笙泉,25388,26104,25622,-2.74,-0.91,162390,166748,-2.61,-
tpex,2026,6,3128,昇銳,67750,71656,81598,-5.45,-16.97,482657,561607,-14.05,-
twse,2026,6,3130,一零四,263272,257163,244055,2.37,7.87,1409168,1317836,6.93,-
tpex,2026,6,3131,弘塑,631051,559081,547720,12.87,15.21,3322908,2871075,15.73,-
twse,2026,6,3135,凌航,1610089,1841758,643976,-12.57,150.02,11262486,3162779,256.09,市場價格上漲及需求增加。
twse,2026,6,3138,耀登,141121,139198,143190,1.38,-1.44,844886,742037,13.86,-
tpex,2026,6,3141,晶宏,186093,183105,167883,1.63,10.84,885182,794452,11.42,-
tpex,2026,6,3147,大綜,1754637,3023389,403805,-41.96,334.52,8855678,4460534,98.53,本月營收及累計營收較去年同期大幅增加，主要係客戶需求明顯提升。
twse,2026,6,3149,正達,202533,182215,160864,11.15,25.9,1145004,1037427,10.36,-
twse,2026,6,3150,鈺寶-創,28421,28811,21226,-1.35,33.89,169770,169325,0.26,-
tpex,2026,6,3152,璟德,143118,136114,115844,5.14,23.54,758791,742833,2.14,-
tpex,2026,6,3158,嘉實,114761,91918,84698,24.85,35.49,556378,477091,16.61,-
tpex,2026,6,3162,精確,897696,778108,565533,15.36,58.73,4330386,3733059,16.0,訂單量增加
tpex,2026,6,3163,波若威,181188,211521,204803,-14.34,-11.53,1247946,1062395,17.46,-
twse,2026,6,3164,景岳,37737,27810,43478,35.69,-13.2,192502,211623,-9.03,-
twse,2026,6,3167,大量,1040999,955547,434357,8.94,139.66,4805427,2114283,127.28,主係因客戶需求量增加所致
twse,2026,6,3168,眾福科,407461,300005,324202,35.81,25.68,1889565,1703667,10.91,-
tpex,2026,6,3169,亞信,85649,87290,65175,-1.87,31.41,495261,485406,2.03,-
tpex,2026,6,3171,炎洲流通,249523,264634,133858,-5.71,86.4,1413057,731470,93.18,合併營收增加主係因收購新增合併個體子公司營收所致
tpex,2026,6,3176,基亞,94848,95518,135517,-0.7,-30.01,546240,859199,-36.42,-
tpex,2026,6,3178,公準,130587,120184,95998,8.65,36.03,662450,646048,2.53,-
tpex,2026,6,3188,鑫龍騰,239968,401893,72946,-40.29,228.96,2531129,306723,725.21,本公司「鑫巨蛋2」建案完工、陸續交屋中
twse,2026,6,3189,景碩,4224069,4199867,3193580,0.57,32.26,23601220,18183470,29.79,-
tpex,2026,6,3191,雲嘉南,16691,15051,12228,10.89,36.49,89356,85286,4.77,-
tpex,2026,6,3205,佰研,40794,86934,38858,-53.07,4.98,335239,213631,56.92,本月營收成長主係客戶需求增加所致。
tpex,2026,6,3206,志豐,277642,317875,336601,-12.65,-17.51,1606995,1737408,-7.5,-
tpex,2026,6,3207,耀勝,119790,144081,179957,-16.85,-33.43,823862,867340,-5.01,-
twse,2026,6,3209,全科,5608271,4710620,2073953,19.05,170.41,34331720,23782932,44.35,115年6月客戶需求上升
tpex,2026,6,3211,順達,1268072,1163028,1051171,9.03,20.63,6835813,5612174,21.8,-
tpex,2026,6,3213,茂訊,335433,364651,316288,-8.01,6.05,1736377,1532013,13.33,"系統事業部 205,906 仟元/通路事業部 129,527 仟元"
tpex,2026,6,3217,優群,324206,306455,316554,5.79,2.41,1895341,1977451,-4.15,-
tpex,2026,6,3218,大學光,375355,370737,320586,1.24,17.08,2216295,2146164,3.26,-
tpex,2026,6,3219,倚強科,237159,236539,188116,0.26,26.07,1136894,818319,38.93,-
tpex,2026,6,3221,台嘉碩,226134,212744,178616,6.29,26.6,1205467,1107291,8.86,-
tpex,2026,6,3224,三顧,141027,141844,109893,-0.57,28.33,827379,758940,9.01,-
tpex,2026,6,3226,龍鋒,82634,114786,108440,-28.01,-23.79,635124,967833,-34.37,-
tpex,2026,6,3227,原相,820339,867675,677711,-5.45,21.04,4747618,4628736,2.56,-
tpex,2026,6,3228,金麗科,34669,28741,22110,20.62,56.8,171637,155564,10.33,115年6月單月營收較去年同期增加，係因去年同期營收基期較低，故增加比率高。
twse,2026,6,3229,晟鈦,137338,127130,68983,8.02,99.08,755934,478817,57.87,本月因客戶需求增加，出貨量增加
tpex,2026,6,3230,錦明,32731,35957,29320,-8.97,11.63,203447,209347,-2.81,-
twse,2026,6,3231,緯創,321821969,290183471,209182302,10.9,53.84,1741745642,897776520,94.0,主係客戶需求增加，較去年同期成長。
tpex,2026,6,3232,昱捷,75124,84238,62603,-10.81,20.0,508897,490064,3.84,-
tpex,2026,6,3234,光環,76706,57152,47117,34.21,62.79,378996,359335,5.47,主要受客戶訂單需求增加影響
tpex,2026,6,3236,千如,187493,178950,167512,4.77,11.92,1160957,977449,18.77,-
tpex,2026,6,3252,海灣,35901,41168,35964,-12.79,-0.17,255937,251835,1.62,-
twse,2026,6,3257,虹冠電,61218,60201,106465,1.68,-42.49,302276,512525,-41.02,-
tpex,2026,6,3259,鑫創,16247,23645,14183,-31.28,14.55,105166,104777,0.37,-
tpex,2026,6,3260,威剛,14661310,12942597,4698271,13.27,212.05,64271524,22684166,183.33,記憶體售價上漲
tpex,2026,6,3264,欣銓,1552011,1517840,1136509,2.25,36.55,8517069,6636294,28.34,-
tpex,2026,6,3265,台星科,433842,484227,418859,-10.4,3.57,2715381,2254444,20.44,-
twse,2026,6,3266,昇陽,183708,168336,172077,9.13,6.75,1024116,656146,56.08,因營建收入受政策、全部完工法及建案規模不同等影響，故營收波動較大。
tpex,2026,6,3268,海德威,94802,99121,90464,-4.35,4.79,513528,482487,6.43,-
tpex,2026,6,3272,東碩,323454,183330,231416,76.43,39.77,1397978,1531234,-8.7,-
tpex,2026,6,3276,宇環,69367,64076,40665,8.25,70.58,330834,257169,28.64,因市場需求增加
tpex,2026,6,3284,太普高,63376,68550,56028,-7.54,13.11,420187,436075,-3.64,-
tpex,2026,6,3285,微端,122118,141440,51493,-13.66,137.15,558519,306219,82.39,因醫療產品及PCB鑽孔設備銷售量增加，致使整體營收較去年同期增加。
tpex,2026,6,3287,廣寰科,65663,68091,71654,-3.56,-8.36,434235,410084,5.88,-
tpex,2026,6,3288,點晶,8366,3832,8808,118.31,-5.01,38994,35532,9.74,-
tpex,2026,6,3289,宜特,426314,385903,433065,10.47,-1.55,2266979,2335525,-2.93,-
tpex,2026,6,3290,東浦,344907,314658,182765,9.61,88.71,1857587,1008997,84.1,主要係併入BI-LINK 公司之營業收入。
tpex,2026,6,3293,鈊象,2166407,2123837,1848796,2.0,17.17,12678167,10955637,15.72,-
tpex,2026,6,3294,英濟,275848,248872,336482,10.83,-18.01,1466436,1596160,-8.12,-
twse,2026,6,3296,勝德,165320,176230,163314,-6.19,1.22,821179,818797,0.29,-
tpex,2026,6,3297,杭特,24626,18932,17415,30.07,41.4,115570,94255,22.61,-
tpex,2026,6,3303,岱稜,374252,297811,251223,25.66,48.97,1753568,1501332,16.8,-
twse,2026,6,3305,昇貿,1445505,1348799,821303,7.16,76.0,7984628,4851602,64.57,銷售量增加及原料價格上漲
tpex,2026,6,3306,鼎天,100628,113154,99486,-11.06,1.14,545194,517011,5.45,-
twse,2026,6,3308,聯德,531,517,545,2.7,-2.56,3131,3289,-4.8,-
tpex,2026,6,3310,佳穎,338202,175847,125056,92.32,170.44,1115146,1800916,-38.07,"本月認列建案""敦南""營收"
twse,2026,6,3311,閎暉,245237,213025,214990,15.12,14.06,1184848,1199624,-1.23,-
twse,2026,6,3312,弘憶股,2142123,1982063,1510471,8.07,41.81,12216684,10906093,12.01,-
tpex,2026,6,3313,斐成,5906,7838,48,-24.64,12204.16,19177,857,2137.68,本年累計營收較去年同期增加，主係本年合併子公司之營收增加所致。
tpex,2026,6,3317,尼克森,247597,213901,213326,15.75,16.06,1434461,1327955,8.02,-
twse,2026,6,3321,同泰,251699,236870,192632,6.26,30.66,1133355,1006556,12.59,-
tpex,2026,6,3322,建舜電,264851,289179,240675,-8.41,10.04,1613890,1521014,6.1,-
tpex,2026,6,3323,加百裕,317364,386503,490460,-17.88,-35.29,2173727,2467862,-11.91,-
tpex,2026,6,3324,雙鴻,2718035,3138892,1676452,-13.4,62.13,17248803,9727964,77.31,成長動能來自AI伺服器液冷散熱系統市佔率持續攀升。
tpex,2026,6,3325,旭品,53270,25885,101157,105.79,-47.33,368287,642420,-42.67,-
tpex,2026,6,3332,幸康,160781,137418,130280,17.0,23.41,946432,823627,14.91,-
twse,2026,6,3338,泰碩,378370,325460,313137,16.25,20.83,1887922,1914319,-1.37,-
tpex,2026,6,3339,泰谷,66843,68949,107222,-3.05,-37.65,412272,400614,2.91,-
twse,2026,6,3346,麗清,500433,732327,709642,-31.66,-29.48,3613739,4318810,-16.32,-
tpex,2026,6,3349,寶德,53621,57797,70441,-7.22,-23.87,191018,263484,-27.5,-
tpex,2026,6,3354,律勝,9718,12995,6833,-25.21,42.22,65018,49542,31.23,-
twse,2026,6,3356,奇偶,95430,77320,76905,23.42,24.08,561321,506695,10.78,-
tpex,2026,6,3357,臺慶科,764513,709395,485583,7.76,57.44,3913502,3169946,23.45,受AI、車用及網通等產品需求持續提升，客戶出貨動能延續近期成長趨勢，致本月營收較去年同期成長57.44%。
tpex,2026,6,3360,尚立,1177311,1052164,603258,11.89,95.15,5250637,3149969,66.68,"本月較去年同月增加95.16％,係客戶需求增加"
tpex,2026,6,3362,先進光,262330,315235,334453,-16.78,-21.56,2058169,2098103,-1.9,-
tpex,2026,6,3363,上詮,157445,143800,186770,9.48,-15.7,811157,993479,-18.35,-
tpex,2026,6,3372,典範,113086,110372,100550,2.45,12.46,648001,510481,26.93,-
tpex,2026,6,3373,熱映,46400,31257,32181,48.44,44.18,213998,192418,11.21,-
tpex,2026,6,3374,精材,764006,696852,474514,9.63,61.0,4098395,3082262,32.96,因測試服務需求較去年同期增加
twse,2026,6,3376,新日興,921919,802260,968015,14.91,-4.76,4984069,5745333,-13.25,-
tpex,2026,6,3379,彬台,62144,31661,122618,96.27,-49.31,298847,577158,-48.22,主係本期設備銷售之銷貨收入較去年同期減少所致
twse,2026,6,3380,明泰,2271297,1800533,2153618,26.14,5.46,10480123,10218168,2.56,-
tpex,2026,6,3388,崇越電,736337,781786,618913,-5.81,18.97,4388498,3683005,19.15,-
tpex,2026,6,3390,旭軟,91738,92897,65440,-1.24,40.18,486816,377617,28.91,-
tpex,2026,6,3402,漢科,553782,514412,426311,7.65,29.9,2944266,2523713,16.66,-
twse,2026,6,3406,玉晶光,1739246,1628911,1664213,6.77,4.5,11822845,10090631,17.16,-
twse,2026,6,3413,京鼎,2457175,1972949,1753715,24.54,40.11,11861137,10072196,17.76,-
twse,2026,6,3416,融程電,414884,370977,333775,11.83,24.3,2123231,1627942,30.42,-
twse,2026,6,3419,譁裕,139663,179682,167374,-22.27,-16.55,898415,884533,1.56,-
tpex,2026,6,3430,奇鈦科,170941,141374,107935,20.91,58.37,972559,762230,27.59,115年6月月營收較去年同期增加達50%以上，主係本公司抗氧化劑、紫外光吸收劑及光安定劑銷售皆較去年同期增加
twse,2026,6,3432,台端,31704,29520,16046,7.39,97.58,145746,51707,181.86,主係因增加新產品出貨所致
tpex,2026,6,3434,哲固,70074,41887,51361,67.29,36.43,256215,396815,-35.43,-
twse,2026,6,3437,榮創,131004,129967,138463,0.79,-5.38,725258,862520,-15.91,-
tpex,2026,6,3438,類比科,86149,78133,92027,10.25,-6.38,448223,542719,-17.41,-
tpex,2026,6,3441,聯一光電,41377,41789,23830,-0.98,73.63,255240,183977,38.73,客戶需求增加。
twse,2026,6,3443,創意,4928512,4674012,2419270,5.44,103.71,25344369,13128221,93.05,主要為晶圓產品收入增加
tpex,2026,6,3444,利機,117503,106849,100379,9.97,17.05,653233,623736,4.72,-
twse,2026,6,3447,展達,258619,290500,218164,-10.97,18.54,1678251,1472518,13.97,-
twse,2026,6,3450,聯鈞,1138635,960221,605082,18.58,88.17,5063522,4606903,9.91,因客戶需求增加，致使營收增加。
tpex,2026,6,3455,由田,83971,146407,119990,-42.64,-30.01,502712,739900,-32.05,-
tpex,2026,6,3465,進泰電子,191659,231791,166380,-17.31,15.19,954129,834406,14.34,-
tpex,2026,6,3466,德晉,7358,8519,9006,-13.62,-18.29,136569,37391,265.24,AI產品本月訂單減少
tpex,2026,6,3467,台灣精材,65300,71530,53076,-8.7,23.03,374815,308383,21.54,-
tpex,2026,6,3479,安勤,882778,779365,690503,13.26,27.84,4574828,4027468,13.59,-
twse,2026,6,3481,群創,21703413,20647675,18510718,5.11,17.24,130233061,112163677,16.1,-
tpex,2026,6,3483,力致,681311,791272,835673,-13.89,-18.47,4240984,4290638,-1.15,-
tpex,2026,6,3484,崧騰,424135,416637,388981,1.79,9.03,2281910,2350717,-2.92,-
tpex,2026,6,3485,敘豐,62678,47045,51187,33.22,22.44,297848,285564,4.3,配合客戶裝機
tpex,2026,6,3489,森寶,81128,83459,49306,-2.79,64.53,513051,268972,90.74,本月合併營收較去年同期成長64.54%，主係本公司持股100%之子公司營造收入較去年顯著增加所致。
tpex,2026,6,3490,單井,21680,19735,22525,9.85,-3.75,121193,111140,9.04,-
tpex,2026,6,3491,昇達科,256723,296253,135563,-13.34,89.37,1922184,1133784,69.53,因掌握低軌衛星產業商機，營收較去年同期大幅提升；雖然短期因產品規格調整以致MoM略降，然而年營收獲利的目標未因此而改變。
tpex,2026,6,3492,長盛,86376,73652,62778,17.27,37.58,431774,440439,-1.96,-
twse,2026,6,3494,誠研,86283,84226,81567,2.44,5.78,499914,462737,8.03,-
tpex,2026,6,3498,陽程,321521,158419,213367,102.95,50.68,1072711,593385,80.77,本月可完工案件較多所致
tpex,2026,6,3499,環天科,31330,25985,25182,20.56,24.41,146742,181834,-19.29,-
twse,2026,6,3501,維熹,488671,442283,466475,10.48,4.75,2620394,2932123,-10.63,-
twse,2026,6,3504,揚明光,245781,248949,251778,-1.27,-2.38,1423232,1354533,5.07,-
tpex,2026,6,3508,位速,80600,81282,68153,-0.83,18.26,459827,464656,-1.03,-
tpex,2026,6,3511,矽瑪,160852,153820,130630,4.57,23.13,930872,878897,5.91,-
tpex,2026,6,3512,皇龍,15684,27406,37010,-42.77,-57.62,272699,760810,-64.15,本期建案完工交屋減少.
twse,2026,6,3515,華擎,3699865,3665115,2506644,0.94,47.6,23475447,22480205,4.42,"“本年累計營業收入淨額”採年平均匯率計算,“本月營業收入淨額”採該月平均匯率計算,故累計營收淨額與各月營收淨額加總會有差異"
tpex,2026,6,3516,亞帝歐,95106,85962,80264,10.63,18.49,568447,442074,28.58,-
twse,2026,6,3518,柏騰,15971,18495,27709,-13.64,-42.36,114445,158289,-27.69,-
tpex,2026,6,3520,華盈,105321,114213,127706,-7.78,-17.52,626932,581105,7.88,-
tpex,2026,6,3521,台鋼建設,3,0,178227,,-99.99,11523,198911,-94.2,POS商品內外銷累計較去年同期減少，建設事業累計較去年同期減少。
tpex,2026,6,3522,御嵿,73213,79275,75877,-7.64,-3.51,684398,624996,9.5,-
tpex,2026,6,3523,迎輝,13141,3743,8935,251.08,47.07,40969,47856,-14.39,"太陽能及儲能系統建置:銷貨額$7,571,386;售電:銷貨額$4,598,101"
tpex,2026,6,3526,凡甲,409265,365792,315495,11.88,29.72,2311691,1850431,24.92,-
tpex,2026,6,3527,聚積,147991,134860,123732,9.73,19.6,732704,758631,-3.41,-
twse,2026,6,3528,安馳,1091604,1000344,693533,9.12,57.39,6702604,3624498,84.92,AI伺服器應用帶動測試相關需求增加，週邊電源應用及工控需求上升。
tpex,2026,6,3529,力旺,178454,305058,121357,-41.5,47.04,2190620,1848269,18.52,-
twse,2026,6,3530,晶相光,167832,199683,134975,-15.95,24.34,1140324,805199,41.62,-
tpex,2026,6,3531,先益,76732,79652,105975,-3.66,-27.59,530595,733627,-27.67,-
twse,2026,6,3532,台勝科,1224081,1217609,989472,0.53,23.71,6918905,5977084,15.75,-
twse,2026,6,3533,嘉澤,3094216,3041077,2638865,1.74,17.25,18911254,16130980,17.23,-
twse,2026,6,3535,晶彩科,72968,110652,27973,-34.05,160.85,528731,103952,408.62,本公司以銷售機台為主，115年累計出售機台較去年同期增加，此為產業特性，尚屬正常。
tpex,2026,6,3537,堡達,290120,225869,228664,28.44,26.87,1531300,1435898,6.64,-
tpex,2026,6,3540,曜越,391338,323842,434867,20.84,-10.0,2285267,2597017,-12.0,-
tpex,2026,6,3541,西柏,88399,88171,84155,0.25,5.04,501881,557171,-9.92,-
twse,2026,6,3543,州巧,268764,269070,243093,-0.11,10.56,1663462,1711970,-2.83,-
twse,2026,6,3545,敦泰,900079,901113,881026,-0.11,2.16,5228560,6044103,-13.49,-
tpex,2026,6,3546,宇峻,145993,132924,101078,9.83,44.43,931883,630407,47.82,-
tpex,2026,6,3548,兆利,788044,833382,736043,-5.44,7.06,4066277,5335254,-23.78,-
twse,2026,6,3550,聯穎,370328,391681,268192,-5.45,38.08,2217952,1741605,27.35,-
tpex,2026,6,3551,世禾,293281,292352,232646,0.31,26.06,1672323,1400217,19.43,-
tpex,2026,6,3552,同致,709046,710634,679292,-0.22,4.38,3891209,4023326,-3.28,-
tpex,2026,6,3555,博士旺,49436,59682,22518,-17.16,119.53,451376,37166,1114.48,本月因銷售電子產品，致本月及累計營收較去年同期增加。
tpex,2026,6,3556,禾瑞亞,107106,103337,64188,3.64,66.86,628281,506382,24.07,客戶需求增加，致本月營收較去年同月增加。
twse,2026,6,3557,嘉威,366867,334491,248265,9.67,47.77,2395301,2716454,-11.82,-
tpex,2026,6,3558,神準,1316726,1195825,1245266,10.11,5.73,6627594,7961953,-16.75,-
twse,2026,6,3563,牧德,355108,349020,307142,1.74,15.61,1911044,1761738,8.47,-
tpex,2026,6,3564,其陽,326232,234813,250321,38.93,30.32,1368161,1185908,15.36,-
tpex,2026,6,3567,逸昌,23606,23169,19008,1.88,24.18,133346,130753,1.98,-
tpex,2026,6,3570,大塚,256509,216292,198516,18.59,29.21,1432229,1355174,5.68,-
twse,2026,6,3576,聯合再生,208221,324464,230093,-35.82,-9.5,1278115,1683705,-24.08,-
tpex,2026,6,3577,泓格,165411,132460,89232,24.87,85.37,839172,608814,37.83,客戶需求增加
tpex,2026,6,3580,友威科,43243,34457,44502,25.49,-2.82,189510,203939,-7.07,-
tpex,2026,6,3581,博磊,199469,112105,102062,77.93,95.43,844905,655643,28.86,主要係因市場需求較去年同期成長所致。
twse,2026,6,3583,辛耘,1034997,971001,1063392,6.59,-2.67,6115364,5726326,6.79,-
tpex,2026,6,3587,閎康,558424,544461,503058,2.56,11.0,3068042,2611814,17.46,-
twse,2026,6,3588,通嘉,147830,143352,100989,3.12,46.38,831442,687937,20.86,-
twse,2026,6,3591,艾笛森,241900,215701,179406,12.14,34.83,1271933,1187026,7.15,-
twse,2026,6,3592,瑞鼎,2230464,2272067,1880842,-1.83,18.58,12258456,11676129,4.98,-
twse,2026,6,3593,力銘,52897,68560,121831,-22.84,-56.58,329421,640531,-48.57,中國境內終端消費需求持續疲弱及塑膠原油成本仍受戰爭衝擊維持高檔，公司持續因應產業環境調整。
tpex,2026,6,3594,磐儀,264273,260830,183715,1.32,43.84,1229647,870661,41.23,-
twse,2026,6,3596,智易,4737570,4615776,4557062,2.63,3.96,26666428,26165213,1.91,-
tpex,2026,6,3597,映興,85145,84274,60499,1.03,40.73,451377,395105,14.24,-
twse,2026,6,3605,宏致,1117512,1108233,860900,0.83,29.8,6171890,5364297,15.05,-
twse,2026,6,3607,谷崧,271469,266288,235833,1.94,15.11,1423049,1448438,-1.75,-
tpex,2026,6,3609,三一東林,43632,31094,57938,40.32,-24.69,180375,244700,-26.28,-
tpex,2026,6,3611,鼎翰,1029807,1094139,1030833,-5.87,-0.09,5909410,5941431,-0.53,-
tpex,2026,6,3615,安可,49690,57003,90531,-12.82,-45.11,372818,513257,-27.36,-
twse,2026,6,3617,碩天,1232245,1085436,981058,13.52,25.6,6270696,5758766,8.88,-
twse,2026,6,3622,洋華,146517,137674,181942,6.42,-19.47,785134,810160,-3.08,-
tpex,2026,6,3623,富晶通,17648,13201,32427,33.68,-45.57,133069,156414,-14.92,-
tpex,2026,6,3624,光頡,322085,290379,250214,10.91,28.72,1622899,1324650,22.51,-
tpex,2026,6,3625,西勝,45950,32071,37242,43.27,23.38,221658,212947,4.09,-
tpex,2026,6,3628,盈正,372786,294877,286163,26.42,30.27,1749242,1507476,16.03,-
tpex,2026,6,3629,地心引力,4665,714,0,553.36,,21175,71,29723.94,主係客戶行銷及活動專案增加，導致營收成長。
tpex,2026,6,3630,新鉅科,183068,201001,193796,-8.92,-5.53,1254195,1124525,11.53,-
tpex,2026,6,3631,晟楠,4312,5710,1956,-24.48,120.44,21657,17552,23.38,本月收入較去年同期營收增多肇因於錫价上漲50%多
tpex,2026,6,3632,研勤,27813,25155,20174,10.56,37.86,142745,124508,14.64,-
twse,2026,6,3645,達邁,217714,225738,211991,-3.55,2.69,1244699,1197212,3.96,-
tpex,2026,6,3646,艾恩特,76501,69977,58535,9.32,30.69,383360,344379,11.31,-
twse,2026,6,3652,精聯,253854,249438,256956,1.77,-1.2,1381656,1187293,16.37,-
twse,2026,6,3653,健策,2649918,2313449,1680959,14.54,57.64,12579732,9933706,26.63,因客戶端需求成長，致本月較去年同期增加百分比達50%以上。
twse,2026,6,3661,世芯-KY,3572404,1935098,3095838,84.61,15.39,11826431,19626737,-39.74,-
tpex,2026,6,3663,鑫科,659468,514087,537200,28.27,22.76,4095477,2753210,48.75,本月貴金屬銷售金額佔合併營收比率為68%。
tpex,2026,6,3664,安瑞-KY,25453,27284,203666,-6.71,-87.5,124581,396882,-68.61,本年營收較去年同期減少主係美國及印度地區的營收減少所致。
twse,2026,6,3665,貿聯-KY,8518109,7352121,5200632,15.85,63.78,44110553,32926832,33.96,高效能運算客戶出貨量持續強勁
tpex,2026,6,3666,光耀,49837,56306,36734,-11.48,35.66,249921,271170,-7.83,-
twse,2026,6,3669,圓展,262821,218354,255283,20.36,2.95,1402225,1242698,12.83,-
tpex,2026,6,3672,康聯訊,13564,12969,13474,4.58,0.66,108428,124928,-13.2,-
twse,2026,6,3673,TPK-KY,6284949,6149316,5872386,2.2,7.02,37124805,32318255,14.87,-
tpex,2026,6,3675,德微,279963,267072,215370,4.82,29.99,1485502,1268444,17.11,-
twse,2026,6,3679,新至陞,354620,343815,349909,3.14,1.34,2081417,2329269,-10.64,-
tpex,2026,6,3680,家登,752110,677726,545299,10.97,37.92,4180060,3418442,22.27,-
tpex,2026,6,3684,榮昌,118630,109156,133780,8.67,-11.32,586056,553951,5.79,-
tpex,2026,6,3685,元創精密,119082,86085,92462,38.33,28.79,723397,507316,42.59,-
twse,2026,6,3686,達能,10116,9029,8053,12.03,25.61,44879,39692,13.06,-
tpex,2026,6,3687,歐買尬,174361,167399,150898,4.15,15.54,987324,868352,13.7,-
tpex,2026,6,3689,湧德,768486,666772,445086,15.25,72.66,4144933,3031667,36.72,本年度營收新增浙江榆陽電子股份有限公司營收
tpex,2026,6,3691,碩禾,739343,894608,451587,-17.35,63.72,5151709,2114619,143.62,係因太陽能導電漿產品、AI伺服器液冷管接件及其零組件之加工與測試服務銷量增加所致。
tpex,2026,6,3693,營邦,1160269,663707,663085,74.81,74.98,4096491,4299561,-4.72,營收成長
twse,2026,6,3694,海華,1001922,988129,1052009,1.39,-4.76,5908275,5458146,8.24,-
twse,2026,6,3701,大眾控,675088,615397,575982,9.69,17.2,4044126,5380482,-24.83,-
twse,2026,6,3702,大聯大,192916333,138023979,83205886,39.77,131.85,774778654,499285871,55.17,全球科技與能源設施擴建帶動半導體及電子零組件升級，車用、工控需求穩步推進，智能倉儲管理與資訊系統整合服務需求同步擴增
twse,2026,6,3703,欣陸,2614212,2655799,2767813,-1.56,-5.54,13786035,15123396,-8.84,-
twse,2026,6,3704,合勤控,3463520,2406584,2342282,43.91,47.86,15061489,13221851,13.91,-
twse,2026,6,3705,永信,577868,657963,740713,-12.17,-21.98,3770546,4304585,-12.4,-
twse,2026,6,3706,神達,15682685,13638501,8667797,14.98,80.93,72818194,50289333,44.79,本月營收較去年同期增長係超大規模雲端資料中心及雲端服務客戶需求持續增加。另在車用電子、智慧物聯及車載資通訊出貨維持成長。
tpex,2026,6,3707,漢磊,620211,590343,477602,5.05,29.85,3329828,2662424,25.06,-
twse,2026,6,3708,上緯投控,158016,132546,97723,19.21,61.69,587942,600037,-2.01,循環經濟材料及航太複材需求增加
tpex,2026,6,3709,鑫聯大投控,7614783,3473688,4425448,119.21,72.06,27412574,20804076,31.76,DRAM及CPU熱銷並有大型專案交貨。
tpex,2026,6,3710,連展投控,698370,692097,578738,0.9,20.67,3836094,3489339,9.93,-
twse,2026,6,3711,日月光投控,65783102,63033313,49512621,4.36,32.86,364725674,298903585,22.02,-
twse,2026,6,3712,永崴投控,762747,1291272,5165531,-40.93,-85.23,9648541,15488643,-37.7,主要係因子公司承接工程案件依進度認列收入
tpex,2026,6,3713,新晶投控,88944,40040,34695,122.13,156.35,238043,150071,58.62,綠電轉售電平台於去年底開始售電，使本期較去年同期增加
twse,2026,6,3714,富采,2133834,2089663,1793544,2.11,18.97,11569048,11372094,1.73,-
twse,2026,6,3715,定穎投控,2289779,2516224,1573915,-8.99,45.48,12508111,9181462,36.23,-
twse,2026,6,3716,中化控股,663752,659301,701585,0.67,-5.39,4228303,4364958,-3.13,-
twse,2026,6,3717,聯嘉投控,552428,549985,0,0.44,,3532488,0,,聯嘉光電投控（公司代號：3717）於114年8月份起100%認列聯嘉光電（原公司代號：6288）的營收。
tpex,2026,6,4102,永日,67149,48430,44198,38.65,51.92,276030,256212,7.73,配合客戶訂單出貨。
twse,2026,6,4104,佳醫,893588,701668,769868,27.35,16.07,4728836,4314285,9.6,"一一五年六月因佳醫創照健康股份有限公司及其子公司成為合併個體，使本月營收及本年累計營收增加75,476仟元所致。"
tpex,2026,6,4105,東洋,617099,518352,535291,19.05,15.28,3174114,2970900,6.84,-
twse,2026,6,4106,雃博,265782,186403,209682,42.58,26.75,1257114,1160761,8.3,-
tpex,2026,6,4107,邦特,197214,197310,175716,-0.04,12.23,1134636,1049020,8.16,-
twse,2026,6,4108,懷特,14283,11870,11178,20.32,27.77,70427,61571,14.38,本期懷特保健產品出貨暢旺，營收較去年同期大幅成長近28%
tpex,2026,6,4109,加捷生醫,49321,39643,35136,24.41,40.37,268053,240108,11.63,-
tpex,2026,6,4111,濟生,122804,124855,123627,-1.64,-0.66,731867,687364,6.47,-
tpex,2026,6,4113,聯上,165984,82,23023,202319.51,620.94,188026,543262,-65.38,不動產於過戶時點認列營收，故波動較大。
tpex,2026,6,4114,健喬,750929,600758,574632,24.99,30.67,3549870,3061874,15.93,-
tpex,2026,6,4116,明基醫,465548,456730,440829,1.93,5.6,2753810,2562947,7.44,-
twse,2026,6,4119,旭富,123241,60926,90520,102.27,36.14,648663,731805,-11.36,-
tpex,2026,6,4120,友華,447958,348844,358136,28.41,25.08,2341085,2282426,2.57,-
tpex,2026,6,4121,優盛,327926,317886,321061,3.15,2.13,1885058,1907570,-1.18,-
tpex,2026,6,4123,晟德,116273,138458,112968,-16.02,2.92,898039,757266,18.58,-
tpex,2026,6,4126,太醫,207430,212213,175512,-2.25,18.18,1184631,1170275,1.22,-
tpex,2026,6,4127,天良,55441,60559,39214,-8.45,41.38,383002,244569,56.6,本年度整體營收較去年同期增加，主要係本年度電視媒體銷售增長
tpex,2026,6,4128,中天,161136,158261,144052,1.81,11.85,980918,909607,7.83,-
tpex,2026,6,4129,聯合,530225,500595,452859,5.91,17.08,3059504,2647905,15.54,-
tpex,2026,6,4131,浩泰,34094,33627,17363,1.38,96.36,156170,123283,26.67,本月營業收入較去年同期增加 ，主係來自子公司之醫美設備出貨量提升，致使合併營收隨之增長。
twse,2026,6,4133,亞諾法,29336,29887,31346,-1.84,-6.41,176232,182084,-3.21,-
twse,2026,6,4137,麗豐-KY,349359,285203,284968,22.49,22.59,1901422,1750581,8.61,-
tpex,2026,6,4138,曜亞,120193,107551,111407,11.75,7.88,687173,678454,1.28,-
tpex,2026,6,4139,馬光-KY,89450,96282,90704,-7.09,-1.38,531699,537592,-1.09,公告合併數為公司自結數
twse,2026,6,4142,國光生,37239,6774,100193,449.73,-62.83,149074,180717,-17.5,上半年六月份營收較去年同期減少，主因配合主要客戶出貨時程調整至下半年
tpex,2026,6,4147,中裕,45258,63343,54450,-28.55,-16.88,321916,313781,2.59,每月營收受行銷夥伴每月進貨數量及CDMO生產時程影響而會有波動，公司仍朝整年預定目標邁進
twse,2026,6,4148,全宇生技-KY,346721,276164,263626,25.54,31.52,1517781,1272862,19.24,-
tpex,2026,6,4153,鈺緯,95226,75705,67931,25.78,40.18,467962,442131,5.84,-
tpex,2026,6,4154,樂威科-KY,2504,2484,981,0.8,155.24,12798,9756,31.18,114年訂單減少、115年泰國房屋租賃維持滿租，故營收增加。
twse,2026,6,4155,訊映,172639,139231,140448,23.99,22.92,822714,837784,-1.79,-
tpex,2026,6,4157,太景*-KY,3022,2924,3254,3.35,-7.12,18566,21582,-13.97,-
tpex,2026,6,4160,訊聯基因,50439,47161,50677,6.95,-0.46,299758,288448,3.92,-
tpex,2026,6,4161,聿新科,77104,95982,78085,-19.66,-1.25,461887,386216,19.59,-
tpex,2026,6,4162,智擎,205857,28152,153720,631.23,33.91,497811,384169,29.58,-
tpex,2026,6,4163,鐿鈦,223520,220578,207560,1.33,7.68,1304387,1221184,6.81,-
twse,2026,6,4164,承業醫,329871,543502,533411,-39.3,-38.15,2338249,2089705,11.89,-
tpex,2026,6,4166,友霖,183015,113021,108771,61.93,68.25,758297,642448,18.03,依客戶訂單需求出貨所致
tpex,2026,6,4167,松瑞藥,102267,87983,102451,16.23,-0.17,519518,599345,-13.31,-
tpex,2026,6,4168,醣聯,0,0,47,,-100.0,13954,29604,-52.86,114年6月為委託研究收入。
twse,2026,6,4169,泰宗,64785,57163,62290,13.33,4.0,353980,337838,4.77,-
tpex,2026,6,4171,瑞基,22045,17791,17312,23.91,27.33,112305,106965,4.99,-
tpex,2026,6,4173,久裕,143762,109742,155819,30.99,-7.73,787613,772514,1.95,-
tpex,2026,6,4174,浩鼎,10316,1516,3879,580.47,165.94,20844,27216,-23.41,浩鼎本月完成及認列ADC技術服務收入較去年同期顯著增加
tpex,2026,6,4175,杏一,775016,656243,698149,18.09,11.01,3963010,3913970,1.25,-
twse,2026,6,4178,永笙-KY,33793,30172,32228,12.0,4.85,184445,190369,-3.11,-
tpex,2026,6,4183,福永生技,36835,40448,34635,-8.93,6.35,168963,249929,-32.39,-
tpex,2026,6,4188,安克,1851,2183,2999,-15.2,-38.27,13104,14939,-12.28,-
twse,2026,6,4190,佐登-KY,162026,177842,176738,-8.89,-8.32,1073981,1123483,-4.4,-
tpex,2026,6,4192,杏國,1629,2724,2102,-40.19,-22.5,12398,13202,-6.08,-
twse,2026,6,4195,基米-創,72146,49960,64891,44.4,11.18,320093,310309,3.15,-
tpex,2026,6,4198,欣大健康,16353,7843,8502,108.5,92.34,72869,104627,-30.35,因動物醫療儀器及保健食品銷售較去年增加所致。
tpex,2026,6,4205,中華食,165787,158638,171500,4.5,-3.33,984434,984554,-0.01,-
tpex,2026,6,4207,環泰,461547,477789,423190,-3.39,9.06,2833303,2670441,6.09,-
tpex,2026,6,4303,信立,89384,101674,99316,-12.08,-10.0,515042,503000,2.39,-
tpex,2026,6,4304,勝昱,22640,23933,19010,-5.4,19.09,170528,171186,-0.38,無需說明。
tpex,2026,6,4305,世坤,73085,87982,94385,-16.93,-22.56,498925,548850,-9.09,-
twse,2026,6,4306,炎洲,1286195,1398619,1072687,-8.03,19.9,7235539,6105894,18.5,-
tpex,2026,6,4401,東隆興,334996,374566,326812,-10.56,2.5,1935185,1910146,1.31,-
tpex,2026,6,4402,郡都開發,1520,3086,1972,-50.74,-22.92,11624,13068,-11.04,收購子公司，係屬共同控制下之組織重組，應視為自始合併，故將子公司之工程收入併入。
tpex,2026,6,4406,新昕纖,5874,9909,38205,-40.72,-84.62,105007,268619,-60.9,因應產業趨勢調整經營結構
tpex,2026,6,4413,飛寶企業,32096,28695,43057,11.85,-25.45,239832,312509,-23.25,-
twse,2026,6,4414,如興,1366737,1253159,1074345,9.06,27.21,7132112,6664539,7.01,-
tpex,2026,6,4416,三圓,1444341,7724,404894,18599.39,256.72,2157850,447449,382.25,出售資產
tpex,2026,6,4417,金洲,261283,314919,252727,-17.03,3.38,1548155,1670978,-7.35,-
tpex,2026,6,4419,皇家美食,226783,245482,223424,-7.61,1.5,1386779,1356642,2.22,-
tpex,2026,6,4420,光明,77002,79325,93847,-2.92,-17.94,478162,521067,-8.23,-
twse,2026,6,4426,利勤,66120,65715,64352,0.61,2.74,436961,436452,0.11,-
tpex,2026,6,4430,耀億,181823,179146,158384,1.49,14.79,1143234,1071378,6.7,-
tpex,2026,6,4432,銘旺實,90931,66725,126077,36.27,-27.87,448947,534721,-16.04,-
tpex,2026,6,4433,興采,169184,129666,211634,30.47,-20.05,1111616,1465098,-24.12,-
twse,2026,6,4438,廣越,2025339,1635438,1890248,23.84,7.14,7939900,7552618,5.12,-
twse,2026,6,4439,冠星-KY,860663,787275,671225,9.32,28.22,4147280,3712889,11.69,-
twse,2026,6,4440,宜新實業,58898,73465,75785,-19.82,-22.28,533301,463909,14.95,-
twse,2026,6,4441,振大環球,716929,381811,742984,87.77,-3.5,3790065,3425552,10.64,-
tpex,2026,6,4442,竣邦-KY,167107,191867,122694,-12.9,36.19,1009856,861424,17.23,-
tpex,2026,6,4502,健信,104968,105121,76975,-0.14,36.36,572521,452459,26.53,-
tpex,2026,6,4503,金雨,40098,71142,70128,-43.63,-42.82,343178,300643,14.14,-
tpex,2026,6,4506,崇友,500976,558786,446202,-10.34,12.27,3395769,3090203,9.88,上列為本公司自結數
tpex,2026,6,4510,高鋒,160278,127957,156185,25.25,2.62,910039,720530,26.3,-
tpex,2026,6,4513,福裕,713572,99698,78623,615.73,807.58,1328237,484412,174.19,處分不動產-新光段完成過戶入帳造成營收爆增
tpex,2026,6,4523,永彰,58919,102281,50608,-42.39,16.42,580648,335844,72.89,主係本期專案結案及工程收入認列所致。
twse,2026,6,4526,東台,483430,627503,381604,-22.95,26.68,2626364,2810125,-6.53,-
tpex,2026,6,4527,方方土霖,238965,256273,305579,-6.75,-21.79,1322114,1300746,1.64,-
tpex,2026,6,4528,江興鍛,119070,116583,133241,2.13,-10.63,713848,769095,-7.18,-
tpex,2026,6,4529,淳紳,2504,3499,445,-28.43,462.69,9825,2675,267.28,"115/3月起加計子公司萊陽, 115/4月起加計金萊陽, 致營收增加."
tpex,2026,6,4530,天意能創,5740,25092,36229,-77.12,-84.15,173703,159368,8.99,係為本公司自結數
twse,2026,6,4532,瑞智,1974655,2025378,1533076,-2.5,28.8,12365434,12133967,1.9,-
tpex,2026,6,4533,協易機,316168,415187,314641,-23.84,0.48,1905485,2028628,-6.07,-
tpex,2026,6,4534,慶騰,105581,79920,49792,32.1,112.04,490221,375376,30.59,因子公司新產品出貨及組裝產線訂單增加
tpex,2026,6,4535,至興,212518,227178,211699,-6.45,0.38,1258961,1297996,-3.0,-
twse,2026,6,4536,拓凱,891246,802168,809936,11.1,10.03,4871075,4915969,-0.91,-
tpex,2026,6,4538,大詠城,32508,37327,41995,-12.91,-22.59,191091,175957,8.6,-
twse,2026,6,4540,全球傳動,332808,243012,254411,36.95,30.81,1618341,1114392,45.22,-
tpex,2026,6,4541,晟田,199434,183256,125685,8.82,58.67,1000527,750673,33.28,本月份營收較去年同期增加，主係因航太產業客戶需求增加所致。
tpex,2026,6,4542,科嶠,132546,108121,65602,22.59,102.04,554997,416976,33.1,受惠於市場需求強勁、訂單持續升溫，機台出貨穩定、驗收進度推展順暢，帶動營收較去年同期顯著增長。
tpex,2026,6,4543,萬在,88041,76936,76818,14.43,14.6,486055,399587,21.63,-
twse,2026,6,4545,銘鈺,217948,161252,213484,35.15,2.09,1130077,1193553,-5.31,-
tpex,2026,6,4549,桓達,108359,110415,104586,-1.86,3.6,572717,626421,-8.57,-
tpex,2026,6,4550,長佳,64076,41218,89059,55.45,-28.05,365132,392645,-7.0,-
twse,2026,6,4551,智伸科,749868,760526,573897,-1.4,30.66,4554705,3835500,18.75,-
twse,2026,6,4552,力達-KY,251292,314242,301038,-20.03,-16.52,1637797,1741850,-5.97,-
tpex,2026,6,4554,橙的,55288,41356,35378,33.68,56.27,266642,234251,13.82,受惠歐洲、美國客戶拉貨動能暢旺及船期安排因素等影響，帶動本月營收較去年同期上升。
twse,2026,6,4555,氣立,169673,160086,136100,5.98,24.66,896948,797898,12.41,-
tpex,2026,6,4556,旭然,61317,55630,53575,10.22,14.45,344671,316659,8.84,-
twse,2026,6,4557,永新-KY,308849,307688,301446,0.37,2.45,1668310,2154893,-22.58,-
tpex,2026,6,4558,寶緯,158040,170978,119404,-7.56,32.35,885823,777846,13.88,-
twse,2026,6,4560,強信-KY,170548,168341,125371,1.31,36.03,964946,853932,13.0,-
tpex,2026,6,4561,健椿,109091,93818,76062,16.27,43.42,563524,477634,17.98,-
twse,2026,6,4562,穎漢,48074,36967,61352,30.04,-21.64,326008,383822,-15.06,-
tpex,2026,6,4563,百德,282843,195688,222583,44.53,27.07,1290221,1551198,-16.82,-
twse,2026,6,4564,元翎,63401,65308,96732,-2.92,-34.45,386878,615931,-37.18,-
twse,2026,6,4566,時碩工業,529998,456478,367067,16.1,44.38,2822215,2490584,13.31,-
tpex,2026,6,4568,科際精密,114230,95067,97459,20.15,17.2,597968,594751,0.54,-
twse,2026,6,4569,六方科-KY,162894,167869,146903,-2.96,10.88,980465,911225,7.59,-
twse,2026,6,4571,鈞興-KY,232308,259046,220169,-10.32,5.51,1511453,1527544,-1.05,-
twse,2026,6,4572,駐龍,63339,76456,54222,-17.15,16.81,374995,346810,8.12,-
twse,2026,6,4576,大銀微系統,344085,335388,211668,2.59,62.55,1876568,1269841,47.77,本月營收較去年同期增加，主係客戶需求較去年同期增加。
tpex,2026,6,4577,達航科技,96518,80158,53133,20.4,81.65,453906,291906,55.49,"本期較去年同期變動81.65%，主係設備產銷較去年同期增加 22,543仟元，專業服務增加15,826仟元所致。"
tpex,2026,6,4580,捷流閥業,216275,195847,226460,10.43,-4.49,1167244,1136957,2.66,-
twse,2026,6,4581,光隆精密-KY,111401,93834,90086,18.72,23.66,596401,562604,6.0,-
twse,2026,6,4582,聚恆-創,258156,250216,64420,3.17,300.73,966567,347644,178.03,主係因採用完工比例法認列進度時點差異所致。
twse,2026,6,4583,台灣精銳,274287,285609,211029,-3.96,29.97,1760772,1543732,14.05,-
tpex,2026,6,4584,君帆,99832,86789,108961,15.02,-8.37,538853,687858,-21.66,-
twse,2026,6,4585,達明,214317,155710,151059,37.63,41.87,995617,891328,11.7,-
twse,2026,6,4588,玖鼎電力,103142,98980,57521,4.2,79.31,433215,358803,20.73,因按照合約規範，每月出貨數量依客戶通知出貨。
twse,2026,6,4590,富田-創,119895,108581,83858,10.41,42.97,569391,655325,-13.11,-
tpex,2026,6,4609,唐鋒,12795,16111,5477,-20.58,133.61,69862,65085,7.33,依客戶交期出貨致使本期較上期增加
tpex,2026,6,4702,中美實,4742,2678,6352,77.07,-25.34,36808,37205,-1.06,-
tpex,2026,6,4706,大恭,97824,94197,86905,3.85,12.56,592591,515502,14.95,-
tpex,2026,6,4707,磐亞,150774,98617,115261,52.88,30.81,617162,670099,-7.89,-
tpex,2026,6,4711,永純,79129,74105,57560,6.77,37.47,432159,351537,22.93,-
tpex,2026,6,4714,永捷,141470,219180,130966,-35.45,8.02,1184533,672641,76.1,主要是增加營建收入
tpex,2026,6,4716,大立,45819,38154,46207,20.08,-0.83,265288,277992,-4.56,-
twse,2026,6,4720,德淵,337386,331300,269770,1.83,25.06,1975800,1782045,10.87,-
tpex,2026,6,4721,美琪瑪,251045,303188,311272,-17.19,-19.34,1574765,1468364,7.24,-
twse,2026,6,4722,國精化,362609,295438,285664,22.73,26.93,1927979,1889863,2.01,-
tpex,2026,6,4726,永昕,53849,42508,105404,26.67,-48.91,399907,324275,23.32,-
tpex,2026,6,4728,雙美,224832,191282,149818,17.53,50.07,1183086,1014298,16.64,本月中國大陸地區因出貨量增加致營收較前期增加，以及受人民幣匯率升值影響，帶動集團單月營收增加。
tpex,2026,6,4729,熒茂,91321,86174,92024,5.97,-0.76,527677,550521,-4.14,-
tpex,2026,6,4735,豪展,82131,84135,96517,-2.38,-14.9,488053,451729,8.04,-
twse,2026,6,4736,泰博,360204,319237,352839,12.83,2.08,2124042,2097844,1.24,-
twse,2026,6,4737,華廣,143609,141700,153628,1.34,-6.52,831895,953126,-12.71,-
twse,2026,6,4739,康普,953770,1159552,446131,-17.74,113.78,5510938,2504309,120.05,本月營收及累計營收較去年同期增加，主係動力電池材料銷售增加。
tpex,2026,6,4741,泓瀚,53401,51760,40370,3.17,32.27,280328,239995,16.8,-
tpex,2026,6,4743,合一,10468,7785,8278,34.46,26.45,76527,51868,47.54,-
tpex,2026,6,4744,皇將,79270,62089,250670,27.67,-68.37,430946,649741,-33.67,本期銷售組合較少連線設備，導致營收減少。
tpex,2026,6,4745,合富-KY,343798,222567,246227,54.46,39.62,1555987,1612821,-3.52,公司115年1-6月合併營業收入較去年同期下降3.52%，較115年1-5月合併營業收入下降幅度收斂7.78%，營收情況持續改善。
twse,2026,6,4746,台耀,421860,358654,420647,17.62,0.28,2175062,2386549,-8.86,-
tpex,2026,6,4747,強生製藥,47257,52506,46252,-9.99,2.17,293136,284982,2.86,-
tpex,2026,6,4749,新應材,454490,425602,364727,6.78,24.61,2478420,2112014,17.34,-
tpex,2026,6,4754,國碳科,65713,65798,50906,-0.12,29.08,351212,350512,0.19,-
twse,2026,6,4755,三福化,464390,375961,401634,23.52,15.62,2371210,2410780,-1.64,-
tpex,2026,6,4760,勤凱科技,248915,233002,151040,6.82,64.8,1338240,845203,58.33,本月較去年同月份出貨量增加
twse,2026,6,4763,材料*-KY,1013200,952051,1127103,6.42,-10.1,5554325,8013734,-30.68,-
twse,2026,6,4764,雙鍵,284417,312100,232438,-8.86,22.36,1755748,1389714,26.33,-
twse,2026,6,4766,南寶,2093401,2204492,1855541,-5.03,12.81,12419471,11359895,9.32,-
tpex,2026,6,4767,誠泰科技,73043,75570,83166,-3.34,-12.17,461070,516940,-10.8,-
tpex,2026,6,4768,晶呈科技,108683,97605,50341,11.34,115.89,821214,340615,141.09,本月營收較去年同期增加乃因客戶需求增加
twse,2026,6,4770,上品,470234,347267,505339,35.4,-6.94,2363145,2278177,3.72,-
twse,2026,6,4771,望隼,394887,381003,300854,3.64,31.25,2226792,1682896,32.31,-
tpex,2026,6,4772,台特化,300576,307698,80642,-2.31,272.72,1749937,482369,262.77,合併弘潔科技營業收入
tpex,2026,6,4804,大略-KY,12544,13307,10794,-5.73,16.21,70218,60620,15.83,-
tpex,2026,6,4806,桂田文創,10149,37758,8273,-73.12,22.67,103127,36814,180.12,各業務團隊的整合開始發揮綜效，形塑娛樂產業一條龍的完整服務架構。
twse,2026,6,4807,日成-KY,258266,214673,199101,20.3,29.71,1260941,986621,27.8,-
tpex,2026,6,4903,聯光通,236567,104519,226036,126.33,4.65,816628,588340,38.8,-
twse,2026,6,4904,遠傳,9622202,9501988,8302166,1.26,15.89,56468411,51267706,10.14,-
tpex,2026,6,4905,台聯電,78412,74733,44718,4.92,75.34,445880,334631,33.24,本月訂單增加
twse,2026,6,4906,正文,1193259,1270893,1259231,-6.1,-5.23,6714850,9353190,-28.2,-
tpex,2026,6,4907,富宇,45328,127412,175021,-64.42,-74.1,2447908,837596,192.25,餘屋出售
tpex,2026,6,4908,前鼎,91180,90035,70289,1.27,29.72,520704,418105,24.53,-
tpex,2026,6,4909,新復興,16860,17850,19145,-5.54,-11.93,103475,170217,-39.2,-
tpex,2026,6,4911,德英,11556,11585,27266,-0.25,-57.61,66660,160182,-58.38,公司行銷團隊建置中
twse,2026,6,4912,聯德控股-KY,647288,610245,422148,6.07,53.33,3613611,2888675,25.09,6月份出貨較去年同期增加所致
twse,2026,6,4915,致伸,6289319,5453871,4929632,15.31,27.58,33130159,29359896,12.84,-
twse,2026,6,4916,事欣科,501534,450454,277822,11.33,80.52,2434358,1637820,48.63,受惠於國防、航太及通訊客戶需求強勁，低軌道衛星產品持續拉貨，本月營收變動達50%以上。
twse,2026,6,4919,新唐,2711218,2712656,2680181,-0.05,1.15,15929419,16180092,-1.54,-
tpex,2026,6,4923,力士,100102,85063,75540,17.67,32.51,515768,407941,26.43,-
tpex,2026,6,4924,欣厚-KY,18074,73676,73861,-75.46,-75.52,399161,349612,14.17,主要係生質燃料近期客戶拉貨需求放緩所致
twse,2026,6,4927,泰鼎-KY,1028086,993802,931996,3.44,10.31,5699856,6022992,-5.36,6月份自結數
twse,2026,6,4930,燦星網,443560,473743,449382,-6.37,-1.29,2731514,2984029,-8.46,-
tpex,2026,6,4931,新盛力,394409,415943,160926,-5.17,145.08,1904638,1120173,70.03,因資料中心需求上升，故本月及本年累計營收較去年同期增加。
tpex,2026,6,4933,友輝,209210,234259,265346,-10.69,-21.15,1416374,1525504,-7.15,-
twse,2026,6,4934,太極,18683,19764,6954,-5.46,168.66,91257,35534,156.81,受惠於子公司營收挹注，本月及累計營收較去年同期成長。
twse,2026,6,4935,茂林-KY,402601,307491,462066,30.93,-12.86,2083685,2831274,-26.4,-
twse,2026,6,4938,和碩,91295615,95962959,78779305,-4.86,15.88,518553210,539769266,-3.93,-
tpex,2026,6,4939,亞電,151160,141639,104838,6.72,44.18,749246,687856,8.92,-
twse,2026,6,4942,嘉彰,457954,448276,513886,2.15,-10.88,2703942,2900992,-6.79,-
twse,2026,6,4943,康控-KY,190461,199057,138236,-4.31,37.77,1113503,769109,44.77,-
tpex,2026,6,4946,辣椒,20615,31621,25263,-34.8,-18.39,153418,205501,-25.34,-
twse,2026,6,4949,有成精密,333753,306611,197847,8.85,68.69,1744011,1237358,40.94,主要係本期太陽能模組銷售量較去年同期增加所致。
tpex,2026,6,4950,金耘國際,129400,130300,85493,-0.69,51.35,640039,528967,20.99,市場需求回溫，營收較去年增加達50%以上
tpex,2026,6,4951,精拓科,45222,46742,46962,-3.25,-3.7,267107,262641,1.7,-
twse,2026,6,4952,凌通,285811,265421,190505,7.68,50.02,1419349,1191202,19.15,多媒體IC較去年大幅成長
tpex,2026,6,4953,緯致,1233074,1149330,899619,7.28,37.06,7022384,5364333,30.9,-
twse,2026,6,4956,光鋐,113578,124094,114530,-8.47,-0.83,723542,660188,9.59,-
twse,2026,6,4958,臻鼎-KY,17033197,16201199,12823095,5.13,32.83,89158843,78285348,13.88,-
twse,2026,6,4960,誠美材,655074,687826,625193,-4.76,4.77,3871059,4231400,-8.51,-
twse,2026,6,4961,天鈺,1859601,1756453,1490528,5.87,24.76,9887088,9737647,1.53,-
tpex,2026,6,4966,譜瑞-KY,1672372,1307428,1490139,27.91,12.22,8239995,8253753,-0.16,-
twse,2026,6,4967,十銓,3018031,2555598,2235640,18.09,34.99,16633210,9916094,67.73,因出貨量增加及銷售單價上漲所致。
twse,2026,6,4968,立積,317192,330076,333908,-3.9,-5.0,1907539,1823831,4.58,-
tpex,2026,6,4971,IET-KY,71880,78037,76682,-7.88,-6.26,588301,508654,15.65,-
tpex,2026,6,4972,湯石照明,86929,95081,77191,-8.57,12.61,498373,473749,5.19,-
tpex,2026,6,4973,廣穎電通,861821,835191,289881,3.18,197.3,4523831,2133119,112.07,本月營收較去年同期增加係因市場價格上漲所致
tpex,2026,6,4974,亞泰,348237,335847,297045,3.68,17.23,2009499,2056315,-2.27,-
twse,2026,6,4976,佳凌,95702,84114,95111,13.77,0.62,528620,528826,-0.03,-
twse,2026,6,4977,眾達-KY,82280,81963,76128,0.38,8.08,430574,543588,-20.79,-
tpex,2026,6,4979,華星光,455083,421247,356414,8.03,27.68,2482586,2154392,15.23,-
twse,2026,6,4989,榮科,370182,323360,213471,14.47,73.41,2049930,1256237,63.18,主係銷售量增加及銅價上漲
tpex,2026,6,4991,環宇-KY,326169,200253,210345,62.87,55.06,1484783,963153,54.15,因晶圓代工訂單需求持續穩健，且權利金收入持續增加，致本月銷量較去年同期增加55%。
twse,2026,6,4994,傳奇,87467,97009,83933,-9.83,4.21,602464,588613,2.35,-
tpex,2026,6,4995,晶達,140986,116018,102645,21.52,37.35,708153,637154,11.14,-
twse,2026,6,4999,鑫禾,134754,138216,185881,-2.5,-27.5,820128,955893,-14.2,-
twse,2026,6,5007,三星,562514,528745,438808,6.38,28.19,3133113,3151018,-0.56,-
tpex,2026,6,5009,榮剛,1119683,1055500,991487,6.08,12.92,6091166,6095655,-0.07,-
tpex,2026,6,5011,久陽,270616,376982,432646,-28.21,-37.45,2176921,2730440,-20.27,-
tpex,2026,6,5013,強新,735956,727340,599937,1.18,22.67,4146937,3854760,7.57,-
tpex,2026,6,5014,建錩,1635878,1259859,1350841,29.84,21.1,8046582,7096314,13.39,-
tpex,2026,6,5015,華祺,110475,109137,134078,1.22,-17.6,600447,819957,-26.77,-
tpex,2026,6,5016,松和,208884,213940,174778,-2.36,19.51,1110622,1049254,5.84,-
tpex,2026,6,5201,凱衛,18341,25728,23998,-28.71,-23.57,121666,149118,-18.4,-
tpex,2026,6,5202,力新,17715,8916,26033,98.68,-31.95,69077,81207,-14.93,-
twse,2026,6,5203,訊連,172887,164834,191607,4.88,-9.76,1113860,1170482,-4.83,-
tpex,2026,6,5205,中茂,2835,4574,2183,-38.01,29.86,16240,10098,60.82,係因本期環保綠能收入較同期增加
tpex,2026,6,5206,坤悅,30445,90753,166596,-66.45,-81.72,2284824,3675046,-37.82,本期營業收入較去年減少，主要係因上期「君匯」及「心里程」完工交屋過戶認列收入所致。
tpex,2026,6,5209,新鼎,356053,289500,498160,22.98,-28.52,1771742,2418278,-26.73,-
tpex,2026,6,5210,寶碩,20504,27902,25867,-26.51,-20.73,134166,127306,5.38,-
tpex,2026,6,5211,蒙恬,25727,23541,19170,9.28,34.2,128933,95462,35.06,-
tpex,2026,6,5212,凌網,95585,77970,93306,22.59,2.44,502013,463215,8.37,-
tpex,2026,6,5213,亞昕,459287,839186,772182,-45.26,-40.52,4612793,10622155,-56.57,認列1個公案、餘屋及租金收入
twse,2026,6,5215,科嘉-KY,213910,258743,209748,-17.32,1.98,1586084,1201696,31.98,-
tpex,2026,6,5220,萬達光電,94510,74528,53686,26.81,76.04,533043,398371,33.8,新客戶導入量產及產品線組合多元化
twse,2026,6,5222,全訊,78057,59688,82137,30.77,-4.96,406260,478948,-15.17,-
tpex,2026,6,5223,安力-KY,165729,141113,150983,17.44,9.76,927020,945561,-1.96,-
twse,2026,6,5225,東科-KY,948274,893014,804963,6.18,17.8,4999304,5236493,-4.52,-
tpex,2026,6,5227,立凱-KY,2091,1135,16058,84.22,-86.97,58546,286948,-79.59,因需求減少，營業收入減少
tpex,2026,6,5228,鈺鎧,62349,69810,46154,-10.68,35.08,381734,256585,48.77,-
tpex,2026,6,5230,雷笛克光學,123374,116163,103142,6.2,19.61,657709,629553,4.47,-
twse,2026,6,5234,達興材料,453009,418193,372009,8.32,21.77,2483006,2257139,10.0,-
twse,2026,6,5236,凌陽創新,192161,201026,170388,-4.4,12.77,1167421,991235,17.77,-
twse,2026,6,5243,乙盛-KY,1162478,1016352,840703,14.37,38.27,6363184,6420479,-0.89,-
twse,2026,6,5244,弘凱,73470,75630,71175,-2.85,3.22,376760,392072,-3.9,-
tpex,2026,6,5245,智晶,70702,73037,77803,-3.19,-9.12,387313,441658,-12.3,-
tpex,2026,6,5251,天鉞電,39779,31505,28692,26.26,38.64,185159,170380,8.67,-
twse,2026,6,5258,虹堡,895443,754698,741550,18.64,20.75,3970966,3474636,14.28,-
tpex,2026,6,5263,智崴,200811,164474,105560,22.09,90.23,856317,566830,51.07,因增加新訂單，本月依工程進度認列營收，致2026年6月營收較去年同期增加。
twse,2026,6,5269,祥碩,867194,896666,1117633,-3.28,-22.4,6220554,5902029,5.39,-
tpex,2026,6,5272,笙科,29949,31607,35213,-5.24,-14.94,160691,189339,-15.13,-
tpex,2026,6,5274,信驊,1310195,1282174,782343,2.18,67.47,7018166,4311665,62.77,本月及本年增減百分比達50%以上者，主係伺服器晶片營收較去年同期成長所致。
tpex,2026,6,5276,達輝-KY,83058,78780,69256,5.43,19.92,502921,442821,13.57,-
tpex,2026,6,5278,尚凡*,289085,253807,237640,13.89,21.64,1395962,1185528,17.75,-
twse,2026,6,5283,禾聯碩,713862,618555,695394,15.4,2.65,3333175,3368001,-1.03,-
twse,2026,6,5284,jpp-KY,397000,413067,300610,-3.88,32.06,2384422,1656951,43.9,-
twse,2026,6,5285,界霖,520254,522199,455872,-0.37,14.12,2981953,2685398,11.04,-
tpex,2026,6,5287,數字,190617,201299,199404,-5.3,-4.4,1136249,1156019,-1.71,-
twse,2026,6,5288,豐祥-KY,857013,813884,499464,5.29,71.58,4471481,3467030,28.97,主係美北休閒車輛客戶新產品出貨所致
tpex,2026,6,5289,宜鼎,8207987,7564591,1030756,8.5,696.3,35626019,5647171,530.86,本月營收及本年累計營收較去年同期增加係因出貨量增加及銷售單價上漲所致
tpex,2026,6,5291,邑昇,122639,117010,87290,4.81,40.49,713583,536128,33.09,-
twse,2026,6,5292,華懋,274497,226644,299263,21.11,-8.27,1276054,1385518,-7.9,本公司完工百分比法係以投入成本為完工進度基礎，各期依工程安排時間不同而產生差異
tpex,2026,6,5299,杰力,125277,134304,130771,-6.72,-4.2,789773,812438,-2.78,-
tpex,2026,6,5301,寶得利,10713,10985,15597,-2.47,-31.31,92445,110332,-16.21,-
tpex,2026,6,5302,太欣,1584,3384,1843,-53.19,-14.05,13466,7714,74.56,今年累計營收較去年同期成長主要係提供技術服務予關係人。
twse,2026,6,5306,桂盟,500315,447549,379965,11.78,31.67,2747034,2534044,8.4,-
tpex,2026,6,5309,系統電,294029,307975,282201,-4.52,4.19,1770397,1706088,3.76,-
tpex,2026,6,5310,天剛,85,111,109,-23.42,-22.01,323,399,-19.04,-
tpex,2026,6,5312,寶島科,363653,383170,331975,-5.09,9.54,2237047,1992063,12.29,累計營收再創同期歷史新高
tpex,2026,6,5314,世紀*,578813,512687,216079,12.89,167.87,2868230,1094645,162.02,本月主要成長係生技產品營收增加及子公司營收增加，致本月及本年度營收較去年同期增加。
tpex,2026,6,5315,光聯,148708,145797,162260,1.99,-8.35,924309,1005416,-8.06,-
tpex,2026,6,5321,美而快,167334,191618,239972,-12.67,-30.26,1109240,1450401,-23.52,-
tpex,2026,6,5324,士開,190964,55960,51339,241.25,271.96,480882,459079,4.74,係本月餘屋出售點交認列收入所致。
tpex,2026,6,5328,華容,103968,91751,63575,13.31,63.53,524027,428625,22.25,主係因客戶需求增加及代理產品線有新開發訂單所致
tpex,2026,6,5340,建榮,248445,232046,197570,7.06,25.75,1335335,1103478,21.01,-
tpex,2026,6,5344,立衛,31668,31344,31600,1.03,0.21,185584,161513,14.9,-
tpex,2026,6,5345,馥鴻,4633,5957,397,-22.22,1067.0,21451,3151,580.76,主係產品線成熟且結合經銷商銷售動能，導致較去年同期增加。
tpex,2026,6,5347,世界,5976507,4241870,4474372,40.89,33.57,26776474,23648652,13.22,-
tpex,2026,6,5348,正能量智能,21366,27062,25836,-21.04,-17.3,141673,116578,21.52,-
tpex,2026,6,5351,鈺創,1902529,1663061,251167,14.39,657.47,7634098,1371852,456.48,本月營收及本年累計營收皆較去年同期增加，主係市場需求增加所致。
tpex,2026,6,5353,台林,162571,197365,165379,-17.62,-1.69,927530,878691,5.55,-
tpex,2026,6,5355,佳總,57383,60058,35300,-4.45,62.55,286593,240955,18.94,本月營業額增加主要原因為原物料上漲而調漲產品售價，終端客戶預期產品售價持續走高，帶動出貨量與營收的雙重上揚。
tpex,2026,6,5356,協益,366217,329610,246295,11.1,48.69,1772355,1651352,7.32,-
tpex,2026,6,5364,力麗店,4755,5856,30982,-18.8,-84.65,75680,152960,-50.52,主係因調整旗下飯店營運結構，結束花蓮分公司及子公司力麗明池合作經營，致使力麗觀光及子公司合併營收下降所致。
tpex,2026,6,5371,中光電,3621114,3242705,4084567,11.66,-11.34,19396888,18331512,5.81,-
tpex,2026,6,5381,光譜,133319,130372,114377,2.26,16.56,970276,1104142,-12.12,-
tpex,2026,6,5386,青雲,1567303,2430798,289008,-35.52,442.3,15146991,2511550,503.09,本期及累計營收增加主要係記憶體模組、顯卡及伺服器銷售成長所致
twse,2026,6,5388,中磊,7270836,6482310,4256262,12.16,70.82,37260103,23569319,58.08,北美市場訂單增溫
tpex,2026,6,5392,能率,778810,738182,713466,5.5,9.15,4443495,4282032,3.77,-
tpex,2026,6,5398,慕康生醫,15962,11660,31495,36.89,-49.31,68306,102269,-33.2,-
tpex,2026,6,5403,中菲,290477,295755,250483,-1.78,15.96,1637999,1671466,-2.0,-
tpex,2026,6,5410,國眾,331851,766810,296645,-56.72,11.86,3317564,2162072,53.44,本期營收較去年同期大幅增加主要係專案收入增加所致。
tpex,2026,6,5425,台半,1670280,1767220,1525993,-5.48,9.45,9470481,9220080,2.71,-
tpex,2026,6,5426,振發,161096,144905,111467,11.17,44.52,1003327,885851,13.26,-
tpex,2026,6,5432,新門,20549,20725,17335,-0.84,18.54,91705,92516,-0.87,-
twse,2026,6,5434,崇越,7507318,6542058,5650654,14.75,32.85,39362103,32746311,20.2,-
tpex,2026,6,5438,東友,85088,56839,134214,49.7,-36.6,375596,720996,-47.9,-
tpex,2026,6,5439,高技,1103029,1000191,903156,10.28,22.13,5591086,3712346,50.6,"115年6月營收淨額較去年同期增加199,873仟元，因客戶需求增加"
tpex,2026,6,5443,均豪,466277,255519,518630,82.48,-10.09,2172166,2143886,1.31,-
tpex,2026,6,5450,南良,244618,251047,201068,-2.56,21.65,1342857,1233471,8.86,-
tpex,2026,6,5452,佶優,414302,447044,388310,-7.32,6.69,2449019,2613159,-6.28,-
tpex,2026,6,5455,昇益,194,194,196,0.0,-1.02,8015,2025735,-99.6,本年營收較去年減少係因去年個案交屋認列收入，且交屋量體較大，故與去年同期營收相比較變動減少幅度較大。
tpex,2026,6,5457,宣德,1744541,1772588,1694616,-1.58,2.94,10611116,10848146,-2.18,-
tpex,2026,6,5460,同協,20373,23361,19480,-12.79,4.58,133687,119238,12.11,-
tpex,2026,6,5464,霖宏,100353,102049,73353,-1.66,36.8,617365,473660,30.33,-
tpex,2026,6,5465,富驊,374524,258462,433014,44.9,-13.5,2004952,3120505,-35.74,-
tpex,2026,6,5468,凱鈺,12052,11713,8628,2.89,39.68,83625,56399,48.27,-
twse,2026,6,5469,瀚宇博,5846217,5591841,5067701,4.54,15.36,32539078,26132407,24.51,-
twse,2026,6,5471,松翰,315835,301143,213886,4.87,47.66,1708141,1327846,28.63,-
tpex,2026,6,5474,聰泰,164174,126684,141162,29.59,16.3,684944,682743,0.32,-
tpex,2026,6,5475,德宏,174251,180720,66999,-3.57,160.08,834473,362726,130.05,市場價格及需求數量上漲
tpex,2026,6,5478,智冠,543958,561407,529854,-3.1,2.66,3596882,3169970,13.46,因IFRS15，MyCard屬代理性質營收採淨額，若總額本期為30.32億，較上期減少5.25%，較去年同期增加26.91%
tpex,2026,6,5481,新華,6942,6835,8132,1.56,-14.63,43113,47223,-8.7,-
tpex,2026,6,5483,中美晶,7706634,6713365,7161316,14.79,7.61,40501143,39604401,2.26,-
twse,2026,6,5484,慧友,132595,80908,40883,63.88,224.32,447204,204714,118.45,係因有接到代工訂單
tpex,2026,6,5487,通泰,15180,13439,13160,12.95,15.34,81954,87375,-6.2,-
tpex,2026,6,5488,松普,84045,60864,46879,38.08,79.28,483112,342941,40.87,本期出口較去年同期成長所致
tpex,2026,6,5489,彩富,175314,171917,153134,1.97,14.48,912818,806462,13.18,-
tpex,2026,6,5490,同亨,179613,139102,119568,29.12,50.21,899394,758093,18.63,主要係因客戶需求量增加。
tpex,2026,6,5493,三聯,587302,529530,492287,10.91,19.3,3086696,2642849,16.79,-
tpex,2026,6,5498,凱崴,208674,202926,115750,2.83,80.27,1030309,636354,61.9,主係鑽針收入成長，因AI產品暢旺，對鑽針的消耗大幅增加，鑽針需求量及價格皆有所提升。
tpex,2026,6,5508,永信建,505340,258448,117702,95.52,329.33,1731027,1306110,32.53,營收隨完工案量多寡而變化乃屬建設業特性，故本期業績大幅成長尚屬合理。
tpex,2026,6,5511,德昌,1096115,1038484,1054962,5.54,3.9,5348633,4630272,15.51,-
tpex,2026,6,5512,力麒,462380,397223,421272,16.4,9.75,2964298,3141054,-5.62,-
tpex,2026,6,5514,三豐,1749,3240,482,-46.01,262.86,673608,2890,23208.23,本月營收因認列委建收入，致使較去年同期增加。本年累計營收因委建及三豐AIT完工認列收入，致使本年累計營收較去年同期增加。
twse,2026,6,5515,建國,704033,668115,565251,5.37,24.55,4019401,3150331,27.58,-
tpex,2026,6,5516,雙喜,294291,260371,214491,13.02,37.2,1238115,884077,40.04,-
twse,2026,6,5519,隆大,161886,172901,156488,-6.37,3.44,1129296,1148989,-1.71,-
tpex,2026,6,5520,力泰,340118,369113,335880,-7.85,1.26,1932488,2000549,-3.4,-
twse,2026,6,5521,工信,862127,1071485,867822,-19.53,-0.65,5420687,4796396,13.01,無
twse,2026,6,5522,遠雄,1992217,646613,76228,208.1,2513.49,8531058,955608,792.73,本月及截至本月累計營收較去年同期增加，主要係交屋量較去年同期完工可交屋成屋量增加所致
tpex,2026,6,5523,豐謙,380,370,370,2.7,2.7,2260,2245,0.66,本月營收僅認列租賃收入所致。
twse,2026,6,5525,順天,1272513,315207,30190,303.7,4115.01,3884131,256116,1416.55,本月及本年累計營收較去年同期增加，係因今年母公司ONE 33及緮華完工交屋收入所致
tpex,2026,6,5529,鉅陞,77459,4085,3465,1796.18,2135.46,570348,27296,1989.49,增減百分比達50％之原因：主係因本年認列交屋收入
tpex,2026,6,5530,龍巖,281893,309527,307493,-8.92,-8.32,2048327,2331944,-12.16,-
twse,2026,6,5531,鄉林,58981,77260,55625,-23.65,6.03,322951,286518,12.71,建設業之銷售進度及狀況深受景氣榮枯及市場現狀影響，且建築個案之完工時間並非固定時點，故月營收的表現上會有較大之波動。
twse,2026,6,5533,皇鼎,128463,139940,182232,-8.2,-29.5,710094,722699,-1.74,-
twse,2026,6,5534,長虹,731306,498821,326175,46.6,124.2,2321924,1730196,34.2,本月營收較去年同期增加，主要係因本月過戶交屋數額較去年同期增加所致。
tpex,2026,6,5536,聖暉*,4774283,4518885,3822387,5.65,24.9,24984399,19463905,28.36,-
twse,2026,6,5538,東明-KY,1222564,1171741,1000012,4.33,22.25,6841197,6194689,10.43,-
tpex,2026,6,5543,桓鼎-KY,239202,268772,236163,-11.0,1.28,1640805,1563933,4.91,-
twse,2026,6,5546,永固-KY,114350,135662,177806,-15.7,-35.68,556973,1196783,-53.46,本公司為控管風險，控管客戶品質，因此整體出貨量減少致6月營收衰退。
tpex,2026,6,5547,久舜,234850,217073,245850,8.18,-4.47,1215382,1141535,6.46,-
tpex,2026,6,5548,安倉,191673,263000,200564,-27.12,-4.43,1309603,1207823,8.42,-
tpex,2026,6,5601,台聯櫃,8046,7877,7830,2.14,2.75,46810,46148,1.43,-
tpex,2026,6,5603,陸海,124345,125878,109343,-1.21,13.72,710302,701396,1.26,-
tpex,2026,6,5604,中連,13588,13649,13223,-0.44,2.76,81850,79011,3.59,-
twse,2026,6,5607,遠雄港,473463,461231,345566,2.65,37.01,2583659,1894205,36.39,-
twse,2026,6,5608,四維航,294006,294434,241324,-0.14,21.83,1621931,1551106,4.56,-
tpex,2026,6,5609,中菲行,3451671,3240058,2551789,6.53,35.26,16582870,14409601,15.08,-
tpex,2026,6,5701,劍湖山,26730,34341,34955,-22.16,-23.53,227357,256278,-11.28,-
tpex,2026,6,5703,亞都麗緻,40866,41341,24515,-1.14,66.69,251847,218667,15.17,今年因住房率提高以及餐廳營收增加，致收入較去年增加
tpex,2026,6,5704,老爺知,666,824,19282,-19.17,-96.54,101697,132191,-23.06,因本公司自115年3月起，暫停營業進行整修工程。
twse,2026,6,5706,鳳凰,266437,273358,274370,-2.53,-2.89,1528694,1624737,-5.91,-
tpex,2026,6,5864,致和證,266285,1410978,128591,-81.12,107.07,5225386,-79816,6646.79,主要係營業證券評價故
twse,2026,6,5871,中租-KY,7975156,8371058,8040760,-4.72,-0.81,48294600,49280844,-2.0,-
twse,2026,6,5876,上海商銀,5306818,4250508,5550349,24.85,-4.38,27534025,27971600,-1.56,-
tpex,2026,6,5878,台名,63907,63667,63844,0.37,0.09,444799,440877,0.88,-
twse,2026,6,5880,合庫金,6519116,6305060,7116674,3.39,-8.39,34832315,29776202,16.98,-
tpex,2026,6,5902,德記,204985,190546,203143,7.57,0.9,1089360,1215026,-10.34,-
tpex,2026,6,5903,全家,9590492,10061567,9288588,-4.68,3.25,56986130,52722434,8.08,-
tpex,2026,6,5904,寶雅*,2245600,2438847,2072473,-7.92,8.35,14026979,12340313,13.66,-
tpex,2026,6,5905,南仁湖,253080,419393,77376,-39.65,227.07,1923581,464153,314.42,本公司建案已完工，陸續交屋入帳。
twse,2026,6,5906,台南-KY,127656,132595,115972,-3.72,10.07,827288,838567,-1.34,-
twse,2026,6,5907,大洋-KY,221391,238159,193316,-7.04,14.52,1421291,1444537,-1.6,-
twse,2026,6,6005,群益證,3645802,3798596,1812020,-4.02,101.2,19220831,8445132,127.59,主係自營操作獲利增加及成交量增加致經紀手續費收入增加
tpex,2026,6,6015,宏遠證,562029,479772,151557,17.14,270.83,2396012,422620,466.94,本月份及本期因經紀手續費收入及部位操作較去年同期增加所致
tpex,2026,6,6016,康和證,266344,1299821,500752,-79.5,-46.81,6663094,784938,748.86,主係本年自營交易損益較去年同期增加。
tpex,2026,6,6020,大展證,44176,312894,38463,-85.88,14.85,982884,35799,2645.56,自營部門營業證券出售淨利益本月及本年累積較去年同期增加
tpex,2026,6,6021,美好證,208505,1017123,279956,-79.5,-25.52,2965217,263359,1025.92,主係本年營業證券評價利益相較前期上升，故營業收入增加
tpex,2026,6,6023,元大期貨,501125,445624,269200,12.45,86.15,2478954,1799750,37.73,主係手續費收入增加
twse,2026,6,6024,群益期,525526,-244632,234454,314.82,124.14,1122916,1582247,-29.03,差異原因: 自營部門從事套利交易，其業內交易收入較上期增加。
tpex,2026,6,6026,福邦證,242679,191325,15673,26.84,1448.38,958546,305243,214.02,本月(年)營收較同期+1448%(+214%)，主係經紀收入、股票出售及評價之差異，致綜合淨利較同年期約增+6.9E(+2340%)，僅供參考。
tpex,2026,6,6028,公勝保經,543688,509764,370395,6.65,46.78,3078400,2428509,26.76,-
tpex,2026,6,6101,寬魚國際,69309,216772,201404,-68.02,-65.58,987925,495365,99.43,"本期營收較去年同期減少,係因去年同期舉辦多場王心凌中國巡迴演唱會,而本期無所致"
tpex,2026,6,6103,合邦,5302,5737,8037,-7.58,-34.03,42484,44471,-4.46,-
tpex,2026,6,6104,創惟,357943,363118,338764,-1.42,5.66,2115268,2119069,-0.17,-
twse,2026,6,6108,競國,437725,442828,299126,-1.15,46.33,2408905,1979241,21.7,-
tpex,2026,6,6109,亞元,69814,74344,71286,-6.09,-2.06,426492,359577,18.6,-
tpex,2026,6,6111,光聚晶電,1078373,1053470,462453,2.36,133.18,6169042,2484710,148.28,新增子公司光罩(股票代號:2338)營收
twse,2026,6,6112,邁達特,2121814,2237161,2171536,-5.15,-2.28,12570260,10589695,18.7,-
tpex,2026,6,6113,亞矽,104053,95611,45311,8.82,129.64,494863,328593,50.6,產品需求增加所致
tpex,2026,6,6114,久威,63806,73293,64852,-12.94,-1.61,417362,495257,-15.72,-
twse,2026,6,6115,鎰勝,682255,728177,588350,-6.3,15.96,4010790,3587709,11.79,-
twse,2026,6,6116,彩晶,1075129,960203,926988,11.96,15.98,6085329,5901289,3.11,-
twse,2026,6,6117,迎廣,232718,270068,262521,-13.82,-11.35,1646617,1529668,7.64,-
tpex,2026,6,6118,建達,857249,686245,831125,24.91,3.14,4820601,4760577,1.26,-
twse,2026,6,6120,達運,1570379,1319690,1105398,18.99,42.06,8756244,9100454,-3.78,-
tpex,2026,6,6121,新普,7052170,6956004,6324748,1.38,11.5,39386203,38004655,3.63,-
tpex,2026,6,6122,擎邦,482696,264149,401401,82.73,20.25,1875212,1975223,-5.06,-
tpex,2026,6,6123,上奇,381856,342238,415367,11.57,-8.06,2223401,2439870,-8.87,-
tpex,2026,6,6124,業強,137101,148298,194660,-7.55,-29.56,945437,980966,-3.62,-
tpex,2026,6,6125,廣運,362674,352260,295892,2.95,22.56,1858521,1323671,40.4,-
tpex,2026,6,6126,信音,554251,540646,348546,2.51,59.01,2913051,1924568,51.36,本期營收成長幅度較大，主要係去年底完成併購東莞國聯電子有限公司 80% 股權，本期認列其營收所致。
tpex,2026,6,6127,九豪,96811,88381,86643,9.53,11.73,515491,518879,-0.65,以上資訊係屬初步自行結算完成，未經會計師簽證或核閱
twse,2026,6,6128,上福,425123,430244,411554,-1.19,3.29,2618075,2704670,-3.2,-
tpex,2026,6,6129,普誠,140243,118936,102713,17.91,36.53,725377,506526,43.2,"本月營業收入淨額含少數股權3,173仟元，本年累計營業收入淨額含少數股權30,377仟元。"
tpex,2026,6,6130,上亞科技,17786,17086,10409,4.09,70.87,88969,78403,13.47,加工收入增加
twse,2026,6,6133,金橋,126132,116817,109349,7.97,15.34,693708,646532,7.29,-
tpex,2026,6,6134,萬旭,209313,222859,153476,-6.07,36.38,1213528,813469,49.17,-
twse,2026,6,6136,富爾特,65265,46695,56691,39.76,15.12,334055,292176,14.33,-
tpex,2026,6,6138,茂達,694794,686201,625377,1.25,11.1,4042715,3595469,12.43,-
twse,2026,6,6139,亞翔,8485183,8587728,5668181,-1.19,49.69,45957054,27052616,69.88,主要係工程進入施工高峰期，致本月營收較去年同期大幅增加。
tpex,2026,6,6140,訊達電腦,170947,202611,238286,-15.62,-28.25,884731,1185598,-25.37,-
twse,2026,6,6141,柏承,221166,181668,164188,21.74,34.7,1090978,944997,15.44,資料係自行結算數
twse,2026,6,6142,友勁,184966,168521,161592,9.75,14.46,921198,924087,-0.31,-
tpex,2026,6,6143,振曜,890329,688866,681574,29.24,30.62,4312092,3659321,17.83,-
tpex,2026,6,6144,得利影,11856,12585,12578,-5.79,-5.74,76028,84438,-9.95,-
tpex,2026,6,6146,耕興,417190,415123,370042,0.49,12.74,2433737,2229611,9.15,-
tpex,2026,6,6147,頎邦,2288255,2158094,1800906,6.03,27.06,12387416,10515710,17.79,-
tpex,2026,6,6148,驊宏資,52522,34786,54066,50.98,-2.85,242347,358174,-32.33,-
tpex,2026,6,6150,撼訊,443790,347805,635684,27.59,-30.18,2592085,3819095,-32.12,-
tpex,2026,6,6151,晉倫,165277,171567,142432,-3.66,16.03,958280,867547,10.45,-
twse,2026,6,6152,百一,185404,185453,146818,-0.02,26.28,956263,746501,28.09,-
twse,2026,6,6153,嘉聯益,556716,542157,445502,2.68,24.96,2730910,2710468,0.75,-
tpex,2026,6,6154,順發,335975,325148,340480,3.32,-1.32,2008775,1940023,3.54,-
twse,2026,6,6155,鈞寶,74196,68544,50154,8.24,47.93,373725,311986,19.78,-
tpex,2026,6,6156,松上,616301,578249,396303,6.58,55.51,3085873,2644949,16.67,子公司營收
tpex,2026,6,6158,禾昌,175892,148188,146610,18.69,19.97,896917,913592,-1.82,-
tpex,2026,6,6160,欣技,68653,77698,121179,-11.64,-43.34,513507,627865,-18.21,-
tpex,2026,6,6161,捷波,155994,161298,109337,-3.28,42.67,799799,610442,31.01,-
tpex,2026,6,6163,華電網,473475,398384,293390,18.84,61.38,3030648,2221987,36.39,因本期較去年同期驗收案件多，故營業額增加。
twse,2026,6,6164,華興,69942,57972,54624,20.64,28.04,398491,422662,-5.71,-
twse,2026,6,6165,浪凡,331474,277774,279859,19.33,18.44,1720318,1582740,8.69,-
twse,2026,6,6166,凌華,1508267,1440425,1198081,4.7,25.89,7903289,5601825,41.08,-
tpex,2026,6,6167,久正,111885,102138,114573,9.54,-2.34,612891,577758,6.08,-
twse,2026,6,6168,宏齊,203955,182082,191101,12.01,6.72,1079272,1008926,6.97,-
tpex,2026,6,6169,昱泉,40,22,2465,81.81,-98.37,248,18944,-98.69,主係授權收入減少所致
tpex,2026,6,6170,統振,257307,250883,263273,2.56,-2.26,1588646,1604044,-0.95,-
tpex,2026,6,6171,大城地產,15640,17689,846993,-11.58,-98.15,138802,862883,-83.91,本期與累計營收較去年同期減少，主因係去年集中認列「大城二月埕」首批大量交屋，基期較高；本期則認列該案餘屋營收為主
tpex,2026,6,6173,信昌電,503868,458466,390341,9.9,29.08,2399781,2044798,17.36,-
tpex,2026,6,6174,安碁,65219,64197,51395,1.59,26.89,364303,297728,22.36,-
tpex,2026,6,6175,立敦,485614,472601,337316,2.75,43.96,2534861,2183089,16.11,-
twse,2026,6,6176,瑞儀,3693582,3678889,4347002,0.39,-15.03,23124545,24594440,-5.97,-
twse,2026,6,6177,達麗,2503589,432847,176041,478.4,1322.16,8310140,1082377,667.76,本期營收較去年同期上升，主係本期「後壁田段三」完工過戶所致。
tpex,2026,6,6179,亞通,1102208,721839,334796,52.69,229.21,3815408,1946987,95.96,係因本期⼯程投⼊較去年同期增加所致
tpex,2026,6,6180,橘子,590740,577282,549214,2.33,7.56,4418005,4765915,-7.29,-
tpex,2026,6,6182,合晶,966318,889185,846838,8.67,14.1,5202203,4770523,9.04,-
twse,2026,6,6183,關貿,249625,228545,232312,9.22,7.45,1359348,1247124,8.99,-
twse,2026,6,6184,大豐電,184094,175329,188657,4.99,-2.41,1096635,1078297,1.7,-
tpex,2026,6,6185,幃翔,65278,61084,41120,6.86,58.75,348524,267480,30.29,主要客戶的新產品開始出貨，以及新客戶的產品開始量產。
tpex,2026,6,6186,新潤,16492,184286,766218,-91.05,-97.84,3859377,5903186,-34.62,認列建案營收
tpex,2026,6,6187,萬潤,1012415,728869,541219,38.9,87.06,3766081,2769782,35.97,因客戶擴產，設備需求較去年同期上升
tpex,2026,6,6188,廣明,748280,635905,762749,17.67,-1.89,4136813,4679617,-11.59,-
twse,2026,6,6189,豐藝,2413661,2506671,2310023,-3.71,4.48,14962770,15343928,-2.48,-
tpex,2026,6,6190,萬泰科,985514,976112,765243,0.96,28.78,5470528,4506399,21.39,-
twse,2026,6,6191,精成科,3446977,3298678,3125792,4.49,10.27,19292828,14822973,30.15,-
twse,2026,6,6192,巨路,659176,522488,563703,26.16,16.93,3849908,3640655,5.74,-
tpex,2026,6,6194,育富,55600,75358,115783,-26.21,-51.97,486373,749924,-35.14,個人電腦產品受到 AI 硬體吸納效應與關鍵零組件短缺及漲價的雙重影響，造成公司客戶訂單減少，使本公司出貨量減少。
tpex,2026,6,6195,詩肯,201144,205148,166396,-1.95,20.88,1275551,1102332,15.71,-
twse,2026,6,6196,帆宣,7595991,6973777,3437180,8.92,120.99,35508124,25457737,39.47,115年6月單月合併營收較去年同期增加，主要係銷貨收入及工程收入增加所致。
twse,2026,6,6197,佳必琪,894976,808198,616318,10.73,45.21,4536591,3628103,25.04,-
tpex,2026,6,6198,瑞築,22,8,22,175.0,0.0,118,103,14.56,-
tpex,2026,6,6199,天品,76358,67601,13234,12.95,476.98,482546,53273,805.79,"主係伺服器潔淨較去年本月增加62,706仟元，較去年累計增加294,896仟元;殯葬部份較去年累計增加132,782仟元。"
twse,2026,6,6201,亞弘電,284301,276656,291855,2.76,-2.58,1507800,1702831,-11.45,-
twse,2026,6,6202,盛群,351976,312543,268820,12.61,30.93,1808704,1620977,11.58,-
tpex,2026,6,6203,海韻電,140778,148852,230687,-5.42,-38.97,1011255,1421701,-28.87,-
tpex,2026,6,6204,艾華,38175,39550,35026,-3.47,8.99,206596,202630,1.95,-
twse,2026,6,6205,詮欣,138890,129279,103374,7.43,34.35,665770,741502,-10.21,-
twse,2026,6,6206,飛捷,609982,630682,482999,-3.28,26.29,3391835,2721925,24.61,-
tpex,2026,6,6207,雷科,85555,117989,87759,-27.48,-2.51,603229,580737,3.87,-
tpex,2026,6,6208,日揚,365979,358165,298762,2.18,22.49,1763796,1741787,1.26,-
twse,2026,6,6209,今國光,432643,408564,249640,5.89,73.3,2414325,1520545,58.78,客戶需求增加。
tpex,2026,6,6210,慶生,46307,30856,20571,50.07,125.1,214262,144072,48.71,訂單增加
tpex,2026,6,6212,理銘,113112,125860,107492,-10.12,5.22,551396,1188316,-53.59,累計營收較去年減少，主要係去年度交屋量較多
twse,2026,6,6213,聯茂,4213673,3802864,2848231,10.8,47.94,20673078,16457210,25.61,-
twse,2026,6,6214,精誠,6740236,4461226,3810214,51.08,76.89,27367791,19976429,37.0,6月同期營收增29.3億元。主因半導體軟硬體服務增20億元，金控及政府大型專案驗收增4億元，大陸及香港營收增3億元。
twse,2026,6,6215,和椿,279001,290668,213807,-4.01,30.49,1675306,1089700,53.74,自動化零組件及設備 需求增加
twse,2026,6,6216,居易,47186,49271,59611,-4.23,-20.84,284856,414870,-31.33,-
tpex,2026,6,6217,中探針,429066,405545,298152,5.79,43.9,2272219,1650281,37.68,無
tpex,2026,6,6218,豪勉,205046,75768,178998,170.62,14.55,800866,722482,10.84,-
tpex,2026,6,6219,富旺,45979,16479,224,179.01,20426.33,1274643,6816,18600.74,因建案完工入帳時間差異，本月營業收入及累計營業收入較去年同期產生較大波動。
tpex,2026,6,6220,岳豐,1059374,928814,670559,14.05,57.98,4888489,4256266,14.85,主要為去年同期因美國關稅影響，客戶下單趨緩使得營收減少，今年已逐步恢復正常，以及今年度大陸內銷市場營收較為成長所致。
tpex,2026,6,6221,晉泰,367093,295906,470264,24.05,-21.93,1974499,2837105,-30.4,-
tpex,2026,6,6222,立軒,67,162,150,-58.64,-55.33,1351,1956,-30.93,客戶訂單減少
tpex,2026,6,6223,旺矽,1832915,1907342,1110389,-3.9,65.06,9159285,6121484,49.62,本月合併營收較去年同期大幅成長，主要受惠客戶AI及高效能運算晶片相關測試需求持續強勁，帶動公司出貨動能提升。
twse,2026,6,6224,聚鼎,246494,247076,214899,-0.23,14.7,1476301,1476769,-0.03,-
twse,2026,6,6225,天瀚,15211,4063,1607,274.37,846.54,26757,20259,32.07,主要係本期部分專案完成並認列收入所致
twse,2026,6,6226,光鼎,55826,55348,45571,0.86,22.5,326898,314330,3.99,-
tpex,2026,6,6227,茂綸,1992052,2385964,1079063,-16.5,84.6,11834409,8747979,35.28,"因應終端客戶AI雲端機房建置之相關產品出貨需求, 使得本月及累積營收皆比去年同期增長。"
tpex,2026,6,6228,全譜,3532,3248,4810,8.74,-26.56,23224,26813,-13.38,依客戶訂單出貨
tpex,2026,6,6229,研通,236080,265143,163187,-10.96,44.66,1468606,964539,52.25,本月增加較多純買賣的低毛利商品，致使營收較去年同期大幅度增加。
twse,2026,6,6230,尼得科超眾,757527,870889,782208,-13.01,-3.15,4678093,4291375,9.01,-
tpex,2026,6,6231,系微,205672,134958,176004,52.39,16.85,903566,811327,11.36,-
tpex,2026,6,6233,旺玖,35928,37542,30013,-4.29,19.7,194933,196421,-0.75,-
tpex,2026,6,6234,高僑,52858,53828,62783,-1.8,-15.8,276427,235025,17.61,-
twse,2026,6,6235,華孚,537633,523900,559815,2.62,-3.96,3216648,3142271,2.36,-
tpex,2026,6,6236,中湛,3019,2508,2485,20.37,21.48,16062,20369,-21.14,-
tpex,2026,6,6237,驊訊,38983,46623,36246,-16.38,7.55,290236,202793,43.11,-
twse,2026,6,6239,力成,7622977,7917615,6263023,-3.72,21.71,44429999,33553962,32.41,-
tpex,2026,6,6240,松崗,4369,4064,4596,7.5,-4.93,24989,22204,12.54,-
tpex,2026,6,6241,鑫永洋,55971,75580,56639,-25.94,-1.17,354557,374815,-5.4,-
tpex,2026,6,6242,立康,49858,58010,54391,-14.05,-8.33,283549,299394,-5.29,-
twse,2026,6,6243,迅杰,25638,25419,58509,0.86,-56.18,168376,351663,-52.12,本月營收較去年同期減少，主要係受記憶體價格波動影響PC及電競相關市場需求持續放緩所致。
tpex,2026,6,6244,茂迪,307848,294377,185647,4.57,65.82,1672211,1461342,14.42,本月合併營收淨額較去年同期增加，主因太陽能模組銷售及售電收入增加所致。
tpex,2026,6,6245,立端,708574,517944,621113,36.8,14.08,3468386,3312237,4.71,-
tpex,2026,6,6246,臺龍,97891,112427,138178,-12.92,-29.15,619323,776933,-20.28,-
tpex,2026,6,6248,沛波,570338,523833,632027,8.87,-9.76,3110470,4044497,-23.09,-
twse,2026,6,6257,矽格,1958518,1976452,1618665,-0.9,20.99,11174473,9463539,18.07,-
tpex,2026,6,6259,百徽,73701,62810,40345,17.33,82.67,365786,246586,48.34,主係客戶訂單成長，以致營收較前期增加。
tpex,2026,6,6261,久元,390228,348979,291843,11.81,33.71,2133535,1949794,9.42,-
tpex,2026,6,6263,普萊德,173402,157754,166391,9.91,4.21,967490,938821,3.05,-
tpex,2026,6,6264,富裔,524,21752,5650,-97.59,-90.72,52758,38577,36.76,本月營收較去年同月減少，主係本年度子公司富永營造工程收入減少所致。
tpex,2026,6,6265,方土昶,617105,536312,47125,15.06,1209.5,2425952,288826,739.93,受市場需求成長影響
tpex,2026,6,6266,泰詠,241766,294659,237973,-17.95,1.59,1550075,1631833,-5.01,-
twse,2026,6,6269,台郡,1715580,1681968,1732808,1.99,-0.99,10847066,10668274,1.67,-
tpex,2026,6,6270,倍微,411730,255127,317367,61.38,29.73,1675616,1566401,6.97,-
twse,2026,6,6271,同欣電,1079530,1038227,976386,3.97,10.56,5972201,5875458,1.64,-
twse,2026,6,6272,驊陞,281717,264500,281787,6.5,-0.02,1567070,1968375,-20.38,-
tpex,2026,6,6274,台燿,4895221,4794425,2356699,2.1,107.71,24355630,13152579,85.17,產品組合優化
tpex,2026,6,6275,元山,342711,359728,365671,-4.73,-6.27,2180819,2153945,1.24,-
tpex,2026,6,6276,安鈦克,44934,58411,110773,-23.07,-59.43,399400,782635,-48.96,月營收減少主係因去年營收基期較高，且近期記憶體缺貨致客戶拉貨節奏放緩。
twse,2026,6,6277,宏正,486729,415622,360227,17.1,35.11,2635317,2336384,12.79,-
twse,2026,6,6278,台表科,4376679,4348041,4006645,0.65,9.23,25785584,25001879,3.13,-
tpex,2026,6,6279,胡連,976690,906847,691719,7.7,41.19,4869954,4496511,8.3,-
twse,2026,6,6281,全國電,1802153,1779465,1817825,1.27,-0.86,9673563,9830611,-1.59,-
twse,2026,6,6282,康舒,3423036,2940031,2668420,16.42,28.27,18095950,14486800,24.91,-
twse,2026,6,6283,淳安,121651,116785,130296,4.16,-6.63,819899,827083,-0.86,-
tpex,2026,6,6284,佳邦,660925,604543,620142,9.32,6.57,3566746,3873154,-7.91,-
twse,2026,6,6285,啟碁,15869573,12167707,8607467,30.42,84.36,68594467,55857526,22.8,客戶需求增加
tpex,2026,6,6290,良維,848163,936663,868264,-9.44,-2.31,5306328,4954179,7.1,-
tpex,2026,6,6291,沛亨,243258,219556,159003,10.79,52.98,1362697,958408,42.18,電腦周邊設備事業部客戶需求大幅成長，訂單增加所致。
tpex,2026,6,6292,迅德,98429,109307,81863,-9.95,20.23,595054,452435,31.52,-
tpex,2026,6,6294,智基,90027,86973,99411,3.51,-9.43,470778,541002,-12.98,-
twse,2026,6,6405,悅城,6,165,58,-96.36,-89.65,248,447,-44.51,係出貨減少所致
twse,2026,6,6409,旭隼,1939784,1850129,1834820,4.84,5.72,9759000,10699713,-8.79,-
tpex,2026,6,6411,晶焱,238078,233834,216757,1.81,9.83,1353626,1194280,13.34,-
twse,2026,6,6412,群電,3099991,2707555,3124005,14.49,-0.76,16227361,17572104,-7.65,-
twse,2026,6,6414,樺漢,17661254,15579250,11251646,13.36,56.96,85293283,69158805,23.32,AI需求增加、客戶需求強勁
twse,2026,6,6415,矽力*-KY,2084305,1911109,1512869,9.06,37.77,10868527,8657618,25.53,-
twse,2026,6,6416,瑞祺電通,667868,349990,421055,90.82,58.61,2390895,2170447,10.15,因應上半年部分區域訂單物料遞延，公司於階段性齊料後迅速優化生產排程並加速出貨，帶動6月單月營收成長。
tpex,2026,6,6417,韋僑,169031,164498,133494,2.75,26.62,934153,777680,20.12,-
tpex,2026,6,6418,詠昇,92960,82480,62680,12.7,48.3,436718,389405,12.15,-
tpex,2026,6,6419,京晨科,145252,142572,32703,1.87,344.15,668291,254429,162.66,美國子公司陸續接獲專案建置工程，致使營收增加
tpex,2026,6,6423,億而得,4667,12789,1718,-63.5,171.65,125179,114675,9.15,本公司115年06月營業收入較去年同期增加，主要係因115年06月授權使用費收入增加所致。
tpex,2026,6,6425,易發,167462,185601,133042,-9.77,25.87,874207,639647,36.67,-
twse,2026,6,6426,統新,70734,67213,34837,5.23,103.04,362047,212768,70.16,市場需求漸回溫
twse,2026,6,6431,光麗-KY,29914,27782,21820,7.67,37.09,184838,199145,-7.18,-
tpex,2026,6,6432,今展科,100180,108274,84278,-7.47,18.86,615980,563667,9.28,-
tpex,2026,6,6435,大中,322830,317877,265487,1.55,21.59,1898561,1710580,10.98,-
twse,2026,6,6438,迅得,592925,592379,612058,0.09,-3.12,3568453,3186429,11.98,-
tpex,2026,6,6441,廣錠,10948,10123,25510,8.14,-57.08,61350,165011,-62.82,因客戶舊專案已全數出貨，新專案尚未開始出貨，使本期拉貨數量減少，致營收下降。
twse,2026,6,6442,光聖,1069405,1725672,1052048,-38.02,1.64,6387197,5013497,27.4,-
twse,2026,6,6443,元晶,79986,116046,90599,-31.07,-11.71,673833,1111057,-39.35,-
twse,2026,6,6446,藥華藥,2332801,2458451,1197041,-5.11,94.88,11976809,6859767,74.59,本月及本年累計營收較去年成長，主要來自認列子公司PharmaEssentia USA Corp.之營收。
twse,2026,6,6449,鈺邦,463020,443477,375567,4.4,23.28,2498324,2042635,22.3,-
twse,2026,6,6451,訊芯-KY,750026,624107,533619,20.17,40.55,3568630,3764963,-5.21,-
twse,2026,6,6456,GIS-KY,3410725,3197938,6587089,6.65,-48.22,26579610,34225368,-22.33,-
tpex,2026,6,6461,益得,6162,7112,70465,-13.35,-91.25,36447,95423,-61.8,"本月及本年較去年同期減少，主要因去年同期有海思科完成合約之技術服務收入6,804萬所致。"
tpex,2026,6,6462,神盾,371296,901725,486528,-58.82,-23.68,3915190,2279575,71.75,係合併子公司營收陸續於本年度出貨
twse,2026,6,6464,台數科,357590,358125,362252,-0.14,-1.28,2145010,2174931,-1.37,-
tpex,2026,6,6465,威潤,37553,20669,26391,81.68,42.29,155687,87557,77.81,本月因增加其他電子產品銷售、致本月較上期營收增加
tpex,2026,6,6469,大樹,1543601,1683713,1623080,-8.32,-4.89,9568642,9451760,1.23,-
tpex,2026,6,6470,宇智,118509,105813,178484,11.99,-33.6,565325,1084306,-47.86,-
twse,2026,6,6472,保瑞,2297853,2114486,1650467,8.67,39.22,9892613,10006511,-1.13,"停業單位營收累計為1,927千元"
tpex,2026,6,6474,華豫寧,445897,394208,343754,13.11,29.71,2174073,1965897,10.58,-
twse,2026,6,6477,安集,72924,69759,81432,4.53,-10.44,449527,364525,23.31,-
tpex,2026,6,6482,弘煜科,39531,33934,41989,16.49,-5.85,188864,271647,-30.47,-
tpex,2026,6,6485,點序,95541,91159,102320,4.8,-6.62,633586,729999,-13.2,-
tpex,2026,6,6486,互動,324711,136559,202873,137.78,60.05,1036087,900573,15.04,本月營收較去年同期增加50%以上，係因本月認列營收的專案較去年同期增加所致。
tpex,2026,6,6488,環球晶,5624376,4842007,5717334,16.15,-1.62,29199108,31602431,-7.6,-
twse,2026,6,6491,晶碩,723965,716194,540517,1.08,33.93,4000172,3220313,24.21,-
tpex,2026,6,6492,生華科,80,80,84,0.0,-4.76,480,500,-4.0,-
tpex,2026,6,6494,九齊,130018,157688,89170,-17.54,45.8,827370,576436,43.53,-
tpex,2026,6,6496,科懋,69403,77752,63049,-10.73,10.07,450547,411893,9.38,-
tpex,2026,6,6498,久禾光,110279,130969,101749,-15.79,8.38,723777,559387,29.38,-
tpex,2026,6,6499,益安,36472,33001,39246,10.51,-7.06,220900,212260,4.07,因去年單月同期基期較高，本月營收年減，惟月增及累計營收仍維持成長。
twse,2026,6,6504,南六,549322,594460,493697,-7.59,11.26,3329596,3294122,1.07,-
twse,2026,6,6505,台塑化,63683339,57777216,53757840,10.22,18.46,344972366,318814770,8.2,-
tpex,2026,6,6506,雙邦,164308,177754,126388,-7.56,30.0,1117038,1003955,11.26,-
tpex,2026,6,6508,惠光,116327,142098,141174,-18.13,-17.6,908423,982743,-7.56,-
tpex,2026,6,6509,聚和,413625,406355,381271,1.78,8.48,2716632,2591708,4.82,-
tpex,2026,6,6510,精測,573909,542510,409375,5.78,40.19,2996984,2368109,26.55,-
tpex,2026,6,6512,啟發電,4791,6451,11207,-25.73,-57.24,51384,99561,-48.38,本月營收較去年同期減少，主因產品世代交替影響，O1stream系列新品已陸續進入量產及出貨階段，市場拓展持續推進。
twse,2026,6,6515,穎崴,1460220,1073481,376444,36.02,287.89,6503650,3819596,70.27,受惠於全球AI及HPC客戶需求持續強勁，高階測試座Coaxial Socket及 MEMS 探針卡持續拉貨，本月營收變動達50%以上
tpex,2026,6,6516,勤崴國際,51513,45278,32432,13.77,58.83,325774,253638,28.44,本月差異主要係自駕營運、電子地圖及導航軟體與車載營收成長。
tpex,2026,6,6517,保勝光學,49812,32475,46930,53.38,6.14,217657,264054,-17.57,-
tpex,2026,6,6523,達爾膚,87015,54800,93341,58.78,-6.77,479218,572669,-16.31,-
twse,2026,6,6525,捷敏-KY,562901,548577,469696,2.61,19.84,3008421,2601435,15.64,-
twse,2026,6,6526,達發,2209590,2051151,1931437,7.72,14.4,11744071,10744808,9.29,-
tpex,2026,6,6527,明達醫,68749,87482,83198,-21.41,-17.36,406086,480930,-15.56,-
tpex,2026,6,6530,創威,31597,31659,29147,-0.19,8.4,186751,159872,16.81,-
twse,2026,6,6531,愛普*,811206,748539,508664,8.37,59.47,4464654,2293376,94.67,因市場需求相對增加所致
tpex,2026,6,6532,瑞耘,61046,72554,51451,-15.86,18.64,362994,355874,2.0,-
twse,2026,6,6533,晶心科,372169,87236,107240,326.62,247.04,892623,550767,62.06,本期收入較去年同期增加主要係因矽智財授權收入增加所致。
twse,2026,6,6534,正瀚-創,88896,141363,69115,-37.11,28.62,1328929,1274132,4.3,-
tpex,2026,6,6535,順藥,4973,78,1491,6275.64,233.53,9612,11075,-13.2,本月銷貨收入較去年同期增加
tpex,2026,6,6538,倉和,135650,120893,92595,12.2,46.49,697129,817529,-14.72,-
twse,2026,6,6541,泰福-KY,97572,36078,26561,170.44,267.35,353270,96681,265.39,CDMO業務主要採完工比例認列，依投入工時計算。
tpex,2026,6,6542,隆中,77474,82078,66244,-5.6,16.95,507915,423992,19.79,-
tpex,2026,6,6546,正基,194193,197848,195698,-1.84,-0.76,1097157,1211687,-9.45,-
tpex,2026,6,6547,高端疫苗,41559,34768,56469,19.53,-26.4,220979,260302,-15.1,-
tpex,2026,6,6548,長科*,1501447,1429567,1090926,5.02,37.63,7986931,6429081,24.23,-
twse,2026,6,6550,北極星藥業-KY,3807,1601,4698,137.78,-18.96,44183,16771,163.44,本年增減變動達50%係因公司主要CDMO客戶已於去年查廠完畢，今年度恢復正常出貨所致。
twse,2026,6,6552,易華電,84412,100172,110309,-15.73,-23.47,576928,821371,-29.76,-
tpex,2026,6,6556,勝品,102625,137470,102492,-25.34,0.12,756040,679522,11.26,-
twse,2026,6,6558,興能高,107853,78261,86223,37.81,25.08,518067,552842,-6.29,-
tpex,2026,6,6560,欣普羅,15557,15511,10223,0.29,52.17,136888,83879,63.19,因主要客戶訂單逐漸回穩並陸續開始出貨。
tpex,2026,6,6561,是方,360423,333541,327127,8.05,10.17,2025956,2080769,-2.63,-
tpex,2026,6,6568,宏觀,106724,85881,96137,24.26,11.01,658711,559760,17.67,-
tpex,2026,6,6569,醫揚,161202,171360,137735,-5.92,17.03,806545,667410,20.84,-
tpex,2026,6,6570,維田,99898,116745,80700,-14.43,23.78,550358,458504,20.03,-
twse,2026,6,6573,虹揚-KY,67271,71765,63125,-6.26,6.56,380076,452884,-16.07,-
tpex,2026,6,6574,霈方,76696,69603,44102,10.19,73.9,414605,302239,37.17,本月較去年同期增加73.91%，主要係醫學美容業務成長增加所致。
tpex,2026,6,6576,逸達,10945,118488,38866,-90.76,-71.83,261961,222109,17.94,本月營收較去年同期減少，係因本期未有銷貨收入所致。
tpex,2026,6,6577,勁豐,178844,166134,170378,7.65,4.96,1053361,1042283,1.06,-
tpex,2026,6,6578,達邦蛋白,35234,35877,25946,-1.79,35.79,189575,159466,18.88,"達邦專利益生元替抗新產品持續開拓國外新市場且逐月提升,代工業務穩成長,胜肽蛋白產品客戶需求穩定(夏季為畜產飼料淡季)"
twse,2026,6,6579,研揚,1089075,971779,740382,12.07,47.09,5227560,4060248,28.74,自115年5月起新增合併子公司AAEON Technology 株式会社。
twse,2026,6,6581,鋼聯,195992,278202,120314,-29.55,62.9,1282106,1131684,13.29,今年6月銷貨數量較去年6月增加。
twse,2026,6,6582,申豐,44570,66346,70163,-32.82,-36.47,260740,552448,-52.8,本年累計營業收入受市場狀況影響，營收減少。
tpex,2026,6,6584,南俊國際,286390,282207,203630,1.48,40.64,1713269,1100745,55.64,主係雲端CSP客戶的GB系列AI伺服器導軌持續出貨以及通用型伺服器導軌出貨增溫所致
twse,2026,6,6585,鼎基,324973,279818,169754,16.13,91.43,1657000,1455987,13.8,"本期(115年06月)較去年同期(114年06月)營業收入增加155,219仟元,成長91.44%,主係為客戶需求增加。"
tpex,2026,6,6588,東典光電,33381,27592,22388,20.98,49.1,183757,79052,132.45,光通與網通需求回升帶動營收回穩
twse,2026,6,6589,台康生技,113305,116798,58308,-2.99,94.32,620746,412533,50.47,本月營收較去年同期增加主係委託研究開發暨生產服務(CDMO)業務成長所致。
tpex,2026,6,6590,普鴻,79215,69060,61146,14.7,29.55,370464,331116,11.88,-
twse,2026,6,6591,動力-KY,64754,63869,126082,1.38,-48.64,544167,925013,-41.17,-
twse,2026,6,6592,和潤企業,1845007,1939412,1967023,-4.86,-6.2,11564100,12083138,-4.29,-
tpex,2026,6,6593,台灣銘板,32216,37401,32634,-13.86,-1.28,240881,237699,1.33,-
tpex,2026,6,6596,寬宏藝術,144110,303361,236190,-52.49,-38.98,1322469,850835,55.43,本期展演節目較去年同期少
tpex,2026,6,6597,立誠,49452,50894,57564,-2.83,-14.09,307148,371630,-17.35,-
twse,2026,6,6598,ABC-KY,88891,60307,48440,47.39,83.5,427226,235886,81.11,本年度累積營收增長，主係市場開發成果與客戶需求提升，致使出貨增加。
tpex,2026,6,6603,富強鑫,402006,398036,327595,0.99,22.71,2255371,2273093,-0.77,-
twse,2026,6,6605,帝寶,1599261,1601560,1531088,-0.14,4.45,9641859,9978589,-3.37,-
twse,2026,6,6606,建德工業,98477,87747,75655,12.22,30.16,484805,400185,21.14,-
tpex,2026,6,6609,瀧澤科,245083,186605,204236,31.33,19.99,1154897,1242982,-7.08,-
tpex,2026,6,6612,奈米醫材,116060,118200,89149,-1.81,30.18,646276,566846,14.01,-
tpex,2026,6,6613,朋億*,1992776,1082893,903950,84.02,120.45,6128443,4192742,46.16,營收較去年同期增加主係因半導體擴廠暢旺
twse,2026,6,6614,資拓宏宇,382550,518452,475493,-26.21,-19.54,2489421,1856112,34.12,-
tpex,2026,6,6615,慧智,32327,33741,33156,-4.19,-2.5,190106,196602,-3.3,-
tpex,2026,6,6616,特昇-KY,65454,71529,81584,-8.49,-19.77,393350,508227,-22.6,-
tpex,2026,6,6617,共信-KY,4505,4426,2650,1.78,70.0,21793,16374,33.09,自2018年度起依據國際會計準則公報15號規定認列收入
tpex,2026,6,6620,漢達,80920,71266,103417,13.54,-21.75,423639,939799,-54.92,營收差異主要係114年4月份認列Phyrago授權收入所致
tpex,2026,6,6624,萬年清,8396,49736,21901,-83.11,-61.66,188533,229468,-17.83,本月專案工程投入進度較去年減少。
twse,2026,6,6625,必應,260597,767157,414835,-66.03,-37.18,2148734,1791262,19.95,-
tpex,2026,6,6629,泰金-KY,199563,191381,95293,4.27,109.42,1352899,707349,91.26,新系列產品訂單成長
tpex,2026,6,6637,醫影,238693,47088,59551,406.9,300.82,520520,769557,-32.36,本月較去年同期高主係因115年6月設備驗收較多；本年累計較去年累計低主係因114年5月數台核醫大設備驗收所致。
tpex,2026,6,6640,均華,340792,147143,339669,131.6,0.33,1651841,1167445,41.49,-
twse,2026,6,6641,基士德-KY,208098,161335,161714,28.98,28.68,943519,839811,12.34,-
tpex,2026,6,6642,富致,62997,58515,41313,7.65,52.48,321278,279744,14.84,因大陸地區客戶受被動元件漲價影響，尤以M LC C 預期更進一步的漲價而積極備貨。且去年同期相對基期較低所以YOY成長幅度較大。
tpex,2026,6,6643,M31,125326,127838,163871,-1.96,-23.52,816598,883247,-7.54,-
twse,2026,6,6645,金萬林-創,66053,53977,45901,22.37,43.9,278379,227894,22.15,-
tpex,2026,6,6649,台生材,13149,12297,11283,6.92,16.53,63341,101421,-37.54,-
tpex,2026,6,6651,全宇昕,153275,155603,128311,-1.49,19.45,862935,799610,7.91,-
tpex,2026,6,6654,天正國際,80272,65265,23554,22.99,240.79,327659,163081,100.91,主係因為客戶需求增加及新設備出貨所致
twse,2026,6,6655,科定,270159,269649,212665,0.18,27.03,1507517,1191398,26.53,-
twse,2026,6,6657,華安,502,541,925,-7.2,-45.72,3243,3277,-1.03,-
twse,2026,6,6658,聯策,166586,298344,109882,-44.16,51.6,1324146,1205466,9.84,配合客戶訂單時程交貨，故本月營收較去年本月上升。
tpex,2026,6,6661,威健生技,33271,43136,33241,-22.86,0.09,190976,168001,13.67,-
tpex,2026,6,6662,樂斯科,22947,19301,21800,18.89,5.26,125527,130151,-3.55,-
tpex,2026,6,6664,群翊,249672,226432,209245,10.26,19.32,1380757,1206989,14.39,-
twse,2026,6,6666,羅麗芬-KY,167760,157606,129546,6.44,29.49,667408,596318,11.92,-
tpex,2026,6,6667,信紘科,653712,544673,670485,20.01,-2.5,3219118,2996032,7.44,-
twse,2026,6,6668,中揚光,107572,113440,98344,-5.17,9.38,585455,512853,14.15,-
twse,2026,6,6669,緯穎,111371123,84050473,85808220,32.5,29.79,554660326,391398784,41.71,-
twse,2026,6,6670,復盛應用,2426437,2882095,2249729,-15.8,7.85,16543102,15051493,9.91,-
twse,2026,6,6671,三能-KY,136126,131331,175225,3.65,-22.31,819415,962221,-14.84,-
twse,2026,6,6672,騰輝電子-KY,573491,530395,341113,8.12,68.12,2859714,2125423,34.54,航太與國防領域高毛利聚醯亞胺（PI）材料需求成長、漲價效應及高速訂單增加
twse,2026,6,6674,鋐寶科技,17838,44136,47337,-59.58,-62.31,217063,314351,-30.94,本月受部分客戶進行產線稽核及缺料因素影響，出貨遞延。
tpex,2026,6,6679,鈺太,178675,180729,162537,-1.13,9.92,1084310,1012484,7.09,-
tpex,2026,6,6680,鑫創電子,55255,46293,51644,19.35,6.99,293407,241961,21.26,-
tpex,2026,6,6683,雍智科技,231316,202710,185723,14.11,24.54,1316245,1000321,31.58,-
tpex,2026,6,6684,安格,18613,38966,22942,-52.23,-18.86,157788,160839,-1.89,-
twse,2026,6,6689,伊雲谷,1070868,1028103,1025588,4.15,4.41,6122182,6409086,-4.47,-
tpex,2026,6,6690,安碁資訊,239493,208274,223308,14.98,7.24,1284280,1114044,15.28,-
twse,2026,6,6691,洋基工程,4439630,3835624,2063168,15.74,115.18,18111362,9827900,84.28,本月營收較去年同期增加115.19%，主要係因本月正在投入進行的專案較去年同期增加所致。
tpex,2026,6,6692,進能服,69216,105300,83417,-34.26,-17.02,366418,1019975,-64.07,本年累計營收較去年同期減少64.08%，主要係工程收入較去年同期減少所致。
tpex,2026,6,6693,廣閎科,234257,213788,113179,9.57,106.97,1167115,636018,83.5,終端需求增加及新品導入量產
twse,2026,6,6695,芯鼎,101320,76771,123323,31.97,-17.84,507145,570000,-11.02,-
tpex,2026,6,6697,東捷資訊,99742,94051,103794,6.05,-3.9,711956,689373,3.27,-
twse,2026,6,6698,旭暉應材,58171,56620,95650,2.73,-39.18,327242,450331,-27.33,-
tpex,2026,6,6703,軒郁,316166,307754,278243,2.73,13.62,1715899,1510985,13.56,-
twse,2026,6,6706,惠特,63441,60052,85818,5.64,-26.07,337458,670174,-49.64,主係因公司積極轉型，產品仍處於驗證狀態，客戶尚未放量，致使本期營收相較去年同期下降
tpex,2026,6,6708,天擎,32787,27299,30149,20.1,8.74,134559,149013,-9.69,-
tpex,2026,6,6712,長聖,93876,90609,80874,3.6,16.07,460209,398802,15.39,-
twse,2026,6,6715,嘉基,131471,118910,144788,10.56,-9.19,924957,926076,-0.12,-
tpex,2026,6,6716,應廣,150968,133903,94017,12.74,60.57,829325,539346,53.76,基期低及下游客戶備貨增加
twse,2026,6,6719,力智,371601,367025,385338,1.24,-3.56,2100786,2206229,-4.77,-
tpex,2026,6,6720,久昌,29439,37521,36172,-21.53,-18.61,192746,255887,-24.67,-
tpex,2026,6,6721,信實,282650,320239,302918,-11.73,-6.69,1835850,1759687,4.32,-
twse,2026,6,6722,輝創,370568,393259,426336,-5.76,-13.08,2413123,2601776,-7.25,-
tpex,2026,6,6725,矽科宏晟,359654,275735,310276,30.43,15.91,1883979,1683367,11.91,-
tpex,2026,6,6727,亞泰金屬,141495,195867,185923,-27.75,-23.89,1192336,679889,75.37,當月認列台數較多
tpex,2026,6,6728,上洋,446209,382277,345935,16.72,28.98,2475519,2417375,2.4,-
tpex,2026,6,6730,常廣,46503,41781,41062,11.3,13.25,242022,237324,1.97,-
tpex,2026,6,6732,昇佳電子,320929,316076,377014,1.53,-14.87,2037803,2373791,-14.15,-
tpex,2026,6,6733,博晟生醫,23813,16010,14558,48.73,63.57,114371,100189,14.15,係銷售醫療器材及抗生素之收入。
tpex,2026,6,6735,美達科技,33285,37499,28884,-11.23,15.23,199435,127980,55.83,本月訂單需求增加
tpex,2026,6,6739,竹陞科技,129283,120177,64277,7.57,101.13,643983,327513,96.62,因客戶產線升級需求
tpex,2026,6,6741,91APP*-KY,201113,183567,151839,9.55,32.45,1099256,834477,31.72,-
twse,2026,6,6742,澤米,34064,30448,55431,11.87,-38.54,180916,328470,-44.92,-
twse,2026,6,6743,安普新,580783,320811,447750,81.03,29.71,2438184,2419494,0.77,-
tpex,2026,6,6751,智聯服務,128424,153582,190593,-16.38,-32.61,852685,1035196,-17.63,-
tpex,2026,6,6752,叡揚,178358,165160,168996,7.99,5.53,987948,945639,4.47,-
twse,2026,6,6753,龍德造船,514154,522031,385384,-1.5,33.41,2849125,2360061,20.72,-
twse,2026,6,6754,匯僑設計,270058,261679,331379,3.2,-18.5,1394388,1701264,-18.03,-
twse,2026,6,6756,威鋒電子,182508,182330,121624,0.09,50.05,948111,814806,16.36,本期出貨量增加。
twse,2026,6,6757,台灣虎航,1615943,1519136,1271179,6.37,27.12,10324864,8453961,22.13,-
tpex,2026,6,6761,穩得,174376,174438,172887,-0.03,0.86,981186,1068823,-8.19,-
tpex,2026,6,6762,達亞,76374,70452,62709,8.4,21.79,342767,358754,-4.45,-
tpex,2026,6,6763,綠界科技*,165330,158526,144554,4.29,14.37,934775,828309,12.85,-
tpex,2026,6,6767,台微醫,29359,26273,31691,11.74,-7.35,166561,164241,1.41,-
twse,2026,6,6768,志強-KY,1483865,1820279,1410523,-18.48,5.19,10786046,11281054,-4.38,-
twse,2026,6,6770,力積電,6473929,5770374,3836402,12.19,68.75,30862646,22394444,37.81,主係客戶需求上升，銷售量增加，銷售價格調漲。
twse,2026,6,6771,平和環保-創,49226,49503,56680,-0.55,-13.15,277707,324596,-14.44,-
twse,2026,6,6776,展碁國際,3460970,3077924,2296664,12.44,50.69,17378800,12910108,34.61,主要係因持續擴大營運版圖，自115.4.1起新增併入子公司納入合併報表範圍
twse,2026,6,6781,AES-KY,1685061,1600458,1341817,5.28,25.58,9337903,7410564,26.0,-
twse,2026,6,6782,視陽,450881,444825,308932,1.36,45.94,2495794,2022628,23.39,-
tpex,2026,6,6785,昱展新藥,250,1000,0,-75.0,,1500,1253,19.71,一次性委託服務合約
tpex,2026,6,6788,華景電,269474,268910,253445,0.2,6.32,1427133,1272304,12.16,-
twse,2026,6,6789,采鈺,853561,814486,738666,4.79,15.55,4790531,4393485,9.03,無
twse,2026,6,6790,永豐實,868171,896568,912265,-3.16,-4.83,5356690,5423935,-1.23,-
tpex,2026,6,6791,虎門科技,71189,58926,65145,20.81,9.27,400586,365313,9.65,-
twse,2026,6,6792,詠業,125161,130461,115463,-4.06,8.39,716906,674877,6.22,-
twse,2026,6,6794,向榮生技,1276,1425,2240,-10.45,-43.03,10873,18515,-41.27,-
twse,2026,6,6796,晉弘,54597,52909,54040,3.19,1.03,308894,288006,7.25,-
twse,2026,6,6799,來頡,83988,84629,78883,-0.75,6.47,503896,492366,2.34,-
tpex,2026,6,6803,崑鼎,867900,834505,890103,4.0,-2.49,4710069,4679125,0.66,-
tpex,2026,6,6804,明係,88148,157391,167748,-43.99,-47.45,784209,738657,6.16,-
twse,2026,6,6805,富世達,1206279,1180335,909273,2.19,32.66,7923593,4871931,62.63,較去年同期客戶需求增加
twse,2026,6,6807,峰源-KY,314623,292986,270439,7.38,16.33,1719913,2206823,-22.06,-
tpex,2026,6,6811,宏碁資訊,1507301,575229,1414519,162.03,6.55,5923797,5103222,16.07,-
tpex,2026,6,6821,聯寶,49293,54040,48240,-8.78,2.18,284514,306935,-7.3,-
tpex,2026,6,6823,濾能,56041,52828,48786,6.08,14.87,310866,262658,18.35,-
tpex,2026,6,6829,千附精密,216837,179954,128001,20.49,69.4,1171369,818670,43.08,客戶需求增加
twse,2026,6,6830,汎銓,206268,217107,186903,-4.99,10.36,1213881,1009529,20.24,-
twse,2026,6,6831,邁科,503369,330275,389294,52.4,29.3,1901151,1608028,18.22,-
twse,2026,6,6834,天二科技,214376,189979,128786,12.84,66.45,1003495,734858,36.55,主係市場終端需求增加
twse,2026,6,6835,圓裕,195116,179631,192102,8.62,1.56,1174128,1248104,-5.92,-
twse,2026,6,6838,台新藥,678,2348,0,-71.12,,48448,5358,804.21,認列樣品收入等
tpex,2026,6,6840,東研信超,98116,90233,83254,8.73,17.85,489203,436497,12.07,-
tpex,2026,6,6841,長佳智能,27940,37170,26327,-24.83,6.12,167470,159111,5.25,-
tpex,2026,6,6843,進典,75834,49930,87628,51.88,-13.45,371069,368221,0.77,-
tpex,2026,6,6844,諾貝兒,273999,309678,279294,-11.52,-1.89,1705388,1732797,-1.58,-
tpex,2026,6,6846,綠茵,66800,64708,63218,3.23,5.66,393850,441540,-10.8,-
twse,2026,6,6854,錼創科技-KY創,48817,53395,100951,-8.57,-51.64,286923,504335,-43.1,本月營收較去年同期減少，主要係因設備銷售減少所致。
tpex,2026,6,6855,數泓科,64273,62767,57256,2.39,12.25,311220,351063,-11.34,-
tpex,2026,6,6856,鑫傳,54581,58078,54554,-6.02,0.04,347891,346688,0.34,-
tpex,2026,6,6859,伯特光,43243,51369,65982,-15.81,-34.46,324397,580777,-44.14,-
twse,2026,6,6861,睿生光電,229132,265735,203466,-13.77,12.61,1548068,1087584,42.34,-
twse,2026,6,6862,三集瑞-KY,168424,130543,170193,29.01,-1.03,911645,1259410,-27.61,-
twse,2026,6,6863,永道-KY,574299,428094,317633,34.15,80.8,2682365,2067998,29.7,本月較去年同期成長80.81%，係去年同期收入受對等關稅影響。
tpex,2026,6,6865,偉康科技,32744,15125,62468,116.48,-47.58,115555,228423,-49.41,-
twse,2026,6,6869,雲豹能源,751982,544213,441348,38.17,70.38,3497941,3585251,-2.43,本月營收增加，主要係因承包工程案件依進度認列工程收入、發售電業務成長及出售儲能案場開發權利所致。
tpex,2026,6,6870,騰雲,91082,88548,58934,2.86,54.54,475633,318149,49.5,本月增加原因係海外市場訂單及新方案訂單增加。
tpex,2026,6,6872,浩宇生醫,1142,821,1521,39.09,-24.91,21505,4736,354.07,主係銷售醫療器材之收入增加所致
twse,2026,6,6873,泓德能源,904145,393912,634340,129.52,42.53,3158773,3355697,-5.86,-
tpex,2026,6,6874,倍力,145175,157520,188949,-7.83,-23.16,1347002,891042,51.17,客戶需求調整
tpex,2026,6,6875,國邑*,0,0,0,,,1792,15678,-88.56,本年累計營收較去年累計營收減少，主係去年新增研發用藥收入所致。
tpex,2026,6,6877,鏵友益,16297,23485,47112,-30.6,-65.4,102821,245437,-58.1,本期營收減少係因出貨減少所致。
tpex,2026,6,6881,潤德,161704,160857,207639,0.52,-22.12,1182909,1187008,-0.34,-
tpex,2026,6,6884,海柏特,141785,119545,108118,18.6,31.13,682223,567226,20.27,-
twse,2026,6,6885,全福生技,2378,822,402,189.29,491.54,6789,1676,305.07,諮詢服務收入、含子公司營業收入
twse,2026,6,6887,寶綠特-KY,809075,403725,285176,100.4,183.71,2368706,2447853,-3.23,本月較去年同期營收增減率呈現較大變化之主因係受設備專案規模及完成進度所致。
twse,2026,6,6890,來億-KY,3000506,3611608,3099648,-16.92,-3.19,17901059,21002580,-14.76,-
tpex,2026,6,6894,衛司特,205853,193674,142419,6.28,44.54,1106308,666308,66.03,因應客戶訂單需求，電解設備與耗材之銷售增加，且本年度納入新事業體，營運範疇擴大，以上使本年累計營收較去年同期成長。
tpex,2026,6,6895,宏碩系統,40599,42358,72035,-4.15,-43.63,208042,290462,-28.37,-
tpex,2026,6,6899,創為精密,106128,96303,90728,10.2,16.97,556324,572289,-2.78,-
twse,2026,6,6901,鑽石投資,2206633,692717,49073,218.54,4396.63,3129314,-967629,423.4,營業收入為股利收入及投資標的之評價損益(含已實現及未實現)，投資標的股數及公允價值變動情形，請參考本公司網站投資人專區。
twse,2026,6,6902,GOGOLOOK,110192,100681,80748,9.44,36.46,612824,480629,27.5,-
tpex,2026,6,6903,巨漢,714953,666214,270964,7.31,163.85,4004703,1068950,274.63,本月營收較去年同期增加50%以上，主係目前進行中之專案本月進入施工高峰期所致
tpex,2026,6,6904,伯鑫,92435,90620,51712,2.0,78.74,476051,446138,6.7,本月營收較去年同期增加，主要係船期落差。
twse,2026,6,6906,現觀科,24967,23523,24122,6.13,3.5,149922,148298,1.09,-
tpex,2026,6,6907,雅特力-KY,369094,307279,172829,20.11,113.56,1616230,850222,90.09,終端市場需求成長帶動營收大幅增加
twse,2026,6,6908,宏碁遊戲-創,349625,389956,432157,-10.34,-19.09,2350091,2469216,-4.82,-
twse,2026,6,6909,創控,24057,40927,35431,-41.21,-32.1,203269,216649,-6.17,-
tpex,2026,6,6910,德鴻,35209,36967,37004,-4.75,-4.85,186951,171733,8.86,-
tpex,2026,6,6913,鴻呈,308086,291044,191268,5.85,61.07,1614485,1226506,31.63,營收變化原因說明：主要係伺服器、工程型塑膠機能材等業務之市場及客戶需求增加。
twse,2026,6,6914,阜爾運通,517207,505313,465144,2.35,11.19,2934928,2698479,8.76,-
twse,2026,6,6916,華凌,216657,219836,163713,-1.44,32.33,1141208,1016092,12.31,-
twse,2026,6,6918,愛派司,79196,78876,76012,0.4,4.18,462325,410283,12.68,-
twse,2026,6,6919,康霈*,0,0,0,,,3568,12212,-70.78,本公司新藥仍在研發階段，目前營收來源為健康食品銷售，僅於出貨予代理商之月份認列營收，因並非每月固定出貨致使營收變動。
twse,2026,6,6921,嘉雨思-創,5525,9782,15086,-43.51,-63.37,45036,115356,-60.95,受記憶體漲價影響，客戶調降消費性電子商品生產量，使公司營收隨之下滑。
tpex,2026,6,6922,宸曜,222942,220530,159914,1.09,39.41,1135607,837535,35.58,-
twse,2026,6,6923,中台,131717,116163,93604,13.38,40.71,671537,572473,17.3,-
twse,2026,6,6924,榮惠-KY創,167022,141793,153526,17.79,8.79,986992,867382,13.78,-
tpex,2026,6,6925,意藍,17979,17010,17238,5.69,4.29,98441,93191,5.63,-
twse,2026,6,6928,攸泰科技,142580,120743,253473,18.08,-43.74,941706,1147150,-17.9,-
tpex,2026,6,6929,佑全,257391,282876,269064,-9.0,-4.33,1599497,1614712,-0.94,-
twse,2026,6,6931,青松健康,110416,109590,92913,0.75,18.83,630374,540435,16.64,-
twse,2026,6,6933,AMAX-KY,1416415,585033,1118809,142.1,26.6,4487053,3854820,16.4,-
twse,2026,6,6934,心誠鎂,11599,22,28,52622.72,41325.0,19813,10855,82.52,公司非每月固定出貨銷售，需搭配客戶及市場銷售策略作調整，故有此差異
twse,2026,6,6936,永鴻生技,117271,126130,117781,-7.02,-0.43,744081,668268,11.34,-
twse,2026,6,6937,天虹,374408,190796,228059,96.23,64.17,1300864,973500,33.62,銷售產品組合差異所致
twse,2026,6,6944,兆聯實業,1891586,1671463,1455291,13.16,29.97,9787323,6771546,44.53,-
tpex,2026,6,6945,圓祥生技,0,0,0,,,0,0,,本月無收入
twse,2026,6,6947,台鎔科技,168141,164415,95813,2.26,75.48,852914,497550,71.42,因子公司營收增長所致。
twse,2026,6,6949,沛爾生醫-創,3275,2691,2180,21.7,50.22,15318,17642,-13.17,本月較去年同期增加係因細胞治療案件數量增加。
twse,2026,6,6951,青新-創,76378,77051,62530,-0.87,22.14,441516,360693,22.4,-
twse,2026,6,6952,大武山,186727,191622,147864,-2.55,26.28,1140330,850355,34.1,-
tpex,2026,6,6953,家碩,147706,106356,115739,38.87,27.61,634598,592002,7.19,-
twse,2026,6,6955,邦睿生技-創,33394,30038,25672,11.17,30.07,176715,150816,17.17,-
twse,2026,6,6957,裕慶-KY,422045,312233,316065,35.16,33.53,2111082,1597674,32.13,-
twse,2026,6,6958,日盛台駿,821713,876508,912451,-6.25,-9.94,5095401,5661978,-10.0,-
tpex,2026,6,6961,旅天下,370671,319457,364510,16.03,1.69,2245338,2195938,2.24,-
twse,2026,6,6962,奕力-KY,1511201,1631488,1516189,-7.37,-0.32,8720612,9247575,-5.69,-
twse,2026,6,6965,中傑-KY,1798924,2118090,1673144,-15.06,7.51,10448358,11331387,-7.79,-
tpex,2026,6,6967,汎瑋材料,162801,149038,115599,9.23,40.83,820362,638779,28.42,-
tpex,2026,6,6968,萬達寵物,311895,304808,269538,2.32,15.71,1832793,1572277,16.56,-
twse,2026,6,6969,成信實業*-創,22473,23620,24918,-4.85,-9.81,145313,151230,-3.91,-
tpex,2026,6,6971,惠民實業,169657,175939,190649,-3.57,-11.01,988412,1067727,-7.42,-
tpex,2026,6,6982,大井泵浦,191480,179858,147563,6.46,29.76,1015662,852729,19.1,-
tpex,2026,6,6983,華洋精機,38028,18324,17892,107.53,112.54,118655,99209,19.6,本期營收較去年同期增加，主要是出貨增加所致。
tpex,2026,6,6986,和迅,30371,46785,26781,-35.08,13.4,166392,151405,9.89,-
twse,2026,6,6988,威力暘-創,64640,61077,66137,5.83,-2.26,359857,412686,-12.8,-
twse,2026,6,6994,富威電力,178121,204216,140674,-12.77,26.61,1420411,855077,66.11,依進度認列工程收入及訂單增加所致
tpex,2026,6,6996,力領科技,276157,299726,184148,-7.86,49.96,1581558,1240948,27.44,-
tpex,2026,6,6997,博弘,491554,535965,334028,-8.28,47.15,2700718,2086471,29.43,-
tpex,2026,6,7402,邑錡,47519,32031,57797,48.35,-17.78,226169,279115,-18.96,-
tpex,2026,6,7547,碩網,44438,35697,32615,24.48,36.25,195340,144078,35.57,-
tpex,2026,6,7556,意德士科技,70516,73392,64827,-3.91,8.77,428122,383104,11.75,-
tpex,2026,6,7584,樂意,80180,103772,75041,-22.73,6.84,478312,538717,-11.21,-
twse,2026,6,7610,聯友金屬-創,752329,615259,114784,22.27,555.43,2929338,521575,461.63,6月單月及累積合併營收較去年同期分別增加555%及462%，主要在於鎢製品出貨量及出貨價格較去年同期增加所致。
twse,2026,6,7631,聚賢研發-創,177975,177800,61195,0.09,190.83,899749,420222,114.11,本月營收較去年同期成長，主要受惠於新加坡訂單挹注。
tpex,2026,6,7642,昶瑞機電,65206,75042,88047,-13.1,-25.94,313779,462691,-32.18,-
twse,2026,6,7689,大鵬科CLMX,529629,493262,330423,7.37,60.28,2956346,2097954,40.91,本月營業收入較去年同期成長 60.29%，主要係因受惠於客戶需求強勁，且於本年度成功導入新產品及新客戶，故整體出貨量增加。
tpex,2026,6,7703,銳澤,284725,228816,227529,24.43,25.13,1310407,1177169,11.31,-
tpex,2026,6,7704,明遠精密,63881,70921,54224,-9.92,17.8,369143,342751,7.7,-
twse,2026,6,7705,三商餐飲,568785,605868,552522,-6.12,2.94,3267530,3145474,3.88,-
tpex,2026,6,7708,全家餐飲,252147,256091,225092,-1.54,12.01,1468321,1304339,12.57,-
tpex,2026,6,7709,榮田,52928,89989,125718,-41.18,-57.89,479523,449957,6.57,主係客戶驗機，出貨延遲
twse,2026,6,7711,永擎,2550764,2631479,1059338,-3.06,140.78,15711594,10875496,44.46,客戶需求強勁
tpex,2026,6,7712,博盛半導體,160711,135803,107592,18.34,49.37,757838,683092,10.94,-
tpex,2026,6,7713,威力德生醫,112850,111315,97929,1.37,15.23,618066,518219,19.26,-
tpex,2026,6,7714,創泓科技,288710,150645,129527,91.64,122.89,1029567,835341,23.25,大型專案
tpex,2026,6,7715,裕山,35448,105788,138129,-66.49,-74.33,435203,779554,-44.17,"本月因高廠西區已接近完工，較去年同期合併營收減少約74,000仟元。"
tpex,2026,6,7716,昱臺國際,195736,195389,173692,0.17,12.69,1002361,1051380,-4.66,-
tpex,2026,6,7717,萊德光電-KY,138933,100029,59132,38.89,134.95,589680,473664,24.49,本期出貨金額較上期增加134.95%，主係主要客戶短期需求上升，配合客戶拉貨進度所致。
tpex,2026,6,7718,友鋮,224496,228074,196904,-1.56,14.01,1255814,1211368,3.66,-
twse,2026,6,7721,微程式,59477,63812,50272,-6.79,18.31,328376,248019,32.39,-
twse,2026,6,7722,LINEPAY,725583,747084,635601,-2.87,14.15,4227205,3678635,14.91,-
tpex,2026,6,7723,築間,322078,349969,386965,-7.96,-16.76,2069303,2543283,-18.63,-
tpex,2026,6,7728,光焱科技,53604,34058,25028,57.39,114.17,207762,163573,27.01,半導體檢測設備營收占比成長、關鍵指標產品逐步出貨、如計畫成長
twse,2026,6,7730,暉盛-創,42981,14534,70101,195.72,-38.68,191025,255656,-25.28,-
twse,2026,6,7732,金興精密,80510,81961,104733,-1.77,-23.12,533138,650958,-18.09,-
tpex,2026,6,7734,印能科技,230128,289802,245943,-20.59,-6.43,1789644,1097367,63.08,主要係因市場需求較去年同期成長所致。
twse,2026,6,7736,虎山,121356,154677,157245,-21.54,-22.82,722156,849039,-14.94,-
tpex,2026,6,7738,東聯互動,52974,54777,48949,-3.29,8.22,306259,266682,14.84,-
twse,2026,6,7740,熙特爾-創,1138675,1359522,48821,-16.24,2232.34,7274083,452222,1508.52,本月及本年營收較去年同期營收增加，主要係因依專案進度認列收入所致。
tpex,2026,6,7743,金利食安,52882,77629,43722,-31.87,20.95,364686,302148,20.69,-
tpex,2026,6,7744,崴寶,409621,347219,179556,17.97,128.12,1997252,1063898,87.72,主係客戶需求增加所致。
tpex,2026,6,7747,昕奇雲端,137167,163511,122358,-16.11,12.1,874045,814475,7.31,-
twse,2026,6,7749,意騰-KY,162060,198541,98526,-18.37,64.48,1085028,661133,64.11,市場需求增加
twse,2026,6,7750,新代,2649995,2689787,1054110,-1.47,151.39,13124660,7236490,81.36,開發客戶及穩固市場關係成效顯著。
tpex,2026,6,7751,竑騰,246870,243271,147611,1.47,67.24,1349641,804689,67.72,本公司為設備業，每月營收高低起伏屬常態，主要係今年同期客戶驗收機台較多所致。
tpex,2026,6,7753,星亞,84056,60943,80379,37.92,4.57,417443,428838,-2.65,-
tpex,2026,6,7757,金色三麥,199399,213974,185205,-6.81,7.66,1141913,1092536,4.51,-
twse,2026,6,7760,享溫馨,88937,89475,100686,-0.6,-11.66,657531,691287,-4.88,-
twse,2026,6,7765,中華資安,188492,149890,177036,25.75,6.47,1181763,979036,20.7,-
tpex,2026,6,7767,仁大資訊,637235,235475,198825,170.61,220.5,1640990,1174242,39.74,主係因應客戶需求，於本月大量出貨所致。
twse,2026,6,7768,頌勝科技,193445,202563,172864,-4.5,11.9,1129571,1018796,10.87,-
twse,2026,6,7769,鴻勁,5301564,4129556,2566800,28.38,106.54,24518966,12797230,91.59,主要係因市場需求較去年同期成長所致。
tpex,2026,6,7770,君曜,18315,25556,48584,-28.33,-62.3,123398,237126,-47.96,客戶端為進行庫存調整，使本月拉貨動能放緩、訂單減少所致
tpex,2026,6,7772,耀穎,35136,21845,32924,60.84,6.71,190140,223895,-15.07,-
tpex,2026,6,7777,能率亞洲,30230,81210,131624,-62.77,-77.03,178868,52072,243.5,營業收入為投資標的之評價損益(含已實現及未實現)，投資標的的股數及公允價值變動情形，請參考本公司網站投資人專區/財務資訊。
twse,2026,6,7780,大研生醫*,241821,202685,175609,19.3,37.7,1080185,789653,36.79,-
tpex,2026,6,7782,光速火箭,56988,54540,51195,4.48,11.31,352789,344144,2.51,-
twse,2026,6,7786,東方風能,1526239,1478692,1287080,3.21,18.58,6066813,4360396,39.13,-
twse,2026,6,7788,松川精密,828269,730713,499986,13.35,65.65,4116823,3233579,27.31,去年同期基期較低、主要客戶訂單增加，以及併入台興電子，致營收成長。
twse,2026,6,7791,皇家可口,245172,218370,261542,12.27,-6.25,1160131,1268280,-8.52,-
tpex,2026,6,7792,安葆,750093,721377,584768,3.98,28.27,3176045,2683902,18.33,-
tpex,2026,6,7794,宏碁智新,112994,127786,93797,-11.57,20.46,599894,445842,34.55,-
twse,2026,6,7795,長廣,175816,135999,108161,29.27,62.55,890198,864886,2.92,115年6月份認列營收之設備機台數量與金額較114年同期增加所致。
twse,2026,6,7799,禾榮科,0,504,328,-100.0,-100.0,3389,2008,68.77,使用硼中子捕獲治療(BNCT)之恩慈治療照射費及藥品收入
twse,2026,6,7803,雲象科技-創,3181,16608,21091,-80.84,-84.91,32034,49162,-34.83,去年同期有專案驗收完成，故認列收入
tpex,2026,6,7805,威聯通,501052,554780,391102,-9.68,28.11,3449729,3096268,11.41,-
tpex,2026,6,7810,捷創科技,83878,76203,38750,10.07,116.45,418152,248180,68.48,本月營收及本年累計營收較去年同期增加50%以上之原因，主要係各產品線銷售較去年同期成長所致。
tpex,2026,6,7811,民盛,289564,206948,276398,39.92,4.76,1403349,1514782,-7.35,-
tpex,2026,6,7814,海昌生技,14753,4481,4770,229.23,209.28,48237,30965,55.77,主係客戶需求增加所致
twse,2026,6,7818,溢泰實業,991808,957075,1046274,3.62,-5.2,5788627,6607479,-12.39,-
tpex,2026,6,7819,精誠金融,38989,25260,81417,54.35,-52.11,191280,252835,-24.34,去年同期因認列大型端末設備汰換專案，致基期較高。
tpex,2026,6,7820,立盈,36758,37377,25641,-1.65,43.35,205586,133803,53.64,本年營收較去年同期成長，主要係產能較去年同期擴增所致。
twse,2026,6,7821,神數,800710,795989,607651,0.59,31.77,4795023,3929689,22.02,-
twse,2026,6,7822,倍利科,253364,242740,168100,4.37,50.72,1419287,741474,91.41,本月認列設備營收較前期多
twse,2026,6,7823,奧義賽博-KY創,30206,28144,39692,7.32,-23.89,178468,164050,8.78,-
twse,2026,6,7827,漢康-KY創,0,0,0,,,9542,0,,本月無營收
tpex,2026,6,7828,創新服務,116798,112352,32824,3.95,255.83,511463,164841,210.27,"本月及累計營收成長顯著,主係終端需求強勁帶動設備出貨量提升。目前訂單能見度良好,後續將依時程持續交付,營運動能維持成長趨勢"
twse,2026,6,7835,永悅健康-創,53693,27342,57396,96.37,-6.45,207475,206074,0.67,-
tpex,2026,6,7839,達人網,15402,15867,15455,-2.93,-0.34,89742,86155,4.16,-
tpex,2026,6,7842,天能綠電,344676,330736,248980,4.21,38.43,1675612,1052595,59.18,本月及本年累計營收增加，主要係因售電業務成長所致。
twse,2026,6,7855,和運租車,2340586,2608111,2070794,-10.25,13.02,15398755,14569838,5.68,-
twse,2026,6,8011,台通,147233,145992,214494,0.85,-31.35,834838,1025863,-18.62,-
twse,2026,6,8016,矽創,1997178,2147140,1577464,-6.98,26.6,11580606,8980648,28.95,-
twse,2026,6,8021,尖點,680600,620455,358011,9.69,90.1,3165595,1900151,66.59,本月增減百分比或本年增減百分比達50%以上：主要係市場需求增加所致。
tpex,2026,6,8024,佑華,26972,19399,15808,39.03,70.62,104854,91020,15.19,本月營收較去年同期增加，主係客戶需求增加。
tpex,2026,6,8027,鈦昇,246859,222997,155767,10.7,58.47,1009394,689431,46.4,因客戶擴產，設備需求較去年同期上升
twse,2026,6,8028,昇陽半導體,482832,478852,361340,0.83,33.62,2730311,2126425,28.39,-
tpex,2026,6,8032,光菱,408206,448878,293842,-9.06,38.92,2478328,1734424,42.89,註：本月(年)新台幣(累計)營業收入淨額=本月(年)功能性貨幣(累計)營業收入淨額x本月(年累計)換算匯率
twse,2026,6,8033,雷虎,225784,117063,188743,92.87,19.62,827533,754553,9.67,-
tpex,2026,6,8034,榮群,14972,13122,34863,14.09,-57.05,123529,189945,-34.96,"主係去年同期含高階光電轉換設備,故去年同期結案金額較高"
tpex,2026,6,8038,長園科,26525,92401,48649,-71.29,-45.47,345295,200863,71.9,配合客戶需求出貨
twse,2026,6,8039,台虹,835178,914405,893897,-8.66,-6.56,5111593,4989297,2.45,自結數尚未經會計師簽證，特此說明。
tpex,2026,6,8040,九暘,77102,88547,57328,-12.92,34.49,432078,331933,30.17,-
tpex,2026,6,8042,金山電,437951,400164,289461,9.44,51.29,2371402,1754366,35.17,配合AI浪潮成長
tpex,2026,6,8043,蜜望實,622288,616094,419405,1.0,48.37,3666277,2272261,61.34,"客戶需求增加,致使銷貨收入增加"
tpex,2026,6,8044,網家,3414882,2950012,2956972,15.75,15.48,18953228,17349727,9.24,-
twse,2026,6,8045,達運光電,118547,113502,111477,4.44,6.34,920958,645920,42.58,產品品項增換
twse,2026,6,8046,南電,4684331,4440287,3122359,5.49,50.02,24752716,18040951,37.2,因受市場需求成長影響。
tpex,2026,6,8047,星雲,95751,34646,34703,176.36,175.91,259893,231518,12.25,本期變動主係新增合併個體
tpex,2026,6,8048,德勝,125692,126117,54536,-0.33,130.47,643557,468726,37.29,因去年基期低所致
tpex,2026,6,8049,晶采,115591,112711,97325,2.55,18.76,646558,645719,0.12,-
tpex,2026,6,8050,廣積,955797,573738,392357,66.59,143.6,3336209,3048096,9.45,客戶補貼銷售金額之價差
tpex,2026,6,8054,安國,261384,693474,329228,-62.3,-20.6,2889252,1010655,185.87,主係訂單陸續於本年度出貨所致。
tpex,2026,6,8059,凱碩,1369656,567248,551585,141.45,148.31,4859854,1748281,177.97,新增子公司合併營收
tpex,2026,6,8064,東捷,205470,155631,177209,32.02,15.94,1227623,1030884,19.08,-
tpex,2026,6,8066,來思達,394926,430512,345140,-8.26,14.42,2031926,2231960,-8.96,-
tpex,2026,6,8067,志旭,9048,7055,7460,28.24,21.28,45360,57823,-21.55,-
tpex,2026,6,8068,全達,152174,104059,54018,46.23,181.7,692269,398673,73.64,新增子公司營收
tpex,2026,6,8069,元太,4041054,3280358,4066430,23.18,-0.62,18849583,18684959,0.88,-
twse,2026,6,8070,長華*,2107061,1973145,1586390,6.78,32.82,11551609,9250934,24.86,-
tpex,2026,6,8071,能率網通,202455,218181,162468,-7.2,24.61,1146080,979810,16.96,-
twse,2026,6,8072,陞泰,132045,125490,99521,5.22,32.68,742809,584573,27.06,-
tpex,2026,6,8074,鉅橡,144714,130880,117668,10.56,22.98,783746,638584,22.73,-
tpex,2026,6,8076,伍豐,156046,280223,143825,-44.31,8.49,1349536,949601,42.11,-
tpex,2026,6,8077,洛碁,89491,89581,79861,-0.1,12.05,537608,522065,2.97,-
tpex,2026,6,8080,泰霖,9436,4810,19933,96.17,-52.66,46170,109180,-57.71,減少土方工程營收
twse,2026,6,8081,致新,743410,748704,693561,-0.7,7.18,4348946,4406026,-1.29,-
tpex,2026,6,8083,瑞穎,150565,132072,165211,14.0,-8.86,767295,753774,1.79,-
tpex,2026,6,8084,巨虹,34372,46916,44336,-26.73,-22.47,282200,308963,-8.66,-
tpex,2026,6,8085,福華,46546,48085,56760,-3.2,-17.99,320218,322410,-0.67,-
tpex,2026,6,8086,宏捷科,407747,442716,351347,-7.89,16.05,2520757,1746180,44.35,-
tpex,2026,6,8087,麗升能源,19976,46419,11039,-56.96,80.95,485728,128919,276.76,本月及本年累計營收較去年同期及去年累計數增加，主要係因本月EPC工程案件依進度認列收入所致。
tpex,2026,6,8088,品安,123653,151418,122410,-18.33,1.01,876233,604090,45.05,-
tpex,2026,6,8089,康全電訊,23331,27024,65862,-13.66,-64.57,209392,559282,-62.56,係亞洲客戶出貨減少所致。
tpex,2026,6,8091,翔名,317067,300094,184666,5.65,71.69,1541329,1022993,50.66,主係客戶需求增加。
tpex,2026,6,8092,建暐,27685,22066,28827,25.46,-3.96,143357,136322,5.16,-
tpex,2026,6,8093,保銳,21550,28698,3792,-24.9,468.3,128267,94863,35.21,大陸內陸銷售增加所致
tpex,2026,6,8096,擎亞,8978261,3981347,1682941,125.5,433.48,27489960,21364408,28.67,因伺服器記憶體出貨量增加，致使營收較去年同期成長
tpex,2026,6,8097,常珵,19310,28480,8694,-32.19,122.1,158298,205678,-23.03,客戶依銷售情形調整訂單
tpex,2026,6,8099,大世科,642438,357194,346398,79.85,85.46,2525392,1906402,32.46,因大型專案驗收，營收較同期增加。
twse,2026,6,8101,華冠,42390,28512,37296,48.67,13.65,187042,185184,1.0,-
tpex,2026,6,8102,傑霖科技,48324,42442,34463,13.85,40.21,224772,218884,2.69,-
twse,2026,6,8103,瀚荃,375618,349969,258970,7.32,45.04,2007554,1589060,26.33,係本公司自結合併營收
twse,2026,6,8104,錸寶,232910,275089,498153,-15.33,-53.24,1265867,2063524,-38.65,係因子公司依客戶訂單出貨認列營收所致。
twse,2026,6,8105,凌巨,680486,731239,746928,-6.94,-8.89,4227176,4278625,-1.2,-
tpex,2026,6,8107,大億金茂,52565,49095,86940,7.06,-39.53,344154,503881,-31.69,-
tpex,2026,6,8109,博大,192667,174677,141426,10.29,36.23,1024251,828279,23.66,-
twse,2026,6,8110,華東,660016,644394,567730,2.42,16.25,3913114,3453278,13.31,-
tpex,2026,6,8111,立碁,71200,68655,69574,3.7,2.33,400959,412765,-2.86,-
twse,2026,6,8112,至上,61628573,53921149,18609520,14.29,231.16,260775359,102675279,153.98,營收大幅成長，主要係記憶體等零組件價格持續上漲，伺服器及手機客戶拉貨動能強勁所致。
twse,2026,6,8114,振樺電,1990722,1478529,1670936,34.64,19.13,8721791,11752664,-25.78,-
tpex,2026,6,8121,越峰,298633,288877,224523,3.37,33.0,1744800,1447728,20.51,-
twse,2026,6,8131,福懋科,1106275,1052624,687692,5.09,60.86,6101868,4331848,40.86,市場需求成長
tpex,2026,6,8147,正淩,167493,145645,145764,15.0,14.9,983103,843153,16.59,-
twse,2026,6,8150,南茂,2538350,2384258,1849707,6.46,37.22,14318724,11268170,27.07,-
tpex,2026,6,8155,博智,538756,517137,408465,4.18,31.89,3129920,2351404,33.1,-
twse,2026,6,8162,微矽電子-創,114662,114530,117132,0.11,-2.1,616873,637627,-3.25,-
twse,2026,6,8163,達方,2344702,2580590,2319571,-9.14,1.08,13541631,12386110,9.32,-
tpex,2026,6,8171,天宇,53079,36286,13456,46.27,294.46,235513,141000,67.03,本月及本年累計營收較去年同期增加主要係太陽能及儲能工程收入增加所致
tpex,2026,6,8176,智捷,31930,41472,35549,-23.0,-10.18,166368,216936,-23.31,-
tpex,2026,6,8182,加高,248815,229833,235706,8.25,5.56,1404173,1381897,1.61,-
tpex,2026,6,8183,精星,771224,694906,468374,10.98,64.65,4067379,3275665,24.16,"6月合併營收7.71億,較5月增10.98%,與去年6月比增64.66%,係因新能源車用產品需求成長所致"
twse,2026,6,8201,無敵,34909,40322,47206,-13.42,-26.04,235995,231498,1.94,-
twse,2026,6,8210,勤誠,3237664,2517084,1634964,28.62,98.02,14928332,9596741,55.55,終端客戶所需產品大量出貨
twse,2026,6,8213,志超,1768857,1729169,1403337,2.29,26.04,10149114,9173305,10.63,-
twse,2026,6,8215,明基材,1639054,1631448,1449889,0.46,13.04,9491823,8999931,5.46,-
twse,2026,6,8222,寶一,68432,79197,76339,-13.59,-10.35,482007,506947,-4.91,-
tpex,2026,6,8227,巨有科技,159105,181394,84433,-12.28,88.43,982601,472661,107.88,主要係本期委託設計服務收入及量產收入增加所致。
tpex,2026,6,8234,新漢,680208,521897,490738,30.33,38.6,2823290,3133501,-9.89,-
tpex,2026,6,8240,華宏,522737,557744,566366,-6.27,-7.7,3252346,3621624,-10.19,-
twse,2026,6,8249,菱光,343979,256486,305756,34.11,12.5,1985684,1956375,1.49,-
tpex,2026,6,8255,朋程,734714,618616,694589,18.76,5.77,4068745,4279802,-4.93,-
twse,2026,6,8261,富鼎,296036,296825,255015,-0.26,16.08,1658319,1534107,8.09,-
twse,2026,6,8271,宇瞻,2913567,3022791,969104,-3.61,200.64,16718334,4761566,251.1,本月營收較去年同期增加係因市場價格大幅上漲所致
tpex,2026,6,8272,全景軟體,52585,34627,59329,51.86,-11.36,200377,198050,1.17,-
tpex,2026,6,8277,商丞,9578,12605,58585,-24.01,-83.65,56391,154459,-63.49,前端客戶需求減少
tpex,2026,6,8279,生展,176604,182458,166615,-3.2,5.99,1010074,1093486,-7.62,-
tpex,2026,6,8284,三竹,296049,266232,245151,11.19,20.76,1562371,1393994,12.07,-
tpex,2026,6,8289,泰藝,184909,160488,142365,15.21,29.88,953739,909548,4.85,-
tpex,2026,6,8291,尚茂,227,330,142,-31.21,59.85,2550,880,189.77,2026 年 6 月營收較去年同期增加，主係訂單增加所致。
tpex,2026,6,8299,群聯,24852784,22827979,6197679,8.86,301.0,108855209,31728636,243.08,係總出貨量及均價增加
twse,2026,6,8341,日友,357041,387554,333709,-7.87,6.99,2212153,1879801,17.68,-
tpex,2026,6,8342,益張,155185,139164,148130,11.51,4.76,818989,776797,5.43,-
tpex,2026,6,8349,恒耀國際,1066422,967768,907343,10.19,17.53,5886438,5631224,4.53,-
tpex,2026,6,8354,冠好,52001,50959,49984,2.04,4.03,341537,326243,4.68,-
tpex,2026,6,8358,金居,962293,941901,671218,2.16,43.36,5336990,3728691,43.13,-
twse,2026,6,8367,建新國際,289737,258617,261385,12.03,10.84,1618422,1572840,2.89,無
twse,2026,6,8374,羅昇,500787,541091,358195,-7.44,39.8,3007497,2171975,38.46,-
tpex,2026,6,8383,千附,662939,393095,220930,68.64,200.06,2414227,1558251,54.93,本月營業收入較去年同期增加200.07%，主要係精密零組件收入及工程收入增加
tpex,2026,6,8390,金益鼎,555068,546852,385579,1.5,43.95,3349690,2407238,39.15,-
tpex,2026,6,8401,白紗科,134386,131029,126476,2.56,6.25,769948,732604,5.09,-
tpex,2026,6,8403,盛弘,435087,367624,386723,18.35,12.5,2262464,2124129,6.51,-
twse,2026,6,8404,百和興業-KY,603079,615949,517011,-2.08,16.64,3804925,3712289,2.49,-
tpex,2026,6,8409,商之器,13630,13629,11272,0.0,20.91,87356,56729,53.98,本年累計完成驗收之合約金額增加
tpex,2026,6,8410,森田,80231,78933,107145,1.64,-25.11,432905,567592,-23.72,-
twse,2026,6,8411,福貞-KY,910618,791298,845828,15.07,7.65,5188485,4349212,19.29,-
tpex,2026,6,8415,大國鋼,2632302,2331956,1927391,12.87,36.57,14073411,11840706,18.85,-
tpex,2026,6,8416,實威,164863,119806,140213,37.6,17.58,844272,766380,10.16,-
tpex,2026,6,8421,旭源,132756,111474,90563,19.09,46.58,666874,580443,14.89,-
twse,2026,6,8422,可寧衛*,608458,1272922,404729,-52.19,50.33,3384704,2729430,24.0,營收增加係南區焚化爐BOT案依IFRIC12會計處理，每月按工程進度認列成本，同步依成本金額認列工程收入，未產生毛利。
tpex,2026,6,8423,保綠-KY,39205,34801,29684,12.65,32.07,212747,194733,9.25,-
tpex,2026,6,8424,惠普,90027,96175,90024,-6.39,0.0,547421,554606,-1.29,-
tpex,2026,6,8426,紅木-KY,173525,160081,228495,8.39,-24.05,1089420,1096507,-0.64,-
twse,2026,6,8429,金麗-KY,12465,15772,11169,-20.96,11.6,65426,73094,-10.49,主係因中國市場消費動能放緩，致使代理商提貨策略轉趨保守，累計營業收入較去年有所減少。
tpex,2026,6,8431,匯鑽科,65270,66227,82650,-1.44,-21.02,457498,494118,-7.41,-
tpex,2026,6,8432,東生華,96262,126070,90462,-23.64,6.41,616505,556414,10.79,-
tpex,2026,6,8433,弘帆,371042,289526,352310,28.15,5.31,1754021,1548965,13.23,-
tpex,2026,6,8435,鉅邁,61808,55597,55737,11.17,10.89,325741,299467,8.77,-
tpex,2026,6,8436,大江,602951,504638,706013,19.48,-14.59,3354161,3383190,-0.85,-
tpex,2026,6,8437,大地-KY,19121,10816,18468,76.78,3.53,97731,114111,-14.35,-
twse,2026,6,8438,昶昕,443280,445914,314410,-0.59,40.98,2491826,1797807,38.6,-
tpex,2026,6,8440,綠電,90827,91941,80962,-1.21,12.18,445955,480196,-7.13,-
twse,2026,6,8442,威宏-KY,865806,736545,651227,17.54,32.94,4329016,3961471,9.27,-
twse,2026,6,8443,阿瘦,66436,89058,85046,-25.4,-21.88,520148,565655,-8.04,-
tpex,2026,6,8444,綠河-KY,77838,125578,268932,-38.01,-71.05,809356,1968166,-58.87,由於去年平均售價偏低，為避免損失擴大，公司採取選擇性接單，使銷售量下降，但平均售價因此有所提升，待售價穩定將增加銷售量。
tpex,2026,6,8446,華研,91111,199837,97051,-54.4,-6.12,616924,519910,18.65,-
tpex,2026,6,8450,霹靂,16019,16927,25109,-5.36,-36.2,181502,117771,54.11,本年累計較去年同期累計增加係因3月完成電影外包拍攝所致。
twse,2026,6,8454,富邦媒,9824825,8987078,9225243,9.32,6.49,53686216,52436026,2.38,-
tpex,2026,6,8455,大拓-KY,102776,101760,103369,0.99,-0.57,632174,590157,7.11,-
twse,2026,6,8462,柏文,601695,591982,500942,1.64,20.11,3401716,2829214,20.23,-
twse,2026,6,8463,潤泰材,511112,566688,610840,-9.8,-16.32,3417484,3530127,-3.19,-
twse,2026,6,8464,億豐,2718045,2584300,2432744,5.17,11.72,15232911,14979866,1.68,-
twse,2026,6,8466,美吉吉-KY,224574,212794,271498,5.53,-17.28,1292246,1719301,-24.83,-
twse,2026,6,8467,波力-KY,145737,184816,266226,-21.14,-45.25,1126286,1301357,-13.45,主係船期影響，部分訂單遞延下月出貨。
tpex,2026,6,8472,納維康,47459,38630,59880,22.85,-20.74,248742,220991,12.55,-
twse,2026,6,8473,山林水,403766,333275,341882,21.15,18.1,2370576,2122686,11.67,-
twse,2026,6,8476,台境*,172137,69016,103665,149.41,66.05,664075,644043,3.11,本月工案進入結算階段，故認列較高之工程收入。
tpex,2026,6,8477,創業家,49903,27279,37283,82.93,33.84,221397,256552,-13.7,-
twse,2026,6,8478,東哥遊艇,687229,2269,389743,30187.74,76.32,2578077,2615108,-1.41,主係認列遊艇銷貨收入增減所致
twse,2026,6,8481,政伸,105999,98660,85715,7.43,23.66,585722,581555,0.71,-
twse,2026,6,8482,商億-KY,292848,315384,320104,-7.14,-8.51,1781548,1648166,8.09,-
twse,2026,6,8487,愛爾達-創,291915,90819,105854,221.42,175.77,856244,537452,59.31,月營收年增率175.77%、年營收年增率59.32%，主係本月轉播FIFA世界盃足球賽所致。
twse,2026,6,8488,吉源-KY,369934,388918,270084,-4.88,36.96,2101142,1339621,56.84,主要係今年度訂單增加
tpex,2026,6,8489,三貝德,176234,152801,102992,15.33,71.11,968200,611298,58.38,"主要係114年10月取得弋果文化股權。該公司及其子公司本月營收為68,026仟元，併入本期營收後，與去年同期比較成長達71.11%。"
twse,2026,6,8499,鼎炫-KY,354454,332066,163879,6.74,116.29,1929218,1031664,87.0,較去年同期增加比率大於50%係因於2025年8、9月分別收購常州威斯雙聯科技有限公司及蘇州德佑新材料科技有限公司所致
tpex,2026,6,8905,裕國,192014,212029,161644,-9.43,18.78,1107211,980359,12.93,-
tpex,2026,6,8906,花王,16079,10730,14742,49.85,9.06,100728,101002,-0.27,-
tpex,2026,6,8908,欣雄,982825,943825,864013,4.13,13.75,5261793,5383462,-2.26,-
tpex,2026,6,8916,光隆,770018,889385,740486,-13.42,3.98,3721568,4098741,-9.2,-
tpex,2026,6,8917,欣泰,236346,231840,257915,1.94,-8.36,1544756,1634049,-5.46,-
tpex,2026,6,8921,沈氏,53842,53743,48197,0.18,11.71,307015,293974,4.43,-
tpex,2026,6,8923,時報,59078,29432,49158,100.72,20.17,235804,237641,-0.77,-
tpex,2026,6,8924,大田,274898,327576,379548,-16.08,-27.57,2016062,1885044,6.95,-
twse,2026,6,8926,台汽電,6722181,7279773,369457,-7.65,1719.47,34488245,4244335,712.57,本月及累計合併營業收入較去年同期增加，主要係自115年起因將森霸、星電、星元納入為子公司，故併入合併營收計算。
tpex,2026,6,8927,北基,1392264,1523333,753582,-8.6,84.75,7637020,5041273,51.48,因本月份有出售營建用地營收，去年同期則無。
tpex,2026,6,8928,鉅明,254992,175986,157786,44.89,61.6,1370551,1757167,-22.0,因應新產品鋪貨及市場需求，故出貨量較往年增加。
tpex,2026,6,8929,富堡,53803,54368,53150,-1.03,1.22,352343,350867,0.42,-
tpex,2026,6,8930,青鋼,126220,117787,120521,7.15,4.72,708946,739118,-4.08,-
tpex,2026,6,8931,大汽電,232960,227436,214926,2.42,8.39,1304430,1214828,7.37,-
tpex,2026,6,8932,智通*,242571,189896,251380,27.73,-3.5,1291075,1152302,12.04,-
tpex,2026,6,8933,愛地雅,230058,250814,237796,-8.27,-3.25,1171195,1460216,-19.79,-
tpex,2026,6,8935,邦泰,31240,42455,53973,-26.41,-42.11,247785,273389,-9.36,-
tpex,2026,6,8936,國統,539254,506789,444799,6.4,21.23,3318000,2763576,20.06,-
tpex,2026,6,8937,合騏*,36583,89411,4145,-59.08,782.58,403523,40350,900.05,"合併子公司屹海風電獲利,挹注營收"
tpex,2026,6,8938,明安,1088390,1012377,904657,7.5,20.3,7287552,7883297,-7.55,-
twse,2026,6,8940,新天地,97198,120306,95777,-19.2,1.48,925894,904350,2.38,-
tpex,2026,6,8941,關中,278935,287497,199744,-2.97,39.64,1561916,1510436,3.4,-
tpex,2026,6,8942,森鉅,233210,289416,320780,-19.42,-27.29,1343815,2511076,-46.48,-
twse,2026,6,8996,高力,724767,631677,526875,14.73,37.55,5728203,2501875,128.95,說明:本年累計營收較去年同期增加128.96%，主要係板式熱交換器及熱能產品年度營收分別較去年同期增加17.88%及185.17%所致
twse,2026,6,9105,泰金寶-DR,12300596,11098863,8422090,10.82,46.05,62961104,63633630,-1.05,-
twse,2026,6,912000,晨訊科-DR,171929,128722,112622,33.56,52.66,768451,839496,-8.46,由於本集團的客戶對其採購單的提貨時間作出調整，本集團二零二六年六月份的主營業 務出貨和收入均比二零二五年六月份的增加。
twse,2026,6,9802,鈺齊-KY,2024229,1598843,1753283,26.6,15.45,8933111,8899961,0.37,-
twse,2026,6,9902,台火,8339,2176,3941,283.22,111.59,42773,113038,-62.16,本月營收因投標車輛營收增加而優於去年同期；惟累計營收仍低於去年同期，主係前期投標車輛營收較少所致。
twse,2026,6,9904,寶成,18951543,21701839,19589448,-12.67,-3.25,126089569,129806314,-2.86,-
twse,2026,6,9905,大華,1066495,895638,715080,19.07,49.14,5059458,4132107,22.44,-
twse,2026,6,9906,欣巴巴,46183,134650,69831,-65.7,-33.86,1136617,227680,399.21,本月營收與去年同期之差異，主係本月新個案仍持續入帳。
twse,2026,6,9907,統一實,3715210,3500161,3956354,6.14,-6.09,21174637,24236926,-12.63,-
twse,2026,6,9908,大台北,277613,291000,260437,-4.6,6.59,1790415,1789836,0.03,-
twse,2026,6,9910,豐泰,6839306,6720476,7117069,1.76,-3.9,39614623,41122577,-3.66,合併營業收入為本公司自結數.
twse,2026,6,9911,櫻花,876052,855526,820901,2.39,6.71,5496595,5170929,6.29,-
twse,2026,6,9912,偉聯,48974,35058,39712,39.69,23.32,235956,242245,-2.59,-
twse,2026,6,9914,美利達,2385852,2285619,2524967,4.38,-5.5,12354549,14583769,-15.28,-
twse,2026,6,9917,中保科,1673980,1593940,1632206,5.02,2.55,9540819,9388194,1.62,-
twse,2026,6,9918,欣天然,145053,192952,143343,-24.82,1.19,1169395,1204657,-2.92,-
twse,2026,6,9919,康那香,211729,211751,224132,-0.01,-5.53,1316764,1315394,0.1,-
twse,2026,6,9921,巨大,5759149,5357327,4965623,7.5,15.98,29187427,32612971,-10.5,-
twse,2026,6,9924,福興,636307,620958,660983,2.47,-3.73,3343054,3696210,-9.55,-
twse,2026,6,9925,新保,704175,689884,681582,2.07,3.31,4182224,3988792,4.84,-
twse,2026,6,9926,新海,201157,208525,204447,-3.53,-1.6,1320847,1334093,-0.99,-
twse,2026,6,9927,泰銘,912350,846270,596026,7.8,53.07,4748442,4063856,16.84,本月營收成長主要受銷售量較去年同期增加38.9%，並受惠於國際鉛價上揚及台幣匯率貶值之有利變動，推升整體營收表現。
twse,2026,6,9928,中視,78333,63013,57539,24.31,36.13,429253,399271,7.5,廣告及專案收入增加
twse,2026,6,9929,秋雨,52124,49357,46261,5.6,12.67,336728,315823,6.61,-
twse,2026,6,9930,中聯資源,1059171,1187666,1142134,-10.81,-7.26,6669038,7143969,-6.64,-
twse,2026,6,9931,欣高,156360,129365,114888,20.86,36.09,856889,798192,7.35,-
twse,2026,6,9933,中鼎,7296591,6895783,8752708,5.81,-16.63,37719993,46448438,-18.79,-
twse,2026,6,9934,成霖,1713457,1552362,1319642,10.37,29.84,9508534,8723793,8.99,-
twse,2026,6,9935,慶豐富,494043,444076,422239,11.25,17.0,2557547,2368925,7.96,-
twse,2026,6,9937,全國,2063374,2203616,1814328,-6.36,13.72,11739956,11389081,3.08,-
twse,2026,6,9938,百和,1256298,1212931,1036505,3.57,21.2,7842364,7839699,0.03,-
twse,2026,6,9939,宏全,2957178,2880317,2637200,2.66,12.13,15483887,14970874,3.42,-
twse,2026,6,9940,信義,1083839,1032988,766413,4.92,41.41,5935883,4505507,31.74,-
twse,2026,6,9941,裕融,3303701,3339278,3441341,-1.06,-3.99,19529609,20013358,-2.41,-
twse,2026,6,9942,茂順,418944,381477,330803,9.82,26.64,2289586,1985659,15.3,-
twse,2026,6,9943,好樂迪,187051,183735,189913,1.8,-1.5,1173501,1251501,-6.23,-
twse,2026,6,9944,新麗,228314,224002,191793,1.92,19.04,1392581,1270100,9.64,-
twse,2026,6,9945,潤泰新,4541485,5231795,3505125,-13.19,29.56,22508055,16028198,40.42,-
twse,2026,6,9946,三發地產,3050,105286,3446,-97.1,-11.49,2645210,62508,4131.79,累月營收較去年同期增加，係因預售建案完工交屋入帳所致。
tpex,2026,6,9949,琉園,12927,12304,10148,5.06,27.38,70908,65102,8.91,-
tpex,2026,6,9950,萬國通,179224,143085,275650,25.25,-34.98,1041854,1185546,-12.12,-
tpex,2026,6,9951,皇田,543837,520714,569171,4.44,-4.45,3250670,3013618,7.86,-
twse,2026,6,9955,佳龍,139228,125830,162889,10.64,-14.52,847801,694952,21.99,-
twse,2026,6,9958,世紀鋼,2138665,1708140,1303359,25.2,64.08,10181252,7881335,29.18,本月增加百分比達50%以上，主要係風力事業案依進度如期交貨及相關工程收入挹注所致。
tpex,2026,6,9960,邁達康,42137,54259,49940,-22.34,-15.62,354900,317426,11.8,-
tpex,2026,6,9962,有益,212404,151175,154830,40.5,37.18,903742,1151568,-21.52,-
twse,2026,6,合計,合計,12472525,11227585,8534712,11.08,46.13,63729555,64473126,-1.15,
tpex,2026,6,合計,合計,15929580,16577253,14818984,-3.9,7.49,94844743,86308759,9.89,
twse,2026,6,總計,總計,5497197633,5137483950,3799142728,7.0,44.69,29281735488,21562304614,35.8,
tpex,2026,6,總計,總計,351693046,326894872,255556944,7.58,37.61,1852061794,1479361032,25.19,
twse,2026,7,1101,台泥,13744103,13382706,13535929,2.7,1.53,85211435,83916845,1.54,-
twse,2026,7,1102,亞泥,5398231,5885972,5836590,-8.28,-7.51,38104679,41097034,-7.28,-
twse,2026,7,1103,嘉泥,242322,229237,251867,5.7,-3.78,1598035,1772889,-9.86,-
twse,2026,7,1104,環泥,663235,508460,575078,30.43,15.32,4222517,4472556,-5.59,-
twse,2026,7,1108,幸福,309786,265297,357412,16.76,-13.32,2213755,2730708,-18.93,-
twse,2026,7,1109,信大,292047,314135,367999,-7.03,-20.63,2149893,2590075,-16.99,-
twse,2026,7,1110,東泥,261007,213484,190570,22.26,36.96,1528333,1679561,-9.0,-
twse,2026,7,1201,味全,1991488,1825679,1850418,9.08,7.62,12437106,12582396,-1.15,-
twse,2026,7,1203,味王,431017,427563,439000,0.8,-1.81,3041807,3383445,-10.09,-
twse,2026,7,1210,大成,9639463,8952188,7933720,7.67,21.49,63320793,58408239,8.41,-
twse,2026,7,1213,大飲,32555,25270,23287,28.82,39.79,183142,158479,15.56,-
twse,2026,7,1215,卜蜂,2562688,2419781,2371761,5.9,8.05,16964331,16129752,5.17,-
twse,2026,7,1216,統一,62168637,58301112,57114520,6.63,8.84,412146627,395952807,4.08,-
twse,2026,7,1217,愛之味,505906,414313,486959,22.1,3.89,2859455,2914699,-1.89,-
twse,2026,7,1218,泰山,563843,713728,893928,-21.0,-36.92,5596108,5829793,-4.0,-
twse,2026,7,1219,福壽,882904,1104022,1105072,-20.02,-20.1,7959168,8244561,-3.46,-
twse,2026,7,1220,台榮,279357,273600,275553,2.1,1.38,1783472,1830187,-2.55,-
twse,2026,7,1225,福懋油,903312,1006736,1006566,-10.27,-10.25,7332413,7238277,1.3,-
twse,2026,7,1227,佳格,2077948,1949498,1928591,6.58,7.74,16011645,14983683,6.86,-
twse,2026,7,1229,聯華,2104623,1027017,978972,104.92,114.98,7138630,7510611,-4.95,本公司本月營收成長主因今年度7月認列聯強現金股利收入，而去年度於6月認列。
twse,2026,7,1231,聯華食,1184866,1030161,1144425,15.01,3.53,7510816,7249873,3.59,-
twse,2026,7,1232,大統益,2488656,1866048,1758494,33.36,41.52,13970653,12259872,13.95,-
twse,2026,7,1233,天仁,166958,195470,160451,-14.58,4.05,1298392,1239896,4.71,-
twse,2026,7,1234,黑松,866862,728270,846219,19.03,2.43,5303478,5542937,-4.32,-
twse,2026,7,1235,興泰,8605,11632,12929,-26.02,-33.44,102031,81099,25.81,"泰宇網通累計1-7月營收較去年同期增加22,793仟元"
twse,2026,7,1236,宏亞,167970,110212,136074,52.4,23.44,1053238,986056,6.81,-
tpex,2026,7,1240,茂生農經,242511,270176,214130,-10.23,13.25,1683183,1564493,7.58,-
twse,2026,7,1256,鮮活果汁-KY,619291,575547,507659,7.6,21.98,3267034,2302848,41.86,-
tpex,2026,7,1259,安心,550828,533260,511150,3.29,7.76,3642023,3509538,3.77,-
tpex,2026,7,1264,德麥,593252,544506,545535,8.95,8.74,4058839,3798184,6.86,-
tpex,2026,7,1268,漢來美食,551405,574472,459723,-4.01,19.94,4227046,3610256,17.08,-
tpex,2026,7,1294,漢田生技,69919,82336,57191,-15.08,22.25,525245,426333,23.2,-
tpex,2026,7,1295,生合,78660,111446,63971,-29.41,22.96,589376,606808,-2.87,-
twse,2026,7,1301,台塑,15293925,13976274,14597054,9.42,4.77,104533015,107186360,-2.47,-
twse,2026,7,1303,南亞,30572583,27134592,21152898,12.67,44.53,182815859,152420499,19.94,-
twse,2026,7,1304,台聚,3340929,2879163,3514742,16.03,-4.94,25101536,27236359,-7.83,-
twse,2026,7,1305,華夏,567866,564306,752645,0.63,-24.55,5971245,5872691,1.67,-
twse,2026,7,1307,三芳,1066159,852934,960365,24.99,11.01,6729552,6366002,5.71,-
twse,2026,7,1308,亞聚,501654,516682,465643,-2.9,7.73,3353897,3341065,0.38,-
twse,2026,7,1309,台達化,1032063,601607,1154534,71.55,-10.6,7206165,9236533,-21.98,-
twse,2026,7,1310,台苯,668728,569505,782309,17.42,-14.51,4831128,5522392,-12.51,-
twse,2026,7,1312,國喬,1422114,1277524,1497211,11.31,-5.01,14287870,12613760,13.27,-
twse,2026,7,1313,聯成,5091842,5262701,5132015,-3.24,-0.78,36313833,34266655,5.97,-
twse,2026,7,1314,中石化,1059916,1040669,1645709,1.84,-35.59,9039607,13050763,-30.73,-
twse,2026,7,1315,達新,218590,204130,227995,7.08,-4.12,1185558,1385519,-14.43,-
twse,2026,7,1316,上曜,695494,677646,344236,2.63,102.03,4672189,2057347,127.09,主因子公司營收上升，致本年度營收較去年同期增加。
twse,2026,7,1319,東陽,2035775,1806325,1659710,12.7,22.65,13329502,14844436,-10.2,-
twse,2026,7,1321,大洋,297426,306226,293248,-2.87,1.42,2214488,2245692,-1.38,-
twse,2026,7,1323,永裕,189518,181453,146930,4.44,28.98,1270546,1192557,6.53,-
twse,2026,7,1324,地球,56386,55838,52909,0.98,6.57,388812,429671,-9.5,-
twse,2026,7,1325,恆大,19967,21606,19998,-7.58,-0.15,143345,186124,-22.98,-
twse,2026,7,1326,台化,31267016,27666322,23302893,13.01,34.17,200171109,175759849,13.88,-
tpex,2026,7,1336,台翰,324336,273030,194127,18.79,67.07,1571942,1462430,7.48,1.越南新增電腦周邊及遊戲類產品營收同比增加。2.越南多功能事務機主要客戶出貨遞延。3.菲律賓新增家電類產品的組裝。
twse,2026,7,1337,再生-KY,50904,44343,51850,14.79,-1.82,335072,402164,-16.68,-
twse,2026,7,1338,廣華-KY,370408,447304,444675,-17.19,-16.7,2887005,2947899,-2.06,-
twse,2026,7,1339,昭輝,141514,123393,138894,14.68,1.88,947051,1046687,-9.51,-
twse,2026,7,1340,勝悅-KY,7274,5224,3045,39.24,138.88,36000,26557,35.55,公司停業舊營業項目並新增項目，營收較去年成長；更正114年第3季及全年財報，致本、去年營收及累積營收產生差異。
twse,2026,7,1341,富林-KY,265664,190490,216790,39.46,22.54,1601619,1490052,7.48,-
twse,2026,7,1342,八貫,337627,308127,190833,9.57,76.92,2249775,1677237,34.13,主要係航海航太的客戶強勁拉貨及戶外產品熱銷使得客戶增加出貨所致
twse,2026,7,1402,遠東新,23366547,22922082,19378881,1.93,20.57,153880588,143269056,7.4,-
twse,2026,7,1409,新纖,4641142,3554062,2970720,30.58,56.22,26696360,23144742,15.34,本月營收增加，係因聚酯部門業內收入及業外收入增加所致。
twse,2026,7,1410,南染,18088,12793,13835,41.38,30.74,124853,118172,5.65,-
twse,2026,7,1413,宏洲,173552,166491,170323,4.24,1.89,1180716,1379260,-14.39,-
twse,2026,7,1414,東和,30089,35054,35243,-14.16,-14.62,270794,295023,-8.21,-
twse,2026,7,1416,廣豐,44583,48734,25586,-8.51,74.24,271689,188408,44.2,數位科技營收增加
twse,2026,7,1417,嘉裕,24710,28158,26883,-12.24,-8.08,170002,166778,1.93,-
twse,2026,7,1418,東華,834,1173,18,-28.9,4533.33,4260,3566,19.46,配合客戶生產線出貨
twse,2026,7,1419,新紡,429159,323245,328379,32.76,30.69,2990623,2328919,28.41,-
twse,2026,7,1423,利華,5951,2884,5403,106.34,10.14,50350,48314,4.21,-
twse,2026,7,1432,大魯閣,70081,65915,118010,6.32,-40.61,466582,780221,-40.19,-
twse,2026,7,1434,福懋,2152442,2148851,2186035,0.16,-1.53,16362565,17119383,-4.42,-
twse,2026,7,1435,中福,499,499,499,0.0,0.0,3489,3489,0.0,-
twse,2026,7,1436,華友聯,88560,245835,1472403,-63.97,-93.98,571602,3125871,-81.71,本月及累計營收較去年同期減少，係今年交屋數量較去年同期減少所致。
twse,2026,7,1437,勤益控,107578,117312,163031,-8.29,-34.01,517443,552755,-6.38,-
twse,2026,7,1438,三地開發,39787,1115,0,3468.34,,431482,241,178938.17,因本年已有建案完工交屋，故營收變化大。
twse,2026,7,1439,雋揚,22489,22042,151483,2.02,-85.15,137640,384743,-64.22,主係本公司按持有比例陸續認列聯合營運建案交屋之營收。
twse,2026,7,1440,南紡,1300342,1046100,1118170,24.3,16.29,7863682,9010790,-12.73,-
twse,2026,7,1441,大東,89328,90177,123213,-0.94,-27.5,694451,900970,-22.92,-
twse,2026,7,1442,名軒,271346,256823,243543,5.65,11.41,1103780,2381198,-53.64,本年累計認收93戶，去年累計認收205戶，故兩期差異大
twse,2026,7,1443,立益物流,79430,79901,83755,-0.58,-5.16,545690,589361,-7.4,-
twse,2026,7,1444,力麗,517228,659642,564196,-21.58,-8.32,5015111,4184849,19.83,-
twse,2026,7,1445,大宇,66134,55138,60875,19.94,8.63,373243,463702,-19.5,-
twse,2026,7,1446,宏和,10920,11577,88424,-5.67,-87.65,343652,855242,-59.81,本月營建無認列收入
twse,2026,7,1447,力鵬,1199980,3121865,989263,-61.56,21.3,17268011,15482925,11.52,-
twse,2026,7,1449,佳和,371228,388010,158888,-4.32,133.64,2212763,1511301,46.41,訂單增加
twse,2026,7,1451,年興,670302,640948,560734,4.57,19.54,3877871,3688381,5.13,-
twse,2026,7,1452,宏益,113912,127293,120814,-10.51,-5.71,838200,819863,2.23,-
twse,2026,7,1453,大將,106,126,124,-15.87,-14.51,860,868,-0.92,-
twse,2026,7,1454,台富,118586,96895,126758,22.38,-6.44,760141,943959,-19.47,-
twse,2026,7,1455,集盛,506492,464889,498260,8.94,1.65,3375827,4083584,-17.33,-
twse,2026,7,1456,怡華,90897,55786,111026,62.93,-18.12,458401,571219,-19.75,-
twse,2026,7,1457,宜進,238975,235910,242961,1.29,-1.64,1666986,1909588,-12.7,-
twse,2026,7,1459,聯發,95047,78449,90428,21.15,5.1,584947,706876,-17.24,-
twse,2026,7,1460,宏遠,517874,442538,480777,17.02,7.71,3549889,4183719,-15.14,-
twse,2026,7,1463,強盛新,19873,15921,25501,24.82,-22.06,135324,724321,-81.31,去年第一季子公司保強建設房屋售出入帳
twse,2026,7,1464,得力,969593,833266,931432,16.36,4.09,6909715,7218591,-4.27,-
twse,2026,7,1465,偉全,31816,38615,42849,-17.6,-25.74,232302,232844,-0.23,-
twse,2026,7,1466,聚隆,207165,184437,192045,12.32,7.87,1318931,1537974,-14.24,-
twse,2026,7,1467,南緯,522427,495486,553642,5.43,-5.63,2985629,2939578,1.56,-
twse,2026,7,1468,昶和,42981,49452,71769,-13.08,-40.11,306917,527361,-41.8,-
twse,2026,7,1470,大統新創,56595,74110,60175,-23.63,-5.94,428221,472805,-9.42,-
twse,2026,7,1471,首利,8754,10539,15135,-16.93,-42.16,56102,117326,-52.18,本年累計營收較去年同期減少，主係因為客戶需求減少所致。
twse,2026,7,1472,三洋實業,360176,334945,308984,7.53,16.56,2270821,2113181,7.45,本公司以專案收入為主要營收，因各財務報表期間所認列專案別不同，使得營業收入同期比較不具相同基礎，此為本公司營業特性。
twse,2026,7,1473,台南,663144,621453,590440,6.7,12.31,4053504,4589500,-11.67,-
twse,2026,7,1474,弘裕,223674,195889,245238,14.18,-8.79,1594035,1686218,-5.46,-
twse,2026,7,1475,業旺,127357,125099,110781,1.8,14.96,850655,870156,-2.24,-
twse,2026,7,1476,儒鴻,3752424,3762594,3044362,-0.27,23.25,23459298,22136561,5.97,-
twse,2026,7,1477,聚陽,2999331,2851147,2780854,5.19,7.85,20062161,20393811,-1.62,-
twse,2026,7,1503,士電,2971490,3108909,2581751,-4.42,15.09,24093013,21736439,10.84,-
twse,2026,7,1504,東元,5528934,5277164,4857940,4.77,13.81,36316904,33926490,7.04,-
twse,2026,7,1506,正道,123620,117501,96365,5.2,28.28,739718,642993,15.04,-
twse,2026,7,1512,瑞利,74442,71375,85184,4.29,-12.61,627232,630791,-0.56,-
twse,2026,7,1513,中興電,2410391,2833330,2321409,-14.92,3.83,16434079,15873487,3.53,-
twse,2026,7,1514,亞力,894958,1177480,840237,-23.99,6.51,6270147,5472704,14.57,-
twse,2026,7,1515,力山,434596,424480,415425,2.38,4.61,2657139,2622590,1.31,-
twse,2026,7,1516,川飛,7546,11413,4721,-33.88,59.83,62332,45243,37.77,客戶需求增加
twse,2026,7,1517,利奇,196093,189428,143830,3.51,36.33,1184454,1200921,-1.37,-
twse,2026,7,1519,華城,2049883,1729751,2235813,18.5,-8.31,12262069,12730462,-3.67,-
twse,2026,7,1521,大億,301739,320973,318508,-5.99,-5.26,2305242,2069398,11.39,-
twse,2026,7,1522,堤維西,2356530,2320836,2228883,1.53,5.72,15699759,11460206,36.99,-
twse,2026,7,1524,耿鼎,226339,176279,203569,28.39,11.18,1372773,1490769,-7.91,-
twse,2026,7,1525,江申,125585,126005,106015,-0.33,18.45,759770,676624,12.28,-
twse,2026,7,1526,日馳,60672,61113,71228,-0.72,-14.82,390486,480221,-18.68,-
twse,2026,7,1527,鑽全,281887,260526,295508,8.19,-4.6,1614546,1852765,-12.85,-
twse,2026,7,1528,恩德,317995,274993,265742,15.63,19.66,1787906,1589471,12.48,-
twse,2026,7,1529,樂事綠能,44186,37321,106729,18.39,-58.59,485133,582255,-16.68,"本月因無台電亭置式變壓器交貨,故較去年本月減幅大"
twse,2026,7,1530,亞崴,238923,167572,186569,42.57,28.06,1151286,1222872,-5.85,-
twse,2026,7,1531,高林股,140170,176746,138008,-20.69,1.56,921432,937634,-1.72,-
twse,2026,7,1532,勤美,1245914,1305359,994227,-4.55,25.31,8160651,7076399,15.32,-
twse,2026,7,1533,車王電,385966,458717,301044,-15.85,28.2,3092728,2030457,52.31,"本年度累計營收較去年同期增加約1,062,271仟元，主要係電動巴士營收增加約11.90億所致"
twse,2026,7,1535,中宇,672022,798088,1073688,-15.79,-37.4,4859156,6613141,-26.52,-
twse,2026,7,1536,和大,439713,366996,401230,19.81,9.59,2794930,2766515,1.02,-
twse,2026,7,1537,廣隆,606200,570579,566123,6.24,7.07,4043764,3980168,1.59,-
twse,2026,7,1538,正峰,3385,10936,13820,-69.04,-75.5,37811,74721,-49.39,終端市場需求持續轉弱，客戶下單態度轉為審慎及部份客戶庫存水位偏高，持續進行庫存去化與調整作業
twse,2026,7,1539,巨庭,115130,100767,123095,14.25,-6.47,668722,846242,-20.97,-
twse,2026,7,1540,喬福,20417,30666,34730,-33.42,-41.21,222272,325089,-31.62,大陸巿場衰退
twse,2026,7,1541,錩泰,222307,187639,337344,18.47,-34.1,1424388,2280581,-37.54,-
twse,2026,7,1558,伸興,936760,777552,748666,20.47,25.12,5155027,4972988,3.66,-
twse,2026,7,1560,中砂,886323,832959,700303,6.4,26.56,5672178,4590522,23.56,-
twse,2026,7,1563,巧新,650057,749164,580762,-13.22,11.93,4501785,4213835,6.83,-
tpex,2026,7,1565,精華,303353,301680,337779,0.55,-10.19,2083713,2506279,-16.86,-
twse,2026,7,1568,倉佑,94387,101779,79855,-7.26,18.19,649562,621821,4.46,-
tpex,2026,7,1569,濱川,207224,248282,241532,-16.53,-14.2,1832219,1930493,-5.09,-
tpex,2026,7,1570,力肯,37664,55651,54899,-32.32,-31.39,325820,336068,-3.04,-
tpex,2026,7,1580,新麥,440522,393900,426841,11.83,3.2,2705330,2765521,-2.17,-
twse,2026,7,1582,信錦,868532,624512,709152,39.07,22.47,4990204,5106450,-2.27,-
twse,2026,7,1583,程泰,441308,382226,356086,15.45,23.93,2417968,2235817,8.14,-
tpex,2026,7,1584,精剛,195477,194678,205623,0.41,-4.93,1279933,1545592,-17.18,-
tpex,2026,7,1586,和勤,219209,216845,189151,1.09,15.89,1388654,1289969,7.65,-
twse,2026,7,1587,吉茂,237679,185923,239559,27.83,-0.78,1590023,1438322,10.54,-
twse,2026,7,1589,永冠-KY,728061,720239,712038,1.08,2.25,4707677,4462363,5.49,-
twse,2026,7,1590,亞德客-KY,3994281,3912577,2649095,2.08,50.77,26172168,19697987,32.86,本月營業收入換算匯率為4.7520020；本年累計營業收入換算匯率為4.6302622。
tpex,2026,7,1591,駿吉-KY,42489,36786,25777,15.5,64.83,295663,74725,295.66,本期銷售數量增加所致
tpex,2026,7,1593,祺驊,122407,115466,107867,6.01,13.47,769009,691432,11.21,-
tpex,2026,7,1595,川寶,111520,97936,19634,13.87,467.99,523477,413645,26.55,主係本月設備出貨增加所致
twse,2026,7,1597,直得,136585,131807,92443,3.62,47.75,894243,617428,44.83,-
twse,2026,7,1598,岱宇,477072,420998,450913,13.31,5.8,3389002,3616187,-6.28,-
tpex,2026,7,1599,宏佳騰,249147,132127,117829,88.56,111.44,1322296,1121494,17.9,市場需求提升客戶增加拉貨所致
twse,2026,7,1603,華電,504831,483897,491968,4.32,2.61,3313185,3342688,-0.88,-
twse,2026,7,1604,聲寶,800422,828708,720933,-3.41,11.02,5596222,5612982,-0.29,-
twse,2026,7,1605,華新,15713997,16719950,14274827,-6.01,10.08,106481838,105446135,0.98,-
twse,2026,7,1608,華榮,1267960,1102958,888754,14.95,42.66,7985424,6689227,19.37,-
twse,2026,7,1609,大亞,2905704,3369481,2605220,-13.76,11.53,20928260,17748989,17.91,-
twse,2026,7,1611,中電,88821,83645,90240,6.18,-1.57,597620,653444,-8.54,-
twse,2026,7,1612,宏泰,746815,717168,695123,4.13,7.43,4718567,4721901,-0.07,-
twse,2026,7,1614,三洋電,511916,461010,474252,11.04,7.94,3162275,3360647,-5.9,-
twse,2026,7,1615,大山,494555,633108,443485,-21.88,11.51,3422879,3307842,3.47,-
twse,2026,7,1616,億泰,532980,572015,511929,-6.82,4.11,3322349,3051248,8.88,-
twse,2026,7,1617,榮星,419782,376197,299036,11.58,40.37,2441171,1902914,28.28,-
twse,2026,7,1618,合機,670446,323809,233579,107.04,187.03,2960881,2885946,2.59,115年7月超高壓線及其相關附屬器材與高壓線出貨量較去年同期增加。
twse,2026,7,1623,大東電,619085,602591,540606,2.73,14.51,3917253,3779216,3.65,-
twse,2026,7,1626,艾美特-KY,672217,1079582,620253,-37.73,8.37,5558068,5693641,-2.38,-
twse,2026,7,1702,南僑,1864175,1874328,1704755,-0.54,9.35,13408320,13331304,0.57,-
twse,2026,7,1707,葡萄王,716707,819639,755035,-12.55,-5.07,5408332,5576338,-3.01,-
twse,2026,7,1708,東鹼,639793,519370,513249,23.18,24.65,3948212,3480471,13.43,-
twse,2026,7,1709,和益,1130202,1030724,616618,9.65,83.29,6243291,5433638,14.9,因原料成本上漲，調高產品售價所致。
twse,2026,7,1710,東聯,2249785,1513960,1720409,48.6,30.77,12826934,13670021,-6.16,無
twse,2026,7,1711,永光,781404,690754,621609,13.12,25.7,4958416,4549582,8.98,-
twse,2026,7,1712,興農,1571098,1716087,1292618,-8.44,21.54,11740107,11154333,5.25,-
twse,2026,7,1713,國化,33259,26893,35405,23.67,-6.06,259700,246193,5.48,-
twse,2026,7,1714,和桐,3330687,3074967,1877684,8.31,77.38,20347302,12620503,61.22,115年7月營收較去年同期增加達50%以上，主係產品銷量、售價皆較去年同期增加。
twse,2026,7,1717,長興,4092959,3831479,3304430,6.82,23.86,26261809,23769815,10.48,-
twse,2026,7,1718,中纖,4902256,4113665,4409611,19.17,11.17,28661443,27803708,3.08,本月份自結異業別合併營收資訊，未經會計師簽證或核閱。
twse,2026,7,1720,生達,597173,615012,561502,-2.9,6.35,4121661,4029267,2.29,-
twse,2026,7,1721,三晃,99976,141052,176838,-29.12,-43.46,906380,1066880,-15.04,-
twse,2026,7,1722,台肥,986349,815569,898712,20.93,9.75,7736290,7241664,6.83,-
twse,2026,7,1723,中碳,683318,674339,467445,1.33,46.18,4003451,3590526,11.5,-
twse,2026,7,1725,元禎,856636,586499,699940,46.05,22.38,5467504,4982092,9.74,-
twse,2026,7,1726,永記,844085,746600,756644,13.05,11.55,6019627,5772961,4.27,-
twse,2026,7,1727,中華化,235237,224411,177598,4.82,32.45,1392746,1147464,21.37,-
twse,2026,7,1730,花仙子,214484,217888,182743,-1.56,17.36,1471615,1413793,4.08,-
twse,2026,7,1731,美吾華,147474,131865,129567,11.83,13.82,1001974,926556,8.13,本月美吾髮及醫藥事業部營收雙雙成長，營收較去年同期大幅成長13.82%。
twse,2026,7,1732,毛寶,50473,65934,57809,-23.44,-12.69,413835,394824,4.81,-
twse,2026,7,1733,五鼎,142568,173952,109234,-18.04,30.51,1132944,1177935,-3.81,-
twse,2026,7,1734,杏輝,283359,278642,291707,1.69,-2.86,1980494,1909526,3.71,-
twse,2026,7,1735,日勝化,213751,193755,181105,10.32,18.02,1477082,1365019,8.2,-
twse,2026,7,1736,喬山,4580338,5196509,3372928,-11.85,35.79,29639146,26288104,12.74,-
twse,2026,7,1737,臺鹽,276992,256387,263317,8.03,5.19,1835501,1939703,-5.37,-
tpex,2026,7,1742,台蠟,3653,6549,8568,-44.22,-57.36,44977,78472,-42.68,本月營收較去年同期減少，係因蠟品較去年同期減少
twse,2026,7,1752,南光,171833,155084,183908,10.79,-6.56,1240047,1305095,-4.98,-
twse,2026,7,1760,寶齡富錦,173208,132734,144883,30.49,19.55,1204335,1130188,6.56,-
twse,2026,7,1762,中化生,89767,101773,72846,-11.79,23.22,756172,609837,23.99,-
twse,2026,7,1773,勝一,1336524,1250360,1000755,6.89,33.55,7988574,6603865,20.96,-
twse,2026,7,1776,展宇,84364,73039,80102,15.5,5.32,612648,599887,2.12,-
tpex,2026,7,1777,生泰,102068,125864,113377,-18.9,-9.97,714044,753968,-5.29,-
tpex,2026,7,1780,立弘,82537,62730,72549,31.57,13.76,580936,497965,16.66,-
tpex,2026,7,1781,合世,21098,34111,44205,-38.14,-52.27,214388,235454,-8.94,本月營收較去年同期減少主要係因出貨量減少所致。
twse,2026,7,1783,和康生,63763,86139,65481,-25.97,-2.62,475644,451483,5.35,-
tpex,2026,7,1784,訊聯,121005,111064,112252,8.95,7.79,774057,707453,9.41,-
tpex,2026,7,1785,光洋科,5261124,4607657,3592864,14.18,46.43,36031113,21360263,68.68,主係業績增長所致
twse,2026,7,1786,科妍,75206,74440,75185,1.02,0.02,491554,489007,0.52,-
tpex,2026,7,1788,杏昌,362860,392788,353015,-7.61,2.78,2615656,2473570,5.74,-
twse,2026,7,1789,神隆,185365,248283,199426,-25.34,-7.05,1523578,1633312,-6.71,-
twse,2026,7,1795,美時,2491699,3398684,2397322,-26.68,3.93,19944784,11874131,67.96,主係受惠於併購NAGH後的營收挹注及出口業務成長所致
tpex,2026,7,1796,金穎生技,64643,70607,46239,-8.44,39.8,386767,380526,1.64,-
tpex,2026,7,1799,易威,67691,81254,38701,-16.69,74.9,531020,299498,77.3,因新藥/學名藥產品出貨較去年同期多，故營收成長。
twse,2026,7,1802,台玻,4581358,4207055,3566680,8.89,28.44,26881780,23534755,14.22,-
twse,2026,7,1805,寶徠,115,114,114,0.87,0.87,104152,97128,7.23,-
twse,2026,7,1806,冠軍,209074,236810,270352,-11.71,-22.66,1648236,2048765,-19.54,-
twse,2026,7,1808,潤隆,1101405,3067339,30937,-64.09,3460.15,13561773,99805,13488.27,營收變動主要係本年度完工建案已陸續過戶交屋認列房地出售收入所致。
twse,2026,7,1809,中釉,201583,202891,223694,-0.64,-9.88,1403424,1424040,-1.44,-
twse,2026,7,1810,和成,388679,391535,403664,-0.72,-3.71,2573106,2784658,-7.59,-
tpex,2026,7,1813,寶利徠,22779,21873,23283,4.14,-2.16,170525,187655,-9.12,-
tpex,2026,7,1815,富喬,854379,688976,508238,24.0,68.1,4867010,3313245,46.89,主要受惠於AI伺服器與高速傳輸需求帶動高階產品出貨比重提高，電子級玻纖布產品市場價格走高。
twse,2026,7,1817,凱撒衛,234891,228982,223281,2.58,5.19,1537066,1511485,1.69,-
twse,2026,7,1903,士紙,11204,11611,11660,-3.5,-3.91,87823,89064,-1.39,-
twse,2026,7,1904,正隆,4255688,3878071,3464887,9.73,22.82,26362913,24516215,7.53,-
twse,2026,7,1905,華紙,1519667,1517398,1497544,0.14,1.47,10600251,11064249,-4.19,-
twse,2026,7,1906,寶隆,337926,286819,167121,17.81,102.2,1919258,1766425,8.65,代理銷售工業用紙之噸數增加
twse,2026,7,1907,永豐餘,6450570,6602187,6012768,-2.29,7.28,44310162,42261784,4.84,-
twse,2026,7,1909,榮成,4324449,4709421,3594033,-8.17,20.32,28534973,25057765,13.87,-
twse,2026,7,2002,中鋼,29719695,27994106,24391344,6.16,21.84,197722404,192658272,2.62,-
twse,2026,7,2006,東和鋼鐵,5196912,5474143,4563042,-5.06,13.89,35093266,34854686,0.68,-
twse,2026,7,2007,燁興,457987,367842,418053,24.5,9.55,2721954,3504035,-22.31,-
twse,2026,7,2008,高興昌,159159,164518,153496,-3.25,3.68,980815,1148567,-14.6,-
twse,2026,7,2009,第一銅,345877,307040,284879,12.64,21.41,2036749,1686661,20.75,-
twse,2026,7,2010,春源,2093876,2154426,2113955,-2.81,-0.94,14959798,14126558,5.89,-
twse,2026,7,2012,春雨,647377,623323,661631,3.85,-2.15,4416161,4996549,-11.61,-
twse,2026,7,2013,中鋼構,1757640,1479472,1582338,18.8,11.07,11401380,12500388,-8.79,-
twse,2026,7,2014,中鴻,1250747,1830179,1067265,-31.65,17.19,11572966,12188085,-5.04,-
twse,2026,7,2015,豐興,2472383,2498361,2344608,-1.03,5.44,16464211,18157029,-9.32,-
twse,2026,7,2017,官田鋼,180742,249737,226800,-27.62,-20.3,1589715,1648024,-3.53,-
twse,2026,7,2020,美亞,284045,311582,752843,-8.83,-62.27,2332414,2890818,-19.31,1.去年7月認列營建收入3.39億元，本年7月無認列營建收入。2.本年7月鋼鐵營業收入較去年7月減少1.35億元。
twse,2026,7,2022,聚亨,903166,777747,757450,16.12,19.23,7128937,4997453,42.65,-
twse,2026,7,2023,燁輝,5722528,5315284,5156077,7.66,10.98,39412611,41799502,-5.71,-
twse,2026,7,2024,志聯,100086,98259,82947,1.85,20.66,610481,589726,3.51,-
twse,2026,7,2025,千興,112761,85486,37490,31.9,200.77,1015559,414964,144.73,本月及本年營收較去年同期增加，係因鎳價上漲帶動不銹鋼售價提高，另一因素為去年基期較低，造成增加數大幅成長。
twse,2026,7,2027,大成鋼,12618274,11907806,8635750,5.96,46.11,79814159,60211977,32.55,-
twse,2026,7,2028,威致,665890,776510,590147,-14.24,12.83,5407384,5168407,4.62,-
twse,2026,7,2029,盛餘,1022366,1237439,784897,-17.38,30.25,7735967,8235523,-6.06,-
twse,2026,7,2030,彰源,1078093,986869,763551,9.24,41.19,6902801,5963695,15.74,-
twse,2026,7,2031,新光鋼,1765571,1566966,1283407,12.67,37.56,11176541,10928019,2.27,-
twse,2026,7,2032,新鋼,263658,280939,261187,-6.15,0.94,1929201,1782112,8.25,-
twse,2026,7,2033,佳大,53100,47205,63574,12.48,-16.47,397118,425492,-6.66,-
twse,2026,7,2034,允強,1354182,1224695,958911,10.57,41.22,7647337,7918750,-3.42,-
tpex,2026,7,2035,唐榮公司,880207,705520,743150,24.76,18.44,6171941,5879117,4.98,-
twse,2026,7,2038,海光,608290,614558,617143,-1.01,-1.43,4592248,5612267,-18.17,-
twse,2026,7,2049,上銀,2681646,2554057,2002143,4.99,33.93,16569342,13766414,20.36,-
twse,2026,7,2059,川湖,6407256,4442581,1406573,44.22,355.52,22687022,9589506,136.58,新產品開始出貨，導致年對年營收增幅較大。
tpex,2026,7,2061,風青,126081,121620,89234,3.66,41.29,798666,689284,15.86,-
twse,2026,7,2062,橋椿,564590,642373,526801,-12.1,7.17,4051332,3568166,13.54,-
tpex,2026,7,2063,世鎧精密,88303,71827,107546,22.93,-17.89,548032,592483,-7.5,-
tpex,2026,7,2064,晉椿,143500,133386,121155,7.58,18.44,1038336,866504,19.83,-
tpex,2026,7,2065,世豐,240139,179113,167592,34.07,43.28,1332605,1230403,8.3,-
tpex,2026,7,2066,世德,211148,256676,192114,-17.73,9.9,1683051,1554454,8.27,-
tpex,2026,7,2067,嘉鋼,75520,80127,77333,-5.74,-2.34,540400,601417,-10.14,-
twse,2026,7,2069,運錩,796947,921026,828813,-13.47,-3.84,5796021,6155778,-5.84,-
tpex,2026,7,2070,精湛,106258,67296,60452,57.89,75.77,451756,357210,26.46,本月外銷高階機台訂單出貨
twse,2026,7,2072,世紀風電,1571712,1718369,764252,-8.53,105.65,10417996,6180662,68.55,本月營收較去年本月增加，主要係因本月承接工程案件依進度認列收入較高所致
tpex,2026,7,2073,雄順,147018,102918,42265,42.84,247.84,526605,333189,58.04,主因今年第二季起開始增加購料含料自製生產銷售，使得營業收入增加。
twse,2026,7,2101,南港,1211182,3414007,846451,-64.52,43.08,14260866,5365317,165.79,本公告係屬自結數，如與公告財報有所差異請以財報為準，另本月份營建收入6億/累積營建收入100億元。
twse,2026,7,2102,泰豐,22187,19010,21641,16.71,2.52,111917,159437,-29.8,-
twse,2026,7,2103,台橡,3641846,3913317,2748063,-6.93,32.52,25853912,22253321,16.18,-
twse,2026,7,2104,國際中橡,1546688,872818,1596022,77.2,-3.09,8306606,9836229,-15.55,以上營收不包含停業部門營收:115年7月0仟元暨114年7月0仟元；115年1~7月0仟元暨114年1~7月71仟元。
twse,2026,7,2105,正新,8595349,8570989,7647117,0.28,12.39,56974756,53758698,5.98,無。
twse,2026,7,2106,建大,3237190,3109402,2524580,4.1,28.22,21445503,20313041,5.57,-
twse,2026,7,2107,厚生,122411,205165,103523,-40.33,18.24,870569,800257,8.78,-
twse,2026,7,2108,南帝,1028039,1056338,774450,-2.67,32.74,7074499,5672125,24.72,-
twse,2026,7,2109,華豐,454629,347217,365481,30.93,24.39,2733061,2746276,-0.48,-
twse,2026,7,2114,鑫永銓,142852,140477,132067,1.69,8.16,952674,881430,8.08,-
twse,2026,7,2115,六暉-KY,320318,296722,246878,7.95,29.74,2061580,1800192,14.52,-
twse,2026,7,2201,裕隆,5943538,5920500,6185961,0.38,-3.91,40457443,41995435,-3.66,-
twse,2026,7,2204,中華,2878948,3042427,2533439,-5.37,13.63,20936204,18933597,10.57,-
twse,2026,7,2206,三陽工業,5407346,5068819,5748850,6.67,-5.94,35972920,38036950,-5.42,-
twse,2026,7,2207,和泰車,30043601,28989099,25924152,3.63,15.89,187629203,165303327,13.5,-
twse,2026,7,2208,台船,1491536,1489333,1241212,0.14,20.16,11079972,15079037,-26.52,-
twse,2026,7,2211,長榮鋼,1458678,1636457,1054731,-10.86,38.29,9126174,8566325,6.53,-
tpex,2026,7,2221,大甲,139767,149053,100893,-6.22,38.52,946927,777877,21.73,-
twse,2026,7,2227,裕日車,1228457,1236595,1198539,-0.65,2.49,7944814,9421614,-15.67,-
twse,2026,7,2228,劍麟,432522,409173,434886,5.7,-0.54,2874855,2954281,-2.68,營業收入係以合併營業收入申報
tpex,2026,7,2230,泰茂,133854,101206,112038,32.25,19.47,1279560,871787,46.77,-
twse,2026,7,2231,為升,248852,233407,286576,6.61,-13.16,1733460,1992451,-12.99,-
twse,2026,7,2233,宇隆,281958,284710,282308,-0.96,-0.12,1977522,1997650,-1.0,-
tpex,2026,7,2235,謚源,29036,39950,50704,-27.31,-42.73,319447,328698,-2.81,-
twse,2026,7,2236,百達-KY,1238220,927824,751624,33.45,64.73,6917937,5326036,29.88,主係AI數據中心儲存需求大增及客戶推出高存量HDD新產品，致使整體銷售金額成長
twse,2026,7,2237,華德動能-創,250888,310668,144727,-19.24,73.35,2089043,902020,131.59,本月銷售電動巴士27輛及維修收入
twse,2026,7,2239,英利-KY,1326447,1250670,1670834,6.05,-20.61,9631861,11061625,-12.92,-
twse,2026,7,2241,艾姆勒,80051,96393,56352,-16.95,42.05,551514,376941,46.31,-
twse,2026,7,2243,宏旭-KY,108679,228251,118860,-52.38,-8.56,1078851,856924,25.89,本月認列合約收入金額較去年同期減少
twse,2026,7,2247,汎德永業,4128800,4101099,4185655,0.67,-1.35,24753773,32074631,-22.82,-
twse,2026,7,2248,華勝-KY,232376,307728,145803,-24.48,59.37,1564508,1046583,49.48,本年累計增減百分比達50%以上，係受惠於本公司客戶新車型上市熱銷所致
twse,2026,7,2250,IKKA-KY,285419,260427,288703,9.59,-1.13,1858662,2005944,-7.34,-
twse,2026,7,2254,巨鎧精密-創,3224,3488,30229,-7.56,-89.33,65792,349209,-81.15,本⽉營收較去年同期營收減少，係因客⼾訂單減少所致。
twse,2026,7,2258,鴻華先進-創,597565,454732,280160,31.41,113.29,2902532,3220144,-9.86,本月乘用車較去年本月上升，乘用車及電動巴士陸續交車。
twse,2026,7,2301,光寶科,19005536,18655552,13811634,1.87,37.6,115117861,90651241,26.98,-
twse,2026,7,2302,麗正,122214,99738,67461,22.53,81.16,622972,477497,30.46,系訂單需求增加
twse,2026,7,2303,聯電,23844045,23124962,20040049,3.1,18.98,153614609,136656663,12.4,-
twse,2026,7,2305,全友,178558,149910,59960,19.11,197.79,811020,412069,96.81,"受惠於AI及大數據發展,光電子設備需求強勁"
twse,2026,7,2308,台達電,67073192,65602611,45397038,2.24,47.74,409681924,288351530,42.07,-
twse,2026,7,2312,金寶,16022648,14855388,10736873,7.85,49.23,90988800,89894359,1.21,-
twse,2026,7,2313,華通,6955176,6915025,5995419,0.58,16.0,46495206,40925791,13.6,-
twse,2026,7,2314,台揚,78392,140280,115681,-44.11,-32.23,906958,684633,32.47,-
twse,2026,7,2316,楠梓電,510275,320550,292536,59.18,74.43,2664539,1937519,37.52,係因終端客戶需求增加，使得營收增加。
twse,2026,7,2317,鴻海,946512543,821762936,613864601,15.18,54.18,5589373251,4053385041,37.89,主要受惠於伺服器產品需求提升及出貨成長所致
twse,2026,7,2321,東訊,63646,80209,58678,-20.64,8.46,435794,429159,1.54,-
twse,2026,7,2323,中環,644798,638861,626765,0.92,2.87,4600370,4035347,14.0,無
twse,2026,7,2324,仁寶,81005761,95853605,58591225,-15.49,38.25,520603973,438132361,18.82,無
twse,2026,7,2327,國巨*,16131188,15359009,10646791,5.02,51.51,98753163,74521874,32.51,主要係因客戶需求強勁
twse,2026,7,2328,廣宇,2049542,1958965,1761212,4.62,16.37,11679274,13213853,-11.61,-
twse,2026,7,2329,華泰,1790428,1822186,1758002,-1.74,1.84,12127122,11099366,9.25,-
twse,2026,7,2330,台積電,467580548,442679969,323165707,5.62,44.68,2872064238,2096211240,37.01,-
twse,2026,7,2331,精英,1554400,2269289,1795537,-31.5,-13.42,12306650,10724884,14.74,-
twse,2026,7,2332,友訊,1155984,1292542,1104203,-10.56,4.68,8283345,7591531,9.11,-
twse,2026,7,2337,旺宏,7724730,6956348,2754115,11.04,180.47,37318122,15690833,137.83,受市場需求增加影響。
twse,2026,7,2338,光罩,505327,508943,483955,-0.71,4.41,3557771,3701845,-3.89,-
twse,2026,7,2340,台亞,394291,483128,385892,-18.38,2.17,2557802,2503507,2.16,-
twse,2026,7,2342,茂矽,183537,176335,165044,4.08,11.2,1191698,1242506,-4.08,-
twse,2026,7,2344,華邦電,26773179,20596799,6837785,29.98,291.54,124869508,47848359,160.96,受市場供需影響。
twse,2026,7,2345,智邦,39472637,39554529,22990663,-0.2,71.68,205131072,126346022,62.35,客戶需求增加
twse,2026,7,2347,聯強,72339062,76417552,31884386,-5.33,126.87,399706662,216601613,84.53,本月營收較去年同期增加127%，主係受惠於AI建置熱潮帶動資料中心相關產品市場需求所致；另自結數前期調整列入累計營收
twse,2026,7,2348,海悅,2077742,1498327,191985,38.67,982.24,5194008,3442466,50.88,本月及本年度增減百分比達50％以上，係因本期認列新知段及後壁田段等建案營建收入
twse,2026,7,2349,錸德,735585,644873,821390,14.06,-10.44,4491260,4794115,-6.31,-
twse,2026,7,2351,順德,1328046,1213743,862342,9.41,54.0,7688847,5983197,28.5,主係客戶應用於AI領域之電源管理需求強勁，車用領域所需之導線架亦逐步復甦，客戶之拉貨動能提升。
twse,2026,7,2352,佳世達,18193769,18670885,17472081,-2.55,4.13,122465515,120683046,1.47,-
twse,2026,7,2353,宏碁,26903988,27818445,22064455,-3.28,21.93,184630682,149934452,23.14,-
twse,2026,7,2354,鴻準,21422430,15054892,15584906,42.29,37.45,77044826,86806664,-11.24,-
twse,2026,7,2355,敬鵬,1472569,1365750,1270473,7.82,15.9,9769686,9201731,6.17,-
twse,2026,7,2356,英業達,90190327,102262391,54420542,-11.8,65.72,560357927,398032267,40.78,客戶需求增加，較去年同期成長
twse,2026,7,2357,華碩,84131254,106723044,54871158,-21.16,53.32,550232967,390570631,40.87,本月增減差異說明：主要來自AI伺服器之銷售成長。
twse,2026,7,2359,所羅門,411460,580287,301829,-29.09,36.32,2758356,2555913,7.92,-
twse,2026,7,2360,致茂,5434240,4114136,1974233,32.08,175.25,30823368,15294679,101.53,訂單增長，營運動能強勁
twse,2026,7,2362,藍天,1817329,2231200,1976606,-18.54,-8.05,13288068,11727310,13.3,-
twse,2026,7,2363,矽統,404550,466594,235103,-13.29,72.07,2615631,1341157,95.02,(1)季節性影響 ; (2)115/4起新增合併個體廈門凌陽華芯科技股份有限公司營收
twse,2026,7,2364,倫飛,189703,182557,125206,3.91,51.51,1047427,891278,17.51,客戶專案出貨增加，致本月營收較去年同期增加。
twse,2026,7,2365,昆盈,111160,79394,91239,40.01,21.83,599571,558310,7.39,-
twse,2026,7,2367,燿華,1631312,1375316,1305549,18.61,24.95,9639836,9951049,-3.12,-
twse,2026,7,2368,金像電,10014527,8255188,5645777,21.31,77.38,53674953,31520053,70.28,接單量增加
twse,2026,7,2369,菱生,641835,631125,478202,1.69,34.21,4179279,3054647,36.81,-
twse,2026,7,2371,大同,3677894,5292568,4283928,-30.5,-14.14,28179597,27835800,1.23,-
twse,2026,7,2373,震旦行,931455,884597,965491,5.29,-3.52,6053954,6217717,-2.63,-
twse,2026,7,2374,佳能,1159684,1048813,706647,10.57,64.11,6951476,4532823,53.35,今年較去年同期及累計成長超過50%，主係影像視覺產品、光學相關模組及因客戶專案出貨轉趨穩健。
twse,2026,7,2375,凱美,621019,543117,450284,14.34,37.91,3630476,3221022,12.71,-
twse,2026,7,2376,技嘉,44213037,42892460,27690083,3.07,59.67,293482242,195704810,49.96,AI訂單需求暢旺
twse,2026,7,2377,微星,19342388,17755864,19346145,8.93,-0.01,125511947,134203127,-6.47,-
twse,2026,7,2379,瑞昱,12895149,12310586,9729539,4.74,32.53,86870918,76666298,13.31,-
twse,2026,7,2380,虹光,199374,222021,225816,-10.2,-11.7,1654120,1568581,5.45,-
twse,2026,7,2382,廣達,366274080,385190820,158342022,-4.91,131.31,2212087847,1148135664,92.66,產品組合變更
twse,2026,7,2383,台光電,19206698,17732956,8372495,8.31,129.4,99549142,52560257,89.4,受惠於AI伺服器成長力道
twse,2026,7,2385,群光,7056988,7888735,8041213,-10.54,-12.23,52316466,55816772,-6.27,-
twse,2026,7,2387,精元,1246972,1404511,1710880,-11.21,-27.11,9704204,11096489,-12.54,-
twse,2026,7,2388,威盛,1135921,1248016,792725,-8.98,43.29,6743272,4969690,35.68,-
twse,2026,7,2390,云辰,60061,59823,56295,0.39,6.68,383013,408420,-6.22,-
twse,2026,7,2392,正崴,8941317,5498589,6733663,62.61,32.78,46993872,49487254,-5.03,-
twse,2026,7,2393,億光,1974254,1830701,1681086,7.84,17.43,12370577,11759257,5.19,-
twse,2026,7,2395,研華,11272216,10122989,6009344,11.35,87.57,57783770,41196386,40.26,客戶端積極下單，專案需求與出貨暢旺，帶動整體營收大幅成長。
twse,2026,7,2397,友通,1284852,1284742,849362,0.0,51.27,8023227,6212035,29.15,本月營收較去年同期變動達51.27%，係因客戶需求增加使營收成長。
twse,2026,7,2399,映泰,192758,158673,174088,21.48,10.72,1155969,1124949,2.75,-
twse,2026,7,2401,凌陽,745822,734090,542062,1.59,37.58,4628095,3789869,22.11,-
twse,2026,7,2402,毅嘉,1166674,1134829,940752,2.8,24.01,7247936,6179853,17.28,-
twse,2026,7,2404,漢唐,9945328,8743401,6072706,13.74,63.77,56301870,32375413,73.9,"營收較去年同期增加50%以上,係因本月正在投入進行的專案較去年同期增加所致。"
twse,2026,7,2405,輔信,165225,164735,135488,0.29,21.94,1066771,974552,9.46,-
twse,2026,7,2406,國碩,997619,805136,600512,23.9,66.12,6540589,2974423,119.89,主要係因子公司太陽能導電漿產品、太陽能模組及AI伺服器液冷管接件及其零組件之加工與測試服務銷量增加所致。
twse,2026,7,2408,南亞科,43867609,29388309,5352227,49.26,719.61,175503614,23066261,660.86,受市場需求成長影響。
twse,2026,7,2409,友達,20370071,24952469,20922673,-18.36,-2.64,160292620,162261293,-1.21,-
twse,2026,7,2412,中華電,19884860,21342447,19179026,-6.82,3.68,141236769,131717831,7.22,-
twse,2026,7,2413,環科,356396,332034,297509,7.33,19.79,2156964,1860746,15.91,-
twse,2026,7,2414,精技,3225267,5092378,2572976,-36.66,25.35,23558511,16481044,42.94,-
twse,2026,7,2415,錩新,221741,211964,204697,4.61,8.32,1459254,1327125,9.95,-
twse,2026,7,2417,圓剛,325100,343214,273356,-5.27,18.92,2196805,1928564,13.9,-
twse,2026,7,2419,仲琦,664742,951949,691344,-30.17,-3.84,4784122,4979825,-3.92,-
twse,2026,7,2420,新巨,237960,210736,200663,12.91,18.58,1378938,1325135,4.06,-
twse,2026,7,2421,建準,2119438,1855096,1609880,14.24,31.65,12557555,10435310,20.33,-
twse,2026,7,2423,固緯,281182,330769,239390,-14.99,17.45,1989293,1617304,23.0,-
twse,2026,7,2424,隴華,12147,29231,11830,-58.44,2.67,98637,112154,-12.05,-
twse,2026,7,2425,承啟,1909626,2408356,783915,-20.7,143.6,10890356,4931849,120.81,"1.主係為子公司營業收入增加。2.以上金額包含停業單位營業收入115年1-7月8,948,919仟元,114年1-7月3,124,389仟元"
twse,2026,7,2426,鼎元,255443,249133,187389,2.53,36.31,1492580,1458944,2.3,-
twse,2026,7,2427,三商電,384621,499795,292534,-23.04,31.47,3528422,3439064,2.59,-
twse,2026,7,2428,興勤,979022,973436,659874,0.57,48.36,5736525,4610751,24.41,-
twse,2026,7,2429,銘旺科,34749,21247,50765,63.54,-31.54,235191,252251,-6.76,-
twse,2026,7,2430,燦坤,1593343,1426134,1544773,11.72,3.14,10264476,10406410,-1.36,-
twse,2026,7,2431,聯昌,12297,13533,32515,-9.13,-62.18,133404,254763,-47.63,聯昌現為產品轉型期，持續增加驅動產品高毛利比重方向，減少低毛利機種比例。
twse,2026,7,2432,倚天酷碁-創,489165,435143,261441,12.41,87.1,2735918,1733061,57.86,本月營收及本年累計營收較去年同期增加，主係電腦週邊產品挹注成長所致。
twse,2026,7,2433,互盛電,235142,228368,230340,2.96,2.08,1602050,1577000,1.58,-
twse,2026,7,2434,統懋,3526,7508,4271,-53.03,-17.44,30310,26849,12.89,-
twse,2026,7,2436,偉詮電,403610,372126,282385,8.46,42.92,2610996,2006397,30.13,-
twse,2026,7,2438,翔耀,137900,39768,48290,246.76,185.56,429553,267065,60.84,因國軍服裝供售案營運實質改變，自115年起營收認列方式由代採購淨額利潤認列營收改為實質買賣銷售認列營收，因此較去年同期增加
twse,2026,7,2439,美律,3647858,3459919,3658294,5.43,-0.28,25056977,22793097,9.93,-
twse,2026,7,2440,太空梭,397352,403667,270430,-1.56,46.93,2600384,2057807,26.36,-
twse,2026,7,2441,超豐,1998127,1874548,1410562,6.59,41.65,12004072,9628062,24.67,-
twse,2026,7,2442,新美齊,47983,48939,14369,-1.95,233.93,3605271,725855,396.69,本年累計營收較去年同期增加，主係本期營建專案交屋認列收入增加所致。
twse,2026,7,2444,兆勁,81521,75643,86143,7.77,-5.36,515070,686582,-24.98,-
twse,2026,7,2449,京元電子,3990702,3621671,2918332,10.18,36.74,25324261,18595696,36.18,"以上不含停業部門營收:115年7月0仟元暨114年7月0仟元;115年1~7月0仟元暨114年1~7月985,800仟元。"
twse,2026,7,2450,神腦,2696323,2882213,2384781,-6.44,13.06,19930891,17254439,15.51,-
twse,2026,7,2451,創見,5195090,5068218,1274380,2.5,307.65,37638978,7487664,402.67,本月營收較去年同期增加主係市場價格上漲所致
twse,2026,7,2453,凌群,587363,639912,557821,-8.21,5.29,3967596,3739494,6.09,-
twse,2026,7,2454,聯發科,48474930,58011756,43220164,-16.43,12.15,349808051,346900972,0.83,海外子公司之營收係以當月平均匯率換算之
twse,2026,7,2455,全新,422106,325993,290875,29.48,45.11,2346789,1798625,30.47,-
twse,2026,7,2457,飛宏,870492,729950,995694,19.25,-12.57,5199700,5670049,-8.29,-
twse,2026,7,2458,義隆,878267,1059324,1011978,-17.09,-13.21,7307892,7162580,2.02,-
twse,2026,7,2459,敦吉,510199,449445,430921,13.51,18.39,3093939,2781498,11.23,-
twse,2026,7,2460,建通,432492,406806,252600,6.31,71.21,2826759,1726258,63.75,係因端子產品訂單穩定回流及特殊新型銅材業務量持續增量。
twse,2026,7,2461,光群雷,479333,448865,477685,6.78,0.34,3151021,3058882,3.01,-
twse,2026,7,2462,良得電,373007,343791,360056,8.49,3.59,2394450,2426541,-1.32,-
twse,2026,7,2464,盟立,862979,812626,532373,6.19,62.1,4896496,3897227,25.64,主要係本公司半導體自動化設備相關訂單增加所致。
twse,2026,7,2465,麗臺,1070629,937969,281096,14.14,280.87,5145502,1859436,176.72,本月及本年累計營收較去年同期分別增加280.88%及176.72%，主係受惠於全球市場之人工智能應用相關產品需求所致。
twse,2026,7,2466,冠西電,194036,119211,215166,62.76,-9.82,589435,662546,-11.03,-
twse,2026,7,2467,志聖,1167511,869119,501669,34.33,132.72,6211561,3320822,87.04,係因客戶需求提升，以致115年7月單月營收成長率較去年同期增加132.73%；115年累計營收成長率較去年同期增加87.05%。
twse,2026,7,2468,華經,174485,298468,150816,-41.53,15.69,1465454,1593885,-8.05,-
twse,2026,7,2471,資通,84322,89019,79054,-5.27,6.66,559181,517594,8.03,-
twse,2026,7,2472,立隆電,1327811,1276360,974676,4.03,36.23,7952901,6580878,20.84,-
twse,2026,7,2474,可成,1056467,804738,1607762,31.28,-34.28,7511616,11042384,-31.97,-
twse,2026,7,2476,鉅祥,970526,915039,628580,6.06,54.39,5705204,4086527,39.61,客戶需求上升，銷售量增加
twse,2026,7,2477,美隆電,302621,251013,225649,20.55,34.11,1386782,1401168,-1.02,-
twse,2026,7,2478,大毅,660883,624098,448100,5.89,47.48,3786266,3159404,19.84,-
twse,2026,7,2480,敦陽科,813206,966718,664605,-15.87,22.35,5696091,4912074,15.96,-
twse,2026,7,2481,強茂,1447660,1388856,1105266,4.23,30.97,8824383,7577026,16.46,-
twse,2026,7,2482,連宇,38134,47535,52308,-19.77,-27.09,271665,305374,-11.03,-
twse,2026,7,2483,百容,201159,197699,146629,1.75,37.18,1247232,1037248,20.24,-
twse,2026,7,2484,希華,235587,207294,219967,13.64,7.1,1449920,1467315,-1.18,-
twse,2026,7,2485,兆赫,311758,274653,133593,13.5,133.36,2266516,1207521,87.69,因客戶端產品驗證通過，正式進入量產與備貨階段，帶動出貨量顯著提升，致使本月營收較去年同期大幅成長。
twse,2026,7,2486,一詮,739794,701021,519097,5.53,42.51,4422714,3467951,27.53,-
twse,2026,7,2488,漢平,377191,356840,238462,5.7,58.17,1920467,1536501,24.98,本月營收較去年同期增加主要係因訂單量增加所致。
twse,2026,7,2489,瑞軒,2690629,2509581,2034613,7.21,32.24,15870242,13738920,15.51,-
twse,2026,7,2491,吉祥全,16284,14925,15283,9.1,6.54,97901,103165,-5.1,-
twse,2026,7,2492,華新科,4443982,3960936,3130662,12.19,41.95,25372434,21382145,18.66,-
twse,2026,7,2493,揚博,397828,406283,315914,-2.08,25.92,2413632,2157526,11.87,-
twse,2026,7,2495,普安,149804,131722,91212,13.72,64.23,928808,634288,46.43,主係客戶訂單需求增加及配合客戶排程出貨所致。
twse,2026,7,2496,卓越,72277,61315,74296,17.87,-2.71,487851,478750,1.9,-
twse,2026,7,2497,怡利電,534152,510144,458324,4.7,16.54,3109485,2587799,20.15,-
twse,2026,7,2498,宏達電,178710,292394,147448,-38.88,21.2,1445538,1550772,-6.78,-
twse,2026,7,2501,國建,2481445,1211334,1129606,104.85,119.67,16917555,12502867,35.3,本月交屋入帳增加
twse,2026,7,2504,國產,1752096,1493941,1837947,17.28,-4.67,12001532,13080601,-8.24,-
twse,2026,7,2505,國揚,257522,120034,761582,114.54,-66.18,854681,1896235,-54.92,"本年度營建收入850,888仟元，租賃收入3,793仟元。"
twse,2026,7,2506,太設,89279,146675,207924,-39.13,-57.06,897114,742671,20.79,本月交屋較去年同月少
twse,2026,7,2509,全坤建,1074517,20943,20197,5030.67,5220.18,1201139,152739,686.39,"本月營收及累計營收較去年同期增加,主要係完工認列全坤X101案售屋收入所致."
twse,2026,7,2511,太子,661057,1179723,785216,-43.96,-15.81,5330592,4615488,15.49,-
twse,2026,7,2514,龍邦,1536521,1586845,1858525,-3.17,-17.32,12075388,11973874,0.84,-
twse,2026,7,2515,中工,1547226,1531887,1764071,1.0,-12.29,14510914,11574167,25.37,-
twse,2026,7,2516,新建,707012,727606,763775,-2.83,-7.43,4386262,5560101,-21.11,-
twse,2026,7,2520,冠德,1761630,3398502,1843888,-48.16,-4.46,14987258,11909981,25.83,-
twse,2026,7,2524,京城,492010,240696,150833,104.41,226.19,1800527,2920408,-38.34,因京城及馥之森大坪數個案銷售入帳，致使本月營收年成長率較高。
twse,2026,7,2527,宏璟,166277,132649,127427,25.35,30.48,4940558,308736,1500.25,本年累計營收較去年同期高，主要係因今年有大型工案認列收入所致。
twse,2026,7,2528,皇普,1365498,807387,2045022,69.12,-33.22,3034264,7326834,-58.58,"係115年7月認列皇普LaVie案1,335,317仟元、皇普雲鼎案29,888仟元及租賃收入293仟元所致。"
twse,2026,7,2530,華建,842,835,1978557,0.83,-99.95,209681,5617154,-96.26,"本年度出售房地收入較去年度減少5,407,505仟元,本年度租金收入較去年度同期增加32仟元."
twse,2026,7,2534,宏盛,133490,146136,127516,-8.65,4.68,639991,4217093,-84.82,累計至本期成屋銷售情形較去年同期減少
twse,2026,7,2535,達欣工,2404520,2217213,1993357,8.44,20.62,15822607,12963767,22.05,-
twse,2026,7,2536,宏普,14869,15320,303682,-2.94,-95.1,5005720,3982129,25.7,本期認列租金收入。
twse,2026,7,2537,聯上發,57492,152161,66166,-62.21,-13.1,1522440,498973,205.11,本月營收較去年減少，係去年同期認列台北市房地出售收入較高所致。
twse,2026,7,2538,基泰,21827,23281,19184,-6.24,13.77,177987,162902,9.26,-
twse,2026,7,2539,櫻花建,527905,1055792,624290,-49.99,-15.43,9078182,7599066,19.46,無異常。本月有「櫻花昕光之櫻」建案陸續過戶中。
twse,2026,7,2540,愛山林,1092561,948355,1020778,15.2,7.03,4835708,7723671,-37.39,-
twse,2026,7,2542,興富發,4808113,5160129,1621145,-6.82,196.58,38044966,7544402,404.28,本期較去年同期增加，係本期認列「青山440」、「福山案」、「復興北」、「VVS1」、「市政愛悦」等新建案收入所致。
twse,2026,7,2543,皇昌,1766665,1954215,911475,-9.59,93.82,9510258,5913587,60.82,新承攬工程進入施工期，致本期營收較去年同期增加。
twse,2026,7,2545,皇翔,1193449,283447,214349,321.04,456.77,4756547,5322533,-10.63,因本期成屋銷售情形較去年同期佳所致
twse,2026,7,2546,根基,1854655,2898583,1757700,-36.01,5.51,13109098,11038903,18.75,-
twse,2026,7,2547,日勝生,1221328,1163144,484168,5.0,152.25,5090250,3178298,60.15,本月及本年度增加除工案工進增加外，主係建案完工陸續交屋所致。
twse,2026,7,2548,華固,74491,224640,832015,-66.83,-91.04,5781972,2860019,102.16,本公司截至07月累計營收較去年同期增加，係因本年度認列交屋金額較高所致。
tpex,2026,7,2596,綠意,146580,192060,23069,-23.68,535.39,896687,854307,4.96,本公司「綠意領航1號」建案完工、陸續交屋中，故本年單月營業收入淨額較去年同期增加。
twse,2026,7,2597,潤弘,2790679,3106651,2706063,-10.17,3.12,18902111,16680909,13.31,-
twse,2026,7,2601,益航,146573,147242,314051,-0.45,-53.32,1121383,2480335,-54.78,本期營收減少，係原合併報表子公司改採權益法認列，其營收不再納入合併報表所致。
twse,2026,7,2603,長榮,48079100,39141253,33605171,22.83,43.07,239751554,230059729,4.21,-
twse,2026,7,2605,新興,478915,486412,351450,-1.54,36.26,3183655,2356104,35.12,-
twse,2026,7,2606,裕民,1764365,1714892,1396539,2.88,26.33,10669645,8447327,26.3,-
twse,2026,7,2607,榮運,2024250,1846632,1439680,9.61,40.6,11068394,10267178,7.8,-
twse,2026,7,2608,嘉里大榮,1116135,1052151,1141445,6.08,-2.21,7327710,7460619,-1.78,-
twse,2026,7,2609,陽明,20836075,16591195,15484403,25.58,34.56,105419574,99657828,5.78,-
twse,2026,7,2610,華航,22234995,21761004,17740055,2.17,25.33,143037819,121802362,17.43,-
twse,2026,7,2611,志信,49501,86055,53148,-42.47,-6.86,673240,392143,71.68,本期建案完工交屋，故營收增加。
twse,2026,7,2612,中航,480742,447497,406391,7.42,18.29,3059941,2844152,7.58,-
twse,2026,7,2613,中櫃,309190,311833,290849,-0.84,6.3,2054850,1932150,6.35,-
twse,2026,7,2614,東森,463540,456582,447636,1.52,3.55,3008396,3111967,-3.32,-
twse,2026,7,2615,萬海,18639594,16165884,12415675,15.3,50.12,95180956,84358576,12.82,運價較去年同期上漲
twse,2026,7,2616,山隆,791533,784015,664722,0.95,19.07,5165025,4672109,10.55,-
twse,2026,7,2617,台航,454515,447651,338948,1.53,34.09,2824665,2383689,18.49,-
twse,2026,7,2618,長榮航,22453631,23472175,18492913,-4.33,21.41,150739178,128744305,17.08,-
twse,2026,7,2630,亞航,347368,328174,478525,5.84,-27.4,2442919,3122032,-21.75,-
twse,2026,7,2633,台灣高鐵,4573616,4412069,4386143,3.66,4.27,32385710,31120668,4.06,-
twse,2026,7,2634,漢翔,3196727,2843931,2664256,12.4,19.98,19979590,18342618,8.92,-
twse,2026,7,2636,台驊控股,2812690,2586500,1727180,8.74,62.84,14234569,12970814,9.74,運價與貨量較去年同期增加所致
twse,2026,7,2637,慧洋-KY,2097738,1877838,1342853,11.71,56.21,11770049,8675246,35.67,本月營業收入相較去年同期增加56.22%，主要係因BDI指數相較去年同期大幅成長，帶動本公司租金收入增加。
tpex,2026,7,2640,大車隊,292401,293100,252700,-0.23,15.71,1957241,1793569,9.12,-
tpex,2026,7,2641,正德,196763,183949,183340,6.96,7.32,1374031,1238995,10.89,-
twse,2026,7,2642,宅配通,259457,267852,322303,-3.13,-19.49,1853809,2274349,-18.49,-
tpex,2026,7,2643,捷迅,704464,696781,717206,1.1,-1.77,4115751,4694717,-12.33,-
twse,2026,7,2645,長榮航太,1722583,1824556,1453865,-5.58,18.48,11683437,10313018,13.28,-
twse,2026,7,2646,星宇航空,5728856,5286691,4012027,8.36,42.79,34281712,25976422,31.97,-
twse,2026,7,2701,萬企,20861,20495,23440,1.78,-11.0,149794,156329,-4.18,-
twse,2026,7,2702,華園,147632,136717,121096,7.98,21.91,886527,822335,7.8,-
twse,2026,7,2704,國賓,109890,117520,96991,-6.49,13.29,815380,779267,4.63,-
twse,2026,7,2705,六福,187880,180903,173373,3.85,8.36,1223072,1225299,-0.18,-
twse,2026,7,2706,第一店,28289,28400,28264,-0.39,0.08,206450,203825,1.28,-
twse,2026,7,2707,晶華,525069,560867,493499,-6.38,6.39,4135585,3928444,5.27,-
twse,2026,7,2712,遠雄來,68935,49651,62687,38.83,9.96,326476,299797,8.89,-
tpex,2026,7,2718,全心投控,19419,15199,487005,27.76,-96.01,249773,2292600,-89.1,配合銷售個案交屋認列收入
tpex,2026,7,2719,燦星旅,120445,103774,176312,16.06,-31.68,970043,1263182,-23.2,-
twse,2026,7,2722,夏都,72998,49155,63035,48.5,15.8,351752,350344,0.4,-
twse,2026,7,2723,美食-KY,1385948,1362808,1393232,1.69,-0.52,9646509,10842636,-11.03,-
tpex,2026,7,2724,藝舍-KY,34185,21673,12451,57.73,174.55,140403,97079,44.62,營收增加係因代銷個案銷售及裝潢收入成長所致。
tpex,2026,7,2726,雅茗-KY,47084,50104,54148,-6.02,-13.04,321120,351775,-8.71,-
twse,2026,7,2727,王品,2102895,2051945,1825583,2.48,15.19,14918978,13260338,12.5,-
tpex,2026,7,2729,瓦城,506325,531457,510978,-4.72,-0.91,3796041,3562860,6.54,-
twse,2026,7,2731,雄獅,2964348,2758075,2613937,7.47,13.4,19425403,17607379,10.32,-
tpex,2026,7,2732,六角,446855,445894,382107,0.21,16.94,3100300,2347355,32.07,-
tpex,2026,7,2734,易飛網,216192,165917,152704,30.3,41.57,1236621,954297,29.58,-
tpex,2026,7,2736,富野,44716,38038,34199,17.55,30.75,340828,300009,13.6,-
twse,2026,7,2739,寒舍,381227,457295,358734,-16.63,6.27,3072962,2956820,3.92,-
tpex,2026,7,2740,華軒,3436,3484,8800,-1.37,-60.95,33680,86435,-61.03,差異原因為門店數及商品銷售金額均較去年同期減少
tpex,2026,7,2743,山富,561704,533007,595729,5.38,-5.71,4012537,3979972,0.81,-
tpex,2026,7,2745,五福,937667,782323,750585,19.85,24.92,5987193,5151678,16.21,-
twse,2026,7,2748,雲品,169784,171358,175901,-0.91,-3.47,1482769,1423962,4.12,-
tpex,2026,7,2751,王座,179589,177705,166630,1.06,7.77,1192053,930690,28.08,-
tpex,2026,7,2752,豆府,363362,363090,349029,0.07,4.1,2553541,2308123,10.63,-
twse,2026,7,2753,八方雲集,806310,771913,730407,4.45,10.39,5402486,5015523,7.71,-
tpex,2026,7,2754,亞洲藏壽司,507276,551321,522826,-7.98,-2.97,3496678,3291330,6.23,-
tpex,2026,7,2755,揚秦,311206,297122,258798,4.74,20.25,2018138,1692309,19.25,-
tpex,2026,7,2756,聯發國際,108222,110366,109949,-1.94,-1.57,719302,612116,17.51,-
twse,2026,7,2762,世界健身-KY,988697,984612,916062,0.41,7.92,6751207,6197686,8.93,-
twse,2026,7,2801,彰銀,4787242,4815653,4469258,-0.58,7.11,30616328,27003432,13.37,-
twse,2026,7,2812,台中銀,1830179,1936605,1802030,-5.49,1.56,13604873,11405112,19.28,-
twse,2026,7,2816,旺旺保,1019441,1341206,1348240,-23.99,-24.38,9551187,8247364,15.8,-
twse,2026,7,2820,華票,313382,353317,327206,-11.3,-4.22,2553183,1753803,45.57,-
twse,2026,7,2832,台產,984968,945133,1038190,4.21,-5.12,6287787,5946615,5.73,-
twse,2026,7,2834,臺企銀,3624795,3344443,3071955,8.38,17.99,22153211,20864600,6.17,-
twse,2026,7,2836,高雄銀,575211,566136,441487,1.6,30.28,3253716,2873690,13.22,-
twse,2026,7,2838,聯邦銀,1362136,1869178,1747120,-27.12,-22.03,13233786,11231011,17.83,-
twse,2026,7,2845,遠東銀,1281112,1308624,1215130,-2.1,5.43,8544747,7412069,15.28,-
twse,2026,7,2849,安泰銀,545720,623998,491102,-12.54,11.12,3880260,3243829,19.61,-
twse,2026,7,2850,新產,2425194,2492166,2675973,-2.68,-9.37,17190059,15582759,10.31,-
twse,2026,7,2851,中再保,918369,1582747,1380099,-41.97,-33.45,14174315,6715988,111.05,營業收入淨額較去年同期增加，主係淨投資損益增加所致。
twse,2026,7,2852,第一保,919254,828451,791241,10.96,16.17,5697462,5721162,-0.41,-
twse,2026,7,2855,統一證,1689247,3222698,1412396,-47.58,19.6,19234159,5453307,252.7,今年累計營收較去年同期增加，主因今年泛自營業務操作獲利優於去年同期所致。
twse,2026,7,2867,三商壽,-2001948,6659478,11805393,-130.06,-116.95,49674716,-10157296,589.05,本月營收較去年同期減少主係淨投資損益減少，本年累積營收較去年同期增加主係淨投資損益增加所致。
twse,2026,7,2880,華南金,7755428,7496825,7284141,3.44,6.47,48483144,37187759,30.37,-
twse,2026,7,2881,富邦金,10661000,22157770,51135719,-51.88,-79.15,183074676,4075688,4391.87,本月營業收入較去年本月營業收入減少主係投資相關淨收益減少，本年累計營業收入較去年累計營業收入增加主係投資相關淨收益增加。
twse,2026,7,2882,國泰金,25135906,32306426,82981824,-22.19,-69.7,185040310,35441347,422.1,本月營業收入淨額較去年同期減少，主係投資收益減少所致；本年較去年同期增加，主係投資收益增加所致。
twse,2026,7,2883,凱基金,8510433,13403740,13390417,-36.5,-36.44,70531186,-30394075,332.05,本年累計營業收入較去年同期增加，主係投資相關淨收益增加所致。
twse,2026,7,2884,玉山金,8761315,9363120,8364381,-6.42,4.74,62596086,51486025,21.57,-
twse,2026,7,2885,元大金,17560416,19576361,9811091,-10.29,78.98,119160191,51751440,130.25,營收淨額增加係分離帳戶保險資產淨損益、保險財務收益費用、手續費及佣金淨損益、透過損益按公允價值衡量金融資產及負債損益等。
twse,2026,7,2886,兆豐金,8644030,8095929,8302761,6.77,4.11,54936585,47066202,16.72,-
twse,2026,7,2887,台新新光金,18052275,17736690,21396641,1.77,-15.63,115848733,43915680,163.79,本年度新增新光子公司
twse,2026,7,2889,國票金,1111445,1660239,957167,-33.05,16.11,8567979,4198386,104.07,本年度手續費及佣金淨收益、FVPL之金融資產及負債損益、FVOCI之金融資產及負債已實現損益及其他淨收益較去年同期增加41.58億元。
twse,2026,7,2890,永豐金,9954051,9682886,6579115,2.8,51.29,65287591,42225101,54.61,本月及本年累計營業收入較去年本月及去年累計營業收入增加，係因利息收入、手續費收入及有價證券評價利益增加所致。
twse,2026,7,2891,中信金,18046269,19828138,22121549,-8.98,-18.42,136643772,82092650,66.45,係因證券處份及評價損益較去年同期減少所致
twse,2026,7,2892,第一金,7765813,7231164,7586025,7.39,2.36,48923724,41234339,18.64,-
twse,2026,7,2897,王道銀行,1144689,1188638,975447,-3.69,17.35,7599101,5926774,28.21,-
twse,2026,7,2901,欣欣,11008,11290,10727,-2.49,2.61,77655,74980,3.56,-
twse,2026,7,2903,遠百,2417480,2323589,2458967,4.04,-1.68,18380400,18469354,-0.48,-
twse,2026,7,2904,匯僑,33514,34230,39985,-2.09,-16.18,241493,293022,-17.58,-
twse,2026,7,2905,三商,795921,15683072,14256743,-94.92,-94.41,92532269,72260802,28.05,當月較去年同期減少主係子公司人壽分離帳戶保險商品資產淨損益減少所致。
twse,2026,7,2906,高林,786740,734448,725683,7.11,8.41,5091676,5005026,1.73,-
twse,2026,7,2908,特力,2574895,2859065,3021011,-9.93,-14.76,20429392,19943312,2.43,-
twse,2026,7,2910,統領,42927,55031,42936,-21.99,-0.02,322713,300233,7.48,-
twse,2026,7,2911,麗嬰房,145172,137737,153393,5.39,-5.35,995171,1373055,-27.52,-
twse,2026,7,2912,統一超,32199895,30618898,29683217,5.16,8.47,212903284,201704234,5.55,-
twse,2026,7,2913,農林,29297,27262,33968,7.46,-13.75,250003,286525,-12.74,-
twse,2026,7,2915,潤泰全,139480,237277,171193,-41.21,-18.52,1125371,1451451,-22.46,-
tpex,2026,7,2916,滿心,113217,140969,121760,-19.68,-7.01,1118863,1106711,1.09,-
twse,2026,7,2923,鼎固-KY,638897,888017,364455,-28.05,75.3,4914379,1952126,151.74,本年營收增加主係本年新樓盤交房增加所致。
tpex,2026,7,2924,宏太-KY,2949,3311,6141,-10.93,-51.97,31688,29332,8.03,因本期子公司工程收入及嬰童用品收入較去年同期減少，而子公司累計工程收入較去年同期增加所致
tpex,2026,7,2926,誠品生活,568096,613956,573558,-7.46,-0.95,4074729,3897759,4.54,-
twse,2026,7,2929,淘帝-KY,165598,97195,113238,70.37,46.23,968857,920788,5.22,-
tpex,2026,7,2937,集雅社,472313,461896,374795,2.25,26.01,3096333,2725410,13.6,-
twse,2026,7,2939,永邑-KY,14390,19207,7006,-25.07,105.39,160741,165279,-2.74,公司拓展並引進新貿易業務，帶動整體營收成長。
tpex,2026,7,2941,米斯特,67375,72781,78452,-7.42,-14.11,532731,547153,-2.63,-
twse,2026,7,2945,三商家購,1804636,1691652,1269556,6.67,42.14,10720105,8382799,27.88,-
tpex,2026,7,2947,振宇五金,220460,204099,198818,8.01,10.88,1408672,1307820,7.71,-
tpex,2026,7,2948,寶陞,199666,196666,191266,1.52,4.39,1301108,1276577,1.92,-
tpex,2026,7,2949,欣新網,533608,655611,400910,-18.6,33.09,3685435,2967062,24.21,-
twse,2026,7,3002,歐格,84744,70027,69582,21.01,21.79,498697,396835,25.66,-
twse,2026,7,3003,健和興,657875,599370,340890,9.76,92.98,3534681,2528497,39.79,受市場供需影響。
twse,2026,7,3004,豐達科,494286,497531,322989,-0.65,53.03,3084425,2246264,37.31,主要係客戶需求增加所致
twse,2026,7,3005,神基,3623371,4253713,3119722,-14.81,16.14,24444279,22480872,8.73,-
twse,2026,7,3006,晶豪科,6784662,4845479,1147877,40.02,491.06,27997780,7339241,281.48,本期營收較前期成長係因產品市場供需因素所致
twse,2026,7,3008,大立光,4877118,3712024,5459017,31.38,-10.65,34085956,31710873,7.48,-
twse,2026,7,3010,華立,8540313,7781396,6497044,9.75,31.44,54223352,45322177,19.63,-
twse,2026,7,3011,今皓,41063,43441,54968,-5.47,-25.29,308778,479402,-35.59,-
twse,2026,7,3013,晟銘電,824611,887491,624077,-7.08,32.13,6962513,5656490,23.08,-
twse,2026,7,3014,聯陽,642451,612837,590691,4.83,8.76,4211930,4236310,-0.57,-
twse,2026,7,3015,全漢,1146761,1049787,1195369,9.23,-4.06,7431635,7915934,-6.11,-
twse,2026,7,3016,嘉晶,482058,448219,318333,7.54,51.43,2849684,2169992,31.32,受惠於市場需求暢旺與產品售價調整，帶動接單情形及整體營收較去年同期成長。
twse,2026,7,3017,奇鋐,18590152,17618119,11811435,5.51,57.39,116749062,64738895,80.33,"因客戶需求增加,使營收成長"
twse,2026,7,3018,隆銘綠能,12052,37768,50214,-68.08,-75.99,167952,318475,-47.26,去年承接工案已過施作高峰期，今年潛在工案尚在積極洽談中，故115年7月收入低於114年7月，及115年1-7月累計收入低於114年1-7月
twse,2026,7,3019,亞光,2467266,2914024,2149057,-15.33,14.8,16704643,14465640,15.47,-
twse,2026,7,3021,鴻名,258801,259683,272342,-0.33,-4.97,1733603,1781411,-2.68,-
twse,2026,7,3022,威強電,1009708,962672,580560,4.88,73.91,5091272,4016751,26.75,係因客戶出貨需求增加所致。
twse,2026,7,3023,信邦,3167179,3092706,2455710,2.4,28.97,20554001,18443628,11.44,-
twse,2026,7,3024,憶聲,113710,76732,121930,48.19,-6.74,574101,1242627,-53.79,"去年同期有建案交屋收入,本年度無交屋收入,使營收減少"
twse,2026,7,3025,星通,32084,38475,31358,-16.61,2.31,290665,210283,38.22,-
twse,2026,7,3026,禾伸堂,1500937,1378433,1095188,8.88,37.04,9216573,7769273,18.62,-
twse,2026,7,3027,盛達,88569,111056,148623,-20.24,-40.4,790943,1525146,-48.13,-
twse,2026,7,3028,增你強,7334078,5981740,3370603,22.6,117.58,44558840,22640540,96.8,主要係因記憶體產品及AI伺服器電源相關應用產品銷售額增加所致。
twse,2026,7,3029,零壹,3242008,2536904,2036721,27.79,59.17,17361286,14941481,16.19,本月營收成長主要受惠於IT基建AI化、資安韌性產品專案挹注
twse,2026,7,3030,德律,1033409,763581,747841,35.33,38.18,6421376,5066197,26.74,-
twse,2026,7,3031,佰鴻,123461,114719,85654,7.62,44.13,765931,619837,23.56,-
twse,2026,7,3032,偉訓,1123201,1004264,1142612,11.84,-1.69,6669822,5973118,11.66,-
twse,2026,7,3033,威健,14411289,14527778,8064033,-0.8,78.71,82897791,62333706,32.99,全球半導體因AI需求爆發引發結構性產能排擠，市場預期漲價，除AI零組件業務同步成長外，也帶動其他零組件拉貨潮。
twse,2026,7,3034,聯詠,10296332,10022596,8120418,2.73,26.79,62101733,61392683,1.15,-
twse,2026,7,3035,智原,1062105,1416828,965824,-25.03,9.96,6964141,12915258,-46.07,-
twse,2026,7,3036,文曄,182965655,181749400,93900316,0.66,94.85,1267932273,600828123,111.03,主要受惠於資料中心、通訊及工業應用需求成長
twse,2026,7,3037,欣興,16253637,14897030,11311474,9.1,43.69,96589910,73867051,30.76,-
twse,2026,7,3038,全台,256362,232099,261951,10.45,-2.13,1705182,1828391,-6.73,-
twse,2026,7,3040,遠見,10652,9834,9898,8.31,7.61,76435,73799,3.57,-
twse,2026,7,3041,揚智,184990,177144,49918,4.42,270.58,1007859,625790,61.05,去年受國際情勢影響代理商下單保守，今年需求回穩，營收成長。
twse,2026,7,3042,晶技,1365597,1192921,1111018,14.47,22.91,8403593,7644008,9.93,-
twse,2026,7,3043,科風,107497,90675,75437,18.55,42.49,551658,546306,0.97,-
twse,2026,7,3044,健鼎,9821875,8002054,6274073,22.74,56.54,55643504,41305276,34.71,主係因客戶訂單需求及出貨增加所致
twse,2026,7,3045,台灣大,16171068,17322389,15092708,-6.64,7.14,115381747,110731076,4.19,-
twse,2026,7,3046,建碁,950946,972062,627053,-2.17,51.65,5242866,4194347,24.99,115年7月營收較去年同期增加，主係新增大型專案業務。
twse,2026,7,3047,訊舟,244283,252308,260349,-3.18,-6.17,1786355,2492142,-28.32,-
twse,2026,7,3048,益登,13745878,12572672,8891282,9.33,54.59,86750043,64593881,34.3,受惠於AI伺服器、網通設備等市場需求攀升，帶動本月份營收較去年同期成長54.60%
twse,2026,7,3049,精金,30713,34304,105174,-10.46,-70.79,381830,788583,-51.58,本期營收較去年同期減少70.8%，自115年1月31日後全面停產。
twse,2026,7,3050,鈺德,99665,100182,97049,-0.51,2.69,681829,708853,-3.81,-
twse,2026,7,3051,力特,184034,183440,149345,0.32,23.22,1119533,1068178,4.8,-
twse,2026,7,3052,夆典,404978,247894,298079,63.36,35.86,2314625,2210898,4.69,-
twse,2026,7,3054,立萬利,35329,59252,18366,-40.37,92.36,374648,68557,446.47,主係因本期產品結構改變致銷售金額增加。
twse,2026,7,3055,蔚華科,41697,13780,15246,202.59,173.49,288204,287803,0.13,本月單月相較去年同期增加，主係代理設備及客製化設備出貨增加所致。
twse,2026,7,3056,富華新,63355,81870,57388,-22.61,10.39,589236,3635556,-83.79,營收減少係因無建案交屋
twse,2026,7,3057,喬鼎,72438,29496,47548,145.58,52.34,364920,338580,7.77,上個月遞延出貨的產品，於本月順利出貨，造成變動超過去年同期50%
twse,2026,7,3058,立德,302000,283108,235933,6.67,28.0,1937008,1841880,5.16,-
twse,2026,7,3059,華晶科,793357,795387,757641,-0.25,4.71,5173599,4833426,7.03,-
twse,2026,7,3060,銘異,385721,426584,282696,-9.57,36.44,2631348,2192961,19.99,-
twse,2026,7,3062,建漢,362278,337116,344610,7.46,5.12,2360899,2381197,-0.85,-
tpex,2026,7,3064,泰偉,6861,7198,6142,-4.68,11.7,48168,50343,-4.32,-
tpex,2026,7,3066,李洲,21483,26951,53970,-20.28,-60.19,161781,158619,1.99,本月合併營收較去年同期減少，主要係因去年同期進行半導體晶片庫存去化。
tpex,2026,7,3067,全域,4736,1365,5897,246.95,-19.68,37495,32696,14.67,-
tpex,2026,7,3071,協禧,258660,277274,188617,-6.71,37.13,1772370,1308777,35.42,-
tpex,2026,7,3073,天方能源,52881,9780,4378,440.7,1107.88,142902,34463,314.65,營收增加主要為認列新電廠之試運轉期收入。
tpex,2026,7,3078,僑威,454323,408528,900908,11.2,-49.57,3664430,6868353,-46.64,-
tpex,2026,7,3081,聯亞,501210,420507,181246,19.19,176.53,2626778,1188843,120.95,數據中心產品出貨量較同期增加
tpex,2026,7,3083,網龍,27795,36468,37102,-23.78,-25.08,214851,207107,3.73,-
tpex,2026,7,3085,新零售,5353,7141,4119,-25.03,29.95,39910,30282,31.79,-
tpex,2026,7,3086,華義*,8957,10811,15862,-17.14,-43.53,78460,95208,-17.59,-
tpex,2026,7,3088,艾訊,944420,804930,565803,17.32,66.91,5557768,3820369,45.47,月營收較去年同期成長66.92%，主要係台灣及美洲地區專案訂單出貨增加所致。
twse,2026,7,3090,日電貿,2095232,1681036,1257487,24.63,66.62,11741396,9119447,28.75,被動元件市場需求增加。
twse,2026,7,3092,鴻碩,129323,126295,126359,2.39,2.34,960525,1004051,-4.33,-
tpex,2026,7,3093,港建*,248629,194354,229150,27.92,8.5,1014490,1378380,-26.39,-
twse,2026,7,3094,聯傑,21836,24418,16526,-10.57,32.13,132730,115131,15.28,-
tpex,2026,7,3095,及成,53089,67613,55737,-21.48,-4.75,412379,349658,17.93,-
tpex,2026,7,3105,穩懋,1892049,1767694,1442357,7.03,31.17,11739377,8798558,33.42,-
tpex,2026,7,3114,好德,298699,262676,254190,13.71,17.51,1856833,1777403,4.46,-
tpex,2026,7,3115,富榮綱,339,814,233,-58.35,45.49,4286,1518,182.34,去年受限於發票開立額度，今年配合業務擴展需求向稅局申請發票增量致營收增加。
tpex,2026,7,3118,進階,65528,54725,62115,19.74,5.49,386738,410551,-5.8,-
tpex,2026,7,3122,笙泉,22289,25388,25271,-12.2,-11.8,184679,192019,-3.82,-
tpex,2026,7,3128,昇銳,62980,67750,83207,-7.04,-24.3,545637,644814,-15.38,-
twse,2026,7,3130,一零四,274714,263272,244305,4.34,12.44,1683882,1562141,7.79,-
tpex,2026,7,3131,弘塑,792895,631051,556771,25.64,42.4,4115803,3427846,20.06,-
twse,2026,7,3135,凌航,1967120,1610089,646389,22.17,204.32,13229606,3809168,247.3,市場價格上漲及需求增加。
twse,2026,7,3138,耀登,139577,141121,152849,-1.09,-8.68,984463,894886,10.0,-
tpex,2026,7,3141,晶宏,215671,186093,154490,15.89,39.6,1100853,948942,16.0,-
tpex,2026,7,3147,大綜,1565626,1754637,720023,-10.77,117.44,10421304,5180557,101.16,主要係出貨處於高峰期，致本月營收與累計營收較去年同期大幅增加。
twse,2026,7,3149,正達,213946,202533,172365,5.63,24.12,1358949,1209792,12.32,-
twse,2026,7,3150,鈺寶-創,31745,28421,30458,11.69,4.22,201515,199784,0.86,-
tpex,2026,7,3152,璟德,145418,143118,115238,1.6,26.18,904209,858071,5.37,-
tpex,2026,7,3158,嘉實,106191,114761,79921,-7.46,32.86,662569,557012,18.95,-
tpex,2026,7,3162,精確,1076152,897696,606160,19.87,77.53,5406538,4339219,24.59,訂單量增加
tpex,2026,7,3163,波若威,210064,181188,163280,15.93,28.65,1458010,1225675,18.95,-
twse,2026,7,3164,景岳,27552,37737,31640,-26.98,-12.92,220054,243263,-9.54,-
twse,2026,7,3167,大量,1146916,1040999,453557,10.17,152.87,5952343,2567841,131.8,主係因客戶需求量增加所致
twse,2026,7,3168,眾福科,368967,407461,262679,-9.44,40.46,2258532,1966346,14.85,-
tpex,2026,7,3169,亞信,91252,85649,74538,6.54,22.42,586513,559944,4.74,-
tpex,2026,7,3171,炎洲流通,218169,249523,192574,-12.56,13.29,1631226,924044,76.53,合併營收增加主係因收購新增合併個體子公司營收所致
tpex,2026,7,3176,基亞,96429,94848,115390,1.66,-16.43,642669,974589,-34.05,-
tpex,2026,7,3178,公準,135120,130587,105593,3.47,27.96,797570,751641,6.11,-
tpex,2026,7,3188,鑫龍騰,221791,239968,471765,-7.57,-52.98,2752920,778488,253.62,完工建案陸續交屋中
twse,2026,7,3189,景碩,4548833,4224069,3348367,7.68,35.85,28150053,21531837,30.73,-
tpex,2026,7,3191,雲嘉南,17086,16691,15377,2.36,11.11,106442,100663,5.74,-
tpex,2026,7,3205,佰研,31430,40794,36616,-22.95,-14.16,366669,250247,46.52,-
tpex,2026,7,3206,志豐,350691,277642,274064,26.31,27.95,1957685,2011472,-2.67,-
tpex,2026,7,3207,耀勝,150528,119790,174019,25.65,-13.49,974390,1041359,-6.43,-
twse,2026,7,3209,全科,6601728,5608271,4463546,17.71,47.9,40933448,28246478,44.91,-
tpex,2026,7,3211,順達,1228732,1268072,1016461,-3.1,20.88,8064545,6628635,21.66,-
tpex,2026,7,3213,茂訊,366207,335433,214943,9.17,70.37,2102584,1746956,20.35,"系統事業部 218,086 仟元/通路事業部 148,121 仟元"
tpex,2026,7,3217,優群,340711,324206,355425,5.09,-4.13,2236052,2332876,-4.15,-
tpex,2026,7,3218,大學光,405819,375355,340063,8.11,19.33,2622114,2486227,5.46,-
tpex,2026,7,3219,倚強科,243178,237159,206124,2.53,17.97,1380072,1024443,34.71,-
tpex,2026,7,3221,台嘉碩,250686,226134,179475,10.85,39.67,1456153,1286766,13.16,-
tpex,2026,7,3224,三顧,199422,141027,133949,41.4,48.87,1026801,892889,14.99,-
tpex,2026,7,3226,龍鋒,186791,82634,125371,126.04,48.99,821914,1093205,-24.81,-
tpex,2026,7,3227,原相,893048,820339,722713,8.86,23.56,5640666,5351449,5.4,-
tpex,2026,7,3228,金麗科,34278,34669,26871,-1.12,27.56,205915,182435,12.87,-
twse,2026,7,3229,晟鈦,144608,137338,81808,5.29,76.76,900542,560625,60.63,本月因客戶需求增加，出貨量增加
tpex,2026,7,3230,錦明,41635,32731,33190,27.2,25.44,245082,242537,1.04,-
twse,2026,7,3231,緯創,308219198,321821969,191725748,-4.22,60.76,2049964840,1089502268,88.15,主係客戶需求增加，較去年同期成長。
tpex,2026,7,3232,昱捷,92971,75124,72763,23.75,27.77,601868,562827,6.93,-
tpex,2026,7,3234,光環,96043,76706,48767,25.2,96.94,475039,408102,16.4,主要受客戶訂單需求增加影響
tpex,2026,7,3236,千如,247607,187493,182689,32.06,35.53,1408564,1160138,21.41,-
tpex,2026,7,3252,海灣,25193,35901,37533,-29.82,-32.87,281130,289368,-2.84,-
twse,2026,7,3257,虹冠電,62449,61218,100728,2.01,-38.0,364725,613253,-40.52,-
tpex,2026,7,3259,鑫創,21161,16247,19567,30.24,8.14,126327,124344,1.59,-
tpex,2026,7,3260,威剛,18379079,14661310,4261406,25.35,331.29,82650603,26945572,206.73,記憶體售價上漲
tpex,2026,7,3264,欣銓,1766652,1552011,1160261,13.82,52.26,10283721,7796555,31.9,受市場需求增加及新廠開始量產影響
tpex,2026,7,3265,台星科,421419,433842,395506,-2.86,6.55,3136800,2649950,18.37,-
twse,2026,7,3266,昇陽,177536,183708,67479,-3.35,163.09,1201652,723625,66.06,因營建收入受政策、全部完工法及建案規模不同等影響，故營收波動較大。
tpex,2026,7,3268,海德威,84243,94802,84011,-11.13,0.27,597826,566537,5.52,-
tpex,2026,7,3272,東碩,257522,323454,196722,-20.38,30.9,1655500,1727956,-4.19,-
tpex,2026,7,3276,宇環,80818,69367,45022,16.5,79.5,411652,302191,36.22,因市場需求增加
tpex,2026,7,3284,太普高,66004,63376,62649,4.14,5.35,486191,498724,-2.51,-
tpex,2026,7,3285,微端,104722,122118,53438,-14.24,95.96,663241,359657,84.4,因醫療產品及PCB鑽孔設備銷售量增加，致使整體營收較去年同期增加。
tpex,2026,7,3287,廣寰科,76069,65663,74202,15.84,2.51,510304,484286,5.37,-
tpex,2026,7,3288,點晶,5419,8366,3162,-35.22,71.37,44521,38541,15.51,去年同期基期較低
tpex,2026,7,3289,宜特,400151,426314,415163,-6.13,-3.61,2667130,2750688,-3.03,-
tpex,2026,7,3290,東浦,366177,344907,192874,6.16,89.85,2223764,1201870,85.02,主要係併入BI-LINK 公司之營業收入。
tpex,2026,7,3293,鈊象,2228833,2166407,1770942,2.88,25.85,14907000,12726579,17.13,-
tpex,2026,7,3294,英濟,383530,275848,363777,39.03,5.42,1849966,1959936,-5.61,-
twse,2026,7,3296,勝德,172487,165320,120722,4.33,42.87,993666,939519,5.76,-
tpex,2026,7,3297,杭特,25485,24626,20758,3.48,22.77,141054,115013,22.64,-
tpex,2026,7,3303,岱稜,346240,374252,263799,-7.48,31.25,2099808,1765131,18.96,-
twse,2026,7,3305,昇貿,1413913,1445505,887965,-2.18,59.23,9398541,5739567,63.75,原料價格上漲
tpex,2026,7,3306,鼎天,110135,100628,87169,9.44,26.34,655329,604180,8.46,-
twse,2026,7,3308,聯德,516,531,554,-2.82,-6.85,3647,3843,-5.1,-
tpex,2026,7,3310,佳穎,860312,338202,134710,154.37,538.64,1975458,1935626,2.05,"本月認列建案""敦南""營收"
twse,2026,7,3311,閎暉,234539,245237,186605,-4.36,25.68,1419387,1386229,2.39,-
twse,2026,7,3312,弘憶股,2603514,2142123,1850405,21.53,40.69,14820198,12756498,16.17,-
tpex,2026,7,3313,斐成,631,5906,4037,-89.31,-84.36,19808,4894,304.74,本年累計營收較去年同期增加，主係本年合併子公司之營收增加所致。
tpex,2026,7,3317,尼克森,235344,247597,218738,-4.94,7.59,1669805,1546693,7.95,-
twse,2026,7,3321,同泰,259529,251699,201654,3.11,28.7,1392883,1208210,15.28,-
tpex,2026,7,3322,建舜電,291708,264851,233260,10.14,25.05,1905598,1754274,8.62,-
tpex,2026,7,3323,加百裕,388693,317364,431311,22.47,-9.88,2562419,2899174,-11.61,-
tpex,2026,7,3324,雙鴻,3765466,2718035,1737663,38.53,116.69,21014269,11465627,83.28,成長動能來自AI伺服器液冷散熱系統市佔率持續攀升。
tpex,2026,7,3325,旭品,37085,53270,106404,-30.38,-65.14,405372,748824,-45.86,主要係電腦機殼及週邊營收減少所致
tpex,2026,7,3332,幸康,178060,160781,158835,10.74,12.1,1124492,982462,14.45,-
twse,2026,7,3338,泰碩,406479,378370,291154,7.42,39.6,2294401,2205473,4.03,-
tpex,2026,7,3339,泰谷,67334,66843,77413,0.73,-13.01,479606,478027,0.33,-
twse,2026,7,3346,麗清,606827,500433,701255,21.26,-13.46,4220566,5020065,-15.92,-
tpex,2026,7,3349,寶德,12273,53621,41267,-77.11,-70.25,203291,304751,-33.29,主要客戶延遲出貨
tpex,2026,7,3354,律勝,12342,9718,9679,27.0,27.51,77360,59221,30.62,-
twse,2026,7,3356,奇偶,103530,95430,76394,8.48,35.52,664851,583089,14.02,-
tpex,2026,7,3357,臺慶科,875885,764513,536330,14.56,63.31,4789387,3706276,29.22,受AI、車用及網通等產品需求持續提升，客戶出貨動能延續近期成長趨勢，致本月營收較去年同期成長63.31%。
tpex,2026,7,3360,尚立,999135,1177311,640272,-15.13,56.04,6249772,3790241,64.89,"本月較去年同月增加56.05％,係客戶需求增加"
tpex,2026,7,3362,先進光,416111,262330,408430,58.62,1.88,2474280,2506533,-1.28,-
tpex,2026,7,3363,上詮,170843,157445,152411,8.5,12.09,982000,1145890,-14.3,-
tpex,2026,7,3372,典範,126159,113086,102698,11.56,22.84,774160,613179,26.25,-
tpex,2026,7,3373,熱映,37012,46400,30163,-20.23,22.7,251010,222581,12.77,-
tpex,2026,7,3374,精材,860894,764006,657350,12.68,30.96,4959289,3739612,32.61,-
twse,2026,7,3376,新日興,811285,921919,904030,-12.0,-10.25,5795354,6649363,-12.84,-
tpex,2026,7,3379,彬台,136408,62144,72222,119.5,88.87,435255,649380,-32.97,主係本期設備銷售之銷貨收入較去年同期增加所致
twse,2026,7,3380,明泰,1742978,2271297,1781219,-23.26,-2.14,12223101,11999387,1.86,-
tpex,2026,7,3388,崇越電,729945,736337,610679,-0.86,19.53,5118443,4293684,19.2,-
tpex,2026,7,3390,旭軟,85919,91738,60811,-6.34,41.28,572735,438428,30.63,-
tpex,2026,7,3402,漢科,592044,553782,432866,6.9,36.77,3536310,2956579,19.6,-
twse,2026,7,3406,玉晶光,2422368,1739246,2383597,39.27,1.62,14245213,12474228,14.19,-
twse,2026,7,3413,京鼎,2162154,2457175,1662354,-12.0,30.06,14023292,11734551,19.5,-
twse,2026,7,3416,融程電,472718,414884,385688,13.93,22.56,2595949,2013630,28.91,-
twse,2026,7,3419,譁裕,180060,139663,160888,28.92,11.91,1078475,1045421,3.16,-
tpex,2026,7,3430,奇鈦科,152253,170941,128369,-10.93,18.6,1124812,890599,26.29,-
twse,2026,7,3432,台端,23555,31704,18847,-25.7,24.98,169301,70554,139.95,主係因增加新產品出貨所致
tpex,2026,7,3434,哲固,25027,70074,50588,-64.28,-50.52,281242,447403,-37.13,客戶庫存調整訂單需求減少
twse,2026,7,3437,榮創,109941,131004,113275,-16.07,-2.94,835199,975795,-14.4,-
tpex,2026,7,3438,類比科,71159,86149,98087,-17.4,-27.45,519382,640806,-18.94,-
tpex,2026,7,3441,聯一光電,51374,41377,45825,24.16,12.1,306614,229801,33.42,-
twse,2026,7,3443,創意,5769170,4928512,2232812,17.05,158.38,31113539,15361033,102.54,主要為晶圓產品收入增加
tpex,2026,7,3444,利機,137220,117503,101018,16.77,35.83,790453,724754,9.06,-
twse,2026,7,3447,展達,199928,258619,308621,-22.69,-35.21,1878179,1781139,5.44,-
twse,2026,7,3450,聯鈞,1218533,1138635,615415,7.01,98.0,6282055,5222318,20.29,因客戶需求增加，致使營收增加。
tpex,2026,7,3455,由田,149552,83971,165024,78.09,-9.37,652264,904924,-27.92,-
tpex,2026,7,3465,進泰電子,144566,191659,159312,-24.57,-9.25,1098695,993718,10.56,-
tpex,2026,7,3466,德晉,12740,7358,10030,73.14,27.01,149309,47421,214.85,AI產品本月無訂單
tpex,2026,7,3467,台灣精材,68667,65300,51587,5.15,33.1,443482,359970,23.19,-
tpex,2026,7,3479,安勤,956538,882778,799294,8.35,19.67,5531366,4826762,14.59,-
twse,2026,7,3481,群創,18890249,21703413,19264800,-12.96,-1.94,149234444,131428478,13.54,-
tpex,2026,7,3483,力致,639108,681311,761076,-6.19,-16.02,4880092,5051714,-3.39,-
tpex,2026,7,3484,崧騰,415791,424135,410254,-1.96,1.34,2697701,2760971,-2.29,-
tpex,2026,7,3485,敘豐,57534,62678,41618,-8.2,38.24,355382,327182,8.61,配合客戶裝機
tpex,2026,7,3489,森寶,86746,81128,58238,6.92,48.95,599797,327210,83.3,本月合併營收較去年同期成長48.95%，主係本公司持股100%之子公司營造收入較去年顯著增加所致。
tpex,2026,7,3490,單井,30222,21680,27616,39.4,9.43,151304,139164,8.72,-
tpex,2026,7,3491,昇達科,230139,256723,126439,-10.35,82.01,2152323,1260223,70.78,因掌握低軌衛星產業商機，營收較去年同期大幅提升；雖然短期因產品規格調整以致MoM略降，然而年營收獲利的目標未因此而改變。
tpex,2026,7,3492,長盛,76657,86376,64409,-11.25,19.01,508431,504848,0.7,-
twse,2026,7,3494,誠研,97141,86283,92992,12.58,4.46,597055,555729,7.43,-
tpex,2026,7,3498,陽程,429406,321521,52845,33.55,712.57,1502117,646230,132.44,本月可完工案件較多所致
tpex,2026,7,3499,環天科,26935,31330,24500,-14.02,9.93,173677,206334,-15.82,-
twse,2026,7,3501,維熹,506773,488671,441198,3.7,14.86,3127167,3373321,-7.29,-
twse,2026,7,3504,揚明光,266608,245781,211851,8.47,25.84,1689840,1566384,7.88,-
tpex,2026,7,3508,位速,84050,80600,72907,4.28,15.28,543877,537563,1.17,-
tpex,2026,7,3511,矽瑪,188919,160852,120307,17.44,57.03,1119791,999204,12.06,客戶訂單增加
tpex,2026,7,3512,皇龍,0,15684,1636,-100.0,-100.0,272699,762446,-64.23,電子事業出貨減少.
twse,2026,7,3515,華擎,6610427,3699865,2857376,78.66,131.34,30081650,25309347,18.85,"“本年累計營業收入淨額”採年平均匯率計算,“本月營業收入淨額”採該月平均匯率計算,故累計營收淨額與各月營收淨額加總會有差異"
tpex,2026,7,3516,亞帝歐,82689,95106,84963,-13.05,-2.67,651135,527037,23.54,-
twse,2026,7,3518,柏騰,23271,15971,27793,45.7,-16.27,137716,186082,-25.99,-
tpex,2026,7,3520,華盈,140954,105321,97839,33.83,44.06,767886,678944,13.1,-
tpex,2026,7,3521,台鋼建設,1,3,521,-66.66,-99.8,11524,199432,-94.22,POS商品內外銷累計較去年同期減少，建設事業累計較去年同期減少。
tpex,2026,7,3522,御嵿,58452,73213,61034,-20.16,-4.23,742850,686030,8.28,-
tpex,2026,7,3523,迎輝,8264,13141,4554,-37.11,81.46,49233,52410,-6.06,"HC膜:銷貨額$4,123,448;售電:銷貨額$2,334,155"
tpex,2026,7,3526,凡甲,403504,409265,285448,-1.4,41.35,2715195,2135879,27.12,-
tpex,2026,7,3527,聚積,101996,147991,113692,-31.07,-10.28,834700,872323,-4.31,-
twse,2026,7,3528,安馳,1207978,1091604,742929,10.66,62.59,7910582,4367427,81.12,AI伺服器應用帶動測試相關需求增加，週邊電源應用及工控需求上升。
tpex,2026,7,3529,力旺,675856,178454,546080,278.72,23.76,2866476,2394349,19.71,-
twse,2026,7,3530,晶相光,172444,167832,130164,2.74,32.48,1312768,935363,40.34,-
tpex,2026,7,3531,先益,69617,76732,97870,-9.27,-28.86,600212,831497,-27.81,-
twse,2026,7,3532,台勝科,1303041,1224081,1011902,6.45,28.77,8221946,6988985,17.64,-
twse,2026,7,3533,嘉澤,3368915,3094216,2840496,8.87,18.6,22280169,18971476,17.44,-
twse,2026,7,3535,晶彩科,52322,72968,4520,-28.29,1057.56,581053,108472,435.67,本公司以銷售機台為主，115年累計出售機台較去年同期增加，此為產業特性，尚屬正常。
tpex,2026,7,3537,堡達,304697,290120,280648,5.02,8.56,1835997,1716546,6.95,-
tpex,2026,7,3540,曜越,363837,391338,393724,-7.02,-7.59,2649104,2990741,-11.42,-
tpex,2026,7,3541,西柏,108671,88399,83115,22.93,30.74,610552,640286,-4.64,-
twse,2026,7,3543,州巧,291108,268764,263628,8.31,10.42,1954570,1975598,-1.06,-
twse,2026,7,3545,敦泰,910914,900079,1062536,1.2,-14.26,6139474,7106639,-13.6,-
tpex,2026,7,3546,宇峻,153989,145993,126280,5.47,21.94,1085872,756687,43.5,-
tpex,2026,7,3548,兆利,656476,788044,617467,-16.69,6.31,4722753,5952721,-20.66,-
twse,2026,7,3550,聯穎,412542,370328,298234,11.39,38.32,2630494,2039839,28.95,-
tpex,2026,7,3551,世禾,299604,293281,239293,2.15,25.2,1971927,1639510,20.27,-
tpex,2026,7,3552,同致,636561,709046,661767,-10.22,-3.8,4527770,4685093,-3.35,-
tpex,2026,7,3555,博士旺,78823,49436,59967,59.44,31.44,530199,97133,445.84,本月因銷售電子產品，致本月及累計營收較去年同期增加。
tpex,2026,7,3556,禾瑞亞,116697,107106,66585,8.95,75.26,744978,572967,30.02,客戶需求增加，致本月營收較去年同月增加。
twse,2026,7,3557,嘉威,210515,366867,207469,-42.61,1.46,2605816,2923923,-10.87,-
tpex,2026,7,3558,神準,1292316,1316726,1252619,-1.85,3.16,7919910,9214572,-14.05,-
twse,2026,7,3563,牧德,359659,355108,272791,1.28,31.84,2270703,2034529,11.6,-
tpex,2026,7,3564,其陽,296008,326232,164320,-9.26,80.14,1664169,1350228,23.25,新專案導入以及客戶需求增加
tpex,2026,7,3567,逸昌,25501,23606,22504,8.02,13.31,158847,153257,3.64,-
tpex,2026,7,3570,大塚,233330,256509,180969,-9.03,28.93,1665559,1536143,8.42,-
twse,2026,7,3576,聯合再生,307968,208221,178275,47.9,72.74,1586083,1861980,-14.81,太陽能專案工程收入增加，以致本月營收較去年同月增加。
tpex,2026,7,3577,泓格,140503,165411,91196,-15.05,54.06,979675,700010,39.95,客戶需求增加
tpex,2026,7,3580,友威科,29720,43243,42064,-31.27,-29.34,219230,246003,-10.88,-
tpex,2026,7,3581,博磊,179420,199469,103148,-10.05,73.94,1024325,758791,34.99,主要係因市場需求較去年同期成長所致。
twse,2026,7,3583,辛耘,973288,1034997,913176,-5.96,6.58,7088652,6639502,6.76,-
tpex,2026,7,3587,閎康,563117,558424,474971,0.84,18.55,3631159,3086785,17.63,-
twse,2026,7,3588,通嘉,153552,147830,103748,3.87,48.0,984994,791685,24.41,-
twse,2026,7,3591,艾笛森,269503,241900,209679,11.41,28.53,1541436,1396705,10.36,-
twse,2026,7,3592,瑞鼎,2100048,2230464,1842611,-5.84,13.97,14358504,13518740,6.21,-
twse,2026,7,3593,力銘,60838,52897,86703,15.01,-29.83,390259,727234,-46.33,-
tpex,2026,7,3594,磐儀,256954,264273,170019,-2.76,51.13,1486601,1040680,42.84,"客戶需求增加,故出貨量較去年同期成長"
twse,2026,7,3596,智易,4846705,4737570,4498639,2.3,7.73,31513133,30663851,2.76,-
tpex,2026,7,3597,映興,97879,85145,72194,14.95,35.57,549255,467299,17.53,-
twse,2026,7,3605,宏致,1154175,1117512,889148,3.28,29.8,7326065,6253445,17.15,-
twse,2026,7,3607,谷崧,251098,271469,240060,-7.5,4.59,1674147,1688498,-0.84,-
tpex,2026,7,3609,三一東林,28697,43632,68669,-34.22,-58.2,209072,313369,-33.28,本月營收較去年同期減少主要是客製化成車銷售減少。
tpex,2026,7,3611,鼎翰,1045799,1029807,838480,1.55,24.72,6955209,6779911,2.58,-
tpex,2026,7,3615,安可,60179,49690,87143,21.1,-30.94,432997,600400,-27.88,-
twse,2026,7,3617,碩天,1247424,1232245,1098257,1.23,13.58,7518120,6857024,9.64,-
twse,2026,7,3622,洋華,143912,146517,153146,-1.77,-6.02,929046,963306,-3.55,-
tpex,2026,7,3623,富晶通,19405,17648,24030,9.95,-19.24,152474,180444,-15.5,-
tpex,2026,7,3624,光頡,351605,322085,245426,9.16,43.26,1974504,1570076,25.75,-
tpex,2026,7,3625,西勝,35920,45950,33930,-21.82,5.86,257578,246877,4.33,-
tpex,2026,7,3628,盈正,375871,372786,303311,0.82,23.92,2125113,1810787,17.35,-
tpex,2026,7,3629,地心引力,5525,4665,515,18.43,972.81,26700,586,4456.31,4556.44
tpex,2026,7,3630,新鉅科,170881,183068,183143,-6.65,-6.69,1418803,1307669,8.49,-
tpex,2026,7,3631,晟楠,6997,4312,2483,62.26,181.79,28654,20035,43.01,本月收入較去年同期營收增多肇因於錫价上漲50%多
tpex,2026,7,3632,研勤,26928,27813,17295,-3.18,55.69,169673,141803,19.65,部分專案於本月完成驗收並認列收入
twse,2026,7,3645,達邁,140604,217714,208522,-35.41,-32.57,1385303,1405734,-1.45,-
tpex,2026,7,3646,艾恩特,78979,76501,55093,3.23,43.35,462339,399472,15.73,-
twse,2026,7,3652,精聯,253924,253854,219631,0.02,15.61,1635580,1406924,16.25,-
twse,2026,7,3653,健策,3213171,2649918,1682644,21.25,90.95,15792903,11616350,35.95,因客戶端需求成長，致本月較去年同期增加百分比達50%以上。
twse,2026,7,3661,世芯-KY,7433152,3572404,2637889,108.07,181.78,19173152,22236743,-13.77,本月營收較去年同期增加，係因量產產品增加所致。
tpex,2026,7,3663,鑫科,516713,659468,478884,-21.64,7.89,4612190,3232094,42.69,本月貴金屬銷售金額佔合併營收比率為63%。
tpex,2026,7,3664,安瑞-KY,31256,25453,29019,22.79,7.7,155837,425901,-63.41,本年營收較去年同期減少主係美國及印度地區的營收減少所致。
twse,2026,7,3665,貿聯-KY,9630165,8518109,6034282,13.05,59.59,53740718,38961113,37.93,高效能運算和半導體客戶出貨量持續強勁
tpex,2026,7,3666,光耀,29473,49837,25602,-40.86,15.11,279394,296772,-5.85,-
twse,2026,7,3669,圓展,230577,262821,199964,-12.26,15.3,1632803,1442662,13.17,-
tpex,2026,7,3672,康聯訊,19368,13564,9352,42.78,107.1,127796,134280,-4.82,去年基期較低所致
twse,2026,7,3673,TPK-KY,6394077,6284949,5480708,1.73,16.66,43518882,37798963,15.13,-
tpex,2026,7,3675,德微,291073,279963,224287,3.96,29.77,1776575,1492731,19.01,-
twse,2026,7,3679,新至陞,420332,354620,355061,18.53,18.38,2501749,2684330,-6.8,-
tpex,2026,7,3680,家登,870996,752110,507298,15.8,71.69,5051056,3925740,28.66,本月營收較去年同期增加，主要係光罩載具產品營收增加所致。
tpex,2026,7,3684,榮昌,105671,118630,98684,-10.92,7.08,691727,652635,5.98,-
tpex,2026,7,3685,元創精密,88462,119082,106874,-25.71,-17.22,811859,614190,32.18,-
twse,2026,7,3686,達能,7950,10116,7992,-21.41,-0.52,52829,47684,10.78,-
tpex,2026,7,3687,歐買尬,167898,174361,146167,-3.7,14.86,1155222,1014519,13.86,-
tpex,2026,7,3689,湧德,842762,768486,511073,9.66,64.9,4987695,3542740,40.78,本年度營收新增浙江榆陽電子股份有限公司營收
tpex,2026,7,3691,碩禾,918839,739343,551719,24.27,66.54,6070548,2666338,127.67,係因太陽能導電漿產品、太陽能模組及AI伺服器液冷管接件及其零組件之加工與測試服務銷量增加所致
tpex,2026,7,3693,營邦,1224872,1160269,492057,5.56,148.92,5321363,4791618,11.05,營收成長
twse,2026,7,3694,海華,842256,1001922,1076620,-15.93,-21.76,6750531,6534766,3.3,-
twse,2026,7,3701,大眾控,883895,675088,828265,30.93,6.71,4928021,6208747,-20.62,-
twse,2026,7,3702,大聯大,146095597,192916333,76556706,-24.26,90.83,920874250,575842577,59.91,全球科技與能源設施擴建帶動半導體及電子零組件動能，車用、工控需求穩步推進，智能倉儲管理與資訊系統整合服務需求同步擴增。
twse,2026,7,3703,欣陸,2336895,2614212,2593216,-10.6,-9.88,16122930,17716612,-8.99,-
twse,2026,7,3704,合勤控,1916606,3463520,2171818,-44.66,-11.75,16978095,15393669,10.29,-
twse,2026,7,3705,永信,719465,577868,700432,24.5,2.71,4490011,5005017,-10.28,-
twse,2026,7,3706,神達,12833645,15682685,8571058,-18.16,49.73,85651839,58860391,45.51,-
tpex,2026,7,3707,漢磊,647766,620211,496088,4.44,30.57,3977594,3158512,25.93,-
twse,2026,7,3708,上緯投控,133276,158016,66578,-15.65,100.18,721218,666615,8.19,循環經濟材料及先進材料需求增加
tpex,2026,7,3709,鑫聯大投控,6513387,7614783,3232027,-14.46,101.52,33925961,24036103,41.14,DRAM及CPU持續熱持，並有大型專案出貨。
tpex,2026,7,3710,連展投控,745256,698370,564324,6.71,32.06,4581350,4053663,13.01,-
twse,2026,7,3711,日月光投控,73783701,65783102,51542033,12.16,43.15,438509375,350445618,25.12,-
twse,2026,7,3712,永崴投控,3356888,762747,1866514,340.1,79.84,13005429,17355157,-25.06,主要係因子公司承接工程案件依進度認列收入
tpex,2026,7,3713,新晶投控,62589,88944,14342,-29.63,336.4,300632,164413,82.85,綠電轉售電平台於去年底開始售電，使本期較去年同期增加
twse,2026,7,3714,富采,2388026,2133834,1911669,11.91,24.91,13957074,13283763,5.06,-
twse,2026,7,3715,定穎投控,2531248,2289779,1492035,10.54,69.65,15039359,10673497,40.9,係產品組合優化及受惠於漲價效應
twse,2026,7,3716,中化控股,669823,663752,646986,0.91,3.52,4898126,5011944,-2.27,-
twse,2026,7,3717,聯嘉投控,513299,552428,0,-7.08,,4045787,0,,聯嘉光電投控（公司代號：3717）於114年8月份起100%認列聯嘉光電（原公司代號：6288）的營收。
tpex,2026,7,4102,永日,41704,67149,35728,-37.89,16.72,317734,291940,8.83,-
twse,2026,7,4104,佳醫,843458,893588,713083,-5.6,18.28,5572294,5027368,10.83,"一一五年六月因佳醫創照健康股份有限公司及其子公司成為合併個體，使本月營收增加75,606仟元及本年累計營收增加151,082仟元。"
tpex,2026,7,4105,東洋,537048,617099,482598,-12.97,11.28,3709199,3453498,7.4,-
twse,2026,7,4106,雃博,220706,265782,218114,-16.95,1.18,1477820,1378875,7.17,-
tpex,2026,7,4107,邦特,192877,197214,177856,-2.19,8.44,1327513,1226876,8.2,-
twse,2026,7,4108,懷特,11893,14283,12398,-16.73,-4.07,82320,73969,11.28,-
tpex,2026,7,4109,加捷生醫,48736,49321,36548,-1.18,33.34,316789,276656,14.5,-
tpex,2026,7,4111,濟生,118833,122804,120296,-3.23,-1.21,850700,807660,5.32,-
tpex,2026,7,4113,聯上,581140,165984,53,250.11,1096390.56,769166,543315,41.56,不動產於過戶時點認列營收，故波動較大。
tpex,2026,7,4114,健喬,791740,750929,495473,5.43,59.79,4341610,3557347,22.04,係因本公司與其他藥廠簽訂藥物經銷代理合約，取得台灣市場多數醫療機構通路之行銷推廣權利所致
tpex,2026,7,4116,明基醫,431417,465548,461941,-7.33,-6.6,3185227,3024888,5.3,-
twse,2026,7,4119,旭富,190796,123241,81832,54.81,133.15,839460,813636,3.17,單月營收受客戶訂單出貨時程影響呈現較大波動；但累計營收表現與去年同期相比差異不大。
tpex,2026,7,4120,友華,395754,447958,349260,-11.65,13.31,2736839,2631686,3.99,-
tpex,2026,7,4121,優盛,324503,327926,320755,-1.04,1.16,2209561,2228325,-0.84,-
tpex,2026,7,4123,晟德,156530,116273,135779,34.62,15.28,1054569,893045,18.08,-
tpex,2026,7,4126,太醫,224734,207430,223620,8.34,0.49,1409365,1393895,1.1,-
tpex,2026,7,4127,天良,58916,55441,47063,6.26,25.18,441918,291632,51.53,本年度整體營收較去年同期增加，主要係本年度電視媒體銷售增長。
tpex,2026,7,4128,中天,152047,161136,156462,-5.64,-2.82,1132965,1066069,6.27,-
tpex,2026,7,4129,聯合,567506,530225,529813,7.03,7.11,3627011,3177718,14.13,-
tpex,2026,7,4131,浩泰,16775,34094,24498,-50.79,-31.52,172945,147781,17.02,-
twse,2026,7,4133,亞諾法,26309,29336,27998,-10.31,-6.03,202541,210082,-3.58,-
twse,2026,7,4137,麗豐-KY,318557,349359,309991,-8.81,2.76,2219979,2060572,7.73,-
tpex,2026,7,4138,曜亞,117429,120193,103531,-2.29,13.42,804602,781985,2.89,-
tpex,2026,7,4139,馬光-KY,90501,89450,85399,1.17,5.97,622211,623100,-0.14,公告合併數為公司自結數
twse,2026,7,4142,國光生,308215,37239,239702,727.66,28.58,457289,420419,8.76,-
tpex,2026,7,4147,中裕,63691,45258,37829,40.72,68.36,385607,351610,9.66,每月營收受行銷夥伴每月進貨數量及CDMO生產時程影響而會有波動，但公司仍持續朝整年銷售目標前進
twse,2026,7,4148,全宇生技-KY,352962,346721,253305,1.8,39.34,1870743,1526167,22.57,-
tpex,2026,7,4153,鈺緯,83052,95226,63764,-12.78,30.24,551014,505895,8.91,-
tpex,2026,7,4154,樂威科-KY,5455,2504,1834,117.85,197.43,18253,11590,57.48,115年7月增加服飾配件銷售業務、泰國房屋租賃維持滿租，故營收增加。
twse,2026,7,4155,訊映,152838,172639,114216,-11.46,33.81,975552,952000,2.47,-
tpex,2026,7,4157,太景*-KY,2956,3022,3078,-2.18,-3.96,21522,24660,-12.72,-
tpex,2026,7,4160,訊聯基因,58876,50439,53705,16.72,9.62,358634,342153,4.81,-
tpex,2026,7,4161,聿新科,95489,77104,67576,23.84,41.3,557376,453792,22.82,-
tpex,2026,7,4162,智擎,23335,205857,22357,-88.66,4.37,521146,406526,28.19,-
tpex,2026,7,4163,鐿鈦,290155,223520,193613,29.81,49.86,1594542,1414797,12.7,-
twse,2026,7,4164,承業醫,326529,329871,287368,-1.01,13.62,2664778,2377073,12.1,-
tpex,2026,7,4166,友霖,131837,183015,109787,-27.96,20.08,890134,752235,18.33,-
tpex,2026,7,4167,松瑞藥,97481,102267,108841,-4.67,-10.43,616999,708186,-12.87,-
tpex,2026,7,4168,醣聯,1057,0,29,,3544.82,15011,29633,-49.34,115年7月為委託研究收入。
twse,2026,7,4169,泰宗,61771,64785,57912,-4.65,6.66,415751,395750,5.05,-
tpex,2026,7,4171,瑞基,23251,22045,17494,5.47,32.9,135556,124460,8.91,-
tpex,2026,7,4173,久裕,123679,143762,115216,-13.96,7.34,911292,887730,2.65,-
tpex,2026,7,4174,浩鼎,4081,10316,4105,-60.44,-0.58,24925,31321,-20.42,潤雅子公司提供CDMO之服務收入於滿足履約義務時認列，本月及本年累計完成履約義務較去年減少
tpex,2026,7,4175,杏一,659023,775016,655849,-14.96,0.48,4622033,4569819,1.14,-
twse,2026,7,4178,永笙-KY,32419,33793,28519,-4.06,13.67,216864,218888,-0.92,-
tpex,2026,7,4183,福永生技,26236,36835,41771,-28.77,-37.19,195200,291700,-33.08,-
tpex,2026,7,4188,安克,3336,1851,2131,80.22,56.54,16440,17070,-3.69,本期安克甲狀偵和安克呼止偵出貨增加，營收較去年同期大幅成長56.55%。
twse,2026,7,4190,佐登-KY,157247,162026,170322,-2.94,-7.67,1231228,1293805,-4.83,-
tpex,2026,7,4192,杏國,2177,1629,2481,33.64,-12.25,14575,15683,-7.06,-
twse,2026,7,4195,基米-創,52096,72146,48009,-27.79,8.51,372189,358318,3.87,-
tpex,2026,7,4198,欣大健康,21155,16353,12085,29.36,75.05,94024,116712,-19.43,因動物醫療儀器及保健食品銷售較去年增加所致。
tpex,2026,7,4205,中華食,211728,165787,181219,27.71,16.83,1196162,1165773,2.6,-
tpex,2026,7,4207,環泰,538483,461547,419858,16.66,28.25,3371786,3090299,9.1,-
tpex,2026,7,4303,信立,107880,89384,92301,20.69,16.87,622922,595301,4.63,-
tpex,2026,7,4304,勝昱,47974,22640,30981,111.89,54.84,218502,202167,8.07,本月納入上月工程收入，致本月營收較去年同期增加54.85%。
tpex,2026,7,4305,世坤,81957,73085,77932,12.13,5.16,580881,626781,-7.32,-
twse,2026,7,4306,炎洲,1274949,1286195,1107166,-0.87,15.15,8510488,7213060,17.98,-
tpex,2026,7,4401,東隆興,288742,334996,369044,-13.8,-21.75,2223927,2279190,-2.42,-
tpex,2026,7,4402,郡都開發,1747,1520,2446,14.93,-28.57,13371,15514,-13.81,-
tpex,2026,7,4406,新昕纖,6939,5874,25552,18.13,-72.84,111946,294171,-61.94,因應產業趨勢調整經營結構
tpex,2026,7,4413,飛寶企業,42343,32096,119583,31.92,-64.59,282175,432092,-34.69,"本公司去年同期承接新客戶訂單致基期較高,本期該客戶未有訂單需求,致營收較去年同期減少。"
twse,2026,7,4414,如興,1564975,1366737,1250369,14.5,25.16,8697087,7914908,9.88,-
tpex,2026,7,4416,三圓,514602,1444341,9236,-64.37,5471.69,2672452,456685,485.18,出售資產
tpex,2026,7,4417,金洲,369401,261283,291211,41.37,26.84,1917556,1962189,-2.27,-
tpex,2026,7,4419,皇家美食,231015,226783,225798,1.86,2.31,1617794,1582440,2.23,-
tpex,2026,7,4420,光明,82044,77002,93243,6.54,-12.01,560206,614310,-8.8,-
twse,2026,7,4426,利勤,90592,66120,67254,37.01,34.7,527553,503706,4.73,-
tpex,2026,7,4430,耀億,205483,181823,186521,13.01,10.16,1348717,1257899,7.21,-
tpex,2026,7,4432,銘旺實,96917,90931,132956,6.58,-27.1,545864,667677,-18.24,-
tpex,2026,7,4433,興采,325377,169184,201705,92.32,61.31,1436993,1666803,-13.78,子公司承攬之國軍案，本期出貨增加。
twse,2026,7,4438,廣越,2209017,2025339,1959709,9.06,12.72,10148917,9512327,6.69,-
twse,2026,7,4439,冠星-KY,813719,860663,613393,-5.45,32.65,4959252,4329557,14.54,-
twse,2026,7,4440,宜新實業,55277,58898,95692,-6.14,-42.23,588578,559601,5.17,-
twse,2026,7,4441,振大環球,990237,716929,773701,38.12,27.98,4780302,4199253,13.83,-
tpex,2026,7,4442,竣邦-KY,134896,167107,76205,-19.27,77.01,1144752,937629,22.09,主係本期新開發產品陸續出貨，並受惠既有客戶訂單需求增加，致本期營業收入較去年同期成長。
tpex,2026,7,4502,健信,118612,104968,80031,12.99,48.2,691133,532490,29.79,-
tpex,2026,7,4503,金雨,17567,40098,72836,-56.18,-75.88,360745,373479,-3.4,客戶調節訂單
tpex,2026,7,4506,崇友,486652,500976,575536,-2.85,-15.44,3882421,3665739,5.91,上列為本公司自結數
tpex,2026,7,4510,高鋒,186015,160278,131605,16.05,41.34,1091142,852135,28.04,-
tpex,2026,7,4513,福裕,109845,713572,87172,-84.6,26.0,1438082,571584,151.59,處分不動產-新光段完成過戶入帳造成營收爆增
tpex,2026,7,4523,永彰,67130,58919,32502,13.93,106.54,647778,368346,75.86,主係本期專案結案及工程收入認列所致。
twse,2026,7,4526,東台,664788,483430,423269,37.51,57.06,3291152,3233394,1.78,本月營收較去年同期增加57.06%，主要係今年接單動能回溫，帶動出貨及營收認列增加所致。
tpex,2026,7,4527,方方土霖,282229,238965,172139,18.1,63.95,1604343,1472885,8.92,上海延單客戶通知出
tpex,2026,7,4528,江興鍛,127393,119070,132755,6.99,-4.03,841241,901850,-6.72,-
tpex,2026,7,4529,淳紳,3015,2504,464,20.4,549.78,12840,3139,309.04,"115/3月起加計子公司萊陽, 115/4月起加計金萊陽, 致營收增加."
tpex,2026,7,4530,天意能創,32513,5740,30513,466.42,6.55,206216,189881,8.6,係為本公司自結數
twse,2026,7,4532,瑞智,1667832,1974655,1463245,-15.53,13.98,14033266,13597212,3.2,-
tpex,2026,7,4533,協易機,404373,316168,370193,27.89,9.23,2309858,2398821,-3.7,-
tpex,2026,7,4534,慶騰,116476,105581,81743,10.31,42.49,606697,457119,32.72,-
tpex,2026,7,4535,至興,221374,212518,212078,4.16,4.38,1480335,1510074,-1.96,-
twse,2026,7,4536,拓凱,1022962,891246,849735,14.77,20.38,5894037,5765704,2.22,-
tpex,2026,7,4538,大詠城,38556,32508,37046,18.6,4.07,229647,213003,7.81,-
twse,2026,7,4540,全球傳動,306150,332808,225610,-8.01,35.69,1924491,1340002,43.61,-
tpex,2026,7,4541,晟田,194527,199434,139789,-2.46,39.15,1195054,890462,34.2,-
tpex,2026,7,4542,科嶠,116044,132546,56758,-12.45,104.45,671041,473734,41.64,受益於半導體需求強勁與訂單增加，加上機台出貨順暢及設備陸續完成驗收，帶動交付效率提升，本期營收較去年同期顯著成長。
tpex,2026,7,4543,萬在,72665,88041,61656,-17.46,17.85,558720,461243,21.13,-
twse,2026,7,4545,銘鈺,205337,217948,218397,-5.78,-5.97,1335413,1411950,-5.42,-
tpex,2026,7,4549,桓達,112179,108359,123192,3.52,-8.93,684896,749613,-8.63,-
tpex,2026,7,4550,長佳,57960,64076,51659,-9.54,12.19,423092,444304,-4.77,-
twse,2026,7,4551,智伸科,824857,749868,669977,10.0,23.11,5379562,4505477,19.4,-
twse,2026,7,4552,力達-KY,257472,251292,295522,2.45,-12.87,1882551,2038951,-7.67,-
tpex,2026,7,4554,橙的,44973,55288,42575,-18.65,5.63,311615,276826,12.56,-
twse,2026,7,4555,氣立,182883,169673,136714,7.78,33.77,1079831,934612,15.53,-
tpex,2026,7,4556,旭然,85038,61317,50790,38.68,67.43,428880,367928,16.56,營收增長主要係過濾設備訂單集中出貨所致。
twse,2026,7,4557,永新-KY,336993,308849,315198,9.11,6.91,2005303,2470091,-18.81,-
tpex,2026,7,4558,寶緯,199469,158040,155329,26.21,28.41,1085292,933175,16.3,-
twse,2026,7,4560,強信-KY,170192,170548,130508,-0.2,30.4,1135138,984440,15.3,-
tpex,2026,7,4561,健椿,125967,109091,99571,15.46,26.5,689491,577205,19.45,-
twse,2026,7,4562,穎漢,52576,48074,66296,9.36,-20.69,378584,450118,-15.89,-
tpex,2026,7,4563,百德,171855,282843,143601,-39.24,19.67,1462076,1694799,-13.73,-
twse,2026,7,4564,元翎,88620,63401,67889,39.77,30.53,475497,683819,-30.46,-
twse,2026,7,4566,時碩工業,554718,529998,420535,4.66,31.9,3376933,2911119,16.0,-
tpex,2026,7,4568,科際精密,128710,114230,100210,12.67,28.44,726678,694961,4.56,-
twse,2026,7,4569,六方科-KY,180365,162894,170328,10.72,5.89,1160830,1081553,7.32,-
twse,2026,7,4571,鈞興-KY,327187,232308,240363,40.84,36.12,1836864,1768107,3.88,-
twse,2026,7,4572,駐龍,59549,63339,56830,-5.98,4.78,434544,403640,7.65,-
twse,2026,7,4576,大銀微系統,366927,344085,229129,6.63,60.13,2243495,1498970,49.66,本月營收較去年同期增加，主係客戶需求較去年同期增加。
tpex,2026,7,4577,達航科技,96544,96518,60409,0.02,59.81,550450,352315,56.23,"本期較去年同期變動 59.82%，主係設備產銷較去年同期增加 32,955仟元所致。"
tpex,2026,7,4580,捷流閥業,205169,216275,201352,-5.13,1.89,1372413,1338309,2.54,-
twse,2026,7,4581,光隆精密-KY,98908,111401,92453,-11.21,6.98,695622,654504,6.28,-
twse,2026,7,4582,聚恆-創,105327,258156,78338,-59.2,34.45,1071894,425982,151.62,主係因採用完工比例法認列進度時點差異所致。
twse,2026,7,4583,台灣精銳,311819,274287,257463,13.68,21.11,2072591,1801195,15.06,-
tpex,2026,7,4584,君帆,103636,99832,117021,3.81,-11.43,642489,804879,-20.17,-
twse,2026,7,4585,達明,142491,214317,115078,-33.51,23.82,1138108,1006406,13.08,-
twse,2026,7,4588,玖鼎電力,143991,103142,78306,39.6,83.88,577205,437108,32.05,因按照合約規範，每月出貨數量依客戶通知出貨。
twse,2026,7,4590,富田-創,89566,119895,87482,-25.29,2.38,658957,742807,-11.28,-
tpex,2026,7,4609,唐鋒,12096,12795,13137,-5.46,-7.92,81958,78222,4.77,-
tpex,2026,7,4702,中美實,402,4742,6718,-91.52,-94.01,37210,43923,-15.28,本月營收較去年同期增減變動達50％以上，主要是船舶延期所致。
tpex,2026,7,4706,大恭,95163,97824,93079,-2.72,2.23,687754,608581,13.0,-
tpex,2026,7,4707,磐亞,101293,150774,121991,-32.81,-16.96,718455,792090,-9.29,-
tpex,2026,7,4711,永純,70668,79129,71994,-10.69,-1.84,502827,423531,18.72,-
tpex,2026,7,4714,永捷,149459,141470,130349,5.64,14.66,1333992,802990,66.12,原因：主要是增加營建收入
tpex,2026,7,4716,大立,44288,45819,36075,-3.34,22.76,309576,314067,-1.42,-
twse,2026,7,4720,德淵,365856,337386,293810,8.43,24.52,2341656,2075855,12.8,-
tpex,2026,7,4721,美琪瑪,220002,251045,175963,-12.36,25.02,1794767,1644327,9.14,-
twse,2026,7,4722,國精化,442668,362609,347993,22.07,27.2,2370647,2237856,5.93,-
tpex,2026,7,4726,永昕,85963,53849,62041,59.63,38.55,485870,386316,25.77,-
tpex,2026,7,4728,雙美,221485,224832,147950,-1.48,49.7,1404571,1162248,20.84,-
tpex,2026,7,4729,熒茂,98129,91321,82764,7.45,18.56,625806,633285,-1.18,-
tpex,2026,7,4735,豪展,114761,82131,80177,39.72,43.13,602814,531906,13.33,-
twse,2026,7,4736,泰博,376619,360204,427562,4.55,-11.91,2498661,2525406,-1.05,-
twse,2026,7,4737,華廣,145718,143609,142322,1.46,2.38,977613,1095448,-10.75,-
twse,2026,7,4739,康普,975627,953770,426192,2.29,128.91,6486565,2930501,121.34,本月營收及累計營收較去年同期增加，主係動力電池材料銷售增加。
tpex,2026,7,4741,泓瀚,52442,53401,37696,-1.79,39.11,332770,277691,19.83,-
tpex,2026,7,4743,合一,8679,10468,17367,-17.09,-50.02,85206,69235,23.06,本月營收減少，主係客戶需求減少。
tpex,2026,7,4744,皇將,37207,79270,56526,-53.06,-34.17,468153,706267,-33.71,-
tpex,2026,7,4745,合富-KY,245525,343798,239217,-28.58,2.63,1801512,1852038,-2.72,本公司115年1-7月合併營業收入較去年同期下降2.73%，較115年1-6月合併營業收入下降幅度收斂0.79%，營收降幅改善。
twse,2026,7,4746,台耀,388241,421860,376439,-7.96,3.13,2563302,2762988,-7.22,-
tpex,2026,7,4747,強生製藥,54470,47257,44085,15.26,23.55,347606,329067,5.63,-
tpex,2026,7,4749,新應材,414991,454490,338679,-8.69,22.53,2893411,2450693,18.06,-
tpex,2026,7,4754,國碳科,62188,65713,38003,-5.36,63.63,413400,388515,6.4,內外銷營收均增加
twse,2026,7,4755,三福化,407717,464390,361153,-12.2,12.89,2778927,2771933,0.25,-
tpex,2026,7,4760,勤凱科技,269740,248915,151219,8.36,78.37,1607980,996422,61.37,本月較去年同月份出貨量增加
twse,2026,7,4763,材料*-KY,1058745,1013200,801747,4.49,32.05,6613070,8815481,-24.98,-
twse,2026,7,4764,雙鍵,294229,284417,204231,3.44,44.06,2049977,1593945,28.61,-
twse,2026,7,4766,南寶,2396727,2093401,1984741,14.48,20.75,14816198,13344636,11.02,-
tpex,2026,7,4767,誠泰科技,75468,73043,83950,3.31,-10.1,536538,600890,-10.7,-
tpex,2026,7,4768,晶呈科技,105060,108683,58690,-3.33,79.0,926274,399305,131.97,本月營收較去年同期增加乃因客戶需求增加
twse,2026,7,4770,上品,526548,470234,356449,11.97,47.72,2889693,2634626,9.68,-
twse,2026,7,4771,望隼,314572,394887,281664,-20.33,11.68,2541364,1964560,29.36,-
tpex,2026,7,4772,台特化,324218,300576,87799,7.86,269.27,2074155,570168,263.77,合併弘潔科技營業收入
tpex,2026,7,4804,大略-KY,408,12544,11202,-96.74,-96.35,70627,71229,-0.84,上海地區業務清算。
tpex,2026,7,4806,桂田文創,11713,10149,5205,15.41,125.03,114840,42019,173.3,各業務團隊的整合開始發揮綜效，形塑娛樂產業一條龍的完整服務架構。
twse,2026,7,4807,日成-KY,242998,258266,175177,-5.91,38.71,1503939,1161798,29.44,-
tpex,2026,7,4903,聯光通,88352,236567,148593,-62.65,-40.54,904980,736933,22.8,-
twse,2026,7,4904,遠傳,9252373,9622202,8054845,-3.84,14.86,65720784,59322551,10.78,-
tpex,2026,7,4905,台聯電,104164,78412,76905,32.84,35.44,550044,411536,33.65,-
twse,2026,7,4906,正文,1549932,1193259,1172025,29.89,32.24,8264782,10525215,-21.47,-
tpex,2026,7,4907,富宇,69,45328,760429,-99.84,-99.99,2447977,1598025,53.18,無建案入帳
tpex,2026,7,4908,前鼎,98660,91180,65066,8.2,51.63,619364,483171,28.18,主要係受客戶訂單需求增加影響
tpex,2026,7,4909,新復興,16683,16860,21201,-1.04,-21.31,120157,191418,-37.22,-
tpex,2026,7,4911,德英,11290,11556,27881,-2.3,-59.5,77950,188063,-58.55,公司行銷團隊建置中
twse,2026,7,4912,聯德控股-KY,730490,647288,439118,12.85,66.35,4344101,3327793,30.54,7月份出貨較去年同期增加所致
twse,2026,7,4915,致伸,5857293,6289319,5356966,-6.86,9.33,38987452,34716862,12.3,-
twse,2026,7,4916,事欣科,520554,501534,227370,3.79,128.94,2954912,1865190,58.42,受惠於國防、航太及通訊客戶需求強勁，低軌道衛星產品持續拉貨，本月營收變動達50%以上。
twse,2026,7,4919,新唐,2566187,2711218,2377791,-5.34,7.92,18495606,18557883,-0.33,-
tpex,2026,7,4923,力士,120061,100102,80185,19.93,49.72,635829,488126,30.25,-
tpex,2026,7,4924,欣厚-KY,69044,18074,81381,282.0,-15.15,468205,430993,8.63,-
twse,2026,7,4927,泰鼎-KY,1187574,1028086,1007178,15.51,17.91,6887430,7030170,-2.03,7月份自結數
twse,2026,7,4930,燦星網,528560,443560,518071,19.16,2.02,3260074,3502100,-6.91,-
tpex,2026,7,4931,新盛力,449435,394409,173180,13.95,159.51,2354073,1293353,82.01,因資料中心需求上升，故本月及本年累計營收較去年同期增加。
tpex,2026,7,4933,友輝,190523,209210,270197,-8.93,-29.48,1606897,1795701,-10.51,-
twse,2026,7,4934,太極,16682,18683,6322,-10.71,163.87,107939,41856,157.88,受惠於子公司營收挹注，本月及累計營收較去年同期成長。
twse,2026,7,4935,茂林-KY,372690,402601,475365,-7.42,-21.59,2456375,3306639,-25.71,-
twse,2026,7,4938,和碩,86015154,91295615,77103455,-5.78,11.55,604568417,616872721,-1.99,-
tpex,2026,7,4939,亞電,168175,151160,122979,11.25,36.75,917421,810835,13.14,-
twse,2026,7,4942,嘉彰,450623,457954,499289,-1.6,-9.74,3154565,3400281,-7.22,-
twse,2026,7,4943,康控-KY,204374,190461,126064,7.3,62.11,1317877,895173,47.22,本月較去年同期成長62.12%，主要係因部分汽車零組件新案(電容盒/域控制器/空氣懸架等相關產品零組件)於2026年量產出貨所致
tpex,2026,7,4946,辣椒,35160,20615,23736,70.55,48.12,188578,229237,-17.73,-
twse,2026,7,4949,有成精密,364461,333753,183479,9.2,98.63,2108472,1428287,47.62,主要係本期太陽能模組銷售量較去年同期增加所致。
tpex,2026,7,4950,金耘國際,124411,129400,83602,-3.85,48.81,764450,612569,24.79,-
tpex,2026,7,4951,精拓科,45429,45222,49838,0.45,-8.84,312536,312479,0.01,-
twse,2026,7,4952,凌通,250485,285811,170047,-12.35,47.3,1669834,1361249,22.66,-
tpex,2026,7,4953,緯致,1273547,1233074,954903,3.28,33.36,8295931,6319236,31.28,-
twse,2026,7,4956,光鋐,120161,113578,119271,5.79,0.74,843703,779459,8.24,-
twse,2026,7,4958,臻鼎-KY,17600546,17033197,13352388,3.33,31.81,106759389,91637736,16.5,-
twse,2026,7,4960,誠美材,642565,655074,736456,-1.9,-12.74,4513624,4967856,-9.14,-
twse,2026,7,4961,天鈺,1967297,1859601,1480137,5.79,32.91,11854385,11217784,5.67,-
tpex,2026,7,4966,譜瑞-KY,1353309,1672372,1414696,-19.07,-4.33,9593304,9668449,-0.77,-
twse,2026,7,4967,十銓,2544932,3018031,1280473,-15.67,98.74,19178142,11196567,71.28,因出貨量增加及銷售單價上漲所致。
twse,2026,7,4968,立積,320015,317192,325315,0.88,-1.62,2227554,2149146,3.64,-
tpex,2026,7,4971,IET-KY,105081,71880,75246,46.18,39.64,693300,583695,18.77,-
tpex,2026,7,4972,湯石照明,87973,86929,69125,1.2,27.26,586346,542874,8.0,-
tpex,2026,7,4973,廣穎電通,1008161,861821,307232,16.98,228.14,5531992,2440351,126.68,本月營收較去年同期增加係因市場價格上漲所致
tpex,2026,7,4974,亞泰,385056,348237,382985,10.57,0.54,2394554,2439300,-1.83,-
twse,2026,7,4976,佳凌,96973,95702,88567,1.32,9.49,625593,617393,1.32,-
twse,2026,7,4977,眾達-KY,181218,82280,76582,120.24,136.63,611792,620170,-1.35,因7/1納入品固集團營收
tpex,2026,7,4979,華星光,508777,455083,388346,11.79,31.01,2991363,2542738,17.64,-
twse,2026,7,4989,榮科,339461,370182,165256,-8.29,105.41,2389391,1414549,68.91,主係銷售量增加及銅價上漲
tpex,2026,7,4991,環宇-KY,145446,326169,156272,-55.4,-6.92,1632161,1119863,45.74,-
twse,2026,7,4994,傳奇,89539,87467,125659,2.36,-28.74,692003,714272,-3.11,-
tpex,2026,7,4995,晶達,141754,140986,94644,0.54,49.77,849907,731798,16.13,-
twse,2026,7,4999,鑫禾,149039,134754,158027,10.6,-5.68,969167,1113920,-12.99,-
twse,2026,7,5007,三星,537219,562514,546896,-4.49,-1.76,3670332,3697914,-0.74,-
tpex,2026,7,5009,榮剛,1109543,1119683,951002,-0.9,16.67,7200709,7046657,2.18,-
tpex,2026,7,5011,久陽,264441,270616,491226,-2.28,-46.16,2441362,3221666,-24.22,-
tpex,2026,7,5013,強新,833363,735956,591425,13.23,40.9,4980300,4446185,12.01,-
tpex,2026,7,5014,建錩,1664278,1635878,1266956,1.73,31.36,9710860,8363270,16.11,-
tpex,2026,7,5015,華祺,136717,110475,131569,23.75,3.91,737164,951525,-22.52,-
tpex,2026,7,5016,松和,187738,208884,169180,-10.12,10.96,1298360,1218434,6.55,-
tpex,2026,7,5201,凱衛,27759,18341,31068,51.34,-10.65,149425,180186,-17.07,-
tpex,2026,7,5202,力新,12597,17715,13345,-28.89,-5.6,81674,94552,-13.62,-
twse,2026,7,5203,訊連,174346,172887,208002,0.84,-16.18,1287810,1378484,-6.57,-
tpex,2026,7,5205,中茂,605,2835,2097,-78.65,-71.14,16845,12195,38.13,係因本期環保綠能收入較同期減少
tpex,2026,7,5206,坤悅,0,30445,81624,-100.0,-100.0,2284824,3756670,-39.17,本期營業收入較去年減少，主要係因上期「君匯」及「心里程」完工交屋過戶認列收入所致。
tpex,2026,7,5209,新鼎,381127,356053,508275,7.04,-25.01,2152869,2926553,-26.43,-
tpex,2026,7,5210,寶碩,25015,20504,21787,22.0,14.81,156757,149093,5.14,-
tpex,2026,7,5211,蒙恬,28853,25727,19295,12.15,49.53,157786,114757,37.49,-
tpex,2026,7,5212,凌網,93840,95585,142846,-1.82,-34.3,595853,606061,-1.68,因去年有較大專案認收，致本期營收較去年同期減少
tpex,2026,7,5213,亞昕,279577,459287,158637,-39.12,76.23,4892370,10780792,-54.61,認列1個工案、餘屋及租金收入
twse,2026,7,5215,科嘉-KY,292334,213910,243449,36.66,20.08,1878418,1445145,29.98,-
tpex,2026,7,5220,萬達光電,87471,94510,57318,-7.44,52.6,620514,455689,36.17,新客戶導入量產及產品線組合多元化
twse,2026,7,5222,全訊,65810,78057,80348,-15.68,-18.09,472070,559296,-15.59,-
tpex,2026,7,5223,安力-KY,198835,165729,172327,19.97,15.38,1125855,1117888,0.71,-
twse,2026,7,5225,東科-KY,1121521,948274,1008803,18.26,11.17,6120825,6245296,-1.99,-
tpex,2026,7,5227,立凱-KY,1340,2091,22336,-35.91,-94.0,59886,309284,-80.63,因需求減少，營業收入減少
tpex,2026,7,5228,鈺鎧,78793,62349,43351,26.37,81.75,460527,299936,53.54,市場需求增加
tpex,2026,7,5230,雷笛克光學,130024,123374,109205,5.39,19.06,787733,738758,6.62,-
twse,2026,7,5234,達興材料,447398,453009,401216,-1.23,11.51,2930404,2658355,10.23,-
twse,2026,7,5236,凌陽創新,180850,192161,183595,-5.88,-1.49,1348271,1174829,14.76,-
twse,2026,7,5243,乙盛-KY,1271880,1162478,858823,9.41,48.09,7635064,7279302,4.88,-
twse,2026,7,5244,弘凱,89866,73470,68286,22.31,31.6,466626,460358,1.36,-
tpex,2026,7,5245,智晶,81110,70702,54381,14.72,49.15,468423,496039,-5.56,-
tpex,2026,7,5251,天鉞電,17907,39779,19064,-54.98,-6.06,203066,189444,7.19,-
twse,2026,7,5258,虹堡,861104,895443,678675,-3.83,26.88,4832070,4153311,16.34,-
tpex,2026,7,5263,智崴,202279,200811,108104,0.73,87.11,1058596,674934,56.84,因增加新訂單，本月依工程進度認列營收，致2026年7月營收較去年同期增加。
twse,2026,7,5269,祥碩,783204,867194,1263048,-9.68,-37.99,7003758,7165077,-2.25,-
tpex,2026,7,5272,笙科,33967,29949,25884,13.41,31.22,194658,215223,-9.55,-
tpex,2026,7,5274,信驊,1524018,1310195,771292,16.31,97.59,8542184,5082957,68.05,本月及本年增減百分比達50%以上者，主係伺服器晶片營收較去年同期成長所致。
tpex,2026,7,5276,達輝-KY,103475,83058,87005,24.58,18.92,606396,529826,14.45,-
tpex,2026,7,5278,尚凡*,250132,289085,209448,-13.47,19.42,1646094,1394976,18.0,-
twse,2026,7,5283,禾聯碩,700359,713862,677172,-1.89,3.42,4033534,4045173,-0.28,-
twse,2026,7,5284,jpp-KY,420741,397000,311028,5.98,35.27,2805706,1970112,42.41,-
twse,2026,7,5285,界霖,604625,520254,475203,16.21,27.23,3586578,3160601,13.47,-
tpex,2026,7,5287,數字,199085,190617,204403,4.44,-2.6,1335337,1360417,-1.84,-
twse,2026,7,5288,豐祥-KY,850522,857013,556594,-0.75,52.8,5322003,4023624,32.26,主係北美休閒車輛客戶新產品出貨所致
tpex,2026,7,5289,宜鼎,8494810,8207987,1153358,3.49,636.52,44120829,6800529,548.78,本月營收及本年累計營收較去年同期增加係因出貨量增加及銷售單價上漲所致
tpex,2026,7,5291,邑昇,185331,122639,90122,51.11,105.64,898914,626250,43.53,主要為客戶需求增加所致。
twse,2026,7,5292,華懋,278768,274497,271955,1.55,2.5,1554822,1657473,-6.19,本公司完工百分比法係以投入成本為完工進度基礎，各期依工程安排時間不同而產生差異
tpex,2026,7,5299,杰力,121937,125277,130349,-2.66,-6.45,911710,942787,-3.29,-
tpex,2026,7,5301,寶得利,3365,10713,12571,-68.58,-73.23,95810,122903,-22.04,"子公司受地緣政治影響,致使營收下滑。"
tpex,2026,7,5302,太欣,4137,1584,2091,161.17,97.84,17603,9805,79.53,本月營收成長係分批訂單因生產進度改一次性出貨，今年累計營收成長係提供技術服務予關係人。
twse,2026,7,5306,桂盟,492714,500315,387764,-1.51,27.06,3239748,2921808,10.88,-
tpex,2026,7,5309,系統電,319017,294029,246917,8.49,29.2,2089414,1953005,6.98,-
tpex,2026,7,5310,天剛,7,85,32,-91.76,-78.12,330,431,-23.43,本月營收減少係因資訊系統整合業務銷售量較去年同期減少所致
tpex,2026,7,5312,寶島科,392998,363653,336536,8.06,16.77,2630045,2328599,12.94,單月及累計營收再創同期歷史新高
tpex,2026,7,5314,世紀*,552778,578813,221442,-4.49,149.62,3421008,1316087,159.93,本月主要成長係生技產品營收增加及子公司營收增加，致本月及本年度營收較去年同期增加。
tpex,2026,7,5315,光聯,143294,148708,133795,-3.64,7.09,1067603,1139211,-6.28,-
tpex,2026,7,5321,美而快,169731,167334,226196,1.43,-24.96,1278971,1676597,-23.71,-
tpex,2026,7,5324,士開,48281,190964,45813,-74.71,5.38,529163,504892,4.8,-
tpex,2026,7,5328,華容,99219,103968,69887,-4.56,41.97,623246,498512,25.02,-
tpex,2026,7,5340,建榮,272928,248445,185065,9.85,47.47,1608263,1288543,24.81,-
tpex,2026,7,5344,立衛,32398,31668,30619,2.3,5.81,217982,192132,13.45,-
tpex,2026,7,5345,馥鴻,2685,4633,626,-42.04,328.91,24136,3777,539.02,主係產品線成熟且結合經銷商銷售動能，導致較去年同期增加。
tpex,2026,7,5347,世界,4705722,5976507,3612796,-21.26,30.25,31482196,27261448,15.48,-
tpex,2026,7,5348,正能量智能,26613,21366,17484,24.55,52.21,168286,134062,25.52,本月較去年同期增加百分比達50%以上：主要係終端市場需求增加及本年度新增門市提高營運量能所致。
tpex,2026,7,5351,鈺創,2125060,1902529,307609,11.69,590.83,9759158,1679461,481.08,本月營收及本年累計營收皆較去年同期增加，主係市場需求增加所致。
tpex,2026,7,5353,台林,172753,162571,157092,6.26,9.96,1100283,1035783,6.22,-
tpex,2026,7,5355,佳總,69023,57383,35430,20.28,94.81,355616,276385,28.66,本月營業額增加主要原因為原物料價格上漲而調漲產品售價，終端客戶預期產品售價持續走高提前拉貨，帶動出貨量與營收的成長。
tpex,2026,7,5356,協益,430233,366217,292698,17.48,46.98,2202588,1944050,13.29,-
tpex,2026,7,5364,力麗店,8860,4755,31296,86.33,-71.68,84540,184256,-54.11,主係因調整旗下飯店營運結構，結束花蓮分公司及子公司力麗明池合作經營，致使力麗觀光及子公司合併營收下降所致。
tpex,2026,7,5371,中光電,3534778,3621114,3145766,-2.38,12.36,22931666,21477278,6.77,-
tpex,2026,7,5381,光譜,242713,133319,228260,82.05,6.33,1212989,1332402,-8.96,-
tpex,2026,7,5386,青雲,1992270,1567303,244078,27.11,716.24,17139262,2755628,521.97,本期及累計營收增加主要係記憶體模組、顯卡及伺服器銷售成長所致
twse,2026,7,5388,中磊,7979722,7270836,5274004,9.74,51.3,45242277,28843323,56.85,北美市場訂單增溫
tpex,2026,7,5392,能率,852452,778810,731198,9.45,16.58,5295947,5013230,5.63,-
tpex,2026,7,5398,慕康生醫,12630,15962,21842,-20.87,-42.17,80936,124111,-34.78,-
tpex,2026,7,5403,中菲,301682,290477,266029,3.85,13.4,1939681,1937495,0.11,-
tpex,2026,7,5410,國眾,406263,331851,308147,22.42,31.84,3723827,2470219,50.74,本期營收較去年同期大幅增加主要係專案收入增加所致
tpex,2026,7,5425,台半,1730537,1670280,1394632,3.6,24.08,11201018,10614712,5.52,-
tpex,2026,7,5426,振發,224969,161096,160091,39.64,40.52,1228296,1045942,17.43,-
tpex,2026,7,5432,新門,23027,20549,17424,12.05,32.15,114732,109940,4.35,-
twse,2026,7,5434,崇越,8173773,7507318,5731436,8.87,42.61,47535876,38477747,23.54,-
tpex,2026,7,5438,東友,95856,85088,117535,12.65,-18.44,471452,838531,-43.77,-
tpex,2026,7,5439,高技,1050323,1103029,1005270,-4.77,4.48,6641409,4717616,40.77,-
tpex,2026,7,5443,均豪,837103,466277,315168,79.52,165.6,3009269,2459054,22.37,配合客戶出貨
tpex,2026,7,5450,南良,249747,244618,192966,2.09,29.42,1592604,1426437,11.64,-
tpex,2026,7,5452,佶優,442343,414302,402778,6.76,9.82,2891362,3015938,-4.13,-
tpex,2026,7,5455,昇益,198,194,197,2.06,0.5,8213,2025932,-99.59,本年營收較去年減少係因去年個案交屋認列收入，且交屋量體較大，故與去年同期營收相比較變動減少幅度較大。
tpex,2026,7,5457,宣德,2015669,1744541,2081565,15.54,-3.16,12626785,12929711,-2.34,-
tpex,2026,7,5460,同協,21991,20373,19500,7.94,12.77,155678,138738,12.21,-
tpex,2026,7,5464,霖宏,100839,100353,73351,0.48,37.47,718204,547011,31.29,-
tpex,2026,7,5465,富驊,375293,374524,517185,0.2,-27.43,2380245,3637690,-34.56,-
tpex,2026,7,5468,凱鈺,9304,12052,7077,-22.8,31.46,92929,63476,46.4,-
twse,2026,7,5469,瀚宇博,6589531,5846217,5310317,12.71,24.08,39128609,31442724,24.44,-
twse,2026,7,5471,松翰,315750,315835,229243,-0.02,37.73,2023891,1557089,29.97,-
tpex,2026,7,5474,聰泰,166451,164174,140461,1.38,18.5,851395,823204,3.42,-
tpex,2026,7,5475,德宏,229336,174251,62999,31.61,264.03,1063809,425725,149.88,市場價格及需求數量上漲
tpex,2026,7,5478,智冠,552538,543958,512928,1.57,7.72,4149420,3682898,12.66,因IFRS15，MyCard屬代理性質營收採淨額，若總額本期為31.98億，較上期增加5.48%，較去年同期增加37.87%
tpex,2026,7,5481,新華,8602,6942,9403,23.91,-8.51,51715,56626,-8.67,-
tpex,2026,7,5483,中美晶,6997671,7706634,5478882,-9.19,27.72,47498814,45083283,5.35,-
twse,2026,7,5484,慧友,51112,132595,36553,-61.45,39.82,498316,241216,106.58,係因有接到代工訂單
tpex,2026,7,5487,通泰,15820,15180,13457,4.21,17.55,97774,100832,-3.03,-
tpex,2026,7,5488,松普,85256,84045,63910,1.44,33.4,568368,406851,39.69,-
tpex,2026,7,5489,彩富,176330,175314,152738,0.57,15.44,1089148,959200,13.54,-
tpex,2026,7,5490,同亨,140713,179613,90193,-21.65,56.01,1040107,848286,22.61,因去年同期主要客戶出貨減少
tpex,2026,7,5493,三聯,547645,587302,433456,-6.75,26.34,3634341,3076305,18.13,-
tpex,2026,7,5498,凱崴,226252,208674,111457,8.42,102.99,1256561,747811,68.03,主係鑽針收入成長，因AI產品暢旺，對鑽針的消耗大幅增加，鑽針需求量及價格皆有所提升。
tpex,2026,7,5508,永信建,275059,505340,101775,-45.56,170.26,2006086,1407885,42.48,營收隨完工案量多寡而變化乃屬建設業特性，故本期業績大幅成長尚屬合理。
tpex,2026,7,5511,德昌,1048103,1096115,1029234,-4.38,1.83,6396736,5659506,13.02,-
tpex,2026,7,5512,力麒,762231,462380,401255,64.84,89.96,3726529,3542309,5.2,係因建設部門本期出售房地所致。
tpex,2026,7,5514,三豐,1528,1749,482,-12.63,217.01,675136,3372,19921.82,本月營收因認列委建收入，致使較去年同期增加。本年累計營收因委建及三豐AIT完工認列收入，致使本年累計營收較去年同期增加。
twse,2026,7,5515,建國,697885,704033,533385,-0.87,30.84,4717285,3683716,28.05,-
tpex,2026,7,5516,雙喜,188981,294291,128145,-35.78,47.47,1427096,1012222,40.98,-
twse,2026,7,5519,隆大,111792,161886,1403646,-30.94,-92.03,1241089,2552635,-51.38,今年同期及累計較去年減少係去年同期自建案J52案完工認列房地收入較多所致。
tpex,2026,7,5520,力泰,365849,340118,390712,7.56,-6.36,2298337,2391261,-3.88,-
twse,2026,7,5521,工信,795349,862127,772489,-7.74,2.95,6216036,5568884,11.62,無
twse,2026,7,5522,遠雄,3552998,1992217,1228382,78.34,189.24,12084055,2183990,453.3,本月及截至本月累計營收較去年同期增加，主要係交屋量較去年同期完工可交屋成屋量增加所致。
tpex,2026,7,5523,豐謙,377,380,1147,-0.78,-67.13,2637,3392,-22.25,本月營收僅認列租賃收入所致。
twse,2026,7,5525,順天,460075,1272513,30997,-63.84,1384.25,4344206,287113,1413.06,本月及本年累計營收較去年同期增加，係因今年母公司ONE 33及緮華完工交屋收入所致
tpex,2026,7,5529,鉅陞,31292,77459,28400,-59.6,10.18,601640,55697,980.2,增減百分比達50％之原因：主係因認列交屋收入
tpex,2026,7,5530,龍巖,346190,281893,336494,22.8,2.88,2394517,2668438,-10.26,-
twse,2026,7,5531,鄉林,63049,58981,60394,6.89,4.39,386000,346911,11.26,建設業之銷售進度及狀況深受景氣榮枯及市場現狀影響，且建築個案之完工時間並非固定時點，故月營收的表現上會有較大之波動。
twse,2026,7,5533,皇鼎,55157,128463,70034,-57.06,-21.24,765251,792733,-3.46,-
twse,2026,7,5534,長虹,906787,731306,245215,23.99,269.79,3228711,1975411,63.44,本月營收較去年同期增加，主要係因本月過戶交屋數額較去年同期增加所致。
tpex,2026,7,5536,聖暉*,3885491,4774283,3757320,-18.61,3.41,28869890,23221225,24.32,-
twse,2026,7,5538,東明-KY,1326220,1222564,1041016,8.47,27.39,8167417,7235705,12.87,-
tpex,2026,7,5543,桓鼎-KY,273764,239202,273201,14.44,0.2,1914569,1837134,4.21,-
twse,2026,7,5546,永固-KY,155919,114350,148671,36.35,4.87,712892,1345454,-47.01,-
tpex,2026,7,5547,久舜,220229,234850,139172,-6.22,58.24,1435611,1280707,12.09,興建工程投入較去年同期增加所致。
tpex,2026,7,5548,安倉,243174,191673,163627,26.86,48.61,1552777,1371450,13.22,-
tpex,2026,7,5601,台聯櫃,7686,8046,7531,-4.47,2.05,54496,53679,1.52,-
tpex,2026,7,5603,陸海,118002,124345,113082,-5.1,4.35,828304,814477,1.69,-
tpex,2026,7,5604,中連,13520,13588,13207,-0.5,2.36,95370,92218,3.41,-
twse,2026,7,5607,遠雄港,514899,473463,373025,8.75,38.03,3098558,2267230,36.66,-
twse,2026,7,5608,四維航,362125,294006,250881,23.16,44.34,1984056,1801987,10.1,-
tpex,2026,7,5609,中菲行,3269476,3451671,2373016,-5.27,37.77,19852346,16782617,18.29,-
tpex,2026,7,5701,劍湖山,42291,26730,35666,58.21,18.57,269648,291944,-7.63,-
tpex,2026,7,5703,亞都麗緻,28013,40866,25458,-31.45,10.03,279860,244125,14.63,-
tpex,2026,7,5704,老爺知,843,666,26377,26.57,-96.8,102540,158568,-35.33,因本公司自115年3月起，暫停營業進行整修工程。
twse,2026,7,5706,鳳凰,301552,266437,265315,13.17,13.65,1830246,1890053,-3.16,-
tpex,2026,7,5864,致和證,-974304,266285,164416,-465.88,-692.58,4251082,84599,4924.97,主要係營業證券評價故
twse,2026,7,5871,中租-KY,8463270,7975156,7922682,6.12,6.82,56757870,57203526,-0.77,-
twse,2026,7,5876,上海商銀,5216480,5306818,4361237,-1.7,19.61,32750505,32332837,1.29,-
tpex,2026,7,5878,台名,75226,63907,72672,17.71,3.51,520025,513549,1.26,-
twse,2026,7,5880,合庫金,7009749,6519116,5820145,7.52,20.43,41842064,35594225,17.55,-
tpex,2026,7,5902,德記,215040,204985,184803,4.9,16.36,1304400,1399829,-6.81,-
tpex,2026,7,5903,全家,10173000,9590492,9696385,6.07,4.91,67159130,62418819,7.59,-
tpex,2026,7,5904,寶雅*,2471748,2245600,2073317,10.07,19.21,16498727,14413631,14.46,-
tpex,2026,7,5905,南仁湖,167415,253080,99178,-33.84,68.8,2090996,563331,271.18,本公司建案已完工，陸續交屋入帳。
twse,2026,7,5906,台南-KY,132645,127656,132837,3.9,-0.14,959933,971404,-1.18,-
twse,2026,7,5907,大洋-KY,202420,221391,174694,-8.56,15.87,1623711,1619231,0.27,-
twse,2026,7,6005,群益證,2046056,3645802,1635637,-43.87,25.09,21266887,10080769,110.96,主係自營操作獲利增加及成交量增加致經紀手續費收入增加
tpex,2026,7,6015,宏遠證,-192974,562029,129277,-134.33,-249.27,2203038,551897,299.17,"本月份因經紀手續費收入較去年同期增加,部位操作及評價損益均較去年同期減少所致."
tpex,2026,7,6016,康和證,-2015901,266344,578327,-856.87,-448.57,4647193,1363265,240.88,本月減少主係自營交易損失增加；本年增加主係自營交易利益增加。
tpex,2026,7,6020,大展證,-142681,44176,32265,-422.98,-542.21,840203,68064,1134.43,自營部門營業證券未實現出售淨損失本月較去年同期增加本年實現出售淨利益累積較去年同期增加
tpex,2026,7,6021,美好證,94130,208505,410738,-54.85,-77.08,3059347,674097,353.84,主係本月營業證券評價利益相較去年同期下降，故營業收入減少。
tpex,2026,7,6023,元大期貨,513559,501125,262288,2.48,95.79,2992513,2062038,45.12,主係手續費收入增加
twse,2026,7,6024,群益期,410756,525526,226934,-21.83,81.0,1533673,1809181,-15.22,差異原因: 自營部門從事套利交易，其業內交易收入本月較上期增加。
tpex,2026,7,6026,福邦證,45116,242679,80807,-81.4,-44.16,1003662,386050,159.98,本年營收較同期+160%，主係經紀收入、股票出售及評價之差異，致綜合淨利較同年期約增+6.95E(+724%)，僅供投資人參考。
tpex,2026,7,6028,公勝保經,515132,543688,322783,-5.25,59.59,3593532,2751292,30.61,係本期業績增長
tpex,2026,7,6101,寬魚國際,99816,69309,132118,44.01,-24.44,1087741,627483,73.34,本期營收較去年同期營收減少，差異原因主要係因去年同期認列營收之演唱會場次較多，使營收金額總計數較高所致。
tpex,2026,7,6103,合邦,5329,5302,9257,0.5,-42.43,47813,53728,-11.0,-
tpex,2026,7,6104,創惟,337913,357943,323408,-5.59,4.48,2453181,2442477,0.43,-
twse,2026,7,6108,競國,654851,437725,401275,49.6,63.19,3063756,2380516,28.7,伺服器用的記憶體模組板訂單量增加。
tpex,2026,7,6109,亞元,75544,69814,56700,8.2,33.23,502036,416277,20.6,-
tpex,2026,7,6111,光聚晶電,1149419,1078373,418357,6.58,174.74,7318461,2903067,152.09,新增子公司光罩(股票代號:2338)營收
twse,2026,7,6112,邁達特,2221632,2121814,1915917,4.7,15.95,14791892,12505612,18.28,-
tpex,2026,7,6113,亞矽,120638,104053,44607,15.93,170.44,615501,373200,64.92,產品需求增加所致
tpex,2026,7,6114,久威,81626,63806,73737,27.92,10.69,498988,568994,-12.3,-
twse,2026,7,6115,鎰勝,745570,682255,666164,9.28,11.91,4756360,4253873,11.81,-
twse,2026,7,6116,彩晶,871970,1075129,900233,-18.89,-3.13,6957299,6801522,2.29,-
twse,2026,7,6117,迎廣,275053,232718,302474,18.19,-9.06,1921670,1832142,4.88,-
tpex,2026,7,6118,建達,1004094,857249,844630,17.12,18.87,5824695,5605207,3.91,-
twse,2026,7,6120,達運,1000780,1570379,1159847,-36.27,-13.71,9757024,10260301,-4.9,-
tpex,2026,7,6121,新普,7106470,7052170,6325831,0.76,12.34,46492673,44330486,4.87,-
tpex,2026,7,6122,擎邦,347671,482696,299428,-27.97,16.11,2222883,2274651,-2.27,-
tpex,2026,7,6123,上奇,416973,381856,422390,9.19,-1.28,2640374,2862260,-7.75,-
tpex,2026,7,6124,業強,182228,137101,172819,32.91,5.44,1127665,1153785,-2.26,-
tpex,2026,7,6125,廣運,365339,362674,351154,0.73,4.03,2223860,1674825,32.78,-
tpex,2026,7,6126,信音,552658,554251,327436,-0.28,68.78,3465709,2252004,53.89,本期營收成長幅度較大，主要係去年底完成併購東莞國聯電子有限公司 80% 股權，並自本期起認列其營收所致。
tpex,2026,7,6127,九豪,93620,96811,77660,-3.29,20.55,609111,596539,2.1,以上資訊係屬初步自行結算完成，未經會計師簽證或核閱
twse,2026,7,6128,上福,438942,425123,437710,3.25,0.28,3057017,3142380,-2.71,-
tpex,2026,7,6129,普誠,124407,140243,95852,-11.29,29.79,849784,602378,41.07,"本月營業收入淨額含少數股權2,288仟元，本年累計營業收入淨額含少數股權32,664仟元。"
tpex,2026,7,6130,上亞科技,22411,17786,11633,26.0,92.65,111380,90036,23.7,藥品收入及加工收入增加
twse,2026,7,6133,金橋,135321,126132,125754,7.28,7.6,829029,772286,7.34,-
tpex,2026,7,6134,萬旭,231601,209313,185966,10.64,24.53,1445129,999435,44.59,-
twse,2026,7,6136,富爾特,62782,65265,49415,-3.8,27.05,396836,341591,16.17,-
tpex,2026,7,6138,茂達,700098,694794,642109,0.76,9.03,4742813,4237578,11.92,-
twse,2026,7,6139,亞翔,10928616,8485183,6734408,28.79,62.28,56885670,33787024,68.36,主要係工程進入施工高峰期，致本月營收較去年同期大幅增加。
tpex,2026,7,6140,訊達電腦,288991,170947,232998,69.05,24.03,1173722,1418596,-17.26,-
twse,2026,7,6141,柏承,254902,221166,142013,15.25,79.49,1345880,1087010,23.81,資料係自行結算數
twse,2026,7,6142,友勁,166423,184966,191916,-10.02,-13.28,1087621,1116003,-2.54,-
tpex,2026,7,6143,振曜,722533,890329,687106,-18.84,5.15,5034625,4346427,15.83,-
tpex,2026,7,6144,得利影,12454,11856,13376,5.04,-6.89,88481,97813,-9.54,-
tpex,2026,7,6146,耕興,415135,417190,375218,-0.49,10.63,2848872,2604829,9.36,-
tpex,2026,7,6147,頎邦,2522679,2288255,1812553,10.24,39.17,14910095,12328263,20.94,-
tpex,2026,7,6148,驊宏資,41885,52522,138007,-20.25,-69.65,284232,496181,-42.71,本月同期減少原因：係114/07金融機構專案交貨、驗收
tpex,2026,7,6150,撼訊,479412,443790,410256,8.02,16.85,3071497,4229351,-27.37,-
tpex,2026,7,6151,晉倫,155384,165277,136262,-5.98,14.03,1113664,1003809,10.94,-
twse,2026,7,6152,百一,302252,185404,118028,63.02,156.08,1258515,864529,45.57,客戶需求增加
twse,2026,7,6153,嘉聯益,565587,556716,468970,1.59,20.6,3296497,3179438,3.68,-
tpex,2026,7,6154,順發,384814,335975,331417,14.53,16.11,2393589,2271440,5.37,-
twse,2026,7,6155,鈞寶,64573,74196,52636,-12.96,22.67,438298,364622,20.2,-
tpex,2026,7,6156,松上,617622,616301,409471,0.21,50.83,3703495,3054420,21.25,子公司營收
tpex,2026,7,6158,禾昌,168476,175892,157025,-4.21,7.29,1065394,1070617,-0.48,-
tpex,2026,7,6160,欣技,90464,68653,109211,31.76,-17.16,603971,737076,-18.05,-
tpex,2026,7,6161,捷波,123135,155994,109774,-21.06,12.17,922934,720216,28.14,-
tpex,2026,7,6163,華電網,797162,473475,527417,68.36,51.14,3827810,2749404,39.22,因本期較去年同期驗收案件多，故營業額增加。
twse,2026,7,6164,華興,65687,69942,42092,-6.08,56.05,464178,464754,-0.12,主要因去年同期銷貨延後致營收較少
twse,2026,7,6165,浪凡,276543,331474,260100,-16.57,6.32,1996861,1842840,8.35,-
twse,2026,7,6166,凌華,1426503,1508267,1032558,-5.42,38.15,9329792,6634383,40.62,-
tpex,2026,7,6167,久正,96076,111885,113959,-14.12,-15.69,708967,691717,2.49,-
twse,2026,7,6168,宏齊,205558,203955,182312,0.78,12.75,1284830,1191368,7.84,-
tpex,2026,7,6169,昱泉,23,40,3062,-42.5,-99.24,271,22006,-98.76,主係授權收入減少所致
tpex,2026,7,6170,統振,270405,257307,281857,5.09,-4.06,1859051,1885901,-1.42,-
tpex,2026,7,6171,大城地產,34,15640,180059,-99.78,-99.98,138836,1042942,-86.68,本月及本年累計營收較去年同期減少，係因去年同期「大城二月埕」集中完工交屋所致
tpex,2026,7,6173,信昌電,537222,503868,363319,6.61,47.86,2937003,2408117,21.96,-
tpex,2026,7,6174,安碁,75458,65219,53614,15.69,40.74,439761,351342,25.16,-
tpex,2026,7,6175,立敦,474537,485614,337411,-2.28,40.64,3009398,2520500,19.39,-
twse,2026,7,6176,瑞儀,3760675,3693582,4154498,1.81,-9.47,26885220,28748938,-6.48,-
twse,2026,7,6177,達麗,1101399,2503589,193214,-56.0,470.04,9411539,1275591,637.81,本期營收較去年同期上升，主係本期「後壁田段三」完工過戶所致。
tpex,2026,7,6179,亞通,1097072,1102208,275344,-0.46,298.43,4912480,2222331,121.05,係因本期⼯程投⼊較去年同期增加所致
tpex,2026,7,6180,橘子,852478,590740,949529,44.3,-10.22,5270483,5715444,-7.78,-
tpex,2026,7,6182,合晶,994362,966318,836314,2.9,18.89,6196565,5606837,10.51,-
twse,2026,7,6183,關貿,346726,249625,243287,38.89,42.51,1706074,1490411,14.47,-
twse,2026,7,6184,大豐電,176222,184094,177095,-4.27,-0.49,1272857,1255392,1.39,-
tpex,2026,7,6185,幃翔,65312,65278,41936,0.05,55.74,413836,309416,33.74,主要客戶的新產品開始出貨，以及新客戶的產品開始量產。
tpex,2026,7,6186,新潤,14651,16492,2210536,-11.16,-99.33,3874028,8113722,-52.25,認列建案營收
tpex,2026,7,6187,萬潤,1054680,1012415,608083,4.17,73.44,4820761,3377865,42.71,因客戶擴產，設備需求較去年同期上升
tpex,2026,7,6188,廣明,681715,748280,652457,-8.89,4.48,4818528,5332073,-9.63,-
twse,2026,7,6189,豐藝,2781576,2413661,2627342,15.24,5.87,17744346,17971270,-1.26,-
tpex,2026,7,6190,萬泰科,1063947,985514,733560,7.95,45.03,6534475,5239959,24.7,-
twse,2026,7,6191,精成科,3919950,3446977,3294927,13.72,18.96,23212778,18117900,28.12,-
twse,2026,7,6192,巨路,916547,659176,596082,39.04,53.76,4766455,4236737,12.5,營收增加係因客戶擴充多個廠房，導致有新增加多筆工程案挹注。
tpex,2026,7,6194,育富,73380,55600,121814,31.97,-39.76,559753,871737,-35.78,-
tpex,2026,7,6195,詩肯,198160,201144,168974,-1.48,17.27,1473711,1271306,15.92,-
twse,2026,7,6196,帆宣,7518568,7595991,3733987,-1.01,101.35,43026692,29191724,47.39,115年7月單月合併營收較去年同期增加，主要係銷貨收入及工程收入增加所致。
twse,2026,7,6197,佳必琪,834706,894976,724021,-6.73,15.28,5371297,4352124,23.41,-
tpex,2026,7,6198,瑞築,22,22,22,0.0,0.0,140,125,12.0,-
tpex,2026,7,6199,天品,77561,76358,18629,1.57,316.34,560107,71902,678.98,"主係伺服器潔淨較去年本月增加56,569仟元，較去年累計增加351,465仟元;殯葬部份較去年累計增加135,135仟元。"
twse,2026,7,6201,亞弘電,327231,284301,351756,15.1,-6.97,1835031,2054587,-10.68,-
twse,2026,7,6202,盛群,365463,351976,259614,3.83,40.77,2174167,1880591,15.61,-
tpex,2026,7,6203,海韻電,149397,140778,237776,6.12,-37.16,1160652,1659477,-30.05,-
tpex,2026,7,6204,艾華,46213,38175,34546,21.05,33.77,252809,237176,6.59,-
twse,2026,7,6205,詮欣,131228,138890,114940,-5.51,14.17,796998,856441,-6.94,-
twse,2026,7,6206,飛捷,568481,609982,411379,-6.8,38.18,3960316,3133304,26.39,-
tpex,2026,7,6207,雷科,112882,85555,106182,31.94,6.3,716111,686919,4.24,-
tpex,2026,7,6208,日揚,356909,365979,363715,-2.47,-1.87,2120705,2105502,0.72,-
twse,2026,7,6209,今國光,524235,432643,271404,21.17,93.15,2938560,1791949,63.98,客戶需求增加。
tpex,2026,7,6210,慶生,42873,46307,17956,-7.41,138.76,257135,162028,58.69,訂單增加
tpex,2026,7,6212,理銘,115918,113112,106476,2.48,8.86,667314,1294792,-48.46,累計營收較去年減少，主要係去年度交屋量較多
twse,2026,7,6213,聯茂,4749174,4213673,2412223,12.7,96.87,25422252,18869433,34.72,受惠於漲價效應和AI相關需求成長
twse,2026,7,6214,精誠,4744529,6740236,3599355,-29.6,31.81,32112320,23575784,36.2,-
twse,2026,7,6215,和椿,378154,279001,275623,35.53,37.19,2053460,1365323,50.4,自動化零組件及設備需求增加
twse,2026,7,6216,居易,63389,47186,59228,34.33,7.02,348245,474098,-26.54,-
tpex,2026,7,6217,中探針,421657,429066,329937,-1.72,27.79,2693876,1980218,36.03,無
tpex,2026,7,6218,豪勉,102950,205046,76718,-49.79,34.19,903816,799200,13.09,-
tpex,2026,7,6219,富旺,718148,45979,227,1461.9,316264.75,1992791,7043,28194.63,因建案完工入帳時間差異，本月營業收入及累計營業收入較去年同期產生較大波動。
tpex,2026,7,6220,岳豐,985000,1059374,619049,-7.02,59.11,5873489,4875315,20.47,主要為去年同期因美國關稅影響，客戶下單趨緩使得營收減少，今年已逐步恢復正常，以及今年度大陸內銷市場營收較為成長所致。
tpex,2026,7,6221,晉泰,266051,367093,537952,-27.52,-50.54,2240550,3375057,-33.61,主係去年同期需求旺盛致使營收基期較高，本期回歸平穩所致。
tpex,2026,7,6222,立軒,112,67,189,67.16,-40.74,1463,2145,-31.79,-
tpex,2026,7,6223,旺矽,1805362,1832915,1084331,-1.5,66.49,10971816,7205815,52.26,本月合併營收較去年同期大幅成長，主要受惠客戶 AI 及高效能運算晶片相關測試需求持續強勁，帶動公司出貨動能提升。
twse,2026,7,6224,聚鼎,317937,246494,221108,28.98,43.79,1794238,1697876,5.67,-
twse,2026,7,6225,天瀚,2753,15211,1293,-81.9,112.91,29510,21552,36.92,本期營收增加，主要係本公司客戶端需求增加所致。
twse,2026,7,6226,光鼎,60059,55826,49428,7.58,21.5,386957,363758,6.37,-
tpex,2026,7,6227,茂綸,3339960,1992052,2295761,67.66,45.48,15174369,11043740,37.4,-
tpex,2026,7,6228,全譜,3649,3532,3201,3.31,13.99,26873,30014,-10.46,依客戶訂單出貨
tpex,2026,7,6229,研通,247273,236080,197892,4.74,24.95,1715879,1162431,47.61,-
twse,2026,7,6230,尼得科超眾,788510,757527,791141,4.09,-0.33,5466603,5082516,7.55,-
tpex,2026,7,6231,系微,100921,205672,108248,-50.93,-6.76,1004487,919575,9.23,-
tpex,2026,7,6233,旺玖,42866,35928,33852,19.31,26.62,237799,230273,3.26,-
tpex,2026,7,6234,高僑,60801,52858,28745,15.02,111.51,337228,263770,27.84,本月專案驗收入帳金額較高
twse,2026,7,6235,華孚,550108,537633,539727,2.32,1.92,3766756,3681998,2.3,-
tpex,2026,7,6236,中湛,2562,3019,2569,-15.13,-0.27,18624,22938,-18.8,-
tpex,2026,7,6237,驊訊,59139,38983,35688,51.7,65.71,349375,238481,46.5,7月營收增加主要係品牌客戶新增寬頻運營商通路合作案，終端銷售與備貨需求增加所致。
twse,2026,7,6239,力成,8270133,7622977,6392589,8.48,29.37,52700132,39946551,31.92,-
tpex,2026,7,6240,松崗,3344,4369,4071,-23.46,-17.85,28333,26275,7.83,-
tpex,2026,7,6241,鑫永洋,62764,55971,52906,12.13,18.63,417321,427721,-2.43,-
tpex,2026,7,6242,立康,42064,49858,42098,-15.63,-0.08,325613,341492,-4.64,-
twse,2026,7,6243,迅杰,31860,25638,55211,24.26,-42.29,200236,406875,-50.78,本年累計營收較去年同期減少，主要係受記憶體價格波動影響，電競相關市場需求持續放緩所致。
tpex,2026,7,6244,茂迪,314183,307848,247149,2.05,27.12,1986394,1708491,16.26,-
tpex,2026,7,6245,立端,1053432,708574,520097,48.66,102.54,4521818,3832334,17.99,係因客戶出貨需求增加所致。
tpex,2026,7,6246,臺龍,121227,97891,138469,23.83,-12.45,740550,915402,-19.1,-
tpex,2026,7,6248,沛波,628864,570338,575675,10.26,9.23,3739334,4620172,-19.06,-
twse,2026,7,6257,矽格,2014186,1958518,1590738,2.84,26.61,13188659,11054277,19.3,-
tpex,2026,7,6259,百徽,74415,73701,38708,0.96,92.24,440201,285294,54.29,主係客戶訂單成長，以致營收較前期增加。
tpex,2026,7,6261,久元,374346,390228,404983,-4.06,-7.56,2507881,2354777,6.5,-
tpex,2026,7,6263,普萊德,201059,173402,145859,15.94,37.84,1168549,1084680,7.73,-
tpex,2026,7,6264,富裔,2478,524,1774,372.9,39.68,55236,40351,36.88,收入較去年同月增加，主係本年度子公司富永營造收入增加所致。
tpex,2026,7,6265,方土昶,631916,617105,77781,2.4,712.42,3057868,366607,734.09,受市場需求成長影響
tpex,2026,7,6266,泰詠,286509,241766,284319,18.5,0.77,1836584,1916152,-4.15,-
twse,2026,7,6269,台郡,2045178,1715580,1967149,19.21,3.96,12892244,12635423,2.03,-
tpex,2026,7,6270,倍微,384610,411730,234806,-6.58,63.79,2060226,1801207,14.38,記憶體及MCU相關產品受市場供需影響，客戶提前拉貨備料，致本期營收較去年同期增加。
twse,2026,7,6271,同欣電,1130269,1079530,923244,4.7,22.42,7102470,6798702,4.46,-
twse,2026,7,6272,驊陞,309717,281717,378670,9.93,-18.2,1876787,2347045,-20.03,-
tpex,2026,7,6274,台燿,5908074,4895221,2667033,20.69,121.52,30263704,15819612,91.3,產品組合優化
tpex,2026,7,6275,元山,344441,342711,348762,0.5,-1.23,2525260,2502707,0.9,-
tpex,2026,7,6276,安鈦克,53996,44934,91502,20.16,-40.98,453397,874137,-48.13,-
twse,2026,7,6277,宏正,476641,486729,364110,-2.07,30.9,3111958,2700494,15.23,-
twse,2026,7,6278,台表科,4667997,4376679,4161114,6.65,12.18,30453581,29162993,4.42,-
tpex,2026,7,6279,胡連,975942,976690,706186,-0.07,38.19,5845896,5202697,12.36,-
twse,2026,7,6281,全國電,1930675,1802153,1851046,7.13,4.3,11604238,11681657,-0.66,-
twse,2026,7,6282,康舒,3263384,3423036,2290888,-4.66,42.45,21359334,16777688,27.3,-
twse,2026,7,6283,淳安,156347,121651,242029,28.52,-35.4,976247,1069112,-8.68,-
tpex,2026,7,6284,佳邦,642365,660925,637511,-2.8,0.76,4209111,4510665,-6.68,-
twse,2026,7,6285,啟碁,16912812,15869573,8910024,6.57,89.81,85507279,64767550,32.02,客戶需求增加
tpex,2026,7,6290,良維,902247,848163,788922,6.37,14.36,6208361,5744856,8.06,-
tpex,2026,7,6291,沛亨,244174,243258,175102,0.37,39.44,1606871,1133510,41.76,-
tpex,2026,7,6292,迅德,117700,98429,93441,19.57,25.96,712754,545876,30.57,-
tpex,2026,7,6294,智基,77984,90027,87079,-13.37,-10.44,548762,628081,-12.62,-
twse,2026,7,6405,悅城,0,6,60,-100.0,-100.0,248,507,-51.08,係本月出貨減少所致
twse,2026,7,6409,旭隼,2013975,1939784,1600815,3.82,25.8,11772975,12300528,-4.28,-
tpex,2026,7,6411,晶焱,257812,238078,221638,8.28,16.32,1611438,1415918,13.8,-
twse,2026,7,6412,群電,2531200,3099991,2909244,-18.34,-12.99,18758561,20481347,-8.41,-
twse,2026,7,6414,樺漢,16400623,17661254,10576419,-7.13,55.06,101693906,79735224,27.53,AI需求增加、客戶需求強勁
twse,2026,7,6415,矽力*-KY,2356843,2084305,1486511,13.07,58.54,13217330,10155866,30.14,部份終端產品的需求增加，且本公司在產品佈局上更加完整，故營收較去年同期增幅較大。
twse,2026,7,6416,瑞祺電通,451310,667868,260118,-32.42,73.5,2842205,2430565,16.93,因應上半年部分區域訂單物料遞延，公司於階段性齊料後迅速優化生產排程並加速出貨，帶動7月單月營收成長。
tpex,2026,7,6417,韋僑,166748,169031,132253,-1.35,26.08,1100901,909933,20.98,-
tpex,2026,7,6418,詠昇,96879,92960,59446,4.21,62.96,533597,448851,18.88,客戶訂單增加
tpex,2026,7,6419,京晨科,171113,145252,29786,17.8,474.47,839404,284215,195.34,美國子公司陸續接獲專案建置工程，致使營收增加
tpex,2026,7,6423,億而得,77086,4667,52106,1551.72,47.94,202265,166780,21.27,-
tpex,2026,7,6425,易發,178759,167462,54675,6.74,226.94,1052966,694322,51.65,因應客戶產能建置，以致使我司營收相較去年同期增加。
twse,2026,7,6426,統新,78293,70734,51272,10.68,52.7,440340,264040,66.77,市場需求漸回溫
twse,2026,7,6431,光麗-KY,35744,29914,17724,19.48,101.67,220582,216869,1.71,本期增加主係與零售通路合作所致。
tpex,2026,7,6432,今展科,117203,100180,96697,16.99,21.2,733183,660364,11.02,-
tpex,2026,7,6435,大中,334509,322830,269388,3.61,24.17,2233070,1979968,12.78,-
twse,2026,7,6438,迅得,638075,592925,605495,7.61,5.38,4206528,3791924,10.93,-
tpex,2026,7,6441,廣錠,10448,10948,22378,-4.56,-53.31,71798,187389,-61.68,因客戶舊專案已全數出貨，新專案尚未開始出貨，使本期拉貨數量減少，致營收下降。
twse,2026,7,6442,光聖,1229355,1069405,823662,14.95,49.25,7616552,5837159,30.48,-
twse,2026,7,6443,元晶,67526,79986,68671,-15.57,-1.66,741359,1179728,-37.15,-
twse,2026,7,6446,藥華藥,2507284,2332801,1301897,7.47,92.58,14484093,8161664,77.46,本月及本年累計營收較去年成長，主要來自認列子公司PharmaEssentia USA Corp.之營收。
twse,2026,7,6449,鈺邦,505817,463020,375297,9.24,34.77,3004141,2417932,24.24,-
twse,2026,7,6451,訊芯-KY,777120,750026,723439,3.61,7.42,4345751,4488402,-3.17,-
twse,2026,7,6456,GIS-KY,4081086,3410725,5418015,19.65,-24.67,30660695,39643383,-22.65,-
tpex,2026,7,6461,益得,211,6162,709,-96.57,-70.23,36658,96132,-61.86,"本月及本年較去年同期減少，主要因經銷商備貨減少以及去年認列海思科完成合約之技術服務收入6,804萬所致。"
tpex,2026,7,6462,神盾,796402,371296,486026,114.49,63.85,4711592,2765600,70.36,主係合併子公司營收陸續於本年度出貨
twse,2026,7,6464,台數科,344675,357590,376191,-3.61,-8.37,2489685,2551122,-2.4,-
tpex,2026,7,6465,威潤,45076,37553,20562,20.03,119.21,200763,108119,85.68,本月因增加其他電子產品銷售、致本月較上期營收增加
tpex,2026,7,6469,大樹,1588849,1543601,1502153,2.93,5.77,11157491,10953913,1.85,-
tpex,2026,7,6470,宇智,105206,118509,174186,-11.22,-39.6,670531,1258492,-46.71,-
twse,2026,7,6472,保瑞,1901563,2297853,1797836,-17.24,5.76,11794176,11804347,-0.08,"停業單位營收累計為2,614千元"
tpex,2026,7,6474,華豫寧,497248,445897,286490,11.51,73.56,2671321,2252387,18.59,主係客戶因採購規劃調整，於本期增加備貨需求，帶動營收成長。
twse,2026,7,6477,安集,63694,72924,87117,-12.65,-26.88,513221,451642,13.63,-
tpex,2026,7,6482,弘煜科,31671,39531,46391,-19.88,-31.73,220535,318038,-30.65,-
tpex,2026,7,6485,點序,114625,95541,103071,19.97,11.2,748211,833070,-10.18,-
tpex,2026,7,6486,互動,171320,324711,107144,-47.23,59.89,1207407,1007717,19.81,本月營收較去年同期增加50%以上，係因本月認列營收的專案較去年同期增加所致。
tpex,2026,7,6488,環球晶,4977758,5624376,4162281,-11.49,19.59,34176866,35764712,-4.43,-
twse,2026,7,6491,晶碩,745591,723965,634991,2.98,17.41,4745763,3855304,23.09,-
tpex,2026,7,6492,生華科,80,80,83,0.0,-3.61,560,583,-3.94,-
tpex,2026,7,6494,九齊,155174,130018,86523,19.34,79.34,982544,662959,48.2,"去年同期受關稅影響,營收基期低"
tpex,2026,7,6496,科懋,87972,69403,67482,26.75,30.36,538519,479375,12.33,-
tpex,2026,7,6498,久禾光,110979,110279,116361,0.63,-4.62,834756,675748,23.53,-
tpex,2026,7,6499,益安,42424,36472,25140,16.31,68.75,263324,237400,10.91,本月營收較去年同期增長，係因CDMO事業體業務成長所致
twse,2026,7,6504,南六,518357,549322,514886,-5.63,0.67,3847953,3809008,1.02,-
twse,2026,7,6505,台塑化,74820787,63683339,56534425,17.48,32.34,419793153,375349195,11.84,-
tpex,2026,7,6506,雙邦,170491,164308,144778,3.76,17.76,1287529,1148733,12.08,-
tpex,2026,7,6508,惠光,84947,116327,84163,-26.97,0.93,993370,1066907,-6.89,-
tpex,2026,7,6509,聚和,462096,413625,412600,11.71,11.99,3178728,3004308,5.8,-
tpex,2026,7,6510,精測,614606,573909,410084,7.09,49.87,3611590,2778193,29.99,-
tpex,2026,7,6512,啟發電,3235,4791,14773,-32.47,-78.1,54619,114334,-52.22,本月營收年減，主係產品世代轉換期間的影響。新系列新品現已陸續進入量產及出貨階段，市場拓展穩步推進。
twse,2026,7,6515,穎崴,1600351,1460220,626187,9.59,155.57,8104001,4445783,82.28,受惠於全球AI及HPC客戶需求持續強勁，高階測試座Coaxial Socket及 MEMS 探針卡持續拉貨，本月營收變動達50%以上。
tpex,2026,7,6516,勤崴國際,43828,51513,40154,-14.91,9.14,369603,293792,25.8,-
tpex,2026,7,6517,保勝光學,56732,49812,29091,13.89,95.01,274389,293145,-6.39,配合客戶交期出貨致產生差異
tpex,2026,7,6523,達爾膚,82967,87015,89390,-4.65,-7.18,562185,662059,-15.08,-
twse,2026,7,6525,捷敏-KY,614164,562901,465294,9.1,31.99,3622585,3066729,18.12,-
twse,2026,7,6526,達發,2288868,2209590,1949009,3.58,17.43,14032939,12693818,10.54,-
tpex,2026,7,6527,明達醫,73105,68749,58380,6.33,25.22,479191,539310,-11.14,-
tpex,2026,7,6530,創威,32296,31597,27018,2.21,19.53,219047,186890,17.2,-
twse,2026,7,6531,愛普*,1103906,811206,451364,36.08,144.57,5568560,2744740,102.88,因市場需求相對增加所致
tpex,2026,7,6532,瑞耘,87975,61046,58998,44.11,49.11,450969,414872,8.7,-
twse,2026,7,6533,晶心科,120282,372169,98395,-67.68,22.24,1012905,649162,56.03,本期累積收入較去年累積收入增加主要係因矽智財授權收入增加所致。
twse,2026,7,6534,正瀚-創,62238,88896,50722,-29.98,22.7,1391167,1324854,5.0,-
tpex,2026,7,6535,順藥,78,4973,7263,-98.43,-98.92,9689,18339,-47.16,本月銷貨及勞務收入皆較去年同期減少
tpex,2026,7,6538,倉和,157252,135650,96256,15.92,63.36,854381,913785,-6.5,本月主產品太陽能網版銷貨量大幅提升所致
twse,2026,7,6541,泰福-KY,53787,97572,16881,-44.87,218.62,407057,113562,258.44,CDMO業務主要採完工比例認列，依投入工時計算。
tpex,2026,7,6542,隆中,76108,77474,64176,-1.76,18.59,584023,488168,19.63,-
tpex,2026,7,6546,正基,213809,194193,187473,10.1,14.04,1310966,1399160,-6.3,-
tpex,2026,7,6547,高端疫苗,47371,41559,55922,13.98,-15.29,268350,316224,-15.13,-
tpex,2026,7,6548,長科*,1555599,1501447,1148574,3.6,35.43,9542530,7577655,25.92,-
twse,2026,7,6550,北極星藥業-KY,-3571,3807,3198,-193.8,-211.66,40474,20087,101.49,主係因退還客戶簽約金，導致本期收入呈現負數。
twse,2026,7,6552,易華電,89104,84412,115968,5.55,-23.16,666032,937339,-28.94,-
tpex,2026,7,6556,勝品,98934,102625,141711,-3.59,-30.18,854974,821233,4.1,-
twse,2026,7,6558,興能高,63265,107853,106273,-41.34,-40.46,581332,659115,-11.8,-
tpex,2026,7,6560,欣普羅,15504,15557,13744,-0.34,12.8,152393,97623,56.1,因主要客戶訂單逐漸回穩並陸續開始出貨。
tpex,2026,7,6561,是方,359172,360423,304286,-0.34,18.03,2385128,2385055,0.0,-
tpex,2026,7,6568,宏觀,105911,106724,78845,-0.76,34.32,764622,638605,19.73,-
tpex,2026,7,6569,醫揚,54973,161202,111169,-65.89,-50.55,861517,778579,10.65,專案出貨遞延
tpex,2026,7,6570,維田,106949,99898,53679,7.05,99.23,657307,512183,28.33,受惠自動化專案在美洲及歐洲市場持續發酵。
twse,2026,7,6573,虹揚-KY,76139,67271,71901,13.18,5.89,456215,524784,-13.06,-
tpex,2026,7,6574,霈方,68444,76696,55334,-10.75,23.69,483049,357573,35.09,-
tpex,2026,7,6576,逸達,30280,10945,8851,176.65,242.1,292241,230960,26.53,本月營收較去年同期增加，係因前期未有銷貨收入所致。
tpex,2026,7,6577,勁豐,192126,178844,160846,7.42,19.44,1245487,1203129,3.52,-
tpex,2026,7,6578,達邦蛋白,37717,35234,25070,7.04,50.44,227292,184536,23.16,中聯事件致國內飼料用原料短缺，營運團隊立即應變，承擔起國內畜牧場飼料中優質蛋白原料之需求，備受產業客戶肯定。
twse,2026,7,6579,研揚,913921,1089075,713119,-16.08,28.15,6141481,4773367,28.66,自115年5月起新增合併子公司AAEON Technology 株式会社。
twse,2026,7,6581,鋼聯,90260,195992,182441,-53.94,-50.52,1372366,1314125,4.43,今年7月銷貨數量較去年7月減少。
twse,2026,7,6582,申豐,42498,44570,62323,-4.64,-31.81,303238,614771,-50.67,本年累計營業收入受市場狀況影響，營收減少。
tpex,2026,7,6584,南俊國際,280305,286390,211070,-2.12,32.8,1993573,1311815,51.97,主係雲端CSP客戶的GB系列AI伺服器導軌持續出貨以及通用型伺服器導軌出貨增溫所致
twse,2026,7,6585,鼎基,294717,324973,196137,-9.31,50.26,1951717,1652124,18.13,"本期(115年07月)較去年同期(114年07月)營業收入增加98,580仟元,成長50.26%,主係為客戶需求增加。"
tpex,2026,7,6588,東典光電,30934,33381,14692,-7.33,110.54,214691,93744,129.01,光通與網通需求回升帶動營收回穩
twse,2026,7,6589,台康生技,211799,113305,74585,86.92,183.96,832545,487118,70.91,本月及本年營收較去年同期增加主係自有產品之授權金逐步認列及CDMO業務成長所致。
tpex,2026,7,6590,普鴻,60313,79215,55851,-23.86,7.98,430777,386967,11.32,-
twse,2026,7,6591,動力-KY,80249,64754,135340,23.92,-40.7,624416,1060353,-41.11,-
twse,2026,7,6592,和潤企業,1901386,1845007,1963196,3.05,-3.14,13465486,14046334,-4.13,-
tpex,2026,7,6593,台灣銘板,32256,32216,26205,0.12,23.09,273138,263905,3.49,-
tpex,2026,7,6596,寬宏藝術,94502,144110,735036,-34.42,-87.14,1416971,1585871,-10.65,本期展演節目較去年同期少
tpex,2026,7,6597,立誠,61066,49452,60518,23.48,0.9,368214,432148,-14.79,-
twse,2026,7,6598,ABC-KY,45954,88891,41519,-48.3,10.68,473651,276791,71.12,本年度累積營收增長，主係市場開發成果與客戶需求提升，致使出貨增加。
tpex,2026,7,6603,富強鑫,443027,402006,324422,10.2,36.55,2698406,2594619,4.0,-
twse,2026,7,6605,帝寶,1728233,1599261,1390623,8.06,24.27,11370092,11369212,0.0,-
twse,2026,7,6606,建德工業,90532,98477,64789,-8.06,39.73,575337,464974,23.73,-
tpex,2026,7,6609,瀧澤科,239426,245083,147077,-2.3,62.78,1394323,1390059,0.3,市場需求增加所致。
tpex,2026,7,6612,奈米醫材,108192,116060,83987,-6.77,28.81,754468,650833,15.92,-
tpex,2026,7,6613,朋億*,1292507,1992776,786557,-35.14,64.32,7420950,4979299,49.03,營收較去年同期增加主係半導體廠擴廠暢旺
twse,2026,7,6614,資拓宏宇,426845,382550,408656,11.57,4.45,2916266,2264768,28.76,-
tpex,2026,7,6615,慧智,33668,32327,32273,4.14,4.32,223774,228875,-2.22,-
tpex,2026,7,6616,特昇-KY,67331,65454,93065,2.86,-27.65,460681,601292,-23.38,-
tpex,2026,7,6617,共信-KY,4587,4505,2805,1.82,63.52,26380,19179,37.54,自2018年度起依據國際會計準則公報15號規定認列收入
tpex,2026,7,6620,漢達,69658,80920,69251,-13.91,0.58,493297,1009050,-51.11,營收差異主要係114年4月份認列Phyrago授權收入所致
tpex,2026,7,6624,萬年清,9011,8396,50528,7.32,-82.16,197544,279996,-29.44,本月專案工程投入進度較去年減少。
twse,2026,7,6625,必應,375941,260597,297121,44.26,26.52,2524675,2088383,20.89,-
tpex,2026,7,6629,泰金-KY,240320,199563,120467,20.42,99.49,1593219,827816,92.46,新系列產品訂單成長
tpex,2026,7,6637,醫影,50379,238693,55134,-78.89,-8.62,570899,824691,-30.77,-
tpex,2026,7,6640,均華,688933,340792,188229,102.15,266.0,2340774,1355674,72.66,配合客戶出貨
twse,2026,7,6641,基士德-KY,168213,208098,150620,-19.16,11.68,1111732,990431,12.24,-
tpex,2026,7,6642,富致,71671,62997,41797,13.76,71.47,392949,321541,22.2,因大陸地區客戶受被動元件漲價影響，尤以M LC C 預期更進一步的漲價而積極備貨。且去年同期相對基期較低所以YOY成長幅度較大。
tpex,2026,7,6643,M31,165627,125326,128183,32.15,29.21,982225,1011430,-2.88,-
twse,2026,7,6645,金萬林-創,63149,66053,48409,-4.39,30.44,341528,276303,23.6,-
tpex,2026,7,6649,台生材,12387,13149,17764,-5.79,-30.26,75728,119185,-36.46,-
tpex,2026,7,6651,全宇昕,186686,153275,119346,21.79,56.42,1049621,918956,14.21,AI 相關D/C FAN及網通應用產品因市場需求增加
tpex,2026,7,6654,天正國際,90547,80272,29830,12.8,203.54,418206,192911,116.78,主係因為客戶需求增加及新設備出貨所致
twse,2026,7,6655,科定,306978,270159,231285,13.62,32.72,1814495,1422683,27.54,-
twse,2026,7,6657,華安,614,502,493,22.31,24.54,3857,3770,2.3,-
twse,2026,7,6658,聯策,198794,166586,87116,19.33,128.19,1522940,1292582,17.82,配合客戶訂單時程交貨，故本月營收較去年本月上升
tpex,2026,7,6661,威健生技,33161,33271,33446,-0.33,-0.85,224137,201447,11.26,-
tpex,2026,7,6662,樂斯科,23780,22947,22169,3.63,7.26,149307,152320,-1.97,-
tpex,2026,7,6664,群翊,274733,249672,210999,10.03,30.2,1655490,1417988,16.74,-
twse,2026,7,6666,羅麗芬-KY,94649,167760,84131,-43.58,12.5,762057,680449,11.99,-
tpex,2026,7,6667,信紘科,452041,653712,576478,-30.85,-21.58,3671159,3572510,2.76,-
twse,2026,7,6668,中揚光,107699,107572,91374,0.11,17.86,693124,604227,14.71,-
twse,2026,7,6669,緯穎,117685530,111371123,84528726,5.66,39.22,672345856,475927510,41.27,-
twse,2026,7,6670,復盛應用,2365928,2426437,1891387,-2.49,25.08,18909030,16943213,11.6,-
twse,2026,7,6671,三能-KY,150410,136126,149038,10.49,0.92,969825,1111259,-12.72,-
twse,2026,7,6672,騰輝電子-KY,665315,573491,348652,16.01,90.82,3525029,2474075,42.47,航太與國防領域高毛利聚醯亞胺（PI）材料需求成長、漲價效應及高速訂單增加
twse,2026,7,6674,鋐寶科技,49214,17838,50358,175.89,-2.27,266278,364708,-26.98,-
tpex,2026,7,6679,鈺太,174571,178675,160561,-2.29,8.72,1258881,1173045,7.31,-
tpex,2026,7,6680,鑫創電子,37284,55255,34494,-32.52,8.08,330691,276455,19.61,-
tpex,2026,7,6683,雍智科技,230193,231316,185082,-0.48,24.37,1546438,1185403,30.45,-
tpex,2026,7,6684,安格,27024,18613,24917,45.18,8.45,184812,185756,-0.5,-
twse,2026,7,6689,伊雲谷,1333176,1070868,937284,24.49,42.23,7455358,7346370,1.48,-
tpex,2026,7,6690,安碁資訊,210914,239493,193693,-11.93,8.89,1495194,1307737,14.33,-
twse,2026,7,6691,洋基工程,4763774,4439630,1719406,7.3,177.05,22875137,11547306,98.09,本月營收較去年同期增加177.06%，主要係因本月正在投入進行的專案較去年同期增加所致。
tpex,2026,7,6692,進能服,106566,69216,33676,53.96,216.44,472984,1053651,-55.1,當月營收較去年同期增加216.44%，本年累計營收較去年同期減少55.11%，主要係工程收入變動所致。
tpex,2026,7,6693,廣閎科,242458,234257,116064,3.5,108.9,1409573,752082,87.42,終端需求增加及新品導入量產
twse,2026,7,6695,芯鼎,101641,101320,91684,0.31,10.86,608786,661684,-7.99,-
tpex,2026,7,6697,東捷資訊,117396,99742,143361,17.69,-18.11,829352,832734,-0.4,-
twse,2026,7,6698,旭暉應材,69224,58171,111239,19.0,-37.77,396466,561570,-29.4,-
tpex,2026,7,6703,軒郁,264207,316166,199435,-16.43,32.47,1980106,1710420,15.76,-
twse,2026,7,6706,惠特,66265,63441,35014,4.45,89.25,403723,705188,-42.74,公司轉型尚處客戶驗證及導入階段，尚未大量出貨，致本年累計營收低於去年同期；惟隨部分產品逐步出貨，本月營收已較去年同月成長
tpex,2026,7,6708,天擎,30518,32787,26332,-6.92,15.89,165077,175345,-5.85,-
tpex,2026,7,6712,長聖,99247,93876,82211,5.72,20.72,559456,481013,16.3,-
twse,2026,7,6715,嘉基,154589,131471,125326,17.58,23.34,1079547,1051402,2.67,-
tpex,2026,7,6716,應廣,169513,150968,83887,12.28,102.07,998838,623233,60.26,基期低及下游客戶備貨增加
twse,2026,7,6719,力智,304063,371601,359697,-18.17,-15.46,2404849,2565926,-6.27,-
tpex,2026,7,6720,久昌,32091,29439,31304,9.0,2.51,224837,287191,-21.71,-
tpex,2026,7,6721,信實,273850,282650,313252,-3.11,-12.57,2109700,2072939,1.77,-
twse,2026,7,6722,輝創,378669,370568,401888,2.18,-5.77,2791792,3003664,-7.05,-
tpex,2026,7,6725,矽科宏晟,355094,359654,420787,-1.26,-15.61,2239073,2104154,6.41,-
tpex,2026,7,6727,亞泰金屬,194214,141495,140866,37.25,37.87,1386550,820755,68.93,當月認列台數較多
tpex,2026,7,6728,上洋,419284,446209,313874,-6.03,33.58,2894816,2731249,5.98,-
tpex,2026,7,6730,常廣,45431,46503,43582,-2.3,4.24,287453,280906,2.33,-
tpex,2026,7,6732,昇佳電子,302819,320929,373389,-5.64,-18.89,2340622,2747180,-14.79,-
tpex,2026,7,6733,博晟生醫,19715,23813,24492,-17.2,-19.5,134086,124681,7.54,係銷售醫療器材及抗生素之收入。
tpex,2026,7,6735,美達科技,19084,33285,30683,-42.66,-37.8,218519,158663,37.72,-
tpex,2026,7,6739,竹陞科技,138046,129283,69200,6.77,99.48,782029,396713,97.12,因客戶產線升級需求
tpex,2026,7,6741,91APP*-KY,184496,201113,135256,-8.26,36.4,1283752,969733,32.38,-
twse,2026,7,6742,澤米,30742,34064,38884,-9.75,-20.93,211658,367354,-42.38,-
twse,2026,7,6743,安普新,791712,580783,526977,36.31,50.23,3229896,2946471,9.61,本期營收較高主係新產品量產出貨所致
tpex,2026,7,6751,智聯服務,145638,128424,177031,13.4,-17.73,998323,1212227,-17.64,-
tpex,2026,7,6752,叡揚,177870,178358,166224,-0.27,7.0,1165818,1111863,4.85,-
twse,2026,7,6753,龍德造船,519142,514154,364919,0.97,42.26,3368267,2724980,23.6,-
twse,2026,7,6754,匯僑設計,312441,270058,359655,15.69,-13.12,1706829,2060919,-17.18,-
twse,2026,7,6756,威鋒電子,177234,182508,103838,-2.88,70.68,1125345,918644,22.5,本期出貨量增加。
twse,2026,7,6757,台灣虎航,1770079,1615943,1391274,9.53,27.22,12094943,9845235,22.85,-
tpex,2026,7,6761,穩得,203826,174376,175442,16.88,16.17,1185012,1244265,-4.76,-
tpex,2026,7,6762,達亞,80869,76374,61370,5.88,31.77,423636,420124,0.83,-
tpex,2026,7,6763,綠界科技*,157597,165330,139880,-4.67,12.66,1092372,968189,12.82,-
tpex,2026,7,6767,台微醫,25852,29359,30759,-11.94,-15.95,192413,195000,-1.32,-
twse,2026,7,6768,志強-KY,1451831,1483865,1361442,-2.15,6.63,12237877,12642496,-3.2,-
twse,2026,7,6770,力積電,6668883,6473929,3910411,3.01,70.54,37531529,26304855,42.67,主係客戶需求上升，銷售量增加，銷售價格調漲。
twse,2026,7,6771,平和環保-創,52005,49226,53871,5.64,-3.46,329712,378467,-12.88,-
twse,2026,7,6776,展碁國際,3484758,3460970,3561496,0.68,-2.15,20863558,16471603,26.66,-
twse,2026,7,6781,AES-KY,1723107,1685061,1343696,2.25,28.23,11061010,8754260,26.35,-
twse,2026,7,6782,視陽,465679,450881,397335,3.28,17.2,2961473,2419963,22.37,-
tpex,2026,7,6785,昱展新藥,0,250,0,-100.0,,1500,1253,19.71,無
tpex,2026,7,6788,華景電,287236,269474,177825,6.59,61.52,1714369,1450129,18.22,本月合併營收相較於去年本月有所成長，主要係因市場需求較去年成長所致。
twse,2026,7,6789,采鈺,914690,853561,733903,7.16,24.63,5705221,5127388,11.26,無
twse,2026,7,6790,永豐實,841005,868171,913037,-3.12,-7.88,6197695,6336972,-2.19,-
tpex,2026,7,6791,虎門科技,72894,71189,66699,2.39,9.28,473480,432012,9.59,-
twse,2026,7,6792,詠業,134601,125161,126166,7.54,6.68,851507,801043,6.29,-
twse,2026,7,6794,向榮生技,2425,1276,2987,90.04,-18.81,13298,21502,-38.15,-
twse,2026,7,6796,晉弘,86523,54597,48293,58.47,79.16,395417,336299,17.57,營收穩定成長。
twse,2026,7,6799,來頡,88603,83988,76435,5.49,15.91,592499,568801,4.16,-
tpex,2026,7,6803,崑鼎,857407,867900,838282,-1.2,2.28,5567476,5517407,0.9,-
tpex,2026,7,6804,明係,130618,88148,121433,48.18,7.56,914827,860090,6.36,-
twse,2026,7,6805,富世達,1360035,1206279,1161773,12.74,17.06,9283628,6033704,53.86,較去年同期客戶需求增加
twse,2026,7,6807,峰源-KY,380974,314623,275588,21.08,38.24,2100887,2482411,-15.36,-
tpex,2026,7,6811,宏碁資訊,1122017,1507301,764372,-25.56,46.78,7045814,5867594,20.08,-
tpex,2026,7,6821,聯寶,48875,49293,52725,-0.84,-7.3,333389,359660,-7.3,-
tpex,2026,7,6823,濾能,43103,56041,65007,-23.08,-33.69,353969,327665,8.02,-
tpex,2026,7,6829,千附精密,201265,216837,163663,-7.18,22.97,1372634,982333,39.73,-
twse,2026,7,6830,汎銓,240751,206268,190849,16.71,26.14,1454632,1200378,21.18,-
twse,2026,7,6831,邁科,553187,503369,421491,9.89,31.24,2454338,2029519,20.93,-
twse,2026,7,6834,天二科技,242978,214376,129076,13.34,88.24,1246473,863934,44.27,主係市場終端需求增加
twse,2026,7,6835,圓裕,213810,195116,234400,9.58,-8.78,1387938,1482504,-6.37,-
twse,2026,7,6838,台新藥,0,678,0,-100.0,,48448,5358,804.21,本月未認列收入
tpex,2026,7,6840,東研信超,90739,98116,77475,-7.51,17.12,579942,513972,12.83,-
tpex,2026,7,6841,長佳智能,29853,27940,29136,6.84,2.46,197323,188247,4.82,-
tpex,2026,7,6843,進典,63574,75834,78490,-16.16,-19.0,434643,446711,-2.7,-
tpex,2026,7,6844,諾貝兒,307947,273999,308027,12.38,-0.02,2184649,2212587,-1.26,115/7/1取得合躍60%股權，屬共同控制下組織重整，視為自始取得，故重編去年比較期單月及累計營收數。
tpex,2026,7,6846,綠茵,62153,66800,74419,-6.95,-16.48,456003,515959,-11.62,-
twse,2026,7,6854,錼創科技-KY創,56856,48817,106747,16.46,-46.73,343779,611082,-43.74,-
tpex,2026,7,6855,數泓科,73290,64273,45849,14.02,59.85,384510,396912,-3.12,客戶需求增加
tpex,2026,7,6856,鑫傳,53968,54581,56018,-1.12,-3.65,401859,402706,-0.21,-
tpex,2026,7,6859,伯特光,54812,43243,54683,26.75,0.23,379235,635392,-40.31,-
twse,2026,7,6861,睿生光電,290806,229132,178014,26.91,63.36,1838874,1265598,45.29,客戶需求增加及產品組合變化
twse,2026,7,6862,三集瑞-KY,192079,168424,150229,14.04,27.85,1103724,1409639,-21.7,-
twse,2026,7,6863,永道-KY,566039,574299,261863,-1.43,116.15,3248405,2329861,39.42,本月較去年同期成長116.16%，係去年同期收入受對等關稅影響。
tpex,2026,7,6865,偉康科技,16705,32744,32056,-48.98,-47.88,132260,260479,-49.22,-
twse,2026,7,6869,雲豹能源,580791,751982,744440,-22.76,-21.98,4078732,4329691,-5.79,-
tpex,2026,7,6870,騰雲,90325,91082,66505,-0.83,35.81,565958,384654,47.13,-
tpex,2026,7,6872,浩宇生醫,795,1142,602,-30.38,32.05,22300,5338,317.75,主係銷售醫療器材之收入增加所致
twse,2026,7,6873,泓德能源,267181,904145,292474,-70.44,-8.64,3425954,3648171,-6.09,-
tpex,2026,7,6874,倍力,117427,145175,84805,-19.11,38.46,1464429,975847,50.06,客戶需求調整
tpex,2026,7,6875,國邑*,248,0,3995,,-93.79,2040,19673,-89.63,本月及本年累計營業收入較去年同期減少，主要係營收發生時點不同所致。另自115年7月起新增子公司之銷售收入。
tpex,2026,7,6877,鏵友益,55977,16297,40286,243.48,38.94,158798,285723,-44.42,-
tpex,2026,7,6881,潤德,162570,161704,208010,0.53,-21.84,1345479,1395018,-3.55,-
tpex,2026,7,6884,海柏特,174463,141785,91843,23.04,89.95,856686,659069,29.98,115年七月份營收較去年同期增長，主係市場需求增加及收購Miifix Digital Sdn Bhd所致。
twse,2026,7,6885,全福生技,839,2378,402,-64.71,108.7,7628,2078,267.08,諮詢服務收入、含子公司營業收入
twse,2026,7,6887,寶綠特-KY,297141,809075,219218,-63.27,35.54,2665847,2667071,-0.04,-
twse,2026,7,6890,來億-KY,3086835,3000506,2856623,2.87,8.05,20987894,23859203,-12.03,-
tpex,2026,7,6894,衛司特,199018,205853,117149,-3.32,69.88,1305326,783457,66.61,因應客戶訂單需求，電解設備與耗材之銷售增加，且本年度納入新事業體，營運範疇擴大，以上使本月及本年累計營收較去年同期成長。
tpex,2026,7,6895,宏碩系統,51183,40599,86816,26.06,-41.04,259225,377278,-31.29,-
tpex,2026,7,6899,創為精密,95952,106128,90340,-9.58,6.21,652276,662629,-1.56,-
twse,2026,7,6901,鑽石投資,-926908,2206633,-93569,-142.0,-890.61,2202406,-1061198,307.53,營業收入為股利收入及投資標的之評價損益(含已實現及未實現)，投資標的股數及公允價值變動情形，請參考本公司網站投資人專區。
twse,2026,7,6902,GOGOLOOK,109746,110192,83884,-0.4,30.83,722570,564513,27.99,-
tpex,2026,7,6903,巨漢,600396,714953,230096,-16.02,160.93,4605099,1299046,254.49,本月營收較去年同期增加50%以上，主係目前進行中之專案本月進入施工高峰期所致
tpex,2026,7,6904,伯鑫,86741,92435,86721,-6.16,0.02,562792,532859,5.61,-
twse,2026,7,6906,現觀科,23473,24967,20459,-5.98,14.73,173395,168757,2.74,-
tpex,2026,7,6907,雅特力-KY,402798,369094,134962,9.13,198.45,2019028,985184,104.93,終端市場需求成長帶動營收大幅增加
twse,2026,7,6908,宏碁遊戲-創,410451,349625,402432,17.39,1.99,2760542,2871648,-3.86,-
twse,2026,7,6909,創控,30496,24057,34978,26.76,-12.81,233765,251627,-7.09,-
tpex,2026,7,6910,德鴻,26682,35209,32717,-24.21,-18.44,213633,204450,4.49,-
tpex,2026,7,6913,鴻呈,372741,308086,222598,20.98,67.45,1987226,1449104,37.13,雲端客戶伺服器需求量增加
twse,2026,7,6914,阜爾運通,507344,517207,461416,-1.9,9.95,3442272,3159895,8.93,-
twse,2026,7,6916,華凌,253725,216657,172349,17.1,47.21,1394933,1188441,17.37,-
twse,2026,7,6918,愛派司,86029,79196,71605,8.62,20.14,548354,481888,13.79,-
twse,2026,7,6919,康霈*,0,0,7838,,-100.0,3568,20050,-82.2,本公司新藥仍在研發階段，目前營收來源為健康食品銷售，僅於出貨予代理商之月份認列營收，因並非每月固定出貨致使營收變動。
twse,2026,7,6921,嘉雨思-創,11028,5525,8207,99.6,34.37,56064,123563,-54.62,受記憶體漲價影響，客戶調降消費性電子商品生產量，使公司營收隨之下滑。
tpex,2026,7,6922,宸曜,283197,222942,149603,27.02,89.29,1418804,987138,43.72,本月較去年同期增加，主要係因出貨量增加所致。
twse,2026,7,6923,中台,109179,131717,95063,-17.11,14.84,780716,667536,16.95,-
twse,2026,7,6924,榮惠-KY創,185160,167022,147144,10.85,25.83,1172152,1014526,15.53,-
tpex,2026,7,6925,意藍,16158,17979,16934,-10.12,-4.58,114599,110125,4.06,-
twse,2026,7,6928,攸泰科技,182096,142580,153974,27.71,18.26,1123802,1301124,-13.62,-
tpex,2026,7,6929,佑全,270039,257391,266505,4.91,1.32,1869536,1881217,-0.62,-
twse,2026,7,6931,青松健康,112392,110416,90292,1.78,24.47,742766,630727,17.76,-
twse,2026,7,6933,AMAX-KY,1439432,1416415,484083,1.62,197.35,5926485,4338903,36.58,本期營收受惠於核心產品市場需求持續成長，相關業務穩健推進，帶動整體營運規模擴大，並逐步展現AI基礎設施市場布局成效。
twse,2026,7,6934,心誠鎂,48,11599,3083,-99.58,-98.44,19861,13938,42.49,差異主係本公司出貨或者勞務收入係按照客戶需求，並非固定每月發生，營收波動大係本行業常見之情事，故兩期相比有較大差異。
twse,2026,7,6936,永鴻生技,145565,117271,128720,24.12,13.08,889646,796988,11.62,-
twse,2026,7,6937,天虹,207467,374408,128373,-44.58,61.61,1508331,1101873,36.88,銷售產品組合差異所致
twse,2026,7,6944,兆聯實業,1799012,1891586,1391236,-4.89,29.31,11586335,8162782,41.94,-
tpex,2026,7,6945,圓祥生技,0,0,0,,,0,0,,本月無收入
twse,2026,7,6947,台鎔科技,180365,168141,123163,7.27,46.44,1033279,620713,66.46,因子公司營收增長所致。
twse,2026,7,6949,沛爾生醫-創,2520,3275,3256,-23.05,-22.6,17838,20898,-14.64,-
twse,2026,7,6951,青新-創,83163,76378,67411,8.88,23.36,524679,428104,22.55,-
twse,2026,7,6952,大武山,202940,186727,172891,8.68,17.38,1343270,1023246,31.27,-
tpex,2026,7,6953,家碩,169370,147706,121818,14.66,39.03,803968,713820,12.62,-
twse,2026,7,6955,邦睿生技-創,26370,33394,21735,-21.03,21.32,203085,172551,17.69,-
twse,2026,7,6957,裕慶-KY,221321,422045,421959,-47.55,-47.54,2332403,2019633,15.48,-
twse,2026,7,6958,日盛台駿,841128,821713,911090,2.36,-7.67,5936529,6574303,-9.7,-
tpex,2026,7,6961,旅天下,435626,370671,380234,17.52,14.56,2680964,2576172,4.06,-
twse,2026,7,6962,奕力-KY,1930875,1511201,1558273,27.77,23.91,10651487,10805848,-1.42,-
twse,2026,7,6965,中傑-KY,1869153,1798924,1809518,3.9,3.29,12317511,13140905,-6.26,-
tpex,2026,7,6967,汎瑋材料,151304,162801,127805,-7.06,18.38,971666,766584,26.75,-
tpex,2026,7,6968,萬達寵物,296119,311895,256448,-5.05,15.46,2128912,1828724,16.41,-
twse,2026,7,6969,成信實業*-創,22733,22473,24317,1.15,-6.51,168046,175547,-4.27,-
tpex,2026,7,6971,惠民實業,168463,169657,225062,-0.7,-25.14,1156875,1306452,-11.44,-
tpex,2026,7,6982,大井泵浦,140493,191480,102376,-26.62,37.23,1156155,955105,21.05,-
tpex,2026,7,6983,華洋精機,25367,38028,31867,-33.29,-20.39,144022,131076,9.87,-
tpex,2026,7,6986,和迅,15310,30371,14468,-49.59,5.81,181702,165873,9.54,-
twse,2026,7,6988,威力暘-創,54107,64640,65466,-16.29,-17.35,413964,478153,-13.42,-
twse,2026,7,6994,富威電力,208877,178121,127852,17.26,63.37,1629288,982929,65.75,依進度認列工程收入及訂單增加所致
tpex,2026,7,6996,力領科技,255402,276157,191585,-7.51,33.31,1836960,1432533,28.23,-
tpex,2026,7,6997,博弘,503748,491554,356805,2.48,41.18,3204466,2443276,31.15,-
tpex,2026,7,7402,邑錡,49518,47519,36595,4.2,35.31,275687,315710,-12.67,-
tpex,2026,7,7547,碩網,37659,44438,30625,-15.25,22.96,232999,174703,33.36,-
tpex,2026,7,7556,意德士科技,73025,70516,64939,3.55,12.45,501147,448043,11.85,-
tpex,2026,7,7584,樂意,97648,80180,68539,21.78,42.47,575960,607256,-5.15,-
twse,2026,7,7610,聯友金屬-創,970895,752329,118115,29.05,721.99,3900233,639690,509.7,7月單月及累積合併營收較去年同期分別增加722%及510%，主要在於鎢製品出貨量及出貨價格較去年同期增加所致。
twse,2026,7,7631,聚賢研發-創,166857,177975,73134,-6.24,128.15,1066606,493356,116.19,本月營收較去年同期成長，主要受惠於新加坡訂單挹注。
tpex,2026,7,7642,昶瑞機電,74487,65206,82743,14.23,-9.97,388266,545434,-28.81,-
twse,2026,7,7689,大鵬科CLMX,520159,529629,431884,-1.78,20.43,3476505,2529838,37.42,-
tpex,2026,7,7703,銳澤,313709,284725,179567,10.17,74.7,1624116,1356736,19.7,本月營收較去年同期增加50%以上，主係產品組合及依案件進度認列所致。
tpex,2026,7,7704,明遠精密,60912,63881,52056,-4.64,17.01,430055,394807,8.92,-
twse,2026,7,7705,三商餐飲,554451,568785,581539,-2.52,-4.65,3821982,3727014,2.54,-
tpex,2026,7,7708,全家餐飲,261095,252147,238690,3.54,9.38,1729416,1543029,12.07,-
tpex,2026,7,7709,榮田,67271,52928,69180,27.09,-2.75,546794,519137,5.32,-
twse,2026,7,7711,永擎,5143796,2550764,1332030,101.65,286.16,20855390,12207526,70.84,客戶需求強勁
tpex,2026,7,7712,博盛半導體,168173,160711,102992,4.64,63.28,926011,786084,17.8,客戶需求升溫
tpex,2026,7,7713,威力德生醫,119973,112850,94914,6.31,26.4,738039,613133,20.37,-
tpex,2026,7,7714,創泓科技,215366,288710,133711,-25.4,61.06,1244933,969052,28.46,業績成長
tpex,2026,7,7715,裕山,68150,35448,78910,92.25,-13.63,503353,858464,-41.36,-
tpex,2026,7,7716,昱臺國際,212894,195736,163349,8.76,30.33,1215255,1214729,0.04,-
tpex,2026,7,7717,萊德光電-KY,109057,138933,79551,-21.5,37.09,698737,553215,26.3,-
tpex,2026,7,7718,友鋮,220147,224496,192826,-1.93,14.16,1475961,1404194,5.11,-
twse,2026,7,7721,微程式,62569,59477,37432,5.19,67.15,390945,285451,36.95,本月增加為智慧設備產品銷售增加
twse,2026,7,7722,LINEPAY,724749,725583,640351,-0.11,13.17,4951954,4318986,14.65,-
tpex,2026,7,7723,築間,318976,322078,399987,-0.96,-20.25,2388279,2943270,-18.85,-
tpex,2026,7,7728,光焱科技,30565,53604,20270,-42.98,50.78,238327,183843,29.63,半導體檢測產品需求持續成長，配合矽光子設備與客戶整體系統共同驗收時程，各月份營收認列時點有所差異，並不影響專案推動進度。
twse,2026,7,7730,暉盛-創,34916,42981,24241,-18.76,44.03,225941,279897,-19.27,-
twse,2026,7,7732,金興精密,56615,80510,66265,-29.67,-14.56,589753,717223,-17.77,-
tpex,2026,7,7734,印能科技,409159,230128,252049,77.79,62.33,2198803,1349416,62.94,主要係因市場需求較去年同期成長所致。
twse,2026,7,7736,虎山,96399,121356,139683,-20.56,-30.98,818555,988722,-17.21,-
tpex,2026,7,7738,東聯互動,54992,52974,50374,3.8,9.16,361251,317056,13.93,-
twse,2026,7,7740,熙特爾-創,924253,1138675,56745,-18.83,1528.78,8198336,508967,1510.77,本月及本年營收較去年同期營收增加，主要係因依專案進度認列收入所致。
tpex,2026,7,7743,金利食安,59716,52882,84677,12.92,-29.47,424402,386825,9.71,-
tpex,2026,7,7744,崴寶,460037,409621,225025,12.3,104.43,2457289,1288923,90.64,主係客戶訂單增加及產品組合變化所致。
tpex,2026,7,7747,昕奇雲端,153172,137167,113318,11.66,35.17,1027217,927793,10.71,-
twse,2026,7,7749,意騰-KY,208120,162060,145880,28.42,42.66,1293148,807013,60.23,市場需求增加
twse,2026,7,7750,新代,2869712,2649995,948207,8.29,202.64,15994373,8184697,95.41,開發客戶及穩固市場關係策略，成果持續發酵。
tpex,2026,7,7751,竑騰,241946,246870,160259,-1.99,50.97,1591587,964948,64.94,本公司為設備業，每月營收高底起伏屬常態，主要係今年同期客戶驗收機台較多所致。
tpex,2026,7,7753,星亞,60955,84056,79143,-27.48,-22.98,478398,507981,-5.82,-
tpex,2026,7,7757,金色三麥,189362,199399,190036,-5.03,-0.35,1331275,1282572,3.79,-
twse,2026,7,7760,享溫馨,84782,88937,98720,-4.67,-14.11,742313,790007,-6.03,-
twse,2026,7,7765,中華資安,210487,188492,192453,11.66,9.37,1392250,1171489,18.84,-
tpex,2026,7,7767,仁大資訊,322536,637235,141819,-49.38,127.42,1963526,1316593,49.13,主係因應客戶需求，於本月持續出貨所致。
twse,2026,7,7768,頌勝科技,181782,193445,177012,-6.02,2.69,1311353,1195808,9.66,-
twse,2026,7,7769,鴻勁,5245898,5301564,2612117,-1.04,100.82,29764864,15409347,93.16,主要係因市場需求較去年同期成長所致。
tpex,2026,7,7770,君曜,22806,18315,54533,24.52,-58.17,146204,291659,-49.87,終端市場需求放緩，致使本月客戶較去年同期拉貨減少所致
tpex,2026,7,7772,耀穎,29001,35136,25861,-17.46,12.14,219141,249756,-12.25,-
tpex,2026,7,7777,能率亞洲,-61900,30230,-18759,-304.76,-229.97,116968,33313,251.11,營業收入為投資標的之評價損益(含已實現及未實現)，投資標的的股數及公允價值變動情形，請參考本公司網站投資人專區/財務資訊。
twse,2026,7,7780,大研生醫*,197244,241821,149342,-18.43,32.07,1277429,938995,36.04,-
tpex,2026,7,7782,光速火箭,59597,56988,52163,4.57,14.25,412386,396307,4.05,-
twse,2026,7,7786,東方風能,1502904,1526239,1225226,-1.52,22.66,7569717,5585622,35.52,-
twse,2026,7,7788,松川精密,986396,828269,494731,19.09,99.38,5103219,3728310,36.87,去年同期基期較低、主要客戶訂單增加，致營收成長。
twse,2026,7,7791,皇家可口,265715,245172,274604,8.37,-3.23,1425846,1542884,-7.58,-
tpex,2026,7,7792,安葆,617274,750093,590593,-17.7,4.51,3793319,3274495,15.84,-
tpex,2026,7,7794,宏碁智新,135765,112994,102480,20.15,32.47,735659,548322,34.16,-
twse,2026,7,7795,長廣,183826,175816,114173,4.55,61.0,1074024,979059,9.69,115年7月份認列營收之設備機台數量與金額較114年同期增加所致。
twse,2026,7,7799,禾榮科,0,0,1120,,-100.0,3389,3128,8.34,使用硼中子捕獲治療(BNCT)之恩慈治療照射費及藥品收入
twse,2026,7,7803,雲象科技-創,1359,3181,2264,-57.27,-39.97,33393,51426,-35.06,-
tpex,2026,7,7805,威聯通,584171,501052,514322,16.58,13.58,4033900,3610590,11.72,-
tpex,2026,7,7810,捷創科技,83863,83878,39976,-0.01,109.78,502015,288156,74.21,本月營收及本年累計營收較去年同期增加50%以上之原因，主要係各產品線銷售較去年同期成長所致。
tpex,2026,7,7811,民盛,264948,289564,241636,-8.5,9.64,1668297,1756418,-5.01,-
tpex,2026,7,7814,海昌生技,13686,14753,10025,-7.23,36.51,61923,40990,51.06,主係客戶需求增加所致
twse,2026,7,7818,溢泰實業,1099845,991808,970068,10.89,13.37,6888472,7577547,-9.09,-
tpex,2026,7,7819,精誠金融,24702,38989,80460,-36.64,-69.29,215982,333295,-35.19,去年同期因認列大型端末設備汰換專案，致基期較高。
tpex,2026,7,7820,立盈,33772,36758,27764,-8.12,21.63,239358,161567,48.14,-
twse,2026,7,7821,神數,1051004,800710,724355,31.25,45.09,5846027,4654044,25.61,-
twse,2026,7,7822,倍利科,273081,253364,167126,7.78,63.39,1692369,908600,86.26,本月認列設備營收較前期多
twse,2026,7,7823,奧義賽博-KY創,30332,30206,29416,0.41,3.11,208800,193466,7.92,-
twse,2026,7,7827,漢康-KY創,18120,0,0,,,27662,0,,臨床藥品銷貨收入
tpex,2026,7,7828,創新服務,129614,116798,26071,10.97,397.15,641077,190912,235.79,"本月及累計營收成長顯著,主係終端需求強勁帶動設備出貨量提升。目前訂單能見度良好,後續將依時程持續交付,營運動能維持成長趨勢"
twse,2026,7,7835,永悅健康-創,26539,53693,18826,-50.57,40.96,234015,224900,4.05,-
tpex,2026,7,7839,達人網,15539,15402,14864,0.88,4.54,105281,101019,4.21,-
tpex,2026,7,7842,天能綠電,318783,344676,209299,-7.51,52.3,1994395,1261894,58.04,本月及本年累計營收增加，主要係因售電業務成長所致。
twse,2026,7,7855,和運租車,2702766,2340586,2525548,15.47,7.01,18101521,17095386,5.88,-
twse,2026,7,8011,台通,127460,147233,185613,-13.42,-31.33,962298,1211476,-20.56,-
twse,2026,7,8016,矽創,2035657,1997178,1513704,1.92,34.48,13616263,10494352,29.74,-
twse,2026,7,8021,尖點,730488,680600,360631,7.33,102.55,3896083,2260782,72.33,本月增減百分比或本年增減百分比達50%以上：主要係市場需求增加所致。
tpex,2026,7,8024,佑華,16239,26972,8141,-39.79,99.47,121093,99161,22.11,本月營收較去年同期增加，主係客戶需求增加。
tpex,2026,7,8027,鈦昇,189408,246859,116517,-23.27,62.55,1198802,805948,48.74,因客戶擴產，設備需求較去年同期上升
twse,2026,7,8028,昇陽半導體,514661,482832,376959,6.59,36.52,3244972,2503384,29.62,-
tpex,2026,7,8032,光菱,487964,408206,278395,19.53,75.27,2965241,2012546,47.33,主係本期市場需求增加，故本期營收上升
twse,2026,7,8033,雷虎,118213,225784,130593,-47.64,-9.47,945849,880499,7.42,-
tpex,2026,7,8034,榮群,22804,14972,83907,52.31,-72.82,146333,273852,-46.56,主係去年同期標案結案金額較高
tpex,2026,7,8038,長園科,48859,26525,71188,84.19,-31.36,394154,272051,44.88,-
twse,2026,7,8039,台虹,847235,835178,901908,1.44,-6.06,5958828,5891205,1.14,自結數尚未經會計師簽證，特此說明。
tpex,2026,7,8040,九暘,83887,77102,58857,8.8,42.52,515965,390790,32.03,-
tpex,2026,7,8042,金山電,436935,437951,311322,-0.23,40.34,2808337,2065688,35.95,-
tpex,2026,7,8043,蜜望實,762588,622288,467154,22.54,63.24,4428865,2739415,61.67,"客戶需求增加,致使銷貨收入增加"
tpex,2026,7,8044,網家,2973775,3414882,2886348,-12.91,3.02,21927003,20236075,8.35,-
twse,2026,7,8045,達運光電,138605,118547,139157,16.91,-0.39,1059563,785077,34.96,產品品項增換
twse,2026,7,8046,南電,5439751,4684331,3620679,16.12,50.24,30192467,21661630,39.38,因受市場需求成長影響
tpex,2026,7,8047,星雲,87002,95751,29628,-9.13,193.64,346895,261146,32.83,主係新增合併個體-天良
tpex,2026,7,8048,德勝,123568,125692,84766,-1.68,45.77,767125,553492,38.59,-
tpex,2026,7,8049,晶采,109720,115591,108571,-5.07,1.05,756278,754290,0.26,-
tpex,2026,7,8050,廣積,515336,955797,459399,-46.08,12.17,3851545,3507495,9.8,-
tpex,2026,7,8054,安國,633047,261384,319909,142.19,97.88,3522299,1330564,164.72,主係訂單陸續於本年度出貨所致。
tpex,2026,7,8059,凱碩,891953,1369656,754704,-34.87,18.18,5751807,2502985,129.79,新增子公司合併營收
tpex,2026,7,8064,東捷,143680,205470,242212,-30.07,-40.68,1371303,1273096,7.71,-
tpex,2026,7,8066,來思達,360345,394926,403838,-8.75,-10.76,2392370,2635798,-9.23,-
tpex,2026,7,8067,志旭,6751,9048,7088,-25.38,-4.75,52111,64911,-19.71,-
tpex,2026,7,8068,全達,112884,152174,52163,-25.81,116.4,805153,450836,78.59,新增子公司營收
tpex,2026,7,8069,元太,2876431,4041054,3896294,-28.81,-26.17,21726014,22581253,-3.78,-
twse,2026,7,8070,長華*,2232043,2107061,1670299,5.93,33.63,13783652,10921233,26.2,-
tpex,2026,7,8071,能率網通,220002,202455,158108,8.66,39.14,1366082,1137918,20.05,-
twse,2026,7,8072,陞泰,110590,132045,110701,-16.24,-0.1,853399,695275,22.74,-
tpex,2026,7,8074,鉅橡,140180,144714,109496,-3.13,28.02,923926,748080,23.5,-
tpex,2026,7,8076,伍豐,253776,156046,130859,62.62,93.93,1603312,1080460,48.39,國外彩票機專案出貨
tpex,2026,7,8077,洛碁,81297,89491,77632,-9.15,4.72,618905,599697,3.2,-
tpex,2026,7,8080,泰霖,6093,9436,18229,-35.42,-66.57,52263,127409,-58.98,減少土方工程營收
twse,2026,7,8081,致新,838544,743410,762218,12.79,10.01,5187490,5168244,0.37,-
tpex,2026,7,8083,瑞穎,132076,150565,130111,-12.27,1.51,899371,883885,1.75,-
tpex,2026,7,8084,巨虹,64916,34372,36453,88.86,78.08,347116,345416,0.49,本月電子相關產品訂單增加所致
tpex,2026,7,8085,福華,52868,46546,50922,13.58,3.82,373085,373332,-0.06,-
tpex,2026,7,8086,宏捷科,418583,407747,353565,2.65,18.38,2939340,2099745,39.98,-
tpex,2026,7,8087,麗升能源,27557,19976,11804,37.95,133.45,513285,140723,264.74,本月及本年累計營收較去年同期及去年累計數增加，主要係因本月EPC工程案件依進度認列收入所致。
tpex,2026,7,8088,品安,216457,123653,149428,75.05,44.85,1092690,753518,45.01,-
tpex,2026,7,8089,康全電訊,23607,23331,45146,1.18,-47.7,232999,604428,-61.45,係亞洲客戶出貨減少所致。
tpex,2026,7,8091,翔名,333375,317067,180365,5.14,84.83,1874704,1203358,55.78,主係客戶需求增加。
tpex,2026,7,8092,建暐,36423,27685,58982,31.56,-38.24,179780,195304,-7.94,-
tpex,2026,7,8093,保銳,23222,21550,11359,7.75,104.43,151489,106222,42.61,大陸內陸銷售增加所致
tpex,2026,7,8096,擎亞,10407626,8978261,1668473,15.92,523.78,37897586,23032881,64.53,因伺服器記憶體出貨量增加，致使營收較去年同期成長
tpex,2026,7,8097,常珵,16263,19310,3224,-15.77,404.43,174561,208902,-16.43,客戶依銷售情形調整訂單及新開發客戶
tpex,2026,7,8099,大世科,387394,642438,285602,-39.69,35.64,2912786,2192004,32.88,-
twse,2026,7,8101,華冠,46216,42390,33940,9.02,36.16,233258,219124,6.45,-
tpex,2026,7,8102,傑霖科技,44085,48324,44841,-8.77,-1.68,268857,263725,1.94,-
twse,2026,7,8103,瀚荃,395463,375618,294463,5.28,34.29,2403017,1883523,27.58,係本公司自結合併營收
twse,2026,7,8104,錸寶,315340,232910,517956,35.39,-39.11,1581207,2581480,-38.74,-
twse,2026,7,8105,凌巨,709302,680486,634016,4.23,11.87,4936478,4912641,0.48,-
tpex,2026,7,8107,大億金茂,60099,52565,97474,14.33,-38.34,404253,601355,-32.77,-
tpex,2026,7,8109,博大,211593,192667,145573,9.82,45.35,1235844,973851,26.9,-
twse,2026,7,8110,華東,687852,660016,580419,4.21,18.5,4600966,4033697,14.06,-
tpex,2026,7,8111,立碁,60729,71200,76786,-14.7,-20.91,461687,489551,-5.69,-
twse,2026,7,8112,至上,76873576,61628573,17733894,24.73,333.48,337648935,120409173,180.41,營收大幅成長，主要係記憶體等零組件價格持續上漲，伺服器及手機客戶拉貨動能強勁所致。
twse,2026,7,8114,振樺電,1967455,1990722,1391728,-1.16,41.36,10689246,13144392,-18.67,-
tpex,2026,7,8121,越峰,313384,298633,237035,4.93,32.21,2058184,1684763,22.16,-
twse,2026,7,8131,福懋科,1087504,1106275,844165,-1.69,28.82,7189372,5176013,38.89,-
tpex,2026,7,8147,正淩,188823,167493,126212,12.73,49.6,1171926,969365,20.89,-
twse,2026,7,8150,南茂,2823014,2538350,1965948,11.21,43.59,17141738,13234118,29.52,-
tpex,2026,7,8155,博智,557144,538756,366525,3.41,52.0,3687064,2717929,35.65,接單成長
twse,2026,7,8162,微矽電子-創,126131,114662,121553,10.0,3.76,743004,759180,-2.13,-
twse,2026,7,8163,達方,2529227,2344702,2177145,7.86,16.17,16071086,14563255,10.35,-
tpex,2026,7,8171,天宇,80034,53079,20640,50.78,287.76,315547,161640,95.21,本月及本年累計營收較去年同期增加主要係太陽能及儲能工程收入增加所致
tpex,2026,7,8176,智捷,34151,31930,26221,6.95,30.24,200519,243157,-17.53,-
tpex,2026,7,8182,加高,262364,248815,233250,5.44,12.48,1666537,1615147,3.18,-
tpex,2026,7,8183,精星,855049,771224,548976,10.86,55.75,4922428,3824641,28.7,"7月合併營收8.55億,較6月增10.87%,與去年7月比增55.75%,係因新能源車用產品需求成長所致。"
twse,2026,7,8201,無敵,34200,34909,42320,-2.03,-19.18,270195,273818,-1.32,-
twse,2026,7,8210,勤誠,2462300,3237664,1739961,-23.94,41.51,17390632,11336702,53.4,終端客戶所需產品大量出貨
twse,2026,7,8213,志超,2189059,1768857,1581769,23.75,38.39,12338173,10755074,14.71,-
twse,2026,7,8215,明基材,1663844,1639054,1493790,1.51,11.38,11155667,10493721,6.3,-
twse,2026,7,8222,寶一,91446,68432,62285,33.63,46.81,573453,569232,0.74,-
tpex,2026,7,8227,巨有科技,131133,159105,151674,-17.58,-13.54,1113734,624335,78.38,主要係本年度量產收入增加所致。
tpex,2026,7,8234,新漢,751899,680208,430769,10.53,74.54,3575189,3564270,0.3,客戶需求強勁
tpex,2026,7,8240,華宏,570992,522737,618763,9.23,-7.72,3823338,4240387,-9.83,-
twse,2026,7,8249,菱光,345531,343979,237948,0.45,45.21,2331215,2194323,6.23,-
tpex,2026,7,8255,朋程,666048,734714,658057,-9.34,1.21,4734793,4937859,-4.11,-
twse,2026,7,8261,富鼎,292761,296036,265518,-1.1,10.26,1951080,1799625,8.41,-
twse,2026,7,8271,宇瞻,2791191,2913567,1053315,-4.2,164.99,19509525,5814881,235.51,本月營收較去年同期增加係因市場價格大幅上漲所致
tpex,2026,7,8272,全景軟體,27364,52585,31540,-47.96,-13.24,227741,229590,-0.8,-
tpex,2026,7,8277,商丞,10629,9578,16190,10.97,-34.34,67020,170649,-60.72,前端客戶需求減少
tpex,2026,7,8279,生展,178054,176604,167009,0.82,6.61,1188128,1260495,-5.74,-
tpex,2026,7,8284,三竹,296382,296049,260079,0.11,13.95,1858753,1654073,12.37,-
tpex,2026,7,8289,泰藝,217251,184909,134436,17.49,61.6,1170990,1043984,12.16,客戶需求增加，致本月營收較去年同期增加達50%以上
tpex,2026,7,8291,尚茂,271,227,59,19.38,359.32,2821,939,200.42,2026 年 7 月營收較去年同期增加，主係訂單增加所致。
tpex,2026,7,8299,群聯,27161687,24852784,5687708,9.29,377.55,136016896,37416344,263.52,係總出貨量及均價增加
twse,2026,7,8341,日友,373255,357041,317538,4.54,17.54,2585408,2197340,17.66,-
tpex,2026,7,8342,益張,141198,155185,148931,-9.01,-5.19,960187,925728,3.72,-
tpex,2026,7,8349,恒耀國際,1004144,1066422,876145,-5.83,14.6,6890582,6507370,5.88,-
tpex,2026,7,8354,冠好,55095,52001,48896,5.94,12.67,396632,375139,5.72,-
tpex,2026,7,8358,金居,1008644,962293,651296,4.81,54.86,6345634,4379987,44.87,"本月營收較去年同期增加,係需求增加及優化產品組合所致"
twse,2026,7,8367,建新國際,316908,289737,279654,9.37,13.32,1935330,1852494,4.47,無
twse,2026,7,8374,羅昇,516799,500787,369756,3.19,39.76,3524296,2541731,38.65,-
tpex,2026,7,8383,千附,496334,662939,279573,-25.13,77.53,2910562,1837824,58.37,本月營業收入較去年同期增加77.53%，主要係精密零組件收入及工程收入增加
tpex,2026,7,8390,金益鼎,547848,555068,311949,-1.3,75.62,3897538,2719187,43.33,主要係因電子廢料交貨量倍增及國際銅庫存急遽下降與供應短缺擔憂致銅價顯著上漲，表現強勢。
tpex,2026,7,8401,白紗科,130194,134386,127898,-3.11,1.79,900143,860502,4.6,-
tpex,2026,7,8403,盛弘,412183,435087,372737,-5.26,10.58,2674647,2496866,7.12,-
twse,2026,7,8404,百和興業-KY,718355,603079,602874,19.11,19.15,4523280,4315163,4.82,-
tpex,2026,7,8409,商之器,15026,13630,19444,10.24,-22.72,102382,76173,34.4,-
tpex,2026,7,8410,森田,81756,80231,99540,1.9,-17.86,514661,667133,-22.85,-
twse,2026,7,8411,福貞-KY,981754,910618,765985,7.81,28.16,6170239,5115197,20.62,-
tpex,2026,7,8415,大國鋼,2666400,2632302,1949697,1.29,36.75,16739811,13790403,21.38,-
tpex,2026,7,8416,實威,137452,164863,115258,-16.62,19.25,981724,881628,11.35,-
tpex,2026,7,8421,旭源,119474,132756,98755,-10.0,20.98,786348,679198,15.77,-
twse,2026,7,8422,可寧衛*,572858,608458,358329,-5.85,59.86,3957562,3087759,28.16,營收增加係南區焚化爐BOT案依IFRIC12會計處理，每月按工程進度認列成本，同步依成本金額認列工程收入，未產生毛利。
tpex,2026,7,8423,保綠-KY,35438,39205,26674,-9.6,32.85,248185,221407,12.09,-
tpex,2026,7,8424,惠普,84895,90027,90851,-5.7,-6.55,632316,645457,-2.03,-
tpex,2026,7,8426,紅木-KY,273465,173525,261584,57.59,4.54,1362885,1358091,0.35,-
twse,2026,7,8429,金麗-KY,12759,12465,10504,2.35,21.46,78185,83597,-6.47,主係因中國市場消費動能放緩，致使代理商提貨策略轉趨保守，本期累計營業收入較去年同期有所減少。
tpex,2026,7,8431,匯鑽科,81846,65270,100394,25.39,-18.47,549684,594512,-7.54,-
tpex,2026,7,8432,東生華,106976,96262,84521,11.13,26.56,723481,640935,12.87,-
tpex,2026,7,8433,弘帆,330833,371042,301686,-10.83,9.66,2084854,1850651,12.65,-
tpex,2026,7,8435,鉅邁,63165,61808,48083,2.19,31.36,388906,347550,11.89,-
tpex,2026,7,8436,大江,513329,602951,584575,-14.86,-12.18,3867490,3967765,-2.52,-
tpex,2026,7,8437,大地-KY,18595,19121,12972,-2.75,43.34,116326,127083,-8.46,-
twse,2026,7,8438,昶昕,474642,443280,320800,7.07,47.95,2966468,2118607,40.01,-
tpex,2026,7,8440,綠電,98519,90827,84044,8.46,17.22,544474,564240,-3.5,-
twse,2026,7,8442,威宏-KY,855073,865806,756723,-1.23,12.99,5184089,4718194,9.87,-
twse,2026,7,8443,阿瘦,74291,66436,79873,11.82,-6.98,594439,645528,-7.91,-
tpex,2026,7,8444,綠河-KY,94396,77838,236656,21.27,-60.11,903752,2204822,-59.01,由於去年平均售價偏低，為避免損失擴大，公司採取選擇性接單，使銷售量下降，但平均售價因此有所提升，待售價穩定將增加銷售量。
tpex,2026,7,8446,華研,85752,91111,74048,-5.88,15.8,702676,593958,18.3,-
tpex,2026,7,8450,霹靂,13944,16019,13591,-12.95,2.59,195446,131362,48.78,-
twse,2026,7,8454,富邦媒,8554761,9824825,8129800,-12.92,5.22,62240977,60565826,2.76,-
tpex,2026,7,8455,大拓-KY,108143,102776,104841,5.22,3.14,740317,694998,6.52,-
twse,2026,7,8462,柏文,625939,601695,529215,4.02,18.27,4027655,3358429,19.92,-
twse,2026,7,8463,潤泰材,573267,511112,623798,12.16,-8.1,3990751,4153925,-3.92,-
twse,2026,7,8464,億豐,3004077,2718045,2580107,10.52,16.43,18236988,17559973,3.85,-
twse,2026,7,8466,美吉吉-KY,235598,224574,300572,4.9,-21.61,1527844,2019873,-24.35,-
twse,2026,7,8467,波力-KY,293859,145737,231530,101.63,26.92,1420145,1532887,-7.35,-
tpex,2026,7,8472,納維康,48131,47459,45590,1.41,5.57,296873,266581,11.36,-
twse,2026,7,8473,山林水,441261,403766,310361,9.28,42.17,2811837,2433047,15.56,-
twse,2026,7,8476,台境*,3007,172137,75906,-98.25,-96.03,667082,715169,-6.72,去年同期工案進入密集施工期，故認列較高之工程收入。
tpex,2026,7,8477,創業家,27126,49903,30057,-45.64,-9.75,248523,286609,-13.28,-
twse,2026,7,8478,東哥遊艇,382395,687229,281712,-44.35,35.73,2960472,2896820,2.19,主係認列遊艇銷貨收入增減所致
twse,2026,7,8481,政伸,112653,105999,98727,6.27,14.1,698376,680281,2.65,-
twse,2026,7,8482,商億-KY,301311,292848,304967,2.88,-1.19,2082859,1953133,6.64,-
twse,2026,7,8487,愛爾達-創,272891,291915,88748,-6.51,207.48,1129135,626199,80.31,月營收年增率207.49%、年營收年增率80.32%，主係本月轉播FIFA世界盃足球賽所致。
twse,2026,7,8488,吉源-KY,316874,369934,228458,-14.34,38.7,2418016,1568079,54.2,主要係今年度訂單增加
tpex,2026,7,8489,三貝德,163735,176234,126839,-7.09,29.08,1131935,738137,53.35,"主要係114年10月取得弋果文化股權。該公司及其子公司本月營收為44,967仟元，併入本期營收後，與去年同期比較成長達29.09%。"
twse,2026,7,8499,鼎炫-KY,376778,354454,159720,6.29,135.89,2305996,1191384,93.55,較去年同期增加比率大於50%係因於2025年8、9月分別收購常州威斯雙聯科技有限公司及蘇州德佑新材料科技有限公司所致
tpex,2026,7,8905,裕國,196152,192014,160433,2.15,22.26,1303363,1140792,14.25,-
tpex,2026,7,8906,花王,16012,16079,16628,-0.41,-3.7,116740,117630,-0.75,-
tpex,2026,7,8908,欣雄,883594,982825,843255,-10.09,4.78,6145387,6226717,-1.3,-
tpex,2026,7,8916,光隆,902934,770018,867356,17.26,4.1,4624502,4966097,-6.87,-
tpex,2026,7,8917,欣泰,237385,236346,230941,0.43,2.79,1782141,1864990,-4.44,-
tpex,2026,7,8921,沈氏,58467,53842,49179,8.58,18.88,365482,343153,6.5,-
tpex,2026,7,8923,時報,33306,59078,29191,-43.62,14.09,269110,266832,0.85,-
tpex,2026,7,8924,大田,261459,274898,423236,-4.88,-38.22,2277521,2308280,-1.33,-
twse,2026,7,8926,台汽電,6147340,6722181,394298,-8.55,1459.05,40635585,4638633,776.02,本月及累計合併營業收入較去年同期增加，主要係自115年起因將森霸、星 電、星元納入為子公司，故併入合併營收計算。
tpex,2026,7,8927,北基,838011,1392264,786486,-39.8,6.55,8475031,5827759,45.42,-
tpex,2026,7,8928,鉅明,304158,254992,164801,19.28,84.56,1674708,1921968,-12.86,因應新產品鋪貨及市場需求，故出貨量較往年增加。
tpex,2026,7,8929,富堡,49890,53803,55212,-7.27,-9.63,402233,406080,-0.94,-
tpex,2026,7,8930,青鋼,112315,126220,113167,-11.01,-0.75,821261,852285,-3.64,-
tpex,2026,7,8931,大汽電,304339,232960,246758,30.64,23.33,1608769,1461586,10.07,-
tpex,2026,7,8932,智通*,192123,242571,173603,-20.79,10.66,1483198,1325905,11.86,-
tpex,2026,7,8933,愛地雅,307950,230058,163721,33.85,88.09,1479145,1623937,-8.91,客戶訂單增加。
tpex,2026,7,8935,邦泰,31609,31240,42977,1.18,-26.45,279394,316366,-11.68,-
tpex,2026,7,8936,國統,534947,539254,505555,-0.79,5.81,3852947,3269131,17.85,-
tpex,2026,7,8937,合騏*,7783,36583,3446,-78.72,125.85,411305,43796,839.13,客戶需求增加帶動營收
tpex,2026,7,8938,明安,1093307,1088390,945738,0.45,15.6,8380859,8829035,-5.07,-
twse,2026,7,8940,新天地,77744,97198,72935,-20.01,6.59,1003638,977285,2.69,-
tpex,2026,7,8941,關中,247963,278935,202499,-11.1,22.45,1809879,1712935,5.65,-
tpex,2026,7,8942,森鉅,290660,233210,300185,24.63,-3.17,1634475,2811261,-41.85,-
twse,2026,7,8996,高力,922666,724767,585322,27.3,57.63,6650869,3087197,115.43,說明:本年累計營收較去年同期增加115.43%，主要係板式熱交換器及熱能產品年度營收分別較去年同期增加17.30%及161.72%所致
twse,2026,7,9105,泰金寶-DR,13956638,12300596,8310085,13.46,67.94,76917742,71943715,6.91,本月較去年同期增加50.1%，主要係因新廠區量產、儲存產品需求增加以及記憶體等原材料價格上漲所致。
twse,2026,7,912000,晨訊科-DR,72381,171929,88547,-57.9,-18.25,840831,928043,-9.39,-
twse,2026,7,9802,鈺齊-KY,2144170,2024229,1638459,5.92,30.86,11077281,10538420,5.11,-
twse,2026,7,9902,台火,2188,8339,2395,-73.76,-8.64,44961,115433,-61.05,本月累計營收較去年同期減少，主要係投標車輛營收較去年同期減少所致。
twse,2026,7,9904,寶成,19563446,18951543,19689998,3.22,-0.64,145653015,149496312,-2.57,-
twse,2026,7,9905,大華,1114568,1066495,766747,4.5,45.36,6174026,4898854,26.03,-
twse,2026,7,9906,欣巴巴,54944,46183,37922,18.97,44.88,1191561,265602,348.62,本月營收與去年同期之差異，主係本月新個案及成屋仍持續入帳。
twse,2026,7,9907,統一實,3747356,3715210,3813378,0.86,-1.73,24921993,28050304,-11.15,-
twse,2026,7,9908,大台北,263638,277613,254525,-5.03,3.58,2054053,2044361,0.47,-
twse,2026,7,9910,豐泰,7394317,6839306,7320985,8.11,1.0,47008940,48443562,-2.96,合併營業收入為本公司自結數.
twse,2026,7,9911,櫻花,910863,876052,830535,3.97,9.67,6407458,6001464,6.76,-
twse,2026,7,9912,偉聯,37718,48974,36157,-22.98,4.31,273674,278402,-1.69,-
twse,2026,7,9914,美利達,2456589,2385852,2483312,2.96,-1.07,14811138,17067081,-13.21,-
twse,2026,7,9917,中保科,1617699,1673980,1541578,-3.36,4.93,11158518,10929772,2.09,-
twse,2026,7,9918,欣天然,137888,145053,130687,-4.93,5.51,1307283,1335344,-2.1,-
twse,2026,7,9919,康那香,223463,211729,256118,5.54,-12.74,1540227,1571512,-1.99,-
twse,2026,7,9921,巨大,5758164,5759149,5107073,-0.01,12.74,34945591,37720044,-7.35,-
twse,2026,7,9924,福興,758783,636307,757525,19.24,0.16,4101837,4453735,-7.9,-
twse,2026,7,9925,新保,687064,704175,673543,-2.42,2.0,4869288,4662335,4.43,-
twse,2026,7,9926,新海,182030,201157,183736,-9.5,-0.92,1502878,1517829,-0.98,-
twse,2026,7,9927,泰銘,997907,912350,614092,9.37,62.5,5746349,4677948,22.83,本月營收成長主要受銷售量較去年同期增加51.23%，以及新台幣參考匯率貶值6.48%，推升整體營收表現。
twse,2026,7,9928,中視,72219,78333,69009,-7.8,4.65,501471,468280,7.08,-
twse,2026,7,9929,秋雨,67778,52124,55216,30.03,22.75,404506,371039,9.01,-
twse,2026,7,9930,中聯資源,1197342,1059171,1069648,13.04,11.93,7866380,8213616,-4.22,-
twse,2026,7,9931,欣高,155550,156360,136129,-0.51,14.26,1012439,934321,8.36,-
twse,2026,7,9933,中鼎,6501128,7296591,6548038,-10.9,-0.71,44221121,52996476,-16.55,-
twse,2026,7,9934,成霖,1483960,1713457,1377196,-13.39,7.75,10992494,10100989,8.82,-
twse,2026,7,9935,慶豐富,474552,494043,433400,-3.94,9.49,3032099,2802325,8.19,-
twse,2026,7,9937,全國,2063843,2063374,1839832,0.02,12.17,13803799,13228913,4.34,-
twse,2026,7,9938,百和,1477652,1256298,1273916,17.61,15.99,9320016,9113615,2.26,-
twse,2026,7,9939,宏全,2797806,2957178,2826162,-5.38,-1.0,18281693,17797036,2.72,-
twse,2026,7,9940,信義,869527,1083839,722708,-19.77,20.31,6805408,5228292,30.16,-
twse,2026,7,9941,裕融,3438274,3303701,3362247,4.07,2.26,22967883,23375605,-1.74,-
twse,2026,7,9942,茂順,392871,418944,353916,-6.22,11.0,2682457,2339575,14.65,-
twse,2026,7,9943,好樂迪,193656,187051,190422,3.53,1.69,1367157,1441923,-5.18,-
twse,2026,7,9944,新麗,194329,228314,168295,-14.88,15.46,1586910,1438395,10.32,-
twse,2026,7,9945,潤泰新,3321019,4541485,3255679,-26.87,2.0,25829074,19283877,33.94,-
twse,2026,7,9946,三發地產,44893,3050,3505,1371.9,1180.82,2690103,66013,3975.11,本月及累月營收較去年同期增加，係因本月預售建案完工交屋入帳所致。
tpex,2026,7,9949,琉園,9338,12927,10032,-27.76,-6.91,80246,75134,6.8,-
tpex,2026,7,9950,萬國通,161965,179224,164751,-9.62,-1.69,1203819,1350297,-10.84,-
tpex,2026,7,9951,皇田,536321,543837,532223,-1.38,0.76,3786991,3545841,6.8,-
twse,2026,7,9955,佳龍,110805,139228,117399,-20.41,-5.61,958606,812351,18.0,-
twse,2026,7,9958,世紀鋼,1931466,2138665,1010373,-9.68,91.16,12112718,8891708,36.22,本月增加百分比50%以上，主要係風力事業案依進度如期交貨及相關工程收入挹注所致。
tpex,2026,7,9960,邁達康,46662,42137,56290,10.73,-17.1,401562,373716,7.45,-
tpex,2026,7,9962,有益,187849,212404,102937,-11.56,82.48,1091591,1254505,-12.98,本期銷貨價格與重量較前年度均增加
twse,2026,7,合計,合計,14029019,12472525,8398632,12.47,67.03,77758573,72871758,6.7,
tpex,2026,7,合計,合計,16660742,15929580,15271595,4.58,9.09,111505588,101580354,9.77,
twse,2026,7,總計,總計,5588077534,5497197633,3951749541,1.65,41.4,34869621152,25513470261,36.67,
tpex,2026,7,總計,總計,357592653,351693046,250003211,1.67,43.03,2209827650,1729549225,27.76,
twse,2026,8,1101,台泥,13515534,13744103,12214776,-1.66,10.64,98726969,96131621,2.69,-
twse,2026,8,1102,亞泥,5590320,5398231,5663764,3.55,-1.29,43694999,46760798,-6.55,-
twse,2026,8,1103,嘉泥,230872,242322,236882,-4.72,-2.53,1828907,2009771,-8.99,-
twse,2026,8,1104,環泥,517521,663235,603054,-21.97,-14.18,4740038,5075610,-6.61,-
twse,2026,8,1108,幸福,290125,309786,344143,-6.34,-15.69,2503880,3074851,-18.56,-
twse,2026,8,1109,信大,268621,292047,365337,-8.02,-26.47,2418514,2955412,-18.16,-
twse,2026,8,1110,東泥,169661,261007,236226,-34.99,-28.17,1697994,1915787,-11.36,-
twse,2026,8,1201,味全,2000571,1991488,1974741,0.45,1.3,14437677,14557137,-0.82,-
twse,2026,8,1203,味王,460482,431017,470431,6.83,-2.11,3502289,3853876,-9.12,-
twse,2026,8,1210,大成,9704420,9639463,8556083,0.67,13.42,73025213,66964322,9.05,-
twse,2026,8,1213,大飲,40028,32555,34176,22.95,17.12,223170,192655,15.83,-
twse,2026,8,1215,卜蜂,2363683,2562688,2333191,-7.76,1.3,19328014,18462943,4.68,-
twse,2026,8,1216,統一,63101242,62168637,60796560,1.5,3.79,475247869,456749367,4.05,-
twse,2026,8,1217,愛之味,680053,505906,591972,34.42,14.87,3539508,3506670,0.93,-
twse,2026,8,1218,泰山,531098,563843,1021563,-5.8,-48.01,6127206,6851356,-10.56,-
twse,2026,8,1219,福壽,984933,882904,1150184,11.55,-14.36,8944101,9394745,-4.79,-
twse,2026,8,1220,台榮,361183,279357,280352,29.29,28.83,2144655,2110539,1.61,-
twse,2026,8,1225,福懋油,715560,903312,939446,-20.78,-23.83,8047973,8177723,-1.58,-
twse,2026,8,1227,佳格,2624457,2077948,2370684,26.3,10.7,18636102,17354367,7.38,-
twse,2026,8,1229,聯華,883894,2104623,1017481,-58.0,-13.12,8022524,8528092,-5.92,-
twse,2026,8,1231,聯華食,1248708,1184866,1168240,5.38,6.88,8759524,8418113,4.05,-
twse,2026,8,1232,大統益,2395366,2488656,1780197,-3.74,34.55,16366019,14040068,16.56,-
twse,2026,8,1233,天仁,193635,166958,178499,15.97,8.47,1492026,1418395,5.19,-
twse,2026,8,1234,黑松,893504,866862,887896,3.07,0.63,6196982,6430833,-3.63,-
twse,2026,8,1235,興泰,3666,8605,18931,-57.39,-80.63,105697,100030,5.66,"泰宇網通累計1-8月營收較去年同期增加8,133仟元"
twse,2026,8,1236,宏亞,166049,167970,163447,-1.14,1.59,1219287,1149503,6.07,-
tpex,2026,8,1240,茂生農經,251724,242511,230525,3.79,9.19,1934907,1795018,7.79,-
twse,2026,8,1256,鮮活果汁-KY,648858,619291,516828,4.77,25.54,3915891,2819676,38.87,-
tpex,2026,8,1259,安心,557241,550828,518800,1.16,7.4,4199264,4028338,4.24,-
tpex,2026,8,1264,德麥,574572,593252,526051,-3.14,9.22,4633411,4324235,7.14,-
tpex,2026,8,1268,漢來美食,593410,551405,494542,7.61,19.99,4820456,4104798,17.43,-
tpex,2026,8,1294,漢田生技,51332,69919,68440,-26.58,-24.99,576577,494773,16.53,-
tpex,2026,8,1295,生合,75012,78660,75481,-4.63,-0.62,664388,682289,-2.62,-
twse,2026,8,1301,台塑,13992385,15293925,13103184,-8.51,6.78,118525399,120289544,-1.46,-
twse,2026,8,1303,南亞,30601161,30572583,20853020,0.09,46.74,213417020,173273519,23.16,-
twse,2026,8,1304,台聚,3671323,3340929,3376784,9.88,8.72,28772859,30613143,-6.01,-
twse,2026,8,1305,華夏,682270,567866,768703,20.14,-11.24,6653515,6641394,0.18,-
twse,2026,8,1307,三芳,1053304,1066159,950351,-1.2,10.83,7782856,7316353,6.37,-
twse,2026,8,1308,亞聚,518710,501654,459866,3.39,12.79,3872607,3800931,1.88,-
twse,2026,8,1309,台達化,1147797,1032063,1079037,11.21,6.37,8353962,10315570,-19.01,-
twse,2026,8,1310,台苯,827062,668728,716796,23.67,15.38,5658190,6239188,-9.31,-
twse,2026,8,1312,國喬,2381254,1422114,1258413,67.44,89.22,16669124,13872173,20.16,主要為去年8月泉州國亨停車進行設備改良致使營收減少，今年8月泉州國亨生產正常。
twse,2026,8,1313,聯成,5244696,5091842,4946044,3.0,6.03,41672457,39018021,6.8,-
twse,2026,8,1314,中石化,927609,1059916,1227152,-12.48,-24.4,9967217,14277915,-30.19,-
twse,2026,8,1315,達新,219175,218590,199708,0.26,9.74,1404733,1585227,-11.38,-
twse,2026,8,1316,上曜,690239,695494,357553,-0.75,93.04,5362428,2414900,122.05,主因子公司營收上升，致本月及本年度營收較去年同期增加。
twse,2026,8,1319,東陽,1946454,2035775,1812381,-4.38,7.39,15275956,16656817,-8.29,-
twse,2026,8,1321,大洋,271109,297426,256760,-8.84,5.58,2486189,2502388,-0.64,-
twse,2026,8,1323,永裕,213908,189518,159541,12.86,34.07,1484454,1352098,9.78,-
twse,2026,8,1324,地球,40030,56386,62593,-29.0,-36.04,428842,492264,-12.88,-
twse,2026,8,1325,恆大,15611,19967,20429,-21.81,-23.58,158956,206553,-23.04,-
twse,2026,8,1326,台化,30558197,31267016,23203688,-2.26,31.69,230729306,198963537,15.96,-
tpex,2026,8,1336,台翰,314788,324336,215400,-2.94,46.14,1886730,1677830,12.45,-
twse,2026,8,1337,再生-KY,47354,50904,40851,-6.97,15.91,386515,442223,-12.59,-
twse,2026,8,1338,廣華-KY,503046,370408,456525,35.8,10.19,3400344,3392013,0.24,-
twse,2026,8,1339,昭輝,140264,141514,121383,-0.88,15.55,1087273,1168244,-6.93,-
twse,2026,8,1340,勝悅-KY,7115,7274,3321,-2.18,114.24,43115,29878,44.3,公司停業舊營業項目並新增項目，營收較去年成長；更正114年第3季及全年財報，致本、去年營收及累積營收產生差異。
twse,2026,8,1341,富林-KY,181811,265664,173867,-31.56,4.56,1783429,1663919,7.18,-
twse,2026,8,1342,八貫,307180,337627,188651,-9.01,62.82,2556955,1865888,37.03,主要係航海航太的客戶強勁拉貨及戶外產品熱銷使得客戶增加出貨所致
twse,2026,8,1402,遠東新,22832378,23366547,19820523,-2.28,15.19,176712966,163089579,8.35,-
twse,2026,8,1409,新纖,3425819,4641142,3746713,-26.18,-8.56,30122179,26891455,12.01,-
twse,2026,8,1410,南染,18766,18088,13766,3.74,36.32,143619,131938,8.85,-
twse,2026,8,1413,宏洲,184216,173552,144296,6.14,27.66,1364932,1523556,-10.41,-
twse,2026,8,1414,東和,31640,30089,33531,5.15,-5.63,302434,328554,-7.94,-
twse,2026,8,1416,廣豐,44896,44583,30752,0.7,45.99,316585,219160,44.45,-
twse,2026,8,1417,嘉裕,23777,24710,28755,-3.77,-17.31,193779,195534,-0.89,-
twse,2026,8,1418,東華,38,834,17,-95.44,123.52,4298,3583,19.95,配合客戶生產線出貨
twse,2026,8,1419,新紡,510290,429159,481661,18.9,5.94,3500913,2810580,24.56,-
twse,2026,8,1423,利華,10823,5951,4505,81.86,140.24,61173,52819,15.81,主因客戶需求較去年同期增加及公司營收項目自今年7月起增列租賃暨太陽光電收入。
twse,2026,8,1432,大魯閣,82129,70081,127741,17.19,-35.7,548711,907962,-39.56,-
twse,2026,8,1434,福懋,2026703,2152442,2183147,-5.84,-7.16,18389268,19302530,-4.73,-
twse,2026,8,1435,中福,499,499,499,0.0,0.0,3988,3988,0.0,-
twse,2026,8,1436,華友聯,54343,88560,449276,-38.63,-87.9,625945,3575147,-82.49,本月及累計營收較去年同期減少，係今年交屋數量較去年同期減少所致。
twse,2026,8,1437,勤益控,80186,107578,69292,-25.46,15.72,597629,622047,-3.92,-
twse,2026,8,1438,三地開發,406071,39787,978,920.61,41420.55,837553,1219,68608.2,因本年已有建案完工交屋，故營收變化大。
twse,2026,8,1439,雋揚,35925,22489,123109,59.74,-70.81,173564,507852,-65.82,主係本公司按持有比例陸續認列聯合營運建案交屋之營收較去年同期減少。
twse,2026,8,1440,南紡,1050401,1300342,1096783,-19.22,-4.22,8914083,10107573,-11.8,-
twse,2026,8,1441,大東,108006,89328,124523,20.9,-13.26,802457,1025493,-21.74,-
twse,2026,8,1442,名軒,265545,271346,161359,-2.13,64.56,1369325,2542557,-46.14,本月認收22戶，去年同期認收17戶，故兩期差異大
twse,2026,8,1443,立益物流,82121,79430,79064,3.38,3.86,627811,668425,-6.07,-
twse,2026,8,1444,力麗,444102,517228,519789,-14.13,-14.56,5459214,4704638,16.03,-
twse,2026,8,1445,大宇,54031,66134,64086,-18.3,-15.68,427274,527788,-19.04,-
twse,2026,8,1446,宏和,88539,10920,121319,710.79,-27.01,432190,976561,-55.74,本期營建銷售戶數減少
twse,2026,8,1447,力鵬,2041747,1199980,3097385,70.14,-34.08,19309758,18580310,3.92,-
twse,2026,8,1449,佳和,317172,371228,158240,-14.56,100.43,2529935,1669541,51.53,訂單增加及合併子公司營收
twse,2026,8,1451,年興,654058,670302,478115,-2.42,36.79,4531929,4166496,8.77,-
twse,2026,8,1452,宏益,69905,113912,105811,-38.63,-33.93,908105,925674,-1.89,-
twse,2026,8,1453,大將,107,106,105,0.94,1.9,967,973,-0.61,-
twse,2026,8,1454,台富,70385,118586,118323,-40.64,-40.51,830526,1062282,-21.81,-
twse,2026,8,1455,集盛,464570,506492,468295,-8.27,-0.79,3840397,4551879,-15.63,-
twse,2026,8,1456,怡華,2232459,90897,33692,2356.03,6526.08,2690860,604911,344.83,本月認列建設收入較去年本月增加所致
twse,2026,8,1457,宜進,231778,238975,214233,-3.01,8.18,1898764,2123822,-10.59,-
twse,2026,8,1459,聯發,77340,95047,90191,-18.62,-14.24,663100,796284,-16.72,-
twse,2026,8,1460,宏遠,718711,517874,633533,38.78,13.44,4268603,4816464,-11.37,-
twse,2026,8,1463,強盛新,15629,19873,15115,-21.35,3.4,150954,739436,-79.58,去年第一季子公司保強建設房屋售出入帳
twse,2026,8,1464,得力,1001905,969593,984416,3.33,1.77,7911620,8203007,-3.55,-
twse,2026,8,1465,偉全,18919,31816,15136,-40.53,24.99,251221,247980,1.3,-
twse,2026,8,1466,聚隆,183930,207165,199383,-11.21,-7.75,1502861,1737357,-13.49,-
twse,2026,8,1467,南緯,509038,522427,553569,-2.56,-8.04,3494668,3493147,0.04,-
twse,2026,8,1468,昶和,22570,42981,47650,-47.48,-52.63,329487,575011,-42.69,終端市場需求下降，客戶下單保守。
twse,2026,8,1470,大統新創,41969,56595,61110,-25.84,-31.32,470190,533915,-11.93,-
twse,2026,8,1471,首利,5736,8754,14065,-34.47,-59.21,61838,131391,-52.93,本月營收及本年累計營收皆較去年同期減少，主係因為客戶需求減少所致。
twse,2026,8,1472,三洋實業,357593,360176,331244,-0.71,7.95,2628414,2444425,7.52,本公司以專案收入為主要營收，因各財務報表期間所認列專案別不同，使得營業收入同期比較不具相同基礎，此為本公司營業特性。
twse,2026,8,1473,台南,559294,663144,533721,-15.66,4.79,4612798,5123221,-9.96,-
twse,2026,8,1474,弘裕,236259,223674,234702,5.62,0.66,1830294,1920920,-4.71,-
twse,2026,8,1475,業旺,129628,127357,104301,1.78,24.28,980283,974457,0.59,-
twse,2026,8,1476,儒鴻,3311034,3752424,3348874,-11.76,-1.12,26770332,25485435,5.04,-
twse,2026,8,1477,聚陽,3554003,2999331,3745640,18.49,-5.11,23616164,24139451,-2.16,-
twse,2026,8,1503,士電,2846465,2971490,2857439,-4.2,-0.38,26939478,24593878,9.53,-
twse,2026,8,1504,東元,5408315,5528934,4629290,-2.18,16.82,41725219,38555780,8.22,-
twse,2026,8,1506,正道,116168,123620,78595,-6.02,47.8,855886,721588,18.61,-
twse,2026,8,1512,瑞利,90473,74442,113866,21.53,-20.54,717706,744657,-3.61,-
twse,2026,8,1513,中興電,2502498,2410391,2297365,3.82,8.92,18936577,18170852,4.21,-
twse,2026,8,1514,亞力,773622,894958,1052778,-13.55,-26.51,7043770,6525482,7.94,-
twse,2026,8,1515,力山,460497,434596,498318,5.95,-7.58,3117636,3120908,-0.1,-
twse,2026,8,1516,川飛,9784,7546,9989,29.65,-2.05,72116,55232,30.56,-
twse,2026,8,1517,利奇,157625,196093,144986,-19.61,8.71,1342078,1345907,-0.28,-
twse,2026,8,1519,華城,1916427,2049883,1703482,-6.51,12.5,14178496,14433944,-1.76,-
twse,2026,8,1521,大億,248902,301739,264998,-17.51,-6.07,2554144,2334396,9.41,-
twse,2026,8,1522,堤維西,2162878,2356530,2230662,-8.21,-3.03,17862637,13690868,30.47,-
twse,2026,8,1524,耿鼎,221762,226339,219798,-2.02,0.89,1594535,1710567,-6.78,-
twse,2026,8,1525,江申,94944,125585,120877,-24.39,-21.45,854714,797501,7.17,-
twse,2026,8,1526,日馳,41955,60672,59438,-30.84,-29.41,432441,539659,-19.86,-
twse,2026,8,1527,鑽全,241850,281887,237112,-14.2,1.99,1856396,2089877,-11.17,-
twse,2026,8,1528,恩德,383294,317995,224361,20.53,70.83,2171200,1813832,19.7,本月營收較去年同期增加70.84%，主要係母公司恩德及上海協德、GB等子公司本月出貨增加所致。
twse,2026,8,1529,樂事綠能,49353,44186,45695,11.69,8.0,534486,627950,-14.88,-
twse,2026,8,1530,亞崴,87383,238923,153168,-63.42,-42.94,1238669,1376040,-9.98,-
twse,2026,8,1531,高林股,125964,140170,116313,-10.13,8.29,1047396,1053947,-0.62,-
twse,2026,8,1532,勤美,1689080,1245914,2944507,35.56,-42.63,9849731,10020906,-1.7,-
twse,2026,8,1533,車王電,459785,385966,382971,19.12,20.05,3552513,2413428,47.19,-
twse,2026,8,1535,中宇,701433,672022,981507,4.37,-28.53,5560589,7594648,-26.78,-
twse,2026,8,1536,和大,460071,439713,404527,4.62,13.73,3255001,3171043,2.64,-
twse,2026,8,1537,廣隆,606136,606200,546155,-0.01,10.98,4649899,4526322,2.73,-
twse,2026,8,1538,正峰,4096,3385,9771,21.0,-58.08,41907,84493,-50.4,終端市場需求轉弱，客戶下單態度轉為審慎及部份客戶庫存水位偏高，持續進行庫存去化與調整作業
twse,2026,8,1539,巨庭,105264,115130,103469,-8.56,1.73,773986,949711,-18.5,-
twse,2026,8,1540,喬福,25446,20417,51869,24.63,-50.94,247718,376958,-34.28,歐洲.大陸巿場衰退
twse,2026,8,1541,錩泰,185322,222307,338514,-16.63,-45.25,1609710,2619095,-38.53,-
twse,2026,8,1558,伸興,890004,936760,750248,-4.99,18.62,6045031,5723236,5.62,-
twse,2026,8,1560,中砂,899115,886323,689622,1.44,30.37,6571294,5280144,24.45,-
twse,2026,8,1563,巧新,549815,650057,536622,-15.42,2.45,5051600,4750456,6.33,-
tpex,2026,8,1565,精華,302119,303353,345141,-0.4,-12.46,2385832,2851420,-16.32,-
twse,2026,8,1568,倉佑,88426,94387,83099,-6.31,6.41,737989,704920,4.69,-
tpex,2026,8,1569,濱川,208971,207224,279673,0.84,-25.28,2041190,2210166,-7.64,-
tpex,2026,8,1570,力肯,30262,37664,54046,-19.65,-44.0,356082,390114,-8.72,-
tpex,2026,8,1580,新麥,374472,440522,416408,-14.99,-10.07,3079802,3181929,-3.2,-
twse,2026,8,1582,信錦,724367,868532,712982,-16.59,1.59,5714571,5819433,-1.8,-
twse,2026,8,1583,程泰,336552,441308,374511,-23.73,-10.13,2754520,2610328,5.52,-
tpex,2026,8,1584,精剛,210511,195477,199485,7.69,5.52,1490444,1745077,-14.59,-
tpex,2026,8,1586,和勤,209678,219209,186346,-4.34,12.52,1598332,1476316,8.26,-
twse,2026,8,1587,吉茂,211156,237679,215386,-11.15,-1.96,1801179,1653708,8.91,-
twse,2026,8,1589,永冠-KY,638363,728061,706113,-12.32,-9.59,5346040,5168476,3.43,-
twse,2026,8,1590,亞德客-KY,3707549,3994281,2586808,-7.17,43.32,29879717,22284795,34.08,本月營業收入換算匯率為4.7540786；本年累計營業收入換算匯率為4.6452740
tpex,2026,8,1591,駿吉-KY,53841,42489,5238,26.71,927.89,349504,79963,337.08,本期銷售數量增加所致
tpex,2026,8,1593,祺驊,115295,122407,94577,-5.81,21.9,884304,786009,12.5,-
tpex,2026,8,1595,川寶,87427,111520,64469,-21.6,35.61,610904,478114,27.77,-
twse,2026,8,1597,直得,133094,136585,91642,-2.55,45.23,1027337,709070,44.88,-
twse,2026,8,1598,岱宇,491583,477072,396941,3.04,23.84,3880585,4013128,-3.3,-
tpex,2026,8,1599,宏佳騰,292257,249147,147235,17.3,98.49,1614553,1268729,27.25,市場需求提升客戶增加拉貨所致
twse,2026,8,1603,華電,439498,504831,364716,-12.94,20.5,3752683,3707404,1.22,-
twse,2026,8,1604,聲寶,706947,800422,683692,-11.67,3.4,6303169,6296674,0.1,-
twse,2026,8,1605,華新,14428827,15713997,12550005,-8.17,14.97,120910665,117996140,2.47,-
twse,2026,8,1608,華榮,1180412,1267960,1001210,-6.9,17.89,9165836,7690437,19.18,-
twse,2026,8,1609,大亞,3388884,2905704,2513349,16.62,34.83,24317144,20262338,20.01,-
twse,2026,8,1611,中電,81207,88821,81138,-8.57,0.08,678826,734582,-7.59,-
twse,2026,8,1612,宏泰,684422,746815,572267,-8.35,19.59,5402989,5294168,2.05,-
twse,2026,8,1614,三洋電,405059,511916,418037,-20.87,-3.1,3567334,3778684,-5.59,-
twse,2026,8,1615,大山,465639,494555,387202,-5.84,20.25,3888518,3695044,5.23,-
twse,2026,8,1616,億泰,447433,532980,476156,-16.05,-6.03,3769782,3527404,6.87,-
twse,2026,8,1617,榮星,374179,419782,254731,-10.86,46.89,2815350,2157646,30.48,-
twse,2026,8,1618,合機,527665,670446,537890,-21.29,-1.9,3488546,3423836,1.88,-
twse,2026,8,1623,大東電,482275,619085,520334,-22.09,-7.31,4399528,4299550,2.32,-
twse,2026,8,1626,艾美特-KY,376173,672217,308260,-44.03,22.03,5934241,6001901,-1.12,-
twse,2026,8,1702,南僑,1971512,1864175,1948584,5.75,1.17,15366880,15279888,0.56,-
twse,2026,8,1707,葡萄王,706058,716707,884118,-1.48,-20.13,6114390,6460456,-5.35,-
twse,2026,8,1708,東鹼,680872,639793,511272,6.42,33.17,4629084,3991743,15.96,-
twse,2026,8,1709,和益,1208393,1130202,661529,6.91,82.66,7451684,6095167,22.25,因原料成本上漲，調高產品售價及本期三角貿易銷售較去年同期增加所致。
twse,2026,8,1710,東聯,2389820,2249785,1927762,6.22,23.96,15216754,15597783,-2.44,無
twse,2026,8,1711,永光,747049,781404,561028,-4.39,33.15,5705465,5110610,11.63,-
twse,2026,8,1712,興農,1449498,1571098,1489922,-7.73,-2.71,13189605,12644255,4.31,-
twse,2026,8,1713,國化,38761,33259,42410,16.54,-8.6,298461,288603,3.41,-
twse,2026,8,1714,和桐,3046841,3330687,1951760,-8.52,56.1,23394143,14572263,60.53,115年8月營收較去年同期增加達50%以上，主係產品銷量、售價皆較去年同期增加。
twse,2026,8,1717,長興,4069789,4092959,3364895,-0.56,20.94,30331598,27134710,11.78,-
twse,2026,8,1718,中纖,4179861,4902256,4002631,-14.73,4.42,32841304,31806339,3.25,本月份自結異業別合併營收資訊，未經會計師簽證或核閱。
twse,2026,8,1720,生達,623714,597173,578668,4.44,7.78,4745375,4607935,2.98,-
twse,2026,8,1721,國慶科技,169943,99976,124531,69.98,36.46,1076323,1191411,-9.65,-
twse,2026,8,1722,台肥,911920,986349,1027861,-7.54,-11.27,8648210,8269525,4.57,-
twse,2026,8,1723,中碳,619597,683318,421666,-9.32,46.94,4623048,4012192,15.22,-
twse,2026,8,1725,元禎,853217,856636,652998,-0.39,30.66,6320721,5635090,12.16,-
twse,2026,8,1726,永記,745945,844085,744817,-11.62,0.15,6765572,6517778,3.8,-
twse,2026,8,1727,中華化,256624,235237,157756,9.09,62.67,1649370,1305220,26.36,115年8月月營收較去年同期增加達50%以上，主係出貨量增加及銷售單價上漲所致。
twse,2026,8,1730,花仙子,196517,214484,196965,-8.37,-0.22,1668132,1610758,3.56,-
twse,2026,8,1731,美吾華,133240,147474,112956,-9.65,17.95,1135214,1039512,9.2,本月美髮品牌出貨暢旺，營收較去年同期大幅成長近18%
twse,2026,8,1732,毛寶,55605,50473,56278,10.16,-1.19,469440,451102,4.06,-
twse,2026,8,1733,五鼎,146355,142568,146894,2.65,-0.36,1279299,1324829,-3.43,-
twse,2026,8,1734,杏輝,311002,283359,255810,9.75,21.57,2291496,2165336,5.82,-
twse,2026,8,1735,日勝化,216074,213751,179803,1.08,20.17,1693156,1544822,9.6,-
twse,2026,8,1736,喬山,4840096,4580338,3946036,5.67,22.65,34499748,30234140,14.1,-
twse,2026,8,1737,臺鹽,275018,276992,286105,-0.71,-3.87,2110519,2225808,-5.17,-
tpex,2026,8,1742,台蠟,8002,3653,5247,119.05,52.5,52979,83719,-36.71,本月營收較去年同期增加，係因蠟品較去年同期增加
twse,2026,8,1752,南光,169159,171833,150552,-1.55,12.35,1409206,1455647,-3.19,-
twse,2026,8,1760,寶齡富錦,181232,173208,251306,4.63,-27.88,1385567,1381495,0.29,-
twse,2026,8,1762,中化生,59095,89767,45353,-34.16,30.3,815267,655190,24.43,-
twse,2026,8,1773,勝一,1384770,1336524,957512,3.6,44.62,9373344,7561377,23.96,-
twse,2026,8,1776,展宇,76443,84364,76240,-9.38,0.26,689091,676127,1.91,-
tpex,2026,8,1777,生泰,134826,102068,114568,32.09,17.68,848871,868536,-2.26,-
tpex,2026,8,1780,立弘,74837,82537,66535,-9.32,12.47,655773,564500,16.16,-
tpex,2026,8,1781,合世,29128,21098,21874,38.06,33.16,243516,257328,-5.36,-
twse,2026,8,1783,和康生,68526,63763,70258,7.46,-2.46,544170,521741,4.29,-
tpex,2026,8,1784,訊聯,109060,121005,95351,-9.87,14.37,883117,802804,10.0,-
tpex,2026,8,1785,光洋科,4515809,5261124,3454857,-14.16,30.7,40546922,24815120,63.39,主係業績增長所致
twse,2026,8,1786,科妍,66363,75206,85888,-11.75,-22.73,557917,574895,-2.95,-
tpex,2026,8,1788,杏昌,383189,362860,351739,5.6,8.94,2998845,2825309,6.14,-
twse,2026,8,1789,神隆,199285,185365,344685,7.5,-42.18,1722863,1977997,-12.89,-
twse,2026,8,1795,美時,2107202,2491699,1159844,-15.43,81.67,22051986,13033975,69.18,主係受惠於併購NAGH後的營收挹注及出口業務成長所致
tpex,2026,8,1796,金穎生技,57338,64643,64348,-11.3,-10.89,444105,444874,-0.17,-
tpex,2026,8,1799,易威,107765,67691,59075,59.2,82.42,638785,358573,78.14,因新藥/學名藥產品出貨較去年同期多，故營收成長。
twse,2026,8,1802,台玻,4592157,4581358,3463388,0.23,32.59,31473937,26998143,16.57,-
twse,2026,8,1805,寶徠,114,115,115,-0.86,-0.86,104266,97243,7.22,-
twse,2026,8,1806,冠軍,204823,209074,245976,-2.03,-16.73,1853059,2294742,-19.24,-
twse,2026,8,1808,潤隆,622899,1101405,1880,-43.44,33032.92,14184672,101685,13849.62,營收變動主要係本年度完工建案已陸續過戶交屋認列房地出售收入所致。
twse,2026,8,1809,中釉,212015,201583,221147,5.17,-4.12,1615439,1645188,-1.8,-
twse,2026,8,1810,和成,343347,388679,328228,-11.66,4.6,2916453,3112886,-6.31,-
tpex,2026,8,1813,寶利徠,22715,22779,22584,-0.28,0.58,193240,210239,-8.08,-
tpex,2026,8,1815,富喬,912400,854379,509132,6.79,79.2,5779410,3822377,51.19,主要受惠於AI伺服器與高速傳輸需求帶動高階產品出貨比重提高，電子級玻纖布產品市場價格走高。
twse,2026,8,1817,凱撒衛,247067,234891,224431,5.18,10.08,1784133,1735916,2.77,-
twse,2026,8,1903,士紙,13784,11204,13267,23.02,3.89,101607,102331,-0.7,-
twse,2026,8,1904,正隆,4342939,4255688,3527265,2.05,23.12,30705852,28043480,9.49,-
twse,2026,8,1905,華紙,1518838,1519667,1494221,-0.05,1.64,12119089,12558470,-3.49,-
twse,2026,8,1906,寶隆,312709,337926,286404,-7.46,9.18,2231967,2052829,8.72,-
twse,2026,8,1907,永豐餘,6452290,6450570,6085364,0.02,6.02,50762452,48347148,4.99,-
twse,2026,8,1909,榮成,4596477,4324449,3731723,6.29,23.17,33131450,28789488,15.08,-
twse,2026,8,2002,中鋼,27948400,29719695,24739527,-5.96,12.97,225670804,217397799,3.8,-
twse,2026,8,2006,東和鋼鐵,5234484,5196912,4546819,0.72,15.12,40327750,39401505,2.35,-
twse,2026,8,2007,燁興,318860,457987,405617,-30.37,-21.38,3040813,3909652,-22.22,-
twse,2026,8,2008,高興昌,148996,159159,148446,-6.38,0.37,1129811,1297013,-12.89,-
twse,2026,8,2009,第一銅,338921,345877,260159,-2.01,30.27,2375670,1946820,22.02,-
twse,2026,8,2010,春源,1990448,2093876,2122871,-4.93,-6.23,16950246,16249429,4.31,-
twse,2026,8,2012,春雨,628001,647377,674040,-2.99,-6.83,5044162,5670589,-11.04,-
twse,2026,8,2013,中鋼構,1785700,1757640,1500083,1.59,19.04,13187080,14000471,-5.8,-
twse,2026,8,2014,中鴻,1025159,1250747,1450307,-18.03,-29.31,12598125,13638392,-7.62,-
twse,2026,8,2015,豐興,2306318,2472383,2102928,-6.71,9.67,18770529,20259957,-7.35,-
twse,2026,8,2017,官田鋼,219145,180742,264977,21.24,-17.29,1808860,1913001,-5.44,-
twse,2026,8,2020,美亞,272115,284045,432299,-4.2,-37.05,2604679,3323091,-21.61,-
twse,2026,8,2022,聚亨,724508,903166,778466,-19.78,-6.93,7853445,5775919,35.96,-
twse,2026,8,2023,燁輝,4776556,5722528,5574426,-16.53,-14.31,44189166,47373928,-6.72,-
twse,2026,8,2024,志聯,87528,100086,78083,-12.54,12.09,698010,667809,4.52,-
twse,2026,8,2025,千興,212580,112761,104962,88.52,102.53,1228139,519927,136.21,本月及本年營收較去年同期增加，係因鎳價上漲帶動不銹鋼售價提高，另一因素為去年基期較低，造成增加數大幅成長。
twse,2026,8,2027,大成鋼,12385552,12618274,8477981,-1.84,46.09,92199711,68689958,34.22,-
twse,2026,8,2028,威致,639576,665890,535959,-3.95,19.33,6046960,5704366,6.0,-
twse,2026,8,2029,盛餘,857746,1022366,1033804,-16.1,-17.03,8593713,9269326,-7.28,-
twse,2026,8,2030,彰源,1175065,1078093,745165,8.99,57.69,8077866,6708860,20.4,鎳價走揚需求上升及去年低基期效應所致
twse,2026,8,2031,新光鋼,1448409,1765571,1221367,-17.96,18.58,12624950,12149386,3.91,-
twse,2026,8,2032,新鋼,268401,263658,283315,1.79,-5.26,2197602,2065427,6.39,-
twse,2026,8,2033,佳大,51386,53100,46858,-3.22,9.66,448504,472350,-5.04,-
twse,2026,8,2034,允強,1270580,1354182,1002422,-6.17,26.75,8917917,8921172,-0.03,-
tpex,2026,8,2035,唐榮公司,669227,880207,923686,-23.96,-27.54,6841168,6802803,0.56,-
twse,2026,8,2038,海光,481052,608290,576350,-20.91,-16.53,5073300,6188617,-18.02,-
twse,2026,8,2049,上銀,2708024,2681646,1903026,0.98,42.3,19277366,15669440,23.02,-
twse,2026,8,2059,川湖,6466169,6407256,1454984,0.91,344.41,29153191,11044490,163.96,新產品開始出貨，導致年對年營收增幅較大。
tpex,2026,8,2061,風青,119426,126081,83854,-5.27,42.42,918092,773138,18.74,-
twse,2026,8,2062,橋椿,615987,564590,504081,9.1,22.2,4667319,4072247,14.61,-
tpex,2026,8,2063,世鎧精密,60563,88303,72923,-31.41,-16.94,608595,665406,-8.53,-
tpex,2026,8,2064,晉椿,128613,143500,140649,-10.37,-8.55,1166949,1007153,15.86,-
tpex,2026,8,2065,世豐,205027,240139,159291,-14.62,28.71,1537632,1389694,10.64,-
tpex,2026,8,2066,世德,223565,211148,199871,5.88,11.85,1906616,1754325,8.68,-
tpex,2026,8,2067,嘉鋼,80111,75520,80827,6.07,-0.88,620511,682244,-9.04,-
twse,2026,8,2069,運錩,886938,796947,746227,11.29,18.85,6682959,6902005,-3.17,-
tpex,2026,8,2070,精湛,74081,106258,63963,-30.28,15.81,525837,421173,24.85,-
twse,2026,8,2072,世紀風電,1311094,1571712,709332,-16.58,84.83,11729090,6889994,70.23,本月營收較去年本月增加，主要係因本月承接工程案件依進度認列收入較高所致
tpex,2026,8,2073,雄順,153282,147018,43822,4.26,249.78,679887,377011,80.33,主因今年第二季起開始增加購料含料自製生產銷售，使得營業收入增加。
twse,2026,8,2101,南港,1267668,1211182,688190,4.66,84.2,15528534,6053507,156.52,本公告係屬自結數，如與公告財報有所差異請以財報為準，另本月份營建收入6億/累積營建收入106億元。
twse,2026,8,2102,泰豐,22681,22187,17448,2.22,29.99,134598,176885,-23.9,-
twse,2026,8,2103,台橡,3446503,3641846,2829978,-5.36,21.78,29300415,25083299,16.81,-
twse,2026,8,2104,國際中橡,1211672,1546688,1208295,-21.66,0.27,9518278,11044524,-13.81,以上營收不包含停業部門營收:115年8月0仟元暨114年8月0仟元；115年1~8月0仟元暨114年1~8月71仟元。
twse,2026,8,2105,正新,8338554,8595349,7969069,-2.98,4.63,65313310,61727767,5.8,無。
twse,2026,8,2106,建大,2901482,3237190,2684656,-10.37,8.07,24346985,22997697,5.86,-
twse,2026,8,2107,厚生,123329,122411,102340,0.74,20.5,993898,902597,10.11,-
twse,2026,8,2108,南帝,1046282,1028039,737702,1.77,41.82,8120781,6409827,26.69,-
twse,2026,8,2109,華豐,354696,454629,321035,-21.98,10.48,3087757,3067311,0.66,-
twse,2026,8,2114,鑫永銓,150454,142852,135320,5.32,11.18,1103128,1016750,8.49,-
twse,2026,8,2115,六暉-KY,319121,320318,216483,-0.37,47.41,2380701,2016675,18.05,-
twse,2026,8,2201,裕隆,5807285,5943538,5927284,-2.29,-2.02,46264728,47922719,-3.45,-
twse,2026,8,2204,中華,2255905,2878948,2326678,-21.64,-3.04,23192109,21260275,9.08,-
twse,2026,8,2206,三陽工業,4883225,5407346,4894107,-9.69,-0.22,40856145,42931057,-4.83,-
twse,2026,8,2207,和泰車,26802894,30043601,24240821,-10.78,10.56,214432097,189544148,13.13,-
twse,2026,8,2208,台船,2103059,1491536,1351198,40.99,55.64,13183031,16430235,-19.76,單月營收變動主係造船及造艦業務營收增加所致。
twse,2026,8,2211,長榮鋼,1409894,1458678,1260547,-3.34,11.84,10536068,9826872,7.21,-
tpex,2026,8,2221,大甲,198738,139767,109607,42.19,81.31,1145665,887484,29.09,本公司相關工程案訂單持續出貨所致。
twse,2026,8,2227,裕日車,1060412,1228457,1098492,-13.67,-3.46,9005228,10520106,-14.39,-
twse,2026,8,2228,劍麟,393621,432522,396088,-8.99,-0.62,3268476,3350369,-2.44,營業收入係以合併營業收入申報
tpex,2026,8,2230,泰茂,39324,133854,247693,-70.62,-84.12,1318884,1119480,17.81,酒水事業收入減少
twse,2026,8,2231,為升,222547,248852,300150,-10.57,-25.85,1956007,2292601,-14.68,-
twse,2026,8,2233,宇隆,284737,281958,234793,0.98,21.27,2262259,2232443,1.33,-
tpex,2026,8,2235,謚源,46590,29036,50153,60.45,-7.1,366037,378851,-3.38,-
twse,2026,8,2236,百達-KY,1204475,1238220,931995,-2.72,29.23,8122412,6258031,29.79,-
twse,2026,8,2237,華德動能-創,292600,250888,224965,16.62,30.06,2381643,1126985,111.32,本月銷售電動巴士31輛及維修收入
twse,2026,8,2239,英利-KY,1069103,1326447,1475293,-19.4,-27.53,10700964,12536918,-14.64,-
twse,2026,8,2241,艾姆勒,87163,80051,59161,8.88,47.33,638677,436102,46.45,-
twse,2026,8,2243,宏旭-KY,200401,108679,97075,84.39,106.43,1279251,953999,34.09,本月認列合約收入金額較去年同期大幅增加
twse,2026,8,2247,汎德永業,3313810,4128800,3290313,-19.73,0.71,28067583,35364943,-20.63,-
twse,2026,8,2248,華勝-KY,246526,232376,151780,6.08,62.42,1811034,1198363,51.12,本月增減百分比達50%以上，係受惠於本公司客户新車型上市熱銷所致
twse,2026,8,2250,IKKA-KY,258606,285419,254274,-9.39,1.7,2117268,2260218,-6.32,-
twse,2026,8,2254,巨鎧精密-創,3924,3224,49400,21.71,-92.05,69716,398609,-82.51,本⽉營收較去年同期營收減少，係因客⼾訂單減少所致。
twse,2026,8,2258,鴻華先進-創,913778,597565,110617,52.91,726.07,3816310,3330761,14.57,本月乘用車較去年本月上升，乘用車及電動巴士陸續交車。
twse,2026,8,2301,光寶科,19592400,19005536,15648789,3.08,25.2,134710261,106300030,26.72,-
twse,2026,8,2302,麗正,135083,122214,71959,10.52,87.72,758055,549456,37.96,系訂單需求增加
twse,2026,8,2303,聯電,25044641,23844045,19159816,5.03,30.71,178659250,155816479,14.66,-
twse,2026,8,2305,全友,181219,178558,53302,1.49,239.98,992239,465371,113.21,"受惠於AI及大數據發展,光電子設備需求強勁"
twse,2026,8,2308,台達電,64586049,67073192,47859758,-3.7,34.94,474267973,336211288,41.06,-
twse,2026,8,2312,金寶,13452420,16022648,10991984,-16.04,22.38,104441220,100886343,3.52,-
twse,2026,8,2313,華通,7012064,6955176,6561566,0.81,6.86,53507270,47487357,12.67,-
twse,2026,8,2314,台揚,65083,78392,127271,-16.97,-48.86,971911,811939,19.7,-
twse,2026,8,2316,楠梓電,466413,510275,289358,-8.59,61.18,3130952,2226877,40.59,係因終端客戶需求增加，使得營收增加。
twse,2026,8,2317,鴻海,921766023,946512543,606512275,-2.61,51.97,6511139274,4659897316,39.72,主要受惠於伺服器產品出貨持續成長，帶動營收較去年同期增加。
twse,2026,8,2321,東訊,60108,63646,59096,-5.55,1.71,495903,488255,1.56,-
twse,2026,8,2323,中環,710039,644798,591243,10.11,20.09,5310409,4626590,14.78,無
twse,2026,8,2324,仁寶,67337469,81005761,58808664,-16.87,14.5,587941442,496941025,18.31,無
twse,2026,8,2327,國巨*,16332196,16131188,10759050,1.24,51.79,115085359,85280924,34.94,主要係因客戶需求強勁
twse,2026,8,2328,廣宇,2165981,2049542,1810015,5.68,19.66,13845255,15023868,-7.84,-
twse,2026,8,2329,華泰,1768265,1790428,1687855,-1.23,4.76,13895387,12787221,8.66,-
twse,2026,8,2330,台積電,514805337,467580548,335771691,10.09,53.32,3386869575,2431982931,39.26,因先進製程產品需求增加所致。
twse,2026,8,2331,精英,1529563,1554400,1915668,-1.59,-20.15,13836213,12640552,9.45,-
twse,2026,8,2332,友訊,1175584,1155984,1117030,1.69,5.24,9458929,8708561,8.61,-
twse,2026,8,2337,旺宏,8145267,7724730,2557121,5.44,218.53,45463389,18247954,149.14,受市場需求增加影響。
twse,2026,8,2338,光罩,494412,505327,543000,-2.15,-8.94,4052183,4244845,-4.53,-
twse,2026,8,2340,台亞,474269,394291,389148,20.28,21.87,3032071,2892655,4.81,-
twse,2026,8,2342,茂矽,180687,183537,173814,-1.55,3.95,1372385,1416320,-3.1,-
twse,2026,8,2344,華邦電,27308717,26773179,7012528,2.0,289.42,152178225,54860887,177.38,受市場供需影響。
twse,2026,8,2345,智邦,40872511,39472637,25637808,3.54,59.42,246003583,151983830,61.86,客戶需求增加
twse,2026,8,2347,聯強,74215271,72339062,33427828,2.59,122.01,474203745,250029441,89.65,本月營收較去年同期增加122%，主係受惠於AI建置熱潮帶動相關產品市場需求所致；另自結數前期調整列入累計營收
twse,2026,8,2348,海悅,1425372,2077742,222520,-31.39,540.55,6619380,3664986,80.61,本月及本年度增減百分比達50％以上，係因本期認列新知段、鳳鳴段、後壁田段及惠來厝段等建案營建收入
twse,2026,8,2349,錸德,539665,735585,546631,-26.63,-1.27,5030925,5340746,-5.8,-
twse,2026,8,2351,順德,1326062,1328046,822511,-0.14,61.22,9014909,6805708,32.46,主係客戶應用於AI領域之電源管理需求強勁，車用領域所需之導線架亦逐步復甦，客戶之拉貨動能提升。
twse,2026,8,2352,佳世達,18813300,18193769,16824741,3.4,11.81,141278815,137507787,2.74,-
twse,2026,8,2353,宏碁,30180310,26903988,21804230,12.17,38.41,214810992,171738681,25.08,-
twse,2026,8,2354,鴻準,21867114,21422430,13803533,2.07,58.41,98911940,100610197,-1.68,受IC板漲價，疊加客戶為應對價差及旺季提前備貨拉貨共同影響。
twse,2026,8,2355,敬鵬,1468680,1472569,1294737,-0.26,13.43,11238366,10496468,7.06,-
twse,2026,8,2356,英業達,83267681,90190327,61304263,-7.67,35.82,643625608,459336530,40.12,-
twse,2026,8,2357,華碩,94955954,84131254,62815315,12.86,51.16,645188921,453385946,42.3,本月增減差異說明：主要來自AI伺服器之銷售成長。
twse,2026,8,2359,所羅門,275860,411460,337011,-32.95,-18.14,3034216,2892924,4.88,-
twse,2026,8,2360,致茂,5632401,5434240,2197611,3.64,156.29,36455769,17492290,108.41,營運成長動能續強
twse,2026,8,2362,藍天,2015357,1817329,1797895,10.89,12.09,15303425,13525205,13.14,-
twse,2026,8,2363,矽統,512334,404550,282957,26.64,81.06,3127965,1624114,92.59,(1)季節性影響 ; (2)115/4起新增合併個體廈門凌陽華芯科技股份有限公司營收
twse,2026,8,2364,倫飛,180244,189703,135930,-4.98,32.6,1227672,1027208,19.51,-
twse,2026,8,2365,昆盈,111154,111160,81762,-0.0,35.94,710725,640072,11.03,-
twse,2026,8,2367,燿華,1459946,1631312,1157498,-10.5,26.12,11099781,11108546,-0.07,-
twse,2026,8,2368,金像電,10383971,10014527,5886997,3.68,76.38,64058925,37407050,71.24,接單量增加
twse,2026,8,2369,菱生,641933,641835,483031,0.01,32.89,4821212,3537678,36.28,-
twse,2026,8,2371,大同,4383050,3677894,4952129,19.17,-11.49,32562647,32787929,-0.68,-
twse,2026,8,2373,震旦行,950602,931455,917542,2.05,3.6,7004556,7135259,-1.83,-
twse,2026,8,2374,佳能,1312982,1159684,974730,13.21,34.7,8264458,5507553,50.05,今年較去年累計成長超過50%，主係影像視覺產品、光學相關模組及因客戶專案出貨轉趨穩健。
twse,2026,8,2375,凱美,653794,621019,475169,5.27,37.59,4284270,3696191,15.91,-
twse,2026,8,2376,技嘉,47400848,44213037,23888296,7.21,98.42,340883090,219593106,55.23,AI訂單需求暢旺
twse,2026,8,2377,微星,17693552,19342388,18834279,-8.52,-6.05,143205499,153037406,-6.42,-
twse,2026,8,2379,瑞昱,12459133,12895149,9727390,-3.38,28.08,99330051,86393688,14.97,-
twse,2026,8,2380,虹光,202355,199374,219515,1.49,-7.81,1811314,1788096,1.29,-
twse,2026,8,2382,廣達,423970932,366274080,152807846,15.75,177.45,2636058779,1300943510,102.62,產品組合變更
twse,2026,8,2383,台光電,20145589,19206698,8764793,4.88,129.84,119694731,61325050,95.18,受惠於AI伺服器成長力道
twse,2026,8,2385,群光,6521222,7056988,8482907,-7.59,-23.12,58837687,64299679,-8.49,-
twse,2026,8,2387,精元,1430789,1246972,1726366,14.74,-17.12,11134993,12822855,-13.16,-
twse,2026,8,2388,威盛,923499,1135921,520600,-18.7,77.39,7666771,5490290,39.64,銷貨增加
twse,2026,8,2390,云辰,58016,60061,49655,-3.4,16.83,441029,458075,-3.72,-
twse,2026,8,2392,正崴,5188271,8941317,6889918,-41.97,-24.69,52182143,56377172,-7.44,-
twse,2026,8,2393,億光,1862682,1974254,1632439,-5.65,14.1,14233259,13391696,6.28,-
twse,2026,8,2395,研華,10419341,11272216,5556475,-7.56,87.51,68203111,46752861,45.88,客戶端積極下單，專案需求與出貨暢旺，帶動整體營收大幅成長。
twse,2026,8,2397,友通,1239331,1284852,837315,-3.54,48.01,9262558,7049350,31.39,-
twse,2026,8,2399,映泰,198432,192758,141736,2.94,40.0,1354401,1266685,6.92,-
twse,2026,8,2401,凌陽,688102,745822,488178,-7.73,40.95,5316197,4278047,24.26,-
twse,2026,8,2402,毅嘉,1113296,1166674,956315,-4.57,16.41,8361231,7136169,17.16,-
twse,2026,8,2404,漢唐,9392377,9945328,5905283,-5.55,59.05,65694247,38280695,71.61,"營收較去年同期增加50%以上,係因本年累計正在投入進行的專案較去年同期增加所致。"
twse,2026,8,2405,輔信,153709,165225,151203,-6.96,1.65,1220480,1125756,8.41,-
twse,2026,8,2406,國碩,970776,997619,521628,-2.69,86.1,7511365,3496051,114.85,主要係因子公司太陽能導電漿產品銷量增加所致。
twse,2026,8,2408,南亞科,44690268,43867609,6762501,1.87,560.85,220193882,29828762,638.19,受市場需求成長影響。
twse,2026,8,2409,友達,23101650,20370071,24539457,13.4,-5.85,183394270,186800750,-1.82,-
twse,2026,8,2412,中華電,23309496,19884860,18556785,17.22,25.61,164546265,150274616,9.49,-
twse,2026,8,2413,環科,330288,356396,323193,-7.32,2.19,2487252,2183940,13.88,-
twse,2026,8,2414,精技,4556137,3225267,2537990,41.26,79.51,28114648,19019034,47.82,本月營收較去年同期增加79.52%，主係受惠於大型專案AI伺服器需求增加所致
twse,2026,8,2415,錩新,230830,221741,232221,4.09,-0.59,1690084,1559346,8.38,-
twse,2026,8,2417,圓剛,253041,325100,296121,-22.16,-14.54,2449846,2224685,10.12,-
twse,2026,8,2419,仲琦,2011067,664742,581922,202.53,245.59,6795189,5561747,22.17,係因本月有大型專案認列收入，以致較去年同期增加
twse,2026,8,2420,新巨,206990,237960,154663,-13.01,33.83,1585928,1479798,7.17,-
twse,2026,8,2421,建準,1974148,2119438,1566397,-6.85,26.03,14531703,12001707,21.08,-
twse,2026,8,2423,固緯,299614,281182,233800,6.55,28.14,2288907,1851104,23.65,-
twse,2026,8,2424,隴華,7776,12147,6952,-35.98,11.85,106413,119106,-10.65,-
twse,2026,8,2425,承啟,1982942,1909626,907702,3.83,118.45,12873298,5839551,120.45,"1.主係為子公司營業收入增加。2.以上金額包含停業單位營業收入115年1-8月10,575,112仟元,114年1-8月3,723,488仟元"
twse,2026,8,2426,鼎元,253312,255443,182798,-0.83,38.57,1745892,1641742,6.34,-
twse,2026,8,2427,三商電,413399,384621,236524,7.48,74.78,3941821,3675588,7.24,本月營收金額較去年同期增加74.78%，主係:ATM本月銷售台數較去年同期增加
twse,2026,8,2428,興勤,942587,979022,623344,-3.72,51.21,6679112,5234095,27.6,受惠AI相關應用發展需求增加
twse,2026,8,2429,銘旺科,28303,34749,31173,-18.55,-9.2,263494,283424,-7.03,-
twse,2026,8,2430,燦坤,1477369,1593343,1482210,-7.27,-0.32,11741845,11888620,-1.23,-
twse,2026,8,2431,聯昌,15182,12297,28820,23.46,-47.32,148586,283583,-47.6,-
twse,2026,8,2432,倚天酷碁-創,444398,489165,246283,-9.15,80.44,3180316,1979344,60.67,本月營收及本年累計營收較去年同期增加，主係電腦週邊產品挹注成長所致。
twse,2026,8,2433,互盛電,228528,235142,223991,-2.81,2.02,1830578,1800991,1.64,-
twse,2026,8,2434,統懋,5351,3526,2904,51.75,84.26,35661,29753,19.85,本期受惠於外銷市場需求增加，加上去年基期營收低迷，導致本期增幅較高。
twse,2026,8,2436,偉詮電,428927,403610,324584,6.27,32.14,3039923,2330981,30.41,-
twse,2026,8,2438,翔耀,67354,137900,29676,-51.15,126.96,496908,296741,67.45,因國軍服裝供售案營運實質改變，自115年起營收認列方式由代採購淨額利潤認列營收改為實質買賣銷售認列營收，因此較去年同期增加
twse,2026,8,2439,美律,4117732,3647858,4413573,12.88,-6.7,29174709,27206670,7.23,-
twse,2026,8,2440,太空梭,392507,397352,270146,-1.21,45.29,2992891,2327953,28.56,-
twse,2026,8,2441,超豐,2043086,1998127,1438952,2.25,41.98,14047158,11067014,26.92,-
twse,2026,8,2442,新美齊,24583,47983,20508,-48.76,19.87,3629854,746363,386.33,本年累計營收較去年同期增加，主係本期營建專案交屋認列收入增加所致。
twse,2026,8,2444,兆勁,126359,81521,84645,55.0,49.28,641429,771227,-16.83,-
twse,2026,8,2449,京元電子,4080093,3990702,3100894,2.23,31.57,29404354,21696590,35.52,"以上不含停業部門營收:115年8月0仟元暨114年8月0仟元;115年1~8月0仟元暨114年1~8月985,800仟元。"
twse,2026,8,2450,神腦,3163181,2696323,2478164,17.31,27.64,23094072,19732603,17.03,-
twse,2026,8,2451,創見,4837166,5195090,1288310,-6.88,275.46,42476144,8775974,384.0,本月營收較去年同期增加主係市場價格上漲所致
twse,2026,8,2453,凌群,622610,587363,565750,6.0,10.05,4590206,4305244,6.61,-
twse,2026,8,2454,聯發科,64183361,48474930,44546643,32.4,44.08,413991412,391447615,5.75,海外子公司之營收係以當月平均匯率換算之
twse,2026,8,2455,全新,470904,422106,275126,11.56,71.15,2817693,2073751,35.87,客戶需求增加
twse,2026,8,2457,飛宏,767787,870492,933546,-11.79,-17.75,5967487,6603595,-9.63,-
twse,2026,8,2458,義隆,740683,878267,1170557,-15.66,-36.72,8048575,8333137,-3.41,-
twse,2026,8,2459,敦吉,451949,510199,391746,-11.41,15.36,3545888,3173244,11.74,-
twse,2026,8,2460,建通,438204,432492,249476,1.32,75.64,3264963,1975734,65.25,係因端子產品訂單穩定回流及特殊新型銅材業務量持續增量。
twse,2026,8,2461,光群雷,426507,479333,447465,-11.02,-4.68,3577528,3506348,2.03,-
twse,2026,8,2462,良得電,351029,373007,352739,-5.89,-0.48,2745479,2779280,-1.21,-
twse,2026,8,2464,盟立,928232,862979,534364,7.56,73.7,5824728,4431591,31.43,主要係本公司半導體自動化設備相關訂單增加所致。
twse,2026,8,2465,麗臺,1180621,1070629,244302,10.27,383.26,6326123,2103738,200.7,本月及本年累計營收較去年同期分別增加383.26%及200.71%，主係受惠於全球市場之人工智能應用相關產品需求所致。
twse,2026,8,2466,冠西電,224958,194036,140672,15.93,59.91,814394,803218,1.39,係因訂單增加
twse,2026,8,2467,志聖,865806,1167511,538685,-25.84,60.72,7077366,3859507,83.37,係因客戶需求提升，以致115年8月單月營收成長率較去年同期增加60.73%；115年累計營收成長率較去年同期增加83.37%。
twse,2026,8,2468,華經,198527,174485,278023,13.77,-28.59,1663981,1871908,-11.1,-
twse,2026,8,2471,資通,85250,84322,79552,1.1,7.16,644431,597146,7.91,-
twse,2026,8,2472,立隆電,1310529,1327811,866813,-1.3,51.18,9263430,7447691,24.37,被動元件市場需求增加
twse,2026,8,2474,可成,1003130,1056467,1684730,-5.04,-40.45,8514746,12729027,-33.1,-
twse,2026,8,2476,鉅祥,950786,970526,674112,-2.03,41.04,6655990,4760639,39.81,-
twse,2026,8,2477,美隆電,351843,302621,274983,16.26,27.95,1738625,1676151,3.72,-
twse,2026,8,2478,大毅,636565,660883,443191,-3.67,43.63,4422830,3602596,22.76,-
twse,2026,8,2480,敦陽科,774225,813206,644321,-4.79,20.16,6470316,5556395,16.44,-
twse,2026,8,2481,強茂,1376881,1447660,1060614,-4.88,29.81,10201264,8637640,18.1,-
twse,2026,8,2482,連宇,46404,38134,41998,21.68,10.49,318069,347372,-8.43,-
twse,2026,8,2483,百容,188082,201159,139747,-6.5,34.58,1435314,1176995,21.94,-
twse,2026,8,2484,希華,227535,235587,181898,-3.41,25.08,1677455,1649213,1.71,-
twse,2026,8,2485,兆赫,249330,311758,180137,-20.02,38.41,2515846,1387658,81.3,因客戶端產品驗證通過，正式進入量產與備貨階段，帶動出貨量顯著提升，致使本月營收較去年同期大幅成長。
twse,2026,8,2486,一詮,777300,739794,532145,5.06,46.06,5200014,4000096,29.99,-
twse,2026,8,2488,漢平,394408,377191,262850,4.56,50.05,2314875,1799351,28.65,本月營收較去年同期增加主要係因訂單量增加所致。
twse,2026,8,2489,瑞軒,2725433,2690629,2205299,1.29,23.58,18595675,15944218,16.62,-
twse,2026,8,2491,吉祥全,15149,16284,13660,-6.97,10.9,113050,116825,-3.23,-
twse,2026,8,2492,華新科,4568665,4443982,3139068,2.8,45.54,29941099,24521213,22.1,-
twse,2026,8,2493,揚博,402076,397828,310834,1.06,29.35,2815708,2468360,14.07,-
twse,2026,8,2495,普安,161558,149804,78345,7.84,106.21,1090366,712633,53.0,主要係客戶訂單金額增加所致。
twse,2026,8,2496,卓越,80373,72277,81272,11.2,-1.1,568224,560022,1.46,-
twse,2026,8,2497,怡利電,479526,534152,408837,-10.22,17.29,3589011,2996636,19.76,-
twse,2026,8,2498,宏達電,246093,178710,266660,37.7,-7.71,1691631,1817432,-6.92,-
twse,2026,8,2501,國建,1630282,2481445,1017795,-34.3,60.17,18547837,13520662,37.18,本月交屋入帳增加
twse,2026,8,2504,國產,1642633,1752096,1786871,-6.24,-8.07,13644165,14867472,-8.22,-
twse,2026,8,2505,國揚,772129,257522,620383,199.83,24.46,1626810,2516618,-35.35,"本年度營建收入1,622,553仟元，租賃收入4,257仟元。"
twse,2026,8,2506,太設,92579,89279,68714,3.69,34.73,989693,811385,21.97,-
twse,2026,8,2509,全坤建,126240,1074517,20684,-88.25,510.32,1327379,173423,665.39,"本月營收及累計營收較去年同期增加,主要係完工認列全坤X101案售屋收入所致."
twse,2026,8,2511,太子,1094091,661057,582312,65.5,87.88,6424683,5197800,23.6,本月營收增加87.89%，主係重要子公司大成工程工程承攬營收增加所致。
twse,2026,8,2514,龍邦,1623021,1536521,2144945,5.62,-24.33,13698409,14118819,-2.97,-
twse,2026,8,2515,中工,1752579,1547226,1360281,13.27,28.83,16263493,12934448,25.73,-
twse,2026,8,2516,新建,712460,707012,852838,0.77,-16.46,5098722,6412939,-20.49,-
twse,2026,8,2520,冠德,1795900,1761630,2443465,1.94,-26.5,16783158,14353446,16.92,-
twse,2026,8,2524,京城,112873,492010,98958,-77.05,14.06,1913400,3019366,-36.62,-
twse,2026,8,2527,宏璟,122292,166277,117387,-26.45,4.17,5062850,426123,1088.11,本年累計營收較去年同期高，主要係因今年有大型工案認列收入所致。
twse,2026,8,2528,皇普,437945,1365498,1854963,-67.92,-76.39,3472209,9181797,-62.18,"係115年8月認列皇普LaVie案412,227仟元、出售國慶段1315-1地號22,860仟元、竹北今天之外2,459仟元及租賃收入399仟元所致。"
twse,2026,8,2530,華建,672,842,504179,-20.19,-99.86,210353,6121333,-96.56,"本年度出售房地收入較去年度減少5,910,778仟元,本年度租金收入較去年度同期減少202仟元."
twse,2026,8,2534,宏盛,115095,133490,114397,-13.78,0.61,755086,4331490,-82.56,累計至本期成屋銷售情形較去年同期減少
twse,2026,8,2535,達欣工,2563767,2404520,1778325,6.62,44.16,18386374,14742092,24.72,-
twse,2026,8,2536,宏普,34549,14869,109705,132.35,-68.5,5040269,4091834,23.17,本期認列租金收入及餘屋交屋。
twse,2026,8,2537,聯上發,523,57492,615,-99.09,-14.95,1522963,499588,204.84,本月及去年同期營收係租金收入。
twse,2026,8,2538,基泰,24588,21827,19376,12.64,26.89,202674,182278,11.18,-
twse,2026,8,2539,櫻花建,442362,527905,484478,-16.2,-8.69,9520544,8083544,17.77,無異常。本月有「櫻花昕光之櫻」、「櫻花水美」建案陸續過戶中。
twse,2026,8,2540,愛山林,1518685,1092561,765532,39.0,98.38,6354393,8489203,-25.14,本月營收增加，主係建案完工交屋所致。
twse,2026,8,2542,興富發,3024332,4808113,3822322,-37.09,-20.87,41069298,11366724,261.31,本期較去年同期增加，係本期認列「青山440」、「福山案」、「復興北」、「VVS1」、「市政愛悦」等新建案收入所致。
twse,2026,8,2543,皇昌,1601610,1766665,1057104,-9.34,51.5,11111868,6970691,59.4,新承攬工程進入施工期，致本期營收較去年同期增加。
twse,2026,8,2545,皇翔,64320,1193449,264010,-94.61,-75.63,4820867,5586543,-13.7,因去年同期成屋銷售情形較本月佳所致
twse,2026,8,2546,根基,1772783,1854655,2345343,-4.41,-24.41,14881881,13384246,11.18,-
twse,2026,8,2547,日勝生,1066786,1221328,588638,-12.65,81.22,6157036,3766936,63.44,本月及本年度增加，主係建案完工陸續交屋所致。
twse,2026,8,2548,華固,634969,74491,265090,752.41,139.52,6416941,3125109,105.33,本公司截至08月累計營收較去年同期增加，係因本年度認列交屋金額較高所致。
tpex,2026,8,2596,綠意,446189,146580,32149,204.39,1287.87,1342876,886456,51.48,本公司「綠意領航1號」建案完工、陸續交屋中，故本年單月及累計營業收入淨額均較去年同期增加。
twse,2026,8,2597,潤弘,3310182,2790679,2349169,18.61,40.9,22212293,19030078,16.72,-
twse,2026,8,2601,益航,142049,146573,347250,-3.08,-59.09,1263432,2827585,-55.31,本期營收減少，係原合併報表子公司改採權益法認列，其營收不再納入合併報表所致。
twse,2026,8,2603,長榮,48985697,48079100,32956841,1.88,48.63,288737251,263016570,9.77,-
twse,2026,8,2605,新興,507861,478915,319911,6.04,58.75,3695520,2664052,38.71,受運價維持高檔影響，本月營業收入較去年同期顯著增加。
twse,2026,8,2606,裕民,1732266,1764365,1466083,-1.81,18.15,12401910,9913410,25.1,-
twse,2026,8,2607,榮運,2073018,2024250,1387656,2.4,49.38,13141412,11654834,12.75,-
twse,2026,8,2608,嘉里大榮,1564683,1116135,1319790,40.18,18.55,11093216,10161134,9.17,自115年8月起100%持有嘉里國際物流股份有限公司，重編今年累計營收、去年8月及累計營收
twse,2026,8,2609,陽明,21611483,20836075,13838365,3.72,56.17,127031057,113496193,11.92,整體運價上漲，致營收增加。
twse,2026,8,2610,華航,21948463,22234995,17251904,-1.28,27.22,164986282,139054266,18.64,-
twse,2026,8,2611,志信,56119,49501,52563,13.36,6.76,729359,444706,64.0,本期建案完工交屋，故營收增加。
twse,2026,8,2612,中航,512935,480742,403375,6.69,27.16,3572876,3247527,10.01,-
twse,2026,8,2613,中櫃,301830,309190,296716,-2.38,1.72,2356680,2228866,5.73,-
twse,2026,8,2614,東森,443995,463540,474607,-4.21,-6.44,3452392,3586574,-3.74,-
twse,2026,8,2615,萬海,19200015,18639594,11594593,3.0,65.59,114380971,95953169,19.2,運價較去年同期上漲
twse,2026,8,2616,山隆,785252,791533,707434,-0.79,11.0,5950277,5379543,10.6,-
twse,2026,8,2617,台航,451246,454515,368983,-0.71,22.29,3275911,2752672,19.0,-
twse,2026,8,2618,長榮航,22891065,22453631,18325120,1.94,24.91,173630243,147069425,18.06,-
twse,2026,8,2630,亞航,287593,347368,395211,-17.2,-27.23,2730513,3517244,-22.36,-
twse,2026,8,2633,台灣高鐵,4676641,4573616,4751344,2.25,-1.57,37062351,35872012,3.31,-
twse,2026,8,2634,漢翔,3083175,3196727,2724794,-3.55,13.15,23062765,21067412,9.47,-
twse,2026,8,2636,台驊控股,2908762,2812690,1568196,3.41,85.48,17143331,14539010,17.91,運價與貨量較去年同期增加所致
twse,2026,8,2637,慧洋-KY,2013191,2097738,1491654,-4.03,34.96,13780359,10178685,35.38,-
tpex,2026,8,2640,大車隊,298693,292401,250491,2.15,19.24,2255934,2044060,10.36,-
tpex,2026,8,2641,正德,194097,196763,330321,-1.35,-41.23,1568128,1569316,-0.07,-
twse,2026,8,2642,宅配通,253607,259457,305853,-2.25,-17.08,2107416,2580202,-18.32,-
tpex,2026,8,2643,捷迅,799777,704464,741877,13.52,7.8,4915528,5436594,-9.58,-
twse,2026,8,2645,長榮航太,1848088,1722583,1467133,7.28,25.96,13531525,11780152,14.86,-
twse,2026,8,2646,星宇航空,5578745,5728856,3774834,-2.62,47.78,39860456,29751256,33.97,-
twse,2026,8,2701,萬企,20308,20861,20258,-2.65,0.24,170102,166936,1.89,-
twse,2026,8,2702,華園,128638,147632,116162,-12.86,10.74,1015166,938497,8.16,-
twse,2026,8,2704,國賓,108707,109890,104056,-1.07,4.46,924087,883323,4.61,-
twse,2026,8,2705,六福,213595,187880,215028,13.68,-0.66,1436667,1440327,-0.25,-
twse,2026,8,2706,第一店,51939,28289,50124,83.6,3.62,258389,253949,1.74,-
twse,2026,8,2707,晶華,595195,525069,553269,13.35,7.57,4730780,4481713,5.55,-
twse,2026,8,2712,遠雄來,75798,68935,77536,9.95,-2.24,402274,377333,6.6,-
tpex,2026,8,2718,全心投控,27289,19419,395408,40.52,-93.09,277062,2688008,-89.69,配合銷售個案交屋認列收入
tpex,2026,8,2719,燦星旅,119493,120445,155073,-0.79,-22.94,1089536,1418255,-23.17,-
twse,2026,8,2722,夏都,68163,72998,69626,-6.62,-2.1,419916,419970,-0.01,-
twse,2026,8,2723,美食-KY,1438379,1385948,1486478,3.78,-3.23,11084644,12328868,-10.09,-
tpex,2026,8,2724,藝舍-KY,23752,34185,7248,-30.51,227.7,164155,104327,57.34,營收增加係因不動產代銷個案銷售成長所致。
tpex,2026,8,2726,雅茗-KY,49619,47084,44694,5.38,11.01,370739,396469,-6.48,-
twse,2026,8,2727,王品,2524314,2102895,2267805,20.03,11.31,17443292,15528143,12.33,-
tpex,2026,8,2729,瓦城,612073,506325,597481,20.88,2.44,4408114,4160341,5.95,-
twse,2026,8,2731,雄獅,2549556,2964348,2383019,-13.99,6.98,21974959,19990398,9.92,-
tpex,2026,8,2732,六角,478705,446855,415321,7.12,15.26,3579005,2762676,29.54,-
tpex,2026,8,2734,易飛網,237457,216192,154552,9.83,53.64,1474078,1108849,32.93,本月營收較去年同期成長，主係因國外團體旅遊營收成長所致。
tpex,2026,8,2736,富野,44339,44716,35489,-0.84,24.93,385167,335498,14.8,-
twse,2026,8,2739,寒舍,413896,381227,378614,8.56,9.31,3486859,3335434,4.53,-
tpex,2026,8,2740,華軒,4020,3436,9785,16.99,-58.91,37700,96220,-60.81,差異原因為門店數及商品銷售金額均較去年同期減少
tpex,2026,8,2743,山富,492260,561704,489210,-12.36,0.62,4504797,4469182,0.79,-
tpex,2026,8,2745,五福,785145,937667,711076,-16.26,10.41,6772338,5862754,15.51,-
twse,2026,8,2748,雲品,175138,169784,171350,3.15,2.21,1657907,1595312,3.92,-
tpex,2026,8,2751,王座,203166,179589,193932,13.12,4.76,1395219,1124622,24.06,-
tpex,2026,8,2752,豆府,404580,363362,371903,11.34,8.78,2958121,2680026,10.37,-
twse,2026,8,2753,八方雲集,820433,806310,750693,1.75,9.29,6222920,5766216,7.92,-
tpex,2026,8,2754,亞洲藏壽司,578697,507276,540930,14.07,6.98,4075376,3832260,6.34,-
tpex,2026,8,2755,揚秦,310020,311206,269071,-0.38,15.21,2328158,1961380,18.69,-
tpex,2026,8,2756,聯發國際,98218,108222,119153,-9.24,-17.56,817520,731269,11.79,-
twse,2026,8,2762,世界健身-KY,989659,988697,940684,0.09,5.2,7740866,7138370,8.44,-
twse,2026,8,2801,彰銀,4605752,4787242,3802190,-3.79,21.13,35222080,30805622,14.33,-
twse,2026,8,2812,台中銀,1975427,1830179,1941260,7.93,1.76,15580299,13346371,16.73,-
twse,2026,8,2820,華票,365936,313382,236585,16.76,54.67,2919119,1990388,46.66,主係票債淨利息收入及金融商品收益增加
twse,2026,8,2834,臺企銀,3427855,3624795,3150082,-5.43,8.81,25581066,24014682,6.52,-
twse,2026,8,2836,高雄銀,422855,575211,429475,-26.48,-1.54,3676571,3303165,11.3,-
twse,2026,8,2838,聯邦銀,2026561,1362136,1950842,48.77,3.88,15260347,13181853,15.76,-
twse,2026,8,2845,遠東銀,1143908,1281112,1088759,-10.7,5.06,9688655,8500828,13.97,-
twse,2026,8,2849,安泰銀,549509,545720,462169,0.69,18.89,4429587,3706856,19.49,-
twse,2026,8,2855,統一證,3758199,1689247,1790668,122.47,109.87,22992358,7243975,217.39,今年單月營收及累計營收較去年同期增加，主因今年泛自營業務操作獲利優於去年同期所致。
twse,2026,8,2884,玉山金,9839301,8761315,8248345,12.3,19.28,72435387,59734370,21.26,-
twse,2026,8,2889,國票金,1357195,1111445,893500,22.11,51.89,9925174,5091886,94.92,本月及年度手續費及佣金淨收益及FVPL損益，較去年同期分別增加4.9億元及42.67億元。
twse,2026,8,2890,永豐金,10051148,9954051,6723944,0.97,49.48,75338739,48949045,53.91,本月及本年累計營業收入較去年本月及去年累計營業收入增加，係因利息收入、手續費收入及有價證券評價利益增加所致。
twse,2026,8,2897,王道銀行,1140836,1144689,1057418,-0.33,7.88,8739937,6984192,25.13,-
twse,2026,8,2901,欣欣,11825,11008,11295,7.42,4.69,89480,86275,3.71,-
twse,2026,8,2903,遠百,2615081,2417480,2631908,8.17,-0.63,20995481,21101262,-0.5,-
twse,2026,8,2904,匯僑,35146,33514,43380,4.86,-18.98,276639,336402,-17.76,-
twse,2026,8,2906,高林,752348,786740,697337,-4.37,7.88,5844025,5702363,2.48,-
twse,2026,8,2908,特力,2600736,2574895,2750186,1.0,-5.43,23030129,22693498,1.48,-
twse,2026,8,2910,統領,47131,42927,44698,9.79,5.44,369844,344931,7.22,-
twse,2026,8,2911,麗嬰房,138755,145172,179451,-4.42,-22.67,1133926,1552506,-26.96,-
twse,2026,8,2912,統一超,31526751,32199895,30077681,-2.09,4.81,244430035,231781915,5.45,-
twse,2026,8,2913,農林,32832,29297,35491,12.06,-7.49,282836,322016,-12.16,-
twse,2026,8,2915,潤泰全,157754,139480,187014,13.1,-15.64,1283125,1638465,-21.68,-
tpex,2026,8,2916,滿心,128438,113217,125489,13.44,2.35,1247301,1232200,1.22,-
twse,2026,8,2923,鼎固-KY,772991,638897,242327,20.98,218.98,5686126,2193589,159.21,本年營收增加主係本年新樓盤交房增加所致。
tpex,2026,8,2924,宏太-KY,2160,2949,3992,-26.75,-45.89,33848,33324,1.57,因本期子公司工程收入及嬰童用品收入較去年同期減少，而子公司累計工程收入較去年同期增加所致
tpex,2026,8,2926,誠品生活,614606,568096,601729,8.18,2.13,4689335,4499488,4.21,-
twse,2026,8,2929,淘帝-KY,225445,165598,149976,36.13,50.32,1192351,1071421,11.28,本月新台幣營收較去年同期增加逾50%，係包括匯率增加13%所致。
tpex,2026,8,2937,集雅社,411926,472313,393105,-12.78,4.78,3508259,3118515,12.49,-
twse,2026,8,2939,永邑-KY,17618,14390,29164,22.43,-39.58,178359,194443,-8.27,-
tpex,2026,8,2941,米斯特,71233,67375,90891,5.72,-21.62,603964,638044,-5.34,-
twse,2026,8,2945,三商家購,1795914,1804636,1327480,-0.48,35.28,12516019,9710279,28.89,-
tpex,2026,8,2947,振宇五金,209064,220460,205467,-5.16,1.75,1617736,1513287,6.9,-
tpex,2026,8,2948,寶陞,184412,199666,186954,-7.63,-1.35,1485520,1463531,1.5,-
tpex,2026,8,2949,欣新網,619341,533608,447357,16.06,38.44,4304776,3414419,26.07,-
twse,2026,8,3002,歐格,87366,84744,72081,3.09,21.2,586063,468916,24.98,-
twse,2026,8,3003,健和興,548266,657875,344152,-16.66,59.3,4082947,2872649,42.13,受市場供需影響。
twse,2026,8,3004,豐達科,526282,494286,324270,6.47,62.29,3610707,2570533,40.46,主要係客戶需求增加所致
twse,2026,8,3005,神基,3861015,3623371,3261303,6.55,18.38,28305294,25742175,9.95,-
twse,2026,8,3006,晶豪科,7904796,6784662,1120861,16.5,605.24,35902576,8460101,324.37,本期營收較前期成長係因產品市場供需因素所致
twse,2026,8,3008,大立光,5011942,4877118,5983127,2.76,-16.23,39093407,37694000,3.71,-
twse,2026,8,3010,華立,7986073,8540313,6459506,-6.48,23.63,62209425,51781683,20.13,-
twse,2026,8,3011,今皓,40960,41063,51726,-0.25,-20.81,349738,531128,-34.15,-
twse,2026,8,3013,晟銘電,939933,824611,807624,13.98,16.38,7902446,6464114,22.25,-
twse,2026,8,3014,聯陽,630570,642451,598669,-1.84,5.32,4842500,4834979,0.15,-
twse,2026,8,3015,全漢,1084815,1146761,1070941,-5.4,1.29,8516449,8986876,-5.23,-
twse,2026,8,3016,嘉晶,506698,482058,321129,5.11,57.78,3356382,2491121,34.73,受惠於市場需求暢旺與產品售價調整，帶動接單情形及整體營收較去年同期成長。
twse,2026,8,3017,奇鋐,19481068,18590152,12622156,4.79,54.34,136230130,77361051,76.09,"因客戶需求增加,使營收成長"
twse,2026,8,3018,隆銘綠能,39663,12052,17208,229.09,130.49,207615,335683,-38.15,今年承接工案已在施作，故115年8月收入高於114年8月，惟尚未達高峰期，故115年1-8月累計收入低於114年1-8月
twse,2026,8,3019,亞光,2843905,2467266,2466783,15.26,15.28,19548548,16932423,15.45,-
twse,2026,8,3021,鴻名,277849,258801,323095,7.36,-14.0,2011451,2104506,-4.42,-
twse,2026,8,3022,威強電,799158,1009708,432033,-20.85,84.97,5890430,4448784,32.4,係因客戶出貨需求增加所致。
twse,2026,8,3023,信邦,3280576,3167179,2476462,3.58,32.47,23834577,20920090,13.93,-
twse,2026,8,3024,憶聲,76399,113710,136726,-32.81,-44.12,650500,1379353,-52.84,"去年(累計)有建案交屋收入,本年度無交屋收入,使營收減少"
twse,2026,8,3025,星通,30347,32084,34751,-5.41,-12.67,321012,245034,31.0,-
twse,2026,8,3026,禾伸堂,1439761,1500937,1080751,-4.07,33.21,10656334,8850024,20.41,-
twse,2026,8,3027,盛達,92370,88569,104032,4.29,-11.21,883313,1629178,-45.78,-
twse,2026,8,3028,增你強,6732771,7334078,3582147,-8.19,87.95,51291611,26222687,95.6,主要係因記憶體產品及AI伺服器電源相關應用產品銷售額增加所致。
twse,2026,8,3029,零壹,3487591,3242008,2414496,7.57,44.44,20848877,17355977,20.12,-
twse,2026,8,3030,德律,997357,1033409,756253,-3.48,31.88,7418733,5822450,27.41,-
twse,2026,8,3031,佰鴻,118780,123461,92927,-3.79,27.82,884711,712786,24.12,-
twse,2026,8,3032,偉訓,1078914,1123201,1095160,-3.94,-1.48,7748737,7068278,9.62,-
twse,2026,8,3033,威健,12372730,14411289,7888887,-14.14,56.83,95270521,70222593,35.66,全球半導體因AI需求爆發引發結構性產能排擠，市場預期漲價，除AI零組件業務同步成長外，也帶動其他零組件拉貨潮。
twse,2026,8,3034,聯詠,10327444,10296332,8174953,0.3,26.33,72429177,69567636,4.11,-
twse,2026,8,3035,智原,1183747,1062105,911390,11.45,29.88,8147888,13826648,-41.07,-
twse,2026,8,3036,文曄,198383815,182965655,100086220,8.42,98.21,1466316088,700914343,109.2,主要受惠於通訊、工業、車用及資料中心應用之年成長
twse,2026,8,3037,欣興,17745519,16253637,11356606,9.17,56.25,114335429,85223657,34.15,產能及客戶需求增加
twse,2026,8,3038,全台,244486,256362,274688,-4.63,-10.99,1949668,2103079,-7.29,-
twse,2026,8,3040,遠見,10245,10652,9916,-3.82,3.31,86680,83715,3.54,-
twse,2026,8,3041,揚智,173298,184990,71218,-6.32,143.33,1181157,697008,69.46,去年受國際外在因素影響代理商下單保守，今年需求逐步回穩，營收成長。
twse,2026,8,3042,晶技,1414665,1365597,1145692,3.59,23.47,9818258,8789700,11.7,-
twse,2026,8,3043,科風,93047,107497,53280,-13.44,74.63,644705,599586,7.52,本月大客戶需求較去年同期增加
twse,2026,8,3044,健鼎,10224358,9821875,6178608,4.09,65.47,65867863,47483884,38.71,主係因客戶訂單需求及出貨增加所致
twse,2026,8,3045,台灣大,16782864,16171068,15468138,3.78,8.49,132164611,126199214,4.72,-
twse,2026,8,3046,建碁,877852,950946,622360,-7.68,41.05,6120718,4816707,27.07,-
twse,2026,8,3047,訊舟,277420,244283,216696,13.56,28.02,2063775,2708838,-23.81,-
twse,2026,8,3048,益登,13544810,13745878,9011050,-1.46,50.31,100294853,73604931,36.26,受惠於AI伺服器、網通設備等市場需求攀升，帶動本月份營收較去年同期成長50.31%
twse,2026,8,3049,精金,30494,30713,109788,-0.71,-72.22,412324,898371,-54.1,本期營收較去年同期減少72.22%，自115年1月31日後全面停產
twse,2026,8,3050,鈺德,100689,99665,110655,1.02,-9.0,782518,819508,-4.51,-
twse,2026,8,3051,力特,160726,184034,140793,-12.66,14.15,1280259,1208971,5.89,-
twse,2026,8,3052,夆典,224546,404978,251717,-44.55,-10.79,2539170,2462615,3.1,-
twse,2026,8,3054,立萬利,37214,35329,21191,5.33,75.61,411862,89748,358.9,主係因本期產品結構改變致銷售金額增加。
twse,2026,8,3055,蔚華科,47561,41697,22840,14.06,108.23,335765,310643,8.08,本月單月相較去年同期增加，主係二手設備、代理設備、客製化設備出貨及勞務收入增加所致。
twse,2026,8,3056,富華新,91772,63355,61105,44.85,50.18,681008,3696661,-81.57,營收減少係因無建案交屋
twse,2026,8,3057,喬鼎,55202,72438,43488,-23.79,26.93,420122,382068,9.96,-
twse,2026,8,3058,立德,297462,302000,238966,-1.5,24.47,2234470,2080846,7.38,-
twse,2026,8,3059,華晶科,847393,793357,782800,6.81,8.25,6020992,5616226,7.2,-
twse,2026,8,3060,銘異,422613,385721,288691,9.56,46.38,3053961,2481652,23.06,-
twse,2026,8,3062,建漢,341929,362278,253771,-5.61,34.73,2702828,2634968,2.57,-
tpex,2026,8,3064,泰偉,6586,6861,6183,-4.0,6.51,54754,56526,-3.13,-
tpex,2026,8,3066,李洲,18481,21483,15544,-13.97,18.89,180262,174163,3.5,-
tpex,2026,8,3067,全域,3313,4736,2446,-30.04,35.44,40808,35142,16.12,-
tpex,2026,8,3071,協禧,194203,258660,185801,-24.91,4.52,1966573,1494578,31.58,-
tpex,2026,8,3073,天方能源,15672,52881,22170,-70.36,-29.3,158574,56633,180.0,本年營收增加主要為認列新電廠之試運轉期收入。
tpex,2026,8,3078,僑威,403049,454323,795554,-11.28,-49.33,4067479,7663907,-46.92,-
tpex,2026,8,3081,聯亞,520469,501210,185285,3.84,180.9,3147247,1374127,129.03,數據中心產品出貨量較同期增加
tpex,2026,8,3083,網龍,32215,27795,35418,15.9,-9.04,247065,242525,1.87,-
tpex,2026,8,3085,新零售,8236,5353,8172,53.85,0.78,48146,38454,25.2,-
tpex,2026,8,3086,華義*,7775,8957,10606,-13.19,-26.69,86235,105814,-18.5,-
tpex,2026,8,3088,艾訊,945678,944420,529714,0.13,78.52,6503446,4350083,49.5,月營收較去年同期成長78.53%，主要係台灣及美洲地區專案訂單出貨增加所致。
twse,2026,8,3090,日電貿,1912802,2095232,1381595,-8.7,38.44,13654198,10501042,30.02,-
twse,2026,8,3092,鴻碩,112556,129323,129230,-12.96,-12.9,1073081,1133281,-5.31,-
tpex,2026,8,3093,港建*,121580,248629,82083,-51.09,48.11,1136070,1460463,-22.21,-
twse,2026,8,3094,聯傑,20698,21836,15896,-5.21,30.2,153428,131026,17.09,-
tpex,2026,8,3095,及成,52804,53089,49060,-0.53,7.63,465183,398718,16.66,-
tpex,2026,8,3105,穩懋,1937397,1892049,1484003,2.39,30.55,13676774,10282561,33.0,-
tpex,2026,8,3114,好德,244505,298699,235430,-18.14,3.85,2101338,2012833,4.39,-
tpex,2026,8,3115,富榮綱,510,339,647,50.44,-21.17,4796,2165,121.52,去年受限於發票開立額度，今年配合業務擴展需求向稅局申請發票增量致營收增加。
tpex,2026,8,3118,進階,56813,65528,67817,-13.29,-16.22,443551,478368,-7.27,-
tpex,2026,8,3122,笙泉,26899,22289,24871,20.68,8.15,211578,216890,-2.44,-
tpex,2026,8,3128,昇銳,61165,62980,86437,-2.88,-29.23,606802,731251,-17.01,-
twse,2026,8,3130,一零四,258885,274714,230215,-5.76,12.45,1942767,1792356,8.39,-
tpex,2026,8,3131,弘塑,681351,792895,475316,-14.06,43.34,4797154,3903162,22.9,-
twse,2026,8,3135,凌航,1827285,1967120,540959,-7.1,237.78,15056891,4350127,246.12,市場價格上漲及需求增加。
twse,2026,8,3138,耀登,140856,139577,153503,0.91,-8.23,1125319,1048389,7.33,-
tpex,2026,8,3141,晶宏,242126,215671,134686,12.26,79.77,1342979,1083628,23.93,單月營收增加係訂單需求成長所致。
tpex,2026,8,3147,大綜,1535454,1565626,460436,-1.92,233.47,11956758,5640993,111.96,"本月營收及累計營收較去年同期成長,主要係客服需求依舊強勁"
twse,2026,8,3149,正達,194052,213946,162698,-9.29,19.27,1552407,1372490,13.1,-
twse,2026,8,3150,鈺寶-創,26012,31745,28577,-18.05,-8.97,227527,228361,-0.36,-
tpex,2026,8,3152,璟德,155549,145418,111397,6.96,39.63,1059758,969468,9.31,-
tpex,2026,8,3158,嘉實,110557,106191,79307,4.11,39.4,773126,636319,21.49,-
tpex,2026,8,3162,精確,1137089,1076152,565183,5.66,101.18,6543627,4904402,33.42,訂單量增加
tpex,2026,8,3163,波若威,205091,210064,186973,-2.36,9.69,1663101,1412648,17.72,-
twse,2026,8,3164,景岳,30302,27552,26236,9.98,15.49,250356,269499,-7.1,-
twse,2026,8,3167,大量,1219982,1146916,482247,6.37,152.97,7172325,3050087,135.15,主係因客戶需求量增加所致
twse,2026,8,3168,眾福科,381999,368967,275088,3.53,38.86,2640531,2241434,17.8,-
tpex,2026,8,3169,亞信,87908,91252,80197,-3.66,9.61,674421,640141,5.35,-
tpex,2026,8,3171,炎洲流通,219497,218169,193443,0.6,13.46,1850723,1117487,65.61,合併營收增加主係因收購新增合併個體子公司營收所致
tpex,2026,8,3176,基亞,329175,96429,110683,241.36,197.4,971844,1085272,-10.45,本期增加海外營收。
tpex,2026,8,3178,公準,110092,135120,102423,-18.52,7.48,907662,854064,6.27,-
tpex,2026,8,3188,鑫龍騰,153162,221791,584675,-30.94,-73.8,2906082,1363163,113.18,完工建案陸續交屋中
twse,2026,8,3189,景碩,4809631,4548833,3421382,5.73,40.57,32959684,24953219,32.08,-
tpex,2026,8,3191,雲嘉南,19726,17086,16738,15.45,17.85,126168,117401,7.46,-
tpex,2026,8,3205,佰研,35233,31430,35366,12.09,-0.37,401902,285613,40.71,-
tpex,2026,8,3206,志豐,311861,350691,213309,-11.07,46.2,2269546,2224781,2.01,-
tpex,2026,8,3207,耀勝,126732,150528,167479,-15.8,-24.32,1101122,1208838,-8.91,-
twse,2026,8,3209,全科,5371648,6601728,4214923,-18.63,27.44,46305096,32461401,42.64,-
tpex,2026,8,3211,順達,1676806,1228732,1429009,36.46,17.34,9741351,8057644,20.89,-
tpex,2026,8,3213,茂訊,389527,366207,365789,6.36,6.48,2492111,2112745,17.95,"系統事業部 223,027 仟元/通路事業部 166,500 仟元"
tpex,2026,8,3217,優群,298689,340711,372286,-12.33,-19.76,2534741,2705162,-6.29,-
tpex,2026,8,3218,大學光,396323,405819,362344,-2.33,9.37,3018437,2848571,5.96,-
tpex,2026,8,3219,倚強科,247259,243178,206521,1.67,19.72,1627331,1230964,32.19,-
tpex,2026,8,3221,台嘉碩,226412,250686,175988,-9.68,28.65,1682565,1462754,15.02,-
tpex,2026,8,3224,三顧,180766,199422,120839,-9.35,49.59,1207567,1013728,19.12,-
tpex,2026,8,3226,龍鋒,195422,186791,87261,4.62,123.95,1017336,1180466,-13.81,因受讓自龍鋒企業之特定營業部門併入整體營運，受惠於組織整併效應帶動整體銷售成長所致。
tpex,2026,8,3227,原相,815750,893048,740690,-8.65,10.13,6456416,6092140,5.97,-
tpex,2026,8,3228,金麗科,28785,34278,25981,-16.02,10.79,234700,208416,12.61,-
twse,2026,8,3229,晟鈦,141220,144608,78279,-2.34,80.4,1041762,638904,63.05,本月因客戶需求增加，出貨量增加
tpex,2026,8,3230,錦明,42481,41635,28158,2.03,50.86,287563,270695,6.23,本月營業收入增加係因客戶需求增加所致。
twse,2026,8,3231,緯創,460065063,308219198,172642595,49.26,166.48,2510029903,1262144863,98.87,主係客戶需求增加，較去年同期成長。
tpex,2026,8,3232,昱捷,98044,92971,65453,5.45,49.79,699912,628280,11.4,-
tpex,2026,8,3234,光環,108640,96043,51702,13.11,110.12,583679,459804,26.94,主要受客戶訂單需求增加影響
tpex,2026,8,3236,千如,222684,247607,186515,-10.06,19.39,1631248,1346653,21.13,-
tpex,2026,8,3252,海灣,26639,25193,43925,5.73,-39.35,307769,333293,-7.65,-
twse,2026,8,3257,虹冠電,60112,62449,100637,-3.74,-40.26,424837,713890,-40.48,-
tpex,2026,8,3259,鑫創,16547,21161,25478,-21.8,-35.05,142874,149822,-4.63,-
tpex,2026,8,3260,威剛,18925261,18379079,4982863,2.97,279.8,101575864,31928435,218.13,記憶體售價上漲
tpex,2026,8,3264,欣銓,1794449,1766652,1224270,1.57,46.57,12078170,9020825,33.89,-
tpex,2026,8,3265,台星科,401868,421419,388792,-4.63,3.36,3538668,3038742,16.45,-
twse,2026,8,3266,昇陽,230382,177536,56604,29.76,307.0,1432034,780229,83.54,因營建收入受政策、全部完工法及建案規模不同等影響，故營收波動較大。
tpex,2026,8,3268,海德威,82587,84243,75642,-1.96,9.18,680488,642230,5.95,-
tpex,2026,8,3272,東碩,137785,257522,236731,-46.49,-41.79,1793285,1964687,-8.72,-
tpex,2026,8,3276,宇環,56822,80818,40222,-29.69,41.27,468474,342413,36.81,-
tpex,2026,8,3284,太普高,60032,66004,62459,-9.04,-3.88,546223,561183,-2.66,-
tpex,2026,8,3285,微端,85703,104722,69577,-18.16,23.17,748944,429234,74.48,因醫療產品及PCB鑽孔設備銷售量增加，致使整體營收較去年同期增加。
tpex,2026,8,3287,廣寰科,86141,76069,81248,13.24,6.02,596445,565534,5.46,-
tpex,2026,8,3288,點晶,2962,5419,8367,-45.34,-64.59,47532,46839,1.47,製造延遲，延遲出貨
tpex,2026,8,3289,宜特,370835,400151,402648,-7.32,-7.9,3037965,3153336,-3.65,-
tpex,2026,8,3290,東浦,370266,366177,205936,1.11,79.79,2594030,1407806,84.26,主要係併入BI-LINK 公司之營業收入。
tpex,2026,8,3293,鈊象,2268408,2228833,1817575,1.77,24.8,17175408,14544154,18.09,-
tpex,2026,8,3294,英濟,362292,383530,356314,-5.53,1.67,2212258,2316250,-4.48,-
twse,2026,8,3296,勝德,201386,172487,131293,16.75,53.38,1195051,1070812,11.6,"本公司新專案產品陸續出貨及客戶需求上升, 帶動整體業績成長"
tpex,2026,8,3297,杭特,25476,25485,23059,-0.03,10.48,166531,138072,20.61,-
tpex,2026,8,3303,岱稜,282427,346240,286462,-18.43,-1.4,2382235,2051593,16.11,-
twse,2026,8,3305,昇貿,1387596,1413913,941369,-1.86,47.4,10786137,6680936,61.44,價格上漲
tpex,2026,8,3306,鼎天,130220,110135,89497,18.23,45.5,785549,693677,13.24,-
twse,2026,8,3308,聯德,576,516,557,11.62,3.41,4173,4401,-5.18,-
tpex,2026,8,3310,佳穎,462355,860312,128445,-46.25,259.96,2437812,2064071,18.1,"本月認列建案""敦南""營收"
twse,2026,8,3311,閎暉,421603,234539,206281,79.75,104.38,1840990,1592509,15.6,主係自8月底納入重要子公司FDK株式會社之營收
twse,2026,8,3312,弘憶股,2257992,2603514,1670212,-13.27,35.19,17078190,14426710,18.37,-
tpex,2026,8,3313,斐成,1145,631,1066,81.45,7.41,20953,5960,251.56,本年累計營收較去年同期增加，主係本年合併子公司之營收增加所致。
tpex,2026,8,3317,尼克森,165616,235344,228666,-29.62,-27.57,1835421,1775359,3.38,-
twse,2026,8,3321,同泰,234038,259529,200133,-9.82,16.94,1626921,1408343,15.52,-
tpex,2026,8,3322,建舜電,210854,291708,261432,-27.71,-19.34,2116452,2015706,4.99,-
tpex,2026,8,3323,加百裕,281339,388693,530588,-27.61,-46.97,2843758,3429762,-17.08,-
tpex,2026,8,3324,雙鴻,3141249,3765466,1878969,-16.57,67.17,24155518,13344596,81.01,成長動能來自AI伺服器液冷散熱系統市佔率持續攀升。
tpex,2026,8,3325,旭品,35424,37085,97622,-4.47,-63.71,440796,846446,-47.92,主要係電腦機殼及週邊營收減少所致
tpex,2026,8,3332,幸康,199378,178060,128865,11.97,54.71,1323870,1111327,19.12,配合客戶訂單交貨時程出貨
twse,2026,8,3338,泰碩,462010,406479,285196,13.66,61.99,2756411,2490669,10.66,客戶需求增加
tpex,2026,8,3339,泰谷,69214,67334,75920,2.79,-8.83,548820,553947,-0.92,-
twse,2026,8,3346,麗清,778923,606827,710756,28.35,9.59,4999490,5730821,-12.76,-
tpex,2026,8,3349,寶德,21294,12273,42030,73.5,-49.33,224585,346781,-35.23,-
tpex,2026,8,3354,律勝,9070,12342,6876,-26.51,31.9,86430,66097,30.76,-
twse,2026,8,3356,奇偶,87797,103530,72781,-15.19,20.63,752647,655870,14.75,-
tpex,2026,8,3357,臺慶科,815423,875885,532722,-6.9,53.06,5604810,4238998,32.22,受AI、車用等產品需求持續提升，客戶出貨動能延續近期成長趨勢，致本月營收較去年同期成長53.07%。
tpex,2026,8,3360,尚立,854251,999135,602038,-14.5,41.89,7104023,4392279,61.73,"本月較去年同月增加41.89％,係客戶需求增加"
tpex,2026,8,3362,先進光,244259,416111,364056,-41.29,-32.9,2718539,2870589,-5.29,-
tpex,2026,8,3363,上詮,204482,170843,180642,19.69,13.19,1186482,1326532,-10.55,-
tpex,2026,8,3372,典範,127698,126159,98153,1.21,30.1,901858,711332,26.78,-
tpex,2026,8,3373,熱映,38634,37012,43528,4.38,-11.24,289644,266109,8.84,-
tpex,2026,8,3374,精材,908948,860894,664725,5.58,36.74,5868237,4404337,33.23,-
twse,2026,8,3376,新日興,830265,811285,922593,2.33,-10.0,6625619,7571956,-12.49,-
tpex,2026,8,3379,彬台,45542,136408,133080,-66.61,-65.77,480797,782460,-38.55,本期銷貨收入較上期減少所致
twse,2026,8,3380,明泰,2982462,1742978,1787191,71.11,66.87,15205563,13786578,10.29,主係子公司大型專案於本月認列收入，致營收較去年同期增加
tpex,2026,8,3388,崇越電,624644,729945,620384,-14.42,0.68,5743087,4914068,16.87,-
tpex,2026,8,3390,旭軟,75472,85919,68678,-12.15,9.89,648207,507106,27.82,-
tpex,2026,8,3402,漢科,601466,592044,452763,1.59,32.84,4137776,3409342,21.36,-
twse,2026,8,3406,玉晶光,2719294,2422368,2699823,12.25,0.72,16964508,15174051,11.79,-
twse,2026,8,3413,京鼎,2249019,2162154,1820458,4.01,23.54,16272310,13555009,20.04,-
twse,2026,8,3416,融程電,405653,472718,347747,-14.18,16.65,3001602,2361377,27.11,-
twse,2026,8,3419,譁裕,169467,180060,147692,-5.88,14.74,1247942,1193113,4.59,-
tpex,2026,8,3430,奇鈦科,180394,152253,183600,18.48,-1.74,1305206,1074199,21.5,-
twse,2026,8,3432,台端,29687,23555,15914,26.03,86.54,198988,86468,130.12,主係因增加新產品出貨所致
tpex,2026,8,3434,哲固,54804,25027,38608,118.97,41.94,336046,486011,-30.85,-
twse,2026,8,3437,榮創,70379,109941,122424,-35.98,-42.51,889265,1098219,-19.02,-
tpex,2026,8,3438,類比科,72128,71159,82719,1.36,-12.8,591510,723525,-18.24,-
tpex,2026,8,3441,聯一光電,43916,51374,43540,-14.51,0.86,350530,273341,28.23,-
twse,2026,8,3443,創意,5840094,5769170,2767549,1.22,111.02,36953633,18128582,103.84,主要因晶圓產品收入增加
tpex,2026,8,3444,利機,131273,137220,103133,-4.33,27.28,921726,827887,11.33,-
twse,2026,8,3447,展達,291056,199928,417379,45.58,-30.26,2169235,2198518,-1.33,-
twse,2026,8,3450,聯鈞,1247981,1218533,594962,2.41,109.75,7530036,5817280,29.44,因客戶需求增加，致使營收增加。
tpex,2026,8,3455,由田,206308,149552,168512,37.95,22.42,858572,1073436,-20.01,-
tpex,2026,8,3465,進泰電子,203753,144566,198980,40.94,2.39,1302448,1192698,9.2,-
tpex,2026,8,3466,德晉,15591,12740,10413,22.37,49.72,164900,57834,185.12,AI產品本月無訂單
tpex,2026,8,3467,台灣精材,75929,68667,50685,10.57,49.8,519411,410655,26.48,-
tpex,2026,8,3479,安勤,961222,956538,709739,0.48,35.43,6492588,5536501,17.26,-
twse,2026,8,3481,群創,18696603,18890249,18692317,-1.02,0.02,167931047,150120795,11.86,-
tpex,2026,8,3483,力致,626804,639108,924987,-1.92,-32.23,5506896,5976701,-7.86,-
tpex,2026,8,3484,崧騰,389259,415791,378949,-6.38,2.72,3086960,3139920,-1.68,-
tpex,2026,8,3485,敘豐,61657,57534,47461,7.16,29.91,417039,374643,11.31,配合客戶裝機
tpex,2026,8,3489,森寶,61548,86746,61704,-29.04,-0.25,661345,388914,70.04,本年累計合併營收較去年同期成長70.05%，主係本公司持股100%之子公司營造收入較去年顯著增加所致。
tpex,2026,8,3490,單井,24105,30222,25458,-20.24,-5.31,175353,164757,6.43,-
tpex,2026,8,3491,昇達科,321180,230139,166254,39.55,93.18,2473503,1426477,73.39,由於低軌衛星產業需求增長，營收較去年同期大幅提升。
tpex,2026,8,3492,長盛,70724,76657,59984,-7.73,17.9,579155,564832,2.53,-
twse,2026,8,3494,誠研,101544,97141,89229,4.53,13.8,698599,644957,8.31,-
tpex,2026,8,3498,陽程,359366,429406,84349,-16.31,326.04,1861483,730579,154.79,本月/本年 可完工案件較多所致
tpex,2026,8,3499,環天科,21793,26935,21013,-19.09,3.71,195470,227347,-14.02,-
twse,2026,8,3501,維熹,444657,506773,450335,-12.25,-1.26,3571824,3823656,-6.58,-
twse,2026,8,3504,揚明光,242727,266608,206876,-8.95,17.32,1932567,1773260,8.98,-
tpex,2026,8,3508,位速,98087,84050,58668,16.7,67.18,641964,596231,7.67,本期與去年同期的差異，主因本期加工組裝需求增加，以致本期營業收入較去年同期增加。
tpex,2026,8,3511,矽瑪,163374,188919,116898,-13.52,39.75,1283165,1116102,14.96,-
tpex,2026,8,3512,皇龍,11017,0,40,,27442.5,283716,762486,-62.79,本期建案完工交屋增加.
twse,2026,8,3515,華擎,3819304,6610427,3696561,-42.22,3.32,33897545,29002706,16.87,"“本年累計營業收入淨額”採年平均匯率計算,“本月營業收入淨額”採該月平均匯率計算,故累計營收淨額與各月營收淨額加總會有差異"
tpex,2026,8,3516,亞帝歐,62566,82689,82613,-24.33,-24.26,713701,609650,17.06,-
twse,2026,8,3518,柏騰,22709,23271,27990,-2.41,-18.86,160425,214072,-25.06,-
tpex,2026,8,3520,華盈,126380,140954,94783,-10.33,33.33,894266,773727,15.57,-
tpex,2026,8,3521,台鋼建設,20,1,1028,1900.0,-98.05,11544,200460,-94.24,POS商品內外銷累計較去年同期減少，建設事業累計較去年同期減少。
tpex,2026,8,3522,御嵿,58158,58452,62036,-0.5,-6.25,801008,748066,7.07,-
tpex,2026,8,3523,迎輝,3579,8264,38487,-56.69,-90.7,52812,90897,-41.89,"售電:銷貨額$3,037,756;HC膜:銷貨額$417,015"
tpex,2026,8,3526,凡甲,417246,403504,300523,3.4,38.83,3132441,2436402,28.56,-
tpex,2026,8,3527,聚積,100126,101996,119754,-1.83,-16.39,934826,992077,-5.77,-
twse,2026,8,3528,安馳,1204326,1207978,841397,-0.3,43.13,9114908,5208824,74.98,AI伺服器應用帶動測試相關需求增加，週邊電源應用及工控需求上升。
tpex,2026,8,3529,力旺,356928,675856,249996,-47.18,42.77,3223404,2644345,21.89,-
twse,2026,8,3530,晶相光,178015,172444,156091,3.23,14.04,1490783,1091454,36.58,-
tpex,2026,8,3531,先益,86022,69617,92078,23.56,-6.57,686234,923575,-25.69,-
twse,2026,8,3532,台勝科,1331863,1303041,1030234,2.21,29.27,9553809,8019220,19.13,-
twse,2026,8,3533,嘉澤,3198344,3368915,2674635,-5.06,19.58,25478513,21646111,17.7,-
twse,2026,8,3535,晶彩科,27767,52322,19989,-46.93,38.91,608820,128461,373.93,本公司以銷售機台為主，115年累計出售機台較去年同期增加，此為產業特性，尚屬正常。
tpex,2026,8,3537,堡達,244095,304697,228978,-19.88,6.6,2080092,1945524,6.91,-
tpex,2026,8,3540,曜越,398123,363837,436160,9.42,-8.72,3047227,3426901,-11.07,-
tpex,2026,8,3541,西柏,108858,108671,90523,0.17,20.25,719410,730809,-1.55,-
twse,2026,8,3543,州巧,274723,291108,228939,-5.62,19.99,2229292,2204537,1.12,-
twse,2026,8,3545,敦泰,913037,910914,995325,0.23,-8.26,7052510,8101964,-12.95,-
tpex,2026,8,3546,宇峻,212520,153989,109634,38.0,93.84,1298392,866321,49.87,新遊戲上市致營收大幅增加
tpex,2026,8,3548,兆利,645658,656476,703011,-1.64,-8.15,5368411,6655732,-19.34,-
twse,2026,8,3550,聯穎,372842,412542,278938,-9.62,33.66,3003336,2318777,29.52,-
tpex,2026,8,3551,世禾,299675,299604,245689,0.02,21.97,2271602,1885199,20.49,-
tpex,2026,8,3552,同致,640832,636561,654878,0.67,-2.14,5168602,5339971,-3.2,-
tpex,2026,8,3555,博士旺,46831,78823,32044,-40.58,46.14,577030,129177,346.69,本月因銷售電子產品，致本月及累計營收較去年同期增加。
tpex,2026,8,3556,禾瑞亞,91617,116697,67233,-21.49,36.26,836595,640200,30.67,-
twse,2026,8,3557,嘉威,261352,210515,221675,24.14,17.89,2867168,3145598,-8.85,-
tpex,2026,8,3558,神準,1599436,1292316,1169144,23.76,36.8,9519346,10383716,-8.32,-
twse,2026,8,3563,牧德,361158,359659,266188,0.41,35.67,2631861,2300717,14.39,-
tpex,2026,8,3564,其陽,269866,296008,182560,-8.83,47.82,1934035,1532788,26.17,-
tpex,2026,8,3567,逸昌,27508,25501,25603,7.87,7.44,186355,178860,4.19,-
tpex,2026,8,3570,大塚,289969,233330,167218,24.27,73.4,1955528,1703361,14.8,因8月客戶訂單增加所致
twse,2026,8,3576,聯合再生,244757,307968,281434,-20.52,-13.03,1830840,2143414,-14.58,-
tpex,2026,8,3577,泓格,122206,140503,91164,-13.02,34.05,1101881,791174,39.27,-
tpex,2026,8,3580,友威科,46361,29720,36545,55.99,26.86,265591,282548,-6.0,-
tpex,2026,8,3581,博磊,111622,179420,154468,-37.78,-27.73,1135947,913259,24.38,-
twse,2026,8,3583,辛耘,1068346,973288,904939,9.76,18.05,8156998,7544441,8.11,-
tpex,2026,8,3587,閎康,565259,563117,479926,0.38,17.78,4196418,3566711,17.65,-
twse,2026,8,3588,通嘉,156044,153552,111650,1.62,39.76,1141038,903335,26.31,-
twse,2026,8,3591,艾笛森,271207,269503,188165,0.63,44.13,1812643,1584870,14.37,-
twse,2026,8,3592,瑞鼎,2213089,2100048,1801520,5.38,22.84,16571593,15320260,8.16,-
twse,2026,8,3593,力銘,52454,60838,74724,-13.78,-29.8,442713,801958,-44.79,-
tpex,2026,8,3594,磐儀,263008,256954,174742,2.35,50.51,1749609,1215422,43.95,"客戶需求增加,故出貨量較去年同期成長"
twse,2026,8,3596,智易,4731510,4846705,4641818,-2.37,1.93,36244643,35305669,2.65,-
tpex,2026,8,3597,映興,104822,97879,79190,7.09,32.36,654078,546489,19.68,-
twse,2026,8,3605,宏致,1097137,1154175,935790,-4.94,17.24,8423202,7189235,17.16,-
twse,2026,8,3607,谷崧,292945,251098,236171,16.66,24.03,1967092,1924669,2.2,-
tpex,2026,8,3609,三一東林,16490,28697,16505,-42.53,-0.09,225562,329874,-31.62,-
tpex,2026,8,3611,鼎翰,1084543,1045799,856285,3.7,26.65,8039752,7636196,5.28,-
tpex,2026,8,3615,安可,43061,60179,80715,-28.44,-46.65,476058,681115,-30.1,-
twse,2026,8,3617,碩天,1255008,1247424,1107623,0.6,13.3,8773128,7964647,10.15,-
twse,2026,8,3622,洋華,102989,143912,160804,-28.43,-35.95,1032035,1124110,-8.19,-
tpex,2026,8,3623,富晶通,40996,19405,20888,111.26,96.26,193470,201332,-3.9,主係本公司自115年8月起新增納入子公司(翊光電子股份有限公司）之合併財務報表，致營收規模成長所致
tpex,2026,8,3624,光頡,367119,351605,221475,4.41,65.76,2341623,1791551,30.7,主係市場需求增加
tpex,2026,8,3625,西勝,50505,35920,36174,40.6,39.61,308083,283051,8.84,-
tpex,2026,8,3628,盈正,298667,375871,274912,-20.54,8.64,2423780,2085699,16.2,-
tpex,2026,8,3629,地心引力,1443,5525,300,-73.88,381.0,28143,886,3076.41,主係客戶行銷及活動專案增加致營收成長。
tpex,2026,8,3630,新鉅科,172335,170881,193188,0.85,-10.79,1591138,1500857,6.01,-
tpex,2026,8,3631,晟楠,5543,5065,1062,9.43,421.93,28539,21097,35.27,本月收入較去年同期營收增多肇因於錫价上漲50%多
tpex,2026,8,3632,研勤,20962,26928,20628,-22.15,1.61,190635,162431,17.36,-
twse,2026,8,3645,達邁,184726,140604,207467,31.38,-10.96,1570029,1613201,-2.67,-
tpex,2026,8,3646,艾恩特,84335,78979,55923,6.78,50.8,546674,455395,20.04,8月營收成長率50.81%，主因為部分產品漲價生效、車用與工業用訂單增加，貢獻營收。
twse,2026,8,3652,精聯,254750,253924,196006,0.32,29.97,1890330,1602930,17.92,-
twse,2026,8,3653,健策,3225888,3213171,1689803,0.39,90.9,19018791,13306153,42.93,因客戶端需求成長，致本月較去年同期增加百分比達50%以上。
twse,2026,8,3661,世芯-KY,8776286,7433152,2349049,18.06,273.61,27894843,24558910,13.58,本月營收較去年同期增加，係因量產產品增加所致。
tpex,2026,8,3663,鑫科,497170,516713,483181,-3.78,2.89,5109360,3715275,37.52,本月貴金屬銷售金額佔合併營收比率為56%。
tpex,2026,8,3664,安瑞-KY,42844,31256,11603,37.07,269.24,198681,278105,-28.55,本月營收較去年同期增加主係美國及印度地區的營收增加所致。
twse,2026,8,3665,貿聯-KY,8891805,9630165,5774218,-7.66,53.99,62632523,44735332,40.0,高效能運算和半導體客戶出貨量持續強勁
tpex,2026,8,3666,光耀,39940,29473,33008,35.51,21.0,319334,329780,-3.16,-
twse,2026,8,3669,圓展,179620,230577,233181,-22.09,-22.96,1812423,1675843,8.14,-
tpex,2026,8,3672,康聯訊,9556,19368,9496,-50.66,0.63,137352,143776,-4.46,-
twse,2026,8,3673,TPK-KY,6364138,6394077,5479899,-0.46,16.13,49883020,43278862,15.25,-
tpex,2026,8,3675,德微,300057,291073,228170,3.08,31.5,2076632,1720901,20.67,-
twse,2026,8,3679,新至陞,441444,420332,344395,5.02,28.17,2943193,3028725,-2.82,-
tpex,2026,8,3680,家登,839771,870996,560069,-3.58,49.94,5890827,4485809,31.32,-
tpex,2026,8,3684,榮昌,108712,105671,107020,2.87,1.58,800439,759655,5.36,-
tpex,2026,8,3685,元創精密,74395,88462,83404,-15.9,-10.8,886254,697594,27.04,-
twse,2026,8,3686,達能,9407,7950,7004,18.32,34.3,62236,54688,13.8,-
tpex,2026,8,3687,歐買尬,166403,167898,142050,-0.89,17.14,1321625,1156569,14.27,-
tpex,2026,8,3689,湧德,780917,842762,481849,-7.33,62.06,5768612,4024589,43.33,本年度營收新增浙江榆陽電子股份有限公 司營收
tpex,2026,8,3691,碩禾,841543,918839,478589,-8.41,75.83,6912091,3144927,119.78,主要係因太陽能導電漿產品銷量增加所致。
tpex,2026,8,3693,營邦,1266730,1224872,467403,3.41,171.01,6588093,5259021,25.27,營收成長
twse,2026,8,3694,海華,1140464,842256,1162152,35.4,-1.86,7890995,7696918,2.52,-
twse,2026,8,3701,大眾控,820257,883895,770507,-7.19,6.45,5748278,6979254,-17.63,-
twse,2026,8,3702,大聯大,142237739,146095597,78819858,-2.64,80.45,1063111989,654662435,62.39,全球科技與能源設施擴建帶動半導體及電子零組件動能，車用、工控需求穩步推進，智能倉儲管理與資訊系統整合服務需求同步擴增。
twse,2026,8,3703,欣陸,2453561,2336895,2128477,4.99,15.27,18576491,19845089,-6.39,-
twse,2026,8,3704,合勤控,2615664,1916606,2041763,36.47,28.1,19593759,17435432,12.37,-
twse,2026,8,3705,永信,632910,719465,605107,-12.03,4.59,5122921,5610124,-8.68,-
twse,2026,8,3706,神達,13557215,12833645,6165360,5.63,119.89,99209054,65025751,52.56,營收增長主要是因為超大規模雲端資料中心及雲端服務客戶需求維持強勁。加上智慧物聯及車載資通訊出貨維持穩健。
tpex,2026,8,3707,漢磊,659489,647766,509097,1.8,29.54,4637083,3667609,26.43,-
twse,2026,8,3708,上緯投控,124554,133276,19628,-6.54,534.57,845772,686243,23.24,循環經濟材料及先進材料需求增加
tpex,2026,8,3709,鑫聯大投控,4882358,6513387,2773158,-25.04,76.05,38808319,26809261,44.75,DRAM持續熱銷，並有大型專案出貨。
tpex,2026,8,3710,連展投控,697471,745256,558669,-6.41,24.84,5278821,4612332,14.45,-
twse,2026,8,3711,日月光投控,82247374,73783701,56465628,11.47,45.65,520756749,406911246,27.97,-
twse,2026,8,3712,永崴投控,539558,3356888,1979093,-83.92,-72.73,13544987,19334250,-29.94,主要係因子公司承接工程案件依進度認列收入
tpex,2026,8,3713,新晶投控,80692,62589,28333,28.92,184.79,381324,192746,97.83,綠電轉售電平台於去年底開始售電，使本期較去年同期增加
twse,2026,8,3714,富采,2171584,2388026,1901002,-9.06,14.23,16128658,15184765,6.21,-
twse,2026,8,3715,定穎投控,2932061,2531248,1593853,15.83,83.96,17971420,12267350,46.49,係產品組合優化及受惠於漲價效應
twse,2026,8,3716,中化控股,631760,669823,639358,-5.68,-1.18,5529886,5651302,-2.14,-
twse,2026,8,3717,聯嘉投控,505042,513299,459099,-1.6,10.0,4550829,459099,891.25,聯嘉光電投控（公司代號：3717）於114年8月份起100%認列聯嘉光電（原公司代號：6288）的營收。
tpex,2026,8,3718,中光電投控,3428522,0,0,,,3428522,0,,中光電投控(公司代號 3718)於8月起 100%認列中強光電(原公司代號 5371)的營收
tpex,2026,8,4102,永日,35325,41704,32868,-15.29,7.47,353059,324808,8.69,-
twse,2026,8,4104,佳醫,944347,843458,714087,11.96,32.24,6516641,5741455,13.5,"一一五年六月因佳醫創照健康股份有限公司及其子公司成為合併個體，使本月營收增加75,921仟元及本年累計營收增加227,003仟元。"
tpex,2026,8,4105,東洋,525921,537048,457878,-2.07,14.86,4235119,3911376,8.27,-
twse,2026,8,4106,雃博,230905,220706,202476,4.62,14.04,1708725,1581351,8.05,-
tpex,2026,8,4107,邦特,192806,192877,164291,-0.03,17.35,1520319,1391167,9.28,-
twse,2026,8,4108,懷特,12674,11893,10072,6.56,25.83,94994,84041,13.03,本期懷特痛寶出貨增加，營收較去年同期大幅成長近26%
tpex,2026,8,4109,加捷生醫,44069,48736,38679,-9.57,13.93,360858,315335,14.43,-
tpex,2026,8,4111,濟生,118174,118833,110575,-0.55,6.87,968874,918235,5.51,-
tpex,2026,8,4113,聯上,689457,581140,29310,18.63,2252.29,1458623,572625,154.72,不動產於過戶時點認列營收，故波動較大。
tpex,2026,8,4114,健喬,754260,791740,503239,-4.73,49.88,5095870,4060586,25.49,-
tpex,2026,8,4116,明基醫,417672,431417,414072,-3.18,0.86,3602899,3438960,4.76,-
twse,2026,8,4119,旭富,148954,190796,51806,-21.93,187.52,988413,865442,14.2,單月營收受客戶訂單出貨時程影響呈現較大波動；但累計營收表現與去年同期相比差異不大。
tpex,2026,8,4120,友華,358940,395754,370245,-9.3,-3.05,3095779,3001931,3.12,-
tpex,2026,8,4121,優盛,332235,324503,319361,2.38,4.03,2541796,2547686,-0.23,-
tpex,2026,8,4123,晟德,150960,156530,93459,-3.55,61.52,1205529,986504,22.2,主係受子公司豐華客戶訂單需求增加，進而推升本月營收。
tpex,2026,8,4126,太醫,223090,224734,222257,-0.73,0.37,1632454,1616152,1.0,-
tpex,2026,8,4127,天良,54765,58916,38886,-7.04,40.83,496683,330518,50.27,本年度整體營收較去年同期增加，主要係本年度電視媒體銷售增長。
tpex,2026,8,4128,中天,154495,152047,156517,1.61,-1.29,1287460,1222586,5.3,-
tpex,2026,8,4129,聯合,486818,567506,452851,-14.21,7.5,4113829,3630569,13.31,-
tpex,2026,8,4131,浩泰,15960,16775,14415,-4.85,10.71,188905,162196,16.46,-
twse,2026,8,4133,亞諾法,26735,26309,31328,1.61,-14.66,229277,241410,-5.02,-
twse,2026,8,4137,麗豐-KY,288042,318557,322602,-9.57,-10.71,2508021,2383174,5.23,-
tpex,2026,8,4138,曜亞,112251,117429,113724,-4.4,-1.29,916853,895709,2.36,-
tpex,2026,8,4139,馬光-KY,93031,90501,90254,2.79,3.07,715163,713440,0.24,公告合併數為公司自結數
twse,2026,8,4142,國光生,97916,308215,72821,-68.23,34.46,555205,493239,12.56,月營收較去年同期增加主因為外銷勞務收入增加所致。
tpex,2026,8,4147,中裕,60472,63691,50599,-5.05,19.51,446079,402209,10.9,每月營收受行銷夥伴每月進貨數量及CDMO生產時程影響而會有波動，但公司仍持續朝整年銷售目標前進
twse,2026,8,4148,全宇生技-KY,368353,352962,242418,4.36,51.94,2239096,1768585,26.6,"本月營收較去年增加51.95%,主係因客戶訂單需求增加"
tpex,2026,8,4153,鈺緯,79634,83052,71222,-4.11,11.81,630648,577117,9.27,-
tpex,2026,8,4154,樂威科-KY,4870,5455,2244,-10.72,117.02,23123,13834,67.14,115年7月起增加服飾配件買賣業務、泰國房屋租賃維持滿租，故營收增加。
twse,2026,8,4155,訊映,197289,152838,132099,29.08,49.34,1172841,1084099,8.18,-
tpex,2026,8,4157,太景*-KY,7053,2956,2591,138.59,172.21,28575,27251,4.85,本月營收較去年同期增加，主要係因認列布利沙福之權利金收入所致
tpex,2026,8,4160,訊聯基因,51904,58876,46533,-11.84,11.54,410538,388686,5.62,-
tpex,2026,8,4161,聿新科,50852,95489,66586,-46.74,-23.62,608228,520378,16.88,-
tpex,2026,8,4162,智擎,20649,23335,22199,-11.51,-6.98,541795,428725,26.37,-
tpex,2026,8,4163,鐿鈦,248930,290155,210287,-14.2,18.37,1843472,1625084,13.43,-
twse,2026,8,4164,承業醫,327600,326529,283824,0.32,15.42,2992378,2660897,12.45,-
tpex,2026,8,4166,友霖,115915,131837,100919,-12.07,14.85,1006049,853154,17.92,-
tpex,2026,8,4167,松瑞藥,117173,97481,95808,20.2,22.29,734172,803994,-8.68,-
tpex,2026,8,4168,醣聯,91,1057,3266,-91.39,-97.21,15102,32899,-54.09,114年8月為委託研究收入。
twse,2026,8,4169,泰宗,62177,61771,51050,0.65,21.79,477928,446800,6.96,-
tpex,2026,8,4171,瑞基,18177,23251,17117,-21.82,6.19,153733,141577,8.58,-
tpex,2026,8,4173,久裕,144189,123679,126801,16.58,13.71,1055481,1014531,4.03,-
tpex,2026,8,4174,浩鼎,817,4081,1067,-79.98,-23.43,25742,32388,-20.51,-
tpex,2026,8,4175,杏一,692982,659023,668285,5.15,3.69,5315015,5238104,1.46,-
twse,2026,8,4178,永笙-KY,31968,32419,29322,-1.39,9.02,248832,248210,0.25,-
tpex,2026,8,4183,福永生技,31695,26236,39169,20.8,-19.08,226895,330868,-31.42,-
tpex,2026,8,4188,安克,2399,3336,2332,-28.08,2.87,18839,19402,-2.9,-
twse,2026,8,4190,佐登-KY,162908,157247,164581,3.6,-1.01,1394136,1458386,-4.4,-
tpex,2026,8,4192,杏國,1848,2177,2099,-15.11,-11.95,16423,17782,-7.64,-
twse,2026,8,4195,基米-創,50421,52096,72015,-3.21,-29.98,422610,430333,-1.79,-
tpex,2026,8,4198,欣大健康,14563,21155,15039,-31.16,-3.16,108588,131751,-17.58,-
tpex,2026,8,4205,中華食,176841,211728,174767,-16.47,1.18,1373003,1340540,2.42,-
tpex,2026,8,4207,環泰,489265,538483,395725,-9.14,23.63,3861051,3486024,10.75,-
tpex,2026,8,4303,信立,148570,107880,97571,37.71,52.26,771492,692872,11.34,自115/8/1起合併重要子公司邁達康公司營收
tpex,2026,8,4304,勝昱,22265,23845,26509,-6.62,-16.0,233579,228676,2.14,增減百分比未達50%，無需說明。
tpex,2026,8,4305,世坤,67578,81957,96361,-17.54,-29.86,648459,723142,-10.32,-
twse,2026,8,4306,炎洲,1215020,1274949,1140810,-4.7,6.5,9725508,8353870,16.41,-
tpex,2026,8,4401,東隆興,303204,288742,327333,5.0,-7.37,2527131,2606523,-3.04,-
tpex,2026,8,4402,郡都開發,9131,1747,971,422.66,840.37,22502,16485,36.49,子公司承攬工程於本月動工，依完工比例法認列收入，使本月收入增加。
tpex,2026,8,4406,新昕纖,2184,6939,38044,-68.52,-94.25,114130,332215,-65.64,因應產業趨勢調整經營結構
tpex,2026,8,4413,飛寶企業,51467,42343,103236,21.54,-50.14,333642,535328,-37.67,"本公司去年同期承接新客戶訂單致基期較高,本期該客戶未有訂單需求,致營收較去年同期減少。"
twse,2026,8,4414,如興,1507589,1564975,1308056,-3.66,15.25,10204676,9222964,10.64,-
tpex,2026,8,4416,三圓,346612,514602,9285,-32.64,3633.03,3019064,465970,547.9,出售資產
tpex,2026,8,4417,金洲,393133,369401,248411,6.42,58.25,2310689,2210600,4.52,本月適逢漁網汰換期，故出貨量較去年同月增加。
tpex,2026,8,4419,皇家美食,234026,231015,222791,1.3,5.04,1851820,1805231,2.58,-
tpex,2026,8,4420,光明,86926,82044,76580,5.95,13.51,647132,690890,-6.33,-
twse,2026,8,4426,利勤,94351,90592,80289,4.14,17.51,621904,583995,6.49,-
tpex,2026,8,4430,耀億,205507,205483,156040,0.01,31.7,1554224,1413939,9.92,-
tpex,2026,8,4432,銘旺實,103449,96917,95937,6.73,7.83,649313,763614,-14.96,-
tpex,2026,8,4433,興采,167657,325377,307771,-48.47,-45.52,1604650,1974574,-18.73,-
twse,2026,8,4438,廣越,2650528,2209017,2817154,19.98,-5.91,12799445,12329481,3.81,-
twse,2026,8,4439,冠星-KY,801385,813719,668208,-1.51,19.93,5759847,5000677,15.18,-
twse,2026,8,4440,宜新實業,51367,55277,84671,-7.07,-39.33,639945,644272,-0.67,-
twse,2026,8,4441,振大環球,802332,990237,665511,-18.97,20.55,5582634,4864764,14.75,-
tpex,2026,8,4442,竣邦-KY,223990,134896,96831,66.04,131.32,1368742,1034460,32.31,主係本期新開發產品陸續出貨，並受惠既有客戶訂單需求增加，致本期營業收入較去年同期成長。
tpex,2026,8,4502,健信,135631,118612,76074,14.34,78.28,826764,608564,35.85,去年度受關稅影響致營收下降
tpex,2026,8,4503,金雨,24768,17567,75521,40.99,-67.2,385513,449000,-14.13,主要客戶採購合約到期不續約，提貨需求減少所致。
tpex,2026,8,4506,崇友,480763,486652,544142,-1.21,-11.64,4363184,4209881,3.64,上列為本公司自結數
tpex,2026,8,4510,高鋒,191491,186015,137738,2.94,39.02,1282633,989873,29.57,-
tpex,2026,8,4513,福裕,107888,109845,90837,-1.78,18.77,1545970,662421,133.38,處分不動產-新光段完成過戶入帳造成營收爆增
tpex,2026,8,4523,永彰,134657,67130,39311,100.59,242.54,782435,407657,91.93,主係本年專案結案及工程收入認列所致。
twse,2026,8,4526,東台,424301,664788,359712,-36.17,17.95,3715453,3593106,3.4,-
tpex,2026,8,4527,方方土霖,228211,282229,178380,-19.13,27.93,1832554,1651265,10.97,-
tpex,2026,8,4528,江興鍛,112013,127393,113231,-12.07,-1.07,953254,1015081,-6.09,-
tpex,2026,8,4529,淳紳,2068,3015,484,-31.4,327.27,14908,3623,311.48,"115/3月起加計子公司萊陽, 115/4月起加計金萊陽, 致營收增加."
tpex,2026,8,4530,天意能創,31643,32513,27258,-2.67,16.08,237859,217139,9.54,係為本公司自結數
twse,2026,8,4532,瑞智,1495749,1667832,1232021,-10.31,21.4,15529015,14829233,4.71,-
tpex,2026,8,4533,協易機,344232,404373,328044,-14.87,4.93,2654090,2726865,-2.66,-
tpex,2026,8,4534,慶騰,94266,116476,67604,-19.06,39.43,700963,524723,33.58,-
tpex,2026,8,4535,至興,201319,221374,222294,-9.05,-9.43,1681654,1732368,-2.92,-
twse,2026,8,4536,拓凱,868176,1022962,805842,-15.13,7.73,6762213,6571546,2.9,-
tpex,2026,8,4538,大詠城,31535,38556,34944,-18.2,-9.75,261182,247947,5.33,-
twse,2026,8,4540,全球傳動,315648,306150,217623,3.1,45.04,2240139,1557625,43.81,-
tpex,2026,8,4541,晟田,174838,194527,141487,-10.12,23.57,1369892,1031949,32.74,-
tpex,2026,8,4542,科嶠,123942,116044,42064,6.8,194.65,794983,515798,54.12,營收較去年同期顯著成長，主因前期出貨機台於本期陸續完成驗收認列，加上整體接單與出貨動能維持穩健。
tpex,2026,8,4543,萬在,70265,72665,55187,-3.3,27.32,628985,516430,21.79,-
twse,2026,8,4545,銘鈺,278477,205337,180620,35.61,54.17,1613891,1592570,1.33,本月外銷訂單需求增加，故使營業收入增加。
tpex,2026,8,4549,桓達,102730,112179,97224,-8.42,5.66,787626,846837,-6.99,-
tpex,2026,8,4550,長佳,84331,57960,70212,45.49,20.1,507423,514516,-1.37,-
twse,2026,8,4551,智伸科,801696,824857,600520,-2.8,33.5,6181258,5105997,21.05,-
twse,2026,8,4552,力達-KY,253410,257472,294118,-1.57,-13.84,2136500,2333425,-8.43,-
tpex,2026,8,4554,橙的,43649,44973,43975,-2.94,-0.74,355264,320801,10.74,-
twse,2026,8,4555,氣立,167298,182883,133267,-8.52,25.53,1247129,1067879,16.78,-
tpex,2026,8,4556,旭然,64451,85038,54284,-24.2,18.72,493331,422213,16.84,-
twse,2026,8,4557,永新-KY,329916,336993,316562,-2.1,4.21,2335219,2786653,-16.19,-
tpex,2026,8,4558,寶緯,181337,199469,155593,-9.09,16.54,1266629,1088768,16.33,-
twse,2026,8,4560,強信-KY,173870,170192,131237,2.16,32.48,1303262,1115677,16.81,-
tpex,2026,8,4561,健椿,107857,125967,70784,-14.37,52.37,797348,647989,23.04,本月營收及本年累計營收較去年同期增加係因出貨量增加所致
twse,2026,8,4562,穎漢,64580,52576,65225,22.83,-0.98,443164,515343,-14.0,-
tpex,2026,8,4563,百德,259726,171855,201008,51.13,29.21,1721802,1895807,-9.17,-
twse,2026,8,4564,元翎,59103,88620,67302,-33.3,-12.18,534601,751121,-28.82,-
twse,2026,8,4566,時碩工業,595992,554718,387139,7.44,53.94,3972925,3298258,20.45,本月營收較去年同期增加，主係多元產品布局有成，尤以散熱系統產品銷售開始發酵所致。
tpex,2026,8,4568,科際精密,89979,128710,90436,-30.09,-0.5,816657,785397,3.98,-
twse,2026,8,4569,六方科-KY,146683,180365,141554,-18.67,3.62,1307513,1223107,6.9,-
twse,2026,8,4571,鈞興-KY,288890,327187,300966,-11.7,-4.01,2125291,2070720,2.63,-
twse,2026,8,4572,駐龍,83629,59549,56183,40.43,48.85,518173,459823,12.68,-
twse,2026,8,4576,大銀微系統,426932,366927,215573,16.35,98.04,2670427,1714543,55.75,本月營收及本年累計營收較去年同期增加，主係客戶需求較去年同期增加。
tpex,2026,8,4577,達航科技,73565,96544,64529,-23.8,14.0,624015,416844,49.69,"本期累計較去年同期變動 49.70%，主係設備產銷較去年同期增加 150,456仟元所致。"
tpex,2026,8,4580,捷流閥業,213490,205169,178358,4.05,19.69,1585903,1516667,4.56,-
twse,2026,8,4581,光隆精密-KY,108676,98908,90152,9.87,20.54,804270,744553,8.02,-
twse,2026,8,4582,聚恆-創,177778,105327,106535,68.78,66.87,1249672,532517,134.67,主係因採用完工比例法認列進度時點差異所致。
twse,2026,8,4583,台灣精銳,261171,311819,211248,-16.24,23.63,2333762,2012443,15.96,-
tpex,2026,8,4584,君帆,115067,103636,114225,11.02,0.73,757556,919104,-17.57,-
twse,2026,8,4585,達明,152564,142491,162491,7.06,-6.1,1290672,1168897,10.41,-
twse,2026,8,4588,玖鼎電力,105082,143991,81629,-27.02,28.73,682287,518737,31.52,-
twse,2026,8,4590,富田-創,135802,89566,83353,51.62,62.92,794759,826160,-3.8,本月營收較去年同期增加50%以上，係因客戶計畫性出貨所致。
tpex,2026,8,4609,唐鋒,10674,12096,44015,-11.75,-75.74,92632,122237,-24.21,依客戶交期出貨致使本期較上期減少
tpex,2026,8,4702,中美實,10608,402,7620,2538.8,39.21,47818,51543,-7.22,-
tpex,2026,8,4706,大恭,102555,95163,86648,7.76,18.35,790309,695229,13.67,-
tpex,2026,8,4707,磐亞,73027,101293,135858,-27.9,-46.24,791482,927948,-14.7,-
tpex,2026,8,4711,永純,72137,70668,59174,2.07,21.9,574964,482705,19.11,-
tpex,2026,8,4714,永捷,191959,149459,134285,28.43,42.94,1525951,937275,62.8,原因：主要是增加營建收入及子公司合併營收增加所致
tpex,2026,8,4716,大立,57166,44288,46212,29.07,23.7,366742,360279,1.79,-
twse,2026,8,4720,德淵,357499,365856,285736,-2.28,25.11,2699155,2361591,14.29,-
tpex,2026,8,4721,美琪瑪,264986,220002,153753,20.44,72.34,2059753,1798080,14.55,電池及先進材料訂單增加所致
twse,2026,8,4722,國精化,410463,442668,330643,-7.27,24.14,2781110,2568499,8.27,-
tpex,2026,8,4726,永昕,105857,85963,45738,23.14,131.44,591727,432054,36.95,本公司以提供CDMO技術服務為主，收入係以滿足履約義務時認列，本月完成履約義務較去年同期增加。
tpex,2026,8,4728,雙美,223159,221485,149954,0.75,48.81,1627730,1312203,24.04,-
tpex,2026,8,4729,熒茂,95694,98129,80557,-2.48,18.79,721500,713842,1.07,-
tpex,2026,8,4735,豪展,101957,114761,82519,-11.15,23.55,704771,614425,14.7,-
twse,2026,8,4736,泰博,397209,376619,278379,5.46,42.68,2895870,2803785,3.28,-
twse,2026,8,4737,華廣,149989,145718,167241,2.93,-10.31,1127602,1262689,-10.69,-
twse,2026,8,4739,康普,872233,975627,649000,-10.59,34.39,7358798,3579501,105.58,累計營收較去年同期增加，主係動力電池材料銷售增加。
tpex,2026,8,4741,泓瀚,32722,52442,38453,-37.6,-14.9,365492,316144,15.6,-
tpex,2026,8,4743,合一,5913,8679,9758,-31.87,-39.4,91119,78993,15.35,-
tpex,2026,8,4744,皇將,90637,37207,67342,143.6,34.59,558790,773609,-27.76,-
tpex,2026,8,4745,合富-KY,226372,245525,260957,-7.8,-13.25,2027884,2112995,-4.02,本公司2026年1-8月合併營業收入較去年同期下降4.03%，相較去年對比前年同期下降23.68%，年減幅收斂19.65%，有顯著改善。
twse,2026,8,4746,台耀,460577,388241,366429,18.63,25.69,3023880,3129417,-3.37,-
tpex,2026,8,4747,強生*,45817,54470,45339,-15.88,1.05,393423,374406,5.07,-
tpex,2026,8,4749,新應材,484959,414991,341633,16.86,41.95,3378370,2792326,20.98,-
tpex,2026,8,4754,國碳科,57260,62188,51700,-7.92,10.75,470660,440215,6.91,-
twse,2026,8,4755,三福化,444823,407717,401193,9.1,10.87,3223750,3173127,1.59,-
tpex,2026,8,4760,勤凱科技,305090,269740,159285,13.1,91.53,1913070,1155707,65.53,本月較去年同月份出貨量增加
twse,2026,8,4763,材料*-KY,1039878,1058745,860662,-1.78,20.82,7652948,9676143,-20.9,-
twse,2026,8,4764,雙鍵,267871,294229,218233,-8.95,22.74,2317848,1812178,27.9,-
twse,2026,8,4766,南寶,2220723,2396727,1945107,-7.34,14.16,17036921,15289743,11.42,-
tpex,2026,8,4767,誠泰科技,70562,75468,80919,-6.5,-12.79,607100,681809,-10.95,-
tpex,2026,8,4768,晶呈科技,130197,105060,67419,23.92,93.11,1056471,466724,126.35,本月營收較去年同期增加乃因客戶需求增加
twse,2026,8,4770,上品,492005,526548,697874,-6.56,-29.49,3381698,3332500,1.47,-
twse,2026,8,4771,望隼,436901,314572,256040,38.88,70.63,2978265,2220600,34.11,因中國、台灣及日本之代工訂單增加，故業績提升。
tpex,2026,8,4772,台特化,323880,324218,272422,-0.1,18.88,2398035,842590,184.6,合併弘潔科技營業收入
tpex,2026,8,4804,大略-KY,316,408,12766,-22.54,-97.52,1391,83707,-98.33,上海地區遭無權移轉失去實質控制力
tpex,2026,8,4806,桂田文創,9956,11713,3567,-15.0,179.11,124796,45586,173.75,各業務團隊的整合開始發揮綜效，形塑娛樂產業一條龍的完整服務架構。
twse,2026,8,4807,日成-KY,343097,242998,167011,41.19,105.43,1847036,1328809,38.99,08月營收說明:由於客戶需求增加，本月營收較去年同期成長105.43%。
tpex,2026,8,4903,聯光通,70096,88352,145364,-20.66,-51.77,975076,882297,10.51,本月合併營收較去年減少，主係本期公司工程合約收入較去年同期減少所致。
twse,2026,8,4904,遠傳,9546971,9252373,8254940,3.18,15.65,75267755,67577491,11.37,-
tpex,2026,8,4905,台聯電,91839,104164,54590,-11.83,68.23,641883,466126,37.7,本月訂單增加
twse,2026,8,4906,正文,1652106,1549932,1058401,6.59,56.09,9916888,11583616,-14.38,商業模式轉型陣痛期進入尾聲，營收築底回穩；此外，因應原物料成本上漲，調漲部分產品售價。
tpex,2026,8,4907,富宇,29309,69,103696,42376.81,-71.73,2477286,1701721,45.57,餘屋出售
tpex,2026,8,4908,前鼎,97202,98660,75390,-1.47,28.93,716566,558561,28.28,-
tpex,2026,8,4909,新復興,15980,16683,28462,-4.21,-43.85,136138,219880,-38.08,-
tpex,2026,8,4911,德英,11564,11290,25889,2.42,-55.33,89514,213952,-58.16,公司行銷團隊建置中
twse,2026,8,4912,聯德控股-KY,657064,730490,496939,-10.05,32.22,5001165,3824732,30.75,-
twse,2026,8,4915,致伸,6126615,5857293,5089496,4.59,20.37,45114067,39806358,13.33,-
twse,2026,8,4916,事欣科,553276,520554,302403,6.28,82.95,3508188,2167593,61.84,受惠於國防、航太及通訊客戶需求強勁，低軌道衛星產品持續拉貨，本月營收變動達50%以上。
twse,2026,8,4919,新唐,2525998,2566187,2253395,-1.56,12.09,21021604,20811278,1.01,-
tpex,2026,8,4923,力士,108061,120061,83912,-9.99,28.77,743890,572038,30.04,-
tpex,2026,8,4924,欣厚-KY,70400,69044,81447,1.96,-13.56,538605,512440,5.1,-
twse,2026,8,4927,泰鼎-KY,1378879,1187574,1017477,16.1,35.51,8266309,8047647,2.71,8月份自結數
twse,2026,8,4930,燦星網,644594,528560,490460,21.95,31.42,3904668,3992560,-2.2,-
tpex,2026,8,4931,新盛力,495100,449435,219200,10.16,125.86,2849173,1512553,88.36,因資料中心需求上升，故本月及本年累計營收較去年同期增加。
tpex,2026,8,4933,友輝,157828,190523,245216,-17.16,-35.63,1764725,2040917,-13.53,-
twse,2026,8,4934,太極,23966,16682,8180,43.66,192.98,131905,50035,163.62,受惠於子公司營收挹注，本月及累計營收較去年同期成長。
twse,2026,8,4935,茂林-KY,400352,372690,490792,7.42,-18.42,2856727,3797431,-24.77,-
twse,2026,8,4938,和碩,88304931,86015154,65843721,2.66,34.11,692873348,682716442,1.48,-
tpex,2026,8,4939,亞電,173881,168175,119581,3.39,45.4,1091302,930416,17.29,-
twse,2026,8,4942,嘉彰,410137,450623,474136,-8.98,-13.49,3564702,3874417,-7.99,-
twse,2026,8,4943,康控-KY,181652,204374,127560,-11.11,42.4,1499529,1022733,46.61,-
tpex,2026,8,4946,辣椒,20423,35160,32157,-41.91,-36.48,209001,261394,-20.04,-
twse,2026,8,4949,有成精密,309939,364461,149302,-14.95,107.59,2418411,1577589,53.29,主要係本期太陽能模組銷售量較去年同期增加所致。
tpex,2026,8,4950,金耘國際,127863,124411,77553,2.77,64.87,892313,690122,29.29,市場需求回溫，營收較去年增加達50%以上
tpex,2026,8,4951,精拓科,48800,45429,47305,7.42,3.16,361336,359784,0.43,-
twse,2026,8,4952,凌通,225075,250485,155346,-10.14,44.88,1894911,1516872,24.92,-
tpex,2026,8,4953,緯致,1246449,1273547,984208,-2.12,26.64,9542380,7303444,30.65,-
twse,2026,8,4956,光鋐,106246,120161,126393,-11.58,-15.93,949949,905852,4.86,-
twse,2026,8,4958,臻鼎-KY,20666117,17600546,14651388,17.41,41.05,127425506,106289124,19.88,-
twse,2026,8,4960,誠美材,605302,642565,703035,-5.79,-13.9,5118926,5670891,-9.73,-
twse,2026,8,4961,天鈺,2109978,1967297,1405234,7.25,50.15,13964363,12623018,10.62,本月營收較去年同期增加主係顯示器驅動IC出貨量增加所致
tpex,2026,8,4966,譜瑞-KY,1326834,1353309,1323747,-1.95,0.23,10920138,10992196,-0.65,-
twse,2026,8,4967,十銓,3513003,2544932,936659,38.03,275.05,22691145,12133226,87.01,因出貨量增加及銷售單價上漲所致。
twse,2026,8,4968,立積,322369,320015,330417,0.73,-2.43,2549923,2479563,2.83,-
tpex,2026,8,4971,IET-KY,106034,105081,79705,0.9,33.03,799278,663362,20.48,-
tpex,2026,8,4972,湯石照明,77732,87973,63394,-11.64,22.61,664078,606268,9.53,-
tpex,2026,8,4973,廣穎電通,1001531,1008161,329420,-0.65,204.02,6533523,2769771,135.88,本月營收較去年同期增加係因市場價格上漲所致
tpex,2026,8,4974,亞泰,428660,385056,307175,11.32,39.54,2823214,2746475,2.79,-
twse,2026,8,4976,佳凌,99629,96973,87964,2.73,13.26,725222,705357,2.81,-
twse,2026,8,4977,眾達-KY,207991,181218,100860,14.77,106.21,819783,721030,13.69,因納入品固集團營收
tpex,2026,8,4979,華星光,545866,508777,397141,7.28,37.44,3537229,2939879,20.31,-
twse,2026,8,4989,榮科,408656,339461,202476,20.38,101.82,2798047,1617025,73.03,主係銷售量增加及售價增加
tpex,2026,8,4991,環宇-KY,262258,145446,180101,80.31,45.61,1894097,1301198,45.56,-
twse,2026,8,4994,傳奇,85757,89539,96294,-4.22,-10.94,777760,810566,-4.04,-
tpex,2026,8,4995,晶達,124241,141754,84441,-12.35,47.13,974148,816239,19.34,-
twse,2026,8,4999,鑫禾,107462,149039,147079,-27.89,-26.93,1076629,1260999,-14.62,-
twse,2026,8,5007,三星,496958,537219,480120,-7.49,3.5,4167290,4178034,-0.25,-
tpex,2026,8,5009,榮剛,1077050,1109543,775425,-2.92,38.89,8277759,7822082,5.82,-
tpex,2026,8,5011,久陽,277979,264441,405080,5.11,-31.37,2719341,3626746,-25.01,-
tpex,2026,8,5013,強新,789095,833363,639729,-5.31,23.34,5769395,5085914,13.43,-
tpex,2026,8,5014,建錩,1542669,1664278,1191931,-7.3,29.42,11253529,9555201,17.77,-
tpex,2026,8,5015,華祺,132290,136717,118815,-3.23,11.34,869454,1070340,-18.76,-
tpex,2026,8,5016,松和,173491,187738,166441,-7.58,4.23,1471851,1384875,6.28,-
tpex,2026,8,5201,凱衛,36695,27759,20452,32.19,79.42,186120,200638,-7.23,"因本月工程專案結案金額較高及子公司營收增加,導致本月營收增加百分比達50%以上。"
tpex,2026,8,5202,力新,9750,12597,7731,-22.6,26.11,91424,102283,-10.61,-
twse,2026,8,5203,訊連,167998,174346,214640,-3.64,-21.73,1455808,1593124,-8.61,-
tpex,2026,8,5205,中茂,7446,605,274,1130.74,2617.51,24292,12470,94.8,係因本期環保綠能收入較同期增加
tpex,2026,8,5206,坤悅,894248,0,-34,,2630241.17,3179072,3756636,-15.37,本期營業收入較去年增加，主要係因本期「坤悅禮御」完工交屋過戶認列收入所致。
tpex,2026,8,5209,新鼎,781310,381127,406553,104.99,92.17,2934179,3333106,-11.96,工程依專案進度認列收入
tpex,2026,8,5210,寶碩,20809,25015,19256,-16.81,8.06,177566,168349,5.47,-
tpex,2026,8,5211,蒙恬,27162,28853,21022,-5.86,29.2,184948,135779,36.21,-
tpex,2026,8,5212,凌網,115547,93840,92603,23.13,24.77,711400,698664,1.82,-
tpex,2026,8,5213,亞昕,119623,279577,165435,-57.21,-27.69,5011993,10946227,-54.21,認列1個工案、餘屋及租金收入
twse,2026,8,5215,科嘉-KY,222555,292334,211442,-23.86,5.25,2100973,1656587,26.82,-
tpex,2026,8,5220,萬達光電,85752,87471,49701,-1.96,72.53,706266,505390,39.74,新客戶導入量產及產品線組合多元化
twse,2026,8,5222,全訊,69507,65810,43457,5.61,59.94,541577,602753,-10.14,客戶訂單交期安排所致
tpex,2026,8,5223,安力-KY,182494,198835,171300,-8.21,6.53,1308349,1289188,1.48,-
twse,2026,8,5225,東科-KY,1183105,1121521,1299645,5.49,-8.96,7303930,7544941,-3.19,-
tpex,2026,8,5227,立凱-KY,1675,1340,11544,25.0,-85.49,61561,320828,-80.81,更新產品與生產線
tpex,2026,8,5228,鈺鎧,71765,78793,42153,-8.91,70.24,532292,342089,55.6,市場景氣復甦
tpex,2026,8,5230,雷笛克光學,134206,130024,111445,3.21,20.42,921939,850203,8.43,-
twse,2026,8,5234,達興材料,453005,447398,382205,1.25,18.52,3383409,3040560,11.27,-
twse,2026,8,5236,凌陽創新,176977,180850,156307,-2.14,13.22,1525248,1331136,14.58,-
twse,2026,8,5243,乙盛-KY,1373168,1271880,890946,7.96,54.12,9008233,8170248,10.25,主要係網通機構件出貨增加所致
twse,2026,8,5244,弘凱,92502,89866,71283,2.93,29.76,559128,531641,5.17,-
tpex,2026,8,5245,智晶,77615,81110,52921,-4.3,46.66,546038,548960,-0.53,-
tpex,2026,8,5251,天鉞電,22218,17907,20255,24.07,9.69,225284,209699,7.43,-
twse,2026,8,5258,虹堡,624428,861104,605006,-27.48,3.21,5456498,4758317,14.67,-
tpex,2026,8,5263,智崴,349487,202279,110401,72.77,216.56,1408083,785335,79.29,營收增加原因：因併入Flyover Attractions B.V.營收。
twse,2026,8,5269,祥碩,882349,783204,1307339,12.65,-32.5,7886107,8472416,-6.92,-
tpex,2026,8,5272,笙科,33794,33967,21431,-0.5,57.68,228452,236654,-3.46,去年同期因客戶庫存調節，比較基期較低，致本月營收增加百分比達50%以上
tpex,2026,8,5274,信驊,1625937,1524018,744425,6.68,118.41,10168121,5827382,74.48,本月及本年增減百分比達50%以上者，主係伺服器晶片營收較去年同期成長所致。
tpex,2026,8,5276,達輝-KY,83738,103475,78097,-19.07,7.22,690134,607923,13.52,-
tpex,2026,8,5278,尚凡*,258954,250132,206744,3.52,25.25,1905048,1601720,18.93,-
twse,2026,8,5283,禾聯碩,544641,700359,504356,-22.23,7.98,4578175,4549529,0.62,-
twse,2026,8,5284,jpp-KY,362392,420741,320223,-13.86,13.16,3168020,2290880,38.28,-
twse,2026,8,5285,界霖,549909,604625,458538,-9.04,19.92,4136487,3619139,14.29,-
tpex,2026,8,5287,數字,205379,199085,200747,3.16,2.3,1540718,1561159,-1.3,-
twse,2026,8,5288,豐祥-KY,810855,850522,506479,-4.66,60.09,6132858,4530103,35.38,主係北美休閒車輛客戶新產品出貨所致
tpex,2026,8,5289,宜鼎,8680123,8494810,1283486,2.18,576.29,52800952,8084015,553.15,本月營收及本年累計營收較去年同期增加係因出貨量增加及銷售單價上漲所致
tpex,2026,8,5291,邑昇,144890,185331,89763,-21.82,61.41,1043804,716013,45.78,主要為客戶需求增加所致。
twse,2026,8,5292,華懋,237861,278768,218415,-14.67,8.9,1792683,1875888,-4.43,本公司完工百分比法係以投入成本為完工進度基礎，各期依工程安排時間不同而產生差異
tpex,2026,8,5299,杰力,119505,121937,123503,-1.99,-3.23,1031215,1066290,-3.28,-
tpex,2026,8,5301,寶得利,3241,3365,16484,-3.68,-80.33,99051,139387,-28.93,"子公司受地緣政治影響,致使營收下滑。"
tpex,2026,8,5302,太欣,1231,4137,1912,-70.24,-35.61,18834,11717,60.74,今年累計營收成長係提供技術服務予關係人。
twse,2026,8,5306,桂盟,398423,492714,355529,-19.13,12.06,3638171,3277337,11.0,-
tpex,2026,8,5309,系統電,327559,319017,256804,2.67,27.55,2416973,2209809,9.37,-
tpex,2026,8,5310,天剛,171,7,245,2342.85,-30.2,501,676,-25.88,-
tpex,2026,8,5312,寶島科,378945,392998,361430,-3.57,4.84,3008990,2690029,11.85,單月及累計營收創同期歷史新高
tpex,2026,8,5314,世紀*,465313,552778,229759,-15.82,102.52,3886321,1545846,151.4,本月主要成長係生技產品營收增加及子公司營收增加，致本月及本年度營收較去年同期增加。
tpex,2026,8,5315,光聯,131249,143294,175216,-8.4,-25.09,1198852,1314427,-8.79,-
tpex,2026,8,5321,美而快,354562,169731,262795,108.89,34.91,1633533,1939392,-15.77,-
tpex,2026,8,5324,士開,52812,48281,54618,9.38,-3.3,581975,559510,4.01,-
tpex,2026,8,5328,華容,99782,99219,77784,0.56,28.28,723028,576296,25.46,-
tpex,2026,8,5340,建榮,284845,272928,192761,4.36,47.77,1893108,1481304,27.8,-
tpex,2026,8,5344,立衛,30342,32398,27884,-6.34,8.81,248324,220015,12.86,-
tpex,2026,8,5345,馥鴻,2236,2685,2554,-16.72,-12.45,26372,6331,316.55,主係結合經銷商銷售動能並加速存貨去化，致營收較去年同期增加。
tpex,2026,8,5347,世界,5092599,4705722,3625233,8.22,40.47,36574795,30886681,18.41,-
tpex,2026,8,5348,正能量智能,25014,26613,28408,-6.0,-11.94,193300,162470,18.97,-
tpex,2026,8,5351,鈺創,2260221,2125060,361453,6.36,525.31,12019379,2040914,488.92,本月營收及本年累計營收皆較去年同期增加，主係市場需求增加所致。
tpex,2026,8,5353,台林,165356,172753,157196,-4.28,5.19,1265639,1192979,6.09,-
tpex,2026,8,5355,佳總,62169,69023,30573,-9.93,103.34,417785,306958,36.1,營業額增加主要為原物料價格上漲而調漲產品售價，終端客戶預期產品售價持續走高而提前拉貨，帶動出貨量與營收的成長。
tpex,2026,8,5356,協益,388919,430233,290545,-9.6,33.85,2591507,2234595,15.97,-
tpex,2026,8,5364,力麗店,6732,8860,34701,-24.01,-80.59,91272,218957,-58.31,主係因調整旗下飯店營運結構，結束花蓮分公司及子公司力麗明池合作經營，致使力麗觀光及子公司合併營收下降所致。
tpex,2026,8,5381,光譜,131129,242713,204466,-45.97,-35.86,1344118,1536868,-12.54,-
tpex,2026,8,5386,青雲,4548288,1992270,233700,128.29,1846.2,21687550,2989328,625.49,本期及累計營收增加主要係記憶體模組、顯卡及伺服器銷售成長所致
twse,2026,8,5388,中磊,7044125,7979722,4856190,-11.72,45.05,52286402,33699513,55.15,北美市場訂單增溫
tpex,2026,8,5392,能率,771157,852452,669730,-9.53,15.14,6067104,5682960,6.75,-
tpex,2026,8,5398,慕康生醫,28822,12630,24923,128.2,15.64,109758,149034,-26.35,-
tpex,2026,8,5403,中菲,287867,301682,229742,-4.57,25.3,2227548,2167237,2.78,-
tpex,2026,8,5410,國眾,226300,406263,510011,-44.29,-55.62,3950127,2980230,32.54,本月營收較去年同期大幅減少，主要係本月專案收入減少所致。
tpex,2026,8,5425,台半,1714148,1730537,1400066,-0.94,22.43,12915166,12014778,7.49,-
tpex,2026,8,5426,振發,193922,224969,132946,-13.8,45.86,1422218,1178888,20.64,-
tpex,2026,8,5432,新門,18639,23027,17981,-19.05,3.65,133371,127921,4.26,-
twse,2026,8,5434,崇越,7791761,8173773,5715135,-4.67,36.33,55327637,44192882,25.19,-
tpex,2026,8,5438,東友,102441,95856,79212,6.86,29.32,573893,917743,-37.46,-
tpex,2026,8,5439,高技,1108099,1050323,1052950,5.5,5.23,7749508,5770565,34.29,-
tpex,2026,8,5443,均豪,620014,837103,542052,-25.93,14.38,3629283,3001106,20.93,-
tpex,2026,8,5450,南良,209183,249747,190330,-16.24,9.9,1801787,1616767,11.44,-
tpex,2026,8,5452,佶優,453595,442343,398218,2.54,13.9,3344957,3414156,-2.02,-
tpex,2026,8,5455,昇益,29872,198,4620,14986.86,546.58,38085,2030552,-98.12,本年營收較去年減少係因去年個案交屋認列收入，且交屋量體較大，故與去年同期營收相比較變動減少幅度較大。
tpex,2026,8,5457,宣德,1882890,2015669,2323368,-6.58,-18.95,14509675,15253079,-4.87,-
tpex,2026,8,5460,同協,31652,21991,18345,43.93,72.53,187510,157083,19.37,"營收變動超50%主因，除了 114年8月 營收較少因此基期較低外, 115年8月份有部分高單價產品訂單開始出貨，因此營收增加。"
tpex,2026,8,5464,霖宏,94350,100839,78916,-6.43,19.55,812554,625927,29.81,-
tpex,2026,8,5465,富驊,410577,375293,429320,9.4,-4.36,2790822,4067010,-31.37,-
tpex,2026,8,5468,凱鈺,24970,9304,7501,168.37,232.88,117899,70977,66.1,係因本月有認列交屋收入
twse,2026,8,5469,瀚宇博,6543125,6589531,5176127,-0.7,26.4,45671734,36618851,24.72,-
twse,2026,8,5471,松翰,272168,315750,225973,-13.8,20.44,2296059,1783062,28.77,-
tpex,2026,8,5474,聰泰,126434,166451,190180,-24.04,-33.51,977829,1013384,-3.5,-
tpex,2026,8,5475,德宏,254708,229336,68492,11.06,271.87,1318517,494216,166.78,市場價格及需求數量上漲
tpex,2026,8,5478,智冠,556614,552538,516314,0.73,7.8,4706034,4199212,12.06,因IFRS15，MyCard屬代理性質營收採淨額，若總額本期為31.45億，較上期減少1.66%，較去年同期增加37.26%
tpex,2026,8,5481,新華,10053,8602,10377,16.86,-3.12,61768,67003,-7.81,-
tpex,2026,8,5483,中美晶,6716682,6997671,6014229,-4.01,11.67,54215496,51097512,6.1,-
twse,2026,8,5484,慧友,48419,51112,42872,-5.26,12.93,546735,284088,92.45,係因有接到代工訂單
tpex,2026,8,5487,通泰,14121,15820,10960,-10.73,28.84,111895,111792,0.09,-
tpex,2026,8,5488,松普,75655,85256,72186,-11.26,4.8,644023,479037,34.44,-
tpex,2026,8,5489,彩富,167718,176330,142687,-4.88,17.54,1256866,1101887,14.06,-
tpex,2026,8,5490,同亨,109488,140713,117435,-22.19,-6.76,1149595,965722,19.03,-
tpex,2026,8,5493,三聯,650717,547645,450216,18.82,44.53,4285058,3526521,21.5,-
tpex,2026,8,5498,凱崴,231281,226252,123334,2.22,87.52,1487842,871145,70.79,主係鑽針收入成長，因AI產品暢旺，對鑽針的消耗大幅增加，鑽針需求量及價格皆有所提升。
tpex,2026,8,5508,永信建,318829,275059,43458,15.91,633.64,2324915,1451343,60.19,營收隨完工案量多寡而變化乃屬建設業特性，故本期及本年業績大幅成長尚屬合理。
tpex,2026,8,5511,德昌,998851,1048103,973675,-4.69,2.58,7395587,6633181,11.49,-
tpex,2026,8,5512,力麒,425192,762231,462079,-44.21,-7.98,4151721,4004388,3.67,-
tpex,2026,8,5514,三豐,2021,1528,482,32.26,319.29,677157,3854,17470.23,本月營收因認列委建收入，致使較去年同期增加。本年累計營收因委建及三豐AIT完工認列收入，致使本年累計營收較去年同期增加。
twse,2026,8,5515,建國,638006,697885,667219,-8.58,-4.37,5355291,4350935,23.08,-
tpex,2026,8,5516,雙喜,285220,188981,200203,50.92,42.46,1712316,1212425,41.23,-
twse,2026,8,5519,隆大,114356,111792,1528234,2.29,-92.51,1355445,4080869,-66.78,今年同期及累計較去年減少係去年同期自建案J52、J53案完工認列房地收入較多所致。
tpex,2026,8,5520,力泰,378352,365849,366894,3.41,3.12,2676689,2758155,-2.95,-
twse,2026,8,5521,工信,607379,795349,695187,-23.63,-12.63,6823415,6264071,8.92,無
twse,2026,8,5522,遠雄,3244058,3552998,6090610,-8.69,-46.73,15328113,8274601,85.24,本月累計營收較去年同期增加，主要係交屋量較去年同期完工可交屋成屋量增加所致
tpex,2026,8,5523,豐謙,375,377,370,-0.53,1.35,3012,3762,-19.93,本月營收僅認列租賃收入所致
twse,2026,8,5525,順天,554750,460075,30833,20.57,1699.2,4898956,317946,1440.81,本月及本年累計營收較去年同期增加，係因今年母公司ONE 33、緮華及子公司風聆樹交屋收入所致
tpex,2026,8,5529,鉅陞,139924,31292,3680,347.15,3702.28,741564,59377,1148.9,增減百分比達50％之原因：主係因本年認列交屋收入
tpex,2026,8,5530,龍巖,304785,346190,271820,-11.96,12.12,2699302,2940258,-8.19,-
twse,2026,8,5531,鄉林,74564,63049,86771,18.26,-14.06,460563,433683,6.19,建設業之銷售進度及狀況深受景氣榮枯及市場現狀影響，且建築個案之完工時間並非固定時點，故月營收的表現上會有較大之波動。
twse,2026,8,5533,皇鼎,155966,55157,53888,182.76,189.42,921218,846622,8.81,本月營收較去年同期增加達50%以上，係兩期個案營收組成因子不同。
twse,2026,8,5534,長虹,623750,906787,330759,-31.21,88.58,3852461,2306170,67.05,本月營收較去年同期增加，主要係因本月過戶交屋數額較去年同期增加所致。
tpex,2026,8,5536,聖暉*,4878663,3885491,3375272,25.56,44.54,33748553,26596497,26.89,-
twse,2026,8,5538,東明-KY,1275862,1326220,1055152,-3.79,20.91,9443279,8290857,13.89,-
tpex,2026,8,5543,桓鼎-KY,227256,273764,211978,-16.98,7.2,2141825,2049112,4.52,-
twse,2026,8,5546,永固-KY,167645,155919,126233,7.52,32.8,880537,1471688,-40.16,-
tpex,2026,8,5547,久舜,309920,220229,163543,40.72,89.5,1745531,1444250,20.86,興建工程投入較去年同期增加所致。
tpex,2026,8,5548,安倉,184109,243174,162454,-24.28,13.32,1736886,1533904,13.23,-
tpex,2026,8,5601,台聯櫃,8216,7686,7972,6.89,3.06,62712,61651,1.72,-
tpex,2026,8,5603,陸海,118009,118002,106621,0.0,10.68,946313,921098,2.73,-
tpex,2026,8,5604,中連,13855,13520,13314,2.47,4.06,109225,105532,3.49,-
twse,2026,8,5607,遠雄港,486055,514899,364095,-5.6,33.49,3584613,2631325,36.22,-
twse,2026,8,5608,四維航,371487,362125,266975,2.58,39.14,2355543,2068962,13.85,-
tpex,2026,8,5609,中菲行,3415327,3269476,2456161,4.46,39.05,23267673,19238778,20.94,-
tpex,2026,8,5701,劍湖山,53860,42291,57848,27.35,-6.89,323508,349792,-7.51,-
tpex,2026,8,5703,亞都麗緻,38791,28013,30283,38.47,28.09,318651,274408,16.12,-
tpex,2026,8,5704,老爺知,625,843,32655,-25.86,-98.08,103165,191223,-46.04,因本公司自115年3月起，暫停營業進行整修工程。
twse,2026,8,5706,鳳凰,213993,301552,231867,-29.03,-7.7,2044239,2121920,-3.66,-
tpex,2026,8,5864,致和證,599176,-974304,281413,161.49,112.91,4850258,366012,1225.16,主要係營業證券評價故
twse,2026,8,5871,中租-KY,8169021,8463270,8225178,-3.47,-0.68,64926891,65428704,-0.76,-
twse,2026,8,5876,上海商銀,4547978,5216480,4248050,-12.81,7.06,37298483,36580887,1.96,-
tpex,2026,8,5878,台名,61717,75226,66080,-17.95,-6.6,581742,579629,0.36,-
tpex,2026,8,5902,德記,219889,215040,181853,2.25,20.91,1524289,1581682,-3.62,-
tpex,2026,8,5903,全家,9922451,10173000,9602109,-2.46,3.33,77081581,72020928,7.02,-
tpex,2026,8,5904,寶雅*,2465114,2471748,2234511,-0.26,10.32,18963841,16648142,13.9,-
tpex,2026,8,5905,南仁湖,151638,167415,128474,-9.42,18.03,2242634,691805,224.17,本公司建案已完工，陸續交屋入帳。
twse,2026,8,5906,台南-KY,123471,132645,130847,-6.91,-5.63,1083404,1102251,-1.7,-
twse,2026,8,5907,大洋-KY,229668,202420,221263,13.46,3.79,1853379,1840494,0.7,-
twse,2026,8,6005,群益證,3030550,2046056,2085061,48.11,45.34,24297437,12165830,99.71,主係自營操作獲利增加及成交量增加致經紀手續費收入增加
tpex,2026,8,6015,宏遠證,587691,-192974,244367,404.54,140.49,2790729,796264,250.47,本月及本期因經紀手續費收入及部位操作評價損益均較去年同期增加所致.
tpex,2026,8,6016,康和證,2727083,-2015901,864669,235.27,215.39,7374276,2227934,230.99,主係自營交易利益較去年同期增加。
tpex,2026,8,6020,大展證,58662,-142681,88459,141.11,-33.68,898865,156523,474.27,自營部門營業證券出售淨利益本年累積淨利益較去年同期增加
tpex,2026,8,6021,美好證,184117,94130,286418,95.59,-35.71,3243464,960515,237.67,主係本年營業證券評價利益相較去年上升，故營業收入增加。
tpex,2026,8,6023,元大期貨,344450,513559,280825,-32.92,22.65,3336963,2342863,42.43,-
twse,2026,8,6024,群益期,220011,410756,204090,-46.43,7.8,1753684,2013270,-12.89,-
tpex,2026,8,6026,福邦證,217362,45116,65514,381.78,231.77,1221024,451564,170.39,本月(年)較同期增232%(170%)係股票出售及評價之差異，致綜合淨利達10.98E(EPS$+2.77)較同年+9.42E(+603%)，僅供參考。
tpex,2026,8,6028,公勝保經,521574,515132,356784,1.25,46.18,4115106,3108076,32.4,-
tpex,2026,8,6101,寬魚國際,30252,99816,145725,-69.69,-79.24,1117993,774250,44.39,本期營收較去年同期減少，係因去年同期有數場演唱會的收入認列之故，然本年度累計營收已較去年度成長近45%，營運狀況正常
tpex,2026,8,6103,合邦,4150,5329,8685,-22.12,-52.21,51963,62413,-16.74,主要係銷售部分久滯商品後產生相關折讓，致本月營業收入較去年同期減少52.22%
tpex,2026,8,6104,創惟,319894,337913,309465,-5.33,3.37,2773075,2751942,0.76,-
twse,2026,8,6108,競國,599097,654851,411201,-8.51,45.69,3662853,2791717,31.2,-
tpex,2026,8,6109,亞元,69020,75544,59691,-8.63,15.62,571056,475968,19.97,-
tpex,2026,8,6111,光聚晶電,1034503,1149419,973016,-9.99,6.31,8352964,3876083,115.5,新增子公司光罩(股票代號:2338)營收
twse,2026,8,6112,邁達特,2129820,2221632,1792948,-4.13,18.78,16921712,14298560,18.34,-
tpex,2026,8,6113,亞矽,109073,120638,47340,-9.58,130.4,724574,420540,72.29,產品需求增加所致
tpex,2026,8,6114,久威,52598,81626,70264,-35.56,-25.14,551586,639258,-13.71,-
twse,2026,8,6115,鎰勝,732630,745570,661435,-1.73,10.76,5488990,4915308,11.67,-
twse,2026,8,6116,彩晶,934086,871970,864874,7.12,8.0,7891385,7666396,2.93,-
twse,2026,8,6117,迎廣,281886,275053,275148,2.48,2.44,2203556,2107290,4.56,-
tpex,2026,8,6118,建達,1094117,1004094,843977,8.96,29.63,6918813,6449184,7.28,-
twse,2026,8,6120,達運,1337803,1000780,1380471,33.67,-3.09,11094827,11640772,-4.68,-
tpex,2026,8,6121,新普,6752335,7106470,6452555,-4.98,4.64,53245008,50783041,4.84,-
tpex,2026,8,6122,擎邦,390014,347671,343346,12.17,13.59,2612897,2617997,-0.19,-
tpex,2026,8,6123,上奇,528124,416973,545535,26.65,-3.19,3168498,3407795,-7.02,-
tpex,2026,8,6124,業強,139381,182228,131933,-23.51,5.64,1267046,1285718,-1.45,-
tpex,2026,8,6125,廣運,339026,365339,344163,-7.2,-1.49,2562886,2018987,26.93,-
tpex,2026,8,6126,信音,516739,552658,328605,-6.49,57.25,3982448,2580609,54.32,本期營收成長幅度較大，主要係去年底完成併購東莞國聯電子有限公司 80% 股權，並自115年1月起認列其營收所致。
tpex,2026,8,6127,九豪,107429,93620,82839,14.75,29.68,716540,679378,5.47,以上資訊係屬初步自行結算完成，未經會計師簽證或核閱
twse,2026,8,6128,上福,364657,438942,347429,-16.92,4.95,3421674,3489809,-1.95,-
tpex,2026,8,6129,普誠,129236,124407,89997,3.88,43.6,979020,692375,41.4,"本月營業收入淨額含少數股權2,527仟元，本年累計營業收入淨額含少數股權35,191仟元。"
tpex,2026,8,6130,上亞科技,13420,22411,13237,-40.11,1.38,124800,103273,20.84,-
twse,2026,8,6133,金橋,121423,135321,118867,-10.27,2.15,950452,891153,6.65,-
tpex,2026,8,6134,萬旭,239959,231601,197130,3.6,21.72,1685088,1196565,40.82,-
twse,2026,8,6136,富爾特,65600,62782,49803,4.48,31.71,462436,391394,18.15,-
tpex,2026,8,6138,茂達,665278,700098,649073,-4.97,2.49,5408091,4886651,10.67,-
twse,2026,8,6139,亞翔,11018647,10928616,7776731,0.82,41.68,67904317,41563756,63.37,主要係工程進入施工高峰期，致本月營收較去年同期大幅增加。
tpex,2026,8,6140,訊達電腦,181217,288991,164189,-37.29,10.37,1354939,1582785,-14.39,-
twse,2026,8,6141,柏承,272679,254902,137274,6.97,98.63,1618559,1224284,32.2,主係訂單增加，較去年同期成長
twse,2026,8,6142,友勁,222688,166423,148984,33.8,49.47,1310309,1264987,3.58,-
tpex,2026,8,6143,振曜,674378,722533,774848,-6.66,-12.96,5709003,5121275,11.47,-
tpex,2026,8,6144,得利影,14381,12454,14807,15.47,-2.87,102863,112620,-8.66,-
tpex,2026,8,6146,耕興,415183,415135,375856,0.01,10.46,3264055,2980685,9.5,-
tpex,2026,8,6147,頎邦,2619692,2522679,1824147,3.84,43.61,17529787,14152410,23.86,-
tpex,2026,8,6148,驊宏資,59218,41885,30306,41.38,95.4,343450,526487,-34.76,本月同期增加原因：係115/8政府機關專案交貨、驗收
tpex,2026,8,6150,撼訊,574719,479412,730008,19.87,-21.27,3646216,4959359,-26.47,-
tpex,2026,8,6151,晉倫,155707,155384,131303,0.2,18.58,1269371,1135112,11.82,-
twse,2026,8,6152,百一,312169,302252,142880,3.28,118.48,1570684,1007409,55.91,客戶需求增加
twse,2026,8,6153,嘉聯益,568307,565587,490126,0.48,15.95,3864804,3669564,5.32,-
tpex,2026,8,6154,順發,393985,384814,368797,2.38,6.82,2787574,2640237,5.58,-
twse,2026,8,6155,鈞寶,75032,64573,50006,16.19,50.04,513330,414628,23.8,客戶需求上升，訂單增加
tpex,2026,8,6156,松上,576555,617622,371596,-6.64,55.15,4280050,3426016,24.92,子公司營收
tpex,2026,8,6158,禾昌,172833,168476,152034,2.58,13.68,1238227,1222651,1.27,-
tpex,2026,8,6160,欣技,52676,90464,87551,-41.77,-39.83,656647,824627,-20.37,-
tpex,2026,8,6161,捷波,118805,123135,145539,-3.51,-18.36,1041739,865755,20.32,-
tpex,2026,8,6163,華電網,457582,797162,622530,-42.59,-26.49,4285392,3371934,27.09,-
twse,2026,8,6164,華興,55352,65687,62939,-15.73,-12.05,519530,527693,-1.54,-
twse,2026,8,6165,浪凡,286160,276543,270326,3.47,5.85,2283021,2113165,8.03,-
twse,2026,8,6166,凌華,1528587,1426503,1033987,7.15,47.83,10858379,7668370,41.59,-
tpex,2026,8,6167,久正,82268,96076,94108,-14.37,-12.58,791235,785825,0.68,-
twse,2026,8,6168,宏齊,221377,205558,186786,7.69,18.51,1506207,1378154,9.29,-
tpex,2026,8,6169,昱泉,1214,23,489,5178.26,148.26,1485,22495,-93.39,主係遊戲授權收入增減所致
tpex,2026,8,6170,統振,285197,270405,272389,5.47,4.7,2144248,2158290,-0.65,-
tpex,2026,8,6171,大城地產,33,34,33020,-2.94,-99.9,138869,1075962,-87.09,本月及本年累計營收較去年同期減少，係因去年同期「大城二月埕」集中完工交屋所致
tpex,2026,8,6173,信昌電,551669,537222,357611,2.68,54.26,3488672,2765728,26.13,主要是AI應用需求增加，致營收成長。
tpex,2026,8,6174,安碁,66923,75458,50377,-11.31,32.84,506684,401719,26.12,-
tpex,2026,8,6175,立敦,484052,474537,286526,2.0,68.93,3493450,2807026,24.45,因整體產業趨勢向上，銷售單價及數量大幅成長所致
twse,2026,8,6176,瑞儀,3816244,3760675,4418501,1.47,-13.63,30701464,33167439,-7.43,-
twse,2026,8,6177,達麗,1109448,1101399,1215468,0.73,-8.72,10520987,2491059,322.34,本期累計營收較去年同期上升，主係本期「後壁田段三」完工過戶所致。
tpex,2026,8,6179,亞通,808983,1097072,250246,-26.25,223.27,5721463,2472577,131.39,係因本期⼯程投⼊較去年同期增加所致
tpex,2026,8,6180,橘子,912976,852478,707734,7.09,28.99,6183459,6423178,-3.73,-
tpex,2026,8,6182,合晶,1004466,994362,837265,1.01,19.96,7201031,6444102,11.74,-
twse,2026,8,6183,關貿,226822,346726,214863,-34.58,5.56,1932896,1705274,13.34,-
twse,2026,8,6184,大豐電,175750,176222,176781,-0.26,-0.58,1448607,1432173,1.14,-
tpex,2026,8,6185,幃翔,60473,65312,42158,-7.4,43.44,474309,351574,34.91,-
tpex,2026,8,6186,新潤,0,14651,978818,-100.0,-100.0,3874028,9092540,-57.39,認列建案營收
tpex,2026,8,6187,萬潤,1108737,1054680,546012,5.12,103.06,5929498,3923877,51.11,因客戶擴產，設備需求較去年同期上升
tpex,2026,8,6188,廣明,594489,681715,748542,-12.79,-20.58,5413017,6080615,-10.97,-
twse,2026,8,6189,豐藝,2484787,2781576,2221895,-10.66,11.83,20229133,20193165,0.17,-
tpex,2026,8,6190,萬泰科,1061923,1063947,618036,-0.19,71.82,7596398,5857995,29.67,市場需求成長，出貨量持續增加。
twse,2026,8,6191,精成科,3801319,3919950,3156059,-3.02,20.44,27014097,21273959,26.98,-
twse,2026,8,6192,巨路,638643,916547,565199,-30.32,12.99,5405098,4801936,12.56,-
tpex,2026,8,6194,育富,84593,73380,115437,15.28,-26.71,644345,987174,-34.72,-
tpex,2026,8,6195,詩肯,190687,198160,184038,-3.77,3.61,1664398,1455344,14.36,-
twse,2026,8,6196,帆宣,7219605,7518568,3926133,-3.97,83.88,50246297,33117857,51.71,115年8月單月及累計合併營收較去年同期增加，主要係銷貨收入及工程收入增加所致。
twse,2026,8,6197,佳必琪,842399,834706,672058,0.92,25.34,6213696,5024182,23.67,-
tpex,2026,8,6198,瑞築,22,22,22,0.0,0.0,162,147,10.2,-
tpex,2026,8,6199,天品,82949,77561,30530,6.94,171.69,643056,102432,527.78,"主係子公司奈科公司較去年本月增加52,207仟元，較去年累計增加403,673仟元;殯葬部份較去年累計增加135,162仟元。"
twse,2026,8,6201,亞弘電,346475,327231,260022,5.88,33.24,2181506,2314609,-5.75,-
twse,2026,8,6202,盛群,361687,365463,251647,-1.03,43.72,2535854,2132238,18.92,-
tpex,2026,8,6203,海韻電,158667,149397,233981,6.2,-32.18,1319319,1893458,-30.32,-
tpex,2026,8,6204,艾華,35672,46213,30482,-22.8,17.02,288482,267658,7.78,-
twse,2026,8,6205,詮欣,120067,131228,96059,-8.5,24.99,917065,952501,-3.72,-
twse,2026,8,6206,飛捷,583281,568481,359661,2.6,62.17,4543597,3492965,30.07,去年基期較低
tpex,2026,8,6207,雷科,137881,112882,101526,22.14,35.8,853992,788445,8.31,-
tpex,2026,8,6208,日揚,363046,356909,336857,1.71,7.77,2483751,2442359,1.69,-
twse,2026,8,6209,今國光,556720,524235,269254,6.19,106.76,3495280,2061203,69.57,客戶需求增加。
tpex,2026,8,6210,慶生,33824,42873,29518,-21.1,14.58,290959,191546,51.9,訂單增加
tpex,2026,8,6212,理銘,80448,115918,18642,-30.59,331.54,747762,1313434,-43.06,本月營收較去年增加係個案交屋認列收入，累計營收較去年減少，主要係去年度交屋量較多
twse,2026,8,6213,聯茂,5044034,4749174,2548408,6.2,97.92,30466286,21417841,42.24,受惠於漲價效應和AI相關需求成長
twse,2026,8,6214,精誠,5900133,4744529,3644065,24.35,61.91,38012453,27219849,39.64,8月同期營收增22.6億元，主係半導體軟硬體服務增18億元。
twse,2026,8,6215,和椿,407379,378154,174979,7.72,132.81,2460839,1540302,59.76,自動化零組件及設備需求增加
twse,2026,8,6216,居易,50799,63389,67126,-19.86,-24.32,399044,541224,-26.27,-
tpex,2026,8,6217,中探針,419111,421657,340751,-0.6,22.99,3112987,2320969,34.12,無
tpex,2026,8,6218,豪勉,141060,102950,92286,37.01,52.85,1044876,891486,17.2,本月營收較去年同期增加，主要係今年較多專案工程同時完成驗收所致。
tpex,2026,8,6219,富旺,301719,718148,262,-57.98,115059.92,2294510,7305,31310.13,因建案完工入帳時間差異，本月營業收入及累計營業收入較去年同期產生較大波動。
tpex,2026,8,6220,岳豐,986069,985000,586903,0.1,68.01,6859558,5462218,25.58,主要為去年同期因美國關稅影響，客戶下單趨緩使得營收減少，今年已逐步恢復正常，以及今年度大陸內銷市場營收較為成長所致。
tpex,2026,8,6221,晉泰,468987,266051,386075,76.27,21.47,2709537,3761132,-27.95,-
tpex,2026,8,6222,立軒,130,112,232,16.07,-43.96,1594,2377,-32.94,-
tpex,2026,8,6223,旺矽,2048171,1805362,1205695,13.44,69.87,13019987,8411510,54.78,本月合併營收較去年同期大幅成長，主要受惠客戶AI 及高效能運算晶片相關測試需求持續強勁，帶動公司出貨動能提升。
twse,2026,8,6224,聚鼎,319050,317937,233735,0.35,36.5,2113288,1931612,9.4,-
twse,2026,8,6225,天瀚,3234,2753,1352,17.47,139.2,32744,22904,42.96,本期營收增加，主要係本公司客戶端需求增加所致。
twse,2026,8,6226,光鼎,53179,60059,47037,-11.45,13.05,440136,410795,7.14,-
tpex,2026,8,6227,茂綸,3540073,3339960,1316716,5.99,168.85,18714442,12360456,51.4,"因應終端客戶AI雲端機房建置之相關產品出貨需求, 使得本月及累積營收皆比去年同期增長。"
tpex,2026,8,6228,全譜,2348,3649,3857,-35.65,-39.12,29221,33871,-13.72,依客戶訂單出貨
tpex,2026,8,6229,研通,256677,247273,219663,3.8,16.85,1972556,1382094,42.72,-
twse,2026,8,6230,尼得科超眾,759277,788510,765856,-3.7,-0.85,6225880,5848372,6.45,-
tpex,2026,8,6231,系微,139982,100921,131575,38.7,6.38,1144469,1051150,8.87,-
tpex,2026,8,6233,旺玖,37463,42866,29365,-12.6,27.57,275262,259638,6.01,-
tpex,2026,8,6234,高僑,75955,60801,45104,24.92,68.39,413182,308874,33.77,本月專案驗收入帳金額較高
twse,2026,8,6235,華孚,538434,550108,501809,-2.12,7.29,4305190,4183807,2.9,-
tpex,2026,8,6236,中湛,2661,2562,2471,3.86,7.68,21285,25409,-16.23,-
tpex,2026,8,6237,驊訊,24920,59139,36475,-57.86,-31.67,374295,274956,36.12,-
twse,2026,8,6239,力成,8557545,8270133,6875752,3.47,24.45,61257677,46822303,30.83,-
tpex,2026,8,6240,松崗,3118,3344,4020,-6.75,-22.43,31451,30295,3.81,-
tpex,2026,8,6241,鑫永洋,62206,62764,47808,-0.88,30.11,479527,475529,0.84,-
tpex,2026,8,6242,立康,37017,42064,37204,-11.99,-0.5,362630,378696,-4.24,-
twse,2026,8,6243,迅杰,31782,31860,47109,-0.24,-32.53,232018,453984,-48.89,-
tpex,2026,8,6244,茂迪,254029,314183,255071,-19.14,-0.4,2240423,1963562,14.09,-
tpex,2026,8,6245,立端,802502,1053432,580000,-23.82,38.36,5324320,4412334,20.66,-
tpex,2026,8,6246,臺龍,112154,121227,124611,-7.48,-9.99,852704,1040013,-18.01,-
tpex,2026,8,6248,沛波,582591,628864,584045,-7.35,-0.24,4321925,5204217,-16.95,-
twse,2026,8,6257,矽格,2068935,2014186,1609013,2.71,28.58,15257594,12663290,20.48,-
tpex,2026,8,6259,百徽,67024,74415,34604,-9.93,93.68,507225,319898,58.55,主係客戶訂單成長，以致營收較前期增加。
tpex,2026,8,6261,久元,345096,374346,347241,-7.81,-0.61,2852977,2702018,5.58,-
tpex,2026,8,6263,普萊德,154870,201059,169133,-22.97,-8.43,1323419,1253813,5.55,-
tpex,2026,8,6264,富裔,2434,2478,1778,-1.77,36.89,57670,42129,36.88,收入較去年同月增加主係本年度子公司富永營造工程收入增加所致。
tpex,2026,8,6265,方土昶,519833,631916,91852,-17.73,465.94,3577701,458459,680.37,受市場需求成長影響
tpex,2026,8,6266,泰詠,332259,286509,300626,15.96,10.52,2168843,2216778,-2.16,-
twse,2026,8,6269,台郡,1997131,2045178,1970931,-2.34,1.32,14889375,14606355,1.93,-
tpex,2026,8,6270,倍微,314044,384610,210093,-18.34,49.47,2374270,2011300,18.04,-
twse,2026,8,6271,同欣電,1173962,1130269,953723,3.86,23.09,8276432,7752425,6.75,-
twse,2026,8,6272,驊陞,298226,309717,339326,-3.71,-12.11,2175013,2686371,-19.03,-
tpex,2026,8,6274,台燿,5914540,5908074,2544064,0.1,132.48,36178244,18363676,97.0,產品組合優化
tpex,2026,8,6275,元山,330662,344441,323050,-4.0,2.35,2855922,2825757,1.06,-
tpex,2026,8,6276,安鈦克,52247,53996,113065,-3.23,-53.79,505644,987202,-48.78,"因市場需求減少, 營收較去年同期減少。"
twse,2026,8,6277,宏正,474000,476641,404772,-0.55,17.1,3585958,3105266,15.47,-
twse,2026,8,6278,台表科,4628384,4667997,4174612,-0.84,10.86,35081965,33337605,5.23,-
tpex,2026,8,6279,胡連,974746,975942,750862,-0.12,29.81,6820642,5953559,14.56,-
twse,2026,8,6281,全國電,1696566,1930675,1641832,-12.12,3.33,13300804,13323488,-0.17,-
twse,2026,8,6282,康舒,3708827,3263384,2678369,13.64,38.47,25068161,19456057,28.84,-
twse,2026,8,6283,淳安,99632,156347,114111,-36.27,-12.68,1075878,1183223,-9.07,-
tpex,2026,8,6284,佳邦,653708,642365,658765,1.76,-0.76,4862819,5169430,-5.93,-
twse,2026,8,6285,啟碁,15703833,16912812,8666065,-7.14,81.21,101211112,73433615,37.82,客戶需求增加
tpex,2026,8,6290,良維,974831,902247,824829,8.04,18.18,7183215,6569739,9.33,-
tpex,2026,8,6291,沛亨,269712,244174,202146,10.45,33.42,1876583,1335656,40.49,-
tpex,2026,8,6292,迅德,110189,117700,84313,-6.38,30.69,822943,630189,30.58,-
tpex,2026,8,6294,智基,62231,77984,68163,-20.2,-8.7,610993,696244,-12.24,-
twse,2026,8,6405,悅城,11,0,135,,-91.85,259,642,-59.65,係本月出貨減少所致
twse,2026,8,6409,旭隼,1778833,2013975,1836914,-11.67,-3.16,13551808,14137442,-4.14,-
tpex,2026,8,6411,晶焱,227339,257812,219860,-11.81,3.4,1838777,1635778,12.4,-
twse,2026,8,6412,群電,2469056,2531200,3073466,-2.45,-19.66,21227617,23554814,-9.87,-
twse,2026,8,6414,樺漢,15486280,16400623,10825117,-5.57,43.05,117180186,90560341,29.39,-
twse,2026,8,6415,矽力*-KY,2416636,2356843,1584275,2.53,52.53,15629449,11747528,33.04,部份終端產品的需求增加，且本公司在產品佈局上更加完整，故營收較去年同期增幅較大。
twse,2026,8,6416,瑞祺電通,548128,451310,261836,21.45,109.34,3390333,2692401,25.92,因應上半年部分區域訂單物料遞延，公司於階段性齊料後迅速優化生產排程並加速出貨，帶動8月單月營收成長。
tpex,2026,8,6417,韋僑,170975,166748,127334,2.53,34.27,1271876,1037267,22.61,-
tpex,2026,8,6418,詠昇,93353,96879,62324,-3.63,49.78,626950,511175,22.64,-
tpex,2026,8,6419,京晨科,168661,171113,36217,-1.43,365.69,1008065,320432,214.59,美國子公司陸續接獲專案建置工程，致使營收增加
tpex,2026,8,6423,億而得,10457,77086,10324,-86.43,1.28,212722,177105,20.11,-
tpex,2026,8,6425,易發,159422,178759,82193,-10.81,93.96,1212388,776515,56.13,因應客戶產能建置，以致使我司營收相較去年同期增加。
twse,2026,8,6426,統新,73340,78293,41154,-6.32,78.2,513680,305194,68.31,市場需求漸回溫
twse,2026,8,6431,光麗-KY,41889,35744,14652,17.19,185.89,262471,231521,13.36,本年有新增子公司，故營業收入較去年同期增加。
tpex,2026,8,6432,今展科,81931,117203,92886,-30.09,-11.79,815114,753250,8.21,-
tpex,2026,8,6435,大中,339956,334509,270174,1.62,25.82,2573026,2250142,14.34,-
twse,2026,8,6438,迅得,611320,638075,529101,-4.19,15.53,4817848,4321025,11.49,-
tpex,2026,8,6441,廣錠,35611,10448,15120,240.84,135.52,107409,202509,-46.96,因子公司接獲專案，並按完工比列認列營收所致。
twse,2026,8,6442,光聖,1628177,1229355,645477,32.44,152.24,9244181,6482636,42.59,市場需求增加
twse,2026,8,6443,元晶,66546,67526,86406,-1.45,-22.98,807905,1266134,-36.19,-
twse,2026,8,6446,藥華藥,2617220,2507284,1274036,4.38,105.42,17101313,9435700,81.24,本月及本年累計營收較去年成長，主要來自認列子公司PharmaEssentia USA Corp.之營收。
twse,2026,8,6449,鈺邦,463542,505817,382565,-8.35,21.16,3467683,2800497,23.82,-
twse,2026,8,6451,訊芯-KY,691843,777120,461819,-10.97,49.8,5037594,4950221,1.76,主要係因去年本月大陸地區子公司客戶之新舊產品交替，本年度越南地區子公司需求穩定上升，致使差異較大
twse,2026,8,6456,GIS-KY,4210995,4081086,6014042,3.18,-29.98,34871690,45657425,-23.62,-
tpex,2026,8,6461,益得,5654,211,470,2579.62,1102.97,42312,96602,-56.19,"本月較去年同期增加，主要因經銷商備貨增加所致。本年較去年減少，主要因去年認列海思科完成合約之技術服務收入6,804萬所致。"
tpex,2026,8,6462,神盾,532337,796402,479160,-33.15,11.09,5243929,3244760,61.61,主係合併子公司營收陸續於本年度出貨
twse,2026,8,6464,台數科,343929,344675,354554,-0.21,-2.99,2833614,2905676,-2.48,-
tpex,2026,8,6465,威潤,33123,45076,14485,-26.51,128.67,233884,122604,90.76,本月因增加其他電子產品銷售、致本月較上期營收增加
tpex,2026,8,6469,大樹,1702411,1588849,1587627,7.14,7.22,12859902,12541540,2.53,-
tpex,2026,8,6470,宇智,117574,105206,171109,11.75,-31.28,788105,1429601,-44.87,-
twse,2026,8,6472,保瑞,2184612,1901563,1372085,14.88,59.21,13978788,13176432,6.08,"停業單位營收累計為4,850千元"
tpex,2026,8,6474,華豫寧,415477,497248,332044,-16.44,25.12,3086798,2584431,19.43,-
twse,2026,8,6477,安集,74252,63694,89783,16.57,-17.29,587474,541425,8.5,-
tpex,2026,8,6482,弘煜科,29583,31671,37518,-6.59,-21.14,250118,355556,-29.65,-
tpex,2026,8,6485,點序,124170,114625,102481,8.32,21.16,872382,935551,-6.75,-
tpex,2026,8,6486,互動,1491945,171320,161150,770.85,825.81,2699352,1168867,130.93,本月營收較去年同期增加50%以上，係因本月有大型專案認列收入，以致較去年同期增加。
tpex,2026,8,6488,環球晶,4764363,4977758,4427620,-4.28,7.6,38941229,40192332,-3.11,-
twse,2026,8,6491,晶碩,750382,745591,631216,0.64,18.87,5496145,4486520,22.5,-
tpex,2026,8,6492,生華科,80,80,83,0.0,-3.61,640,666,-3.9,-
tpex,2026,8,6494,九齊,129453,155174,94954,-16.57,36.33,1111997,757913,46.71,-
tpex,2026,8,6496,科懋,65774,87972,68485,-25.23,-3.95,604293,547860,10.3,-
tpex,2026,8,6498,久禾光,95760,110979,118602,-13.71,-19.25,930516,794350,17.14,-
tpex,2026,8,6499,益安,38071,42424,29395,-10.26,29.51,301395,266795,12.96,本月營收較去年同期增長，係因CDMO事業體業務成長所致
twse,2026,8,6504,南六,538854,518357,516340,3.95,4.36,4386807,4325348,1.42,-
twse,2026,8,6505,台塑化,81905673,74820787,54499634,9.46,50.28,501698826,429848829,16.71,本月營收較去年同期增加，主要係原油價格上漲帶動產品平均售價調漲所致。
tpex,2026,8,6506,雙邦,165214,170491,146079,-3.09,13.09,1452743,1294812,12.19,-
tpex,2026,8,6508,惠光,98032,84947,86329,15.4,13.55,1091402,1153236,-5.36,-
tpex,2026,8,6509,聚和,431828,462096,359808,-6.55,20.01,3610556,3364116,7.32,-
tpex,2026,8,6510,精測,638311,614606,413758,3.85,54.27,4249901,3191951,33.14,本月營收受惠於AI所帶動之高效能運算(HPC)訂單需求暢旺，整體訂單增長，致營收變動達50%以上。
tpex,2026,8,6512,啟發電,5584,3235,18076,72.61,-69.1,60203,132410,-54.53,本月營收較去年同期減少，主要係受產品世代轉換影響。O1stream系列新品已陸續進入量產及出貨階段，相關市場拓展工作持續進行。
twse,2026,8,6515,穎崴,1705663,1600351,511648,6.58,233.36,9809664,4957431,97.87,持續受惠於全球AI及HPC客戶需求強勁，高階測試座Coaxial Socket及 MEMS 探針卡出貨攀高，本月營收變動達50%以上
tpex,2026,8,6516,勤崴國際,48623,43828,42205,10.94,15.2,418226,335997,24.47,-
tpex,2026,8,6517,保勝光學,46855,56732,27547,-17.4,70.09,321244,320692,0.17,配合客戶交期出貨致產生差異
tpex,2026,8,6523,達爾膚,129346,82967,150485,55.9,-14.04,691531,812544,-14.89,-
twse,2026,8,6525,捷敏-KY,609229,614164,466728,-0.8,30.53,4231814,3533457,19.76,-
twse,2026,8,6526,達發,2339350,2288868,1854976,2.2,26.11,16372290,14548793,12.53,-
tpex,2026,8,6527,明達醫,63959,73105,65835,-12.51,-2.84,543150,605145,-10.24,-
tpex,2026,8,6530,創威,32210,32296,29102,-0.26,10.67,251257,215992,16.32,-
twse,2026,8,6531,愛普*,1030931,1103906,411017,-6.61,150.82,6599491,3155757,109.12,因市場需求相對增加所致
tpex,2026,8,6532,瑞耘,76657,87975,43998,-12.86,74.22,527626,458870,14.98,受惠於半導體產業增長，客戶訂單增加，帶動出貨量較去年同期提升
twse,2026,8,6533,晶心科,114014,120282,153503,-5.21,-25.72,1126919,802665,40.39,-
twse,2026,8,6534,正瀚-創,39892,62238,59881,-35.9,-33.38,1431059,1384735,3.34,-
tpex,2026,8,6535,順藥,9058,78,173,11512.82,5135.83,18747,18512,1.26,本月勞務收入較去年同期增加
tpex,2026,8,6538,倉和,167967,157252,107897,6.81,55.67,1022348,1021682,0.06,本月主產品太陽能網版銷貨量大幅提升所致
twse,2026,8,6541,泰福-KY,73181,53787,23596,36.05,210.14,480238,137158,250.13,CDMO業務主要採完工比例認列，依投入工時計算。
tpex,2026,8,6542,隆中,73388,76108,67389,-3.57,8.9,657411,555557,18.33,-
tpex,2026,8,6546,正基,198536,213809,171813,-7.14,15.55,1509502,1570973,-3.91,-
tpex,2026,8,6547,高端疫苗,236386,47371,45735,399.0,416.86,504736,361959,39.44,本期增加海外營收
tpex,2026,8,6548,長科*,1650483,1555599,1148903,6.09,43.65,11193013,8726558,28.26,-
twse,2026,8,6550,北極星藥業-KY,4496,-3571,1486,225.9,202.55,44970,21573,108.45,子公司之自有產品收入。兩期收入差異主要來自於前月分之簽約金退回。
twse,2026,8,6552,易華電,83012,89104,105536,-6.83,-21.34,749044,1042875,-28.17,-
tpex,2026,8,6556,勝品,114270,98934,127659,15.5,-10.48,969244,948892,2.14,-
twse,2026,8,6558,興能高,117600,63265,86496,85.88,35.96,698932,745611,-6.26,-
tpex,2026,8,6560,欣普羅,11103,15504,1978,-28.38,461.32,163495,99601,64.14,因主要客戶訂單逐漸回穩並陸續開始出貨。
tpex,2026,8,6561,是方,359802,359172,309173,0.17,16.37,2744930,2694228,1.88,-
tpex,2026,8,6568,宏觀,114689,105911,92228,8.28,24.35,879311,730833,20.31,-
tpex,2026,8,6569,醫揚,135289,54973,94477,146.1,43.19,996806,873056,14.17,-
tpex,2026,8,6570,維田,103840,106949,84698,-2.9,22.6,761147,596881,27.52,-
twse,2026,8,6573,虹揚-KY,63885,76139,54626,-16.09,16.94,520100,579411,-10.23,-
tpex,2026,8,6574,霈方,71449,68444,39086,4.39,82.79,554498,396659,39.79,本月較去年同期增加82.80%，主係美學健康通路業務持續成長，帶動相關服務及醫材銷售增加。
tpex,2026,8,6576,逸達,26724,30280,141760,-11.74,-81.14,318965,372720,-14.42,本月營收較去年同期少，係因前期認列新劑型新藥Camcevi授權開發里程金收入，本期並無所致。
tpex,2026,8,6577,勁豐,170789,192126,166155,-11.1,2.78,1416276,1369284,3.43,-
tpex,2026,8,6578,達邦蛋白,34005,37717,17230,-9.84,97.35,261297,201766,29.5,1.國內外客戶需求穩定、旺盛。2.新產品組合逐步提升高毛利品項出貨比重。3.因應未來訂單需求，規劃新廠，建置新產能
twse,2026,8,6579,研揚,984940,913921,778105,7.77,26.58,7126421,5551472,28.36,自115年5月起新增合併子公司AAEON Technology 株式会社。
twse,2026,8,6581,鋼聯,374152,90260,198822,314.52,88.18,1746518,1512947,15.43,今年8月銷貨數量較去年8月增加。
twse,2026,8,6582,申豐,47032,42498,44064,10.66,6.73,350270,658835,-46.83,本月增減百分比及本年增減百分比未達50％，不擬說明。
tpex,2026,8,6584,南俊國際,280097,280305,203464,-0.07,37.66,2273670,1515280,50.04,主係雲端CSP客戶的GB系列AI伺服器導軌持續出貨以及通用型伺服器導軌出貨增溫所致
twse,2026,8,6585,鼎基,281348,294717,250993,-4.53,12.09,2233065,1903117,17.33,-
tpex,2026,8,6588,東典光電,31318,30934,10836,1.24,189.01,246009,104580,135.23,光通與網通需求回升帶動營收回穩
twse,2026,8,6589,台康生技,163669,211799,72450,-22.72,125.9,996214,559568,78.03,本月及本年營收較去年同期增加主係CDMO業務成長及自有產品之授權金逐步認列所致。
tpex,2026,8,6590,普鴻,63252,60313,52326,4.87,20.88,494029,439293,12.46,-
twse,2026,8,6591,動力-KY,82234,80249,152765,2.47,-46.16,706650,1213118,-41.74,-
twse,2026,8,6592,和潤企業,1872507,1901386,1951495,-1.51,-4.04,15337994,15997829,-4.12,-
tpex,2026,8,6593,台灣銘板,43672,32256,21026,35.39,107.7,316807,284931,11.18,訂單成長
tpex,2026,8,6596,寬宏藝術,231395,94502,873452,144.85,-73.5,1648366,2459323,-32.97,本期展演節目較去年同期少
tpex,2026,8,6597,立誠,62044,61066,66371,1.6,-6.51,430258,498519,-13.69,-
twse,2026,8,6598,ABC-KY,60941,45954,37160,32.61,63.99,534657,314013,70.26,本年度累積營收增長，主係市場開發成果與客戶需求提升，致使出貨增加。
tpex,2026,8,6603,富強鑫,412012,443027,466589,-7.0,-11.69,3109389,3065106,1.44,-
twse,2026,8,6605,帝寶,1782033,1728233,1389484,3.11,28.25,13152125,12758696,3.08,-
twse,2026,8,6606,建德工業,94969,90532,61303,4.9,54.91,670306,526277,27.36,本公司及子公司本月營收較去年同月營收皆增加
tpex,2026,8,6609,瀧澤科,236882,239426,123079,-1.06,92.46,1631205,1513138,7.8,市場需求增加所致。
tpex,2026,8,6612,奈米醫材,142827,108192,98021,32.01,45.71,897295,748854,19.82,-
tpex,2026,8,6613,朋億*,1690642,1292507,589449,30.8,186.81,9111592,5568748,63.62,營收增加主係半導體廠擴廠暢旺
twse,2026,8,6614,資拓宏宇,425782,426845,334537,-0.24,27.27,3342048,2599305,28.57,-
tpex,2026,8,6615,慧智,30372,33668,31131,-9.78,-2.43,254146,260006,-2.25,-
tpex,2026,8,6616,特昇-KY,78609,67331,80324,16.75,-2.13,539290,681616,-20.88,-
tpex,2026,8,6617,共信-KY,4648,4587,4310,1.32,7.84,31028,23489,32.09,自2018年度起依據國際會計準則公報15號規定認列收入
tpex,2026,8,6620,漢達,66695,69658,332141,-4.25,-79.91,559992,1341191,-58.24,營收差異主要係114年4月及8月認列Phyrago授權相關收入所致
tpex,2026,8,6624,萬年清,17611,9011,32446,95.43,-45.72,215155,312442,-31.13,-
twse,2026,8,6625,必應,377461,375941,430669,0.4,-12.35,2902136,2519052,15.2,-
tpex,2026,8,6629,泰金-KY,200259,240320,138839,-16.66,44.23,1793478,966655,85.53,新系列產品訂單成長
tpex,2026,8,6637,醫影,43329,50379,42943,-13.99,0.89,614228,867634,-29.2,-
tpex,2026,8,6640,均華,467768,688933,394121,-32.1,18.68,2808542,1749795,60.5,配合客戶出貨
twse,2026,8,6641,基士德-KY,161138,168213,137406,-4.2,17.27,1272870,1127837,12.85,-
tpex,2026,8,6642,富致,65228,71671,42954,-8.98,51.85,458177,364495,25.7,雖大陸地區客戶受預期漲價影響之備貨潮較前月降低，唯仍持續中。且去年同期相對基期較低所以YOY成長幅度較大。
tpex,2026,8,6643,M31,176341,165627,101885,6.46,73.07,1158566,1113315,4.06,去年同期基期較低所致。
twse,2026,8,6645,金萬林-創,69639,63149,54841,10.27,26.98,411167,331144,24.16,-
tpex,2026,8,6649,台生材,14423,12387,21476,16.43,-32.84,90151,140661,-35.9,-
tpex,2026,8,6651,全宇昕,182425,186686,112375,-2.28,62.33,1232046,1031331,19.46,主要係因市場需求較去年同期成長所致。
tpex,2026,8,6654,天正國際,100199,90547,10561,10.65,848.76,518405,203472,154.77,主係因為客戶需求增加及新設備出貨所致
twse,2026,8,6655,科定,287879,306978,221130,-6.22,30.18,2102374,1643813,27.89,-
twse,2026,8,6657,華安,803,614,317,30.78,153.31,4660,4087,14.02,主係試劑銷售及勞務收入皆成長
twse,2026,8,6658,聯策,207618,198794,101748,4.43,104.05,1730558,1394330,24.11,配合客戶訂單時程交貨，故本月營收較去年本月上升。
tpex,2026,8,6661,威健生技,32264,33161,46927,-2.7,-31.24,256401,248374,3.23,-
tpex,2026,8,6662,樂斯科,26671,23780,20079,12.15,32.83,175978,172399,2.07,-
tpex,2026,8,6664,群翊,275299,274733,208126,0.2,32.27,1930789,1626114,18.73,-
twse,2026,8,6666,羅麗芬-KY,80589,94649,69540,-14.85,15.88,842646,749989,12.35,-
tpex,2026,8,6667,信紘科,801683,452041,474204,77.34,69.05,4472842,4046714,10.53,本月營收較去年同期增加超過50%以上，主係產品組合及依案件進度認列所致。
twse,2026,8,6668,中揚光,97342,107699,98428,-9.61,-1.1,790466,702655,12.49,-
twse,2026,8,6669,緯穎,144311808,117685530,95978718,22.62,50.35,816657663,571906228,42.79,主要係客戶需求強勁
twse,2026,8,6670,復盛應用,2676459,2365928,1845631,13.12,45.01,21585489,18788844,14.88,-
twse,2026,8,6671,三能-KY,141846,150410,160108,-5.69,-11.4,1111671,1271367,-12.56,-
twse,2026,8,6672,騰輝電子-KY,805877,665315,345507,21.12,133.24,4330906,2819582,53.6,產品組合優化及漲價效應
twse,2026,8,6674,鋐寶科技,19922,49214,36525,-59.51,-45.45,286200,401233,-28.66,-
tpex,2026,8,6679,鈺太,161250,174571,160742,-7.63,0.31,1420131,1333787,6.47,-
tpex,2026,8,6680,鑫創電子,61505,37284,41667,64.96,47.61,392196,318122,23.28,-
tpex,2026,8,6683,雍智科技,233323,230193,185567,1.35,25.73,1779761,1370970,29.81,-
tpex,2026,8,6684,安格,25453,27024,24647,-5.81,3.27,210265,210403,-0.06,-
twse,2026,8,6689,伊雲谷,1187205,1333176,987047,-10.94,20.27,8642564,8333418,3.7,-
tpex,2026,8,6690,安碁資訊,219817,210914,203144,4.22,8.2,1715011,1510881,13.51,-
twse,2026,8,6691,洋基工程,5287292,4763774,1685471,10.98,213.69,28162429,13232777,112.82,本月營收較去年同期增加213.70%，主要係因本月正在投入進行的專案較去年同期增加所致。
tpex,2026,8,6692,進能服,82064,106566,85846,-22.99,-4.4,555048,1139497,-51.29,本年累計營收較去年同期減少51.29%，主要係工程收入較去年同期減少所致。
tpex,2026,8,6693,廣閎科,251209,242458,117280,3.6,114.19,1660782,869362,91.03,終端需求增加及新品導入量產
twse,2026,8,6695,芯鼎,85386,101641,90841,-15.99,-6.0,694172,752525,-7.75,-
tpex,2026,8,6697,東捷資訊,110355,117396,95284,-5.99,15.81,939707,928018,1.25,-
twse,2026,8,6698,旭暉應材,68519,69224,118927,-1.01,-42.38,464985,680497,-31.66,-
tpex,2026,8,6703,軒郁,271208,264207,266333,2.64,1.83,2251314,1976753,13.88,-
twse,2026,8,6706,惠特,77628,66265,35201,17.14,120.52,481351,740389,-34.98,公司轉型尚處客戶驗證及導入階段，未大量出貨，致本年累計營收低於去年同期；惟隨部分產品逐步出貨，本月營收較去年同月成長。
tpex,2026,8,6708,天擎,30790,30518,22354,0.89,37.73,195867,197699,-0.92,-
tpex,2026,8,6712,長聖,109644,99247,90537,10.47,21.1,669100,571550,17.06,-
twse,2026,8,6715,嘉基,164842,154589,77384,6.63,113.01,1244388,1128787,10.24,因去年同期營收受產品轉換期及市場需求疲弱等因素之影響
tpex,2026,8,6716,應廣,174028,169513,82185,2.66,111.75,1172866,705418,66.26,基期低及下游客戶備貨增加
twse,2026,8,6719,力智,353609,304063,420800,16.29,-15.96,2758458,2986727,-7.64,-
tpex,2026,8,6720,久昌,32507,32091,25904,1.29,25.49,257344,313095,-17.8,-
tpex,2026,8,6721,信實,268996,273850,304639,-1.77,-11.7,2378696,2377578,0.04,-
twse,2026,8,6722,輝創,396269,378669,390142,4.64,1.57,3188061,3393806,-6.06,-
tpex,2026,8,6725,矽科宏晟,335609,355094,383065,-5.48,-12.38,2574682,2487219,3.51,-
tpex,2026,8,6727,亞泰金屬,161759,194214,138790,-16.71,16.54,1548309,959545,61.35,當月認列台數較多
tpex,2026,8,6728,上洋,451794,419284,329066,7.75,37.29,3346610,3060315,9.35,-
tpex,2026,8,6730,常廣,43549,45431,42022,-4.14,3.63,331002,322928,2.5,-
tpex,2026,8,6732,昇佳電子,304802,302819,335561,0.65,-9.16,2645424,3082741,-14.18,-
tpex,2026,8,6733,博晟生醫,19279,19715,17635,-2.21,9.32,153365,142316,7.76,係銷售醫療器材及抗生素之收入。
tpex,2026,8,6735,美達科技,19488,19084,23431,2.11,-16.82,238007,182094,30.7,-
tpex,2026,8,6739,竹陞科技,148185,138046,75325,7.34,96.72,930214,472038,97.06,因客戶產線升級需求
tpex,2026,8,6741,91APP*-KY,180645,184496,138505,-2.08,30.42,1464397,1108238,32.13,-
twse,2026,8,6742,澤米,31645,30742,33985,2.93,-6.88,243303,401339,-39.37,-
twse,2026,8,6743,安普新,717916,791712,637148,-9.32,12.67,3947812,3583619,10.16,-
tpex,2026,8,6751,智聯服務,141542,145638,112642,-2.81,25.65,1139865,1324869,-13.96,-
tpex,2026,8,6752,叡揚,175011,177870,157103,-1.6,11.39,1340829,1268966,5.66,-
twse,2026,8,6753,龍德造船,509671,519142,363686,-1.82,40.14,3877938,3088666,25.55,-
twse,2026,8,6754,匯僑設計,332065,312441,360116,6.28,-7.78,2038894,2421035,-15.78,-
twse,2026,8,6756,威鋒電子,189130,177234,96034,6.71,96.94,1314475,1014678,29.54,本期出貨量增加。
twse,2026,8,6757,台灣虎航,1787712,1770079,1465181,0.99,22.01,13882655,11310416,22.74,-
tpex,2026,8,6761,穩得,185205,203826,153419,-9.13,20.71,1370217,1397684,-1.96,-
tpex,2026,8,6762,達亞,81462,80869,60131,0.73,35.47,505098,480255,5.17,-
tpex,2026,8,6763,綠界科技*,156361,157597,136072,-0.78,14.91,1248733,1104261,13.08,-
tpex,2026,8,6767,台微醫,28440,25852,29075,10.01,-2.18,220853,224075,-1.43,-
twse,2026,8,6768,志強-KY,1199166,1451831,1122141,-17.4,6.86,13437043,13764637,-2.37,-
twse,2026,8,6770,力積電,7008845,6668883,3977940,5.09,76.19,44540374,30282795,47.08,主係客戶需求上升，銷售量增加，銷售價格調漲。
twse,2026,8,6771,平和環保-創,50932,52005,49409,-2.06,3.08,380644,427876,-11.03,-
twse,2026,8,6776,展碁國際,3246279,3484758,2293803,-6.84,41.52,25603653,18765407,36.44,-
twse,2026,8,6781,AES-KY,1750881,1723107,1382568,1.61,26.63,12811891,10136828,26.38,-
twse,2026,8,6782,視陽,489730,465679,298520,5.16,64.05,3451203,2718483,26.95,主因客戶需求成長，使營收較去年同期增加逾50%。
tpex,2026,8,6785,昱展新藥,0,0,0,,,1500,1253,19.71,無
tpex,2026,8,6788,華景電,244716,287236,203284,-14.8,20.38,1959085,1653413,18.48,-
twse,2026,8,6789,采鈺,918686,914690,778595,0.43,17.99,6623907,5905983,12.15,無
twse,2026,8,6790,永豐實,840811,841005,876781,-0.02,-4.1,7038506,7213753,-2.42,-
tpex,2026,8,6791,虎門科技,69968,72894,68199,-4.01,2.59,543448,500211,8.64,-
twse,2026,8,6792,詠業,130904,134601,113440,-2.74,15.39,982411,914483,7.42,-
twse,2026,8,6794,向榮生技,1540,2425,883,-36.49,74.4,14838,22385,-33.71,本期營業收入較去年同期增加，主係勞務收入增加所致。
twse,2026,8,6796,晉弘,61075,86523,49023,-29.41,24.58,456492,385322,18.47,-
twse,2026,8,6799,來頡,83650,88603,82130,-5.59,1.85,676149,650931,3.87,-
tpex,2026,8,6803,崑鼎,849741,857407,914335,-0.89,-7.06,6417217,6431742,-0.22,-
tpex,2026,8,6804,明係,120413,130618,123810,-7.81,-2.74,1035240,983900,5.21,-
twse,2026,8,6805,富世達,1528275,1360035,1183461,12.37,29.13,10811903,7217165,49.8,-
twse,2026,8,6807,峰源-KY,340849,380974,313324,-10.53,8.78,2441736,2795735,-12.66,-
tpex,2026,8,6811,宏碁資訊,1170269,1122017,660751,4.3,77.11,8216083,6528345,25.85,營收成長主要受惠於既有客戶訂單金額增加及子公司新增專案訂單
tpex,2026,8,6821,聯寶,33337,48875,48762,-31.79,-31.63,366726,408422,-10.2,-
tpex,2026,8,6823,濾能,45101,43103,65129,4.63,-30.75,399070,392794,1.59,-
tpex,2026,8,6829,千附精密,271758,201265,173626,35.02,56.51,1644392,1155959,42.25,客戶需求增加
twse,2026,8,6830,汎銓,254051,240751,192532,5.52,31.95,1708683,1392910,22.67,-
twse,2026,8,6831,邁科,512355,553187,396860,-7.38,29.1,2966693,2426379,22.26,-
twse,2026,8,6834,天二科技,255202,242978,119084,5.03,114.3,1501675,983018,52.76,主係市場終端需求增加
twse,2026,8,6835,圓裕,167667,213810,183107,-21.58,-8.43,1555605,1665612,-6.6,-
twse,2026,8,6838,台新藥,0,0,0,,,48448,5358,804.21,本月未認列收入
tpex,2026,8,6840,東研信超,84499,90739,76261,-6.87,10.8,664441,590233,12.57,-
tpex,2026,8,6841,長佳智能,39962,29853,21483,33.86,86.01,237285,209730,13.13,新增專案營收增加
tpex,2026,8,6843,進典,60035,63574,72734,-5.56,-17.45,494678,519444,-4.76,-
tpex,2026,8,6844,諾貝兒,331966,307947,331287,7.79,0.2,2516615,2543874,-1.07,115/7/1取得合躍60%股權，屬共同控制下組織重整，視為自始取得，故重編去年比較期單月及累計營收數。
tpex,2026,8,6846,綠茵,63790,62153,71905,2.63,-11.28,519793,587864,-11.57,-
twse,2026,8,6854,錼創科技-KY創,58834,56856,112369,3.47,-47.64,402613,723451,-44.34,-
tpex,2026,8,6855,數泓科,62622,73290,38032,-14.55,64.65,447132,434944,2.8,客戶需求增加
tpex,2026,8,6856,鑫傳,60597,53968,59934,12.28,1.1,462456,462640,-0.03,-
tpex,2026,8,6859,伯特光,52972,54812,59160,-3.35,-10.45,432226,694517,-37.76,-
twse,2026,8,6861,睿生光電,283520,290806,185946,-2.5,52.47,2122394,1451544,46.21,客戶需求增加及產品組合變化
twse,2026,8,6862,三集瑞-KY,173128,192079,171504,-9.86,0.94,1276852,1581143,-19.24,-
twse,2026,8,6863,永道-KY,440322,566039,246125,-22.2,78.9,3688726,2575986,43.19,本月較去年同期成長78.90%，係去年同期收入受對等關稅影響。
tpex,2026,8,6865,偉康科技,13532,16705,31151,-18.99,-56.55,145792,291630,-50.0,主係受營運轉型規劃影響，降低一次性勞務收入占比，致本期營業收入及累計營業收入較去年同期減少。
twse,2026,8,6869,雲豹能源,525956,580791,322425,-9.44,63.12,4604688,4652116,-1.01,本月營收增加，主要係因承包工程案件依進度認列工程收入及發售電業務成長所致。
tpex,2026,8,6870,騰雲,95070,90325,70875,5.25,34.13,661028,455529,45.11,-
tpex,2026,8,6872,浩宇生醫,852,795,2458,7.16,-65.33,23152,7796,196.97,本月係勞務收入減少；本年主係銷售醫療器材之收入增加所致
twse,2026,8,6873,泓德能源,462577,267181,639970,73.13,-27.71,3888531,4288141,-9.31,-
tpex,2026,8,6874,倍力,106962,117427,37865,-8.91,182.48,1571391,1013712,55.01,客戶需求調整
tpex,2026,8,6875,國邑*,3,248,0,-98.79,,2043,19673,-89.61,本年累計營業收入較去年同期減少，主要係營收發生時點不同所致。另自115年7月起新增子公司之銷售收入。
tpex,2026,8,6877,鏵友益,55149,55977,22962,-1.47,140.17,213947,308685,-30.69,係因出貨量增加所致
tpex,2026,8,6881,潤德,180059,162570,213375,10.75,-15.61,1525538,1608393,-5.15,-
tpex,2026,8,6884,海柏特,184914,174463,91899,5.99,101.21,1041600,750968,38.7,115年8月份營收較去年同期增長，主係拓展海外市場所致。
twse,2026,8,6885,全福生技,1103,839,429,31.46,157.1,8731,2507,248.26,諮詢服務收入、含子公司營業收入
twse,2026,8,6887,寶綠特-KY,277211,297141,294841,-6.7,-5.97,2943058,2961912,-0.63,-
twse,2026,8,6890,來億-KY,2717659,3086835,2635107,-11.95,3.13,23705553,26494310,-10.52,-
tpex,2026,8,6894,衛司特,196773,199018,117242,-1.12,67.83,1502099,900699,66.77,因應客戶訂單需求，電解設備與耗材之銷售增加，且本年度納入新事業體，營運範疇擴大，以上使本月及本年累計營收較去年同期成長。
tpex,2026,8,6895,宏碩系統,55279,51183,91387,8.0,-39.51,314504,468665,-32.89,-
tpex,2026,8,6899,創為精密,87035,95952,102297,-9.29,-14.91,739311,764926,-3.34,-
twse,2026,8,6901,鑽石投資,1376,-926908,11225,100.14,-87.74,2203782,-1049973,309.88,營業收入為股利收入及投資標的之評價損益(含已實現及未實現)，投資標的股數及公允價值變動情形，請參考本公司網站投資人專區。
twse,2026,8,6902,GOGOLOOK,111984,109746,86443,2.03,29.54,834554,650956,28.2,-
tpex,2026,8,6903,巨漢,624329,600396,280344,3.98,122.7,5229428,1579390,231.1,本月營收較去年同期增加50%以上，主係目前進行中之專案本月進入施工高峰期所致
tpex,2026,8,6904,伯鑫,77105,86741,80563,-11.1,-4.29,639897,613422,4.31,-
twse,2026,8,6906,現觀科,26312,23473,26001,12.09,1.19,199707,194758,2.54,-
tpex,2026,8,6907,雅特力-KY,366266,402798,122613,-9.06,198.71,2385294,1107797,115.31,終端市場需求成長帶動營收大幅增加
twse,2026,8,6908,宏碁遊戲-創,357210,410451,409452,-12.97,-12.75,3117752,3281099,-4.97,-
twse,2026,8,6909,創控,60579,30496,46834,98.64,29.34,294344,298461,-1.37,-
tpex,2026,8,6910,德鴻,29471,26682,33656,10.45,-12.43,243104,238106,2.09,-
tpex,2026,8,6913,鴻呈,304574,372741,243585,-18.28,25.03,2291800,1692689,35.39,無
twse,2026,8,6914,阜爾運通,533329,507344,498295,5.12,7.03,3975601,3658190,8.67,-
twse,2026,8,6916,華凌,243089,253725,158923,-4.19,52.96,1638022,1347364,21.57,客戶需求增加，導致銷貨成長。
twse,2026,8,6918,愛派司,76593,86029,68984,-10.96,11.03,624947,550872,13.44,-
twse,2026,8,6919,康霈*,0,0,5577,,-100.0,3568,25627,-86.07,本公司新藥仍在研發階段，目前營收來源為健康食品銷售，僅於出貨予代理商之月份認列營收，因並非每月固定出貨致使營收變動。
twse,2026,8,6921,嘉雨思-創,12215,11028,8406,10.76,45.31,68279,131969,-48.26,-
tpex,2026,8,6922,宸曜,266107,283197,167389,-6.03,58.97,1684911,1154527,45.93,本月較去年同期增加，主要係因出貨量增加所致。
twse,2026,8,6923,中台,118302,109179,99303,8.35,19.13,899018,766839,17.23,-
twse,2026,8,6924,榮惠-KY創,242632,185160,131160,31.03,84.98,1414784,1145686,23.48,客戶需求增加，故營收上升
tpex,2026,8,6925,意藍,16174,16158,16920,0.09,-4.4,130773,127045,2.93,-
twse,2026,8,6928,攸泰科技,107319,182096,195121,-41.06,-44.99,1231121,1496245,-17.71,-
tpex,2026,8,6929,佑全,275351,270039,269882,1.96,2.02,2144887,2151099,-0.28,-
twse,2026,8,6931,青松健康,112065,112392,94171,-0.29,19.0,854831,724898,17.92,-
twse,2026,8,6933,AMAX-KY,1356656,1439432,465789,-5.75,191.25,7283141,4804692,51.58,本期營收受惠於核心產品市場需求持續成長，相關業務穩健推進，帶動整體營運規模擴大，並逐步展現AI基礎設施市場布局成效
twse,2026,8,6934,心誠鎂,41,48,49,-14.58,-16.32,19902,13987,42.28,-
twse,2026,8,6936,永鴻生技,113809,145565,121353,-21.81,-6.21,1003455,918341,9.26,-
twse,2026,8,6937,天虹,265278,207467,118804,27.86,123.29,1773609,1220677,45.29,銷售產品組合差異所致
twse,2026,8,6944,兆聯實業,1985567,1799012,1447070,10.36,37.21,13571902,9609852,41.22,-
tpex,2026,8,6945,圓祥生技,0,0,0,,,0,0,,本月無收入
twse,2026,8,6947,台鎔科技,163733,180365,110596,-9.22,48.04,1197012,731309,63.68,因子公司營收增長所致。
twse,2026,8,6949,沛爾生醫*-創,6496,2520,2454,157.77,164.71,24334,23352,4.2,本月較去年同期增加係因增加研究收入。
twse,2026,8,6951,青新-創,80618,83163,78641,-3.06,2.51,605297,506745,19.44,-
twse,2026,8,6952,大武山,218630,202940,186711,7.73,17.09,1561900,1209957,29.08,-
tpex,2026,8,6953,家碩,153613,169370,112408,-9.3,36.65,957581,826228,15.89,-
twse,2026,8,6955,邦睿生技-創,30724,26370,25309,16.51,21.39,233809,197860,18.16,-
twse,2026,8,6957,裕慶-KY,244936,221321,355759,10.67,-31.15,2577339,2375392,8.5,-
twse,2026,8,6958,日盛台駿,821737,841128,860316,-2.3,-4.48,6758266,7434619,-9.09,-
tpex,2026,8,6961,旅天下,401289,435626,371374,-7.88,8.05,3082253,2947546,4.57,-
twse,2026,8,6962,奕力-KY,1913683,1930875,1785854,-0.89,7.15,12565170,12591701,-0.21,-
twse,2026,8,6965,中傑-KY,1887952,1869153,1843391,1.0,2.41,14205463,14984296,-5.19,-
tpex,2026,8,6967,汎瑋材料,133664,151304,132178,-11.65,1.12,1105330,898762,22.98,-
tpex,2026,8,6968,萬達寵物,306098,296119,277130,3.36,10.45,2435010,2105854,15.63,-
twse,2026,8,6969,成信實業*-創,22540,22733,27181,-0.84,-17.07,190586,202728,-5.98,-
tpex,2026,8,6971,惠民實業,209150,168463,192296,24.15,8.76,1366025,1498748,-8.85,-
tpex,2026,8,6982,大井泵浦,108582,140493,121560,-22.71,-10.67,1264737,1076665,17.46,-
tpex,2026,8,6983,華洋精機,30843,25367,28789,21.58,7.13,174865,159865,9.38,-
tpex,2026,8,6986,和迅,21419,15310,20431,39.9,4.83,203121,186304,9.02,-
twse,2026,8,6988,威力暘-創,53939,54107,60693,-0.31,-11.12,467903,538846,-13.16,-
twse,2026,8,6994,富威電力,155740,208877,206969,-25.43,-24.75,1785028,1189898,50.01,依進度認列工程收入及訂單增加所致
tpex,2026,8,6996,力領科技,238613,255402,223199,-6.57,6.9,2075573,1655732,25.35,-
tpex,2026,8,6997,博弘,473839,503748,377616,-5.93,25.48,3678305,2820892,30.39,-
tpex,2026,8,7402,邑錡,51239,49518,44351,3.47,15.53,326926,360061,-9.2,-
tpex,2026,8,7547,碩網,33565,37659,34338,-10.87,-2.25,266564,209041,27.51,-
tpex,2026,8,7556,意德士科技,77981,73025,53885,6.78,44.71,579128,501928,15.38,-
tpex,2026,8,7584,樂意,106113,97648,81957,8.66,29.47,682073,689213,-1.03,-
twse,2026,8,7610,聯友金屬-創,1134242,970895,119064,16.82,852.63,5034475,758754,563.51,8月單月及累積合併營收較去年同期分別增加853%及564%，主要在於鎢製品出貨量及出貨價格較去年同期增加所致。
twse,2026,8,7631,聚賢研發-創,158117,166857,68018,-5.23,132.46,1224723,561374,118.16,本月營收較去年同期成長，主要受惠於新加坡訂單挹注。
tpex,2026,8,7642,昶瑞機電,62623,74487,67136,-15.92,-6.72,450889,612570,-26.39,-
twse,2026,8,7689,大鵬科CLMX,431722,520159,413926,-17.0,4.29,3908227,2943764,32.76,-
tpex,2026,8,7703,銳澤,368630,313709,201155,17.5,83.25,1992746,1557891,27.91,本月營收較去年同期增加50%以上，主係產品組合及依案件進度認列所致。
tpex,2026,8,7704,明遠精密,62543,60912,54952,2.67,13.81,492598,449759,9.52,-
twse,2026,8,7705,三商餐飲,627104,554451,581177,13.1,7.9,4449086,4308191,3.27,-
tpex,2026,8,7708,全家餐飲,279720,261095,251159,7.13,11.37,2009136,1794188,11.98,-
tpex,2026,8,7709,榮田,49061,67271,41267,-27.06,18.88,595855,560404,6.32,-
twse,2026,8,7711,永擎,2154323,5143796,2119208,-58.11,1.65,23009713,14326734,60.6,顧客需求強勁
tpex,2026,8,7712,博盛半導體,171154,168173,110068,1.77,55.49,1097165,896152,22.43,終端需求升溫
tpex,2026,8,7713,威力德生醫,116170,119973,101187,-3.16,14.8,854209,714320,19.58,-
tpex,2026,8,7714,創泓科技,203888,215366,177124,-5.32,15.11,1448821,1146176,26.4,-
tpex,2026,8,7715,裕山,31778,68150,75523,-53.37,-57.92,535131,933987,-42.7,"因高廠西區已接近完工，較去年同期合併營收減少約25,000仟元。"
tpex,2026,8,7716,昱臺國際,224061,212894,167178,5.24,34.02,1439316,1381907,4.15,-
tpex,2026,8,7717,萊德光電-KY,122627,109057,65860,12.44,86.19,821364,619075,32.67,市場需求增加
tpex,2026,8,7718,友鋮,214196,220147,200307,-2.7,6.93,1690157,1604501,5.33,-
twse,2026,8,7721,微程式,54852,62569,37163,-12.33,47.59,445797,322616,38.18,-
twse,2026,8,7722,LINEPAY,756241,724749,695998,4.34,8.65,5708195,5014984,13.82,-
tpex,2026,8,7723,築間,355613,318976,445140,11.48,-20.11,2743892,3388410,-19.02,-
tpex,2026,8,7728,光焱科技,31078,30565,13095,1.67,137.32,269405,196938,36.79,半導體檢測產品需求持續成長，配合矽光子設備與客戶整體系統共同驗收時程，各月份營收認列時點有所差異，並不影響專案推動進度。
twse,2026,8,7730,暉盛-創,51542,34916,19254,47.61,167.69,277482,299151,-7.24,客戶訂單增加
twse,2026,8,7732,金興精密,87711,56615,84054,54.92,4.35,677464,801277,-15.45,-
tpex,2026,8,7734,印能科技,255659,409159,258946,-37.51,-1.26,2454462,1608362,52.6,主要係因市場需求較去年同期成長所致。
twse,2026,8,7736,虎山,119243,96399,145160,23.69,-17.85,937798,1133882,-17.29,-
tpex,2026,8,7738,東聯互動,63930,54992,55456,16.25,15.28,425181,372512,14.13,-
twse,2026,8,7740,熙特爾-創,574227,924253,59221,-37.87,869.63,8772563,568188,1443.95,本月及本年營收較去年同期營收增加，主要係因依專案進度認列收入所致。
tpex,2026,8,7743,金利食安,58260,59716,69822,-2.43,-16.55,482662,456647,5.69,-
tpex,2026,8,7744,崴寶,449941,460037,241344,-2.19,86.43,2907230,1530267,89.98,主係客戶訂單增加及產品組合變化所致。
tpex,2026,8,7747,昕奇雲端,144754,153172,122019,-5.49,18.63,1171971,1049812,11.63,-
twse,2026,8,7749,意騰-KY,198991,208120,123984,-4.38,60.49,1492139,930997,60.27,市場需求增加
twse,2026,8,7750,新代,2436613,2869712,970501,-15.09,151.06,18430986,9155198,101.31,開發客戶及穩固市場關係策略，成效逐步顯現。
tpex,2026,8,7751,竑騰,241920,241946,171183,-0.01,41.32,1833507,1136131,61.38,本公司為設備業，每月營收高低起伏屬常態，主要係今年同期客戶驗收機台較多所致。
tpex,2026,8,7753,星亞,69634,60955,92031,14.23,-24.33,548032,600012,-8.66,-
tpex,2026,8,7757,金色三麥,217508,189362,226756,14.86,-4.07,1548783,1509328,2.61,-
twse,2026,8,7760,享溫馨,98644,84782,104232,16.35,-5.36,840957,894239,-5.95,-
twse,2026,8,7765,中華資安,146576,210487,141828,-30.36,3.34,1538826,1313317,17.17,-
tpex,2026,8,7767,仁大資訊,285903,322536,192789,-11.35,48.29,2249429,1509382,49.02,-
twse,2026,8,7768,頌勝科技,187491,181782,176278,3.14,6.36,1498844,1372086,9.23,-
twse,2026,8,7769,鴻勁,5218962,5245898,2724112,-0.51,91.58,34983826,18133459,92.92,主要係因市場需求較去年同期成長所致。
tpex,2026,8,7770,君曜,25214,22806,45998,10.55,-45.18,171418,337657,-49.23,-
tpex,2026,8,7772,耀穎,39167,29001,25400,35.05,54.2,258308,275156,-6.12,消費型電子需求增加
tpex,2026,8,7777,能率亞洲,-51703,-61900,59178,16.47,-187.36,65265,92491,-29.43,營業收入為投資標的之評價損益(含已實現及未實現)，投資標的的股數及公允價值變動情形，請參考本公司網站投資人專區/財務資訊。
twse,2026,8,7780,大研生醫*,203124,197244,147044,2.98,38.13,1480553,1086039,36.32,-
tpex,2026,8,7782,光速火箭,67103,59597,63040,12.59,6.44,479489,459347,4.38,-
twse,2026,8,7786,東方風能,1562812,1502904,1439391,3.98,8.57,9132529,7025013,30.0,-
twse,2026,8,7788,松川精密,872043,986396,524040,-11.59,66.4,5975262,4252350,40.51,主要客戶訂單增加致營收成長。
twse,2026,8,7791,皇家可口,268378,265715,287953,1.0,-6.79,1694224,1830837,-7.46,-
tpex,2026,8,7792,安葆,678719,617274,404682,9.95,67.71,4472038,3679177,21.54,本月增減達百分比50%以上，係因本月投入進行的專案較去年同期增加所致。
tpex,2026,8,7794,宏碁智新,167741,135765,82720,23.55,102.78,903400,631042,43.16,主係印度子公司收入大幅增加所致。
twse,2026,8,7795,長廣,359809,183826,170124,95.73,111.49,1433833,1149183,24.76,115年8月份認列營收之設備機台數量與金額較114年同期增加所致。
twse,2026,8,7799,禾榮科,334,0,884,,-62.21,3723,4012,-7.2,使用硼中子捕獲治療(BNCT)之恩慈治療照射費及藥品收入
twse,2026,8,7803,雲象科技-創,7043,1359,63850,418.24,-88.96,40436,115276,-64.92,"去年同期有專案驗收完成,故認列收入。"
tpex,2026,8,7805,威聯通,553328,584171,463992,-5.27,19.25,4587228,4074582,12.58,-
tpex,2026,8,7810,捷創科技,77273,83863,35155,-7.85,119.8,579288,323311,79.17,本月營收及本年累計營收較去年同期增加50%以上之原因，主要係各產品線銷售較去年同期成長所致。
tpex,2026,8,7811,民盛,222909,264948,228529,-15.86,-2.45,1891206,1984947,-4.72,-
tpex,2026,8,7814,海昌生技,7149,13686,6344,-47.76,12.68,69072,47334,45.92,主係客戶需求增加所致
twse,2026,8,7818,溢泰實業,1054334,1099845,945264,-4.13,11.53,7942806,8522811,-6.8,-
tpex,2026,8,7819,精誠金融,24166,24702,33194,-2.16,-27.19,240148,366489,-34.47,-
tpex,2026,8,7820,立盈,33168,33772,27415,-1.78,20.98,272526,188982,44.2,-
twse,2026,8,7821,神數,757582,1051004,614678,-27.91,23.24,6603609,5268722,25.33,-
twse,2026,8,7822,倍利科,301952,273081,172919,10.57,74.62,1994321,1081519,84.39,本月認列設備營收較前期多
twse,2026,8,7823,奧義賽博-KY創,28208,30332,27656,-7.0,1.99,237008,221122,7.18,-
tpex,2026,8,7825,和亞智慧,20507,20112,35292,1.96,-41.89,180556,258894,-30.25,-
twse,2026,8,7827,漢康-KY創,0,18120,0,-100.0,,27662,0,,本月無營收
tpex,2026,8,7828,創新服務,157044,129614,53757,21.16,192.13,798121,244669,226.2,"本月及累計營收成長顯著,主係終端需求強勁帶動設備出貨量提升。目前訂單能見度良好,後續將依時程持續交付,營運動能維持成長趨勢"
twse,2026,8,7835,永悅健康-創,24707,26539,33639,-6.9,-26.55,258721,258539,0.07,-
tpex,2026,8,7839,達人網,15869,15539,14714,2.12,7.84,121150,115733,4.68,-
tpex,2026,8,7842,天能綠電,320022,318783,186556,0.38,71.54,2314417,1448449,59.78,本月及本年累計營收增加，主要係因售電業務成長所致。
twse,2026,8,7855,和運租車,2576461,2702766,2541810,-4.67,1.36,20677982,19637196,5.3,-
twse,2026,8,8011,台通,138482,127460,155746,8.64,-11.08,1100780,1367222,-19.48,-
twse,2026,8,8016,矽創,1908016,2035657,1542554,-6.27,23.69,15524279,12036906,28.97,-
twse,2026,8,8021,尖點,770701,730488,389729,5.5,97.75,4666784,2650511,76.07,本月增減百分比或本年增減百分比達50%以上：主要係市場需求增加所致。
tpex,2026,8,8024,佑華,18617,16239,11291,14.64,64.88,139710,110452,26.48,本月營收較去年同期增加，主係客戶需求增加。
tpex,2026,8,8027,鈦昇,152884,189408,111357,-19.28,37.29,1351686,917305,47.35,-
twse,2026,8,8028,昇陽半導體,505365,514661,402469,-1.8,25.56,3750337,2905853,29.06,-
tpex,2026,8,8032,光菱,435297,487964,303072,-10.79,43.62,3400535,2317173,46.75,註：本月(年)新台幣(累計)營業收入淨額=本月(年)功能性貨幣(累計)營業收入淨額x本月(年累計)換算匯率
twse,2026,8,8033,雷虎,176140,118213,100677,49.0,74.95,1122171,980463,14.45,配合美國重要國防客戶訂單時程交貨，故本月營收較去年同期上升。
tpex,2026,8,8034,榮群,83363,22804,84204,265.56,-0.99,229696,358056,-35.84,-
tpex,2026,8,8038,長園科,41171,48859,69617,-15.73,-40.86,435325,341668,27.41,無
twse,2026,8,8039,台虹,806704,847235,936162,-4.78,-13.82,6765532,6827367,-0.9,自結數尚未經會計師簽證，特此說明。
tpex,2026,8,8040,九暘,86725,83887,56271,3.38,54.12,602690,447061,34.81,營收較去年同期成長逾50%，主係訂單增加所致。
tpex,2026,8,8042,金山電,482033,436935,347406,10.32,38.75,3290370,2413094,36.35,-
tpex,2026,8,8043,蜜望實,621856,762588,402551,-18.45,54.47,5050721,3141966,60.75,"客戶需求增加,致使銷貨收入增加"
tpex,2026,8,8044,網家,3044442,2973775,2735121,2.37,11.3,24971445,22971196,8.7,-
twse,2026,8,8045,達運光電,132509,138605,107371,-4.39,23.41,1192072,892448,33.57,產品品項增換
twse,2026,8,8046,南電,5352700,5439751,3807312,-1.6,40.59,35545167,25468942,39.56,-
tpex,2026,8,8047,星雲,85439,87002,25746,-1.79,231.85,432334,286892,50.69,主係新增合併個體-天良
tpex,2026,8,8048,德勝,102593,123568,87581,-16.97,17.14,869718,641073,35.66,-
tpex,2026,8,8049,晶采,125884,109720,106426,14.73,18.28,882161,860716,2.49,-
tpex,2026,8,8050,廣積,693351,515336,356520,34.54,94.47,4544896,3864015,17.62,廣積客戶出貨增加去年增加所致
tpex,2026,8,8054,安國,683183,633047,265367,7.91,157.44,4205482,1595931,163.51,主係訂單陸續於本月出貨所致。
tpex,2026,8,8059,凱碩,659239,891953,1228441,-26.09,-46.33,6411046,3731426,71.81,新增子公司合併營收
tpex,2026,8,8064,東捷,145707,143680,257873,1.41,-43.49,1517010,1530969,-0.91,-
tpex,2026,8,8066,來思達,410129,360345,367072,13.81,11.72,2802499,3002870,-6.67,-
tpex,2026,8,8067,志旭,8239,6751,9174,22.04,-10.19,60350,74085,-18.53,-
tpex,2026,8,8068,全達,105034,112884,59429,-6.95,76.73,910187,510265,78.37,新增子公司營收
tpex,2026,8,8069,元太,3446142,2876431,3336337,19.8,3.29,25172156,25917590,-2.87,-
twse,2026,8,8070,長華*,2232762,2232043,1622992,0.03,37.57,16016414,12544225,27.67,-
tpex,2026,8,8071,能率網通,207763,220002,161564,-5.56,28.59,1573845,1299482,21.11,-
twse,2026,8,8072,陞泰,113421,110590,99035,2.55,14.52,966819,794309,21.71,-
tpex,2026,8,8074,鉅橡,136193,140180,118679,-2.84,14.75,1060119,866759,22.3,-
tpex,2026,8,8076,伍豐,232539,253776,103590,-8.36,124.48,1835851,1184050,55.04,國外彩票機專案出貨
tpex,2026,8,8077,洛碁,83667,81297,86079,2.91,-2.8,702572,685776,2.44,-
tpex,2026,8,8080,泰霖,10570,6093,15176,73.47,-30.35,62833,142585,-55.93,減少土方工程營收
twse,2026,8,8081,致新,804526,838544,727643,-4.05,10.56,5992016,5895887,1.63,-
tpex,2026,8,8083,瑞穎,110464,132076,104909,-16.36,5.29,1009835,988794,2.12,-
tpex,2026,8,8084,巨虹,87780,64916,35809,35.22,145.13,434896,381225,14.07,本月記憶體產品訂單需求持續升溫，帶動相關產品出貨增加
tpex,2026,8,8085,福華,43758,52868,50172,-17.23,-12.78,416843,423504,-1.57,-
tpex,2026,8,8086,宏捷科,421572,418583,374538,0.71,12.55,3360912,2474283,35.83,-
tpex,2026,8,8087,麗升能源,28629,27557,26195,3.89,9.29,541914,166918,224.65,本年累計營收較去年同期增加，主要係因本度EPC工程案件依進度認列收入所致。
tpex,2026,8,8088,品安,230574,216457,133329,6.52,72.93,1323264,886847,49.2,係因DRAM IC 報價上漲所致
tpex,2026,8,8089,康全電訊,58933,23607,34927,149.64,68.73,291932,639355,-54.33,配合客戶出貨時程
tpex,2026,8,8091,翔名,304207,333375,177359,-8.74,71.52,2178911,1380717,57.81,主係客戶需求增加。
tpex,2026,8,8092,建暐,30702,36423,40340,-15.7,-23.89,210482,235644,-10.67,-
tpex,2026,8,8093,保銳,22589,23222,10779,-2.72,109.56,174078,117001,48.78,大陸內陸銷售增加所致
tpex,2026,8,8096,擎亞,7264099,10407626,1965621,-30.2,269.55,45161685,24998502,80.65,因伺服器記憶體出貨量增加，致使營收較去年同期成長
tpex,2026,8,8097,常珵,10547,16263,3648,-35.14,189.11,185108,212550,-12.91,客戶依銷售情形調整訂單
tpex,2026,8,8099,大世科,721010,387394,982294,86.11,-26.59,3633796,3174298,14.47,-
twse,2026,8,8101,華冠,25872,46216,65246,-44.01,-60.34,259130,284370,-8.87,去年本月營收較高
tpex,2026,8,8102,傑霖科技,35243,44085,32135,-20.05,9.67,304100,295860,2.78,-
twse,2026,8,8103,瀚荃,403097,395463,265900,1.93,51.59,2806114,2149423,30.55,主要係因客戶整體訂單需求增加，致使本月營收較前一年呈現顯著成長。
twse,2026,8,8104,錸寶,262750,315340,227124,-16.67,15.68,1843957,2808603,-34.34,-
twse,2026,8,8105,凌巨,707124,709302,789452,-0.3,-10.42,5643602,5702093,-1.02,-
tpex,2026,8,8107,大億金茂,56266,60099,74875,-6.37,-24.85,460519,676230,-31.89,-
tpex,2026,8,8109,博大,227249,211593,145565,7.39,56.11,1463093,1119416,30.7,全球客戶出貨需求強勁，各領域產品皆呈現穩定成長
twse,2026,8,8110,華東,798331,687852,639439,16.06,24.84,5399297,4673136,15.53,-
tpex,2026,8,8111,立碁,67774,60729,74316,11.6,-8.8,529461,563868,-6.1,-
twse,2026,8,8112,至上,40741046,76873576,15987240,-47.0,154.83,378389981,136396413,177.41,營收大幅成長，主要係記憶體等零組件價格持續上漲，伺服器及手機客戶拉貨動能強勁所致。
twse,2026,8,8114,振樺電,1542429,1967455,1111647,-21.6,38.75,12231675,14256039,-14.2,-
tpex,2026,8,8121,越峰,305960,313384,243295,-2.36,25.75,2364144,1928058,22.61,-
twse,2026,8,8131,福懋科,1135080,1087504,878214,4.37,29.24,8324452,6054227,37.49,-
tpex,2026,8,8147,正淩,229772,188823,117241,21.68,95.98,1401698,1086606,28.99,主要受惠AI應用需求成長，致使營業收入較去年同期增加
twse,2026,8,8150,南茂,2785705,2823014,2090343,-1.32,33.26,19927443,15324461,30.03,-
tpex,2026,8,8155,博智,560984,557144,415122,0.68,35.13,4248048,3133051,35.58,-
twse,2026,8,8162,微矽電子-創,126321,126131,120011,0.15,5.25,869325,879191,-1.12,-
twse,2026,8,8163,達方,2319492,2529227,2086248,-8.29,11.18,18390578,16649504,10.45,-
tpex,2026,8,8171,天宇,79895,80034,11727,-0.17,581.29,395442,173367,128.09,本月及本年累計營收較去年同期增加主要係太陽能及儲能工程收入增加所致
tpex,2026,8,8176,智捷,25399,34151,6652,-25.62,281.82,225918,249809,-9.56,係去年同期受訂單遞延與配合客戶調整其出貨頻率之影響，使得營收今年較去年同期增加。
tpex,2026,8,8182,加高,262918,262364,231269,0.21,13.68,1929455,1846416,4.49,-
tpex,2026,8,8183,精星,918759,855049,588702,7.45,56.06,5841187,4413343,32.35,"8月合併營收9.19億,較7月增7.45%,與去年8月比增56.07%,係因新能源車用產品需求成長所致。"
twse,2026,8,8201,無敵,30334,34200,25314,-11.3,19.83,300529,299132,0.46,-
twse,2026,8,8210,勤誠,2456984,2462300,1748197,-0.21,40.54,19847616,13084899,51.68,終端客戶所需產品大量出貨
twse,2026,8,8213,志超,2100473,2189059,1555360,-4.04,35.04,14438646,12310434,17.28,-
twse,2026,8,8215,明基材,1598251,1663844,1523905,-3.94,4.87,12753919,12017627,6.12,-
twse,2026,8,8222,寶一,62107,91446,75261,-32.08,-17.47,635560,644493,-1.38,-
tpex,2026,8,8227,巨有科技,149751,131133,105274,14.19,42.24,1263485,729609,73.17,主要係本期量產收入增加所致。
tpex,2026,8,8234,新漢,612237,751899,413798,-18.57,47.95,4187426,3978068,5.26,-
tpex,2026,8,8240,華宏,527855,570992,603889,-7.55,-12.59,4351193,4844276,-10.17,-
twse,2026,8,8249,菱光,271912,345531,282703,-21.3,-3.81,2603127,2477026,5.09,-
tpex,2026,8,8255,朋程,643041,666048,614720,-3.45,4.6,5377834,5552579,-3.14,-
twse,2026,8,8261,富鼎,285265,292761,294102,-2.56,-3.0,2236345,2093727,6.81,-
twse,2026,8,8271,宇瞻,2789279,2791191,1006580,-0.06,177.1,22298804,6821461,226.89,本月營收較去年同期增加係因市場價格大幅上漲所致
tpex,2026,8,8272,全景軟體,33944,27364,37149,24.04,-8.62,261685,266739,-1.89,-
tpex,2026,8,8277,商丞,11734,10629,14450,10.39,-18.79,78754,185099,-57.45,前端客戶需求減少
tpex,2026,8,8279,生展,178706,178054,177697,0.36,0.56,1366834,1438192,-4.96,-
tpex,2026,8,8284,三竹,297833,296382,244655,0.48,21.73,2156586,1898728,13.58,-
tpex,2026,8,8289,泰藝,214038,217251,128053,-1.47,67.14,1385028,1172037,18.17,客戶需求增加，致本月營收較去年同期增加達50%以上
tpex,2026,8,8291,尚茂,209,271,756,-22.87,-72.35,3030,1695,78.76,2026 年 8 月營收較去年同期減少，主係訂單減少所致。
tpex,2026,8,8299,群聯,28275661,27161687,5933811,4.1,376.51,164292557,43350155,278.98,係總出貨量及均價增加
twse,2026,8,8341,日友,386314,373255,371556,3.49,3.97,2971722,2568896,15.68,-
tpex,2026,8,8342,益張,144290,141198,136693,2.18,5.55,1104477,1062421,3.95,-
tpex,2026,8,8349,恒耀國際,997885,1004144,890262,-0.62,12.08,7888467,7397632,6.63,-
tpex,2026,8,8354,冠好,47154,55095,50721,-14.41,-7.03,443786,425860,4.2,-
tpex,2026,8,8358,金居,1056242,1008644,661352,4.71,59.7,7401876,5041339,46.82,"本月營收較去年同期增加,係需求增加及優化產品組合所致"
twse,2026,8,8367,建新國際,269268,316908,283477,-15.03,-5.01,2204598,2135971,3.21,無
twse,2026,8,8374,羅昇,476925,516799,352221,-7.71,35.4,4001221,2893952,38.26,-
tpex,2026,8,8383,千附,511579,496334,294688,3.07,73.6,3422140,2132512,60.47,本月營業收入較去年同期增加73.60%，主要係精密零組件收入及工程收入增加
tpex,2026,8,8390,金益鼎,488730,547848,327043,-10.79,49.43,4386268,3046230,43.99,-
tpex,2026,8,8401,白紗科,131268,130194,133802,0.82,-1.89,1031410,994304,3.73,-
tpex,2026,8,8403,盛弘,397936,412183,366437,-3.45,8.59,3072583,2863303,7.3,-
twse,2026,8,8404,百和興業-KY,698707,718355,724820,-2.73,-3.6,5223842,5039983,3.64,-
tpex,2026,8,8409,商之器,20966,15026,15065,39.53,39.17,123348,91238,35.19,-
tpex,2026,8,8410,森田,57841,81756,97916,-29.25,-40.92,572502,765049,-25.16,-
twse,2026,8,8411,福貞-KY,1192222,981754,837174,21.43,42.41,7362461,5952371,23.68,-
tpex,2026,8,8415,大國鋼,2601881,2666400,1883875,-2.41,38.11,19341692,15674278,23.39,-
tpex,2026,8,8416,實威,177223,137452,140666,28.93,25.98,1158947,1022294,13.36,-
tpex,2026,8,8421,旭源,121465,119474,96786,1.66,25.49,907813,775984,16.98,-
twse,2026,8,8422,可寧衛*,700892,572858,340487,22.35,105.84,4658454,3428246,35.88,營收增加係南區焚化爐BOT案依IFRIC12會計處理，每月按工程進度認列成本，同步依成本金額認列工程收入，未產生毛利。
tpex,2026,8,8423,保綠-KY,36114,35438,30876,1.9,16.96,284299,252283,12.69,-
tpex,2026,8,8424,惠普,88801,84895,82609,4.6,7.49,721117,728066,-0.95,-
tpex,2026,8,8426,紅木-KY,198309,273465,280399,-27.48,-29.27,1561194,1638490,-4.71,-
twse,2026,8,8429,金麗-KY,11908,12759,11090,-6.66,7.37,90093,94688,-4.85,主係因中國市場消費動能放緩，致使代理商提貨策略轉趨保守，本期累計營業收入較去年同期有所減少。
tpex,2026,8,8431,匯鑽科,87357,81846,100884,6.73,-13.4,624166,695396,-10.24,-
tpex,2026,8,8432,東生華,124789,106976,95346,16.65,30.88,848270,736281,15.21,-
tpex,2026,8,8433,弘帆,291364,330833,302231,-11.93,-3.59,2376218,2152882,10.37,-
tpex,2026,8,8435,鉅邁,55612,63165,51354,-11.95,8.29,444518,398904,11.43,-
tpex,2026,8,8436,大江,545596,513329,534650,6.28,2.04,4413086,4502415,-1.98,-
tpex,2026,8,8437,大地-KY,15642,18595,11122,-15.88,40.64,131968,138205,-4.51,-
twse,2026,8,8438,昶昕,482910,474642,334231,1.74,44.48,3449378,2452838,40.62,-
tpex,2026,8,8440,綠電,92816,98519,81515,-5.78,13.86,637290,645755,-1.31,-
twse,2026,8,8442,威宏-KY,815007,855073,595119,-4.68,36.94,5999096,5313313,12.9,-
twse,2026,8,8443,阿瘦,85703,74291,100339,15.36,-14.58,680142,745867,-8.81,-
tpex,2026,8,8444,綠河-KY,109022,94396,262724,15.49,-58.5,1012774,2467546,-58.95,由於去年平均售價偏低，為避免損失擴大，公司採取選擇性接單，使銷售量下降，但平均售價因此有所提升，待售價穩定將增加銷售量。
tpex,2026,8,8446,華研,146623,85752,86637,70.98,69.23,849299,680594,24.78,主要係本月演藝經紀收入較去年同期增加所致
tpex,2026,8,8450,霹靂,14076,13944,20800,0.94,-32.32,209522,152162,37.69,-
twse,2026,8,8454,富邦媒,9149783,8554761,8488043,6.95,7.79,71390760,69053869,3.38,-
tpex,2026,8,8455,大拓-KY,100725,108143,81742,-6.85,23.22,841042,776740,8.27,-
twse,2026,8,8462,柏文,622404,625939,533121,-0.56,16.74,4650059,3891550,19.49,-
twse,2026,8,8463,潤泰材,594449,573267,604165,3.69,-1.6,4585200,4758090,-3.63,-
twse,2026,8,8464,億豐,2815597,3004077,2390939,-6.27,17.76,21052585,19950912,5.52,-
twse,2026,8,8466,美吉吉-KY,214111,235598,243486,-9.12,-12.06,1741955,2263359,-23.03,-
twse,2026,8,8467,波力-KY,196630,293859,269274,-33.08,-26.97,1616775,1802161,-10.28,-
tpex,2026,8,8472,納維康,55646,48131,25145,15.61,121.3,352519,291726,20.83,商品銷貨增加，故本月銷貨收入增加
twse,2026,8,8473,山林水,358372,441261,341371,-18.78,4.98,3170209,2774418,14.26,-
twse,2026,8,8476,台境*,5846,3007,103072,94.41,-94.32,672928,818242,-17.75,去年同期工案進入密集施工期，故認列較高之工程收入。
tpex,2026,8,8477,創業家,24510,27126,25474,-9.64,-3.78,273033,312083,-12.51,-
twse,2026,8,8478,東哥遊艇,535312,382395,643413,39.98,-16.8,3495784,3540233,-1.25,主係認列遊艇銷貨收入增減所致
twse,2026,8,8481,政伸,111921,112653,106033,-0.64,5.55,810297,786314,3.05,-
twse,2026,8,8482,商億-KY,237573,301311,334775,-21.15,-29.03,2320432,2287908,1.42,-
twse,2026,8,8487,愛爾達-創,93137,272891,88782,-65.87,4.9,1222272,714981,70.95,年營收年增率70.95%，主係今年轉播世界棒球經典賽及FIFA世界盃足球賽所致。
twse,2026,8,8488,吉源-KY,385646,316874,308563,21.7,24.98,2803662,1876642,49.39,-
tpex,2026,8,8489,三貝德,167552,163735,126398,2.33,32.55,1299487,864535,50.31,"主要係114年10月取得弋果文化股權。該公司及其子公司本月營收為49,544千元，併入本期營收後，與去年同期比較成長達32.56%。"
twse,2026,8,8499,鼎炫-KY,372324,376778,194686,-1.18,91.24,2678320,1386070,93.23,較去年同期增加比率大於50%係因於2025年9月收購蘇州德佑新材料科技有限公司所致
tpex,2026,8,8905,裕國,204525,196152,183247,4.26,11.61,1507888,1324039,13.88,-
tpex,2026,8,8906,花王,17305,16012,17905,8.07,-3.35,134045,135535,-1.09,-
tpex,2026,8,8908,欣雄,1024179,883594,823086,15.91,24.43,7169566,7049803,1.69,-
tpex,2026,8,8916,光隆,842764,902934,591662,-6.66,42.44,5467266,5557759,-1.62,-
tpex,2026,8,8917,欣泰,259568,237385,234726,9.34,10.58,2041709,2099716,-2.76,-
tpex,2026,8,8921,沈氏,54956,58467,49922,-6.0,10.08,420438,393075,6.96,-
tpex,2026,8,8923,時報,30927,33306,24329,-7.14,27.11,300037,291161,3.04,-
tpex,2026,8,8924,大田,293119,261459,485769,12.1,-39.65,2570640,2794049,-7.99,-
twse,2026,8,8926,台汽電,7034538,6147340,515871,14.43,1263.62,47670123,5154504,824.82,本月及累計合併營業收入較去年同期增加，主要係自115年起因將森霸、星電、星元納入為子公司，故併入合併營收計算。
tpex,2026,8,8927,北基,921391,838011,762906,9.94,20.77,9396422,6590665,42.57,-
tpex,2026,8,8928,鉅明,141919,304158,181415,-53.34,-21.77,1816627,2103383,-13.63,-
tpex,2026,8,8929,富堡,53177,49890,54846,6.58,-3.04,455410,460926,-1.19,-
tpex,2026,8,8930,青鋼,106959,112315,118291,-4.76,-9.57,928220,970576,-4.36,-
tpex,2026,8,8931,大汽電,313813,304339,227140,3.11,38.15,1922582,1688726,13.84,-
tpex,2026,8,8932,智通*,206275,192123,182933,7.36,12.75,1689473,1508838,11.97,-
tpex,2026,8,8933,愛地雅,276545,307950,145122,-10.19,90.56,1755690,1769059,-0.75,客戶訂單增加。
tpex,2026,8,8935,邦泰,35871,31609,43578,13.48,-17.68,315265,359944,-12.41,-
tpex,2026,8,8936,國統,556411,534947,495270,4.01,12.34,4409358,3764401,17.13,-
tpex,2026,8,8937,合騏*,77680,7783,5168,898.07,1403.09,488985,48964,898.66,合併子公司營利挹注營收
tpex,2026,8,8938,明安,1015880,1093307,862351,-7.08,17.8,9396739,9691386,-3.04,-
twse,2026,8,8940,新天地,66286,77744,68874,-14.73,-3.75,1069924,1046159,2.27,-
tpex,2026,8,8941,關中,256427,247963,251381,3.41,2.0,2066306,1964316,5.19,-
tpex,2026,8,8942,森鉅,296719,290660,201004,2.08,47.61,1931194,3012265,-35.88,-
twse,2026,8,8996,高力,1203933,922666,565664,30.48,112.83,7854802,3652861,115.03,"說明:本年累計營收較去年同期增加115.03%,主要係板式熱交換器及熱能產品年度營收分別較去年同期增加18.73%及158.14%所致。"
twse,2026,8,9105,泰金寶-DR,11805184,13956638,8303657,-15.41,42.16,88722925,80247373,10.56,-
twse,2026,8,912000,晨訊科-DR,123881,72381,76038,71.15,62.91,964712,1004081,-3.92,由於二零二六年八月份平均單價較高，本集團二零二六年八月份的主營業務收入比二零二五年八月份的大幅上升。
twse,2026,8,9802,鈺齊-KY,1694201,2144170,1252096,-20.98,35.3,12771482,11790516,8.31,-
twse,2026,8,9902,台火,2187,2188,11881,-0.04,-81.59,47148,127314,-62.96,本期及累計營業收入較去年同期減少，主要係去年同期有較大額投標車輛出售所致。
twse,2026,8,9904,寶成,20621794,19563446,19766827,5.4,4.32,166274809,169263139,-1.76,-
twse,2026,8,9905,大華,1057769,1114568,767444,-5.09,37.83,7231795,5666298,27.62,-
twse,2026,8,9906,欣巴巴,60709,54944,139028,10.49,-56.33,1252270,404630,209.48,本月營收與去年同期之差異，主係本月成屋仍持續入帳。
twse,2026,8,9907,統一實,3489458,3747356,3879444,-6.88,-10.05,28411451,31929748,-11.01,-
twse,2026,8,9908,大台北,268281,263638,255890,1.76,4.84,2322334,2300251,0.96,-
twse,2026,8,9910,豐泰,7370345,7394317,7582135,-0.32,-2.79,54379285,56025697,-2.93,合併營業收入為本公司自結數.
twse,2026,8,9911,櫻花,868810,910863,813584,-4.61,6.78,7276268,6815048,6.76,-
twse,2026,8,9912,偉聯,36061,37718,36931,-4.39,-2.35,309735,315333,-1.77,-
twse,2026,8,9914,美利達,1958658,2456589,2470390,-20.26,-20.71,16769796,19537471,-14.16,-
twse,2026,8,9917,中保科,1635841,1617699,1566876,1.12,4.4,12794359,12496648,2.38,-
twse,2026,8,9918,欣天然,152105,137888,131693,10.31,15.49,1459388,1467037,-0.52,-
twse,2026,8,9919,康那香,226170,223463,201634,1.21,12.16,1766397,1773146,-0.38,-
twse,2026,8,9921,巨大,5185838,5758164,5024537,-9.93,3.21,40131429,42744581,-6.11,-
twse,2026,8,9924,福興,623420,758783,598273,-17.83,4.2,4725257,5052008,-6.46,-
twse,2026,8,9925,新保,724802,687064,680145,5.49,6.56,5594090,5342480,4.7,-
twse,2026,8,9926,新海,179837,182030,178720,-1.2,0.62,1682714,1696548,-0.81,-
twse,2026,8,9927,泰銘,789942,997907,628970,-20.84,25.59,6536291,5306918,23.16,-
twse,2026,8,9928,中視,63907,72219,66165,-11.5,-3.41,565378,534445,5.78,-
twse,2026,8,9929,秋雨,66794,67778,51707,-1.45,29.17,471300,422746,11.48,-
twse,2026,8,9930,中聯資源,1150595,1197342,1085138,-3.9,6.03,9016975,9298754,-3.03,-
twse,2026,8,9931,欣高,138867,155550,117818,-10.72,17.86,1151306,1052139,9.42,-
twse,2026,8,9933,中鼎,6996004,6501128,6647166,7.61,5.24,51217125,59643642,-14.12,-
twse,2026,8,9934,成霖,1191015,1483960,1402083,-19.74,-15.05,12183509,11503072,5.91,-
twse,2026,8,9935,慶豐富,433318,474552,454592,-8.68,-4.67,3465417,3256917,6.4,-
twse,2026,8,9937,全國,2013456,2063843,1916937,-2.44,5.03,15817255,15145850,4.43,-
twse,2026,8,9938,百和,1440671,1477652,1487931,-2.5,-3.17,10760613,10601547,1.5,-
twse,2026,8,9939,宏全,2842874,2797806,2654813,1.61,7.08,21124567,20451849,3.28,-
twse,2026,8,9940,信義,963986,869527,763599,10.86,26.24,7769394,5991890,29.66,-
twse,2026,8,9941,裕融,3323255,3438274,3262321,-3.34,1.86,26291138,26637926,-1.3,-
twse,2026,8,9942,茂順,378507,392871,333095,-3.65,13.63,3060964,2672670,14.52,-
twse,2026,8,9943,好樂迪,190552,193656,202187,-1.6,-5.75,1557710,1644111,-5.25,-
twse,2026,8,9944,新麗,175295,194329,159865,-9.79,9.65,1762205,1598260,10.25,-
twse,2026,8,9945,潤泰新,3463476,3321019,2509912,4.28,37.99,29292550,21793789,34.4,-
twse,2026,8,9946,三發地產,67586,44893,23693,50.54,185.25,2757689,89706,2974.14,本月及累月營收較去年同期增加，係因本月預售建案完工交屋入帳所致。
tpex,2026,8,9949,琉園,13038,9338,11329,39.62,15.08,93284,86463,7.88,-
tpex,2026,8,9950,萬國通,209987,161965,176348,29.64,19.07,1413806,1526645,-7.39,-
tpex,2026,8,9951,皇田,479604,536321,496274,-10.57,-3.35,4266595,4042115,5.55,-
twse,2026,8,9955,佳龍,191008,110805,128509,72.38,48.63,1149614,940860,22.18,-
twse,2026,8,9958,世紀鋼,1804740,1931466,944542,-6.56,91.07,13917458,9836250,41.49,本月增加百分比50%以上，主要係風力事業案依進度如期交貨及相關工程收入挹注所致。
tpex,2026,8,9960,邁達康,47721,46662,52571,2.26,-9.22,449283,426287,5.39,-
tpex,2026,8,9962,有益,161658,187849,120581,-13.94,34.06,1253249,1375086,-8.86,-
twse,2026,8,合計,合計,11929065,14029019,8379695,-14.96,42.35,89687637,81251454,10.38,
tpex,2026,8,合計,合計,16318314,16660742,15595429,-2.05,4.63,127823902,117175783,9.08,
twse,2026,8,總計,總計,5708271695,5453875016,3709375320,4.66,53.88,39382277757,28771709138,36.87,
tpex,2026,8,總計,總計,364427093,354051926,247503014,2.93,47.24,2551386653,1955646784,30.46,
