market,date,code,name,closing_price,pe_ratio,dividend_yield,dividend_year,pb_ratio,financial_report_period,trading_status
TPEx,2026-10-02,1240,茂生農經,54.0,10.04,0.93,114.0,1.59,115Q2,traded
TPEx,2026-10-02,1259,安心,68.0,19.21,1.76,114.0,0.79,115Q2,traded
TPEx,2026-10-02,1264,德麥,245.0,11.56,6.12,114.0,2.56,115Q2,traded
TPEx,2026-10-02,1268,漢來美食,177.5,13.47,4.51,114.0,3.12,115Q2,traded
TPEx,2026-10-02,1294,漢田生技,49.75,10.19,10.05,114.0,1.84,115Q2,traded
TPEx,2026-10-02,1295,生合,48.7,11.82,6.16,114.0,1.28,115Q2,traded
TPEx,2026-10-02,1336,台翰,18.05,24.07,1.44,114.0,0.74,115Q2,traded
TPEx,2026-10-02,1565,精華,97.2,12.1,5.97,114.0,0.76,115Q2,traded
TPEx,2026-10-02,1569,濱川,66.5,,0.0,114.0,3.23,115Q2,traded
TPEx,2026-10-02,1570,力肯,32.9,47.68,3.04,114.0,1.63,115Q2,traded
TPEx,2026-10-02,1580,新麥,97.2,8.47,8.74,114.0,1.54,115Q2,traded
TPEx,2026-10-02,1584,精剛,18.6,32.07,1.39,114.0,0.9,115Q2,traded
TPEx,2026-10-02,1586,和勤,17.9,48.38,0.0,114.0,0.9,115Q2,traded
TPEx,2026-10-02,1591,駿吉-KY,41.25,,0.0,114.0,3.5,115Q2,traded
TPEx,2026-10-02,1593,祺驊,31.7,8.07,6.31,114.0,0.92,115Q2,traded
TPEx,2026-10-02,1595,川寶,79.3,,0.59,114.0,1.63,115Q2,traded
TPEx,2026-10-02,1599,宏佳騰,23.2,,2.16,114.0,0.9,115Q2,traded
TPEx,2026-10-02,1742,台蠟,17.5,,0.0,114.0,1.27,115Q2,traded
TPEx,2026-10-02,1777,生泰,74.4,10.01,5.38,114.0,1.29,115Q2,traded
TPEx,2026-10-02,1780,立弘,25.35,15.27,4.93,114.0,1.82,115Q2,traded
TPEx,2026-10-02,1781,合世,9.99,,0.0,114.0,1.56,115Q2,traded
TPEx,2026-10-02,1784,訊聯,60.5,56.02,1.46,114.0,2.46,115Q2,traded
TPEx,2026-10-02,1785,光洋科,102.5,15.32,1.95,114.0,3.77,115Q2,traded
TPEx,2026-10-02,1788,杏昌,128.0,14.55,5.47,114.0,1.93,115Q2,traded
TPEx,2026-10-02,1796,金穎生技,29.9,72.93,2.34,114.0,1.58,115Q2,traded
TPEx,2026-10-02,1799,易威,29.0,,0.0,114.0,5.1,115Q2,traded
TPEx,2026-10-02,1813,寶利徠,11.25,48.91,0.0,114.0,0.76,115Q2,traded
TPEx,2026-10-02,1815,富喬,121.0,35.07,0.83,114.0,5.17,115Q2,traded
TPEx,2026-10-02,2035,唐榮,26.7,,0.0,114.0,3.79,115Q2,traded
TPEx,2026-10-02,2061,風青,67.8,60.0,0.0,114.0,5.73,115Q2,traded
TPEx,2026-10-02,2063,世鎧,23.65,12.92,6.34,114.0,1.18,115Q2,traded
TPEx,2026-10-02,2064,晉椿,12.0,600.0,0.0,114.0,0.9,115Q2,traded
TPEx,2026-10-02,2065,世豐,35.65,9.36,4.21,114.0,1.25,115Q2,traded
TPEx,2026-10-02,2066,世德,52.5,14.38,4.1,114.0,1.08,115Q2,traded
TPEx,2026-10-02,2067,嘉鋼,4.89,,0.0,114.0,1.15,115Q2,traded
TPEx,2026-10-02,2070,精湛,63.1,22.95,2.38,114.0,2.23,115Q2,traded
TPEx,2026-10-02,2073,雄順,25.6,,1.17,114.0,1.79,115Q2,traded
TPEx,2026-10-02,2221,大甲,188.0,62.05,0.8,114.0,7.34,115Q2,traded
TPEx,2026-10-02,2230,泰茂,22.2,,2.74,114.0,1.4,115Q2,traded
TPEx,2026-10-02,2235,謚源,28.1,20.66,5.34,114.0,0.84,115Q2,traded
TPEx,2026-10-02,2596,綠意,34.8,12.75,4.31,114.0,1.61,115Q2,traded
TPEx,2026-10-02,2640,大車隊,156.5,16.44,5.11,114.0,4.63,115Q2,traded
TPEx,2026-10-02,2641,正德,17.45,7.55,2.87,114.0,0.68,115Q2,traded
TPEx,2026-10-02,2643,捷迅,62.0,8.64,7.26,114.0,1.11,115Q2,traded
TPEx,2026-10-02,2718,全心投控,40.3,3.87,13.82,114.0,0.57,115Q2,traded
TPEx,2026-10-02,2719,燦星旅,19.7,28.55,0.0,114.0,1.83,115Q2,traded
TPEx,2026-10-02,2724,藝舍-KY,12.7,,0.0,114.0,1.71,115Q2,traded
TPEx,2026-10-02,2726,雅茗-KY,8.02,,0.0,114.0,0.87,115Q2,traded
TPEx,2026-10-02,2729,瓦城,155.5,25.53,4.46,114.0,2.92,115Q2,traded
TPEx,2026-10-02,2732,六角,63.4,18.43,5.52,114.0,1.59,115Q2,traded
TPEx,2026-10-02,2734,易飛網,14.4,,0.0,114.0,1.26,115Q2,traded
TPEx,2026-10-02,2736,富野,11.2,,0.0,114.0,0.65,115Q2,traded
TPEx,2026-10-02,2740,華軒,30.5,,0.0,114.0,3.99,115Q2,traded
TPEx,2026-10-02,2743,山富,52.7,14.32,6.07,114.0,2.17,115Q2,traded
TPEx,2026-10-02,2745,五福,84.9,8.62,8.83,114.0,3.13,115Q2,traded
TPEx,2026-10-02,2751,王座,,10.48,7.55,114.0,2.42,115Q2,no_trade
TPEx,2026-10-02,2752,豆府,177.0,10.86,7.63,114.0,3.81,115Q2,traded
TPEx,2026-10-02,2754,亞洲藏壽司,68.1,15.51,1.47,114.0,1.75,115Q2,traded
TPEx,2026-10-02,2755,揚秦,98.7,13.86,5.99,114.0,3.35,115Q2,traded
TPEx,2026-10-02,2756,聯發國際,61.9,14.7,5.33,114.0,2.73,115Q2,traded
TPEx,2026-10-02,2916,滿心,40.65,10.48,8.86,114.0,1.71,115Q2,traded
TPEx,2026-10-02,2924,宏太-KY,18.7,,0.0,114.0,2.15,115Q2,traded
TPEx,2026-10-02,2926,誠品生活,29.95,47.54,1.54,114.0,2.31,115Q2,traded
TPEx,2026-10-02,2937,集雅社,44.95,11.02,6.9,114.0,1.78,115Q2,traded
TPEx,2026-10-02,2938,床的世界,18.5,12.76,3.34,114.0,0.54,115Q2,traded
TPEx,2026-10-02,2941,米斯特,30.15,12.83,7.56,114.0,1.34,115Q2,traded
TPEx,2026-10-02,2947,振宇五金,60.8,18.48,1.64,114.0,1.6,115Q2,traded
TPEx,2026-10-02,2948,寶陞,36.5,16.9,6.17,114.0,1.11,115Q2,traded
TPEx,2026-10-02,2949,欣新網,65.2,18.42,3.12,114.0,1.83,115Q2,traded
TPEx,2026-10-02,3064,泰偉,15.8,,0.0,114.0,4.04,115Q2,traded
TPEx,2026-10-02,3066,李洲,29.0,4.83,0.0,114.0,1.45,115Q2,traded
TPEx,2026-10-02,3067,全域,,563.33,0.0,114.0,1.36,115Q2,no_trade
TPEx,2026-10-02,3071,協禧,22.95,39.57,3.49,114.0,1.64,115Q2,traded
TPEx,2026-10-02,3073,天方能源,20.6,,0.0,114.0,1.22,115Q2,traded
TPEx,2026-10-02,3078,僑威,45.95,12.76,8.71,114.0,1.53,115Q2,traded
TPEx,2026-10-02,3081,聯亞,2925.0,251.72,0.14,114.0,57.34,115Q2,traded
TPEx,2026-10-02,3083,網龍,23.75,32.53,1.39,114.0,1.59,115Q2,traded
TPEx,2026-10-02,3086,華義*,28.4,,0.0,114.0,25.82,115Q2,traded
TPEx,2026-10-02,3088,艾訊,132.0,16.54,2.22,114.0,2.64,115Q2,traded
TPEx,2026-10-02,3093,港建*,46.2,47.14,2.49,114.0,4.26,115Q2,traded
TPEx,2026-10-02,3095,及成,33.1,13.62,0.0,114.0,2.66,115Q2,traded
TPEx,2026-10-02,3105,穩懋,591.0,69.45,0.34,114.0,5.72,115Q2,traded
TPEx,2026-10-02,3114,好德,39.65,12.28,3.53,114.0,1.55,115Q2,traded
TPEx,2026-10-02,3115,富榮綱,8.39,,0.0,114.0,1.12,115Q2,traded
TPEx,2026-10-02,3118,進階,31.5,13.46,6.98,114.0,1.89,115Q2,traded
TPEx,2026-10-02,3122,笙泉,24.2,,0.0,114.0,3.05,115Q2,traded
TPEx,2026-10-02,3128,昇銳,20.35,17.7,4.91,114.0,1.23,115Q2,traded
TPEx,2026-10-02,3131,弘塑,2430.0,43.02,1.9,114.0,22.1,115Q2,traded
TPEx,2026-10-02,3141,晶宏,87.1,28.56,0.41,114.0,2.35,115Q2,traded
TPEx,2026-10-02,3147,大綜,264.5,16.44,2.46,114.0,5.97,115Q2,traded
TPEx,2026-10-02,3152,璟德,235.5,26.08,3.02,114.0,2.52,115Q2,traded
TPEx,2026-10-02,3158,嘉實,86.0,11.96,7.56,114.0,2.76,115Q2,traded
TPEx,2026-10-02,3162,精確,89.6,142.22,0.97,114.0,3.36,115Q2,traded
TPEx,2026-10-02,3163,波若威,713.0,72.76,0.49,114.0,17.48,115Q2,traded
TPEx,2026-10-02,3169,亞信,115.0,30.18,2.78,114.0,4.12,115Q2,traded
TPEx,2026-10-02,3171,炎洲流通,56.7,9.39,8.18,114.0,3.03,115Q2,traded
TPEx,2026-10-02,3176,基亞,37.55,,0.0,114.0,3.54,115Q2,traded
TPEx,2026-10-02,3178,公準,71.4,223.13,0.0,114.0,2.66,115Q2,traded
TPEx,2026-10-02,3188,鑫龍騰,23.1,3.27,13.83,114.0,1.3,115Q2,traded
TPEx,2026-10-02,3191,雲嘉南,17.45,22.09,0.0,114.0,3.12,115Q2,traded
TPEx,2026-10-02,3205,佰研,47.2,,0.0,114.0,3.18,115Q2,traded
TPEx,2026-10-02,3206,志豐,34.0,19.65,4.41,114.0,1.29,115Q2,traded
TPEx,2026-10-02,3207,耀勝,39.75,,0.0,114.0,1.55,115Q2,traded
TPEx,2026-10-02,3211,順達,397.0,53.5,2.89,114.0,6.84,115Q2,traded
TPEx,2026-10-02,3213,茂訊,123.0,12.83,5.69,114.0,1.85,115Q2,traded
TPEx,2026-10-02,3217,優群,129.0,10.22,7.75,114.0,2.4,115Q2,traded
TPEx,2026-10-02,3218,大學光,133.5,9.88,5.81,114.0,2.92,115Q2,traded
TPEx,2026-10-02,3219,倚強科,128.5,38.7,1.06,114.0,6.07,115Q2,traded
TPEx,2026-10-02,3221,台嘉碩,56.0,55.45,0.49,114.0,2.72,115Q2,traded
TPEx,2026-10-02,3224,三顧,31.25,,0.0,114.0,1.75,115Q2,traded
TPEx,2026-10-02,3226,龍鋒,63.1,350.56,0.0,114.0,2.19,115Q2,traded
TPEx,2026-10-02,3227,原相,187.5,15.82,5.34,114.0,1.88,115Q2,traded
TPEx,2026-10-02,3228,金麗科,175.5,,0.0,114.0,18.55,115Q2,traded
TPEx,2026-10-02,3230,錦明,41.95,,0.0,114.0,4.01,115Q2,traded
TPEx,2026-10-02,3232,昱捷,20.55,28.94,2.43,114.0,1.38,115Q2,traded
TPEx,2026-10-02,3234,光環,181.5,,0.0,114.0,29.09,115Q2,traded
TPEx,2026-10-02,3236,千如,53.4,74.17,0.94,114.0,3.13,115Q2,traded
TPEx,2026-10-02,3252,海灣,15.3,,0.0,114.0,0.39,115Q2,traded
TPEx,2026-10-02,3259,鑫創,12.85,,0.0,114.0,2.77,115Q2,traded
TPEx,2026-10-02,3260,威剛,382.0,4.94,4.45,114.0,3.14,115Q2,traded
TPEx,2026-10-02,3264,欣銓,245.0,31.98,1.71,114.0,5.92,115Q2,traded
TPEx,2026-10-02,3265,台星科,188.0,26.37,2.18,114.0,4.06,115Q2,traded
TPEx,2026-10-02,3268,海德威,21.65,,0.0,114.0,1.56,115Q2,traded
TPEx,2026-10-02,3272,東碩,14.1,,0.0,114.0,0.96,115Q2,traded
TPEx,2026-10-02,3276,宇環,14.5,65.91,0.41,114.0,1.16,115Q2,traded
TPEx,2026-10-02,3284,太普高,20.1,8.31,2.49,114.0,1.4,115Q2,traded
TPEx,2026-10-02,3285,微端,41.9,22.77,1.19,114.0,2.86,115Q2,traded
TPEx,2026-10-02,3287,廣寰科,42.05,5.28,3.57,114.0,2.28,115Q2,traded
TPEx,2026-10-02,3288,點晶,21.05,,0.0,114.0,3.21,115Q2,traded
TPEx,2026-10-02,3289,宜特,143.0,31.36,3.12,114.0,2.61,115Q2,traded
TPEx,2026-10-02,3290,東浦,50.3,8.5,2.98,114.0,1.82,115Q2,traded
TPEx,2026-10-02,3293,鈊象,791.0,18.28,4.55,114.0,14.75,115Q2,traded
TPEx,2026-10-02,3294,英濟,32.8,,0.0,114.0,1.84,115Q2,traded
TPEx,2026-10-02,3297,杭特,32.5,36.11,0.0,114.0,1.93,115Q2,traded
TPEx,2026-10-02,3303,岱稜,48.8,9.74,6.15,114.0,1.92,115Q2,traded
TPEx,2026-10-02,3306,鼎天,47.05,106.93,3.61,114.0,0.59,115Q2,traded
TPEx,2026-10-02,3310,佳穎,67.6,26.0,5.18,114.0,2.81,115Q2,traded
TPEx,2026-10-02,3313,斐成,10.5,,0.0,114.0,1.06,115Q2,traded
TPEx,2026-10-02,3317,尼克森,65.3,32.49,0.77,114.0,1.78,115Q2,traded
TPEx,2026-10-02,3322,建舜電,11.35,,0.0,114.0,0.99,115Q2,traded
TPEx,2026-10-02,3323,加百裕,30.35,,0.0,114.0,1.26,115Q2,traded
TPEx,2026-10-02,3324,雙鴻,1505.0,34.71,0.79,114.0,10.56,115Q2,traded
TPEx,2026-10-02,3325,旭品,11.8,,0.0,114.0,1.33,115Q2,traded
TPEx,2026-10-02,3332,幸康,64.3,16.28,3.11,114.0,1.64,115Q2,traded
TPEx,2026-10-02,3339,泰谷,47.0,,0.0,114.0,4.24,115Q2,traded
TPEx,2026-10-02,3349,寶德,19.0,,0.0,114.0,2.86,115Q2,traded
TPEx,2026-10-02,3354,律勝,30.1,,0.0,114.0,2.72,115Q2,traded
TPEx,2026-10-02,3357,臺慶科,215.5,20.22,2.36,114.0,2.19,115Q2,traded
TPEx,2026-10-02,3360,尚立,15.55,1555.0,0.0,114.0,1.44,115Q2,traded
TPEx,2026-10-02,3362,先進光,175.5,,0.0,114.0,6.61,115Q2,traded
TPEx,2026-10-02,3363,上詮,671.0,,0.0,114.0,13.34,115Q2,traded
TPEx,2026-10-02,3372,典範,16.9,,0.0,114.0,2.0,115Q2,traded
TPEx,2026-10-02,3373,熱映,15.9,,6.92,114.0,0.96,115Q2,traded
TPEx,2026-10-02,3374,精材,467.5,73.39,0.53,114.0,12.87,115Q2,traded
TPEx,2026-10-02,3379,彬台,27.8,27.25,4.32,114.0,1.75,115Q2,traded
TPEx,2026-10-02,3388,崇越電,84.5,15.56,3.95,114.0,1.33,115Q2,traded
TPEx,2026-10-02,3390,旭軟,22.4,,0.89,114.0,1.24,115Q2,traded
TPEx,2026-10-02,3402,漢科,139.5,19.43,4.3,114.0,4.82,115Q2,traded
TPEx,2026-10-02,3430,奇鈦科,113.5,24.51,1.41,114.0,3.23,115Q2,traded
TPEx,2026-10-02,3434,哲固,31.2,84.32,3.85,114.0,2.39,115Q2,traded
TPEx,2026-10-02,3438,類比科,62.0,41.89,2.42,114.0,1.06,115Q2,traded
TPEx,2026-10-02,3441,聯一光,211.0,86.83,0.4,114.0,10.19,115Q2,traded
TPEx,2026-10-02,3444,利機,80.8,40.6,2.23,114.0,3.46,115Q2,traded
TPEx,2026-10-02,3455,由田,280.0,78.43,1.25,114.0,6.98,115Q2,traded
TPEx,2026-10-02,3465,進泰電子,30.05,,0.0,114.0,1.36,115Q2,traded
TPEx,2026-10-02,3466,德晉,24.2,,0.0,114.0,1.34,115Q2,traded
TPEx,2026-10-02,3467,台灣精材,73.2,63.65,0.68,114.0,3.77,115Q2,traded
TPEx,2026-10-02,3479,安勤,136.0,18.66,3.4,114.0,2.96,115Q2,traded
TPEx,2026-10-02,3483,力致,80.9,27.8,3.71,114.0,1.63,115Q2,traded
TPEx,2026-10-02,3484,崧騰,48.9,14.13,5.11,114.0,1.19,115Q2,traded
TPEx,2026-10-02,3485,敘豐,216.0,36.42,2.08,114.0,3.46,115Q2,traded
TPEx,2026-10-02,3489,森寶,23.2,,12.93,114.0,2.24,115Q2,traded
TPEx,2026-10-02,3490,單井,50.7,8.02,0.99,114.0,1.76,115Q2,traded
TPEx,2026-10-02,3491,昇達科,1485.0,118.04,0.46,114.0,22.5,115Q2,traded
TPEx,2026-10-02,3492,長盛,19.45,15.08,5.66,114.0,1.07,115Q2,traded
TPEx,2026-10-02,3498,陽程,215.0,48.97,0.0,114.0,5.21,115Q2,traded
TPEx,2026-10-02,3499,環天科,13.8,,0.0,114.0,1.77,115Q2,traded
TPEx,2026-10-02,3508,位速,25.75,,0.0,114.0,5.05,115Q2,traded
TPEx,2026-10-02,3511,矽瑪,19.75,,0.0,114.0,1.24,115Q2,traded
TPEx,2026-10-02,3512,皇龍,19.1,10.11,9.42,114.0,0.86,115Q2,traded
TPEx,2026-10-02,3516,亞帝歐,25.35,36.74,0.79,114.0,0.97,115Q2,traded
TPEx,2026-10-02,3520,華盈,17.2,,0.0,114.0,1.49,115Q2,traded
TPEx,2026-10-02,3521,台鋼建設,11.8,6.9,0.0,114.0,0.97,115Q2,traded
TPEx,2026-10-02,3522,御嵿,12.45,,0.0,114.0,1.82,115Q2,traded
TPEx,2026-10-02,3523,迎輝,14.3,,0.0,114.0,2.49,115Q2,traded
TPEx,2026-10-02,3526,凡甲,274.5,15.46,6.14,114.0,4.44,115Q2,traded
TPEx,2026-10-02,3527,聚積,51.4,,1.95,114.0,1.02,115Q2,traded
TPEx,2026-10-02,3529,力旺,3170.0,106.34,0.65,114.0,67.88,115Q2,traded
TPEx,2026-10-02,3531,先益,21.15,16.02,2.36,114.0,0.69,115Q2,traded
TPEx,2026-10-02,3537,堡達,56.8,12.37,3.52,114.0,2.48,115Q2,traded
TPEx,2026-10-02,3540,曜越,23.4,26.59,1.1,114.0,0.95,115Q2,traded
TPEx,2026-10-02,3541,西柏,24.55,76.72,0.0,114.0,1.88,115Q2,traded
TPEx,2026-10-02,3546,宇峻,73.0,14.54,3.42,114.0,2.71,115Q2,traded
TPEx,2026-10-02,3548,兆利,77.2,208.65,1.3,114.0,0.85,115Q2,traded
TPEx,2026-10-02,3551,世禾,199.5,21.25,2.41,114.0,2.46,115Q2,traded
TPEx,2026-10-02,3552,同致,45.8,,1.09,114.0,1.02,115Q2,traded
TPEx,2026-10-02,3555,博士旺,167.0,19.44,0.0,114.0,8.07,115Q2,traded
TPEx,2026-10-02,3556,禾瑞亞,59.1,16.06,3.3,114.0,3.12,115Q2,traded
TPEx,2026-10-02,3558,神準,131.0,61.21,2.29,114.0,1.29,115Q2,traded
TPEx,2026-10-02,3564,其陽,56.1,155.83,0.48,114.0,2.4,115Q2,traded
TPEx,2026-10-02,3567,逸昌,26.2,23.6,3.82,114.0,1.6,115Q2,traded
TPEx,2026-10-02,3570,大塚,170.0,11.89,5.71,114.0,2.72,115Q2,traded
TPEx,2026-10-02,3577,泓格,114.5,26.32,1.75,114.0,4.97,115Q2,traded
TPEx,2026-10-02,3580,友威科,108.5,66.98,1.11,114.0,4.13,115Q2,traded
TPEx,2026-10-02,3581,博磊,118.5,50.64,0.51,114.0,6.68,115Q2,traded
TPEx,2026-10-02,3587,閎康,245.0,37.23,1.72,114.0,2.96,115Q2,traded
TPEx,2026-10-02,3594,磐儀,47.15,37.13,0.84,114.0,1.97,115Q2,traded
TPEx,2026-10-02,3597,映興,27.7,34.63,1.44,114.0,1.82,115Q2,traded
TPEx,2026-10-02,3609,三一東林,22.9,3.53,0.0,114.0,1.96,115Q2,traded
TPEx,2026-10-02,3611,鼎翰,184.5,8.93,5.42,114.0,1.38,115Q2,traded
TPEx,2026-10-02,3615,安可,45.0,14.42,1.56,114.0,1.32,115Q2,traded
TPEx,2026-10-02,3623,富晶通,30.55,32.5,0.0,114.0,2.37,115Q2,traded
TPEx,2026-10-02,3624,光頡,148.5,46.41,0.74,114.0,4.88,115Q2,traded
TPEx,2026-10-02,3625,西勝,11.15,,0.0,114.0,2.36,115Q2,traded
TPEx,2026-10-02,3628,盈正,71.8,17.38,4.53,114.0,2.02,115Q2,traded
TPEx,2026-10-02,3629,地心引力,14.6,,0.0,114.0,11.15,115Q2,traded
TPEx,2026-10-02,3630,新鉅科,26.8,,0.0,114.0,1.87,115Q2,traded
TPEx,2026-10-02,3631,晟楠,41.15,,0.0,114.0,2.81,115Q2,traded
TPEx,2026-10-02,3632,研勤,7.08,,0.0,114.0,2.5,115Q2,traded
TPEx,2026-10-02,3646,艾恩特,24.9,,3.61,114.0,2.03,115Q2,traded
TPEx,2026-10-02,3663,鑫科,64.8,281.74,0.0,114.0,2.17,115Q2,traded
TPEx,2026-10-02,3664,安瑞-KY,8.31,,0.0,114.0,6.34,115Q2,traded
TPEx,2026-10-02,3666,光耀,25.3,,0.0,114.0,2.04,115Q2,traded
TPEx,2026-10-02,3672,康聯訊,12.25,,0.0,114.0,1.71,115Q2,traded
TPEx,2026-10-02,3675,德微,360.0,62.94,1.11,114.0,6.5,115Q2,traded
TPEx,2026-10-02,3680,家登,552.0,37.12,1.25,114.0,4.09,115Q2,traded
TPEx,2026-10-02,3684,榮昌,,13.47,5.11,114.0,2.32,115Q2,no_trade
TPEx,2026-10-02,3685,元創精密,36.0,,0.0,114.0,3.91,115Q2,traded
TPEx,2026-10-02,3687,歐買尬,61.1,14.05,3.28,114.0,1.18,115Q2,traded
TPEx,2026-10-02,3689,湧德,113.0,13.99,3.23,114.0,2.03,115Q2,traded
TPEx,2026-10-02,3691,碩禾,113.0,41.24,0.0,114.0,1.71,115Q2,traded
TPEx,2026-10-02,3693,營邦,663.0,43.0,1.21,114.0,5.43,115Q2,traded
TPEx,2026-10-02,3707,漢磊,85.2,,0.0,114.0,3.91,115Q2,traded
TPEx,2026-10-02,3709,鑫聯大投控,65.5,5.8,3.29,114.0,1.93,115Q2,traded
TPEx,2026-10-02,3710,連展投控,8.12,,0.0,114.0,1.38,115Q2,traded
TPEx,2026-10-02,3713,新晶投控,13.8,,0.0,114.0,1.76,115Q2,traded
TPEx,2026-10-02,4102,永日,18.45,,0.0,114.0,1.3,115Q2,traded
TPEx,2026-10-02,4105,東洋,78.9,11.32,5.7,114.0,2.82,115Q2,traded
TPEx,2026-10-02,4107,邦特,110.0,12.93,5.0,114.0,2.16,115Q2,traded
TPEx,2026-10-02,4109,加捷生醫,11.0,366.67,1.82,114.0,0.8,115Q2,traded
TPEx,2026-10-02,4111,濟生,29.0,9.18,4.48,114.0,1.24,115Q2,traded
TPEx,2026-10-02,4113,聯上,15.2,,0.0,114.0,0.84,115Q2,traded
TPEx,2026-10-02,4114,健喬,29.35,18.12,5.61,114.0,1.7,115Q2,traded
TPEx,2026-10-02,4116,明基醫,40.15,15.21,4.98,114.0,1.62,115Q2,traded
TPEx,2026-10-02,4120,友華,46.1,,8.68,114.0,0.76,115Q2,traded
TPEx,2026-10-02,4121,優盛,12.9,,0.0,114.0,0.76,115Q2,traded
TPEx,2026-10-02,4123,晟德,31.2,23.46,7.2,114.0,1.37,115Q2,traded
TPEx,2026-10-02,4126,太醫,78.0,13.04,5.77,114.0,1.98,115Q2,traded
TPEx,2026-10-02,4127,天良,45.6,30.2,0.0,114.0,4.02,115Q2,traded
TPEx,2026-10-02,4128,中天,15.3,17.19,0.0,114.0,0.95,115Q2,traded
TPEx,2026-10-02,4129,聯合,82.3,14.39,5.47,114.0,2.03,115Q2,traded
TPEx,2026-10-02,4131,浩泰,30.8,,0.0,114.0,4.3,115Q2,traded
TPEx,2026-10-02,4138,曜亞,53.5,14.62,7.85,114.0,1.35,115Q2,traded
TPEx,2026-10-02,4139,馬光-KY,41.95,,0.0,114.0,4.6,115Q2,traded
TPEx,2026-10-02,4147,中裕,61.4,,0.0,114.0,4.52,115Q2,traded
TPEx,2026-10-02,4153,鈺緯,31.55,19.24,6.34,114.0,1.91,115Q2,traded
TPEx,2026-10-02,4154,樂威科-KY,11.25,,0.0,114.0,1.82,115Q2,traded
TPEx,2026-10-02,4157,太景*-KY,8.65,39.32,0.0,114.0,6.01,115Q2,traded
TPEx,2026-10-02,4160,訊聯基因,38.8,57.91,1.28,114.0,2.1,115Q2,traded
TPEx,2026-10-02,4161,聿新科,21.65,11.96,3.23,114.0,1.31,115Q2,traded
TPEx,2026-10-02,4162,智擎,55.4,14.97,3.61,114.0,1.62,115Q2,traded
TPEx,2026-10-02,4163,鐿鈦,137.0,23.26,2.55,114.0,2.57,115Q2,traded
TPEx,2026-10-02,4166,友霖,24.4,25.15,0.0,114.0,2.23,115Q2,traded
TPEx,2026-10-02,4167,松瑞藥,19.55,5.89,7.59,114.0,1.38,115Q2,traded
TPEx,2026-10-02,4168,醣聯,22.4,,0.0,114.0,2.96,115Q2,traded
TPEx,2026-10-02,4171,瑞基,16.35,,0.0,114.0,1.62,115Q2,traded
TPEx,2026-10-02,4173,久裕,17.4,21.75,5.98,114.0,0.69,115Q2,traded
TPEx,2026-10-02,4174,浩鼎,42.0,,0.0,114.0,3.72,115Q2,traded
TPEx,2026-10-02,4175,杏一,,13.38,5.92,114.0,1.41,115Q2,no_trade
TPEx,2026-10-02,4183,福永生技,14.35,,0.0,114.0,1.28,115Q2,traded
TPEx,2026-10-02,4188,安克,14.1,,0.0,114.0,1.73,115Q2,traded
TPEx,2026-10-02,4192,杏國,,,0.0,114.0,2.99,115Q2,no_trade
TPEx,2026-10-02,4198,欣大健康,49.0,,0.0,114.0,5.79,115Q2,traded
TPEx,2026-10-02,4205,中華食,68.4,17.23,5.12,114.0,3.08,115Q2,traded
TPEx,2026-10-02,4207,環泰,19.4,10.32,6.19,114.0,1.33,115Q2,traded
TPEx,2026-10-02,4303,信立,33.35,3.59,14.99,114.0,0.93,115Q2,traded
TPEx,2026-10-02,4304,勝昱,17.3,,0.0,114.0,3.39,115Q2,traded
TPEx,2026-10-02,4305,世坤,,8.53,7.46,114.0,1.89,115Q2,no_trade
TPEx,2026-10-02,4401,東隆興,13.95,12.35,4.3,114.0,0.63,115Q2,traded
TPEx,2026-10-02,4402,郡都開發,14.15,,0.0,114.0,1.68,115Q2,traded
TPEx,2026-10-02,4406,新昕纖,10.25,,0.0,114.0,0.88,115Q2,traded
TPEx,2026-10-02,4413,飛寶企業,20.3,16.37,1.48,114.0,1.86,115Q2,traded
TPEx,2026-10-02,4416,三圓,12.8,4.09,0.0,114.0,0.48,115Q2,traded
TPEx,2026-10-02,4417,金洲,49.35,9.49,7.09,114.0,1.31,115Q2,traded
TPEx,2026-10-02,4419,皇家美食,49.95,,0.0,114.0,9.28,115Q2,traded
TPEx,2026-10-02,4420,光明,35.5,26.49,8.45,114.0,1.01,115Q2,traded
TPEx,2026-10-02,4430,耀億,17.7,45.38,2.82,114.0,0.57,115Q2,traded
TPEx,2026-10-02,4432,銘旺實,15.55,3.27,2.57,114.0,0.5,115Q2,traded
TPEx,2026-10-02,4433,興采,18.0,16.07,5.56,114.0,0.6,115Q2,traded
TPEx,2026-10-02,4442,竣邦-KY,53.6,11.01,6.35,114.0,2.0,115Q2,traded
TPEx,2026-10-02,4502,健信,15.85,,0.0,114.0,1.65,115Q2,traded
TPEx,2026-10-02,4503,金雨,24.1,6.48,0.0,114.0,1.01,115Q2,traded
TPEx,2026-10-02,4506,崇友,117.5,15.18,4.51,114.0,3.65,115Q2,traded
TPEx,2026-10-02,4510,高鋒,43.6,45.89,0.0,114.0,2.53,115Q2,traded
TPEx,2026-10-02,4513,福裕,16.3,,0.0,114.0,1.5,115Q2,traded
TPEx,2026-10-02,4523,永彰,23.9,0.89,11.05,114.0,0.85,115Q2,traded
TPEx,2026-10-02,4528,江興鍛,14.8,,1.35,114.0,0.55,115Q2,traded
TPEx,2026-10-02,4529,淳紳,3.34,,0.0,114.0,1.34,115Q2,traded
TPEx,2026-10-02,4530,天意能創,24.0,1200.0,0.0,114.0,1.93,115Q2,traded
TPEx,2026-10-02,4533,協易機,25.6,42.67,0.69,114.0,1.58,115Q2,traded
TPEx,2026-10-02,4534,慶騰,30.0,62.5,0.0,114.0,3.64,115Q2,traded
TPEx,2026-10-02,4535,至興,26.75,18.84,2.99,114.0,0.82,115Q2,traded
TPEx,2026-10-02,4538,大詠城,17.3,44.36,5.78,114.0,1.24,115Q2,traded
TPEx,2026-10-02,4541,晟田,61.1,15.55,2.29,114.0,2.36,115Q2,traded
TPEx,2026-10-02,4542,科嶠,336.5,154.36,0.28,114.0,12.35,115Q2,traded
TPEx,2026-10-02,4543,萬在,30.25,11.82,2.31,114.0,0.97,115Q2,traded
TPEx,2026-10-02,4549,桓達,97.3,23.91,3.29,114.0,2.94,115Q2,traded
TPEx,2026-10-02,4550,長佳,24.15,12.51,5.05,114.0,0.97,115Q2,traded
TPEx,2026-10-02,4554,橙的,28.1,10.0,7.12,114.0,1.43,115Q2,traded
TPEx,2026-10-02,4556,旭然,114.5,107.01,0.52,114.0,5.84,115Q2,traded
TPEx,2026-10-02,4558,寶緯,16.8,18.67,0.0,114.0,0.93,115Q2,traded
TPEx,2026-10-02,4561,健椿,43.6,25.5,0.46,114.0,1.8,115Q2,traded
TPEx,2026-10-02,4563,百德,53.2,,0.0,114.0,2.1,115Q2,traded
TPEx,2026-10-02,4568,科際精密,39.0,21.67,5.08,114.0,1.17,115Q2,traded
TPEx,2026-10-02,4577,達航科技,92.0,,0.0,114.0,4.75,115Q2,traded
TPEx,2026-10-02,4580,捷流閥業,82.2,13.59,4.87,114.0,1.4,115Q2,traded
TPEx,2026-10-02,4584,君帆,38.0,15.32,5.26,114.0,1.08,115Q2,traded
TPEx,2026-10-02,4609,唐鋒,4.76,25.05,0.0,114.0,1.74,115Q2,traded
TPEx,2026-10-02,4702,中美實,9.29,4.18,5.38,114.0,0.51,115Q2,traded
TPEx,2026-10-02,4706,大恭,34.7,31.26,0.86,114.0,1.77,115Q2,traded
TPEx,2026-10-02,4707,磐亞,30.15,23.37,1.66,114.0,1.47,115Q2,traded
TPEx,2026-10-02,4711,永純,16.4,19.29,3.05,114.0,0.97,115Q2,traded
TPEx,2026-10-02,4714,永捷,12.35,,0.0,114.0,1.04,115Q2,traded
TPEx,2026-10-02,4716,大立,18.95,32.67,0.0,114.0,1.57,115Q2,traded
TPEx,2026-10-02,4721,美琪瑪,81.2,16.34,2.83,114.0,4.21,115Q2,traded
TPEx,2026-10-02,4726,永昕,23.2,,0.0,114.0,3.41,115Q2,traded
TPEx,2026-10-02,4728,雙美,394.5,26.48,3.07,114.0,15.02,115Q2,traded
TPEx,2026-10-02,4729,熒茂,19.7,43.78,0.0,114.0,1.33,115Q2,traded
TPEx,2026-10-02,4735,豪展,36.0,6.46,5.56,114.0,1.23,115Q2,traded
TPEx,2026-10-02,4741,泓瀚,41.65,34.42,0.72,114.0,1.56,115Q2,traded
TPEx,2026-10-02,4743,合一,47.15,362.69,0.0,114.0,2.21,115Q2,traded
TPEx,2026-10-02,4744,皇將,28.3,18.74,3.53,114.0,1.3,115Q2,traded
TPEx,2026-10-02,4745,合富-KY,12.2,,0.0,114.0,0.28,115Q2,traded
TPEx,2026-10-02,4747,強生*,22.95,23.42,2.29,114.0,1.2,115Q2,traded
TPEx,2026-10-02,4749,新應材,785.0,60.9,1.02,114.0,7.04,115Q2,traded
TPEx,2026-10-02,4754,國碳科,38.15,11.81,6.03,114.0,2.16,115Q2,traded
TPEx,2026-10-02,4760,勤凱,317.0,32.48,1.48,114.0,7.56,115Q2,traded
TPEx,2026-10-02,4767,誠泰科技,28.7,11.17,3.83,114.0,0.92,115Q2,traded
TPEx,2026-10-02,4768,晶呈科技,374.5,,0.27,114.0,12.51,115Q2,traded
TPEx,2026-10-02,4772,台特化,281.5,50.81,1.07,114.0,11.23,115Q2,traded
TPEx,2026-10-02,4806,桂田文創,13.4,,0.0,114.0,1.47,115Q2,traded
TPEx,2026-10-02,4903,聯光通,45.3,35.39,0.66,114.0,4.08,115Q2,traded
TPEx,2026-10-02,4905,台聯電,92.5,7.48,1.62,114.0,0.87,115Q2,traded
TPEx,2026-10-02,4907,富宇,44.5,6.19,3.37,114.0,1.71,115Q2,traded
TPEx,2026-10-02,4908,前鼎,224.5,89.44,0.45,114.0,9.95,115Q2,traded
TPEx,2026-10-02,4909,新復興,36.85,49.8,0.0,114.0,1.36,115Q2,traded
TPEx,2026-10-02,4911,德英,28.4,21.04,6.92,114.0,2.06,115Q2,traded
TPEx,2026-10-02,4923,力士,66.6,,0.0,114.0,4.47,115Q2,traded
TPEx,2026-10-02,4924,欣厚-KY,15.9,19.88,0.0,114.0,1.49,115Q2,traded
TPEx,2026-10-02,4931,新盛力,252.0,42.28,0.99,114.0,10.26,115Q2,traded
TPEx,2026-10-02,4933,友輝,53.9,7.48,5.36,114.0,1.15,115Q2,traded
TPEx,2026-10-02,4939,亞電,79.2,92.09,0.32,114.0,5.13,115Q2,traded
TPEx,2026-10-02,4946,辣椒,101.0,43.53,0.0,114.0,5.18,115Q2,traded
TPEx,2026-10-02,4950,金耘國際,16.1,20.38,0.0,114.0,1.68,115Q2,traded
TPEx,2026-10-02,4951,精拓科,90.9,14.25,4.95,114.0,3.31,115Q2,traded
TPEx,2026-10-02,4953,緯致,117.5,11.81,4.37,114.0,2.04,115Q2,traded
TPEx,2026-10-02,4966,譜瑞-KY,574.0,18.26,3.1,114.0,1.99,115Q2,traded
TPEx,2026-10-02,4971,IET-KY,587.0,146.38,0.14,114.0,6.28,115Q2,traded
TPEx,2026-10-02,4972,湯石照明,16.2,,0.0,114.0,0.64,115Q2,traded
TPEx,2026-10-02,4973,廣穎,138.5,7.81,0.72,114.0,2.61,115Q2,traded
TPEx,2026-10-02,4974,亞泰,71.2,14.59,5.48,114.0,1.57,115Q2,traded
TPEx,2026-10-02,4979,華星光,585.0,95.74,0.37,114.0,18.76,115Q2,traded
TPEx,2026-10-02,4991,環宇-KY,534.0,166.36,0.0,114.0,14.54,115Q2,traded
TPEx,2026-10-02,4995,晶達,48.8,13.86,4.08,114.0,2.19,115Q2,traded
TPEx,2026-10-02,5009,榮剛,33.1,15.76,3.63,114.0,1.06,115Q2,traded
TPEx,2026-10-02,5011,久陽,20.45,,0.0,114.0,1.06,115Q2,traded
TPEx,2026-10-02,5013,強新,46.85,21.39,1.49,114.0,1.59,115Q2,traded
TPEx,2026-10-02,5014,建錩,10.1,,4.95,114.0,0.7,115Q2,traded
TPEx,2026-10-02,5015,華祺,23.95,15.86,2.09,114.0,1.21,115Q2,traded
TPEx,2026-10-02,5016,松和,28.6,14.59,3.5,114.0,0.95,115Q2,traded
TPEx,2026-10-02,5201,凱衛,28.0,,1.79,114.0,1.7,115Q2,traded
TPEx,2026-10-02,5202,力新,14.1,,1.42,114.0,1.19,115Q2,traded
TPEx,2026-10-02,5205,中茂,22.8,,0.0,114.0,4.14,115Q2,traded
TPEx,2026-10-02,5206,坤悅,22.85,7.91,6.56,114.0,0.96,115Q2,traded
TPEx,2026-10-02,5209,新鼎,176.0,9.67,7.36,114.0,4.85,115Q2,traded
TPEx,2026-10-02,5210,寶碩,30.3,27.55,0.0,114.0,2.94,115Q2,traded
TPEx,2026-10-02,5211,蒙恬,21.35,,0.0,114.0,2.01,115Q2,traded
TPEx,2026-10-02,5212,凌網,49.3,7.78,8.52,114.0,3.06,115Q2,traded
TPEx,2026-10-02,5213,亞昕,20.55,12.76,13.63,114.0,1.03,115Q2,traded
TPEx,2026-10-02,5220,萬達光電,23.1,144.38,1.3,114.0,1.22,115Q2,traded
TPEx,2026-10-02,5223,安力-KY,22.95,,0.0,114.0,0.43,115Q2,traded
TPEx,2026-10-02,5227,立凱-KY,30.55,,0.0,114.0,3.82,115Q2,traded
TPEx,2026-10-02,5228,鈺鎧,48.05,23.55,0.0,114.0,3.15,115Q2,traded
TPEx,2026-10-02,5230,雷笛克光學,22.25,,2.25,114.0,0.94,115Q2,traded
TPEx,2026-10-02,5245,智晶,20.75,,0.0,114.0,1.48,115Q2,traded
TPEx,2026-10-02,5251,天鉞電,29.95,26.98,0.0,114.0,2.34,115Q2,traded
TPEx,2026-10-02,5263,智崴,90.5,42.89,0.0,114.0,1.67,115Q2,traded
TPEx,2026-10-02,5272,笙科,17.85,,0.0,114.0,1.2,115Q2,traded
TPEx,2026-10-02,5274,信驊,18840.0,125.68,0.43,114.0,91.41,115Q2,traded
TPEx,2026-10-02,5276,達輝-KY,17.85,17.0,4.48,114.0,1.35,115Q2,traded
TPEx,2026-10-02,5278,尚凡*,23.7,20.79,5.16,114.0,1.9,115Q2,traded
TPEx,2026-10-02,5287,數字,137.5,9.0,8.11,114.0,2.98,115Q2,traded
TPEx,2026-10-02,5289,宜鼎,1295.0,7.19,1.32,114.0,5.36,115Q2,traded
TPEx,2026-10-02,5291,邑昇,62.0,50.82,0.0,114.0,2.51,115Q2,traded
TPEx,2026-10-02,5299,杰力,104.5,13.01,3.5,114.0,1.6,115Q2,traded
TPEx,2026-10-02,5302,太欣,10.05,,0.0,114.0,1.3,115Q2,traded
TPEx,2026-10-02,5309,系統電,65.7,386.47,0.76,114.0,2.85,115Q2,traded
TPEx,2026-10-02,5310,天剛,29.6,14.65,0.0,114.0,2.56,115Q2,traded
TPEx,2026-10-02,5312,寶島科,89.7,12.25,7.25,114.0,1.26,115Q2,traded
TPEx,2026-10-02,5314,世紀*,29.9,6.46,105.75,114.0,4.83,115Q2,traded
TPEx,2026-10-02,5315,光聯,18.85,11.36,8.49,114.0,1.16,115Q2,traded
TPEx,2026-10-02,5321,美而快,68.6,,0.0,114.0,5.13,115Q2,traded
TPEx,2026-10-02,5324,士開,12.45,,0.0,114.0,1.91,115Q2,traded
TPEx,2026-10-02,5328,華容,59.1,83.24,0.59,114.0,4.49,115Q2,traded
TPEx,2026-10-02,5340,建榮,83.2,45.71,0.72,114.0,6.84,115Q2,traded
TPEx,2026-10-02,5344,立衛,13.65,,0.0,114.0,2.15,115Q2,traded
TPEx,2026-10-02,5345,馥鴻,21.15,,0.0,114.0,3.76,115Q2,traded
TPEx,2026-10-02,5347,世界,187.0,40.48,2.39,114.0,5.58,115Q2,traded
TPEx,2026-10-02,5348,正能量智能,16.35,,0.0,114.0,2.22,115Q2,traded
TPEx,2026-10-02,5351,鈺創,116.0,17.96,0.0,114.0,5.29,115Q2,traded
TPEx,2026-10-02,5353,台林,28.65,15.83,3.49,114.0,1.49,115Q2,traded
TPEx,2026-10-02,5355,佳總,7.4,,0.0,114.0,1.7,115Q2,traded
TPEx,2026-10-02,5356,協益,25.75,11.6,7.77,114.0,0.6,115Q2,traded
TPEx,2026-10-02,5364,力麗店,8.31,,0.0,114.0,0.77,115Q2,traded
TPEx,2026-10-02,5381,光譜,23.35,29.56,0.0,114.0,2.1,115Q2,traded
TPEx,2026-10-02,5386,青雲,292.5,4.14,2.22,114.0,3.3,115Q2,traded
TPEx,2026-10-02,5392,能率,40.05,58.9,1.0,114.0,1.21,115Q2,traded
TPEx,2026-10-02,5398,慕康生醫,13.65,136.5,0.0,114.0,1.3,115Q2,traded
TPEx,2026-10-02,5403,中菲,92.7,11.79,7.01,114.0,2.84,115Q2,traded
TPEx,2026-10-02,5410,國眾,33.1,9.74,6.27,114.0,1.92,115Q2,traded
TPEx,2026-10-02,5425,台半,102.0,37.09,1.98,114.0,3.27,115Q2,traded
TPEx,2026-10-02,5426,振發,29.65,47.06,1.01,114.0,1.85,115Q2,traded
TPEx,2026-10-02,5432,新門,164.5,17.73,0.91,114.0,6.56,115Q2,traded
TPEx,2026-10-02,5438,東友,17.35,,4.32,114.0,0.6,115Q2,traded
TPEx,2026-10-02,5439,高技,253.0,13.99,2.85,114.0,5.83,115Q2,traded
TPEx,2026-10-02,5443,均豪,113.5,50.0,1.94,114.0,0.9,115Q2,traded
TPEx,2026-10-02,5450,南良,14.6,21.16,1.71,114.0,0.99,115Q2,traded
TPEx,2026-10-02,5452,佶優,27.95,50.82,0.89,114.0,1.9,115Q2,traded
TPEx,2026-10-02,5455,昇益,,,0.0,114.0,1.48,115Q2,no_trade
TPEx,2026-10-02,5457,宣德,24.4,32.53,6.15,114.0,0.87,115Q2,traded
TPEx,2026-10-02,5460,同協,17.4,102.35,0.0,114.0,1.37,115Q2,traded
TPEx,2026-10-02,5464,霖宏,90.7,192.98,0.0,114.0,4.88,115Q2,traded
TPEx,2026-10-02,5465,富驊,33.1,20.69,3.63,114.0,1.97,115Q2,traded
TPEx,2026-10-02,5468,凱鈺,25.2,,0.0,114.0,2.63,115Q2,traded
TPEx,2026-10-02,5474,聰泰,161.5,27.61,2.48,114.0,3.28,115Q2,traded
TPEx,2026-10-02,5475,德宏,180.5,139.92,0.0,114.0,21.06,115Q2,traded
TPEx,2026-10-02,5478,智冠,97.6,11.99,7.68,114.0,1.68,115Q2,traded
TPEx,2026-10-02,5481,新華,21.85,,0.0,114.0,1.24,115Q2,traded
TPEx,2026-10-02,5483,中美晶,221.5,24.69,1.58,114.0,2.66,115Q2,traded
TPEx,2026-10-02,5487,通泰,29.3,,0.0,114.0,1.36,115Q2,traded
TPEx,2026-10-02,5488,松普,12.3,,0.49,114.0,1.11,115Q2,traded
TPEx,2026-10-02,5489,彩富,42.3,20.24,3.55,114.0,1.87,115Q2,traded
TPEx,2026-10-02,5490,同亨,25.9,12.57,5.79,114.0,1.79,115Q2,traded
TPEx,2026-10-02,5493,三聯,91.3,16.27,2.96,114.0,2.19,115Q2,traded
TPEx,2026-10-02,5498,凱崴,55.6,158.86,0.45,114.0,4.91,115Q2,traded
TPEx,2026-10-02,5508,永信建,53.7,17.55,5.17,114.0,2.14,115Q2,traded
TPEx,2026-10-02,5511,德昌,69.0,4.84,8.1,114.0,1.08,115Q2,traded
TPEx,2026-10-02,5512,力麒,7.69,54.93,1.3,114.0,0.43,115Q2,traded
TPEx,2026-10-02,5514,三豐,15.15,63.13,0.0,114.0,1.0,115Q2,traded
TPEx,2026-10-02,5516,雙喜,11.75,11.52,0.0,114.0,1.3,115Q2,traded
TPEx,2026-10-02,5520,力泰,83.5,8.49,8.38,114.0,1.52,115Q2,traded
TPEx,2026-10-02,5523,豐謙,30.3,,1.65,114.0,1.65,115Q2,traded
TPEx,2026-10-02,5529,鉅陞,26.05,7.28,1.48,114.0,1.72,115Q2,traded
TPEx,2026-10-02,5530,龍巖,48.7,14.54,0.0,114.0,0.65,115Q2,traded
TPEx,2026-10-02,5536,聖暉*,956.0,23.89,2.09,114.0,7.14,115Q2,traded
TPEx,2026-10-02,5543,桓鼎-KY,27.5,58.51,0.0,114.0,2.57,115Q2,traded
TPEx,2026-10-02,5547,久舜,20.2,10.36,9.61,114.0,1.24,115Q2,traded
TPEx,2026-10-02,5548,安倉,20.05,10.08,9.37,114.0,1.03,115Q2,traded
TPEx,2026-10-02,5601,台聯櫃,30.55,74.51,1.24,114.0,1.44,115Q2,traded
TPEx,2026-10-02,5603,陸海,13.55,33.88,3.69,114.0,0.76,115Q2,traded
TPEx,2026-10-02,5604,中連,31.4,29.9,6.37,114.0,1.75,115Q2,traded
TPEx,2026-10-02,5609,中菲行,78.0,10.18,7.18,114.0,1.74,115Q2,traded
TPEx,2026-10-02,5701,劍湖山,4.07,,0.0,114.0,1.32,115Q2,traded
TPEx,2026-10-02,5703,亞都,,16.46,0.0,114.0,1.72,115Q2,no_trade
TPEx,2026-10-02,5704,老爺知,22.45,160.36,0.0,114.0,1.35,115Q2,traded
TPEx,2026-10-02,5864,致和證,39.0,2.81,4.1,114.0,1.37,115Q2,traded
TPEx,2026-10-02,5878,台名,37.8,15.06,6.35,114.0,1.82,115Q2,traded
TPEx,2026-10-02,5902,德記,34.2,16.36,4.82,114.0,2.61,115Q2,traded
TPEx,2026-10-02,5903,全家,186.0,23.69,3.49,114.0,4.73,115Q2,traded
TPEx,2026-10-02,5904,寶雅*,68.4,20.12,3.72,114.0,1.0,115Q2,traded
TPEx,2026-10-02,5905,南仁湖,7.33,,0.0,114.0,0.73,115Q2,traded
TPEx,2026-10-02,6015,宏遠證,17.8,4.07,3.09,114.0,1.05,115Q2,traded
TPEx,2026-10-02,6016,康和證,23.9,3.13,5.88,114.0,1.12,115Q2,traded
TPEx,2026-10-02,6020,大展證,20.55,5.71,1.33,114.0,0.94,115Q2,traded
TPEx,2026-10-02,6021,美好證,41.8,3.72,4.79,114.0,1.01,115Q2,traded
TPEx,2026-10-02,6023,元大期,84.7,9.36,6.49,114.0,1.36,115Q2,traded
TPEx,2026-10-02,6026,福邦證,15.95,5.78,8.55,114.0,1.0,115Q2,traded
TPEx,2026-10-02,6028,公勝保經,99.8,9.76,6.01,114.0,2.73,115Q2,traded
TPEx,2026-10-02,6101,寬魚國際,37.8,27.79,0.0,114.0,3.22,115Q2,traded
TPEx,2026-10-02,6103,合邦,36.95,92.38,0.0,114.0,3.36,115Q2,traded
TPEx,2026-10-02,6104,創惟,92.3,19.43,4.88,114.0,3.9,115Q2,traded
TPEx,2026-10-02,6109,亞元,10.35,,0.0,114.0,1.21,115Q2,traded
TPEx,2026-10-02,6111,光聚晶電,38.4,,0.0,114.0,1.85,115Q2,traded
TPEx,2026-10-02,6113,亞矽,24.45,40.08,0.0,114.0,2.32,115Q2,traded
TPEx,2026-10-02,6114,久威,23.4,6.17,2.14,114.0,0.64,115Q2,traded
TPEx,2026-10-02,6118,建達,16.15,100.94,0.0,114.0,1.3,115Q2,traded
TPEx,2026-10-02,6121,新普,383.0,11.57,5.69,114.0,1.78,115Q2,traded
TPEx,2026-10-02,6122,擎邦,63.9,13.71,5.32,114.0,2.8,115Q2,traded
TPEx,2026-10-02,6123,上奇,43.05,13.25,8.36,114.0,1.65,115Q2,traded
TPEx,2026-10-02,6124,業強,27.1,52.12,0.0,114.0,1.57,115Q2,traded
TPEx,2026-10-02,6125,廣運,50.9,175.52,0.98,114.0,2.83,115Q2,traded
TPEx,2026-10-02,6126,信音,31.25,40.06,1.91,114.0,1.1,115Q2,traded
TPEx,2026-10-02,6127,九豪,58.4,,0.0,114.0,5.53,115Q2,traded
TPEx,2026-10-02,6129,普誠,14.8,,0.0,114.0,1.44,115Q2,traded
TPEx,2026-10-02,6130,上亞科技,23.6,,0.0,114.0,1.86,115Q2,traded
TPEx,2026-10-02,6134,萬旭,28.9,36.58,0.69,114.0,1.93,115Q2,traded
TPEx,2026-10-02,6138,茂達,284.5,19.13,3.85,114.0,5.63,115Q2,traded
TPEx,2026-10-02,6140,訊達,20.1,,0.0,114.0,2.04,115Q2,traded
TPEx,2026-10-02,6143,振曜,80.9,10.28,7.42,114.0,2.46,115Q2,traded
TPEx,2026-10-02,6144,得利影,14.05,,0.0,114.0,1.71,115Q2,traded
TPEx,2026-10-02,6146,耕興,183.5,16.08,6.54,114.0,3.5,115Q2,traded
TPEx,2026-10-02,6147,頎邦,223.0,53.86,1.26,114.0,2.84,115Q2,traded
TPEx,2026-10-02,6148,驊宏資,38.1,35.28,3.23,114.0,3.19,115Q2,traded
TPEx,2026-10-02,6150,撼訊,68.5,16.79,0.88,114.0,1.94,115Q2,traded
TPEx,2026-10-02,6151,晉倫,35.2,15.04,4.26,114.0,1.89,115Q2,traded
TPEx,2026-10-02,6154,順發,14.2,12.46,3.59,114.0,0.89,115Q2,traded
TPEx,2026-10-02,6156,松上,22.35,55.88,0.89,114.0,1.05,115Q2,traded
TPEx,2026-10-02,6158,禾昌,17.4,,0.0,114.0,0.85,115Q2,traded
TPEx,2026-10-02,6160,欣技,13.9,,0.0,114.0,1.62,115Q2,traded
TPEx,2026-10-02,6161,捷波,49.65,12.05,4.43,114.0,2.08,115Q2,traded
TPEx,2026-10-02,6163,華電網,41.2,46.29,1.4,114.0,2.09,115Q2,traded
TPEx,2026-10-02,6167,久正,10.2,,0.0,114.0,0.87,115Q2,traded
TPEx,2026-10-02,6169,昱泉,12.0,,0.0,114.0,1.39,115Q2,traded
TPEx,2026-10-02,6170,統振,49.25,10.07,8.12,114.0,2.45,115Q2,traded
TPEx,2026-10-02,6171,大城地產,24.5,17.88,8.16,114.0,1.03,115Q2,traded
TPEx,2026-10-02,6173,信昌電,303.0,57.06,0.59,114.0,5.11,115Q2,traded
TPEx,2026-10-02,6174,安碁,55.0,43.31,0.62,114.0,4.11,115Q2,traded
TPEx,2026-10-02,6175,立敦,76.7,24.5,3.91,114.0,2.72,115Q2,traded
TPEx,2026-10-02,6179,亞通,36.5,50.0,1.37,114.0,1.73,115Q2,traded
TPEx,2026-10-02,6180,橘子,41.2,,2.49,114.0,1.82,115Q2,traded
TPEx,2026-10-02,6182,合晶,135.0,586.96,0.0,114.0,4.96,115Q2,traded
TPEx,2026-10-02,6185,幃翔,12.45,54.13,3.15,114.0,0.87,115Q2,traded
TPEx,2026-10-02,6186,新潤,28.9,5.7,17.33,114.0,1.23,115Q2,traded
TPEx,2026-10-02,6187,萬潤,1355.0,70.24,0.86,114.0,15.49,115Q2,traded
TPEx,2026-10-02,6188,廣明,62.4,22.21,5.13,114.0,1.36,115Q2,traded
TPEx,2026-10-02,6190,萬泰科,70.8,31.19,2.73,114.0,3.35,115Q2,traded
TPEx,2026-10-02,6194,育富,29.95,25.6,5.01,114.0,0.74,115Q2,traded
TPEx,2026-10-02,6195,詩肯,28.1,14.95,3.56,114.0,1.06,115Q2,traded
TPEx,2026-10-02,6198,瑞築,19.95,,0.0,114.0,0.72,115Q2,traded
TPEx,2026-10-02,6199,天品,132.0,48.53,0.0,114.0,7.69,115Q2,traded
TPEx,2026-10-02,6203,海韻電,60.3,9.18,6.63,114.0,1.69,115Q2,traded
TPEx,2026-10-02,6204,艾華,110.0,91.67,0.45,114.0,7.07,115Q2,traded
TPEx,2026-10-02,6207,雷科,148.0,97.37,0.41,114.0,4.9,115Q2,traded
TPEx,2026-10-02,6208,日揚,80.4,18.92,2.49,114.0,2.36,115Q2,traded
TPEx,2026-10-02,6210,慶生,17.8,,0.0,114.0,1.83,115Q2,traded
TPEx,2026-10-02,6212,理銘,32.1,15.97,0.0,114.0,0.86,115Q2,traded
TPEx,2026-10-02,6217,中探針,177.5,,0.0,114.0,6.91,115Q2,traded
TPEx,2026-10-02,6218,豪勉,64.4,38.33,0.0,114.0,4.13,115Q2,traded
TPEx,2026-10-02,6219,富旺,12.15,12.93,0.0,114.0,0.77,115Q2,traded
TPEx,2026-10-02,6220,岳豐,25.45,21.94,2.75,114.0,1.17,115Q2,traded
TPEx,2026-10-02,6221,晉泰,30.25,12.93,3.97,114.0,1.68,115Q2,traded
TPEx,2026-10-02,6222,立軒,19.95,,0.0,114.0,1.57,115Q2,traded
TPEx,2026-10-02,6223,旺矽,5310.0,113.7,0.41,114.0,32.71,115Q2,traded
TPEx,2026-10-02,6227,茂綸,140.5,10.93,3.2,114.0,3.37,115Q2,traded
TPEx,2026-10-02,6228,全譜,18.25,,0.0,114.0,2.01,115Q2,traded
TPEx,2026-10-02,6229,研通,24.2,22.2,2.48,114.0,1.36,115Q2,traded
TPEx,2026-10-02,6231,系微,243.0,32.23,2.35,114.0,10.26,115Q2,traded
TPEx,2026-10-02,6233,旺玖,23.55,107.05,3.19,114.0,1.24,115Q2,traded
TPEx,2026-10-02,6234,高僑,39.95,38.41,0.63,114.0,1.43,115Q2,traded
TPEx,2026-10-02,6236,中湛,16.9,1690.0,0.0,114.0,4.52,115Q2,traded
TPEx,2026-10-02,6237,驊訊,36.3,,0.28,114.0,1.98,115Q2,traded
TPEx,2026-10-02,6240,松崗,26.4,,0.0,114.0,1.71,115Q2,traded
TPEx,2026-10-02,6241,鑫永洋,16.25,21.96,0.0,114.0,1.57,115Q2,traded
TPEx,2026-10-02,6242,立康,33.85,14.1,5.91,114.0,1.28,115Q2,traded
TPEx,2026-10-02,6244,茂迪,24.1,57.38,0.58,114.0,2.05,115Q2,traded
TPEx,2026-10-02,6245,立端,88.2,20.14,4.31,114.0,2.17,115Q2,traded
TPEx,2026-10-02,6246,臺龍,12.65,63.25,0.0,114.0,1.16,115Q2,traded
TPEx,2026-10-02,6248,沛波,17.2,13.13,7.07,114.0,0.79,115Q2,traded
TPEx,2026-10-02,6259,百徽,32.65,21.91,1.07,114.0,2.18,115Q2,traded
TPEx,2026-10-02,6261,久元,78.9,15.38,3.17,114.0,1.48,115Q2,traded
TPEx,2026-10-02,6263,普萊德,169.5,19.2,4.6,114.0,6.8,115Q2,traded
TPEx,2026-10-02,6264,富裔,6.35,,0.0,114.0,0.94,115Q2,traded
TPEx,2026-10-02,6265,方土昶,50.1,6.1,0.0,114.0,2.68,115Q2,traded
TPEx,2026-10-02,6266,泰詠,26.9,13.72,6.62,114.0,1.69,115Q2,traded
TPEx,2026-10-02,6270,倍微,31.0,23.66,3.23,114.0,0.82,115Q2,traded
TPEx,2026-10-02,6274,台燿,1620.0,82.28,0.46,114.0,20.08,115Q2,traded
TPEx,2026-10-02,6275,元山,47.85,18.91,4.16,114.0,2.29,115Q2,traded
TPEx,2026-10-02,6276,安鈦克,,,0.0,114.0,3.44,115Q2,no_trade
TPEx,2026-10-02,6279,胡連,117.0,10.26,4.7,114.0,1.54,115Q2,traded
TPEx,2026-10-02,6284,佳邦,79.8,20.94,2.37,114.0,1.37,115Q2,traded
TPEx,2026-10-02,6290,良維,277.0,29.5,2.24,114.0,5.96,115Q2,traded
TPEx,2026-10-02,6291,沛亨,493.0,42.57,1.22,114.0,14.56,115Q2,traded
TPEx,2026-10-02,6292,迅德,70.9,12.87,2.54,114.0,2.77,115Q2,traded
TPEx,2026-10-02,6294,智基,28.05,10.55,10.7,114.0,1.31,115Q2,traded
TPEx,2026-10-02,6411,晶焱,79.5,18.97,2.79,114.0,1.57,115Q2,traded
TPEx,2026-10-02,6417,韋僑,104.0,15.93,2.31,114.0,2.48,115Q2,traded
TPEx,2026-10-02,6418,詠昇,34.65,91.18,1.1,114.0,2.32,115Q2,traded
TPEx,2026-10-02,6419,京晨科,156.0,5.25,0.0,114.0,2.87,115Q2,traded
TPEx,2026-10-02,6423,億而得,95.5,134.51,1.05,114.0,5.57,115Q2,traded
TPEx,2026-10-02,6425,易發,79.8,76.73,1.24,114.0,3.15,115Q2,traded
TPEx,2026-10-02,6432,今展科,66.6,27.52,1.8,114.0,2.41,115Q2,traded
TPEx,2026-10-02,6435,大中,277.0,20.78,2.71,114.0,4.63,115Q2,traded
TPEx,2026-10-02,6441,廣錠,24.95,,0.0,114.0,1.51,115Q2,traded
TPEx,2026-10-02,6461,益得,26.45,,0.0,114.0,3.26,115Q2,traded
TPEx,2026-10-02,6462,神盾,106.0,,0.0,114.0,1.31,115Q2,traded
TPEx,2026-10-02,6465,威潤,42.1,12.31,0.48,114.0,3.42,115Q2,traded
TPEx,2026-10-02,6469,大樹,64.5,18.75,5.83,114.0,2.64,115Q2,traded
TPEx,2026-10-02,6470,宇智,42.75,8.91,5.85,114.0,1.43,115Q2,traded
TPEx,2026-10-02,6474,華豫寧,35.75,10.51,6.99,114.0,1.11,115Q2,traded
TPEx,2026-10-02,6482,弘煜科,24.2,13.3,8.26,114.0,1.8,115Q2,traded
TPEx,2026-10-02,6485,點序,83.6,,0.57,114.0,2.01,115Q2,traded
TPEx,2026-10-02,6486,互動,80.9,16.85,7.42,114.0,2.33,115Q2,traded
TPEx,2026-10-02,6488,環球晶,1190.0,57.77,0.65,114.0,5.88,115Q2,traded
TPEx,2026-10-02,6492,生華科,34.4,,0.0,114.0,4.99,115Q2,traded
TPEx,2026-10-02,6494,九齊,53.3,17.89,1.88,114.0,1.64,115Q2,traded
TPEx,2026-10-02,6496,科懋,23.95,,0.0,114.0,1.61,115Q2,traded
TPEx,2026-10-02,6498,久禾光,68.4,9.04,6.58,114.0,2.09,115Q2,traded
TPEx,2026-10-02,6499,益安,79.8,,0.0,114.0,6.29,115Q2,traded
TPEx,2026-10-02,6506,雙邦,18.6,12.48,5.38,114.0,1.21,115Q2,traded
TPEx,2026-10-02,6508,惠光,26.5,25.98,1.89,114.0,0.94,115Q2,traded
TPEx,2026-10-02,6509,聚和,49.9,13.78,2.79,114.0,1.77,115Q2,traded
TPEx,2026-10-02,6510,精測,3070.0,72.41,0.5,114.0,9.98,115Q2,traded
TPEx,2026-10-02,6512,啟發電,20.2,,0.0,114.0,1.54,115Q2,traded
TPEx,2026-10-02,6516,勤崴國際,56.5,26.28,4.14,114.0,3.33,115Q2,traded
TPEx,2026-10-02,6517,保勝光學,66.0,26.29,2.27,114.0,3.06,115Q2,traded
TPEx,2026-10-02,6523,達爾膚,89.2,13.49,11.21,114.0,3.15,115Q2,traded
TPEx,2026-10-02,6527,明達醫,74.8,12.83,3.88,114.0,1.84,115Q2,traded
TPEx,2026-10-02,6530,創威,100.5,41.7,1.99,114.0,7.35,115Q2,traded
TPEx,2026-10-02,6532,瑞耘,120.0,14.93,2.5,114.0,3.64,115Q2,traded
TPEx,2026-10-02,6535,順藥,85.0,,0.0,114.0,11.5,115Q2,traded
TPEx,2026-10-02,6538,倉和,372.5,214.08,0.41,114.0,7.23,115Q2,traded
TPEx,2026-10-02,6542,隆中,40.0,90.91,0.05,114.0,2.33,115Q2,traded
TPEx,2026-10-02,6546,正基,60.3,14.78,4.15,114.0,1.89,115Q2,traded
TPEx,2026-10-02,6547,高端疫苗,60.8,,0.0,114.0,5.62,115Q2,traded
TPEx,2026-10-02,6548,長科*,76.7,34.55,1.76,114.0,5.47,115Q2,traded
TPEx,2026-10-02,6556,勝品,60.8,7.87,5.76,114.0,1.09,115Q2,traded
TPEx,2026-10-02,6560,欣普羅,31.9,26.36,0.0,114.0,1.59,115Q2,traded
TPEx,2026-10-02,6561,是方,313.0,20.84,4.57,114.0,7.39,115Q2,traded
TPEx,2026-10-02,6568,宏觀,141.0,28.14,1.42,114.0,2.77,115Q2,traded
TPEx,2026-10-02,6569,醫揚,91.8,19.53,3.27,114.0,2.31,115Q2,traded
TPEx,2026-10-02,6570,維田,47.25,18.68,2.33,114.0,2.08,115Q2,traded
TPEx,2026-10-02,6574,霈方,119.5,9.03,2.51,114.0,2.46,115Q2,traded
TPEx,2026-10-02,6576,逸達,79.0,564.29,0.0,114.0,9.78,115Q2,traded
TPEx,2026-10-02,6577,勁豐,81.2,11.23,6.16,114.0,3.45,115Q2,traded
TPEx,2026-10-02,6578,達邦蛋白,16.45,,2.43,114.0,1.17,115Q2,traded
TPEx,2026-10-02,6584,南俊國際,531.0,50.43,0.46,114.0,10.16,115Q2,traded
TPEx,2026-10-02,6588,東典光電,114.0,633.33,0.0,114.0,5.06,115Q2,traded
TPEx,2026-10-02,6590,普鴻,65.5,12.62,2.29,114.0,2.33,115Q2,traded
TPEx,2026-10-02,6593,台灣銘板,31.9,,0.0,114.0,1.19,115Q2,traded
TPEx,2026-10-02,6596,寬宏藝術,96.6,4.83,19.36,114.0,2.98,115Q2,traded
TPEx,2026-10-02,6597,立誠,63.0,39.87,1.59,114.0,2.39,115Q2,traded
TPEx,2026-10-02,6603,富強鑫,29.25,37.5,1.37,114.0,1.84,115Q2,traded
TPEx,2026-10-02,6609,瀧澤科,39.1,,0.0,114.0,1.19,115Q2,traded
TPEx,2026-10-02,6612,奈米醫材,76.5,38.83,1.71,114.0,1.9,115Q2,traded
TPEx,2026-10-02,6613,朋億*,281.0,16.62,3.56,114.0,3.4,115Q2,traded
TPEx,2026-10-02,6615,慧智,33.65,50.98,0.0,114.0,1.12,115Q2,traded
TPEx,2026-10-02,6616,特昇-KY,8.25,,0.0,114.0,0.69,115Q2,traded
TPEx,2026-10-02,6617,共信-KY,131.5,,0.0,114.0,6.85,115Q2,traded
TPEx,2026-10-02,6620,漢達,143.5,49.83,1.45,114.0,4.64,115Q2,traded
TPEx,2026-10-02,6624,萬年清,38.35,72.36,0.75,114.0,1.74,115Q2,traded
TPEx,2026-10-02,6629,泰金-KY,103.5,9.06,5.99,114.0,2.29,115Q2,traded
TPEx,2026-10-02,6637,醫影,53.4,9.71,8.43,114.0,1.33,115Q2,traded
TPEx,2026-10-02,6640,均華,1125.0,67.16,1.33,114.0,6.28,115Q2,traded
TPEx,2026-10-02,6642,富致,83.6,22.12,2.15,114.0,2.88,115Q2,traded
TPEx,2026-10-02,6643,M31,516.0,543.16,0.23,114.0,11.57,115Q2,traded
TPEx,2026-10-02,6649,台生材,37.35,47.28,2.68,114.0,2.44,115Q2,traded
TPEx,2026-10-02,6651,全宇昕,150.5,16.85,2.66,114.0,3.97,115Q2,traded
TPEx,2026-10-02,6654,天正國際,219.0,77.39,0.0,114.0,6.74,115Q2,traded
TPEx,2026-10-02,6661,威健生技,,,0.0,114.0,1.38,115Q2,no_trade
TPEx,2026-10-02,6662,樂斯科,28.6,17.88,5.42,114.0,1.71,115Q2,traded
TPEx,2026-10-02,6664,群翊,378.0,22.73,2.68,114.0,5.52,115Q2,traded
TPEx,2026-10-02,6667,信紘科,260.0,17.77,4.5,114.0,5.15,115Q2,traded
TPEx,2026-10-02,6679,鈺太,209.0,16.94,3.11,114.0,1.89,115Q2,traded
TPEx,2026-10-02,6680,鑫創電子,,54.79,0.58,114.0,2.25,115Q2,no_trade
TPEx,2026-10-02,6683,雍智科技,1490.0,66.52,0.6,114.0,14.52,115Q2,traded
TPEx,2026-10-02,6684,安格,50.0,,0.0,114.0,1.44,115Q2,traded
TPEx,2026-10-02,6690,安碁資訊,176.0,16.07,5.11,114.0,1.75,115Q2,traded
TPEx,2026-10-02,6692,進能服,22.7,,0.89,114.0,1.37,115Q2,traded
TPEx,2026-10-02,6693,廣閎科,206.0,41.37,0.29,114.0,7.44,115Q2,traded
TPEx,2026-10-02,6697,東捷資訊,41.15,13.45,6.32,114.0,1.87,115Q2,traded
TPEx,2026-10-02,6703,軒郁,100.5,9.79,1.0,114.0,2.56,115Q2,traded
TPEx,2026-10-02,6708,天擎,62.4,201.29,0.0,114.0,4.64,115Q2,traded
TPEx,2026-10-02,6712,長聖,161.0,34.62,2.48,114.0,5.76,115Q2,traded
TPEx,2026-10-02,6716,應廣,121.0,19.48,1.32,114.0,4.31,115Q2,traded
TPEx,2026-10-02,6720,久昌,126.0,34.43,2.78,114.0,4.33,115Q2,traded
TPEx,2026-10-02,6721,信實,,9.92,6.57,114.0,1.74,115Q2,no_trade
TPEx,2026-10-02,6725,矽科宏晟,220.5,16.74,3.17,114.0,3.45,115Q2,traded
TPEx,2026-10-02,6727,亞泰金屬,516.0,48.27,0.87,114.0,9.54,115Q2,traded
TPEx,2026-10-02,6728,上洋,108.5,11.9,5.99,114.0,1.66,115Q2,traded
TPEx,2026-10-02,6730,常廣,31.95,16.9,4.69,114.0,1.57,115Q2,traded
TPEx,2026-10-02,6732,昇佳電子,154.5,22.26,3.56,114.0,1.63,115Q2,traded
TPEx,2026-10-02,6733,博晟生醫,25.1,,0.0,114.0,3.16,115Q2,traded
TPEx,2026-10-02,6735,美達科技,67.5,48.21,1.04,114.0,3.29,115Q2,traded
TPEx,2026-10-02,6739,竹陞科技,1175.0,49.77,1.11,114.0,26.58,115Q2,traded
TPEx,2026-10-02,6741,91APP*-KY,55.1,12.27,3.73,114.0,2.04,115Q2,traded
TPEx,2026-10-02,6751,智聯服務,44.5,7.71,6.74,114.0,1.06,115Q2,traded
TPEx,2026-10-02,6752,叡揚,96.5,14.05,4.97,114.0,2.68,115Q2,traded
TPEx,2026-10-02,6761,穩得,168.0,22.64,3.57,114.0,3.43,115Q2,traded
TPEx,2026-10-02,6762,達亞,161.0,322.0,0.62,114.0,4.34,115Q2,traded
TPEx,2026-10-02,6763,綠界科技*,41.45,10.04,7.24,114.0,2.56,115Q2,traded
TPEx,2026-10-02,6767,台微醫,24.45,,0.0,114.0,1.67,115Q2,traded
TPEx,2026-10-02,6785,昱展新藥,94.7,,0.11,114.0,2.66,115Q2,traded
TPEx,2026-10-02,6788,華景電,360.0,18.64,4.17,114.0,5.29,115Q2,traded
TPEx,2026-10-02,6791,虎門科技,100.0,21.14,3.5,114.0,4.43,115Q2,traded
TPEx,2026-10-02,6803,崑鼎,267.0,14.42,5.91,114.0,2.84,115Q2,traded
TPEx,2026-10-02,6804,明係,18.35,,2.72,114.0,0.68,115Q2,traded
TPEx,2026-10-02,6811,宏碁資訊,240.0,14.87,4.38,114.0,4.28,115Q2,traded
TPEx,2026-10-02,6821,聯寶,46.45,26.54,2.34,114.0,2.0,115Q2,traded
TPEx,2026-10-02,6823,濾能,61.1,,0.0,114.0,3.76,115Q2,traded
TPEx,2026-10-02,6829,千附精密,208.0,38.95,1.68,114.0,6.44,115Q2,traded
TPEx,2026-10-02,6840,東研信超,98.7,45.91,1.01,114.0,2.81,115Q2,traded
TPEx,2026-10-02,6841,長佳智能,56.5,84.33,1.77,114.0,3.37,115Q2,traded
TPEx,2026-10-02,6843,進典,38.6,20.53,5.18,114.0,1.55,115Q2,traded
TPEx,2026-10-02,6844,諾貝兒,57.0,17.38,7.02,114.0,0.69,115Q2,traded
TPEx,2026-10-02,6846,綠茵,58.5,12.45,6.74,114.0,1.72,115Q2,traded
TPEx,2026-10-02,6855,數泓科,113.5,11.46,4.85,114.0,2.99,115Q2,traded
TPEx,2026-10-02,6856,鑫傳,41.65,13.84,7.2,114.0,1.64,115Q2,traded
TPEx,2026-10-02,6859,伯特光,122.5,43.44,1.63,114.0,2.42,115Q2,traded
TPEx,2026-10-02,6865,偉康科技,27.65,,5.07,114.0,1.26,115Q2,traded
TPEx,2026-10-02,6870,騰雲,312.0,36.03,1.66,114.0,6.01,115Q2,traded
TPEx,2026-10-02,6872,浩宇生醫,23.1,,0.0,114.0,3.36,115Q2,traded
TPEx,2026-10-02,6874,倍力,70.4,17.0,5.68,114.0,3.23,115Q2,traded
TPEx,2026-10-02,6875,國邑*,29.9,,0.0,114.0,2.83,115Q2,traded
TPEx,2026-10-02,6877,鏵友益,152.0,,0.33,114.0,8.54,115Q2,traded
TPEx,2026-10-02,6881,潤德,215.0,10.53,8.6,114.0,4.2,115Q2,traded
TPEx,2026-10-02,6884,海柏特,31.35,16.33,4.78,114.0,1.82,115Q2,traded
TPEx,2026-10-02,6894,衛司特,363.0,23.03,2.34,114.0,5.23,115Q2,traded
TPEx,2026-10-02,6895,宏碩系統,149.5,293.14,1.94,114.0,5.69,115Q2,traded
TPEx,2026-10-02,6899,創為精密,49.5,11.25,5.66,114.0,1.12,115Q2,traded
TPEx,2026-10-02,6903,巨漢,317.0,14.57,2.68,114.0,5.73,115Q2,traded
TPEx,2026-10-02,6904,伯鑫,122.0,16.03,4.1,114.0,2.24,115Q2,traded
TPEx,2026-10-02,6907,雅特力-KY,200.5,40.26,0.5,114.0,7.75,115Q2,traded
TPEx,2026-10-02,6910,德鴻,26.25,14.19,6.67,114.0,1.78,115Q2,traded
TPEx,2026-10-02,6913,鴻呈,130.0,19.79,1.92,114.0,3.25,115Q2,traded
TPEx,2026-10-02,6922,宸曜,212.5,22.18,2.27,114.0,5.33,115Q2,traded
TPEx,2026-10-02,6925,意藍,68.5,23.54,2.92,114.0,3.52,115Q2,traded
TPEx,2026-10-02,6929,佑全,22.3,,0.0,114.0,1.0,115Q2,traded
TPEx,2026-10-02,6945,圓祥生技,136.0,,0.0,114.0,5.68,115Q2,traded
TPEx,2026-10-02,6953,家碩,256.0,26.31,2.34,114.0,4.67,115Q2,traded
TPEx,2026-10-02,6961,旅天下,47.4,18.44,10.55,114.0,1.39,115Q2,traded
TPEx,2026-10-02,6967,汎瑋材料,70.0,13.41,5.29,114.0,2.09,115Q2,traded
TPEx,2026-10-02,6968,萬達寵物,41.3,16.26,3.63,114.0,1.55,115Q2,traded
TPEx,2026-10-02,6971,惠民實業,23.45,10.2,6.4,114.0,1.04,115Q2,traded
TPEx,2026-10-02,6982,大井泵浦,45.0,,3.55,114.0,2.1,115Q2,traded
TPEx,2026-10-02,6983,華洋精機,355.0,87.44,0.85,114.0,7.1,115Q2,traded
TPEx,2026-10-02,6986,和迅,44.0,19.73,0.5,114.0,2.15,115Q2,traded
TPEx,2026-10-02,6996,力領科技,169.5,11.26,5.9,114.0,2.63,115Q2,traded
TPEx,2026-10-02,6997,博弘,68.7,34.01,6.7,114.0,3.0,115Q2,traded
TPEx,2026-10-02,7402,邑錡,101.0,,0.49,114.0,5.69,115Q2,traded
TPEx,2026-10-02,7547,碩網,64.1,20.74,2.77,114.0,2.23,115Q2,traded
TPEx,2026-10-02,7556,意德士,273.0,31.67,1.66,114.0,4.33,115Q2,traded
TPEx,2026-10-02,7584,樂意,,,1.43,114.0,1.05,115Q2,no_trade
TPEx,2026-10-02,7642,昶瑞機電,68.8,27.85,4.36,114.0,2.18,115Q2,traded
TPEx,2026-10-02,7703,銳澤,205.0,27.52,3.41,114.0,3.52,115Q2,traded
TPEx,2026-10-02,7704,明遠精密,61.0,18.94,2.95,114.0,1.76,115Q2,traded
TPEx,2026-10-02,7708,全家餐飲,91.8,12.21,5.99,114.0,2.33,115Q2,traded
TPEx,2026-10-02,7709,榮田,85.3,22.81,1.76,114.0,1.96,115Q2,traded
TPEx,2026-10-02,7712,博盛半導體,170.5,24.6,2.35,114.0,2.94,115Q2,traded
TPEx,2026-10-02,7713,威力德生醫,,13.56,5.52,114.0,2.81,115Q2,no_trade
TPEx,2026-10-02,7714,創泓科技,171.0,22.12,2.92,114.0,6.2,115Q2,traded
TPEx,2026-10-02,7715,裕山,28.25,19.48,6.37,114.0,1.03,115Q2,traded
TPEx,2026-10-02,7716,昱臺國際,24.45,14.47,6.95,114.0,1.15,115Q2,traded
TPEx,2026-10-02,7717,萊德光電-KY,561.0,79.35,0.59,114.0,13.31,115Q2,traded
TPEx,2026-10-02,7718,友鋮,45.85,8.31,5.45,114.0,1.34,115Q2,traded
TPEx,2026-10-02,7723,築間,18.25,,0.0,114.0,1.37,115Q2,traded
TPEx,2026-10-02,7728,光焱科技,645.0,102.38,0.79,114.0,12.38,115Q2,traded
TPEx,2026-10-02,7734,印能科技,2825.0,59.55,0.7,114.0,11.71,115Q2,traded
TPEx,2026-10-02,7738,東聯互動,155.0,12.11,6.45,114.0,2.25,115Q2,traded
TPEx,2026-10-02,7743,金利食安,25.25,21.96,1.98,114.0,1.42,115Q2,traded
TPEx,2026-10-02,7744,崴寶,527.0,24.26,1.33,114.0,6.24,115Q2,traded
TPEx,2026-10-02,7747,昕奇雲端,112.0,22.9,3.57,114.0,3.19,115Q2,traded
TPEx,2026-10-02,7751,竑騰,1590.0,61.63,1.13,114.0,18.11,115Q2,traded
TPEx,2026-10-02,7753,星亞,35.7,8.11,4.2,114.0,1.57,115Q2,traded
TPEx,2026-10-02,7757,金色三麥,89.1,10.99,8.7,114.0,2.15,115Q2,traded
TPEx,2026-10-02,7767,仁大資訊,46.1,10.18,6.51,114.0,1.54,115Q2,traded
TPEx,2026-10-02,7770,君曜,43.35,17.07,4.61,114.0,2.29,115Q2,traded
TPEx,2026-10-02,7772,耀穎,186.0,235.44,0.81,114.0,4.85,115Q2,traded
TPEx,2026-10-02,7777,能率亞洲,39.2,31.36,0.64,114.0,3.13,115Q2,traded
TPEx,2026-10-02,7782,光速火箭,25.15,11.48,8.0,114.0,1.27,115Q2,traded
TPEx,2026-10-02,7792,安葆,425.0,38.43,1.88,114.0,5.97,115Q2,traded
TPEx,2026-10-02,7794,宏碁智新,30.2,12.38,5.3,114.0,1.81,115Q2,traded
TPEx,2026-10-02,7805,威聯通,489.5,10.31,8.17,114.0,2.1,115Q2,traded
TPEx,2026-10-02,7810,捷創科技,245.0,28.0,2.04,114.0,5.23,115Q2,traded
TPEx,2026-10-02,7811,民盛,72.5,10.48,7.82,114.0,1.22,115Q2,traded
TPEx,2026-10-02,7814,海昌生技,28.2,201.43,0.0,114.0,3.87,115Q2,traded
TPEx,2026-10-02,7819,精誠金融,33.7,19.48,5.16,114.0,1.43,115Q2,traded
TPEx,2026-10-02,7820,立盈,112.0,48.7,1.34,114.0,3.4,115Q2,traded
TPEx,2026-10-02,7825,和亞智慧,84.9,42.24,1.65,114.0,4.68,115Q2,traded
TPEx,2026-10-02,7828,創新服務,1850.0,187.63,0.24,114.0,14.5,115Q2,traded
TPEx,2026-10-02,7839,達人網,42.95,20.75,4.74,114.0,2.74,115Q2,traded
TPEx,2026-10-02,7842,天能綠電,96.8,22.05,3.31,114.0,2.09,115Q2,traded
TPEx,2026-10-02,7856,漢測,4195.0,155.49,0.02,114.0,62.57,115Q2,traded
TPEx,2026-10-02,8024,佑華,12.5,,0.0,114.0,1.44,115Q2,traded
TPEx,2026-10-02,8027,鈦昇,213.5,711.67,0.0,114.0,7.92,115Q2,traded
TPEx,2026-10-02,8032,光菱,36.1,10.28,3.32,114.0,0.85,115Q2,traded
TPEx,2026-10-02,8034,榮群,19.85,17.11,6.05,114.0,1.67,115Q2,traded
TPEx,2026-10-02,8038,長園科,34.8,41.93,0.0,114.0,4.49,115Q2,traded
TPEx,2026-10-02,8040,九暘,95.7,1196.25,0.0,114.0,3.72,115Q2,traded
TPEx,2026-10-02,8042,金山電,121.0,31.68,0.99,114.0,3.49,115Q2,traded
TPEx,2026-10-02,8043,蜜望實,142.0,34.38,0.63,114.0,4.0,115Q2,traded
TPEx,2026-10-02,8044,網家,24.35,,0.0,114.0,0.76,115Q2,traded
TPEx,2026-10-02,8047,星雲,51.6,,0.0,114.0,5.57,115Q2,traded
TPEx,2026-10-02,8048,德勝,51.3,14.78,4.48,114.0,2.51,115Q2,traded
TPEx,2026-10-02,8049,晶采,24.85,13.01,5.63,114.0,1.14,115Q2,traded
TPEx,2026-10-02,8050,廣積,62.2,23.74,3.45,114.0,1.68,115Q2,traded
TPEx,2026-10-02,8054,安國,89.5,,0.0,114.0,3.69,115Q2,traded
TPEx,2026-10-02,8059,凱碩,18.05,,0.0,114.0,2.04,115Q2,traded
TPEx,2026-10-02,8064,東捷,141.5,58.23,0.69,114.0,6.19,115Q2,traded
TPEx,2026-10-02,8066,來思達,14.95,,0.0,114.0,1.0,115Q2,traded
TPEx,2026-10-02,8067,志旭,11.8,47.2,0.0,114.0,1.68,115Q2,traded
TPEx,2026-10-02,8068,全達,17.75,,0.0,114.0,1.29,115Q2,traded
TPEx,2026-10-02,8069,元太,143.5,13.96,4.1,114.0,2.19,115Q2,traded
TPEx,2026-10-02,8071,能率網通,22.4,,0.0,114.0,1.73,115Q2,traded
TPEx,2026-10-02,8074,鉅橡,56.9,31.09,1.93,114.0,2.43,115Q2,traded
TPEx,2026-10-02,8076,伍豐,21.85,156.07,3.2,114.0,1.71,115Q2,traded
TPEx,2026-10-02,8077,洛碁,41.5,6.12,4.82,114.0,1.73,115Q2,traded
TPEx,2026-10-02,8080,泰霖,,,0.0,114.0,3.4,115Q2,no_trade
TPEx,2026-10-02,8083,瑞穎,157.5,13.83,6.35,114.0,5.05,115Q2,traded
TPEx,2026-10-02,8084,巨虹,21.8,,0.0,114.0,2.97,115Q2,traded
TPEx,2026-10-02,8085,福華,14.7,,0.0,114.0,1.78,115Q2,traded
TPEx,2026-10-02,8086,宏捷科,120.0,22.39,1.4,114.0,2.78,115Q2,traded
TPEx,2026-10-02,8087,麗升能源,24.0,,0.0,114.0,1.19,115Q2,traded
TPEx,2026-10-02,8088,品安,44.45,14.87,3.37,114.0,2.43,115Q2,traded
TPEx,2026-10-02,8089,康全電訊,19.6,,0.0,114.0,1.3,115Q2,traded
TPEx,2026-10-02,8091,翔名,237.0,24.79,1.78,114.0,3.16,115Q2,traded
TPEx,2026-10-02,8092,建暐,12.3,82.0,0.0,114.0,1.3,115Q2,traded
TPEx,2026-10-02,8093,保銳,25.25,,0.0,114.0,2.6,115Q2,traded
TPEx,2026-10-02,8096,擎亞,89.0,24.59,0.56,114.0,4.29,115Q2,traded
TPEx,2026-10-02,8097,常珵,48.8,,0.0,114.0,3.07,115Q2,traded
TPEx,2026-10-02,8099,大世科,60.4,18.36,3.48,114.0,3.7,115Q2,traded
TPEx,2026-10-02,8102,傑霖科技,59.6,23.65,1.68,114.0,3.25,115Q2,traded
TPEx,2026-10-02,8107,大億金茂,11.95,9.56,0.0,114.0,0.57,115Q2,traded
TPEx,2026-10-02,8109,博大,146.5,19.72,3.07,114.0,3.97,115Q2,traded
TPEx,2026-10-02,8111,立碁,85.8,75.26,0.7,114.0,6.77,115Q2,traded
TPEx,2026-10-02,8121,越峰,34.1,426.25,0.0,114.0,3.59,115Q2,traded
TPEx,2026-10-02,8147,正淩,143.5,56.05,2.11,114.0,4.08,115Q2,traded
TPEx,2026-10-02,8155,博智,323.0,27.84,1.6,114.0,5.24,115Q2,traded
TPEx,2026-10-02,8171,天宇,20.65,,0.0,114.0,1.25,115Q2,traded
TPEx,2026-10-02,8176,智捷,9.77,31.52,0.0,114.0,1.15,115Q2,traded
TPEx,2026-10-02,8182,加高,46.4,44.19,0.54,114.0,1.38,115Q2,traded
TPEx,2026-10-02,8227,巨有科技,370.0,71.84,0.46,114.0,12.2,115Q2,traded
TPEx,2026-10-02,8234,新漢,63.3,,0.63,114.0,2.96,115Q2,traded
TPEx,2026-10-02,8240,華宏,60.6,25.79,2.15,114.0,1.26,115Q2,traded
TPEx,2026-10-02,8255,朋程,153.0,22.67,2.28,114.0,1.7,115Q2,traded
TPEx,2026-10-02,8272,全景軟體,62.0,13.54,4.52,114.0,2.0,115Q2,traded
TPEx,2026-10-02,8277,商丞,15.2,,0.0,114.0,1.38,115Q2,traded
TPEx,2026-10-02,8279,生展,79.5,9.53,6.29,114.0,0.92,115Q2,traded
TPEx,2026-10-02,8284,三竹,67.8,10.37,5.9,114.0,2.4,115Q2,traded
TPEx,2026-10-02,8289,泰藝,56.1,52.92,0.27,114.0,2.33,115Q2,traded
TPEx,2026-10-02,8291,尚茂,28.6,,0.0,114.0,8.61,115Q2,traded
TPEx,2026-10-02,8299,群聯,2095.0,9.6,1.11,114.0,4.54,115Q2,traded
TPEx,2026-10-02,8342,益張,83.5,11.06,5.99,114.0,2.73,115Q2,traded
TPEx,2026-10-02,8349,恒耀,40.4,15.84,3.8,114.0,1.16,115Q2,traded
TPEx,2026-10-02,8354,冠好,16.75,6.18,0.66,114.0,0.6,115Q2,traded
TPEx,2026-10-02,8358,金居,519.0,77.35,0.39,114.0,14.09,115Q2,traded
TPEx,2026-10-02,8383,千附,68.4,13.85,3.65,114.0,2.03,115Q2,traded
TPEx,2026-10-02,8390,金益鼎,90.5,10.03,4.2,114.0,2.31,115Q2,traded
TPEx,2026-10-02,8401,白紗科,22.8,8.67,5.26,114.0,1.34,115Q2,traded
TPEx,2026-10-02,8403,盛弘,18.9,16.02,3.17,114.0,0.79,115Q2,traded
TPEx,2026-10-02,8409,商之器,18.05,17.7,0.0,114.0,1.92,115Q2,traded
TPEx,2026-10-02,8410,森田,27.7,6.31,5.78,114.0,0.55,115Q2,traded
TPEx,2026-10-02,8415,大國鋼,35.25,8.88,4.26,114.0,1.24,115Q2,traded
TPEx,2026-10-02,8416,實威,171.0,11.63,4.97,114.0,2.97,115Q2,traded
TPEx,2026-10-02,8421,旭源,13.0,30.95,0.0,114.0,0.95,115Q2,traded
TPEx,2026-10-02,8423,保綠-KY,18.0,16.82,3.89,114.0,1.22,115Q2,traded
TPEx,2026-10-02,8424,惠普,69.6,11.21,7.18,114.0,2.27,115Q2,traded
TPEx,2026-10-02,8426,紅木-KY,20.6,9.67,3.88,114.0,0.89,115Q2,traded
TPEx,2026-10-02,8431,匯鑽科,64.1,,0.0,114.0,4.47,115Q2,traded
TPEx,2026-10-02,8432,東生華,51.1,11.75,5.11,114.0,1.39,115Q2,traded
TPEx,2026-10-02,8433,弘帆,52.8,7.26,7.95,114.0,1.21,115Q2,traded
TPEx,2026-10-02,8435,鉅邁,53.2,10.37,6.02,114.0,1.99,115Q2,traded
TPEx,2026-10-02,8436,大江,104.0,11.82,5.78,114.0,1.49,115Q2,traded
TPEx,2026-10-02,8437,大地-KY,10.5,,0.0,114.0,0.21,115Q2,traded
TPEx,2026-10-02,8440,綠電,20.25,20.45,0.99,114.0,1.53,115Q2,traded
TPEx,2026-10-02,8444,綠河-KY,,,0.0,114.0,3.72,115Q2,no_trade
TPEx,2026-10-02,8446,華研,84.5,10.76,9.47,114.0,2.22,115Q2,traded
TPEx,2026-10-02,8450,霹靂,14.25,,0.0,114.0,1.79,115Q2,traded
TPEx,2026-10-02,8455,大拓-KY,,42.5,0.0,114.0,1.0,115Q2,no_trade
TPEx,2026-10-02,8472,納維康,65.3,,0.0,114.0,4.48,115Q2,traded
TPEx,2026-10-02,8477,創業家,14.05,,0.0,114.0,1.67,115Q2,traded
TPEx,2026-10-02,8489,三貝德,22.25,33.71,0.0,114.0,1.4,115Q2,traded
TPEx,2026-10-02,8905,裕國,,42.59,2.06,114.0,1.45,115Q2,no_trade
TPEx,2026-10-02,8906,花王,28.5,,0.0,114.0,2.57,115Q2,traded
TPEx,2026-10-02,8908,欣雄,39.8,18.86,4.53,114.0,3.05,115Q2,traded
TPEx,2026-10-02,8916,光隆,40.95,14.22,7.41,114.0,1.21,115Q2,traded
TPEx,2026-10-02,8917,欣泰,,21.48,3.91,114.0,3.32,115Q2,no_trade
TPEx,2026-10-02,8921,沈氏,16.45,,1.62,114.0,0.67,115Q2,traded
TPEx,2026-10-02,8923,時報,,22.5,5.0,114.0,1.23,115Q2,no_trade
TPEx,2026-10-02,8924,大田,49.5,18.0,8.69,114.0,1.06,115Q2,traded
TPEx,2026-10-02,8927,北基,19.15,20.82,1.6,114.0,1.43,115Q2,traded
TPEx,2026-10-02,8928,鉅明,22.9,9.66,3.49,114.0,1.07,115Q2,traded
TPEx,2026-10-02,8929,富堡,13.1,37.43,0.0,114.0,0.82,115Q2,traded
TPEx,2026-10-02,8930,青鋼,28.6,11.0,7.69,114.0,1.66,115Q2,traded
TPEx,2026-10-02,8931,大汽電,42.85,36.62,3.73,114.0,2.65,115Q2,traded
TPEx,2026-10-02,8932,智通*,91.1,43.18,1.45,114.0,13.15,115Q2,traded
TPEx,2026-10-02,8933,愛地雅,4.59,,0.0,114.0,0.98,115Q2,traded
TPEx,2026-10-02,8935,邦泰,19.2,,0.0,114.0,2.51,115Q2,traded
TPEx,2026-10-02,8936,國統,52.3,12.05,5.74,114.0,2.05,115Q2,traded
TPEx,2026-10-02,8937,合騏*,25.2,420.0,0.0,114.0,4.55,115Q2,traded
TPEx,2026-10-02,8938,明安,52.2,9.94,7.66,114.0,1.05,115Q2,traded
TPEx,2026-10-02,8941,關中,44.0,14.29,2.27,114.0,1.54,115Q2,traded
TPEx,2026-10-02,8942,森鉅,40.05,7.56,2.5,114.0,0.77,115Q2,traded
TPEx,2026-10-02,9949,琉園,24.3,3.99,9.05,114.0,2.18,115Q2,traded
TPEx,2026-10-02,9950,萬國通,10.2,,0.0,114.0,1.21,115Q2,traded
TPEx,2026-10-02,9951,皇田,46.9,8.26,6.94,114.0,0.88,115Q2,traded
TPEx,2026-10-02,9960,邁達康,38.0,16.67,4.08,114.0,1.81,115Q2,traded
TPEx,2026-10-02,9962,有益,10.35,45.0,0.0,114.0,0.87,115Q2,traded
TWSE,2026-10-02,1101,台泥,25.35,,3.16,114.0,0.82,115/2,traded
TWSE,2026-10-02,1102,亞泥,35.6,9.83,6.46,114.0,0.68,115/2,traded
TWSE,2026-10-02,1103,嘉泥,13.2,9.85,3.94,114.0,0.49,115/2,traded
TWSE,2026-10-02,1104,環泥,26.55,9.83,6.97,114.0,0.74,115/2,traded
TWSE,2026-10-02,1108,幸福,11.15,16.4,8.97,114.0,0.83,115/2,traded
TWSE,2026-10-02,1109,信大,13.25,19.2,6.79,114.0,0.55,115/2,traded
TWSE,2026-10-02,1110,東泥,14.35,23.15,2.09,114.0,0.86,115/2,traded
TWSE,2026-10-02,1201,味全,11.55,18.93,1.82,114.0,0.73,115/2,traded
TWSE,2026-10-02,1203,味王,42.9,20.43,2.33,114.0,1.57,115/2,traded
TWSE,2026-10-02,1210,大成,51.5,12.65,5.83,114.0,1.69,115/2,traded
TWSE,2026-10-02,1213,大飲,7.08,,0.0,114.0,0.64,115/2,traded
TWSE,2026-10-02,1215,卜蜂,105.0,12.1,6.67,114.0,2.83,115/2,traded
TWSE,2026-10-02,1216,統一,72.7,17.56,4.13,114.0,3.03,115/2,traded
TWSE,2026-10-02,1217,愛之味,9.94,15.06,2.52,114.0,0.64,115/2,traded
TWSE,2026-10-02,1218,泰山,14.45,,9.13,114.0,0.61,115/2,traded
TWSE,2026-10-02,1219,福壽,11.4,,4.39,114.0,0.98,115/2,traded
TWSE,2026-10-02,1220,台榮,10.8,154.29,1.85,114.0,0.84,115/2,traded
TWSE,2026-10-02,1225,福懋油,24.2,115.24,0.0,114.0,1.56,115/2,traded
TWSE,2026-10-02,1227,佳格,27.95,17.36,4.79,114.0,1.39,115/2,traded
TWSE,2026-10-02,1229,聯華,40.0,16.06,5.0,114.0,1.14,115/2,traded
TWSE,2026-10-02,1231,聯華食,79.3,16.05,3.15,114.0,3.16,115/2,traded
TWSE,2026-10-02,1232,大統益,153.5,17.0,4.69,114.0,4.45,115/2,traded
TWSE,2026-10-02,1233,天仁,28.0,30.43,0.71,114.0,1.81,115/2,traded
TWSE,2026-10-02,1234,黑松,32.65,19.91,5.05,114.0,0.71,115/2,traded
TWSE,2026-10-02,1235,興泰,31.7,,3.15,114.0,0.55,115/2,traded
TWSE,2026-10-02,1236,宏亞,25.55,,6.46,114.0,0.85,115/2,traded
TWSE,2026-10-02,1256,鮮活果汁-KY,168.0,10.8,3.93,114.0,1.43,115/2,traded
TWSE,2026-10-02,1301,台塑,68.3,41.65,0.73,114.0,0.76,115/2,traded
TWSE,2026-10-02,1303,南亞,260.0,41.94,0.31,114.0,4.32,115/2,traded
TWSE,2026-10-02,1304,台聚,12.7,,1.18,114.0,0.77,115/2,traded
TWSE,2026-10-02,1305,華夏,12.55,,0.8,114.0,0.95,115/2,traded
TWSE,2026-10-02,1307,三芳,31.3,9.34,7.03,114.0,1.25,115/2,traded
TWSE,2026-10-02,1308,亞聚,14.45,,1.38,114.0,0.8,115/2,traded
TWSE,2026-10-02,1309,台達化,14.3,,1.05,114.0,1.06,115/2,traded
TWSE,2026-10-02,1310,台苯,9.61,,0.0,114.0,0.81,115/2,traded
TWSE,2026-10-02,1312,國喬,14.75,,0.0,114.0,0.57,115/2,traded
TWSE,2026-10-02,1313,聯成,12.65,,0.79,114.0,0.56,115/2,traded
TWSE,2026-10-02,1314,中石化,8.95,,0.0,114.0,0.45,115/2,traded
TWSE,2026-10-02,1315,達新,68.6,28.11,6.56,114.0,0.49,115/2,traded
TWSE,2026-10-02,1316,上曜,10.55,,0.0,114.0,0.88,115/2,traded
TWSE,2026-10-02,1319,東陽,78.1,12.68,6.4,114.0,1.71,115/2,traded
TWSE,2026-10-02,1321,大洋,32.35,248.85,0.0,114.0,1.18,115/2,traded
TWSE,2026-10-02,1323,永裕,21.25,16.73,4.24,114.0,0.73,115/2,traded
TWSE,2026-10-02,1324,地球,9.91,,0.0,114.0,0.83,115/2,traded
TWSE,2026-10-02,1325,恆大,25.95,,0.0,114.0,0.86,115/2,traded
TWSE,2026-10-02,1326,台化,71.7,30.38,0.84,114.0,0.81,115/2,traded
TWSE,2026-10-02,1337,再生-KY,4.43,,0.0,114.0,0.33,115/2,traded
TWSE,2026-10-02,1338,廣華-KY,15.2,,2.04,114.0,0.21,115/2,traded
TWSE,2026-10-02,1339,昭輝,42.5,7.31,5.88,114.0,0.76,115/2,traded
TWSE,2026-10-02,1340,勝悅-KY,5.21,,0.0,114.0,0.3,115/2,traded
TWSE,2026-10-02,1341,富林-KY,59.0,11.99,6.78,114.0,2.52,115/2,traded
TWSE,2026-10-02,1342,八貫,100.0,14.14,6.0,114.0,3.47,115/2,traded
TWSE,2026-10-02,1402,遠東新,28.05,14.53,4.46,114.0,0.64,115/2,traded
TWSE,2026-10-02,1409,新纖,24.95,11.34,3.61,114.0,0.84,115/2,traded
TWSE,2026-10-02,1410,南染,23.95,32.81,0.84,114.0,1.41,115/2,traded
TWSE,2026-10-02,1413,宏洲,9.23,29.77,0.0,114.0,1.06,115/2,traded
TWSE,2026-10-02,1414,東和,17.25,30.8,1.16,114.0,1.15,115/2,traded
TWSE,2026-10-02,1416,廣豐,11.85,10.04,4.81,114.0,0.49,115/2,traded
TWSE,2026-10-02,1417,嘉裕,8.13,15.94,3.08,114.0,0.65,115/2,traded
TWSE,2026-10-02,1418,東華,18.4,,0.0,114.0,0.88,115/2,traded
TWSE,2026-10-02,1419,新紡,65.6,4.72,2.74,114.0,0.86,115/2,traded
TWSE,2026-10-02,1423,利華,34.3,10.06,10.5,114.0,1.0,115/2,traded
TWSE,2026-10-02,1432,大魯閣,14.95,2.93,13.38,114.0,1.22,115/2,traded
TWSE,2026-10-02,1434,福懋,18.2,19.78,2.75,114.0,0.63,115/2,traded
TWSE,2026-10-02,1435,中福,21.55,,0.0,114.0,3.28,115/2,traded
TWSE,2026-10-02,1436,華友聯,35.35,12.54,14.29,114.0,1.24,115/2,traded
TWSE,2026-10-02,1437,勤益控,31.55,7.29,3.04,114.0,0.74,115/2,traded
TWSE,2026-10-02,1438,三地開發,21.4,8.26,0.93,114.0,0.76,115/2,traded
TWSE,2026-10-02,1439,雋揚,29.0,9.45,1.72,114.0,0.89,115/2,traded
TWSE,2026-10-02,1440,南紡,13.3,443.33,2.26,114.0,0.77,115/2,traded
TWSE,2026-10-02,1441,大東,9.82,,0.0,114.0,1.94,115/2,traded
TWSE,2026-10-02,1442,名軒,26.7,15.61,8.99,114.0,1.32,115/2,traded
TWSE,2026-10-02,1443,立益物流,22.85,11.26,0.0,114.0,1.3,115/2,traded
TWSE,2026-10-02,1444,力麗,6.92,,0.0,114.0,0.68,115/2,traded
TWSE,2026-10-02,1445,大宇,10.0,,5.0,114.0,0.61,115/2,traded
TWSE,2026-10-02,1446,宏和,13.4,14.26,11.19,114.0,0.69,115/2,traded
TWSE,2026-10-02,1447,力鵬,6.54,,0.0,114.0,0.68,115/2,traded
TWSE,2026-10-02,1449,佳和,12.35,,0.0,114.0,0.64,115/2,traded
TWSE,2026-10-02,1451,年興,17.05,11.29,5.87,114.0,0.46,115/2,traded
TWSE,2026-10-02,1452,宏益,10.7,,1.87,114.0,0.52,115/2,traded
TWSE,2026-10-02,1453,大將,10.95,15.64,2.74,114.0,0.83,115/2,traded
TWSE,2026-10-02,1454,台富,12.1,,0.83,114.0,1.13,115/2,traded
TWSE,2026-10-02,1455,集盛,10.0,18.87,1.6,114.0,0.86,115/2,traded
TWSE,2026-10-02,1456,怡華,15.1,5.21,0.0,114.0,0.77,115/2,traded
TWSE,2026-10-02,1457,宜進,14.35,10.63,6.97,114.0,0.64,115/2,traded
TWSE,2026-10-02,1459,聯發,18.7,7.25,1.07,114.0,1.43,115/2,traded
TWSE,2026-10-02,1460,宏遠,6.2,,0.0,114.0,0.74,115/2,traded
TWSE,2026-10-02,1463,強盛新,17.45,,0.74,114.0,1.17,115/2,traded
TWSE,2026-10-02,1464,得力,9.99,12.04,2.5,114.0,0.78,115/2,traded
TWSE,2026-10-02,1465,偉全,11.65,20.09,2.58,114.0,0.77,115/2,traded
TWSE,2026-10-02,1466,聚隆,14.55,,1.37,114.0,1.03,115/2,traded
TWSE,2026-10-02,1467,南緯,8.62,33.15,0.0,114.0,0.7,115/2,traded
TWSE,2026-10-02,1468,昶和,13.2,14.83,0.0,114.0,1.45,115/2,traded
TWSE,2026-10-02,1470,大統新創,24.5,18.85,2.65,114.0,2.08,115/2,traded
TWSE,2026-10-02,1471,首利,9.43,47.15,0.0,114.0,0.97,115/2,traded
TWSE,2026-10-02,1472,三洋實業,87.5,13.67,6.86,114.0,2.11,115/2,traded
TWSE,2026-10-02,1473,台南,19.15,54.71,2.61,114.0,0.73,115/2,traded
TWSE,2026-10-02,1474,弘裕,9.98,36.96,2.51,114.0,0.59,115/2,traded
TWSE,2026-10-02,1475,業旺,26.1,6.71,5.75,114.0,1.13,115/2,traded
TWSE,2026-10-02,1476,儒鴻,278.0,11.52,5.4,114.0,2.63,115/2,traded
TWSE,2026-10-02,1477,聚陽,192.0,13.11,7.81,114.0,3.44,115/2,traded
TWSE,2026-10-02,1503,士電,197.0,27.13,2.54,114.0,2.65,115/2,traded
TWSE,2026-10-02,1504,東元,69.7,25.25,2.87,114.0,1.7,115/2,traded
TWSE,2026-10-02,1506,正道,9.81,196.2,0.0,114.0,1.05,115/2,traded
TWSE,2026-10-02,1512,瑞利,6.17,32.47,0.0,114.0,0.9,115/2,traded
TWSE,2026-10-02,1513,中興電,167.5,18.84,3.58,114.0,3.97,115/2,traded
TWSE,2026-10-02,1514,亞力,102.5,28.08,2.15,114.0,4.41,115/2,traded
TWSE,2026-10-02,1515,力山,29.2,19.6,2.05,114.0,1.36,115/2,traded
TWSE,2026-10-02,1516,川飛,13.3,1330.0,0.0,114.0,2.64,115/2,traded
TWSE,2026-10-02,1517,利奇,10.35,,1.93,114.0,0.68,115/2,traded
TWSE,2026-10-02,1519,華城,692.0,45.29,1.73,114.0,23.75,115/2,traded
TWSE,2026-10-02,1521,大億,25.8,16.23,2.91,114.0,1.05,115/2,traded
TWSE,2026-10-02,1522,堤維西,26.2,27.29,4.58,114.0,0.94,115/2,traded
TWSE,2026-10-02,1524,耿鼎,25.85,12.67,5.42,114.0,1.44,115/2,traded
TWSE,2026-10-02,1525,江申,63.7,43.33,4.4,114.0,0.94,115/2,traded
TWSE,2026-10-02,1526,日馳,15.0,,0.0,114.0,0.68,115/2,traded
TWSE,2026-10-02,1527,鑽全,33.0,15.64,4.55,114.0,0.95,115/2,traded
TWSE,2026-10-02,1528,恩德,24.75,,0.0,114.0,2.23,115/2,traded
TWSE,2026-10-02,1529,樂事綠能,16.05,24.69,6.23,114.0,1.37,115/2,traded
TWSE,2026-10-02,1530,亞崴,26.65,14.18,3.75,114.0,0.78,115/2,traded
TWSE,2026-10-02,1531,高林股,11.5,42.59,8.7,114.0,0.6,115/2,traded
TWSE,2026-10-02,1532,勤美,22.1,17.97,3.62,114.0,0.61,115/2,traded
TWSE,2026-10-02,1533,車王電,30.5,11.34,0.0,114.0,1.21,115/2,traded
TWSE,2026-10-02,1535,中宇,45.3,11.98,6.62,114.0,1.5,115/2,traded
TWSE,2026-10-02,1536,和大,46.65,,0.0,114.0,1.75,115/2,traded
TWSE,2026-10-02,1537,廣隆,114.5,13.85,6.29,114.0,2.22,115/2,traded
TWSE,2026-10-02,1538,正峰,7.9,,0.0,114.0,2.18,115/2,traded
TWSE,2026-10-02,1539,巨庭,15.65,18.63,0.0,114.0,0.64,115/2,traded
TWSE,2026-10-02,1540,喬福,19.15,15.7,5.22,114.0,1.16,115/2,traded
TWSE,2026-10-02,1541,錩泰,20.85,7.72,0.0,114.0,0.76,115/2,traded
TWSE,2026-10-02,1558,伸興,111.5,13.89,4.48,114.0,1.38,115/2,traded
TWSE,2026-10-02,1560,中砂,1015.0,86.31,0.49,114.0,16.75,115/2,traded
TWSE,2026-10-02,1563,巧新,76.3,71.98,2.62,114.0,2.0,115/2,traded
TWSE,2026-10-02,1568,倉佑,32.05,16.96,3.12,114.0,1.74,115/2,traded
TWSE,2026-10-02,1582,信錦,71.9,22.4,4.17,114.0,1.41,115/2,traded
TWSE,2026-10-02,1583,程泰,45.85,10.47,2.18,114.0,0.88,115/2,traded
TWSE,2026-10-02,1587,吉茂,23.85,113.57,0.0,114.0,1.18,115/2,traded
TWSE,2026-10-02,1590,亞德客-KY,1180.0,22.67,2.47,114.0,4.31,115/2,traded
TWSE,2026-10-02,1597,直得,148.0,72.55,0.47,114.0,5.23,115/2,traded
TWSE,2026-10-02,1598,岱宇,20.5,,2.44,114.0,0.81,115/2,traded
TWSE,2026-10-02,1603,華電,30.6,10.97,6.54,114.0,0.6,115/2,traded
TWSE,2026-10-02,1604,聲寶,23.25,13.29,6.45,114.0,0.94,115/2,traded
TWSE,2026-10-02,1605,華新,38.75,11.74,1.29,114.0,0.84,115/2,traded
TWSE,2026-10-02,1608,華榮,36.25,3.14,5.52,114.0,1.36,115/2,traded
TWSE,2026-10-02,1609,大亞,38.55,14.23,1.82,114.0,1.62,115/2,traded
TWSE,2026-10-02,1611,中電,11.35,25.22,7.05,114.0,0.91,115/2,traded
TWSE,2026-10-02,1612,宏泰,35.2,9.03,7.1,114.0,1.19,115/2,traded
TWSE,2026-10-02,1614,三洋電,31.0,24.6,3.13,114.0,1.42,115/2,traded
TWSE,2026-10-02,1615,大山,42.5,8.22,6.12,114.0,1.78,115/2,traded
TWSE,2026-10-02,1616,億泰,18.55,42.16,7.33,114.0,1.71,115/2,traded
TWSE,2026-10-02,1617,榮星,24.1,17.72,2.49,114.0,1.76,115/2,traded
TWSE,2026-10-02,1618,合機,39.15,8.07,4.34,114.0,1.11,115/2,traded
TWSE,2026-10-02,1623,大東電,198.5,15.98,4.03,114.0,3.19,115/2,traded
TWSE,2026-10-02,1626,艾美特-KY,9.65,,0.0,114.0,0.53,115/2,traded
TWSE,2026-10-02,1702,南僑,33.15,50.23,4.83,114.0,0.68,115/2,traded
TWSE,2026-10-02,1707,葡萄王,85.2,10.99,7.04,114.0,1.23,115/2,traded
TWSE,2026-10-02,1708,東鹼,56.2,13.61,2.85,114.0,1.84,115/2,traded
TWSE,2026-10-02,1709,和益,58.5,29.1,1.71,114.0,3.1,115/2,traded
TWSE,2026-10-02,1710,東聯,17.15,,0.0,114.0,1.36,115/2,traded
TWSE,2026-10-02,1711,永光,43.0,330.77,0.0,114.0,2.64,115/2,traded
TWSE,2026-10-02,1712,興農,39.8,15.02,6.28,114.0,2.04,115/2,traded
TWSE,2026-10-02,1713,國化,42.7,9.01,7.26,114.0,1.75,115/2,traded
TWSE,2026-10-02,1714,和桐,16.85,14.28,1.07,114.0,1.25,115/2,traded
TWSE,2026-10-02,1717,長興,74.2,39.05,1.35,114.0,2.79,115/2,traded
TWSE,2026-10-02,1718,中纖,10.75,18.22,0.0,114.0,0.6,115/2,traded
TWSE,2026-10-02,1720,生達,56.0,9.74,5.36,114.0,1.62,115/2,traded
TWSE,2026-10-02,1721,國慶科技,27.35,,0.0,114.0,3.14,115/2,traded
TWSE,2026-10-02,1722,台肥,41.15,48.99,4.86,114.0,0.76,115/2,traded
TWSE,2026-10-02,1723,中碳,80.4,25.85,2.3,114.0,2.33,115/2,traded
TWSE,2026-10-02,1725,元禎,33.85,13.82,3.16,114.0,0.72,115/2,traded
TWSE,2026-10-02,1726,永記,76.2,11.89,4.86,114.0,1.17,115/2,traded
TWSE,2026-10-02,1727,中華化,123.0,178.26,0.12,114.0,7.29,115/2,traded
TWSE,2026-10-02,1730,花仙子,51.2,10.71,5.86,114.0,1.6,115/2,traded
TWSE,2026-10-02,1731,美吾華,20.8,13.77,5.87,114.0,1.26,115/2,traded
TWSE,2026-10-02,1732,毛寶,26.1,21.22,2.3,114.0,2.2,115/2,traded
TWSE,2026-10-02,1733,五鼎,30.25,15.92,4.3,114.0,1.63,115/2,traded
TWSE,2026-10-02,1734,杏輝,32.1,17.35,4.98,114.0,1.77,115/2,traded
TWSE,2026-10-02,1735,日勝化,22.15,18.93,2.93,114.0,1.43,115/2,traded
TWSE,2026-10-02,1736,喬山,123.5,11.17,3.64,114.0,2.73,115/2,traded
TWSE,2026-10-02,1737,臺鹽,30.0,15.38,4.67,114.0,0.89,115/2,traded
TWSE,2026-10-02,1752,南光,31.45,15.49,5.09,114.0,1.32,115/2,traded
TWSE,2026-10-02,1760,寶齡富錦,54.6,21.75,3.66,114.0,2.5,115/2,traded
TWSE,2026-10-02,1762,中化生,33.75,,0.0,114.0,0.81,115/2,traded
TWSE,2026-10-02,1773,勝一,170.5,21.26,2.35,114.0,4.47,115/2,traded
TWSE,2026-10-02,1776,展宇,18.25,20.05,3.29,114.0,1.24,115/2,traded
TWSE,2026-10-02,1783,和康生,37.05,11.4,5.4,114.0,2.22,115/2,traded
TWSE,2026-10-02,1786,科妍,42.7,17.5,4.47,114.0,1.74,115/2,traded
TWSE,2026-10-02,1789,神隆,18.6,372.0,1.56,114.0,1.41,115/2,traded
TWSE,2026-10-02,1795,美時,176.0,12.44,1.53,114.0,1.93,115/2,traded
TWSE,2026-10-02,1802,台玻,59.5,69.19,0.0,114.0,3.35,115/2,traded
TWSE,2026-10-02,1805,寶徠,9.98,83.17,0.0,114.0,0.82,115/2,traded
TWSE,2026-10-02,1806,冠軍,7.91,49.44,1.9,114.0,0.58,115/2,traded
TWSE,2026-10-02,1808,潤隆,31.6,7.47,4.75,114.0,2.04,115/2,traded
TWSE,2026-10-02,1809,中釉,47.55,237.75,0.53,114.0,2.71,115/2,traded
TWSE,2026-10-02,1810,和成,23.95,6.54,0.84,114.0,0.85,115/2,traded
TWSE,2026-10-02,1817,凱撒衛,39.85,7.94,5.52,114.0,1.25,115/2,traded
TWSE,2026-10-02,1903,士紙,47.35,34.82,0.0,114.0,2.24,115/2,traded
TWSE,2026-10-02,1904,正隆,24.2,11.15,1.86,114.0,0.88,115/2,traded
TWSE,2026-10-02,1905,華紙,12.85,,0.0,114.0,0.83,115/2,traded
TWSE,2026-10-02,1906,寶隆,10.65,17.46,0.0,114.0,0.59,115/2,traded
TWSE,2026-10-02,1907,永豐餘,27.9,16.41,3.58,114.0,0.51,115/2,traded
TWSE,2026-10-02,1909,榮成,10.1,43.91,0.0,114.0,0.63,115/2,traded
TWSE,2026-10-02,2002,中鋼,19.0,,0.79,114.0,0.96,115/2,traded
TWSE,2026-10-02,2006,東和鋼鐵,86.6,11.5,4.97,114.0,1.85,115/2,traded
TWSE,2026-10-02,2007,燁興,7.0,,0.0,114.0,0.95,115/2,traded
TWSE,2026-10-02,2008,高興昌,30.5,47.66,3.28,114.0,1.41,115/2,traded
TWSE,2026-10-02,2009,第一銅,39.3,38.16,1.02,114.0,1.61,115/2,traded
TWSE,2026-10-02,2010,春源,22.55,8.98,8.87,114.0,1.16,115/2,traded
TWSE,2026-10-02,2012,春雨,14.2,,2.11,114.0,1.06,115/2,traded
TWSE,2026-10-02,2013,中鋼構,41.4,12.66,5.8,114.0,1.5,115/2,traded
TWSE,2026-10-02,2014,中鴻,17.1,,0.0,114.0,2.0,115/2,traded
TWSE,2026-10-02,2015,豐興,63.8,14.91,5.17,114.0,1.68,115/2,traded
TWSE,2026-10-02,2017,官田鋼,9.03,,0.0,114.0,0.59,115/2,traded
TWSE,2026-10-02,2020,美亞,26.9,13.0,6.69,114.0,1.69,115/2,traded
TWSE,2026-10-02,2022,聚亨,7.31,,0.0,114.0,0.74,115/2,traded
TWSE,2026-10-02,2023,燁輝,13.9,,0.0,114.0,0.8,115/2,traded
TWSE,2026-10-02,2024,志聯,13.25,45.69,0.0,114.0,1.13,115/2,traded
TWSE,2026-10-02,2025,千興,14.3,11.09,0.0,114.0,1.18,115/2,traded
TWSE,2026-10-02,2027,大成鋼,48.05,9.48,3.12,114.0,1.41,115/2,traded
TWSE,2026-10-02,2028,威致,16.85,39.19,1.19,114.0,1.14,115/2,traded
TWSE,2026-10-02,2029,盛餘,22.3,18.58,2.69,114.0,0.7,115/2,traded
TWSE,2026-10-02,2030,彰源,38.4,19.59,1.3,114.0,1.99,115/2,traded
TWSE,2026-10-02,2031,新光鋼,46.65,7.22,5.36,114.0,1.25,115/2,traded
TWSE,2026-10-02,2032,新鋼,20.05,13.73,2.49,114.0,1.45,115/2,traded
TWSE,2026-10-02,2033,佳大,51.2,150.59,0.0,114.0,3.86,115/2,traded
TWSE,2026-10-02,2034,允強,24.0,57.14,4.17,114.0,1.41,115/2,traded
TWSE,2026-10-02,2038,海光,12.95,,0.0,114.0,0.66,115/2,traded
TWSE,2026-10-02,2049,上銀,332.5,50.38,0.6,114.0,3.0,115/2,traded
TWSE,2026-10-02,2059,川湖,12145.0,66.96,0.42,114.0,34.29,115/2,traded
TWSE,2026-10-02,2062,橋椿,18.0,64.29,5.56,114.0,0.47,115/2,traded
TWSE,2026-10-02,2069,運錩,25.95,10.14,3.85,114.0,0.98,115/2,traded
TWSE,2026-10-02,2072,世紀風電,133.0,9.0,5.32,114.0,1.06,115/2,traded
TWSE,2026-10-02,2101,南港,29.3,5.1,2.39,114.0,1.4,115/2,traded
TWSE,2026-10-02,2102,泰豐,16.75,1.96,0.0,114.0,0.8,115/2,traded
TWSE,2026-10-02,2103,台橡,28.15,11.31,0.96,114.0,1.05,115/2,traded
TWSE,2026-10-02,2104,國際中橡,11.0,,0.0,114.0,0.46,115/2,traded
TWSE,2026-10-02,2105,正新,30.45,16.73,5.91,114.0,1.13,115/2,traded
TWSE,2026-10-02,2106,建大,16.65,35.43,3.9,114.0,0.8,115/2,traded
TWSE,2026-10-02,2107,厚生,26.95,14.26,5.19,114.0,0.54,115/2,traded
TWSE,2026-10-02,2108,南帝,28.25,15.87,3.54,114.0,0.94,115/2,traded
TWSE,2026-10-02,2109,華豐,14.35,10.4,6.97,114.0,1.13,115/2,traded
TWSE,2026-10-02,2114,鑫永銓,90.0,14.35,5.56,114.0,2.32,115/2,traded
TWSE,2026-10-02,2115,六暉-KY,23.9,15.13,6.28,114.0,0.76,115/2,traded
TWSE,2026-10-02,2201,裕隆,28.65,32.19,1.95,114.0,0.47,115/2,traded
TWSE,2026-10-02,2204,中華,51.7,8.42,6.96,114.0,0.75,115/2,traded
TWSE,2026-10-02,2206,三陽工業,62.8,10.52,4.87,114.0,1.84,115/2,traded
TWSE,2026-10-02,2207,和泰車,513.0,12.62,3.9,114.0,3.34,115/2,traded
TWSE,2026-10-02,2208,台船,18.85,38.47,0.0,114.0,3.16,115/2,traded
TWSE,2026-10-02,2211,長榮鋼,79.4,10.76,8.19,114.0,1.2,115/2,traded
TWSE,2026-10-02,2227,裕日車,44.4,,1.89,114.0,0.75,115/2,traded
TWSE,2026-10-02,2228,劍麟,74.9,18.45,6.01,114.0,1.21,115/2,traded
TWSE,2026-10-02,2231,為升,92.2,,0.54,114.0,3.7,115/2,traded
TWSE,2026-10-02,2233,宇隆,170.0,25.04,2.35,114.0,2.48,115/2,traded
TWSE,2026-10-02,2236,百達-KY,107.5,,0.6,114.0,2.8,115/2,traded
TWSE,2026-10-02,2237,華德動能-創,26.8,8.7,0.0,114.0,2.19,115/2,traded
TWSE,2026-10-02,2239,英利-KY,18.95,,0.0,114.0,0.19,115/2,traded
TWSE,2026-10-02,2241,艾姆勒,43.75,,0.0,114.0,3.49,115/2,traded
TWSE,2026-10-02,2243,宏旭-KY,52.8,50.29,0.0,114.0,3.81,115/2,traded
TWSE,2026-10-02,2247,汎德永業,227.0,16.38,6.39,114.0,1.44,115/2,traded
TWSE,2026-10-02,2248,華勝-KY,61.0,8.44,5.1,114.0,1.65,115/2,traded
TWSE,2026-10-02,2250,IKKA-KY,55.8,21.38,5.38,114.0,1.01,115/2,traded
TWSE,2026-10-02,2254,巨鎧精密-創,94.3,,0.0,114.0,6.22,115/2,traded
TWSE,2026-10-02,2258,鴻華先進-創,31.0,,0.0,114.0,4.76,115/2,traded
TWSE,2026-10-02,2301,光寶科,281.5,32.92,1.78,114.0,6.67,115/2,traded
TWSE,2026-10-02,2302,麗正,46.5,43.46,0.75,114.0,4.21,115/2,traded
TWSE,2026-10-02,2303,聯電,161.5,24.29,1.62,114.0,4.56,115/2,traded
TWSE,2026-10-02,2305,全友,60.2,73.41,0.0,114.0,5.01,115/2,traded
TWSE,2026-10-02,2308,台達電,1885.0,59.99,0.62,114.0,16.67,115/2,traded
TWSE,2026-10-02,2312,金寶,30.85,25.92,1.94,114.0,1.91,115/2,traded
TWSE,2026-10-02,2313,華通,226.0,36.39,1.24,114.0,5.54,115/2,traded
TWSE,2026-10-02,2314,台揚,11.0,,0.0,114.0,40.74,115/2,traded
TWSE,2026-10-02,2316,楠梓電,170.5,11.91,1.17,114.0,2.14,115/2,traded
TWSE,2026-10-02,2317,鴻海,251.0,16.55,2.86,114.0,1.85,115/2,traded
TWSE,2026-10-02,2321,東訊,25.85,646.25,0.0,114.0,4.14,115/2,traded
TWSE,2026-10-02,2324,仁寶,36.2,18.19,3.04,114.0,1.12,115/2,traded
TWSE,2026-10-02,2327,國巨*,626.0,42.15,0.96,114.0,7.28,115/2,traded
TWSE,2026-10-02,2328,廣宇,47.95,111.51,1.88,114.0,1.7,115/2,traded
TWSE,2026-10-02,2329,華泰,45.0,20.09,2.22,114.0,1.81,115/2,traded
TWSE,2026-10-02,2330,台積電,2500.0,28.98,0.88,114.0,10.08,115/2,traded
TWSE,2026-10-02,2331,精英,19.05,18.86,0.0,114.0,0.98,115/2,traded
TWSE,2026-10-02,2332,友訊,20.45,,0.0,114.0,1.49,115/2,traded
TWSE,2026-10-02,2337,旺宏,122.0,28.91,0.0,114.0,3.9,115/2,traded
TWSE,2026-10-02,2338,光罩,49.65,,0.0,114.0,2.64,115/2,traded
TWSE,2026-10-02,2340,台亞,45.75,,0.0,114.0,3.16,115/2,traded
TWSE,2026-10-02,2342,茂矽,51.3,,0.0,114.0,3.51,115/2,traded
TWSE,2026-10-02,2344,華邦電,179.0,19.74,0.28,114.0,4.88,115/2,traded
TWSE,2026-10-02,2345,智邦,1965.0,30.87,0.76,114.0,15.91,115/2,traded
TWSE,2026-10-02,2347,聯強,97.1,13.28,4.33,114.0,1.87,115/2,traded
TWSE,2026-10-02,2348,海悅,70.6,16.85,7.79,114.0,1.66,115/2,traded
TWSE,2026-10-02,2349,錸德,10.5,,0.0,114.0,1.3,115/2,traded
TWSE,2026-10-02,2351,順德,211.5,54.09,0.49,114.0,5.01,115/2,traded
TWSE,2026-10-02,2352,佳世達,29.2,37.92,3.42,114.0,1.16,115/2,traded
TWSE,2026-10-02,2353,宏碁,31.4,18.69,4.14,114.0,1.22,115/2,traded
TWSE,2026-10-02,2354,鴻準,65.7,27.84,2.28,114.0,0.82,115/2,traded
TWSE,2026-10-02,2355,敬鵬,43.3,22.79,2.31,114.0,0.98,115/2,traded
TWSE,2026-10-02,2356,英業達,59.0,19.03,3.39,114.0,2.73,115/2,traded
TWSE,2026-10-02,2357,華碩,962.0,14.06,4.37,114.0,2.37,115/2,traded
TWSE,2026-10-02,2359,所羅門,128.5,19.15,0.78,114.0,3.44,115/2,traded
TWSE,2026-10-02,2360,致茂,2190.0,55.87,0.89,114.0,28.12,115/2,traded
TWSE,2026-10-02,2362,藍天,46.65,7.67,4.29,114.0,0.57,115/2,traded
TWSE,2026-10-02,2363,矽統,62.4,115.56,0.98,114.0,0.65,115/2,traded
TWSE,2026-10-02,2364,倫飛,65.5,11.06,4.58,114.0,3.82,115/2,traded
TWSE,2026-10-02,2365,昆盈,28.4,51.64,1.06,114.0,2.04,115/2,traded
TWSE,2026-10-02,2367,燿華,45.15,,0.44,114.0,2.59,115/2,traded
TWSE,2026-10-02,2368,金像電,1105.0,39.66,0.89,114.0,13.56,115/2,traded
TWSE,2026-10-02,2369,菱生,31.95,,0.0,114.0,2.43,115/2,traded
TWSE,2026-10-02,2371,大同,31.1,,0.0,114.0,1.32,115/2,traded
TWSE,2026-10-02,2373,震旦行,52.4,14.01,7.06,114.0,1.59,115/2,traded
TWSE,2026-10-02,2374,佳能,67.1,20.71,2.97,114.0,2.54,115/2,traded
TWSE,2026-10-02,2375,凱美,126.0,30.29,0.95,114.0,1.29,115/2,traded
TWSE,2026-10-02,2376,技嘉,373.5,13.98,3.21,114.0,3.76,115/2,traded
TWSE,2026-10-02,2377,微星,155.0,13.44,2.71,114.0,2.26,115/2,traded
TWSE,2026-10-02,2379,瑞昱,754.0,27.34,3.32,114.0,7.71,115/2,traded
TWSE,2026-10-02,2380,虹光,16.85,,0.0,114.0,1.71,115/2,traded
TWSE,2026-10-02,2382,廣達,332.0,14.47,4.7,114.0,5.25,115/2,traded
TWSE,2026-10-02,2383,台光電,5185.0,81.08,0.48,114.0,31.85,115/2,traded
TWSE,2026-10-02,2385,群光,104.5,11.73,6.89,114.0,1.71,115/2,traded
TWSE,2026-10-02,2387,精元,36.5,12.25,10.96,114.0,0.67,115/2,traded
TWSE,2026-10-02,2388,威盛,73.2,45.75,0.07,114.0,1.83,115/2,traded
TWSE,2026-10-02,2390,云辰,10.15,,0.0,114.0,0.83,115/2,traded
TWSE,2026-10-02,2392,正崴,41.4,5.34,2.42,114.0,0.67,115/2,traded
TWSE,2026-10-02,2393,億光,65.4,13.94,6.88,114.0,1.51,115/2,traded
TWSE,2026-10-02,2395,研華,716.0,45.35,1.56,114.0,11.25,115/2,traded
TWSE,2026-10-02,2397,友通,63.6,23.3,3.85,114.0,2.16,115/2,traded
TWSE,2026-10-02,2399,映泰,51.2,12.9,0.0,114.0,3.22,115/2,traded
TWSE,2026-10-02,2401,凌陽,27.3,273.0,0.0,114.0,1.9,115/2,traded
TWSE,2026-10-02,2402,毅嘉,59.1,35.39,3.38,114.0,2.5,115/2,traded
TWSE,2026-10-02,2404,漢唐,1285.0,19.38,3.11,114.0,13.55,115/2,traded
TWSE,2026-10-02,2405,輔信,15.35,,0.65,114.0,1.53,115/2,traded
TWSE,2026-10-02,2406,國碩,31.2,173.33,0.0,114.0,2.95,115/2,traded
TWSE,2026-10-02,2408,南亞科,526.0,20.41,0.26,114.0,5.63,115/2,traded
TWSE,2026-10-02,2409,友達,40.45,168.54,0.99,114.0,1.98,115/2,traded
TWSE,2026-10-02,2412,中華電,146.0,28.68,3.56,114.0,3.09,115/2,traded
TWSE,2026-10-02,2413,環科,52.3,13.95,0.96,114.0,2.95,115/2,traded
TWSE,2026-10-02,2414,精技,52.8,12.85,5.68,114.0,2.71,115/2,traded
TWSE,2026-10-02,2415,錩新,27.4,17.45,5.8,114.0,1.43,115/2,traded
TWSE,2026-10-02,2417,圓剛,39.0,28.06,0.64,114.0,1.8,115/2,traded
TWSE,2026-10-02,2419,仲琦,29.3,732.5,0.0,114.0,1.95,115/2,traded
TWSE,2026-10-02,2420,新巨,58.2,13.02,5.15,114.0,2.28,115/2,traded
TWSE,2026-10-02,2421,建準,166.0,17.85,3.16,114.0,4.51,115/2,traded
TWSE,2026-10-02,2423,固緯,71.8,17.01,3.48,114.0,3.48,115/2,traded
TWSE,2026-10-02,2424,隴華,8.42,,0.0,114.0,1.99,115/2,traded
TWSE,2026-10-02,2425,承啟,38.0,21.35,0.26,114.0,1.46,115/2,traded
TWSE,2026-10-02,2426,鼎元,104.0,1040.0,0.1,114.0,8.15,115/2,traded
TWSE,2026-10-02,2427,三商電,23.4,16.48,2.99,114.0,1.33,115/2,traded
TWSE,2026-10-02,2428,興勤,263.0,18.69,2.24,114.0,2.85,115/2,traded
TWSE,2026-10-02,2429,銘旺科,30.65,,0.0,114.0,3.69,115/2,traded
TWSE,2026-10-02,2430,燦坤,17.95,36.63,4.46,114.0,0.49,115/2,traded
TWSE,2026-10-02,2431,聯昌,10.15,,0.0,114.0,1.04,115/2,traded
TWSE,2026-10-02,2432,倚天酷碁-創,27.55,12.52,6.17,114.0,1.46,115/2,traded
TWSE,2026-10-02,2433,互盛電,40.0,13.29,6.75,114.0,1.77,115/2,traded
TWSE,2026-10-02,2434,統懋,63.0,,0.0,114.0,5.2,115/2,traded
TWSE,2026-10-02,2436,偉詮電,76.0,13.97,2.58,114.0,3.19,115/2,traded
TWSE,2026-10-02,2438,翔耀,20.0,,0.0,114.0,3.58,115/2,traded
TWSE,2026-10-02,2439,美律,75.7,13.81,5.39,114.0,1.12,115/2,traded
TWSE,2026-10-02,2440,太空梭,14.55,103.93,0.0,114.0,1.12,115/2,traded
TWSE,2026-10-02,2441,超豐,126.5,23.43,2.38,114.0,2.62,115/2,traded
TWSE,2026-10-02,2442,新美齊,14.2,2.8,19.3,114.0,0.67,115/2,traded
TWSE,2026-10-02,2444,兆勁,16.5,,0.0,114.0,2.51,115/2,traded
TWSE,2026-10-02,2449,京元電子,295.5,38.73,0.51,114.0,5.77,115/2,traded
TWSE,2026-10-02,2450,神腦,28.2,17.41,5.5,114.0,1.17,115/2,traded
TWSE,2026-10-02,2451,創見,290.0,5.05,4.06,114.0,3.25,115/2,traded
TWSE,2026-10-02,2453,凌群,53.5,16.93,5.23,114.0,2.52,115/2,traded
TWSE,2026-10-02,2454,聯發科,4950.0,81.75,1.08,114.0,18.63,115/2,traded
TWSE,2026-10-02,2455,全新,580.0,142.16,0.45,114.0,29.37,115/2,traded
TWSE,2026-10-02,2457,飛宏,22.45,,0.0,114.0,1.08,115/2,traded
TWSE,2026-10-02,2458,義隆,138.0,12.83,5.12,114.0,3.53,115/2,traded
TWSE,2026-10-02,2459,敦吉,64.8,11.59,6.48,114.0,1.15,115/2,traded
TWSE,2026-10-02,2460,建通,30.8,,0.0,114.0,3.2,115/2,traded
TWSE,2026-10-02,2461,光群雷,17.35,39.43,0.0,114.0,0.94,115/2,traded
TWSE,2026-10-02,2462,良得電,19.8,32.46,1.01,114.0,0.9,115/2,traded
TWSE,2026-10-02,2464,盟立,195.5,514.47,0.24,114.0,7.42,115/2,traded
TWSE,2026-10-02,2465,麗臺,92.9,34.28,0.0,114.0,6.4,115/2,traded
TWSE,2026-10-02,2466,冠西電,141.0,89.81,0.0,114.0,12.62,115/2,traded
TWSE,2026-10-02,2467,志聖,552.0,55.09,1.0,114.0,5.5,115/2,traded
TWSE,2026-10-02,2468,華經,45.35,33.35,2.21,114.0,2.54,115/2,traded
TWSE,2026-10-02,2471,資通,51.4,10.62,6.44,114.0,2.81,115/2,traded
TWSE,2026-10-02,2472,立隆電,229.0,23.32,1.53,114.0,3.95,115/2,traded
TWSE,2026-10-02,2474,可成,207.0,13.77,4.96,114.0,0.81,115/2,traded
TWSE,2026-10-02,2476,鉅祥,126.0,20.49,2.36,114.0,3.03,115/2,traded
TWSE,2026-10-02,2477,美隆電,22.75,25.85,6.15,114.0,0.89,115/2,traded
TWSE,2026-10-02,2478,大毅,127.0,26.13,1.57,114.0,2.49,115/2,traded
TWSE,2026-10-02,2480,敦陽科,161.5,18.44,4.83,114.0,5.24,115/2,traded
TWSE,2026-10-02,2481,強茂,174.5,46.29,1.03,114.0,4.43,115/2,traded
TWSE,2026-10-02,2482,連宇,16.2,,0.62,114.0,1.14,115/2,traded
TWSE,2026-10-02,2483,百容,37.0,148.0,0.81,114.0,1.46,115/2,traded
TWSE,2026-10-02,2484,希華,86.5,62.23,0.81,114.0,3.36,115/2,traded
TWSE,2026-10-02,2485,兆赫,41.3,46.93,0.0,114.0,2.46,115/2,traded
TWSE,2026-10-02,2486,一詮,245.0,211.21,0.2,114.0,9.53,115/2,traded
TWSE,2026-10-02,2488,漢平,48.85,10.03,6.14,114.0,1.41,115/2,traded
TWSE,2026-10-02,2489,瑞軒,41.15,29.6,2.92,114.0,1.9,115/2,traded
TWSE,2026-10-02,2491,吉祥全,41.45,1.3,0.0,114.0,0.83,115/2,traded
TWSE,2026-10-02,2492,華新科,361.5,40.62,0.69,114.0,2.64,115/2,traded
TWSE,2026-10-02,2493,揚博,196.5,37.57,2.04,114.0,8.08,115/2,traded
TWSE,2026-10-02,2495,普安,38.4,18.92,2.08,114.0,2.32,115/2,traded
TWSE,2026-10-02,2496,卓越,55.1,9.15,9.07,114.0,1.26,115/2,traded
TWSE,2026-10-02,2497,怡利電,44.05,13.81,4.54,114.0,1.97,115/2,traded
TWSE,2026-10-02,2498,宏達電,42.9,16.56,1.17,114.0,1.37,115/2,traded
TWSE,2026-10-02,2501,國建,20.85,7.26,5.76,114.0,0.75,115/2,traded
TWSE,2026-10-02,2504,國產,30.65,9.61,8.48,114.0,1.39,115/2,traded
TWSE,2026-10-02,2505,國揚,17.0,8.59,5.88,114.0,0.6,115/2,traded
TWSE,2026-10-02,2506,太設,8.38,23.28,2.39,114.0,0.38,115/2,traded
TWSE,2026-10-02,2509,全坤建,14.1,,0.0,114.0,0.82,115/2,traded
TWSE,2026-10-02,2511,太子,8.28,23.66,3.62,114.0,0.52,115/2,traded
TWSE,2026-10-02,2514,龍邦,11.35,29.1,0.0,114.0,0.33,115/2,traded
TWSE,2026-10-02,2515,中工,11.9,24.79,4.2,114.0,0.82,115/2,traded
TWSE,2026-10-02,2516,新建,15.05,10.03,0.0,114.0,1.54,115/2,traded
TWSE,2026-10-02,2520,冠德,36.95,11.0,4.38,114.0,0.91,115/2,traded
TWSE,2026-10-02,2524,京城,34.3,41.83,0.0,114.0,0.59,115/2,traded
TWSE,2026-10-02,2527,宏璟,49.55,8.71,3.03,114.0,0.35,115/2,traded
TWSE,2026-10-02,2528,皇普,19.25,7.83,15.58,114.0,1.11,115/2,traded
TWSE,2026-10-02,2530,華建,20.05,30.38,11.52,114.0,1.69,115/2,traded
TWSE,2026-10-02,2534,宏盛,16.7,334.0,8.98,114.0,0.55,115/2,traded
TWSE,2026-10-02,2535,達欣工,88.5,8.67,5.2,114.0,2.13,115/2,traded
TWSE,2026-10-02,2536,宏普,18.8,4.53,10.64,114.0,0.49,115/2,traded
TWSE,2026-10-02,2537,聯上發,11.05,27.63,0.0,114.0,0.73,115/2,traded
TWSE,2026-10-02,2538,基泰,8.87,14.78,5.64,114.0,0.72,115/2,traded
TWSE,2026-10-02,2539,櫻花建,34.0,8.08,8.24,114.0,2.03,115/2,traded
TWSE,2026-10-02,2540,愛山林,48.15,,12.46,114.0,4.22,115/2,traded
TWSE,2026-10-02,2542,興富發,38.75,8.97,10.32,114.0,1.66,115/2,traded
TWSE,2026-10-02,2543,皇昌,38.35,13.27,3.99,114.0,2.11,115/2,traded
TWSE,2026-10-02,2545,皇翔,33.95,35.74,8.25,114.0,0.88,115/2,traded
TWSE,2026-10-02,2546,根基,105.0,7.02,5.71,114.0,2.09,115/2,traded
TWSE,2026-10-02,2547,日勝生,9.76,81.33,8.2,114.0,0.75,115/2,traded
TWSE,2026-10-02,2548,華固,92.5,7.48,9.19,114.0,1.42,115/2,traded
TWSE,2026-10-02,2597,潤弘,165.5,14.19,5.84,114.0,6.91,115/2,traded
TWSE,2026-10-02,2603,長榮,240.0,9.52,6.67,114.0,0.93,115/2,traded
TWSE,2026-10-02,2605,新興,35.75,7.3,2.8,114.0,1.08,115/2,traded
TWSE,2026-10-02,2606,裕民,75.9,11.19,3.69,114.0,1.59,115/2,traded
TWSE,2026-10-02,2607,榮運,53.5,10.68,5.05,114.0,0.91,115/2,traded
TWSE,2026-10-02,2608,嘉里大榮,28.8,15.0,5.73,114.0,1.1,115/2,traded
TWSE,2026-10-02,2609,陽明,59.7,13.45,3.35,114.0,0.64,115/2,traded
TWSE,2026-10-02,2610,華航,20.35,9.42,3.98,114.0,1.25,115/2,traded
TWSE,2026-10-02,2611,志信,14.3,8.08,3.64,114.0,0.97,115/2,traded
TWSE,2026-10-02,2612,中航,62.9,12.21,3.5,114.0,0.9,115/2,traded
TWSE,2026-10-02,2613,中櫃,22.15,16.65,4.51,114.0,0.94,115/2,traded
TWSE,2026-10-02,2614,東森,19.25,9.39,6.23,114.0,1.41,115/2,traded
TWSE,2026-10-02,2615,萬海,113.0,7.76,2.65,114.0,1.1,115/2,traded
TWSE,2026-10-02,2616,山隆,13.2,,2.27,114.0,0.73,115/2,traded
TWSE,2026-10-02,2617,台航,31.55,8.48,4.75,114.0,0.73,115/2,traded
TWSE,2026-10-02,2618,長榮航,42.35,8.92,4.72,114.0,1.64,115/2,traded
TWSE,2026-10-02,2630,亞航,46.8,82.11,1.92,114.0,2.9,115/2,traded
TWSE,2026-10-02,2633,台灣高鐵,25.75,21.11,4.47,114.0,2.07,115/2,traded
TWSE,2026-10-02,2634,漢翔,66.0,31.88,1.18,114.0,3.38,115/2,traded
TWSE,2026-10-02,2636,台驊控股,70.8,10.06,7.06,114.0,1.01,115/2,traded
TWSE,2026-10-02,2637,慧洋-KY,98.8,10.99,3.54,114.0,1.49,115/2,traded
TWSE,2026-10-02,2642,宅配通,20.25,,2.47,114.0,1.06,115/2,traded
TWSE,2026-10-02,2645,長榮航太,173.5,22.13,2.88,114.0,4.85,115/2,traded
TWSE,2026-10-02,2646,星宇航空,20.1,,0.0,114.0,1.97,115/2,traded
TWSE,2026-10-02,2701,萬企,10.25,17.37,2.73,114.0,0.54,115/2,traded
TWSE,2026-10-02,2702,華園,12.2,15.06,0.0,114.0,0.58,115/2,traded
TWSE,2026-10-02,2704,國賓,44.95,16.9,1.11,114.0,0.51,115/2,traded
TWSE,2026-10-02,2705,六福,15.1,20.41,0.0,114.0,0.58,115/2,traded
TWSE,2026-10-02,2706,第一店,12.1,17.79,2.89,114.0,0.59,115/2,traded
TWSE,2026-10-02,2707,晶華,175.0,12.12,6.14,114.0,5.73,115/2,traded
TWSE,2026-10-02,2712,遠雄來,13.4,,0.0,114.0,1.4,115/2,traded
TWSE,2026-10-02,2722,夏都,21.35,,0.0,114.0,1.23,115/2,traded
TWSE,2026-10-02,2723,美食-KY,77.3,,0.0,114.0,1.3,115/2,traded
TWSE,2026-10-02,2727,王品,234.0,13.0,6.89,114.0,4.56,115/2,traded
TWSE,2026-10-02,2731,雄獅,143.5,8.83,8.92,114.0,3.0,115/2,traded
TWSE,2026-10-02,2739,寒舍,36.15,8.97,7.14,114.0,2.02,115/2,traded
TWSE,2026-10-02,2748,雲品,39.0,15.35,4.49,114.0,1.4,115/2,traded
TWSE,2026-10-02,2753,八方雲集,185.0,13.19,6.49,114.0,3.27,115/2,traded
TWSE,2026-10-02,2762,世界健身-KY,78.6,11.95,7.57,114.0,3.2,115/2,traded
TWSE,2026-10-02,2801,彰銀,27.6,16.24,3.8,114.0,1.41,115/2,traded
TWSE,2026-10-02,2812,台中銀,18.75,11.16,5.65,114.0,1.18,115/2,traded
TWSE,2026-10-02,2816,旺旺保,39.7,3.45,3.78,114.0,0.92,115/2,traded
TWSE,2026-10-02,2820,華票,16.7,9.88,5.39,114.0,0.8,115/2,traded
TWSE,2026-10-02,2832,台產,56.7,9.43,6.17,114.0,1.19,115/2,traded
TWSE,2026-10-02,2834,臺企銀,17.45,12.83,5.73,114.0,1.1,115/2,traded
TWSE,2026-10-02,2836,高雄銀,12.0,15.79,3.75,114.0,0.81,115/2,traded
TWSE,2026-10-02,2838,聯邦銀,20.4,13.08,5.2,114.0,1.06,115/2,traded
TWSE,2026-10-02,2845,遠東銀,12.9,12.77,4.88,114.0,0.87,115/2,traded
TWSE,2026-10-02,2849,安泰銀,15.35,15.82,3.32,114.0,0.83,115/2,traded
TWSE,2026-10-02,2850,新產,158.5,10.31,4.59,114.0,2.28,115/2,traded
TWSE,2026-10-02,2851,中再保,45.95,4.35,4.79,114.0,1.4,115/2,traded
TWSE,2026-10-02,2852,第一保,27.5,8.44,6.04,114.0,0.9,115/2,traded
TWSE,2026-10-02,2855,統一證,57.6,5.98,3.66,114.0,1.92,115/2,traded
TWSE,2026-10-02,2880,華南金,44.85,19.42,3.23,114.0,2.58,115/2,traded
TWSE,2026-10-02,2881,富邦金,150.5,14.07,2.82,114.0,1.85,115/2,traded
TWSE,2026-10-02,2882,國泰金,111.5,13.15,3.14,114.0,1.61,115/2,traded
TWSE,2026-10-02,2883,凱基金,37.35,13.06,2.68,114.0,1.48,115/2,traded
TWSE,2026-10-02,2884,玉山金,45.35,18.82,3.09,114.0,2.61,115/2,traded
TWSE,2026-10-02,2885,元大金,66.8,15.64,3.29,114.0,2.33,115/2,traded
TWSE,2026-10-02,2886,兆豐金,48.85,19.01,3.58,114.0,1.8,115/2,traded
TWSE,2026-10-02,2887,台新新光金,40.55,15.02,2.71,114.0,1.49,115/2,traded
TWSE,2026-10-02,2889,國票金,16.1,13.2,3.66,114.0,1.23,115/2,traded
TWSE,2026-10-02,2890,永豐金,44.05,16.62,2.95,114.0,2.41,115/2,traded
TWSE,2026-10-02,2891,中信金,67.3,16.1,3.71,114.0,1.92,115/2,traded
TWSE,2026-10-02,2892,第一金,38.55,18.01,3.37,114.0,1.84,115/2,traded
TWSE,2026-10-02,2897,王道銀行,10.7,13.38,4.86,114.0,0.72,115/2,traded
TWSE,2026-10-02,2901,欣欣,25.05,56.93,1.48,114.0,2.1,115/2,traded
TWSE,2026-10-02,2903,遠百,21.8,14.63,5.73,114.0,1.02,115/2,traded
TWSE,2026-10-02,2904,匯僑,12.6,24.23,5.56,114.0,0.78,115/2,traded
TWSE,2026-10-02,2905,三商,17.8,6.57,1.69,114.0,0.42,115/2,traded
TWSE,2026-10-02,2906,高林,13.4,16.14,4.48,114.0,0.82,115/2,traded
TWSE,2026-10-02,2908,特力,22.1,17.97,2.49,114.0,1.55,115/2,traded
TWSE,2026-10-02,2910,統領,23.2,12.68,4.48,114.0,1.47,115/2,traded
TWSE,2026-10-02,2911,麗嬰房,6.01,1.51,0.0,114.0,0.46,115/2,traded
TWSE,2026-10-02,2912,統一超,210.5,18.96,4.28,114.0,5.34,115/2,traded
TWSE,2026-10-02,2913,農林,11.0,,0.0,114.0,0.7,115/2,traded
TWSE,2026-10-02,2915,潤泰全,57.5,4.13,3.3,114.0,0.37,115/2,traded
TWSE,2026-10-02,2923,鼎固-KY,23.95,,0.5,114.0,0.9,115/2,traded
TWSE,2026-10-02,2929,淘帝-KY,5.8,,0.0,114.0,0.23,115/2,traded
TWSE,2026-10-02,2939,永邑-KY,22.55,,0.0,114.0,1.9,115/2,traded
TWSE,2026-10-02,2945,三商家購,40.0,21.74,3.75,114.0,1.4,115/2,traded
TWSE,2026-10-02,3002,歐格,19.7,197.0,1.68,114.0,1.56,115/2,traded
TWSE,2026-10-02,3003,健和興,60.0,24.19,1.67,114.0,1.42,115/2,traded
TWSE,2026-10-02,3004,豐達科,121.5,18.9,2.1,114.0,2.07,115/2,traded
TWSE,2026-10-02,3005,神基,117.5,13.95,5.78,114.0,2.88,115/2,traded
TWSE,2026-10-02,3006,晶豪科,285.5,9.0,0.35,114.0,4.28,115/2,traded
TWSE,2026-10-02,3008,大立光,6290.0,33.45,1.27,114.0,4.3,115/2,traded
TWSE,2026-10-02,3010,華立,128.0,11.44,4.14,114.0,1.21,115/2,traded
TWSE,2026-10-02,3011,今皓,9.87,,0.0,114.0,0.96,115/2,traded
TWSE,2026-10-02,3013,晟銘電,92.7,17.76,0.86,114.0,3.46,115/2,traded
TWSE,2026-10-02,3014,聯陽,142.5,14.39,5.96,114.0,3.22,115/2,traded
TWSE,2026-10-02,3015,全漢,54.4,21.42,4.04,114.0,0.68,115/2,traded
TWSE,2026-10-02,3016,嘉晶,180.5,150.42,0.28,114.0,10.06,115/2,traded
TWSE,2026-10-02,3017,奇鋐,3440.0,45.85,0.61,114.0,24.47,115/2,traded
TWSE,2026-10-02,3018,隆銘綠能,12.0,,0.0,114.0,2.27,115/2,traded
TWSE,2026-10-02,3019,亞光,139.0,23.44,3.31,114.0,2.61,115/2,traded
TWSE,2026-10-02,3021,鴻名,28.2,37.11,2.13,114.0,1.68,115/2,traded
TWSE,2026-10-02,3022,威強電,91.5,12.15,3.83,114.0,1.42,115/2,traded
TWSE,2026-10-02,3023,信邦,312.0,23.34,3.21,114.0,4.61,115/2,traded
TWSE,2026-10-02,3024,憶聲,14.0,350.0,1.57,114.0,1.29,115/2,traded
TWSE,2026-10-02,3025,星通,55.4,11.79,5.78,114.0,4.05,115/2,traded
TWSE,2026-10-02,3026,禾伸堂,835.0,81.46,0.69,114.0,13.41,115/2,traded
TWSE,2026-10-02,3027,盛達,18.6,,0.0,114.0,1.12,115/2,traded
TWSE,2026-10-02,3028,增你強,63.4,8.83,4.73,114.0,2.07,115/2,traded
TWSE,2026-10-02,3029,零壹,118.0,16.83,4.66,114.0,3.72,115/2,traded
TWSE,2026-10-02,3030,德律,300.0,22.73,2.33,114.0,7.28,115/2,traded
TWSE,2026-10-02,3031,佰鴻,32.8,36.04,3.05,114.0,1.96,115/2,traded
TWSE,2026-10-02,3032,偉訓,79.4,,0.0,114.0,3.08,115/2,traded
TWSE,2026-10-02,3033,威健,42.4,9.32,4.53,114.0,1.75,115/2,traded
TWSE,2026-10-02,3034,聯詠,537.0,18.74,4.28,114.0,4.74,115/2,traded
TWSE,2026-10-02,3035,智原,215.5,84.84,0.84,114.0,3.28,115/2,traded
TWSE,2026-10-02,3036,文曄,213.5,10.96,3.65,114.0,2.18,115/2,traded
TWSE,2026-10-02,3037,欣興,1305.0,86.88,0.15,114.0,16.75,115/2,traded
TWSE,2026-10-02,3038,全台,20.65,13.68,5.81,114.0,1.17,115/2,traded
TWSE,2026-10-02,3040,遠見,33.95,,10.31,114.0,1.54,115/2,traded
TWSE,2026-10-02,3041,揚智,24.8,,0.0,114.0,2.48,115/2,traded
TWSE,2026-10-02,3042,晶技,230.5,39.81,2.08,114.0,4.97,115/2,traded
TWSE,2026-10-02,3043,科風,20.75,,0.0,114.0,1.1,115/2,traded
TWSE,2026-10-02,3044,健鼎,542.0,23.22,2.34,114.0,5.11,115/2,traded
TWSE,2026-10-02,3045,台灣大,122.0,23.06,3.89,114.0,4.42,115/2,traded
TWSE,2026-10-02,3046,建碁,53.9,11.11,5.57,114.0,2.53,115/2,traded
TWSE,2026-10-02,3047,訊舟,14.65,,0.0,114.0,1.33,115/2,traded
TWSE,2026-10-02,3048,益登,53.7,11.4,1.86,114.0,1.97,115/2,traded
TWSE,2026-10-02,3049,精金,12.45,37.73,0.0,114.0,1.22,115/2,traded
TWSE,2026-10-02,3050,鈺德,11.6,21.89,2.16,114.0,0.74,115/2,traded
TWSE,2026-10-02,3051,力特,23.6,13.33,2.12,114.0,1.51,115/2,traded
TWSE,2026-10-02,3052,夆典,10.45,9.33,5.74,114.0,0.6,115/2,traded
TWSE,2026-10-02,3054,立萬利,59.7,12.28,1.34,114.0,3.13,115/2,traded
TWSE,2026-10-02,3055,蔚華科,216.0,,0.23,114.0,15.01,115/2,traded
TWSE,2026-10-02,3056,富華新,13.7,,4.53,114.0,0.78,115/2,traded
TWSE,2026-10-02,3057,喬鼎,15.7,,0.0,114.0,1.71,115/2,traded
TWSE,2026-10-02,3058,立德,8.18,,0.0,114.0,1.05,115/2,traded
TWSE,2026-10-02,3059,華晶科,38.7,30.71,2.58,114.0,1.17,115/2,traded
TWSE,2026-10-02,3060,銘異,28.9,43.13,0.69,114.0,1.45,115/2,traded
TWSE,2026-10-02,3062,建漢,22.65,,0.0,114.0,1.84,115/2,traded
TWSE,2026-10-02,3090,日電貿,173.5,22.98,2.77,114.0,2.69,115/2,traded
TWSE,2026-10-02,3092,鴻碩,23.95,,0.0,114.0,2.06,115/2,traded
TWSE,2026-10-02,3094,聯傑,70.3,113.39,0.36,114.0,5.63,115/2,traded
TWSE,2026-10-02,3130,一零四,209.5,12.61,7.02,114.0,4.44,115/2,traded
TWSE,2026-10-02,3135,凌航,159.0,6.86,2.35,114.0,3.31,115/2,traded
TWSE,2026-10-02,3138,耀登,99.5,39.48,1.56,114.0,2.04,115/2,traded
TWSE,2026-10-02,3149,正達,77.3,,0.0,114.0,7.38,115/2,traded
TWSE,2026-10-02,3150,鈺寶-創,15.4,,3.25,114.0,1.16,115/2,traded
TWSE,2026-10-02,3164,景岳,16.5,20.63,4.85,114.0,1.08,115/2,traded
TWSE,2026-10-02,3167,大量,981.0,68.79,0.4,114.0,20.45,115/2,traded
TWSE,2026-10-02,3168,眾福科,43.1,14.91,6.96,114.0,1.93,115/2,traded
TWSE,2026-10-02,3189,景碩,1050.0,194.81,0.14,114.0,12.44,115/2,traded
TWSE,2026-10-02,3209,全科,46.1,7.7,5.42,114.0,1.92,115/2,traded
TWSE,2026-10-02,3229,晟鈦,58.8,44.21,0.0,114.0,5.54,115/2,traded
TWSE,2026-10-02,3231,緯創,186.5,14.81,2.95,114.0,3.06,115/2,traded
TWSE,2026-10-02,3257,虹冠電,50.3,19.88,5.57,114.0,2.49,115/2,traded
TWSE,2026-10-02,3266,昇陽,13.85,28.85,3.61,114.0,0.79,115/2,traded
TWSE,2026-10-02,3296,勝德,28.5,,0.0,114.0,2.16,115/2,traded
TWSE,2026-10-02,3305,昇貿,107.5,19.47,2.12,114.0,2.49,115/2,traded
TWSE,2026-10-02,3308,聯德,22.9,14.49,0.0,114.0,1.18,115/2,traded
TWSE,2026-10-02,3311,閎暉,49.65,27.43,1.21,114.0,1.36,115/2,traded
TWSE,2026-10-02,3312,弘憶股,52.1,13.57,2.5,114.0,2.37,115/2,traded
TWSE,2026-10-02,3321,同泰,18.35,,0.0,114.0,2.35,115/2,traded
TWSE,2026-10-02,3338,泰碩,69.0,58.97,1.88,114.0,3.06,115/2,traded
TWSE,2026-10-02,3346,麗清,24.0,,0.46,114.0,0.81,115/2,traded
TWSE,2026-10-02,3356,奇偶,66.8,4.77,5.24,114.0,1.9,115/2,traded
TWSE,2026-10-02,3376,新日興,174.0,120.0,2.3,114.0,2.06,115/2,traded
TWSE,2026-10-02,3380,明泰,31.95,228.21,1.56,114.0,1.89,115/2,traded
TWSE,2026-10-02,3406,玉晶光,961.0,26.0,1.77,114.0,4.0,115/2,traded
TWSE,2026-10-02,3413,京鼎,292.0,14.54,3.76,114.0,1.96,115/2,traded
TWSE,2026-10-02,3416,融程電,166.0,19.28,3.07,114.0,3.74,115/2,traded
TWSE,2026-10-02,3419,譁裕,12.15,,0.0,114.0,1.64,115/2,traded
TWSE,2026-10-02,3432,台端,14.9,,0.0,114.0,2.14,115/2,traded
TWSE,2026-10-02,3437,榮創,22.15,,0.0,114.0,1.44,115/2,traded
TWSE,2026-10-02,3443,創意,7900.0,202.51,0.25,114.0,78.62,115/2,traded
TWSE,2026-10-02,3447,展達,27.75,14.23,3.96,114.0,1.73,115/2,traded
TWSE,2026-10-02,3450,聯鈞,543.0,110.14,0.18,114.0,14.16,115/2,traded
TWSE,2026-10-02,3481,群創,52.8,67.69,1.89,114.0,1.87,115/2,traded
TWSE,2026-10-02,3494,誠研,7.09,,0.0,114.0,1.28,115/2,traded
TWSE,2026-10-02,3501,維熹,37.65,21.76,5.31,114.0,0.63,115/2,traded
TWSE,2026-10-02,3504,揚明光,80.1,,0.0,114.0,3.21,115/2,traded
TWSE,2026-10-02,3515,華擎,216.5,13.99,5.08,114.0,2.3,115/2,traded
TWSE,2026-10-02,3518,柏騰,44.35,21.02,0.0,114.0,2.66,115/2,traded
TWSE,2026-10-02,3528,安馳,88.8,9.77,1.55,114.0,2.6,115/2,traded
TWSE,2026-10-02,3530,晶相光,59.5,19.19,1.34,114.0,1.86,115/2,traded
TWSE,2026-10-02,3532,台勝科,475.5,365.77,0.21,114.0,7.59,115/2,traded
TWSE,2026-10-02,3533,嘉澤,1855.0,22.62,1.88,114.0,5.09,115/2,traded
TWSE,2026-10-02,3535,晶彩科,92.9,53.7,0.0,114.0,6.53,115/2,traded
TWSE,2026-10-02,3543,州巧,51.0,,1.18,114.0,1.81,115/2,traded
TWSE,2026-10-02,3545,敦泰,51.5,,1.57,114.0,1.26,115/2,traded
TWSE,2026-10-02,3550,聯穎,25.8,215.0,0.0,114.0,1.59,115/2,traded
TWSE,2026-10-02,3557,嘉威,24.5,,1.22,114.0,0.81,115/2,traded
TWSE,2026-10-02,3563,牧德,760.0,44.6,1.84,114.0,8.76,115/2,traded
TWSE,2026-10-02,3576,聯合再生,19.35,35.83,0.0,114.0,2.44,115/2,traded
TWSE,2026-10-02,3583,辛耘,721.0,44.23,0.8,114.0,5.94,115/2,traded
TWSE,2026-10-02,3588,通嘉,58.2,48.91,0.86,114.0,1.99,115/2,traded
TWSE,2026-10-02,3591,艾笛森,28.3,,0.0,114.0,1.38,115/2,traded
TWSE,2026-10-02,3592,瑞鼎,239.0,14.03,6.11,114.0,1.59,115/2,traded
TWSE,2026-10-02,3593,力銘,10.65,,0.0,114.0,3.11,115/2,traded
TWSE,2026-10-02,3596,智易,154.0,11.85,5.84,114.0,2.06,115/2,traded
TWSE,2026-10-02,3605,宏致,170.5,44.87,0.92,114.0,3.35,115/2,traded
TWSE,2026-10-02,3607,谷崧,13.95,29.68,5.73,114.0,0.99,115/2,traded
TWSE,2026-10-02,3617,碩天,243.5,11.67,4.08,114.0,2.34,115/2,traded
TWSE,2026-10-02,3622,洋華,46.0,9.02,6.96,114.0,0.88,115/2,traded
TWSE,2026-10-02,3645,達邁,74.0,28.57,1.62,114.0,3.03,115/2,traded
TWSE,2026-10-02,3652,精聯,34.9,16.94,3.44,114.0,1.36,115/2,traded
TWSE,2026-10-02,3653,健策,6800.0,153.46,0.32,114.0,42.32,115/2,traded
TWSE,2026-10-02,3661,世芯-KY,3810.0,55.88,0.85,114.0,5.44,115/2,traded
TWSE,2026-10-02,3665,貿聯-KY,2540.0,46.64,0.6,114.0,10.0,115/2,traded
TWSE,2026-10-02,3669,圓展,33.2,11.25,3.01,114.0,0.88,115/2,traded
TWSE,2026-10-02,3673,TPK-KY,80.6,17.6,2.23,114.0,0.81,115/2,traded
TWSE,2026-10-02,3679,新至陞,108.0,9.14,8.33,114.0,1.41,115/2,traded
TWSE,2026-10-02,3686,達能,15.85,,0.0,114.0,1.84,115/2,traded
TWSE,2026-10-02,3694,海華,51.7,13.09,4.45,114.0,2.19,115/2,traded
TWSE,2026-10-02,3701,大眾控,55.4,,0.36,114.0,2.78,115/2,traded
TWSE,2026-10-02,3702,大聯大,119.0,10.19,3.06,114.0,2.14,115/2,traded
TWSE,2026-10-02,3703,欣陸,19.55,9.92,5.37,114.0,0.59,115/2,traded
TWSE,2026-10-02,3704,合勤控,40.55,12.14,0.99,114.0,1.37,115/2,traded
TWSE,2026-10-02,3705,永信,56.3,16.71,5.33,114.0,1.92,115/2,traded
TWSE,2026-10-02,3706,神達,81.3,14.52,4.92,114.0,1.41,115/2,traded
TWSE,2026-10-02,3708,上緯投控,99.3,2.4,6.55,114.0,0.41,115/2,traded
TWSE,2026-10-02,3711,日月光投控,713.0,51.59,0.92,114.0,8.06,115/2,traded
TWSE,2026-10-02,3712,永崴投控,20.6,,0.0,114.0,1.16,115/2,traded
TWSE,2026-10-02,3714,富采,70.8,,1.27,114.0,1.2,115/2,traded
TWSE,2026-10-02,3715,定穎投控,129.5,,0.83,114.0,3.51,115/2,traded
TWSE,2026-10-02,3716,中化控股,33.9,9.69,2.95,114.0,0.64,115/2,traded
TWSE,2026-10-02,3717,聯嘉投控,26.45,330.63,0.76,114.0,1.56,115/2,traded
TWSE,2026-10-02,4104,佳醫,72.9,15.35,5.9,114.0,1.4,115/2,traded
TWSE,2026-10-02,4106,雃博,24.15,13.13,4.14,114.0,0.96,115/2,traded
TWSE,2026-10-02,4108,懷特,11.35,,0.0,114.0,1.16,115/2,traded
TWSE,2026-10-02,4119,旭富,55.6,111.2,1.35,114.0,1.25,115/2,traded
TWSE,2026-10-02,4133,亞諾法,20.45,27.64,0.54,114.0,0.97,115/2,traded
TWSE,2026-10-02,4137,麗豐-KY,75.8,11.23,13.19,114.0,1.27,115/2,traded
TWSE,2026-10-02,4142,國光生,18.0,,0.0,114.0,1.64,115/2,traded
TWSE,2026-10-02,4148,全宇生技-KY,31.5,11.41,3.17,114.0,0.76,115/2,traded
TWSE,2026-10-02,4155,訊映,14.85,8.63,2.02,114.0,0.83,115/2,traded
TWSE,2026-10-02,4164,承業醫,27.0,23.08,4.11,114.0,0.7,115/2,traded
TWSE,2026-10-02,4169,泰宗,151.5,,0.21,114.0,5.15,115/2,traded
TWSE,2026-10-02,4178,永笙-KY,18.0,,0.0,114.0,1.89,115/2,traded
TWSE,2026-10-02,4190,佐登-KY,24.3,,2.06,114.0,0.9,115/2,traded
TWSE,2026-10-02,4195,基米-創,15.9,,0.0,114.0,1.91,115/2,traded
TWSE,2026-10-02,4306,炎洲,14.45,15.88,4.84,114.0,0.68,115/2,traded
TWSE,2026-10-02,4414,如興,8.1,54.0,1.36,114.0,0.56,115/2,traded
TWSE,2026-10-02,4426,利勤,7.57,,0.0,114.0,0.75,115/2,traded
TWSE,2026-10-02,4438,廣越,56.5,8.3,4.07,114.0,0.74,115/2,traded
TWSE,2026-10-02,4439,冠星-KY,95.8,10.21,4.23,114.0,1.05,115/2,traded
TWSE,2026-10-02,4440,宜新實業,17.45,8.9,5.73,114.0,0.88,115/2,traded
TWSE,2026-10-02,4441,振大環球,170.0,9.42,6.35,114.0,1.69,115/2,traded
TWSE,2026-10-02,4526,東台,34.3,,2.92,114.0,1.72,115/2,traded
TWSE,2026-10-02,4532,瑞智,24.75,13.1,6.06,114.0,1.13,115/2,traded
TWSE,2026-10-02,4536,拓凱,160.5,12.11,4.98,114.0,1.54,115/2,traded
TWSE,2026-10-02,4540,全球傳動,61.0,,0.0,114.0,2.01,115/2,traded
TWSE,2026-10-02,4545,銘鈺,39.5,45.93,0.33,114.0,1.57,115/2,traded
TWSE,2026-10-02,4551,智伸科,186.0,19.52,2.26,114.0,2.32,115/2,traded
TWSE,2026-10-02,4552,力達-KY,15.65,13.73,3.83,114.0,0.28,115/2,traded
TWSE,2026-10-02,4555,氣立,42.2,41.78,1.18,114.0,1.0,115/2,traded
TWSE,2026-10-02,4557,永新-KY,50.3,,3.98,114.0,0.95,115/2,traded
TWSE,2026-10-02,4560,強信-KY,29.85,10.08,6.7,114.0,1.0,115/2,traded
TWSE,2026-10-02,4562,穎漢,30.3,,0.0,114.0,2.92,115/2,traded
TWSE,2026-10-02,4564,元翎,16.3,,0.0,114.0,0.96,115/2,traded
TWSE,2026-10-02,4566,時碩工業,75.8,30.08,0.9,114.0,1.65,115/2,traded
TWSE,2026-10-02,4569,六方科-KY,156.0,17.39,2.08,114.0,1.72,115/2,traded
TWSE,2026-10-02,4571,鈞興-KY,154.0,17.21,3.42,114.0,2.46,115/2,traded
TWSE,2026-10-02,4572,駐龍,139.5,37.91,3.58,114.0,2.94,115/2,traded
TWSE,2026-10-02,4576,大銀微系統,234.0,71.34,0.34,114.0,6.53,115/2,traded
TWSE,2026-10-02,4581,光隆精密-KY,48.0,11.79,6.25,114.0,1.31,115/2,traded
TWSE,2026-10-02,4582,聚恆-創,22.2,9.69,3.56,114.0,1.12,115/2,traded
TWSE,2026-10-02,4583,台灣精銳,422.5,31.37,2.37,114.0,3.41,115/2,traded
TWSE,2026-10-02,4585,達明,293.5,105.58,0.34,114.0,4.39,115/2,traded
TWSE,2026-10-02,4588,玖鼎電力,55.5,15.37,5.41,114.0,2.78,115/2,traded
TWSE,2026-10-02,4590,富田-創,88.6,16.69,2.6,114.0,1.36,115/2,traded
TWSE,2026-10-02,4720,德淵,20.95,37.41,1.91,114.0,1.47,115/2,traded
TWSE,2026-10-02,4722,國精化,230.0,84.25,0.51,114.0,6.83,115/2,traded
TWSE,2026-10-02,4736,泰博,129.5,4.75,3.92,114.0,1.11,115/2,traded
TWSE,2026-10-02,4737,華廣,56.3,,0.0,114.0,2.07,115/2,traded
TWSE,2026-10-02,4739,康普,88.7,17.19,1.13,114.0,1.71,115/2,traded
TWSE,2026-10-02,4746,台耀,48.1,12.15,6.24,114.0,0.78,115/2,traded
TWSE,2026-10-02,4755,三福化,122.0,26.58,3.03,114.0,1.8,115/2,traded
TWSE,2026-10-02,4763,材料*-KY,47.15,11.31,6.47,114.0,2.39,115/2,traded
TWSE,2026-10-02,4764,雙鍵,203.5,65.65,0.49,114.0,6.82,115/2,traded
TWSE,2026-10-02,4766,南寶,353.0,15.06,5.1,114.0,3.0,115/2,traded
TWSE,2026-10-02,4770,上品,278.0,26.53,2.16,114.0,2.65,115/2,traded
TWSE,2026-10-02,4771,望隼,214.0,14.11,3.26,114.0,3.03,115/2,traded
TWSE,2026-10-02,4807,日成-KY,30.2,12.08,0.0,114.0,1.51,115/2,traded
TWSE,2026-10-02,4904,遠傳,106.0,25.79,3.59,114.0,4.44,115/2,traded
TWSE,2026-10-02,4906,正文,41.85,348.75,1.12,114.0,1.68,115/2,traded
TWSE,2026-10-02,4912,聯德控股-KY,106.0,34.98,0.88,114.0,1.7,115/2,traded
TWSE,2026-10-02,4915,致伸,64.4,13.01,7.1,114.0,1.49,115/2,traded
TWSE,2026-10-02,4916,事欣科,104.5,16.0,0.48,114.0,3.59,115/2,traded
TWSE,2026-10-02,4919,新唐,163.0,,0.0,114.0,4.41,115/2,traded
TWSE,2026-10-02,4927,泰鼎-KY,48.15,,0.0,114.0,3.03,115/2,traded
TWSE,2026-10-02,4930,燦星網,15.85,,3.79,114.0,0.4,115/2,traded
TWSE,2026-10-02,4934,太極,14.75,,0.0,114.0,1.94,115/2,traded
TWSE,2026-10-02,4935,茂林-KY,33.85,25.45,2.95,114.0,0.55,115/2,traded
TWSE,2026-10-02,4938,和碩,89.2,15.04,4.5,114.0,1.15,115/2,traded
TWSE,2026-10-02,4942,嘉彰,31.5,10.86,6.35,114.0,0.49,115/2,traded
TWSE,2026-10-02,4943,康控-KY,6.69,,0.0,114.0,20.27,115/2,traded
TWSE,2026-10-02,4949,有成精密,77.7,20.39,1.8,114.0,2.99,115/2,traded
TWSE,2026-10-02,4952,凌通,50.8,28.54,1.97,114.0,2.5,115/2,traded
TWSE,2026-10-02,4956,光鋐,46.4,98.72,0.0,114.0,2.75,115/2,traded
TWSE,2026-10-02,4958,臻鼎-KY,561.0,66.39,0.61,114.0,4.03,115/2,traded
TWSE,2026-10-02,4960,誠美材,24.55,,0.0,114.0,1.96,115/2,traded
TWSE,2026-10-02,4961,天鈺,183.5,20.62,4.21,114.0,1.27,115/2,traded
TWSE,2026-10-02,4967,十銓,273.0,4.05,3.16,114.0,2.08,115/2,traded
TWSE,2026-10-02,4968,立積,101.5,27.43,1.58,114.0,3.47,115/2,traded
TWSE,2026-10-02,4976,佳凌,36.3,,0.0,114.0,2.52,115/2,traded
TWSE,2026-10-02,4977,眾達-KY,175.5,52.7,1.24,114.0,3.38,115/2,traded
TWSE,2026-10-02,4989,榮科,63.9,,0.0,114.0,5.88,115/2,traded
TWSE,2026-10-02,4994,傳奇,81.0,57.04,3.7,114.0,6.19,115/2,traded
TWSE,2026-10-02,4999,鑫禾,17.85,,1.4,114.0,0.42,115/2,traded
TWSE,2026-10-02,5007,三星,55.9,15.79,5.37,114.0,2.41,115/2,traded
TWSE,2026-10-02,5203,訊連,57.9,12.92,6.37,114.0,1.02,115/2,traded
TWSE,2026-10-02,5215,科嘉-KY,38.25,9.73,5.23,114.0,0.67,115/2,traded
TWSE,2026-10-02,5222,全訊,107.5,56.28,2.33,114.0,3.35,115/2,traded
TWSE,2026-10-02,5225,東科-KY,55.5,8.36,12.99,114.0,1.38,115/2,traded
TWSE,2026-10-02,5234,達興材料,312.0,37.23,2.08,114.0,9.67,115/2,traded
TWSE,2026-10-02,5236,凌陽創新,135.5,13.19,6.64,114.0,3.29,115/2,traded
TWSE,2026-10-02,5243,乙盛-KY,93.9,17.92,2.34,114.0,1.83,115/2,traded
TWSE,2026-10-02,5244,弘凱,37.85,,1.06,114.0,1.47,115/2,traded
TWSE,2026-10-02,5258,虹堡,42.0,9.5,2.4,114.0,1.03,115/2,traded
TWSE,2026-10-02,5269,祥碩,1460.0,15.57,3.11,114.0,3.02,115/2,traded
TWSE,2026-10-02,5283,禾聯碩,52.5,8.08,3.81,114.0,0.91,115/2,traded
TWSE,2026-10-02,5284,jpp-KY,293.5,18.59,1.7,114.0,4.15,115/2,traded
TWSE,2026-10-02,5285,界霖,99.0,32.04,1.52,114.0,3.28,115/2,traded
TWSE,2026-10-02,5288,豐祥-KY,188.5,12.57,3.45,114.0,2.07,115/2,traded
TWSE,2026-10-02,5292,華懋,240.0,23.21,2.71,114.0,5.29,115/2,traded
TWSE,2026-10-02,5306,桂盟,88.0,12.46,4.26,114.0,1.17,115/2,traded
TWSE,2026-10-02,5388,中磊,71.8,16.06,3.48,114.0,1.33,115/2,traded
TWSE,2026-10-02,5434,崇越,583.0,21.82,2.3,114.0,5.15,115/2,traded
TWSE,2026-10-02,5469,瀚宇博,75.9,14.06,3.32,114.0,0.6,115/2,traded
TWSE,2026-10-02,5471,松翰,53.5,32.23,1.5,114.0,2.49,115/2,traded
TWSE,2026-10-02,5484,慧友,39.05,28.93,0.0,114.0,4.72,115/2,traded
TWSE,2026-10-02,5515,建國,51.1,5.18,6.46,114.0,1.76,115/2,traded
TWSE,2026-10-02,5519,隆大,25.05,5.03,15.17,114.0,0.97,115/2,traded
TWSE,2026-10-02,5521,工信,10.7,11.26,1.4,114.0,0.9,115/2,traded
TWSE,2026-10-02,5522,遠雄,60.5,6.03,9.09,114.0,0.99,115/2,traded
TWSE,2026-10-02,5525,順天,21.8,5.62,5.5,114.0,1.13,115/2,traded
TWSE,2026-10-02,5531,鄉林,6.86,62.36,0.0,114.0,0.68,115/2,traded
TWSE,2026-10-02,5533,皇鼎,13.9,23.56,4.32,114.0,0.42,115/2,traded
TWSE,2026-10-02,5534,長虹,73.0,12.9,6.93,114.0,1.08,115/2,traded
TWSE,2026-10-02,5538,東明-KY,35.8,8.23,4.19,114.0,0.9,115/2,traded
TWSE,2026-10-02,5546,永固-KY,13.75,,7.27,114.0,0.62,115/2,traded
TWSE,2026-10-02,5607,遠雄港,51.8,14.19,3.47,114.0,1.71,115/2,traded
TWSE,2026-10-02,5608,四維航,17.15,171.5,0.0,114.0,0.69,115/2,traded
TWSE,2026-10-02,5706,鳳凰,44.15,11.35,10.28,114.0,2.16,115/2,traded
TWSE,2026-10-02,5871,中租-KY,106.0,9.8,5.66,114.0,1.06,115/2,traded
TWSE,2026-10-02,5876,上海商銀,48.95,13.83,3.68,114.0,1.11,115/2,traded
TWSE,2026-10-02,5880,合庫金,26.15,17.09,4.02,114.0,1.41,115/2,traded
TWSE,2026-10-02,5906,台南-KY,40.0,800.0,1.75,114.0,2.74,115/2,traded
TWSE,2026-10-02,5907,大洋-KY,4.75,,0.0,114.0,0.25,115/2,traded
TWSE,2026-10-02,6005,群益證,32.0,5.95,5.34,114.0,1.34,115/2,traded
TWSE,2026-10-02,6024,群益期,59.8,8.24,5.8,114.0,1.38,115/2,traded
TWSE,2026-10-02,6108,競國,25.7,128.5,3.89,114.0,1.22,115/2,traded
TWSE,2026-10-02,6112,邁達特,47.65,14.71,3.46,114.0,2.07,115/2,traded
TWSE,2026-10-02,6115,鎰勝,44.0,12.87,6.36,114.0,1.61,115/2,traded
TWSE,2026-10-02,6116,彩晶,16.05,,0.0,114.0,1.23,115/2,traded
TWSE,2026-10-02,6117,迎廣,62.2,13.18,3.22,114.0,2.6,115/2,traded
TWSE,2026-10-02,6120,達運,15.25,11.21,1.64,114.0,0.92,115/2,traded
TWSE,2026-10-02,6128,上福,19.2,,2.6,114.0,0.87,115/2,traded
TWSE,2026-10-02,6133,金橋,29.1,26.22,3.44,114.0,2.23,115/2,traded
TWSE,2026-10-02,6136,富爾特,25.3,34.19,4.58,114.0,0.65,115/2,traded
TWSE,2026-10-02,6139,亞翔,775.0,15.61,2.97,114.0,8.82,115/2,traded
TWSE,2026-10-02,6141,柏承,51.0,,0.0,114.0,9.64,115/2,traded
TWSE,2026-10-02,6142,友勁,9.14,,0.0,114.0,1.07,115/2,traded
TWSE,2026-10-02,6152,百一,15.7,,0.0,114.0,1.98,115/2,traded
TWSE,2026-10-02,6153,嘉聯益,17.95,,0.0,114.0,1.34,115/2,traded
TWSE,2026-10-02,6155,鈞寶,72.5,40.28,1.1,114.0,3.91,115/2,traded
TWSE,2026-10-02,6164,華興,12.6,48.46,0.0,114.0,1.06,115/2,traded
TWSE,2026-10-02,6165,浪凡,49.4,12.57,10.12,114.0,2.8,115/2,traded
TWSE,2026-10-02,6166,凌華,130.0,24.81,0.92,114.0,4.59,115/2,traded
TWSE,2026-10-02,6168,宏齊,46.0,143.75,0.0,114.0,2.64,115/2,traded
TWSE,2026-10-02,6176,瑞儀,92.3,11.41,3.79,114.0,1.17,115/2,traded
TWSE,2026-10-02,6177,達麗,46.0,5.07,6.52,114.0,1.81,115/2,traded
TWSE,2026-10-02,6183,關貿,91.7,20.38,3.87,114.0,5.12,115/2,traded
TWSE,2026-10-02,6184,大豐電,40.15,17.31,7.47,114.0,1.29,115/2,traded
TWSE,2026-10-02,6189,豐藝,49.9,12.32,5.41,114.0,2.18,115/2,traded
TWSE,2026-10-02,6191,精成科,84.7,14.76,3.07,114.0,1.15,115/2,traded
TWSE,2026-10-02,6192,巨路,109.5,10.59,5.3,114.0,1.4,115/2,traded
TWSE,2026-10-02,6196,帆宣,618.0,27.99,1.04,114.0,7.62,115/2,traded
TWSE,2026-10-02,6197,佳必琪,339.5,28.7,2.04,114.0,7.38,115/2,traded
TWSE,2026-10-02,6201,亞弘電,44.4,13.79,6.98,114.0,1.47,115/2,traded
TWSE,2026-10-02,6202,盛群,63.2,52.67,1.08,114.0,3.6,115/2,traded
TWSE,2026-10-02,6205,詮欣,73.7,32.32,2.04,114.0,2.27,115/2,traded
TWSE,2026-10-02,6206,飛捷,137.0,15.14,4.01,114.0,3.73,115/2,traded
TWSE,2026-10-02,6209,今國光,83.9,36.32,0.6,114.0,4.1,115/2,traded
TWSE,2026-10-02,6213,聯茂,683.0,105.89,0.44,114.0,10.99,115/2,traded
TWSE,2026-10-02,6214,精誠,188.5,17.6,3.18,114.0,2.79,115/2,traded
TWSE,2026-10-02,6215,和椿,97.8,29.11,1.02,114.0,4.83,115/2,traded
TWSE,2026-10-02,6216,居易,19.65,53.11,5.24,114.0,1.16,115/2,traded
TWSE,2026-10-02,6224,聚鼎,80.8,67.33,1.55,114.0,3.04,115/2,traded
TWSE,2026-10-02,6225,天瀚,68.3,,0.0,114.0,22.32,115/2,traded
TWSE,2026-10-02,6226,光鼎,46.4,,0.0,114.0,4.28,115/2,traded
TWSE,2026-10-02,6230,尼得科超眾,111.5,,0.0,114.0,1.66,115/2,traded
TWSE,2026-10-02,6235,華孚,39.35,24.44,3.05,114.0,1.56,115/2,traded
TWSE,2026-10-02,6239,力成,308.0,30.5,1.46,114.0,3.98,115/2,traded
TWSE,2026-10-02,6243,迅杰,41.1,,0.0,114.0,2.53,115/2,traded
TWSE,2026-10-02,6257,矽格,257.5,30.12,1.65,114.0,4.88,115/2,traded
TWSE,2026-10-02,6269,台郡,66.1,,0.0,114.0,1.03,115/2,traded
TWSE,2026-10-02,6271,同欣電,234.5,26.38,1.28,114.0,1.8,115/2,traded
TWSE,2026-10-02,6272,驊陞,25.85,14.52,7.81,114.0,1.14,115/2,traded
TWSE,2026-10-02,6277,宏正,77.1,18.62,4.54,114.0,1.92,115/2,traded
TWSE,2026-10-02,6278,台表科,217.0,21.99,2.56,114.0,2.71,115/2,traded
TWSE,2026-10-02,6281,全國電,50.9,13.65,6.48,114.0,1.81,115/2,traded
TWSE,2026-10-02,6282,康舒,44.2,36.23,1.81,114.0,1.66,115/2,traded
TWSE,2026-10-02,6283,淳安,19.15,,0.0,114.0,1.71,115/2,traded
TWSE,2026-10-02,6285,啟碁,238.0,26.07,1.81,114.0,3.21,115/2,traded
TWSE,2026-10-02,6405,悅城,42.5,,0.0,114.0,0.84,115/2,traded
TWSE,2026-10-02,6409,旭隼,886.0,34.33,4.15,114.0,9.83,115/2,traded
TWSE,2026-10-02,6412,群電,75.0,12.36,4.93,114.0,1.95,115/2,traded
TWSE,2026-10-02,6414,樺漢,401.5,16.67,3.43,114.0,2.12,115/2,traded
TWSE,2026-10-02,6415,矽力*-KY,425.0,43.15,0.6,114.0,4.09,115/2,traded
TWSE,2026-10-02,6416,瑞祺電通,117.5,21.92,2.38,114.0,2.39,115/2,traded
TWSE,2026-10-02,6426,統新,361.5,91.29,0.14,114.0,13.94,115/2,traded
TWSE,2026-10-02,6431,光麗-KY,17.05,,0.0,114.0,3.29,115/2,traded
TWSE,2026-10-02,6438,迅得,168.0,29.12,2.98,114.0,2.18,115/2,traded
TWSE,2026-10-02,6442,光聖,1625.0,48.08,0.69,114.0,9.76,115/2,traded
TWSE,2026-10-02,6443,元晶,28.75,,0.0,114.0,4.42,115/2,traded
TWSE,2026-10-02,6446,藥華藥,1165.0,57.05,0.22,114.0,11.82,115/2,traded
TWSE,2026-10-02,6449,鈺邦,224.5,25.0,1.87,114.0,2.95,115/2,traded
TWSE,2026-10-02,6451,訊芯-KY,429.0,393.58,0.05,114.0,5.69,115/2,traded
TWSE,2026-10-02,6456,GIS-KY,92.9,,0.0,114.0,1.05,115/2,traded
TWSE,2026-10-02,6464,台數科,76.3,16.96,2.27,114.0,1.18,115/2,traded
TWSE,2026-10-02,6472,保瑞,420.5,34.67,2.38,114.0,3.55,115/2,traded
TWSE,2026-10-02,6477,安集,34.6,1153.33,1.01,114.0,1.36,115/2,traded
TWSE,2026-10-02,6491,晶碩,424.0,17.68,2.36,114.0,2.82,115/2,traded
TWSE,2026-10-02,6504,南六,37.55,24.07,2.66,114.0,0.79,115/2,traded
TWSE,2026-10-02,6505,台塑化,100.0,17.36,1.2,114.0,1.96,115/2,traded
TWSE,2026-10-02,6515,穎崴,6070.0,99.38,0.81,114.0,25.66,115/2,traded
TWSE,2026-10-02,6525,捷敏-KY,139.5,19.4,3.58,114.0,3.82,115/2,traded
TWSE,2026-10-02,6526,達發,835.0,46.31,1.62,114.0,7.42,115/2,traded
TWSE,2026-10-02,6531,愛普*,1000.0,57.67,0.7,114.0,12.98,115/2,traded
TWSE,2026-10-02,6533,晶心科,352.0,,0.0,114.0,4.16,115/2,traded
TWSE,2026-10-02,6534,正瀚-創,92.8,15.62,5.17,114.0,3.56,115/2,traded
TWSE,2026-10-02,6541,泰福-KY,29.6,,0.0,114.0,1.58,115/2,traded
TWSE,2026-10-02,6550,北極星藥業-KY,16.75,,0.0,114.0,3.3,115/2,traded
TWSE,2026-10-02,6552,易華電,24.65,,0.0,114.0,0.77,115/2,traded
TWSE,2026-10-02,6558,興能高,25.5,,0.0,114.0,1.8,115/2,traded
TWSE,2026-10-02,6573,虹揚-KY,16.3,11.24,0.0,114.0,2.25,115/2,traded
TWSE,2026-10-02,6579,研揚,158.5,21.65,2.37,114.0,2.64,115/2,traded
TWSE,2026-10-02,6581,鋼聯,108.0,14.65,4.91,114.0,2.74,115/2,traded
TWSE,2026-10-02,6582,申豐,31.4,82.63,0.0,114.0,0.49,115/2,traded
TWSE,2026-10-02,6585,鼎基,104.5,13.47,4.31,114.0,1.92,115/2,traded
TWSE,2026-10-02,6589,台康生技,50.8,,0.0,114.0,1.95,115/2,traded
TWSE,2026-10-02,6591,動力-KY,42.55,13.3,9.4,114.0,0.81,115/2,traded
TWSE,2026-10-02,6592,和潤企業,56.3,11.31,5.86,114.0,1.07,115/2,traded
TWSE,2026-10-02,6598,ABC-KY,27.25,,0.0,114.0,4.0,115/2,traded
TWSE,2026-10-02,6605,帝寶,136.5,8.43,4.76,114.0,1.13,115/2,traded
TWSE,2026-10-02,6606,建德工業,25.25,17.41,4.08,114.0,1.69,115/2,traded
TWSE,2026-10-02,6614,資拓宏宇,35.4,17.61,4.66,114.0,1.88,115/2,traded
TWSE,2026-10-02,6625,必應,73.8,7.15,6.78,114.0,2.26,115/2,traded
TWSE,2026-10-02,6641,基士德-KY,17.0,20.99,2.35,114.0,0.41,115/2,traded
TWSE,2026-10-02,6645,金萬林-創,12.8,,0.0,114.0,1.85,115/2,traded
TWSE,2026-10-02,6655,科定,125.0,25.77,4.8,114.0,3.0,115/2,traded
TWSE,2026-10-02,6657,華安,32.9,,0.0,114.0,4.06,115/2,traded
TWSE,2026-10-02,6658,聯策,182.0,44.17,0.66,114.0,4.64,115/2,traded
TWSE,2026-10-02,6666,羅麗芬-KY,45.5,13.34,4.4,114.0,1.19,115/2,traded
TWSE,2026-10-02,6668,中揚光,47.35,,0.0,114.0,2.27,115/2,traded
TWSE,2026-10-02,6669,緯穎,2085.0,6.68,7.88,114.0,2.84,115/2,traded
TWSE,2026-10-02,6670,復盛應用,270.5,11.05,5.91,114.0,2.43,115/2,traded
TWSE,2026-10-02,6671,三能-KY,22.95,10.58,5.23,114.0,0.78,115/2,traded
TWSE,2026-10-02,6672,騰輝電子-KY,439.0,66.31,0.76,114.0,7.46,115/2,traded
TWSE,2026-10-02,6674,鋐寶科技,18.35,,0.0,114.0,1.61,115/2,traded
TWSE,2026-10-02,6689,伊雲谷,64.8,29.59,3.09,114.0,1.52,115/2,traded
TWSE,2026-10-02,6691,洋基工程,741.0,22.17,2.97,114.0,12.05,115/2,traded
TWSE,2026-10-02,6695,芯鼎,54.4,,0.0,114.0,3.13,115/2,traded
TWSE,2026-10-02,6698,旭暉應材,31.65,,1.58,114.0,2.12,115/2,traded
TWSE,2026-10-02,6706,惠特,154.5,,0.0,114.0,3.27,115/2,traded
TWSE,2026-10-02,6715,嘉基,449.0,295.39,0.43,114.0,8.29,115/2,traded
TWSE,2026-10-02,6719,力智,189.5,21.34,2.43,114.0,1.42,115/2,traded
TWSE,2026-10-02,6722,輝創,32.5,15.93,6.15,114.0,1.13,115/2,traded
TWSE,2026-10-02,6742,澤米,57.7,,0.0,114.0,3.39,115/2,traded
TWSE,2026-10-02,6743,安普新,35.45,31.94,8.46,114.0,2.29,115/2,traded
TWSE,2026-10-02,6753,龍德造船,133.0,12.69,0.94,114.0,2.93,115/2,traded
TWSE,2026-10-02,6754,匯僑設計,41.3,12.48,8.47,114.0,1.25,115/2,traded
TWSE,2026-10-02,6756,威鋒電子,97.1,54.55,0.93,114.0,2.24,115/2,traded
TWSE,2026-10-02,6757,台灣虎航,53.4,9.27,4.53,114.0,3.11,115/2,traded
TWSE,2026-10-02,6768,志強-KY,63.7,12.77,8.1,114.0,0.87,115/2,traded
TWSE,2026-10-02,6770,力積電,76.5,25.5,0.0,114.0,2.8,115/2,traded
TWSE,2026-10-02,6771,平和環保-創,42.7,14.83,7.49,114.0,1.61,115/2,traded
TWSE,2026-10-02,6776,展碁國際,52.7,12.03,5.69,114.0,1.74,115/2,traded
TWSE,2026-10-02,6781,AES-KY,1025.0,24.24,1.86,114.0,4.95,115/2,traded
TWSE,2026-10-02,6782,視陽,236.0,14.3,3.56,114.0,3.35,115/2,traded
TWSE,2026-10-02,6789,采鈺,490.5,93.61,0.61,114.0,8.46,115/2,traded
TWSE,2026-10-02,6790,永豐實,37.5,12.18,7.07,114.0,1.79,115/2,traded
TWSE,2026-10-02,6792,詠業,58.8,20.93,4.25,114.0,1.74,115/2,traded
TWSE,2026-10-02,6794,向榮生技,78.9,,0.0,114.0,6.14,115/2,traded
TWSE,2026-10-02,6796,晉弘,57.7,160.28,0.43,114.0,2.72,115/2,traded
TWSE,2026-10-02,6799,來頡,91.7,17.77,2.73,114.0,2.41,115/2,traded
TWSE,2026-10-02,6805,富世達,2310.0,49.41,0.54,114.0,18.96,115/2,traded
TWSE,2026-10-02,6807,峰源-KY,32.05,10.9,7.8,114.0,0.69,115/2,traded
TWSE,2026-10-02,6830,汎銓,547.0,2188.0,0.18,114.0,8.77,115/2,traded
TWSE,2026-10-02,6831,邁科,481.0,86.82,0.62,114.0,11.83,115/2,traded
TWSE,2026-10-02,6834,天二科技,131.0,56.96,0.31,114.0,7.51,115/2,traded
TWSE,2026-10-02,6835,圓裕,31.1,103.67,3.25,114.0,1.16,115/2,traded
TWSE,2026-10-02,6838,台新藥,25.3,,0.0,114.0,2.79,115/2,traded
TWSE,2026-10-02,6854,錼創科技-KY創,94.9,,0.0,114.0,3.26,115/2,traded
TWSE,2026-10-02,6861,睿生光電,296.0,45.68,0.68,114.0,7.9,115/2,traded
TWSE,2026-10-02,6862,三集瑞-KY,142.0,20.94,3.52,114.0,2.45,115/2,traded
TWSE,2026-10-02,6863,永道-KY,96.0,33.68,1.56,114.0,1.15,115/2,traded
TWSE,2026-10-02,6869,雲豹能源,70.5,,2.84,114.0,2.07,115/2,traded
TWSE,2026-10-02,6873,泓德能源,67.5,70.31,3.76,114.0,0.96,115/2,traded
TWSE,2026-10-02,6885,全福生技,30.4,,0.0,114.0,2.62,115/2,traded
TWSE,2026-10-02,6887,寶綠特-KY,38.9,8.86,6.22,114.0,0.96,115/2,traded
TWSE,2026-10-02,6890,來億-KY,147.0,14.13,6.1,114.0,1.58,115/2,traded
TWSE,2026-10-02,6901,鑽石投資,17.0,4.96,0.0,114.0,1.18,115/2,traded
TWSE,2026-10-02,6902,GOGOLOOK,150.0,31.19,0.0,114.0,6.54,115/2,traded
TWSE,2026-10-02,6906,現觀科,83.7,34.88,2.15,114.0,3.88,115/2,traded
TWSE,2026-10-02,6908,宏碁遊戲-創,26.9,24.23,4.61,114.0,0.77,115/2,traded
TWSE,2026-10-02,6909,創控,44.35,33.35,2.25,114.0,2.92,115/2,traded
TWSE,2026-10-02,6914,阜爾運通,118.5,11.9,6.75,114.0,2.18,115/2,traded
TWSE,2026-10-02,6916,華凌,18.8,,0.0,114.0,1.21,115/2,traded
TWSE,2026-10-02,6918,愛派司,73.6,13.5,6.79,114.0,2.09,115/2,traded
TWSE,2026-10-02,6919,康霈*,79.9,,0.0,114.0,13.5,115/2,traded
TWSE,2026-10-02,6921,嘉雨思-創,66.0,,0.0,114.0,7.91,115/2,traded
TWSE,2026-10-02,6923,中台,74.6,18.24,4.06,114.0,2.7,115/2,traded
TWSE,2026-10-02,6924,榮惠-KY創,133.5,16.05,3.75,114.0,4.94,115/2,traded
TWSE,2026-10-02,6928,攸泰科技,45.85,,0.0,114.0,1.96,115/2,traded
TWSE,2026-10-02,6931,青松健康,38.4,10.19,1.25,114.0,1.96,115/2,traded
TWSE,2026-10-02,6933,AMAX-KY,379.0,47.02,0.66,114.0,6.39,115/2,traded
TWSE,2026-10-02,6934,心誠鎂,73.9,,0.0,114.0,5.04,115/2,traded
TWSE,2026-10-02,6936,永鴻生技,32.2,14.5,4.69,114.0,1.77,115/2,traded
TWSE,2026-10-02,6937,天虹,303.5,67.0,0.46,114.0,5.78,115/2,traded
TWSE,2026-10-02,6944,兆聯實業,799.0,19.85,2.5,114.0,7.24,115/2,traded
TWSE,2026-10-02,6947,台鎔科技,68.3,34.32,0.78,114.0,2.84,115/2,traded
TWSE,2026-10-02,6949,沛爾生醫*-創,44.5,,0.0,114.0,22.7,115/2,traded
TWSE,2026-10-02,6951,青新-創,69.3,11.2,7.65,114.0,2.86,115/2,traded
TWSE,2026-10-02,6952,大武山,38.9,30.63,0.0,114.0,1.79,115/2,traded
TWSE,2026-10-02,6955,邦睿生技-創,93.5,21.49,3.21,114.0,3.53,115/2,traded
TWSE,2026-10-02,6957,裕慶-KY,377.0,32.42,2.41,114.0,8.72,115/2,traded
TWSE,2026-10-02,6958,日盛台駿,17.0,,0.0,114.0,0.71,115/2,traded
TWSE,2026-10-02,6962,奕力-KY,33.4,22.88,2.99,114.0,0.83,115/2,traded
TWSE,2026-10-02,6965,中傑-KY,61.6,104.41,8.12,114.0,0.84,115/2,traded
TWSE,2026-10-02,6969,成信實業*-創,30.0,333.33,0.0,114.0,2.71,115/2,traded
TWSE,2026-10-02,6988,威力暘-創,11.45,,0.0,114.0,0.75,115/2,traded
TWSE,2026-10-02,6994,富威電力,32.05,5.87,9.36,114.0,1.0,115/2,traded
TWSE,2026-10-02,7610,聯友金屬-創,1725.0,49.51,0.14,114.0,26.89,115/2,traded
TWSE,2026-10-02,7631,聚賢研發-創,144.0,13.64,2.6,114.0,3.14,115/2,traded
TWSE,2026-10-02,7689,大鵬科CLMX,161.0,13.54,3.42,114.0,5.08,115/2,traded
TWSE,2026-10-02,7705,三商餐飲,29.85,12.28,5.36,114.0,1.31,115/2,traded
TWSE,2026-10-02,7711,永擎,610.0,26.85,1.47,114.0,8.06,115/2,traded
TWSE,2026-10-02,7721,微程式,63.3,69.56,1.58,114.0,2.72,115/2,traded
TWSE,2026-10-02,7722,LINEPAY,260.0,30.95,0.77,114.0,1.61,115/2,traded
TWSE,2026-10-02,7730,暉盛-創,187.0,105.06,0.8,114.0,7.05,115/2,traded
TWSE,2026-10-02,7732,金興精密,32.7,17.21,4.59,114.0,1.18,115/2,traded
TWSE,2026-10-02,7736,虎山,69.8,12.6,5.44,114.0,1.5,115/2,traded
TWSE,2026-10-02,7740,熙特爾-創,102.0,12.66,3.26,114.0,3.64,115/2,traded
TWSE,2026-10-02,7749,意騰-KY,397.5,27.49,2.26,114.0,4.99,115/2,traded
TWSE,2026-10-02,7750,新代,1885.0,32.4,0.85,114.0,10.05,115/2,traded
TWSE,2026-10-02,7760,享溫馨,32.5,48.51,6.15,114.0,1.02,115/2,traded
TWSE,2026-10-02,7765,中華資安,232.5,20.27,4.16,114.0,4.94,115/2,traded
TWSE,2026-10-02,7768,頌勝科技,313.0,67.17,1.12,114.0,4.89,115/2,traded
TWSE,2026-10-02,7769,鴻勁,5580.0,57.61,1.16,114.0,17.68,115/2,traded
TWSE,2026-10-02,7780,大研生醫*,16.05,30.28,8.97,114.0,2.65,115/2,traded
TWSE,2026-10-02,7786,東方風能,117.5,11.02,4.77,114.0,2.12,115/2,traded
TWSE,2026-10-02,7788,松川精密,307.0,36.94,0.65,114.0,3.92,115/2,traded
TWSE,2026-10-02,7791,皇家可口,55.0,13.19,6.93,114.0,1.38,115/2,traded
TWSE,2026-10-02,7795,長廣,548.0,242.48,0.39,114.0,15.2,115/2,traded
TWSE,2026-10-02,7799,禾榮科,543.0,,0.0,114.0,7.7,115/2,traded
TWSE,2026-10-02,7803,雲象科技-創,17.6,,0.0,114.0,2.86,115/2,traded
TWSE,2026-10-02,7812,稜研科技*-創,65.9,,0.0,114.0,4.4,115/2,traded
TWSE,2026-10-02,7818,溢泰實業,60.0,12.53,3.4,114.0,1.06,115/2,traded
TWSE,2026-10-02,7821,神數,35.35,11.55,5.66,114.0,1.6,115/2,traded
TWSE,2026-10-02,7822,倍利科,1000.0,56.43,0.64,114.0,7.56,115/2,traded
TWSE,2026-10-02,7823,奧義賽博-KY創,79.5,,0.0,114.0,5.63,115/2,traded
TWSE,2026-10-02,7827,漢康-KY創,167.0,,0.0,114.0,17.63,115/2,traded
TWSE,2026-10-02,7835,永悅健康-創,19.95,,0.0,114.0,4.99,115/2,traded
TWSE,2026-10-02,7855,和運租車,41.4,8.75,7.78,114.0,1.26,115/2,traded
TWSE,2026-10-02,8011,台通,16.1,21.76,4.35,114.0,0.84,115/2,traded
TWSE,2026-10-02,8016,矽創,291.0,14.54,3.95,114.0,2.59,115/2,traded
TWSE,2026-10-02,8021,尖點,553.0,111.49,0.36,114.0,12.9,115/2,traded
TWSE,2026-10-02,8028,昇陽半導體,283.5,50.81,0.95,114.0,8.49,115/2,traded
TWSE,2026-10-02,8033,雷虎,175.0,364.58,0.0,114.0,8.85,115/2,traded
TWSE,2026-10-02,8039,台虹,296.0,93.97,0.67,114.0,6.97,115/2,traded
TWSE,2026-10-02,8045,達運光電,56.3,65.47,1.78,114.0,2.75,115/2,traded
TWSE,2026-10-02,8046,南電,1460.0,171.56,0.14,114.0,19.15,115/2,traded
TWSE,2026-10-02,8070,長華*,50.7,30.0,5.35,114.0,1.34,115/2,traded
TWSE,2026-10-02,8072,陞泰,27.7,16.69,3.61,114.0,0.97,115/2,traded
TWSE,2026-10-02,8081,致新,257.0,13.97,6.23,114.0,2.71,115/2,traded
TWSE,2026-10-02,8101,華冠,10.7,,0.0,114.0,2.53,115/2,traded
TWSE,2026-10-02,8103,瀚荃,121.0,21.15,2.31,114.0,2.33,115/2,traded
TWSE,2026-10-02,8104,錸寶,31.75,,0.0,114.0,1.1,115/2,traded
TWSE,2026-10-02,8105,凌巨,15.6,18.14,0.0,114.0,0.85,115/2,traded
TWSE,2026-10-02,8110,華東,49.95,9.17,2.98,114.0,1.33,115/2,traded
TWSE,2026-10-02,8112,至上,84.1,6.36,4.52,114.0,2.07,115/2,traded
TWSE,2026-10-02,8114,振樺電,178.5,12.72,6.43,114.0,1.94,115/2,traded
TWSE,2026-10-02,8131,福懋科,63.5,18.41,1.57,114.0,1.82,115/2,traded
TWSE,2026-10-02,8150,南茂,127.0,39.56,0.97,114.0,3.58,115/2,traded
TWSE,2026-10-02,8162,微矽電子-創,67.4,50.3,2.23,114.0,3.22,115/2,traded
TWSE,2026-10-02,8163,達方,31.2,52.0,1.6,114.0,0.8,115/2,traded
TWSE,2026-10-02,8201,無敵,17.1,,0.0,114.0,2.39,115/2,traded
TWSE,2026-10-02,8210,勤誠,841.0,22.04,1.66,114.0,8.45,115/2,traded
TWSE,2026-10-02,8213,志超,34.25,17.39,3.33,114.0,0.55,115/2,traded
TWSE,2026-10-02,8215,明基材,29.7,,1.01,114.0,1.98,115/2,traded
TWSE,2026-10-02,8222,寶一,35.4,26.22,0.99,114.0,2.6,115/2,traded
TWSE,2026-10-02,8249,菱光,41.0,20.1,5.07,114.0,0.8,115/2,traded
TWSE,2026-10-02,8261,富鼎,186.5,27.96,2.68,114.0,3.89,115/2,traded
TWSE,2026-10-02,8271,宇瞻,202.5,5.04,2.2,114.0,2.76,115/2,traded
TWSE,2026-10-02,8341,日友,74.2,14.16,5.39,114.0,1.81,115/2,traded
TWSE,2026-10-02,8367,建新國際,40.65,12.9,7.01,114.0,1.15,115/2,traded
TWSE,2026-10-02,8374,羅昇,77.6,,0.26,114.0,4.2,115/2,traded
TWSE,2026-10-02,8404,百和興業-KY,13.15,15.65,3.8,114.0,0.76,115/2,traded
TWSE,2026-10-02,8411,福貞-KY,11.6,34.12,0.86,114.0,0.41,115/2,traded
TWSE,2026-10-02,8422,可寧衛*,25.5,26.56,4.71,114.0,3.37,115/2,traded
TWSE,2026-10-02,8429,金麗-KY,5.9,65.56,0.0,114.0,0.16,115/2,traded
TWSE,2026-10-02,8438,昶昕,84.2,23.26,1.54,114.0,2.95,115/2,traded
TWSE,2026-10-02,8442,威宏-KY,45.9,14.76,6.54,114.0,0.87,115/2,traded
TWSE,2026-10-02,8443,阿瘦,11.0,,0.0,114.0,1.17,115/2,traded
TWSE,2026-10-02,8454,富邦媒,239.0,23.0,4.18,114.0,7.63,115/2,traded
TWSE,2026-10-02,8462,柏文,157.0,15.04,4.64,114.0,5.24,115/2,traded
TWSE,2026-10-02,8463,潤泰材,21.2,10.71,3.77,114.0,1.28,115/2,traded
TWSE,2026-10-02,8464,億豐,361.0,15.77,4.43,114.0,3.67,115/2,traded
TWSE,2026-10-02,8466,美吉吉-KY,15.05,,1.99,114.0,0.4,115/2,traded
TWSE,2026-10-02,8467,波力-KY,88.2,13.67,8.0,114.0,1.65,115/2,traded
TWSE,2026-10-02,8473,山林水,38.95,11.29,4.72,114.0,1.02,115/2,traded
TWSE,2026-10-02,8476,台境*,20.0,71.43,1.0,114.0,1.73,115/2,traded
TWSE,2026-10-02,8478,東哥遊艇,141.0,9.81,4.61,114.0,1.45,115/2,traded
TWSE,2026-10-02,8481,政伸,40.55,11.96,6.78,114.0,1.59,115/2,traded
TWSE,2026-10-02,8482,商億-KY,48.1,16.25,4.07,114.0,1.62,115/2,traded
TWSE,2026-10-02,8487,愛爾達-創,70.3,13.24,6.84,114.0,2.96,115/2,traded
TWSE,2026-10-02,8488,吉源-KY,9.74,,0.0,114.0,0.29,115/2,traded
TWSE,2026-10-02,8499,鼎炫-KY,254.5,23.94,3.14,114.0,1.26,115/2,traded
TWSE,2026-10-02,8926,台汽電,59.0,16.21,3.59,114.0,2.46,115/2,traded
TWSE,2026-10-02,8940,新天地,14.85,28.02,0.0,114.0,1.21,115/2,traded
TWSE,2026-10-02,8996,高力,1510.0,101.68,0.3,114.0,27.42,115/2,traded
TWSE,2026-10-02,9802,鈺齊-KY,64.4,12.7,7.92,114.0,0.95,115/2,traded
TWSE,2026-10-02,9902,台火,13.05,22.5,0.0,114.0,0.98,115/2,traded
TWSE,2026-10-02,9904,寶成,24.7,5.23,5.26,114.0,0.39,115/2,traded
TWSE,2026-10-02,9905,大華,21.3,12.99,5.16,114.0,0.76,115/2,traded
TWSE,2026-10-02,9906,欣巴巴,39.55,11.53,0.2,114.0,2.36,115/2,traded
TWSE,2026-10-02,9907,統一實,14.95,15.74,7.89,114.0,1.13,115/2,traded
TWSE,2026-10-02,9908,大台北,28.95,13.79,4.15,114.0,0.97,115/2,traded
TWSE,2026-10-02,9910,豐泰,67.8,13.78,6.05,114.0,2.83,115/2,traded
TWSE,2026-10-02,9911,櫻花,81.4,12.62,6.14,114.0,2.74,115/2,traded
TWSE,2026-10-02,9912,偉聯,12.8,,0.0,114.0,1.95,115/2,traded
TWSE,2026-10-02,9914,美利達,68.3,19.8,4.1,114.0,1.05,115/2,traded
TWSE,2026-10-02,9917,中保科,106.0,15.45,5.85,114.0,3.75,115/2,traded
TWSE,2026-10-02,9918,欣天然,43.2,16.18,3.47,114.0,2.28,115/2,traded
TWSE,2026-10-02,9919,康那香,13.9,,0.0,114.0,1.46,115/2,traded
TWSE,2026-10-02,9921,巨大,91.4,58.97,1.99,114.0,1.04,115/2,traded
TWSE,2026-10-02,9924,福興,37.95,10.4,6.59,114.0,0.83,115/2,traded
TWSE,2026-10-02,9925,新保,39.5,13.08,5.06,114.0,1.05,115/2,traded
TWSE,2026-10-02,9926,新海,48.8,17.12,4.3,114.0,1.98,115/2,traded
TWSE,2026-10-02,9927,泰銘,62.9,10.57,7.95,114.0,1.42,115/2,traded
TWSE,2026-10-02,9928,中視,18.0,,0.0,114.0,0.61,115/2,traded
TWSE,2026-10-02,9929,秋雨,11.05,22.55,0.0,114.0,1.31,115/2,traded
TWSE,2026-10-02,9930,中聯資源,59.8,13.53,6.69,114.0,2.4,115/2,traded
TWSE,2026-10-02,9931,欣高,33.85,11.79,5.32,114.0,1.05,115/2,traded
TWSE,2026-10-02,9933,中鼎,45.8,8.45,2.07,114.0,1.8,115/2,traded
TWSE,2026-10-02,9934,成霖,9.83,39.32,1.02,114.0,0.62,115/2,traded
TWSE,2026-10-02,9935,慶豐富,18.3,7.41,6.56,114.0,1.2,115/2,traded
TWSE,2026-10-02,9937,全國,54.2,21.09,4.06,114.0,3.02,115/2,traded
TWSE,2026-10-02,9938,百和,38.25,11.77,7.84,114.0,0.87,115/2,traded
TWSE,2026-10-02,9939,宏全,124.5,11.32,4.98,114.0,1.86,115/2,traded
TWSE,2026-10-02,9940,信義,20.1,20.51,2.99,114.0,1.12,115/2,traded
TWSE,2026-10-02,9941,裕融,76.7,10.94,5.97,114.0,1.28,115/2,traded
TWSE,2026-10-02,9942,茂順,113.5,12.43,6.17,114.0,2.26,115/2,traded
TWSE,2026-10-02,9943,好樂迪,50.5,12.32,6.93,114.0,1.71,115/2,traded
TWSE,2026-10-02,9944,新麗,17.1,27.58,1.75,114.0,0.52,115/2,traded
TWSE,2026-10-02,9945,潤泰新,29.1,5.09,3.78,114.0,0.51,115/2,traded
TWSE,2026-10-02,9946,三發地產,16.85,3.62,8.19,114.0,0.76,115/2,traded
TWSE,2026-10-02,9955,佳龍,23.0,12.04,0.0,114.0,1.79,115/2,traded
TWSE,2026-10-02,9958,世紀鋼,91.4,12.98,4.92,114.0,1.92,115/2,traded
