stock_id,date,trade_volume_shares,trade_value,open,high,low,close,change,transactions
2237,2026-08-10,1195176.0,32073199.0,26.65,27.6,26.35,27.0,0.0,748.0
2237,2026-08-11,486179.0,13117491.0,26.85,27.15,26.65,27.05,0.05,341.0
2237,2026-08-12,599250.0,16352600.0,27.05,27.8,27.0,27.45,0.4,429.0
2237,2026-08-13,258841.0,7099773.0,27.7,27.7,27.2,27.35,-0.1,219.0
2237,2026-08-14,213985.0,5811147.0,27.35,27.35,27.0,27.1,-0.25,146.0
2237,2026-08-17,151317.0,4072006.0,27.1,27.1,26.75,27.1,0.0,145.0
2237,2026-08-18,278179.0,7545900.0,27.1,27.35,26.85,27.15,0.05,155.0
2237,2026-08-19,138364.0,3708337.0,27.0,27.05,26.6,26.9,-0.25,91.0
2237,2026-08-20,123484.0,3315384.0,26.9,27.0,26.75,27.0,0.1,87.0
2237,2026-08-21,279811.0,7653320.0,27.0,27.75,26.95,27.45,0.45,197.0
2237,2026-08-24,349237.0,9848894.0,27.55,28.75,27.55,28.1,0.65,270.0
2237,2026-08-25,83536.0,2309167.0,27.9,27.9,27.5,27.8,-0.3,80.0
2237,2026-08-26,169777.0,4716405.0,27.9,27.95,27.6,27.75,-0.05,112.0
2237,2026-08-27,206829.0,5783047.0,27.75,28.1,27.75,27.9,0.15,144.0
2237,2026-08-28,289026.0,8056294.0,27.9,28.3,27.5,28.0,0.1,212.0
2237,2026-08-31,111913.0,3125704.0,28.1,28.1,27.8,27.9,-0.1,102.0
2237,2026-09-01,188783.0,5278636.0,27.9,28.05,27.8,27.95,0.05,118.0
2237,2026-09-02,129054.0,3600111.0,28.0,28.0,27.8,27.8,-0.15,68.0
2237,2026-09-03,123641.0,3438803.0,28.0,28.0,27.65,27.7,-0.1,101.0
2237,2026-09-04,176160.0,4867725.0,27.7,27.9,27.5,27.7,0.0,105.0
2237,2026-09-07,196915.0,5484371.0,27.7,28.25,27.55,27.85,0.15,133.0
2237,2026-09-08,91770.0,2540902.0,27.85,27.85,27.6,27.75,-0.1,79.0
2237,2026-09-09,263519.0,7391672.0,28.05,28.25,27.85,28.0,0.25,145.0
2237,2026-09-10,69495.0,1922820.0,28.0,28.0,27.6,27.65,-0.35,42.0
2237,2026-09-11,209792.0,5736745.0,27.7,27.7,27.15,27.2,-0.45,159.0
2237,2026-09-14,103415.0,2786690.0,27.2,27.2,26.8,26.8,-0.4,79.0
2237,2026-09-15,39290.0,1051838.0,26.8,26.9,26.7,26.8,0.0,35.0
2254,2024-01-02,219000.0,17793200.0,88.5,88.5,79.7,85.5,-3.0,112.0
2254,2024-01-03,107000.0,8837200.0,83.4,84.4,80.6,84.4,-1.1,28.0
2254,2024-01-04,106096.0,8672139.0,83.9,83.9,80.0,83.9,-0.5,44.0
2254,2024-01-05,216175.0,19305697.0,92.2,92.2,84.7,91.0,7.1,111.0
2254,2024-01-08,119080.0,10758436.0,89.8,90.6,89.7,90.5,-0.5,20.0
2254,2024-01-09,35002.0,3241281.0,95.6,95.6,87.2,92.5,2.0,27.0
2254,2024-01-10,43100.0,3851510.0,89.8,91.2,88.2,91.2,-1.3,15.0
2254,2024-01-11,63100.0,5726710.0,90.8,91.9,88.3,91.2,0.0,32.0
2254,2024-01-12,79049.0,7130804.0,91.0,92.0,88.0,92.0,0.8,36.0
2254,2024-01-15,123249.0,10931010.0,91.0,91.9,85.0,86.4,-5.6,39.0
2254,2024-01-16,185000.0,15546100.0,89.8,89.8,80.0,82.0,-4.4,85.0
2254,2024-01-17,317000.0,25155400.0,83.0,83.9,75.0,83.4,1.4,118.0
2254,2024-01-18,221000.0,18351200.0,86.3,86.3,77.4,82.8,-0.6,74.0
2254,2024-01-19,65000.0,5433600.0,83.9,83.9,82.5,83.5,0.7,21.0
2254,2024-01-22,77000.0,6214900.0,83.2,83.2,79.3,82.8,-0.7,31.0
2254,2024-01-23,150360.0,12177260.0,80.0,82.1,79.0,81.8,-1.0,45.0
2254,2024-01-24,109000.0,8713700.0,81.3,81.5,78.3,81.5,-0.3,34.0
2254,2024-01-25,122000.0,10198300.0,81.3,85.6,80.3,83.1,1.6,58.0
2254,2024-01-26,22050.0,1821700.0,82.0,82.7,82.0,82.7,-0.4,5.0
2254,2024-01-29,110000.0,8945000.0,82.5,82.7,80.0,82.7,0.0,64.0
2254,2024-01-30,78000.0,6351400.0,82.5,82.5,79.7,81.6,-1.1,28.0
2254,2024-01-31,29000.0,2349800.0,81.5,81.7,79.8,79.8,-1.8,18.0
2254,2024-02-01,64000.0,5039300.0,78.5,81.0,78.0,81.0,1.2,52.0
2254,2024-02-02,76025.0,6090912.0,80.8,80.9,79.0,80.8,-0.2,36.0
2254,2024-02-05,44000.0,3533700.0,79.1,80.8,79.0,80.8,0.0,16.0
2254,2024-02-15,72000.0,5729300.0,82.8,82.8,78.2,80.9,0.1,58.0
2254,2024-02-16,103000.0,8353500.0,79.1,82.4,78.4,82.4,1.5,85.0
2254,2024-02-19,126000.0,10241700.0,80.0,83.0,79.2,83.0,0.6,79.0
2254,2024-02-20,234000.0,19009600.0,81.7,83.8,78.8,83.8,0.8,122.0
2254,2024-02-21,151000.0,12262700.0,80.5,82.9,80.1,82.2,-1.6,112.0
2254,2024-02-22,158000.0,12852200.0,82.1,82.4,80.0,81.8,-0.4,50.0
2254,2024-02-23,58000.0,4682400.0,81.5,81.5,80.1,81.1,-0.7,19.0
2254,2024-02-26,164000.0,13376200.0,80.0,83.0,80.0,83.0,1.9,90.0
2254,2024-02-27,109000.0,8880600.0,82.5,82.8,80.3,82.4,-0.6,45.0
2254,2024-02-29,180000.0,14585900.0,80.3,82.0,80.2,82.0,-0.4,74.0
2254,2024-03-01,159000.0,12920100.0,80.3,82.5,80.3,82.3,0.3,75.0
2254,2024-03-04,117000.0,9539000.0,80.5,82.2,80.5,82.2,-0.1,61.0
2254,2024-03-05,81000.0,6582300.0,81.7,81.8,80.7,80.7,-1.5,57.0
2254,2024-03-06,188005.0,15242100.0,80.5,82.4,80.0,82.4,1.7,103.0
2254,2024-03-07,231999.0,19029619.0,80.3,83.2,80.2,82.8,0.4,1122.0
2254,2024-03-08,198220.0,16138592.0,80.8,84.8,80.0,84.8,2.0,117.0
2254,2024-03-11,139000.0,11567600.0,83.3,83.9,81.8,83.8,-1.0,96.0
2254,2024-03-12,110000.0,9097500.0,81.1,84.4,81.1,83.9,0.1,64.0
2254,2024-03-13,192000.0,16157200.0,83.0,86.5,82.1,86.4,2.5,90.0
2254,2024-03-14,117471.0,10590736.0,89.4,92.0,89.0,91.2,4.8,49.0
2254,2024-03-15,257171.0,23522725.0,92.0,94.9,88.0,92.1,0.9,93.0
2254,2024-03-18,214000.0,19248500.0,92.1,94.7,86.5,92.1,0.0,70.0
2254,2024-03-19,221999.0,20075807.0,91.5,92.1,88.1,91.8,-0.3,84.0
2254,2024-03-20,343005.0,30636555.0,91.4,92.1,85.8,91.8,0.0,230.0
2254,2024-03-21,569000.0,50042500.0,92.0,92.0,85.0,91.0,-0.8,199.0
2254,2024-03-22,118001.0,10505788.0,88.0,89.7,87.5,87.7,-3.3,30.0
2254,2024-03-25,269604.0,23488093.0,88.9,89.8,85.0,89.7,2.0,82.0
2254,2024-03-26,225003.0,19690955.0,88.9,89.0,85.8,86.8,-2.9,48.0
2254,2024-03-27,220317.0,19214245.0,86.2,88.4,85.2,86.1,-0.7,51.0
2254,2024-03-28,220999.0,19293515.0,85.4,88.8,85.4,88.8,2.7,52.0
2254,2024-03-29,241001.0,21087985.0,85.9,88.8,85.9,88.0,-0.8,55.0
2254,2024-04-01,244000.0,21373900.0,86.3,89.2,86.1,89.2,1.2,59.0
2254,2024-04-02,364000.0,32430400.0,87.4,91.3,86.9,90.9,1.7,76.0
2254,2024-04-03,289000.0,25976200.0,89.8,92.8,86.8,92.4,1.5,93.0
2254,2024-04-08,244835.0,22097740.0,91.5,92.4,88.0,92.3,-0.1,65.0
2254,2024-04-09,236155.0,21311740.0,88.8,91.5,88.8,91.4,-0.9,93.0
2254,2024-04-10,423528.0,37286764.0,90.6,91.6,85.0,89.6,-1.8,221.0
2254,2024-04-11,57002.0,5008972.0,88.1,88.8,87.1,88.8,-0.8,16.0
2254,2024-04-12,263000.0,22956500.0,87.4,89.1,85.0,88.9,0.1,96.0
2254,2024-04-15,265049.0,23257297.0,86.1,89.0,85.8,89.0,0.1,71.0
2254,2024-04-16,23000.0,2022900.0,86.5,88.4,86.5,88.4,-0.6,13.0
2254,2024-04-17,420000.0,36194800.0,88.4,88.5,84.0,85.9,-2.5,144.0
2254,2024-04-18,563510.0,48691090.0,85.1,90.3,83.5,90.3,4.4,290.0
2254,2024-04-19,331000.0,29395700.0,87.3,90.3,86.0,89.4,-0.9,75.0
2254,2024-04-22,119000.0,10326300.0,89.1,89.3,86.2,88.9,-0.5,48.0
2254,2024-04-23,71000.0,6342300.0,88.6,89.5,88.6,89.1,0.2,25.0
2254,2024-04-24,331112.0,28824721.0,86.8,88.6,86.0,88.4,-0.7,81.0
2254,2024-04-25,275002.0,24468480.0,86.2,91.2,86.1,90.8,2.4,112.0
2254,2024-04-26,132000.0,11916500.0,89.9,90.4,89.9,90.0,-0.8,26.0
2254,2024-04-29,183000.0,16018100.0,90.0,90.0,86.9,89.2,-0.8,72.0
2254,2024-04-30,361003.0,32245970.0,87.2,91.9,87.0,91.9,2.7,92.0
2254,2024-05-02,36000.0,3230100.0,88.7,90.2,88.7,90.1,-1.8,13.0
2254,2024-05-03,397000.0,35871200.0,88.5,93.8,87.0,92.2,2.1,115.0
2254,2024-05-06,360000.0,32863300.0,89.7,93.8,88.3,92.6,0.4,105.0
2254,2024-05-07,379002.0,33897385.0,90.0,93.3,87.5,93.3,0.7,126.0
2254,2024-05-08,223000.0,20176000.0,91.3,91.5,88.9,89.0,-4.3,43.0
2254,2024-05-09,224208.0,20087820.0,90.2,90.9,88.2,90.4,1.4,52.0
2254,2024-05-10,387400.0,34851000.0,89.2,91.2,88.3,90.6,0.2,141.0
2254,2024-05-13,353000.0,31858100.0,90.5,91.4,88.7,90.6,0.0,107.0
2254,2024-05-14,525000.0,46570700.0,90.7,94.0,86.0,94.0,3.4,362.0
2254,2024-05-15,242000.0,21908100.0,92.0,92.4,88.9,89.0,-5.0,80.0
2254,2024-05-16,422000.0,38559000.0,90.0,94.0,88.6,90.4,1.4,229.0
2254,2024-05-17,449000.0,40630700.0,90.9,93.5,88.2,89.1,-1.3,218.0
2254,2024-05-20,495000.0,44146300.0,90.8,93.0,86.0,90.4,1.3,242.0
2254,2024-05-21,394000.0,35517600.0,90.8,92.0,88.0,90.8,0.4,142.0
2254,2024-05-22,413000.0,36918900.0,90.0,91.8,87.3,89.9,-0.9,152.0
2254,2024-05-23,616000.0,54414300.0,88.5,91.0,86.0,91.0,1.1,205.0
2254,2024-05-24,462000.0,40827100.0,88.6,91.0,85.9,91.0,0.0,197.0
2254,2024-05-27,455000.0,40067800.0,90.2,91.0,86.0,86.0,-5.0,193.0
2254,2024-05-28,389000.0,33747300.0,88.0,88.0,85.0,88.0,2.0,116.0
2254,2024-05-29,392000.0,33973900.0,87.9,88.8,85.0,85.2,-2.8,144.0
2254,2024-05-30,387000.0,33213100.0,85.4,88.0,83.0,85.6,0.4,138.0
2254,2024-05-31,330188.0,27774904.0,87.0,87.5,82.9,83.8,-1.8,171.0
2254,2024-06-03,497000.0,40980200.0,83.5,86.0,80.0,81.0,-2.8,263.0
2254,2024-06-04,367000.0,30017200.0,82.5,83.0,80.0,80.5,-0.5,53.0
2254,2024-06-05,286000.0,22827900.0,81.9,82.4,78.0,79.9,-0.6,85.0
2254,2024-06-06,93000.0,7478600.0,80.6,81.1,79.2,80.5,0.6,24.0
2254,2024-06-07,51000.0,4108000.0,80.5,80.8,80.5,80.5,0.0,10.0
2254,2024-06-11,68000.0,5470100.0,79.0,80.6,79.0,80.0,-0.5,13.0
2254,2024-06-12,268000.0,21737800.0,80.5,83.0,79.0,81.0,1.0,77.0
2254,2024-06-13,281150.0,22962030.0,81.0,84.0,80.0,80.2,-0.8,120.0
2254,2024-06-14,53000.0,4290400.0,80.0,81.8,80.0,80.2,0.0,8.0
2254,2024-06-17,62000.0,5018900.0,81.6,81.6,79.6,79.6,-0.6,10.0
2254,2024-06-18,19188.0,1536964.0,80.7,80.8,79.3,79.3,-0.3,14.0
2254,2024-06-19,289000.0,23577800.0,79.1,83.0,79.1,82.4,3.1,77.0
2254,2024-06-20,230000.0,18874900.0,81.0,83.4,80.5,82.9,0.5,54.0
2254,2024-06-21,270000.0,22113100.0,82.9,83.5,80.5,81.8,-1.1,66.0
2254,2024-06-24,364000.0,29176600.0,81.8,83.0,78.0,80.4,-1.4,113.0
2254,2024-06-25,195000.0,15552200.0,80.4,80.6,78.6,80.4,0.0,40.0
2254,2024-06-26,72000.0,5765200.0,80.4,80.7,79.5,80.3,-0.1,16.0
2254,2024-06-27,333000.0,27212100.0,79.5,82.8,78.6,82.8,2.5,150.0
2254,2024-06-28,137093.0,11451681.0,82.6,83.9,82.4,83.3,0.5,40.0
2254,2024-07-01,130000.0,10677900.0,81.5,82.8,81.5,81.9,-1.4,26.0
2254,2024-07-02,98000.0,8123000.0,82.8,83.8,81.9,82.0,0.1,28.0
2254,2024-07-03,53000.0,4306300.0,81.5,82.0,81.0,81.6,-0.4,15.0
2254,2024-07-04,194416.0,15984753.0,81.6,84.0,80.5,83.6,2.0,118.0
2254,2024-07-05,291000.0,24199900.0,83.3,85.3,81.5,82.9,-0.7,119.0
2254,2024-07-08,38000.0,3154700.0,83.7,83.7,81.7,81.7,-1.2,14.0
2254,2024-07-09,130000.0,10621500.0,83.3,83.3,80.5,80.9,-0.8,58.0
2254,2024-07-10,97000.0,7869000.0,80.8,81.7,80.6,81.7,0.8,32.0
2254,2024-07-11,150000.0,12275600.0,82.5,82.8,80.5,81.8,0.1,38.0
2254,2024-07-12,140000.0,11626400.0,81.8,83.8,81.8,82.0,0.2,37.0
2254,2024-07-15,122000.0,9884400.0,82.0,82.4,80.5,82.0,0.0,26.0
2254,2024-07-16,101000.0,8167600.0,81.1,81.8,80.5,80.5,-1.5,26.0
2254,2024-07-17,233000.0,19082200.0,80.2,83.4,80.0,81.0,0.5,51.0
2254,2024-07-18,216000.0,17583000.0,81.5,82.6,80.0,82.6,1.6,57.0
2254,2024-07-19,326000.0,26525000.0,80.8,83.0,80.3,83.0,0.4,115.0
2254,2024-07-22,256208.0,21241160.0,82.9,83.7,80.8,83.7,0.7,96.0
2254,2024-07-23,339000.0,28465300.0,81.6,88.0,80.7,88.0,4.3,121.0
2254,2024-07-26,253000.0,21716600.0,85.0,88.8,82.3,88.7,0.7,68.0
2254,2024-07-29,217000.0,18854200.0,85.6,88.8,83.9,88.6,-0.1,43.0
2254,2024-07-30,249000.0,21699000.0,84.5,89.1,84.5,89.1,0.5,58.0
2254,2024-07-31,162000.0,14322300.0,86.3,89.3,86.3,88.6,-0.5,34.0
2254,2024-08-01,76392.0,6672251.0,86.1,88.0,85.9,86.6,-2.0,32.0
2254,2024-08-02,144000.0,12395500.0,84.2,87.5,84.2,87.5,0.9,31.0
2254,2024-08-05,80000.0,6635300.0,85.1,87.6,80.3,86.1,-1.4,35.0
2254,2024-08-06,177000.0,15425500.0,83.1,88.8,83.0,88.8,2.7,53.0
2254,2024-08-07,159000.0,13992000.0,88.5,89.4,86.2,89.4,0.6,43.0
2254,2024-08-08,125000.0,10984300.0,88.4,89.3,86.2,86.2,-3.2,32.0
2254,2024-08-09,238000.0,20623500.0,86.2,87.7,85.0,87.6,1.4,38.0
2254,2024-08-12,274000.0,24390100.0,87.8,89.2,87.7,87.7,0.1,60.0
2254,2024-08-13,130000.0,11211900.0,87.0,88.8,85.0,86.9,-0.8,90.0
2254,2024-08-14,60000.0,5136000.0,86.9,87.5,85.0,85.3,-1.6,35.0
2254,2024-08-15,219000.0,18261400.0,85.0,86.0,83.0,84.0,-1.3,52.0
2254,2024-08-16,83000.0,7035900.0,85.4,85.4,83.9,84.7,0.7,18.0
2254,2024-08-19,122000.0,10307800.0,83.2,84.9,83.2,84.5,-0.2,9.0
2254,2024-08-20,194000.0,16297400.0,83.5,84.8,83.4,84.0,-0.5,25.0
2254,2024-08-21,152000.0,12847000.0,84.8,85.0,83.0,84.9,0.9,40.0
2254,2024-08-22,228000.0,19462500.0,84.9,86.0,84.2,85.6,0.7,47.0
2254,2024-08-23,164000.0,13993200.0,83.5,85.8,83.4,85.8,0.2,26.0
2254,2024-08-26,161000.0,13808400.0,84.2,86.1,84.2,85.9,0.1,22.0
2254,2024-08-27,208002.0,17917673.0,84.5,87.7,84.2,87.4,1.5,67.0
2254,2024-08-28,227000.0,19799300.0,86.0,87.9,85.7,87.8,0.4,66.0
2254,2024-08-29,212000.0,18479100.0,86.5,88.0,86.2,88.0,0.2,39.0
2254,2024-08-30,153000.0,13429100.0,87.8,88.0,87.2,88.0,0.0,32.0
2254,2024-09-02,261008.0,23208606.0,87.8,89.8,87.4,89.6,1.6,71.0
2254,2024-09-03,333000.0,31159000.0,90.7,96.1,89.7,96.0,6.4,131.0
2254,2024-09-04,450050.0,41560035.0,92.8,95.9,86.5,88.7,-7.3,136.0
2254,2024-09-05,248000.0,22095100.0,87.0,91.8,86.5,91.8,3.1,69.0
2254,2024-09-06,265000.0,24349000.0,91.7,93.1,88.4,93.1,1.3,63.0
2254,2024-09-09,174000.0,16250100.0,93.1,95.6,91.9,92.6,-0.5,46.0
2254,2024-09-10,231000.0,21123500.0,90.4,93.1,88.7,93.1,0.5,38.0
2254,2024-09-11,314000.0,28972500.0,90.0,92.8,90.0,91.4,-1.7,46.0
2254,2024-09-12,201000.0,18280500.0,91.4,91.5,89.3,91.3,-0.1,29.0
2254,2024-09-13,297002.0,27209981.0,89.4,94.0,89.1,90.8,-0.5,66.0
2254,2024-09-16,291300.0,26745569.0,90.8,92.9,89.7,92.2,1.4,46.0
2254,2024-09-18,285039.0,26126588.0,92.2,92.6,90.0,92.3,0.1,60.0
2254,2024-09-19,260100.0,23828800.0,90.6,92.3,90.0,92.3,0.0,55.0
2254,2024-09-20,24831.0,2275834.0,91.5,92.0,91.1,91.9,-0.4,16.0
2254,2024-09-23,318000.0,29220000.0,91.9,93.0,90.0,91.2,-0.7,81.0
2254,2024-09-24,144029.0,13084415.0,91.4,91.4,89.5,90.0,-1.2,26.0
2254,2024-09-25,56000.0,5028300.0,90.0,90.5,88.3,88.3,-1.7,30.0
2254,2024-09-26,367682.0,32261764.0,87.2,91.0,84.4,87.6,-0.7,121.0
2254,2024-09-27,152749.0,13496167.0,88.8,89.8,86.9,87.0,-0.6,41.0
2254,2024-09-30,10449.0,877020.0,86.5,86.5,85.5,85.5,-1.5,60.0
2254,2024-10-01,211000.0,16575900.0,85.0,85.0,77.0,78.1,-7.4,132.0
2254,2024-10-04,19200.0,1473860.0,78.9,78.9,76.0,76.0,-2.1,15.0
2254,2024-10-07,1000.0,75000.0,75.0,75.0,75.0,75.0,-1.0,1.0
2254,2024-10-08,34200.0,2439780.0,75.0,75.0,70.0,70.1,-4.9,30.0
2254,2024-10-09,226000.0,16248300.0,70.1,76.9,69.7,76.9,6.8,56.0
2254,2024-10-11,169000.0,13100700.0,78.9,80.2,74.4,79.0,2.1,36.0
2254,2024-10-14,132000.0,10334700.0,79.9,79.9,76.3,79.1,0.1,37.0
2254,2024-10-15,184000.0,14334100.0,79.0,79.6,76.5,79.4,0.3,44.0
2254,2024-10-16,176000.0,13835200.0,77.3,80.0,77.2,80.0,0.6,53.0
2254,2024-10-17,389000.0,30586300.0,79.9,80.6,76.0,76.1,-3.9,82.0
2254,2024-10-18,143000.0,11255800.0,77.8,79.0,77.4,79.0,2.9,28.0
2254,2024-10-21,209000.0,16468300.0,79.8,79.8,77.7,77.8,-1.2,22.0
2254,2024-10-22,218005.0,17108692.0,77.5,79.0,77.5,79.0,1.2,22.0
2254,2024-10-23,147402.0,11560573.0,77.8,79.4,77.2,79.0,0.0,68.0
2254,2024-10-24,322000.0,24672200.0,77.5,79.0,73.6,79.0,0.0,77.0
2254,2024-10-25,242005.0,18936383.0,76.3,78.6,76.3,78.6,-0.4,26.0
2254,2024-10-28,217000.0,16856400.0,78.8,78.9,76.0,78.6,0.0,37.0
2254,2024-10-29,2000.0,156800.0,78.4,78.4,78.4,78.4,-0.2,2.0
2254,2024-10-30,284000.0,22017600.0,78.3,78.3,76.0,78.2,-0.2,54.0
2254,2024-11-01,7000.0,537800.0,78.0,78.0,75.5,75.8,-2.4,7.0
2254,2024-11-04,121000.0,9297000.0,77.2,77.2,75.4,75.4,-0.4,6.0
2254,2024-11-05,290000.0,21718300.0,75.3,76.0,74.0,75.1,-0.3,45.0
2254,2024-11-06,255126.0,19002599.0,74.2,76.9,72.5,76.9,1.8,28.0
2254,2024-11-07,231000.0,17626900.0,75.2,77.9,74.4,77.9,1.0,27.0
2254,2024-11-08,286000.0,22536200.0,75.6,81.2,75.6,81.0,3.1,82.0
2254,2024-11-11,148000.0,11984300.0,79.0,82.6,79.0,79.3,-1.7,41.0
2254,2024-11-12,215280.0,16842516.0,76.8,80.0,76.0,80.0,0.7,55.0
2254,2024-11-13,197000.0,15682000.0,78.2,81.7,78.2,81.7,1.7,44.0
2254,2024-11-14,360000.0,29197500.0,80.1,85.2,78.3,85.2,3.5,116.0
2254,2024-11-15,96000.0,8031000.0,82.0,86.0,80.4,84.0,-1.2,46.0
2254,2024-11-18,323000.0,26858700.0,83.0,85.9,80.8,84.9,0.9,70.0
2254,2024-11-19,255000.0,21503600.0,82.3,86.0,82.2,85.8,0.9,65.0
2254,2024-11-20,124000.0,10651600.0,85.9,85.9,85.9,85.9,0.1,7.0
2254,2024-11-21,246000.0,20898800.0,83.2,86.2,82.9,86.2,0.3,50.0
2254,2024-11-22,101000.0,8668300.0,86.1,86.1,83.8,86.0,-0.2,16.0
2254,2024-11-25,30000.0,2511500.0,86.0,86.0,83.2,83.7,-2.3,24.0
2254,2024-11-26,274000.0,22963000.0,85.0,85.8,81.5,84.0,0.3,57.0
2254,2024-11-27,198000.0,16598100.0,84.0,84.8,82.6,84.4,0.4,30.0
2254,2024-11-28,235000.0,19716600.0,84.3,85.2,82.5,85.2,0.8,38.0
2254,2024-11-29,37043.0,3125512.0,85.1,85.2,83.7,85.1,-0.1,9.0
2254,2024-12-02,253000.0,21216800.0,85.7,85.7,82.5,84.4,-0.7,63.0
2254,2024-12-03,33000.0,2765600.0,84.3,84.4,82.9,84.4,0.0,14.0
2254,2024-12-04,1000.0,83100.0,83.1,83.1,83.1,83.1,-1.3,1.0
2254,2024-12-05,307000.0,25549200.0,84.4,84.9,81.0,83.2,0.1,74.0
2254,2024-12-06,289208.0,24073172.0,83.8,85.0,81.4,84.8,1.6,50.0
2254,2024-12-09,252000.0,20973800.0,84.9,84.9,81.5,83.0,-1.8,46.0
2254,2024-12-10,95000.0,7781000.0,81.2,82.8,81.1,81.7,-1.3,16.0
2254,2024-12-11,133000.0,10871300.0,81.2,82.3,80.2,81.9,0.2,37.0
2254,2024-12-12,69000.0,5733800.0,83.3,84.6,81.8,82.1,0.2,23.0
2254,2024-12-13,331000.0,27011100.0,83.0,83.8,78.6,83.6,1.5,86.0
2254,2024-12-16,3000.0,244200.0,81.4,81.4,81.4,81.4,-2.2,3.0
2254,2024-12-17,312000.0,25517200.0,82.8,83.0,80.3,81.9,0.5,48.0
2254,2024-12-18,214000.0,17587400.0,82.3,82.9,81.1,81.1,-0.8,34.0
2254,2024-12-19,285000.0,22883300.0,80.1,82.6,78.1,81.7,0.6,71.0
2254,2024-12-20,30000.0,2403200.0,80.1,81.3,79.1,81.0,-0.7,13.0
2254,2024-12-23,125000.0,10081700.0,79.7,81.6,79.2,81.6,0.6,31.0
2254,2024-12-24,50000.0,4028800.0,80.0,81.4,80.0,81.4,-0.2,8.0
2254,2024-12-25,65000.0,5260800.0,81.6,81.6,80.4,81.3,-0.1,14.0
2254,2024-12-26,296000.0,23970800.0,81.0,82.0,80.2,82.0,0.7,66.0
2254,2024-12-27,352000.0,28591900.0,81.9,82.0,80.0,81.7,-0.3,82.0
2254,2024-12-30,42000.0,3418000.0,81.6,81.6,80.4,80.4,-1.3,5.0
2254,2024-12-31,232000.0,18625200.0,81.3,81.3,78.9,80.1,-0.3,59.0
2254,2025-01-02,340000.0,26815000.0,80.4,80.4,77.1,79.8,-0.3,83.0
2254,2025-01-03,157000.0,12443100.0,79.8,80.0,78.3,79.8,0.0,45.0
2254,2025-01-06,224000.0,17680300.0,79.1,79.8,78.1,79.8,0.0,33.0
2254,2025-01-07,250000.0,19632700.0,78.4,80.0,77.0,79.7,-0.1,49.0
2254,2025-01-08,201000.0,15860000.0,79.6,79.6,78.0,79.0,-0.7,40.0
2254,2025-01-09,226000.0,17805100.0,79.6,80.1,78.0,79.1,0.1,70.0
2254,2025-01-10,249016.0,19593088.0,77.8,80.1,77.1,80.0,0.9,64.0
2254,2025-01-13,393051.0,31208390.0,78.2,80.1,77.5,80.0,0.0,85.0
2254,2025-01-14,442002.0,35241458.0,78.4,81.0,78.0,80.8,0.8,105.0
2254,2025-01-15,415166.0,33422306.0,79.1,81.4,79.1,81.1,0.3,77.0
2254,2025-01-16,383007.0,31069269.0,81.1,82.2,80.0,81.7,0.6,86.0
2254,2025-01-17,616026.0,48806522.0,81.6,82.1,80.0,81.0,-0.7,117.0
2254,2025-01-20,521018.0,42042170.0,81.5,83.0,79.5,82.3,1.3,141.0
2254,2025-01-21,637298.0,52021741.0,82.1,83.0,79.9,80.6,-1.7,210.0
2254,2025-01-22,463000.0,36968000.0,79.1,81.0,78.0,80.3,-0.3,125.0
2254,2025-02-03,483003.0,37276637.0,78.9,79.5,75.2,78.9,-1.4,89.0
2254,2025-02-04,351003.0,27017625.0,76.9,78.3,76.0,76.0,-2.9,83.0
2254,2025-02-05,305050.0,23270069.0,77.7,77.7,75.3,76.7,0.7,60.0
2254,2025-02-06,379589.0,29006297.0,77.4,77.6,74.4,74.4,-2.3,114.0
2254,2025-02-07,460805.0,33366858.0,74.4,74.9,69.6,74.5,0.1,126.0
2254,2025-02-10,568160.0,39946074.0,72.8,72.8,68.8,69.7,-4.8,147.0
2254,2025-02-11,254002.0,17673340.0,68.9,70.6,68.9,70.6,0.9,43.0
2254,2025-02-12,373499.0,25812730.0,68.8,70.9,68.0,70.0,-0.6,85.0
2254,2025-02-13,393041.0,27307564.0,70.3,70.9,67.9,70.0,0.0,71.0
2254,2025-02-14,721200.0,50078059.0,70.0,71.1,68.0,71.1,1.1,177.0
2254,2025-02-17,519123.0,36155590.0,69.3,71.0,67.6,68.9,-2.2,169.0
2254,2025-02-18,31019.0,2132006.0,68.3,69.3,68.1,69.2,0.3,30.0
2254,2025-02-19,30100.0,2088169.0,69.2,70.0,68.5,69.9,0.7,23.0
2254,2025-02-20,26425.0,1870510.0,70.2,71.5,70.2,71.4,1.5,31.0
2254,2025-02-21,45431.0,3274668.0,71.9,72.5,71.4,72.4,1.0,49.0
2254,2025-02-24,5000.0,358600.0,72.0,72.4,71.1,71.1,-1.3,5.0
2254,2025-02-25,8002.0,563540.0,70.2,71.2,70.0,71.2,0.1,9.0
2254,2025-02-26,34000.0,2387800.0,70.0,71.1,69.5,71.1,-0.1,19.0
2254,2025-02-27,10340.0,737647.0,71.8,71.9,70.1,71.0,-0.1,333.0
2254,2025-03-03,29306.0,2032830.0,69.4,70.6,68.9,70.0,-1.0,250.0
2254,2025-03-04,19186.0,1344878.0,69.8,70.5,69.8,70.5,0.5,198.0
2254,2025-03-05,2150.0,153376.0,71.2,71.2,71.2,71.2,0.7,140.0
2254,2025-03-06,14256.0,1006524.0,72.5,72.5,69.9,70.8,-0.4,130.0
2254,2025-03-07,11168.0,786200.0,71.3,71.3,69.7,70.8,0.0,169.0
2254,2025-03-10,17257.0,1206901.0,71.1,71.1,69.2,69.5,-1.3,274.0
2254,2025-03-11,23221.0,1603451.0,68.2,69.8,68.1,69.6,0.1,235.0
2254,2025-03-12,15718.0,1102232.0,70.8,70.9,69.3,70.3,0.7,728.0
2254,2025-03-13,18111.0,1263007.0,70.0,70.3,69.0,69.7,-0.6,129.0
2254,2025-03-14,38302.0,2723824.0,69.2,71.5,68.8,71.5,1.8,123.0
2254,2025-03-17,218237.0,15267973.0,70.0,71.8,66.2,69.5,-2.0,325.0
2254,2025-03-18,103372.0,7141183.0,70.3,70.5,67.3,69.3,-0.2,116.0
2254,2025-03-19,127456.0,8802618.0,70.0,70.2,67.5,69.5,0.2,208.0
2254,2025-03-20,29268.0,2014890.0,69.5,69.6,68.1,69.4,-0.1,292.0
2254,2025-03-21,86121.0,5999021.0,69.6,70.2,68.6,69.1,-0.3,66.0
2254,2025-03-24,30264.0,2114364.0,70.2,70.5,68.9,69.8,0.7,62.0
2254,2025-03-25,78006.0,5339516.0,68.9,69.5,67.2,69.5,-0.3,56.0
2254,2025-03-26,400667.0,26913802.0,69.9,70.0,62.6,69.5,0.0,252.0
2254,2025-03-27,70117.0,4842223.0,67.6,69.7,67.5,69.7,0.2,61.0
2254,2025-03-28,109004.0,7548172.0,70.7,70.7,67.4,69.2,-0.5,53.0
2254,2025-03-31,32003.0,2183789.0,67.4,69.4,67.3,69.0,-0.2,23.0
2254,2025-04-01,29315.0,2022464.0,69.4,69.5,68.1,69.5,0.5,31.0
2254,2025-04-02,40006.0,2746073.0,68.5,69.1,68.0,69.1,-0.4,29.0
2254,2025-04-07,95526.0,6266721.0,62.6,68.8,62.2,68.8,-0.3,76.0
2254,2025-04-08,114666.0,7698944.0,69.8,69.8,64.1,68.8,0.0,88.0
2254,2025-04-09,107494.0,7201875.0,68.8,68.8,63.3,68.7,-0.1,69.0
2254,2025-04-10,51446.0,3534124.0,69.8,70.0,68.0,69.0,0.3,44.0
2254,2025-04-11,27021.0,1866742.0,68.8,69.3,68.1,69.3,0.3,26.0
2254,2025-04-14,60002.0,4119937.0,69.7,70.0,67.8,69.0,-0.3,52.0
2254,2025-04-15,143926.0,9884099.0,68.3,70.3,67.0,69.9,0.9,131.0
2254,2025-04-16,364002.0,24681432.0,68.2,69.9,66.3,68.5,-1.4,238.0
2254,2025-04-17,69000.0,4647600.0,68.5,68.8,67.0,67.4,-1.1,57.0
2254,2025-04-18,88002.0,5664721.0,66.1,66.1,63.7,64.0,-3.4,58.0
2254,2025-04-21,60009.0,3716849.0,63.6,63.6,60.9,61.3,-2.7,45.0
2254,2025-04-22,170573.0,10046834.0,61.5,61.9,56.1,61.9,0.6,100.0
2254,2025-04-23,48544.0,2974596.0,61.2,61.7,60.0,61.5,-0.4,44.0
2254,2025-04-24,3401.0,208585.0,61.3,61.4,61.3,61.4,-0.1,101.0
2254,2025-04-25,6098.0,374287.0,61.4,61.8,61.4,61.8,0.4,14.0
2254,2025-04-28,3001.0,185461.0,61.8,61.8,61.8,61.8,0.0,2.0
2254,2025-04-29,7001.0,432955.0,62.2,62.2,61.7,61.8,0.0,6.0
2254,2025-04-30,21850.0,1354900.0,61.6,62.4,61.6,61.6,-0.2,18.0
2254,2025-05-02,11003.0,670470.0,60.9,61.0,60.8,61.0,-0.6,13.0
2254,2025-05-05,79000.0,4477700.0,60.8,60.8,56.2,56.2,-4.8,29.0
2254,2025-05-06,47119.0,2725072.0,56.2,58.5,55.6,58.5,2.3,37.0
2254,2025-05-07,52002.0,3138920.0,59.9,61.2,59.5,61.2,2.7,47.0
2254,2025-05-08,48383.0,2982654.0,61.0,62.4,60.6,62.0,0.8,49.0
2254,2025-05-09,24051.0,1497192.0,62.0,63.0,61.7,63.0,1.0,24.0
2254,2025-05-12,37000.0,2356000.0,63.6,65.5,62.4,64.0,1.0,31.0
2254,2025-05-13,36001.0,2320261.0,64.2,66.0,63.6,63.9,-0.1,27.0
2254,2025-05-14,35185.0,2282466.0,64.5,66.0,63.6,66.0,2.1,101.0
2254,2025-05-15,87310.0,5689512.0,67.7,67.7,63.6,65.4,-0.6,78.0
2254,2025-05-16,3001.0,196263.0,66.0,66.0,65.1,65.1,-0.3,4.0
2254,2025-05-19,3084.0,201460.0,65.9,65.9,65.0,65.0,-0.1,28.0
2254,2025-05-20,4001.0,260861.0,65.2,65.2,65.2,65.2,0.2,5.0
2254,2025-05-21,30600.0,1961659.0,64.8,64.8,63.1,63.9,-1.3,26.0
2254,2025-05-22,1003.0,64481.0,64.3,64.3,64.3,64.3,0.4,3.0
2254,2025-05-23,2000.0,128000.0,64.0,64.0,64.0,64.0,-0.3,2.0
2254,2025-05-26,1800.0,117484.0,63.5,63.5,63.5,63.5,-0.5,136.0
2254,2025-05-27,3000.0,188300.0,61.6,63.5,61.6,63.5,0.0,3.0
2254,2025-05-28,3001.0,190060.0,63.2,63.7,63.1,63.7,0.2,4.0
2254,2025-05-29,34000.0,2191000.0,63.6,66.3,62.9,64.4,0.7,31.0
2254,2025-06-02,3000.0,190700.0,64.2,64.2,63.2,63.3,-1.1,3.0
2254,2025-06-03,6001.0,379962.0,64.2,64.2,62.9,63.3,0.0,7.0
2254,2025-06-04,8000.0,511300.0,65.3,65.3,62.9,64.1,0.8,5.0
2254,2025-06-05,9001.0,583961.0,65.0,65.0,64.7,65.0,0.9,6.0
2254,2025-06-06,2000.0,128700.0,63.8,64.9,63.8,64.9,-0.1,2.0
2254,2025-06-09,4000.0,261600.0,66.6,66.6,65.0,65.0,0.1,3.0
2254,2025-06-10,3001.0,196565.0,65.5,65.5,65.5,65.5,0.5,4.0
2254,2025-06-11,3010.0,197559.0,65.5,65.9,65.5,65.5,0.0,4.0
2254,2025-06-12,2002.0,131123.0,65.5,65.5,65.5,65.5,0.0,4.0
2254,2025-06-13,46609.0,2954200.0,65.0,66.0,61.9,64.8,-0.7,34.0
2254,2025-06-16,4442.0,285754.0,64.2,65.0,64.2,65.0,0.2,9.0
2254,2025-06-17,6000.0,385100.0,64.3,65.0,63.6,65.0,0.0,4.0
2254,2025-06-18,19000.0,1213500.0,65.0,65.0,63.2,64.7,-0.3,15.0
2254,2025-06-19,8424.0,538654.0,63.7,65.5,63.2,64.3,-0.4,12.0
2254,2025-06-20,2000.0,126700.0,62.8,63.9,62.8,63.9,-0.4,2.0
2254,2025-06-23,16019.0,1012979.0,63.0,64.8,62.6,64.8,0.9,17.0
2254,2025-06-24,5267.0,342280.0,65.0,65.2,65.0,65.2,0.4,9.0
2254,2025-06-25,4000.0,261400.0,65.0,65.7,65.0,65.7,0.5,4.0
2254,2025-06-26,14000.0,916200.0,66.5,66.5,64.7,65.4,-0.3,14.0
2254,2025-06-27,8000.0,518900.0,64.6,65.3,64.2,65.3,-0.1,7.0
2254,2025-06-30,6000.0,387500.0,63.1,65.4,63.1,65.4,0.1,6.0
2254,2025-07-01,18000.0,1178400.0,65.2,65.9,65.2,65.5,0.1,18.0
2254,2025-07-02,3005.0,197025.0,65.6,65.6,65.5,65.6,0.1,8.0
2254,2025-07-03,1023.0,67807.0,66.3,66.3,66.3,66.3,0.7,4.0
2254,2025-07-04,43000.0,2776000.0,65.9,65.9,63.0,64.0,-2.3,32.0
2254,2025-07-07,3000.0,190900.0,63.8,63.9,63.2,63.9,-0.1,3.0
2254,2025-07-08,3000.0,191700.0,63.9,63.9,63.9,63.9,0.0,3.0
2254,2025-07-09,0.0,0.0,,,,,0.0,0.0
2254,2025-07-10,2002.0,128529.0,63.9,64.5,63.9,64.5,0.0,3.0
2254,2025-07-11,1.0,60.0,,,,,0.0,1.0
2254,2025-07-14,3.0,180.0,,,,,0.0,3.0
2254,2025-07-15,1000.0,64500.0,64.5,64.5,64.5,64.5,0.0,1.0
2254,2025-07-16,0.0,0.0,,,,,0.0,0.0
2254,2025-07-17,7000.0,450000.0,64.5,64.5,64.0,64.5,0.0,5.0
2254,2025-07-18,2000.0,129000.0,64.5,64.5,64.5,64.5,0.0,2.0
2254,2025-07-21,3036.0,192786.0,63.5,63.5,63.5,63.5,-1.0,3.0
2254,2025-07-22,1038.0,66932.0,64.5,64.5,64.5,64.5,1.0,3.0
2254,2025-07-23,18001.0,1130759.0,63.2,63.2,62.4,63.1,-1.4,12.0
2254,2025-07-24,3000.0,189300.0,63.7,63.7,62.4,63.2,0.1,3.0
2254,2025-07-25,1000.0,63100.0,63.1,63.1,63.1,63.1,-0.1,1.0
2254,2025-07-28,17000.0,1066200.0,64.8,64.8,62.2,62.3,-0.8,10.0
2254,2025-07-29,6000.0,374000.0,62.5,62.5,61.5,62.5,0.2,5.0
2254,2025-07-30,1000.0,63200.0,63.2,63.2,63.2,63.2,0.7,1.0
2254,2025-07-31,16000.0,1011800.0,63.2,63.8,62.4,63.6,0.4,12.0
2254,2025-08-01,26050.0,1626363.0,61.8,63.7,61.5,63.7,0.1,28.0
2254,2025-08-04,5000.0,319000.0,63.8,63.8,63.8,63.8,0.1,2.0
2254,2025-08-05,3011.0,190292.0,63.6,63.6,62.5,62.5,-1.3,5.0
2254,2025-08-06,4000.0,250900.0,62.5,63.2,62.1,63.1,0.6,4.0
2254,2025-08-07,5000.0,316500.0,63.0,64.2,63.0,63.3,0.2,3.0
2254,2025-08-08,25110.0,1558676.0,61.9,63.3,61.5,63.3,0.0,18.0
2254,2025-08-11,4000.0,252500.0,63.0,63.5,63.0,63.5,0.2,2.0
2254,2025-08-12,5208.0,326796.0,63.2,63.3,62.1,63.3,-0.2,5.0
2254,2025-08-13,37000.0,2305500.0,63.5,63.5,61.5,62.4,-0.9,16.0
2254,2025-08-14,27200.0,1683220.0,62.9,63.3,61.0,62.2,-0.2,23.0
2254,2025-08-15,10046.0,623764.0,62.1,62.1,62.1,62.1,-0.1,7.0
2254,2025-08-18,15830.0,990204.0,62.0,63.5,61.6,62.8,0.7,18.0
2254,2025-08-19,9000.0,566100.0,62.9,62.9,62.9,62.9,0.1,2.0
2254,2025-08-20,44033.0,2706652.0,61.5,62.0,60.9,62.0,-0.9,28.0
2254,2025-08-21,13003.0,797483.0,61.1,61.7,60.9,61.5,-0.5,12.0
2254,2025-08-22,13039.0,792569.0,61.5,61.6,60.4,60.6,-0.9,13.0
2254,2025-08-25,33078.0,2028781.0,61.0,63.1,59.1,63.1,2.5,28.0
2254,2025-08-26,7000.0,429500.0,60.8,61.8,60.8,61.8,-1.3,7.0
2254,2025-08-27,14001.0,853460.0,61.3,61.3,60.2,60.2,-1.6,8.0
2254,2025-08-28,8537.0,524127.0,62.0,62.0,60.6,60.6,0.4,3.0
2254,2025-08-29,14800.0,901319.0,61.7,61.7,59.8,60.6,0.0,12.0
2254,2025-09-01,5000.0,304000.0,60.8,60.8,60.8,60.8,0.2,1.0
2254,2025-09-02,1000.0,60300.0,60.3,60.3,60.3,60.3,-0.5,1.0
2254,2025-09-03,8000.0,483500.0,60.3,60.5,60.3,60.5,0.2,5.0
2254,2025-09-04,11052.0,669364.0,60.9,60.9,59.5,60.7,0.2,10.0
2254,2025-09-05,3000.0,182300.0,60.9,60.9,60.7,60.7,0.0,2.0
2254,2025-09-08,16050.0,980105.0,60.5,62.5,60.2,60.8,0.1,11.0
2254,2025-09-09,1000.0,60500.0,60.5,60.5,60.5,60.5,-0.3,1.0
2254,2025-09-10,13000.0,784200.0,60.0,60.6,59.7,60.6,0.1,11.0
2254,2025-09-11,7005.0,426605.0,60.9,60.9,60.9,60.9,0.3,7.0
2254,2025-09-12,1000.0,60800.0,60.8,60.8,60.8,60.8,-0.1,1.0
2254,2025-09-15,7923.0,476521.0,60.9,60.9,59.9,60.7,-0.1,9.0
2254,2025-09-16,3021.0,183672.0,60.8,60.8,60.8,60.8,0.1,2.0
2254,2025-09-17,8351.0,501460.0,60.5,60.5,59.7,60.3,-0.5,41.0
2254,2025-09-18,5000.0,302900.0,60.5,60.6,60.5,60.6,0.3,3.0
2254,2025-09-19,4000.0,241300.0,59.6,60.6,59.6,60.6,0.0,4.0
2254,2025-09-22,2006.0,120760.0,60.1,60.3,60.1,60.3,-0.3,5.0
2254,2025-09-23,7103.0,428680.0,60.5,60.5,59.8,60.4,0.1,6.0
2254,2025-09-24,2000.0,121000.0,60.5,60.5,60.5,60.5,0.1,2.0
2254,2025-09-25,3000.0,181800.0,60.6,60.6,60.6,60.6,0.1,3.0
2254,2025-09-26,9000.0,543600.0,60.8,60.8,59.9,60.7,0.1,8.0
2254,2025-09-30,2000.0,121600.0,60.8,60.8,60.8,60.8,0.1,2.0
2254,2025-10-01,1000.0,60900.0,60.9,60.9,60.9,60.9,0.1,1.0
2254,2025-10-02,5000.0,299900.0,59.8,60.5,59.8,59.9,-1.0,4.0
2254,2025-10-03,5000.0,301900.0,60.0,60.6,60.0,60.1,0.2,3.0
2254,2025-10-07,12000.0,723700.0,60.9,61.0,59.8,60.5,0.4,9.0
2254,2025-10-08,6000.0,359900.0,59.5,60.3,59.5,60.3,-0.2,6.0
2254,2025-10-09,1000.0,60200.0,60.2,60.2,60.2,60.2,-0.1,1.0
2254,2025-10-13,4000.0,240900.0,60.3,60.3,60.2,60.2,0.0,4.0
2254,2025-10-14,9005.0,538001.0,59.3,60.2,59.3,59.5,-0.7,7.0
2254,2025-10-15,13400.0,804024.0,59.5,60.5,59.4,60.3,0.8,41.0
2254,2025-10-16,3000.0,181500.0,60.5,60.5,60.5,60.5,0.2,1.0
2254,2025-10-17,1034.0,62246.0,60.2,60.2,60.2,60.2,-0.3,2.0
2254,2025-10-20,9001.0,541159.0,60.5,60.5,59.5,60.2,0.0,7.0
2254,2025-10-21,8100.0,487200.0,60.5,62.0,59.5,59.9,-0.3,8.0
2254,2025-10-22,14000.0,839300.0,60.2,60.2,59.3,60.0,0.1,7.0
2254,2025-10-23,3008.0,177872.0,59.1,59.5,58.8,59.5,-0.5,4.0
2254,2025-10-27,45010.0,2646477.0,60.2,60.2,56.7,59.7,0.2,29.0
2254,2025-10-28,10001.0,592365.0,58.9,59.4,58.6,59.4,-0.3,7.0
2254,2025-10-29,10000.0,592000.0,59.2,59.2,59.2,59.2,-0.2,2.0
2254,2025-10-30,43000.0,2536300.0,59.3,60.0,57.9,60.0,0.8,35.0
2254,2025-10-31,12000.0,715700.0,59.0,59.7,59.0,59.7,-0.3,4.0
2254,2025-11-03,46025.0,2702959.0,59.9,59.9,58.0,59.3,-0.4,36.0
2254,2025-11-04,7000.0,414400.0,59.2,59.2,59.2,59.2,-0.1,3.0
2254,2025-11-05,14002.0,820416.0,58.2,59.1,57.9,59.0,-0.2,8.0
2254,2025-11-06,11503.0,678279.0,59.0,59.3,58.4,59.0,0.0,14.0
2254,2025-11-07,13000.0,767500.0,59.0,59.5,58.5,59.0,0.0,6.0
2254,2025-11-10,1000.0,59200.0,59.2,59.2,59.2,59.2,0.2,1.0
2254,2025-11-11,24001.0,1406654.0,59.2,59.2,58.0,58.0,-1.2,20.0
2254,2025-11-12,8007.0,472018.0,58.9,59.0,58.9,59.0,1.0,14.0
2254,2025-11-13,8000.0,468900.0,59.3,59.3,58.5,58.5,-0.5,7.0
2254,2025-11-14,14000.0,813500.0,58.9,58.9,57.9,58.0,-0.5,9.0
2254,2025-11-17,27051.0,1561878.0,58.2,58.2,57.2,58.0,0.0,25.0
2254,2025-11-18,21001.0,1211958.0,57.3,58.6,56.3,58.6,0.6,14.0
2254,2025-11-19,2012.0,118296.0,58.8,58.8,58.8,58.8,0.2,4.0
2254,2025-11-20,1000.0,58800.0,58.8,58.8,58.8,58.8,0.0,1.0
2254,2025-11-21,7199.0,424178.0,58.8,59.0,58.8,58.8,0.0,12.0
2254,2025-11-24,3000.0,176600.0,58.8,59.0,58.8,59.0,0.2,3.0
2254,2025-11-25,1003.0,59368.0,59.2,59.2,59.2,59.2,0.2,4.0
2254,2025-11-26,3002.0,178713.0,59.5,60.0,59.1,60.0,0.8,5.0
2254,2025-11-27,1003.0,60380.0,60.2,60.2,60.2,60.2,0.2,3.0
2254,2025-11-28,1000.0,60300.0,60.3,60.3,60.3,60.3,0.1,1.0
2254,2025-12-01,2000.0,119400.0,59.5,59.9,59.5,59.9,-0.4,2.0
2254,2025-12-02,4000.0,239300.0,59.9,59.9,59.6,59.6,-0.3,3.0
2254,2025-12-03,1000.0,59600.0,59.6,59.6,59.6,59.6,0.0,1.0
2254,2025-12-04,1200.0,70600.0,59.8,59.8,59.8,59.8,0.2,2.0
2254,2025-12-05,2000.0,119800.0,59.9,59.9,59.9,59.9,0.1,2.0
2254,2025-12-08,2030.0,121502.0,59.8,59.9,59.8,59.9,0.0,4.0
2254,2025-12-09,12249.0,726838.0,59.6,59.6,59.0,59.4,-0.5,10.0
2254,2025-12-10,1.0,56.0,,,,,0.0,1.0
2254,2025-12-11,3001.0,177955.0,59.3,59.4,59.2,59.4,0.0,4.0
2254,2025-12-12,1001.0,59359.0,59.3,59.3,59.3,59.3,-0.1,2.0
2254,2025-12-15,2000.0,119200.0,59.7,59.7,59.5,59.5,0.2,2.0
2254,2025-12-16,2001.0,118559.0,59.3,59.3,59.2,59.2,-0.3,3.0
2254,2025-12-17,5000.0,296300.0,59.3,59.7,59.0,59.0,-0.2,5.0
2254,2025-12-18,11000.0,650200.0,59.0,59.3,58.9,59.3,0.3,5.0
2254,2025-12-19,1000.0,59600.0,59.6,59.6,59.6,59.6,0.3,1.0
2254,2025-12-22,1000.0,59900.0,59.9,59.9,59.9,59.9,0.3,1.0
2254,2025-12-23,1004.0,60150.0,59.9,59.9,59.9,59.9,0.0,5.0
2254,2025-12-24,23000.0,1360900.0,59.9,59.9,59.0,59.0,-0.9,13.0
2254,2025-12-26,56000.0,3322000.0,59.0,59.4,59.0,59.4,0.4,10.0
2254,2025-12-29,50076.0,2994522.0,59.8,59.8,59.8,59.8,0.4,8.0
2254,2025-12-30,57001.0,3408359.0,59.7,59.8,59.7,59.8,0.0,9.0
2254,2025-12-31,81000.0,4787400.0,59.9,59.9,58.0,59.9,0.1,38.0
2254,2026-01-02,47000.0,2792500.0,59.5,59.5,58.8,59.2,-0.7,11.0
2254,2026-01-05,30006.0,1774154.0,59.2,59.4,58.5,59.4,0.2,17.0
2254,2026-01-06,32001.0,1898453.0,59.4,59.5,58.8,59.4,0.0,13.0
2254,2026-01-07,75000.0,4447200.0,59.4,59.6,57.3,59.6,0.2,26.0
2254,2026-01-08,76000.0,4535700.0,59.9,59.9,59.1,59.7,0.1,27.0
2254,2026-01-09,73670.0,4417244.0,59.8,59.9,59.1,59.9,0.2,20.0
2254,2026-01-12,73000.0,4355800.0,59.9,60.2,59.0,59.0,-0.9,18.0
2254,2026-01-13,46003.0,2732678.0,59.5,59.5,58.6,59.5,0.5,20.0
2254,2026-01-14,73425.0,4365861.0,59.5,59.5,59.1,59.5,0.0,19.0
2254,2026-01-15,15000.0,891100.0,59.5,59.5,59.3,59.5,0.0,12.0
2254,2026-01-16,5004.0,297638.0,59.4,59.5,59.4,59.5,0.0,5.0
2254,2026-01-19,181000.0,10787700.0,59.6,59.7,59.6,59.7,0.2,10.0
2254,2026-01-20,8200.0,490620.0,59.9,59.9,59.6,59.8,0.1,6.0
2254,2026-01-21,113000.0,6743200.0,59.8,59.9,58.9,59.3,-0.5,38.0
2254,2026-01-22,49570.0,2937629.0,59.3,59.4,59.0,59.4,0.1,18.0
2254,2026-01-23,124043.0,7379937.0,59.5,59.8,59.0,59.6,0.2,45.0
2254,2026-01-26,104000.0,6194200.0,59.6,59.7,59.2,59.4,-0.2,20.0
2254,2026-01-27,83554.0,4977277.0,59.6,59.7,59.5,59.7,0.3,40.0
2254,2026-01-28,75006.0,4478357.0,59.8,59.8,59.2,59.7,0.0,12.0
2254,2026-01-29,73180.0,4358046.0,59.7,59.7,59.1,59.4,-0.3,10.0
2254,2026-01-30,85303.0,5069427.0,59.4,59.5,59.4,59.5,0.1,14.0
2254,2026-02-02,194000.0,11527500.0,59.4,59.6,58.9,59.6,0.1,49.0
2254,2026-02-03,113265.0,6726335.0,59.5,59.5,59.1,59.3,-0.3,19.0
2254,2026-02-04,91000.0,5397200.0,59.4,59.4,59.0,59.3,0.0,20.0
2254,2026-02-05,122095.0,7215300.0,59.3,59.3,58.5,58.5,-0.8,33.0
2254,2026-02-06,38941.0,2286501.0,58.9,58.9,58.2,58.5,0.0,13.0
2254,2026-02-09,124307.0,7288266.0,59.0,59.0,58.1,58.6,0.1,51.0
2254,2026-02-10,441000.0,25995800.0,58.7,59.6,58.0,59.5,0.9,56.0
2254,2026-02-11,436200.0,25914758.0,59.5,60.0,58.3,58.6,-0.9,83.0
2254,2026-02-23,47001.0,2791559.0,59.1,59.8,59.1,59.8,1.2,21.0
2254,2026-02-24,54548.0,3283668.0,60.3,60.4,60.0,60.3,0.5,21.0
2254,2026-02-25,64197.0,3895156.0,60.3,61.5,60.3,61.5,1.2,37.0
2254,2026-02-26,139695.0,9222575.0,62.2,67.6,62.2,67.6,6.1,348.0
2254,2026-03-02,56091.0,3874106.0,69.8,70.0,68.4,69.1,1.5,59.0
2254,2026-03-03,53002.0,3650527.0,68.5,69.4,68.3,68.3,-0.8,28.0
2254,2026-03-04,141401.0,9896260.0,68.5,75.1,68.0,69.7,1.4,72.0
2254,2026-03-05,109031.0,7789587.0,70.4,73.2,70.1,71.2,1.5,63.0
2254,2026-03-06,60213.0,4343667.0,71.8,72.9,71.4,72.5,1.3,42.0
2254,2026-03-09,82184.0,5707543.0,72.5,72.5,68.1,69.2,-3.3,43.0
2254,2026-03-10,75114.0,5133344.0,69.3,69.6,65.9,65.9,-3.3,63.0
2254,2026-03-11,90476.0,6032147.0,65.2,68.0,65.1,67.8,1.9,57.0
2254,2026-03-12,38082.0,2602263.0,67.3,68.5,67.3,68.4,0.6,27.0
2254,2026-03-13,39002.0,2671744.0,68.6,68.9,67.7,68.0,-0.4,27.0
2254,2026-03-16,49304.0,3422255.0,68.7,71.0,68.6,69.0,1.0,44.0
2254,2026-03-17,51003.0,3545716.0,69.5,71.3,68.8,69.2,0.2,34.0
2254,2026-03-18,53002.0,3659744.0,69.6,69.6,68.2,69.5,0.3,35.0
2254,2026-03-19,18308.0,1266905.0,69.5,69.5,68.7,69.2,-0.3,16.0
2254,2026-03-20,20000.0,1394800.0,69.5,70.3,69.5,70.1,0.9,13.0
2254,2026-03-23,39001.0,2741274.0,70.6,70.7,69.3,70.2,0.1,24.0
2254,2026-03-24,24020.0,1692096.0,70.5,70.5,69.8,70.5,0.3,9.0
2254,2026-03-25,22000.0,1553100.0,70.6,70.6,70.5,70.5,0.0,9.0
2254,2026-03-26,76016.0,5494457.0,71.1,74.2,71.1,72.1,1.6,58.0
2254,2026-03-27,19034.0,1368361.0,72.0,72.0,71.6,71.9,-0.2,12.0
2254,2026-03-30,37201.0,2645571.0,71.9,72.0,69.0,71.2,-0.7,31.0
2254,2026-03-31,49022.0,3442685.0,70.4,71.2,69.2,70.4,-0.8,42.0
2254,2026-04-01,12003.0,840305.0,70.4,70.4,69.2,70.1,-0.3,15.0
2254,2026-04-02,17416.0,1211392.0,69.8,69.8,68.7,68.7,-1.4,11.0
2254,2026-04-07,19002.0,1311744.0,69.2,69.2,68.1,69.1,0.4,13.0
2254,2026-04-08,30181.0,2074261.0,68.9,69.0,68.1,68.9,-0.2,25.0
2254,2026-04-09,16425.0,1129722.0,69.1,69.1,68.0,68.0,-0.9,109.0
2254,2026-04-10,20003.0,1370606.0,68.4,68.8,68.4,68.8,0.8,14.0
2254,2026-04-13,12032.0,828983.0,68.9,68.9,68.9,68.9,0.1,14.0
2254,2026-04-14,14000.0,962700.0,68.8,68.9,68.5,68.9,0.0,5.0
2254,2026-04-15,20004.0,1387448.0,68.9,69.9,68.9,69.8,0.9,20.0
2254,2026-04-16,25154.0,1752653.0,69.5,70.1,69.4,69.6,-0.2,22.0
2254,2026-04-17,20649.0,1443110.0,69.9,70.6,68.9,70.5,0.9,36.0
2254,2026-04-20,141443.0,10639091.0,70.7,77.5,70.7,77.5,7.0,99.0
2254,2026-04-21,41922.0,3571750.0,85.2,85.2,85.2,85.2,7.7,35.0
2254,2026-04-22,284396.0,25696716.0,93.7,93.7,83.4,86.1,0.9,224.0
2254,2026-04-23,56323.0,4675163.0,86.1,86.1,80.9,80.9,-5.2,50.0
2254,2026-04-24,62002.0,4870163.0,80.0,80.3,77.3,77.9,-3.0,49.0
2254,2026-04-27,59234.0,4435016.0,78.0,78.0,72.5,72.5,-5.4,53.0
2254,2026-04-28,5124.0,373848.0,72.9,73.0,72.9,72.9,0.4,15.0
2254,2026-04-29,2099.0,153021.0,73.3,73.3,72.5,72.5,-0.4,7.0
2254,2026-04-30,7035.0,502626.0,71.9,71.9,71.0,71.5,-1.0,17.0
2254,2026-05-04,2745.0,189860.0,70.8,70.8,70.7,70.7,-0.8,12.0
2254,2026-05-05,4447.0,310724.0,70.5,70.5,69.6,69.6,-1.1,13.0
2254,2026-05-06,34516.0,2379424.0,68.1,70.1,68.1,70.1,0.5,38.0
2254,2026-05-07,56049.0,3810962.0,69.0,69.1,66.7,68.2,-1.9,47.0
2254,2026-05-08,3400.0,234100.0,68.2,68.5,68.2,68.5,0.3,5.0
2254,2026-05-11,21000.0,1398600.0,67.4,68.4,65.0,65.0,-3.5,15.0
2254,2026-05-12,44246.0,2788956.0,65.0,65.0,61.0,61.1,-3.9,34.0
2254,2026-05-13,8561.0,519802.0,60.8,61.0,60.8,61.0,-0.1,10.0
2254,2026-05-14,45331.0,2688809.0,60.2,60.5,58.0,58.5,-2.5,31.0
2254,2026-05-15,120000.0,6940100.0,58.5,60.0,55.7,58.4,-0.1,77.0
2254,2026-05-18,48190.0,2770107.0,58.6,59.0,56.3,58.4,0.0,41.0
2254,2026-05-19,1001.0,58964.0,58.9,58.9,58.9,58.9,0.5,2.0
2254,2026-05-20,17043.0,989425.0,58.1,58.3,58.0,58.0,-0.9,12.0
2254,2026-05-21,54002.0,3118410.0,57.5,59.0,56.2,58.4,0.4,29.0
2254,2026-05-22,3121.0,180351.0,57.5,58.1,57.5,58.1,-0.3,14.0
2254,2026-05-25,1002.0,58610.0,58.5,58.5,58.5,58.5,0.4,3.0
2254,2026-05-26,37060.0,2164105.0,58.5,60.1,57.5,59.2,0.7,23.0
2254,2026-05-27,43006.0,2609059.0,59.2,64.8,59.2,64.8,5.6,28.0
2254,2026-05-28,11053.0,717727.0,64.8,66.0,64.5,65.2,0.4,15.0
2254,2026-05-29,30255.0,2030322.0,65.2,70.9,65.1,70.9,5.7,27.0
2254,2026-06-01,28032.0,1918953.0,70.0,70.0,67.0,67.0,-3.9,20.0
2254,2026-06-02,31050.0,2042825.0,66.6,67.0,64.5,65.7,-1.3,22.0
2254,2026-06-03,5001.0,328264.0,66.2,66.2,65.3,66.1,0.4,4.0
2254,2026-06-04,15027.0,965026.0,65.8,65.8,63.1,63.7,-2.4,19.0
2254,2026-06-05,34001.0,2193165.0,64.5,64.6,64.5,64.5,0.8,13.0
2254,2026-06-08,63628.0,4046617.0,63.4,64.5,61.8,63.8,-0.7,36.0
2254,2026-06-09,49014.0,3112660.0,62.7,65.5,62.4,63.4,-0.4,36.0
2254,2026-06-10,85032.0,5228250.0,61.2,63.6,59.9,60.2,-3.2,50.0
2254,2026-06-11,3000.0,180300.0,60.3,60.3,60.0,60.0,-0.2,3.0
2254,2026-06-12,13000.0,769800.0,60.2,60.2,58.8,59.7,-0.3,11.0
2254,2026-06-15,2001.0,119660.0,59.8,59.8,59.8,59.8,0.1,3.0
2254,2026-06-16,33000.0,2025000.0,60.5,62.4,60.5,62.4,2.6,19.0
2254,2026-06-17,7000.0,433900.0,62.1,62.1,61.9,61.9,-0.5,5.0
2254,2026-06-18,1051.0,65401.0,62.2,62.2,62.2,62.2,0.3,3.0
2254,2026-06-22,22215.0,1331488.0,61.2,61.2,58.4,59.0,-3.2,15.0
2254,2026-06-23,9661.0,574467.0,60.4,60.4,59.0,59.0,0.0,12.0
2254,2026-06-24,1010.0,59920.0,59.3,59.3,59.3,59.3,0.3,3.0
2254,2026-06-25,2010.0,117935.0,58.7,58.7,58.7,58.7,-0.6,3.0
2254,2026-06-26,2002.0,118729.0,59.3,59.3,59.3,59.3,0.6,3.0
2254,2026-06-29,2000.0,118800.0,59.3,59.5,59.3,59.5,0.2,2.0
2254,2026-06-30,1200.0,71320.0,59.4,59.4,59.4,59.4,-0.1,2.0
2254,2026-07-01,3000.0,178800.0,59.6,59.6,59.6,59.6,0.2,3.0
2254,2026-07-02,14051.0,827176.0,60.1,60.1,58.2,59.7,0.1,10.0
2254,2026-07-03,12000.0,717600.0,60.0,60.5,59.3,59.3,-0.4,8.0
2254,2026-07-06,10000.0,594200.0,59.1,59.6,59.1,59.6,0.3,3.0
2254,2026-07-07,2000.0,119200.0,59.6,59.6,59.6,59.6,0.0,2.0
2254,2026-07-08,4001.0,236753.0,59.1,59.4,59.1,59.4,-0.2,3.0
2254,2026-07-09,1000.0,59400.0,59.4,59.4,59.4,59.4,0.0,1.0
2254,2026-07-13,2.0,106.0,,,,,0.0,2.0
2254,2026-07-14,3000.0,177300.0,59.4,59.4,58.6,59.3,0.0,3.0
2254,2026-07-15,6525.0,386288.0,58.6,59.5,58.5,59.5,0.2,10.0
2254,2026-07-16,8001.0,478157.0,59.6,60.3,59.2,59.5,0.0,8.0
2254,2026-07-17,11180.0,662047.0,60.1,60.2,58.0,58.6,-0.9,14.0
2254,2026-07-20,29382.0,1804978.0,58.9,63.7,58.9,61.2,2.6,35.0
2254,2026-07-21,0.0,0.0,,,,,0.0,0.0
2254,2026-07-22,1000.0,60500.0,60.5,60.5,60.5,60.5,0.0,1.0
2254,2026-07-23,14000.0,837500.0,60.9,60.9,58.9,60.5,0.0,9.0
2254,2026-07-24,7000.0,418300.0,59.4,60.6,59.2,60.6,0.1,6.0
2254,2026-07-27,4000.0,239900.0,59.5,60.5,59.5,59.5,-1.1,4.0
2254,2026-07-28,5000.0,299900.0,60.1,60.5,59.4,60.5,1.0,5.0
2254,2026-07-29,14181.0,868736.0,60.5,62.0,60.5,62.0,1.5,18.0
2254,2026-07-30,5001.0,307360.0,61.4,61.9,61.3,61.9,-0.1,6.0
2254,2026-07-31,4147.0,253698.0,61.1,61.4,61.0,61.4,-0.5,6.0
2254,2026-08-03,4378.0,266531.0,60.9,60.9,60.6,60.6,-0.8,9.0
2254,2026-08-04,16035.0,965494.0,60.4,61.0,59.8,61.0,0.4,17.0
2254,2026-08-05,1.0,59.0,,,,,0.0,1.0
2254,2026-08-06,2208.0,134280.0,60.9,60.9,60.9,60.9,0.0,2.0
2254,2026-08-07,0.0,0.0,,,,,0.0,0.0
2254,2026-08-10,4003.0,242665.0,61.2,61.2,60.3,60.7,0.0,6.0
2254,2026-08-11,1147.0,69822.0,60.9,60.9,60.9,60.9,0.2,2.0
2254,2026-08-12,4000.0,243200.0,61.2,61.2,60.1,60.7,-0.2,4.0
2254,2026-08-13,8010.0,479906.0,60.9,60.9,59.3,59.3,-1.4,7.0
2254,2026-08-14,7000.0,413000.0,59.7,59.7,58.8,58.8,-0.5,5.0
2254,2026-08-17,8003.0,471659.0,59.4,59.4,58.4,59.3,0.5,11.0
2254,2026-08-18,0.0,0.0,,,,,0.0,0.0
2254,2026-08-19,5000.0,292700.0,59.1,59.1,58.2,58.7,0.0,5.0
2254,2026-08-20,13006.0,793258.0,62.0,62.0,59.7,60.5,1.8,9.0
2254,2026-08-21,3000.0,180000.0,59.9,60.3,59.8,60.3,-0.2,3.0
2254,2026-08-24,15000.0,885000.0,59.4,59.4,58.6,58.6,-1.7,12.0
2254,2026-08-25,54037.0,3178268.0,58.9,59.6,57.1,58.9,0.3,38.0
2254,2026-08-26,165000.0,10044200.0,59.9,61.5,59.9,60.6,1.7,89.0
2254,2026-08-27,327010.0,19900599.0,61.0,62.0,59.4,60.3,-0.3,222.0
2254,2026-08-28,538114.0,33282773.0,60.3,63.1,60.2,61.7,1.4,300.0
2254,2026-08-31,901021.0,55677095.0,61.6,62.7,61.0,61.5,-0.2,484.0
2254,2026-09-01,351021.0,21705565.0,61.6,62.5,61.3,61.5,0.0,197.0
2254,2026-09-02,425000.0,26348700.0,61.6,62.5,61.4,62.0,0.5,259.0
2254,2026-09-03,562005.0,35061141.0,62.0,63.0,61.8,62.0,0.0,260.0
2254,2026-09-04,1536055.0,95277510.0,62.0,62.7,61.4,62.1,0.1,590.0
2254,2026-09-07,2583219.0,162021843.0,62.1,63.5,61.8,62.4,0.3,982.0
2254,2026-09-08,1201567.0,75758551.0,62.3,64.3,62.3,63.1,0.7,456.0
2254,2026-09-09,1538000.0,98935500.0,63.1,65.2,63.0,65.2,2.1,567.0
2254,2026-09-10,1835190.0,121318795.0,65.1,67.3,64.3,65.6,0.4,890.0
2254,2026-09-11,834010.0,54733392.0,65.6,66.0,64.9,65.8,0.2,301.0
2254,2026-09-14,1166200.0,80415378.0,65.8,70.8,65.8,70.8,5.0,582.0
2254,2026-09-15,1509097.0,110088563.0,70.9,74.4,70.9,73.1,2.3,806.0
2258,2024-01-02,493000.0,21998450.0,44.65,44.75,44.5,44.6,0.0,197.0
2258,2024-01-03,974500.0,43165299.0,44.6,44.7,44.0,44.0,-0.6,292.0
2258,2024-01-04,272000.0,12043750.0,44.0,44.6,44.0,44.1,0.1,143.0
2258,2024-01-05,687200.0,30305959.0,44.15,44.5,44.0,44.1,0.0,219.0
2258,2024-01-08,927312.0,41532864.0,44.15,45.4,44.15,44.6,0.5,281.0
2258,2024-01-09,335162.0,14956790.0,44.75,44.85,44.45,44.7,0.1,160.0
2258,2024-01-10,291277.0,12933148.0,44.5,44.55,44.3,44.3,-0.4,149.0
2258,2024-01-11,690081.0,30659299.0,44.85,44.85,44.1,44.5,0.2,284.0
2258,2024-01-12,213031.0,9473481.0,44.55,44.7,44.35,44.45,-0.05,113.0
2258,2024-01-15,311111.0,13821221.0,44.5,44.7,44.35,44.45,0.0,147.0
2258,2024-01-16,604081.0,26712425.0,44.45,44.5,44.05,44.05,-0.4,258.0
2258,2024-01-17,750091.0,33034254.0,44.05,44.35,43.8,43.8,-0.25,457.0
2258,2024-01-18,441000.0,19259400.0,43.85,43.95,43.4,43.4,-0.4,196.0
2258,2024-01-19,221241.0,9648059.0,43.35,44.0,43.35,43.75,0.35,121.0
2258,2024-01-22,151031.0,6644370.0,44.0,44.3,43.8,43.8,0.05,90.0
2258,2024-01-23,483000.0,21061600.0,43.75,44.0,43.4,43.5,-0.3,162.0
2258,2024-01-24,174118.0,7577882.0,43.9,43.95,43.35,43.45,-0.05,109.0
2258,2024-01-25,294041.0,12795133.0,43.45,43.95,43.4,43.45,0.0,112.0
2258,2024-01-26,155171.0,6747388.0,43.45,43.95,43.45,43.55,0.1,77.0
2258,2024-01-29,637106.0,27465796.0,43.45,43.7,42.8,42.85,-0.7,284.0
2258,2024-01-30,393000.0,16766650.0,43.0,43.1,42.5,42.6,-0.25,192.0
2258,2024-01-31,821223.0,34408335.0,42.6,42.65,41.4,41.6,-1.0,419.0
2258,2024-02-01,1747200.0,71144530.0,41.6,42.0,40.35,41.6,0.0,646.0
2258,2024-02-02,880727.0,35962935.0,41.6,41.6,40.55,40.7,-0.9,508.0
2258,2024-02-05,1230000.0,49254150.0,40.35,40.5,39.9,40.0,-0.7,608.0
2258,2024-02-15,949523.0,37815637.0,39.9,40.15,39.6,39.7,-0.3,509.0
2258,2024-02-16,555000.0,22221850.0,39.7,40.3,39.7,40.0,0.3,350.0
2258,2024-02-19,2348059.0,100176346.0,40.05,44.0,40.05,44.0,4.0,1050.0
2258,2024-02-20,1705102.0,76108868.0,44.65,45.75,43.55,44.45,0.45,715.0
2258,2024-02-21,951000.0,41446800.0,44.5,44.5,43.1,43.25,-1.2,564.0
2258,2024-02-22,635011.0,28264295.0,43.15,45.15,43.15,45.0,1.75,312.0
2258,2024-02-23,1361015.0,62465190.0,44.9,46.65,44.9,46.2,1.2,622.0
2258,2024-02-26,1261183.0,58922701.0,46.0,47.35,45.85,47.3,1.1,508.0
2258,2024-02-27,934010.0,43585310.0,47.3,47.4,46.05,46.2,-1.1,410.0
2258,2024-02-29,654139.0,29684451.0,46.2,46.2,45.0,45.85,-0.35,355.0
2258,2024-03-01,552000.0,25429900.0,45.4,46.6,45.4,46.3,0.45,212.0
2258,2024-03-04,1384092.0,64857774.0,45.65,47.25,45.65,46.8,0.5,424.0
2258,2024-03-05,342000.0,15869550.0,46.45,46.8,46.15,46.2,-0.6,178.0
2258,2024-03-06,699000.0,32607800.0,46.0,47.2,46.0,46.15,-0.05,238.0
2258,2024-03-07,401000.0,18302400.0,45.65,46.1,45.35,45.35,-0.8,209.0
2258,2024-03-08,888100.0,39413115.0,45.05,45.05,43.75,44.45,-0.9,446.0
2258,2024-03-11,598000.0,27211300.0,44.1,46.25,44.1,45.8,1.35,237.0
2258,2024-03-12,875122.0,40745397.0,45.8,47.1,45.8,46.7,0.9,364.0
2258,2024-03-13,516000.0,23649850.0,46.0,46.4,45.3,45.3,-1.4,244.0
2258,2024-03-14,133428.0,6057587.0,45.7,45.85,45.1,45.3,0.0,92.0
2258,2024-03-15,269000.0,12231650.0,45.5,45.9,45.1,45.6,0.3,116.0
2258,2024-03-18,135000.0,6132300.0,45.65,45.65,45.2,45.4,-0.2,85.0
2258,2024-03-19,277000.0,12449900.0,45.4,45.4,44.5,44.9,-0.5,172.0
2258,2024-03-20,317000.0,14105450.0,44.7,44.9,44.3,44.4,-0.5,202.0
2258,2024-03-21,148500.0,6590849.0,44.4,44.8,44.25,44.25,-0.15,105.0
2258,2024-03-22,109051.0,4862059.0,45.0,45.35,44.3,44.3,0.05,72.0
2258,2024-03-25,117000.0,5251150.0,44.3,45.25,44.3,44.7,0.4,71.0
2258,2024-03-26,229149.0,10165965.0,44.7,44.9,44.15,44.3,-0.4,127.0
2258,2024-03-27,323000.0,14258200.0,43.95,44.55,43.9,44.15,-0.15,165.0
2258,2024-03-28,281000.0,12376200.0,44.2,44.2,43.95,44.0,-0.15,165.0
2258,2024-03-29,267000.0,11802550.0,44.15,44.5,43.75,44.3,0.3,131.0
2258,2024-04-01,413500.0,18146025.0,44.3,44.4,43.75,43.85,-0.45,219.0
2258,2024-04-02,428000.0,18631200.0,43.55,43.8,43.35,43.35,-0.5,192.0
2258,2024-04-03,160000.0,6975950.0,43.35,44.0,43.35,43.4,0.05,77.0
2258,2024-04-08,677000.0,30323950.0,45.85,45.9,44.05,44.5,1.1,344.0
2258,2024-04-09,302000.0,13348250.0,44.5,44.6,43.85,44.6,0.1,158.0
2258,2024-04-10,112150.0,4981860.0,44.65,44.65,44.2,44.3,-0.3,81.0
2258,2024-04-11,260000.0,11391600.0,44.05,44.05,43.65,43.85,-0.45,128.0
2258,2024-04-12,313000.0,13732750.0,43.9,44.35,43.7,43.7,-0.15,169.0
2258,2024-04-15,292000.0,12829700.0,43.7,44.45,43.7,43.75,0.05,118.0
2258,2024-04-16,722000.0,31071600.0,43.75,43.8,42.5,42.55,-1.2,320.0
2258,2024-04-17,762034.0,33940343.0,42.65,45.6,42.65,43.95,1.4,347.0
2258,2024-04-18,542000.0,23724150.0,43.0,44.9,42.85,43.35,-0.6,294.0
2258,2024-04-19,494000.0,20989800.0,43.35,43.35,41.75,42.25,-1.1,344.0
2258,2024-04-22,551025.0,24085273.0,45.6,45.6,42.55,42.95,0.7,266.0
2258,2024-04-23,193000.0,8297700.0,43.0,43.1,42.95,43.0,0.05,93.0
2258,2024-04-24,169000.0,7351700.0,43.95,43.95,43.15,43.35,0.35,96.0
2258,2024-04-25,351000.0,14906450.0,43.05,43.05,42.25,42.25,-1.1,217.0
2258,2024-04-26,123000.0,5220850.0,42.25,43.15,42.2,42.45,0.2,83.0
2258,2024-04-29,265000.0,11410450.0,43.3,43.3,42.55,43.15,0.7,150.0
2258,2024-04-30,286100.0,12257990.0,43.15,43.35,42.6,42.7,-0.45,160.0
2258,2024-05-02,388150.0,16715450.0,42.8,43.7,42.6,43.2,0.5,197.0
2258,2024-05-03,524000.0,22886450.0,43.6,44.2,43.3,43.95,0.75,235.0
2258,2024-05-06,886100.0,39394450.0,44.9,44.9,44.1,44.15,0.2,443.0
2258,2024-05-07,437000.0,19208650.0,44.55,44.55,43.75,43.8,-0.35,219.0
2258,2024-05-08,915116.0,40752370.0,43.8,45.0,43.55,45.0,1.2,481.0
2258,2024-05-09,350000.0,15482000.0,44.75,44.75,44.0,44.0,-1.0,204.0
2258,2024-05-10,150027.0,6638998.0,44.25,44.55,44.1,44.3,0.3,101.0
2258,2024-05-13,158100.0,6974925.0,44.5,44.5,43.9,43.9,-0.4,100.0
2258,2024-05-14,241400.0,10517630.0,43.9,43.95,43.4,43.45,-0.45,162.0
2258,2024-05-15,533000.0,23302500.0,43.95,44.0,43.45,43.9,0.45,387.0
2258,2024-05-16,616000.0,27371200.0,44.5,44.7,44.25,44.4,0.5,277.0
2258,2024-05-17,132000.0,5796950.0,44.25,44.25,43.8,43.9,-0.5,91.0
2258,2024-05-20,255000.0,11258350.0,45.0,45.0,43.85,43.9,0.0,139.0
2258,2024-05-21,193050.0,8408177.0,43.9,43.9,43.45,43.55,-0.35,111.0
2258,2024-05-22,280000.0,12271650.0,43.4,44.05,43.4,43.6,0.05,150.0
2258,2024-05-23,197000.0,8578200.0,43.35,43.8,43.35,43.45,-0.15,110.0
2258,2024-05-24,195800.0,8565190.0,43.55,43.85,43.35,43.8,0.35,102.0
2258,2024-05-27,252200.0,11081780.0,43.95,44.1,43.8,44.0,0.2,132.0
2258,2024-05-28,628000.0,27817400.0,43.95,44.6,43.55,44.45,0.45,288.0
2258,2024-05-29,333300.0,14692930.0,44.45,44.55,43.9,44.2,-0.25,178.0
2258,2024-05-30,558030.0,24832082.0,44.0,44.95,44.0,44.55,0.35,234.0
2258,2024-05-31,832000.0,37263800.0,44.55,45.3,44.5,44.8,0.25,354.0
2258,2024-06-03,834100.0,37537985.0,44.9,45.25,44.75,45.0,0.2,285.0
2258,2024-06-04,571350.0,25684550.0,44.65,45.05,44.65,45.05,0.05,237.0
2258,2024-06-05,1088600.0,49649410.0,45.2,46.0,45.05,45.85,0.8,462.0
2258,2024-06-06,1104006.0,50756073.0,46.0,46.55,45.55,45.6,-0.25,517.0
2258,2024-06-07,941000.0,43491800.0,45.5,46.8,45.5,46.1,0.5,455.0
2258,2024-06-11,1105040.0,50154304.0,46.0,46.1,45.0,45.0,-1.1,365.0
2258,2024-06-12,399500.0,17980500.0,45.2,45.5,44.8,44.85,-0.15,174.0
2258,2024-06-13,554020.0,24861449.0,45.0,45.1,44.7,44.8,-0.05,197.0
2258,2024-06-14,243000.0,10874500.0,44.8,45.0,44.6,44.75,-0.05,107.0
2258,2024-06-17,291000.0,13044400.0,45.0,45.05,44.6,44.95,0.2,118.0
2258,2024-06-18,562130.0,25691445.0,45.45,46.5,44.85,46.5,1.55,244.0
2258,2024-06-19,1942530.0,91448872.0,46.4,47.95,45.9,47.7,1.2,888.0
2258,2024-06-20,1917005.0,92235394.0,47.7,48.7,47.5,48.7,1.0,771.0
2258,2024-06-21,1690000.0,83250950.0,48.6,49.95,48.6,48.7,0.0,802.0
2258,2024-06-24,755199.0,36518091.0,48.7,48.8,47.95,48.75,0.05,385.0
2258,2024-06-25,1392000.0,68871700.0,49.15,49.9,48.7,49.7,0.95,668.0
2258,2024-06-26,1211531.0,60412889.0,50.0,50.1,49.65,50.0,0.3,498.0
2258,2024-06-27,1650265.0,82550794.0,49.55,50.4,49.55,49.6,-0.4,653.0
2258,2024-06-28,1472401.0,71815648.0,49.85,49.9,47.95,47.95,-1.65,775.0
2258,2024-07-01,464070.0,22410427.0,48.05,48.55,48.05,48.1,0.15,190.0
2258,2024-07-02,694050.0,32790534.0,48.1,48.1,46.7,46.7,-1.4,414.0
2258,2024-07-03,452084.0,21136863.0,46.7,47.4,46.15,46.45,-0.25,254.0
2258,2024-07-04,790221.0,37707052.0,46.45,48.55,46.45,47.15,0.7,486.0
2258,2024-07-05,433000.0,20345900.0,48.0,48.3,46.75,46.8,-0.35,269.0
2258,2024-07-08,600200.0,27840489.0,47.0,47.0,46.1,46.6,-0.2,244.0
2258,2024-07-09,889233.0,40947968.0,46.25,46.6,45.65,45.75,-0.85,308.0
2258,2024-07-10,382146.0,17600816.0,45.85,46.4,45.85,46.05,0.3,171.0
2258,2024-07-11,326060.0,15272240.0,46.75,47.2,46.2,46.7,0.65,163.0
2258,2024-07-12,317000.0,14807150.0,46.95,47.25,46.05,46.7,0.0,163.0
2258,2024-07-15,396400.0,18300837.0,46.7,46.8,45.8,45.85,-0.85,230.0
2258,2024-07-16,233000.0,10715300.0,46.0,46.2,45.85,45.85,0.0,106.0
2258,2024-07-17,179000.0,8242250.0,45.9,46.25,45.9,46.1,0.25,119.0
2258,2024-07-18,1049022.0,47306207.0,46.25,46.25,44.6,44.75,-1.35,534.0
2258,2024-07-19,738140.0,32416508.0,44.5,44.5,43.2,44.1,-0.65,346.0
2258,2024-07-22,622060.0,27294032.0,44.2,44.4,43.2,44.3,0.2,341.0
2258,2024-07-23,297354.0,13187346.0,44.5,44.9,44.0,44.05,-0.25,164.0
2258,2024-07-26,139020.0,6083932.0,44.55,44.55,43.35,43.85,-0.2,74.0
2258,2024-07-29,325254.0,14374080.0,44.05,44.8,43.8,44.75,0.9,164.0
2258,2024-07-30,158000.0,7077250.0,44.3,45.35,44.15,45.25,0.5,114.0
2258,2024-07-31,196000.0,8834100.0,45.25,45.4,44.7,45.2,-0.05,96.0
2258,2024-08-01,527000.0,23979150.0,45.35,45.75,45.0,45.45,0.25,276.0
2258,2024-08-02,371000.0,16452750.0,44.25,45.25,44.0,44.4,-1.05,231.0
2258,2024-08-05,980001.0,39454345.0,43.0,43.0,40.0,40.0,-4.4,473.0
2258,2024-08-06,620100.0,24940350.0,43.25,43.25,39.0,40.4,0.4,290.0
2258,2024-08-07,269100.0,10987320.0,39.55,41.5,39.55,41.25,0.85,152.0
2258,2024-08-08,1261000.0,50087400.0,39.8,40.35,38.9,39.0,-2.25,477.0
2258,2024-08-09,474018.0,19140429.0,39.05,40.95,39.05,40.25,1.25,281.0
2258,2024-08-12,233090.0,9595535.0,40.7,41.55,40.7,40.95,0.7,170.0
2258,2024-08-13,228240.0,9367890.0,41.0,41.45,40.5,41.0,0.05,96.0
2258,2024-08-14,595018.0,24001616.0,40.75,41.15,39.95,40.0,-1.0,326.0
2258,2024-08-15,507010.0,20694560.0,40.05,41.35,40.05,40.85,0.85,166.0
2258,2024-08-16,568010.0,23723320.0,41.45,42.5,41.1,41.15,0.3,302.0
2258,2024-08-19,228061.0,9430031.0,41.65,41.75,41.0,41.0,-0.15,144.0
2258,2024-08-20,231066.0,9532725.0,41.2,41.7,41.0,41.2,0.2,97.0
2258,2024-08-21,448230.0,18551779.0,42.2,42.2,41.0,41.7,0.5,295.0
2258,2024-08-22,119000.0,4906400.0,41.15,41.5,41.1,41.1,-0.6,71.0
2258,2024-08-23,165146.0,6721265.0,41.2,41.2,40.2,41.15,0.05,93.0
2258,2024-08-26,346200.0,14547760.0,41.05,42.3,41.05,42.05,0.9,174.0
2258,2024-08-27,96000.0,3994700.0,41.2,42.05,41.2,42.05,0.0,67.0
2258,2024-08-28,141070.0,5936025.0,41.55,42.5,41.55,42.05,0.0,93.0
2258,2024-08-29,279600.0,11665780.0,42.25,42.55,41.25,42.55,0.5,168.0
2258,2024-08-30,187006.0,7867301.0,42.5,42.5,41.75,41.8,-0.75,106.0
2258,2024-09-02,112025.0,4657137.0,41.8,41.95,41.35,41.35,-0.45,81.0
2258,2024-09-03,368005.0,15337308.0,41.0,42.2,40.75,41.7,0.35,128.0
2258,2024-09-04,1084215.0,43546534.0,39.45,41.75,39.45,39.55,-2.15,608.0
2258,2024-09-05,280000.0,11191100.0,40.95,40.95,39.65,39.7,0.15,165.0
2258,2024-09-06,257015.0,10312204.0,39.85,40.55,39.7,40.25,0.55,125.0
2258,2024-09-09,598000.0,23320000.0,38.45,39.75,38.45,39.2,-1.05,305.0
2258,2024-09-10,287058.0,11200462.0,39.65,39.65,38.8,38.85,-0.35,166.0
2258,2024-09-11,109000.0,4253800.0,39.0,39.45,38.9,38.9,0.05,80.0
2258,2024-09-12,207050.0,8182890.0,39.1,39.95,39.1,39.4,0.5,140.0
2258,2024-09-13,104100.0,4178780.0,40.0,40.3,39.5,40.2,0.8,72.0
2258,2024-09-16,1033230.0,44531770.0,40.25,44.2,40.25,44.0,3.8,477.0
2258,2024-09-18,1169030.0,50752114.0,44.05,44.9,42.3,43.85,-0.15,709.0
2258,2024-09-19,486100.0,21527635.0,43.75,45.15,43.1,44.85,1.0,246.0
2258,2024-09-20,1215100.0,55581519.0,45.1,46.85,44.95,46.0,1.15,406.0
2258,2024-09-23,885200.0,40755770.0,46.6,46.8,45.5,45.6,-0.4,381.0
2258,2024-09-24,920036.0,41630725.0,45.6,45.75,44.9,45.0,-0.6,286.0
2258,2024-09-25,575235.0,26279412.0,45.25,46.0,45.25,45.75,0.75,285.0
2258,2024-09-26,458000.0,21043600.0,45.9,46.3,45.6,45.7,-0.05,249.0
2258,2024-09-27,1435433.0,66809804.0,46.25,47.2,46.0,47.15,1.45,586.0
2258,2024-09-30,554400.0,25921900.0,47.35,47.35,46.0,46.2,-0.95,289.0
2258,2024-10-01,463500.0,21220950.0,46.2,46.3,45.2,45.35,-0.85,242.0
2258,2024-10-04,352200.0,16024470.0,45.35,46.3,45.2,45.2,-0.15,191.0
2258,2024-10-07,746030.0,34465352.0,45.5,46.75,45.5,46.75,1.55,295.0
2258,2024-10-08,816189.0,37911014.0,46.7,47.3,45.9,46.0,-0.75,353.0
2258,2024-10-09,547160.0,24952896.0,46.5,46.5,44.8,45.7,-0.3,230.0
2258,2024-10-11,900223.0,41324463.0,45.7,46.5,45.2,45.2,-0.5,269.0
2258,2024-10-14,384616.0,17289987.0,45.35,45.4,44.65,44.95,-0.25,179.0
2258,2024-10-15,1637545.0,72412446.0,45.0,45.05,43.7,43.9,-1.05,524.0
2258,2024-10-16,1687784.0,72348214.0,43.8,43.9,41.85,42.0,-1.9,850.0
2258,2024-10-17,669160.0,28237634.0,41.95,42.7,41.95,42.15,0.15,258.0
2258,2024-10-18,687200.0,30001318.0,42.3,44.6,42.3,43.6,1.45,271.0
2258,2024-10-21,380000.0,16723250.0,44.45,44.45,43.45,43.75,0.15,150.0
2258,2024-10-22,194024.0,8455398.0,44.1,44.1,43.2,43.55,-0.2,95.0
2258,2024-10-23,276237.0,11924114.0,43.6,43.95,42.95,43.1,-0.45,172.0
2258,2024-10-24,159213.0,6846686.0,43.1,43.2,42.9,42.9,-0.2,110.0
2258,2024-10-25,159000.0,6908350.0,43.0,43.9,43.0,43.6,0.7,77.0
2258,2024-10-28,211051.0,9165610.0,43.5,43.95,43.15,43.2,-0.4,105.0
2258,2024-10-29,572158.0,24351225.0,43.55,43.55,42.1,42.25,-0.95,240.0
2258,2024-10-30,253100.0,10718279.0,42.35,43.15,42.0,42.15,-0.1,139.0
2258,2024-11-01,175249.0,7344358.0,42.0,42.35,41.65,42.15,0.0,108.0
2258,2024-11-04,94151.0,3976207.0,42.05,42.6,41.95,42.6,0.45,58.0
2258,2024-11-05,59000.0,2502450.0,42.6,42.75,42.2,42.3,-0.3,44.0
2258,2024-11-06,86103.0,3650066.0,42.15,42.8,42.15,42.25,-0.05,71.0
2258,2024-11-07,133200.0,5696190.0,42.1,43.0,42.1,42.75,0.5,93.0
2258,2024-11-08,223700.0,9553273.0,43.0,43.0,42.35,42.95,0.2,107.0
2258,2024-11-11,279100.0,11702215.0,42.7,42.7,41.65,42.0,-0.95,181.0
2258,2024-11-12,794340.0,32248318.0,41.4,41.4,40.0,40.05,-1.95,481.0
2258,2024-11-13,288190.0,11548916.0,39.7,40.7,39.7,40.2,0.15,172.0
2258,2024-11-14,231290.0,9267385.0,40.05,40.55,39.9,39.95,-0.25,151.0
2258,2024-11-15,355299.0,14230799.0,40.0,40.55,39.9,40.5,0.55,172.0
2258,2024-11-18,296000.0,11813150.0,40.05,40.15,39.65,40.15,-0.35,178.0
2258,2024-11-19,201000.0,8184550.0,40.15,41.1,40.0,41.0,0.85,125.0
2258,2024-11-20,282115.0,11450901.0,40.65,41.2,40.3,40.45,-0.55,144.0
2258,2024-11-21,114148.0,4629530.0,40.25,41.0,40.25,40.75,0.3,69.0
2258,2024-11-22,95520.0,3897310.0,40.55,41.05,40.55,40.7,-0.05,78.0
2258,2024-11-25,440500.0,18369549.0,41.3,41.95,41.3,41.95,1.25,289.0
2258,2024-11-26,69000.0,2861450.0,42.0,42.0,41.3,41.3,-0.65,56.0
2258,2024-11-27,215010.0,8701805.0,41.05,41.05,40.0,40.5,-0.8,128.0
2258,2024-11-28,417410.0,17060970.0,40.5,42.45,39.95,42.45,1.95,215.0
2258,2024-11-29,198000.0,8218700.0,41.9,42.0,40.8,41.5,-0.95,146.0
2258,2024-12-02,167050.0,6867847.0,41.5,41.5,40.9,40.95,-0.55,106.0
2258,2024-12-03,172039.0,7182234.0,41.0,42.3,41.0,42.0,1.05,120.0
2258,2024-12-04,107003.0,4440073.0,41.95,42.0,41.2,41.3,-0.7,60.0
2258,2024-12-05,110000.0,4534750.0,41.65,41.65,41.0,41.5,0.2,67.0
2258,2024-12-06,48200.0,1982350.0,41.35,41.4,41.0,41.05,-0.45,32.0
2258,2024-12-09,113600.0,4611519.0,41.0,41.0,40.3,40.45,-0.6,78.0
2258,2024-12-10,275125.0,11034662.0,40.5,41.45,39.85,40.05,-0.4,160.0
2258,2024-12-11,450203.0,17910926.0,39.6,40.25,39.6,39.6,-0.45,262.0
2258,2024-12-12,231000.0,9243650.0,39.8,40.2,39.8,39.95,0.35,142.0
2258,2024-12-13,250150.0,10000957.0,39.8,40.1,39.8,40.05,0.1,141.0
2258,2024-12-16,444000.0,17857000.0,40.1,40.8,40.0,40.4,0.35,179.0
2258,2024-12-17,310350.0,12616425.0,40.4,41.0,40.4,40.45,0.05,142.0
2258,2024-12-18,260145.0,10572522.0,40.35,40.9,40.35,40.75,0.3,130.0
2258,2024-12-19,481000.0,19218150.0,40.0,40.45,39.8,39.95,-0.8,304.0
2258,2024-12-20,594000.0,23642900.0,40.7,40.7,39.65,40.15,0.2,381.0
2258,2024-12-23,284100.0,11467690.0,40.0,40.6,40.0,40.45,0.3,173.0
2258,2024-12-24,143000.0,5798850.0,40.45,40.7,40.35,40.5,0.05,105.0
2258,2024-12-25,923500.0,38531049.0,40.3,42.75,40.3,42.05,1.55,393.0
2258,2024-12-26,195000.0,8122500.0,42.0,42.65,41.35,41.35,-0.7,96.0
2258,2024-12-27,151000.0,6158850.0,40.8,41.0,40.5,40.85,-0.5,78.0
2258,2024-12-30,219000.0,9054000.0,40.8,41.85,40.75,41.45,0.6,115.0
2258,2024-12-31,268202.0,11036622.0,41.3,41.55,40.8,41.15,-0.3,185.0
2258,2025-01-02,841331.0,35654481.0,41.55,43.0,41.25,42.7,1.55,503.0
2258,2025-01-03,1643574.0,73254349.0,43.35,45.15,43.25,44.8,2.1,877.0
2258,2025-01-06,2132974.0,96629755.0,45.85,45.9,44.7,45.15,0.35,1156.0
2258,2025-01-07,1393106.0,63243819.0,45.35,46.0,44.9,45.25,0.1,827.0
2258,2025-01-08,798348.0,35814157.0,45.2,45.4,44.65,44.75,-0.5,471.0
2258,2025-01-09,1053281.0,45938224.0,45.0,45.0,42.8,43.0,-1.75,693.0
2258,2025-01-10,681564.0,29750851.0,42.8,44.05,42.8,44.05,1.05,439.0
2258,2025-01-13,1014207.0,43368840.0,44.05,44.5,42.0,42.7,-1.35,751.0
2258,2025-01-14,3403439.0,156744264.0,42.75,46.95,42.75,46.95,4.25,2127.0
2258,2025-01-15,1941200.0,90688944.0,47.1,47.45,45.9,46.5,-0.45,1143.0
2258,2025-01-16,3454890.0,165726612.0,47.05,48.65,46.4,48.25,1.75,1629.0
2258,2025-01-17,1242993.0,59693255.0,48.25,48.5,47.55,48.25,0.0,768.0
2258,2025-01-20,1446738.0,67945597.0,48.0,48.0,46.3,46.4,-1.85,1029.0
2258,2025-01-21,384461.0,17842456.0,46.4,46.8,46.25,46.35,-0.05,329.0
2258,2025-01-22,546711.0,25331998.0,46.7,46.7,46.0,46.45,0.1,459.0
2258,2025-02-03,1828516.0,86322971.0,45.0,48.0,45.0,47.85,1.4,1038.0
2258,2025-02-04,964922.0,44841867.0,47.85,47.85,45.6,45.85,-2.0,814.0
2258,2025-02-05,627462.0,29285497.0,46.45,47.2,46.0,47.2,1.35,434.0
2258,2025-02-06,631356.0,29862022.0,47.0,48.0,46.65,47.7,0.5,458.0
2258,2025-02-07,4377564.0,216498096.0,47.7,50.2,47.7,49.95,2.25,1947.0
2258,2025-02-10,1578926.0,76909184.0,49.7,49.7,48.3,48.9,-1.05,993.0
2258,2025-02-11,1270002.0,62684154.0,49.15,49.7,48.85,49.35,0.45,719.0
2258,2025-02-12,3721211.0,187306869.0,49.35,51.3,48.95,51.2,1.85,1566.0
2258,2025-02-13,5754788.0,297703337.0,52.2,52.7,50.8,51.0,-0.2,2334.0
2258,2025-02-14,1155567.0,58425810.0,50.5,51.0,49.95,50.9,-0.1,788.0
2258,2025-02-17,1373418.0,70099685.0,51.3,51.7,50.5,50.6,-0.3,780.0
2258,2025-02-18,1310316.0,65638670.0,50.6,50.6,49.85,50.0,-0.6,892.0
2258,2025-02-19,1531946.0,75503455.0,49.9,49.95,48.9,49.5,-0.5,1162.0
2258,2025-02-20,503397.0,24838052.0,49.5,49.55,49.05,49.3,-0.2,401.0
2258,2025-02-21,847136.0,42336611.0,49.45,50.2,49.45,49.85,0.55,614.0
2258,2025-02-24,610915.0,30189650.0,49.75,49.9,49.25,49.4,-0.45,467.0
2258,2025-02-25,711852.0,34818045.0,48.95,49.2,48.8,49.1,-0.3,529.0
2258,2025-02-26,1186050.0,57269005.0,49.1,49.1,47.9,48.05,-1.05,936.0
2258,2025-02-27,666447.0,32034949.0,48.4,48.85,47.7,47.7,-0.35,582.0
2258,2025-03-03,803760.0,38060714.0,47.7,48.0,47.0,48.0,0.3,511.0
2258,2025-03-04,811545.0,38147914.0,47.2,47.4,46.75,47.15,-0.85,556.0
2258,2025-03-05,806239.0,38016738.0,47.3,47.8,46.95,47.0,-0.15,511.0
2258,2025-03-06,385304.0,18163166.0,47.3,47.35,47.0,47.0,0.0,276.0
2258,2025-03-07,831982.0,38587756.0,47.0,47.0,46.05,46.1,-0.9,553.0
2258,2025-03-10,808517.0,37803665.0,45.6,47.8,45.5,47.45,1.35,563.0
2258,2025-03-11,687283.0,31660337.0,46.05,46.8,45.45,46.6,-0.85,475.0
2258,2025-03-12,311151.0,14481369.0,47.15,47.15,46.2,46.25,-0.35,277.0
2258,2025-03-13,522372.0,23981183.0,46.5,46.6,45.45,45.6,-0.65,401.0
2258,2025-03-14,568025.0,25843461.0,45.6,46.1,45.1,46.1,0.5,360.0
2258,2025-03-17,738688.0,35142321.0,47.2,47.9,46.35,47.85,1.75,507.0
2258,2025-03-18,634472.0,30117367.0,48.1,48.45,46.55,46.8,-1.05,586.0
2258,2025-03-19,501599.0,23309584.0,47.05,47.05,46.05,46.3,-0.5,443.0
2258,2025-03-20,457507.0,21491860.0,46.8,47.4,46.7,47.4,1.1,306.0
2258,2025-03-21,3157101.0,157735793.0,49.95,51.3,48.8,49.6,2.2,1790.0
2258,2025-03-24,1130704.0,54583862.0,49.6,49.7,47.7,47.8,-1.8,1051.0
2258,2025-03-25,519836.0,24874050.0,48.4,48.5,47.4,48.0,0.2,347.0
2258,2025-03-26,679142.0,32162707.0,48.0,48.4,46.8,47.0,-1.0,482.0
2258,2025-03-27,746937.0,34508491.0,46.5,46.8,46.0,46.0,-1.0,497.0
2258,2025-03-28,841497.0,37933723.0,45.8,45.8,44.7,45.05,-0.95,643.0
2258,2025-03-31,989711.0,42599832.0,43.9,43.9,42.55,42.7,-2.35,722.0
2258,2025-04-01,335502.0,14486206.0,42.75,43.6,42.7,43.2,0.5,287.0
2258,2025-04-02,425910.0,18253871.0,43.5,43.5,42.2,43.5,0.3,298.0
2258,2025-04-07,167604.0,6561667.0,39.15,39.15,39.15,39.15,-4.35,223.0
2258,2025-04-08,2038958.0,72247912.0,35.3,37.45,35.25,35.25,-3.9,1071.0
2258,2025-04-09,2280931.0,74882421.0,33.35,35.5,31.75,31.75,-3.5,1108.0
2258,2025-04-10,64327.0,2245006.0,34.9,34.9,34.9,34.9,3.15,53.0
2258,2025-04-11,1277606.0,47443452.0,34.0,38.35,33.5,38.35,3.45,1462.0
2258,2025-04-14,1258430.0,48450808.0,39.0,39.5,37.2,38.65,0.3,731.0
2258,2025-04-15,712378.0,28298167.0,37.9,41.35,37.9,40.75,2.1,483.0
2258,2025-04-16,998855.0,40557365.0,39.15,42.55,39.1,41.4,0.65,768.0
2258,2025-04-17,457935.0,18611211.0,41.4,41.4,40.15,40.5,-0.9,370.0
2258,2025-04-18,228714.0,9147863.0,40.9,40.9,39.8,40.15,-0.35,197.0
2258,2025-04-21,316393.0,12397645.0,40.15,40.15,38.85,39.3,-0.85,252.0
2258,2025-04-22,363809.0,14106997.0,38.7,39.85,38.25,38.4,-0.9,276.0
2258,2025-04-23,1094329.0,42396225.0,38.7,39.9,38.35,38.35,-0.05,550.0
2258,2025-04-24,545059.0,21018426.0,39.05,39.15,38.2,38.3,-0.05,385.0
2258,2025-04-25,325770.0,12661290.0,39.15,39.2,38.55,38.7,0.4,169.0
2258,2025-04-28,354730.0,13886720.0,38.95,39.5,38.8,39.0,0.3,204.0
2258,2025-04-29,316669.0,12566123.0,39.0,40.25,39.0,40.25,1.25,258.0
2258,2025-04-30,348268.0,13787535.0,40.1,40.1,39.2,39.6,-0.65,437.0
2258,2025-05-02,385196.0,15315175.0,40.0,40.25,39.6,39.8,0.2,234.0
2258,2025-05-05,554978.0,21603045.0,40.0,40.0,38.35,38.8,-1.0,383.0
2258,2025-05-06,279006.0,10952808.0,39.1,39.55,38.75,39.45,0.65,183.0
2258,2025-05-07,2098085.0,83834360.0,39.45,41.5,38.9,40.9,1.45,773.0
2258,2025-05-08,1599893.0,63294054.0,40.9,40.9,38.7,39.55,-1.35,976.0
2258,2025-05-09,493167.0,19457913.0,39.3,40.05,38.9,39.85,0.3,357.0
2258,2025-05-12,408204.0,16295148.0,40.1,40.25,39.5,40.0,0.15,312.0
2258,2025-05-13,459397.0,18292418.0,40.35,40.8,39.45,39.45,-0.55,304.0
2258,2025-05-14,937172.0,38109760.0,39.85,41.5,39.7,41.5,2.05,653.0
2258,2025-05-15,604307.0,24544467.0,41.5,41.5,40.0,40.3,-1.2,479.0
2258,2025-05-16,353835.0,14321012.0,40.3,40.85,40.25,40.3,0.0,242.0
2258,2025-05-19,585095.0,23258411.0,40.3,40.3,39.45,40.0,-0.3,287.0
2258,2025-05-20,317889.0,12638786.0,40.1,40.1,39.5,40.05,0.05,215.0
2258,2025-05-21,766444.0,31452229.0,40.0,42.15,39.9,42.0,1.95,602.0
2258,2025-05-22,305721.0,12570960.0,41.75,41.75,40.7,41.5,-0.5,203.0
2258,2025-05-23,255912.0,10560404.0,41.5,41.6,40.8,40.8,-0.7,196.0
2258,2025-05-26,873396.0,36383859.0,40.75,42.8,40.3,42.8,2.0,534.0
2258,2025-05-27,1751368.0,77212695.0,44.35,45.8,42.4,45.8,3.0,1052.0
2258,2025-05-28,3337239.0,163603128.0,45.8,46.3,44.3,45.15,-0.65,881.0
2258,2025-05-29,465441.0,20871374.0,45.45,45.5,44.35,44.35,-0.8,352.0
2258,2025-06-02,715221.0,30703449.0,44.3,44.4,41.85,42.25,-2.1,667.0
2258,2025-06-03,404248.0,17053609.0,42.45,43.0,41.7,41.9,-0.35,297.0
2258,2025-06-04,245822.0,10465555.0,42.75,43.0,42.1,42.2,0.3,203.0
2258,2025-06-05,132060.0,5637753.0,42.4,42.9,42.4,42.6,0.4,108.0
2258,2025-06-06,100947.0,4289006.0,42.7,42.8,42.05,42.1,-0.5,99.0
2258,2025-06-09,278923.0,11582641.0,42.2,42.2,41.35,41.35,-0.75,209.0
2258,2025-06-10,471804.0,19433656.0,41.95,41.95,40.15,41.1,-0.25,299.0
2258,2025-06-11,236382.0,9711872.0,41.15,41.55,40.6,41.3,0.2,349.0
2258,2025-06-12,226059.0,9272186.0,41.3,41.6,40.7,40.8,-0.5,146.0
2258,2025-06-13,588829.0,23665924.0,40.3,40.5,40.0,40.0,-0.8,324.0
2258,2025-06-16,313670.0,12573466.0,39.4,40.65,39.4,40.65,0.65,143.0
2258,2025-06-17,346074.0,14091701.0,40.65,41.05,40.5,41.05,0.4,143.0
2258,2025-06-18,576773.0,23811359.0,40.95,41.8,40.9,41.65,0.6,231.0
2258,2025-06-19,461964.0,18760015.0,41.05,41.6,40.3,40.3,-1.35,357.0
2258,2025-06-20,386073.0,15440039.0,40.3,40.85,39.6,40.4,0.1,268.0
2258,2025-06-23,277254.0,10967372.0,38.85,40.0,38.85,39.75,-0.65,272.0
2258,2025-06-24,282507.0,11435975.0,39.7,41.0,39.7,40.35,0.6,166.0
2258,2025-06-25,147756.0,6007385.0,41.0,41.0,40.5,40.75,0.4,113.0
2258,2025-06-26,742812.0,31439741.0,40.95,42.95,40.75,42.7,1.95,544.0
2258,2025-06-27,570261.0,24728610.0,43.1,43.8,42.8,43.15,0.45,490.0
2258,2025-06-30,219666.0,9313197.0,43.15,43.15,42.0,42.0,-1.15,193.0
2258,2025-07-01,664683.0,29246060.0,41.85,44.7,41.85,43.85,1.85,540.0
2258,2025-07-02,230693.0,10042681.0,43.85,44.0,43.1,43.35,-0.5,300.0
2258,2025-07-03,424190.0,18293779.0,44.1,44.1,42.5,42.95,-0.4,288.0
2258,2025-07-04,253464.0,10641874.0,42.65,42.65,41.8,41.8,-1.15,215.0
2258,2025-07-07,205063.0,8482990.0,41.8,41.95,41.0,41.05,-0.75,190.0
2258,2025-07-08,228757.0,9389614.0,41.05,41.3,40.75,41.3,0.25,156.0
2258,2025-07-09,155711.0,6448720.0,41.0,42.05,41.0,41.2,-0.1,99.0
2258,2025-07-10,323750.0,13266146.0,41.0,41.95,40.3,41.95,0.75,222.0
2258,2025-07-11,197526.0,8277181.0,42.4,42.4,41.55,42.05,0.1,138.0
2258,2025-07-14,265994.0,11110168.0,42.0,42.1,41.4,41.7,-0.35,190.0
2258,2025-07-15,373296.0,15728810.0,41.6,42.6,41.6,42.6,0.9,182.0
2258,2025-07-16,271656.0,11463362.0,42.2,42.7,41.85,42.0,-0.6,288.0
2258,2025-07-17,326189.0,13741502.0,42.2,42.4,41.65,41.65,-0.35,194.0
2258,2025-07-18,268190.0,11223358.0,42.0,42.05,41.5,41.55,-0.1,160.0
2258,2025-07-21,287347.0,11778740.0,41.5,41.55,40.6,40.6,-0.95,211.0
2258,2025-07-22,405149.0,16371902.0,40.6,41.6,39.95,39.95,-0.65,313.0
2258,2025-07-23,169737.0,6890595.0,40.2,40.8,40.2,40.7,0.75,177.0
2258,2025-07-24,223243.0,9087883.0,40.6,41.25,40.5,40.5,-0.2,154.0
2258,2025-07-25,109393.0,4437933.0,40.5,40.8,40.45,40.7,0.2,148.0
2258,2025-07-28,193400.0,7886285.0,40.8,41.2,40.25,40.8,0.1,120.0
2258,2025-07-29,285732.0,11528226.0,40.8,40.8,40.1,40.2,-0.6,267.0
2258,2025-07-30,2175759.0,94246445.0,40.8,44.2,40.8,44.2,4.0,3829.0
2258,2025-07-31,1592547.0,65730774.0,42.1,42.8,40.6,40.6,-3.6,1321.0
2258,2025-08-01,517873.0,21066300.0,40.0,41.4,39.5,41.1,0.5,387.0
2258,2025-08-04,629956.0,26324904.0,40.4,42.55,40.4,42.2,1.1,401.0
2258,2025-08-05,392582.0,16303682.0,41.85,41.85,41.3,41.4,-0.8,510.0
2258,2025-08-06,447465.0,18271055.0,41.5,41.55,40.6,40.6,-0.8,335.0
2258,2025-08-07,594304.0,24058770.0,40.7,40.8,40.35,40.45,-0.15,396.0
2258,2025-08-08,707038.0,28453909.0,40.25,40.7,40.0,40.25,-0.2,374.0
2258,2025-08-11,1107901.0,44554756.0,40.5,40.5,39.85,40.3,0.05,299.0
2258,2025-08-12,321641.0,12945971.0,40.3,40.5,40.1,40.1,-0.2,264.0
2258,2025-08-13,859135.0,34387360.0,40.15,40.3,39.85,39.85,-0.25,690.0
2258,2025-08-14,276440.0,11112274.0,39.85,40.45,39.85,40.2,0.35,195.0
2258,2025-08-15,337939.0,13523312.0,40.35,40.35,39.85,40.0,-0.2,256.0
2258,2025-08-18,1422292.0,56307403.0,39.85,40.05,39.0,39.2,-0.8,870.0
2258,2025-08-19,960280.0,37197678.0,39.2,39.25,38.4,38.6,-0.6,709.0
2258,2025-08-20,439786.0,16987952.0,39.0,39.0,38.2,38.45,-0.15,324.0
2258,2025-08-21,189669.0,7335449.0,38.9,38.9,38.5,38.7,0.25,203.0
2258,2025-08-22,346838.0,13319679.0,38.5,38.65,38.25,38.5,-0.2,253.0
2258,2025-08-25,534510.0,20924879.0,38.5,39.7,38.5,39.0,0.5,346.0
2258,2025-08-26,228301.0,8878383.0,38.85,39.1,38.5,39.0,0.0,244.0
2258,2025-08-27,429170.0,16720535.0,38.65,39.3,38.55,39.25,0.25,296.0
2258,2025-08-28,468635.0,18598178.0,39.25,40.15,38.9,40.15,0.9,383.0
2258,2025-08-29,326561.0,12938210.0,40.15,40.15,39.4,39.4,-0.75,632.0
2258,2025-09-01,325665.0,12767481.0,39.4,39.65,39.0,39.0,-0.4,244.0
2258,2025-09-02,260578.0,10205126.0,39.3,39.5,39.0,39.2,0.2,169.0
2258,2025-09-03,244454.0,9569543.0,39.3,39.5,39.0,39.0,-0.2,201.0
2258,2025-09-04,275461.0,10797360.0,39.2,39.4,39.05,39.35,0.35,168.0
2258,2025-09-05,191478.0,7509599.0,39.45,39.45,39.05,39.25,-0.1,184.0
2258,2025-09-08,394158.0,15362779.0,39.05,39.25,38.9,38.9,-0.35,267.0
2258,2025-09-09,263113.0,10245580.0,38.9,39.15,38.8,38.9,0.0,219.0
2258,2025-09-10,276758.0,10733291.0,38.9,38.9,38.7,38.75,-0.15,212.0
2258,2025-09-11,359485.0,13904051.0,38.65,38.8,38.65,38.75,0.0,224.0
2258,2025-09-12,357895.0,14009601.0,38.8,39.5,38.8,39.4,0.65,237.0
2258,2025-09-15,347901.0,13664834.0,39.7,39.7,38.9,39.1,-0.3,274.0
2258,2025-09-16,632923.0,24818422.0,39.1,39.7,39.0,39.0,-0.1,305.0
2258,2025-09-17,835548.0,32427360.0,39.0,39.45,38.45,38.5,-0.5,447.0
2258,2025-09-18,303869.0,11741326.0,38.55,38.9,38.55,38.6,0.1,185.0
2258,2025-09-19,290222.0,11212619.0,38.6,38.8,38.35,38.6,0.0,189.0
2258,2025-09-22,320087.0,12501569.0,38.9,39.4,38.9,39.0,0.4,181.0
2258,2025-09-23,432228.0,16759349.0,38.85,39.0,38.6,39.0,0.0,272.0
2258,2025-09-24,237015.0,9235886.0,39.0,39.3,38.8,38.85,-0.15,134.0
2258,2025-09-25,383034.0,14941205.0,38.9,39.3,38.8,38.8,-0.05,200.0
2258,2025-09-26,1041714.0,40488810.0,38.8,39.7,38.45,39.0,0.2,527.0
2258,2025-09-30,299081.0,11706575.0,39.5,39.5,39.0,39.15,0.15,227.0
2258,2025-10-01,346360.0,13568083.0,39.0,39.35,39.0,39.05,-0.1,215.0
2258,2025-10-02,689650.0,27371888.0,39.0,40.4,39.0,39.4,0.35,498.0
2258,2025-10-03,332269.0,13113046.0,39.45,39.9,39.25,39.35,-0.05,270.0
2258,2025-10-07,975110.0,38947702.0,39.8,40.4,39.3,39.7,0.35,475.0
2258,2025-10-08,738954.0,29571520.0,40.0,40.4,39.75,39.9,0.2,385.0
2258,2025-10-09,525030.0,20935894.0,39.95,40.1,39.75,39.75,-0.15,269.0
2258,2025-10-13,1154927.0,45115808.0,39.75,39.75,38.6,38.65,-1.1,742.0
2258,2025-10-14,1488357.0,56911354.0,38.75,39.0,37.4,37.55,-1.1,877.0
2258,2025-10-15,319710.0,12039678.0,37.55,37.95,37.5,37.6,0.05,325.0
2258,2025-10-16,423237.0,16012612.0,38.0,38.2,37.5,37.6,0.0,312.0
2258,2025-10-17,510242.0,19631285.0,37.95,38.95,37.95,38.2,0.6,260.0
2258,2025-10-20,507754.0,19673978.0,38.2,39.05,38.2,38.75,0.55,259.0
2258,2025-10-21,565097.0,22210512.0,39.0,39.6,38.8,39.05,0.3,376.0
2258,2025-10-22,331537.0,12905096.0,39.15,39.2,38.7,38.95,-0.1,183.0
2258,2025-10-23,304144.0,11842237.0,38.95,39.1,38.85,38.85,-0.1,135.0
2258,2025-10-27,739011.0,28610831.0,39.0,39.25,38.5,38.9,0.05,643.0
2258,2025-10-28,582104.0,22525641.0,39.0,39.2,38.45,38.6,-0.3,278.0
2258,2025-10-29,1586663.0,63600475.0,38.6,41.15,38.55,40.1,1.5,840.0
2258,2025-10-30,1703984.0,69667747.0,40.15,41.7,39.85,41.1,1.0,1201.0
2258,2025-10-31,697261.0,28268917.0,41.3,41.4,40.05,40.4,-0.7,1130.0
2258,2025-11-03,400741.0,16017337.0,41.0,41.0,39.6,39.8,-0.6,414.0
2258,2025-11-04,386090.0,15305054.0,39.8,40.15,39.2,39.55,-0.25,249.0
2258,2025-11-05,567475.0,21890306.0,39.3,39.3,38.3,38.65,-0.9,451.0
2258,2025-11-06,520905.0,20241885.0,38.8,39.2,38.65,38.7,0.05,247.0
2258,2025-11-07,732308.0,28946545.0,38.7,39.9,38.6,39.8,1.1,437.0
2258,2025-11-10,675599.0,26102640.0,39.2,39.85,38.0,39.25,-0.55,540.0
2258,2025-11-11,1074130.0,43213602.0,39.6,40.7,39.6,39.85,0.6,649.0
2258,2025-11-12,2306322.0,96495963.0,40.55,42.65,40.35,41.75,1.9,1875.0
2258,2025-11-13,2089015.0,86696470.0,42.0,42.9,40.4,41.05,-0.7,1452.0
2258,2025-11-14,3026634.0,128826062.0,40.55,43.8,40.2,43.5,2.45,1773.0
2258,2025-11-17,2597116.0,107883234.0,44.0,44.0,40.0,40.05,-3.45,1797.0
2258,2025-11-18,889760.0,35115609.0,39.85,39.95,39.15,39.4,-0.65,613.0
2258,2025-11-19,684064.0,27508136.0,40.0,40.7,39.7,40.15,0.75,455.0
2258,2025-11-20,502459.0,20574712.0,40.5,41.4,40.35,41.1,0.95,451.0
2258,2025-11-21,1050426.0,42978753.0,41.1,41.5,40.35,40.8,-0.3,564.0
2258,2025-11-24,1072966.0,44383832.0,41.8,42.7,40.65,40.75,-0.05,653.0
2258,2025-11-25,429918.0,17435596.0,41.0,41.0,40.3,40.4,-0.35,344.0
2258,2025-11-26,425678.0,17360410.0,40.7,41.4,40.35,40.55,0.15,299.0
2258,2025-11-27,458630.0,18736510.0,40.3,41.6,40.25,40.65,0.1,326.0
2258,2025-11-28,430542.0,17338262.0,40.55,40.8,39.95,40.45,-0.2,374.0
2258,2025-12-01,1136349.0,45246485.0,40.45,40.5,39.4,39.55,-0.9,666.0
2258,2025-12-02,347519.0,13888358.0,39.8,40.2,39.65,39.9,0.35,240.0
2258,2025-12-03,210888.0,8437419.0,40.1,40.15,39.8,40.1,0.2,151.0
2258,2025-12-04,261433.0,10391250.0,40.1,40.1,39.55,39.9,-0.2,227.0
2258,2025-12-05,329659.0,13122321.0,40.2,40.2,39.65,40.0,0.1,252.0
2258,2025-12-08,613497.0,24064534.0,40.0,40.0,39.0,39.3,-0.7,553.0
2258,2025-12-09,544461.0,21117343.0,39.2,39.2,38.6,38.8,-0.5,368.0
2258,2025-12-10,303926.0,11826002.0,38.95,39.1,38.65,39.0,0.2,208.0
2258,2025-12-11,183206.0,7131031.0,39.0,39.2,38.8,38.85,-0.15,155.0
2258,2025-12-12,302673.0,11909988.0,39.25,39.7,38.85,38.85,0.0,230.0
2258,2025-12-15,727655.0,27965539.0,38.65,38.65,38.35,38.4,-0.45,379.0
2258,2025-12-16,653773.0,24790453.0,37.95,38.2,37.8,38.05,-0.35,496.0
2258,2025-12-17,584581.0,22206924.0,38.45,38.5,37.7,37.8,-0.25,441.0
2258,2025-12-18,1061276.0,41747333.0,38.0,40.45,38.0,39.2,1.4,738.0
2258,2025-12-19,439171.0,17306778.0,39.0,39.7,38.85,39.5,0.3,342.0
2258,2025-12-22,1427934.0,58211172.0,40.25,41.6,40.1,41.0,1.5,1105.0
2258,2025-12-23,1636652.0,68235281.0,41.7,42.25,41.15,41.2,0.2,1229.0
2258,2025-12-24,795929.0,32806724.0,41.2,41.9,40.55,40.55,-0.65,760.0
2258,2025-12-26,3976153.0,172566931.0,42.5,44.25,42.4,43.4,2.85,2708.0
2258,2025-12-29,1961877.0,83357398.0,43.8,44.05,41.6,42.2,-1.2,2013.0
2258,2025-12-30,708595.0,29731750.0,42.1,42.45,41.65,42.3,0.1,463.0
2258,2025-12-31,990713.0,42414048.0,42.3,43.25,42.25,43.1,0.8,800.0
2258,2026-01-02,579543.0,24738947.0,42.9,43.0,42.5,42.6,-0.5,705.0
2258,2026-01-05,1191615.0,50511839.0,42.6,43.3,41.4,41.65,-0.95,848.0
2258,2026-01-06,809870.0,33340692.0,42.0,42.0,40.85,40.85,-0.8,754.0
2258,2026-01-07,659528.0,26998873.0,40.85,41.2,40.7,40.7,-0.15,482.0
2258,2026-01-08,607188.0,24431636.0,40.7,40.75,40.0,40.2,-0.5,459.0
2258,2026-01-09,358172.0,14464057.0,40.25,40.8,39.9,40.55,0.35,262.0
2258,2026-01-12,773643.0,30977245.0,40.7,40.8,39.8,39.9,-0.65,599.0
2258,2026-01-13,489881.0,19496900.0,40.2,40.2,39.6,39.6,-0.3,458.0
2258,2026-01-14,637587.0,25745299.0,40.0,40.85,39.95,40.15,0.55,435.0
2258,2026-01-15,492144.0,19694888.0,40.15,40.25,39.85,39.95,-0.2,332.0
2258,2026-01-16,697367.0,27672752.0,40.3,40.3,39.55,39.6,-0.35,580.0
2258,2026-01-19,1039657.0,40767823.0,39.5,39.55,38.9,39.0,-0.6,873.0
2258,2026-01-20,636712.0,24758781.0,38.8,39.0,38.75,38.8,-0.2,520.0
2258,2026-01-21,885740.0,34056872.0,38.5,38.75,38.25,38.35,-0.45,795.0
2258,2026-01-22,641136.0,24677884.0,38.5,39.1,38.2,38.3,-0.05,532.0
2258,2026-01-23,642414.0,24984660.0,38.45,39.2,38.45,39.0,0.7,422.0
2258,2026-01-26,373024.0,14464548.0,39.4,39.4,38.6,38.7,-0.3,324.0
2258,2026-01-27,335413.0,12972580.0,38.8,39.0,38.5,38.6,-0.1,321.0
2258,2026-01-28,503658.0,19411606.0,38.7,38.95,38.4,38.55,-0.05,391.0
2258,2026-01-29,425822.0,16335097.0,38.7,38.7,38.25,38.4,-0.15,363.0
2258,2026-01-30,397042.0,15168291.0,38.4,38.5,38.0,38.35,-0.05,354.0
2258,2026-02-02,677818.0,25613408.0,38.1,38.2,37.6,37.7,-0.65,591.0
2258,2026-02-03,483748.0,18273286.0,37.6,38.0,37.6,37.8,0.1,310.0
2258,2026-02-04,300137.0,11429045.0,37.8,38.3,37.8,38.3,0.5,204.0
2258,2026-02-05,310726.0,11839870.0,38.3,38.4,37.85,37.85,-0.45,255.0
2258,2026-02-06,526492.0,19725578.0,37.75,37.8,37.25,37.5,-0.35,387.0
2258,2026-02-09,333552.0,12614586.0,37.95,38.0,37.7,37.85,0.35,273.0
2258,2026-02-10,702679.0,27115225.0,38.05,39.3,37.7,39.1,1.25,571.0
2258,2026-02-11,821594.0,32303470.0,39.6,39.6,38.8,39.5,0.4,776.0
2258,2026-02-23,1465304.0,58692786.0,40.05,40.45,39.2,39.45,-0.05,1111.0
2258,2026-02-24,692637.0,27382799.0,39.45,39.9,39.05,39.3,-0.15,805.0
2258,2026-02-25,541039.0,21214220.0,39.4,39.5,39.0,39.25,-0.05,515.0
2258,2026-02-26,520158.0,20498586.0,39.3,39.6,39.0,39.6,0.35,490.0
2258,2026-03-02,724190.0,28280869.0,39.6,39.6,38.8,38.8,-0.8,641.0
2258,2026-03-03,706629.0,26892787.0,38.5,38.55,37.85,37.85,-0.95,553.0
2258,2026-03-04,1500780.0,54498860.0,37.75,37.75,35.1,35.1,-2.75,1284.0
2258,2026-03-05,716299.0,25695190.0,35.65,37.05,35.15,35.75,0.65,499.0
2258,2026-03-06,380563.0,13546888.0,35.5,36.3,35.2,35.8,0.05,318.0
2258,2026-03-09,1288483.0,42534778.0,32.95,33.8,32.25,33.65,-2.15,965.0
2258,2026-03-10,821205.0,27786275.0,34.5,35.0,33.05,33.75,0.1,587.0
2258,2026-03-11,300064.0,10277268.0,33.85,34.5,33.85,34.5,0.75,229.0
2258,2026-03-12,991951.0,33109390.0,33.85,34.65,32.9,33.1,-1.4,697.0
2258,2026-03-13,1625647.0,52746502.0,32.65,32.85,32.2,32.25,-0.85,874.0
2258,2026-03-16,868149.0,27714017.0,32.25,32.6,31.7,31.9,-0.35,562.0
2258,2026-03-17,656088.0,21022960.0,32.15,32.4,31.8,32.05,0.15,410.0
2258,2026-03-18,692508.0,22284873.0,32.65,32.8,31.9,31.95,-0.1,402.0
2258,2026-03-19,1633545.0,50610883.0,31.55,31.95,30.7,30.7,-1.25,993.0
2258,2026-03-20,875867.0,26973600.0,30.45,31.35,30.25,30.9,0.2,514.0
2258,2026-03-23,688641.0,20801932.0,30.0,30.5,30.0,30.2,-0.7,598.0
2258,2026-03-24,992355.0,30041523.0,30.9,31.1,29.8,30.1,-0.1,622.0
2258,2026-03-25,952042.0,28837597.0,31.0,31.15,29.9,30.5,0.4,613.0
2258,2026-03-26,826735.0,25193967.0,30.65,31.25,30.0,30.0,-0.5,631.0
2258,2026-03-27,1435410.0,41653813.0,29.8,29.8,28.65,29.0,-1.0,1033.0
2258,2026-03-30,1578291.0,43611801.0,28.0,28.3,27.2,27.25,-1.75,1317.0
2258,2026-03-31,1315065.0,35095225.0,26.95,27.25,26.0,26.6,-0.65,789.0
2258,2026-04-01,768753.0,20886444.0,27.0,27.5,26.8,27.3,0.7,468.0
2258,2026-04-02,636142.0,17452184.0,27.3,27.9,27.1,27.3,0.0,408.0
2258,2026-04-07,864690.0,23460477.0,27.5,27.8,26.75,26.75,-0.55,445.0
2258,2026-04-08,898915.0,24769400.0,27.0,28.05,27.0,27.55,0.8,615.0
2258,2026-04-09,545068.0,14723282.0,27.6,27.6,26.7,27.0,-0.55,361.0
2258,2026-04-10,824593.0,22934791.0,27.05,28.5,27.05,27.75,0.75,493.0
2258,2026-04-13,506896.0,13820380.0,27.5,27.55,27.0,27.45,-0.3,318.0
2258,2026-04-14,925866.0,25960826.0,28.0,28.2,27.6,28.05,0.6,491.0
2258,2026-04-15,1134425.0,32072781.0,28.15,28.95,27.9,28.05,0.0,603.0
2258,2026-04-16,1441794.0,41438104.0,28.45,29.7,28.05,28.25,0.2,908.0
2258,2026-04-17,769671.0,21813880.0,28.85,28.85,27.95,28.3,0.05,561.0
2258,2026-04-20,692466.0,19685162.0,28.55,28.85,28.15,28.4,0.1,421.0
2258,2026-04-21,1202104.0,34913093.0,28.7,29.35,28.65,29.25,0.85,647.0
2258,2026-04-22,960425.0,28577715.0,29.7,30.0,29.1,29.7,0.45,593.0
2258,2026-04-23,1330077.0,39269876.0,30.45,30.8,28.65,29.0,-0.7,810.0
2258,2026-04-24,596174.0,17491993.0,29.35,29.6,29.05,29.4,0.4,352.0
2258,2026-04-27,738455.0,21181863.0,29.3,29.3,28.45,28.6,-0.8,490.0
2258,2026-04-28,312638.0,8910970.0,28.95,28.95,28.2,28.45,-0.15,280.0
2258,2026-04-29,503468.0,14323030.0,28.8,29.1,28.15,28.5,0.05,315.0
2258,2026-04-30,466884.0,13278308.0,28.65,28.9,28.05,28.45,-0.05,344.0
2258,2026-05-04,406055.0,11532585.0,29.0,29.0,28.15,28.35,-0.1,295.0
2258,2026-05-05,625210.0,17511809.0,28.35,28.35,27.85,28.0,-0.35,399.0
2258,2026-05-06,842153.0,23606291.0,28.6,28.6,27.3,28.35,0.35,466.0
2258,2026-05-07,758894.0,21459622.0,28.4,28.5,28.0,28.3,-0.05,356.0
2258,2026-05-08,1295807.0,37580478.0,28.95,29.8,28.6,28.7,0.4,756.0
2258,2026-05-11,1254225.0,35445129.0,28.55,28.7,28.0,28.1,-0.6,630.0
2258,2026-05-12,850939.0,24270553.0,28.05,28.9,28.0,28.6,0.5,436.0
2258,2026-05-13,629532.0,18152074.0,28.6,29.35,28.2,29.05,0.45,379.0
2258,2026-05-14,739585.0,20993043.0,28.85,29.05,28.15,28.2,-0.85,567.0
2258,2026-05-15,812363.0,22651331.0,28.7,28.7,27.35,27.4,-0.8,528.0
2258,2026-05-18,1839852.0,48699150.0,27.1,27.2,25.8,26.15,-1.25,1023.0
2258,2026-05-19,553310.0,14637584.0,26.15,27.1,26.15,26.9,0.75,348.0
2258,2026-05-20,566865.0,15023693.0,27.0,27.0,26.25,26.75,-0.15,400.0
2258,2026-05-21,1028824.0,28800056.0,28.0,28.3,27.55,28.0,1.25,551.0
2258,2026-05-22,2178880.0,64180956.0,28.05,30.5,28.05,30.4,2.4,1207.0
2258,2026-05-25,1453505.0,43855095.0,30.8,31.45,29.4,29.95,-0.45,974.0
2258,2026-05-26,975271.0,28753073.0,29.85,30.15,29.0,29.05,-0.9,491.0
2258,2026-05-27,863820.0,24769531.0,29.05,29.2,28.4,28.65,-0.4,425.0
2258,2026-05-28,984712.0,28958365.0,29.15,29.9,28.8,29.2,0.55,626.0
2258,2026-05-29,1151321.0,34526997.0,29.55,30.3,29.35,30.15,0.95,709.0
2258,2026-06-01,2239783.0,71019654.0,30.4,33.05,30.3,32.95,2.8,1614.0
2258,2026-06-02,1779605.0,57641423.0,33.0,33.0,31.75,32.85,-0.1,991.0
2258,2026-06-03,1572038.0,51669126.0,32.55,34.0,32.05,32.05,-0.8,1040.0
2258,2026-06-04,1365566.0,44825129.0,32.3,33.9,32.0,32.2,0.15,758.0
2258,2026-06-05,828983.0,26197462.0,32.3,32.3,31.25,31.3,-0.9,503.0
2258,2026-06-08,919500.0,27942356.0,29.9,31.3,29.5,30.3,-1.0,485.0
2258,2026-06-09,870959.0,26433113.0,30.2,30.7,30.0,30.45,0.15,501.0
2258,2026-06-10,777486.0,23551038.0,30.2,30.75,30.05,30.05,-0.4,415.0
2258,2026-06-11,759179.0,23144598.0,30.25,31.5,29.75,31.05,1.0,418.0
2258,2026-06-12,518988.0,15962387.0,31.6,31.6,30.55,30.65,-0.4,319.0
2258,2026-06-15,697922.0,21937835.0,31.1,31.95,30.9,31.95,1.3,450.0
2258,2026-06-16,1672353.0,53438798.0,32.0,32.55,31.45,31.7,-0.25,487.0
2258,2026-06-17,982686.0,31511375.0,31.55,32.8,31.25,31.85,0.15,529.0
2258,2026-06-18,985649.0,32083346.0,32.15,33.3,32.05,33.0,1.15,612.0
2258,2026-06-22,1271488.0,43133279.0,33.3,34.45,33.3,34.2,1.2,689.0
2258,2026-06-23,733900.0,24886447.0,34.2,34.35,33.3,34.0,-0.2,461.0
2258,2026-06-24,946286.0,32546816.0,33.7,35.0,33.6,34.7,0.7,747.0
2258,2026-06-25,996911.0,34045763.0,34.7,34.95,33.3,33.3,-1.4,671.0
2258,2026-06-26,1024413.0,33031221.0,32.95,32.95,31.55,31.55,-1.75,712.0
2258,2026-06-29,548423.0,17475712.0,32.7,32.95,31.5,31.8,0.25,346.0
2258,2026-06-30,489517.0,15707144.0,32.0,32.95,31.5,32.95,1.15,295.0
2258,2026-07-01,527799.0,17513709.0,32.95,33.55,32.4,33.15,0.2,376.0
2258,2026-07-02,591500.0,19369147.0,33.15,33.5,32.45,32.6,-0.55,275.0
2258,2026-07-03,554563.0,18137702.0,31.7,33.15,31.7,32.9,0.3,264.0
2258,2026-07-06,534461.0,17409951.0,32.9,33.1,32.2,32.25,-0.65,330.0
2258,2026-07-07,505161.0,16365139.0,32.25,32.8,32.0,32.35,0.1,288.0
2258,2026-07-08,283872.0,9101798.0,32.3,32.3,31.7,32.25,-0.1,233.0
2258,2026-07-09,334640.0,10668711.0,32.2,32.2,31.75,31.8,-0.45,209.0
2258,2026-07-13,728314.0,22758703.0,31.6,31.8,30.75,31.5,-0.3,430.0
2258,2026-07-14,1061461.0,33919190.0,32.2,32.75,31.4,32.1,0.6,523.0
2258,2026-07-15,601099.0,19275880.0,32.6,32.6,31.6,32.6,0.5,411.0
2258,2026-07-16,278051.0,8988138.0,32.85,32.85,31.75,32.5,-0.1,183.0
2258,2026-07-17,582854.0,18712279.0,32.5,32.55,31.75,32.1,-0.4,393.0
2258,2026-07-20,589032.0,19238265.0,32.95,32.95,32.15,32.45,0.35,411.0
2258,2026-07-21,220048.0,7134682.0,32.5,32.6,32.2,32.45,0.0,164.0
2258,2026-07-22,480018.0,15410443.0,32.15,32.5,31.8,31.8,-0.65,395.0
2258,2026-07-23,248552.0,7900134.0,31.9,32.1,31.65,31.7,-0.1,155.0
2258,2026-07-24,416583.0,13035127.0,31.4,32.05,30.9,32.05,0.35,350.0
2258,2026-07-27,324596.0,10405711.0,32.25,32.25,31.55,32.0,-0.05,254.0
2258,2026-07-28,550018.0,17368148.0,32.3,32.3,31.1,31.45,-0.55,320.0
2258,2026-07-29,1277735.0,40760341.0,31.95,32.25,31.4,32.25,0.8,783.0
2258,2026-07-30,448768.0,14319591.0,32.5,32.55,31.35,31.35,-0.9,446.0
2258,2026-07-31,380360.0,12129717.0,31.8,32.4,31.7,32.0,0.65,180.0
2258,2026-08-03,410281.0,12876859.0,31.75,31.75,31.25,31.4,-0.6,295.0
2258,2026-08-04,1264325.0,37975577.0,30.3,30.55,29.35,30.0,-1.4,739.0
2258,2026-08-05,595955.0,17858427.0,30.5,31.0,29.5,30.0,0.0,313.0
2258,2026-08-06,490668.0,14688403.0,29.8,30.3,29.7,29.95,-0.05,339.0
2258,2026-08-07,396600.0,11824167.0,29.85,30.1,29.65,29.85,-0.1,255.0
2258,2026-08-10,333827.0,10011181.0,29.85,30.45,29.55,30.2,0.35,211.0
2258,2026-08-11,545961.0,16811303.0,30.2,31.15,30.2,31.15,0.95,330.0
2258,2026-08-12,734958.0,23529489.0,31.15,32.4,31.15,31.95,0.8,595.0
2258,2026-08-13,399525.0,12672111.0,31.9,32.0,31.4,31.95,0.0,312.0
2258,2026-08-14,229569.0,7265112.0,32.0,32.0,31.5,31.5,-0.45,359.0
2258,2026-08-17,208608.0,6603372.0,31.1,31.95,31.1,31.6,0.1,239.0
2258,2026-08-18,253308.0,7912075.0,31.15,31.5,31.1,31.15,-0.45,237.0
2258,2026-08-19,369081.0,11543852.0,31.25,31.6,30.95,31.05,-0.1,295.0
2258,2026-08-20,610830.0,19512862.0,31.25,32.2,31.25,32.15,1.1,402.0
2258,2026-08-21,216696.0,6925186.0,32.1,32.35,31.6,32.0,-0.15,176.0
2258,2026-08-24,328722.0,10354601.0,31.95,32.05,31.2,31.45,-0.55,335.0
2258,2026-08-25,242430.0,7545062.0,31.45,31.5,30.95,31.0,-0.45,149.0
2258,2026-08-26,306931.0,9608821.0,31.0,31.7,31.0,31.55,0.55,234.0
2258,2026-08-27,238568.0,7540671.0,31.2,31.85,31.15,31.6,0.05,166.0
2258,2026-08-28,226520.0,7139923.0,31.55,31.9,31.25,31.3,-0.3,165.0
2258,2026-08-31,369504.0,11518813.0,31.4,31.4,31.0,31.1,-0.2,257.0
2258,2026-09-01,294999.0,9239509.0,30.95,31.55,30.95,31.5,0.4,184.0
2258,2026-09-02,384646.0,11906522.0,31.15,31.25,30.7,31.0,-0.5,306.0
2258,2026-09-03,536087.0,16510399.0,30.9,31.5,30.1,30.1,-0.9,386.0
2258,2026-09-04,657298.0,19835911.0,30.5,30.9,30.0,30.3,0.2,405.0
2258,2026-09-07,764327.0,24126853.0,31.95,31.95,31.0,31.5,1.2,466.0
2258,2026-09-08,471753.0,14981759.0,31.6,32.05,31.4,31.85,0.35,383.0
2258,2026-09-09,288061.0,9079695.0,31.5,31.85,31.3,31.8,-0.05,262.0
2258,2026-09-10,255993.0,8003844.0,31.35,31.5,31.1,31.1,-0.7,162.0
2258,2026-09-11,439498.0,13347971.0,30.5,30.9,30.1,30.55,-0.55,351.0
2258,2026-09-14,299052.0,8994059.0,29.95,30.5,29.85,30.1,-0.45,235.0
2258,2026-09-15,286831.0,8605811.0,29.9,30.25,29.8,30.05,-0.05,160.0
2432,2024-01-02,21000.0,841750.0,40.2,40.3,39.65,40.2,0.0,19.0
2432,2024-01-03,20000.0,795650.0,39.85,40.5,39.5,40.5,0.3,18.0
2432,2024-01-04,24000.0,964300.0,40.2,40.75,39.6,40.75,0.25,19.0
2432,2024-01-05,21000.0,853450.0,40.5,40.9,40.1,40.75,0.0,13.0
2432,2024-01-08,11000.0,444000.0,41.0,41.0,40.0,40.0,-0.75,11.0
2432,2024-01-09,20000.0,791600.0,40.0,40.0,39.2,39.3,-0.7,19.0
2432,2024-01-10,17000.0,673100.0,39.65,39.65,39.5,39.6,0.3,11.0
2432,2024-01-11,36010.0,1418790.0,39.9,39.9,39.1,39.65,0.05,28.0
2432,2024-01-12,32000.0,1258700.0,39.0,40.0,39.0,40.0,0.35,26.0
2432,2024-01-15,6000.0,238600.0,39.5,40.0,39.5,40.0,0.0,6.0
2432,2024-01-16,21000.0,821100.0,39.25,39.5,38.9,38.95,-1.05,18.0
2432,2024-01-17,8000.0,313550.0,39.25,39.4,38.85,39.4,0.45,8.0
2432,2024-01-18,17000.0,657600.0,38.6,39.4,38.3,39.4,0.0,14.0
2432,2024-01-19,30100.0,1166230.0,38.65,39.4,38.4,39.4,0.0,26.0
2432,2024-01-22,11942.0,467388.0,39.5,39.5,38.9,38.9,-0.5,13.0
2432,2024-01-23,12000.0,464700.0,39.0,39.0,38.6,39.0,0.1,11.0
2432,2024-01-24,25001.0,965039.0,38.75,39.3,38.1,39.3,0.3,21.0
2432,2024-01-25,54015.0,2107927.0,38.8,39.7,38.5,39.7,0.4,42.0
2432,2024-01-26,34145.0,1325260.0,38.8,39.7,38.6,38.6,-1.1,22.0
2432,2024-01-29,51000.0,2009850.0,38.2,40.05,38.2,40.05,1.45,37.0
2432,2024-01-30,47057.0,1842080.0,39.3,40.05,38.8,40.0,-0.05,35.0
2432,2024-01-31,25050.0,980200.0,39.1,40.0,38.8,40.0,0.0,26.0
2432,2024-02-01,32000.0,1259000.0,39.05,40.0,38.85,40.0,0.0,21.0
2432,2024-02-02,26000.0,1027950.0,39.85,40.0,39.0,40.0,0.0,20.0
2432,2024-02-05,32000.0,1257950.0,39.05,40.0,38.9,40.0,0.0,28.0
2432,2024-02-15,26000.0,1020550.0,39.1,39.75,38.95,39.75,-0.25,20.0
2432,2024-02-16,46000.0,1807500.0,39.1,39.95,39.0,39.95,0.2,41.0
2432,2024-02-19,68030.0,2676120.0,39.9,40.0,39.0,39.2,-0.75,54.0
2432,2024-02-20,105000.0,4174900.0,39.1,41.0,39.0,41.0,1.8,65.0
2432,2024-02-21,48000.0,1929500.0,39.9,40.85,39.6,40.85,-0.15,37.0
2432,2024-02-22,124000.0,5026050.0,40.35,41.0,40.0,40.5,-0.35,75.0
2432,2024-02-23,29000.0,1173000.0,40.35,40.65,40.3,40.65,0.15,20.0
2432,2024-02-26,93000.0,3772300.0,40.3,41.9,40.15,40.7,0.05,64.0
2432,2024-02-27,48000.0,1935800.0,40.35,40.7,40.15,40.2,-0.5,29.0
2432,2024-02-29,59000.0,2385450.0,40.5,40.85,40.0,40.85,0.65,44.0
2432,2024-03-01,59000.0,2388200.0,40.2,40.85,40.1,40.85,0.0,46.0
2432,2024-03-04,48000.0,1927850.0,40.8,40.8,39.9,39.9,-0.95,41.0
2432,2024-03-05,25000.0,997500.0,39.9,39.9,39.9,39.9,0.0,5.0
2432,2024-03-06,36000.0,1407850.0,39.5,39.5,38.85,38.85,-1.05,30.0
2432,2024-03-07,33000.0,1289550.0,38.9,39.55,38.8,39.55,0.7,29.0
2432,2024-03-08,10000.0,389950.0,39.4,39.4,38.8,38.8,-0.75,9.0
2432,2024-03-11,11000.0,425150.0,39.1,39.1,38.3,38.3,-0.5,9.0
2432,2024-03-12,41000.0,1562950.0,38.0,38.65,37.6,38.4,0.1,32.0
2432,2024-03-13,10130.0,386990.0,38.1,38.65,38.1,38.65,0.25,12.0
2432,2024-03-14,7170.0,277170.0,38.65,38.7,38.65,38.65,0.0,8.0
2432,2024-03-15,28000.0,1058300.0,38.15,38.25,37.5,38.0,-0.65,16.0
2432,2024-03-18,25021.0,1012129.0,40.9,40.9,39.5,39.85,1.85,16.0
2432,2024-03-19,6000.0,234750.0,39.1,39.2,39.1,39.1,-0.75,6.0
2432,2024-03-20,4000.0,156450.0,39.05,39.3,38.8,39.3,0.2,4.0
2432,2024-03-21,11000.0,431900.0,39.15,39.5,38.95,38.95,-0.35,11.0
2432,2024-03-22,11000.0,421500.0,38.1,38.95,38.1,38.4,-0.55,9.0
2432,2024-03-25,11000.0,422750.0,38.4,39.0,38.25,38.95,0.55,10.0
2432,2024-03-26,11000.0,423800.0,38.9,38.9,38.3,38.35,-0.6,9.0
2432,2024-03-27,4052.0,155359.0,38.05,38.65,38.05,38.65,0.3,5.0
2432,2024-03-28,14000.0,543750.0,38.05,39.0,38.05,39.0,0.35,14.0
2432,2024-03-29,25000.0,964100.0,38.5,39.15,38.3,39.15,0.15,20.0
2432,2024-04-01,9000.0,351350.0,39.35,39.45,38.5,38.5,-0.65,9.0
2432,2024-04-02,12000.0,467800.0,38.85,39.15,38.85,39.15,0.65,10.0
2432,2024-04-03,15350.0,590350.0,39.2,39.2,38.0,38.25,-0.9,13.0
2432,2024-04-08,6000.0,231300.0,38.6,38.6,38.3,38.3,0.05,4.0
2432,2024-04-09,36948.0,1471155.0,38.65,40.15,38.65,40.0,1.7,30.0
2432,2024-04-10,14000.0,550450.0,39.85,39.85,39.0,39.65,-0.35,13.0
2432,2024-04-11,3000.0,119200.0,39.7,39.75,39.7,39.75,0.1,3.0
2432,2024-04-12,10000.0,399450.0,39.05,40.35,39.0,40.35,0.6,8.0
2432,2024-04-15,6000.0,235300.0,39.2,39.6,39.05,39.6,-0.75,5.0
2432,2024-04-16,15000.0,587950.0,39.6,39.8,38.5,39.3,-0.3,12.0
2432,2024-04-17,2000.0,78900.0,39.45,39.45,39.45,39.45,0.15,2.0
2432,2024-04-18,13050.0,517902.0,38.95,40.2,38.95,40.05,0.6,14.0
2432,2024-04-19,24000.0,950500.0,39.85,40.15,39.15,40.0,-0.05,22.0
2432,2024-04-22,3000.0,119700.0,40.1,40.1,39.55,40.05,0.05,3.0
2432,2024-04-23,13000.0,512450.0,39.25,40.2,39.2,39.9,-0.15,12.0
2432,2024-04-24,11000.0,438500.0,39.2,40.1,39.2,39.45,-0.45,11.0
2432,2024-04-25,3000.0,119000.0,39.6,39.7,39.6,39.7,0.25,3.0
2432,2024-04-26,9000.0,355800.0,39.95,39.95,39.35,39.75,0.05,7.0
2432,2024-04-29,5000.0,199400.0,39.45,40.0,39.45,40.0,0.25,5.0
2432,2024-04-30,13000.0,521200.0,40.0,40.2,40.0,40.0,0.0,10.0
2432,2024-05-02,39250.0,1590774.0,40.4,40.7,40.4,40.55,0.55,30.0
2432,2024-05-03,24263.0,993575.0,40.9,41.4,40.55,41.0,0.45,21.0
2432,2024-05-06,37099.0,1529279.0,40.5,41.9,40.5,41.9,0.9,34.0
2432,2024-05-07,44500.0,1896150.0,44.0,44.0,41.15,42.4,0.5,36.0
2432,2024-05-08,45022.0,1833445.0,41.9,41.9,39.95,40.7,-1.7,33.0
2432,2024-05-09,70000.0,2778900.0,39.4,40.75,39.05,39.7,-1.0,46.0
2432,2024-05-10,9000.0,356850.0,39.5,39.8,39.5,39.55,-0.15,9.0
2432,2024-05-13,12028.0,472092.0,39.25,39.85,39.05,39.2,-0.35,9.0
2432,2024-05-14,64000.0,2455900.0,39.2,39.7,38.0,38.85,-0.35,47.0
2432,2024-05-15,87060.0,3319533.0,38.15,38.7,37.9,37.9,-0.95,54.0
2432,2024-05-16,17000.0,651650.0,38.25,39.7,38.05,39.7,1.8,14.0
2432,2024-05-17,17177.0,665464.0,39.0,39.0,38.55,38.7,-1.0,8.0
2432,2024-05-20,10000.0,389500.0,39.05,39.95,38.7,38.75,0.05,5.0
2432,2024-05-21,5000.0,191000.0,38.2,38.2,38.2,38.2,-0.55,1.0
2432,2024-05-22,29000.0,1150500.0,39.3,40.05,39.3,39.5,1.3,12.0
2432,2024-05-23,17000.0,657750.0,39.5,39.6,38.45,38.45,-1.05,12.0
2432,2024-05-24,14000.0,533400.0,38.45,38.45,38.0,38.1,-0.35,12.0
2432,2024-05-27,9300.0,359980.0,38.45,39.2,38.45,39.2,1.1,13.0
2432,2024-05-28,33000.0,1315750.0,39.2,40.5,39.2,40.05,0.85,16.0
2432,2024-05-29,5000.0,200250.0,40.05,40.05,40.05,40.05,0.0,3.0
2432,2024-05-30,21000.0,826200.0,40.05,40.4,39.05,39.9,-0.15,7.0
2432,2024-05-31,54500.0,2091098.0,39.0,39.0,38.0,38.8,-1.1,57.0
2432,2024-06-03,25250.0,974750.0,38.5,39.0,38.3,39.0,0.2,16.0
2432,2024-06-04,10000.0,388650.0,38.8,39.0,38.75,39.0,0.0,9.0
2432,2024-06-05,2000.0,77800.0,38.9,38.9,38.9,38.9,-0.1,1.0
2432,2024-06-06,13000.0,506650.0,38.9,39.25,38.6,38.65,-0.25,10.0
2432,2024-06-07,7000.0,272400.0,39.0,39.0,38.7,38.7,0.05,7.0
2432,2024-06-11,17300.0,667850.0,38.7,39.0,38.5,38.5,-0.2,20.0
2432,2024-06-12,6300.0,242380.0,38.5,38.6,38.45,38.45,-0.05,12.0
2432,2024-06-13,21715.0,835320.0,38.45,38.7,38.2,38.7,0.25,25.0
2432,2024-06-14,21000.0,818500.0,39.0,39.05,38.9,39.05,0.35,9.0
2432,2024-06-17,50200.0,1952250.0,39.05,39.35,38.8,39.35,0.3,16.0
2432,2024-06-18,28250.0,1075425.0,38.05,38.35,37.95,38.35,0.0,22.0
2432,2024-06-19,20000.0,767500.0,38.35,38.5,38.2,38.2,-0.15,16.0
2432,2024-06-20,19010.0,728184.0,38.3,38.35,38.2,38.35,0.15,11.0
2432,2024-06-21,8000.0,305200.0,38.1,38.5,38.0,38.5,0.15,7.0
2432,2024-06-24,14000.0,533850.0,38.1,38.45,38.05,38.45,-0.05,6.0
2432,2024-06-25,12000.0,461600.0,38.5,38.5,38.4,38.5,0.05,12.0
2432,2024-06-26,4000.0,152950.0,38.3,38.3,38.2,38.2,-0.3,4.0
2432,2024-06-27,12750.0,484625.0,38.0,38.15,37.9,38.15,-0.05,7.0
2432,2024-06-28,47250.0,1805000.0,38.2,38.8,38.0,38.8,0.65,32.0
2432,2024-07-01,8000.0,308450.0,38.5,38.7,38.5,38.6,-0.2,4.0
2432,2024-07-02,10703.0,410171.0,38.5,38.5,38.25,38.5,-0.1,12.0
2432,2024-07-03,15015.0,572874.0,38.1,38.45,38.1,38.15,-0.35,10.0
2432,2024-07-04,13019.0,496825.0,38.1,38.4,38.05,38.05,-0.1,10.0
2432,2024-07-05,2000.0,76550.0,38.3,38.3,38.25,38.25,0.2,2.0
2432,2024-07-08,15019.0,573323.0,38.25,38.25,38.1,38.1,-0.15,10.0
2432,2024-07-09,57015.0,2120558.0,37.3,37.35,37.1,37.1,-1.0,34.0
2432,2024-07-10,25000.0,941650.0,37.45,37.95,37.2,37.95,0.85,13.0
2432,2024-07-11,26020.0,969045.0,37.9,37.9,37.05,37.25,-0.7,17.0
2432,2024-07-12,14000.0,523450.0,37.2,37.5,37.2,37.5,0.25,9.0
2432,2024-07-15,39000.0,1446100.0,37.1,37.4,36.95,37.4,-0.1,18.0
2432,2024-07-16,8000.0,298300.0,37.35,37.35,37.2,37.2,-0.2,6.0
2432,2024-07-17,2000.0,74900.0,37.45,37.45,37.45,37.45,0.25,2.0
2432,2024-07-18,12019.0,447407.0,37.65,37.65,37.05,37.1,-0.35,11.0
2432,2024-07-19,19000.0,700950.0,36.55,36.95,36.55,36.9,-0.2,11.0
2432,2024-07-22,9000.0,323500.0,36.05,36.2,35.6,36.2,-0.7,9.0
2432,2024-07-23,14000.0,515000.0,36.3,37.5,36.1,37.0,0.8,8.0
2432,2024-07-26,18000.0,665350.0,37.0,37.1,36.9,37.1,0.1,10.0
2432,2024-07-29,1000.0,37100.0,37.1,37.1,37.1,37.1,0.0,1.0
2432,2024-07-30,21000.0,756850.0,36.15,36.2,36.0,36.1,-1.0,5.0
2432,2024-07-31,30000.0,1099100.0,36.0,37.1,36.0,36.9,0.8,11.0
2432,2024-08-01,9000.0,335650.0,37.25,37.35,37.25,37.25,0.35,8.0
2432,2024-08-02,8000.0,295700.0,36.45,37.1,36.45,37.0,-0.25,8.0
2432,2024-08-05,70211.0,2466413.0,34.5,36.4,34.5,34.75,-2.25,44.0
2432,2024-08-06,21000.0,722650.0,34.15,34.8,34.15,34.7,-0.05,12.0
2432,2024-08-07,28000.0,1001650.0,34.15,36.65,34.15,36.65,1.95,16.0
2432,2024-08-08,16000.0,574150.0,36.5,36.9,35.5,35.5,-1.15,11.0
2432,2024-08-09,9000.0,322450.0,35.2,36.3,35.2,35.85,0.35,9.0
2432,2024-08-12,4000.0,144800.0,36.2,36.2,36.2,36.2,0.35,3.0
2432,2024-08-13,1250.0,45560.0,36.55,36.55,36.55,36.55,0.35,6.0
2432,2024-08-14,6000.0,218250.0,36.55,36.55,35.85,35.85,-0.7,3.0
2432,2024-08-15,6000.0,213050.0,35.5,35.55,35.5,35.5,-0.35,5.0
2432,2024-08-16,14100.0,508650.0,35.85,36.65,35.55,36.65,1.15,10.0
2432,2024-08-19,1000.0,36650.0,36.65,36.65,36.65,36.65,0.0,1.0
2432,2024-08-20,43000.0,1543450.0,35.8,36.3,35.7,36.3,-0.35,16.0
2432,2024-08-21,9230.0,333488.0,36.2,36.2,36.0,36.2,-0.1,14.0
2432,2024-08-22,0.0,0.0,,,,,0.0,0.0
2432,2024-08-23,31000.0,1119300.0,36.0,36.45,35.4,36.45,0.0,18.0
2432,2024-08-26,8250.0,295050.0,35.75,35.8,35.7,35.8,-0.65,11.0
2432,2024-08-27,4000.0,143800.0,35.95,36.0,35.9,35.9,0.1,4.0
2432,2024-08-28,19067.0,673567.0,35.3,35.6,35.3,35.6,-0.3,13.0
2432,2024-08-29,1000.0,35150.0,35.15,35.15,35.15,35.15,-0.45,1.0
2432,2024-08-30,10000.0,357400.0,35.5,36.35,35.35,36.35,1.2,8.0
2432,2024-09-02,26000.0,927300.0,36.6,36.6,35.5,36.0,-0.35,9.0
2432,2024-09-03,37000.0,1305800.0,35.35,35.65,35.2,35.65,-0.35,13.0
2432,2024-09-04,29000.0,1004100.0,34.45,35.0,34.4,34.5,-1.15,27.0
2432,2024-09-05,7000.0,242800.0,34.5,34.95,34.5,34.95,0.45,5.0
2432,2024-09-06,3000.0,104750.0,34.95,34.95,34.9,34.9,-0.05,3.0
2432,2024-09-09,5000.0,172150.0,34.35,34.45,34.35,34.45,-0.45,5.0
2432,2024-09-10,6000.0,206400.0,34.4,34.4,34.4,34.4,-0.05,5.0
2432,2024-09-11,1000.0,34200.0,34.2,34.2,34.2,34.2,-0.2,1.0
2432,2024-09-12,4238.0,145949.0,34.45,34.45,34.45,34.45,0.25,8.0
2432,2024-09-13,6000.0,206550.0,34.45,34.45,34.3,34.3,-0.15,4.0
2432,2024-09-16,0.0,0.0,,,,,0.0,0.0
2432,2024-09-18,3000.0,103050.0,34.35,34.35,34.35,34.35,0.0,3.0
2432,2024-09-19,2000.0,68700.0,34.35,34.35,34.35,34.35,0.0,2.0
2432,2024-09-20,17000.0,586900.0,34.5,34.7,34.4,34.7,0.35,13.0
2432,2024-09-23,2000.0,69500.0,34.75,34.75,34.75,34.75,0.05,2.0
2432,2024-09-24,1019.0,35460.0,34.8,34.8,34.8,34.8,0.05,2.0
2432,2024-09-25,4219.0,147221.0,34.8,35.0,34.8,35.0,0.2,9.0
2432,2024-09-26,8000.0,279950.0,35.0,35.0,34.95,35.0,0.0,8.0
2432,2024-09-27,1000.0,34750.0,34.75,34.75,34.75,34.75,-0.25,1.0
2432,2024-09-30,3000.0,104300.0,34.75,34.8,34.75,34.75,0.0,3.0
2432,2024-10-01,0.0,0.0,,,,,0.0,0.0
2432,2024-10-04,3000.0,102850.0,34.2,34.5,34.15,34.5,0.0,3.0
2432,2024-10-07,20000.0,705200.0,34.8,35.8,34.8,35.55,1.05,19.0
2432,2024-10-08,9019.0,322226.0,35.5,36.15,35.5,35.7,0.15,10.0
2432,2024-10-09,8103.0,291677.0,35.85,36.05,35.85,36.0,0.3,9.0
2432,2024-10-11,4057.0,144032.0,35.5,35.5,35.5,35.5,-0.5,5.0
2432,2024-10-14,18000.0,635800.0,35.0,35.5,35.0,35.4,-0.1,15.0
2432,2024-10-15,18000.0,633050.0,35.3,35.4,35.1,35.15,-0.25,14.0
2432,2024-10-16,23000.0,807300.0,35.1,35.1,35.1,35.1,-0.05,9.0
2432,2024-10-17,6000.0,210600.0,35.1,35.1,35.1,35.1,0.0,5.0
2432,2024-10-18,7015.0,247131.0,35.0,35.45,35.0,35.4,0.3,8.0
2432,2024-10-21,17000.0,596450.0,35.0,35.75,34.9,35.75,0.35,11.0
2432,2024-10-22,16000.0,559550.0,34.65,35.0,34.65,35.0,-0.75,9.0
2432,2024-10-23,2000.0,70350.0,35.0,35.35,35.0,35.35,0.35,2.0
2432,2024-10-24,1000.0,34800.0,34.8,34.8,34.8,34.8,-0.55,1.0
2432,2024-10-25,6239.0,217717.0,34.8,35.0,34.8,35.0,0.2,11.0
2432,2024-10-28,11000.0,378750.0,34.6,34.9,34.0,34.9,-0.1,11.0
2432,2024-10-29,10007.0,349143.0,34.9,35.0,34.7,34.8,-0.1,10.0
2432,2024-10-30,3060.0,105876.0,34.6,34.6,34.6,34.6,-0.2,4.0
2432,2024-11-01,8000.0,277350.0,34.3,34.9,34.25,34.9,0.3,6.0
2432,2024-11-04,9000.0,313200.0,34.6,35.0,34.6,34.8,-0.1,8.0
2432,2024-11-05,9010.0,312448.0,34.2,34.75,34.2,34.75,-0.05,10.0
2432,2024-11-06,3004.0,104438.0,34.7,34.8,34.7,34.8,0.05,5.0
2432,2024-11-07,5129.0,179265.0,34.65,35.1,34.65,35.1,0.3,6.0
2432,2024-11-08,9011.0,314882.0,35.2,35.2,34.6,34.6,-0.5,10.0
2432,2024-11-11,12000.0,412950.0,34.2,34.6,34.1,34.5,-0.1,10.0
2432,2024-11-12,7000.0,239650.0,34.5,34.5,34.05,34.2,-0.3,6.0
2432,2024-11-13,5012.0,169256.0,33.75,33.8,33.75,33.75,-0.45,6.0
2432,2024-11-14,19015.0,633795.0,33.6,33.8,33.1,33.15,-0.6,19.0
2432,2024-11-15,9000.0,299850.0,33.2,33.45,33.2,33.3,0.15,7.0
2432,2024-11-18,8000.0,268500.0,33.5,33.7,33.4,33.6,0.3,6.0
2432,2024-11-19,11000.0,370500.0,33.9,34.2,33.4,33.4,-0.2,7.0
2432,2024-11-20,10000.0,335500.0,33.75,33.95,33.3,33.95,0.55,5.0
2432,2024-11-21,0.0,0.0,,,,,0.0,0.0
2432,2024-11-22,42015.0,1396401.0,33.6,33.8,33.1,33.3,0.0,25.0
2432,2024-11-25,23000.0,767000.0,33.3,33.7,33.15,33.6,0.3,16.0
2432,2024-11-26,15000.0,499050.0,33.25,33.5,33.15,33.5,-0.1,8.0
2432,2024-11-27,5016.0,167134.0,33.4,33.4,33.3,33.3,-0.2,4.0
2432,2024-11-28,5000.0,167200.0,33.4,33.5,33.4,33.5,0.2,2.0
2432,2024-11-29,39160.0,1313194.0,33.5,33.6,33.5,33.55,0.05,14.0
2432,2024-12-02,50500.0,1673498.0,33.2,33.45,32.9,33.0,-0.55,51.0
2432,2024-12-03,37250.0,1218224.0,32.9,32.9,32.55,32.7,-0.3,34.0
2432,2024-12-04,29528.0,960307.0,32.6,32.65,32.4,32.6,-0.1,25.0
2432,2024-12-05,14389.0,468502.0,32.55,32.6,32.55,32.55,-0.05,22.0
2432,2024-12-06,29015.0,937486.0,32.6,32.6,32.1,32.4,-0.15,25.0
2432,2024-12-09,42089.0,1368783.0,32.4,33.0,32.25,32.5,0.1,30.0
2432,2024-12-10,17454.0,566622.0,32.6,32.65,32.4,32.4,-0.1,22.0
2432,2024-12-11,21003.0,678396.0,32.4,32.4,32.25,32.25,-0.15,12.0
2432,2024-12-12,32397.0,1037854.0,32.3,32.3,31.6,31.6,-0.65,29.0
2432,2024-12-13,36371.0,1137401.0,31.6,31.6,30.9,31.4,-0.2,35.0
2432,2024-12-16,54469.0,1662331.0,30.95,30.95,30.3,30.35,-1.05,44.0
2432,2024-12-17,15405.0,468837.0,30.5,30.85,30.4,30.85,0.5,17.0
2432,2024-12-18,7454.0,230501.0,30.85,31.0,30.85,31.0,0.15,17.0
2432,2024-12-19,46546.0,1407403.0,31.1,31.1,30.1,30.9,-0.1,28.0
2432,2024-12-20,21000.0,635450.0,30.9,30.9,30.1,30.1,-0.8,19.0
2432,2024-12-23,32122.0,948147.0,30.0,30.0,29.3,29.9,-0.2,23.0
2432,2024-12-24,14204.0,423738.0,29.9,29.9,29.8,29.8,-0.1,13.0
2432,2024-12-25,15000.0,443800.0,29.95,29.95,29.3,29.65,-0.15,14.0
2432,2024-12-26,26674.0,790047.0,29.5,29.9,29.45,29.6,-0.05,25.0
2432,2024-12-27,24051.0,705749.0,29.5,29.5,29.3,29.35,-0.25,17.0
2432,2024-12-30,27579.0,810785.0,30.0,30.0,29.1,29.2,-0.15,29.0
2432,2024-12-31,9017.0,262695.0,29.2,29.2,29.1,29.1,-0.1,8.0
2432,2025-01-02,13000.0,378900.0,29.1,29.2,29.1,29.2,0.1,9.0
2432,2025-01-03,52018.0,1486974.0,29.0,29.1,28.0,29.1,-0.1,31.0
2432,2025-01-06,61413.0,1851152.0,28.6,31.0,28.6,30.35,1.25,42.0
2432,2025-01-07,136091.0,4394478.0,30.35,33.3,30.35,32.95,2.6,90.0
2432,2025-01-08,49411.0,1635122.0,33.0,33.2,33.0,33.05,0.1,40.0
2432,2025-01-09,226926.0,8111238.0,33.0,36.35,33.0,36.3,3.25,131.0
2432,2025-01-10,156346.0,5414990.0,36.0,36.0,33.8,33.8,-2.5,93.0
2432,2025-01-13,72316.0,2367876.0,33.8,33.8,31.95,32.0,-1.8,49.0
2432,2025-01-14,52793.0,1699539.0,31.15,33.0,31.15,33.0,1.0,47.0
2432,2025-01-15,22166.0,711670.0,32.5,32.5,31.8,32.5,-0.5,21.0
2432,2025-01-16,42016.0,1391478.0,32.5,33.6,32.5,32.95,0.45,39.0
2432,2025-01-17,34500.0,1161200.0,32.95,34.0,32.95,33.55,0.6,32.0
2432,2025-01-20,48000.0,1675100.0,34.65,35.4,34.45,34.95,1.4,38.0
2432,2025-01-21,48400.0,1706088.0,34.0,37.5,34.0,34.95,0.0,37.0
2432,2025-01-22,48764.0,1729597.0,37.7,37.7,34.95,35.75,0.8,33.0
2432,2025-02-03,40500.0,1431511.0,33.9,35.95,33.9,35.95,0.2,37.0
2432,2025-02-04,22501.0,801088.0,34.75,36.0,34.75,35.7,-0.25,21.0
2432,2025-02-05,22000.0,793100.0,35.5,36.5,35.5,36.0,0.3,19.0
2432,2025-02-06,19501.0,707186.0,36.75,36.8,35.9,36.4,0.4,20.0
2432,2025-02-07,19000.0,694050.0,36.4,36.8,36.4,36.5,0.1,17.0
2432,2025-02-10,29346.0,1084679.0,36.6,37.7,36.6,36.95,0.45,31.0
2432,2025-02-11,41553.0,1546009.0,38.0,38.0,36.85,37.0,0.05,29.0
2432,2025-02-12,43501.0,1632838.0,37.0,38.45,37.0,37.0,0.0,33.0
2432,2025-02-13,22010.0,815723.0,37.05,37.5,36.9,37.4,0.4,17.0
2432,2025-02-14,35000.0,1294050.0,37.4,37.4,36.5,37.0,-0.4,20.0
2432,2025-02-17,7000.0,259700.0,37.3,37.3,36.8,37.05,0.05,7.0
2432,2025-02-18,35100.0,1298130.0,35.5,37.5,35.5,37.3,0.25,23.0
2432,2025-02-19,49003.0,1848815.0,37.4,38.25,37.4,37.55,0.25,33.0
2432,2025-02-20,16000.0,602750.0,37.75,37.8,37.5,37.8,0.25,14.0
2432,2025-02-21,25390.0,967003.0,37.8,38.3,37.7,38.1,0.3,25.0
2432,2025-02-24,34000.0,1280150.0,36.15,38.4,36.15,37.6,-0.5,31.0
2432,2025-02-25,38040.0,1436070.0,37.6,38.2,37.5,38.0,0.4,22.0
2432,2025-02-26,19000.0,723500.0,37.95,38.35,37.95,38.3,0.3,15.0
2432,2025-02-27,15080.0,569863.0,38.0,38.0,37.7,37.75,-0.55,14.0
2432,2025-03-03,17080.0,650343.0,38.2,38.2,37.8,38.0,0.25,16.0
2432,2025-03-04,41000.0,1534900.0,37.1,38.0,37.1,38.0,0.0,22.0
2432,2025-03-05,65006.0,2428224.0,38.0,38.0,37.05,37.15,-0.85,35.0
2432,2025-03-06,6000.0,225350.0,37.1,37.75,37.1,37.75,0.6,6.0
2432,2025-03-07,25000.0,943050.0,37.6,37.9,37.6,37.9,0.15,19.0
2432,2025-03-10,9000.0,338100.0,37.1,38.0,37.1,38.0,0.1,6.0
2432,2025-03-11,59050.0,2200862.0,37.4,37.85,36.5,37.7,-0.3,31.0
2432,2025-03-12,13301.0,500423.0,37.6,38.0,37.5,37.75,0.05,21.0
2432,2025-03-13,36316.0,1372876.0,38.5,38.5,37.7,37.7,-0.05,27.0
2432,2025-03-14,14000.0,524800.0,37.7,37.7,37.25,37.6,-0.1,14.0
2432,2025-03-17,15002.0,569426.0,38.5,38.5,37.5,38.0,0.4,13.0
2432,2025-03-18,5006.0,188226.0,37.6,37.8,37.5,37.8,-0.2,7.0
2432,2025-03-19,12010.0,451880.0,37.65,38.0,37.5,37.6,-0.2,10.0
2432,2025-03-20,18000.0,679950.0,37.6,37.95,37.6,37.95,0.35,15.0
2432,2025-03-21,15000.0,563400.0,37.65,37.65,37.5,37.5,-0.45,11.0
2432,2025-03-24,47000.0,1727100.0,37.4,37.4,36.15,36.25,-1.25,29.0
2432,2025-03-25,5313.0,194460.0,36.65,36.65,36.4,36.4,0.15,8.0
2432,2025-03-26,3033.0,110823.0,36.4,36.6,36.4,36.6,0.2,4.0
2432,2025-03-27,9022.0,320283.0,35.2,35.8,35.2,35.8,-0.8,10.0
2432,2025-03-28,45095.0,1591243.0,35.8,35.8,35.0,35.0,-0.8,28.0
2432,2025-03-31,17196.0,592870.0,34.5,34.55,34.35,34.35,-0.65,16.0
2432,2025-04-01,15000.0,515950.0,34.35,34.45,34.35,34.4,0.05,10.0
2432,2025-04-02,15181.0,519253.0,34.2,34.2,34.2,34.2,-0.2,9.0
2432,2025-04-07,25110.0,773757.0,30.8,30.8,30.8,30.8,-3.4,15.0
2432,2025-04-08,88547.0,2515303.0,28.5,28.9,27.9,28.0,-2.8,53.0
2432,2025-04-09,90100.0,2345349.0,27.8,27.8,25.2,25.4,-2.6,53.0
2432,2025-04-10,23842.0,651166.0,26.0,27.9,26.0,27.9,2.5,22.0
2432,2025-04-11,46000.0,1265750.0,26.15,28.15,26.15,27.5,-0.4,23.0
2432,2025-04-14,33415.0,907750.0,27.0,27.8,26.85,27.25,-0.25,27.0
2432,2025-04-15,40050.0,1120775.0,27.25,28.45,27.25,28.1,0.85,25.0
2432,2025-04-16,37025.0,1068280.0,30.0,30.0,28.15,28.15,0.05,30.0
2432,2025-04-17,12028.0,340076.0,28.0,28.85,28.0,28.3,0.15,15.0
2432,2025-04-18,12000.0,340100.0,28.05,28.5,28.05,28.5,0.2,8.0
2432,2025-04-21,15011.0,415860.0,28.1,28.1,27.65,27.95,-0.55,12.0
2432,2025-04-22,59599.0,1667322.0,27.0,28.6,27.0,28.5,0.55,27.0
2432,2025-04-23,59204.0,1757574.0,29.15,31.25,28.6,31.2,2.7,46.0
2432,2025-04-24,18213.0,548700.0,30.05,30.5,29.85,30.0,-1.2,11.0
2432,2025-04-25,16000.0,482700.0,30.7,30.7,29.8,29.9,-0.1,9.0
2432,2025-04-28,4250.0,128700.0,30.9,30.9,30.1,30.1,0.2,5.0
2432,2025-04-29,42000.0,1249950.0,29.35,30.25,29.35,30.25,0.15,26.0
2432,2025-04-30,32015.0,983163.0,31.6,31.6,30.25,30.35,0.1,21.0
2432,2025-05-02,15000.0,458250.0,30.35,30.65,30.35,30.65,0.3,10.0
2432,2025-05-05,18036.0,548598.0,31.1,31.1,29.9,29.9,-0.75,13.0
2432,2025-05-06,16000.0,479350.0,29.75,30.1,29.75,30.0,0.1,8.0
2432,2025-05-07,27396.0,801960.0,29.25,29.5,29.1,29.4,-0.6,27.0
2432,2025-05-08,3190.0,94460.0,29.65,29.65,29.65,29.65,0.25,7.0
2432,2025-05-09,6095.0,177200.0,28.85,29.5,28.85,29.5,-0.15,8.0
2432,2025-05-12,9094.0,266044.0,29.25,29.85,28.95,29.8,0.3,10.0
2432,2025-05-13,6001.0,178380.0,30.0,30.0,29.6,29.6,-0.2,6.0
2432,2025-05-14,10155.0,305023.0,30.0,30.0,30.0,30.0,0.4,78.0
2432,2025-05-15,4034.0,123241.0,30.7,30.7,30.5,30.5,0.5,6.0
2432,2025-05-16,35800.0,1094575.0,29.95,30.8,29.95,30.8,0.3,23.0
2432,2025-05-19,13000.0,400250.0,30.7,31.45,30.5,31.0,0.2,9.0
2432,2025-05-20,7000.0,215250.0,30.65,30.9,30.6,30.9,-0.1,5.0
2432,2025-05-21,3566.0,109462.0,30.45,30.45,30.45,30.45,-0.45,10.0
2432,2025-05-22,9000.0,271650.0,30.15,30.4,30.15,30.2,-0.25,7.0
2432,2025-05-23,6000.0,175400.0,29.0,29.55,29.0,29.55,-0.65,4.0
2432,2025-05-26,20810.0,623406.0,30.0,30.0,29.6,30.0,0.45,65.0
2432,2025-05-27,7000.0,209200.0,30.0,30.0,29.8,29.8,-0.2,6.0
2432,2025-05-28,0.0,0.0,,,,,0.0,0.0
2432,2025-05-29,56125.0,1712012.0,29.45,31.55,29.45,30.6,0.0,29.0
2432,2025-06-02,46700.0,1373603.0,29.65,29.8,29.2,29.4,-1.2,44.0
2432,2025-06-03,17949.0,526354.0,29.4,29.5,29.25,29.25,-0.15,35.0
2432,2025-06-04,14515.0,428976.0,29.35,29.65,29.3,29.65,0.4,18.0
2432,2025-06-05,33916.0,997338.0,29.6,29.65,29.3,29.45,-0.2,22.0
2432,2025-06-06,46000.0,1331850.0,29.25,29.25,28.7,28.85,-0.6,28.0
2432,2025-06-09,12800.0,368377.0,28.85,28.95,28.65,28.95,0.1,17.0
2432,2025-06-10,27300.0,786101.0,28.95,28.95,28.75,28.9,-0.05,28.0
2432,2025-06-11,41553.0,1190260.0,28.9,28.9,28.5,28.8,-0.1,37.0
2432,2025-06-12,7260.0,207773.0,28.65,28.65,28.6,28.65,-0.15,8.0
2432,2025-06-13,11240.0,321240.0,28.6,28.6,28.55,28.6,-0.05,14.0
2432,2025-06-16,37610.0,1096791.0,29.5,29.5,28.75,29.4,0.8,25.0
2432,2025-06-17,57080.0,1651627.0,29.2,29.2,28.8,29.1,-0.3,27.0
2432,2025-06-18,55000.0,1564300.0,29.0,29.0,28.1,28.5,-0.6,36.0
2432,2025-06-19,80405.0,2294031.0,28.45,28.8,28.3,28.35,-0.15,42.0
2432,2025-06-20,22000.0,624550.0,28.5,28.5,28.3,28.4,0.05,13.0
2432,2025-06-23,63000.0,1784150.0,28.3,28.9,28.2,28.3,-0.1,18.0
2432,2025-06-24,8000.0,228850.0,28.45,28.85,28.45,28.85,0.55,8.0
2432,2025-06-25,12293.0,354090.0,28.8,28.85,28.8,28.85,0.0,9.0
2432,2025-06-26,19099.0,551215.0,28.85,29.0,28.55,28.55,-0.3,19.0
2432,2025-06-27,51600.0,1516237.0,29.75,29.75,29.0,29.3,0.75,42.0
2432,2025-06-30,16063.0,470862.0,29.3,29.4,29.25,29.3,0.0,18.0
2432,2025-07-01,29251.0,865484.0,29.5,29.8,29.45,29.5,0.2,25.0
2432,2025-07-02,61180.0,1795239.0,29.5,29.5,29.25,29.3,-0.2,43.0
2432,2025-07-03,59260.0,1629474.0,27.5,27.9,27.35,27.9,0.0,46.0
2432,2025-07-04,35308.0,977035.0,27.6,27.8,27.6,27.75,-0.15,23.0
2432,2025-07-07,19217.0,534064.0,27.8,27.85,27.75,27.85,0.1,18.0
2432,2025-07-08,25025.0,678982.0,26.2,27.65,26.2,27.2,-0.65,17.0
2432,2025-07-09,23100.0,639080.0,27.75,27.75,27.5,27.55,0.35,13.0
2432,2025-07-10,19000.0,516600.0,27.25,27.25,27.15,27.25,-0.3,9.0
2432,2025-07-11,35150.0,966794.0,27.25,27.7,27.25,27.7,0.45,23.0
2432,2025-07-14,8000.0,222700.0,27.8,27.85,27.8,27.85,0.15,6.0
2432,2025-07-15,19000.0,529900.0,27.9,28.05,27.8,28.0,0.15,18.0
2432,2025-07-16,36000.0,1013000.0,28.0,28.45,27.9,28.45,0.45,25.0
2432,2025-07-17,16000.0,453600.0,28.35,28.35,28.35,28.35,-0.1,11.0
2432,2025-07-18,27054.0,767274.0,28.35,28.45,28.3,28.45,0.1,19.0
2432,2025-07-21,5000.0,141500.0,28.25,28.35,28.25,28.35,-0.1,4.0
2432,2025-07-22,17000.0,477550.0,28.0,28.3,28.0,28.15,-0.2,10.0
2432,2025-07-23,8001.0,224776.0,28.15,28.15,28.0,28.0,-0.15,4.0
2432,2025-07-24,18020.0,509471.0,28.35,28.35,28.15,28.15,0.15,10.0
2432,2025-07-25,28148.0,793052.0,28.15,28.25,28.1,28.2,0.05,20.0
2432,2025-07-28,5850.0,163372.0,27.85,28.1,27.85,28.1,-0.1,7.0
2432,2025-07-29,19000.0,537199.0,28.1,28.35,28.1,28.35,0.25,18.0
2432,2025-07-30,14000.0,397000.0,28.3,28.4,28.3,28.35,0.0,9.0
2432,2025-07-31,1100.0,30880.0,28.05,28.05,28.05,28.05,-0.3,2.0
2432,2025-08-01,15445.0,434938.0,28.5,28.5,28.05,28.05,0.0,17.0
2432,2025-08-04,40030.0,1123141.0,28.05,28.2,28.0,28.2,0.15,9.0
2432,2025-08-05,18073.0,507310.0,28.05,28.1,28.05,28.05,-0.15,8.0
2432,2025-08-06,30010.0,841581.0,28.05,28.3,28.0,28.3,0.25,16.0
2432,2025-08-07,4000.0,110700.0,27.5,28.2,27.5,28.2,-0.1,2.0
2432,2025-08-08,26000.0,730550.0,28.0,28.2,28.0,28.05,-0.15,7.0
2432,2025-08-11,27500.0,781907.0,28.5,28.5,28.3,28.3,0.25,20.0
2432,2025-08-12,9000.0,252900.0,28.1,28.1,28.1,28.1,-0.2,6.0
2432,2025-08-13,27009.0,756652.0,28.0,28.1,28.0,28.0,-0.1,12.0
2432,2025-08-14,18000.0,503950.0,28.0,28.0,27.95,28.0,0.0,13.0
2432,2025-08-15,20595.0,578987.0,28.1,28.2,28.05,28.05,0.05,21.0
2432,2025-08-18,7000.0,197350.0,28.4,28.4,28.0,28.05,0.0,7.0
2432,2025-08-19,12050.0,337952.0,28.15,28.15,27.95,27.95,-0.1,11.0
2432,2025-08-20,14000.0,390050.0,27.9,27.9,27.8,27.9,-0.05,8.0
2432,2025-08-21,10000.0,278300.0,27.85,27.85,27.8,27.85,-0.05,8.0
2432,2025-08-22,12030.0,332477.0,27.35,27.8,27.35,27.7,-0.15,11.0
2432,2025-08-25,11000.0,306750.0,28.1,28.1,27.6,27.7,0.0,10.0
2432,2025-08-26,16150.0,454627.0,28.7,28.7,27.9,27.9,0.2,13.0
2432,2025-08-27,39480.0,1104092.0,27.9,28.1,27.9,28.1,0.2,21.0
2432,2025-08-28,31000.0,864600.0,28.1,28.1,27.75,27.95,-0.15,23.0
2432,2025-08-29,5020.0,139906.0,27.75,28.05,27.75,28.05,0.1,6.0
2432,2025-09-01,47072.0,1317869.0,28.0,28.05,27.9,28.0,-0.05,17.0
2432,2025-09-02,7000.0,194950.0,27.85,27.85,27.85,27.85,-0.15,3.0
2432,2025-09-03,20400.0,570660.0,28.0,28.0,27.9,27.9,0.05,15.0
2432,2025-09-04,18996.0,533238.0,28.1,28.1,28.05,28.05,0.15,18.0
2432,2025-09-05,50008.0,1396224.0,28.1,28.1,27.8,28.1,0.05,12.0
2432,2025-09-08,10000.0,279500.0,27.8,28.05,27.8,28.05,-0.05,6.0
2432,2025-09-09,5100.0,142795.0,28.05,28.05,27.9,27.9,-0.15,6.0
2432,2025-09-10,11000.0,305000.0,27.7,27.8,27.7,27.7,-0.2,8.0
2432,2025-09-11,11489.0,317844.0,27.65,27.75,27.65,27.75,0.05,7.0
2432,2025-09-12,2000.0,55400.0,27.55,27.85,27.55,27.85,0.1,2.0
2432,2025-09-15,5000.0,139150.0,27.85,27.85,27.75,27.85,0.0,4.0
2432,2025-09-16,10000.0,276000.0,27.6,27.7,27.5,27.6,-0.25,6.0
2432,2025-09-17,23150.0,633257.0,27.1,27.6,27.1,27.6,0.0,48.0
2432,2025-09-18,28050.0,773170.0,27.75,27.75,27.4,27.6,0.0,18.0
2432,2025-09-19,16008.0,441271.0,27.6,27.6,27.3,27.6,0.0,8.0
2432,2025-09-22,19040.0,521696.0,27.35,27.45,27.3,27.3,-0.3,12.0
2432,2025-09-23,9000.0,247200.0,27.3,27.6,27.3,27.6,0.3,5.0
2432,2025-09-24,8000.0,220300.0,27.55,27.6,27.5,27.55,-0.05,8.0
2432,2025-09-25,46000.0,1265750.0,27.55,27.8,27.45,27.45,-0.1,30.0
2432,2025-09-26,24000.0,654750.0,27.4,27.4,27.2,27.4,-0.05,10.0
2432,2025-09-30,18000.0,495900.0,27.5,27.6,27.5,27.6,0.2,9.0
2432,2025-10-01,29000.0,798750.0,27.5,27.6,27.5,27.5,-0.1,10.0
2432,2025-10-02,36375.0,1002018.0,27.55,27.55,27.55,27.55,0.05,17.0
2432,2025-10-03,25000.0,689900.0,27.85,27.95,27.45,27.5,-0.05,15.0
2432,2025-10-07,15000.0,412450.0,27.75,27.75,27.45,27.5,0.0,11.0
2432,2025-10-08,39000.0,1079650.0,27.7,27.75,27.65,27.75,0.25,23.0
2432,2025-10-09,25000.0,694000.0,27.9,28.0,27.7,27.75,0.0,16.0
2432,2025-10-13,22001.0,608227.0,27.6,27.8,27.5,27.8,0.05,17.0
2432,2025-10-14,29000.0,805600.0,27.8,27.9,27.7,27.75,-0.05,18.0
2432,2025-10-15,54300.0,1521530.0,27.75,28.25,27.75,28.25,0.5,66.0
2432,2025-10-16,42162.0,1192800.0,28.25,28.4,28.25,28.4,0.15,30.0
2432,2025-10-17,72427.0,2065922.0,28.5,28.6,28.5,28.5,0.1,44.0
2432,2025-10-20,70805.0,2002056.0,28.5,28.5,28.1,28.25,-0.25,32.0
2432,2025-10-21,34182.0,972073.0,28.5,28.75,28.25,28.3,0.05,17.0
2432,2025-10-22,72000.0,2046550.0,28.4,28.6,28.35,28.45,0.15,21.0
2432,2025-10-23,36500.0,1025125.0,27.5,28.2,27.5,28.2,-0.25,21.0
2432,2025-10-27,69053.0,1941484.0,28.3,28.4,27.75,27.95,-0.25,35.0
2432,2025-10-28,36000.0,1009350.0,28.5,28.5,27.65,28.05,0.1,21.0
2432,2025-10-29,27090.0,761384.0,28.05,28.25,28.05,28.2,0.15,17.0
2432,2025-10-30,44450.0,1253781.0,28.25,28.3,28.15,28.15,-0.05,43.0
2432,2025-10-31,29437.0,830606.0,28.15,28.3,28.15,28.3,0.15,21.0
2432,2025-11-03,26001.0,733129.0,28.2,28.25,28.15,28.2,-0.1,14.0
2432,2025-11-04,0.0,0.0,,,,,0.0,0.0
2432,2025-11-05,13000.0,368050.0,28.35,28.35,28.2,28.25,0.0,9.0
2432,2025-11-06,8000.0,225950.0,28.2,28.3,28.2,28.3,0.05,5.0
2432,2025-11-07,14344.0,404317.0,28.3,28.3,28.05,28.15,-0.15,14.0
2432,2025-11-10,35301.0,997658.0,28.15,28.45,28.05,28.45,0.3,21.0
2432,2025-11-11,6000.0,169000.0,28.2,28.2,28.1,28.1,-0.35,5.0
2432,2025-11-12,5000.0,141300.0,28.05,28.35,28.05,28.3,0.2,5.0
2432,2025-11-13,51000.0,1436000.0,28.5,28.5,28.0,28.05,-0.25,26.0
2432,2025-11-14,47089.0,1319043.0,28.25,28.25,27.9,28.05,0.0,26.0
2432,2025-11-17,28049.0,777973.0,28.1,28.1,27.5,27.5,-0.55,21.0
2432,2025-11-18,75217.0,2025569.0,27.75,27.75,26.65,26.65,-0.85,53.0
2432,2025-11-19,9400.0,248709.0,26.45,26.55,26.4,26.4,-0.25,11.0
2432,2025-11-20,19144.0,506148.0,26.4,26.6,26.35,26.4,0.0,29.0
2432,2025-11-21,36228.0,940452.0,26.35,26.35,25.65,25.65,-0.75,31.0
2432,2025-11-24,51000.0,1303400.0,25.65,25.7,25.4,25.65,0.0,26.0
2432,2025-11-25,20001.0,518976.0,25.65,26.25,25.65,26.25,0.6,10.0
2432,2025-11-26,19000.0,504600.0,26.4,26.75,26.4,26.6,0.35,10.0
2432,2025-11-27,25000.0,662000.0,26.6,26.6,26.4,26.6,0.0,11.0
2432,2025-11-28,22000.0,581950.0,26.6,26.6,26.35,26.45,-0.15,14.0
2432,2025-12-01,2040.0,53755.0,26.45,26.45,26.25,26.25,-0.2,8.0
2432,2025-12-02,14000.0,370250.0,26.35,26.5,26.35,26.5,0.25,8.0
2432,2025-12-03,7000.0,186350.0,26.5,26.7,26.5,26.7,0.2,4.0
2432,2025-12-04,9134.0,242605.0,26.55,26.6,26.55,26.55,-0.15,31.0
2432,2025-12-05,6062.0,161396.0,26.85,26.85,26.5,26.75,0.2,16.0
2432,2025-12-08,2126.0,56920.0,26.8,26.8,26.75,26.75,0.0,4.0
2432,2025-12-09,19000.0,505800.0,26.75,26.8,26.5,26.75,0.0,12.0
2432,2025-12-10,14740.0,389986.0,26.6,26.6,26.4,26.4,-0.35,24.0
2432,2025-12-11,19000.0,499100.0,26.4,26.4,26.2,26.2,-0.2,10.0
2432,2025-12-12,9000.0,237450.0,26.2,26.45,26.2,26.4,0.2,7.0
2432,2025-12-15,8000.0,210700.0,26.45,26.45,26.3,26.3,-0.1,8.0
2432,2025-12-16,40000.0,1042550.0,26.3,26.3,25.8,25.95,-0.35,28.0
2432,2025-12-17,23105.0,598558.0,25.95,26.0,25.8,25.9,-0.05,13.0
2432,2025-12-18,59010.0,1507606.0,25.85,25.85,25.4,25.45,-0.45,34.0
2432,2025-12-19,22000.0,558100.0,25.4,25.4,25.35,25.35,-0.1,14.0
2432,2025-12-22,17000.0,436400.0,25.55,25.75,25.55,25.75,0.4,9.0
2432,2025-12-23,45000.0,1169950.0,25.75,26.25,25.75,25.95,0.2,21.0
2432,2025-12-24,10146.0,264519.0,25.95,26.2,25.95,26.2,0.25,10.0
2432,2025-12-26,43008.0,1110305.0,26.1,26.1,25.6,25.6,-0.6,21.0
2432,2025-12-29,5000.0,128050.0,25.6,25.65,25.6,25.65,0.05,4.0
2432,2025-12-30,7004.0,178912.0,25.55,25.55,25.5,25.55,-0.1,7.0
2432,2025-12-31,20025.0,509490.0,25.5,25.55,25.35,25.5,-0.05,18.0
2432,2026-01-02,18615.0,478561.0,25.7,25.85,25.6,25.8,0.3,20.0
2432,2026-01-05,14391.0,371139.0,25.8,25.8,25.7,25.7,-0.1,12.0
2432,2026-01-06,68000.0,1723700.0,25.55,25.8,24.6,25.4,-0.3,45.0
2432,2026-01-07,90000.0,2258150.0,25.55,25.55,24.95,25.1,-0.3,40.0
2432,2026-01-08,131004.0,3267024.0,25.35,25.4,24.5,24.65,-0.45,83.0
2432,2026-01-09,51033.0,1266066.0,25.1,25.1,24.6,24.75,0.1,34.0
2432,2026-01-12,20022.0,497843.0,24.9,24.95,24.75,24.9,0.15,19.0
2432,2026-01-13,33714.0,839372.0,24.85,24.95,24.8,24.95,0.05,35.0
2432,2026-01-14,57200.0,1428489.0,25.1,25.1,24.85,24.95,0.0,38.0
2432,2026-01-15,22000.0,550350.0,24.95,25.05,24.95,25.0,0.05,13.0
2432,2026-01-16,26342.0,661497.0,25.1,25.15,25.05,25.05,0.05,29.0
2432,2026-01-19,37026.0,921757.0,25.05,25.05,24.8,24.8,-0.25,32.0
2432,2026-01-20,13000.0,322900.0,24.75,24.9,24.75,24.9,0.1,10.0
2432,2026-01-21,31200.0,770650.0,24.65,24.9,24.65,24.7,-0.2,40.0
2432,2026-01-22,60000.0,1498150.0,24.7,25.05,24.7,25.0,0.3,35.0
2432,2026-01-23,46178.0,1155569.0,25.15,25.15,24.95,24.95,-0.05,47.0
2432,2026-01-26,17178.0,427551.0,24.9,25.0,24.8,24.8,-0.15,13.0
2432,2026-01-27,37600.0,936020.0,25.0,25.05,24.85,24.9,0.1,15.0
2432,2026-01-28,55000.0,1364550.0,24.9,24.9,24.75,24.9,0.0,23.0
2432,2026-01-29,24527.0,606858.0,24.8,24.9,24.6,24.65,-0.25,24.0
2432,2026-01-30,32003.0,783772.0,24.6,24.6,24.35,24.35,-0.3,24.0
2432,2026-02-02,35202.0,869808.0,24.5,24.85,24.25,24.85,0.5,21.0
2432,2026-02-03,23001.0,570874.0,24.85,24.85,24.6,24.85,0.0,15.0
2432,2026-02-04,22050.0,543122.0,24.8,24.8,24.55,24.6,-0.25,14.0
2432,2026-02-05,9007.0,223074.0,24.85,24.85,24.6,24.6,0.0,7.0
2432,2026-02-06,30423.0,746932.0,24.55,24.6,24.45,24.45,-0.15,21.0
2432,2026-02-09,18009.0,440317.0,24.45,24.5,24.4,24.5,0.05,18.0
2432,2026-02-10,31003.0,753572.0,24.35,24.35,24.2,24.35,-0.15,26.0
2432,2026-02-11,72302.0,1737812.0,24.05,24.3,23.9,24.3,-0.05,56.0
2432,2026-02-23,53250.0,1280974.0,24.1,24.3,23.9,24.2,-0.1,40.0
2432,2026-02-24,75000.0,1800050.0,24.05,24.2,23.95,24.05,-0.15,41.0
2432,2026-02-25,141005.0,3323935.0,23.9,24.1,23.15,24.1,0.05,93.0
2432,2026-02-26,72301.0,1719777.0,23.85,24.0,23.65,23.85,-0.25,38.0
2432,2026-03-02,12041.0,287229.0,23.95,23.95,23.7,23.85,0.0,11.0
2432,2026-03-03,36000.0,864950.0,23.95,24.1,23.85,24.1,0.25,22.0
2432,2026-03-04,36000.0,859000.0,24.1,24.1,23.45,23.45,-0.65,19.0
2432,2026-03-05,10001.0,235624.0,23.85,23.85,23.5,23.5,0.05,9.0
2432,2026-03-06,191130.0,4866306.0,23.95,25.85,23.95,25.85,2.35,124.0
2432,2026-03-09,154106.0,3863321.0,26.1,26.1,24.5,24.55,-1.3,95.0
2432,2026-03-10,224082.0,5893438.0,24.5,27.0,24.5,27.0,2.45,534.0
2432,2026-03-11,297527.0,8464112.0,27.0,29.4,27.0,27.8,0.8,219.0
2432,2026-03-12,59273.0,1631769.0,27.8,27.8,27.25,27.8,0.0,70.0
2432,2026-03-13,49119.0,1391202.0,27.8,28.55,27.8,28.3,0.5,41.0
2432,2026-03-16,52464.0,1457005.0,28.1,28.1,27.55,27.7,-0.6,41.0
2432,2026-03-17,32000.0,897350.0,28.0,28.2,27.8,28.0,0.3,20.0
2432,2026-03-18,87138.0,2516699.0,28.25,29.3,28.25,28.45,0.45,57.0
2432,2026-03-19,41487.0,1158951.0,28.4,28.4,27.8,27.85,-0.6,29.0
2432,2026-03-20,70312.0,1974572.0,27.85,28.5,27.75,28.3,0.45,33.0
2432,2026-03-23,87139.0,2371766.0,28.15,28.15,26.85,27.05,-1.25,59.0
2432,2026-03-24,21645.0,585826.0,27.05,27.15,27.0,27.15,0.1,24.0
2432,2026-03-25,8004.0,218758.0,27.25,27.65,27.25,27.25,0.1,7.0
2432,2026-03-26,18072.0,491575.0,27.1,27.35,27.05,27.35,0.1,14.0
2432,2026-03-27,26270.0,709213.0,27.0,27.2,26.85,27.2,-0.15,20.0
2432,2026-03-30,24000.0,647500.0,27.2,27.2,26.8,27.0,-0.2,12.0
2432,2026-03-31,26000.0,693250.0,26.7,26.7,26.6,26.6,-0.4,12.0
2432,2026-04-01,16000.0,430750.0,26.95,27.0,26.75,27.0,0.4,14.0
2432,2026-04-02,12656.0,336786.0,26.65,26.65,26.55,26.55,-0.45,12.0
2432,2026-04-07,50000.0,1320750.0,26.85,26.85,26.2,26.25,-0.3,42.0
2432,2026-04-08,17036.0,453458.0,26.3,26.85,26.3,26.7,0.45,18.0
2432,2026-04-09,117000.0,3246300.0,27.4,28.3,27.05,27.45,0.75,74.0
2432,2026-04-10,61000.0,1708750.0,27.65,28.3,27.6,28.0,0.55,45.0
2432,2026-04-13,58946.0,1629493.0,28.0,28.1,27.45,27.45,-0.55,57.0
2432,2026-04-14,91002.0,2542905.0,27.8,28.1,27.8,28.0,0.55,59.0
2432,2026-04-15,73000.0,2038650.0,28.05,28.05,27.75,28.0,0.0,50.0
2432,2026-04-16,91110.0,2552178.0,28.1,28.2,27.8,27.95,-0.05,59.0
2432,2026-04-17,117074.0,3324547.0,28.05,28.65,28.05,28.35,0.4,102.0
2432,2026-04-20,209127.0,6043604.0,28.25,29.35,28.2,29.0,0.65,118.0
2432,2026-04-21,180044.0,5257525.0,29.3,29.35,29.05,29.3,0.3,77.0
2432,2026-04-22,101442.0,2988174.0,29.4,29.65,29.3,29.6,0.3,50.0
2432,2026-04-23,85157.0,2531836.0,29.8,30.1,29.15,29.2,-0.4,65.0
2432,2026-04-24,60757.0,1765631.0,29.4,29.4,28.65,28.7,-0.5,37.0
2432,2026-04-27,69206.0,1965571.0,28.8,28.8,28.1,28.1,-0.6,29.0
2432,2026-04-28,52023.0,1453089.0,28.1,28.1,27.75,27.8,-0.3,26.0
2432,2026-04-29,41455.0,1150182.0,27.8,27.85,27.6,27.8,0.0,34.0
2432,2026-04-30,28931.0,800185.0,27.8,27.9,27.5,27.65,-0.15,36.0
2432,2026-05-04,88001.0,2446477.0,27.55,28.1,27.55,27.85,0.2,38.0
2432,2026-05-05,26571.0,742991.0,27.95,28.05,27.9,28.0,0.15,19.0
2432,2026-05-06,143005.0,4146704.0,28.6,29.45,28.6,28.95,0.95,73.0
2432,2026-05-07,317685.0,8690086.0,28.2,28.2,26.9,27.25,-1.7,254.0
2432,2026-05-08,124483.0,3424776.0,27.25,27.75,27.2,27.6,0.35,74.0
2432,2026-05-11,63013.0,1752461.0,27.8,28.1,27.4,27.5,-0.1,41.0
2432,2026-05-12,169198.0,4588354.0,27.75,27.75,26.85,26.85,-0.65,86.0
2432,2026-05-13,89300.0,2372010.0,26.8,26.8,26.4,26.5,-0.35,50.0
2432,2026-05-14,106046.0,2773752.0,26.4,26.5,25.9,26.25,-0.25,71.0
2432,2026-05-15,81844.0,2136650.0,26.0,26.35,25.95,26.2,-0.05,44.0
2432,2026-05-18,58462.0,1495794.0,25.8,25.95,25.2,25.95,-0.25,52.0
2432,2026-05-19,33000.0,856050.0,25.95,26.1,25.85,26.1,0.15,27.0
2432,2026-05-20,22506.0,582791.0,25.9,26.1,25.75,25.75,-0.35,54.0
2432,2026-05-21,22164.0,579780.0,26.0,26.25,26.0,26.25,0.5,24.0
2432,2026-05-22,36262.0,952254.0,26.3,26.5,26.05,26.25,0.0,26.0
2432,2026-05-25,49094.0,1297791.0,26.25,26.65,26.25,26.65,0.4,32.0
2432,2026-05-26,68025.0,1789250.0,26.7,26.75,25.75,26.2,-0.45,39.0
2432,2026-05-27,7065.0,184558.0,26.1,26.2,26.1,26.2,0.0,10.0
2432,2026-05-28,34000.0,899850.0,26.25,26.7,26.25,26.25,0.05,24.0
2432,2026-05-29,53250.0,1410649.0,26.5,26.6,26.35,26.45,0.2,20.0
2432,2026-06-01,99039.0,2615779.0,26.55,26.65,26.2,26.65,0.2,58.0
2432,2026-06-02,223009.0,6079391.0,26.8,28.0,26.8,27.95,1.3,82.0
2432,2026-06-03,87003.0,2436281.0,27.85,28.3,27.75,27.75,-0.2,59.0
2432,2026-06-04,70900.0,1975513.0,27.5,28.25,27.25,28.0,0.25,48.0
2432,2026-06-05,188260.0,5375076.0,28.8,29.3,28.3,28.5,0.5,120.0
2432,2026-06-08,144025.0,3972915.0,28.1,28.1,27.15,27.75,-0.75,71.0
2432,2026-06-09,160019.0,4552548.0,27.95,29.4,27.9,28.55,0.8,99.0
2432,2026-06-10,69130.0,1951081.0,28.4,28.55,27.95,27.95,-0.6,54.0
2432,2026-06-11,108310.0,3069977.0,27.95,28.9,27.75,28.4,0.45,70.0
2432,2026-06-12,156359.0,4412959.0,28.5,28.65,27.9,28.0,-0.4,85.0
2432,2026-06-15,43201.0,1223498.0,28.55,28.55,28.15,28.35,0.35,36.0
2432,2026-06-16,107708.0,3024397.0,28.4,28.4,27.8,28.0,-0.35,65.0
2432,2026-06-17,77000.0,2150300.0,27.7,28.15,27.6,28.0,0.0,41.0
2432,2026-06-18,143041.0,4057072.0,28.05,28.5,28.05,28.5,0.5,32.0
2432,2026-06-22,123000.0,3515950.0,28.65,28.7,28.5,28.5,0.0,51.0
2432,2026-06-23,116230.0,3330584.0,28.65,29.05,28.5,29.05,0.55,64.0
2432,2026-06-24,546268.0,17145609.0,29.45,31.95,29.0,31.95,2.9,1023.0
2432,2026-06-25,366670.0,10758099.0,29.5,30.2,28.5,28.5,0.0,260.0
2432,2026-06-26,130155.0,3601571.0,27.7,28.05,27.45,27.6,-0.9,121.0
2432,2026-06-29,32757.0,910083.0,27.4,27.9,27.4,27.9,0.3,32.0
2432,2026-06-30,48332.0,1373514.0,28.2,28.6,28.0,28.6,0.7,33.0
2432,2026-07-01,47385.0,1350353.0,28.65,28.75,28.3,28.35,-0.25,42.0
2432,2026-07-02,41444.0,1162437.0,28.0,28.15,27.95,28.1,-0.25,29.0
2432,2026-07-03,85060.0,2413686.0,28.1,28.8,28.0,28.6,0.5,40.0
2432,2026-07-06,36598.0,1049363.0,28.7,28.9,28.6,28.65,0.05,34.0
2432,2026-07-07,75001.0,2110928.0,28.75,28.75,27.85,28.15,-0.5,45.0
2432,2026-07-08,15001.0,422728.0,28.35,28.35,28.05,28.35,0.2,14.0
2432,2026-07-09,30000.0,846200.0,28.35,28.35,28.1,28.2,-0.15,12.0
2432,2026-07-13,49001.0,1374228.0,28.05,28.15,27.9,28.0,-0.2,33.0
2432,2026-07-14,49717.0,1390025.0,28.05,28.35,27.8,28.1,0.1,35.0
2432,2026-07-15,83067.0,2364425.0,28.2,28.9,28.1,28.8,0.7,65.0
2432,2026-07-16,22000.0,627800.0,28.65,28.65,28.45,28.55,-0.25,21.0
2432,2026-07-17,65000.0,1837150.0,28.55,28.55,28.05,28.05,-0.5,32.0
2432,2026-07-20,19000.0,535750.0,28.35,28.35,28.0,28.3,0.25,17.0
2432,2026-07-21,24296.0,684467.0,28.3,28.4,28.05,28.4,0.1,17.0
2432,2026-07-22,15900.0,450359.0,28.1,28.5,28.1,28.5,0.1,18.0
2432,2026-07-23,26104.0,737362.0,28.15,28.5,28.15,28.5,0.0,21.0
2432,2026-07-24,23130.0,653966.0,28.15,28.55,28.15,28.35,-0.15,21.0
2432,2026-07-27,14311.0,403855.0,28.05,28.45,28.05,28.35,0.0,15.0
2432,2026-07-28,108175.0,2996859.0,28.1,28.15,27.25,28.15,-0.2,59.0
2432,2026-07-29,77328.0,2128103.0,27.65,28.45,27.0,27.6,-0.55,66.0
2432,2026-07-30,44056.0,1223129.0,27.55,28.2,27.55,28.1,0.5,36.0
2432,2026-07-31,39150.0,1107615.0,28.3,28.55,27.95,28.55,0.45,28.0
2432,2026-08-03,13000.0,366000.0,28.2,28.25,28.0,28.25,-0.3,11.0
2432,2026-08-04,23000.0,645650.0,27.9,28.35,27.9,28.35,0.1,22.0
2432,2026-08-05,49000.0,1392850.0,28.4,28.5,28.3,28.5,0.15,29.0
2432,2026-08-06,202161.0,5823371.0,28.6,29.35,28.35,28.4,-0.1,117.0
2432,2026-08-07,37030.0,1050152.0,28.7,28.7,28.1,28.1,-0.3,24.0
2432,2026-08-10,43106.0,1213156.0,28.2,28.3,28.0,28.3,0.2,27.0
2432,2026-08-11,26084.0,739674.0,28.4,28.5,28.1,28.4,0.1,26.0
2432,2026-08-12,12000.0,340000.0,28.5,28.5,28.15,28.5,0.1,12.0
2432,2026-08-13,8000.0,225850.0,28.5,28.5,28.15,28.15,-0.35,8.0
2432,2026-08-14,24000.0,673350.0,28.2,28.2,27.95,28.0,-0.15,19.0
2432,2026-08-17,8035.0,224230.0,28.0,28.0,27.85,28.0,0.0,7.0
2432,2026-08-18,41692.0,1149689.0,27.65,27.7,27.45,27.5,-0.5,35.0
2432,2026-08-19,10000.0,274250.0,27.4,27.75,27.35,27.35,-0.15,9.0
2432,2026-08-20,9040.0,248512.0,27.5,27.7,27.35,27.35,0.0,6.0
2432,2026-08-21,4001.0,109427.0,27.35,27.35,27.35,27.35,0.0,3.0
2432,2026-08-24,15020.0,412777.0,27.25,27.65,27.25,27.65,0.3,16.0
2432,2026-08-25,3000.0,82950.0,27.7,27.7,27.55,27.55,-0.1,3.0
2432,2026-08-26,16000.0,442300.0,27.7,27.75,27.55,27.75,0.2,12.0
2432,2026-08-27,9000.0,251000.0,27.8,28.0,27.75,28.0,0.25,8.0
2432,2026-08-28,18000.0,500150.0,27.8,27.9,27.75,27.9,-0.1,8.0
2432,2026-08-31,24284.0,667874.0,27.65,27.65,27.45,27.45,-0.45,23.0
2432,2026-09-01,6000.0,164950.0,27.45,27.55,27.45,27.45,0.0,5.0
2432,2026-09-02,25000.0,685750.0,27.45,27.5,27.4,27.5,0.05,14.0
2432,2026-09-03,64066.0,1747833.0,27.5,27.5,26.9,26.9,-0.6,40.0
2432,2026-09-04,15214.0,411870.0,27.0,27.2,26.95,27.15,0.25,17.0
2432,2026-09-07,62000.0,1719300.0,27.2,28.1,27.2,27.9,0.75,33.0
2432,2026-09-08,9764.0,272427.0,27.85,28.0,27.75,28.0,0.1,44.0
2432,2026-09-09,18000.0,499500.0,27.75,27.9,27.65,27.65,-0.35,16.0
2432,2026-09-10,25000.0,685100.0,27.65,27.65,27.3,27.5,-0.15,13.0
2432,2026-09-11,15530.0,423005.0,27.25,27.25,27.2,27.2,-0.3,13.0
2432,2026-09-14,4000.0,108800.0,27.1,27.3,27.1,27.3,0.1,4.0
2432,2026-09-15,46000.0,1248550.0,27.15,27.2,27.05,27.05,-0.25,20.0
3150,2024-06-27,504000.0,22483750.0,43.0,46.8,42.7,43.3,0.0,273.0
3150,2024-06-28,239010.0,10459140.0,44.5,44.6,42.9,43.0,-0.3,135.0
3150,2024-07-01,243100.0,10149960.0,43.0,43.0,40.9,42.5,-0.5,120.0
3150,2024-07-02,161177.0,6659034.0,42.5,42.5,40.7,40.9,-1.6,74.0
3150,2024-07-03,137515.0,5641167.0,41.0,41.5,40.9,41.2,0.3,66.0
3150,2024-07-04,42013.0,1726376.0,41.0,41.5,40.8,40.8,-0.4,35.0
3150,2024-07-05,103837.0,4248515.0,40.85,42.0,40.3,41.95,1.15,57.0
3150,2024-07-08,115399.0,4945067.0,41.95,43.5,41.95,43.15,1.2,57.0
3150,2024-07-09,122189.0,5281344.0,43.5,44.25,42.3,43.0,-0.15,74.0
3150,2024-07-10,136000.0,5666000.0,41.9,43.0,41.0,41.95,-1.05,66.0
3150,2024-07-11,78358.0,3271865.0,41.9,42.5,41.0,42.5,0.55,58.0
3150,2024-07-12,61000.0,2527650.0,42.0,42.0,41.0,41.2,-1.3,40.0
3150,2024-07-15,126250.0,5369950.0,41.0,43.2,41.0,43.0,1.8,69.0
3150,2024-07-16,111000.0,4672450.0,42.9,42.95,41.7,41.7,-1.3,59.0
3150,2024-07-17,148500.0,6522200.0,42.5,45.0,42.15,43.0,1.3,85.0
3150,2024-07-18,88001.0,3879394.0,42.75,45.5,42.55,44.0,1.0,63.0
3150,2024-07-19,110000.0,4774400.0,44.0,44.1,42.85,43.5,-0.5,57.0
3150,2024-07-22,64001.0,2688792.0,42.5,42.5,41.5,42.5,-1.0,44.0
3150,2024-07-23,28001.0,1177342.0,42.4,42.65,41.85,42.65,0.15,21.0
3150,2024-07-26,28000.0,1161000.0,41.5,41.95,41.15,41.7,-0.95,24.0
3150,2024-07-29,112119.0,4562473.0,42.0,42.0,40.2,40.95,-0.75,60.0
3150,2024-07-30,73000.0,2929000.0,40.05,41.45,39.9,41.0,0.05,44.0
3150,2024-07-31,3000.0,122150.0,40.85,40.85,40.45,40.45,-0.55,3.0
3150,2024-08-01,47000.0,1970550.0,41.0,42.95,41.0,41.6,1.15,40.0
3150,2024-08-02,49252.0,1987356.0,40.25,41.05,40.2,40.25,-1.35,39.0
3150,2024-08-05,191000.0,6995350.0,39.55,39.55,36.25,36.25,-4.0,96.0
3150,2024-08-06,60500.0,2135799.0,36.4,36.5,33.05,36.5,0.25,46.0
3150,2024-08-07,28500.0,1091800.0,36.5,39.35,36.5,39.35,2.85,30.0
3150,2024-08-08,10030.0,386920.0,38.5,38.75,38.5,38.75,-0.6,11.0
3150,2024-08-09,46288.0,1802291.0,38.95,39.95,38.65,39.9,1.15,31.0
3150,2024-08-12,21000.0,839350.0,39.6,40.45,39.5,40.05,0.15,13.0
3150,2024-08-13,17100.0,677630.0,39.5,40.75,39.4,40.75,0.7,17.0
3150,2024-08-14,31212.0,1240080.0,40.0,40.0,39.5,40.0,-0.75,24.0
3150,2024-08-15,13000.0,511550.0,40.0,40.0,38.8,39.55,-0.45,10.0
3150,2024-08-16,10001.0,393189.0,39.6,39.6,38.6,39.6,0.05,7.0
3150,2024-08-19,15050.0,588592.0,38.7,39.7,38.6,39.7,0.1,15.0
3150,2024-08-20,17101.0,666933.0,38.9,39.45,38.9,39.45,-0.25,16.0
3150,2024-08-21,24086.0,934262.0,39.0,39.0,38.35,38.95,-0.5,16.0
3150,2024-08-22,40087.0,1519349.0,38.0,38.5,37.25,38.5,-0.45,27.0
3150,2024-08-23,44400.0,1704269.0,38.0,39.35,37.2,39.35,0.85,25.0
3150,2024-08-26,7000.0,268000.0,38.25,38.3,38.25,38.3,-1.05,6.0
3150,2024-08-27,17000.0,647400.0,38.3,38.3,37.9,38.1,-0.2,14.0
3150,2024-08-28,14000.0,533100.0,38.1,38.1,38.05,38.1,0.0,5.0
3150,2024-08-29,128000.0,5282600.0,38.5,41.9,38.5,41.45,3.35,79.0
3150,2024-08-30,46001.0,1902640.0,42.2,42.2,40.15,41.5,0.05,23.0
3150,2024-09-02,3000.0,122100.0,40.35,41.35,40.35,41.35,-0.15,3.0
3150,2024-09-03,18000.0,723600.0,40.35,41.0,39.95,40.5,-0.85,17.0
3150,2024-09-04,30000.0,1154650.0,37.65,39.1,37.65,38.9,-1.6,15.0
3150,2024-09-05,11001.0,425987.0,38.9,38.9,38.55,38.7,-0.2,10.0
3150,2024-09-06,12451.0,492698.0,39.75,39.8,38.8,38.8,0.1,8.0
3150,2024-09-09,18000.0,683400.0,38.0,38.0,37.7,38.0,-0.8,18.0
3150,2024-09-10,24188.0,913899.0,37.85,38.0,37.55,37.9,-0.1,19.0
3150,2024-09-11,34000.0,1280750.0,37.9,37.9,37.5,37.5,-0.4,24.0
3150,2024-09-12,21836.0,821432.0,37.55,38.15,37.55,37.6,0.1,25.0
3150,2024-09-13,9000.0,339600.0,37.6,38.0,37.6,38.0,0.4,8.0
3150,2024-09-16,9050.0,343825.0,38.0,38.0,37.95,37.95,-0.05,7.0
3150,2024-09-18,94000.0,3492500.0,37.1,37.95,37.0,37.7,-0.25,54.0
3150,2024-09-19,20000.0,744550.0,37.3,37.3,37.15,37.2,-0.5,16.0
3150,2024-09-20,14000.0,523500.0,37.65,37.65,37.25,37.3,0.1,7.0
3150,2024-09-23,22000.0,818050.0,37.15,38.2,37.0,38.2,0.9,14.0
3150,2024-09-24,6000.0,223750.0,37.1,37.5,37.1,37.45,-0.75,3.0
3150,2024-09-25,27100.0,1016749.0,37.1,38.0,37.0,37.8,0.35,25.0
3150,2024-09-26,15000.0,559000.0,37.5,38.25,37.0,38.25,0.45,14.0
3150,2024-09-27,15000.0,563350.0,38.2,38.25,37.2,37.5,-0.75,12.0
3150,2024-09-30,20002.0,749874.0,37.1,38.05,37.0,37.95,0.45,18.0
3150,2024-10-01,20019.0,757569.0,37.9,38.0,37.5,37.95,0.0,20.0
3150,2024-10-04,17000.0,637100.0,37.1,38.0,37.1,38.0,0.05,16.0
3150,2024-10-07,15000.0,567200.0,37.7,38.2,37.5,37.75,-0.25,11.0
3150,2024-10-08,40025.0,1480811.0,37.1,37.2,36.8,36.85,-0.9,36.0
3150,2024-10-09,1289.0,47254.0,36.85,36.85,36.85,36.85,0.0,6.0
3150,2024-10-11,28000.0,1040200.0,37.45,37.5,36.9,36.9,0.05,18.0
3150,2024-10-14,27100.0,1001984.0,36.9,37.4,36.75,37.4,0.5,22.0
3150,2024-10-15,12000.0,446950.0,37.4,37.8,36.4,37.8,0.4,10.0
3150,2024-10-16,37000.0,1376600.0,36.9,37.5,36.8,37.1,-0.7,20.0
3150,2024-10-17,13000.0,483600.0,37.1,37.5,37.1,37.1,0.0,10.0
3150,2024-10-18,19000.0,710700.0,37.25,37.6,37.1,37.6,0.5,14.0
3150,2024-10-21,17191.0,645793.0,37.3,37.95,37.3,37.75,0.15,18.0
3150,2024-10-22,25000.0,941100.0,37.95,37.95,37.4,37.6,-0.15,22.0
3150,2024-10-23,18214.0,682225.0,37.6,37.6,37.4,37.5,-0.1,13.0
3150,2024-10-24,69000.0,2566050.0,37.15,37.45,37.0,37.0,-0.5,35.0
3150,2024-10-25,40289.0,1495993.0,37.05,37.2,37.0,37.15,0.15,25.0
3150,2024-10-28,37000.0,1369250.0,37.0,37.3,36.45,37.1,-0.05,21.0
3150,2024-10-29,20000.0,737450.0,37.05,37.05,36.7,36.75,-0.35,10.0
3150,2024-10-30,5280.0,194089.0,36.75,36.8,36.75,36.8,0.05,9.0
3150,2024-11-01,19000.0,711200.0,36.3,37.9,36.3,37.8,1.0,13.0
3150,2024-11-04,16010.0,595118.0,37.0,37.65,37.0,37.0,-0.8,12.0
3150,2024-11-05,22000.0,800300.0,34.6,37.2,34.6,37.2,0.2,14.0
3150,2024-11-06,2000.0,74150.0,37.1,37.1,37.05,37.05,-0.15,2.0
3150,2024-11-07,73011.0,2681650.0,37.1,37.1,36.3,36.3,-0.75,33.0
3150,2024-11-08,36012.0,1291927.0,36.5,36.5,35.35,35.5,-0.8,30.0
3150,2024-11-11,33000.0,1139650.0,35.0,35.05,34.0,34.5,-1.0,29.0
3150,2024-11-12,42012.0,1412898.0,33.95,33.95,33.25,33.25,-1.25,32.0
3150,2024-11-13,36053.0,1186730.0,32.15,33.6,32.05,32.65,-0.6,29.0
3150,2024-11-14,66028.0,2081714.0,32.35,32.35,30.9,30.9,-1.75,54.0
3150,2024-11-15,107100.0,3380200.0,31.0,32.0,30.55,32.0,1.1,25.0
3150,2024-11-18,26000.0,824650.0,31.9,32.0,31.3,31.3,-0.7,13.0
3150,2024-11-19,26050.0,826781.0,31.6,32.0,30.9,31.65,0.35,22.0
3150,2024-11-20,28275.0,874170.0,31.15,31.15,30.7,30.9,-0.75,31.0
3150,2024-11-21,4153.0,128312.0,30.9,30.9,30.9,30.9,0.0,6.0
3150,2024-11-22,11000.0,339900.0,30.9,31.0,30.8,30.8,-0.1,7.0
3150,2024-11-25,15000.0,463350.0,30.8,31.3,30.8,31.3,0.5,13.0
3150,2024-11-26,113015.0,3497462.0,31.0,31.05,30.7,30.75,-0.55,29.0
3150,2024-11-27,98229.0,2979240.0,30.55,30.55,30.2,30.35,-0.4,34.0
3150,2024-11-28,52278.0,1566390.0,30.15,30.35,29.5,30.0,-0.35,34.0
3150,2024-11-29,32000.0,996250.0,30.0,32.1,30.0,31.75,1.75,19.0
3150,2024-12-02,19001.0,601881.0,31.75,31.85,31.3,31.85,0.1,14.0
3150,2024-12-03,23000.0,730400.0,32.0,32.0,31.5,31.9,0.05,17.0
3150,2024-12-04,20002.0,643864.0,31.6,32.55,31.6,32.45,0.55,17.0
3150,2024-12-05,24000.0,796550.0,33.05,33.4,33.0,33.3,0.85,15.0
3150,2024-12-06,15000.0,509650.0,33.95,34.0,33.95,34.0,0.7,13.0
3150,2024-12-09,27000.0,966150.0,34.5,36.5,34.5,35.35,1.35,26.0
3150,2024-12-10,23000.0,795950.0,35.35,35.35,34.0,34.0,-1.35,12.0
3150,2024-12-11,37000.0,1274250.0,33.0,35.35,33.0,33.45,-0.55,20.0
3150,2024-12-12,15100.0,508195.0,33.6,34.0,33.5,34.0,0.55,10.0
3150,2024-12-13,12100.0,406405.0,33.0,34.15,33.0,34.05,0.05,9.0
3150,2024-12-16,12140.0,407270.0,33.0,33.7,33.0,33.5,-0.55,12.0
3150,2024-12-17,11000.0,374750.0,33.9,34.5,33.55,34.5,1.0,9.0
3150,2024-12-18,38000.0,1341850.0,34.5,35.6,34.5,35.6,1.1,23.0
3150,2024-12-19,10000.0,351000.0,35.4,35.4,34.65,34.65,-0.95,7.0
3150,2024-12-20,16000.0,550950.0,34.6,34.65,34.2,34.2,-0.45,12.0
3150,2024-12-23,15000.0,505300.0,33.1,35.1,33.0,34.45,0.25,11.0
3150,2024-12-24,15000.0,512100.0,34.0,34.3,34.0,34.1,-0.35,7.0
3150,2024-12-25,19000.0,665250.0,34.9,35.3,34.9,35.3,1.2,15.0
3150,2024-12-26,8000.0,278400.0,35.0,35.4,34.6,35.4,0.1,7.0
3150,2024-12-27,13000.0,452700.0,34.95,35.35,34.55,35.35,-0.05,10.0
3150,2024-12-30,25002.0,878770.0,35.6,35.6,35.0,35.1,-0.25,15.0
3150,2024-12-31,21000.0,738250.0,35.2,35.2,35.1,35.1,0.0,17.0
3150,2025-01-02,12060.0,419626.0,35.1,35.1,34.7,34.7,-0.4,12.0
3150,2025-01-03,11000.0,385100.0,35.0,35.3,34.7,35.3,0.6,11.0
3150,2025-01-06,114388.0,4385122.0,38.8,38.8,37.2,37.6,2.3,88.0
3150,2025-01-07,42001.0,1595936.0,39.4,39.4,37.2,37.2,-0.4,38.0
3150,2025-01-08,45710.0,1639791.0,36.0,36.8,35.4,35.5,-1.7,47.0
3150,2025-01-09,23005.0,797123.0,35.0,35.05,34.3,34.35,-1.15,22.0
3150,2025-01-10,17059.0,582890.0,34.35,34.65,33.65,34.4,0.05,17.0
3150,2025-01-13,39000.0,1285400.0,33.65,33.65,32.75,33.0,-1.4,31.0
3150,2025-01-14,48122.0,1548926.0,32.0,33.4,32.0,32.5,-0.5,36.0
3150,2025-01-15,20300.0,648048.0,32.0,32.3,31.8,31.8,-0.7,18.0
3150,2025-01-16,21002.0,675468.0,32.05,32.45,32.0,32.25,0.45,19.0
3150,2025-01-17,21000.0,675550.0,32.0,32.35,31.95,32.25,0.0,14.0
3150,2025-01-20,24002.0,766117.0,32.0,32.1,31.8,31.9,-0.35,17.0
3150,2025-01-21,6002.0,191417.0,31.9,31.9,31.85,31.85,-0.05,8.0
3150,2025-01-22,9103.0,287554.0,31.15,32.4,31.15,32.4,0.55,10.0
3150,2025-02-03,16717.0,533978.0,32.3,32.3,31.2,32.15,-0.25,22.0
3150,2025-02-04,13624.0,430851.0,31.5,32.8,31.5,31.6,-0.55,27.0
3150,2025-02-05,25097.0,796419.0,32.3,32.3,31.5,31.7,0.1,23.0
3150,2025-02-06,20602.0,652827.0,31.7,32.25,31.5,31.7,0.0,22.0
3150,2025-02-07,108697.0,3673355.0,34.0,34.85,32.65,34.85,3.15,81.0
3150,2025-02-10,24002.0,851870.0,35.6,35.8,35.1,35.5,0.65,22.0
3150,2025-02-11,22001.0,776535.0,36.5,36.5,35.0,35.5,0.0,14.0
3150,2025-02-12,38000.0,1339350.0,35.5,36.1,35.05,35.2,-0.3,11.0
3150,2025-02-13,6002.0,208426.0,34.75,34.8,34.65,34.8,-0.4,8.0
3150,2025-02-14,6847.0,238040.0,35.4,35.4,34.75,34.75,-0.05,14.0
3150,2025-02-17,12000.0,421200.0,35.25,35.25,34.95,34.95,0.2,7.0
3150,2025-02-18,2001.0,69185.0,34.3,34.85,34.3,34.85,-0.1,3.0
3150,2025-02-19,10072.0,347374.0,34.5,34.95,34.1,34.95,0.1,31.0
3150,2025-02-20,23001.0,798635.0,34.55,35.0,34.0,34.75,-0.2,12.0
3150,2025-02-21,20577.0,713766.0,34.75,34.9,34.35,34.85,0.1,15.0
3150,2025-02-24,4013.0,139169.0,34.15,34.9,34.15,34.85,0.0,10.0
3150,2025-02-25,34077.0,1144629.0,33.6,33.8,33.5,33.5,-1.35,27.0
3150,2025-02-26,6006.0,202348.0,33.5,34.3,33.35,34.0,0.5,8.0
3150,2025-02-27,8500.0,286550.0,33.55,34.2,33.55,34.2,0.2,9.0
3150,2025-03-03,7024.0,233504.0,32.75,33.6,32.75,33.6,-0.6,18.0
3150,2025-03-04,5000.0,167000.0,34.0,34.0,33.0,33.9,0.3,5.0
3150,2025-03-05,23301.0,772614.0,33.2,33.75,32.95,33.75,-0.15,20.0
3150,2025-03-06,3305.0,109816.0,33.15,33.15,33.15,33.15,-0.6,9.0
3150,2025-03-07,12003.0,390299.0,32.3,33.1,32.3,33.1,-0.05,13.0
3150,2025-03-10,12096.0,399678.0,33.5,33.5,32.9,33.0,-0.1,35.0
3150,2025-03-11,4003.0,133503.0,34.0,34.0,32.8,33.2,0.2,7.0
3150,2025-03-12,20015.0,647597.0,32.5,32.55,32.0,32.3,-0.9,21.0
3150,2025-03-13,73115.0,2289102.0,32.6,32.6,31.0,31.3,-1.0,58.0
3150,2025-03-14,7614.0,240510.0,32.0,32.0,31.3,31.65,0.35,20.0
3150,2025-03-17,29091.0,896057.0,32.4,32.4,30.65,31.1,-0.55,46.0
3150,2025-03-18,6538.0,204389.0,31.1,31.35,31.1,31.3,0.2,22.0
3150,2025-03-19,32027.0,983484.0,30.45,31.0,30.45,30.65,-0.65,24.0
3150,2025-03-20,39018.0,1199016.0,30.75,31.0,30.6,30.65,0.0,31.0
3150,2025-03-21,42044.0,1286754.0,30.6,30.9,30.5,30.5,-0.15,30.0
3150,2025-03-24,12002.0,368763.0,31.7,31.7,30.55,30.6,0.1,11.0
3150,2025-03-25,4502.0,137162.0,30.5,30.5,30.45,30.45,-0.15,11.0
3150,2025-03-26,22210.0,710679.0,31.5,32.9,31.5,31.9,1.45,22.0
3150,2025-03-27,13251.0,410795.0,30.7,31.6,30.7,30.95,-0.95,17.0
3150,2025-03-28,61348.0,1920641.0,31.0,31.9,30.6,30.85,-0.1,53.0
3150,2025-03-31,67091.0,1990479.0,30.15,30.2,29.3,30.0,-0.85,70.0
3150,2025-04-01,17003.0,518187.0,30.0,30.8,30.0,30.1,0.1,19.0
3150,2025-04-02,35005.0,1052535.0,30.2,30.7,29.9,29.95,-0.15,33.0
3150,2025-04-07,31388.0,847505.0,27.0,27.0,27.0,27.0,-2.95,29.0
3150,2025-04-08,194015.0,4751419.0,24.3,25.7,24.3,25.4,-1.6,109.0
3150,2025-04-09,128098.0,2947735.0,26.0,26.0,22.9,22.9,-2.5,73.0
3150,2025-04-10,109773.0,2626287.0,23.6,24.3,23.05,23.6,0.7,89.0
3150,2025-04-11,50021.0,1130517.0,23.05,23.2,22.2,22.5,-1.1,34.0
3150,2025-04-14,316328.0,6932662.0,22.55,22.55,21.4,21.8,-0.7,120.0
3150,2025-04-15,121788.0,2656174.0,22.4,22.4,21.2,22.0,0.2,40.0
3150,2025-04-16,5055.0,112352.0,22.1,23.0,22.0,22.0,0.0,9.0
3150,2025-04-17,26000.0,571750.0,22.1,22.1,21.5,22.0,0.0,20.0
3150,2025-04-18,3382.0,73954.0,21.8,21.9,21.8,21.9,-0.1,8.0
3150,2025-04-21,90014.0,1873599.0,21.7,21.7,20.35,21.6,-0.3,45.0
3150,2025-04-22,55895.0,1158541.0,21.0,21.0,20.65,20.65,-0.95,37.0
3150,2025-04-23,47000.0,985150.0,20.9,21.05,20.9,21.0,0.35,28.0
3150,2025-04-24,23255.0,488201.0,20.95,21.2,20.95,21.2,0.2,13.0
3150,2025-04-25,123001.0,2606019.0,22.5,22.5,21.0,21.05,-0.15,29.0
3150,2025-04-28,6002.0,127040.0,21.1,21.5,21.05,21.5,0.45,8.0
3150,2025-04-29,59005.0,1275857.0,21.6,22.0,21.35,22.0,0.5,37.0
3150,2025-04-30,36026.0,791008.0,22.35,22.5,21.8,22.0,0.0,24.0
3150,2025-05-02,3324.0,72578.0,22.0,22.0,22.0,22.0,0.0,12.0
3150,2025-05-05,19000.0,415450.0,22.55,22.55,21.6,21.6,-0.4,15.0
3150,2025-05-06,10303.0,222744.0,21.6,21.7,21.55,21.7,0.1,8.0
3150,2025-05-07,42000.0,907850.0,22.5,22.5,21.5,21.55,-0.15,22.0
3150,2025-05-08,93000.0,1993450.0,21.6,22.05,21.0,22.05,0.5,28.0
3150,2025-05-09,18000.0,397750.0,23.0,23.0,21.75,21.75,-0.3,15.0
3150,2025-05-12,57101.0,1225361.0,21.75,21.8,20.85,21.5,-0.25,35.0
3150,2025-05-13,32000.0,698300.0,21.45,21.95,21.45,21.95,0.45,23.0
3150,2025-05-14,66258.0,1555764.0,21.95,24.1,21.95,24.1,2.15,102.0
3150,2025-05-15,79142.0,2014352.0,24.5,26.5,24.1,26.3,2.2,65.0
3150,2025-05-16,184061.0,4575129.0,26.3,27.35,23.7,23.7,-2.6,137.0
3150,2025-05-19,51041.0,1154913.0,23.5,23.5,22.4,22.45,-1.25,36.0
3150,2025-05-20,106101.0,2488081.0,23.1,23.9,23.0,23.25,0.8,59.0
3150,2025-05-21,58130.0,1359213.0,23.3,23.7,23.1,23.2,-0.05,35.0
3150,2025-05-22,55000.0,1269550.0,23.3,23.3,23.0,23.25,0.05,29.0
3150,2025-05-23,47874.0,1103661.0,23.0,23.15,23.0,23.05,-0.2,22.0
3150,2025-05-26,5601.0,129046.0,22.7,23.4,22.7,22.8,-0.25,59.0
3150,2025-05-27,22050.0,504850.0,23.2,23.2,22.6,22.6,-0.2,17.0
3150,2025-05-28,14075.0,318621.0,23.0,23.0,22.5,22.5,-0.1,14.0
3150,2025-05-29,8000.0,181600.0,23.25,23.25,22.5,22.9,0.4,8.0
3150,2025-06-02,12006.0,270086.0,22.75,22.75,22.3,22.3,-0.6,9.0
3150,2025-06-03,43050.0,953524.0,22.35,22.5,22.0,22.05,-0.25,31.0
3150,2025-06-04,34096.0,766033.0,22.25,22.7,22.05,22.05,0.0,25.0
3150,2025-06-05,106053.0,2452300.0,22.55,24.0,22.35,23.0,0.95,51.0
3150,2025-06-06,18206.0,416766.0,22.95,23.0,22.7,22.8,-0.2,13.0
3150,2025-06-09,34005.0,755264.0,22.3,22.5,22.1,22.45,-0.35,22.0
3150,2025-06-10,32314.0,726068.0,22.35,22.65,22.3,22.55,0.1,24.0
3150,2025-06-11,21096.0,472074.0,22.4,22.5,22.15,22.3,-0.25,15.0
3150,2025-06-12,17482.0,398524.0,22.3,23.5,22.3,23.35,1.05,25.0
3150,2025-06-13,36005.0,832466.0,23.35,23.4,22.85,23.3,-0.05,17.0
3150,2025-06-16,10155.0,231400.0,22.85,22.9,22.6,22.9,-0.4,14.0
3150,2025-06-17,22909.0,515936.0,22.6,22.9,22.2,22.9,0.0,28.0
3150,2025-06-18,21222.0,487922.0,22.9,23.15,22.9,23.15,0.25,19.0
3150,2025-06-19,49583.0,1095078.0,22.4,22.4,22.0,22.0,0.0,26.0
3150,2025-06-20,11007.0,240901.0,22.0,22.15,21.75,21.75,-0.25,12.0
3150,2025-06-23,22000.0,476600.0,21.75,21.8,21.5,21.8,0.05,15.0
3150,2025-06-24,36493.0,804547.0,21.9,22.4,21.9,22.2,0.4,24.0
3150,2025-06-25,51000.0,1156200.0,22.45,23.0,22.45,23.0,0.8,30.0
3150,2025-06-26,19000.0,436950.0,22.75,23.2,22.6,22.6,-0.4,16.0
3150,2025-06-27,17000.0,386050.0,22.7,22.95,22.6,22.6,0.0,14.0
3150,2025-06-30,67674.0,1482530.0,22.2,22.2,21.6,22.0,-0.6,47.0
3150,2025-07-01,19000.0,417500.0,22.0,22.2,21.7,22.0,0.0,14.0
3150,2025-07-02,10000.0,217650.0,21.7,22.05,21.65,22.05,0.05,6.0
3150,2025-07-03,134859.0,3087209.0,21.9,23.8,21.75,23.35,1.3,80.0
3150,2025-07-04,18000.0,413750.0,23.0,23.1,22.7,22.8,-0.55,12.0
3150,2025-07-07,20000.0,449000.0,22.65,22.65,22.3,22.5,-0.3,13.0
3150,2025-07-08,40000.0,883750.0,22.0,22.5,21.6,22.5,0.0,19.0
3150,2025-07-09,36000.0,808300.0,22.1,22.85,22.0,22.6,0.1,17.0
3150,2025-07-10,6000.0,133400.0,22.25,22.25,22.2,22.2,-0.4,3.0
3150,2025-07-11,50000.0,1095250.0,22.4,22.4,21.65,21.7,-0.5,23.0
3150,2025-07-14,29000.0,625250.0,21.7,21.9,21.25,21.25,-0.45,18.0
3150,2025-07-15,46973.0,998980.0,21.25,21.4,21.25,21.25,0.0,21.0
3150,2025-07-16,54004.0,1155434.0,21.3,21.7,21.2,21.6,0.35,33.0
3150,2025-07-17,26000.0,559100.0,21.0,21.7,21.0,21.6,0.0,11.0
3150,2025-07-18,15000.0,325500.0,21.8,21.8,21.6,21.65,0.05,10.0
3150,2025-07-21,54195.0,1183921.0,21.05,22.65,21.05,22.65,1.0,31.0
3150,2025-07-22,49000.0,1099400.0,21.8,22.7,21.8,22.6,-0.05,29.0
3150,2025-07-23,22001.0,499422.0,22.7,22.8,22.65,22.7,0.1,15.0
3150,2025-07-24,6500.0,146525.0,22.7,22.75,22.7,22.75,0.05,6.0
3150,2025-07-25,15000.0,333900.0,22.3,22.3,22.2,22.2,-0.55,10.0
3150,2025-07-28,17000.0,379250.0,22.3,22.4,22.2,22.4,0.2,8.0
3150,2025-07-29,4000.0,87650.0,21.85,22.0,21.8,22.0,-0.4,4.0
3150,2025-07-30,21000.0,461800.0,22.1,22.15,21.75,21.8,-0.2,5.0
3150,2025-07-31,39000.0,881300.0,22.3,23.05,22.3,22.7,0.9,23.0
3150,2025-08-01,12000.0,266950.0,21.6,22.7,21.6,22.3,-0.4,8.0
3150,2025-08-04,6104.0,139284.0,22.85,22.85,22.7,22.7,0.4,13.0
3150,2025-08-05,4000.0,89950.0,22.7,22.7,22.05,22.05,-0.65,4.0
3150,2025-08-06,66642.0,1499729.0,22.2,22.9,22.1,22.7,0.65,39.0
3150,2025-08-07,9041.0,204350.0,22.55,22.7,22.5,22.5,-0.2,11.0
3150,2025-08-08,21000.0,464650.0,22.0,22.3,22.0,22.1,-0.4,8.0
3150,2025-08-11,99751.0,2173226.0,22.1,22.1,21.6,21.6,-0.5,53.0
3150,2025-08-12,63001.0,1359769.0,22.0,22.0,21.3,21.65,0.05,26.0
3150,2025-08-13,81816.0,1777852.0,21.95,22.4,21.3,21.35,-0.3,39.0
3150,2025-08-14,5000.0,108850.0,21.8,21.8,21.65,21.8,0.45,4.0
3150,2025-08-15,10014.0,218896.0,21.9,22.1,21.7,21.7,-0.1,20.0
3150,2025-08-18,33001.0,723272.0,21.85,22.2,21.8,21.85,0.15,14.0
3150,2025-08-19,31000.0,676050.0,22.05,22.05,21.75,21.8,-0.05,11.0
3150,2025-08-20,98266.0,2122559.0,21.7,21.85,21.0,21.0,-0.8,50.0
3150,2025-08-21,71000.0,1519350.0,21.65,22.15,21.05,21.45,0.45,31.0
3150,2025-08-22,26001.0,555872.0,21.4,21.45,21.25,21.45,0.0,14.0
3150,2025-08-25,34600.0,731570.0,21.15,21.3,21.0,21.3,-0.15,24.0
3150,2025-08-26,81030.0,1704277.0,21.3,21.3,20.75,20.85,-0.45,42.0
3150,2025-08-27,146320.0,3350726.0,22.9,22.9,22.9,22.9,2.05,65.0
3150,2025-08-28,156374.0,3461433.0,21.9,22.75,21.9,21.95,-0.95,91.0
3150,2025-08-29,243990.0,5579580.0,24.0,24.0,22.25,22.35,0.4,112.0
3150,2025-09-01,50605.0,1112849.0,22.35,22.35,21.75,22.0,-0.35,32.0
3150,2025-09-02,75100.0,1622916.0,22.2,22.2,21.4,21.6,-0.4,43.0
3150,2025-09-03,76289.0,1705642.0,21.55,22.5,21.55,22.3,0.7,41.0
3150,2025-09-04,106042.0,2431441.0,22.2,23.75,22.1,23.75,1.45,61.0
3150,2025-09-05,122071.0,2843493.0,24.8,24.8,22.85,23.5,-0.25,64.0
3150,2025-09-08,65000.0,1505050.0,24.3,24.3,22.6,22.95,-0.55,31.0
3150,2025-09-09,23150.0,528824.0,23.1,23.1,22.6,22.6,-0.35,21.0
3150,2025-09-10,87506.0,1945124.0,22.3,22.55,22.0,22.15,-0.45,77.0
3150,2025-09-11,106000.0,2316550.0,22.9,22.9,21.4,21.5,-0.65,53.0
3150,2025-09-12,61100.0,1322400.0,21.5,21.9,21.4,21.4,-0.1,36.0
3150,2025-09-15,146295.0,3123009.0,21.4,21.55,21.1,21.4,0.0,68.0
3150,2025-09-16,85115.0,1809859.0,21.4,21.5,21.1,21.35,-0.05,42.0
3150,2025-09-17,51250.0,1099907.0,21.4,21.65,21.35,21.65,0.3,65.0
3150,2025-09-18,86392.0,1882828.0,22.0,22.0,21.6,21.65,0.0,38.0
3150,2025-09-19,19201.0,416971.0,21.65,21.9,21.5,21.9,0.25,12.0
3150,2025-09-22,56001.0,1240072.0,22.1,22.65,21.9,22.35,0.45,26.0
3150,2025-09-23,57000.0,1240650.0,22.1,22.1,21.4,22.1,-0.25,29.0
3150,2025-09-24,15000.0,332050.0,22.45,22.45,22.0,22.1,0.0,13.0
3150,2025-09-25,15689.0,346926.0,22.0,22.2,22.0,22.1,0.0,11.0
3150,2025-09-26,15000.0,327400.0,22.0,22.0,21.7,21.75,-0.35,7.0
3150,2025-09-30,84001.0,1874373.0,21.75,22.9,21.7,22.75,1.0,35.0
3150,2025-10-01,53063.0,1187152.0,22.75,22.75,22.0,22.0,-0.75,25.0
3150,2025-10-02,2001.0,43823.0,22.0,22.0,21.8,21.8,-0.2,3.0
3150,2025-10-03,18001.0,390921.0,21.75,21.75,21.7,21.75,-0.05,11.0
3150,2025-10-07,8199.0,178179.0,21.75,21.75,21.75,21.75,0.0,6.0
3150,2025-10-08,44038.0,947546.0,21.55,21.75,21.5,21.5,-0.25,20.0
3150,2025-10-09,25802.0,553081.0,21.3,21.6,21.1,21.6,0.1,15.0
3150,2025-10-13,36001.0,767471.0,21.2,21.65,21.1,21.1,-0.5,20.0
3150,2025-10-14,156004.0,3240637.0,21.45,21.75,20.0,21.5,0.4,78.0
3150,2025-10-15,121766.0,2521295.0,21.0,21.0,20.45,20.5,-1.0,94.0
3150,2025-10-16,27831.0,577436.0,20.55,21.0,20.55,20.75,0.25,16.0
3150,2025-10-17,14000.0,290150.0,20.75,20.8,20.55,20.8,0.05,7.0
3150,2025-10-20,27932.0,585154.0,22.0,22.0,20.5,20.5,-0.3,20.0
3150,2025-10-21,200898.0,4308969.0,20.5,22.55,20.25,22.2,1.7,98.0
3150,2025-10-22,162821.0,3418002.0,22.2,22.2,20.5,21.2,-1.0,103.0
3150,2025-10-23,77000.0,1608150.0,20.5,21.35,20.45,21.3,0.1,36.0
3150,2025-10-27,19422.0,422088.0,22.0,22.0,21.45,21.45,0.15,19.0
3150,2025-10-28,1000.0,21150.0,21.15,21.15,21.15,21.15,-0.3,1.0
3150,2025-10-29,96002.0,2009344.0,21.15,21.2,20.5,21.2,0.05,49.0
3150,2025-10-30,91005.0,1865003.0,20.7,20.7,20.35,20.35,-0.85,45.0
3150,2025-10-31,98678.0,2032749.0,20.5,21.2,20.05,21.2,0.85,57.0
3150,2025-11-03,40110.0,826335.0,20.6,20.85,20.5,20.55,-0.65,29.0
3150,2025-11-04,93051.0,1879098.0,20.55,20.55,19.9,19.9,-0.65,57.0
3150,2025-11-05,49991.0,990046.0,19.85,20.2,19.35,19.8,-0.1,41.0
3150,2025-11-06,66000.0,1341100.0,19.9,20.85,19.9,20.3,0.5,36.0
3150,2025-11-07,61000.0,1242350.0,20.3,20.6,20.1,20.3,0.0,27.0
3150,2025-11-10,34000.0,684350.0,20.3,20.4,20.05,20.1,-0.2,20.0
3150,2025-11-11,138000.0,2740600.0,19.9,20.1,19.4,19.65,-0.45,57.0
3150,2025-11-12,8101.0,159550.0,19.7,19.8,19.6,19.65,0.0,9.0
3150,2025-11-13,186591.0,3578184.0,19.8,19.8,18.75,19.5,-0.15,96.0
3150,2025-11-14,50000.0,957000.0,19.0,19.4,19.0,19.0,-0.5,28.0
3150,2025-11-17,77001.0,1434668.0,19.0,19.0,18.35,18.35,-0.65,41.0
3150,2025-11-18,133381.0,2330762.0,18.15,18.15,17.05,18.0,-0.35,72.0
3150,2025-11-19,51000.0,918450.0,18.05,18.45,17.8,17.8,-0.2,28.0
3150,2025-11-20,68512.0,1230615.0,18.2,18.2,17.8,17.8,0.0,54.0
3150,2025-11-21,148740.0,2584044.0,17.4,17.7,17.1,17.25,-0.55,75.0
3150,2025-11-24,24181.0,417257.0,17.45,17.45,17.15,17.15,-0.1,26.0
3150,2025-11-25,30632.0,527947.0,17.2,17.5,17.15,17.35,0.2,19.0
3150,2025-11-26,42001.0,750617.0,17.8,18.1,17.4,17.55,0.2,28.0
3150,2025-11-27,78131.0,1404158.0,17.8,18.25,17.8,17.85,0.3,40.0
3150,2025-11-28,79001.0,1427617.0,17.9,18.45,17.4,18.25,0.4,39.0
3150,2025-12-01,14000.0,252000.0,18.0,18.05,17.95,18.05,-0.2,6.0
3150,2025-12-02,46053.0,846959.0,18.35,18.95,18.05,18.95,0.9,22.0
3150,2025-12-03,23363.0,439133.0,19.2,19.2,18.65,18.8,-0.15,26.0
3150,2025-12-04,26281.0,490423.0,18.45,19.0,18.45,18.6,-0.2,20.0
3150,2025-12-05,110218.0,2082387.0,18.35,19.4,18.35,19.4,0.8,44.0
3150,2025-12-08,71974.0,1359282.0,19.4,19.4,18.5,19.2,-0.2,59.0
3150,2025-12-09,2405.0,44923.0,18.65,18.7,18.65,18.7,-0.5,3.0
3150,2025-12-10,17013.0,324034.0,19.05,19.3,19.0,19.0,0.3,12.0
3150,2025-12-11,72837.0,1372303.0,18.8,19.25,18.7,18.7,-0.3,35.0
3150,2025-12-12,18000.0,340900.0,18.75,19.2,18.75,19.2,0.5,9.0
3150,2025-12-15,98217.0,1998351.0,19.6,21.1,19.6,20.2,1.0,66.0
3150,2025-12-16,30090.0,591921.0,20.0,20.0,19.05,19.65,-0.55,25.0
3150,2025-12-17,7557.0,147327.0,19.55,19.6,19.5,19.5,-0.15,14.0
3150,2025-12-18,7000.0,135550.0,19.4,19.4,19.3,19.3,-0.2,5.0
3150,2025-12-19,54021.0,1065857.0,19.6,20.05,19.55,19.7,0.4,30.0
3150,2025-12-22,27000.0,529900.0,19.75,19.85,19.35,19.35,-0.35,17.0
3150,2025-12-23,133598.0,2645418.0,19.35,21.2,19.05,21.15,1.8,33.0
3150,2025-12-24,126199.0,2544278.0,20.9,20.9,19.8,19.9,-1.25,71.0
3150,2025-12-26,53055.0,1054641.0,19.95,20.2,19.75,19.75,-0.15,38.0
3150,2025-12-29,31016.0,605072.0,19.75,19.85,19.2,19.3,-0.45,26.0
3150,2025-12-30,19001.0,367169.0,19.6,19.6,19.25,19.4,0.1,10.0
3150,2025-12-31,33041.0,645273.0,19.65,19.7,19.2,19.7,0.3,24.0
3150,2026-01-02,146019.0,2993483.0,20.0,20.85,20.0,20.45,0.75,69.0
3150,2026-01-05,119455.0,2558150.0,21.0,21.85,20.75,21.5,1.05,93.0
3150,2026-01-06,243272.0,5214934.0,22.05,22.05,21.05,22.0,0.5,119.0
3150,2026-01-07,51509.0,1116418.0,21.95,21.95,21.5,21.6,-0.4,44.0
3150,2026-01-08,76347.0,1638304.0,21.4,21.7,21.15,21.15,-0.45,47.0
3150,2026-01-09,73689.0,1530619.0,21.65,21.65,20.35,20.65,-0.5,47.0
3150,2026-01-12,48091.0,983710.0,20.55,20.75,20.2,20.65,0.0,36.0
3150,2026-01-13,35631.0,716528.0,20.4,20.4,19.85,20.0,-0.65,32.0
3150,2026-01-14,34281.0,692522.0,20.0,20.5,20.0,20.05,0.05,22.0
3150,2026-01-15,37741.0,753794.0,20.05,20.15,19.85,19.9,-0.15,20.0
3150,2026-01-16,36008.0,714207.0,19.9,19.95,19.65,19.9,0.0,25.0
3150,2026-01-19,107331.0,2100596.0,18.85,20.05,18.85,19.9,0.0,58.0
3150,2026-01-20,66162.0,1332037.0,20.1,20.45,19.7,20.05,0.15,45.0
3150,2026-01-21,31108.0,611768.0,19.7,19.8,19.6,19.8,-0.25,23.0
3150,2026-01-22,48139.0,939822.0,19.55,19.8,19.35,19.6,-0.2,30.0
3150,2026-01-23,29000.0,569500.0,19.95,19.95,19.5,19.6,0.0,10.0
3150,2026-01-26,97000.0,1881150.0,19.6,19.6,19.05,19.35,-0.25,55.0
3150,2026-01-27,28002.0,543388.0,19.45,19.5,19.35,19.4,0.05,21.0
3150,2026-01-28,111000.0,2088350.0,19.4,19.4,18.5,18.6,-0.8,58.0
3150,2026-01-29,103007.0,1907228.0,18.1,19.15,18.1,18.65,0.05,59.0
3150,2026-01-30,116500.0,2120925.0,18.75,18.85,18.05,18.1,-0.55,47.0
3150,2026-02-02,87005.0,1538138.0,17.5,18.0,17.4,17.75,-0.35,58.0
3150,2026-02-03,95100.0,1701925.0,17.8,18.4,17.65,17.65,-0.1,63.0
3150,2026-02-04,58002.0,1030038.0,17.65,18.0,17.6,17.65,0.0,38.0
3150,2026-02-05,59389.0,1062152.0,17.9,18.35,17.65,17.65,0.0,40.0
3150,2026-02-06,18345.0,325315.0,17.85,17.85,17.65,17.65,0.0,17.0
3150,2026-02-09,32315.0,571072.0,17.85,17.95,17.55,17.55,-0.1,26.0
3150,2026-02-10,35000.0,613100.0,17.55,17.75,17.45,17.45,-0.1,20.0
3150,2026-02-11,111000.0,1918000.0,17.45,17.8,17.05,17.2,-0.25,55.0
3150,2026-02-23,56000.0,996250.0,17.2,17.95,17.2,17.95,0.75,27.0
3150,2026-02-24,26435.0,472255.0,17.85,18.0,17.75,17.75,-0.2,27.0
3150,2026-02-25,16305.0,289515.0,17.85,17.85,17.65,17.8,0.05,19.0
3150,2026-02-26,103000.0,1800400.0,17.5,17.7,17.4,17.45,-0.35,45.0
3150,2026-03-02,106724.0,1822846.0,18.1,18.1,17.0,17.05,-0.4,58.0
3150,2026-03-03,18218.0,313288.0,16.9,17.75,16.55,17.2,0.15,23.0
3150,2026-03-04,47008.0,808584.0,18.65,18.65,16.8,16.8,-0.4,40.0
3150,2026-03-05,21460.0,360569.0,17.0,17.0,16.75,16.75,-0.05,18.0
3150,2026-03-06,5462.0,91887.0,16.75,16.95,16.75,16.95,0.2,9.0
3150,2026-03-09,148534.0,2369449.0,16.55,16.55,15.4,15.6,-1.35,81.0
3150,2026-03-10,86914.0,1381389.0,15.9,16.2,15.65,16.0,0.4,57.0
3150,2026-03-11,59139.0,967677.0,16.4,16.65,16.1,16.15,0.15,50.0
3150,2026-03-12,48260.0,795502.0,16.45,16.95,16.15,16.15,0.0,259.0
3150,2026-03-13,51154.0,823014.0,15.85,16.4,15.8,15.9,-0.25,141.0
3150,2026-03-16,87244.0,1386262.0,15.7,16.15,15.7,15.9,0.0,188.0
3150,2026-03-17,201798.0,3350483.0,16.1,17.45,15.75,15.75,-0.15,162.0
3150,2026-03-18,31735.0,511743.0,16.0,16.3,16.0,16.1,0.35,144.0
3150,2026-03-19,58709.0,941349.0,15.8,16.3,15.8,15.95,-0.15,94.0
3150,2026-03-20,72145.0,1161040.0,15.95,16.25,15.85,15.95,0.0,74.0
3150,2026-03-23,34410.0,555533.0,15.95,16.35,15.95,16.0,0.05,62.0
3150,2026-03-24,262321.0,4564455.0,16.3,17.6,16.3,17.6,1.6,172.0
3150,2026-03-25,506327.0,9073282.0,16.9,19.35,16.9,19.35,1.75,368.0
3150,2026-03-26,254880.0,4881258.0,19.75,19.75,18.5,18.5,-0.85,209.0
3150,2026-03-27,67184.0,1245215.0,18.45,18.8,18.3,18.8,0.3,72.0
3150,2026-03-30,70228.0,1278655.0,18.2,18.7,18.05,18.2,-0.6,79.0
3150,2026-03-31,69311.0,1221100.0,19.5,19.5,17.3,17.3,-0.9,105.0
3150,2026-04-01,121542.0,2156379.0,17.35,18.35,17.0,17.3,0.0,123.0
3150,2026-04-02,75046.0,1326145.0,17.45,18.1,17.15,17.85,0.55,76.0
3150,2026-04-07,11164.0,199598.0,17.85,18.0,17.75,17.75,-0.1,64.0
3150,2026-04-08,43022.0,786911.0,19.0,19.0,17.75,18.05,0.3,46.0
3150,2026-04-09,47256.0,853282.0,18.2,18.5,17.6,18.0,-0.05,46.0
3150,2026-04-10,83146.0,1527976.0,18.05,18.9,18.0,18.2,0.2,96.0
3150,2026-04-13,40079.0,762451.0,19.7,19.9,18.35,18.35,0.15,109.0
3150,2026-04-14,80098.0,1472359.0,18.55,18.95,18.05,18.45,0.1,90.0
3150,2026-04-15,52053.0,971198.0,18.9,18.95,18.4,18.55,0.1,94.0
3150,2026-04-16,81257.0,1547678.0,18.5,19.4,18.5,19.4,0.85,274.0
3150,2026-04-17,36193.0,702413.0,19.25,19.85,19.0,19.2,-0.2,207.0
3150,2026-04-20,74110.0,1376774.0,19.2,19.2,18.0,18.45,-0.75,834.0
3150,2026-04-21,256121.0,5075926.0,18.45,20.25,18.45,20.25,1.8,441.0
3150,2026-04-22,452379.0,9539548.0,21.0,22.25,20.0,22.1,1.85,929.0
3150,2026-04-23,768239.0,17510598.0,22.85,24.3,20.45,21.55,-0.55,644.0
3150,2026-04-24,201599.0,4295406.0,21.4,22.1,20.8,21.1,-0.45,212.0
3150,2026-04-27,115224.0,2304926.0,21.1,21.1,19.7,20.05,-1.05,87.0
3150,2026-04-28,175488.0,3387172.0,20.15,20.15,19.1,19.15,-0.9,94.0
3150,2026-04-29,32052.0,622911.0,20.0,20.0,19.2,19.4,0.25,27.0
3150,2026-04-30,34282.0,661644.0,19.4,19.4,19.1,19.1,-0.3,27.0
3150,2026-05-04,27600.0,528979.0,19.0,19.25,19.0,19.2,0.1,30.0
3150,2026-05-05,43004.0,818078.0,19.1,19.2,18.8,19.2,0.0,26.0
3150,2026-05-06,69066.0,1295404.0,19.4,19.4,18.55,18.55,-0.65,49.0
3150,2026-05-07,44917.0,833610.0,18.6,18.85,18.45,18.55,0.0,49.0
3150,2026-05-08,386215.0,7558833.0,18.45,20.2,18.45,19.95,1.4,140.0
3150,2026-05-11,124350.0,2448258.0,20.0,20.1,19.5,19.55,-0.4,89.0
3150,2026-05-12,105007.0,1963824.0,18.15,19.15,18.15,18.7,-0.85,75.0
3150,2026-05-13,69267.0,1275404.0,18.7,18.85,18.15,18.85,0.15,50.0
3150,2026-05-14,46169.0,849897.0,18.85,18.85,18.2,18.25,-0.6,35.0
3150,2026-05-15,63003.0,1157004.0,18.5,18.7,18.25,18.3,0.05,41.0
3150,2026-05-18,25068.0,452720.0,18.15,18.15,18.0,18.0,-0.3,24.0
3150,2026-05-19,17001.0,307618.0,18.05,18.2,18.0,18.15,0.15,15.0
3150,2026-05-20,10003.0,182153.0,18.15,18.3,18.15,18.2,0.05,12.0
3150,2026-05-21,170565.0,3329488.0,18.25,20.0,18.25,19.75,1.55,97.0
3150,2026-05-22,134020.0,2658723.0,19.65,20.15,19.5,20.15,0.4,77.0
3150,2026-05-25,121263.0,2433601.0,20.15,20.8,19.8,19.8,-0.35,91.0
3150,2026-05-26,68511.0,1336827.0,19.85,19.85,19.35,19.45,-0.35,51.0
3150,2026-05-27,80162.0,1552756.0,19.6,19.6,18.95,19.0,-0.45,54.0
3150,2026-05-28,127809.0,2517005.0,19.0,20.7,18.9,19.85,0.85,88.0
3150,2026-05-29,128293.0,2588484.0,20.15,20.5,19.9,20.15,0.3,72.0
3150,2026-06-01,65375.0,1338337.0,20.25,20.8,20.25,20.4,0.25,53.0
3150,2026-06-02,21068.0,423189.0,20.1,20.15,20.05,20.15,-0.25,23.0
3150,2026-06-03,62305.0,1251439.0,20.05,20.35,20.0,20.2,0.05,35.0
3150,2026-06-04,31063.0,622315.0,20.05,20.15,19.9,19.9,-0.3,22.0
3150,2026-06-05,48000.0,949850.0,19.85,20.1,19.7,19.85,-0.05,23.0
3150,2026-06-08,68564.0,1285991.0,19.6,19.6,18.5,18.9,-0.95,58.0
3150,2026-06-09,44300.0,830320.0,18.9,18.9,18.6,18.8,-0.1,27.0
3150,2026-06-10,87324.0,1630738.0,18.8,19.0,18.3,18.65,-0.15,63.0
3150,2026-06-11,47202.0,859994.0,18.4,18.55,18.0,18.2,-0.45,45.0
3150,2026-06-12,29070.0,536487.0,18.3,18.75,18.3,18.35,0.15,22.0
3150,2026-06-15,30010.0,552234.0,18.65,18.65,18.35,18.5,0.15,23.0
3150,2026-06-16,78100.0,1436210.0,18.4,18.65,18.3,18.5,0.0,45.0
3150,2026-06-17,91261.0,1671679.0,18.45,18.5,18.25,18.3,-0.2,62.0
3150,2026-06-18,46500.0,867759.0,18.25,18.8,18.2,18.8,0.5,29.0
3150,2026-06-22,344682.0,6867047.0,19.0,20.65,19.0,19.95,1.15,168.0
3150,2026-06-23,146602.0,2958386.0,20.45,20.5,20.0,20.15,0.2,86.0
3150,2026-06-24,128400.0,2561639.0,20.15,20.35,19.5,19.7,-0.45,80.0
3150,2026-06-25,147000.0,2933350.0,20.25,20.7,19.5,19.85,0.15,96.0
3150,2026-06-26,125186.0,2396135.0,19.85,19.85,18.8,18.8,-1.05,120.0
3150,2026-06-29,39005.0,732090.0,18.8,19.0,18.7,19.0,0.2,24.0
3150,2026-06-30,39064.0,737971.0,19.4,19.4,18.75,18.85,-0.15,40.0
3150,2026-07-01,63200.0,1190840.0,19.05,19.05,18.7,18.75,-0.1,48.0
3150,2026-07-02,93000.0,1759850.0,19.25,19.25,18.65,19.15,0.4,59.0
3150,2026-07-03,82006.0,1566265.0,19.75,19.75,18.8,19.15,0.0,51.0
3150,2026-07-06,58001.0,1096619.0,19.15,19.2,18.75,19.05,-0.1,34.0
3150,2026-07-07,73101.0,1376717.0,18.85,19.1,18.7,18.7,-0.35,44.0
3150,2026-07-08,59383.0,1085927.0,18.7,18.7,18.1,18.25,-0.45,44.0
3150,2026-07-09,22000.0,401250.0,18.25,18.4,18.1,18.3,0.05,19.0
3150,2026-07-13,110004.0,1991570.0,18.45,18.45,17.95,18.05,-0.25,63.0
3150,2026-07-14,57000.0,989100.0,17.9,17.9,17.1,17.4,0.0,40.0
3150,2026-07-15,44010.0,771629.0,17.4,17.85,17.35,17.85,0.45,39.0
3150,2026-07-16,17008.0,299092.0,17.65,17.8,17.45,17.55,-0.3,13.0
3150,2026-07-17,31001.0,531917.0,17.25,17.45,17.0,17.2,-0.35,24.0
3150,2026-07-20,52009.0,879603.0,16.85,17.25,16.75,16.8,-0.4,39.0
3150,2026-07-21,45050.0,761084.0,16.6,17.2,16.6,17.0,0.2,28.0
3150,2026-07-22,15000.0,256150.0,16.85,17.2,16.85,17.05,0.05,14.0
3150,2026-07-23,31001.0,524417.0,17.25,17.4,16.75,16.9,-0.15,21.0
3150,2026-07-24,24000.0,399700.0,16.7,16.8,16.55,16.8,-0.1,16.0
3150,2026-07-27,7001.0,117866.0,16.8,17.0,16.7,16.7,-0.1,8.0
3150,2026-07-28,83121.0,1343308.0,16.65,16.65,15.75,16.35,-0.35,42.0
3150,2026-07-29,113865.0,1733054.0,16.25,16.25,14.85,14.9,-1.45,76.0
3150,2026-07-30,51051.0,767131.0,14.9,15.2,14.9,15.0,0.1,37.0
3150,2026-07-31,67000.0,1069850.0,15.6,16.4,15.6,16.2,1.2,51.0
3150,2026-08-03,20100.0,320355.0,15.6,16.15,15.6,16.05,-0.15,20.0
3150,2026-08-04,38001.0,608065.0,15.55,16.2,15.55,16.2,0.15,27.0
3150,2026-08-05,60000.0,989500.0,16.2,16.8,16.2,16.25,0.05,41.0
3150,2026-08-06,19180.0,309576.0,16.25,16.25,16.05,16.15,-0.1,15.0
3150,2026-08-07,49054.0,820014.0,16.7,17.05,16.4,16.65,0.5,42.0
3150,2026-08-10,82000.0,1421850.0,17.05,17.75,16.75,17.75,1.1,41.0
3150,2026-08-11,53080.0,924818.0,17.55,17.8,17.2,17.8,0.05,31.0
3150,2026-08-12,40624.0,728339.0,17.75,18.1,17.75,17.9,0.1,40.0
3150,2026-08-13,33001.0,594367.0,18.15,18.55,17.75,17.75,-0.15,18.0
3150,2026-08-14,35000.0,615700.0,18.2,18.5,17.1,17.2,-0.55,23.0
3150,2026-08-17,61009.0,1048536.0,17.05,17.4,17.05,17.1,-0.1,34.0
3150,2026-08-18,7000.0,119250.0,17.1,17.15,17.0,17.15,0.05,6.0
3150,2026-08-19,34000.0,587500.0,17.4,17.45,17.05,17.15,0.0,20.0
3150,2026-08-20,16001.0,277116.0,17.3,17.45,17.25,17.3,0.15,11.0
3150,2026-08-21,35000.0,605500.0,17.35,17.35,17.15,17.15,-0.15,13.0
3150,2026-08-24,21039.0,358313.0,17.15,17.2,16.9,16.9,-0.25,18.0
3150,2026-08-25,14000.0,235500.0,16.75,16.9,16.75,16.9,0.0,13.0
3150,2026-08-26,7001.0,119965.0,17.1,17.2,17.1,17.2,0.3,7.0
3150,2026-08-27,9000.0,155450.0,17.2,17.35,17.2,17.3,0.1,5.0
3150,2026-08-28,54662.0,928480.0,17.3,17.3,16.75,16.75,-0.55,41.0
3150,2026-08-31,4000.0,67200.0,16.75,16.95,16.75,16.95,0.2,4.0
3150,2026-09-01,24000.0,403150.0,16.6,17.05,16.6,17.05,0.1,17.0
3150,2026-09-02,14000.0,238350.0,17.05,17.05,16.75,17.0,-0.05,8.0
3150,2026-09-03,39000.0,648800.0,17.05,17.05,16.35,16.5,-0.5,21.0
3150,2026-09-04,3003.0,49747.0,16.5,16.6,16.5,16.6,0.1,6.0
3150,2026-09-07,6101.0,101541.0,16.7,16.7,16.6,16.65,0.05,7.0
3150,2026-09-08,92383.0,1473923.0,16.35,16.55,15.7,16.1,-0.55,69.0
3150,2026-09-09,8001.0,127516.0,15.9,16.0,15.85,15.95,-0.15,8.0
3150,2026-09-10,30003.0,482898.0,16.0,16.75,15.75,16.2,0.25,17.0
3150,2026-09-11,13251.0,209459.0,16.0,16.0,15.7,15.8,-0.4,16.0
3150,2026-09-14,112504.0,1704998.0,15.5,15.5,15.0,15.2,-0.6,52.0
3150,2026-09-15,47000.0,710850.0,15.05,15.2,15.0,15.05,-0.15,26.0
4195,2026-05-11,2408134.0,54134587.0,22.5,22.85,22.1,22.3,0.0,1462.0
4195,2026-05-12,1588873.0,35052835.0,22.5,22.7,21.25,21.25,-1.05,847.0
4195,2026-05-13,1116895.0,23476439.0,21.5,22.4,19.9,20.25,-1.0,685.0
4195,2026-05-14,901898.0,17792952.0,20.5,20.5,19.1,19.8,-0.45,634.0
4195,2026-05-15,1007495.0,19178741.0,19.8,19.8,18.2,18.65,-1.15,588.0
4195,2026-05-18,516024.0,9800810.0,18.65,19.85,18.05,19.4,0.75,318.0
4195,2026-05-19,302130.0,5673628.0,19.2,19.2,18.55,18.6,-0.8,257.0
4195,2026-05-20,196803.0,3676634.0,18.6,19.1,18.35,18.8,0.2,207.0
4195,2026-05-21,347139.0,6457814.0,19.1,19.1,18.4,18.7,-0.1,252.0
4195,2026-05-22,363104.0,6799503.0,18.75,19.0,18.5,18.85,0.15,215.0
4195,2026-05-25,745993.0,13206509.0,18.85,18.85,17.5,17.9,-0.95,533.0
4195,2026-05-26,495322.0,8483742.0,17.9,17.9,16.9,17.5,-0.4,324.0
4195,2026-05-27,351007.0,5970949.0,17.3,17.55,16.85,16.85,-0.65,296.0
4195,2026-05-28,554780.0,9383455.0,16.85,17.5,16.65,16.7,-0.15,278.0
4195,2026-05-29,468242.0,7750463.0,16.7,16.85,16.25,16.55,-0.15,308.0
4195,2026-06-01,299923.0,4966386.0,16.55,16.85,16.3,16.75,0.2,259.0
4195,2026-06-02,183894.0,3077512.0,16.75,17.05,16.6,16.85,0.1,180.0
4195,2026-06-03,444244.0,7351402.0,16.9,16.9,16.4,16.55,-0.3,268.0
4195,2026-06-04,285380.0,4857459.0,16.9,17.35,16.6,17.0,0.45,201.0
4195,2026-06-05,204391.0,3469396.0,17.0,17.35,16.6,16.85,-0.15,120.0
4195,2026-06-08,228982.0,3732272.0,16.8,16.8,16.05,16.5,-0.35,208.0
4195,2026-06-09,271084.0,4416969.0,16.2,16.5,16.15,16.25,-0.25,222.0
4195,2026-06-10,298478.0,4790195.0,16.1,16.25,15.85,16.25,0.0,188.0
4195,2026-06-11,180723.0,2898063.0,16.25,16.35,15.85,16.1,-0.15,121.0
4195,2026-06-12,196707.0,3187185.0,16.2,16.7,16.0,16.3,0.2,119.0
4195,2026-06-15,544912.0,8626826.0,16.15,16.25,15.6,15.7,-0.6,326.0
4195,2026-06-16,342634.0,5341057.0,15.6,15.9,15.35,15.7,0.0,163.0
4195,2026-06-17,133231.0,2090600.0,15.65,15.9,15.5,15.65,-0.05,143.0
4195,2026-06-18,335792.0,5238717.0,15.55,15.8,15.45,15.7,0.05,220.0
4195,2026-06-22,286932.0,4460498.0,15.7,15.8,15.4,15.5,-0.2,182.0
4195,2026-06-23,203811.0,3129057.0,15.3,15.5,15.25,15.3,-0.2,196.0
4195,2026-06-24,111265.0,1718508.0,15.9,15.9,15.35,15.45,0.15,97.0
4195,2026-06-25,93040.0,1431067.0,15.55,15.55,15.3,15.3,-0.15,78.0
4195,2026-06-26,170475.0,2595858.0,15.3,15.7,15.1,15.2,-0.1,114.0
4195,2026-06-29,70330.0,1073139.0,15.2,15.45,15.1,15.4,0.2,68.0
4195,2026-06-30,140024.0,2184101.0,15.5,15.8,15.45,15.65,0.25,94.0
4195,2026-07-01,99295.0,1544067.0,16.15,16.15,15.4,15.4,-0.25,91.0
4195,2026-07-02,700677.0,11535639.0,15.4,16.9,15.25,16.9,1.5,673.0
4195,2026-07-03,645856.0,10791085.0,17.2,17.65,16.1,16.7,-0.2,352.0
4195,2026-07-06,554381.0,9644756.0,17.25,18.0,16.8,17.45,0.75,254.0
4195,2026-07-07,953996.0,17209854.0,17.6,18.8,17.3,18.45,1.0,423.0
4195,2026-07-08,450509.0,7978838.0,18.5,18.55,17.2,17.6,-0.85,334.0
4195,2026-07-09,314963.0,5581340.0,17.65,18.2,17.05,17.85,0.25,151.0
4195,2026-07-13,226496.0,3934053.0,18.15,18.15,17.05,17.15,-0.7,167.0
4195,2026-07-14,187613.0,3132457.0,17.4,17.4,16.25,16.95,-0.2,124.0
4195,2026-07-15,124270.0,2106737.0,16.9,17.35,16.55,16.9,-0.05,143.0
4195,2026-07-16,152134.0,2569112.0,16.9,17.45,16.65,16.9,0.0,88.0
4195,2026-07-17,160881.0,2639499.0,16.5,16.6,16.3,16.4,-0.5,119.0
4195,2026-07-20,114490.0,1865832.0,16.6,16.7,16.1,16.45,0.05,83.0
4195,2026-07-21,45526.0,758858.0,16.8,16.8,16.5,16.8,0.35,50.0
4195,2026-07-22,97958.0,1609968.0,16.8,16.8,16.3,16.7,-0.1,126.0
4195,2026-07-23,166724.0,2709654.0,16.5,16.8,16.05,16.2,-0.5,106.0
4195,2026-07-24,61307.0,982989.0,16.2,16.2,15.9,16.15,-0.05,54.0
4195,2026-07-27,111586.0,1766733.0,16.15,16.3,15.7,16.3,0.15,89.0
4195,2026-07-28,207960.0,3245694.0,15.85,15.9,15.25,15.9,-0.4,135.0
4195,2026-07-29,144117.0,2222988.0,16.25,16.25,15.15,15.65,-0.25,125.0
4195,2026-07-30,116683.0,1786668.0,15.65,15.65,14.9,15.1,-0.55,74.0
4195,2026-07-31,70475.0,1085304.0,15.7,15.7,15.25,15.3,0.2,62.0
4195,2026-08-03,147019.0,2242291.0,15.5,15.5,15.0,15.0,-0.3,82.0
4195,2026-08-04,158115.0,2381067.0,14.9,15.2,14.9,15.0,0.0,101.0
4195,2026-08-05,33580.0,512298.0,15.45,15.45,15.1,15.15,0.15,44.0
4195,2026-08-06,102323.0,1538648.0,15.15,15.3,14.95,15.3,0.15,68.0
4195,2026-08-07,57446.0,876182.0,15.4,15.4,15.15,15.35,0.05,49.0
4195,2026-08-10,112035.0,1693994.0,15.35,15.35,15.0,15.0,-0.35,102.0
4195,2026-08-11,52910.0,792039.0,15.1,15.1,14.85,15.0,0.0,65.0
4195,2026-08-12,170335.0,2571542.0,15.05,15.35,15.0,15.2,0.2,96.0
4195,2026-08-13,112759.0,1690243.0,15.2,15.2,14.85,15.0,-0.2,90.0
4195,2026-08-14,166457.0,2462059.0,15.0,15.0,14.5,14.7,-0.3,205.0
4195,2026-08-17,150633.0,2143439.0,14.7,14.7,14.0,14.5,-0.2,121.0
4195,2026-08-18,120556.0,1764427.0,14.6,14.8,14.35,14.35,-0.15,79.0
4195,2026-08-19,82154.0,1168292.0,14.35,14.35,14.0,14.2,-0.15,62.0
4195,2026-08-20,72379.0,1038298.0,14.3,14.5,14.25,14.25,0.05,63.0
4195,2026-08-21,65427.0,934050.0,14.35,14.4,14.15,14.25,0.0,58.0
4195,2026-08-24,19724.0,282906.0,14.6,14.6,14.25,14.25,0.0,27.0
4195,2026-08-25,34284.0,486606.0,14.2,14.3,14.1,14.2,-0.05,37.0
4195,2026-08-26,50370.0,722632.0,14.2,14.5,14.2,14.4,0.2,58.0
4195,2026-08-27,66228.0,970236.0,14.5,15.0,14.45,14.7,0.3,66.0
4195,2026-08-28,78509.0,1127046.0,14.8,14.8,14.2,14.45,-0.25,69.0
4195,2026-08-31,80213.0,1138339.0,14.15,14.4,14.1,14.35,-0.1,56.0
4195,2026-09-01,56263.0,800158.0,14.2,14.35,14.1,14.25,-0.1,61.0
4195,2026-09-02,61840.0,873925.0,14.35,14.4,14.05,14.05,-0.2,79.0
4195,2026-09-03,98014.0,1371538.0,14.05,14.2,13.9,13.95,-0.1,91.0
4195,2026-09-04,221577.0,3027319.0,14.05,14.2,13.45,13.75,-0.2,186.0
4195,2026-09-07,85401.0,1160135.0,13.8,13.85,13.5,13.75,0.0,280.0
4195,2026-09-08,95929.0,1307497.0,13.7,13.9,13.45,13.8,0.05,114.0
4195,2026-09-09,83924.0,1153924.0,13.55,14.1,13.4,13.95,0.15,55.0
4195,2026-09-10,117841.0,1666050.0,13.95,14.5,13.95,14.2,0.25,91.0
4195,2026-09-11,73316.0,990366.0,13.85,13.85,13.35,13.6,-0.6,75.0
4195,2026-09-14,57667.0,776418.0,13.5,13.65,13.35,13.45,-0.15,62.0
4195,2026-09-15,53892.0,712575.0,13.25,13.3,13.15,13.3,-0.15,54.0
4582,2026-05-22,1980210.0,47894564.0,23.7,24.5,23.0,24.15,0.0,714.0
4582,2026-05-25,703020.0,16872280.0,24.25,24.6,23.4,23.45,-0.7,362.0
4582,2026-05-26,646205.0,14676342.0,23.75,23.75,22.0,22.45,-1.0,318.0
4582,2026-05-27,1418069.0,35935064.0,22.8,27.0,22.8,26.75,4.3,699.0
4582,2026-05-28,1100847.0,28985748.0,26.5,27.3,25.0,25.3,-1.45,637.0
4582,2026-05-29,356910.0,9035691.0,25.6,26.15,24.85,25.1,-0.2,198.0
4582,2026-06-01,499189.0,12806453.0,25.5,26.8,24.4,26.15,1.05,302.0
4582,2026-06-02,352677.0,9140117.0,26.25,26.25,25.6,25.9,-0.25,170.0
4582,2026-06-03,511222.0,13188893.0,25.95,26.3,25.1,26.0,0.1,324.0
4582,2026-06-04,392340.0,10390791.0,26.2,27.0,26.2,26.3,0.3,203.0
4582,2026-06-05,293250.0,7566234.0,26.35,26.35,25.5,25.5,-0.8,158.0
4582,2026-06-08,270787.0,6638616.0,24.0,25.5,23.55,25.5,0.0,130.0
4582,2026-06-09,137756.0,3501485.0,25.75,26.15,25.1,25.5,0.0,85.0
4582,2026-06-10,1171939.0,32229691.0,26.5,28.05,26.5,27.7,2.2,1286.0
4582,2026-06-11,612097.0,16213983.0,27.0,27.4,25.9,25.9,-1.8,290.0
4582,2026-06-12,198406.0,5229108.0,26.35,27.0,25.9,26.0,0.1,136.0
4582,2026-06-15,475541.0,12277618.0,26.05,26.25,25.6,26.15,0.15,149.0
4582,2026-06-16,387000.0,10005200.0,26.05,26.15,25.6,25.75,-0.4,103.0
4582,2026-06-17,209200.0,5415403.0,25.75,26.3,25.5,26.0,0.25,104.0
4582,2026-06-18,218102.0,5761022.0,26.2,26.75,26.1,26.55,0.55,142.0
4582,2026-06-22,522229.0,14003315.0,27.0,27.55,26.25,26.25,-0.3,270.0
4582,2026-06-23,147840.0,3814136.0,26.2,26.2,25.5,25.5,-0.75,109.0
4582,2026-06-24,88677.0,2243616.0,25.3,25.5,25.15,25.45,-0.05,80.0
4582,2026-06-25,99596.0,2510611.0,25.5,25.5,25.05,25.15,-0.3,72.0
4582,2026-06-26,200112.0,4932054.0,25.3,25.3,24.4,24.4,-0.75,125.0
4582,2026-06-29,84437.0,2071142.0,24.45,25.0,24.45,24.5,0.1,64.0
4582,2026-06-30,119076.0,2974696.0,24.7,25.6,24.7,25.55,1.05,77.0
4582,2026-07-01,71425.0,1816772.0,25.55,25.7,25.2,25.3,-0.25,56.0
4582,2026-07-02,91050.0,2347410.0,25.35,26.8,25.3,26.8,1.5,91.0
4582,2026-07-03,299494.0,8136401.0,26.3,27.5,26.3,27.3,0.5,202.0
4582,2026-07-06,360664.0,10157156.0,28.0,28.95,27.6,27.7,0.4,251.0
4582,2026-07-07,297334.0,8114724.0,27.7,27.85,26.65,27.4,-0.3,203.0
4582,2026-07-08,127090.0,3387144.0,27.55,27.55,26.4,26.55,-0.85,77.0
4582,2026-07-09,90938.0,2392139.0,26.4,26.5,26.15,26.3,-0.25,75.0
4582,2026-07-13,206592.0,5531403.0,26.75,27.2,26.5,26.9,0.6,128.0
4582,2026-07-14,207916.0,5466386.0,26.9,27.15,25.65,26.9,0.0,127.0
4582,2026-07-15,367040.0,10172955.0,27.1,28.2,27.1,27.6,0.7,204.0
4582,2026-07-16,325958.0,9272002.0,27.6,29.05,27.15,28.0,0.4,193.0
4582,2026-07-17,265914.0,7355614.0,28.0,28.35,26.95,27.8,-0.2,209.0
4582,2026-07-20,195774.0,5397140.0,27.9,28.15,27.2,27.25,-0.55,212.0
4582,2026-07-21,398130.0,11281830.0,27.25,28.9,27.25,28.2,0.95,194.0
4582,2026-07-22,92536.0,2617345.0,28.5,28.6,27.95,28.4,0.2,69.0
4582,2026-07-23,173579.0,4996525.0,28.7,29.4,28.4,28.5,0.1,135.0
4582,2026-07-24,73740.0,2079576.0,28.35,28.65,27.95,28.5,0.0,73.0
4582,2026-07-27,147624.0,4108559.0,28.7,28.7,27.5,27.95,-0.55,129.0
4582,2026-07-28,155998.0,4220114.0,27.5,27.5,26.55,27.2,-0.75,116.0
4582,2026-07-29,230250.0,6183072.0,27.3,27.75,26.2,26.85,-0.35,170.0
4582,2026-07-30,106312.0,2828001.0,26.5,27.35,26.45,26.7,-0.15,76.0
4582,2026-07-31,107579.0,2904412.0,27.3,27.55,26.75,27.35,0.65,76.0
4582,2026-08-03,61444.0,1668119.0,27.35,27.55,27.0,27.1,-0.25,53.0
4582,2026-08-04,138008.0,3775616.0,27.0,27.6,27.0,27.5,0.4,77.0
4582,2026-08-05,281831.0,7989947.0,27.75,28.95,27.75,28.35,0.85,128.0
4582,2026-08-06,107510.0,3038588.0,28.3,28.45,28.05,28.4,0.05,54.0
4582,2026-08-07,174826.0,5068730.0,28.65,29.35,28.65,29.0,0.6,124.0
4582,2026-08-10,176751.0,5130411.0,29.0,29.3,28.85,28.95,-0.05,118.0
4582,2026-08-11,598550.0,16209909.0,27.5,27.9,26.2,27.2,-1.75,294.0
4582,2026-08-12,875337.0,22379768.0,26.8,26.8,25.15,25.35,-1.85,428.0
4582,2026-08-13,218705.0,5553593.0,25.5,25.9,25.0,25.25,-0.1,154.0
4582,2026-08-14,204678.0,5138761.0,25.6,25.95,24.85,25.5,0.25,126.0
4582,2026-08-17,283702.0,7029767.0,25.5,25.5,24.5,24.55,-0.95,180.0
4582,2026-08-18,225528.0,5429036.0,24.35,24.6,23.6,24.0,-0.55,175.0
4582,2026-08-19,247248.0,5814249.0,24.0,24.0,23.3,23.5,-0.5,216.0
4582,2026-08-20,74145.0,1740743.0,23.6,23.65,23.3,23.65,0.15,63.0
4582,2026-08-21,443300.0,10375920.0,25.5,25.5,23.0,23.7,0.05,191.0
4582,2026-08-24,125300.0,2944480.0,23.9,23.95,23.15,23.6,-0.1,62.0
4582,2026-08-25,88052.0,2081739.0,23.55,23.8,23.35,23.35,-0.25,52.0
4582,2026-08-26,112658.0,2610037.0,22.8,23.4,22.8,23.2,0.0,87.0
4582,2026-08-27,49400.0,1156149.0,23.45,23.55,23.3,23.5,0.3,43.0
4582,2026-08-28,28100.0,657299.0,23.5,23.5,23.25,23.4,-0.1,28.0
4582,2026-08-31,41090.0,961835.0,23.35,23.55,23.25,23.55,0.15,46.0
4582,2026-09-01,42200.0,1005650.0,23.55,24.0,23.55,23.75,0.2,30.0
4582,2026-09-02,102560.0,2387571.0,23.6,23.65,22.85,23.6,-0.15,60.0
4582,2026-09-03,34030.0,801900.0,23.25,23.8,23.25,23.4,-0.2,25.0
4582,2026-09-04,52250.0,1229186.0,23.65,23.8,23.2,23.5,0.1,37.0
4582,2026-09-07,105525.0,2446910.0,23.6,23.6,23.05,23.05,-0.45,75.0
4582,2026-09-08,42806.0,987886.0,23.25,23.25,23.0,23.0,-0.05,81.0
4582,2026-09-09,55158.0,1266704.0,22.95,23.1,22.8,23.1,0.1,49.0
4582,2026-09-10,57602.0,1317714.0,23.05,23.05,22.75,22.9,-0.2,42.0
4582,2026-09-11,80285.0,1816630.0,23.0,23.6,22.1,22.7,-0.2,83.0
4582,2026-09-14,86842.0,1938431.0,22.3,22.5,22.1,22.35,-0.35,63.0
4582,2026-09-15,51198.0,1137462.0,22.5,22.5,22.1,22.15,-0.2,52.0
4590,2026-01-29,1184845.0,106002585.0,87.0,92.7,86.5,91.6,0.0,813.0
4590,2026-01-30,837231.0,75800970.0,92.0,95.5,87.2,87.7,-3.9,805.0
4590,2026-02-02,527936.0,43352447.0,87.0,87.0,80.1,81.0,-6.7,601.0
4590,2026-02-03,234991.0,19144123.0,82.2,82.9,80.2,81.4,0.4,301.0
4590,2026-02-04,262275.0,21169102.0,81.4,81.4,80.2,80.9,-0.5,275.0
4590,2026-02-05,178312.0,14221411.0,80.9,80.9,79.0,80.0,-0.9,276.0
4590,2026-02-06,207600.0,16280855.0,79.1,79.3,78.0,78.1,-1.9,273.0
4590,2026-02-09,101528.0,8013501.0,79.1,80.0,78.1,79.5,1.4,149.0
4590,2026-02-10,92848.0,7297480.0,78.5,79.3,78.3,78.6,-0.9,145.0
4590,2026-02-11,276849.0,21471762.0,78.0,78.3,77.1,77.3,-1.3,314.0
4590,2026-02-23,96785.0,7630225.0,77.4,79.8,77.4,78.5,1.2,203.0
4590,2026-02-24,207251.0,16083630.0,78.5,78.5,77.1,77.7,-0.8,324.0
4590,2026-02-25,211822.0,16563875.0,77.7,79.8,77.0,78.9,1.2,226.0
4590,2026-02-26,275271.0,22396826.0,79.1,82.3,79.1,81.1,2.2,743.0
4590,2026-03-02,192161.0,15551023.0,82.8,82.8,80.1,80.5,-0.6,297.0
4590,2026-03-03,144483.0,11432863.0,80.3,80.3,78.4,79.0,-1.5,177.0
4590,2026-03-04,214886.0,16463702.0,78.0,78.2,75.5,75.6,-3.4,287.0
4590,2026-03-05,94255.0,7283778.0,75.6,78.8,75.6,77.6,2.0,152.0
4590,2026-03-06,88935.0,6831929.0,77.2,77.4,76.5,76.7,-0.9,130.0
4590,2026-03-09,166226.0,11876304.0,74.6,74.6,69.2,73.2,-3.5,211.0
4590,2026-03-10,93850.0,6841636.0,73.5,74.3,71.9,72.0,-1.2,154.0
4590,2026-03-11,116569.0,8462092.0,72.0,73.5,71.8,72.6,0.6,145.0
4590,2026-03-12,89377.0,6449457.0,72.6,73.0,71.8,72.2,-0.4,139.0
4590,2026-03-13,146804.0,10425433.0,71.0,71.4,70.8,70.8,-1.4,177.0
4590,2026-03-16,270456.0,20955033.0,76.5,77.8,76.2,77.8,7.0,407.0
4590,2026-03-17,222029.0,17546738.0,80.0,80.7,77.2,79.0,1.2,349.0
4590,2026-03-18,89141.0,6979103.0,79.5,79.5,77.5,77.5,-1.5,214.0
4590,2026-03-19,120332.0,9121377.0,77.5,77.5,74.2,74.3,-3.2,177.0
4590,2026-03-20,79022.0,5828521.0,74.4,74.5,72.6,72.9,-1.4,159.0
4590,2026-03-23,120894.0,8867059.0,71.3,77.5,71.3,73.1,0.2,147.0
4590,2026-03-24,67775.0,4932217.0,73.2,73.2,72.1,72.4,-0.7,111.0
4590,2026-03-25,131345.0,9626708.0,73.6,74.4,72.5,74.4,2.0,149.0
4590,2026-03-26,172397.0,12961864.0,75.5,76.3,74.2,74.3,-0.1,163.0
4590,2026-03-27,106587.0,7774317.0,73.0,73.6,72.5,73.0,-1.3,225.0
4590,2026-03-30,83652.0,6131649.0,73.0,74.1,72.2,73.5,0.5,78.0
4590,2026-03-31,123881.0,8918112.0,73.5,73.5,70.5,71.9,-1.6,129.0
4590,2026-04-01,95437.0,7022730.0,73.7,74.4,72.6,74.3,2.4,91.0
4590,2026-04-02,144528.0,10565939.0,74.3,74.5,72.2,72.3,-2.0,148.0
4590,2026-04-07,94288.0,6757363.0,72.1,72.1,71.5,71.7,-0.6,107.0
4590,2026-04-08,145351.0,10608429.0,71.7,73.8,71.7,73.0,1.3,138.0
4590,2026-04-09,196999.0,14539975.0,73.1,75.0,73.1,74.0,1.0,207.0
4590,2026-04-10,112073.0,8333319.0,74.5,75.2,73.5,73.6,-0.4,296.0
4590,2026-04-13,261402.0,19853141.0,73.5,77.7,73.2,77.7,4.1,294.0
4590,2026-04-14,162442.0,12364513.0,77.7,77.7,75.4,76.1,-1.6,225.0
4590,2026-04-15,200772.0,15311055.0,77.9,77.9,75.7,76.1,0.0,158.0
4590,2026-04-16,182388.0,13968741.0,76.0,77.5,75.7,76.7,0.6,158.0
4590,2026-04-17,181809.0,14059003.0,76.8,78.0,76.8,77.3,0.6,173.0
4590,2026-04-20,234262.0,18383098.0,77.8,79.3,77.7,78.2,0.9,243.0
4590,2026-04-21,221701.0,17643720.0,78.8,80.2,78.4,79.3,1.1,281.0
4590,2026-04-22,176351.0,13954167.0,79.4,79.9,78.7,78.7,-0.6,257.0
4590,2026-04-23,366617.0,27804843.0,78.9,78.9,74.5,75.3,-3.4,294.0
4590,2026-04-24,225026.0,16620558.0,76.3,76.8,72.8,73.1,-2.2,221.0
4590,2026-04-27,212374.0,15246388.0,73.1,73.1,71.4,72.0,-1.1,237.0
4590,2026-04-28,79123.0,5826035.0,72.3,75.1,71.6,73.9,1.9,122.0
4590,2026-04-29,87928.0,6566040.0,74.0,75.6,73.9,74.3,0.4,100.0
4590,2026-04-30,196505.0,14491192.0,74.5,74.9,72.9,74.3,0.0,266.0
4590,2026-05-04,284118.0,21190370.0,75.0,75.4,74.0,75.4,1.1,398.0
4590,2026-05-05,540592.0,43067847.0,77.0,81.7,77.0,79.7,4.3,764.0
4590,2026-05-06,476714.0,37770451.0,80.8,81.8,77.4,78.2,-1.5,621.0
4590,2026-05-07,330101.0,26492249.0,78.6,81.5,78.2,79.0,0.8,285.0
4590,2026-05-08,229174.0,18147050.0,79.3,80.6,78.2,78.6,-0.4,252.0
4590,2026-05-11,325905.0,24629963.0,77.7,77.7,74.7,75.8,-2.8,304.0
4590,2026-05-12,189347.0,14339191.0,75.8,76.7,74.5,76.4,0.6,178.0
4590,2026-05-13,203784.0,15274389.0,75.9,75.9,74.5,74.7,-1.7,194.0
4590,2026-05-14,149167.0,11013386.0,75.0,75.0,73.3,73.6,-1.1,170.0
4590,2026-05-15,120688.0,8949474.0,74.4,75.0,73.1,73.1,-0.5,144.0
4590,2026-05-18,151793.0,11061142.0,72.0,74.0,71.6,74.0,0.9,142.0
4590,2026-05-19,159693.0,11770784.0,74.0,75.0,73.1,73.2,-0.8,125.0
4590,2026-05-20,61495.0,4488110.0,73.2,73.2,72.8,73.0,-0.2,111.0
4590,2026-05-21,106522.0,7936231.0,73.2,75.3,73.1,74.7,1.7,129.0
4590,2026-05-22,179616.0,13280867.0,74.7,75.0,73.5,74.0,-0.7,273.0
4590,2026-05-25,288037.0,21099514.0,74.3,74.4,72.9,73.2,-0.8,248.0
4590,2026-05-26,261943.0,18980098.0,73.2,73.2,72.2,72.4,-0.8,310.0
4590,2026-05-27,319991.0,23033358.0,72.4,72.8,71.6,71.7,-0.7,269.0
4590,2026-05-28,197735.0,14240311.0,72.0,72.8,71.5,71.6,-0.1,177.0
4590,2026-05-29,208905.0,15022087.0,72.5,72.5,71.5,72.0,0.4,198.0
4590,2026-06-01,174436.0,12717822.0,72.5,73.4,71.9,73.0,1.0,164.0
4590,2026-06-02,250582.0,18037971.0,73.0,73.0,71.4,72.5,-0.5,191.0
4590,2026-06-03,158142.0,11630636.0,73.0,74.5,73.0,73.4,0.9,179.0
4590,2026-06-04,98127.0,7200425.0,73.2,73.9,72.6,73.6,0.2,132.0
4590,2026-06-05,276033.0,20583420.0,73.6,75.4,73.6,74.9,1.3,231.0
4590,2026-06-08,186615.0,13593394.0,71.2,73.8,71.2,73.3,-1.6,187.0
4590,2026-06-09,216110.0,16184283.0,75.0,75.6,73.7,75.0,1.7,292.0
4590,2026-06-10,194020.0,14452929.0,75.9,75.9,73.4,74.5,-0.5,296.0
4590,2026-06-11,212822.0,15751628.0,73.5,75.5,73.0,75.3,0.8,159.0
4590,2026-06-12,300687.0,22907399.0,75.5,76.9,75.1,76.1,0.8,226.0
4590,2026-06-15,120271.0,9199796.0,77.0,77.0,75.8,76.7,0.6,115.0
4590,2026-06-16,179848.0,13785901.0,76.3,77.1,75.9,76.8,0.1,161.0
4590,2026-06-17,163334.0,12711508.0,77.0,78.4,77.0,78.0,1.2,235.0
4590,2026-06-18,169255.0,13232436.0,78.0,79.0,77.5,78.0,0.0,335.0
4590,2026-06-22,385176.0,31135314.0,79.5,81.8,79.5,80.4,2.4,492.0
4590,2026-06-23,171864.0,13631946.0,80.4,80.4,78.6,79.3,-1.1,236.0
4590,2026-06-24,199610.0,15436282.0,77.8,77.8,76.8,76.9,-2.4,295.0
4590,2026-06-25,153809.0,11762945.0,77.5,77.5,75.8,76.0,-0.9,159.0
4590,2026-06-26,289149.0,21317787.0,75.0,75.1,72.9,73.2,-2.8,274.0
4590,2026-06-29,239396.0,18133887.0,73.7,76.8,73.6,76.6,3.4,209.0
4590,2026-06-30,256238.0,20067175.0,77.5,80.2,75.8,79.0,2.4,258.0
4590,2026-07-01,397294.0,31859865.0,79.0,81.3,78.8,80.0,1.0,328.0
4590,2026-07-02,1206514.0,104302695.0,81.2,88.0,80.3,88.0,8.0,911.0
4590,2026-07-03,2119148.0,199737249.0,91.6,96.8,88.2,96.0,8.0,2422.0
4590,2026-07-06,1114563.0,108741629.0,96.0,101.0,95.3,95.8,-0.2,1870.0
4590,2026-07-07,713887.0,64530620.0,95.8,95.8,86.3,87.0,-8.8,1029.0
4590,2026-07-08,493584.0,43947877.0,88.0,91.5,87.2,91.5,4.5,443.0
4590,2026-07-09,450610.0,40919070.0,92.0,92.9,89.5,90.4,0.0,406.0
4590,2026-07-13,806719.0,76310874.0,91.5,96.9,91.5,93.4,3.0,792.0
4590,2026-07-14,593706.0,54758738.0,92.7,95.0,90.0,94.6,1.2,913.0
4590,2026-07-15,382366.0,35756800.0,96.0,96.0,92.1,95.0,0.4,384.0
4590,2026-07-16,260956.0,24252485.0,95.5,95.5,91.4,92.0,-3.0,285.0
4590,2026-07-17,444258.0,39053752.0,91.0,91.0,86.1,88.0,-4.0,434.0
4590,2026-07-20,331080.0,29826766.0,88.0,92.3,88.0,88.9,0.9,336.0
4590,2026-07-21,283519.0,25721763.0,89.1,91.7,88.5,91.4,2.5,349.0
4590,2026-07-22,550754.0,48448838.0,90.7,91.8,83.1,87.5,-3.9,491.0
4590,2026-07-23,154468.0,13363371.0,88.1,88.2,85.5,86.8,-0.7,159.0
4590,2026-07-24,240120.0,20717120.0,87.4,89.2,84.7,86.5,-0.3,274.0
4590,2026-07-27,265051.0,21976417.0,86.5,86.5,82.1,83.5,-3.0,281.0
4590,2026-07-28,250902.0,20229168.0,82.3,82.5,80.1,80.1,-3.4,229.0
4590,2026-07-29,288882.0,22412609.0,82.3,82.3,75.4,77.5,-2.6,342.0
4590,2026-07-30,148327.0,11418894.0,75.2,77.9,75.2,77.5,0.0,187.0
4590,2026-07-31,130179.0,10485123.0,79.1,81.9,79.1,80.5,3.0,136.0
4590,2026-08-03,78110.0,6265331.0,79.0,80.6,79.0,80.5,0.0,107.0
4590,2026-08-04,83113.0,6630026.0,79.5,80.3,79.1,80.0,-0.5,87.0
4590,2026-08-05,275069.0,22176949.0,81.0,82.4,79.6,80.3,0.3,221.0
4590,2026-08-06,278569.0,22509492.0,80.3,82.4,79.5,81.2,0.9,166.0
4590,2026-08-07,372778.0,30861935.0,81.6,83.9,80.5,83.1,1.9,290.0
4590,2026-08-10,517774.0,42691561.0,83.2,83.7,80.3,83.1,0.0,285.0
4590,2026-08-11,1308189.0,115548398.0,84.5,90.7,84.5,89.8,6.7,1025.0
4590,2026-08-12,949701.0,87559117.0,91.5,93.5,90.7,91.2,1.4,1175.0
4590,2026-08-13,800473.0,74621888.0,93.3,95.9,90.1,90.6,-0.6,1356.0
4590,2026-08-14,542904.0,50350149.0,91.8,93.9,90.6,93.5,2.9,665.0
4590,2026-08-17,1335962.0,124265018.0,95.0,99.5,88.5,88.8,-4.7,1040.0
4590,2026-08-18,480734.0,42072874.0,90.0,90.7,86.2,86.5,-2.3,536.0
4590,2026-08-19,455168.0,39215591.0,86.3,88.5,84.5,86.5,0.0,429.0
4590,2026-08-20,437909.0,38706789.0,89.2,91.0,86.7,87.2,0.7,607.0
4590,2026-08-21,280142.0,24196850.0,87.2,87.6,85.4,87.4,0.2,270.0
4590,2026-08-24,360773.0,31160075.0,88.5,88.5,85.8,85.8,-1.6,257.0
4590,2026-08-25,248922.0,21098902.0,85.3,85.3,84.2,84.7,-1.1,255.0
4590,2026-08-26,236745.0,20632710.0,85.2,88.4,85.2,87.6,2.9,286.0
4590,2026-08-27,828668.0,75141066.0,88.2,92.3,88.2,90.0,2.4,587.0
4590,2026-08-28,243097.0,21782454.0,92.1,92.1,88.5,89.4,-0.6,328.0
4590,2026-08-31,166521.0,14763605.0,88.5,89.6,87.9,88.5,-0.9,175.0
4590,2026-09-01,220162.0,19554403.0,87.8,90.9,87.8,87.9,-0.6,219.0
4590,2026-09-02,278420.0,24909030.0,87.7,91.4,87.4,89.8,1.9,276.0
4590,2026-09-03,290070.0,26146463.0,89.9,91.5,89.1,89.1,-0.7,265.0
4590,2026-09-04,214565.0,19334402.0,90.5,91.2,89.2,89.6,0.5,177.0
4590,2026-09-07,186446.0,16741937.0,91.1,91.1,88.8,89.6,0.0,178.0
4590,2026-09-08,195382.0,17408866.0,89.5,90.0,88.5,89.1,-0.5,221.0
4590,2026-09-09,1165905.0,109146930.0,91.5,95.3,91.3,93.4,4.3,845.0
4590,2026-09-10,314290.0,29009205.0,94.4,94.4,91.7,92.0,-1.4,942.0
4590,2026-09-11,270976.0,24650908.0,91.5,91.8,89.9,89.9,-2.1,658.0
4590,2026-09-14,197290.0,17551094.0,89.5,89.9,88.1,88.3,-1.6,203.0
4590,2026-09-15,225421.0,19769311.0,88.0,88.7,86.8,86.8,-1.5,203.0
6534,2024-01-02,128001.0,10183379.0,80.2,80.7,78.5,79.7,-0.8,92.0
6534,2024-01-03,66030.0,5298315.0,79.7,81.3,79.7,80.5,0.8,51.0
6534,2024-01-04,53284.0,4317062.0,80.7,81.5,80.5,80.7,0.2,41.0
6534,2024-01-05,35062.0,2830278.0,80.7,81.0,80.3,80.3,-0.4,31.0
6534,2024-01-08,47000.0,3796200.0,80.1,81.2,80.1,80.7,0.4,28.0
6534,2024-01-09,78062.0,6284472.0,80.5,81.0,80.2,80.6,-0.1,50.0
6534,2024-01-10,65589.0,5300777.0,81.0,81.6,80.5,80.6,0.0,57.0
6534,2024-01-11,154314.0,12474677.0,80.1,81.4,80.1,80.5,-0.1,55.0
6534,2024-01-12,52958.0,4269910.0,80.0,81.0,80.0,80.7,0.2,48.0
6534,2024-01-15,132610.0,10863697.0,80.1,82.5,80.1,82.4,1.7,98.0
6534,2024-01-16,78100.0,6388590.0,81.0,82.3,81.0,81.7,-0.7,63.0
6534,2024-01-17,80242.0,6543947.0,81.1,81.9,81.1,81.6,-0.1,64.0
6534,2024-01-18,161341.0,13307603.0,81.1,83.0,81.1,83.0,1.4,93.0
6534,2024-01-19,86100.0,7062670.0,81.9,83.0,81.7,81.7,-1.3,64.0
6534,2024-01-22,35100.0,2876730.0,81.7,82.8,81.7,82.3,0.6,30.0
6534,2024-01-23,17164.0,1407187.0,82.2,82.4,81.8,82.3,0.0,20.0
6534,2024-01-24,34096.0,2796191.0,82.3,82.3,81.7,82.2,-0.1,26.0
6534,2024-01-25,104150.0,8546210.0,81.9,82.7,81.4,82.2,0.0,74.0
6534,2024-01-26,34100.0,2799080.0,81.8,82.2,81.8,82.2,0.0,27.0
6534,2024-01-29,45100.0,3704290.0,82.2,82.5,82.0,82.5,0.3,34.0
6534,2024-01-30,105000.0,8629900.0,82.0,82.6,82.0,82.2,-0.3,37.0
6534,2024-01-31,104125.0,8547725.0,81.8,82.5,81.8,82.3,0.1,57.0
6534,2024-02-01,173155.0,14048432.0,81.8,82.4,79.7,81.9,-0.4,97.0
6534,2024-02-02,173100.0,14155550.0,81.0,82.1,81.0,81.6,-0.3,85.0
6534,2024-02-05,578498.0,50034168.0,81.7,89.7,81.7,89.7,8.1,289.0
6534,2024-02-15,465310.0,41047556.0,91.2,92.9,85.8,87.6,-2.1,203.0
6534,2024-02-16,294185.0,25701795.0,89.0,89.0,86.9,87.5,-0.1,122.0
6534,2024-02-19,157636.0,13722232.0,87.5,87.7,86.6,87.7,0.2,77.0
6534,2024-02-20,528722.0,47657378.0,87.0,92.2,87.0,92.0,4.3,204.0
6534,2024-02-21,122100.0,11145230.0,91.0,92.0,90.5,91.5,-0.5,100.0
6534,2024-02-22,214615.0,19755155.0,91.0,92.9,90.8,92.5,1.0,98.0
6534,2024-02-23,214200.0,19648519.0,91.7,92.0,91.3,91.7,-0.8,91.0
6534,2024-02-26,392750.0,36729849.0,93.1,95.0,92.0,94.3,2.6,181.0
6534,2024-02-27,101200.0,9400420.0,94.0,94.0,92.4,93.2,-1.1,69.0
6534,2024-02-29,182100.0,17080020.0,92.0,94.6,92.0,94.6,1.4,83.0
6534,2024-03-01,136000.0,12800100.0,93.1,95.0,93.1,94.2,-0.4,81.0
6534,2024-03-04,261500.0,24620349.0,94.2,94.6,93.5,94.2,0.0,122.0
6534,2024-03-05,186826.0,17457564.0,94.3,94.3,92.9,94.0,-0.2,80.0
6534,2024-03-06,166140.0,15430850.0,93.1,93.4,92.2,92.8,-1.2,90.0
6534,2024-03-07,307100.0,28315680.0,93.0,93.6,91.8,92.1,-0.7,97.0
6534,2024-03-08,234450.0,21571710.0,92.1,92.8,91.8,92.0,-0.1,94.0
6534,2024-03-11,48385.0,4393281.0,91.5,91.5,90.6,90.6,-1.4,48.0
6534,2024-03-12,26205.0,2375190.0,90.3,91.5,90.2,90.5,-0.1,27.0
6534,2024-03-13,111084.0,10073868.0,90.5,91.3,89.3,91.3,0.8,78.0
6534,2024-03-14,59000.0,5381100.0,92.8,92.8,90.0,91.9,0.6,47.0
6534,2024-03-15,40000.0,3679900.0,91.0,92.7,91.0,92.3,0.4,32.0
6534,2024-03-18,57266.0,5302225.0,92.3,93.2,92.0,92.5,0.2,38.0
6534,2024-03-19,58100.0,5323970.0,92.5,93.5,90.6,91.1,-1.4,48.0
6534,2024-03-20,26120.0,2377384.0,91.5,91.5,90.6,90.6,-0.5,25.0
6534,2024-03-21,51020.0,4536262.0,89.9,89.9,88.1,88.1,0.0,46.0
6534,2024-03-22,131758.0,11538482.0,88.1,89.0,86.6,87.0,-1.1,86.0
6534,2024-03-25,73100.0,6402500.0,88.0,88.2,86.8,87.0,0.0,33.0
6534,2024-03-26,49000.0,4212800.0,86.9,86.9,85.1,86.7,-0.3,31.0
6534,2024-03-27,20000.0,1734300.0,86.3,87.4,86.3,87.3,0.6,16.0
6534,2024-03-28,19000.0,1644900.0,87.8,87.8,85.9,86.5,-0.8,15.0
6534,2024-03-29,53575.0,4575992.0,86.2,86.4,85.1,85.4,-1.1,52.0
6534,2024-04-01,57250.0,4890125.0,85.5,86.0,85.3,85.5,0.1,41.0
6534,2024-04-02,108100.0,9242120.0,85.5,86.6,85.1,86.2,0.7,61.0
6534,2024-04-03,13100.0,1117820.0,85.8,86.2,85.0,85.2,-1.0,14.0
6534,2024-04-08,94941.0,8303683.0,87.4,89.3,86.1,89.3,4.1,76.0
6534,2024-04-09,95000.0,8297500.0,88.2,89.9,86.2,86.5,-2.8,64.0
6534,2024-04-10,60112.0,5183899.0,87.0,88.0,85.6,85.7,-0.8,56.0
6534,2024-04-11,12100.0,1037650.0,86.8,86.8,85.4,85.6,-0.1,12.0
6534,2024-04-12,51000.0,4397300.0,86.6,86.9,85.6,85.6,0.0,35.0
6534,2024-04-15,76600.0,6539900.0,85.1,86.0,84.0,84.7,-0.9,47.0
6534,2024-04-16,120229.0,10174563.0,87.0,87.0,83.7,84.1,-0.6,89.0
6534,2024-04-17,82350.0,6915933.0,83.7,84.6,83.7,84.2,0.1,51.0
6534,2024-04-18,54269.0,4556396.0,83.5,84.8,83.5,84.2,0.0,42.0
6534,2024-04-19,84322.0,6994068.0,83.9,84.0,81.7,83.1,-1.1,67.0
6534,2024-04-22,43330.0,3576960.0,84.5,84.5,81.7,82.9,-0.2,41.0
6534,2024-04-23,36000.0,2982900.0,82.8,83.3,82.3,82.6,-0.3,26.0
6534,2024-04-24,16160.0,1340548.0,83.0,83.4,82.5,83.2,0.6,19.0
6534,2024-04-25,31142.0,2585871.0,82.2,83.8,82.2,83.0,-0.2,21.0
6534,2024-04-26,64000.0,5286100.0,82.5,83.5,82.4,83.0,0.0,50.0
6534,2024-04-29,23941.0,1986911.0,83.0,83.0,82.4,82.5,-0.5,20.0
6534,2024-04-30,37150.0,3069965.0,82.5,83.1,82.5,83.1,0.6,25.0
6534,2024-05-02,17150.0,1438334.0,83.1,84.3,83.1,83.5,0.4,18.0
6534,2024-05-03,34000.0,2832200.0,83.6,83.9,83.0,83.0,-0.5,27.0
6534,2024-05-06,97178.0,8082474.0,83.0,84.0,82.6,83.0,0.0,58.0
6534,2024-05-07,61782.0,5143697.0,83.9,83.9,82.8,83.5,0.5,36.0
6534,2024-05-08,169000.0,14673400.0,85.6,87.9,85.6,87.5,4.0,111.0
6534,2024-05-09,127000.0,10993200.0,87.4,87.8,85.4,85.6,-1.9,67.0
6534,2024-05-10,53000.0,4573300.0,85.7,87.0,85.7,86.5,0.9,41.0
6534,2024-05-13,148200.0,13178300.0,87.0,90.0,87.0,89.9,3.4,121.0
6534,2024-05-14,136002.0,12539883.0,89.0,93.5,89.0,91.6,1.7,98.0
6534,2024-05-15,106255.0,9500996.0,90.2,90.2,88.5,89.1,-2.5,77.0
6534,2024-05-16,109105.0,9870059.0,91.3,91.3,89.1,90.8,1.7,76.0
6534,2024-05-17,38050.0,3458100.0,90.8,91.5,90.3,90.3,-0.5,36.0
6534,2024-05-20,56100.0,5031200.0,90.4,90.4,89.1,90.2,-0.1,52.0
6534,2024-05-21,36300.0,3251610.0,90.2,90.2,89.2,89.2,-1.0,25.0
6534,2024-05-22,43250.0,3834750.0,89.8,89.8,88.2,89.2,0.0,34.0
6534,2024-05-23,38000.0,3356000.0,89.2,89.2,88.1,88.2,-1.0,32.0
6534,2024-05-24,9100.0,802059.0,87.2,88.5,87.2,88.3,0.1,11.0
6534,2024-05-27,81106.0,7058322.0,87.1,87.7,86.5,87.0,-1.3,62.0
6534,2024-05-28,54315.0,4709684.0,87.1,87.1,86.1,86.7,-0.3,36.0
6534,2024-05-29,33500.0,2894650.0,86.2,87.7,86.1,87.0,0.3,36.0
6534,2024-05-30,82200.0,7097420.0,88.7,88.7,85.3,85.8,-1.2,59.0
6534,2024-05-31,53050.0,4602645.0,86.8,87.5,86.3,86.8,1.0,40.0
6534,2024-06-03,96050.0,8250200.0,86.3,86.7,85.4,85.8,-1.0,60.0
6534,2024-06-04,68050.0,5844100.0,85.6,86.4,85.6,85.7,-0.1,40.0
6534,2024-06-05,94056.0,7980860.0,85.4,85.9,84.5,84.8,-0.9,67.0
6534,2024-06-06,148199.0,12304896.0,84.1,84.1,82.6,82.6,-2.2,113.0
6534,2024-06-07,18007.0,1503185.0,83.0,83.9,82.6,83.8,1.2,19.0
6534,2024-06-11,33200.0,2777720.0,83.3,84.5,82.6,84.0,0.2,27.0
6534,2024-06-12,11000.0,927400.0,84.5,84.5,84.2,84.3,0.3,4.0
6534,2024-06-13,62100.0,5145200.0,83.6,83.9,82.3,82.7,-1.6,49.0
6534,2024-06-14,34118.0,2846029.0,83.6,83.8,83.1,83.4,0.7,30.0
6534,2024-06-17,21079.0,1772204.0,83.9,84.5,83.9,84.5,1.1,15.0
6534,2024-06-18,67050.0,5670920.0,84.1,85.9,83.6,85.9,1.4,53.0
6534,2024-06-19,96895.0,8148785.0,85.0,85.0,83.6,83.6,-2.3,80.0
6534,2024-06-20,34000.0,2865300.0,84.1,84.5,83.7,84.2,0.6,22.0
6534,2024-06-21,21250.0,1783050.0,83.7,84.5,83.6,84.5,0.3,23.0
6534,2024-06-24,24000.0,2006500.0,84.2,84.4,83.4,84.4,-0.1,19.0
6534,2024-06-25,22000.0,1840700.0,84.7,84.7,83.3,84.2,-0.2,18.0
6534,2024-06-26,40000.0,3358500.0,83.5,84.6,83.3,84.0,-0.2,34.0
6534,2024-06-27,20000.0,1679300.0,83.7,84.8,83.5,84.7,0.7,19.0
6534,2024-06-28,53000.0,4493400.0,84.8,85.0,84.3,85.0,0.3,38.0
6534,2024-07-01,31250.0,2660650.0,85.4,85.8,84.7,84.7,-0.3,33.0
6534,2024-07-02,43000.0,3614500.0,84.7,84.7,83.7,83.9,-0.8,24.0
6534,2024-07-03,32050.0,2706625.0,85.0,85.0,84.0,84.2,0.3,24.0
6534,2024-07-04,54050.0,4539005.0,84.2,84.9,83.1,84.0,-0.2,46.0
6534,2024-07-05,24000.0,2016600.0,84.1,84.5,83.8,84.1,0.1,22.0
6534,2024-07-08,199350.0,16319225.0,82.3,82.8,80.9,80.9,-3.2,146.0
6534,2024-07-09,110000.0,9026700.0,82.0,82.8,81.0,82.0,1.1,54.0
6534,2024-07-10,59737.0,4870597.0,82.0,82.1,81.0,82.0,0.0,47.0
6534,2024-07-11,145130.0,11684191.0,81.2,81.2,80.0,81.0,-1.0,105.0
6534,2024-07-12,35101.0,2821409.0,80.8,80.8,80.2,80.7,-0.3,26.0
6534,2024-07-15,18150.0,1471435.0,80.8,81.2,80.8,81.0,0.3,16.0
6534,2024-07-16,33628.0,2724565.0,82.7,82.7,80.6,80.6,-0.4,23.0
6534,2024-07-17,14035.0,1137135.0,80.7,81.9,80.6,81.0,0.4,16.0
6534,2024-07-18,78050.0,6287350.0,81.3,81.5,79.3,81.0,0.0,49.0
6534,2024-07-19,38188.0,3043846.0,79.5,80.2,79.3,80.1,-0.9,32.0
6534,2024-07-22,81000.0,6440800.0,80.1,80.1,79.1,80.0,-0.1,33.0
6534,2024-07-23,7050.0,565600.0,80.0,80.4,80.0,80.3,0.3,8.0
6534,2024-07-26,87000.0,7073300.0,80.0,84.5,79.5,82.6,2.3,58.0
6534,2024-07-29,35000.0,2826400.0,81.6,81.6,80.6,81.0,-1.6,22.0
6534,2024-07-30,12000.0,963000.0,80.2,80.8,80.2,80.8,-0.2,3.0
6534,2024-07-31,41750.0,3360925.0,80.0,81.6,80.0,81.6,0.8,26.0
6534,2024-08-01,47000.0,3790200.0,80.5,81.7,80.0,81.7,0.1,33.0
6534,2024-08-02,54062.0,4335166.0,81.0,81.2,79.6,80.4,-1.3,37.0
6534,2024-08-05,148266.0,11252563.0,79.4,79.4,74.0,74.0,-6.4,94.0
6534,2024-08-06,36000.0,2634200.0,74.1,74.5,72.5,74.4,0.4,27.0
6534,2024-08-07,40100.0,3044930.0,75.2,76.8,75.1,76.1,1.7,28.0
6534,2024-08-08,34000.0,2556700.0,74.6,76.0,74.6,75.0,-1.1,28.0
6534,2024-08-09,33236.0,2537390.0,74.5,77.4,74.5,77.4,2.4,34.0
6534,2024-08-12,25100.0,1938910.0,78.0,78.4,76.8,76.8,-0.6,20.0
6534,2024-08-13,38000.0,2946600.0,76.8,78.9,76.0,77.8,1.0,31.0
6534,2024-08-14,23220.0,1804250.0,78.0,78.6,77.2,77.2,-0.6,18.0
6534,2024-08-15,14000.0,1087000.0,77.4,78.6,77.2,77.3,0.1,10.0
6534,2024-08-16,21195.0,1646534.0,78.7,78.7,77.3,78.0,0.7,18.0
6534,2024-08-19,22000.0,1722700.0,78.2,78.9,78.0,78.0,0.0,14.0
6534,2024-08-20,65450.0,5173710.0,78.7,79.5,78.6,78.6,0.6,39.0
6534,2024-08-21,17150.0,1341900.0,78.9,78.9,77.5,78.8,0.2,16.0
6534,2024-08-22,52100.0,4045370.0,78.1,78.1,77.3,77.4,-1.4,36.0
6534,2024-08-23,19150.0,1476420.0,77.2,77.9,77.0,77.0,0.0,16.0
6534,2024-08-26,2000.0,155600.0,77.8,77.8,77.8,77.8,0.8,2.0
6534,2024-08-27,6200.0,477019.0,77.8,77.8,76.3,76.3,-1.5,7.0
6534,2024-08-28,3000.0,229100.0,76.3,76.5,76.3,76.3,0.0,3.0
6534,2024-08-29,15309.0,1163422.0,76.0,76.9,75.5,75.5,-0.8,14.0
6534,2024-08-30,9000.0,683500.0,75.5,76.2,75.5,76.0,0.5,9.0
6534,2024-09-02,38085.0,2857175.0,75.3,75.5,74.2,75.5,-0.5,32.0
6534,2024-09-03,6000.0,453900.0,75.5,75.8,75.5,75.8,0.3,6.0
6534,2024-09-04,43030.0,3184611.0,74.1,75.6,73.5,73.9,-1.9,33.0
6534,2024-09-05,14000.0,1043800.0,75.0,75.0,74.5,74.5,0.6,7.0
6534,2024-09-06,19000.0,1399800.0,74.4,75.2,73.3,73.8,-0.7,8.0
6534,2024-09-09,10420.0,763160.0,72.1,74.9,72.1,73.8,0.0,15.0
6534,2024-09-10,30000.0,2227000.0,75.0,75.0,73.8,73.8,0.0,20.0
6534,2024-09-11,29427.0,2176912.0,73.8,75.7,73.8,74.1,0.3,27.0
6534,2024-09-12,22000.0,1621100.0,75.0,75.0,73.0,74.0,-0.1,17.0
6534,2024-09-13,5115.0,377920.0,74.0,74.0,73.8,73.8,-0.2,8.0
6534,2024-09-16,11400.0,833539.0,73.6,73.8,72.1,73.8,0.0,13.0
6534,2024-09-18,42131.0,3104888.0,73.5,75.4,73.5,74.0,0.2,27.0
6534,2024-09-19,6020.0,453410.0,74.7,75.5,74.7,75.5,1.5,6.0
6534,2024-09-20,33024.0,2442778.0,73.6,75.1,73.6,75.1,-0.4,27.0
6534,2024-09-23,18000.0,1347400.0,75.2,75.2,74.5,74.6,-0.5,17.0
6534,2024-09-24,13300.0,990110.0,74.6,74.6,74.2,74.4,-0.2,11.0
6534,2024-09-25,21000.0,1558999.0,74.4,75.0,74.0,75.0,0.6,26.0
6534,2024-09-26,18119.0,1348965.0,74.9,75.0,73.9,75.0,0.0,17.0
6534,2024-09-27,52053.0,3913380.0,75.0,76.0,75.0,76.0,1.0,33.0
6534,2024-09-30,33040.0,2489719.0,75.9,76.0,75.0,76.0,0.0,23.0
6534,2024-10-01,8000.0,603000.0,75.0,76.0,75.0,76.0,0.0,6.0
6534,2024-10-04,18000.0,1372200.0,75.9,76.6,75.7,76.2,0.2,15.0
6534,2024-10-07,36000.0,2770900.0,76.2,78.1,76.2,78.1,1.9,28.0
6534,2024-10-08,14419.0,1125582.0,77.8,78.4,77.7,78.4,0.3,18.0
6534,2024-10-09,5000.0,390100.0,78.1,78.1,78.0,78.0,-0.4,5.0
6534,2024-10-11,12219.0,959882.0,78.1,78.8,78.1,78.3,0.3,15.0
6534,2024-10-14,34419.0,2742567.0,79.0,80.0,79.0,80.0,1.7,30.0
6534,2024-10-15,137516.0,11159989.0,81.0,82.5,80.0,81.1,1.1,69.0
6534,2024-10-16,20106.0,1615400.0,80.2,80.8,80.1,80.3,-0.8,14.0
6534,2024-10-17,42125.0,3373000.0,80.1,80.5,80.0,80.0,-0.3,32.0
6534,2024-10-18,13000.0,1048000.0,81.4,81.4,80.3,80.4,0.4,13.0
6534,2024-10-21,48600.0,3906660.0,81.6,81.6,80.1,80.6,0.2,40.0
6534,2024-10-22,8000.0,641300.0,80.2,80.2,80.0,80.2,-0.4,5.0
6534,2024-10-23,30000.0,2403600.0,80.3,80.6,80.0,80.0,-0.2,20.0
6534,2024-10-24,65250.0,5287300.0,80.0,81.6,80.0,80.8,0.8,31.0
6534,2024-10-25,30439.0,2448695.0,80.2,81.0,80.1,80.9,0.1,15.0
6534,2024-10-28,46039.0,3739359.0,81.8,81.8,81.0,81.2,0.3,37.0
6534,2024-10-29,34001.0,2750080.0,81.0,81.6,80.5,80.8,-0.4,27.0
6534,2024-10-30,32027.0,2590151.0,80.6,81.6,80.3,80.6,-0.2,26.0
6534,2024-11-01,51039.0,4127559.0,80.2,81.2,80.2,81.2,0.6,31.0
6534,2024-11-04,73400.0,6002359.0,81.5,82.4,81.1,82.3,1.1,40.0
6534,2024-11-05,30378.0,2472314.0,81.5,82.2,81.1,81.1,-1.2,25.0
6534,2024-11-06,70039.0,5764698.0,81.8,82.8,81.2,82.2,1.1,50.0
6534,2024-11-07,40500.0,3336649.0,82.1,82.6,82.1,82.2,0.0,28.0
6534,2024-11-08,40013.0,3270666.0,82.2,82.4,81.2,81.9,-0.3,31.0
6534,2024-11-11,38084.0,3093645.0,81.3,81.9,81.1,81.9,0.0,28.0
6534,2024-11-12,53000.0,4336500.0,81.1,82.4,81.1,81.1,-0.8,27.0
6534,2024-11-13,24000.0,1952900.0,81.1,82.0,81.1,81.5,0.4,20.0
6534,2024-11-14,53006.0,4304580.0,81.5,81.8,81.0,81.0,-0.5,34.0
6534,2024-11-15,24024.0,1951344.0,81.5,81.8,81.0,81.4,0.4,19.0
6534,2024-11-18,49000.0,3980700.0,82.0,82.0,81.0,81.0,-0.4,31.0
6534,2024-11-19,38000.0,3095000.0,81.4,81.8,81.1,81.7,0.7,23.0
6534,2024-11-20,28000.0,2280900.0,81.3,82.0,81.3,81.3,-0.4,19.0
6534,2024-11-21,31095.0,2529095.0,81.8,81.8,81.1,81.2,-0.1,22.0
6534,2024-11-22,124362.0,10243503.0,82.4,82.6,82.0,82.0,0.8,49.0
6534,2024-11-25,93061.0,7692832.0,82.5,83.1,81.8,82.9,0.9,52.0
6534,2024-11-26,54000.0,4485200.0,83.8,83.8,82.5,82.9,0.0,33.0
6534,2024-11-27,50650.0,4199924.0,82.9,83.2,82.6,82.9,0.0,37.0
6534,2024-11-28,76230.0,6316475.0,83.0,83.0,82.6,82.9,0.0,46.0
6534,2024-11-29,92000.0,7644500.0,83.0,83.4,82.8,83.0,0.1,43.0
6534,2024-12-02,88000.0,7312400.0,83.0,83.4,82.9,82.9,-0.1,35.0
6534,2024-12-03,30101.0,2484482.0,82.9,82.9,82.4,82.4,-0.5,22.0
6534,2024-12-04,27231.0,2225642.0,82.0,82.5,81.2,82.4,0.0,22.0
6534,2024-12-05,36062.0,2942122.0,82.0,82.0,81.3,81.9,-0.5,26.0
6534,2024-12-06,15000.0,1226500.0,81.7,82.0,81.6,81.7,-0.2,14.0
6534,2024-12-09,60339.0,4945898.0,82.0,82.4,81.7,82.4,0.7,28.0
6534,2024-12-10,44800.0,3677100.0,82.0,82.5,81.6,82.5,0.1,33.0
6534,2024-12-11,43000.0,3526000.0,82.0,82.5,81.5,81.7,-0.8,31.0
6534,2024-12-12,39415.0,3242305.0,81.7,82.5,81.7,82.2,0.5,22.0
6534,2024-12-13,37000.0,3031500.0,82.0,82.5,81.6,82.0,-0.2,15.0
6534,2024-12-16,20000.0,1633500.0,81.5,82.0,81.4,81.4,-0.6,14.0
6534,2024-12-17,22200.0,1809380.0,81.7,82.0,81.4,82.0,0.6,15.0
6534,2024-12-18,29000.0,2353200.0,81.5,81.5,81.0,81.0,-1.0,24.0
6534,2024-12-19,22001.0,1779080.0,81.0,81.5,80.3,80.6,-0.4,18.0
6534,2024-12-20,53000.0,4240800.0,79.8,81.0,79.8,80.6,0.0,42.0
6534,2024-12-23,30200.0,2421059.0,80.0,82.2,79.5,82.2,1.6,23.0
6534,2024-12-24,27000.0,2177700.0,80.1,82.0,80.0,82.0,-0.2,17.0
6534,2024-12-25,14000.0,1129500.0,81.5,82.0,80.5,80.5,-1.5,8.0
6534,2024-12-26,16500.0,1328000.0,80.5,80.5,80.5,80.5,0.0,11.0
6534,2024-12-27,9000.0,724700.0,80.6,80.6,80.5,80.5,0.0,5.0
6534,2024-12-30,14000.0,1129500.0,80.5,81.5,80.5,80.5,0.0,13.0
6534,2024-12-31,33100.0,2681430.0,80.6,82.0,80.5,80.8,0.3,21.0
6534,2025-01-02,31200.0,2505900.0,80.5,80.6,80.0,80.2,-0.6,31.0
6534,2025-01-03,1236.0,99180.0,80.3,80.3,80.3,80.3,0.1,4.0
6534,2025-01-06,44872.0,3696206.0,82.0,83.0,82.0,83.0,2.7,47.0
6534,2025-01-07,57100.0,4775390.0,83.9,84.2,83.0,83.0,0.0,42.0
6534,2025-01-08,9157.0,766331.0,83.7,83.8,83.6,83.8,0.8,14.0
6534,2025-01-09,16000.0,1327400.0,82.6,83.9,82.6,83.5,-0.3,16.0
6534,2025-01-10,12001.0,997879.0,82.6,83.5,82.5,83.5,0.0,13.0
6534,2025-01-13,398026.0,32986058.0,83.0,83.7,81.6,83.0,-0.5,57.0
6534,2025-01-14,19052.0,1581416.0,83.5,83.5,82.4,83.0,0.0,21.0
6534,2025-01-15,1011001.0,83805383.0,82.5,82.9,82.0,82.9,-0.1,15.0
6534,2025-01-16,34449.0,2869192.0,83.5,83.5,83.0,83.4,0.5,32.0
6534,2025-01-17,28105.0,2322033.0,83.0,83.4,82.5,82.6,-0.8,13.0
6534,2025-01-20,242061.0,19768085.0,82.6,83.3,81.4,81.4,-1.2,44.0
6534,2025-01-21,13479.0,1109328.0,82.6,82.6,82.0,82.5,1.1,20.0
6534,2025-01-22,6955.0,572923.0,82.2,82.7,82.2,82.7,0.2,22.0
6534,2025-02-03,42021.0,3514407.0,82.3,85.4,82.3,84.9,2.2,50.0
6534,2025-02-04,180894.0,15602482.0,85.0,87.0,85.0,86.2,1.3,109.0
6534,2025-02-05,107063.0,9079446.0,86.0,86.0,84.1,84.1,-2.1,59.0
6534,2025-02-06,192181.0,16000338.0,85.8,85.8,81.0,81.4,-2.7,115.0
6534,2025-02-07,155909.0,12723480.0,81.8,82.3,81.1,81.1,-0.3,102.0
6534,2025-02-10,761492.0,59812022.0,81.1,82.5,77.6,77.6,-3.5,159.0
6534,2025-02-11,76631.0,6086406.0,78.5,80.3,78.3,80.3,2.7,59.0
6534,2025-02-12,34312.0,2773960.0,80.3,81.4,80.3,81.4,1.1,31.0
6534,2025-02-13,34104.0,2804420.0,81.9,82.5,81.9,82.3,0.9,31.0
6534,2025-02-14,23001.0,1886181.0,82.3,82.3,81.8,81.8,-0.5,18.0
6534,2025-02-17,45922.0,3795813.0,82.0,83.2,82.0,83.2,1.4,37.0
6534,2025-02-18,22389.0,1850661.0,83.2,83.2,82.1,82.1,-1.1,26.0
6534,2025-02-19,44885.0,3672470.0,83.3,83.3,81.4,81.5,-0.6,33.0
6534,2025-02-20,25066.0,2052884.0,81.3,82.2,81.3,81.5,0.0,21.0
6534,2025-02-21,36232.0,2973530.0,81.7,82.3,81.6,82.2,0.7,27.0
6534,2025-02-24,27040.0,2223700.0,82.2,82.4,82.2,82.2,0.0,15.0
6534,2025-02-25,36125.0,2972991.0,81.9,83.2,81.8,82.2,0.0,35.0
6534,2025-02-26,79331.0,6635089.0,83.5,84.4,82.6,84.3,2.1,65.0
6534,2025-02-27,67306.0,5701482.0,83.3,85.2,83.3,85.0,0.7,65.0
6534,2025-03-03,59184.0,5006263.0,85.1,85.5,84.0,84.5,-0.5,51.0
6534,2025-03-04,62217.0,5273955.0,84.0,85.2,83.5,85.0,0.5,32.0
6534,2025-03-05,30851.0,2628208.0,84.6,85.5,84.6,85.0,0.0,41.0
6534,2025-03-06,49018.0,4175138.0,86.0,86.0,84.9,85.0,0.0,44.0
6534,2025-03-07,42395.0,3568900.0,84.8,85.0,83.8,84.8,-0.2,38.0
6534,2025-03-10,35115.0,2958818.0,84.1,84.4,84.1,84.2,-0.6,49.0
6534,2025-03-11,69287.0,5678990.0,83.2,83.5,81.1,83.0,-1.2,84.0
6534,2025-03-12,21041.0,1739481.0,82.2,83.3,82.1,83.3,0.3,20.0
6534,2025-03-13,38432.0,3190134.0,83.5,83.5,82.5,82.7,-0.6,33.0
6534,2025-03-14,13030.0,1077681.0,82.8,83.0,82.5,82.9,0.2,11.0
6534,2025-03-17,39151.0,3253117.0,83.0,83.9,82.7,83.5,0.6,33.0
6534,2025-03-18,20149.0,1680096.0,83.2,84.0,83.0,84.0,0.5,17.0
6534,2025-03-19,21027.0,1754364.0,84.8,84.8,83.1,83.3,-0.7,22.0
6534,2025-03-20,34546.0,2807511.0,81.0,81.6,81.0,81.6,0.0,42.0
6534,2025-03-21,8265.0,671638.0,80.7,82.0,80.6,82.0,0.4,16.0
6534,2025-03-24,14110.0,1152520.0,82.0,82.0,81.5,81.5,-0.5,16.0
6534,2025-03-25,16558.0,1351126.0,82.0,82.0,81.3,81.4,-0.1,21.0
6534,2025-03-26,34314.0,2807851.0,81.4,82.0,81.4,82.0,0.6,39.0
6534,2025-03-27,5240.0,427338.0,82.0,82.0,81.4,81.4,-0.6,17.0
6534,2025-03-28,38070.0,3061129.0,80.5,81.5,80.0,80.1,-1.3,40.0
6534,2025-03-31,157215.0,12187111.0,80.1,80.1,76.2,77.0,-3.1,99.0
6534,2025-04-01,23000.0,1786900.0,77.0,78.5,77.0,78.4,1.4,19.0
6534,2025-04-02,33421.0,2613058.0,78.5,78.9,78.0,78.9,0.5,22.0
6534,2025-04-07,228908.0,16554064.0,74.9,75.0,71.1,72.0,-6.9,139.0
6534,2025-04-08,112549.0,8323285.0,72.0,75.7,71.8,75.6,3.6,73.0
6534,2025-04-09,128994.0,9755744.0,72.6,78.3,72.6,75.0,-0.6,94.0
6534,2025-04-10,75291.0,5805490.0,79.0,79.8,75.5,76.9,1.9,67.0
6534,2025-04-11,23018.0,1767225.0,76.3,77.6,76.3,77.5,0.6,20.0
6534,2025-04-14,37005.0,2829686.0,78.5,78.5,76.0,76.0,-1.5,34.0
6534,2025-04-15,56270.0,4275000.0,76.8,76.8,75.8,76.0,0.0,40.0
6534,2025-04-16,18012.0,1357609.0,76.3,76.3,75.0,75.0,-1.0,14.0
6534,2025-04-17,4003.0,300627.0,74.8,76.0,74.8,76.0,1.0,7.0
6534,2025-04-18,7251.0,549985.0,75.6,76.1,75.6,76.0,0.0,22.0
6534,2025-04-21,22270.0,1668353.0,75.3,75.3,74.5,74.5,-1.5,33.0
6534,2025-04-22,23069.0,1722775.0,74.5,75.0,74.5,74.9,0.4,38.0
6534,2025-04-23,15871.0,1196804.0,74.5,75.8,74.5,75.8,0.9,24.0
6534,2025-04-24,1116.0,84585.0,75.8,75.8,75.8,75.8,0.0,13.0
6534,2025-04-25,23202.0,1758964.0,76.4,77.0,75.0,76.0,0.2,26.0
6534,2025-04-28,10454.0,789574.0,76.0,76.0,75.4,75.5,-0.5,21.0
6534,2025-04-29,22001.0,1667773.0,75.8,76.2,75.0,76.2,0.7,19.0
6534,2025-04-30,33001.0,2529476.0,77.1,77.5,76.1,77.2,1.0,27.0
6534,2025-05-02,37072.0,2850525.0,77.5,77.5,76.4,76.7,-0.5,50.0
6534,2025-05-05,43017.0,3262441.0,77.8,77.8,75.1,75.3,-1.4,24.0
6534,2025-05-06,16002.0,1213952.0,76.1,76.4,75.3,76.1,0.8,17.0
6534,2025-05-07,101780.0,7858754.0,76.1,78.5,75.6,77.8,1.7,75.0
6534,2025-05-08,68101.0,5341143.0,77.8,79.2,77.8,78.6,0.8,52.0
6534,2025-05-09,13000.0,1021500.0,78.6,78.9,78.0,78.7,0.1,12.0
6534,2025-05-12,21040.0,1636804.0,78.7,78.7,77.0,77.5,-1.2,24.0
6534,2025-05-13,44023.0,3399480.0,78.2,78.6,76.5,77.6,0.1,37.0
6534,2025-05-14,72901.0,5685212.0,77.6,78.2,77.5,78.0,0.4,127.0
6534,2025-05-15,25025.0,1963095.0,78.1,78.7,78.0,78.0,0.0,22.0
6534,2025-05-16,24052.0,1877864.0,78.2,78.4,77.0,78.2,0.2,26.0
6534,2025-05-19,24118.0,1858700.0,77.7,77.7,76.7,76.7,-1.5,19.0
6534,2025-05-20,14004.0,1080594.0,77.0,77.5,76.7,77.0,0.3,13.0
6534,2025-05-21,44385.0,3451813.0,77.0,78.2,77.0,78.0,1.0,90.0
6534,2025-05-22,12233.0,950242.0,77.8,77.8,77.4,77.5,-0.5,13.0
6534,2025-05-23,36020.0,2813585.0,78.1,78.6,78.0,78.0,0.5,23.0
6534,2025-05-26,537726.0,41859696.0,78.0,79.8,78.0,79.3,1.3,68.0
6534,2025-05-27,25636.0,2008456.0,79.3,79.3,78.0,79.2,-0.1,21.0
6534,2025-05-28,17081.0,1347963.0,79.2,79.4,78.6,78.8,-0.4,13.0
6534,2025-05-29,36189.0,2852663.0,79.0,79.8,78.5,78.5,-0.3,29.0
6534,2025-06-02,16150.0,1265600.0,78.5,79.0,78.1,78.3,-0.2,17.0
6534,2025-06-03,42268.0,3299877.0,78.3,78.9,77.7,77.8,-0.5,34.0
6534,2025-06-04,29010.0,2277380.0,78.5,78.8,78.0,78.6,0.8,22.0
6534,2025-06-05,80031.0,6211063.0,78.6,78.6,77.5,77.5,-1.1,34.0
6534,2025-06-06,104217.0,8057216.0,77.5,77.5,77.0,77.0,-0.5,57.0
6534,2025-06-09,56245.0,4322868.0,77.5,77.5,76.5,77.4,0.4,40.0
6534,2025-06-10,14040.0,1095420.0,77.8,78.4,77.8,78.4,1.0,14.0
6534,2025-06-11,24550.0,1923520.0,78.4,78.6,78.0,78.5,0.1,20.0
6534,2025-06-12,65834.0,5074555.0,78.0,78.0,76.5,76.7,-1.8,39.0
6534,2025-06-13,52000.0,3989300.0,76.5,77.4,76.4,77.2,0.5,35.0
6534,2025-06-16,62375.0,4782250.0,77.1,77.1,76.4,76.6,-0.6,44.0
6534,2025-06-17,35100.0,2693800.0,76.6,77.6,76.4,76.6,0.0,26.0
6534,2025-06-18,15331.0,1178470.0,76.5,77.3,76.5,77.0,0.4,20.0
6534,2025-06-19,45100.0,3448770.0,76.7,76.7,76.3,76.5,-0.5,37.0
6534,2025-06-20,18000.0,1380100.0,76.9,76.9,76.5,76.5,0.0,14.0
6534,2025-06-23,72000.0,5480900.0,76.3,76.7,75.9,76.6,0.1,37.0
6534,2025-06-24,14168.0,1097136.0,76.7,78.0,76.7,78.0,1.4,19.0
6534,2025-06-25,13042.0,1017476.0,78.0,78.2,78.0,78.2,0.2,8.0
6534,2025-06-26,15002.0,1169050.0,78.2,78.4,77.1,78.1,-0.1,14.0
6534,2025-06-27,70012.0,5388702.0,78.0,78.5,76.5,78.5,0.4,40.0
6534,2025-06-30,16565.0,1293843.0,77.7,78.6,77.7,78.6,0.1,17.0
6534,2025-07-01,64496.0,5075658.0,78.6,79.2,77.9,77.9,-0.7,54.0
6534,2025-07-02,7000.0,544900.0,77.5,78.5,77.4,78.5,0.6,7.0
6534,2025-07-03,1012.0,78424.0,77.5,77.5,77.5,77.5,-1.0,2.0
6534,2025-07-04,11470.0,891129.0,77.9,77.9,77.5,77.9,0.4,117.0
6534,2025-07-07,0.0,0.0,,,,,0.0,0.0
6534,2025-07-08,44100.0,3409400.0,77.0,78.3,77.0,78.0,0.0,25.0
6534,2025-07-09,21030.0,1631216.0,78.7,78.7,77.1,78.0,0.0,17.0
6534,2025-07-10,36021.0,2777320.0,77.2,77.8,76.8,77.3,-0.7,18.0
6534,2025-07-11,19014.0,1478675.0,78.1,78.2,77.3,77.3,0.0,11.0
6534,2025-07-14,29126.0,2245016.0,77.1,77.5,76.7,77.1,-0.2,43.0
6534,2025-07-15,21000.0,1620000.0,76.7,77.7,76.6,77.7,0.6,17.0
6534,2025-07-16,11800.0,917150.0,77.8,78.1,77.2,77.8,0.1,23.0
6534,2025-07-17,27000.0,2115400.0,78.1,78.5,78.1,78.1,0.3,14.0
6534,2025-07-18,7135.0,553360.0,78.0,78.0,77.4,78.0,-0.1,8.0
6534,2025-07-21,6345.0,493835.0,77.9,78.4,77.6,78.4,0.4,10.0
6534,2025-07-22,28070.0,2179446.0,78.1,78.1,77.5,77.5,-0.9,18.0
6534,2025-07-23,47450.0,3719748.0,78.5,78.5,78.2,78.5,1.0,112.0
6534,2025-07-24,80500.0,6426542.0,78.9,82.2,78.4,81.0,2.5,83.0
6534,2025-07-25,214258.0,19090382.0,89.1,89.1,89.1,89.1,8.1,110.0
6534,2025-07-28,363887.0,35660926.0,98.0,98.0,98.0,98.0,8.9,166.0
6534,2025-07-29,837369.0,81935375.0,99.1,99.5,94.2,98.0,0.0,701.0
6534,2025-07-30,163135.0,15882961.0,98.2,99.0,96.0,97.1,-0.9,433.0
6534,2025-07-31,147720.0,14150548.0,96.2,97.5,95.1,95.1,-2.0,218.0
6534,2025-08-01,183460.0,16954560.0,92.9,93.6,92.0,92.1,-3.0,245.0
6534,2025-08-04,189516.0,17997235.0,92.0,97.9,91.3,94.7,2.6,224.0
6534,2025-08-05,170051.0,15721738.0,93.2,94.0,91.9,94.0,-0.7,449.0
6534,2025-08-06,92258.0,8574889.0,93.5,93.7,92.3,93.3,-0.7,213.0
6534,2025-08-07,85150.0,7855652.0,93.4,93.4,91.6,92.1,-1.2,138.0
6534,2025-08-08,30493.0,2842670.0,92.2,93.8,92.2,93.0,0.9,43.0
6534,2025-08-11,24974.0,2329431.0,93.0,93.9,93.0,93.2,0.2,33.0
6534,2025-08-12,90068.0,8640782.0,94.0,97.1,94.0,96.0,2.8,117.0
6534,2025-08-13,52021.0,4951831.0,96.8,96.8,94.7,95.2,-0.8,47.0
6534,2025-08-14,76403.0,7257160.0,95.0,95.8,94.6,95.2,0.0,44.0
6534,2025-08-15,36526.0,3465174.0,94.6,95.1,94.0,95.1,-0.1,127.0
6534,2025-08-18,610944.0,62506231.0,95.9,104.5,95.3,104.5,9.4,1694.0
6534,2025-08-19,434828.0,44914436.0,103.5,107.0,98.7,104.5,0.0,608.0
6534,2025-08-20,210248.0,22113538.0,103.5,107.5,103.0,106.5,2.0,192.0
6534,2025-08-21,972766.0,111163556.0,105.0,116.5,105.0,116.0,0.0,2303.0
6534,2025-08-22,567458.0,67714348.0,116.5,123.0,113.0,119.5,3.5,674.0
6534,2025-08-25,361516.0,43009369.0,120.0,121.0,117.0,118.5,-1.0,452.0
6534,2025-08-26,327682.0,39176871.0,118.5,122.5,118.0,119.5,1.0,252.0
6534,2025-08-27,353286.0,42614701.0,119.5,123.5,119.0,120.0,0.5,230.0
6534,2025-08-28,487311.0,57065055.0,120.0,121.0,113.5,118.5,-1.5,294.0
6534,2025-08-29,157140.0,18517176.0,118.5,119.0,116.5,118.5,0.0,118.0
6534,2025-09-01,104440.0,12411087.0,118.0,120.0,118.0,118.5,0.0,220.0
6534,2025-09-02,118268.0,13960699.0,118.0,119.5,116.5,118.0,-0.5,252.0
6534,2025-09-03,87750.0,10378347.0,118.5,119.5,117.0,118.0,0.0,179.0
6534,2025-09-04,197354.0,22667303.0,118.0,118.0,112.0,112.5,-5.5,548.0
6534,2025-09-05,88950.0,10271919.0,112.5,117.0,112.5,116.5,4.0,81.0
6534,2025-09-08,270194.0,32633106.0,118.0,123.0,118.0,119.0,2.5,203.0
6534,2025-09-09,100778.0,11945628.0,118.0,119.5,117.5,119.5,0.5,87.0
6534,2025-09-10,303766.0,34608328.0,119.0,119.0,111.5,112.5,-7.0,439.0
6534,2025-09-11,74052.0,8342395.0,113.0,114.0,112.0,112.0,-0.5,80.0
6534,2025-09-12,55517.0,6191382.0,112.5,113.0,111.0,113.0,1.0,54.0
6534,2025-09-15,44047.0,4914734.0,111.5,112.5,111.0,112.0,-1.0,36.0
6534,2025-09-16,74760.0,8182658.0,112.0,112.0,108.0,108.5,-3.5,79.0
6534,2025-09-17,118442.0,13079690.0,108.5,111.5,108.5,111.5,3.0,122.0
6534,2025-09-18,38762.0,4271214.0,112.0,112.0,109.5,109.5,-2.0,39.0
6534,2025-09-19,157643.0,16951191.0,109.0,110.0,106.5,108.0,-1.5,102.0
6534,2025-09-22,102028.0,11504989.0,110.0,114.5,109.5,113.0,5.0,82.0
6534,2025-09-23,61787.0,6900308.0,113.0,113.0,110.5,111.0,-2.0,48.0
6534,2025-09-24,39835.0,4431686.0,111.0,112.0,110.5,111.5,0.5,38.0
6534,2025-09-25,35903.0,4028463.0,111.5,113.5,111.5,111.5,0.0,97.0
6534,2025-09-26,32269.0,3548491.0,111.5,112.0,108.5,112.0,0.5,127.0
6534,2025-09-30,40778.0,4570615.0,112.0,113.5,111.0,113.0,1.0,48.0
6534,2025-10-01,43424.0,4890574.0,114.0,114.0,111.5,112.0,-1.0,43.0
6534,2025-10-02,53225.0,5959255.0,111.5,113.0,111.5,111.5,-0.5,40.0
6534,2025-10-03,18180.0,2018620.0,111.5,111.5,110.5,111.0,-0.5,17.0
6534,2025-10-07,90127.0,10241652.0,112.0,115.0,111.5,115.0,4.0,79.0
6534,2025-10-08,72423.0,8269603.0,116.0,116.0,113.0,113.0,-2.0,107.0
6534,2025-10-09,101467.0,11156783.0,113.0,113.0,109.0,110.0,-3.0,123.0
6534,2025-10-13,41850.0,4553216.0,109.0,110.0,108.0,109.0,-1.0,43.0
6534,2025-10-14,83360.0,8857891.0,109.0,109.5,104.5,104.5,-4.5,83.0
6534,2025-10-15,173616.0,18241050.0,105.0,106.5,104.5,104.5,0.0,153.0
6534,2025-10-16,45665.0,4773990.0,106.0,106.0,104.0,105.0,0.5,30.0
6534,2025-10-17,131481.0,14263722.0,106.0,111.5,104.0,108.0,3.0,96.0
6534,2025-10-20,48740.0,5166130.0,107.0,108.5,105.0,106.0,-2.0,111.0
6534,2025-10-21,23894.0,2539756.0,108.0,108.0,105.0,105.5,-0.5,61.0
6534,2025-10-22,21521.0,2258444.0,104.0,106.5,104.0,105.5,0.0,29.0
6534,2025-10-23,132388.0,14276257.0,104.0,110.5,104.0,110.0,4.5,96.0
6534,2025-10-27,96575.0,10434066.0,112.0,112.5,107.0,107.0,-3.0,231.0
6534,2025-10-28,113102.0,11978585.0,107.0,109.5,104.5,105.5,-1.5,86.0
6534,2025-10-29,36389.0,3831692.0,107.0,107.0,104.5,105.0,-0.5,38.0
6534,2025-10-30,74610.0,7816065.0,104.5,106.5,104.0,105.0,0.0,57.0
6534,2025-10-31,88000.0,9212000.0,106.0,106.0,104.0,104.0,-1.0,51.0
6534,2025-11-03,30755.0,3203142.0,105.0,105.0,103.5,104.0,0.0,44.0
6534,2025-11-04,58229.0,6123046.0,104.0,107.0,104.0,107.0,3.0,95.0
6534,2025-11-05,254398.0,25441922.0,104.0,104.0,98.0,98.0,-9.0,379.0
6534,2025-11-06,89600.0,8875805.0,98.0,100.0,97.0,100.0,2.0,72.0
6534,2025-11-07,70320.0,6999800.0,99.0,101.0,98.6,100.0,0.0,45.0
6534,2025-11-10,67100.0,6706650.0,99.5,101.0,99.3,99.5,-0.5,46.0
6534,2025-11-11,474989.0,44959343.0,99.0,99.4,90.0,92.0,-7.5,309.0
6534,2025-11-12,119101.0,11363783.0,93.8,97.2,93.1,96.1,4.1,74.0
6534,2025-11-13,146869.0,13654328.0,94.0,94.3,91.0,92.6,-3.5,151.0
6534,2025-11-14,40890.0,3863413.0,92.6,95.5,92.6,94.0,1.4,42.0
6534,2025-11-17,55817.0,5302705.0,94.4,96.0,93.9,93.9,-0.1,85.0
6534,2025-11-18,29001.0,2705993.0,93.2,93.9,93.0,93.2,-0.7,25.0
6534,2025-11-19,130772.0,12213261.0,93.5,95.0,93.0,93.6,0.4,74.0
6534,2025-11-20,62789.0,5869947.0,96.4,96.4,93.0,93.7,0.1,105.0
6534,2025-11-21,42357.0,3922854.0,93.0,93.3,91.8,92.2,-1.5,35.0
6534,2025-11-24,50058.0,4631599.0,93.5,93.6,92.0,92.3,0.1,32.0
6534,2025-11-25,444304.0,40083950.0,95.0,95.0,89.5,89.6,-2.7,231.0
6534,2025-11-26,382855.0,33676529.0,90.5,90.5,86.5,89.0,-0.6,288.0
6534,2025-11-27,1001523.0,86028550.0,88.2,90.7,84.0,84.5,-4.5,724.0
6534,2025-11-28,3747834.0,295369478.0,85.2,86.3,82.9,85.7,1.2,217.0
6534,2025-12-01,180659.0,16256662.0,85.1,93.4,85.1,93.2,7.5,181.0
6534,2025-12-02,116434.0,10818699.0,90.9,94.5,90.9,92.6,-0.6,86.0
6534,2025-12-03,68763.0,6498652.0,92.7,96.0,92.6,93.8,1.2,74.0
6534,2025-12-04,141372.0,12823352.0,93.9,93.9,90.0,90.0,-3.8,173.0
6534,2025-12-05,101885.0,9114452.0,91.6,92.0,88.0,89.1,-0.9,100.0
6534,2025-12-08,173613.0,16193956.0,90.0,94.6,90.0,94.4,5.3,123.0
6534,2025-12-09,126353.0,12036770.0,93.5,97.9,92.6,97.0,2.6,110.0
6534,2025-12-10,71720.0,6932380.0,98.1,98.1,95.3,96.2,-0.8,115.0
6534,2025-12-11,82110.0,7727913.0,95.0,96.0,92.5,92.5,-3.7,84.0
6534,2025-12-12,31064.0,2863686.0,93.2,93.2,91.6,91.8,-0.7,33.0
6534,2025-12-15,31530.0,2858643.0,92.0,92.0,90.3,90.3,-1.5,40.0
6534,2025-12-16,240001.0,21206826.0,90.1,90.1,87.7,88.1,-2.2,128.0
6534,2025-12-17,105286.0,9148351.0,89.0,89.0,86.3,86.4,-1.7,123.0
6534,2025-12-18,31100.0,2722849.0,87.3,88.1,86.7,87.7,1.3,26.0
6534,2025-12-19,64057.0,5695346.0,88.8,89.4,88.4,88.4,0.7,26.0
6534,2025-12-22,44000.0,3955600.0,89.2,90.8,89.2,90.1,1.7,31.0
6534,2025-12-23,72030.0,6562615.0,90.8,92.0,90.3,90.3,0.2,48.0
6534,2025-12-24,4260.0,384860.0,90.1,90.7,90.1,90.2,-0.1,6.0
6534,2025-12-26,91290.0,8209705.0,90.5,90.6,89.1,89.1,-1.1,52.0
6534,2025-12-29,104112.0,9433438.0,89.1,92.0,89.0,91.1,2.0,59.0
6534,2025-12-30,9777.0,880223.0,89.6,90.5,89.6,90.2,-0.9,22.0
6534,2025-12-31,15233.0,1369635.0,90.5,90.5,89.6,90.0,-0.2,57.0
6534,2026-01-02,34570.0,3087600.0,90.0,90.0,88.6,89.6,-0.4,41.0
6534,2026-01-05,29102.0,2607479.0,89.6,90.0,89.0,89.5,-0.1,29.0
6534,2026-01-06,142374.0,13001010.0,89.7,93.1,89.2,92.3,2.8,87.0
6534,2026-01-07,103657.0,9668077.0,92.3,94.5,91.4,91.4,-0.9,120.0
6534,2026-01-08,23310.0,2117737.0,91.5,92.0,90.0,90.3,-1.1,29.0
6534,2026-01-09,48308.0,4342273.0,92.0,92.0,89.1,90.0,-0.3,40.0
6534,2026-01-12,56006.0,5044342.0,90.0,90.8,89.0,90.1,0.1,40.0
6534,2026-01-13,29123.0,2637719.0,90.9,91.9,90.0,90.0,-0.1,28.0
6534,2026-01-14,39235.0,3535850.0,90.0,90.5,89.5,90.5,0.5,53.0
6534,2026-01-15,27751.0,2487871.0,89.9,90.4,89.2,89.9,-0.6,46.0
6534,2026-01-16,60575.0,5417764.0,90.0,90.0,88.9,89.9,0.0,69.0
6534,2026-01-19,60731.0,5389067.0,89.8,89.8,88.1,88.1,-1.8,73.0
6534,2026-01-20,104309.0,9061754.0,88.0,88.0,86.6,86.6,-1.5,105.0
6534,2026-01-21,85588.0,7332343.0,86.2,86.5,85.1,85.8,-0.8,78.0
6534,2026-01-22,40351.0,3469323.0,85.9,86.8,85.3,86.3,0.5,47.0
6534,2026-01-23,61173.0,5297604.0,86.8,87.3,86.1,86.4,0.1,53.0
6534,2026-01-26,31162.0,2685199.0,86.4,86.7,86.0,86.0,-0.4,32.0
6534,2026-01-27,144632.0,12533230.0,88.7,88.7,85.3,86.8,0.8,114.0
6534,2026-01-28,120370.0,10305918.0,87.5,87.5,85.0,85.3,-1.5,99.0
6534,2026-01-29,98326.0,8397007.0,86.2,86.2,84.9,85.8,0.5,58.0
6534,2026-01-30,79955.0,7019790.0,87.7,89.0,86.8,87.7,1.9,82.0
6534,2026-02-02,134750.0,11449524.0,85.0,87.6,84.5,84.6,-3.1,86.0
6534,2026-02-03,43102.0,3661948.0,85.2,85.7,84.7,84.7,0.1,36.0
6534,2026-02-04,76143.0,6468675.0,85.0,85.6,84.6,85.1,0.4,57.0
6534,2026-02-05,112820.0,9642432.0,84.9,87.8,84.7,86.5,1.4,70.0
6534,2026-02-06,46972.0,3992930.0,85.2,86.4,84.6,84.6,-1.9,92.0
6534,2026-02-09,68525.0,5795574.0,84.9,84.9,84.2,84.2,-0.4,61.0
6534,2026-02-10,105168.0,8910829.0,84.7,86.3,84.1,84.1,-0.1,63.0
6534,2026-02-11,120316.0,10115105.0,84.5,84.8,83.4,84.2,0.1,89.0
6534,2026-02-23,129280.0,10991671.0,85.0,86.0,84.4,84.7,0.5,95.0
6534,2026-02-24,259232.0,21536021.0,85.0,85.8,81.5,81.9,-2.8,241.0
6534,2026-02-25,134714.0,11071384.0,81.9,83.2,81.6,82.2,0.3,112.0
6534,2026-02-26,397953.0,32115025.0,82.0,82.0,80.0,80.8,-1.4,269.0
6534,2026-03-02,34187.0,2757750.0,81.9,81.9,80.1,81.2,0.4,65.0
6534,2026-03-03,187705.0,15010696.0,81.2,81.2,79.3,79.5,-1.7,209.0
6534,2026-03-04,139365.0,11233883.0,79.5,81.3,79.5,80.2,0.7,115.0
6534,2026-03-05,183314.0,14897238.0,81.0,82.5,80.2,82.5,2.3,116.0
6534,2026-03-06,410314.0,33871251.0,82.5,83.3,81.7,83.2,0.7,180.0
6534,2026-03-09,601089.0,48362209.0,77.6,81.6,77.6,80.0,-3.2,273.0
6534,2026-03-10,348617.0,28953296.0,81.7,85.0,81.4,83.7,3.7,194.0
6534,2026-03-11,152307.0,12760862.0,83.3,85.0,82.3,82.7,-1.0,113.0
6534,2026-03-12,245234.0,20258005.0,82.4,83.6,81.8,82.6,-0.1,158.0
6534,2026-03-13,201934.0,16675327.0,82.0,83.7,81.9,81.9,-0.7,166.0
6534,2026-03-16,1245967.0,100512521.0,82.5,82.5,80.1,80.8,-1.1,452.0
6534,2026-03-17,483476.0,40191654.0,81.0,84.6,81.0,83.8,3.0,257.0
6534,2026-03-18,312835.0,25938926.0,84.0,85.3,82.5,82.8,-1.0,201.0
6534,2026-03-19,1087027.0,93691116.0,81.4,89.1,81.4,85.2,2.4,454.0
6534,2026-03-20,430785.0,37853750.0,85.4,88.8,85.4,88.3,3.1,318.0
6534,2026-03-23,336250.0,29588903.0,86.3,89.2,86.3,87.5,-0.8,199.0
6534,2026-03-24,525031.0,47971689.0,88.6,93.0,88.6,91.4,3.9,458.0
6534,2026-03-25,460768.0,42692742.0,93.3,93.9,90.3,93.4,2.0,605.0
6534,2026-03-26,158554.0,14098851.0,89.4,90.0,88.0,88.0,0.0,142.0
6534,2026-03-27,62331.0,5405967.0,87.0,87.5,86.3,86.3,-1.7,70.0
6534,2026-03-30,82837.0,7170738.0,85.2,87.8,85.2,87.5,1.2,77.0
6534,2026-03-31,76383.0,6634852.0,87.4,88.0,86.4,86.5,-1.0,69.0
6534,2026-04-01,575364.0,53742864.0,88.3,95.1,88.3,92.0,5.5,1150.0
6534,2026-04-02,509181.0,46857483.0,90.5,93.8,90.5,91.0,-1.0,247.0
6534,2026-04-07,307104.0,28731194.0,91.5,95.1,91.5,94.1,3.1,175.0
6534,2026-04-08,277877.0,26298006.0,94.2,95.9,93.5,94.3,0.2,356.0
6534,2026-04-09,435190.0,41888501.0,94.0,97.0,94.0,96.9,2.6,233.0
6534,2026-04-10,300164.0,28275409.0,96.3,96.4,92.7,93.5,-3.4,411.0
6534,2026-04-13,349529.0,33592780.0,94.0,97.2,94.0,96.5,3.0,249.0
6534,2026-04-14,317252.0,31317924.0,96.0,100.5,96.0,99.3,2.8,571.0
6534,2026-04-15,440873.0,45110778.0,97.7,104.0,97.7,102.0,2.7,606.0
6534,2026-04-16,471019.0,46196128.0,100.5,101.5,96.2,98.7,-3.3,959.0
6534,2026-04-17,264482.0,26080612.0,98.8,100.0,97.1,99.6,0.9,165.0
6534,2026-04-20,101121.0,9940540.0,98.8,99.4,97.3,98.2,-1.4,94.0
6534,2026-04-21,197768.0,19625476.0,99.2,101.0,97.0,100.0,1.8,137.0
6534,2026-04-22,113908.0,11474794.0,100.5,102.0,100.0,100.0,0.0,83.0
6534,2026-04-23,398110.0,39671785.0,100.0,101.0,98.1,98.8,-1.2,157.0
6534,2026-04-24,187374.0,18003612.0,98.8,98.8,93.1,96.7,-2.1,203.0
6534,2026-04-27,118719.0,11358911.0,96.5,97.0,94.0,96.8,0.1,108.0
6534,2026-04-28,223463.0,21205520.0,97.0,97.0,93.6,95.9,-0.9,207.0
6534,2026-04-29,110446.0,10410230.0,96.6,96.6,93.4,93.4,-2.5,89.0
6534,2026-04-30,51652.0,4810080.0,93.6,94.0,92.5,92.5,-0.9,53.0
6534,2026-05-04,216588.0,19869593.0,92.2,94.0,90.4,93.4,0.9,265.0
6534,2026-05-05,26621.0,2473628.0,93.4,93.4,92.0,92.9,-0.5,34.0
6534,2026-05-06,84501.0,8003081.0,95.8,95.9,94.1,94.4,1.5,74.0
6534,2026-05-07,152588.0,14509238.0,94.0,96.8,93.8,96.8,2.4,113.0
6534,2026-05-08,208375.0,19747347.0,97.8,97.8,93.5,95.8,-1.0,229.0
6534,2026-05-11,181383.0,17479480.0,95.4,97.8,94.4,97.6,1.8,125.0
6534,2026-05-12,160457.0,15617181.0,97.0,98.5,96.0,97.8,0.2,96.0
6534,2026-05-13,101132.0,9719724.0,97.0,97.0,95.0,96.7,-1.1,80.0
6534,2026-05-14,129034.0,12193428.0,96.7,96.7,93.0,94.2,-2.5,294.0
6534,2026-05-15,169789.0,16048292.0,93.8,96.9,91.7,96.9,2.7,134.0
6534,2026-05-18,138901.0,13241834.0,94.0,96.5,93.4,96.5,-0.4,102.0
6534,2026-05-19,52099.0,4900735.0,95.0,95.1,93.5,93.8,-2.7,46.0
6534,2026-05-20,66205.0,6221985.0,95.0,95.0,93.5,94.4,0.6,51.0
6534,2026-05-21,166150.0,15973547.0,95.8,97.8,94.6,96.9,2.5,140.0
6534,2026-05-22,171815.0,16584123.0,96.1,97.0,95.2,97.0,0.1,120.0
6534,2026-05-25,283016.0,27144739.0,96.5,98.4,94.2,97.0,0.0,208.0
6534,2026-05-26,311872.0,29716821.0,95.5,96.0,93.8,95.9,-1.1,338.0
6534,2026-05-27,202804.0,19129777.0,94.0,94.9,93.3,94.9,-1.0,139.0
6534,2026-05-28,277468.0,26473502.0,94.0,96.5,93.9,96.0,1.1,144.0
6534,2026-05-29,378786.0,36370006.0,95.0,97.1,94.9,96.0,0.0,259.0
6534,2026-06-01,213784.0,20161324.0,96.3,96.3,93.0,93.0,-3.0,460.0
6534,2026-06-02,73630.0,6903211.0,93.1,94.5,93.1,93.3,0.3,62.0
6534,2026-06-03,158261.0,14580484.0,93.0,93.0,90.9,91.5,-1.8,341.0
6534,2026-06-04,102684.0,9471506.0,91.5,93.6,91.3,91.3,-0.2,87.0
6534,2026-06-05,103411.0,9402430.0,91.1,92.0,90.2,90.7,-0.6,81.0
6534,2026-06-08,281450.0,25039463.0,87.7,90.8,87.7,88.7,-2.0,209.0
6534,2026-06-09,68636.0,6128952.0,88.7,90.1,88.7,89.1,0.4,59.0
6534,2026-06-10,49822.0,4476020.0,89.2,90.6,89.2,89.5,0.4,56.0
6534,2026-06-11,64392.0,5742714.0,90.8,90.8,88.7,88.8,-0.7,63.0
6534,2026-06-12,42244.0,3777837.0,90.1,90.1,88.9,89.7,0.9,41.0
6534,2026-06-15,42835.0,3855054.0,92.8,92.8,88.8,90.5,0.8,47.0
6534,2026-06-16,75357.0,6817987.0,90.5,90.9,89.6,90.4,-0.1,44.0
6534,2026-06-17,145082.0,13568675.0,92.7,95.1,92.5,93.8,3.4,158.0
6534,2026-06-18,31452.0,2944622.0,94.0,94.3,93.0,93.0,-0.8,69.0
6534,2026-06-22,40051.0,3704464.0,93.0,93.1,92.0,92.0,-1.0,89.0
6534,2026-06-23,60389.0,5600389.0,91.8,93.6,91.8,92.2,0.2,64.0
6534,2026-06-24,40215.0,3706286.0,92.7,92.7,91.8,91.8,-0.4,47.0
6534,2026-06-25,25139.0,2302067.0,91.8,92.1,91.2,91.5,-0.3,34.0
6534,2026-06-26,80926.0,7302578.0,91.1,91.2,89.6,89.8,-1.7,171.0
6534,2026-06-29,19000.0,1712800.0,91.1,91.1,89.8,90.3,0.5,17.0
6534,2026-06-30,24116.0,2205370.0,92.0,92.1,90.3,90.9,0.6,26.0
6534,2026-07-01,49007.0,4428133.0,91.9,91.9,90.0,90.0,-0.9,46.0
6534,2026-07-02,43507.0,3917955.0,91.4,91.4,89.8,89.8,-0.2,32.0
6534,2026-07-03,24404.0,2198776.0,90.8,90.8,89.9,90.1,0.3,31.0
6534,2026-07-06,30389.0,2748226.0,91.6,91.6,90.0,90.2,0.1,40.0
6534,2026-07-07,203346.0,18806825.0,90.5,94.8,90.4,91.0,0.8,195.0
6534,2026-07-08,81520.0,7529418.0,92.9,93.6,91.0,92.5,1.5,104.0
6534,2026-07-09,82307.0,7604849.0,92.5,93.4,91.1,93.0,0.5,84.0
6534,2026-07-13,125910.0,11713530.0,93.0,94.5,91.5,93.0,0.0,103.0
6534,2026-07-14,107193.0,9943874.0,93.0,93.5,91.7,93.5,0.5,115.0
6534,2026-07-15,65249.0,6080081.0,93.0,93.7,92.4,93.7,0.2,55.0
6534,2026-07-16,42214.0,3934596.0,93.0,93.8,92.4,93.7,0.0,45.0
6534,2026-07-17,107755.0,9930899.0,92.6,93.5,90.8,91.8,-1.9,100.0
6534,2026-07-20,60212.0,5574000.0,92.9,93.1,91.7,93.0,1.2,92.0
6534,2026-07-21,111180.0,10446893.0,92.4,95.0,92.4,93.5,0.5,78.0
6534,2026-07-22,156102.0,14437599.0,93.0,93.8,91.7,91.7,-1.8,152.0
6534,2026-07-23,54619.0,5006908.0,92.0,92.6,90.8,92.6,0.9,60.0
6534,2026-07-24,37574.0,3448992.0,91.4,92.3,91.2,92.2,-0.4,54.0
6534,2026-07-27,84544.0,7847205.0,93.0,93.4,92.1,92.5,0.3,67.0
6534,2026-07-28,118281.0,10943546.0,92.0,93.2,91.8,92.7,0.2,86.0
6534,2026-07-29,166034.0,15446586.0,93.5,94.0,91.6,93.3,0.6,138.0
6534,2026-07-30,138114.0,12921020.0,93.2,94.0,93.1,93.8,0.5,104.0
6534,2026-07-31,98552.0,9268327.0,94.2,95.0,93.2,94.5,0.7,98.0
6534,2026-08-03,142452.0,13483760.0,95.0,95.5,93.0,93.0,-1.5,141.0
6534,2026-08-04,169583.0,15798372.0,92.5,94.5,91.5,94.5,1.5,146.0
6534,2026-08-05,154350.0,14530642.0,93.5,94.9,93.1,94.8,0.3,130.0
6534,2026-08-06,127754.0,12055975.0,93.7,94.9,93.4,94.9,0.1,119.0
6534,2026-08-07,197906.0,18770048.0,93.9,95.5,93.7,95.3,0.4,136.0
6534,2026-08-10,177134.0,16741109.0,95.8,95.8,93.5,94.1,-1.2,176.0
6534,2026-08-11,70352.0,6614135.0,93.7,94.5,93.4,93.7,-0.4,68.0
6534,2026-08-12,102022.0,9600765.0,93.8,94.7,93.1,94.7,1.0,93.0
6534,2026-08-13,118448.0,11204466.0,93.8,94.9,93.7,94.9,0.2,164.0
6534,2026-08-14,211161.0,19947853.0,94.8,94.9,93.8,94.6,-0.3,185.0
6534,2026-08-17,151465.0,13948128.0,94.0,94.0,91.2,91.4,-3.2,173.0
6534,2026-08-18,51253.0,4664769.0,91.2,91.3,90.7,91.1,-0.3,52.0
6534,2026-08-19,38188.0,3503761.0,91.2,92.5,91.2,91.3,0.2,41.0
6534,2026-08-20,113396.0,10450177.0,91.5,93.8,91.5,92.4,1.1,48.0
6534,2026-08-21,26062.0,2407166.0,92.4,93.2,92.1,92.3,-0.1,31.0
6534,2026-08-24,38120.0,3514908.0,92.5,93.0,91.8,92.5,0.2,43.0
6534,2026-08-25,23840.0,2185740.0,91.9,92.3,91.6,92.1,-0.4,33.0
6534,2026-08-26,26420.0,2429885.0,91.9,92.6,91.7,92.0,-0.1,167.0
6534,2026-08-27,28031.0,2581061.0,92.4,92.4,91.9,92.2,0.2,19.0
6534,2026-08-28,51559.0,4715708.0,92.5,92.5,91.2,91.2,-1.0,56.0
6534,2026-08-31,41406.0,3782709.0,91.7,92.0,91.1,92.0,0.8,40.0
6534,2026-09-01,25518.0,2331983.0,90.9,91.9,90.9,91.5,0.0,41.0
6534,2026-09-02,30312.0,2766588.0,91.0,92.0,91.0,91.5,0.0,31.0
6534,2026-09-03,60541.0,5516487.0,92.3,92.3,90.8,91.0,-0.5,44.0
6534,2026-09-04,20632.0,1877614.0,91.4,91.4,90.9,91.1,0.1,24.0
6534,2026-09-07,60101.0,5500692.0,91.9,92.4,91.1,92.4,1.3,46.0
6534,2026-09-08,33039.0,3051985.0,92.4,93.2,91.6,92.1,-0.3,79.0
6534,2026-09-09,35159.0,3229301.0,91.7,92.4,90.9,92.2,0.1,30.0
6534,2026-09-10,23364.0,2149629.0,91.3,92.5,91.3,92.0,-0.2,28.0
6534,2026-09-11,70515.0,6402462.0,91.0,91.8,90.4,90.7,-1.3,61.0
6534,2026-09-14,33218.0,2998338.0,90.5,90.7,90.0,90.5,-0.2,33.0
6534,2026-09-15,25539.0,2303349.0,91.9,91.9,89.8,89.8,-0.7,31.0
6645,2024-01-02,92100.0,3470490.0,37.6,37.95,37.0,37.4,0.5,68.0
6645,2024-01-03,71077.0,2659663.0,37.05,37.9,37.05,37.15,-0.25,58.0
6645,2024-01-04,135060.0,5139892.0,37.2,38.85,37.15,38.2,1.05,89.0
6645,2024-01-05,73256.0,2795490.0,38.85,38.85,37.9,38.3,0.1,52.0
6645,2024-01-08,57100.0,2179685.0,38.5,38.6,37.9,38.0,-0.3,47.0
6645,2024-01-09,53000.0,2014850.0,38.15,38.3,37.5,38.0,0.0,38.0
6645,2024-01-10,60100.0,2247880.0,38.0,38.0,37.05,37.05,-0.95,51.0
6645,2024-01-11,56000.0,2089900.0,37.1,37.5,37.05,37.5,0.45,32.0
6645,2024-01-12,39553.0,1467345.0,37.5,37.5,36.45,36.95,-0.55,31.0
6645,2024-01-15,51000.0,1911150.0,37.3,37.6,37.3,37.35,0.4,34.0
6645,2024-01-16,17000.0,629000.0,37.0,37.3,36.85,37.3,-0.05,14.0
6645,2024-01-17,72835.0,2661125.0,37.45,37.45,35.85,35.9,-1.4,59.0
6645,2024-01-18,37250.0,1327460.0,35.9,36.45,35.3,35.5,-0.4,35.0
6645,2024-01-19,38283.0,1383038.0,36.8,36.8,35.4,36.2,0.7,31.0
6645,2024-01-22,95520.0,3413570.0,36.0,36.3,35.1,36.0,-0.2,59.0
6645,2024-01-23,66671.0,2374120.0,36.0,36.0,35.35,35.5,-0.5,39.0
6645,2024-01-24,79639.0,2927150.0,35.9,37.45,35.9,37.05,1.55,53.0
6645,2024-01-25,56000.0,2083750.0,37.1,37.4,37.0,37.3,0.25,38.0
6645,2024-01-26,47000.0,1744250.0,37.35,37.35,36.9,37.15,-0.15,26.0
6645,2024-01-29,128534.0,4767508.0,37.35,37.4,36.7,37.2,0.05,61.0
6645,2024-01-30,47000.0,1754250.0,37.35,37.55,37.25,37.35,0.15,36.0
6645,2024-01-31,101153.0,3815433.0,37.35,38.5,37.3,38.5,1.15,75.0
6645,2024-02-01,186644.0,7366627.0,39.95,40.1,38.7,40.05,1.55,109.0
6645,2024-02-02,91001.0,3560338.0,39.75,40.05,38.05,38.35,-1.7,58.0
6645,2024-02-05,318416.0,12797447.0,39.45,41.8,38.4,41.3,2.95,196.0
6645,2024-02-15,670853.0,29701274.0,41.45,45.4,41.45,45.0,3.7,402.0
6645,2024-02-16,541202.0,25118278.0,45.15,47.4,45.15,46.3,1.3,344.0
6645,2024-02-19,236799.0,10617942.0,46.3,46.3,44.1,44.8,-1.5,168.0
6645,2024-02-20,123851.0,5495987.0,44.5,45.0,43.95,44.9,0.1,90.0
6645,2024-02-21,147146.0,6491257.0,45.0,45.0,43.65,43.8,-1.1,107.0
6645,2024-02-22,270054.0,11483684.0,43.8,43.8,41.7,42.6,-1.2,188.0
6645,2024-02-23,49050.0,2108495.0,42.6,43.5,42.6,43.1,0.5,41.0
6645,2024-02-26,97491.0,4289557.0,43.1,44.7,43.1,43.65,0.55,70.0
6645,2024-02-27,87050.0,3760150.0,43.65,43.8,42.5,43.2,-0.45,72.0
6645,2024-02-29,91262.0,3894320.0,43.2,43.2,42.45,42.45,-0.75,69.0
6645,2024-03-01,147028.0,6179671.0,42.45,42.45,41.85,42.1,-0.35,85.0
6645,2024-03-04,92106.0,3889132.0,42.6,42.85,42.0,42.6,0.5,62.0
6645,2024-03-05,82808.0,3543932.0,42.65,43.2,42.4,42.8,0.2,58.0
6645,2024-03-06,52003.0,2211627.0,42.8,42.95,42.2,42.4,-0.4,34.0
6645,2024-03-07,54554.0,2303999.0,42.4,42.45,42.1,42.2,-0.2,42.0
6645,2024-03-08,163500.0,7026625.0,42.2,43.6,42.2,43.0,0.8,68.0
6645,2024-03-11,122590.0,5338451.0,43.0,44.2,42.65,42.85,-0.15,86.0
6645,2024-03-12,41369.0,1766619.0,42.5,43.6,42.4,42.75,-0.1,34.0
6645,2024-03-13,254156.0,10362896.0,42.7,42.9,40.0,40.0,-2.75,155.0
6645,2024-03-14,122100.0,4830600.0,40.0,40.1,39.1,39.9,-0.1,81.0
6645,2024-03-15,46000.0,1811650.0,39.05,40.4,39.05,39.35,-0.55,35.0
6645,2024-03-18,51000.0,2015350.0,39.35,40.2,39.15,39.55,0.2,32.0
6645,2024-03-19,65550.0,2566600.0,39.55,39.8,38.8,39.0,-0.55,51.0
6645,2024-03-20,87025.0,3367261.0,39.0,39.1,38.35,38.65,-0.35,59.0
6645,2024-03-21,66014.0,2540289.0,38.65,39.0,38.1,38.35,-0.3,37.0
6645,2024-03-22,150244.0,5629473.0,38.4,38.4,37.0,37.5,-0.85,92.0
6645,2024-03-25,80039.0,2961262.0,37.0,37.6,36.8,37.55,0.05,56.0
6645,2024-03-26,31065.0,1155711.0,37.6,37.65,37.05,37.1,-0.45,25.0
6645,2024-03-27,44001.0,1685438.0,38.0,38.55,37.8,38.0,0.9,32.0
6645,2024-03-28,18342.0,697677.0,37.4,38.7,37.4,38.0,0.0,16.0
6645,2024-03-29,9075.0,347900.0,38.0,38.5,38.0,38.45,0.45,11.0
6645,2024-04-01,43050.0,1674537.0,39.0,39.1,38.65,38.8,0.35,24.0
6645,2024-04-02,24550.0,952629.0,38.8,39.0,38.5,38.65,-0.15,20.0
6645,2024-04-03,42000.0,1622350.0,38.6,39.2,38.45,38.45,-0.2,30.0
6645,2024-04-08,75322.0,2898500.0,38.45,38.9,38.3,38.3,-0.15,44.0
6645,2024-04-09,78087.0,3040665.0,38.3,40.6,38.1,39.4,1.1,59.0
6645,2024-04-10,89150.0,3487995.0,40.0,40.0,38.25,39.4,0.0,55.0
6645,2024-04-11,44591.0,1731082.0,39.6,39.6,38.6,38.6,-0.8,31.0
6645,2024-04-12,22845.0,873879.0,38.2,38.35,38.2,38.3,-0.3,25.0
6645,2024-04-15,95401.0,3640706.0,38.3,38.9,37.3,37.9,-0.4,67.0
6645,2024-04-16,52553.0,1964021.0,37.9,37.9,37.1,37.3,-0.6,41.0
6645,2024-04-17,47000.0,1767100.0,37.3,38.0,37.3,37.6,0.3,28.0
6645,2024-04-18,56342.0,2135511.0,37.1,38.05,37.1,38.0,0.4,37.0
6645,2024-04-19,71141.0,2655081.0,37.55,37.8,37.15,37.15,-0.85,43.0
6645,2024-04-22,220181.0,8675957.0,37.8,40.35,37.8,40.0,2.85,139.0
6645,2024-04-23,246716.0,10199004.0,40.5,42.0,40.5,40.9,0.9,177.0
6645,2024-04-24,97182.0,3867943.0,40.8,40.8,39.3,39.6,-1.3,75.0
6645,2024-04-25,42808.0,1665412.0,39.6,39.6,38.5,39.5,-0.1,42.0
6645,2024-04-26,43261.0,1713007.0,39.7,39.8,39.3,39.35,-0.15,28.0
6645,2024-04-29,41550.0,1612667.0,39.05,39.05,38.55,39.0,-0.35,30.0
6645,2024-04-30,72620.0,2893365.0,40.35,40.35,39.05,39.4,0.4,52.0
6645,2024-05-02,45831.0,1818339.0,39.9,40.0,39.0,39.35,-0.05,35.0
6645,2024-05-03,40071.0,1560704.0,39.2,39.2,38.7,38.95,-0.4,25.0
6645,2024-05-06,42404.0,1658225.0,39.0,39.45,38.8,39.45,0.5,36.0
6645,2024-05-07,22550.0,881589.0,39.45,39.9,38.8,38.8,-0.65,17.0
6645,2024-05-08,15855.0,616874.0,38.9,39.0,38.85,39.0,0.2,21.0
6645,2024-05-09,41050.0,1609090.0,39.0,39.95,38.8,38.8,-0.2,24.0
6645,2024-05-10,26310.0,1011834.0,38.25,38.8,38.1,38.8,0.0,31.0
6645,2024-05-13,99326.0,3767256.0,37.85,38.4,37.45,37.8,-1.0,56.0
6645,2024-05-14,53717.0,2029029.0,38.0,38.3,37.5,38.15,0.35,41.0
6645,2024-05-15,52140.0,1954620.0,37.6,37.85,37.35,37.85,-0.3,34.0
6645,2024-05-16,23035.0,871630.0,37.9,38.15,37.6,38.15,0.3,20.0
6645,2024-05-17,48965.0,1908338.0,38.0,39.35,38.0,39.3,1.15,42.0
6645,2024-05-20,37563.0,1451110.0,40.0,40.0,38.0,38.7,-0.6,33.0
6645,2024-05-21,35342.0,1344411.0,38.5,38.5,37.8,38.2,-0.5,35.0
6645,2024-05-22,60246.0,2296198.0,38.3,38.5,37.95,38.1,-0.1,53.0
6645,2024-05-23,91129.0,3422674.0,38.0,38.1,37.3,37.4,-0.7,65.0
6645,2024-05-24,28451.0,1070231.0,37.6,38.0,37.45,37.5,0.1,24.0
6645,2024-05-27,53998.0,2040073.0,38.7,38.8,37.5,38.0,0.5,49.0
6645,2024-05-28,59354.0,2213569.0,37.6,37.6,37.1,37.3,-0.7,48.0
6645,2024-05-29,41192.0,1546421.0,37.3,38.0,37.25,37.8,0.5,30.0
6645,2024-05-30,34053.0,1286014.0,38.7,38.7,37.45,38.0,0.2,28.0
6645,2024-05-31,108872.0,4051485.0,37.6,38.0,37.0,37.0,-1.0,96.0
6645,2024-06-03,65555.0,2435785.0,38.0,38.0,37.0,37.05,0.05,53.0
6645,2024-06-04,42347.0,1567703.0,37.05,37.2,36.9,36.9,-0.15,34.0
6645,2024-06-05,39000.0,1446000.0,37.05,37.15,37.0,37.0,0.1,26.0
6645,2024-06-06,19130.0,708703.0,37.05,37.25,37.0,37.05,0.05,15.0
6645,2024-06-07,14848.0,547349.0,37.0,37.2,37.0,37.15,0.1,17.0
6645,2024-06-11,53813.0,1990138.0,37.1,37.1,36.95,37.0,-0.15,36.0
6645,2024-06-12,43103.0,1596250.0,37.0,37.1,37.0,37.05,0.05,21.0
6645,2024-06-13,57050.0,2113197.0,37.3,37.3,36.9,36.95,-0.1,33.0
6645,2024-06-14,43720.0,1621351.0,37.0,37.45,36.95,37.25,0.3,35.0
6645,2024-06-17,90769.0,3335019.0,37.0,37.1,36.55,36.75,-0.5,72.0
6645,2024-06-18,74000.0,2802700.0,36.8,38.45,36.8,37.9,1.15,60.0
6645,2024-06-19,35617.0,1337729.0,37.85,37.85,37.35,37.35,-0.55,41.0
6645,2024-06-20,43372.0,1618614.0,37.35,37.5,37.25,37.25,-0.1,33.0
6645,2024-06-21,48770.0,1820542.0,37.1,37.5,37.1,37.5,0.25,29.0
6645,2024-06-24,36856.0,1395561.0,37.5,38.2,37.5,37.85,0.35,39.0
6645,2024-06-25,33100.0,1249039.0,38.5,38.5,37.35,37.4,-0.45,34.0
6645,2024-06-26,105147.0,3911568.0,37.5,37.5,37.0,37.05,-0.35,58.0
6645,2024-06-27,63815.0,2362405.0,37.0,37.65,36.95,37.65,0.6,48.0
6645,2024-06-28,59924.0,2245148.0,37.65,37.9,37.2,37.65,0.0,42.0
6645,2024-07-01,68210.0,2596237.0,38.45,38.45,37.65,38.2,0.55,40.0
6645,2024-07-02,75405.0,2827137.0,38.0,38.0,37.1,37.6,-0.6,44.0
6645,2024-07-03,44139.0,1659556.0,38.0,38.0,37.4,37.4,-0.2,34.0
6645,2024-07-04,36137.0,1353339.0,37.95,37.95,37.15,37.15,-0.25,29.0
6645,2024-07-05,66170.0,2453540.0,37.0,37.5,37.0,37.0,-0.15,41.0
6645,2024-07-08,66341.0,2456367.0,37.1,37.1,36.95,37.0,0.0,48.0
6645,2024-07-09,74349.0,2742207.0,37.3,37.3,36.6,36.9,-0.1,65.0
6645,2024-07-10,69089.0,2552050.0,37.05,37.2,36.7,37.1,0.2,45.0
6645,2024-07-11,60303.0,2236044.0,38.2,38.2,36.8,37.1,0.0,49.0
6645,2024-07-12,78300.0,2901150.0,37.1,37.9,36.8,37.3,0.2,52.0
6645,2024-07-15,83368.0,3087578.0,37.0,37.5,36.8,37.0,-0.3,51.0
6645,2024-07-16,35013.0,1245559.0,36.15,36.15,35.05,36.0,0.0,38.0
6645,2024-07-17,67273.0,2440378.0,36.9,36.9,36.1,36.2,0.2,33.0
6645,2024-07-18,30602.0,1111272.0,36.5,36.5,36.25,36.25,0.05,26.0
6645,2024-07-19,25000.0,897500.0,36.25,36.25,35.65,35.95,-0.3,15.0
6645,2024-07-22,95050.0,3321092.0,35.5,35.5,34.6,34.7,-1.25,68.0
6645,2024-07-23,20150.0,710400.0,35.7,35.7,34.9,35.0,0.3,19.0
6645,2024-07-26,76222.0,2714492.0,34.6,37.05,34.4,37.0,2.0,38.0
6645,2024-07-29,42036.0,1502112.0,36.15,36.2,35.1,35.15,-1.85,29.0
6645,2024-07-30,22315.0,783225.0,35.2,35.45,35.0,35.0,-0.15,21.0
6645,2024-07-31,16884.0,588173.0,34.9,34.95,34.75,34.8,-0.2,20.0
6645,2024-08-01,31050.0,1089189.0,35.0,35.5,35.0,35.0,0.2,24.0
6645,2024-08-02,100223.0,3460510.0,34.6,35.0,34.2,35.0,0.0,62.0
6645,2024-08-05,151483.0,5096953.0,34.9,34.9,32.5,32.5,-2.5,73.0
6645,2024-08-06,64775.0,2078521.0,32.6,32.6,31.5,31.85,-0.65,58.0
6645,2024-08-07,51050.0,1650187.0,31.9,33.0,31.9,32.65,0.8,34.0
6645,2024-08-08,54030.0,1743512.0,33.0,33.0,32.0,32.0,-0.65,31.0
6645,2024-08-09,34279.0,1099166.0,32.0,32.45,31.9,32.0,0.0,31.0
6645,2024-08-12,27575.0,874938.0,31.8,32.0,31.55,31.55,-0.45,30.0
6645,2024-08-13,97032.0,2976976.0,31.0,31.0,30.45,30.45,-1.1,65.0
6645,2024-08-14,45000.0,1374900.0,30.5,30.75,30.45,30.45,0.0,29.0
6645,2024-08-15,53200.0,1603068.0,30.3,30.3,30.0,30.15,-0.3,37.0
6645,2024-08-16,32184.0,974537.0,30.95,30.95,30.1,30.1,-0.05,30.0
6645,2024-08-19,47118.0,1406571.0,30.0,30.25,29.35,30.15,0.05,40.0
6645,2024-08-20,26225.0,789208.0,30.15,30.15,30.0,30.15,0.0,22.0
6645,2024-08-21,85001.0,2559529.0,30.2,30.25,30.0,30.25,0.1,44.0
6645,2024-08-22,40309.0,1220020.0,30.3,30.95,30.15,30.15,-0.1,27.0
6645,2024-08-23,69500.0,2092320.0,30.65,30.65,29.95,30.3,0.15,41.0
6645,2024-08-26,19688.0,596826.0,30.6,30.6,30.2,30.3,0.0,21.0
6645,2024-08-27,12741.0,385926.0,30.6,30.6,30.2,30.2,-0.1,14.0
6645,2024-08-28,56183.0,1689719.0,30.2,30.2,29.95,30.0,-0.2,30.0
6645,2024-08-29,52316.0,1561834.0,29.9,30.0,29.75,29.75,-0.25,40.0
6645,2024-08-30,32384.0,962444.0,29.75,29.9,29.65,29.85,0.1,30.0
6645,2024-09-02,86116.0,2538817.0,29.55,29.75,28.85,28.85,-1.0,52.0
6645,2024-09-03,27238.0,792213.0,29.1,29.2,29.05,29.05,0.2,19.0
6645,2024-09-04,136542.0,3845426.0,28.05,28.35,28.0,28.25,-0.8,79.0
6645,2024-09-05,62040.0,1741470.0,28.35,28.35,27.9,28.0,-0.25,28.0
6645,2024-09-06,10061.0,281801.0,28.1,28.1,27.9,27.9,-0.1,12.0
6645,2024-09-09,94465.0,2675291.0,27.95,28.9,27.95,28.9,1.0,55.0
6645,2024-09-10,30282.0,915017.0,30.35,30.7,29.6,29.85,0.95,26.0
6645,2024-09-11,23081.0,672774.0,30.0,30.0,28.6,28.6,-1.25,23.0
6645,2024-09-12,37315.0,1064608.0,28.9,28.9,28.05,28.7,0.1,33.0
6645,2024-09-13,18000.0,513100.0,29.0,29.0,28.3,28.4,-0.3,13.0
6645,2024-09-16,44092.0,1257162.0,28.4,28.65,28.4,28.4,0.0,24.0
6645,2024-09-18,39870.0,1139060.0,28.5,28.85,28.35,28.6,0.2,31.0
6645,2024-09-19,15000.0,430350.0,28.8,28.8,28.6,28.75,0.15,13.0
6645,2024-09-20,52549.0,1496856.0,28.5,28.8,28.3,28.35,-0.4,48.0
6645,2024-09-23,30170.0,849660.0,28.5,28.5,28.05,28.2,-0.15,46.0
6645,2024-09-24,28493.0,799347.0,28.1,28.3,28.0,28.3,0.1,27.0
6645,2024-09-25,28275.0,804869.0,28.3,28.75,28.3,28.75,0.45,31.0
6645,2024-09-26,12827.0,368683.0,28.75,29.05,28.45,28.7,-0.05,15.0
6645,2024-09-27,17450.0,497481.0,28.6,28.75,28.2,28.75,0.05,23.0
6645,2024-09-30,13302.0,384274.0,28.9,28.95,28.8,28.95,0.2,16.0
6645,2024-10-01,23727.0,697589.0,29.5,29.7,29.0,29.4,0.45,25.0
6645,2024-10-04,18701.0,535146.0,28.55,28.7,28.5,28.6,-0.8,25.0
6645,2024-10-07,29362.0,839517.0,28.8,28.8,28.45,28.5,-0.1,23.0
6645,2024-10-08,21483.0,604269.0,28.1,28.35,28.0,28.1,-0.4,23.0
6645,2024-10-09,28752.0,807855.0,28.3,28.3,28.0,28.1,0.0,25.0
6645,2024-10-11,10112.0,287247.0,28.4,28.6,28.3,28.3,0.2,12.0
6645,2024-10-14,32000.0,904648.0,28.3,28.35,28.2,28.25,-0.05,22.0
6645,2024-10-15,86519.0,2426126.0,28.1,28.25,27.95,28.0,-0.25,55.0
6645,2024-10-16,35789.0,1001011.0,28.05,28.05,27.9,27.9,-0.1,24.0
6645,2024-10-17,86444.0,2353752.0,27.9,27.9,26.5,26.65,-1.25,67.0
6645,2024-10-18,24676.0,660195.0,27.1,27.25,26.5,26.8,0.15,31.0
6645,2024-10-21,200487.0,5071275.0,27.0,27.0,25.0,25.0,-1.8,132.0
6645,2024-10-22,105900.0,2582226.0,25.0,25.0,24.1,24.2,-0.8,89.0
6645,2024-10-23,49206.0,1212624.0,24.2,25.3,24.1,24.7,0.5,39.0
6645,2024-10-24,121645.0,2984072.0,25.2,25.2,24.0,25.2,0.5,69.0
6645,2024-10-25,64398.0,1579687.0,25.0,25.1,24.15,25.1,-0.1,52.0
6645,2024-10-28,31056.0,778197.0,25.2,25.2,24.95,25.0,-0.1,22.0
6645,2024-10-29,12955.0,321231.0,25.0,25.2,24.6,24.75,-0.25,13.0
6645,2024-10-30,104091.0,2527879.0,24.1,26.0,23.2,26.0,1.25,76.0
6645,2024-11-01,22170.0,559400.0,25.8,25.8,25.0,25.0,-1.0,23.0
6645,2024-11-04,39575.0,1010354.0,25.25,26.0,25.2,26.0,1.0,38.0
6645,2024-11-05,68050.0,1828239.0,26.5,27.55,26.45,27.05,1.05,44.0
6645,2024-11-06,18746.0,506692.0,27.5,27.5,26.95,27.0,-0.05,21.0
6645,2024-11-07,37206.0,1026468.0,27.15,28.2,27.15,28.0,1.0,28.0
6645,2024-11-08,88289.0,2529702.0,29.2,29.5,28.0,28.6,0.6,55.0
6645,2024-11-11,42372.0,1187766.0,28.05,28.55,27.5,28.2,-0.4,43.0
6645,2024-11-12,19700.0,545696.0,28.0,28.0,27.35,27.8,-0.4,30.0
6645,2024-11-13,34458.0,959532.0,27.8,28.0,27.35,27.95,0.15,39.0
6645,2024-11-14,38212.0,1039974.0,27.8,28.0,27.0,27.0,-0.95,25.0
6645,2024-11-15,72860.0,1929920.0,27.0,27.5,26.0,27.3,0.3,57.0
6645,2024-11-18,10000.0,266300.0,27.3,27.3,26.3,26.3,-1.0,10.0
6645,2024-11-19,12793.0,348619.0,26.35,27.5,26.35,27.4,1.1,17.0
6645,2024-11-20,24507.0,678040.0,27.2,28.0,27.2,27.95,0.55,35.0
6645,2024-11-21,20197.0,561774.0,27.95,28.0,27.3,27.95,0.0,22.0
6645,2024-11-22,32000.0,883698.0,26.6,27.95,26.6,27.85,-0.1,25.0
6645,2024-11-25,29839.0,822996.0,27.8,27.85,27.05,27.75,-0.1,31.0
6645,2024-11-26,16000.0,439500.0,27.25,28.0,27.15,27.3,-0.45,15.0
6645,2024-11-27,14040.0,383395.0,27.25,27.5,27.15,27.4,0.1,15.0
6645,2024-11-28,46100.0,1236600.0,27.05,27.05,26.55,27.05,-0.35,42.0
6645,2024-11-29,12343.0,334304.0,26.65,28.0,26.65,28.0,0.95,19.0
6645,2024-12-02,7028.0,194870.0,27.1,28.0,27.1,27.5,-0.5,8.0
6645,2024-12-03,16050.0,443360.0,27.5,28.0,27.2,27.2,-0.3,16.0
6645,2024-12-04,4048.0,110248.0,27.05,27.7,27.05,27.15,0.0,7.0
6645,2024-12-05,54425.0,1442996.0,26.7,27.5,26.0,26.35,-0.8,35.0
6645,2024-12-06,21525.0,577562.0,25.8,28.0,25.8,26.0,-0.35,25.0
6645,2024-12-09,17300.0,455750.0,26.05,27.2,26.05,26.5,0.5,17.0
6645,2024-12-10,13795.0,358970.0,26.05,26.05,26.0,26.0,-0.5,14.0
6645,2024-12-11,4006.0,104156.0,26.0,26.0,26.0,26.0,0.0,5.0
6645,2024-12-12,34588.0,907909.0,26.05,27.0,25.9,26.4,0.4,45.0
6645,2024-12-13,55146.0,1419639.0,25.0,26.8,24.85,24.85,-1.55,52.0
6645,2024-12-16,110825.0,2807004.0,24.75,25.95,24.25,25.75,0.9,74.0
6645,2024-12-17,58622.0,1492896.0,24.9,26.0,24.9,25.75,0.0,53.0
6645,2024-12-18,44294.0,1122889.0,25.05,25.75,24.95,25.75,0.0,48.0
6645,2024-12-19,51532.0,1309920.0,25.3,25.8,24.9,25.7,-0.05,43.0
6645,2024-12-20,24250.0,622350.0,25.7,26.0,25.2,25.7,0.0,26.0
6645,2024-12-23,14350.0,368134.0,25.55,26.1,25.25,25.95,0.25,18.0
6645,2024-12-24,2253.0,57288.0,25.4,25.45,25.4,25.45,-0.5,6.0
6645,2024-12-25,30964.0,798567.0,25.5,26.0,25.5,25.9,0.45,34.0
6645,2024-12-26,14150.0,363590.0,25.8,25.9,25.4,25.9,0.0,16.0
6645,2024-12-27,517029.0,12321296.0,24.0,24.35,23.35,23.9,-2.0,349.0
6645,2024-12-30,90018.0,2140282.0,23.7,23.9,23.4,23.9,0.0,59.0
6645,2024-12-31,46586.0,1109455.0,23.8,23.95,23.7,23.9,0.0,48.0
6645,2025-01-02,40052.0,952536.0,23.65,23.9,23.65,23.7,-0.2,35.0
6645,2025-01-03,98050.0,2333195.0,23.7,23.9,23.6,23.9,0.2,62.0
6645,2025-01-06,119239.0,2880540.0,23.95,24.5,23.9,23.9,0.0,97.0
6645,2025-01-07,58798.0,1401252.0,23.95,24.05,23.6,23.6,-0.3,47.0
6645,2025-01-08,164014.0,3948487.0,24.5,24.5,23.9,24.15,0.55,100.0
6645,2025-01-09,54707.0,1304222.0,24.0,24.0,23.65,23.7,-0.45,38.0
6645,2025-01-10,32516.0,776165.0,23.8,23.95,23.8,23.9,0.2,33.0
6645,2025-01-13,45385.0,1077400.0,23.9,23.9,23.6,23.8,-0.1,40.0
6645,2025-01-14,74002.0,1743611.0,23.65,23.75,23.5,23.55,-0.25,43.0
6645,2025-01-15,38540.0,903479.0,23.5,23.5,23.35,23.45,-0.1,45.0
6645,2025-01-16,30131.0,714114.0,23.7,23.7,23.7,23.7,0.25,29.0
6645,2025-01-17,10007.0,236275.0,23.65,23.8,23.55,23.55,-0.15,16.0
6645,2025-01-20,18655.0,440676.0,23.85,23.85,23.55,23.55,0.0,28.0
6645,2025-01-21,17552.0,412922.0,23.4,23.6,23.35,23.5,-0.05,29.0
6645,2025-01-22,22067.0,518573.0,23.4,23.55,23.4,23.4,-0.1,23.0
6645,2025-02-03,40817.0,952948.0,23.5,23.6,23.25,23.25,-0.15,39.0
6645,2025-02-04,18531.0,436621.0,23.35,23.5,23.3,23.35,0.1,60.0
6645,2025-02-05,13842.0,325169.0,23.45,23.45,23.3,23.45,0.1,27.0
6645,2025-02-06,23999.0,563817.0,23.5,23.6,23.4,23.55,0.1,45.0
6645,2025-02-07,24661.0,578383.0,23.5,23.5,23.35,23.5,-0.05,33.0
6645,2025-02-10,58760.0,1400414.0,23.5,24.05,23.5,23.8,0.3,59.0
6645,2025-02-11,51259.0,1222255.0,23.85,24.0,23.5,23.8,0.0,55.0
6645,2025-02-12,12268.0,289106.0,23.75,23.75,23.5,23.5,-0.3,51.0
6645,2025-02-13,46575.0,1117777.0,24.0,24.05,23.7,23.7,0.2,68.0
6645,2025-02-14,18047.0,428847.0,23.75,23.8,23.6,23.8,0.1,41.0
6645,2025-02-17,18542.0,441262.0,23.85,23.9,23.65,23.9,0.1,48.0
6645,2025-02-18,22300.0,532527.0,23.75,24.0,23.75,23.8,-0.1,43.0
6645,2025-02-19,16715.0,398233.0,23.85,23.95,23.8,23.8,0.0,47.0
6645,2025-02-20,47852.0,1129832.0,23.75,23.75,23.55,23.55,-0.25,45.0
6645,2025-02-21,32157.0,760753.0,23.6,23.75,23.6,23.65,0.1,46.0
6645,2025-02-24,47297.0,1129350.0,23.7,24.0,23.7,23.9,0.25,39.0
6645,2025-02-25,18654.0,442134.0,23.7,23.8,23.55,23.7,-0.2,50.0
6645,2025-02-26,10808.0,255660.0,23.65,23.65,23.65,23.65,-0.05,22.0
6645,2025-02-27,37300.0,879529.0,23.65,23.65,23.5,23.6,-0.05,40.0
6645,2025-03-03,25165.0,591513.0,23.55,23.6,23.45,23.6,0.0,76.0
6645,2025-03-04,51072.0,1184565.0,23.45,23.65,22.95,23.65,0.05,57.0
6645,2025-03-05,22204.0,515706.0,23.6,23.6,23.15,23.25,-0.4,27.0
6645,2025-03-06,64164.0,1484909.0,23.25,23.25,23.0,23.05,-0.2,53.0
6645,2025-03-07,36052.0,841714.0,23.05,23.75,23.05,23.05,0.0,26.0
6645,2025-03-10,31124.0,711469.0,23.3,23.3,22.65,22.9,-0.15,38.0
6645,2025-03-11,41678.0,945628.0,22.85,22.85,22.6,22.8,-0.1,43.0
6645,2025-03-12,16855.0,382711.0,22.7,22.7,22.6,22.6,-0.2,23.0
6645,2025-03-13,49120.0,1108525.0,22.5,22.85,22.5,22.85,0.25,80.0
6645,2025-03-14,42963.0,957123.0,22.2,22.65,22.2,22.35,-0.5,53.0
6645,2025-03-17,8690.0,193837.0,22.4,22.45,22.2,22.3,-0.05,22.0
6645,2025-03-18,27101.0,604063.0,22.3,22.4,22.25,22.25,-0.05,30.0
6645,2025-03-19,15338.0,341626.0,22.15,22.4,22.15,22.2,-0.05,28.0
6645,2025-03-20,23093.0,514437.0,22.3,22.35,22.25,22.25,0.05,23.0
6645,2025-03-21,92697.0,2133920.0,22.4,23.35,22.4,23.0,0.75,73.0
6645,2025-03-24,124284.0,2782527.0,22.5,22.75,22.15,22.15,-0.85,75.0
6645,2025-03-25,70191.0,1573263.0,22.2,22.85,22.05,22.65,0.5,50.0
6645,2025-03-26,6555.0,147623.0,22.8,22.8,22.4,22.5,-0.15,23.0
6645,2025-03-27,42270.0,938278.0,22.45,22.45,22.15,22.15,-0.35,38.0
6645,2025-03-28,60715.0,1340046.0,22.2,22.2,21.85,21.95,-0.2,47.0
6645,2025-03-31,60963.0,1295079.0,21.55,21.55,21.0,21.05,-0.9,67.0
6645,2025-04-01,20474.0,430673.0,21.15,21.2,20.95,20.95,-0.1,44.0
6645,2025-04-02,27298.0,579070.0,21.3,21.3,21.0,21.0,0.05,31.0
6645,2025-04-07,136829.0,2597315.0,18.9,20.0,18.9,19.4,-1.6,107.0
6645,2025-04-08,108770.0,2008250.0,19.25,19.25,18.0,18.55,-0.85,79.0
6645,2025-04-09,114600.0,1962153.0,18.3,18.3,16.7,16.85,-1.7,86.0
6645,2025-04-10,115337.0,2080608.0,17.45,18.5,17.45,18.0,1.15,82.0
6645,2025-04-11,137165.0,2464196.0,17.8,18.75,16.4,18.75,0.75,88.0
6645,2025-04-14,61469.0,1143948.0,18.9,19.0,17.8,18.15,-0.6,82.0
6645,2025-04-15,89519.0,1723354.0,18.35,19.95,18.35,19.95,1.8,96.0
6645,2025-04-16,60068.0,1221998.0,20.5,21.5,19.85,21.5,1.55,63.0
6645,2025-04-17,49176.0,1040934.0,22.0,22.0,20.25,21.85,0.35,64.0
6645,2025-04-18,14625.0,306857.0,21.85,21.85,20.75,20.75,-1.1,33.0
6645,2025-04-21,11852.0,241962.0,20.8,20.8,20.15,20.15,-0.6,19.0
6645,2025-04-22,13301.0,262378.0,19.65,19.85,19.65,19.7,-0.45,16.0
6645,2025-04-23,35513.0,730129.0,20.3,20.95,20.15,20.55,0.85,25.0
6645,2025-04-24,27091.0,552396.0,19.9,21.0,19.9,20.25,-0.3,23.0
6645,2025-04-25,115099.0,2428272.0,20.5,22.0,20.3,21.75,1.5,88.0
6645,2025-04-28,72744.0,1555031.0,22.1,22.3,20.95,20.95,-0.8,56.0
6645,2025-04-29,9149.0,195033.0,21.85,21.85,21.1,21.15,0.2,31.0
6645,2025-04-30,26790.0,572329.0,21.8,21.8,21.15,21.15,0.0,45.0
6645,2025-05-02,170345.0,3697387.0,21.3,22.3,20.9,22.25,1.1,149.0
6645,2025-05-05,20221.0,428298.0,22.3,22.3,20.95,20.95,-1.3,29.0
6645,2025-05-06,13000.0,277800.0,21.3,21.85,21.1,21.4,0.45,10.0
6645,2025-05-07,24536.0,513341.0,20.6,21.2,20.4,20.95,-0.45,39.0
6645,2025-05-08,15131.0,321483.0,21.1,21.5,20.8,20.8,-0.15,31.0
6645,2025-05-09,11670.0,246679.0,20.7,21.25,20.7,21.2,0.4,12.0
6645,2025-05-12,5001.0,105421.0,21.1,21.2,21.0,21.2,0.0,6.0
6645,2025-05-13,6144.0,126531.0,20.6,20.6,20.55,20.6,-0.6,13.0
6645,2025-05-14,29419.0,599075.0,20.6,20.6,20.2,20.4,-0.2,129.0
6645,2025-05-15,3050.0,62900.0,20.7,20.75,20.45,20.45,0.05,4.0
6645,2025-05-16,36672.0,736809.0,20.95,20.95,19.9,19.9,-0.55,42.0
6645,2025-05-19,68008.0,1371656.0,19.9,20.75,19.9,19.95,0.05,37.0
6645,2025-05-20,11352.0,227826.0,20.5,20.5,19.9,20.15,0.2,16.0
6645,2025-05-21,16202.0,327455.0,20.15,20.25,20.05,20.15,0.0,23.0
6645,2025-05-22,36316.0,725166.0,20.35,20.35,19.85,19.9,-0.25,31.0
6645,2025-05-23,87714.0,1705857.0,20.0,20.0,18.75,19.3,-0.6,56.0
6645,2025-05-26,23156.0,450763.0,19.35,19.75,19.2,19.35,0.05,74.0
6645,2025-05-27,58547.0,1138539.0,19.1,19.95,18.9,19.85,0.5,38.0
6645,2025-05-28,39469.0,798147.0,19.85,20.5,19.85,20.2,0.35,40.0
6645,2025-05-29,44101.0,885606.0,20.05,20.4,19.9,20.2,0.0,33.0
6645,2025-06-02,26853.0,541387.0,20.2,20.4,19.8,20.4,0.2,20.0
6645,2025-06-03,25117.0,511435.0,20.5,20.6,20.05,20.05,-0.35,26.0
6645,2025-06-04,26196.0,536604.0,20.05,21.4,20.05,21.4,1.35,31.0
6645,2025-06-05,10072.0,212336.0,21.4,21.4,20.7,21.2,-0.2,13.0
6645,2025-06-06,56695.0,1213259.0,21.0,21.95,20.9,21.95,0.75,43.0
6645,2025-06-09,31738.0,688259.0,21.4,21.95,21.4,21.7,-0.25,27.0
6645,2025-06-10,36460.0,790531.0,21.65,21.8,21.6,21.8,0.1,31.0
6645,2025-06-11,33109.0,683341.0,20.7,20.8,20.55,20.55,-1.25,28.0
6645,2025-06-12,67755.0,1367744.0,20.45,20.5,19.8,19.9,-0.65,44.0
6645,2025-06-13,11631.0,232427.0,20.25,20.25,19.9,19.9,0.0,13.0
6645,2025-06-16,17831.0,352133.0,19.9,20.5,19.4,20.5,0.6,78.0
6645,2025-06-17,4195.0,83322.0,19.85,19.9,19.85,19.9,-0.6,13.0
6645,2025-06-18,21670.0,427391.0,19.9,20.05,19.5,19.5,-0.4,36.0
6645,2025-06-19,34286.0,669227.0,19.15,19.75,18.8,19.15,-0.35,20.0
6645,2025-06-20,43246.0,830195.0,18.6,20.0,18.6,20.0,0.85,34.0
6645,2025-06-23,35430.0,686605.0,19.55,19.55,19.3,19.35,-0.65,31.0
6645,2025-06-24,23765.0,463563.0,19.65,19.75,19.25,19.45,0.1,17.0
6645,2025-06-25,24010.0,470360.0,19.65,19.7,19.45,19.55,0.1,17.0
6645,2025-06-26,32185.0,641900.0,19.75,20.25,19.55,19.55,0.0,56.0
6645,2025-06-27,35767.0,735976.0,21.35,21.35,19.7,20.0,0.45,31.0
6645,2025-06-30,29385.0,585210.0,20.05,20.05,19.75,19.75,-0.25,23.0
6645,2025-07-01,54197.0,1058468.0,20.3,20.3,19.0,19.2,-0.55,56.0
6645,2025-07-02,58001.0,1106869.0,19.35,19.35,18.8,18.95,-0.25,30.0
6645,2025-07-03,18285.0,351825.0,19.0,19.4,19.0,19.3,0.35,19.0
6645,2025-07-04,85001.0,1606869.0,19.45,19.45,18.5,18.7,-0.6,53.0
6645,2025-07-07,117557.0,2156999.0,18.75,18.75,17.9,17.9,-0.8,82.0
6645,2025-07-08,27051.0,492435.0,17.85,18.5,17.85,18.5,0.6,21.0
6645,2025-07-09,110093.0,2079220.0,18.6,19.2,18.55,18.8,0.3,93.0
6645,2025-07-10,33610.0,628525.0,18.8,18.9,18.55,18.55,-0.25,34.0
6645,2025-07-11,29883.0,547376.0,18.3,18.55,18.25,18.25,-0.3,27.0
6645,2025-07-14,202951.0,3564936.0,18.1,18.1,16.9,17.2,-1.05,133.0
6645,2025-07-15,61942.0,1100679.0,17.65,18.2,17.5,17.65,0.45,53.0
6645,2025-07-16,15127.0,268009.0,17.6,17.95,17.6,17.65,0.0,22.0
6645,2025-07-17,25000.0,440650.0,17.65,17.7,17.5,17.5,-0.15,22.0
6645,2025-07-18,51150.0,890601.0,17.55,17.55,17.3,17.3,-0.2,34.0
6645,2025-07-21,71984.0,1235587.0,17.05,17.4,17.05,17.1,-0.2,51.0
6645,2025-07-22,41575.0,713354.0,17.2,17.3,17.05,17.05,-0.05,36.0
6645,2025-07-23,231730.0,3872369.0,17.1,17.2,16.2,16.7,-0.35,125.0
6645,2025-07-24,115792.0,1918887.0,16.8,16.85,16.2,16.5,-0.2,86.0
6645,2025-07-25,81995.0,1395338.0,16.6,17.5,16.6,17.05,0.55,53.0
6645,2025-07-28,43233.0,743577.0,17.25,17.35,17.1,17.15,0.1,43.0
6645,2025-07-29,33029.0,578958.0,17.65,18.0,17.1,17.3,0.15,27.0
6645,2025-07-30,36403.0,633446.0,17.7,17.75,17.25,17.25,-0.05,36.0
6645,2025-07-31,18202.0,317713.0,17.5,17.5,17.4,17.4,0.15,20.0
6645,2025-08-01,31958.0,558949.0,17.4,17.7,17.4,17.55,0.15,62.0
6645,2025-08-04,26101.0,464874.0,17.55,18.1,17.55,18.0,0.45,35.0
6645,2025-08-05,63579.0,1149541.0,18.5,18.5,17.95,18.1,0.1,52.0
6645,2025-08-06,97844.0,1812763.0,18.4,18.8,18.4,18.4,0.3,57.0
6645,2025-08-07,56125.0,1045214.0,18.9,18.9,18.4,18.5,0.1,43.0
6645,2025-08-08,44605.0,825698.0,18.5,18.6,18.45,18.6,0.1,30.0
6645,2025-08-11,31803.0,597837.0,19.25,19.25,18.6,18.95,0.35,23.0
6645,2025-08-12,65997.0,1285665.0,19.2,19.7,19.1,19.65,0.7,76.0
6645,2025-08-13,54251.0,1057890.0,19.8,19.8,19.25,19.25,-0.4,54.0
6645,2025-08-14,71430.0,1382917.0,19.25,19.7,19.2,19.4,0.15,50.0
6645,2025-08-15,79109.0,1537660.0,19.4,19.95,18.9,18.9,-0.5,58.0
6645,2025-08-18,85327.0,1650436.0,19.1,19.5,19.1,19.4,0.5,52.0
6645,2025-08-19,35328.0,684245.0,19.8,19.95,19.0,19.2,-0.2,29.0
6645,2025-08-20,49617.0,953401.0,19.3,19.5,19.1,19.2,0.0,34.0
6645,2025-08-21,60079.0,1156063.0,19.2,19.6,18.85,19.45,0.25,53.0
6645,2025-08-22,26005.0,505357.0,19.4,19.7,19.4,19.4,-0.05,25.0
6645,2025-08-25,77356.0,1499873.0,19.9,19.9,19.1,19.4,0.0,47.0
6645,2025-08-26,17036.0,328352.0,19.35,19.45,19.2,19.25,-0.15,23.0
6645,2025-08-27,96744.0,1883280.0,19.25,19.85,18.7,19.6,0.35,66.0
6645,2025-08-28,178406.0,3764443.0,19.6,21.55,19.6,21.55,1.95,180.0
6645,2025-08-29,172433.0,3889967.0,20.5,23.4,20.4,22.3,0.75,250.0
6645,2025-09-01,86913.0,1930064.0,21.85,22.55,21.8,22.45,0.15,84.0
6645,2025-09-02,74399.0,1641604.0,22.45,22.6,21.45,22.1,-0.35,43.0
6645,2025-09-03,33220.0,740279.0,22.0,22.5,22.0,22.5,0.4,25.0
6645,2025-09-04,148305.0,3467266.0,22.6,24.0,22.6,23.3,0.8,108.0
6645,2025-09-05,55012.0,1289821.0,23.35,23.65,23.3,23.4,0.1,61.0
6645,2025-09-08,133517.0,3180719.0,23.6,24.0,23.4,24.0,0.6,99.0
6645,2025-09-09,133216.0,3220899.0,24.0,24.6,23.9,24.25,0.25,116.0
6645,2025-09-10,155322.0,3765517.0,24.25,24.5,24.0,24.25,0.0,91.0
6645,2025-09-11,308212.0,7475286.0,24.1,24.95,23.85,24.05,-0.2,200.0
6645,2025-09-12,123168.0,2925104.0,24.5,24.5,23.05,24.0,-0.05,77.0
6645,2025-09-15,61275.0,1466731.0,23.85,24.2,23.85,24.0,0.0,61.0
6645,2025-09-16,33002.0,785046.0,24.1,24.1,23.6,23.75,-0.25,32.0
6645,2025-09-17,69730.0,1633502.0,23.8,23.9,23.1,23.7,-0.05,86.0
6645,2025-09-18,35982.0,844418.0,23.7,23.7,23.3,23.4,-0.3,66.0
6645,2025-09-19,30662.0,716132.0,23.3,23.5,23.25,23.3,-0.1,33.0
6645,2025-09-22,171807.0,4177110.0,23.3,25.0,23.3,24.0,0.7,166.0
6645,2025-09-23,48829.0,1171261.0,24.25,24.35,23.8,23.9,-0.1,87.0
6645,2025-09-24,55829.0,1329510.0,23.75,24.05,23.6,24.0,0.1,42.0
6645,2025-09-25,85534.0,2013980.0,23.8,23.95,23.1,23.55,-0.45,59.0
6645,2025-09-26,96489.0,2274888.0,23.55,23.95,23.15,23.6,0.05,58.0
6645,2025-09-30,13631.0,318694.0,23.25,23.5,23.2,23.5,-0.1,14.0
6645,2025-10-01,34478.0,801313.0,23.55,23.55,23.0,23.1,-0.4,28.0
6645,2025-10-02,46202.0,1070747.0,23.15,23.45,23.1,23.15,0.05,25.0
6645,2025-10-03,65462.0,1511088.0,23.35,23.35,23.05,23.05,-0.1,85.0
6645,2025-10-07,82100.0,1885379.0,23.15,23.15,22.45,22.95,-0.1,52.0
6645,2025-10-08,82126.0,1881289.0,23.1,23.1,22.75,22.95,0.0,40.0
6645,2025-10-09,57592.0,1330100.0,23.0,23.3,22.95,23.15,0.2,43.0
6645,2025-10-13,85623.0,1926714.0,23.15,23.15,22.1,22.4,-0.75,49.0
6645,2025-10-14,82702.0,1801279.0,22.8,22.8,21.5,21.5,-0.9,62.0
6645,2025-10-15,76339.0,1643616.0,22.0,22.0,21.1,21.5,0.0,71.0
6645,2025-10-16,152842.0,3355369.0,22.3,22.6,21.6,21.6,0.1,150.0
6645,2025-10-17,91932.0,1981447.0,21.3,21.9,21.2,21.7,0.1,52.0
6645,2025-10-20,247330.0,5267283.0,22.5,22.5,20.55,21.8,0.1,154.0
6645,2025-10-21,128473.0,2757964.0,21.5,22.0,21.15,21.8,0.0,73.0
6645,2025-10-22,282852.0,6537172.0,21.8,23.95,21.75,23.95,2.15,278.0
6645,2025-10-23,442775.0,11644966.0,26.3,26.3,26.3,26.3,2.35,190.0
6645,2025-10-27,562123.0,13648181.0,25.8,26.45,23.7,23.7,-2.6,425.0
6645,2025-10-28,239830.0,5265065.0,22.45,22.45,21.6,21.75,-1.95,138.0
6645,2025-10-29,325889.0,7389529.0,21.65,23.9,21.65,22.4,0.65,186.0
6645,2025-10-30,100725.0,2231621.0,22.9,22.95,21.15,21.7,-0.7,74.0
6645,2025-10-31,55997.0,1230853.0,22.35,22.35,21.8,21.8,0.1,67.0
6645,2025-11-03,57905.0,1258782.0,22.8,22.8,21.25,22.05,0.25,59.0
6645,2025-11-04,81825.0,1782580.0,22.1,22.2,21.15,22.1,0.05,59.0
6645,2025-11-05,48433.0,1054426.0,21.65,22.1,21.4,22.1,0.0,38.0
6645,2025-11-06,91041.0,1990994.0,22.1,22.15,21.6,22.0,-0.1,55.0
6645,2025-11-07,68200.0,1465210.0,22.0,22.0,21.2,21.2,-0.8,49.0
6645,2025-11-10,83900.0,1735833.0,21.35,21.35,20.4,20.4,-0.8,65.0
6645,2025-11-11,26451.0,534390.0,20.2,20.3,20.1,20.25,-0.15,22.0
6645,2025-11-12,91128.0,1816540.0,20.2,20.2,19.4,20.0,-0.25,69.0
6645,2025-11-13,44012.0,885941.0,20.3,20.8,19.7,19.9,-0.1,39.0
6645,2025-11-14,25709.0,511784.0,20.15,20.15,19.7,19.8,-0.1,30.0
6645,2025-11-17,50177.0,976364.0,19.9,19.9,19.25,19.25,-0.55,42.0
6645,2025-11-18,58299.0,1117740.0,19.7,19.7,18.8,18.8,-0.45,43.0
6645,2025-11-19,67086.0,1250301.0,18.5,19.1,18.35,18.85,0.05,46.0
6645,2025-11-20,21047.0,399285.0,19.35,19.35,18.85,18.85,0.0,20.0
6645,2025-11-21,56536.0,1039295.0,18.35,18.5,18.25,18.5,-0.35,39.0
6645,2025-11-24,43284.0,802721.0,18.3,18.8,18.25,18.6,0.1,41.0
6645,2025-11-25,12311.0,227902.0,18.6,18.7,18.35,18.6,0.0,17.0
6645,2025-11-26,29101.0,545029.0,18.85,18.85,18.65,18.65,0.05,22.0
6645,2025-11-27,94041.0,1735446.0,18.8,18.8,18.25,18.25,-0.4,59.0
6645,2025-11-28,57314.0,1066089.0,18.45,18.9,18.35,18.9,0.65,34.0
6645,2025-12-01,21635.0,407315.0,18.95,18.95,18.75,18.8,-0.1,20.0
6645,2025-12-02,13477.0,254717.0,18.9,18.95,18.9,18.95,0.15,10.0
6645,2025-12-03,30236.0,571851.0,19.25,19.25,18.8,18.8,-0.15,28.0
6645,2025-12-04,39191.0,742977.0,18.9,19.3,18.8,18.8,0.0,29.0
6645,2025-12-05,11897.0,225350.0,18.9,19.0,18.9,18.95,0.15,20.0
6645,2025-12-08,8050.0,153557.0,18.95,19.0,18.9,18.95,0.0,16.0
6645,2025-12-09,373571.0,6692969.0,18.9,18.9,17.45,17.75,-1.2,221.0
6645,2025-12-10,48243.0,883584.0,18.45,18.45,18.25,18.35,0.6,35.0
6645,2025-12-11,14202.0,261866.0,18.8,18.8,18.4,18.4,0.05,13.0
6645,2025-12-12,16249.0,299995.0,18.6,18.6,18.25,18.25,-0.15,21.0
6645,2025-12-15,42000.0,762200.0,18.25,18.25,18.0,18.2,-0.05,20.0
6645,2025-12-16,24161.0,444307.0,18.7,18.7,18.2,18.2,0.0,34.0
6645,2025-12-17,9547.0,173830.0,18.45,18.45,17.95,17.95,-0.25,24.0
6645,2025-12-18,31000.0,557950.0,18.0,18.1,17.65,17.65,-0.3,18.0
6645,2025-12-19,19001.0,342317.0,18.15,18.2,17.95,18.2,0.55,10.0
6645,2025-12-22,19335.0,353583.0,18.25,18.75,18.15,18.75,0.55,19.0
6645,2025-12-23,73279.0,1416907.0,19.05,20.0,18.9,19.0,0.25,41.0
6645,2025-12-24,16004.0,291873.0,18.0,18.6,18.0,18.45,-0.55,10.0
6645,2025-12-26,21647.0,397723.0,18.45,18.45,18.3,18.35,-0.1,27.0
6645,2025-12-29,18631.0,345082.0,18.65,19.0,18.4,18.4,0.05,18.0
6645,2025-12-30,17758.0,320753.0,18.1,18.1,18.0,18.05,-0.35,20.0
6645,2025-12-31,57425.0,1030412.0,18.1,18.15,17.7,17.7,-0.35,54.0
6645,2026-01-02,32207.0,579348.0,17.7,18.35,17.7,17.95,0.25,31.0
6645,2026-01-05,43969.0,785031.0,17.65,18.05,17.65,17.85,-0.1,57.0
6645,2026-01-06,14673.0,263482.0,18.0,18.0,17.9,17.9,0.05,26.0
6645,2026-01-07,86853.0,1552728.0,18.0,18.05,17.7,17.75,-0.15,61.0
6645,2026-01-08,81418.0,1435655.0,17.8,17.8,17.4,17.4,-0.35,63.0
6645,2026-01-09,37401.0,667297.0,18.0,18.35,17.5,18.35,0.95,29.0
6645,2026-01-12,22109.0,400269.0,18.35,18.35,17.95,18.0,-0.35,34.0
6645,2026-01-13,55011.0,980754.0,18.0,18.0,17.5,17.65,-0.35,46.0
6645,2026-01-14,28136.0,500732.0,17.85,17.9,17.65,17.75,0.1,29.0
6645,2026-01-15,22178.0,397804.0,18.0,18.1,17.8,17.8,0.05,32.0
6645,2026-01-16,49964.0,906073.0,18.0,18.5,17.85,18.2,0.4,49.0
6645,2026-01-19,42085.0,748334.0,17.65,18.15,17.6,18.0,-0.2,56.0
6645,2026-01-20,25504.0,457322.0,18.1,18.1,17.8,17.85,-0.15,41.0
6645,2026-01-21,78502.0,1393586.0,18.0,18.2,17.45,17.6,-0.25,70.0
6645,2026-01-22,47955.0,846158.0,18.1,18.1,17.5,17.5,-0.1,45.0
6645,2026-01-23,23090.0,407025.0,17.55,17.8,17.55,17.8,0.3,21.0
6645,2026-01-26,24429.0,434945.0,17.95,17.95,17.65,17.9,0.1,29.0
6645,2026-01-27,23080.0,414981.0,17.95,18.15,17.9,18.1,0.2,45.0
6645,2026-01-28,30348.0,546101.0,18.0,18.05,17.95,18.0,-0.1,46.0
6645,2026-01-29,23577.0,421915.0,18.0,18.0,17.8,18.0,0.0,24.0
6645,2026-01-30,31513.0,566171.0,18.2,18.2,17.65,17.7,-0.3,35.0
6645,2026-02-02,14285.0,253490.0,18.0,18.0,17.65,17.65,-0.05,18.0
6645,2026-02-03,22436.0,394584.0,17.8,17.8,17.35,17.35,-0.3,40.0
6645,2026-02-04,10802.0,192720.0,17.9,17.9,17.7,17.9,0.55,14.0
6645,2026-02-05,19128.0,341529.0,17.8,17.95,17.8,17.8,-0.1,40.0
6645,2026-02-06,30197.0,528945.0,17.5,17.6,17.35,17.4,-0.4,56.0
6645,2026-02-09,30008.0,530386.0,17.85,17.85,17.5,17.55,0.15,32.0
6645,2026-02-10,38183.0,672002.0,18.4,18.4,17.4,17.5,-0.05,41.0
6645,2026-02-11,59821.0,1045243.0,17.6,17.75,17.35,17.35,-0.15,128.0
6645,2026-02-23,21950.0,383471.0,17.5,17.6,17.4,17.45,0.1,37.0
6645,2026-02-24,30128.0,519850.0,17.45,17.45,17.1,17.35,-0.1,46.0
6645,2026-02-25,37556.0,658128.0,17.65,17.65,17.35,17.6,0.25,34.0
6645,2026-02-26,6818.0,118520.0,17.6,17.6,17.35,17.35,-0.25,26.0
6645,2026-03-02,15023.0,260643.0,18.0,18.0,17.05,17.15,-0.2,17.0
6645,2026-03-03,30910.0,529540.0,17.15,17.2,17.05,17.05,-0.1,39.0
6645,2026-03-04,56196.0,943098.0,17.05,17.15,16.5,16.5,-0.55,64.0
6645,2026-03-05,36082.0,594355.0,16.5,16.75,16.15,16.65,0.15,54.0
6645,2026-03-06,76602.0,1230603.0,16.6,16.6,16.0,16.0,-0.65,67.0
6645,2026-03-09,137515.0,2065069.0,16.05,16.05,14.5,14.9,-1.1,127.0
6645,2026-03-10,54829.0,808489.0,15.5,15.5,14.55,14.6,-0.3,68.0
6645,2026-03-11,128086.0,1856867.0,14.65,14.7,14.4,14.45,-0.15,101.0
6645,2026-03-12,31214.0,451814.0,14.45,14.6,14.35,14.45,0.0,37.0
6645,2026-03-13,70830.0,1003869.0,14.5,14.5,13.95,14.15,-0.3,80.0
6645,2026-03-16,94401.0,1317444.0,14.05,14.05,13.8,14.05,-0.1,76.0
6645,2026-03-17,23783.0,343525.0,14.7,14.7,14.2,14.5,0.45,35.0
6645,2026-03-18,52196.0,746773.0,14.5,14.5,14.05,14.2,-0.3,73.0
6645,2026-03-19,30976.0,434726.0,14.1,14.1,13.9,14.05,-0.15,49.0
6645,2026-03-20,52344.0,728156.0,14.25,14.25,13.75,13.95,-0.1,55.0
6645,2026-03-23,13339.0,188151.0,14.0,14.2,14.0,14.0,0.05,33.0
6645,2026-03-24,10662.0,149961.0,14.35,14.35,14.05,14.1,0.1,29.0
6645,2026-03-25,57004.0,792006.0,14.15,14.3,13.8,13.8,-0.3,42.0
6645,2026-03-26,62123.0,860433.0,13.75,14.2,13.65,13.65,-0.15,50.0
6645,2026-03-27,23887.0,323393.0,13.6,13.65,13.45,13.65,0.0,30.0
6645,2026-03-30,72558.0,1001744.0,13.4,14.2,13.4,14.05,0.4,50.0
6645,2026-03-31,28989.0,397985.0,14.0,14.0,13.7,14.0,-0.05,25.0
6645,2026-04-01,35360.0,487852.0,14.25,14.25,13.6,13.65,-0.35,41.0
6645,2026-04-02,82750.0,1102455.0,13.3,13.55,13.15,13.3,-0.35,54.0
6645,2026-04-07,48456.0,643087.0,13.3,13.3,13.15,13.3,0.0,24.0
6645,2026-04-08,32104.0,428328.0,13.3,13.6,13.2,13.35,0.05,26.0
6645,2026-04-09,19704.0,262806.0,13.55,13.55,13.3,13.35,0.0,20.0
6645,2026-04-10,21809.0,292826.0,13.5,13.6,13.2,13.5,0.15,29.0
6645,2026-04-13,71157.0,933999.0,13.05,13.3,13.05,13.3,-0.2,46.0
6645,2026-04-14,105796.0,1384523.0,13.45,13.45,12.95,13.05,-0.25,91.0
6645,2026-04-15,71317.0,940804.0,13.05,13.45,13.0,13.15,0.1,69.0
6645,2026-04-16,45957.0,609076.0,13.2,13.45,13.15,13.35,0.2,48.0
6645,2026-04-17,37097.0,490730.0,13.35,13.35,13.15,13.25,-0.1,45.0
6645,2026-04-20,39748.0,523778.0,13.15,13.4,13.1,13.2,-0.05,44.0
6645,2026-04-21,55179.0,720269.0,13.1,13.15,13.0,13.1,-0.1,42.0
6645,2026-04-22,81792.0,1084406.0,13.0,13.6,13.0,13.4,0.3,62.0
6645,2026-04-23,42661.0,560756.0,13.2,13.25,13.05,13.1,-0.3,34.0
6645,2026-04-24,37354.0,484296.0,13.0,13.2,12.8,13.0,-0.1,49.0
6645,2026-04-27,68194.0,873608.0,13.0,13.0,12.75,12.75,-0.25,70.0
6645,2026-04-28,8762.0,113292.0,13.2,13.2,12.8,13.0,0.25,19.0
6645,2026-04-29,26244.0,339837.0,13.5,13.5,12.85,13.05,0.05,37.0
6645,2026-04-30,19089.0,246521.0,13.05,13.05,12.9,12.9,-0.15,48.0
6645,2026-05-04,55495.0,711215.0,12.9,12.9,12.8,12.8,-0.1,54.0
6645,2026-05-05,33528.0,427968.0,12.85,12.85,12.7,12.8,0.0,28.0
6645,2026-05-06,66671.0,852598.0,12.95,12.95,12.7,12.8,0.0,48.0
6645,2026-05-07,48851.0,626235.0,12.8,12.9,12.75,12.9,0.1,38.0
6645,2026-05-08,39775.0,512845.0,12.8,13.05,12.7,13.0,0.1,41.0
6645,2026-05-11,20292.0,260839.0,12.95,12.95,12.7,12.95,-0.05,33.0
6645,2026-05-12,20462.0,261688.0,12.8,12.9,12.7,12.9,-0.05,28.0
6645,2026-05-13,22580.0,287800.0,12.9,12.9,12.6,12.85,-0.05,23.0
6645,2026-05-14,197472.0,2442428.0,12.6,12.65,11.9,12.35,-0.5,133.0
6645,2026-05-15,86510.0,1064182.0,12.4,12.45,11.95,11.95,-0.4,53.0
6645,2026-05-18,40869.0,486071.0,11.9,12.0,11.7,12.0,0.05,39.0
6645,2026-05-19,12135.0,145346.0,12.0,12.05,12.0,12.0,0.0,15.0
6645,2026-05-20,22592.0,269153.0,12.0,12.05,11.8,11.95,-0.05,22.0
6645,2026-05-21,24897.0,298388.0,12.05,12.05,11.8,12.0,0.05,37.0
6645,2026-05-22,139602.0,1639287.0,12.1,12.1,11.5,11.95,-0.05,80.0
6645,2026-05-25,52509.0,622875.0,12.0,12.0,11.8,11.8,-0.15,50.0
6645,2026-05-26,48391.0,569864.0,11.8,11.85,11.75,11.85,0.05,49.0
6645,2026-05-27,38773.0,459192.0,11.85,11.95,11.8,11.9,0.05,47.0
6645,2026-05-28,40183.0,477624.0,11.9,12.0,11.8,11.9,0.0,47.0
6645,2026-05-29,101752.0,1205367.0,11.4,12.35,11.4,11.95,0.05,75.0
6645,2026-06-01,111212.0,1305186.0,11.95,11.95,11.5,11.7,-0.25,70.0
6645,2026-06-02,40933.0,478413.0,11.45,11.75,11.45,11.75,0.05,31.0
6645,2026-06-03,71844.0,856191.0,11.8,12.05,11.8,11.95,0.2,53.0
6645,2026-06-04,40472.0,474164.0,11.9,11.95,11.5,11.8,-0.15,36.0
6645,2026-06-05,217683.0,2779167.0,11.85,12.95,11.85,12.95,1.15,190.0
6645,2026-06-08,631325.0,8836904.0,12.2,14.2,12.2,14.2,1.25,702.0
6645,2026-06-09,285779.0,3782618.0,13.2,14.2,12.8,13.35,-0.85,162.0
6645,2026-06-10,69123.0,913113.0,13.1,13.45,13.0,13.2,-0.15,56.0
6645,2026-06-11,48300.0,627675.0,13.25,13.25,12.8,12.9,-0.3,37.0
6645,2026-06-12,142879.0,1997124.0,12.95,14.15,12.95,14.15,1.25,87.0
6645,2026-06-15,342777.0,5202369.0,14.25,15.55,14.2,15.3,1.15,251.0
6645,2026-06-16,92071.0,1361791.0,15.05,15.15,14.3,14.5,-0.8,78.0
6645,2026-06-17,87479.0,1321036.0,14.45,15.4,14.45,15.0,0.5,63.0
6645,2026-06-18,100579.0,1539161.0,14.85,15.6,14.8,15.35,0.35,71.0
6645,2026-06-22,180577.0,3004079.0,15.65,16.85,15.65,16.7,1.35,141.0
6645,2026-06-23,142058.0,2335181.0,17.4,17.4,15.95,16.15,-0.55,116.0
6645,2026-06-24,113955.0,1849244.0,17.1,17.1,16.0,16.0,-0.15,127.0
6645,2026-06-25,33446.0,536488.0,16.0,16.3,15.9,15.9,-0.1,33.0
6645,2026-06-26,40809.0,647263.0,16.0,16.2,15.5,15.5,-0.4,41.0
6645,2026-06-29,19604.0,310352.0,15.5,16.05,15.5,16.0,0.5,22.0
6645,2026-06-30,34230.0,549180.0,16.25,16.25,15.9,16.0,0.0,34.0
6645,2026-07-01,11146.0,176813.0,16.0,16.05,15.75,15.75,-0.25,17.0
6645,2026-07-02,18791.0,297597.0,15.8,16.0,15.7,15.7,-0.05,20.0
6645,2026-07-03,21407.0,334450.0,15.7,15.75,15.55,15.55,-0.15,26.0
6645,2026-07-06,36200.0,581998.0,16.0,16.3,16.0,16.15,0.6,32.0
6645,2026-07-07,72840.0,1157335.0,16.1,16.1,15.8,15.9,-0.25,53.0
6645,2026-07-08,48243.0,768451.0,15.9,16.05,15.75,15.8,-0.1,36.0
6645,2026-07-09,32569.0,507824.0,15.7,15.8,15.5,15.8,0.0,28.0
6645,2026-07-13,25021.0,398280.0,16.3,16.45,15.25,15.6,-0.2,19.0
6645,2026-07-14,59201.0,887055.0,15.55,15.55,14.6,14.8,-0.8,56.0
6645,2026-07-15,22629.0,333783.0,14.6,14.9,14.6,14.9,0.1,25.0
6645,2026-07-16,131473.0,1880965.0,15.1,15.1,14.1,14.3,-0.6,62.0
6645,2026-07-17,106268.0,1478703.0,14.35,14.35,13.4,13.45,-0.85,64.0
6645,2026-07-20,43650.0,590348.0,13.5,13.85,13.4,13.5,0.05,35.0
6645,2026-07-21,17600.0,236070.0,13.4,13.5,13.25,13.5,0.0,19.0
6645,2026-07-22,34020.0,459522.0,14.0,14.0,13.35,13.35,-0.15,26.0
6645,2026-07-23,44000.0,611850.0,13.35,14.15,13.35,13.9,0.55,29.0
6645,2026-07-24,76000.0,1039750.0,13.9,13.9,13.4,13.85,-0.05,31.0
6645,2026-07-27,17101.0,235130.0,13.85,13.95,13.5,13.5,-0.35,13.0
6645,2026-07-28,42004.0,570353.0,13.65,14.0,13.35,13.5,0.0,29.0
6645,2026-07-29,60731.0,820776.0,13.4,13.9,13.4,13.4,-0.1,41.0
6645,2026-07-30,27512.0,367911.0,14.1,14.1,13.2,13.2,-0.2,20.0
6645,2026-07-31,43035.0,580716.0,14.05,14.05,13.3,13.35,0.15,27.0
6645,2026-08-03,17617.0,233486.0,13.3,13.35,13.05,13.05,-0.3,18.0
6645,2026-08-04,44505.0,557239.0,13.0,13.15,11.75,13.15,0.1,37.0
6645,2026-08-05,25052.0,328333.0,12.85,13.2,12.85,13.0,-0.15,22.0
6645,2026-08-06,5301.0,69844.0,13.0,13.45,13.0,13.45,0.45,8.0
6645,2026-08-07,2010.0,27382.0,13.65,13.65,13.6,13.6,0.15,3.0
6645,2026-08-10,11000.0,146950.0,13.55,13.55,13.3,13.3,-0.3,10.0
6645,2026-08-11,6052.0,80527.0,13.3,13.35,13.3,13.3,0.0,8.0
6645,2026-08-12,22273.0,295235.0,13.4,13.4,13.1,13.35,0.05,20.0
6645,2026-08-13,50708.0,682876.0,13.35,13.6,13.3,13.6,0.25,76.0
6645,2026-08-14,5051.0,67073.0,13.2,13.5,13.2,13.25,-0.35,7.0
6645,2026-08-17,6630.0,87971.0,13.25,13.3,13.25,13.3,0.05,8.0
6645,2026-08-18,18499.0,240216.0,13.1,13.2,12.85,12.85,-0.45,21.0
6645,2026-08-19,12799.0,164617.0,12.9,13.05,12.7,12.7,-0.15,11.0
6645,2026-08-20,10674.0,139499.0,13.0,13.25,12.9,12.9,0.2,8.0
6645,2026-08-21,6202.0,80465.0,12.9,13.05,12.9,13.05,0.15,9.0
6645,2026-08-24,10000.0,130850.0,13.25,13.25,13.0,13.0,-0.05,10.0
6645,2026-08-25,16340.0,212090.0,13.0,13.2,12.85,13.1,0.1,17.0
6645,2026-08-26,18758.0,242541.0,12.9,13.05,12.9,12.95,-0.15,31.0
6645,2026-08-27,5707.0,73820.0,13.0,13.0,12.85,12.9,-0.05,9.0
6645,2026-08-28,52634.0,661140.0,12.7,12.75,12.4,12.4,-0.5,50.0
6645,2026-08-31,47764.0,589742.0,12.45,12.6,12.25,12.3,-0.1,38.0
6645,2026-09-01,31816.0,396396.0,12.45,12.65,12.3,12.3,0.0,20.0
6645,2026-09-02,21975.0,272690.0,12.3,12.55,12.3,12.55,0.25,15.0
6645,2026-09-03,7001.0,87212.0,12.55,12.55,12.4,12.4,-0.15,8.0
6645,2026-09-04,34108.0,418978.0,12.2,12.45,12.2,12.35,-0.05,21.0
6645,2026-09-07,30632.0,376014.0,12.75,12.75,12.15,12.2,-0.15,32.0
6645,2026-09-08,49203.0,608849.0,12.25,12.55,12.2,12.2,0.0,62.0
6645,2026-09-09,9197.0,113913.0,12.5,12.5,12.2,12.4,0.2,11.0
6645,2026-09-10,11000.0,135500.0,12.3,12.4,12.3,12.4,0.0,6.0
6645,2026-09-11,78550.0,1019064.0,12.4,13.6,12.4,13.0,0.6,62.0
6645,2026-09-14,59731.0,771406.0,13.05,13.15,12.6,13.0,0.0,46.0
6645,2026-09-15,38894.0,494142.0,12.8,12.9,12.6,12.65,-0.35,32.0
6771,2024-05-17,408080.0,30103968.0,71.9,76.5,71.9,74.6,0.0,250.0
6771,2024-05-20,100210.0,7319030.0,74.5,75.5,72.1,73.0,-1.6,86.0
6771,2024-05-21,59020.0,4227030.0,73.0,73.0,71.4,71.4,-1.6,52.0
6771,2024-05-22,58386.0,4134296.0,71.8,71.8,70.1,70.2,-1.2,65.0
6771,2024-05-23,76376.0,5305620.0,69.1,70.3,69.0,70.0,-0.2,62.0
6771,2024-05-24,32536.0,2256161.0,70.0,70.0,68.9,69.1,-0.9,34.0
6771,2024-05-27,29261.0,2020578.0,68.8,69.5,68.5,68.7,-0.4,30.0
6771,2024-05-28,50499.0,3475730.0,68.7,69.1,68.7,69.0,0.3,46.0
6771,2024-05-29,92030.0,6288955.0,68.8,68.8,67.7,68.1,-0.9,68.0
6771,2024-05-30,44534.0,3032812.0,67.9,69.0,67.9,68.1,0.0,37.0
6771,2024-05-31,68000.0,4577500.0,68.1,68.1,66.2,67.7,-0.4,53.0
6771,2024-06-03,47100.0,3160939.0,67.6,67.6,66.6,66.6,-1.1,40.0
6771,2024-06-04,79180.0,5247869.0,66.6,67.1,66.0,66.1,-0.5,68.0
6771,2024-06-05,31100.0,2086550.0,66.1,68.4,66.0,67.3,1.2,26.0
6771,2024-06-06,19000.0,1281600.0,67.3,67.5,67.3,67.5,0.2,16.0
6771,2024-06-07,24050.0,1626710.0,67.5,67.9,67.5,67.8,0.3,20.0
6771,2024-06-11,31045.0,2115978.0,68.6,68.8,67.8,68.4,0.6,26.0
6771,2024-06-12,34213.0,2335884.0,68.8,68.8,67.9,68.1,-0.3,31.0
6771,2024-06-13,28131.0,1907403.0,68.1,68.1,67.2,67.2,-0.9,23.0
6771,2024-06-14,34265.0,2295455.0,67.1,67.2,66.5,67.0,-0.2,34.0
6771,2024-06-17,16204.0,1087787.0,66.9,67.5,66.8,67.1,0.1,17.0
6771,2024-06-18,36253.0,2445876.0,67.3,68.1,67.1,68.0,0.9,23.0
6771,2024-06-19,59071.0,3983192.0,68.0,68.0,67.1,67.1,-0.9,34.0
6771,2024-06-20,63035.0,4213345.0,67.1,67.1,66.5,66.5,-0.6,41.0
6771,2024-06-21,18000.0,1207400.0,66.7,68.5,66.7,66.8,0.3,14.0
6771,2024-06-24,84000.0,5591800.0,66.8,67.9,66.1,67.8,1.0,40.0
6771,2024-06-25,44045.0,2981846.0,67.6,68.4,67.3,67.8,0.0,31.0
6771,2024-06-26,55020.0,3750458.0,68.5,68.7,67.4,68.4,0.6,46.0
6771,2024-06-27,19120.0,1305648.0,68.4,68.6,67.7,68.2,-0.2,17.0
6771,2024-06-28,29292.0,2003756.0,68.0,69.4,68.0,69.4,1.2,25.0
6771,2024-07-01,80220.0,5551360.0,69.5,69.9,68.8,69.1,-0.3,59.0
6771,2024-07-02,48178.0,3322893.0,69.1,69.4,68.6,69.0,-0.1,40.0
6771,2024-07-03,27220.0,1882360.0,69.4,69.4,68.9,69.4,0.4,22.0
6771,2024-07-04,87020.0,6073090.0,69.4,70.0,69.4,70.0,0.6,36.0
6771,2024-07-05,87010.0,6046599.0,70.0,70.2,67.6,68.0,-2.0,48.0
6771,2024-07-08,90200.0,6161000.0,68.6,69.0,68.0,68.4,0.4,63.0
6771,2024-07-09,26060.0,1781509.0,68.5,69.1,68.1,68.7,0.3,27.0
6771,2024-07-10,31193.0,2136124.0,68.7,68.7,68.1,68.5,-0.2,30.0
6771,2024-07-11,42060.0,2858468.0,68.1,68.5,67.6,67.7,-0.8,40.0
6771,2024-07-12,63171.0,4278342.0,67.7,68.5,67.5,68.4,0.7,40.0
6771,2024-07-15,66794.0,4517807.0,68.4,68.6,66.5,68.5,0.1,57.0
6771,2024-07-16,14212.0,971123.0,68.5,68.5,67.9,68.5,0.0,20.0
6771,2024-07-17,44168.0,3032223.0,68.2,68.9,68.2,68.9,0.4,39.0
6771,2024-07-18,27025.0,1839800.0,67.6,68.4,67.6,68.1,-0.8,20.0
6771,2024-07-19,63042.0,4236256.0,67.8,68.0,67.0,67.5,-0.6,40.0
6771,2024-07-22,34200.0,2288600.0,66.9,67.3,66.6,67.2,-0.3,34.0
6771,2024-07-23,31000.0,2079200.0,67.1,67.5,66.8,67.5,0.3,23.0
6771,2024-07-26,18000.0,1222400.0,67.2,68.6,67.2,67.4,-0.1,13.0
6771,2024-07-29,10353.0,698151.0,67.4,67.9,67.4,67.9,0.5,18.0
6771,2024-07-30,62197.0,4194699.0,67.5,67.9,67.2,67.9,0.0,29.0
6771,2024-07-31,61229.0,4143343.0,68.0,68.0,67.4,67.7,-0.2,24.0
6771,2024-08-01,36000.0,2443300.0,67.5,68.3,67.5,68.2,0.5,25.0
6771,2024-08-02,14118.0,954465.0,68.0,68.0,67.4,68.0,-0.2,14.0
6771,2024-08-05,115000.0,7469200.0,66.3,66.5,63.6,63.9,-4.1,67.0
6771,2024-08-06,69000.0,4358100.0,63.6,63.9,62.0,63.9,0.0,48.0
6771,2024-08-07,33000.0,2180200.0,63.8,67.4,63.8,67.4,3.5,29.0
6771,2024-08-08,23100.0,1539500.0,65.9,67.2,65.9,67.0,-0.4,26.0
6771,2024-08-09,16000.0,1070700.0,66.8,67.1,66.7,66.8,-0.2,16.0
6771,2024-08-12,27000.0,1808000.0,66.5,67.3,66.5,66.7,-0.1,15.0
6771,2024-08-13,8000.0,533000.0,66.7,66.7,66.6,66.6,-0.1,4.0
6771,2024-08-14,17000.0,1132000.0,66.6,66.8,66.5,66.5,-0.1,14.0
6771,2024-08-15,3075.0,204910.0,66.7,66.7,66.6,66.6,0.1,5.0
6771,2024-08-16,6000.0,402900.0,67.2,67.4,67.0,67.0,0.4,5.0
6771,2024-08-19,18158.0,1210086.0,66.9,66.9,66.4,66.8,-0.2,15.0
6771,2024-08-20,12000.0,801000.0,66.8,66.8,66.6,66.6,-0.2,12.0
6771,2024-08-21,43000.0,2860200.0,67.0,67.0,66.0,66.6,0.0,39.0
6771,2024-08-22,8000.0,533300.0,66.9,66.9,66.4,66.7,0.1,7.0
6771,2024-08-23,14000.0,939800.0,66.7,67.7,66.7,67.7,1.0,9.0
6771,2024-08-26,11000.0,735600.0,66.9,67.0,66.8,66.8,-0.9,10.0
6771,2024-08-27,24078.0,1601686.0,66.7,66.8,66.1,66.3,-0.5,24.0
6771,2024-08-28,26000.0,1725300.0,66.5,66.6,66.2,66.2,-0.1,24.0
6771,2024-08-29,21075.0,1392710.0,65.9,66.5,65.9,66.5,0.3,15.0
6771,2024-08-30,33075.0,2183287.0,66.5,66.5,65.7,65.7,-0.8,22.0
6771,2024-09-02,3000.0,199600.0,66.7,66.7,66.2,66.2,0.5,3.0
6771,2024-09-03,9097.0,601721.0,66.2,66.5,65.8,65.8,-0.4,10.0
6771,2024-09-04,30000.0,1950700.0,64.2,65.7,64.2,64.2,-1.6,25.0
6771,2024-09-05,19100.0,1234680.0,65.1,65.4,64.3,64.3,0.1,17.0
6771,2024-09-06,13000.0,842600.0,65.0,65.1,64.4,64.4,0.1,12.0
6771,2024-09-09,9030.0,582350.0,64.5,64.8,64.1,64.1,-0.3,10.0
6771,2024-09-10,11000.0,712300.0,65.0,65.0,64.4,64.4,0.3,10.0
6771,2024-09-11,17109.0,1104130.0,64.5,65.2,64.4,64.4,0.0,14.0
6771,2024-09-12,43000.0,2778400.0,64.8,65.0,64.0,64.2,-0.2,22.0
6771,2024-09-13,30000.0,1922700.0,64.2,64.3,64.0,64.0,-0.2,24.0
6771,2024-09-16,7050.0,452815.0,64.1,64.3,64.1,64.3,0.3,7.0
6771,2024-09-18,10000.0,645000.0,64.5,64.6,64.4,64.4,0.1,9.0
6771,2024-09-19,278000.0,18012100.0,64.5,65.3,64.5,64.8,0.4,26.0
6771,2024-09-20,18000.0,1167000.0,64.8,65.0,64.7,64.8,0.0,14.0
6771,2024-09-23,21000.0,1350800.0,64.5,64.9,64.1,64.1,-0.7,20.0
6771,2024-09-24,30551.0,1963829.0,64.4,64.5,63.8,64.1,0.0,29.0
6771,2024-09-25,36369.0,2333787.0,64.1,64.3,64.1,64.3,0.2,33.0
6771,2024-09-26,31000.0,2009200.0,64.5,65.0,64.5,64.6,0.3,24.0
6771,2024-09-27,40000.0,2591600.0,64.6,65.2,64.5,64.6,0.0,31.0
6771,2024-09-30,25000.0,1622200.0,64.9,65.0,64.8,64.8,0.2,17.0
6771,2024-10-01,24000.0,1556600.0,64.9,64.9,64.7,64.8,0.0,17.0
6771,2024-10-04,19000.0,1229000.0,64.8,64.8,64.5,64.6,-0.2,18.0
6771,2024-10-07,12005.0,775823.0,64.6,64.9,64.6,64.6,0.0,12.0
6771,2024-10-08,20000.0,1287700.0,64.6,64.6,64.2,64.2,-0.4,19.0
6771,2024-10-09,31100.0,1990800.0,64.3,64.3,63.8,64.0,-0.2,24.0
6771,2024-10-11,24000.0,1528800.0,64.0,64.1,63.4,63.4,-0.6,19.0
6771,2024-10-14,23000.0,1447400.0,63.0,63.0,62.7,62.8,-0.6,18.0
6771,2024-10-15,11000.0,695200.0,63.0,63.5,63.0,63.1,0.3,9.0
6771,2024-10-16,5000.0,315300.0,63.1,63.1,63.0,63.0,-0.1,5.0
6771,2024-10-17,4000.0,253000.0,63.2,63.4,63.2,63.4,0.4,4.0
6771,2024-10-18,12050.0,760550.0,63.3,63.4,63.0,63.0,-0.4,13.0
6771,2024-10-21,54003.0,3376087.0,63.0,63.5,61.6,62.4,-0.6,41.0
6771,2024-10-22,135057.0,8266728.0,62.1,62.1,60.3,61.9,-0.5,98.0
6771,2024-10-23,13000.0,797700.0,61.8,61.8,61.2,61.2,-0.7,12.0
6771,2024-10-24,2000.0,123600.0,61.8,61.8,61.8,61.8,0.6,2.0
6771,2024-10-25,25000.0,1535000.0,61.8,61.8,61.2,61.2,-0.6,15.0
6771,2024-10-28,45100.0,2757120.0,61.5,61.5,61.0,61.0,-0.2,24.0
6771,2024-10-29,16100.0,976368.0,60.7,61.3,60.1,61.3,0.3,20.0
6771,2024-10-30,31000.0,1877300.0,60.6,61.0,60.3,60.9,-0.4,23.0
6771,2024-11-01,2000.0,122600.0,61.2,61.4,61.2,61.4,0.5,2.0
6771,2024-11-04,8000.0,486800.0,61.0,61.0,60.7,60.7,-0.7,8.0
6771,2024-11-05,21026.0,1272480.0,60.7,60.7,60.3,60.3,-0.4,20.0
6771,2024-11-06,7041.0,426283.0,60.6,60.6,60.5,60.6,0.3,8.0
6771,2024-11-07,112080.0,6662567.0,60.6,60.6,59.0,59.4,-1.2,86.0
6771,2024-11-08,35115.0,2081955.0,60.5,61.9,58.5,59.4,0.0,27.0
6771,2024-11-11,82010.0,4769095.0,58.7,58.7,57.9,58.2,-1.2,53.0
6771,2024-11-12,171010.0,9532180.0,58.0,58.0,54.9,54.9,-3.3,123.0
6771,2024-11-13,44060.0,2397500.0,54.9,54.9,54.2,54.3,-0.6,39.0
6771,2024-11-14,18128.0,1010940.0,56.0,56.0,55.5,55.9,1.6,20.0
6771,2024-11-15,14002.0,797816.0,56.3,57.8,56.3,57.8,1.9,14.0
6771,2024-11-18,12044.0,690938.0,57.5,58.0,56.3,57.6,-0.2,12.0
6771,2024-11-19,10043.0,567542.0,57.6,57.7,55.9,56.5,-1.1,12.0
6771,2024-11-20,7000.0,395500.0,56.8,56.8,56.1,56.8,0.3,7.0
6771,2024-11-21,5000.0,285200.0,57.5,57.5,56.8,57.1,0.3,5.0
6771,2024-11-22,6000.0,343200.0,57.5,57.5,57.0,57.0,-0.1,5.0
6771,2024-11-25,9000.0,513400.0,57.1,57.3,57.0,57.0,0.0,9.0
6771,2024-11-26,13000.0,743100.0,57.1,57.5,57.0,57.5,0.5,9.0
6771,2024-11-27,72101.0,4272760.0,57.8,60.4,57.8,59.3,1.8,51.0
6771,2024-11-28,14000.0,823500.0,58.9,58.9,58.6,58.6,-0.7,8.0
6771,2024-11-29,13000.0,769700.0,59.7,59.7,59.0,59.0,0.4,11.0
6771,2024-12-02,25050.0,1471950.0,59.0,59.0,58.4,58.4,-0.6,14.0
6771,2024-12-03,37100.0,2159500.0,58.4,58.8,58.0,58.0,-0.4,23.0
6771,2024-12-04,10100.0,587500.0,58.0,58.4,58.0,58.4,0.4,10.0
6771,2024-12-05,12200.0,709140.0,58.0,58.2,58.0,58.2,-0.2,10.0
6771,2024-12-06,9015.0,526373.0,58.8,58.8,58.2,58.2,0.0,9.0
6771,2024-12-09,19000.0,1101300.0,58.2,58.7,57.6,58.7,0.5,13.0
6771,2024-12-10,3034.0,177499.0,58.7,58.7,58.4,58.4,-0.3,4.0
6771,2024-12-11,42000.0,2472100.0,58.6,60.5,58.3,59.0,0.6,32.0
6771,2024-12-12,33000.0,1936900.0,59.0,59.0,58.5,58.8,-0.2,17.0
6771,2024-12-13,20000.0,1174200.0,58.8,58.8,58.6,58.8,0.0,11.0
6771,2024-12-16,18000.0,1053700.0,58.7,58.7,58.3,58.3,-0.5,10.0
6771,2024-12-17,42000.0,2402800.0,57.5,58.1,57.0,57.2,-1.1,18.0
6771,2024-12-18,7000.0,401400.0,57.5,57.5,57.2,57.5,0.3,6.0
6771,2024-12-19,12000.0,688300.0,57.7,57.7,57.2,57.3,-0.2,11.0
6771,2024-12-20,6000.0,344900.0,56.9,58.0,56.8,57.3,0.0,6.0
6771,2024-12-23,2000.0,116000.0,58.0,58.0,58.0,58.0,0.7,2.0
6771,2024-12-24,6000.0,347400.0,58.5,58.5,57.6,57.6,-0.4,6.0
6771,2024-12-25,9000.0,524300.0,58.3,58.9,58.0,58.5,0.9,8.0
6771,2024-12-26,78000.0,4574800.0,58.8,59.5,58.5,58.6,0.1,25.0
6771,2024-12-27,8000.0,468800.0,59.0,59.0,58.4,58.5,-0.1,7.0
6771,2024-12-30,73050.0,4202050.0,58.5,58.5,56.9,56.9,-1.6,47.0
6771,2024-12-31,92040.0,5197680.0,57.0,57.0,56.0,56.0,-0.9,53.0
6771,2025-01-02,203136.0,11139080.0,59.6,59.6,53.3,53.3,-2.7,135.0
6771,2025-01-03,207030.0,10795820.0,53.8,53.8,51.0,52.5,-0.8,128.0
6771,2025-01-06,41009.0,2148577.0,52.5,52.8,52.0,52.8,0.3,29.0
6771,2025-01-07,38000.0,2029200.0,52.8,54.2,52.8,53.3,0.5,32.0
6771,2025-01-08,8000.0,431700.0,54.2,54.2,53.7,53.7,0.4,7.0
6771,2025-01-09,6009.0,322286.0,53.7,53.7,53.3,53.3,-0.4,6.0
6771,2025-01-10,5123.0,274879.0,54.5,54.5,53.3,53.3,0.0,10.0
6771,2025-01-13,45010.0,2392639.0,54.1,54.1,52.6,53.2,-0.1,30.0
6771,2025-01-14,6000.0,319200.0,53.2,53.2,53.2,53.2,0.0,4.0
6771,2025-01-15,9139.0,485844.0,52.8,53.2,52.8,53.2,0.0,14.0
6771,2025-01-16,19020.0,1016780.0,53.3,53.8,53.2,53.5,0.3,16.0
6771,2025-01-17,25050.0,1361115.0,54.0,55.3,54.0,54.3,0.8,24.0
6771,2025-01-20,19000.0,1023800.0,54.0,54.0,53.8,53.8,-0.5,12.0
6771,2025-01-21,22400.0,1204829.0,54.0,54.0,53.5,54.0,0.2,23.0
6771,2025-01-22,6000.0,326700.0,54.7,54.7,54.3,54.3,0.3,5.0
6771,2025-02-03,15000.0,816100.0,54.3,54.8,54.0,54.8,0.5,14.0
6771,2025-02-04,21106.0,1150729.0,54.7,55.0,54.2,54.6,-0.2,21.0
6771,2025-02-05,7087.0,388985.0,54.7,55.2,54.7,55.2,0.6,8.0
6771,2025-02-06,21101.0,1173630.0,57.1,57.2,55.3,55.4,0.2,17.0
6771,2025-02-07,23104.0,1304929.0,57.2,57.2,55.8,57.0,1.6,20.0
6771,2025-02-10,12200.0,695270.0,57.0,57.1,56.9,57.1,0.1,14.0
6771,2025-02-11,24208.0,1384166.0,57.1,57.3,57.1,57.3,0.2,29.0
6771,2025-02-12,25000.0,1434000.0,57.4,57.8,57.2,57.7,0.4,20.0
6771,2025-02-13,22000.0,1268100.0,57.5,58.0,57.0,58.0,0.3,18.0
6771,2025-02-14,37000.0,2155200.0,58.0,58.4,58.0,58.4,0.4,31.0
6771,2025-02-17,1040.0,60328.0,58.0,58.0,58.0,58.0,-0.4,2.0
6771,2025-02-18,88195.0,5013321.0,57.8,57.8,56.1,57.0,-1.0,64.0
6771,2025-02-19,24114.0,1375355.0,57.0,57.2,56.8,56.8,-0.2,21.0
6771,2025-02-20,8022.0,455746.0,56.9,56.9,56.8,56.8,0.0,14.0
6771,2025-02-21,17170.0,980324.0,57.8,57.8,57.0,57.1,0.3,22.0
6771,2025-02-24,27099.0,1561522.0,57.0,58.0,57.0,57.9,0.8,24.0
6771,2025-02-25,45244.0,2604380.0,58.0,58.2,57.0,57.7,-0.2,38.0
6771,2025-02-26,35426.0,2019119.0,57.6,57.6,56.5,57.0,-0.7,33.0
6771,2025-02-27,38119.0,2198989.0,57.1,58.0,57.1,57.9,0.9,29.0
6771,2025-03-03,10002.0,575027.0,57.5,58.0,56.9,58.0,0.1,11.0
6771,2025-03-04,16033.0,928424.0,58.0,58.3,57.6,58.3,0.3,23.0
6771,2025-03-05,4143.0,240357.0,58.3,58.3,57.8,57.8,-0.5,14.0
6771,2025-03-06,6000.0,348600.0,58.7,58.7,57.7,57.7,-0.1,6.0
6771,2025-03-07,14019.0,813605.0,57.7,58.5,57.6,58.4,0.7,14.0
6771,2025-03-10,19270.0,1127283.0,58.4,58.9,58.4,58.9,0.5,15.0
6771,2025-03-11,9050.0,529800.0,58.7,58.7,58.3,58.7,-0.2,10.0
6771,2025-03-12,11000.0,641000.0,58.2,58.5,58.1,58.1,-0.6,10.0
6771,2025-03-13,3000.0,174200.0,58.4,58.4,57.7,57.7,-0.4,3.0
6771,2025-03-14,131307.0,7729183.0,57.6,61.0,56.4,59.1,1.4,82.0
6771,2025-03-17,169200.0,10240529.0,59.1,61.2,58.8,60.0,0.9,78.0
6771,2025-03-18,9129.0,545352.0,60.0,60.0,59.5,59.9,-0.1,13.0
6771,2025-03-19,8300.0,488168.0,59.1,59.1,58.6,58.7,-1.2,12.0
6771,2025-03-20,12000.0,702100.0,58.7,58.7,58.4,58.4,-0.3,10.0
6771,2025-03-21,11000.0,647700.0,58.4,59.5,58.4,58.8,0.4,10.0
6771,2025-03-24,1029.0,60005.0,58.3,58.3,58.3,58.3,-0.5,3.0
6771,2025-03-25,8249.0,478046.0,58.0,58.0,57.8,57.8,-0.5,12.0
6771,2025-03-26,1501.0,87729.0,58.5,58.5,58.5,58.5,0.7,9.0
6771,2025-03-27,3120.0,181971.0,58.3,58.4,58.3,58.4,-0.1,8.0
6771,2025-03-28,14040.0,807605.0,58.0,58.0,57.1,57.5,-0.9,15.0
6771,2025-03-31,42680.0,2401307.0,57.0,57.0,55.8,55.8,-1.7,64.0
6771,2025-04-01,59000.0,3300300.0,56.0,56.2,55.7,55.9,0.1,35.0
6771,2025-04-02,7000.0,393500.0,56.3,56.3,56.1,56.1,0.2,7.0
6771,2025-04-07,69889.0,3529402.0,50.5,50.5,50.5,50.5,-5.6,59.0
6771,2025-04-08,185505.0,9076650.0,50.7,53.1,48.0,50.2,-0.3,108.0
6771,2025-04-09,72016.0,3559251.0,50.2,50.7,48.5,48.5,-1.7,45.0
6771,2025-04-10,29160.0,1536086.0,52.9,53.1,52.0,53.1,4.6,29.0
6771,2025-04-11,16000.0,847500.0,52.5,53.1,52.5,53.0,-0.1,13.0
6771,2025-04-14,16000.0,861700.0,53.4,54.8,53.3,54.0,1.0,15.0
6771,2025-04-15,48047.0,2626653.0,54.0,55.0,54.0,54.6,0.6,28.0
6771,2025-04-16,30000.0,1645200.0,55.4,55.4,54.6,54.6,0.0,23.0
6771,2025-04-17,12011.0,653802.0,54.5,54.5,54.2,54.5,-0.1,13.0
6771,2025-04-18,15109.0,811740.0,53.8,53.8,53.6,53.6,-0.9,18.0
6771,2025-04-21,21012.0,1116453.0,53.6,53.6,52.8,52.8,-0.8,22.0
6771,2025-04-22,40141.0,2137399.0,52.8,54.6,52.8,53.1,0.3,35.0
6771,2025-04-23,65000.0,3400900.0,52.3,53.1,51.9,52.1,-1.0,32.0
6771,2025-04-24,33000.0,1737700.0,52.2,53.0,52.2,52.7,0.6,22.0
6771,2025-04-25,30030.0,1636908.0,52.7,55.0,52.7,54.9,2.2,28.0
6771,2025-04-28,23435.0,1278722.0,54.7,54.9,54.1,54.1,-0.8,24.0
6771,2025-04-29,23018.0,1247582.0,54.1,54.5,53.9,54.1,0.0,18.0
6771,2025-04-30,12012.0,651155.0,54.5,54.5,54.1,54.1,0.0,12.0
6771,2025-05-02,88708.0,4958873.0,54.6,57.6,54.6,56.7,2.6,80.0
6771,2025-05-05,43055.0,2387933.0,56.3,56.3,55.0,55.6,-1.1,33.0
6771,2025-05-06,50316.0,2810061.0,53.0,57.4,53.0,55.7,0.1,42.0
6771,2025-05-07,13042.0,720710.0,55.0,55.9,55.0,55.9,0.2,11.0
6771,2025-05-08,36551.0,2046526.0,55.5,56.4,55.5,56.3,0.4,65.0
6771,2025-05-09,64319.0,3662801.0,56.0,57.5,56.0,57.5,1.2,65.0
6771,2025-05-12,335707.0,20763320.0,57.0,63.2,57.0,61.3,3.8,699.0
6771,2025-05-13,108572.0,6617320.0,61.1,62.1,59.6,59.7,-1.6,96.0
6771,2025-05-14,107873.0,6576972.0,60.9,62.4,59.7,62.0,2.3,120.0
6771,2025-05-15,45785.0,2785360.0,61.9,61.9,60.4,60.4,-1.6,87.0
6771,2025-05-16,114039.0,7054235.0,60.9,62.9,60.5,60.5,0.1,64.0
6771,2025-05-19,263146.0,16353395.0,60.6,63.1,60.5,60.7,0.2,131.0
6771,2025-05-20,22000.0,1336900.0,60.2,61.0,60.2,61.0,0.3,18.0
6771,2025-05-21,14350.0,870215.0,61.0,61.0,60.2,60.2,-0.8,21.0
6771,2025-05-22,19702.0,1175318.0,60.0,60.0,59.5,59.6,-0.6,21.0
6771,2025-05-23,17050.0,1010400.0,59.6,59.8,59.0,59.8,0.2,26.0
6771,2025-05-26,15484.0,913315.0,59.8,59.8,58.6,59.0,-0.8,133.0
6771,2025-05-27,71018.0,4113152.0,59.6,59.6,57.2,57.9,-1.1,52.0
6771,2025-05-28,15227.0,880333.0,58.8,58.8,57.5,57.5,-0.4,15.0
6771,2025-05-29,10029.0,585108.0,58.1,58.7,58.0,58.7,1.2,10.0
6771,2025-06-02,12236.0,701426.0,56.8,57.9,56.8,57.9,-0.8,18.0
6771,2025-06-03,33381.0,1917777.0,57.5,57.9,57.2,57.2,-0.7,24.0
6771,2025-06-04,30201.0,1735729.0,57.5,57.9,57.2,57.9,0.7,28.0
6771,2025-06-05,47362.0,2713066.0,57.8,57.8,56.9,57.4,-0.5,41.0
6771,2025-06-06,47000.0,2733800.0,57.7,58.7,57.5,58.0,0.6,29.0
6771,2025-06-09,72143.0,4140453.0,58.0,58.3,56.9,57.2,-0.8,48.0
6771,2025-06-10,27000.0,1549400.0,57.2,57.9,57.1,57.4,0.2,20.0
6771,2025-06-11,11000.0,638600.0,58.0,58.2,58.0,58.0,0.6,11.0
6771,2025-06-12,52050.0,3072137.0,58.4,59.9,58.2,59.9,1.9,34.0
6771,2025-06-13,36100.0,2130750.0,59.2,59.2,58.9,58.9,-1.0,18.0
6771,2025-06-16,4503.0,265871.0,59.3,59.3,59.3,59.3,0.4,6.0
6771,2025-06-17,75100.0,4482509.0,61.3,61.3,58.7,59.2,-0.1,46.0
6771,2025-06-18,17000.0,1008400.0,59.5,59.5,59.0,59.4,0.2,9.0
6771,2025-06-19,13030.0,767370.0,59.1,59.1,58.6,59.0,-0.4,16.0
6771,2025-06-20,14051.0,821887.0,58.5,58.7,58.4,58.5,-0.5,25.0
6771,2025-06-23,19000.0,1109600.0,58.5,58.5,58.2,58.5,0.0,13.0
6771,2025-06-24,106140.0,6231817.0,58.6,59.2,58.1,59.0,0.5,66.0
6771,2025-06-25,68098.0,4032481.0,60.0,60.0,58.5,59.9,0.9,54.0
6771,2025-06-26,33607.0,1889272.0,56.0,56.5,55.6,56.5,0.0,32.0
6771,2025-06-27,11000.0,623300.0,56.5,57.0,56.5,57.0,0.5,9.0
6771,2025-06-30,3000.0,170300.0,56.5,57.3,56.5,57.3,0.3,2.0
6771,2025-07-01,7000.0,404500.0,57.8,57.9,57.4,57.4,0.1,6.0
6771,2025-07-02,2200.0,126220.0,57.4,57.5,57.4,57.5,0.1,3.0
6771,2025-07-03,25050.0,1442050.0,57.5,58.0,57.0,57.9,0.4,19.0
6771,2025-07-04,18057.0,1028263.0,57.0,57.0,56.6,57.0,-0.9,10.0
6771,2025-07-07,5123.0,288188.0,56.0,56.5,56.0,56.1,-0.9,8.0
6771,2025-07-08,27022.0,1516147.0,55.9,57.2,55.9,57.2,1.1,15.0
6771,2025-07-09,10000.0,569800.0,56.9,57.0,56.9,57.0,-0.2,6.0
6771,2025-07-10,16000.0,912000.0,57.0,57.2,56.6,56.6,-0.4,8.0
6771,2025-07-11,53019.0,3033688.0,58.7,58.7,56.9,57.0,0.4,33.0
6771,2025-07-14,11006.0,626042.0,57.0,57.0,56.6,56.6,-0.4,11.0
6771,2025-07-15,37000.0,2096700.0,56.7,56.8,56.5,56.5,-0.1,18.0
6771,2025-07-16,35095.0,1967942.0,56.5,56.5,55.8,55.8,-0.7,30.0
6771,2025-07-17,13345.0,740380.0,55.6,55.7,55.1,55.6,-0.2,18.0
6771,2025-07-18,23143.0,1297879.0,57.0,57.0,55.9,55.9,0.3,19.0
6771,2025-07-21,10000.0,556600.0,55.8,56.2,55.5,56.2,0.3,10.0
6771,2025-07-22,11004.0,614724.0,56.2,56.2,55.6,55.7,-0.5,15.0
6771,2025-07-23,6056.0,337451.0,56.0,56.0,55.6,55.6,-0.1,8.0
6771,2025-07-24,11191.0,624347.0,56.3,56.3,55.6,56.2,0.6,12.0
6771,2025-07-25,25051.0,1397011.0,56.7,56.7,55.6,55.6,-0.6,17.0
6771,2025-07-28,40167.0,2236552.0,55.9,56.8,55.1,56.2,0.6,30.0
6771,2025-07-29,33095.0,1829630.0,56.1,56.1,55.0,55.3,-0.9,28.0
6771,2025-07-30,76633.0,4178666.0,55.2,55.2,54.0,54.8,-0.5,62.0
6771,2025-07-31,9208.0,503858.0,54.8,54.8,54.5,54.5,-0.3,14.0
6771,2025-08-01,29010.0,1572443.0,54.5,54.6,54.0,54.0,-0.5,27.0
6771,2025-08-04,17000.0,922400.0,55.4,55.4,54.0,54.0,0.0,17.0
6771,2025-08-05,139375.0,7365522.0,54.0,54.0,51.8,53.4,-0.6,92.0
6771,2025-08-06,14050.0,748705.0,53.4,53.7,52.9,53.5,0.1,12.0
6771,2025-08-07,13463.0,725738.0,53.6,54.5,53.6,54.5,1.0,14.0
6771,2025-08-08,10258.0,562194.0,54.3,55.0,54.3,54.8,0.3,12.0
6771,2025-08-11,40000.0,2163700.0,54.4,54.8,53.4,54.2,-0.6,21.0
6771,2025-08-12,3000.0,162800.0,54.2,54.3,54.2,54.3,0.1,3.0
6771,2025-08-13,11000.0,596400.0,54.3,54.3,54.1,54.1,-0.2,11.0
6771,2025-08-14,23315.0,1264467.0,54.1,54.9,54.0,54.2,0.1,20.0
6771,2025-08-15,4006.0,217055.0,54.2,54.2,54.1,54.1,-0.1,6.0
6771,2025-08-18,38005.0,2058397.0,54.6,54.6,53.7,54.5,0.4,22.0
6771,2025-08-19,26300.0,1436079.0,54.6,54.8,54.5,54.5,0.0,14.0
6771,2025-08-20,35160.0,1896370.0,54.1,54.5,53.7,54.3,-0.2,28.0
6771,2025-08-21,15000.0,812100.0,54.3,54.3,54.0,54.0,-0.3,6.0
6771,2025-08-22,7045.0,384721.0,54.7,54.7,54.4,54.4,0.4,7.0
6771,2025-08-25,22297.0,1209365.0,54.4,54.4,54.1,54.1,-0.3,24.0
6771,2025-08-26,6037.0,326617.0,54.2,54.2,54.0,54.0,-0.1,7.0
6771,2025-08-27,21875.0,1178321.0,53.5,54.0,53.5,54.0,0.0,21.0
6771,2025-08-28,12450.0,670509.0,54.0,54.0,53.8,53.8,-0.2,14.0
6771,2025-08-29,20050.0,1077500.0,53.7,54.3,53.6,54.3,0.5,15.0
6771,2025-09-01,25000.0,1355500.0,54.4,54.5,54.0,54.0,-0.3,20.0
6771,2025-09-02,4309.0,232016.0,53.7,54.1,53.7,53.8,-0.2,5.0
6771,2025-09-03,39091.0,2095214.0,53.8,53.9,53.2,53.6,-0.2,35.0
6771,2025-09-04,45100.0,2401470.0,53.4,53.9,53.1,53.3,-0.3,38.0
6771,2025-09-05,5200.0,278840.0,53.7,53.7,53.5,53.7,0.4,5.0
6771,2025-09-08,46020.0,2503310.0,53.7,54.7,53.7,54.5,0.8,33.0
6771,2025-09-09,48400.0,2649580.0,55.0,55.2,54.5,54.6,0.1,37.0
6771,2025-09-10,22634.0,1231421.0,54.7,54.8,54.2,54.2,-0.4,29.0
6771,2025-09-11,110738.0,5898541.0,53.7,53.7,53.0,53.3,-0.9,67.0
6771,2025-09-12,29151.0,1547488.0,53.3,53.3,53.0,53.0,-0.3,21.0
6771,2025-09-15,13050.0,691155.0,52.7,53.2,52.7,52.9,-0.1,14.0
6771,2025-09-16,40147.0,2111191.0,53.0,53.0,52.4,52.5,-0.4,36.0
6771,2025-09-17,25993.0,1359040.0,52.8,52.8,52.0,52.0,-0.5,30.0
6771,2025-09-18,31320.0,1628893.0,51.9,52.4,51.8,51.8,-0.2,35.0
6771,2025-09-19,37970.0,1969789.0,51.4,52.2,51.4,51.9,0.1,56.0
6771,2025-09-22,2343.0,121628.0,51.8,51.8,51.8,51.8,-0.1,25.0
6771,2025-09-23,37359.0,1922840.0,51.8,51.8,51.4,51.5,-0.3,76.0
6771,2025-09-24,3852.0,199642.0,51.3,52.0,51.3,52.0,0.5,27.0
6771,2025-09-25,10412.0,538629.0,52.0,52.0,51.6,51.6,-0.4,15.0
6771,2025-09-26,7000.0,360300.0,51.4,51.6,51.4,51.5,-0.1,6.0
6771,2025-09-30,25000.0,1283900.0,51.5,51.5,51.2,51.4,-0.1,17.0
6771,2025-10-01,15120.0,774870.0,51.5,51.5,51.1,51.1,-0.3,15.0
6771,2025-10-02,39068.0,2000492.0,51.4,51.4,51.0,51.1,0.0,25.0
6771,2025-10-03,19339.0,987060.0,51.0,51.3,51.0,51.1,0.0,23.0
6771,2025-10-07,51308.0,2611438.0,51.1,51.5,50.6,50.6,-0.5,41.0
6771,2025-10-08,17964.0,908405.0,50.9,50.9,50.5,50.5,-0.1,26.0
6771,2025-10-09,27013.0,1367763.0,50.5,50.8,50.4,50.6,0.1,15.0
6771,2025-10-13,9248.0,466681.0,50.3,50.9,50.0,50.5,-0.1,18.0
6771,2025-10-14,57245.0,2876076.0,50.6,50.6,50.0,50.3,-0.2,43.0
6771,2025-10-15,30067.0,1504588.0,50.3,50.3,50.0,50.0,-0.3,67.0
6771,2025-10-16,27000.0,1357600.0,51.0,51.0,50.0,50.1,0.1,25.0
6771,2025-10-17,17497.0,875246.0,50.0,50.2,50.0,50.0,-0.1,25.0
6771,2025-10-20,17135.0,853712.0,50.0,50.0,49.75,49.9,-0.1,20.0
6771,2025-10-21,27000.0,1349750.0,50.0,50.2,49.9,49.9,0.0,23.0
6771,2025-10-22,23000.0,1148000.0,49.9,50.0,49.85,49.85,-0.05,17.0
6771,2025-10-23,38165.0,1907801.0,49.9,50.1,49.8,49.9,0.05,30.0
6771,2025-10-27,14001.0,699652.0,50.0,50.0,49.9,49.95,0.05,14.0
6771,2025-10-28,28000.0,1396850.0,49.95,50.0,49.65,49.65,-0.3,26.0
6771,2025-10-29,11036.0,549509.0,50.0,50.1,49.7,49.7,0.05,13.0
6771,2025-10-30,9271.0,459299.0,49.5,49.7,49.4,49.5,-0.2,18.0
6771,2025-10-31,12701.0,629528.0,49.5,49.6,49.5,49.6,0.1,21.0
6771,2025-11-03,13634.0,674195.0,49.6,49.8,49.1,49.8,0.2,25.0
6771,2025-11-04,40231.0,1993395.0,49.8,49.8,49.2,49.35,-0.45,34.0
6771,2025-11-05,6211.0,306459.0,49.35,49.75,49.15,49.75,0.4,13.0
6771,2025-11-06,30396.0,1526837.0,51.0,51.4,49.75,49.8,0.05,39.0
6771,2025-11-07,30000.0,1488700.0,49.55,49.7,49.55,49.7,-0.1,21.0
6771,2025-11-10,87502.0,4277157.0,50.0,50.0,48.5,49.0,-0.7,59.0
6771,2025-11-11,21203.0,1039129.0,49.2,49.2,48.8,49.1,0.1,22.0
6771,2025-11-12,23114.0,1129996.0,48.5,49.0,48.5,48.85,-0.25,22.0
6771,2025-11-13,13000.0,634550.0,48.95,48.95,48.65,48.8,-0.05,13.0
6771,2025-11-14,17256.0,837664.0,48.8,48.8,48.4,48.4,-0.4,21.0
6771,2025-11-17,20730.0,1014522.0,49.7,49.7,48.5,48.5,0.1,21.0
6771,2025-11-18,13505.0,657623.0,49.9,49.9,48.5,48.5,0.0,19.0
6771,2025-11-19,5000.0,242500.0,48.5,48.5,48.5,48.5,0.0,4.0
6771,2025-11-20,75563.0,3622746.0,48.5,48.5,47.4,47.85,-0.65,61.0
6771,2025-11-21,43458.0,2068284.0,47.85,48.05,47.25,47.55,-0.3,35.0
6771,2025-11-24,152895.0,7132903.0,47.6,47.6,46.25,46.7,-0.85,132.0
6771,2025-11-25,58392.0,2744165.0,48.6,48.6,46.55,47.0,0.3,45.0
6771,2025-11-26,202176.0,9353545.0,46.25,46.85,46.0,46.05,-0.95,127.0
6771,2025-11-27,17209.0,794869.0,46.05,46.4,46.0,46.4,0.35,31.0
6771,2025-11-28,14597.0,683188.0,46.5,47.1,46.5,46.95,0.55,19.0
6771,2025-12-01,33199.0,1549343.0,46.6,47.3,46.45,47.3,0.35,18.0
6771,2025-12-02,50288.0,2353566.0,47.3,47.7,46.55,46.85,-0.45,31.0
6771,2025-12-03,10100.0,474592.0,47.1,47.1,46.9,46.95,0.1,13.0
6771,2025-12-04,23092.0,1083727.0,46.85,47.15,46.75,46.75,-0.2,23.0
6771,2025-12-05,58497.0,2719302.0,46.75,47.0,46.15,46.2,-0.55,53.0
6771,2025-12-08,53714.0,2481553.0,46.2,46.4,46.05,46.05,-0.15,45.0
6771,2025-12-09,107399.0,5028278.0,46.35,48.5,45.6,47.0,0.95,80.0
6771,2025-12-10,65999.0,3047070.0,46.6,46.6,45.7,46.25,-0.75,62.0
6771,2025-12-11,9124.0,418843.0,45.25,46.35,45.25,46.0,-0.25,14.0
6771,2025-12-12,52202.0,2370873.0,45.45,45.6,45.2,45.2,-0.8,55.0
6771,2025-12-15,63979.0,2871740.0,45.2,45.2,44.7,45.15,-0.05,51.0
6771,2025-12-16,50000.0,2230450.0,44.9,44.9,44.55,44.55,-0.6,35.0
6771,2025-12-17,33101.0,1473364.0,44.4,44.7,44.4,44.4,-0.15,21.0
6771,2025-12-18,13300.0,591861.0,44.65,44.7,44.25,44.35,-0.05,20.0
6771,2025-12-19,5459.0,244140.0,44.5,45.05,44.5,45.0,0.65,13.0
6771,2025-12-22,5100.0,229154.0,44.85,44.95,44.75,44.95,-0.05,5.0
6771,2025-12-23,10182.0,457821.0,44.6,45.8,44.6,44.85,-0.1,17.0
6771,2025-12-24,4240.0,190887.0,45.0,45.1,44.9,45.1,0.25,9.0
6771,2025-12-26,5418.0,245279.0,45.3,45.35,45.05,45.35,0.25,10.0
6771,2025-12-29,19350.0,885569.0,45.0,46.15,45.0,45.5,0.15,21.0
6771,2025-12-30,7002.0,317992.0,45.6,45.6,45.2,45.2,-0.3,7.0
6771,2025-12-31,12200.0,555900.0,45.5,46.2,45.2,46.2,1.0,13.0
6771,2026-01-02,11100.0,504270.0,45.6,45.6,45.3,45.5,-0.7,10.0
6771,2026-01-05,26004.0,1173231.0,45.1,45.4,45.0,45.2,-0.3,18.0
6771,2026-01-06,32000.0,1436900.0,45.5,45.5,44.8,44.8,-0.4,24.0
6771,2026-01-07,238078.0,10401756.0,44.6,44.6,43.25,44.0,-0.8,182.0
6771,2026-01-08,15443.0,679332.0,43.85,44.1,43.85,44.0,0.0,20.0
6771,2026-01-09,16442.0,719471.0,43.6,44.2,43.6,43.8,-0.2,31.0
6771,2026-01-12,17894.0,803400.0,45.2,45.2,44.45,45.0,1.2,20.0
6771,2026-01-13,76818.0,3556289.0,45.0,47.4,45.0,47.4,2.4,102.0
6771,2026-01-14,172541.0,8200287.0,48.2,48.75,46.4,46.6,-0.8,180.0
6771,2026-01-15,52534.0,2437528.0,46.6,46.9,46.15,46.15,-0.45,117.0
6771,2026-01-16,96307.0,4346596.0,46.3,46.3,44.8,45.0,-1.15,91.0
6771,2026-01-19,29588.0,1327931.0,44.9,45.0,44.55,44.8,-0.2,44.0
6771,2026-01-20,127965.0,5643292.0,44.7,44.7,43.75,44.0,-0.8,87.0
6771,2026-01-21,38146.0,1688661.0,44.25,44.35,44.15,44.3,0.3,35.0
6771,2026-01-22,21485.0,956241.0,44.3,44.65,44.3,44.5,0.2,16.0
6771,2026-01-23,34193.0,1538573.0,44.5,45.4,44.5,45.0,0.5,27.0
6771,2026-01-26,32144.0,1431130.0,45.0,45.0,44.15,44.55,-0.45,22.0
6771,2026-01-27,26131.0,1162739.0,44.55,44.55,44.35,44.55,0.0,21.0
6771,2026-01-28,42221.0,1889739.0,44.55,45.0,44.5,44.9,0.35,33.0
6771,2026-01-29,11000.0,492250.0,45.0,45.0,44.55,44.65,-0.25,8.0
6771,2026-01-30,19430.0,872885.0,44.5,45.3,44.5,44.9,0.25,17.0
6771,2026-02-02,23050.0,1018895.0,44.5,44.5,44.0,44.3,-0.6,15.0
6771,2026-02-03,6160.0,272915.0,44.0,44.5,44.0,44.1,-0.2,8.0
6771,2026-02-04,56154.0,2520460.0,45.3,45.3,44.5,44.5,0.4,29.0
6771,2026-02-05,12506.0,557922.0,44.5,45.1,44.5,44.5,0.0,15.0
6771,2026-02-06,24234.0,1070548.0,44.5,44.5,44.0,44.0,-0.5,20.0
6771,2026-02-09,24100.0,1058700.0,43.7,44.1,43.6,44.1,0.1,16.0
6771,2026-02-10,13397.0,589858.0,43.95,44.1,43.9,44.0,-0.1,17.0
6771,2026-02-11,37181.0,1633590.0,44.2,44.2,43.5,43.5,-0.5,32.0
6771,2026-02-23,12523.0,552129.0,44.0,44.3,43.75,44.2,0.7,17.0
6771,2026-02-24,37246.0,1639408.0,45.1,45.1,43.75,43.75,-0.45,34.0
6771,2026-02-25,42384.0,1886763.0,44.0,44.8,44.0,44.55,0.8,36.0
6771,2026-02-26,8010.0,355508.0,44.3,44.5,44.3,44.35,-0.2,7.0
6771,2026-03-02,16000.0,710250.0,44.35,44.45,44.35,44.45,0.1,13.0
6771,2026-03-03,32157.0,1435016.0,47.15,47.15,44.35,44.45,0.0,33.0
6771,2026-03-04,102523.0,4423430.0,44.3,44.3,42.15,42.3,-2.15,84.0
6771,2026-03-05,31100.0,1336827.0,43.0,43.2,42.7,42.95,0.65,25.0
6771,2026-03-06,18002.0,770786.0,42.95,43.35,42.45,43.35,0.4,15.0
6771,2026-03-09,38306.0,1667263.0,44.2,44.2,43.35,43.5,0.15,44.0
6771,2026-03-10,16050.0,707242.0,43.9,44.5,43.85,43.95,0.45,13.0
6771,2026-03-11,45381.0,2008317.0,44.0,44.45,44.0,44.45,0.5,38.0
6771,2026-03-12,13003.0,573582.0,44.2,44.3,44.0,44.05,-0.4,12.0
6771,2026-03-13,29175.0,1295055.0,46.0,46.0,44.05,44.15,0.1,27.0
6771,2026-03-16,16153.0,717282.0,44.5,44.5,44.25,44.3,0.15,18.0
6771,2026-03-17,33000.0,1450650.0,44.3,44.3,43.6,43.75,-0.55,27.0
6771,2026-03-18,6026.0,264756.0,43.85,44.0,43.85,44.0,0.25,8.0
6771,2026-03-19,7253.0,319514.0,44.0,44.1,44.0,44.0,0.0,14.0
6771,2026-03-20,7177.0,317096.0,44.55,44.55,44.0,44.3,0.3,16.0
6771,2026-03-23,7025.0,310293.0,44.4,44.4,44.0,44.15,-0.15,8.0
6771,2026-03-24,19081.0,835198.0,44.2,44.2,43.4,43.6,-0.55,19.0
6771,2026-03-25,5000.0,219550.0,43.9,43.95,43.9,43.95,0.35,4.0
6771,2026-03-26,25025.0,1102800.0,44.0,44.5,43.9,43.95,0.0,21.0
6771,2026-03-27,11000.0,483800.0,44.05,44.1,43.75,43.9,-0.05,10.0
6771,2026-03-30,105150.0,4646930.0,43.8,44.9,43.8,44.0,0.1,57.0
6771,2026-03-31,19000.0,836850.0,44.2,44.4,44.0,44.0,0.0,15.0
6771,2026-04-01,18000.0,797800.0,44.65,44.65,44.05,44.05,0.05,10.0
6771,2026-04-02,123245.0,5421552.0,44.1,44.3,43.85,43.9,-0.15,41.0
6771,2026-04-07,20057.0,886622.0,44.2,44.2,44.2,44.2,0.3,12.0
6771,2026-04-08,29103.0,1292463.0,44.8,44.8,44.25,44.35,0.15,26.0
6771,2026-04-09,25686.0,1141883.0,44.35,44.5,44.35,44.5,0.15,26.0
6771,2026-04-10,31095.0,1388567.0,44.2,44.9,44.2,44.6,0.1,16.0
6771,2026-04-13,83151.0,3657369.0,44.05,44.2,43.85,43.85,-0.75,42.0
6771,2026-04-14,49430.0,2176035.0,43.9,44.45,43.9,44.45,0.6,30.0
6771,2026-04-15,12000.0,534800.0,44.4,44.7,44.4,44.7,0.25,11.0
6771,2026-04-16,20418.0,909842.0,44.05,44.75,44.05,44.45,-0.25,21.0
6771,2026-04-17,38056.0,1716679.0,44.45,45.85,44.45,45.3,0.85,26.0
6771,2026-04-20,53548.0,2435341.0,45.3,45.9,45.25,45.5,0.2,37.0
6771,2026-04-21,30891.0,1412236.0,45.5,46.2,45.3,45.75,0.25,38.0
6771,2026-04-22,25885.0,1189902.0,45.5,46.15,45.5,46.0,0.25,33.0
6771,2026-04-23,114804.0,5303232.0,46.5,47.1,45.5,46.0,0.0,96.0
6771,2026-04-24,41056.0,1873803.0,46.0,46.2,45.1,45.6,-0.4,39.0
6771,2026-04-27,12101.0,549931.0,45.2,45.7,45.2,45.3,-0.3,15.0
6771,2026-04-28,58330.0,2610127.0,45.6,45.6,44.5,44.8,-0.5,49.0
6771,2026-04-29,36150.0,1612020.0,44.8,45.15,44.15,44.4,-0.4,21.0
6771,2026-04-30,16724.0,746901.0,44.95,44.95,44.4,44.4,0.0,14.0
6771,2026-05-04,47040.0,2092689.0,44.4,44.9,44.2,44.3,-0.1,36.0
6771,2026-05-05,23120.0,1021345.0,43.75,44.5,43.7,44.0,-0.3,24.0
6771,2026-05-06,21240.0,938838.0,44.1,44.5,44.1,44.1,0.1,21.0
6771,2026-05-07,20282.0,900229.0,44.35,44.5,44.3,44.3,0.2,21.0
6771,2026-05-08,73754.0,3244109.0,44.3,44.3,43.8,43.8,-0.5,58.0
6771,2026-05-11,19291.0,845964.0,43.8,44.0,43.75,43.9,0.1,20.0
6771,2026-05-12,29349.0,1279718.0,43.55,43.9,43.5,43.6,-0.3,29.0
6771,2026-05-13,44463.0,1920752.0,43.05,43.85,43.0,43.0,-0.6,42.0
6771,2026-05-14,109413.0,4631044.0,42.85,42.85,42.0,42.0,-1.0,102.0
6771,2026-05-15,40540.0,1698062.0,41.8,42.2,41.7,41.8,-0.2,41.0
6771,2026-05-18,26420.0,1101078.0,41.5,41.8,41.5,41.8,0.0,29.0
6771,2026-05-19,5116.0,215872.0,41.8,42.3,41.8,42.3,0.5,10.0
6771,2026-05-20,17062.0,721918.0,42.25,42.35,42.1,42.1,-0.2,13.0
6771,2026-05-21,25600.0,1074560.0,42.15,42.15,41.85,41.95,-0.15,23.0
6771,2026-05-22,83150.0,3466750.0,42.0,42.2,41.3,41.7,-0.25,43.0
6771,2026-05-25,31143.0,1294248.0,41.7,41.7,41.3,41.65,-0.05,31.0
6771,2026-05-26,64235.0,2662370.0,41.4,41.65,41.3,41.45,-0.2,41.0
6771,2026-05-27,12111.0,507723.0,41.45,42.15,41.45,42.0,0.55,15.0
6771,2026-05-28,4140.0,172980.0,42.0,42.0,41.7,41.7,-0.3,7.0
6771,2026-05-29,13314.0,561650.0,42.75,42.75,41.8,42.0,0.3,18.0
6771,2026-06-01,29220.0,1229487.0,42.0,42.3,41.85,42.2,0.2,50.0
6771,2026-06-02,10272.0,429357.0,41.8,42.0,41.6,42.0,-0.2,15.0
6771,2026-06-03,26105.0,1095210.0,42.0,42.0,41.8,41.8,-0.2,16.0
6771,2026-06-04,59211.0,2458069.0,41.85,41.85,41.4,41.45,-0.35,47.0
6771,2026-06-05,58389.0,2460280.0,41.5,42.6,41.5,42.55,1.1,41.0
6771,2026-06-08,66127.0,2731188.0,42.0,42.0,41.0,41.8,-0.75,41.0
6771,2026-06-09,10190.0,427040.0,41.4,42.25,41.4,41.9,0.1,12.0
6771,2026-06-10,12270.0,512597.0,41.85,41.85,41.75,41.75,-0.15,16.0
6771,2026-06-11,38205.0,1591368.0,41.6,41.9,41.5,41.85,0.1,28.0
6771,2026-06-12,28347.0,1191058.0,41.9,42.75,41.9,42.0,0.15,33.0
6771,2026-06-15,36000.0,1508250.0,42.0,42.0,41.6,42.0,0.0,30.0
6771,2026-06-16,39600.0,1652380.0,42.0,42.0,41.6,41.95,-0.05,32.0
6771,2026-06-17,10000.0,417850.0,41.6,41.95,41.6,41.75,-0.2,9.0
6771,2026-06-18,82000.0,3410150.0,41.65,42.0,41.45,42.0,0.25,47.0
6771,2026-06-22,19567.0,820450.0,41.9,42.0,41.8,42.0,0.0,22.0
6771,2026-06-23,21000.0,881500.0,42.0,42.05,41.85,42.05,0.05,19.0
6771,2026-06-24,82639.0,3452110.0,42.0,42.0,41.6,41.95,-0.1,59.0
6771,2026-06-25,131290.0,5162485.0,38.5,40.0,38.5,38.85,0.0,76.0
6771,2026-06-26,35228.0,1355428.0,38.9,38.9,38.05,38.1,-0.75,55.0
6771,2026-06-29,26504.0,1011639.0,38.55,38.55,38.0,38.15,0.05,32.0
6771,2026-06-30,44057.0,1693552.0,38.45,39.75,38.0,39.6,1.45,38.0
6771,2026-07-01,17058.0,662468.0,39.0,39.0,38.8,38.85,-0.75,17.0
6771,2026-07-02,46000.0,1779350.0,38.4,39.1,38.4,38.75,-0.1,21.0
6771,2026-07-03,13100.0,508388.0,38.2,39.1,38.2,39.1,0.35,17.0
6771,2026-07-06,29056.0,1144974.0,39.45,40.1,39.2,40.0,0.9,28.0
6771,2026-07-07,20355.0,807960.0,40.1,40.1,39.4,39.8,-0.2,24.0
6771,2026-07-08,5126.0,202594.0,39.6,39.6,39.3,39.3,-0.5,9.0
6771,2026-07-09,14077.0,564212.0,41.25,41.25,39.25,39.8,0.5,18.0
6771,2026-07-13,23010.0,901270.0,39.5,39.5,39.05,39.1,-0.7,13.0
6771,2026-07-14,26010.0,1009623.0,39.5,39.7,38.3,38.95,-0.15,24.0
6771,2026-07-15,4000.0,156900.0,39.3,39.3,39.0,39.3,0.35,4.0
6771,2026-07-16,4026.0,155617.0,38.5,38.8,38.5,38.7,-0.6,5.0
6771,2026-07-17,38563.0,1487879.0,38.7,38.9,38.45,38.5,-0.2,29.0
6771,2026-07-20,9504.0,366705.0,38.75,38.75,38.4,38.7,0.2,15.0
6771,2026-07-21,27382.0,1053701.0,39.0,39.0,38.35,38.5,-0.2,28.0
6771,2026-07-22,27560.0,1058370.0,38.3,38.5,38.2,38.35,-0.15,27.0
6771,2026-07-23,9540.0,367423.0,38.8,38.8,38.2,38.5,0.15,14.0
6771,2026-07-24,65367.0,2513813.0,38.5,39.1,38.05,38.5,0.0,33.0
6771,2026-07-27,39385.0,1516608.0,38.5,38.6,38.45,38.5,0.0,24.0
6771,2026-07-28,17165.0,655059.0,38.35,38.45,38.0,38.25,-0.25,24.0
6771,2026-07-29,33712.0,1289073.0,38.9,38.9,37.8,38.05,-0.2,32.0
6771,2026-07-30,5020.0,191770.0,38.35,38.35,38.05,38.05,0.0,4.0
6771,2026-07-31,35010.0,1330780.0,38.8,38.8,37.8,38.2,0.15,31.0
6771,2026-08-03,33438.0,1272573.0,38.2,38.2,37.85,37.85,-0.35,30.0
6771,2026-08-04,25184.0,965127.0,38.1,38.7,37.9,38.65,0.8,19.0
6771,2026-08-05,14002.0,534176.0,38.2,38.35,38.0,38.0,-0.65,12.0
6771,2026-08-06,38099.0,1450012.0,38.1,38.2,37.8,38.1,0.1,21.0
6771,2026-08-07,8000.0,304450.0,38.0,38.25,37.85,38.05,-0.05,8.0
6771,2026-08-10,32250.0,1226562.0,38.05,38.1,37.85,38.0,-0.05,27.0
6771,2026-08-11,26100.0,1007100.0,38.0,39.05,38.0,38.5,0.5,22.0
6771,2026-08-12,112339.0,4469473.0,40.05,40.2,39.35,40.0,1.5,73.0
6771,2026-08-13,84563.0,3499327.0,40.25,42.15,40.25,41.5,1.5,74.0
6771,2026-08-14,57824.0,2401752.0,41.7,42.0,41.0,41.5,0.0,43.0
6771,2026-08-17,46725.0,1941763.0,41.5,41.95,41.1,41.5,0.0,40.0
6771,2026-08-18,37003.0,1528823.0,41.5,41.7,41.05,41.5,0.0,32.0
6771,2026-08-19,65122.0,2713945.0,41.5,41.95,41.3,41.6,0.1,56.0
6771,2026-08-20,104300.0,4373839.0,41.9,42.15,41.5,41.9,0.3,96.0
6771,2026-08-21,66741.0,2851934.0,42.2,43.05,42.0,43.0,1.1,69.0
6771,2026-08-24,62789.0,2755662.0,43.45,44.1,43.15,43.65,0.65,60.0
6771,2026-08-25,68924.0,3032901.0,43.8,44.3,43.5,43.5,-0.15,88.0
6771,2026-08-26,125607.0,5424120.0,43.6,43.7,42.1,42.5,-1.0,182.0
6771,2026-08-27,44426.0,1869391.0,42.5,43.0,41.6,41.75,-0.75,57.0
6771,2026-08-28,30044.0,1239155.0,41.75,42.1,40.8,41.0,-0.75,30.0
6771,2026-08-31,25526.0,1045715.0,40.15,41.75,40.1,41.75,0.75,26.0
6771,2026-09-01,31034.0,1284117.0,42.35,42.4,41.2,41.75,0.0,22.0
6771,2026-09-02,40000.0,1653250.0,41.15,41.75,41.0,41.7,-0.05,33.0
6771,2026-09-03,15166.0,631237.0,41.7,41.9,41.25,41.7,0.0,17.0
6771,2026-09-04,32505.0,1360487.0,41.85,42.2,41.5,41.8,0.1,37.0
6771,2026-09-07,17013.0,711290.0,42.0,42.25,41.5,41.8,0.0,18.0
6771,2026-09-08,16381.0,685048.0,42.4,42.4,41.5,41.8,0.0,47.0
6771,2026-09-09,28368.0,1175536.0,41.1,42.0,41.1,41.5,-0.3,32.0
6771,2026-09-10,35050.0,1465884.0,41.5,42.2,41.5,41.7,0.2,34.0
6771,2026-09-11,24008.0,998022.0,41.8,41.9,41.1,41.75,0.05,25.0
6771,2026-09-14,4012.0,167300.0,41.75,41.75,41.6,41.7,-0.05,7.0
6771,2026-09-15,29291.0,1217224.0,42.1,42.2,41.2,41.7,0.0,31.0
6854,2024-01-02,95005.0,9486595.0,98.8,103.0,98.8,99.1,0.3,57.0
6854,2024-01-03,35141.0,3442347.0,98.9,98.9,97.7,98.0,-1.1,36.0
6854,2024-01-04,54250.0,5283050.0,98.0,98.4,97.0,97.5,-0.5,31.0
6854,2024-01-05,14050.0,1382580.0,98.9,99.0,98.0,98.3,0.8,13.0
6854,2024-01-08,48050.0,4743400.0,98.3,99.6,98.3,98.3,0.0,43.0
6854,2024-01-09,41000.0,4005400.0,98.3,98.5,97.1,98.2,-0.1,28.0
6854,2024-01-10,19050.0,1863760.0,98.2,98.2,97.3,98.0,-0.2,12.0
6854,2024-01-11,104680.0,10265367.0,98.3,98.5,97.5,98.2,0.2,33.0
6854,2024-01-12,37385.0,3647145.0,98.2,98.2,97.2,97.2,-1.0,35.0
6854,2024-01-15,35370.0,3434178.0,97.2,98.0,96.7,96.7,-0.5,33.0
6854,2024-01-16,101055.0,9544325.0,96.2,96.2,93.3,94.4,-2.3,83.0
6854,2024-01-17,55082.0,5175467.0,94.0,94.3,93.5,93.5,-0.9,40.0
6854,2024-01-18,72000.0,6690600.0,93.5,94.0,92.2,92.2,-1.3,51.0
6854,2024-01-19,91032.0,8381544.0,91.5,93.0,91.5,91.8,-0.4,58.0
6854,2024-01-22,43100.0,3954500.0,92.0,92.0,91.5,91.7,-0.1,39.0
6854,2024-01-23,31200.0,2873200.0,92.1,92.4,91.9,92.3,0.6,33.0
6854,2024-01-24,116100.0,10679200.0,92.8,93.8,91.0,93.7,1.4,68.0
6854,2024-01-25,85686.0,7872026.0,94.0,94.0,91.5,91.6,-2.1,57.0
6854,2024-01-26,63005.0,5703750.0,91.1,92.1,90.0,91.4,-0.2,25.0
6854,2024-01-29,32050.0,2953840.0,91.4,94.0,91.4,92.0,0.6,29.0
6854,2024-01-30,32385.0,2952180.0,92.0,92.0,91.0,91.3,-0.7,21.0
6854,2024-01-31,28150.0,2559500.0,90.6,91.4,90.6,90.7,-0.6,21.0
6854,2024-02-01,30411.0,2763137.0,92.0,92.0,90.5,91.5,0.8,28.0
6854,2024-02-02,15000.0,1377400.0,92.2,92.2,91.4,92.1,0.6,14.0
6854,2024-02-05,54033.0,4888703.0,90.5,92.0,90.0,91.0,-1.1,42.0
6854,2024-02-15,48143.0,4378284.0,90.8,91.5,90.5,91.2,0.2,38.0
6854,2024-02-16,91252.0,8253679.0,90.8,91.3,90.0,90.4,-0.8,60.0
6854,2024-02-19,69000.0,6339700.0,90.5,96.2,90.5,95.6,5.2,50.0
6854,2024-02-20,27000.0,2520400.0,95.8,95.8,92.5,92.6,-3.0,26.0
6854,2024-02-21,47000.0,4389300.0,90.8,93.7,90.8,92.6,0.0,24.0
6854,2024-02-22,29606.0,2757215.0,92.5,93.7,92.1,92.8,0.2,19.0
6854,2024-02-23,21131.0,1960009.0,92.6,93.3,92.4,92.5,-0.3,21.0
6854,2024-02-26,20000.0,1831200.0,91.4,91.9,91.4,91.4,-1.1,14.0
6854,2024-02-27,57000.0,5290800.0,91.5,93.9,91.5,91.8,0.4,37.0
6854,2024-02-29,59000.0,5406600.0,91.8,92.0,91.3,91.5,-0.3,37.0
6854,2024-03-01,58050.0,5319900.0,91.5,92.0,91.5,91.5,0.0,40.0
6854,2024-03-04,250409.0,22345192.0,90.0,90.0,87.1,89.8,-1.7,154.0
6854,2024-03-05,108361.0,9584185.0,88.8,90.7,88.0,89.6,-0.2,69.0
6854,2024-03-06,33039.0,2930978.0,89.0,89.2,88.4,88.4,-1.2,34.0
6854,2024-03-07,145430.0,12658194.0,88.1,88.1,86.3,86.8,-1.6,112.0
6854,2024-03-08,194000.0,17423000.0,86.5,90.1,86.5,90.0,3.2,129.0
6854,2024-03-11,192000.0,17340800.0,89.9,92.5,89.8,91.3,1.3,82.0
6854,2024-03-12,81000.0,7473400.0,91.0,93.0,91.0,93.0,1.7,47.0
6854,2024-03-13,152000.0,14133800.0,92.3,93.4,92.2,93.0,0.0,85.0
6854,2024-03-14,16000.0,1482700.0,92.8,93.0,92.2,92.2,-0.8,10.0
6854,2024-03-15,12089.0,1102389.0,91.5,91.5,91.0,91.0,-1.2,14.0
6854,2024-03-18,89503.0,8059695.0,91.0,91.0,89.1,89.6,-1.4,35.0
6854,2024-03-19,92259.0,8194379.0,89.6,89.6,88.3,88.3,-1.3,54.0
6854,2024-03-20,162120.0,14045267.0,87.0,87.3,85.7,86.5,-1.8,97.0
6854,2024-03-21,16000.0,1386500.0,86.7,87.2,86.1,86.1,-0.4,16.0
6854,2024-03-22,46040.0,3968428.0,86.1,87.0,85.7,85.7,-0.4,30.0
6854,2024-03-25,335207.0,27689518.0,85.7,85.7,80.2,82.0,-3.7,196.0
6854,2024-03-26,121045.0,9783645.0,82.0,82.2,79.8,80.2,-1.8,62.0
6854,2024-03-27,84000.0,6724500.0,80.2,80.5,79.2,79.5,-0.7,46.0
6854,2024-03-28,229046.0,17790042.0,79.5,79.5,76.2,77.5,-2.0,145.0
6854,2024-03-29,229143.0,17498195.0,77.4,79.1,75.0,78.3,0.8,114.0
6854,2024-04-01,87000.0,7059200.0,79.1,83.3,79.1,81.1,2.8,70.0
6854,2024-04-02,83026.0,6770806.0,81.1,82.7,80.5,80.5,-0.6,51.0
6854,2024-04-03,47175.0,3728200.0,79.3,79.5,78.6,78.6,-1.9,34.0
6854,2024-04-08,96050.0,7261550.0,75.0,77.1,74.0,76.0,-2.6,63.0
6854,2024-04-09,45000.0,3486500.0,77.5,78.0,77.0,77.2,1.2,43.0
6854,2024-04-10,47000.0,3657900.0,78.0,79.0,77.0,78.0,0.8,41.0
6854,2024-04-11,39072.0,3085559.0,78.1,80.0,78.0,79.9,1.9,25.0
6854,2024-04-12,22050.0,1762700.0,80.8,80.8,78.5,80.2,0.3,20.0
6854,2024-04-15,26072.0,2065002.0,80.0,80.0,78.2,78.4,-1.8,23.0
6854,2024-04-16,53000.0,4132200.0,82.1,82.1,76.8,77.2,-1.2,36.0
6854,2024-04-17,15000.0,1165500.0,78.7,79.1,77.0,77.9,0.7,12.0
6854,2024-04-18,17000.0,1320600.0,77.5,78.0,77.5,77.5,-0.4,14.0
6854,2024-04-19,57000.0,4374300.0,77.0,78.0,76.0,77.1,-0.4,43.0
6854,2024-04-22,27000.0,2074400.0,77.0,78.1,76.4,76.7,-0.4,22.0
6854,2024-04-23,19000.0,1451400.0,76.7,77.8,76.0,76.3,-0.4,17.0
6854,2024-04-24,73000.0,5773400.0,76.6,80.7,76.6,79.3,3.0,42.0
6854,2024-04-25,38012.0,3055272.0,81.3,81.3,79.4,80.2,0.9,30.0
6854,2024-04-26,44017.0,3565977.0,81.0,81.9,80.3,80.6,0.4,33.0
6854,2024-04-29,72000.0,6009900.0,79.3,85.8,79.3,84.0,3.4,52.0
6854,2024-04-30,18485.0,1547170.0,84.0,84.7,82.9,84.0,0.0,16.0
6854,2024-05-02,20193.0,1686622.0,84.0,84.0,82.5,83.3,-0.7,19.0
6854,2024-05-03,23000.0,1889800.0,83.0,83.0,81.6,82.9,-0.4,16.0
6854,2024-05-06,26000.0,2123500.0,82.1,82.7,81.1,81.1,-1.8,19.0
6854,2024-05-07,31080.0,2484400.0,80.1,80.6,79.5,79.8,-1.3,24.0
6854,2024-05-08,29000.0,2321300.0,79.8,80.5,79.8,80.4,0.6,18.0
6854,2024-05-09,23200.0,1853220.0,80.3,80.3,79.0,79.0,-1.4,21.0
6854,2024-05-10,14000.0,1109800.0,79.0,79.9,79.0,79.9,0.9,13.0
6854,2024-05-13,20000.0,1586100.0,79.3,80.0,78.6,78.8,-1.1,15.0
6854,2024-05-14,21000.0,1670400.0,78.9,80.0,78.9,79.0,0.2,14.0
6854,2024-05-15,46040.0,3602840.0,79.0,79.5,77.9,78.2,-0.8,37.0
6854,2024-05-16,65470.0,5148753.0,79.9,79.9,78.3,78.6,0.4,50.0
6854,2024-05-17,43010.0,3379086.0,78.6,79.2,78.5,78.5,-0.1,26.0
6854,2024-05-20,130407.0,10441577.0,80.0,80.9,79.5,80.3,1.8,72.0
6854,2024-05-21,136000.0,10906300.0,79.7,80.3,79.3,80.3,0.0,42.0
6854,2024-05-22,58300.0,4673869.0,81.4,81.4,79.8,80.0,-0.3,45.0
6854,2024-05-23,32500.0,2585450.0,80.0,80.0,79.3,79.3,-0.7,33.0
6854,2024-05-24,20000.0,1590500.0,80.0,80.0,79.3,79.3,0.0,16.0
6854,2024-05-27,27000.0,2136200.0,79.0,79.3,79.0,79.1,-0.2,23.0
6854,2024-05-28,57150.0,4560350.0,79.1,80.2,79.1,79.2,0.1,49.0
6854,2024-05-29,39135.0,3085723.0,79.0,79.2,78.6,78.7,-0.5,34.0
6854,2024-05-30,49000.0,3865900.0,79.9,79.9,78.0,78.7,0.0,33.0
6854,2024-05-31,30000.0,2354600.0,78.8,79.7,78.0,79.3,0.6,25.0
6854,2024-06-03,62417.0,4948492.0,78.6,79.8,78.5,79.2,-0.1,39.0
6854,2024-06-04,34000.0,2673600.0,78.9,78.9,78.5,78.6,-0.6,29.0
6854,2024-06-05,27000.0,2111600.0,78.6,78.6,77.8,77.8,-0.8,24.0
6854,2024-06-06,44000.0,3389600.0,77.6,77.6,76.3,77.3,-0.5,37.0
6854,2024-06-07,12000.0,931700.0,77.5,78.0,77.2,77.2,-0.1,12.0
6854,2024-06-11,41000.0,3160100.0,77.5,77.5,76.5,76.5,-0.7,30.0
6854,2024-06-12,47028.0,3592436.0,76.0,78.0,75.9,76.0,-0.5,35.0
6854,2024-06-13,19000.0,1444200.0,76.0,76.2,75.8,75.8,-0.2,17.0
6854,2024-06-14,154080.0,11517903.0,75.9,77.1,73.7,73.7,-2.1,96.0
6854,2024-06-17,71000.0,5237600.0,73.8,75.0,73.0,73.0,-0.7,52.0
6854,2024-06-18,69080.0,5130056.0,73.4,76.0,73.2,73.2,0.2,64.0
6854,2024-06-19,36132.0,2692634.0,73.3,75.0,73.3,74.5,1.3,31.0
6854,2024-06-20,41047.0,3083748.0,75.4,75.6,74.6,75.5,1.0,34.0
6854,2024-06-21,41015.0,3059113.0,75.1,75.4,74.2,74.2,-1.3,34.0
6854,2024-06-24,11052.0,818053.0,74.2,74.2,73.8,74.1,-0.1,8.0
6854,2024-06-25,20050.0,1489900.0,74.8,74.8,74.0,74.0,-0.1,19.0
6854,2024-06-26,59050.0,4340960.0,74.0,74.0,72.8,73.2,-0.8,44.0
6854,2024-06-27,73129.0,5327438.0,73.0,73.2,72.5,73.2,0.0,43.0
6854,2024-06-28,25000.0,1848400.0,74.0,74.2,73.6,73.7,0.5,24.0
6854,2024-07-01,9000.0,666200.0,73.7,74.3,73.7,73.8,0.1,9.0
6854,2024-07-02,17035.0,1250262.0,73.7,73.7,73.1,73.2,-0.6,15.0
6854,2024-07-03,76065.0,5603658.0,73.2,74.2,73.2,73.2,0.0,38.0
6854,2024-07-04,25050.0,1841670.0,73.2,73.7,73.2,73.7,0.5,22.0
6854,2024-07-05,58271.0,4304918.0,73.7,74.0,73.5,73.9,0.2,39.0
6854,2024-07-08,62170.0,4637963.0,74.0,75.8,73.9,73.9,0.0,51.0
6854,2024-07-09,275811.0,20744561.0,75.5,75.8,74.5,75.2,1.3,108.0
6854,2024-07-10,158000.0,11779700.0,75.2,75.6,73.8,74.4,-0.8,61.0
6854,2024-07-11,62050.0,4602500.0,74.4,74.4,74.0,74.0,-0.4,46.0
6854,2024-07-12,56056.0,4176960.0,74.5,74.9,74.0,74.3,0.3,42.0
6854,2024-07-15,24200.0,1804860.0,74.3,74.8,74.3,74.6,0.3,22.0
6854,2024-07-16,148064.0,11127400.0,74.7,75.9,74.5,75.1,0.5,57.0
6854,2024-07-17,19400.0,1452500.0,75.1,75.1,74.6,74.9,-0.2,22.0
6854,2024-07-18,37000.0,2740500.0,75.0,75.0,73.7,73.8,-1.1,32.0
6854,2024-07-19,41310.0,3024337.0,73.6,73.6,73.0,73.0,-0.8,33.0
6854,2024-07-22,127914.0,9093580.0,73.1,73.1,70.3,70.3,-2.7,98.0
6854,2024-07-23,32020.0,2305636.0,70.4,73.8,70.4,71.5,1.2,30.0
6854,2024-07-26,14000.0,1002500.0,71.5,71.8,71.5,71.8,0.3,13.0
6854,2024-07-29,23348.0,1667708.0,71.8,72.2,71.0,72.1,0.3,26.0
6854,2024-07-30,17073.0,1212810.0,70.6,71.5,70.6,71.0,-1.1,16.0
6854,2024-07-31,179341.0,12554434.0,71.0,71.0,69.3,69.6,-1.4,79.0
6854,2024-08-01,130041.0,9044332.0,69.8,72.2,68.8,68.8,-0.8,92.0
6854,2024-08-02,129030.0,8649007.0,68.8,68.8,66.0,67.1,-1.7,96.0
6854,2024-08-05,145606.0,9291031.0,66.2,66.2,62.0,62.5,-4.6,105.0
6854,2024-08-06,56100.0,3427650.0,61.5,62.8,60.0,62.8,0.3,36.0
6854,2024-08-07,55312.0,3554617.0,62.9,64.8,62.9,64.8,2.0,40.0
6854,2024-08-08,19800.0,1296000.0,62.0,66.0,62.0,64.5,-0.3,14.0
6854,2024-08-09,67000.0,4585800.0,62.9,70.7,62.9,70.7,6.2,57.0
6854,2024-08-12,55000.0,3891700.0,71.5,73.5,70.0,72.0,1.3,35.0
6854,2024-08-13,37000.0,2624400.0,72.0,72.0,70.1,70.2,-1.8,22.0
6854,2024-08-14,38000.0,2669400.0,70.4,70.6,70.0,70.6,0.4,21.0
6854,2024-08-15,40017.0,2776166.0,70.6,70.6,68.5,68.7,-1.9,27.0
6854,2024-08-16,14000.0,975700.0,69.1,70.0,69.1,69.8,1.1,13.0
6854,2024-08-19,28000.0,1937200.0,69.8,69.8,68.5,68.5,-1.3,19.0
6854,2024-08-20,96368.0,6736885.0,68.6,70.8,68.6,70.6,2.1,47.0
6854,2024-08-21,169616.0,12045244.0,70.7,73.0,69.8,72.0,1.4,98.0
6854,2024-08-22,43000.0,3091600.0,72.1,72.1,71.5,72.0,0.0,31.0
6854,2024-08-23,102100.0,7515750.0,72.0,75.0,71.5,74.9,2.9,71.0
6854,2024-08-26,94000.0,7058700.0,75.1,76.0,74.2,75.0,0.1,62.0
6854,2024-08-27,102000.0,7640500.0,75.0,75.2,74.6,74.8,-0.2,60.0
6854,2024-08-28,259882.0,19707037.0,75.5,77.4,75.0,77.2,2.4,108.0
6854,2024-08-29,87000.0,6695900.0,77.1,78.2,75.6,76.6,-0.6,73.0
6854,2024-08-30,90000.0,6820800.0,77.0,77.1,75.0,75.9,-0.7,55.0
6854,2024-09-02,31000.0,2322800.0,76.5,76.5,74.5,74.5,-1.4,28.0
6854,2024-09-03,30000.0,2256300.0,75.4,75.4,74.8,75.0,0.5,22.0
6854,2024-09-04,67050.0,4819455.0,74.0,74.4,70.8,70.8,-4.2,62.0
6854,2024-09-05,22000.0,1578300.0,71.3,72.9,71.3,71.4,0.6,21.0
6854,2024-09-06,14000.0,1013000.0,71.4,73.0,71.4,73.0,1.6,14.0
6854,2024-09-09,158000.0,11773700.0,72.5,76.0,72.5,75.3,2.3,126.0
6854,2024-09-10,46000.0,3469100.0,75.9,76.0,74.6,75.5,0.2,41.0
6854,2024-09-11,96000.0,7247300.0,75.9,76.2,74.0,75.0,-0.5,69.0
6854,2024-09-12,76150.0,5781900.0,75.6,76.5,75.3,76.5,1.5,67.0
6854,2024-09-13,172000.0,13422900.0,77.5,78.9,77.3,78.4,1.9,134.0
6854,2024-09-16,907054.0,78009953.0,78.6,86.2,78.6,86.2,7.8,433.0
6854,2024-09-18,611000.0,52921300.0,87.3,87.7,85.7,86.6,0.4,337.0
6854,2024-09-19,235020.0,20133306.0,87.0,87.0,83.6,85.3,-1.3,184.0
6854,2024-09-20,188000.0,15779700.0,85.7,85.7,81.5,85.2,-0.1,146.0
6854,2024-09-23,298300.0,25985680.0,85.2,88.5,85.2,87.0,1.8,217.0
6854,2024-09-24,156000.0,13613800.0,87.3,88.8,86.1,87.4,0.4,123.0
6854,2024-09-25,234021.0,21359532.0,89.0,93.1,89.0,92.2,4.8,189.0
6854,2024-09-26,104110.0,9530197.0,92.4,92.4,90.6,91.8,-0.4,92.0
6854,2024-09-27,133473.0,12545825.0,92.4,96.8,92.0,95.0,3.2,103.0
6854,2024-09-30,171527.0,16495355.0,96.5,97.2,95.0,96.8,1.8,122.0
6854,2024-10-01,290129.0,28765986.0,98.3,100.5,97.5,100.5,3.7,198.0
6854,2024-10-04,248000.0,24827600.0,101.0,102.5,98.7,99.6,-0.9,151.0
6854,2024-10-07,125043.0,12629500.0,99.7,103.0,98.9,101.0,1.4,87.0
6854,2024-10-08,196307.0,19431086.0,101.5,102.0,97.0,98.0,-3.0,138.0
6854,2024-10-09,717691.0,77026282.0,105.0,107.5,104.5,107.5,9.5,241.0
6854,2024-10-11,892730.0,105312140.0,118.0,118.0,116.0,118.0,10.5,352.0
6854,2024-10-14,1654269.0,203078663.0,123.5,128.5,116.5,128.5,10.5,841.0
6854,2024-10-15,785600.0,100857100.0,126.5,132.0,124.5,126.0,-2.5,442.0
6854,2024-10-16,1022091.0,141559601.0,138.5,138.5,138.5,138.5,12.5,290.0
6854,2024-10-17,1175014.0,164552460.0,136.5,145.0,132.5,141.5,3.0,635.0
6854,2024-10-18,740339.0,107951333.0,141.5,151.0,139.0,148.5,7.0,490.0
6854,2024-10-21,636351.0,97045703.0,148.5,155.0,148.5,155.0,6.5,521.0
6854,2024-10-22,391413.0,65216971.0,158.0,170.0,158.0,168.0,13.0,325.0
6854,2024-10-23,487086.0,79346416.0,171.0,173.5,156.0,156.0,-12.0,393.0
6854,2024-10-24,522704.0,80952600.0,158.5,160.0,150.0,150.5,-5.5,389.0
6854,2024-10-25,254585.0,39911845.0,155.0,160.0,154.0,157.0,6.5,227.0
6854,2024-10-28,210063.0,32750702.0,160.0,160.0,153.5,154.5,-2.5,175.0
6854,2024-10-29,201660.0,30608480.0,150.0,155.0,148.0,154.0,-0.5,167.0
6854,2024-10-30,126060.0,19374590.0,152.0,157.0,152.0,152.5,-1.5,103.0
6854,2024-11-01,156066.0,23498900.0,149.5,151.5,149.5,151.0,-1.5,120.0
6854,2024-11-04,243225.0,36706250.0,151.0,151.5,150.0,150.0,-1.0,200.0
6854,2024-11-05,939062.0,150338230.0,150.0,165.0,148.0,165.0,15.0,565.0
6854,2024-11-06,705090.0,112237090.0,167.0,167.5,149.0,151.0,-14.0,512.0
6854,2024-11-07,629600.0,99014300.0,150.5,166.0,145.0,166.0,15.0,397.0
6854,2024-11-08,671105.0,107983825.0,161.0,166.5,154.0,165.5,-0.5,504.0
6854,2024-11-11,515110.0,80990605.0,158.0,161.5,154.5,156.5,-9.0,356.0
6854,2024-11-12,415270.0,63897310.0,152.0,157.5,151.0,153.0,-3.5,272.0
6854,2024-11-13,323008.0,49291240.0,151.5,155.5,150.0,155.0,2.0,224.0
6854,2024-11-14,889222.0,128066080.0,155.0,155.0,139.5,139.5,-15.5,558.0
6854,2024-11-15,616286.0,83089396.0,139.0,139.0,130.0,138.0,-1.5,360.0
6854,2024-11-18,415466.0,56410410.0,135.5,140.0,131.5,135.0,-3.0,271.0
6854,2024-11-19,252170.0,33612950.0,137.5,137.5,130.5,134.5,-0.5,169.0
6854,2024-11-20,932225.0,117038575.0,135.0,135.0,121.5,126.5,-8.0,520.0
6854,2024-11-21,389042.0,49648376.0,126.0,132.5,122.5,126.5,0.0,209.0
6854,2024-11-22,1020025.0,138118975.0,129.0,139.0,128.0,139.0,12.5,420.0
6854,2024-11-25,512000.0,73702500.0,141.5,149.5,140.0,142.0,3.0,364.0
6854,2024-11-26,200050.0,28393750.0,141.5,145.5,140.0,140.0,-2.0,108.0
6854,2024-11-27,654530.0,95438585.0,147.0,152.0,142.0,144.5,4.5,299.0
6854,2024-11-28,407700.0,56202200.0,143.0,143.0,135.0,137.0,-7.5,237.0
6854,2024-11-29,256000.0,35361500.0,137.0,142.5,132.5,140.5,3.5,165.0
6854,2024-12-02,1215162.0,185396624.0,143.0,154.5,143.0,152.5,12.0,588.0
6854,2024-12-03,508050.0,77798675.0,153.0,156.0,150.0,154.5,2.0,299.0
6854,2024-12-04,609734.0,94664206.0,155.0,161.0,149.5,160.0,5.5,359.0
6854,2024-12-05,635140.0,99120489.0,163.0,163.0,149.5,153.0,-7.0,410.0
6854,2024-12-06,626720.0,93669800.0,153.0,154.0,144.0,149.0,-4.0,372.0
6854,2024-12-09,1847132.0,293891789.0,161.5,163.5,151.5,157.5,8.5,775.0
6854,2024-12-10,424045.0,65472862.0,158.0,159.5,151.0,152.5,-5.0,294.0
6854,2024-12-11,885401.0,140701962.0,152.0,165.5,149.0,165.0,12.5,529.0
6854,2024-12-12,595500.0,99713000.0,164.5,173.0,161.5,165.0,0.0,390.0
6854,2024-12-13,502401.0,83679967.0,166.0,171.0,161.0,168.0,3.0,348.0
6854,2024-12-16,719069.0,116229781.0,169.5,169.5,157.5,162.5,-5.5,430.0
6854,2024-12-17,786058.0,123102809.0,165.0,165.0,151.0,160.5,-2.0,532.0
6854,2024-12-18,765217.0,128231041.0,161.0,174.5,157.0,174.0,13.5,443.0
6854,2024-12-19,1123833.0,196195276.0,167.5,181.0,167.5,173.0,-1.0,614.0
6854,2024-12-20,404100.0,68020150.0,173.0,173.0,165.0,166.5,-6.5,279.0
6854,2024-12-23,209030.0,34779480.0,169.0,169.5,164.0,166.0,-0.5,164.0
6854,2024-12-24,302000.0,50724500.0,165.5,170.5,163.5,168.0,2.0,187.0
6854,2024-12-25,1458272.0,257888279.0,172.5,180.0,172.0,177.0,9.0,829.0
6854,2024-12-26,779097.0,134024328.0,177.0,179.0,166.5,173.5,-3.5,488.0
6854,2024-12-27,280400.0,47853100.0,173.5,174.0,168.5,171.0,-2.5,190.0
6854,2024-12-30,1615002.0,295562376.0,173.5,188.0,172.0,188.0,17.0,830.0
6854,2024-12-31,1373209.0,268486091.0,190.0,205.5,185.5,200.0,12.0,987.0
6854,2025-01-02,1824355.0,384385195.0,200.5,220.0,200.5,208.5,8.5,1212.0
6854,2025-01-03,774924.0,158238876.0,209.5,211.0,197.5,200.5,-8.0,609.0
6854,2025-01-06,1207677.0,250178227.0,204.0,212.0,200.5,212.0,11.5,1061.0
6854,2025-01-07,965792.0,201944712.0,214.0,216.0,203.5,207.0,-5.0,835.0
6854,2025-01-08,1388697.0,303888912.0,212.5,225.0,208.0,224.5,17.5,1097.0
6854,2025-01-09,1984506.0,412499250.0,203.5,219.0,202.5,208.0,-16.5,1751.0
6854,2025-01-10,780892.0,161406323.0,208.0,211.5,203.0,206.0,-2.0,807.0
6854,2025-01-13,1337939.0,261967705.0,201.0,204.0,188.0,200.0,-6.0,1165.0
6854,2025-01-14,708023.0,145019425.0,202.0,208.5,197.0,208.5,8.5,616.0
6854,2025-01-15,821442.0,170800487.0,209.0,213.0,202.5,213.0,4.5,685.0
6854,2025-01-16,901605.0,195209534.0,217.0,224.0,208.0,224.0,11.0,806.0
6854,2025-01-17,686708.0,148550094.0,221.0,222.5,213.0,213.5,-10.5,712.0
6854,2025-01-20,685685.0,150070961.0,216.0,224.5,211.0,216.5,3.0,651.0
6854,2025-01-21,320341.0,68725911.0,217.0,217.5,212.0,214.5,-2.0,362.0
6854,2025-01-22,298910.0,63932753.0,214.5,217.5,211.5,213.0,-1.5,381.0
6854,2025-02-03,610491.0,125290390.0,201.5,210.0,201.5,209.5,-3.5,576.0
6854,2025-02-04,628795.0,126366387.0,211.0,211.0,198.0,198.0,-11.5,711.0
6854,2025-02-05,230393.0,46467472.0,200.0,204.5,198.0,203.0,5.0,250.0
6854,2025-02-06,391429.0,78706453.0,199.0,207.0,198.0,199.0,-4.0,394.0
6854,2025-02-07,297501.0,59462789.0,199.5,203.5,198.0,199.0,0.0,306.0
6854,2025-02-10,589699.0,115617069.0,198.0,199.5,193.0,198.5,-0.5,536.0
6854,2025-02-11,1329147.0,284484363.0,201.0,218.0,201.0,218.0,19.5,907.0
6854,2025-02-12,1671066.0,396292883.0,229.5,239.5,226.5,239.5,21.5,1523.0
6854,2025-02-13,1826852.0,459347611.0,241.5,262.0,241.5,261.5,22.0,1926.0
6854,2025-02-14,1043842.0,265868029.0,257.0,262.0,245.5,257.0,-4.5,1173.0
6854,2025-02-17,501786.0,131290373.0,260.0,270.0,255.0,257.0,0.0,637.0
6854,2025-02-18,484626.0,122064854.0,257.0,264.5,246.0,246.0,-11.0,613.0
6854,2025-02-19,403804.0,102743610.0,249.5,258.0,248.0,256.0,10.0,457.0
6854,2025-02-20,570191.0,150468986.0,261.0,272.0,252.5,267.5,11.5,673.0
6854,2025-02-21,1510495.0,380353415.0,267.0,277.5,241.0,247.5,-20.0,1655.0
6854,2025-02-24,547424.0,134740494.0,238.0,254.0,238.0,252.0,4.5,584.0
6854,2025-02-25,213050.0,52959033.0,246.5,252.0,246.0,246.5,-5.5,319.0
6854,2025-02-26,343880.0,85474080.0,249.0,253.5,245.0,250.0,3.5,409.0
6854,2025-02-27,594545.0,143864171.0,251.0,251.0,235.5,235.5,-14.5,707.0
6854,2025-03-03,1138170.0,245787047.0,213.5,222.0,213.0,213.0,0.0,1280.0
6854,2025-03-04,844600.0,178773374.0,210.0,219.0,202.0,216.0,3.0,879.0
6854,2025-03-05,700272.0,155956082.0,216.0,227.5,213.5,223.0,7.0,697.0
6854,2025-03-06,653627.0,142815114.0,224.0,227.0,211.5,214.0,-9.0,734.0
6854,2025-03-07,1605955.0,325787838.0,212.0,217.5,195.0,200.0,-14.0,2107.0
6854,2025-03-10,1116411.0,218115392.0,195.0,200.5,191.5,195.0,-5.0,933.0
6854,2025-03-11,800363.0,152058791.0,189.5,193.0,187.0,190.0,-5.0,825.0
6854,2025-03-12,520191.0,101346622.0,193.0,198.5,192.0,193.0,3.0,589.0
6854,2025-03-13,434745.0,83646957.0,194.0,197.0,189.0,190.0,-3.0,576.0
6854,2025-03-14,891417.0,171862358.0,190.0,198.0,189.0,192.5,2.5,777.0
6854,2025-03-17,388122.0,74697476.0,193.0,195.0,191.0,192.5,0.0,402.0
6854,2025-03-18,427248.0,82190128.0,193.0,194.0,191.0,191.0,-1.5,421.0
6854,2025-03-19,1184485.0,241058207.0,191.0,209.0,191.0,207.0,16.0,3175.0
6854,2025-03-20,933726.0,193389094.0,209.5,214.0,202.0,204.0,-3.0,1400.0
6854,2025-03-21,980684.0,192883200.0,201.0,204.0,192.0,193.0,-11.0,1058.0
6854,2025-03-24,599382.0,115436788.0,193.5,196.5,190.0,191.0,-2.0,571.0
6854,2025-03-25,682251.0,134138102.0,195.5,201.5,192.0,198.0,7.0,622.0
6854,2025-03-26,742633.0,144410007.0,200.0,200.0,192.0,195.5,-2.5,706.0
6854,2025-03-27,2186575.0,423834422.0,195.5,195.5,190.0,191.0,-4.5,1135.0
6854,2025-03-28,2439095.0,434617075.0,192.5,192.5,172.0,174.0,-17.0,2275.0
6854,2025-03-31,554531.0,88050490.0,160.0,165.0,157.0,157.0,-17.0,621.0
6854,2025-04-01,2217357.0,320779115.0,141.5,151.0,141.5,145.5,-11.5,1853.0
6854,2025-04-02,1247900.0,179981174.0,145.5,150.5,135.5,150.0,4.5,1102.0
6854,2025-04-07,41162.0,5556870.0,135.0,135.0,135.0,135.0,-15.0,88.0
6854,2025-04-08,2508361.0,319044515.0,126.0,133.5,121.5,131.0,-4.0,1518.0
6854,2025-04-09,1282034.0,152972237.0,125.5,126.5,118.0,118.0,-13.0,761.0
6854,2025-04-10,130359.0,16881484.0,129.5,129.5,129.5,129.5,11.5,116.0
6854,2025-04-11,1461875.0,194439349.0,118.0,141.0,118.0,139.5,10.0,1214.0
6854,2025-04-14,983148.0,142040758.0,142.5,149.5,139.0,143.0,3.5,743.0
6854,2025-04-15,938955.0,143646957.0,145.0,157.0,145.0,154.5,11.5,1341.0
6854,2025-04-16,667304.0,101331731.0,151.0,155.5,149.5,151.5,-3.0,625.0
6854,2025-04-17,855153.0,127909285.0,156.5,158.0,144.0,148.5,-3.0,880.0
6854,2025-04-18,349424.0,50550043.0,148.5,149.0,141.5,146.0,-2.5,686.0
6854,2025-04-21,361338.0,50221112.0,141.0,145.0,136.0,137.0,-9.0,408.0
6854,2025-04-22,458448.0,60445062.0,132.5,137.0,128.5,129.5,-7.5,571.0
6854,2025-04-23,586873.0,81330413.0,136.0,142.0,132.5,142.0,12.5,368.0
6854,2025-04-24,398101.0,58069827.0,146.0,148.5,142.5,143.5,1.5,394.0
6854,2025-04-25,1219851.0,186231540.0,150.5,157.5,145.0,145.0,1.5,1373.0
6854,2025-04-28,255317.0,37390043.0,146.0,149.0,145.0,146.0,1.0,342.0
6854,2025-04-29,308522.0,46543286.0,145.0,153.5,144.0,153.0,7.0,336.0
6854,2025-04-30,327021.0,49227106.0,153.0,156.0,146.5,147.0,-6.0,367.0
6854,2025-05-02,304891.0,45454173.0,152.0,152.5,147.0,147.0,0.0,287.0
6854,2025-05-05,982937.0,132938581.0,147.5,147.5,132.5,138.0,-9.0,825.0
6854,2025-05-06,439668.0,62436083.0,136.5,147.0,135.5,142.0,4.0,494.0
6854,2025-05-07,306964.0,42535600.0,142.0,142.0,137.0,137.0,-5.0,241.0
6854,2025-05-08,271319.0,38085206.0,139.5,145.0,137.0,139.0,2.0,252.0
6854,2025-05-09,347251.0,47626879.0,137.5,139.5,133.5,139.0,0.0,359.0
6854,2025-05-12,716495.0,106476030.0,139.0,152.5,137.5,152.5,13.5,557.0
6854,2025-05-13,956509.0,149080005.0,164.0,164.0,151.5,152.0,-0.5,808.0
6854,2025-05-14,417170.0,64420396.0,154.0,158.5,151.5,156.0,4.0,559.0
6854,2025-05-15,276851.0,42102095.0,152.5,156.5,150.5,151.0,-5.0,439.0
6854,2025-05-16,176035.0,26437479.0,151.0,153.0,148.5,149.0,-2.0,585.0
6854,2025-05-19,436859.0,65788446.0,149.5,153.5,147.0,152.0,3.0,417.0
6854,2025-05-20,343355.0,53249282.0,152.0,157.5,152.0,155.0,3.0,347.0
6854,2025-05-21,638340.0,100859635.0,152.5,161.0,152.5,159.0,4.0,688.0
6854,2025-05-22,625163.0,99243482.0,159.5,161.5,154.0,160.0,1.0,614.0
6854,2025-05-23,501136.0,80488442.0,162.5,165.0,158.0,159.0,-1.0,505.0
6854,2025-05-26,356053.0,55769527.0,158.0,158.0,154.0,157.0,-2.0,404.0
6854,2025-05-27,441557.0,69084807.0,157.0,158.5,154.0,155.0,-2.0,338.0
6854,2025-05-28,437365.0,65891451.0,158.5,158.5,147.0,148.0,-7.0,515.0
6854,2025-05-29,337026.0,49496579.0,153.5,153.5,143.5,145.0,-3.0,413.0
6854,2025-06-02,280726.0,39209755.0,140.0,143.0,137.0,140.0,-5.0,300.0
6854,2025-06-03,111117.0,15566140.0,143.0,143.0,139.0,140.0,0.0,147.0
6854,2025-06-04,159901.0,22468579.0,140.0,142.0,138.5,139.5,-0.5,195.0
6854,2025-06-05,257342.0,35625455.0,140.0,141.5,136.5,138.0,-1.5,262.0
6854,2025-06-06,92552.0,12791467.0,136.5,139.0,136.5,138.5,0.5,121.0
6854,2025-06-09,368874.0,52246200.0,136.0,146.0,136.0,141.0,2.5,348.0
6854,2025-06-10,749231.0,111854106.0,139.0,153.0,139.0,150.0,9.0,661.0
6854,2025-06-11,353952.0,53176468.0,149.5,152.5,147.0,150.0,0.0,447.0
6854,2025-06-12,455065.0,66809180.0,148.5,152.5,140.5,144.0,-6.0,1584.0
6854,2025-06-13,2024477.0,268228847.0,141.0,142.5,130.0,130.0,-14.0,1866.0
6854,2025-06-16,480167.0,62717827.0,130.0,133.5,126.0,131.0,1.0,453.0
6854,2025-06-17,524644.0,71703626.0,132.0,140.0,131.5,139.0,8.0,641.0
6854,2025-06-18,221089.0,30175922.0,139.0,139.0,135.0,135.5,-3.5,454.0
6854,2025-06-19,411832.0,56724885.0,134.0,141.0,134.0,139.0,3.5,428.0
6854,2025-06-20,2755445.0,416902057.0,138.5,152.5,138.5,152.5,13.5,2674.0
6854,2025-06-23,1428469.0,219627620.0,149.0,158.0,149.0,155.5,3.0,1765.0
6854,2025-06-24,1576818.0,251732924.0,155.5,165.0,151.5,163.0,7.5,1859.0
6854,2025-06-25,2139838.0,370029483.0,166.5,179.0,162.0,178.5,15.5,3389.0
6854,2025-06-26,1605356.0,288716276.0,178.5,183.5,176.0,181.5,3.0,1427.0
6854,2025-06-27,2519307.0,482988645.0,182.0,199.5,179.5,197.0,15.5,4201.0
6854,2025-06-30,1364701.0,264487802.0,197.0,199.0,189.5,195.0,-2.0,1237.0
6854,2025-07-01,1328543.0,257623395.0,189.0,200.0,188.5,190.5,-4.5,3588.0
6854,2025-07-02,1153994.0,215085685.0,187.0,193.0,182.0,185.5,-5.0,2712.0
6854,2025-07-03,849056.0,156368990.0,188.5,189.0,180.0,186.0,0.5,1263.0
6854,2025-07-04,468122.0,87283405.0,185.5,190.0,180.5,186.0,0.0,883.0
6854,2025-07-07,1121847.0,196705804.0,183.5,186.5,169.0,177.0,-9.0,1084.0
6854,2025-07-08,518401.0,89978003.0,177.5,177.5,169.5,176.5,-0.5,563.0
6854,2025-07-09,331503.0,58492758.0,173.5,179.0,173.0,175.5,-1.0,1685.0
6854,2025-07-10,442255.0,76994454.0,177.0,177.0,172.0,174.0,-1.5,985.0
6854,2025-07-11,576855.0,98653210.0,173.0,174.0,170.0,171.0,-3.0,458.0
6854,2025-07-14,582375.0,97823937.0,171.0,174.0,165.0,165.0,-6.0,574.0
6854,2025-07-15,422945.0,70619034.0,163.5,170.0,163.5,166.0,1.0,848.0
6854,2025-07-16,474111.0,79695094.0,166.0,171.0,165.0,169.0,3.0,845.0
6854,2025-07-17,342183.0,57723213.0,169.0,171.5,167.0,167.5,-1.5,435.0
6854,2025-07-18,397594.0,66809702.0,167.5,170.5,166.0,167.5,0.0,343.0
6854,2025-07-21,328751.0,54304210.0,166.5,166.5,164.0,165.0,-2.5,312.0
6854,2025-07-22,932934.0,154820995.0,166.0,174.0,159.0,159.0,-6.0,1196.0
6854,2025-07-23,428408.0,67617483.0,160.0,161.0,155.5,157.5,-1.5,493.0
6854,2025-07-24,460699.0,71695354.0,159.5,161.0,152.5,153.5,-4.0,536.0
6854,2025-07-25,267307.0,40743914.0,155.0,155.0,151.0,152.0,-1.5,308.0
6854,2025-07-28,561624.0,87207772.0,152.0,158.5,151.0,155.0,3.0,447.0
6854,2025-07-29,733211.0,112910869.0,164.5,164.5,149.5,150.0,-5.0,703.0
6854,2025-07-30,309445.0,45665562.0,152.0,152.0,146.0,148.5,-1.5,359.0
6854,2025-07-31,726455.0,104649970.0,146.5,148.0,141.5,143.0,-5.5,674.0
6854,2025-08-01,410113.0,59261475.0,142.0,148.0,140.0,147.5,4.5,426.0
6854,2025-08-04,354248.0,51369329.0,144.5,147.5,143.0,145.0,-2.5,315.0
6854,2025-08-05,314989.0,45869706.0,146.0,149.0,143.5,146.0,1.0,316.0
6854,2025-08-06,235344.0,33664545.0,146.0,146.0,142.0,143.0,-3.0,301.0
6854,2025-08-07,341982.0,50088282.0,145.5,148.0,143.0,148.0,5.0,307.0
6854,2025-08-08,632008.0,90601760.0,148.0,148.0,142.0,142.5,-5.5,579.0
6854,2025-08-11,495593.0,68449809.0,140.5,142.5,133.0,141.0,-1.5,508.0
6854,2025-08-12,289863.0,41241029.0,139.5,144.5,139.0,141.0,0.0,874.0
6854,2025-08-13,623844.0,90764136.0,142.0,149.5,142.0,147.0,6.0,574.0
6854,2025-08-14,423574.0,62244149.0,147.0,149.0,144.0,147.0,0.0,582.0
6854,2025-08-15,1450098.0,227015577.0,145.0,161.5,145.0,161.5,14.5,2022.0
6854,2025-08-18,1250603.0,201789731.0,166.0,166.0,157.0,164.0,2.5,1432.0
6854,2025-08-19,1197783.0,195918338.0,164.0,167.5,159.0,165.5,1.5,2167.0
6854,2025-08-20,864462.0,140129013.0,164.5,165.0,159.0,159.5,-6.0,805.0
6854,2025-08-21,1038934.0,171303316.0,160.0,170.0,160.0,167.0,7.5,3018.0
6854,2025-08-22,1539641.0,264577990.0,173.0,178.5,166.0,168.0,1.0,2851.0
6854,2025-08-25,889090.0,149950358.0,171.0,172.5,163.5,169.0,1.0,2156.0
6854,2025-08-26,973802.0,165230010.0,167.0,175.0,164.0,172.0,3.0,1800.0
6854,2025-08-27,635874.0,110024340.0,170.0,176.0,169.5,173.0,1.0,1949.0
6854,2025-08-28,446888.0,76700478.0,171.0,175.0,170.0,171.5,-1.5,1018.0
6854,2025-08-29,564369.0,96571885.0,172.0,172.5,169.5,171.5,0.0,503.0
6854,2025-09-01,840297.0,143592077.0,171.5,176.0,165.0,166.5,-5.0,2144.0
6854,2025-09-02,2247464.0,404795898.0,168.5,183.0,168.5,183.0,16.5,2287.0
6854,2025-09-03,1383373.0,251908587.0,183.0,190.5,176.0,180.0,-3.0,1303.0
6854,2025-09-04,1213847.0,208412677.0,180.0,180.5,166.0,166.0,-14.0,1403.0
6854,2025-09-05,409767.0,68392677.0,167.5,169.5,164.5,167.5,1.5,907.0
6854,2025-09-08,540180.0,90422507.0,167.5,170.5,164.5,167.5,0.0,541.0
6854,2025-09-09,645135.0,107565801.0,166.0,169.5,165.0,168.0,0.5,542.0
6854,2025-09-10,1208188.0,197281899.0,169.0,169.5,159.5,160.0,-8.0,1815.0
6854,2025-09-11,499394.0,78757615.0,161.0,161.0,155.0,156.0,-4.0,572.0
6854,2025-09-12,548275.0,87266997.0,161.0,165.5,154.5,154.5,-1.5,569.0
6854,2025-09-15,474489.0,72081571.0,154.5,154.5,150.0,150.0,-4.5,503.0
6854,2025-09-16,707617.0,113811150.0,151.5,165.0,151.5,165.0,15.0,565.0
6854,2025-09-17,630668.0,103864649.0,165.0,168.5,161.0,163.5,-1.5,1216.0
6854,2025-09-18,311681.0,50372792.0,166.5,166.5,160.0,160.5,-3.0,566.0
6854,2025-09-19,300081.0,48293761.0,160.5,162.5,158.5,158.5,-2.0,311.0
6854,2025-09-22,325749.0,51444495.0,164.0,164.0,155.5,156.5,-2.0,342.0
6854,2025-09-23,302726.0,48231519.0,159.0,161.5,156.5,158.5,2.0,280.0
6854,2025-09-24,230184.0,36169269.0,159.0,159.0,156.0,157.0,-1.5,458.0
6854,2025-09-25,316763.0,50380783.0,157.5,162.5,156.0,156.0,-1.0,434.0
6854,2025-09-26,307254.0,46838939.0,156.0,156.0,150.5,152.5,-3.5,577.0
6854,2025-09-30,145994.0,22418214.0,152.0,155.5,151.5,153.5,1.0,350.0
6854,2025-10-01,268481.0,42185201.0,154.0,161.0,154.0,155.0,1.5,305.0
6854,2025-10-02,248304.0,38030668.0,156.0,156.5,151.5,152.5,-2.5,298.0
6854,2025-10-03,206348.0,31383953.0,152.5,155.5,151.5,153.0,0.5,208.0
6854,2025-10-07,355496.0,54341127.0,152.5,156.5,149.5,154.0,1.0,433.0
6854,2025-10-08,163139.0,24971414.0,152.0,155.5,151.5,153.0,-1.0,404.0
6854,2025-10-09,215127.0,32717502.0,154.0,156.0,150.0,150.0,-3.0,265.0
6854,2025-10-13,316559.0,45640053.0,142.0,146.5,142.0,144.0,-6.0,402.0
6854,2025-10-14,343684.0,49871472.0,148.5,148.5,141.5,143.0,-1.0,342.0
6854,2025-10-15,127677.0,18472288.0,148.5,148.5,143.0,145.0,2.0,357.0
6854,2025-10-16,196765.0,28859938.0,147.0,149.0,145.0,146.0,1.0,151.0
6854,2025-10-17,193669.0,28598204.0,148.0,151.0,145.0,146.5,0.5,180.0
6854,2025-10-20,155692.0,23041256.0,148.0,150.0,145.0,147.5,1.0,136.0
6854,2025-10-21,276779.0,42680767.0,149.5,159.5,149.5,151.5,4.0,389.0
6854,2025-10-22,449291.0,70878558.0,151.5,161.5,151.5,158.0,6.5,649.0
6854,2025-10-23,278996.0,43316305.0,158.0,158.0,153.5,154.0,-4.0,966.0
6854,2025-10-27,155705.0,24002852.0,159.0,159.0,152.0,155.0,1.0,147.0
6854,2025-10-28,152549.0,23364096.0,157.0,157.0,152.0,153.0,-2.0,161.0
6854,2025-10-29,166716.0,25852620.0,153.5,159.5,153.0,153.5,0.5,413.0
6854,2025-10-30,250031.0,38535938.0,158.0,158.0,153.0,153.5,0.0,305.0
6854,2025-10-31,131783.0,20140378.0,153.5,155.0,152.0,152.5,-1.0,179.0
6854,2025-11-03,260327.0,40100291.0,153.0,156.5,151.5,153.0,0.5,222.0
6854,2025-11-04,319968.0,48195161.0,154.5,154.5,147.5,147.5,-5.5,333.0
6854,2025-11-05,210883.0,30625453.0,146.0,148.0,142.0,145.5,-2.0,264.0
6854,2025-11-06,132401.0,19374045.0,146.5,148.0,145.0,146.5,1.0,234.0
6854,2025-11-07,321615.0,48830148.0,148.0,155.0,148.0,152.0,5.5,657.0
6854,2025-11-10,439576.0,64886780.0,151.0,151.0,145.0,147.5,-4.5,834.0
6854,2025-11-11,227652.0,33698562.0,148.0,150.5,146.0,146.5,-1.0,467.0
6854,2025-11-12,372235.0,53893915.0,147.5,147.5,143.0,143.5,-3.0,615.0
6854,2025-11-13,389328.0,55888406.0,143.0,145.0,142.5,144.0,0.5,286.0
6854,2025-11-14,561616.0,78373255.0,142.0,142.0,138.5,138.5,-5.5,466.0
6854,2025-11-17,272663.0,37711767.0,139.0,139.5,137.0,137.0,-1.5,239.0
6854,2025-11-18,742084.0,98693014.0,138.5,140.0,129.0,129.5,-7.5,610.0
6854,2025-11-19,348451.0,44943147.0,128.5,131.5,127.0,128.0,-1.5,479.0
6854,2025-11-20,186091.0,24527209.0,130.0,134.0,130.0,132.5,4.5,195.0
6854,2025-11-21,214252.0,27410345.0,131.5,131.5,126.0,127.0,-5.5,333.0
6854,2025-11-24,167323.0,21585232.0,131.0,131.0,127.5,129.5,2.5,137.0
6854,2025-11-25,271287.0,35132822.0,130.0,130.5,128.5,129.0,-0.5,229.0
6854,2025-11-26,247235.0,32050472.0,129.5,130.5,129.0,130.0,1.0,205.0
6854,2025-11-27,330735.0,42917227.0,131.0,131.0,128.5,130.5,0.5,422.0
6854,2025-11-28,497489.0,67042777.0,130.5,139.0,130.5,132.0,1.5,443.0
6854,2025-12-01,224278.0,28993297.0,132.0,132.0,128.0,128.5,-3.5,263.0
6854,2025-12-02,452432.0,57462772.0,130.0,130.0,125.5,126.5,-2.0,328.0
6854,2025-12-03,620977.0,83545571.0,126.5,138.5,126.5,134.0,7.5,679.0
6854,2025-12-04,419351.0,56905542.0,134.0,139.5,132.5,132.5,-1.5,632.0
6854,2025-12-05,397193.0,51264415.0,133.0,134.0,127.5,128.5,-4.0,453.0
6854,2025-12-08,177073.0,22723610.0,128.5,129.0,128.0,128.5,0.0,171.0
6854,2025-12-09,622357.0,80416249.0,129.5,134.5,126.5,127.5,-1.0,537.0
6854,2025-12-10,178675.0,23183413.0,128.5,131.0,128.0,129.5,2.0,175.0
6854,2025-12-11,489786.0,66078459.0,131.0,138.0,130.0,138.0,8.5,635.0
6854,2025-12-12,343606.0,45825547.0,136.5,136.5,131.0,132.0,-6.0,693.0
6854,2025-12-15,120089.0,15660102.0,130.0,131.5,128.5,131.0,-1.0,137.0
6854,2025-12-16,205213.0,26816873.0,131.0,133.5,129.5,133.0,2.0,182.0
6854,2025-12-17,240342.0,32136142.0,133.5,136.5,131.0,131.0,-2.0,548.0
6854,2025-12-18,155139.0,20085553.0,131.0,131.0,128.5,129.0,-2.0,202.0
6854,2025-12-19,144414.0,18989299.0,130.0,134.0,129.5,134.0,5.0,135.0
6854,2025-12-22,252584.0,33189795.0,134.5,134.5,129.5,131.0,-3.0,289.0
6854,2025-12-23,154652.0,20018509.0,131.0,131.0,128.5,129.5,-1.5,197.0
6854,2025-12-24,146225.0,19102418.0,130.0,132.0,129.5,130.0,0.5,150.0
6854,2025-12-26,148207.0,19213242.0,130.5,131.0,129.0,129.5,-0.5,417.0
6854,2025-12-29,465649.0,62260521.0,130.0,135.5,130.0,135.0,5.5,502.0
6854,2025-12-30,238564.0,31533143.0,134.0,134.5,130.0,134.5,-0.5,990.0
6854,2025-12-31,186029.0,24876760.0,135.0,135.0,132.0,134.5,0.0,417.0
6854,2026-01-02,323661.0,42280574.0,134.0,134.0,129.0,131.0,-3.5,1018.0
6854,2026-01-05,396879.0,50904680.0,130.5,130.5,127.0,129.0,-2.0,405.0
6854,2026-01-06,245786.0,31799534.0,128.5,131.5,127.0,129.0,0.0,210.0
6854,2026-01-07,781306.0,106139245.0,130.5,141.5,128.0,137.5,8.5,1070.0
6854,2026-01-08,315356.0,42495966.0,138.0,139.0,131.5,132.0,-5.5,993.0
6854,2026-01-09,599763.0,75969573.0,131.0,131.0,124.0,126.0,-6.0,620.0
6854,2026-01-12,514423.0,64072139.0,127.0,128.0,121.5,123.0,-3.0,553.0
6854,2026-01-13,714013.0,87450924.0,125.5,126.0,119.0,123.5,0.5,660.0
6854,2026-01-14,1598999.0,210834285.0,126.0,135.5,125.0,132.5,9.0,1248.0
6854,2026-01-15,768757.0,97019842.0,130.0,131.0,123.0,124.5,-8.0,753.0
6854,2026-01-16,450016.0,55224657.0,126.0,126.5,121.0,123.0,-1.5,470.0
6854,2026-01-19,433625.0,54281123.0,123.0,127.5,121.5,125.0,2.0,320.0
6854,2026-01-20,561126.0,68791150.0,125.5,125.5,121.5,121.5,-3.5,505.0
6854,2026-01-21,1358541.0,157199053.0,120.5,121.0,112.0,112.5,-9.0,1340.0
6854,2026-01-22,495033.0,56313219.0,114.0,117.5,111.5,112.0,-0.5,557.0
6854,2026-01-23,496315.0,55302510.0,113.0,114.0,109.5,111.5,-0.5,554.0
6854,2026-01-26,1087960.0,128072542.0,113.0,122.5,111.0,121.0,9.5,1196.0
6854,2026-01-27,1234897.0,150899642.0,125.0,128.5,116.0,120.0,-1.0,1071.0
6854,2026-01-28,1077887.0,136038278.0,121.0,131.0,120.5,127.0,7.0,968.0
6854,2026-01-29,492291.0,61498542.0,131.0,131.0,122.0,123.5,-3.5,701.0
6854,2026-01-30,350026.0,42243391.0,123.5,123.5,119.0,121.0,-2.5,332.0
6854,2026-02-02,420779.0,49049694.0,119.0,119.0,114.5,117.5,-3.5,394.0
6854,2026-02-03,336079.0,40655627.0,119.0,123.0,119.0,120.0,2.5,312.0
6854,2026-02-04,348067.0,43074247.0,121.0,125.5,119.5,123.5,3.5,423.0
6854,2026-02-05,384935.0,48416950.0,122.0,128.0,122.0,124.5,1.0,375.0
6854,2026-02-06,435346.0,52269450.0,123.0,123.0,118.0,119.5,-5.0,828.0
6854,2026-02-09,618694.0,78219430.0,124.0,128.0,123.5,125.5,6.0,553.0
6854,2026-02-10,723216.0,84535093.0,116.5,119.5,114.5,116.5,-9.0,1613.0
6854,2026-02-11,184514.0,21611853.0,116.5,119.0,116.5,117.5,1.0,230.0
6854,2026-02-23,977123.0,123460146.0,120.0,129.0,119.0,129.0,11.5,1446.0
6854,2026-02-24,1117391.0,149173895.0,131.0,136.5,130.0,132.0,3.0,993.0
6854,2026-02-25,1017616.0,144343026.0,134.0,145.0,133.0,145.0,13.0,881.0
6854,2026-02-26,2121144.0,321010013.0,149.5,157.0,144.5,151.5,6.5,2199.0
6854,2026-03-02,1397100.0,205536308.0,147.0,152.5,143.0,143.0,-8.5,2193.0
6854,2026-03-03,942556.0,131965647.0,145.0,148.0,137.0,137.5,-5.5,787.0
6854,2026-03-04,799989.0,104981872.0,135.0,135.5,128.5,131.0,-6.5,574.0
6854,2026-03-05,576763.0,78214324.0,136.0,139.5,132.5,133.0,2.0,547.0
6854,2026-03-06,399570.0,53944426.0,136.0,138.5,133.0,135.0,2.0,380.0
6854,2026-03-09,698984.0,87816231.0,122.0,127.5,122.0,127.0,-8.0,580.0
6854,2026-03-10,278660.0,35904776.0,129.0,132.0,125.0,130.0,3.0,319.0
6854,2026-03-11,1077152.0,146209456.0,132.0,139.0,131.0,135.0,5.0,927.0
6854,2026-03-12,1532440.0,217188906.0,137.0,148.0,134.0,143.5,8.5,1981.0
6854,2026-03-13,1529406.0,223103050.0,141.5,151.5,140.0,143.5,0.0,1659.0
6854,2026-03-16,752814.0,105455581.0,143.5,143.5,138.0,139.0,-4.5,817.0
6854,2026-03-17,531977.0,74780824.0,140.5,145.0,138.0,138.5,-0.5,578.0
6854,2026-03-18,647535.0,90091235.0,140.0,142.5,136.5,140.5,2.0,667.0
6854,2026-03-19,693376.0,95957871.0,141.0,144.0,135.0,135.0,-5.5,889.0
6854,2026-03-20,1995375.0,289571705.0,137.0,148.5,136.0,143.5,8.5,2286.0
6854,2026-03-23,1314969.0,187142456.0,140.0,148.5,138.0,141.5,-2.0,1963.0
6854,2026-03-24,1176236.0,166025052.0,145.0,150.0,135.0,138.5,-3.0,1545.0
6854,2026-03-25,2349152.0,352919669.0,143.5,152.0,142.0,152.0,13.5,1583.0
6854,2026-03-26,2819898.0,442794761.0,159.5,164.0,152.5,152.5,0.5,3155.0
6854,2026-03-27,1420807.0,218419433.0,149.5,157.5,148.0,153.5,1.0,1613.0
6854,2026-03-30,1452603.0,217355150.0,152.0,156.5,145.0,146.0,-7.5,1704.0
6854,2026-03-31,1330200.0,185060679.0,144.5,144.5,135.0,136.5,-9.5,1292.0
6854,2026-04-01,660819.0,93868092.0,139.5,145.5,139.5,141.0,4.5,677.0
6854,2026-04-02,600835.0,84056738.0,142.0,142.5,138.0,139.0,-2.0,738.0
6854,2026-04-07,608329.0,84740767.0,141.0,143.0,137.0,138.0,-1.0,624.0
6854,2026-04-08,517468.0,72912666.0,142.0,142.5,139.5,141.5,3.5,539.0
6854,2026-04-09,592136.0,82980172.0,141.5,142.5,138.5,139.5,-2.0,682.0
6854,2026-04-10,629197.0,86681242.0,141.5,142.0,136.0,137.5,-2.0,686.0
6854,2026-04-13,1561736.0,230113953.0,139.0,151.0,138.0,148.0,10.5,1973.0
6854,2026-04-14,1747803.0,271830425.0,153.0,160.0,150.5,157.0,9.0,1925.0
6854,2026-04-15,1168831.0,186628671.0,165.0,166.0,154.0,157.5,0.5,1755.0
6854,2026-04-16,717626.0,110352488.0,158.0,158.0,152.0,153.5,-4.0,1505.0
6854,2026-04-17,2008834.0,327838852.0,153.5,167.5,153.5,167.5,14.0,3298.0
6854,2026-04-20,2390529.0,425865222.0,172.0,184.0,170.0,184.0,16.5,6266.0
6854,2026-04-21,2989700.0,571164000.0,192.5,197.5,185.5,190.5,6.5,4322.0
6854,2026-04-22,1763104.0,335992220.0,193.5,196.0,185.5,187.0,-3.5,3643.0
6854,2026-04-23,3016130.0,530111941.0,189.0,190.0,168.5,171.5,-15.5,3106.0
6854,2026-04-24,1343944.0,231890575.0,175.5,181.0,167.5,169.5,-2.0,2628.0
6854,2026-04-27,1815157.0,283205091.0,167.5,167.5,153.0,154.5,-15.0,1723.0
6854,2026-04-28,672480.0,104609894.0,154.5,159.0,151.0,156.5,2.0,764.0
6854,2026-04-29,450835.0,70271278.0,158.5,158.5,153.5,155.0,-1.5,659.0
6854,2026-04-30,491639.0,76996401.0,155.5,160.0,154.5,155.5,0.5,578.0
6854,2026-05-04,547830.0,84908499.0,155.5,157.5,152.0,156.0,0.5,680.0
6854,2026-05-05,601943.0,95383848.0,158.0,162.0,155.5,159.5,3.5,692.0
6854,2026-05-06,733138.0,115116909.0,164.0,164.0,153.5,154.0,-5.5,825.0
6854,2026-05-07,525293.0,81846974.0,154.5,161.5,153.0,153.5,-0.5,616.0
6854,2026-05-08,906397.0,134615523.0,155.0,155.0,145.0,147.0,-6.5,1093.0
6854,2026-05-11,529994.0,76808148.0,147.5,147.5,143.0,145.5,-1.5,599.0
6854,2026-05-12,807819.0,120739998.0,146.5,154.0,146.5,147.5,2.0,964.0
6854,2026-05-13,529253.0,76829923.0,149.5,149.5,144.0,144.5,-3.0,727.0
6854,2026-05-14,526896.0,77162655.0,145.0,148.0,145.0,147.0,2.5,455.0
6854,2026-05-15,1002489.0,151779749.0,147.5,156.5,147.5,148.5,1.5,1004.0
6854,2026-05-18,696410.0,101599169.0,150.0,150.5,143.0,150.5,2.0,930.0
6854,2026-05-19,674778.0,102598619.0,148.5,156.5,148.0,149.5,-1.0,743.0
6854,2026-05-20,763181.0,113023062.0,148.0,152.5,145.0,145.5,-4.0,880.0
6854,2026-05-21,1239834.0,194245041.0,148.5,160.0,148.0,158.5,13.0,1272.0
6854,2026-05-22,1261165.0,208362149.0,160.0,170.0,157.5,169.5,11.0,2787.0
6854,2026-05-25,1529494.0,269051740.0,172.0,179.0,170.5,172.5,3.0,4915.0
6854,2026-05-26,2051710.0,335162396.0,173.0,175.0,156.0,160.0,-12.5,4371.0
6854,2026-05-27,1119282.0,175719032.0,161.5,165.0,151.5,155.5,-4.5,1097.0
6854,2026-05-28,927419.0,145354354.0,156.0,164.0,150.5,152.0,-3.5,2222.0
6854,2026-05-29,518681.0,79022958.0,156.5,158.0,151.0,151.5,-0.5,924.0
6854,2026-06-01,967441.0,143002101.0,152.0,152.0,146.0,148.0,-3.5,1248.0
6854,2026-06-02,660047.0,95396185.0,148.0,148.0,142.5,143.5,-4.5,793.0
6854,2026-06-03,653839.0,93076734.0,144.0,146.0,140.5,141.5,-2.0,769.0
6854,2026-06-04,480805.0,68136038.0,141.0,145.5,139.0,143.5,2.0,521.0
6854,2026-06-05,433795.0,60759246.0,143.5,143.5,137.0,140.0,-3.5,505.0
6854,2026-06-08,546108.0,71674559.0,127.0,135.5,127.0,134.0,-6.0,699.0
6854,2026-06-09,371288.0,50719504.0,134.5,138.5,134.5,136.5,2.5,426.0
6854,2026-06-10,656907.0,86877027.0,137.0,137.0,128.0,128.0,-8.5,826.0
6854,2026-06-11,342787.0,43795473.0,127.5,130.5,124.0,130.5,2.5,457.0
6854,2026-06-12,194062.0,25920716.0,134.5,138.0,132.5,133.0,2.5,247.0
6854,2026-06-15,277670.0,36891411.0,135.0,135.5,131.0,131.5,-1.5,350.0
6854,2026-06-16,386848.0,50066443.0,133.0,133.0,128.0,129.0,-2.5,405.0
6854,2026-06-17,278711.0,35854247.0,127.0,130.5,126.5,130.0,1.0,291.0
6854,2026-06-18,331928.0,43432859.0,132.0,133.0,129.5,130.0,0.0,337.0
6854,2026-06-22,452113.0,59975976.0,131.5,135.5,131.0,132.5,2.5,466.0
6854,2026-06-23,297681.0,38513521.0,133.5,133.5,128.0,128.0,-4.5,821.0
6854,2026-06-24,494597.0,62040967.0,126.0,127.5,124.0,126.0,-2.0,621.0
6854,2026-06-25,386137.0,48314088.0,127.5,129.0,123.5,124.0,-2.0,392.0
6854,2026-06-26,608510.0,74589710.0,124.0,128.0,120.0,121.0,-3.0,607.0
6854,2026-06-29,263983.0,32666375.0,122.0,126.0,122.0,125.0,4.0,296.0
6854,2026-06-30,308747.0,38492633.0,127.5,128.0,123.5,124.0,-1.0,342.0
6854,2026-07-01,281558.0,34381543.0,125.5,126.0,119.5,120.0,-4.0,507.0
6854,2026-07-02,259451.0,31139053.0,120.5,121.0,118.0,120.5,0.5,297.0
6854,2026-07-03,113262.0,13733486.0,119.0,123.5,118.0,123.0,2.5,151.0
6854,2026-07-06,223513.0,27376702.0,124.0,124.5,121.5,121.5,-1.5,235.0
6854,2026-07-07,380832.0,45360637.0,121.5,123.0,117.0,118.5,-3.0,430.0
6854,2026-07-08,293133.0,34127794.0,120.0,120.0,114.5,118.0,-0.5,412.0
6854,2026-07-09,510732.0,58063447.0,117.0,117.5,111.5,113.5,-4.5,734.0
6854,2026-07-13,698641.0,76612413.0,114.0,115.0,108.0,109.0,-4.5,677.0
6854,2026-07-14,523561.0,54965537.0,110.0,110.5,102.5,106.5,-2.5,624.0
6854,2026-07-15,488968.0,51324874.0,106.0,108.0,103.5,105.5,-1.0,459.0
6854,2026-07-16,228740.0,24595952.0,106.0,110.0,105.0,108.0,2.5,255.0
6854,2026-07-17,477389.0,49261194.0,108.0,108.0,101.5,103.0,-5.0,521.0
6854,2026-07-20,501853.0,50421712.0,104.0,104.5,98.0,100.5,-2.5,470.0
6854,2026-07-21,229961.0,23352611.0,101.0,104.0,100.5,102.0,1.5,438.0
6854,2026-07-22,162243.0,16539258.0,102.0,103.0,101.0,101.0,-1.0,220.0
6854,2026-07-23,294573.0,29493032.0,101.5,101.5,99.0,100.5,-0.5,242.0
6854,2026-07-24,295162.0,29448090.0,100.5,101.0,98.8,98.8,-1.7,314.0
6854,2026-07-27,284387.0,27536138.0,98.8,99.1,95.0,96.2,-2.6,355.0
6854,2026-07-28,499767.0,45871363.0,95.0,95.0,90.0,90.5,-5.7,554.0
6854,2026-07-29,878471.0,75109548.0,89.1,90.9,82.5,87.3,-3.2,755.0
6854,2026-07-30,492961.0,41732630.0,88.0,88.2,82.0,82.9,-4.4,512.0
6854,2026-07-31,222191.0,19766104.0,85.1,91.1,85.1,91.1,8.2,243.0
6854,2026-08-03,537981.0,48615530.0,89.8,92.5,89.0,91.7,0.6,312.0
6854,2026-08-04,470481.0,44917640.0,100.5,100.5,92.2,94.1,2.4,470.0
6854,2026-08-05,309504.0,29814591.0,94.5,97.8,94.5,96.4,2.3,314.0
6854,2026-08-06,166498.0,15903760.0,96.4,97.5,94.3,97.0,0.6,208.0
6854,2026-08-07,222359.0,21433019.0,96.9,98.0,95.0,96.8,-0.2,272.0
6854,2026-08-10,188698.0,17976152.0,97.8,97.9,93.6,94.2,-2.6,428.0
6854,2026-08-11,71611.0,6661391.0,94.3,94.3,92.0,93.7,-0.5,109.0
6854,2026-08-12,132116.0,12521180.0,93.5,95.8,93.4,95.3,1.6,150.0
6854,2026-08-13,114939.0,10862084.0,95.8,96.2,93.7,94.0,-1.3,136.0
6854,2026-08-14,144817.0,13426797.0,94.0,94.0,91.4,92.4,-1.6,186.0
6854,2026-08-17,80904.0,7454198.0,92.4,94.0,91.2,92.2,-0.2,146.0
6854,2026-08-18,224789.0,20213569.0,92.0,92.0,89.2,89.7,-2.5,351.0
6854,2026-08-19,130942.0,11686269.0,89.0,90.6,87.9,89.8,0.1,337.0
6854,2026-08-20,67989.0,6226010.0,90.3,92.5,90.3,92.4,2.6,79.0
6854,2026-08-21,149594.0,13769134.0,92.4,94.8,91.0,91.3,-1.1,156.0
6854,2026-08-24,168374.0,15268135.0,91.1,92.5,89.8,90.9,-0.4,181.0
6854,2026-08-25,94378.0,8382989.0,89.5,89.7,88.2,89.5,-1.4,123.0
6854,2026-08-26,261728.0,24223411.0,89.5,95.1,89.5,92.9,3.4,236.0
6854,2026-08-27,134578.0,12663064.0,93.1,95.8,92.5,93.7,0.8,165.0
6854,2026-08-28,145451.0,13375775.0,93.7,94.1,90.5,90.7,-3.0,311.0
6854,2026-08-31,374785.0,34327221.0,89.8,96.7,87.5,93.2,2.5,412.0
6854,2026-09-01,296904.0,28366814.0,93.2,99.3,92.2,96.0,2.8,573.0
6854,2026-09-02,632380.0,62779901.0,96.0,103.0,94.1,99.5,3.5,616.0
6854,2026-09-03,642573.0,61485721.0,99.5,102.5,92.7,92.7,-6.8,1030.0
6854,2026-09-04,306930.0,28774894.0,93.0,96.3,92.4,92.8,0.1,296.0
6854,2026-09-07,191038.0,17982420.0,93.3,95.1,92.2,95.1,2.3,230.0
6854,2026-09-08,203238.0,18817573.0,95.8,95.8,90.7,91.0,-4.1,325.0
6854,2026-09-09,150939.0,13755844.0,89.7,91.7,89.7,90.6,-0.4,171.0
6854,2026-09-10,199477.0,17950548.0,90.2,91.2,89.6,89.6,-1.0,210.0
6854,2026-09-11,167594.0,15010145.0,88.3,91.0,88.0,89.1,-0.5,227.0
6854,2026-09-14,77672.0,6965035.0,88.3,90.5,88.3,89.2,0.1,83.0
6854,2026-09-15,212464.0,18762702.0,88.3,89.8,87.2,87.4,-1.8,223.0
6908,2026-03-25,451122.0,21725656.0,50.0,54.0,45.0,48.1,0.0,464.0
6908,2026-03-26,281334.0,12823697.0,47.35,47.4,45.0,45.0,-3.1,294.0
6908,2026-03-27,152179.0,6442719.0,44.5,44.5,41.5,42.1,-2.9,171.0
6908,2026-03-30,105486.0,4216214.0,41.5,41.5,39.25,40.0,-2.1,137.0
6908,2026-03-31,53621.0,2119380.0,39.8,39.95,39.0,39.85,-0.15,73.0
6908,2026-04-01,86776.0,3562517.0,40.0,41.6,40.0,41.05,1.2,87.0
6908,2026-04-02,39200.0,1570524.0,41.05,41.05,39.55,39.55,-1.5,53.0
6908,2026-04-07,26369.0,1041022.0,39.6,39.9,39.1,39.1,-0.45,33.0
6908,2026-04-08,85460.0,3270474.0,39.1,39.15,37.05,38.95,-0.15,98.0
6908,2026-04-09,70390.0,2735651.0,40.9,40.9,38.0,38.05,-0.9,67.0
6908,2026-04-10,33789.0,1287008.0,38.2,38.2,37.9,38.15,0.1,58.0
6908,2026-04-13,30455.0,1149649.0,38.15,38.15,37.5,37.65,-0.5,52.0
6908,2026-04-14,28661.0,1094256.0,38.0,38.5,37.9,37.9,0.25,43.0
6908,2026-04-15,23768.0,900610.0,37.9,38.1,37.8,37.9,0.0,32.0
6908,2026-04-16,49320.0,1908161.0,37.9,39.4,37.9,38.9,1.0,64.0
6908,2026-04-17,83284.0,3465746.0,42.7,42.7,40.1,41.55,2.65,117.0
6908,2026-04-20,40082.0,1631596.0,41.6,41.7,40.5,40.5,-1.05,51.0
6908,2026-04-21,16371.0,653750.0,40.4,40.4,39.7,39.85,-0.65,25.0
6908,2026-04-22,11194.0,446615.0,39.9,40.0,39.85,39.85,0.0,19.0
6908,2026-04-23,35724.0,1420971.0,40.5,40.5,39.35,39.35,-0.5,37.0
6908,2026-04-24,30301.0,1192525.0,39.8,39.8,39.0,39.0,-0.35,28.0
6908,2026-04-27,29647.0,1143985.0,38.5,38.7,38.5,38.7,-0.3,33.0
6908,2026-04-28,13020.0,506290.0,38.7,39.0,38.7,38.95,0.25,11.0
6908,2026-04-29,12548.0,491492.0,38.95,40.0,38.95,39.0,0.05,23.0
6908,2026-04-30,40524.0,1618138.0,39.8,40.2,39.5,40.2,1.2,37.0
6908,2026-05-04,29683.0,1221606.0,42.0,42.0,40.5,41.1,0.9,52.0
6908,2026-05-05,18373.0,749538.0,41.1,41.1,40.05,40.95,-0.15,22.0
6908,2026-05-06,19112.0,783244.0,41.5,41.5,40.5,40.55,-0.4,42.0
6908,2026-05-07,15018.0,610931.0,41.0,41.0,40.25,40.4,-0.15,17.0
6908,2026-05-08,10358.0,413486.0,40.1,40.1,39.55,40.1,-0.3,16.0
6908,2026-05-11,22024.0,869810.0,39.15,40.0,39.15,39.45,-0.65,19.0
6908,2026-05-12,10130.0,399023.0,39.45,39.5,39.3,39.3,-0.15,18.0
6908,2026-05-13,20018.0,776663.0,39.0,39.0,38.7,38.7,-0.6,19.0
6908,2026-05-14,25012.0,972010.0,38.7,40.35,38.5,39.0,0.3,18.0
6908,2026-05-15,8200.0,316199.0,38.6,38.6,38.45,38.6,-0.4,10.0
6908,2026-05-18,7000.0,266450.0,38.0,38.15,38.0,38.15,-0.45,5.0
6908,2026-05-19,9000.0,343500.0,38.15,38.2,38.15,38.2,0.05,9.0
6908,2026-05-20,5001.0,194138.0,39.0,39.0,38.1,38.1,-0.1,6.0
6908,2026-05-21,3001.0,115438.0,38.6,38.6,38.3,38.5,0.4,4.0
6908,2026-05-22,12573.0,484302.0,38.6,38.85,38.3,38.3,-0.2,23.0
6908,2026-05-25,47511.0,1834940.0,38.15,39.3,38.15,38.65,0.35,42.0
6908,2026-05-26,16250.0,630274.0,38.65,39.0,38.65,38.8,0.15,19.0
6908,2026-05-27,10267.0,398955.0,38.8,38.95,38.8,38.9,0.1,18.0
6908,2026-05-28,79315.0,2997523.0,38.9,38.9,36.8,37.35,-1.55,62.0
6908,2026-05-29,19125.0,730822.0,37.35,38.5,37.35,38.0,0.65,16.0
6908,2026-06-01,105547.0,4304703.0,39.0,41.6,39.0,40.95,2.95,76.0
6908,2026-06-02,26407.0,1073010.0,41.0,41.0,40.0,40.0,-0.95,29.0
6908,2026-06-03,27416.0,1096594.0,40.5,40.5,39.6,40.0,0.0,31.0
6908,2026-06-04,17034.0,686227.0,40.0,40.5,40.0,40.5,0.5,17.0
6908,2026-06-05,12381.0,494618.0,39.55,40.5,39.55,40.45,-0.05,17.0
6908,2026-06-08,7001.0,264036.0,37.2,38.5,37.2,38.5,-1.95,8.0
6908,2026-06-09,7214.0,282971.0,38.05,40.0,38.05,39.4,0.9,9.0
6908,2026-06-10,17326.0,682826.0,39.3,40.35,38.3,39.4,0.0,20.0
6908,2026-06-11,15091.0,591011.0,38.3,40.1,38.3,38.65,-0.75,22.0
6908,2026-06-12,4033.0,156875.0,38.9,38.9,38.9,38.9,0.25,5.0
6908,2026-06-15,9069.0,352891.0,39.95,39.95,38.45,38.5,-0.4,11.0
6908,2026-06-16,14029.0,541252.0,38.5,38.85,38.5,38.85,0.35,40.0
6908,2026-06-17,14187.0,552011.0,38.6,39.0,38.6,39.0,0.15,31.0
6908,2026-06-18,4482.0,174043.0,39.0,39.0,38.75,38.75,-0.25,91.0
6908,2026-06-22,14879.0,577776.0,38.75,39.0,38.2,39.0,0.25,23.0
6908,2026-06-23,36445.0,1390142.0,39.0,39.0,37.0,38.9,-0.1,34.0
6908,2026-06-24,17199.0,663659.0,38.9,39.1,38.2,38.5,-0.4,97.0
6908,2026-06-25,31498.0,1226985.0,38.2,39.4,38.2,38.5,0.0,24.0
6908,2026-06-26,41009.0,1534787.0,38.35,38.35,37.2,37.2,-1.3,29.0
6908,2026-06-29,8000.0,299700.0,37.3,37.75,37.3,37.35,0.15,8.0
6908,2026-06-30,3000.0,111850.0,37.1,37.4,37.1,37.4,0.05,3.0
6908,2026-07-01,1051.0,39795.0,37.85,37.85,37.85,37.85,0.45,3.0
6908,2026-07-02,7301.0,276047.0,37.9,37.95,37.45,37.45,-0.4,63.0
6908,2026-07-03,17000.0,633650.0,37.85,38.0,36.8,38.0,0.55,12.0
6908,2026-07-06,9404.0,353912.0,37.5,37.7,37.5,37.5,-0.5,9.0
6908,2026-07-07,17330.0,647356.0,37.75,37.75,37.0,37.0,-0.5,17.0
6908,2026-07-08,6200.0,229400.0,37.0,37.0,37.0,37.0,0.0,7.0
6908,2026-07-09,13001.0,477933.0,37.0,37.0,36.6,36.6,-0.4,14.0
6908,2026-07-13,13051.0,473176.0,36.5,36.8,36.0,36.8,0.2,12.0
6908,2026-07-14,17103.0,624218.0,37.45,37.5,36.1,36.7,-0.1,34.0
6908,2026-07-15,15000.0,544550.0,36.7,37.0,36.1,37.0,0.3,14.0
6908,2026-07-16,7000.0,253800.0,37.0,37.0,36.05,36.05,-0.95,7.0
6908,2026-07-17,21340.0,751151.0,35.6,35.6,34.95,35.6,-0.45,25.0
6908,2026-07-20,15049.0,538111.0,36.75,36.75,35.0,36.75,1.15,22.0
6908,2026-07-21,10092.0,360312.0,35.65,35.85,35.5,35.85,-0.9,16.0
6908,2026-07-22,60366.0,2149839.0,35.85,35.95,35.35,35.85,0.0,34.0
6908,2026-07-23,1100.0,39345.0,35.75,35.75,35.75,35.75,-0.1,4.0
6908,2026-07-24,7734.0,272107.0,35.0,35.35,35.0,35.35,-0.4,16.0
6908,2026-07-27,2027.0,71498.0,35.0,35.5,35.0,35.5,0.15,4.0
6908,2026-07-28,31494.0,1079370.0,35.1,35.1,33.9,33.9,-1.6,28.0
6908,2026-07-29,26928.0,899738.0,35.0,35.0,32.1,32.85,-1.05,26.0
6908,2026-07-30,2000.0,65700.0,32.85,32.85,32.85,32.85,0.0,2.0
6908,2026-07-31,8022.0,269655.0,34.05,34.05,33.5,33.85,1.0,9.0
6908,2026-08-03,29346.0,985149.0,33.6,34.0,33.2,33.85,0.0,24.0
6908,2026-08-04,6035.0,194788.0,31.1,33.15,31.1,33.15,-0.7,7.0
6908,2026-08-05,39128.0,1284142.0,33.15,33.15,32.5,32.85,-0.3,18.0
6908,2026-08-06,4264.0,142251.0,32.5,33.6,32.5,33.6,0.75,13.0
6908,2026-08-07,9724.0,318028.0,33.6,33.6,32.1,32.3,-1.3,14.0
6908,2026-08-10,17000.0,555950.0,32.4,33.2,32.4,32.9,0.6,7.0
6908,2026-08-11,18058.0,578244.0,32.9,32.9,31.65,32.75,-0.15,14.0
6908,2026-08-12,11666.0,379845.0,32.55,33.7,32.0,33.7,0.95,15.0
6908,2026-08-13,12009.0,402196.0,32.65,34.35,32.65,33.25,-0.45,15.0
6908,2026-08-14,3234.0,107773.0,34.4,34.4,32.8,32.8,-0.45,9.0
6908,2026-08-17,6014.0,196458.0,32.8,32.95,32.25,32.85,0.05,9.0
6908,2026-08-18,35650.0,1126535.0,31.7,32.0,31.35,31.4,-1.45,29.0
6908,2026-08-19,38491.0,1171042.0,31.0,31.0,30.05,30.85,-0.55,53.0
6908,2026-08-20,9302.0,283330.0,30.3,30.85,30.3,30.85,0.0,9.0
6908,2026-08-21,23346.0,703849.0,30.3,30.35,30.0,30.35,-0.5,33.0
6908,2026-08-24,17000.0,515200.0,30.35,30.35,30.25,30.25,-0.1,13.0
6908,2026-08-25,12000.0,365400.0,30.1,30.95,30.1,30.65,0.4,9.0
6908,2026-08-26,17225.0,530112.0,30.65,31.0,30.5,31.0,0.35,17.0
6908,2026-08-27,21046.0,638919.0,30.35,30.9,30.15,30.6,-0.4,18.0
6908,2026-08-28,7050.0,213130.0,30.45,30.45,30.0,30.0,-0.6,7.0
6908,2026-08-31,11000.0,332450.0,30.5,30.5,30.15,30.25,0.25,10.0
6908,2026-09-01,10110.0,306354.0,30.3,30.4,30.25,30.3,0.05,12.0
6908,2026-09-02,12310.0,373989.0,31.2,31.2,30.2,30.3,0.0,14.0
6908,2026-09-03,7116.0,214119.0,30.1,30.1,30.05,30.1,-0.2,10.0
6908,2026-09-04,35350.0,1063801.0,30.1,30.35,30.0,30.1,0.0,22.0
6908,2026-09-07,20365.0,613847.0,30.1,30.45,30.1,30.1,0.0,21.0
6908,2026-09-08,17372.0,541288.0,32.1,32.1,30.4,30.4,0.3,48.0
6908,2026-09-09,21333.0,641407.0,30.4,30.4,29.9,30.1,-0.3,22.0
6908,2026-09-10,8000.0,246050.0,31.4,31.4,30.2,30.2,0.1,8.0
6908,2026-09-11,4000.0,120000.0,30.1,30.1,29.95,29.95,-0.25,4.0
6908,2026-09-14,3000.0,91500.0,30.2,30.85,30.2,30.85,0.9,3.0
6908,2026-09-15,9040.0,272184.0,30.15,30.15,30.1,30.1,-0.75,6.0
6921,2025-12-23,274000.0,17500800.0,70.0,71.0,59.0,63.0,0.0,169.0
6921,2025-12-24,325728.0,27749839.0,66.0,97.0,65.9,92.0,29.0,267.0
6921,2025-12-26,303771.0,24615553.0,90.0,93.1,70.0,81.0,-11.0,399.0
6921,2025-12-29,130783.0,9996301.0,77.0,79.8,75.2,75.6,-5.4,129.0
6921,2025-12-30,124737.0,8920348.0,72.5,74.0,70.0,71.0,-4.6,119.0
6921,2025-12-31,94634.0,6530046.0,71.0,72.0,65.1,66.7,-4.3,129.0
6921,2026-01-02,63351.0,4272901.0,67.8,69.5,65.7,68.3,1.6,64.0
6921,2026-01-05,100156.0,7004545.0,68.3,72.2,68.3,69.0,0.7,87.0
6921,2026-01-06,39068.0,2662682.0,67.7,69.8,67.7,68.6,-0.4,41.0
6921,2026-01-07,112287.0,7366694.0,68.0,68.0,64.5,66.0,-2.6,81.0
6921,2026-01-08,67530.0,4480741.0,67.9,67.9,65.0,65.0,-1.0,79.0
6921,2026-01-09,52312.0,3323292.0,65.0,65.0,63.0,63.5,-1.5,43.0
6921,2026-01-12,53700.0,3294128.0,63.8,63.8,60.0,61.0,-2.5,47.0
6921,2026-01-13,69050.0,4155555.0,60.1,60.4,59.9,60.3,-0.7,45.0
6921,2026-01-14,90039.0,5327151.0,59.1,61.0,58.0,58.0,-2.3,62.0
6921,2026-01-15,47632.0,2698520.0,58.0,58.0,55.6,56.4,-1.6,57.0
6921,2026-01-16,50062.0,2780984.0,55.1,56.3,55.0,56.3,-0.1,46.0
6921,2026-01-19,48265.0,2747010.0,55.7,58.5,55.7,56.4,0.1,37.0
6921,2026-01-20,29000.0,1656400.0,56.4,57.6,56.4,56.5,0.1,22.0
6921,2026-01-21,69108.0,4237905.0,57.0,62.1,57.0,62.1,5.6,56.0
6921,2026-01-22,168185.0,11379910.0,62.3,68.3,62.3,68.3,6.2,184.0
6921,2026-01-23,174558.0,12430614.0,72.0,74.9,68.0,68.0,-0.3,172.0
6921,2026-01-26,133942.0,9522016.0,71.6,74.8,68.2,74.8,6.8,148.0
6921,2026-01-27,187289.0,14859151.0,74.7,82.0,74.7,79.7,4.9,213.0
6921,2026-01-28,148607.0,11772042.0,79.7,80.2,78.0,79.5,-0.2,144.0
6921,2026-01-29,119847.0,9788548.0,81.0,83.7,79.3,79.3,-0.2,127.0
6921,2026-01-30,69760.0,5294038.0,79.0,79.0,74.8,75.5,-3.8,193.0
6921,2026-02-02,126613.0,8851601.0,73.7,73.7,68.3,70.2,-5.3,113.0
6921,2026-02-03,141628.0,10703517.0,71.1,77.2,70.3,77.2,7.0,145.0
6921,2026-02-04,268057.0,22596690.0,83.9,84.9,80.0,84.1,6.9,327.0
6921,2026-02-05,217022.0,18440083.0,81.5,89.9,80.3,86.4,2.3,195.0
6921,2026-02-06,116338.0,9844805.0,83.2,86.2,83.0,85.0,-1.4,146.0
6921,2026-02-09,88509.0,7200946.0,83.7,83.7,79.9,81.2,-3.8,277.0
6921,2026-02-10,104641.0,8145420.0,81.5,81.5,76.3,78.0,-3.2,111.0
6921,2026-02-11,70303.0,5753349.0,80.5,84.0,79.8,84.0,6.0,75.0
6921,2026-02-23,158234.0,12512663.0,81.0,82.0,77.6,78.5,-5.5,144.0
6921,2026-02-24,117439.0,9302031.0,74.0,82.7,74.0,80.3,1.8,95.0
6921,2026-02-25,77025.0,6199512.0,80.5,83.4,78.7,80.3,0.0,58.0
6921,2026-02-26,58156.0,4676884.0,80.0,81.7,79.8,80.6,0.3,45.0
6921,2026-03-02,59878.0,4794990.0,83.0,83.0,79.5,79.8,-0.8,57.0
6921,2026-03-03,56673.0,4554450.0,79.8,81.4,79.3,79.3,-0.5,53.0
6921,2026-03-04,93183.0,7237195.0,79.3,79.3,75.6,75.6,-3.7,121.0
6921,2026-03-05,17000.0,1338500.0,77.5,79.9,77.5,79.9,4.3,15.0
6921,2026-03-06,5150.0,406700.0,78.7,79.1,78.7,79.1,-0.8,7.0
6921,2026-03-09,52580.0,3835788.0,79.0,79.0,71.3,71.4,-7.7,129.0
6921,2026-03-10,46048.0,3353912.0,73.1,73.9,72.1,72.4,1.0,43.0
6921,2026-03-11,30100.0,2240730.0,71.3,76.4,71.1,76.3,3.9,28.0
6921,2026-03-12,49487.0,3733736.0,74.4,77.1,74.4,74.9,-1.4,44.0
6921,2026-03-13,64105.0,4676043.0,72.5,75.0,71.6,72.7,-2.2,55.0
6921,2026-03-16,63154.0,4503298.0,72.9,73.1,69.8,69.9,-2.8,57.0
6921,2026-03-17,42113.0,2934252.0,70.0,70.5,69.0,70.2,0.3,43.0
6921,2026-03-18,43022.0,3045559.0,70.7,71.7,70.2,71.6,1.4,35.0
6921,2026-03-19,134160.0,9668683.0,71.6,74.6,68.5,71.4,-0.2,73.0
6921,2026-03-20,50050.0,3636524.0,70.6,74.5,70.6,73.2,1.8,42.0
6921,2026-03-23,85057.0,6270696.0,73.2,75.5,71.9,72.2,-1.0,66.0
6921,2026-03-24,103375.0,7234542.0,72.5,72.5,68.5,69.0,-3.2,83.0
6921,2026-03-25,88001.0,6254771.0,69.0,72.4,68.8,71.3,2.3,64.0
6921,2026-03-26,62100.0,4450400.0,71.4,74.2,70.2,70.4,-0.9,40.0
6921,2026-03-27,69136.0,4860393.0,70.6,71.6,69.3,69.5,-0.9,48.0
6921,2026-03-30,98560.0,6719714.0,68.5,69.7,66.6,67.7,-1.8,75.0
6921,2026-03-31,89000.0,5912400.0,67.6,67.7,65.6,66.0,-1.7,64.0
6921,2026-04-01,30001.0,2091869.0,69.8,71.0,68.7,71.0,5.0,27.0
6921,2026-04-02,14000.0,975300.0,70.0,70.1,69.2,70.1,-0.9,13.0
6921,2026-04-07,22001.0,1545475.0,71.0,71.0,69.4,69.4,-0.7,17.0
6921,2026-04-08,92770.0,6771593.0,70.8,75.4,70.7,72.1,2.7,86.0
6921,2026-04-09,37539.0,2704802.0,71.7,73.3,71.0,73.3,1.2,40.0
6921,2026-04-10,59559.0,4337369.0,73.6,74.2,71.8,72.2,-1.1,46.0
6921,2026-04-13,97260.0,7246504.0,72.2,77.5,71.5,73.8,1.6,80.0
6921,2026-04-14,44018.0,3299427.0,74.9,75.7,74.0,74.1,0.3,43.0
6921,2026-04-15,47741.0,3667254.0,76.0,78.1,76.0,76.1,2.0,49.0
6921,2026-04-16,130209.0,10420890.0,76.1,83.0,76.1,79.7,3.6,130.0
6921,2026-04-17,122203.0,10225487.0,81.0,87.0,80.0,86.2,6.5,403.0
6921,2026-04-20,215510.0,20072664.0,90.0,94.8,86.8,94.8,8.6,336.0
6921,2026-04-21,393047.0,39601379.0,96.0,104.0,95.3,104.0,9.2,738.0
6921,2026-04-22,198631.0,19979235.0,104.0,104.0,98.0,99.5,-4.5,226.0
6921,2026-04-23,223972.0,21651684.0,102.0,104.5,91.0,94.1,-5.4,219.0
6921,2026-04-24,84651.0,8134364.0,99.0,99.1,92.8,94.1,0.0,89.0
6921,2026-04-27,72970.0,6846985.0,97.0,99.9,91.1,91.5,-2.6,84.0
6921,2026-04-28,51725.0,4848897.0,90.9,96.9,90.2,96.9,5.4,57.0
6921,2026-04-29,67125.0,6260518.0,92.4,95.5,92.1,93.2,-3.7,61.0
6921,2026-04-30,49590.0,4543980.0,93.3,93.3,91.1,91.5,-1.7,65.0
6921,2026-05-04,53706.0,4988593.0,92.1,94.8,91.5,93.0,1.5,49.0
6921,2026-05-05,30577.0,2797188.0,92.1,92.2,90.7,91.1,-1.9,31.0
6921,2026-05-06,91290.0,8312497.0,91.1,93.2,90.0,91.5,0.4,76.0
6921,2026-05-07,80701.0,7525859.0,92.9,95.5,91.3,92.6,1.1,75.0
6921,2026-05-08,32655.0,2986760.0,93.5,93.5,90.5,90.9,-1.7,56.0
6921,2026-05-11,162002.0,13478675.0,89.5,89.5,82.0,82.4,-8.5,225.0
6921,2026-05-12,38424.0,3137893.0,81.9,83.5,80.4,83.0,0.6,33.0
6921,2026-05-13,58907.0,4756083.0,81.8,81.8,79.8,81.0,-2.0,74.0
6921,2026-05-14,66793.0,5227041.0,80.0,80.0,77.2,79.2,-1.8,64.0
6921,2026-05-15,68870.0,5301530.0,79.8,79.8,75.9,76.0,-3.2,54.0
6921,2026-05-18,55335.0,4234376.0,74.7,77.5,74.7,77.0,1.0,49.0
6921,2026-05-19,35518.0,2729049.0,77.6,78.3,75.6,75.9,-1.1,46.0
6921,2026-05-20,2651.0,201471.0,75.9,75.9,75.9,75.9,0.0,6.0
6921,2026-05-21,20490.0,1561907.0,76.3,76.5,76.0,76.2,0.3,24.0
6921,2026-05-22,38371.0,2982304.0,75.5,79.2,75.5,78.2,2.0,46.0
6921,2026-05-25,50080.0,3924199.0,79.8,79.9,77.0,78.0,-0.2,54.0
6921,2026-05-26,44097.0,3357751.0,78.9,78.9,75.2,77.0,-1.0,55.0
6921,2026-05-27,84323.0,6422745.0,77.0,78.1,75.0,76.1,-0.9,78.0
6921,2026-05-28,42734.0,3202406.0,76.1,76.2,73.9,75.0,-1.1,47.0
6921,2026-05-29,30513.0,2300069.0,75.6,76.0,74.2,76.0,1.0,50.0
6921,2026-06-01,19755.0,1490875.0,75.0,75.9,75.0,75.5,-0.5,25.0
6921,2026-06-02,50465.0,3705789.0,75.5,75.5,72.4,73.4,-2.1,57.0
6921,2026-06-03,66705.0,4990495.0,73.4,75.7,73.0,75.7,2.3,60.0
6921,2026-06-04,63220.0,4667051.0,75.7,75.7,73.0,73.0,-2.7,54.0
6921,2026-06-05,58351.0,4216073.0,73.0,73.0,71.5,72.7,-0.3,44.0
6921,2026-06-08,22606.0,1600804.0,70.4,72.7,68.8,72.7,0.0,27.0
6921,2026-06-09,17504.0,1254887.0,71.7,72.3,71.2,72.3,-0.4,24.0
6921,2026-06-10,49601.0,3528950.0,73.0,73.0,69.3,69.5,-2.8,50.0
6921,2026-06-11,41423.0,2830888.0,68.0,69.6,67.1,69.6,0.1,58.0
6921,2026-06-12,11700.0,815150.0,70.0,70.0,69.3,69.7,0.1,12.0
6921,2026-06-15,35000.0,2433600.0,71.0,71.7,68.5,68.5,-1.2,28.0
6921,2026-06-16,11634.0,809164.0,69.4,70.0,69.2,70.0,1.5,15.0
6921,2026-06-17,18000.0,1258300.0,70.0,70.0,69.1,70.0,0.0,12.0
6921,2026-06-18,63843.0,4514947.0,70.0,71.5,70.0,71.5,1.5,56.0
6921,2026-06-22,65437.0,4615315.0,71.5,71.6,70.0,70.2,-1.3,60.0
6921,2026-06-23,61400.0,4345825.0,70.2,71.5,70.0,70.0,-0.2,41.0
6921,2026-06-24,83164.0,5959444.0,70.0,74.9,68.7,71.0,1.0,70.0
6921,2026-06-25,118559.0,8493256.0,71.0,75.0,69.0,69.7,-1.3,96.0
6921,2026-06-26,40300.0,2772709.0,69.7,69.7,68.1,68.3,-1.4,34.0
6921,2026-06-29,8137.0,558590.0,68.4,69.0,68.4,69.0,0.7,11.0
6921,2026-06-30,24080.0,1639500.0,68.0,69.0,67.8,68.5,-0.5,24.0
6921,2026-07-01,18120.0,1242120.0,68.9,69.0,68.2,68.5,0.0,19.0
6921,2026-07-02,17001.0,1159172.0,67.5,68.6,67.5,68.0,-0.5,18.0
6921,2026-07-03,17000.0,1163600.0,68.0,68.7,68.0,68.7,0.7,14.0
6921,2026-07-06,9000.0,620600.0,68.9,69.3,68.9,69.0,0.3,7.0
6921,2026-07-07,73300.0,4967800.0,68.8,69.0,66.6,67.2,-1.8,46.0
6921,2026-07-08,8020.0,541760.0,67.8,67.9,67.1,67.9,0.7,8.0
6921,2026-07-09,6101.0,415894.0,67.6,68.5,67.6,68.0,0.1,9.0
6921,2026-07-13,48531.0,3252059.0,66.1,68.5,66.0,67.8,-0.2,41.0
6921,2026-07-14,34000.0,2238200.0,66.6,67.1,65.3,65.7,-2.1,30.0
6921,2026-07-15,16150.0,1085060.0,66.7,68.5,66.1,67.7,2.0,15.0
6921,2026-07-16,11300.0,747320.0,62.4,68.0,62.4,67.8,0.1,12.0
6921,2026-07-17,34242.0,2230893.0,68.8,68.8,63.5,64.4,-3.4,29.0
6921,2026-07-20,29015.0,1799078.0,64.8,64.8,60.1,63.0,-1.4,31.0
6921,2026-07-21,31003.0,1953798.0,59.3,65.2,59.3,63.3,0.3,28.0
6921,2026-07-22,5500.0,349850.0,64.5,64.5,63.1,63.4,0.1,6.0
6921,2026-07-23,8000.0,508000.0,63.4,64.9,63.1,64.9,1.5,7.0
6921,2026-07-24,4000.0,257100.0,64.8,64.8,63.5,64.4,-0.5,4.0
6921,2026-07-27,21034.0,1370220.0,64.9,67.5,64.4,64.4,0.0,20.0
6921,2026-07-28,25001.0,1550919.0,62.9,63.2,60.5,61.2,-3.2,22.0
6921,2026-07-29,48089.0,2869731.0,63.4,63.4,58.2,59.7,-1.5,33.0
6921,2026-07-30,6140.0,345729.0,55.0,57.2,55.0,57.1,-2.6,10.0
6921,2026-07-31,37030.0,2177775.0,57.0,60.0,57.0,59.3,2.2,27.0
6921,2026-08-03,37007.0,2217755.0,54.4,60.7,54.4,60.7,1.4,26.0
6921,2026-08-04,32386.0,1951423.0,60.1,60.5,59.7,59.8,-0.9,29.0
6921,2026-08-05,27200.0,1663519.0,58.0,63.8,58.0,63.8,4.0,26.0
6921,2026-08-06,41020.0,2637900.0,63.9,65.6,63.9,64.5,0.7,28.0
6921,2026-08-07,52000.0,3344100.0,65.5,65.7,63.0,64.7,0.2,27.0
6921,2026-08-10,31000.0,2019100.0,64.4,65.6,64.4,65.2,0.5,14.0
6921,2026-08-11,36000.0,2312200.0,65.2,65.2,62.9,63.7,-1.5,16.0
6921,2026-08-12,49000.0,3185000.0,62.8,66.0,62.0,63.9,0.2,17.0
6921,2026-08-13,59022.0,3950460.0,65.4,68.5,65.4,68.5,4.6,22.0
6921,2026-08-14,110733.0,8069454.0,69.1,75.3,69.1,75.3,6.8,88.0
6921,2026-08-17,63781.0,4667671.0,75.3,75.3,71.0,71.0,-4.3,65.0
6921,2026-08-18,11100.0,786047.0,71.5,71.5,70.0,71.0,0.0,13.0
6921,2026-08-19,35143.0,2417647.0,70.0,70.0,67.6,68.1,-2.9,33.0
6921,2026-08-20,20000.0,1374700.0,68.5,69.7,68.1,69.7,1.6,19.0
6921,2026-08-21,7205.0,503980.0,70.5,70.5,69.7,69.7,0.0,11.0
6921,2026-08-24,9017.0,623418.0,70.6,70.6,68.6,68.9,-0.8,12.0
6921,2026-08-25,9005.0,608375.0,68.9,68.9,67.2,67.3,-1.6,10.0
6921,2026-08-26,4044.0,270550.0,67.3,67.3,66.3,66.3,-1.0,8.0
6921,2026-08-27,10002.0,669245.0,65.8,67.4,65.8,67.4,1.1,6.0
6921,2026-08-28,11000.0,730200.0,66.3,67.0,65.9,65.9,-1.5,7.0
6921,2026-08-31,4520.0,291150.0,64.5,64.5,64.5,64.5,-1.4,8.0
6921,2026-09-01,3093.0,197813.0,63.6,64.5,63.6,64.5,0.0,8.0
6921,2026-09-02,13279.0,839024.0,63.2,63.9,63.0,63.9,-0.6,16.0
6921,2026-09-03,4005.0,249841.0,61.1,63.7,61.1,63.7,-0.2,6.0
6921,2026-09-04,3011.0,190203.0,63.3,63.6,62.6,63.6,-0.1,9.0
6921,2026-09-07,38100.0,2456789.0,64.0,65.0,64.0,64.0,0.4,16.0
6921,2026-09-08,9515.0,604512.0,64.0,64.0,62.9,62.9,-1.1,30.0
6921,2026-09-09,2257.0,144308.0,63.9,63.9,63.9,63.9,1.0,5.0
6921,2026-09-10,1000.0,63000.0,63.0,63.0,63.0,63.0,-0.9,1.0
6921,2026-09-11,7000.0,429000.0,62.2,62.2,61.0,61.0,-2.0,7.0
6921,2026-09-14,6000.0,367200.0,61.0,61.4,61.0,61.0,0.0,5.0
6921,2026-09-15,15000.0,911600.0,61.2,61.4,59.9,59.9,-1.1,11.0
6924,2024-12-03,609000.0,54082800.0,90.0,100.0,80.4,99.0,0.0,331.0
6924,2024-12-04,134000.0,12995100.0,99.0,102.5,94.5,98.5,-0.5,93.0
6924,2024-12-05,133000.0,12552600.0,98.5,98.5,91.4,97.0,-1.5,60.0
6924,2024-12-06,74000.0,7223800.0,95.1,101.0,95.1,101.0,4.0,50.0
6924,2024-12-09,55000.0,5501300.0,103.0,103.0,98.0,100.0,-1.0,25.0
6924,2024-12-10,19000.0,1869900.0,98.0,99.5,98.0,98.0,-2.0,17.0
6924,2024-12-11,25000.0,2472900.0,98.9,101.0,97.9,99.0,1.0,17.0
6924,2024-12-12,44000.0,4379400.0,100.0,101.0,98.0,99.8,0.8,21.0
6924,2024-12-13,50000.0,4775400.0,99.7,99.7,93.5,93.5,-6.3,38.0
6924,2024-12-16,5000.0,458200.0,90.3,92.3,90.3,92.1,-1.4,5.0
6924,2024-12-17,12000.0,1098300.0,93.9,93.9,90.0,93.5,1.4,10.0
6924,2024-12-18,33000.0,2938200.0,89.0,92.7,86.0,89.0,-4.5,24.0
6924,2024-12-19,25000.0,2367200.0,91.0,97.9,91.0,92.7,3.7,21.0
6924,2024-12-20,10000.0,900900.0,92.0,92.0,89.6,89.6,-3.1,8.0
6924,2024-12-23,16000.0,1412100.0,87.0,93.5,86.8,92.5,2.9,16.0
6924,2024-12-24,1000.0,93000.0,93.0,93.0,93.0,93.0,0.5,1.0
6924,2024-12-25,70000.0,6267900.0,94.7,95.0,87.5,94.8,1.8,43.0
6924,2024-12-26,37000.0,3396500.0,91.0,95.0,90.0,91.2,-3.6,17.0
6924,2024-12-27,3000.0,271300.0,90.4,90.5,90.4,90.5,-0.7,3.0
6924,2024-12-30,4000.0,362300.0,90.5,90.7,90.5,90.5,0.0,4.0
6924,2024-12-31,36000.0,3236700.0,90.8,95.0,87.8,87.8,-2.7,24.0
6924,2025-01-02,22000.0,2007000.0,89.6,92.2,89.6,91.7,3.9,16.0
6924,2025-01-03,12000.0,1104300.0,92.3,92.8,90.7,92.8,1.1,10.0
6924,2025-01-06,22020.0,2001300.0,92.8,92.8,89.6,92.0,-0.8,18.0
6924,2025-01-07,14000.0,1273600.0,90.3,93.0,90.0,91.9,-0.1,10.0
6924,2025-01-08,0.0,0.0,,,,,0.0,0.0
6924,2025-01-09,34000.0,3006000.0,88.3,88.9,88.2,88.2,0.0,16.0
6924,2025-01-10,11000.0,978300.0,88.2,90.0,88.2,90.0,1.8,8.0
6924,2025-01-13,15000.0,1359800.0,91.5,92.0,89.5,91.6,1.6,10.0
6924,2025-01-14,21020.0,1832500.0,84.0,91.6,84.0,89.6,-2.0,17.0
6924,2025-01-15,5000.0,434300.0,88.2,88.2,86.2,86.9,-2.7,5.0
6924,2025-01-16,24000.0,2137600.0,89.7,90.0,87.1,90.0,3.1,18.0
6924,2025-01-17,1000.0,89800.0,89.8,89.8,89.8,89.8,-0.2,1.0
6924,2025-01-20,1000.0,87800.0,87.8,87.8,87.8,87.8,-2.0,1.0
6924,2025-01-21,2000.0,176800.0,87.3,89.5,87.3,89.5,1.7,2.0
6924,2025-01-22,9000.0,807800.0,89.2,90.0,89.2,90.0,0.5,9.0
6924,2025-02-03,17002.0,1481080.0,87.3,90.8,85.2,90.8,0.8,14.0
6924,2025-02-04,3000.0,271400.0,90.5,90.5,90.4,90.4,-0.4,3.0
6924,2025-02-05,4001.0,382298.0,98.4,98.4,90.4,90.4,0.0,5.0
6924,2025-02-06,2000.0,183400.0,93.0,93.0,90.4,90.4,0.0,2.0
6924,2025-02-07,1000.0,88000.0,88.0,88.0,88.0,88.0,-2.4,1.0
6924,2025-02-10,6128.0,559806.0,93.5,93.5,90.7,90.9,2.9,31.0
6924,2025-02-11,3000.0,267300.0,88.3,90.0,88.3,90.0,-0.9,3.0
6924,2025-02-12,1028.0,92684.0,90.4,90.4,90.4,90.4,0.4,5.0
6924,2025-02-13,0.0,0.0,,,,,0.0,0.0
6924,2025-02-14,8001.0,711898.0,89.1,89.3,88.5,88.5,0.0,6.0
6924,2025-02-17,16000.0,1424500.0,88.5,90.0,88.5,89.5,1.0,7.0
6924,2025-02-18,6000.0,539900.0,88.7,90.5,88.7,90.5,1.0,6.0
6924,2025-02-19,5000.0,458600.0,92.0,93.0,90.6,93.0,2.5,5.0
6924,2025-02-20,2100.0,194800.0,90.0,95.5,90.0,95.5,2.5,5.0
6924,2025-02-21,2000.0,185400.0,92.0,93.4,92.0,93.4,-2.1,2.0
6924,2025-02-24,1000.0,94300.0,94.3,94.3,94.3,94.3,0.9,1.0
6924,2025-02-25,3000.0,282900.0,94.3,94.3,94.3,94.3,0.0,1.0
6924,2025-02-26,1000.0,94700.0,94.7,94.7,94.7,94.7,0.4,1.0
6924,2025-02-27,4000.0,368100.0,92.3,92.3,91.2,91.2,-3.5,2.0
6924,2025-03-03,5000.0,459400.0,97.9,97.9,88.8,88.8,-2.4,5.0
6924,2025-03-04,6000.0,536800.0,88.8,90.0,88.0,90.0,1.2,5.0
6924,2025-03-05,7000.0,637300.0,96.0,96.0,90.0,90.0,0.0,5.0
6924,2025-03-06,5000.0,447100.0,89.2,90.0,88.0,90.0,0.0,4.0
6924,2025-03-07,3000.0,270200.0,90.1,90.1,90.0,90.0,0.0,2.0
6924,2025-03-10,7000.0,659700.0,91.7,95.0,91.7,94.0,4.0,7.0
6924,2025-03-11,19000.0,1650200.0,85.6,93.2,85.0,91.5,-2.5,14.0
6924,2025-03-12,15.0,1415.0,,,,,0.0,3.0
6924,2025-03-13,9000.0,809400.0,90.2,90.2,88.0,90.2,0.0,6.0
6924,2025-03-14,1000.0,92800.0,92.8,92.8,92.8,92.8,2.6,1.0
6924,2025-03-17,24.0,2298.0,,,,,0.0,3.0
6924,2025-03-18,1000.0,89100.0,89.1,89.1,89.1,89.1,0.0,1.0
6924,2025-03-19,7000.0,609500.0,87.0,87.7,86.9,86.9,-2.2,6.0
6924,2025-03-20,3000.0,258400.0,86.0,86.4,86.0,86.4,-0.5,2.0
6924,2025-03-21,20000.0,1709800.0,86.4,86.4,85.0,85.4,-1.0,12.0
6924,2025-03-24,28000.0,2427900.0,85.4,87.5,85.4,87.5,2.1,16.0
6924,2025-03-25,10000.0,863100.0,87.1,87.1,86.0,86.0,-1.5,9.0
6924,2025-03-26,1004.0,86360.0,86.0,86.0,86.0,86.0,0.0,4.0
6924,2025-03-27,23000.0,1959800.0,85.6,86.3,83.9,86.3,0.3,18.0
6924,2025-03-28,21000.0,1691700.0,81.6,83.0,80.0,80.0,-6.3,19.0
6924,2025-03-31,11000.0,870000.0,81.4,81.4,76.5,81.0,1.0,8.0
6924,2025-04-01,96030.0,7271230.0,80.3,80.3,74.5,75.5,-5.5,41.0
6924,2025-04-02,50000.0,3746700.0,74.8,75.5,74.4,75.0,-0.5,32.0
6924,2025-04-07,18000.0,1220000.0,67.5,70.0,67.5,67.5,-7.5,10.0
6924,2025-04-08,23000.0,1600300.0,70.0,70.0,68.0,69.8,2.3,13.0
6924,2025-04-09,12028.0,797492.0,66.0,69.0,66.0,69.0,-0.8,11.0
6924,2025-04-10,9000.0,665100.0,75.0,75.0,73.0,73.0,4.0,5.0
6924,2025-04-11,3000.0,212000.0,70.0,72.0,70.0,72.0,-1.0,3.0
6924,2025-04-14,7000.0,504000.0,72.0,72.0,72.0,72.0,0.0,3.0
6924,2025-04-15,9000.0,657200.0,72.8,73.8,72.8,73.8,1.8,7.0
6924,2025-04-16,25000.0,1792000.0,72.0,72.0,71.5,71.5,-2.3,7.0
6924,2025-04-17,30000.0,2161800.0,71.5,74.5,71.5,71.5,0.0,17.0
6924,2025-04-18,9000.0,639000.0,71.5,72.0,69.6,69.8,-1.7,5.0
6924,2025-04-21,2000.0,140900.0,70.0,70.9,70.0,70.9,1.1,2.0
6924,2025-04-22,2000.0,143100.0,73.0,73.0,70.1,70.1,-0.8,2.0
6924,2025-04-23,1000.0,75500.0,75.5,75.5,75.5,75.5,5.4,1.0
6924,2025-04-24,4000.0,286100.0,73.0,73.0,71.0,71.0,-4.5,3.0
6924,2025-04-25,7000.0,509100.0,71.6,74.0,71.6,72.2,1.2,7.0
6924,2025-04-28,7000.0,505400.0,72.2,72.2,72.2,72.2,0.0,3.0
6924,2025-04-29,3000.0,220000.0,73.0,73.5,73.0,73.5,1.3,3.0
6924,2025-04-30,5000.0,363800.0,72.8,72.8,72.6,72.6,-0.9,4.0
6924,2025-05-02,2000.0,148000.0,73.5,74.5,73.5,74.5,1.9,2.0
6924,2025-05-05,1024.0,73110.0,71.5,71.5,71.5,71.5,-3.0,3.0
6924,2025-05-06,1004.0,71792.0,71.5,71.5,71.5,71.5,0.0,2.0
6924,2025-05-07,18000.0,1277900.0,71.5,71.5,70.7,70.7,-0.8,13.0
6924,2025-05-08,0.0,0.0,,,,,0.0,0.0
6924,2025-05-09,0.0,0.0,,,,,0.0,0.0
6924,2025-05-12,4000.0,287300.0,71.5,73.7,71.0,73.7,0.0,4.0
6924,2025-05-13,0.0,0.0,,,,,0.0,0.0
6924,2025-05-14,6046.0,448542.0,75.0,75.0,73.5,74.0,0.0,51.0
6924,2025-05-15,0.0,0.0,,,,,0.0,0.0
6924,2025-05-16,1000.0,72600.0,72.6,72.6,72.6,72.6,0.0,1.0
6924,2025-05-19,0.0,0.0,,,,,0.0,0.0
6924,2025-05-20,2000.0,142100.0,71.1,71.1,71.0,71.0,0.0,2.0
6924,2025-05-21,1198.0,89963.0,74.5,74.5,74.5,74.5,3.5,3.0
6924,2025-05-22,0.0,0.0,,,,,0.0,0.0
6924,2025-05-23,1000.0,73000.0,73.0,73.0,73.0,73.0,0.0,1.0
6924,2025-05-26,1300.0,96618.0,73.5,73.5,73.5,73.5,0.5,57.0
6924,2025-05-27,3000.0,218500.0,73.5,73.5,72.5,72.5,-1.0,2.0
6924,2025-05-28,1000.0,72500.0,72.5,72.5,72.5,72.5,0.0,1.0
6924,2025-05-29,0.0,0.0,,,,,0.0,0.0
6924,2025-06-02,1000.0,72500.0,72.5,72.5,72.5,72.5,0.0,1.0
6924,2025-06-03,1000.0,72500.0,72.5,72.5,72.5,72.5,0.0,1.0
6924,2025-06-04,9000.0,657000.0,72.8,75.0,72.5,73.0,0.5,7.0
6924,2025-06-05,2000.0,146000.0,73.0,73.0,73.0,73.0,0.0,1.0
6924,2025-06-06,1000.0,73000.0,73.0,73.0,73.0,73.0,0.0,1.0
6924,2025-06-09,2000.0,145500.0,73.0,73.0,72.5,72.5,-0.5,2.0
6924,2025-06-10,12000.0,881300.0,72.5,74.3,72.5,74.3,1.8,7.0
6924,2025-06-11,8099.0,591326.0,73.0,73.0,73.0,73.0,-1.3,7.0
6924,2025-06-12,11000.0,801400.0,73.0,73.0,72.5,73.0,0.0,10.0
6924,2025-06-13,0.0,0.0,,,,,0.0,0.0
6924,2025-06-16,4000.0,292000.0,73.0,73.0,73.0,73.0,0.0,4.0
6924,2025-06-17,21000.0,1509400.0,73.0,73.0,70.5,72.7,-0.3,19.0
6924,2025-06-18,1000.0,72700.0,72.7,72.7,72.7,72.7,0.0,1.0
6924,2025-06-19,8000.0,581000.0,72.6,72.8,72.6,72.8,0.1,4.0
6924,2025-06-20,1000.0,71800.0,71.8,71.8,71.8,71.8,-1.0,1.0
6924,2025-06-23,3014.0,216422.0,71.8,71.8,71.8,71.8,0.0,4.0
6924,2025-06-24,4009.0,290775.0,72.1,73.8,72.1,73.8,2.0,5.0
6924,2025-06-25,2000.0,147600.0,73.8,73.8,73.8,73.8,0.0,2.0
6924,2025-06-26,10002.0,710345.0,68.0,73.6,68.0,72.8,0.0,11.0
6924,2025-06-27,6037.0,428686.0,71.5,71.5,70.0,70.9,-1.9,8.0
6924,2025-06-30,8000.0,567000.0,71.0,71.0,70.8,70.8,-0.1,6.0
6924,2025-07-01,22000.0,1553500.0,70.4,71.5,69.2,71.2,0.4,15.0
6924,2025-07-02,12000.0,852900.0,71.2,71.2,70.9,71.1,-0.1,7.0
6924,2025-07-03,21028.0,1532178.0,70.9,78.0,70.9,78.0,6.9,12.0
6924,2025-07-04,16000.0,1198200.0,78.0,78.0,73.1,74.9,-3.1,12.0
6924,2025-07-07,1000.0,72400.0,72.4,72.4,72.4,72.4,-2.5,1.0
6924,2025-07-08,2000.0,144000.0,72.0,72.0,72.0,72.0,-0.4,1.0
6924,2025-07-09,2000.0,147900.0,73.0,74.9,73.0,74.9,2.9,2.0
6924,2025-07-10,0.0,0.0,,,,,0.0,0.0
6924,2025-07-11,0.0,0.0,,,,,0.0,0.0
6924,2025-07-14,0.0,0.0,,,,,0.0,0.0
6924,2025-07-15,1000.0,73000.0,73.0,73.0,73.0,73.0,0.0,1.0
6924,2025-07-16,0.0,0.0,,,,,0.0,0.0
6924,2025-07-17,8000.0,561800.0,71.2,71.2,70.0,70.1,0.0,7.0
6924,2025-07-18,6000.0,427300.0,73.6,73.6,70.2,70.2,0.1,5.0
6924,2025-07-21,0.0,0.0,,,,,0.0,0.0
6924,2025-07-22,2000.0,140200.0,70.1,70.1,70.1,70.1,0.0,1.0
6924,2025-07-23,3000.0,212300.0,70.1,72.1,70.1,72.1,2.0,3.0
6924,2025-07-24,0.0,0.0,,,,,0.0,0.0
6924,2025-07-25,4000.0,279900.0,70.0,70.0,69.9,69.9,0.0,4.0
6924,2025-07-28,10000.0,715000.0,71.5,71.5,71.5,71.5,1.6,2.0
6924,2025-07-29,5000.0,357500.0,71.5,71.5,71.5,71.5,0.0,1.0
6924,2025-07-30,30000.0,2137500.0,71.5,71.5,71.0,71.0,-0.5,8.0
6924,2025-07-31,32000.0,2294500.0,71.5,72.0,71.5,72.0,1.0,6.0
6924,2025-08-01,29000.0,2115500.0,72.0,73.7,72.0,72.9,0.9,16.0
6924,2025-08-04,11000.0,792200.0,72.2,72.2,72.0,72.0,-0.9,8.0
6924,2025-08-05,50100.0,3612960.0,72.1,72.5,72.0,72.0,0.0,14.0
6924,2025-08-06,26000.0,1859300.0,71.1,72.0,71.1,72.0,0.0,8.0
6924,2025-08-07,22000.0,1592800.0,72.0,74.9,72.0,72.9,0.9,4.0
6924,2025-08-08,13200.0,936020.0,71.6,71.6,70.0,70.0,-2.9,11.0
6924,2025-08-11,21015.0,1462650.0,69.2,70.0,69.0,70.0,0.0,8.0
6924,2025-08-12,32000.0,2252800.0,70.0,70.8,70.0,70.8,0.8,12.0
6924,2025-08-13,8000.0,554800.0,69.4,70.8,68.6,70.8,0.0,4.0
6924,2025-08-14,4000.0,280600.0,69.9,70.5,69.9,70.1,-0.7,4.0
6924,2025-08-15,14000.0,980300.0,72.0,72.0,69.1,71.0,0.9,11.0
6924,2025-08-18,19099.0,1318339.0,69.2,69.9,67.1,69.9,-1.1,18.0
6924,2025-08-19,18000.0,1234300.0,69.0,69.0,67.8,69.0,-0.9,14.0
6924,2025-08-20,5046.0,344067.0,69.0,69.1,67.5,67.5,-1.5,7.0
6924,2025-08-21,6034.0,411839.0,68.5,69.0,67.7,67.9,0.4,9.0
6924,2025-08-22,9018.0,593407.0,65.9,66.0,64.6,65.9,-2.0,9.0
6924,2025-08-25,11018.0,720088.0,65.0,66.0,65.0,65.0,-0.9,10.0
6924,2025-08-26,12020.0,779210.0,64.5,65.4,64.5,64.5,-0.5,11.0
6924,2025-08-27,14017.0,910415.0,64.9,65.0,64.5,65.0,0.5,15.0
6924,2025-08-28,31010.0,2049096.0,63.7,68.8,63.7,65.3,0.3,29.0
6924,2025-08-29,6000.0,390800.0,66.4,66.4,64.5,65.8,0.5,6.0
6924,2025-09-01,15000.0,968000.0,66.0,66.0,63.1,64.1,-1.7,10.0
6924,2025-09-02,5000.0,318900.0,63.3,63.9,63.3,63.9,-0.2,3.0
6924,2025-09-03,1000.0,63100.0,63.1,63.1,63.1,63.1,-0.8,1.0
6924,2025-09-04,10018.0,635353.0,63.8,63.8,63.0,63.0,-0.1,8.0
6924,2025-09-05,34000.0,2184400.0,63.0,65.6,63.0,65.5,2.5,18.0
6924,2025-09-08,43000.0,2779200.0,65.5,65.5,62.2,65.5,0.0,33.0
6924,2025-09-09,30000.0,1953300.0,65.5,66.0,64.0,64.5,-1.0,22.0
6924,2025-09-10,14000.0,899600.0,65.6,65.6,63.4,63.4,-1.1,11.0
6924,2025-09-11,57047.0,3439539.0,62.0,62.0,60.0,60.0,-3.4,39.0
6924,2025-09-12,34028.0,2094796.0,60.0,63.5,60.0,63.5,3.5,23.0
6924,2025-09-15,1001.0,62068.0,62.0,62.0,62.0,62.0,-1.5,2.0
6924,2025-09-16,3000.0,186500.0,62.5,62.5,61.5,61.5,-0.5,3.0
6924,2025-09-17,46.0,2737.0,,,,,0.0,31.0
6924,2025-09-18,4006.0,247567.0,62.2,62.2,61.0,62.0,0.0,9.0
6924,2025-09-19,21000.0,1269600.0,63.0,63.0,59.8,61.9,-0.1,15.0
6924,2025-09-22,14000.0,845800.0,61.5,62.4,59.7,59.7,-2.2,10.0
6924,2025-09-23,13000.0,771200.0,61.9,61.9,58.1,60.0,0.3,11.0
6924,2025-09-24,5000.0,293200.0,58.6,58.8,58.6,58.6,-1.4,5.0
6924,2025-09-25,13017.0,736295.0,56.1,57.1,55.8,56.4,-2.2,20.0
6924,2025-09-26,26000.0,1434800.0,53.8,59.4,53.4,58.0,1.6,18.0
6924,2025-09-30,5000.0,304000.0,62.1,62.3,58.6,58.6,0.6,5.0
6924,2025-10-01,0.0,0.0,,,,,0.0,0.0
6924,2025-10-02,8000.0,463200.0,59.1,59.1,57.6,57.7,0.0,7.0
6924,2025-10-03,31050.0,1707170.0,56.9,56.9,53.2,53.2,-4.5,19.0
6924,2025-10-07,21032.0,1147128.0,53.6,57.0,53.6,57.0,3.8,13.0
6924,2025-10-08,44001.0,2559961.0,59.8,59.8,56.9,58.1,1.1,27.0
6924,2025-10-09,63000.0,3598100.0,58.1,58.5,57.0,57.0,-1.1,11.0
6924,2025-10-13,8000.0,425800.0,53.0,54.0,53.0,53.5,-3.5,8.0
6924,2025-10-14,20011.0,1050316.0,52.2,53.5,51.8,52.9,-0.6,17.0
6924,2025-10-15,27539.0,1397694.0,52.9,52.9,49.2,50.2,-2.7,50.0
6924,2025-10-16,44120.0,2118326.0,49.6,49.6,46.95,47.8,-2.4,51.0
6924,2025-10-17,29100.0,1397491.0,48.8,51.0,47.05,51.0,3.2,28.0
6924,2025-10-20,15001.0,764106.0,51.9,52.0,49.75,49.75,-1.25,10.0
6924,2025-10-21,13000.0,629500.0,49.45,49.95,48.0,49.95,0.2,8.0
6924,2025-10-22,86066.0,4307750.0,50.2,50.5,49.5,49.55,-0.4,23.0
6924,2025-10-23,8001.0,399297.0,49.65,51.0,49.65,51.0,1.45,4.0
6924,2025-10-27,5001.0,258751.0,52.0,52.0,51.5,51.5,0.5,6.0
6924,2025-10-28,15093.0,770144.0,50.3,52.3,49.8,52.3,0.8,10.0
6924,2025-10-29,9000.0,475900.0,52.4,53.4,52.3,53.4,1.1,7.0
6924,2025-10-30,8000.0,412600.0,53.0,53.0,50.1,50.1,-3.3,6.0
6924,2025-10-31,2001.0,102450.0,52.0,52.0,50.4,50.4,0.3,3.0
6924,2025-11-03,7040.0,348794.0,49.25,50.5,49.2,49.7,-0.7,8.0
6924,2025-11-04,11000.0,552900.0,50.0,51.0,50.0,50.0,0.3,7.0
6924,2025-11-05,6000.0,299300.0,50.0,50.7,49.25,50.7,0.7,6.0
6924,2025-11-06,2001.0,100951.0,50.0,50.9,50.0,50.9,0.2,3.0
6924,2025-11-07,8001.0,401251.0,50.3,50.3,49.5,50.1,-0.8,5.0
6924,2025-11-10,14000.0,701900.0,49.9,50.4,49.5,49.5,-0.6,10.0
6924,2025-11-11,6000.0,293000.0,48.85,48.85,48.8,48.85,-0.65,5.0
6924,2025-11-12,18000.0,925800.0,51.9,52.0,50.7,51.7,2.85,17.0
6924,2025-11-13,6002.0,307305.0,50.8,51.5,50.8,51.5,-0.2,7.0
6924,2025-11-14,28000.0,1506600.0,52.5,54.8,52.5,54.0,2.5,28.0
6924,2025-11-17,19000.0,1043700.0,54.0,56.5,54.0,55.7,1.7,17.0
6924,2025-11-18,43111.0,2501328.0,56.0,60.2,56.0,60.2,4.5,36.0
6924,2025-11-19,8078.0,502877.0,65.0,65.0,59.5,61.8,1.6,11.0
6924,2025-11-20,8050.0,487075.0,63.5,63.5,60.0,60.1,-1.7,7.0
6924,2025-11-21,6001.0,342156.0,58.5,58.5,56.2,56.2,-3.9,7.0
6924,2025-11-24,0.0,0.0,,,,,0.0,0.0
6924,2025-11-25,18000.0,1001200.0,58.0,58.0,54.4,55.9,0.0,14.0
6924,2025-11-26,13077.0,724137.0,57.8,58.0,54.1,56.0,0.1,29.0
6924,2025-11-27,10051.0,563650.0,57.9,57.9,54.3,55.2,-0.8,23.0
6924,2025-11-28,1000.0,57100.0,57.1,57.1,57.1,57.1,1.9,1.0
6924,2025-12-01,7000.0,384900.0,53.6,56.7,53.6,56.7,-0.4,7.0
6924,2025-12-02,2000.0,110200.0,54.5,55.7,54.5,55.7,-1.0,2.0
6924,2025-12-03,5000.0,278100.0,56.0,56.0,54.7,55.6,-0.1,5.0
6924,2025-12-04,34023.0,1997820.0,55.9,61.1,54.2,61.1,5.5,30.0
6924,2025-12-05,38004.0,2313352.0,61.9,62.9,59.9,62.3,1.2,28.0
6924,2025-12-08,94321.0,5909228.0,61.2,68.5,59.3,68.5,6.2,89.0
6924,2025-12-09,89449.0,5890628.0,66.9,69.0,65.0,69.0,0.5,93.0
6924,2025-12-10,12000.0,773600.0,64.3,65.2,64.0,64.0,-5.0,12.0
6924,2025-12-11,41200.0,2542800.0,64.9,64.9,59.7,64.0,0.0,34.0
6924,2025-12-12,26149.0,1685015.0,65.0,65.0,63.8,64.8,0.8,21.0
6924,2025-12-15,26011.0,1674785.0,65.8,65.8,62.0,65.0,0.2,26.0
6924,2025-12-16,24000.0,1547500.0,65.0,66.0,63.2,65.1,0.1,15.0
6924,2025-12-17,54000.0,3468600.0,65.4,66.0,61.4,65.9,0.8,44.0
6924,2025-12-18,1000.0,65000.0,65.0,65.0,65.0,65.0,-0.9,1.0
6924,2025-12-19,28101.0,1821434.0,64.5,65.1,63.6,65.1,0.1,17.0
6924,2025-12-22,65000.0,4299100.0,65.7,69.9,65.0,69.9,4.8,45.0
6924,2025-12-23,21031.0,1448328.0,69.9,72.0,67.1,69.0,-0.9,22.0
6924,2025-12-24,13000.0,920500.0,70.0,71.5,69.0,71.0,2.0,13.0
6924,2025-12-26,52093.0,3515467.0,70.0,70.1,64.0,70.1,-0.9,46.0
6924,2025-12-29,80.0,5238.0,,,,,0.0,3.0
6924,2025-12-30,38000.0,2590500.0,70.3,70.3,65.1,69.3,0.0,33.0
6924,2025-12-31,34169.0,2398225.0,70.6,71.0,67.4,71.0,1.7,44.0
6924,2026-01-02,91979.0,6652796.0,71.4,75.1,71.0,75.1,4.1,74.0
6924,2026-01-05,64227.0,5156884.0,81.0,82.6,77.9,80.0,4.9,63.0
6924,2026-01-06,22669.0,1742207.0,75.5,77.4,75.3,75.3,-4.7,32.0
6924,2026-01-07,14121.0,1047382.0,73.3,75.0,73.3,74.9,-0.4,41.0
6924,2026-01-08,38011.0,2997357.0,77.5,80.0,77.5,80.0,5.1,22.0
6924,2026-01-09,17002.0,1311258.0,80.0,80.0,75.0,77.0,-3.0,15.0
6924,2026-01-12,27016.0,2068324.0,77.1,77.1,76.1,76.1,-0.9,20.0
6924,2026-01-13,3001.0,225775.0,75.6,75.6,75.0,75.0,-1.1,4.0
6924,2026-01-14,6028.0,444086.0,75.0,75.0,73.1,73.1,-1.9,17.0
6924,2026-01-15,2020.0,147660.0,73.1,73.1,73.1,73.1,0.0,9.0
6924,2026-01-16,2001.0,144671.0,71.5,73.1,71.5,73.1,0.0,3.0
6924,2026-01-19,26020.0,1833986.0,71.4,71.4,70.0,70.0,-3.1,19.0
6924,2026-01-20,103009.0,7196130.0,70.0,70.5,69.0,69.9,-0.1,16.0
6924,2026-01-21,18000.0,1218900.0,68.2,68.2,65.2,67.7,-2.2,9.0
6924,2026-01-22,17655.0,1187035.0,67.5,67.7,66.2,67.7,0.0,25.0
6924,2026-01-23,7000.0,473500.0,67.7,67.8,67.3,67.8,0.1,5.0
6924,2026-01-26,22001.0,1448765.0,66.9,66.9,64.6,64.9,-2.9,16.0
6924,2026-01-27,10000.0,647300.0,64.7,65.0,64.7,65.0,0.1,4.0
6924,2026-01-28,11005.0,706124.0,65.0,65.0,63.6,63.6,-1.4,12.0
6924,2026-01-29,0.0,0.0,,,,,0.0,0.0
6924,2026-01-30,1002.0,63830.0,63.7,63.7,63.7,63.7,0.0,2.0
6924,2026-02-02,18000.0,1125600.0,62.0,63.5,61.3,61.3,-2.4,11.0
6924,2026-02-03,35250.0,2100513.0,62.0,62.0,58.5,59.6,-1.7,28.0
6924,2026-02-04,10009.0,584321.0,59.4,59.4,58.1,58.3,-1.3,11.0
6924,2026-02-05,13000.0,743200.0,57.2,57.2,57.0,57.2,-1.1,8.0
6924,2026-02-06,5143.0,291734.0,56.9,57.2,56.4,56.4,-0.8,9.0
6924,2026-02-09,16000.0,898300.0,56.5,56.5,55.7,55.7,-0.7,9.0
6924,2026-02-10,16004.0,900330.0,56.2,56.9,55.9,56.9,1.2,12.0
6924,2026-02-11,31006.0,1870744.0,57.4,62.5,57.4,62.5,5.6,24.0
6924,2026-02-23,39021.0,2465548.0,58.5,66.1,58.5,66.0,3.5,28.0
6924,2026-02-24,32000.0,2121800.0,67.3,67.3,64.4,64.9,-1.1,21.0
6924,2026-02-25,10001.0,642963.0,64.7,64.7,64.0,64.1,-0.8,11.0
6924,2026-02-26,13000.0,834300.0,63.3,64.9,63.2,64.4,0.3,10.0
6924,2026-03-02,8001.0,507264.0,64.5,64.5,63.1,63.2,-1.2,7.0
6924,2026-03-03,23000.0,1420900.0,63.2,63.2,61.1,61.3,-1.9,14.0
6924,2026-03-04,15000.0,895000.0,60.9,60.9,59.2,59.5,-1.8,10.0
6924,2026-03-05,5000.0,303000.0,60.0,61.5,60.0,60.0,0.5,5.0
6924,2026-03-06,13030.0,776200.0,59.2,60.0,58.6,60.0,0.0,8.0
6924,2026-03-09,10000.0,579500.0,57.3,58.8,57.2,58.8,-1.2,6.0
6924,2026-03-10,25100.0,1544020.0,60.0,62.5,60.0,62.5,3.7,20.0
6924,2026-03-11,15000.0,927300.0,61.0,62.6,61.0,62.6,0.1,8.0
6924,2026-03-12,44000.0,3027200.0,68.8,68.8,68.8,68.8,6.2,32.0
6924,2026-03-13,114473.0,8545551.0,69.3,75.6,69.3,74.8,6.0,100.0
6924,2026-03-16,31135.0,2314313.0,75.0,75.5,72.1,75.0,0.2,52.0
6924,2026-03-17,92425.0,7279389.0,76.0,81.0,76.0,78.7,3.7,52.0
6924,2026-03-18,48319.0,3868057.0,80.0,80.9,79.2,79.5,0.8,75.0
6924,2026-03-19,11271.0,898501.0,80.5,80.5,78.3,78.3,-1.2,10.0
6924,2026-03-20,12124.0,946116.0,78.4,78.4,77.9,78.0,-0.3,14.0
6924,2026-03-23,32000.0,2398600.0,77.7,77.7,73.8,74.3,-3.7,25.0
6924,2026-03-24,64076.0,4761644.0,74.3,75.0,74.0,74.7,0.4,45.0
6924,2026-03-25,35049.0,2597617.0,74.7,76.6,73.5,73.8,-0.9,32.0
6924,2026-03-26,94554.0,7563027.0,73.8,81.1,73.8,80.6,6.8,89.0
6924,2026-03-27,71069.0,5750748.0,85.0,85.0,80.0,81.0,0.4,59.0
6924,2026-03-30,31317.0,2506353.0,80.1,80.5,79.5,80.0,-1.0,35.0
6924,2026-03-31,23000.0,1845000.0,80.0,81.7,80.0,80.0,0.0,16.0
6924,2026-04-01,39200.0,3135600.0,80.0,80.1,79.7,79.7,-0.3,32.0
6924,2026-04-02,31000.0,2445400.0,79.7,80.5,76.5,79.5,-0.2,26.0
6924,2026-04-07,28032.0,2284997.0,81.3,83.0,80.6,81.8,2.3,26.0
6924,2026-04-08,23050.0,1872999.0,82.0,82.0,80.0,80.6,-1.2,25.0
6924,2026-04-09,16000.0,1283200.0,80.5,80.6,80.0,80.0,-0.6,15.0
6924,2026-04-10,19127.0,1534097.0,80.0,80.5,79.7,80.3,0.3,20.0
6924,2026-04-13,74100.0,5904600.0,80.3,80.3,78.8,80.0,-0.3,59.0
6924,2026-04-14,24041.0,1920175.0,80.0,80.2,79.3,79.9,-0.1,22.0
6924,2026-04-15,37100.0,2963749.0,80.5,81.5,78.1,79.9,0.0,33.0
6924,2026-04-16,76120.0,6177251.0,79.9,82.4,79.9,81.6,1.7,72.0
6924,2026-04-17,87646.0,7637765.0,81.7,89.7,81.7,89.0,7.4,83.0
6924,2026-04-20,117899.0,11197507.0,94.0,97.0,94.0,94.9,5.9,136.0
6924,2026-04-21,46610.0,4319361.0,95.0,95.0,90.6,94.9,0.0,52.0
6924,2026-04-22,46951.0,4432762.0,94.9,95.0,93.0,93.0,-1.9,51.0
6924,2026-04-23,33820.0,3059769.0,92.7,92.7,88.5,89.2,-3.8,40.0
6924,2026-04-24,4191.0,372374.0,90.3,90.3,88.2,88.5,-0.7,13.0
6924,2026-04-27,33110.0,2988043.0,93.0,96.3,88.4,89.2,0.7,30.0
6924,2026-04-28,14160.0,1251040.0,87.6,90.1,87.6,88.9,-0.3,16.0
6924,2026-04-29,13164.0,1166983.0,88.1,89.8,87.7,89.8,0.9,17.0
6924,2026-04-30,10088.0,892607.0,88.3,89.0,88.0,88.9,-0.9,15.0
6924,2026-05-04,17025.0,1510729.0,89.0,89.0,88.1,89.0,0.1,19.0
6924,2026-05-05,10000.0,910400.0,90.3,91.8,90.3,91.8,2.8,8.0
6924,2026-05-06,21051.0,1969976.0,95.8,95.8,92.0,93.9,2.1,22.0
6924,2026-05-07,19165.0,1789974.0,93.9,94.3,93.1,94.0,0.1,22.0
6924,2026-05-08,13025.0,1216116.0,93.3,94.0,92.3,94.0,0.0,21.0
6924,2026-05-11,282108.0,28815901.0,102.5,103.0,98.1,103.0,9.0,173.0
6924,2026-05-12,429332.0,48117783.0,112.0,113.0,109.5,113.0,10.0,301.0
6924,2026-05-13,466226.0,53690643.0,117.0,124.0,108.0,123.5,10.5,790.0
6924,2026-05-14,287778.0,34133886.0,125.5,125.5,114.0,120.0,-3.5,282.0
6924,2026-05-15,158412.0,20910384.0,132.0,132.0,132.0,132.0,12.0,65.0
6924,2026-05-18,221719.0,32149255.0,145.0,145.0,145.0,145.0,13.0,71.0
6924,2026-05-19,529344.0,83111890.0,159.5,159.5,148.5,159.5,14.5,511.0
6924,2026-05-20,148733.0,23781589.0,153.0,166.5,153.0,163.0,3.5,197.0
6924,2026-05-21,90600.0,14822009.0,166.0,167.0,159.5,164.0,1.0,122.0
6924,2026-05-22,65534.0,10979282.0,164.5,170.0,164.5,168.5,4.5,96.0
6924,2026-05-25,179135.0,28494612.0,165.0,165.0,155.0,162.0,-6.5,233.0
6924,2026-05-26,68098.0,10886312.0,163.0,163.0,156.5,161.0,-1.0,85.0
6924,2026-05-27,64857.0,10450704.0,163.5,164.5,158.5,164.0,3.0,74.0
6924,2026-05-28,107894.0,18091197.0,164.5,175.0,160.5,175.0,11.0,139.0
6924,2026-05-29,121369.0,21683458.0,180.5,189.0,170.0,182.0,7.0,158.0
6924,2026-06-01,157565.0,27457650.0,181.5,181.5,169.0,176.0,-6.0,181.0
6924,2026-06-02,127717.0,24029083.0,176.0,193.5,176.0,193.5,17.5,166.0
6924,2026-06-03,182524.0,33712013.0,191.0,193.0,179.0,188.0,-5.5,219.0
6924,2026-06-04,167835.0,28907207.0,181.0,182.0,169.5,169.5,-18.5,381.0
6924,2026-06-05,172217.0,26819620.0,162.0,163.0,153.0,157.0,-12.5,187.0
6924,2026-06-08,216232.0,30892610.0,142.0,149.5,141.5,146.0,-11.0,194.0
6924,2026-06-09,117849.0,17073310.0,147.0,157.0,140.5,146.5,0.5,119.0
6924,2026-06-10,99938.0,13192419.0,132.0,132.0,132.0,132.0,-14.5,138.0
6924,2026-06-11,224882.0,27395296.0,125.0,126.5,119.0,121.0,-11.0,186.0
6924,2026-06-12,165445.0,19643813.0,122.0,124.5,115.0,117.0,-4.0,156.0
6924,2026-06-15,35566.0,3975075.0,117.0,117.0,109.5,109.5,-7.5,52.0
6924,2026-06-16,12002.0,1358237.0,113.5,114.0,113.0,113.0,3.5,12.0
6924,2026-06-17,17206.0,1917744.0,109.5,114.0,109.5,114.0,1.0,19.0
6924,2026-06-18,52626.0,6401790.0,116.5,125.0,116.5,125.0,11.0,67.0
6924,2026-06-22,38554.0,4938785.0,133.5,133.5,126.0,126.5,1.5,46.0
6924,2026-06-23,13121.0,1605740.0,125.5,125.5,119.0,119.5,-7.0,22.0
6924,2026-06-24,17913.0,2258071.0,126.5,128.0,123.0,123.0,3.5,29.0
6924,2026-06-25,7269.0,889381.0,122.0,123.0,122.0,123.0,0.0,15.0
6924,2026-06-26,2417.0,300187.0,125.0,125.0,125.0,125.0,2.0,8.0
6924,2026-06-29,10109.0,1261125.0,125.0,125.5,123.0,125.5,0.5,15.0
6924,2026-06-30,46434.0,5672054.0,124.5,129.5,119.5,120.5,-5.0,55.0
6924,2026-07-01,69797.0,8127293.0,120.5,120.5,113.5,114.0,-6.5,90.0
6924,2026-07-02,41884.0,4921680.0,114.0,120.5,114.0,118.0,4.0,52.0
6924,2026-07-03,63629.0,7866852.0,114.5,129.5,114.5,129.5,11.5,109.0
6924,2026-07-06,70330.0,9008597.0,130.5,133.5,124.0,129.5,0.0,170.0
6924,2026-07-07,50698.0,6407564.0,129.5,129.5,121.0,123.5,-6.0,59.0
6924,2026-07-08,55371.0,6966795.0,120.0,129.5,120.0,127.0,0.0,319.0
6924,2026-07-09,56938.0,7129409.0,123.5,131.5,121.0,130.0,3.0,69.0
6924,2026-07-13,193800.0,24037176.0,124.0,125.0,118.5,125.0,-5.0,68.0
6924,2026-07-14,81374.0,9307841.0,122.0,122.0,112.5,116.0,-9.0,93.0
6924,2026-07-15,34275.0,3997738.0,116.5,119.5,115.0,118.5,2.5,36.0
6924,2026-07-16,21077.0,2448932.0,119.0,119.0,114.0,116.0,-2.5,20.0
6924,2026-07-17,15687.0,1767156.0,113.5,113.5,112.0,113.0,-3.0,26.0
6924,2026-07-20,60470.0,6352177.0,111.0,111.5,102.0,104.5,-8.5,64.0
6924,2026-07-21,23111.0,2461479.0,104.0,109.0,104.0,105.5,1.0,28.0
6924,2026-07-22,15165.0,1615470.0,105.5,107.5,105.5,106.5,1.0,16.0
6924,2026-07-23,14285.0,1499763.0,105.5,106.5,104.0,104.5,-2.0,23.0
6924,2026-07-24,8000.0,824500.0,103.5,103.5,102.5,103.0,-1.5,8.0
6924,2026-07-27,6202.0,633422.0,103.5,103.5,101.5,102.0,-1.0,15.0
6924,2026-07-28,16069.0,1597752.0,102.5,102.5,98.0,100.0,-2.0,25.0
6924,2026-07-29,70499.0,6750875.0,99.6,99.8,90.8,99.8,-0.2,81.0
6924,2026-07-30,45152.0,4367347.0,97.6,99.4,94.8,97.0,-2.8,65.0
6924,2026-07-31,48000.0,4867100.0,98.9,104.0,98.9,103.0,6.0,35.0
6924,2026-08-03,49000.0,5002000.0,103.0,103.0,99.8,100.0,-3.0,23.0
6924,2026-08-04,99805.0,10637206.0,101.5,110.0,101.5,108.5,8.5,72.0
6924,2026-08-05,20850.0,2250802.0,108.0,109.5,107.0,108.0,-0.5,51.0
6924,2026-08-06,53390.0,5805682.0,107.0,114.0,106.0,114.0,6.0,48.0
6924,2026-08-07,19216.0,2137926.0,112.0,112.0,110.0,110.0,-4.0,22.0
6924,2026-08-10,34112.0,3742484.0,109.0,110.5,108.5,109.0,-1.0,23.0
6924,2026-08-11,44653.0,5271380.0,119.0,119.5,113.5,119.5,10.5,98.0
6924,2026-08-12,76673.0,8753261.0,117.0,118.0,112.0,116.0,-3.5,161.0
6924,2026-08-13,36931.0,4237386.0,114.0,118.0,111.5,114.5,-1.5,29.0
6924,2026-08-14,11010.0,1250640.0,112.5,115.5,112.5,115.5,1.0,15.0
6924,2026-08-17,21458.0,2480620.0,113.0,119.5,113.0,114.5,-1.0,23.0
6924,2026-08-18,19528.0,2206521.0,112.5,114.5,111.5,114.0,-0.5,19.0
6924,2026-08-19,28300.0,3182549.0,114.0,115.0,109.5,114.5,0.5,27.0
6924,2026-08-20,53505.0,6202881.0,112.0,121.0,112.0,119.5,5.0,50.0
6924,2026-08-21,54549.0,6405169.0,120.0,121.5,114.5,117.0,-2.5,81.0
6924,2026-08-24,17206.0,1948498.0,114.0,114.0,112.0,114.0,-3.0,121.0
6924,2026-08-25,12050.0,1342550.0,111.5,111.5,111.0,111.5,-2.5,9.0
6924,2026-08-26,36600.0,4058149.0,112.0,112.0,109.0,110.0,-1.5,34.0
6924,2026-08-27,58308.0,6392720.0,110.0,116.5,108.0,115.5,5.5,53.0
6924,2026-08-28,67056.0,7928231.0,113.0,121.5,112.0,117.5,2.0,56.0
6924,2026-08-31,20396.0,2315873.0,115.5,115.5,112.0,112.0,-5.5,108.0
6924,2026-09-01,38272.0,4307497.0,112.0,115.0,111.0,114.5,2.5,37.0
6924,2026-09-02,4000.0,454000.0,113.0,114.0,113.0,113.5,-1.0,4.0
6924,2026-09-03,13192.0,1504980.0,115.0,115.0,113.5,113.5,0.0,18.0
6924,2026-09-04,57652.0,6824834.0,113.0,123.0,112.5,123.0,9.5,76.0
6924,2026-09-07,219941.0,27381936.0,123.5,125.0,119.0,125.0,2.0,43.0
6924,2026-09-08,46988.0,5991124.0,127.0,130.0,123.5,125.5,0.5,103.0
6924,2026-09-09,13360.0,1668200.0,125.5,126.0,123.0,125.5,0.0,20.0
6924,2026-09-10,31905.0,4072853.0,124.5,130.0,124.0,129.0,3.5,40.0
6924,2026-09-11,77998.0,10987808.0,141.0,141.5,139.0,141.5,12.5,190.0
6924,2026-09-14,116184.0,16361626.0,142.0,144.0,136.0,142.5,1.0,155.0
6924,2026-09-15,76567.0,10248195.0,140.0,140.0,128.0,128.0,0.0,110.0
6949,2024-03-08,1791205.0,185998500.0,106.0,107.0,102.5,103.0,0.0,352.0
6949,2024-03-11,303704.0,31479512.0,103.0,104.5,103.0,103.5,0.5,113.0
6949,2024-03-12,375000.0,38561500.0,103.5,103.5,102.0,103.0,-0.5,92.0
6949,2024-03-13,317800.0,33100900.0,103.0,105.0,103.0,104.0,1.0,154.0
6949,2024-03-14,449100.0,45910050.0,104.5,104.5,99.9,102.0,-2.0,132.0
6949,2024-03-15,193200.0,17914780.0,94.4,95.8,91.8,91.8,-10.2,99.0
6949,2024-03-18,52000.0,4307600.0,83.6,83.6,82.7,82.7,-9.1,33.0
6949,2024-03-19,892000.0,67437200.0,75.3,81.0,74.5,78.5,-4.2,238.0
6949,2024-03-20,151200.0,11795600.0,79.5,79.9,76.0,76.0,-2.5,55.0
6949,2024-03-21,167128.0,11969044.0,75.8,75.8,70.6,73.0,-3.0,66.0
6949,2024-03-22,79150.0,5731530.0,71.0,73.1,71.0,72.2,-0.8,48.0
6949,2024-03-25,77000.0,5632700.0,72.5,74.0,72.0,73.4,1.2,42.0
6949,2024-03-26,17000.0,1254400.0,73.3,74.0,73.3,73.7,0.3,10.0
6949,2024-03-27,183000.0,14033000.0,74.0,78.5,74.0,77.4,3.7,82.0
6949,2024-03-28,60000.0,4664400.0,78.0,78.0,77.5,77.5,0.1,30.0
6949,2024-03-29,207000.0,16573900.0,77.4,82.0,77.4,81.4,3.9,87.0
6949,2024-04-01,118000.0,9910500.0,81.8,86.0,81.7,84.7,3.3,68.0
6949,2024-04-02,53000.0,4459100.0,84.8,84.8,83.5,83.8,-0.9,29.0
6949,2024-04-03,23000.0,1907700.0,83.2,83.2,82.7,83.1,-0.7,21.0
6949,2024-04-08,297000.0,26582900.0,84.6,91.4,84.6,91.4,8.3,106.0
6949,2024-04-09,481000.0,48182200.0,90.0,100.5,90.0,100.5,9.1,108.0
6949,2024-04-10,818000.0,89521000.0,104.0,110.5,104.0,110.5,10.0,178.0
6949,2024-04-11,465629.0,56229923.0,115.5,121.5,115.5,121.5,11.0,98.0
6949,2024-04-12,1257788.0,160266000.0,130.0,133.5,115.0,125.0,3.5,391.0
6949,2024-04-15,108028.0,13143888.0,123.5,125.0,119.0,122.0,-3.0,92.0
6949,2024-04-16,104000.0,12100000.0,122.0,122.0,114.5,118.0,-4.0,59.0
6949,2024-04-17,156100.0,20087450.0,118.5,129.5,118.5,129.5,11.5,83.0
6949,2024-04-18,349000.0,48887500.0,142.0,142.0,135.0,142.0,12.5,183.0
6949,2024-04-19,173188.0,26008136.0,145.0,154.5,145.0,149.0,7.0,126.0
6949,2024-04-22,167000.0,23021500.0,151.0,151.0,134.5,134.5,-14.5,119.0
6949,2024-04-23,126000.0,16855500.0,125.5,140.0,125.5,140.0,5.5,62.0
6949,2024-04-24,89000.0,12688000.0,143.5,144.0,140.0,143.5,3.5,48.0
6949,2024-04-25,273500.0,42283250.0,144.0,157.5,144.0,157.5,14.0,120.0
6949,2024-04-26,327444.0,55895812.0,163.0,173.0,163.0,173.0,15.5,158.0
6949,2024-04-29,183000.0,31230500.0,175.0,177.0,164.5,169.0,-4.0,113.0
6949,2024-04-30,33000.0,5515500.0,172.5,172.5,164.0,166.0,-3.0,22.0
6949,2024-05-02,65000.0,10475500.0,163.0,164.0,160.0,162.5,-3.5,40.0
6949,2024-05-03,171002.0,29878354.0,164.0,178.5,158.0,177.0,14.5,110.0
6949,2024-05-06,48000.0,8238500.0,177.0,177.5,168.0,171.0,-6.0,48.0
6949,2024-05-07,36000.0,5908500.0,166.0,169.0,162.0,166.0,-5.0,28.0
6949,2024-05-08,28000.0,4673500.0,166.0,172.5,164.0,166.0,0.0,25.0
6949,2024-05-09,21403.0,3509592.0,166.0,166.0,162.0,164.0,-2.0,19.0
6949,2024-05-10,49000.0,7893500.0,164.0,164.0,159.0,159.0,-5.0,40.0
6949,2024-05-13,119000.0,17340000.0,157.0,157.0,143.5,149.0,-10.0,67.0
6949,2024-05-14,8000.0,1196500.0,154.5,154.5,147.5,147.5,-1.5,8.0
6949,2024-05-15,32000.0,4727500.0,147.5,153.0,144.0,148.5,1.0,31.0
6949,2024-05-16,38000.0,5643000.0,149.0,150.0,146.0,150.0,1.5,35.0
6949,2024-05-17,22000.0,3261500.0,150.0,150.0,147.0,148.0,-2.0,20.0
6949,2024-05-20,41000.0,6342500.0,149.0,160.5,148.5,151.0,3.0,41.0
6949,2024-05-21,72000.0,10527000.0,150.0,150.0,143.5,148.0,-3.0,62.0
6949,2024-05-22,33000.0,4814000.0,147.0,147.0,145.0,147.0,-1.0,30.0
6949,2024-05-23,70000.0,9971500.0,146.0,146.0,138.0,143.5,-3.5,57.0
6949,2024-05-24,38000.0,5297000.0,142.5,142.5,138.0,140.5,-3.0,36.0
6949,2024-05-27,28000.0,4013000.0,150.5,150.5,139.0,139.5,-1.0,23.0
6949,2024-05-28,44033.0,6066549.0,139.0,139.5,136.0,136.0,-3.5,36.0
6949,2024-05-29,44000.0,5970500.0,135.0,141.0,133.0,141.0,5.0,35.0
6949,2024-05-30,29000.0,3910500.0,138.5,138.5,133.5,134.0,-7.0,27.0
6949,2024-05-31,35000.0,4604000.0,131.0,134.0,130.0,130.5,-3.5,29.0
6949,2024-06-03,30000.0,3968000.0,133.5,133.5,131.0,131.0,0.5,25.0
6949,2024-06-04,23210.0,3012850.0,131.0,131.0,128.5,130.0,-1.0,23.0
6949,2024-06-05,32000.0,4187000.0,130.5,132.0,130.0,132.0,2.0,20.0
6949,2024-06-06,32000.0,4239500.0,132.5,133.0,132.0,133.0,1.0,23.0
6949,2024-06-07,30000.0,3972000.0,135.0,135.0,131.0,131.0,-2.0,23.0
6949,2024-06-11,129000.0,16147500.0,130.5,130.5,121.0,128.5,-2.5,72.0
6949,2024-06-12,52000.0,6553500.0,125.0,130.0,124.0,126.0,-2.5,38.0
6949,2024-06-13,29000.0,3678500.0,125.5,130.0,125.5,126.5,0.5,24.0
6949,2024-06-14,33000.0,4114000.0,126.5,126.5,123.0,124.0,-2.5,29.0
6949,2024-06-17,20000.0,2480500.0,124.5,125.0,123.5,124.0,0.0,13.0
6949,2024-06-18,42000.0,5249500.0,124.0,128.5,124.0,128.5,4.5,33.0
6949,2024-06-19,101000.0,12813500.0,125.5,131.0,124.0,129.0,0.5,46.0
6949,2024-06-20,39000.0,4912500.0,126.0,127.0,125.0,126.5,-2.5,30.0
6949,2024-06-21,14000.0,1750000.0,125.5,126.5,124.5,126.5,0.0,12.0
6949,2024-06-24,17000.0,2147500.0,126.5,127.5,125.0,127.0,0.5,13.0
6949,2024-06-25,35000.0,4496500.0,127.0,130.0,127.0,128.5,1.5,28.0
6949,2024-06-26,124000.0,17103500.0,134.0,141.0,134.0,140.0,11.5,88.0
6949,2024-06-27,70000.0,9538000.0,139.0,140.0,133.5,135.0,-5.0,53.0
6949,2024-06-28,18000.0,2440500.0,138.0,138.0,134.5,136.0,1.0,16.0
6949,2024-07-01,17000.0,2295000.0,136.5,136.5,133.0,133.0,-3.0,17.0
6949,2024-07-02,28000.0,3656000.0,133.0,133.0,129.0,131.0,-2.0,21.0
6949,2024-07-03,23000.0,3006000.0,131.0,131.5,130.0,131.5,0.5,13.0
6949,2024-07-04,20225.0,2634250.0,129.0,132.0,128.5,132.0,0.5,20.0
6949,2024-07-05,23000.0,3008500.0,131.0,132.0,130.0,130.0,-2.0,18.0
6949,2024-07-08,24000.0,3124000.0,130.0,131.5,129.0,131.5,1.5,21.0
6949,2024-07-09,26000.0,3388000.0,131.5,131.5,129.0,129.0,-2.5,24.0
6949,2024-07-10,19000.0,2451500.0,129.0,129.5,128.5,129.0,0.0,16.0
6949,2024-07-11,19000.0,2459000.0,129.5,130.0,129.0,130.0,1.0,14.0
6949,2024-07-12,23000.0,2948500.0,129.0,129.0,127.5,128.0,-2.0,22.0
6949,2024-07-15,21000.0,2662500.0,127.0,127.5,126.5,126.5,-1.5,20.0
6949,2024-07-16,18000.0,2279000.0,127.5,127.5,126.0,126.0,-0.5,17.0
6949,2024-07-17,49000.0,6076500.0,125.0,125.5,122.5,125.5,-0.5,35.0
6949,2024-07-18,148000.0,17807000.0,124.5,125.0,118.0,120.5,-5.0,61.0
6949,2024-07-19,38000.0,4456000.0,118.5,119.5,115.0,117.0,-3.5,26.0
6949,2024-07-22,83000.0,8908500.0,116.0,116.5,105.5,105.5,-11.5,69.0
6949,2024-07-23,47000.0,5142500.0,105.5,114.5,104.5,113.5,8.0,39.0
6949,2024-07-26,17000.0,1891000.0,113.0,113.0,109.5,112.5,-1.0,15.0
6949,2024-07-29,3000.0,338000.0,113.0,113.0,112.5,112.5,0.0,3.0
6949,2024-07-30,11000.0,1259000.0,115.0,116.0,113.0,114.0,1.5,8.0
6949,2024-07-31,7000.0,799000.0,115.0,115.0,113.5,113.5,-0.5,7.0
6949,2024-08-01,31000.0,3528000.0,113.5,116.0,112.5,113.5,0.0,27.0
6949,2024-08-02,12000.0,1342000.0,112.5,113.0,110.5,110.5,-3.0,11.0
6949,2024-08-05,75000.0,7531900.0,101.5,105.0,99.5,105.0,-5.5,52.0
6949,2024-08-06,76000.0,7217100.0,100.0,100.0,94.5,99.0,-6.0,57.0
6949,2024-08-07,49000.0,4616900.0,95.8,97.8,91.0,96.4,-2.6,41.0
6949,2024-08-08,7000.0,661500.0,95.3,96.1,93.5,96.1,-0.3,5.0
6949,2024-08-09,28000.0,2787100.0,96.5,103.0,96.5,102.5,6.4,25.0
6949,2024-08-12,30000.0,3072500.0,102.5,103.0,102.0,102.5,0.0,20.0
6949,2024-08-13,24000.0,2449500.0,101.5,103.5,101.5,102.0,-0.5,16.0
6949,2024-08-14,9000.0,913500.0,101.0,102.0,101.0,101.5,-0.5,5.0
6949,2024-08-15,19100.0,1937250.0,101.0,102.0,101.0,102.0,0.5,9.0
6949,2024-08-16,15023.0,1578449.0,102.5,106.0,102.5,106.0,4.0,14.0
6949,2024-08-19,30092.0,3048168.0,102.5,102.5,99.0,101.5,-4.5,19.0
6949,2024-08-20,18000.0,1793700.0,98.2,100.0,98.2,99.9,-1.6,13.0
6949,2024-08-21,19000.0,1900200.0,99.9,100.5,99.6,100.5,0.6,19.0
6949,2024-08-22,23000.0,2296100.0,100.0,100.0,99.0,100.0,-0.5,18.0
6949,2024-08-23,10000.0,1015700.0,105.5,105.5,99.1,102.0,2.0,9.0
6949,2024-08-26,43000.0,4291200.0,100.5,100.5,99.0,99.9,-2.1,26.0
6949,2024-08-27,8000.0,786100.0,99.1,99.1,97.8,97.8,-2.1,8.0
6949,2024-08-28,10000.0,985300.0,96.5,99.2,96.5,99.2,1.4,9.0
6949,2024-08-29,2000.0,196500.0,97.3,99.2,97.3,99.2,0.0,2.0
6949,2024-08-30,5000.0,494500.0,99.0,99.0,98.5,99.0,-0.2,5.0
6949,2024-09-02,10000.0,975400.0,100.5,100.5,96.3,96.8,-2.2,9.0
6949,2024-09-03,18000.0,1701300.0,94.0,96.8,93.9,94.0,-2.8,13.0
6949,2024-09-04,35000.0,3235300.0,89.9,98.9,89.9,91.0,-3.0,30.0
6949,2024-09-05,19000.0,1707800.0,91.2,91.2,89.1,89.2,-1.8,18.0
6949,2024-09-06,1000.0,88800.0,88.8,88.8,88.8,88.8,-0.4,1.0
6949,2024-09-09,50000.0,4314300.0,87.5,88.5,83.0,86.0,-2.8,28.0
6949,2024-09-10,16000.0,1337900.0,85.1,85.1,82.0,84.0,-2.0,16.0
6949,2024-09-11,7000.0,568200.0,81.8,81.8,80.8,80.8,-3.2,7.0
6949,2024-09-12,34000.0,2900500.0,80.8,88.7,80.8,86.7,5.9,30.0
6949,2024-09-13,29000.0,2439900.0,84.9,85.0,83.2,83.2,-3.5,24.0
6949,2024-09-16,64000.0,5117400.0,82.9,82.9,78.0,82.5,-0.7,44.0
6949,2024-09-18,12000.0,990800.0,82.7,84.0,82.0,82.0,-0.5,10.0
6949,2024-09-19,16000.0,1313600.0,82.0,82.5,81.1,81.1,-0.9,14.0
6949,2024-09-20,11000.0,899500.0,82.5,82.5,81.1,82.0,0.9,10.0
6949,2024-09-23,1000.0,82000.0,82.0,82.0,82.0,82.0,0.0,1.0
6949,2024-09-24,16000.0,1301200.0,82.0,82.0,80.8,80.9,-1.1,14.0
6949,2024-09-25,31199.0,2515220.0,81.0,81.0,80.0,81.0,0.1,23.0
6949,2024-09-26,45405.0,3673995.0,81.5,81.6,79.9,79.9,-1.1,36.0
6949,2024-09-27,49131.0,3946193.0,81.9,81.9,79.5,81.0,1.1,31.0
6949,2024-09-30,32100.0,2558910.0,80.0,80.8,79.0,80.8,-0.2,20.0
6949,2024-10-01,10000.0,809200.0,80.0,82.0,80.0,82.0,1.2,7.0
6949,2024-10-04,11000.0,891900.0,81.1,81.2,80.7,80.7,-1.3,8.0
6949,2024-10-07,19000.0,1550400.0,80.1,82.4,80.1,81.5,0.8,10.0
6949,2024-10-08,37200.0,3121460.0,82.0,86.0,81.6,86.0,4.5,33.0
6949,2024-10-09,81000.0,7253800.0,86.0,94.6,86.0,87.2,1.2,60.0
6949,2024-10-11,18000.0,1561300.0,87.2,89.6,83.6,89.6,2.4,17.0
6949,2024-10-14,83271.0,7765045.0,88.9,97.8,88.9,95.8,6.2,51.0
6949,2024-10-15,30325.0,2811400.0,96.0,96.0,92.1,93.5,-2.3,19.0
6949,2024-10-16,9019.0,840976.0,93.5,93.7,90.9,93.7,0.2,10.0
6949,2024-10-17,21000.0,1967900.0,93.8,94.3,91.4,93.7,0.0,15.0
6949,2024-10-18,27029.0,2528228.0,92.8,94.5,92.8,94.1,0.4,17.0
6949,2024-10-21,39000.0,3658800.0,94.2,94.6,92.5,94.0,-0.1,26.0
6949,2024-10-22,32000.0,3001100.0,94.0,94.0,93.0,94.0,0.0,24.0
6949,2024-10-23,96000.0,8982900.0,94.0,94.0,93.5,93.9,-0.1,24.0
6949,2024-10-24,58000.0,5431500.0,94.0,94.0,93.0,93.5,-0.4,27.0
6949,2024-10-25,6000.0,561000.0,93.5,93.5,93.5,93.5,0.0,4.0
6949,2024-10-28,18000.0,1676900.0,93.8,93.8,92.2,92.2,-1.3,15.0
6949,2024-10-29,16000.0,1477200.0,92.0,94.5,92.0,92.0,-0.2,11.0
6949,2024-10-30,10000.0,914000.0,91.3,91.5,91.2,91.5,-0.5,8.0
6949,2024-11-01,10000.0,920700.0,91.1,93.0,91.0,93.0,1.5,10.0
6949,2024-11-04,1000.0,95100.0,95.1,95.1,95.1,95.1,2.1,1.0
6949,2024-11-05,5000.0,469000.0,95.0,95.0,92.1,92.1,-3.0,5.0
6949,2024-11-06,4001.0,368592.0,92.2,92.2,92.1,92.1,0.0,5.0
6949,2024-11-07,9000.0,820600.0,92.1,92.1,91.0,91.0,-1.1,5.0
6949,2024-11-08,3653.0,328470.0,91.0,91.0,89.3,89.3,-1.7,4.0
6949,2024-11-11,5000.0,446500.0,89.3,89.3,89.3,89.3,0.0,5.0
6949,2024-11-12,14000.0,1248600.0,89.3,89.4,89.0,89.0,-0.3,14.0
6949,2024-11-13,19000.0,1683200.0,89.0,89.1,88.0,88.5,-0.5,15.0
6949,2024-11-14,10000.0,873500.0,87.5,87.6,87.0,87.0,-1.5,9.0
6949,2024-11-15,2010.0,175784.0,85.0,89.9,85.0,89.9,2.9,3.0
6949,2024-11-18,2000.0,179200.0,89.5,89.7,89.5,89.7,-0.2,2.0
6949,2024-11-19,9000.0,790200.0,89.9,90.0,86.9,88.6,-1.1,5.0
6949,2024-11-20,1000.0,89800.0,89.8,89.8,89.8,89.8,1.2,1.0
6949,2024-11-21,0.0,0.0,,,,,0.0,0.0
6949,2024-11-22,20000.0,1765300.0,88.1,89.6,87.9,89.6,0.0,12.0
6949,2024-11-25,19000.0,1673000.0,90.6,90.6,87.3,87.3,-2.3,14.0
6949,2024-11-26,3000.0,260800.0,86.6,87.1,86.6,87.1,-0.2,2.0
6949,2024-11-27,7000.0,607900.0,87.1,87.1,86.5,86.5,-0.6,7.0
6949,2024-11-28,23000.0,1918800.0,85.0,85.5,83.0,85.5,-1.0,17.0
6949,2024-11-29,0.0,0.0,,,,,0.0,0.0
6949,2024-12-02,681000.0,61290000.0,,,,,0.0,1.0
6949,2024-12-03,14000.0,1203600.0,85.9,86.1,85.6,86.0,0.0,14.0
6949,2024-12-04,0.0,0.0,,,,,0.0,0.0
6949,2024-12-05,29000.0,2429600.0,85.7,87.0,83.1,87.0,0.0,12.0
6949,2024-12-06,5000.0,430600.0,85.1,87.8,85.1,87.5,0.5,5.0
6949,2024-12-09,4000.0,342500.0,85.6,85.8,85.5,85.6,-1.9,4.0
6949,2024-12-10,16000.0,1369100.0,85.6,85.6,85.3,85.4,-0.2,16.0
6949,2024-12-11,17000.0,1440200.0,85.4,85.4,84.5,84.5,-0.9,6.0
6949,2024-12-12,36000.0,3075600.0,89.4,89.4,84.1,84.2,-0.3,28.0
6949,2024-12-13,6000.0,505500.0,84.5,84.5,84.2,84.2,0.0,6.0
6949,2024-12-16,50000.0,4061300.0,82.6,83.8,80.1,83.8,-0.4,31.0
6949,2024-12-17,58000.0,4705900.0,83.8,83.8,79.7,83.7,-0.1,36.0
6949,2024-12-18,21000.0,1714100.0,82.0,83.5,81.0,83.0,-0.7,11.0
6949,2024-12-19,35000.0,2845100.0,82.0,83.5,78.3,83.5,0.5,34.0
6949,2024-12-20,11000.0,897100.0,80.6,83.3,80.5,80.6,-2.9,9.0
6949,2024-12-23,10000.0,820500.0,82.6,82.6,80.8,80.8,0.2,6.0
6949,2024-12-24,7000.0,565000.0,82.0,82.0,80.0,81.2,0.4,7.0
6949,2024-12-25,16000.0,1284300.0,80.6,83.0,80.0,83.0,1.8,7.0
6949,2024-12-26,9000.0,724900.0,81.2,82.5,80.0,82.5,-0.5,8.0
6949,2024-12-27,16000.0,1291100.0,80.0,82.3,79.9,82.0,-0.5,16.0
6949,2024-12-30,17000.0,1375100.0,80.8,83.5,80.1,80.1,-1.9,13.0
6949,2024-12-31,53000.0,4254700.0,80.0,82.0,80.0,81.7,1.6,47.0
6949,2025-01-02,6000.0,482600.0,81.6,81.6,80.0,80.0,-1.7,6.0
6949,2025-01-03,35000.0,2803600.0,80.5,80.6,79.9,80.6,0.6,27.0
6949,2025-01-06,43062.0,3534122.0,81.5,83.5,81.0,81.0,0.4,40.0
6949,2025-01-07,20000.0,1611000.0,81.0,81.8,80.0,81.8,0.8,16.0
6949,2025-01-08,45000.0,3621600.0,81.8,81.8,79.9,80.4,-1.4,24.0
6949,2025-01-09,3000.0,239700.0,79.5,80.1,79.5,80.1,-0.3,3.0
6949,2025-01-10,78153.0,6266317.0,80.3,81.8,79.5,80.0,-0.1,62.0
6949,2025-01-13,4103.0,324234.0,78.6,80.2,78.5,80.2,0.2,7.0
6949,2025-01-14,0.0,0.0,,,,,0.0,0.0
6949,2025-01-15,3000.0,238500.0,79.0,80.0,79.0,80.0,0.0,3.0
6949,2025-01-16,9000.0,721600.0,80.5,80.5,80.0,80.0,0.0,9.0
6949,2025-01-17,7000.0,557500.0,79.2,80.2,79.2,79.3,-0.7,7.0
6949,2025-01-20,29020.0,2301308.0,80.0,80.0,79.0,79.0,-0.3,37.0
6949,2025-01-21,42008.0,3328644.0,80.8,80.8,78.5,79.0,0.0,38.0
6949,2025-01-22,32000.0,2531800.0,79.2,79.8,79.0,79.0,0.0,27.0
6949,2025-02-03,48466.0,3939707.0,79.5,83.0,78.5,83.0,4.0,46.0
6949,2025-02-04,13100.0,1088317.0,84.0,84.0,82.8,83.0,0.0,15.0
6949,2025-02-05,64000.0,5388900.0,83.3,88.8,83.0,88.8,5.8,58.0
6949,2025-02-06,114217.0,11015248.0,90.9,97.6,90.9,97.6,8.8,71.0
6949,2025-02-07,121148.0,12645384.0,103.0,106.5,100.0,102.0,4.4,111.0
6949,2025-02-10,60401.0,6084192.0,102.0,102.0,100.0,102.0,0.0,34.0
6949,2025-02-11,44170.0,4506375.0,102.0,103.5,100.5,102.0,0.0,39.0
6949,2025-02-12,245744.0,27419775.0,108.0,112.0,108.0,112.0,10.0,202.0
6949,2025-02-13,277674.0,34145402.0,123.0,123.0,118.5,123.0,11.0,151.0
6949,2025-02-14,462083.0,60868967.0,132.5,135.0,126.0,130.0,7.0,335.0
6949,2025-02-17,360515.0,46119724.0,131.0,135.0,123.0,130.5,0.5,335.0
6949,2025-02-18,100026.0,12803340.0,130.0,130.0,126.5,129.5,-1.0,97.0
6949,2025-02-19,250481.0,31397305.0,127.0,129.0,122.5,129.0,-0.5,156.0
6949,2025-02-20,245068.0,32294999.0,129.0,134.5,129.0,133.0,4.0,210.0
6949,2025-02-21,556012.0,79444951.0,135.5,146.0,135.0,146.0,13.0,520.0
6949,2025-02-24,520423.0,81121840.0,150.0,160.5,149.0,159.0,13.0,2068.0
6949,2025-02-25,294526.0,46247206.0,157.0,163.5,152.5,155.5,-3.5,329.0
6949,2025-02-26,136052.0,20828878.0,155.5,156.0,150.0,154.5,-1.0,151.0
6949,2025-02-27,240593.0,37657325.0,157.0,159.5,152.0,157.5,3.0,227.0
6949,2025-03-03,208663.0,31352676.0,155.0,156.5,145.5,152.0,-5.5,310.0
6949,2025-03-04,207443.0,31741987.0,149.0,157.0,148.0,155.5,3.5,180.0
6949,2025-03-05,88222.0,13442325.0,154.5,154.5,151.0,152.0,-3.5,85.0
6949,2025-03-06,93637.0,14150336.0,155.5,155.5,150.0,150.5,-1.5,88.0
6949,2025-03-07,56766.0,8563200.0,149.0,153.5,149.0,150.0,-0.5,58.0
6949,2025-03-10,174971.0,25398678.0,150.0,150.0,140.0,148.0,-2.0,143.0
6949,2025-03-11,109619.0,15767838.0,142.0,148.0,138.5,145.5,-2.5,109.0
6949,2025-03-12,54902.0,7893808.0,145.5,146.5,142.0,145.5,0.0,58.0
6949,2025-03-13,90589.0,12931372.0,145.5,146.0,139.0,143.5,-2.0,192.0
6949,2025-03-14,107934.0,15179106.0,143.5,145.0,137.5,145.0,1.5,116.0
6949,2025-03-17,51654.0,7386549.0,145.0,145.0,142.0,142.0,-3.0,129.0
6949,2025-03-18,72132.0,10104855.0,140.5,141.0,139.5,141.0,-1.0,394.0
6949,2025-03-19,199821.0,27137564.0,139.0,139.0,133.0,135.5,-5.5,317.0
6949,2025-03-20,323240.0,47327255.0,135.0,149.0,133.5,149.0,13.5,357.0
6949,2025-03-21,202894.0,29971736.0,150.0,153.0,142.5,146.5,-2.5,199.0
6949,2025-03-24,130392.0,18565248.0,150.5,150.5,140.0,144.0,-2.5,118.0
6949,2025-03-25,147660.0,21066981.0,145.0,147.0,140.0,145.0,1.0,119.0
6949,2025-03-26,164234.0,24504341.0,144.5,154.5,142.0,151.5,6.5,132.0
6949,2025-03-27,62128.0,9080058.0,149.0,149.0,145.0,145.0,-6.5,76.0
6949,2025-03-28,126372.0,17867372.0,143.0,147.5,138.0,142.5,-2.5,117.0
6949,2025-03-31,126006.0,17751779.0,138.0,145.5,136.0,143.0,0.5,105.0
6949,2025-04-01,40195.0,5645457.0,139.0,142.5,139.0,141.0,-2.0,40.0
6949,2025-04-02,25708.0,3607533.0,141.0,141.5,139.5,141.5,0.5,43.0
6949,2025-04-07,9460.0,1206146.0,127.5,127.5,127.5,127.5,-14.0,29.0
6949,2025-04-08,156895.0,18324160.0,116.0,120.0,115.0,117.0,-10.5,164.0
6949,2025-04-09,111569.0,11864614.0,105.5,110.0,105.5,105.5,-11.5,124.0
6949,2025-04-10,16902.0,1954632.0,115.0,116.0,115.0,116.0,10.5,18.0
6949,2025-04-11,78712.0,9001511.0,115.0,118.5,110.0,117.0,1.0,78.0
6949,2025-04-14,115761.0,13633731.0,122.5,124.0,112.5,117.5,0.5,108.0
6949,2025-04-15,61791.0,7578011.0,117.5,128.5,117.0,127.0,9.5,70.0
6949,2025-04-16,33305.0,4168302.0,125.5,125.5,123.5,125.0,-2.0,44.0
6949,2025-04-17,136417.0,17698995.0,123.0,135.0,122.5,125.5,0.5,116.0
6949,2025-04-18,20020.0,2504510.0,126.0,126.5,123.0,125.5,0.0,19.0
6949,2025-04-21,63150.0,7652246.0,122.0,123.0,118.5,122.5,-3.0,47.0
6949,2025-04-22,85064.0,10321873.0,121.0,124.5,119.0,122.0,-0.5,58.0
6949,2025-04-23,73145.0,8987992.0,123.5,127.5,121.5,123.0,1.0,50.0
6949,2025-04-24,24182.0,2942383.0,122.5,123.0,121.0,122.0,-1.0,21.0
6949,2025-04-25,79314.0,9608322.0,123.0,124.0,120.0,121.0,-1.0,76.0
6949,2025-04-28,71872.0,8985887.0,121.0,127.0,121.0,127.0,6.0,72.0
6949,2025-04-29,42124.0,5406374.0,127.0,129.5,127.0,129.0,2.0,49.0
6949,2025-04-30,95971.0,12564685.0,129.0,135.0,126.0,128.5,-0.5,95.0
6949,2025-05-02,61221.0,7883803.0,125.5,132.0,125.5,132.0,3.5,51.0
6949,2025-05-05,78494.0,9987373.0,131.5,131.5,124.0,130.0,-2.0,73.0
6949,2025-05-06,16000.0,2047000.0,126.5,129.5,126.5,129.5,-0.5,13.0
6949,2025-05-07,46575.0,5835790.0,126.0,127.5,124.0,124.0,-5.5,67.0
6949,2025-05-08,33278.0,4148517.0,124.0,128.0,123.5,125.0,1.0,31.0
6949,2025-05-09,48020.0,5942970.0,124.0,125.0,122.5,125.0,0.0,40.0
6949,2025-05-12,209129.0,27727449.0,125.5,136.0,125.5,133.0,8.0,173.0
6949,2025-05-13,112703.0,14991874.0,134.5,135.0,130.0,134.0,1.0,91.0
6949,2025-05-14,182612.0,23447394.0,132.5,132.5,126.0,130.0,-4.0,340.0
6949,2025-05-15,131453.0,16881491.0,128.5,130.5,126.0,130.0,0.0,97.0
6949,2025-05-16,53463.0,6815521.0,127.5,129.0,126.0,128.5,-1.5,56.0
6949,2025-05-19,13050.0,1655900.0,127.0,128.5,126.0,128.0,-0.5,13.0
6949,2025-05-20,16310.0,2068319.0,128.0,128.0,126.5,127.0,-1.0,14.0
6949,2025-05-21,151060.0,19008631.0,125.5,128.0,125.0,126.5,-0.5,62.0
6949,2025-05-22,46006.0,5880268.0,125.5,128.5,125.5,127.0,0.5,26.0
6949,2025-05-23,8106.0,1041121.0,128.5,128.5,128.0,128.0,1.0,17.0
6949,2025-05-26,82503.0,10759126.0,128.0,133.5,128.0,132.0,4.0,143.0
6949,2025-05-27,24802.0,3221159.0,131.0,131.0,129.0,130.5,-1.5,24.0
6949,2025-05-28,100037.0,13358170.0,131.0,136.0,131.0,136.0,5.5,84.0
6949,2025-05-29,46270.0,6237186.0,136.0,136.0,132.5,136.0,0.0,43.0
6949,2025-06-02,51552.0,6834445.0,133.5,134.5,130.5,134.5,-1.5,45.0
6949,2025-06-03,75079.0,10168748.0,133.0,137.0,133.0,137.0,2.5,58.0
6949,2025-06-04,169266.0,23569768.0,136.5,140.0,136.5,139.0,2.0,156.0
6949,2025-06-05,86351.0,12025513.0,139.5,139.5,139.0,139.0,0.0,64.0
6949,2025-06-06,105470.0,14754209.0,138.0,140.5,138.0,139.5,0.5,70.0
6949,2025-06-09,73285.0,10166461.0,139.5,139.5,137.5,138.5,-1.0,53.0
6949,2025-06-10,114485.0,15647288.0,137.0,138.0,135.5,137.5,-1.0,75.0
6949,2025-06-11,114558.0,16051809.0,142.5,142.5,136.0,142.0,4.5,87.0
6949,2025-06-12,124717.0,17384572.0,139.0,141.0,137.5,138.0,-4.0,74.0
6949,2025-06-13,52040.0,7283145.0,137.5,141.0,137.5,140.0,2.0,37.0
6949,2025-06-16,35202.0,4911673.0,143.0,143.0,137.5,140.0,0.0,34.0
6949,2025-06-17,21080.0,2908725.0,138.0,139.5,136.5,139.5,-0.5,20.0
6949,2025-06-18,26046.0,3588451.0,138.0,138.0,137.5,137.5,-2.0,25.0
6949,2025-06-19,105477.0,14194894.0,137.0,137.0,132.5,135.5,-2.0,79.0
6949,2025-06-20,60513.0,7985975.0,139.0,139.0,128.0,133.0,-2.5,54.0
6949,2025-06-23,30500.0,4004749.0,127.0,134.0,127.0,134.0,1.0,29.0
6949,2025-06-24,88182.0,11959811.0,131.5,137.0,131.5,137.0,3.0,60.0
6949,2025-06-25,40326.0,5450964.0,136.5,137.0,133.5,135.5,-1.5,41.0
6949,2025-06-26,44100.0,5980200.0,135.5,137.5,133.0,136.0,0.5,32.0
6949,2025-06-27,220947.0,30883915.0,136.0,142.0,136.0,140.0,4.0,148.0
6949,2025-06-30,318780.0,47311648.0,143.0,154.0,143.0,151.0,11.0,480.0
6949,2025-07-01,316903.0,48888056.0,151.0,158.0,149.5,155.5,4.5,304.0
6949,2025-07-02,244248.0,38476825.0,155.5,160.5,154.0,158.5,3.0,305.0
6949,2025-07-03,219346.0,35120066.0,162.0,163.5,157.0,157.0,-1.5,708.0
6949,2025-07-04,152692.0,23734132.0,159.0,159.0,151.0,157.5,0.5,123.0
6949,2025-07-07,93118.0,14491908.0,164.0,164.0,154.0,155.5,-2.0,56.0
6949,2025-07-08,63508.0,9726290.0,159.0,159.0,151.5,153.0,-2.5,48.0
6949,2025-07-09,82207.0,12809306.0,153.0,158.5,153.0,157.5,4.5,61.0
6949,2025-07-10,166754.0,26606915.0,157.0,162.0,156.5,160.5,3.0,128.0
6949,2025-07-11,140917.0,22609168.0,160.5,162.5,157.0,159.5,-1.0,192.0
6949,2025-07-14,86431.0,13567616.0,156.0,159.0,155.0,159.0,-0.5,49.0
6949,2025-07-15,95133.0,14926639.0,158.5,159.0,154.5,159.0,0.0,45.0
6949,2025-07-16,192152.0,30635318.0,160.0,161.0,156.5,160.0,1.0,108.0
6949,2025-07-17,62003.0,9848480.0,160.0,160.5,157.0,159.0,-1.0,44.0
6949,2025-07-18,78329.0,12390717.0,159.0,160.0,156.5,158.5,-0.5,177.0
6949,2025-07-21,87500.0,13758800.0,156.0,159.0,155.5,158.0,-0.5,60.0
6949,2025-07-22,160695.0,25180791.0,157.0,159.0,154.0,156.0,-2.0,98.0
6949,2025-07-23,119180.0,18762100.0,156.5,159.5,155.0,156.0,0.0,82.0
6949,2025-07-24,357341.0,58794168.0,156.0,171.5,156.0,170.0,14.0,1528.0
6949,2025-07-25,373196.0,63174267.0,168.0,180.0,164.0,169.0,-1.0,268.0
6949,2025-07-28,86379.0,14517338.0,166.5,171.0,164.0,169.0,0.0,80.0
6949,2025-07-29,44879.0,7566963.0,171.5,171.5,167.5,169.0,0.0,37.0
6949,2025-07-30,598839.0,107457485.0,169.0,185.5,169.0,185.5,16.5,1520.0
6949,2025-07-31,454590.0,86867750.0,189.0,198.0,183.5,193.0,7.5,2115.0
6949,2025-08-01,399027.0,82156494.0,190.0,212.0,190.0,212.0,19.0,417.0
6949,2025-08-04,153573.0,35782509.0,233.0,233.0,233.0,233.0,21.0,86.0
6949,2025-08-05,75724.0,19385344.0,256.0,256.0,256.0,256.0,23.0,106.0
6949,2025-08-06,69571.0,19584235.0,281.5,281.5,281.5,281.5,25.5,95.0
6949,2025-08-07,899257.0,277579516.0,309.5,309.5,296.0,309.5,28.0,737.0
6949,2025-08-08,723820.0,238643017.0,315.0,339.5,315.0,339.0,29.5,643.0
6949,2025-08-11,598958.0,209535738.0,340.0,366.5,326.0,360.0,21.0,638.0
6949,2025-08-12,355697.0,136010402.0,360.0,395.0,360.0,395.0,35.0,322.0
6949,2025-08-13,261822.0,99327290.0,395.0,414.0,355.5,355.5,-39.5,378.0
6949,2025-08-14,535179.0,185809668.0,330.0,360.5,330.0,355.5,0.0,448.0
6949,2025-08-15,196479.0,69597489.0,356.0,357.0,350.0,351.0,-4.5,187.0
6949,2025-08-18,350922.0,119904883.0,355.0,355.0,336.5,341.0,-10.0,316.0
6949,2025-08-19,273495.0,94687932.0,344.0,350.0,339.0,350.0,9.0,197.0
6949,2025-08-20,279700.0,96540062.0,350.0,350.0,342.0,345.0,-5.0,155.0
6949,2025-08-21,412417.0,145223411.0,345.0,355.5,345.0,355.5,10.5,176.0
6949,2025-08-22,340265.0,128972785.0,365.0,391.0,365.0,391.0,35.5,155.0
6949,2025-08-25,1064421.0,429438844.0,428.0,428.0,385.0,390.0,-1.0,470.0
6949,2025-08-26,1029764.0,396256048.0,392.5,400.0,360.5,394.0,4.0,757.0
6949,2025-08-27,593633.0,248463911.0,394.0,433.0,386.0,428.0,34.0,1112.0
6949,2025-08-28,458869.0,198105768.0,439.0,458.0,415.5,420.0,-8.0,607.0
6949,2025-08-29,286282.0,117902267.0,423.0,425.0,400.5,403.5,-16.5,448.0
6949,2025-09-01,198276.0,77627345.0,405.0,405.0,381.0,391.0,-12.5,263.0
6949,2025-09-02,195603.0,75405977.0,400.0,404.0,372.0,394.5,3.5,266.0
6949,2025-09-03,145004.0,57211631.0,397.0,408.0,386.0,408.0,13.5,186.0
6949,2025-09-04,192418.0,79197069.0,419.5,419.5,403.5,410.0,2.0,247.0
6949,2025-09-05,590806.0,258623866.0,410.0,451.0,410.0,451.0,41.0,1697.0
6949,2025-09-08,602877.0,289837000.0,465.0,495.0,452.0,492.0,41.0,1251.0
6949,2025-09-09,353557.0,174237341.0,492.0,505.0,482.0,490.0,-2.0,602.0
6949,2025-09-10,609999.0,286820504.0,498.0,498.0,452.5,454.5,-35.5,879.0
6949,2025-09-11,372464.0,164190478.0,445.0,454.5,432.5,434.0,-20.5,492.0
6949,2025-09-12,274608.0,119155728.0,422.0,448.0,420.0,440.5,6.5,323.0
6949,2025-09-15,310167.0,128479156.0,440.5,440.5,402.0,425.0,-15.5,469.0
6949,2025-09-16,118458.0,49536419.0,425.0,425.0,413.5,419.5,-5.5,195.0
6949,2025-09-17,230414.0,97238903.0,409.0,433.0,408.5,421.5,2.0,230.0
6949,2025-09-18,120826.0,50028104.0,410.5,418.5,410.0,412.5,-9.0,139.0
6949,2025-09-19,308394.0,127608578.0,412.0,439.5,398.0,439.5,27.0,284.0
6949,2025-09-22,146640.0,62109768.0,438.0,438.0,418.0,418.5,-21.0,204.0
6949,2025-09-23,116128.0,48708906.0,418.5,426.5,408.5,421.0,2.5,163.0
6949,2025-09-24,117466.0,48038561.0,412.0,416.5,404.0,408.0,-13.0,185.0
6949,2025-09-25,58587.0,24115495.0,422.0,422.0,407.5,408.0,0.0,84.0
6949,2025-09-26,286399.0,115310126.0,410.0,410.0,392.5,402.0,-6.0,279.0
6949,2025-09-30,95195.0,39081445.0,401.0,420.0,401.0,409.5,7.5,109.0
6949,2025-10-01,49205.0,19892592.0,403.0,408.0,402.0,403.5,-6.0,99.0
6949,2025-10-02,51754.0,20889397.0,403.5,410.0,394.0,403.5,0.0,104.0
6949,2025-10-03,46549.0,18698931.0,403.5,404.0,398.0,403.5,0.0,90.0
6949,2025-10-07,141202.0,56370575.0,409.5,409.5,394.0,400.0,-3.5,188.0
6949,2025-10-08,165134.0,64322282.0,398.5,398.5,384.0,395.5,-4.5,303.0
6949,2025-10-09,216744.0,85205273.0,395.5,399.5,387.0,389.0,-6.5,139.0
6949,2025-10-13,140066.0,53282834.0,369.0,389.0,369.0,389.0,0.0,168.0
6949,2025-10-14,150171.0,56787520.0,381.5,386.5,372.0,372.0,-17.0,199.0
6949,2025-10-15,279749.0,100245160.0,369.0,371.0,345.0,370.0,-2.0,333.0
6949,2025-10-16,85722.0,31204284.0,363.5,370.0,358.0,365.0,-5.0,117.0
6949,2025-10-17,154736.0,56690337.0,366.0,382.0,355.5,359.0,-6.0,185.0
6949,2025-10-20,91223.0,33181360.0,353.0,380.0,350.0,362.5,3.5,121.0
6949,2025-10-21,118983.0,43107415.0,366.0,370.0,356.0,359.0,-3.5,92.0
6949,2025-10-22,235339.0,82838351.0,358.0,359.0,345.5,355.0,-4.0,180.0
6949,2025-10-23,51737.0,18203484.0,350.0,356.0,349.0,356.0,1.0,65.0
6949,2025-10-27,92523.0,33820988.0,355.0,378.0,351.5,368.0,12.0,115.0
6949,2025-10-28,53936.0,19539521.0,365.0,368.0,358.0,367.0,-1.0,90.0
6949,2025-10-29,69066.0,25683174.0,367.0,378.5,367.0,374.0,7.0,100.0
6949,2025-10-30,54239.0,19657174.0,367.0,368.0,360.0,361.0,-13.0,69.0
6949,2025-10-31,52738.0,19012530.0,359.0,370.0,355.0,366.0,5.0,80.0
6949,2025-11-03,99229.0,37187222.0,363.0,384.5,363.0,376.5,10.5,122.0
6949,2025-11-04,47442.0,17496899.0,376.5,380.0,363.5,370.0,-6.5,79.0
6949,2025-11-05,43539.0,15690303.0,362.5,366.0,355.0,360.0,-10.0,51.0
6949,2025-11-06,50722.0,18359854.0,360.0,372.0,358.0,372.0,12.0,76.0
6949,2025-11-07,49550.0,18267539.0,365.0,372.0,365.0,370.0,-2.0,57.0
6949,2025-11-10,120159.0,43980494.0,362.5,378.5,354.0,369.0,-1.0,85.0
6949,2025-11-11,198428.0,75618996.0,369.0,392.0,367.5,385.0,16.0,197.0
6949,2025-11-12,136144.0,53276705.0,385.0,400.0,384.5,386.5,1.5,299.0
6949,2025-11-13,78417.0,29922715.0,385.5,386.0,378.5,380.0,-6.5,103.0
6949,2025-11-14,39178.0,14875818.0,375.5,383.0,374.0,380.0,0.0,50.0
6949,2025-11-17,71285.0,26944240.0,393.0,393.0,370.0,380.0,0.0,72.0
6949,2025-11-18,219767.0,80445761.0,378.0,378.0,354.5,367.0,-13.0,393.0
6949,2025-11-19,160023.0,57203492.0,359.5,365.0,351.0,359.0,-8.0,182.0
6949,2025-11-20,95308.0,34896402.0,362.0,372.0,359.0,366.0,7.0,99.0
6949,2025-11-21,61103.0,21864568.0,358.0,364.0,354.0,364.0,-2.0,83.0
6949,2025-11-24,42580.0,15275652.0,365.0,365.5,353.0,353.0,-11.0,74.0
6949,2025-11-25,76695.0,27481715.0,353.5,365.5,353.5,362.5,9.5,106.0
6949,2025-11-26,202120.0,75592722.0,354.0,382.0,354.0,380.0,17.5,154.0
6949,2025-11-27,83347.0,32022319.0,376.0,392.0,376.0,381.0,1.0,80.0
6949,2025-11-28,103161.0,39030245.0,380.0,383.0,376.0,382.0,1.0,86.0
6949,2025-12-01,78322.0,29547029.0,381.5,381.5,374.0,380.0,-2.0,76.0
6949,2025-12-02,219751.0,82951887.0,374.5,385.0,372.5,381.0,1.0,204.0
6949,2025-12-03,33026.0,12498541.0,382.0,382.0,376.0,378.0,-3.0,46.0
6949,2025-12-04,85952.0,32063750.0,378.0,378.0,371.0,373.5,-4.5,79.0
6949,2025-12-05,126528.0,46691904.0,373.5,375.5,364.5,367.0,-6.5,134.0
6949,2025-12-08,358213.0,125900606.0,360.0,367.0,342.0,352.0,-15.0,397.0
6949,2025-12-09,196443.0,68708363.0,352.0,356.0,342.0,352.0,0.0,169.0
6949,2025-12-10,174300.0,64735175.0,353.0,379.0,353.0,372.0,0.0,239.0
6949,2025-12-11,82127.0,31010671.0,384.5,384.5,372.5,377.0,5.0,149.0
6949,2025-12-12,212377.0,81562943.0,380.0,389.0,373.5,385.0,8.0,207.0
6949,2025-12-15,204092.0,79214384.0,375.0,398.0,375.0,398.0,13.0,227.0
6949,2025-12-16,192951.0,73307380.0,396.5,396.5,370.5,382.0,-16.0,322.0
6949,2025-12-17,102030.0,39039456.0,382.0,388.0,379.0,381.0,-1.0,92.0
6949,2025-12-18,116746.0,43677029.0,377.5,381.0,370.0,373.0,-8.0,109.0
6949,2025-12-19,126320.0,45921086.0,369.5,370.0,360.0,360.0,-13.0,157.0
6949,2025-12-22,136973.0,48802894.0,363.0,366.0,349.0,354.5,-5.5,247.0
6949,2025-12-23,82285.0,29300433.0,359.5,361.5,352.5,355.0,0.5,152.0
6949,2025-12-24,228138.0,82650907.0,357.0,368.0,355.0,359.0,4.0,271.0
6949,2025-12-26,106428.0,38135214.0,358.0,365.0,353.0,359.0,0.0,209.0
6949,2025-12-29,153704.0,53988314.0,359.0,361.5,343.5,351.5,-7.5,363.0
6949,2025-12-30,226720.0,78142346.0,346.5,351.5,337.0,343.5,-8.0,335.0
6949,2025-12-31,44280.0,15235120.0,343.5,347.5,342.5,342.5,-1.0,91.0
6949,2026-01-02,479768.0,153319053.0,342.5,345.0,308.5,308.5,-34.0,803.0
6949,2026-01-05,280029.0,89979206.0,320.0,333.0,315.0,317.0,8.5,293.0
6949,2026-01-06,212393.0,67703552.0,317.0,322.0,314.5,319.0,2.0,918.0
6949,2026-01-07,163054.0,53708886.0,318.0,336.0,318.0,326.5,7.5,220.0
6949,2026-01-08,246165.0,83007550.0,332.5,346.5,325.0,336.5,10.0,294.0
6949,2026-01-09,73310.0,24584740.0,336.0,341.5,330.0,333.5,-3.0,99.0
6949,2026-01-12,83453.0,27672710.0,332.0,336.0,327.0,327.0,-6.5,138.0
6949,2026-01-13,679555.0,224684211.0,317.0,348.0,315.5,332.5,5.5,602.0
6949,2026-01-14,215607.0,72353972.0,331.5,338.0,327.0,338.0,5.5,171.0
6949,2026-01-15,273382.0,96170196.0,338.0,359.0,337.5,351.0,13.0,409.0
6949,2026-01-16,175460.0,62878078.0,352.5,363.0,352.5,360.0,9.0,224.0
6949,2026-01-19,433924.0,163486755.0,359.5,385.0,359.5,379.5,19.5,503.0
6949,2026-01-20,610436.0,246867427.0,380.0,417.0,380.0,415.5,36.0,1001.0
6949,2026-01-21,538552.0,235864162.0,429.5,445.0,429.5,433.0,17.5,1864.0
6949,2026-01-22,337418.0,151129096.0,437.5,457.5,437.5,443.0,10.0,462.0
6949,2026-01-23,319543.0,139112707.0,444.0,449.0,426.0,430.0,-13.0,470.0
6949,2026-01-26,578263.0,265250229.0,435.5,473.0,426.0,473.0,43.0,654.0
6949,2026-01-27,637182.0,323991122.0,490.0,520.0,489.5,513.0,40.0,1310.0
6949,2026-01-28,582931.0,320079859.0,520.0,563.0,515.0,560.0,47.0,1587.0
6949,2026-01-29,243685.0,143544249.0,590.0,610.0,561.0,585.0,25.0,547.0
6949,2026-01-30,190481.0,111056269.0,590.0,600.0,562.0,600.0,15.0,377.0
6949,2026-02-02,400758.0,242835451.0,588.0,620.0,585.0,601.0,1.0,516.0
6949,2026-02-03,83247.0,49224711.0,615.0,615.0,587.0,589.0,-12.0,168.0
6949,2026-02-04,130868.0,80295376.0,589.0,620.0,589.0,620.0,31.0,197.0
6949,2026-02-05,121617.0,78566023.0,620.0,653.0,620.0,648.0,28.0,265.0
6949,2026-02-06,156413.0,104496532.0,648.0,679.0,648.0,679.0,31.0,304.0
6949,2026-02-09,106632.0,74005469.0,695.0,698.0,685.0,685.0,6.0,230.0
6949,2026-02-10,67895.0,46722860.0,660.0,695.0,660.0,688.0,3.0,143.0
6949,2026-02-11,82606.0,56170015.0,688.0,688.0,662.0,678.0,-10.0,229.0
6949,2026-02-23,118525.0,77983698.0,651.0,680.0,650.0,660.0,-18.0,221.0
6949,2026-02-24,74873.0,50891169.0,660.0,690.0,655.0,690.0,30.0,152.0
6949,2026-02-25,60188.0,41513837.0,690.0,700.0,680.0,690.0,0.0,149.0
6949,2026-02-26,644568.0,439113747.0,715.0,758.0,621.0,695.0,5.0,1008.0
6949,2026-03-02,401880.0,276657108.0,694.0,718.0,665.0,690.0,-5.0,565.0
6949,2026-03-03,882629.0,586509179.0,690.0,694.0,630.0,638.0,-52.0,1054.0
6949,2026-03-04,425198.0,261541295.0,622.0,632.0,602.0,613.0,-25.0,611.0
6949,2026-03-05,480721.0,289415385.0,617.0,648.0,585.0,591.0,-22.0,688.0
6949,2026-03-06,464179.0,264274374.0,570.0,595.0,545.0,564.0,-27.0,675.0
6949,2026-03-09,301069.0,161289298.0,508.0,560.0,508.0,560.0,-4.0,401.0
6949,2026-03-10,294798.0,169201091.0,586.0,605.0,558.0,575.0,15.0,398.0
6949,2026-03-11,147283.0,87611106.0,575.0,610.0,570.0,599.0,24.0,643.0
6949,2026-03-12,194281.0,112336165.0,599.0,603.0,563.0,577.0,-22.0,622.0
6949,2026-03-13,152514.0,86784049.0,562.0,579.0,557.0,574.0,-3.0,192.0
6949,2026-03-16,122322.0,69974737.0,567.0,584.0,563.0,565.0,-9.0,195.0
6949,2026-03-17,143909.0,81738574.0,565.0,585.0,556.0,562.0,-3.0,224.0
6949,2026-03-18,178343.0,103255793.0,560.0,593.0,560.0,583.0,21.0,241.0
6949,2026-03-19,152924.0,88275590.0,573.0,589.0,565.0,583.0,0.0,245.0
6949,2026-03-20,224449.0,126857488.0,581.0,584.0,557.0,569.0,-14.0,497.0
6949,2026-03-23,227700.0,126674778.0,541.0,575.0,541.0,545.0,-24.0,339.0
6949,2026-03-24,404906.0,212876034.0,545.0,562.0,509.0,525.0,-20.0,530.0
6949,2026-03-25,142625.0,78386697.0,565.0,568.0,527.0,568.0,43.0,218.0
6949,2026-03-26,178861.0,103207125.0,570.0,589.0,567.0,579.0,11.0,533.0
6949,2026-03-27,108511.0,62017819.0,579.0,584.0,563.0,567.0,-12.0,259.0
6949,2026-03-30,80409.0,45362440.0,550.0,573.0,549.0,570.0,3.0,126.0
6949,2026-03-31,187139.0,104606195.0,572.0,572.0,548.0,561.0,-9.0,318.0
6949,2026-04-01,133258.0,76607358.0,560.0,587.0,560.0,570.0,9.0,190.0
6949,2026-04-02,103713.0,58479366.0,578.0,578.0,556.0,562.0,-8.0,432.0
6949,2026-04-07,183421.0,107496227.0,566.0,606.0,562.0,592.0,30.0,360.0
6949,2026-04-08,195396.0,117032069.0,592.0,608.0,585.0,608.0,16.0,425.0
6949,2026-04-09,171213.0,105519997.0,609.0,628.0,602.0,623.0,15.0,267.0
6949,2026-04-10,340566.0,222265830.0,634.0,671.0,633.0,647.0,24.0,562.0
6949,2026-04-13,453187.0,319201778.0,676.0,711.0,661.0,711.0,64.0,1845.0
6949,2026-04-14,613278.0,460313073.0,735.0,782.0,709.0,782.0,71.0,2180.0
6949,2026-04-15,477289.0,380836403.0,810.0,828.0,763.0,775.0,-7.0,850.0
6949,2026-04-16,202180.0,157394151.0,767.0,800.0,760.0,780.0,5.0,437.0
6949,2026-04-17,71355.0,55022126.0,767.0,799.0,761.0,770.0,-10.0,179.0
6949,2026-04-20,70892.0,55727532.0,775.0,800.0,775.0,800.0,30.0,168.0
6949,2026-04-21,83023.0,66278038.0,804.0,804.0,790.0,798.0,-2.0,196.0
6949,2026-04-22,128102.0,104543470.0,808.0,860.0,791.0,860.0,62.0,348.0
6949,2026-04-23,176633.0,150686902.0,929.0,929.0,801.0,865.0,5.0,416.0
6949,2026-04-24,114184.0,99798608.0,925.0,925.0,840.0,840.0,-25.0,252.0
6949,2026-04-27,252866.0,193548228.0,839.0,839.0,756.0,756.0,-84.0,560.0
6949,2026-04-28,71404.0,55138754.0,756.0,786.0,756.0,766.0,10.0,145.0
6949,2026-04-29,94868.0,75192308.0,780.0,817.0,771.0,787.0,21.0,178.0
6949,2026-04-30,74557.0,57996413.0,778.0,792.0,771.0,771.0,-16.0,157.0
6949,2026-05-04,368017.0,283621084.0,764.0,805.0,731.0,758.0,-13.0,526.0
6949,2026-05-05,836279.0,615736186.0,790.0,810.0,684.0,779.0,21.0,1214.0
6949,2026-05-06,753474.0,571563962.0,856.0,856.0,702.0,702.0,-77.0,1532.0
6949,2026-05-07,309753.0,213283249.0,686.0,706.0,670.0,684.0,-18.0,740.0
6949,2026-05-08,186257.0,126899517.0,684.0,709.0,660.0,690.0,6.0,373.0
6949,2026-05-11,144225.0,98190861.0,685.0,695.0,665.0,687.0,-3.0,384.0
6949,2026-05-12,211712.0,143035109.0,699.0,699.0,660.0,680.0,-7.0,519.0
6949,2026-05-13,57062.0,38444365.0,675.0,679.0,666.0,678.0,-2.0,175.0
6949,2026-05-14,321683.0,231278232.0,692.0,745.0,677.0,716.0,38.0,638.0
6949,2026-05-15,126131.0,88229694.0,715.0,723.0,682.0,687.0,-29.0,398.0
6949,2026-05-18,97330.0,65642568.0,671.0,690.0,666.0,672.0,-15.0,206.0
6949,2026-05-19,111443.0,74201135.0,683.0,683.0,654.0,669.0,-3.0,237.0
6949,2026-05-20,55505.0,37453142.0,668.0,688.0,662.0,687.0,18.0,103.0
6949,2026-05-21,86143.0,58949813.0,702.0,710.0,674.0,674.0,-13.0,233.0
6949,2026-05-22,94907.0,63952343.0,674.0,685.0,669.0,669.0,-5.0,199.0
6949,2026-05-25,161051.0,105570541.0,678.0,679.0,648.0,656.0,-13.0,435.0
6949,2026-05-26,65765.0,43520564.0,657.0,670.0,649.0,668.0,12.0,155.0
6949,2026-05-27,248961.0,175224315.0,704.0,717.0,680.0,714.0,46.0,513.0
6949,2026-05-28,320980.0,224067091.0,704.0,757.0,668.0,668.0,-46.0,696.0
6949,2026-05-29,235781.0,154306377.0,675.0,675.0,643.0,645.0,-23.0,532.0
6949,2026-06-01,291654.0,183147325.0,667.0,667.0,607.0,644.0,-1.0,604.0
6949,2026-06-02,75749.0,48067448.0,659.0,659.0,626.0,631.0,-13.0,173.0
6949,2026-06-03,52113.0,32749998.0,634.0,636.0,623.0,635.0,4.0,164.0
6949,2026-06-04,52439.0,33502376.0,629.0,650.0,625.0,645.0,10.0,159.0
6949,2026-06-05,137949.0,91639499.0,645.0,682.0,632.0,658.0,13.0,221.0
6949,2026-06-08,254728.0,172228741.0,610.0,694.0,610.0,677.0,19.0,385.0
6949,2026-06-09,211881.0,148335915.0,677.0,709.0,677.0,704.0,27.0,265.0
6949,2026-06-10,314118.0,229263707.0,709.0,747.0,709.0,725.0,21.0,548.0
6949,2026-06-11,324264.0,231854391.0,732.0,735.0,700.0,704.0,-21.0,471.0
6949,2026-06-12,138748.0,99653111.0,707.0,728.0,707.0,717.0,13.0,225.0
6949,2026-06-15,341664.0,249899704.0,733.0,746.0,705.0,740.0,23.0,423.0
6949,2026-06-16,462456.0,372291000.0,748.0,814.0,743.0,814.0,74.0,987.0
6949,2026-06-17,303249.0,270226855.0,870.0,895.0,852.0,895.0,81.0,380.0
6949,2026-06-18,740735.0,687049708.0,938.0,968.0,895.0,911.0,16.0,1614.0
6949,2026-06-22,295335.0,258770935.0,911.0,915.0,857.0,886.0,-25.0,1233.0
6949,2026-06-23,228301.0,193484255.0,887.0,889.0,819.0,833.0,-53.0,581.0
6949,2026-06-24,172420.0,143129844.0,834.0,860.0,809.0,860.0,27.0,323.0
6949,2026-06-25,190032.0,166693813.0,870.0,900.0,845.0,879.0,19.0,536.0
6949,2026-06-26,146455.0,125957192.0,870.0,875.0,840.0,862.0,-17.0,422.0
6949,2026-06-29,139411.0,119867667.0,861.0,888.0,847.0,856.0,-6.0,352.0
6949,2026-06-30,125762.0,109281303.0,870.0,882.0,854.0,871.0,15.0,243.0
6949,2026-07-01,244904.0,218219593.0,879.0,918.0,862.0,906.0,35.0,389.0
6949,2026-07-02,303600.0,269579349.0,903.0,909.0,873.0,890.0,-16.0,671.0
6949,2026-07-03,171553.0,155641414.0,883.0,921.0,883.0,916.0,26.0,351.0
6949,2026-07-06,122562.0,109200266.0,890.0,902.0,875.0,891.0,-25.0,417.0
6949,2026-07-07,335692.0,307222531.0,899.0,950.0,884.0,920.0,29.0,575.0
6949,2026-07-08,478368.0,458116073.0,930.0,978.0,927.0,960.0,40.0,785.0
6949,2026-07-09,204757.0,192085662.0,969.0,972.0,920.0,925.0,-35.0,852.0
6949,2026-07-13,266304.0,239337068.0,931.0,943.0,870.0,900.0,-25.0,375.0
6949,2026-07-14,287267.0,260991462.0,899.0,935.0,872.0,935.0,35.0,457.0
6949,2026-07-15,838537.0,853162944.0,959.0,1025.0,950.0,1025.0,90.0,1324.0
6949,2026-07-16,798340.0,858922765.0,1020.0,1115.0,1020.0,1105.0,80.0,1421.0
6949,2026-07-17,450939.0,479378855.0,1100.0,1120.0,1025.0,1030.0,-75.0,943.0
6949,2026-07-20,265584.0,261615423.0,1030.0,1030.0,933.0,991.0,-39.0,641.0
6949,2026-07-21,278962.0,284810857.0,1000.0,1060.0,980.0,994.0,3.0,390.0
6949,2026-07-22,194855.0,196642040.0,1005.0,1020.0,995.0,1010.0,16.0,264.0
6949,2026-07-23,133739.0,136221980.0,1050.0,1050.0,992.0,1005.0,-5.0,257.0
6949,2026-07-24,177670.0,181809129.0,1015.0,1065.0,992.0,992.0,-13.0,314.0
6949,2026-07-27,77399.0,76872026.0,1000.0,1010.0,983.0,989.0,-3.0,170.0
6949,2026-07-28,259340.0,237636730.0,983.0,987.0,891.0,891.0,-98.0,594.0
6949,2026-07-29,224287.0,181560165.0,891.0,891.0,802.0,802.0,-89.0,457.0
6949,2026-07-30,238392.0,190739488.0,796.0,840.0,757.0,790.0,-12.0,414.0
6949,2026-07-31,177820.0,141727339.0,866.0,866.0,778.0,796.0,6.0,517.0
6949,2026-08-03,160906.0,134992606.0,800.0,856.0,799.0,844.0,48.0,240.0
6949,2026-08-04,140127.0,121461277.0,841.0,884.0,821.0,874.0,30.0,184.0
6949,2026-08-05,354216.0,329006624.0,876.0,961.0,876.0,958.0,84.0,1007.0
6949,2026-08-06,175464.0,168297675.0,958.0,978.0,935.0,977.0,19.0,374.0
6949,2026-08-07,237749.0,225893165.0,998.0,999.0,921.0,943.0,-34.0,570.0
6949,2026-08-10,243204.0,226676579.0,943.0,952.0,914.0,948.0,5.0,480.0
6949,2026-08-11,267698.0,267157703.0,955.0,1025.0,949.0,1020.0,72.0,521.0
6949,2026-08-12,142197.0,142587659.0,982.0,1020.0,982.0,1010.0,-10.0,646.0
6949,2026-08-13,162136.0,165868195.0,1015.0,1055.0,999.0,1020.0,10.0,368.0
6949,2026-08-14,257966.0,274433345.0,1045.0,1090.0,1025.0,1070.0,50.0,487.0
6949,2026-08-17,330119.0,351029105.0,1105.0,1105.0,1050.0,1055.0,-15.0,431.0
6949,2026-08-18,186295.0,197592365.0,1035.0,1085.0,1035.0,1055.0,0.0,370.0
6949,2026-08-19,222328.0,244749750.0,1050.0,1135.0,1045.0,1085.0,30.0,434.0
6949,2026-08-20,283744.0,316177230.0,1105.0,1130.0,1075.0,1125.0,40.0,564.0
6949,2026-08-21,267357.0,310712310.0,1140.0,1190.0,1140.0,1155.0,30.0,687.0
6949,2026-08-24,534962.0,651011960.0,1180.0,1260.0,1165.0,1235.0,80.0,1100.0
6949,2026-08-25,983673.0,1296303165.0,1250.0,1355.0,1225.0,1355.0,120.0,1503.0
6949,2026-08-26,562127.0,829389230.0,1405.0,1490.0,1400.0,1490.0,135.0,462.0
6949,2026-09-07,24486488.0,1918083627.0,81.9,81.9,67.1,67.1,0.0,5644.0
6949,2026-09-08,18561472.0,1123579102.0,60.4,62.7,60.4,60.4,-6.7,5095.0
6949,2026-09-09,34556728.0,1921461085.0,59.8,60.4,54.4,54.9,-5.5,10221.0
6949,2026-09-10,26068201.0,1534846828.0,56.8,60.3,55.4,58.8,3.9,9268.0
6949,2026-09-11,13618885.0,739009783.0,55.9,60.1,53.0,53.0,-5.8,6748.0
6949,2026-09-14,7805082.0,414167482.0,50.0,56.9,48.25,55.8,2.8,4106.0
6949,2026-09-15,7426041.0,394575528.0,54.8,56.0,51.0,51.4,-4.4,4959.0
6951,2024-06-18,731280.0,39378359.0,55.4,55.6,53.0,54.1,0.0,396.0
6951,2024-06-19,362437.0,19942100.0,54.2,56.0,54.0,55.9,1.8,206.0
6951,2024-06-20,137142.0,7727794.0,55.9,56.9,55.9,56.3,0.4,94.0
6951,2024-06-21,108000.0,6068300.0,56.3,56.5,55.7,56.0,-0.3,66.0
6951,2024-06-24,112226.0,6248029.0,56.6,56.6,55.2,55.2,-0.8,92.0
6951,2024-06-25,121854.0,6714170.0,55.2,55.9,54.8,55.9,0.7,88.0
6951,2024-06-26,82562.0,4578952.0,55.9,56.0,55.0,56.0,0.1,70.0
6951,2024-06-27,24000.0,1336500.0,55.9,56.0,55.3,55.5,-0.5,22.0
6951,2024-06-28,71020.0,3949129.0,55.7,55.8,55.5,55.8,0.3,48.0
6951,2024-07-01,60048.0,3347912.0,55.9,56.0,55.2,55.2,-0.6,43.0
6951,2024-07-02,44149.0,2433893.0,55.2,55.5,55.0,55.4,0.2,33.0
6951,2024-07-03,27416.0,1510986.0,54.9,55.4,54.9,55.0,-0.4,33.0
6951,2024-07-04,38502.0,2112061.0,54.8,55.0,54.8,54.9,-0.1,33.0
6951,2024-07-05,87405.0,4783475.0,55.5,55.5,54.2,54.3,-0.6,71.0
6951,2024-07-08,128115.0,6886925.0,54.3,54.3,53.2,53.3,-1.0,86.0
6951,2024-07-09,118441.0,6287214.0,53.7,53.7,52.8,52.9,-0.4,87.0
6951,2024-07-10,52650.0,2801450.0,53.0,53.5,53.0,53.3,0.4,40.0
6951,2024-07-11,103403.0,5591080.0,53.7,54.9,53.5,54.3,1.0,75.0
6951,2024-07-12,36349.0,1960346.0,54.0,54.0,53.8,53.9,-0.4,30.0
6951,2024-07-15,57554.0,3138270.0,54.4,54.7,54.2,54.5,0.6,51.0
6951,2024-07-16,42000.0,2278900.0,54.5,54.5,54.0,54.2,-0.3,37.0
6951,2024-07-17,30403.0,1658501.0,54.7,54.7,54.3,54.5,0.3,38.0
6951,2024-07-18,21069.0,1140708.0,54.5,54.5,54.0,54.0,-0.5,20.0
6951,2024-07-19,45069.0,2417729.0,54.0,54.0,53.3,53.9,-0.1,38.0
6951,2024-07-22,59600.0,3164517.0,53.3,53.5,52.3,53.4,-0.5,41.0
6951,2024-07-23,12090.0,639469.0,52.6,53.3,52.6,53.0,-0.4,14.0
6951,2024-07-26,6018.0,315773.0,52.1,52.7,52.1,52.6,-0.4,6.0
6951,2024-07-29,44166.0,2323913.0,52.5,53.0,52.3,52.3,-0.3,40.0
6951,2024-07-30,13000.0,679800.0,52.3,52.4,52.0,52.4,0.1,11.0
6951,2024-07-31,28140.0,1475360.0,52.4,52.6,52.3,52.3,-0.1,19.0
6951,2024-08-01,57110.0,3028583.0,52.5,53.4,52.5,53.0,0.7,33.0
6951,2024-08-02,31000.0,1627700.0,53.0,53.0,52.3,52.3,-0.7,23.0
6951,2024-08-05,85029.0,4230222.0,51.5,51.5,48.1,49.0,-3.3,71.0
6951,2024-08-06,80000.0,3835200.0,49.0,49.0,47.3,48.6,-0.4,47.0
6951,2024-08-07,23248.0,1167420.0,49.5,50.7,49.5,50.2,1.6,24.0
6951,2024-08-08,27200.0,1385118.0,50.8,51.2,50.2,50.9,0.7,20.0
6951,2024-08-09,173527.0,9375685.0,52.9,55.3,52.9,54.2,3.3,113.0
6951,2024-08-12,62487.0,3422274.0,53.5,55.2,53.5,55.2,1.0,55.0
6951,2024-08-13,74373.0,4110488.0,55.2,55.6,54.8,55.4,0.2,49.0
6951,2024-08-14,107300.0,5989540.0,55.6,56.5,55.3,56.1,0.7,61.0
6951,2024-08-15,90110.0,5112890.0,57.0,57.4,55.8,57.3,1.2,69.0
6951,2024-08-16,103750.0,5924422.0,57.6,57.6,56.4,57.0,-0.3,79.0
6951,2024-08-19,15205.0,863166.0,56.5,57.2,56.2,57.0,0.0,20.0
6951,2024-08-20,34139.0,1945706.0,57.1,57.1,56.7,57.0,0.0,30.0
6951,2024-08-21,46350.0,2651590.0,57.3,57.4,56.8,57.1,0.1,36.0
6951,2024-08-22,186000.0,10891100.0,57.5,60.0,57.2,58.8,1.7,107.0
6951,2024-08-23,55506.0,3267554.0,59.2,59.3,58.3,58.5,-0.3,46.0
6951,2024-08-26,35635.0,2093435.0,59.0,59.0,58.2,58.8,0.3,44.0
6951,2024-08-27,43153.0,2534010.0,58.9,59.1,58.3,59.0,0.2,36.0
6951,2024-08-28,58035.0,3412589.0,59.0,59.1,58.5,59.1,0.1,37.0
6951,2024-08-29,33000.0,1945300.0,59.2,59.2,58.8,59.0,-0.1,26.0
6951,2024-08-30,18100.0,1067270.0,59.1,59.2,58.8,59.0,0.0,15.0
6951,2024-09-02,16209.0,954731.0,59.0,59.0,58.7,58.9,-0.1,17.0
6951,2024-09-03,44178.0,2585190.0,58.8,58.9,58.2,58.8,-0.1,31.0
6951,2024-09-04,43006.0,2480150.0,57.5,58.5,56.6,58.1,-0.7,38.0
6951,2024-09-05,47145.0,2779125.0,58.8,59.2,58.2,58.8,0.7,34.0
6951,2024-09-06,32367.0,1907240.0,59.0,59.2,58.4,59.2,0.4,30.0
6951,2024-09-09,25144.0,1479980.0,58.8,59.0,58.3,58.9,-0.3,26.0
6951,2024-09-10,59236.0,3498399.0,59.5,59.5,58.3,59.1,0.2,53.0
6951,2024-09-11,35223.0,2069532.0,59.0,59.0,58.5,58.6,-0.5,34.0
6951,2024-09-12,35342.0,2069740.0,58.7,58.7,58.4,58.6,0.0,30.0
6951,2024-09-13,74110.0,4374144.0,58.6,59.5,58.5,59.3,0.7,47.0
6951,2024-09-16,50903.0,3006283.0,59.3,59.3,58.7,59.3,0.0,38.0
6951,2024-09-18,40018.0,2370272.0,59.2,59.3,59.2,59.3,0.0,15.0
6951,2024-09-19,19143.0,1131376.0,59.4,59.4,58.9,59.0,-0.3,22.0
6951,2024-09-20,62153.0,3645427.0,58.9,59.0,58.4,58.8,-0.2,37.0
6951,2024-09-23,22061.0,1296110.0,58.8,59.0,58.6,58.8,0.0,16.0
6951,2024-09-24,15115.0,888617.0,58.8,58.9,58.7,58.7,-0.1,11.0
6951,2024-09-25,65050.0,3795064.0,58.6,58.7,58.0,58.2,-0.5,47.0
6951,2024-09-26,27130.0,1576970.0,58.0,58.5,58.0,58.3,0.1,26.0
6951,2024-09-27,37089.0,2157551.0,58.3,58.5,58.0,58.5,0.2,29.0
6951,2024-09-30,31239.0,1824023.0,58.2,58.8,58.0,58.8,0.3,32.0
6951,2024-10-01,14139.0,830927.0,58.5,59.0,58.5,58.8,0.0,15.0
6951,2024-10-04,25158.0,1478490.0,58.8,59.0,58.3,58.8,0.0,20.0
6951,2024-10-07,25325.0,1489709.0,58.8,58.9,58.8,58.8,0.0,20.0
6951,2024-10-08,34100.0,2002829.0,58.5,58.9,58.5,58.8,0.0,20.0
6951,2024-10-09,54291.0,3196469.0,58.8,59.0,58.8,58.9,0.1,40.0
6951,2024-10-11,60224.0,3579052.0,59.0,59.8,59.0,59.4,0.5,38.0
6951,2024-10-14,141182.0,8460802.0,60.0,60.1,59.5,60.0,0.6,94.0
6951,2024-10-15,75709.0,4539978.0,60.0,60.1,59.7,60.1,0.1,58.0
6951,2024-10-16,121284.0,7282182.0,60.0,60.2,59.5,60.1,0.0,54.0
6951,2024-10-17,134550.0,8188623.0,60.1,61.5,60.1,61.3,1.2,77.0
6951,2024-10-18,110555.0,6855286.0,61.7,62.2,61.7,62.1,0.8,70.0
6951,2024-10-21,110723.0,6930101.0,62.3,62.8,62.0,62.8,0.7,74.0
6951,2024-10-22,62106.0,3886652.0,62.6,62.9,62.3,62.9,0.1,35.0
6951,2024-10-23,140817.0,8978903.0,62.9,64.1,62.9,64.1,1.2,90.0
6951,2024-10-24,120150.0,7686354.0,64.5,64.7,63.0,63.1,-1.0,85.0
6951,2024-10-25,161189.0,10122761.0,63.5,63.6,62.5,63.3,0.2,65.0
6951,2024-10-28,79209.0,5058355.0,63.3,64.3,63.3,63.6,0.3,44.0
6951,2024-10-29,94725.0,6061700.0,63.4,64.4,63.4,64.0,0.4,53.0
6951,2024-10-30,139519.0,9127672.0,64.0,67.0,64.0,67.0,3.0,89.0
6951,2024-11-01,171590.0,11861625.0,66.5,70.0,66.5,70.0,3.0,127.0
6951,2024-11-04,101291.0,7085623.0,70.1,70.2,69.4,69.7,-0.3,74.0
6951,2024-11-05,54436.0,3786969.0,69.7,69.9,69.2,69.2,-0.5,51.0
6951,2024-11-06,45181.0,3096408.0,68.6,69.3,67.6,67.7,-1.5,45.0
6951,2024-11-07,74310.0,5096934.0,67.7,69.5,67.7,69.0,1.3,55.0
6951,2024-11-08,392800.0,27872200.0,70.5,73.0,69.1,69.3,0.3,249.0
6951,2024-11-11,149654.0,10631734.0,70.0,71.6,70.0,71.5,2.2,125.0
6951,2024-11-12,138559.0,9979268.0,72.0,72.5,71.7,71.7,0.2,103.0
6951,2024-11-13,84300.0,6060818.0,71.7,72.0,71.7,71.8,0.1,73.0
6951,2024-11-14,55495.0,3945045.0,71.8,71.8,70.7,71.2,-0.6,53.0
6951,2024-11-15,226782.0,15853177.0,71.8,72.0,68.1,72.0,0.8,170.0
6951,2024-11-18,25363.0,1823596.0,72.0,72.5,71.6,72.3,0.3,31.0
6951,2024-11-19,24138.0,1734793.0,72.2,72.3,71.3,71.6,-0.7,24.0
6951,2024-11-20,13348.0,955481.0,70.9,71.9,70.9,71.5,-0.1,17.0
6951,2024-11-21,81460.0,5713042.0,71.0,71.9,69.4,71.5,0.0,64.0
6951,2024-11-22,72639.0,5237580.0,71.5,72.6,71.5,72.4,0.9,66.0
6951,2024-11-25,37342.0,2696253.0,72.4,72.4,72.0,72.4,0.0,42.0
6951,2024-11-26,151519.0,11199306.0,73.0,75.8,72.4,75.4,3.0,101.0
6951,2024-11-27,209768.0,15996157.0,75.6,77.2,75.4,76.0,0.6,158.0
6951,2024-11-28,41649.0,3106404.0,74.7,75.4,74.0,75.4,-0.6,47.0
6951,2024-11-29,11276.0,846079.0,75.4,75.4,74.7,75.3,-0.1,17.0
6951,2024-12-02,90585.0,6690711.0,75.3,75.3,72.7,73.4,-1.9,75.0
6951,2024-12-03,69466.0,5065950.0,73.3,74.6,72.3,74.0,0.6,61.0
6951,2024-12-04,34600.0,2604900.0,74.9,75.7,74.9,75.5,1.5,28.0
6951,2024-12-05,30259.0,2286778.0,75.0,76.0,75.0,75.9,0.4,30.0
6951,2024-12-06,120475.0,9394503.0,75.8,79.5,75.8,78.4,2.5,111.0
6951,2024-12-09,55200.0,4284518.0,77.5,78.4,76.9,77.5,-0.9,47.0
6951,2024-12-10,189115.0,14251920.0,76.5,77.0,74.1,77.0,-0.5,132.0
6951,2024-12-11,43367.0,3324038.0,76.7,77.7,75.6,76.6,-0.4,50.0
6951,2024-12-12,50441.0,3848868.0,77.4,77.4,75.3,75.9,-0.7,43.0
6951,2024-12-13,63162.0,4751827.0,75.4,76.3,74.7,76.0,0.1,66.0
6951,2024-12-16,39336.0,2957100.0,76.0,76.0,74.9,75.1,-0.9,40.0
6951,2024-12-17,51209.0,3845916.0,75.8,75.9,74.8,75.5,0.4,42.0
6951,2024-12-18,52342.0,3894370.0,75.5,75.5,73.5,73.5,-2.0,61.0
6951,2024-12-19,130168.0,9440846.0,72.1,73.8,71.2,72.7,-0.8,98.0
6951,2024-12-20,86884.0,6217537.0,72.0,73.0,71.0,71.8,-0.9,69.0
6951,2024-12-23,35156.0,2552825.0,71.1,73.0,71.1,72.8,1.0,28.0
6951,2024-12-24,44339.0,3223809.0,73.0,73.3,71.7,72.6,-0.2,46.0
6951,2024-12-25,88435.0,6339030.0,72.4,72.9,71.0,71.9,-0.7,76.0
6951,2024-12-26,60945.0,4326811.0,72.0,72.5,70.4,70.6,-1.3,79.0
6951,2024-12-27,81237.0,5789543.0,70.1,72.0,70.0,72.0,1.4,52.0
6951,2024-12-30,74150.0,5409890.0,71.5,74.7,71.4,72.5,0.5,64.0
6951,2024-12-31,51020.0,3703652.0,72.0,73.1,72.0,73.0,0.5,42.0
6951,2025-01-02,57040.0,4155124.0,74.2,74.2,71.8,73.4,0.4,43.0
6951,2025-01-03,26174.0,1925102.0,74.0,74.0,73.4,73.6,0.2,25.0
6951,2025-01-06,201252.0,15341407.0,74.5,77.3,74.5,76.5,2.9,168.0
6951,2025-01-07,72693.0,5497517.0,76.0,76.5,74.7,76.3,-0.2,79.0
6951,2025-01-08,113597.0,8768170.0,76.0,77.9,76.0,77.3,1.0,117.0
6951,2025-01-09,221313.0,16321317.0,75.6,75.8,71.6,72.8,-4.5,276.0
6951,2025-01-10,65020.0,4657112.0,72.0,72.7,71.0,71.6,-1.2,123.0
6951,2025-01-13,111928.0,7708656.0,71.2,71.2,67.5,69.1,-2.5,203.0
6951,2025-01-14,51493.0,3587532.0,69.1,70.7,69.0,69.3,0.2,76.0
6951,2025-01-15,84862.0,5804690.0,69.0,70.0,67.9,67.9,-1.4,165.0
6951,2025-01-16,25366.0,1733918.0,68.2,69.4,68.1,68.3,0.4,89.0
6951,2025-01-17,87913.0,5906406.0,68.7,68.7,66.5,66.5,-1.8,254.0
6951,2025-01-20,24589.0,1648632.0,67.8,67.8,66.3,67.5,1.0,71.0
6951,2025-01-21,30091.0,2036581.0,67.0,68.2,67.0,68.0,0.5,41.0
6951,2025-01-22,121872.0,8495280.0,68.8,71.0,68.8,70.0,2.0,96.0
6951,2025-02-03,34958.0,2425707.0,70.5,70.5,68.9,69.1,-0.9,122.0
6951,2025-02-04,60432.0,4162094.0,68.2,69.7,68.2,69.0,-0.1,127.0
6951,2025-02-05,14371.0,994455.0,69.0,69.7,69.0,69.4,0.4,47.0
6951,2025-02-06,60907.0,4156195.0,69.0,69.0,68.0,68.5,-0.9,157.0
6951,2025-02-07,38523.0,2636157.0,68.2,69.0,68.0,69.0,0.5,53.0
6951,2025-02-10,101943.0,7229048.0,70.0,71.5,69.9,71.3,2.3,87.0
6951,2025-02-11,59732.0,4206371.0,71.2,71.2,69.7,70.0,-1.3,60.0
6951,2025-02-12,33637.0,2378385.0,70.0,71.2,70.0,71.1,1.1,35.0
6951,2025-02-13,43541.0,3056744.0,70.2,70.6,69.7,70.1,-1.0,62.0
6951,2025-02-14,91474.0,6377578.0,70.1,70.1,69.1,69.1,-1.0,122.0
6951,2025-02-17,13856.0,961684.0,68.8,70.0,68.8,69.5,0.4,54.0
6951,2025-02-18,12466.0,863490.0,69.1,69.6,69.0,69.5,0.0,43.0
6951,2025-02-19,13847.0,964682.0,69.9,69.9,69.6,69.6,0.1,33.0
6951,2025-02-20,31376.0,2189172.0,69.2,70.0,69.2,70.0,0.4,51.0
6951,2025-02-21,18918.0,1323389.0,69.7,70.0,69.7,70.0,0.0,34.0
6951,2025-02-24,27772.0,1947737.0,69.9,70.5,69.9,70.5,0.5,36.0
6951,2025-02-25,18679.0,1317700.0,70.5,71.0,70.5,70.6,0.1,23.0
6951,2025-02-26,39269.0,2752415.0,70.0,70.6,69.9,70.5,-0.1,29.0
6951,2025-02-27,27778.0,1955127.0,70.5,70.6,70.2,70.2,-0.3,51.0
6951,2025-03-03,107442.0,7736887.0,71.0,73.0,70.5,72.4,2.2,121.0
6951,2025-03-04,41093.0,2958078.0,72.4,72.4,71.5,72.0,-0.4,78.0
6951,2025-03-05,33521.0,2407437.0,72.1,72.1,71.4,72.1,0.1,62.0
6951,2025-03-06,35001.0,2531107.0,72.0,72.5,72.0,72.3,0.2,46.0
6951,2025-03-07,51452.0,3706433.0,72.3,72.5,71.6,71.6,-0.7,62.0
6951,2025-03-10,25254.0,1807914.0,71.6,72.0,71.3,72.0,0.4,27.0
6951,2025-03-11,135254.0,9452887.0,71.1,71.5,69.3,70.6,-1.4,156.0
6951,2025-03-12,19376.0,1375065.0,70.7,71.0,70.7,71.0,0.4,32.0
6951,2025-03-13,28843.0,2046812.0,71.0,71.0,70.8,70.8,-0.2,36.0
6951,2025-03-14,9345.0,663509.0,71.0,71.0,70.7,70.7,-0.1,19.0
6951,2025-03-17,29169.0,2059837.0,70.7,70.9,70.3,70.4,-0.3,78.0
6951,2025-03-18,33120.0,2327343.0,70.0,70.7,70.0,70.7,0.3,95.0
6951,2025-03-19,25792.0,1812519.0,70.3,70.5,70.2,70.2,-0.5,45.0
6951,2025-03-20,30389.0,2144573.0,70.2,71.0,70.2,70.3,0.1,47.0
6951,2025-03-21,36504.0,2566955.0,70.4,71.0,70.2,70.3,0.0,38.0
6951,2025-03-24,50959.0,3583709.0,70.3,70.5,70.1,70.1,-0.2,67.0
6951,2025-03-25,24740.0,1733819.0,70.2,70.4,69.8,69.8,-0.3,62.0
6951,2025-03-26,26751.0,1868249.0,70.0,70.0,69.4,69.7,-0.1,64.0
6951,2025-03-27,9134.0,638318.0,70.0,70.0,69.5,69.5,-0.2,31.0
6951,2025-03-28,112911.0,7762795.0,69.5,69.6,67.9,68.1,-1.4,254.0
6951,2025-03-31,83702.0,5671730.0,68.2,68.4,66.8,68.4,0.3,221.0
6951,2025-04-01,50613.0,3455505.0,67.7,69.5,67.4,69.5,1.1,76.0
6951,2025-04-02,9270.0,640663.0,69.1,69.1,69.1,69.1,-0.4,18.0
6951,2025-04-07,161619.0,10140323.0,62.2,64.0,62.2,63.8,-5.3,321.0
6951,2025-04-08,118107.0,7523850.0,63.5,64.8,62.8,63.6,-0.2,186.0
6951,2025-04-09,210432.0,12841115.0,63.6,63.6,58.4,58.5,-5.1,565.0
6951,2025-04-10,40687.0,2610007.0,63.7,64.3,63.7,64.3,5.8,48.0
6951,2025-04-11,107995.0,7071170.0,63.4,67.4,62.5,66.7,2.4,108.0
6951,2025-04-14,71165.0,4704030.0,66.7,66.7,65.5,65.7,-1.0,122.0
6951,2025-04-15,22271.0,1489012.0,65.8,68.8,65.8,67.3,1.6,26.0
6951,2025-04-16,20684.0,1391824.0,67.4,67.4,67.0,67.0,-0.3,37.0
6951,2025-04-17,16137.0,1071328.0,66.5,67.0,66.0,67.0,0.0,36.0
6951,2025-04-18,19423.0,1297215.0,67.0,67.1,66.5,66.7,-0.3,38.0
6951,2025-04-21,23067.0,1524566.0,65.7,66.5,65.7,66.3,-0.4,83.0
6951,2025-04-22,17461.0,1145355.0,65.5,66.0,65.3,65.8,-0.5,68.0
6951,2025-04-23,11188.0,745719.0,66.7,67.2,66.2,66.2,0.4,16.0
6951,2025-04-24,4903.0,327850.0,67.0,67.0,66.7,66.7,0.5,19.0
6951,2025-04-25,17085.0,1136230.0,66.7,66.7,66.2,66.3,-0.4,70.0
6951,2025-04-28,47312.0,3167457.0,66.3,67.3,66.3,67.3,1.0,56.0
6951,2025-04-29,31584.0,2136096.0,67.3,68.0,67.3,67.8,0.5,41.0
6951,2025-04-30,12418.0,846950.0,67.8,69.5,67.8,68.0,0.2,21.0
6951,2025-05-02,34364.0,2390571.0,68.3,70.6,68.3,69.5,1.5,38.0
6951,2025-05-05,54279.0,3797295.0,70.1,70.5,69.6,69.7,0.2,94.0
6951,2025-05-06,39293.0,2749484.0,70.0,70.0,69.7,69.9,0.2,68.0
6951,2025-05-07,8790.0,613748.0,69.8,70.0,69.5,70.0,0.1,26.0
6951,2025-05-08,75720.0,5332263.0,70.0,70.8,70.0,70.3,0.3,68.0
6951,2025-05-09,11090.0,782835.0,70.3,70.8,70.3,70.8,0.5,32.0
6951,2025-05-12,45071.0,3189556.0,71.1,71.1,70.5,70.8,0.0,74.0
6951,2025-05-13,25129.0,1773986.0,70.8,70.8,70.3,70.7,-0.1,44.0
6951,2025-05-14,43839.0,3092630.0,71.0,71.1,70.3,70.3,-0.4,134.0
6951,2025-05-15,34990.0,2455891.0,71.0,71.4,69.5,70.0,-0.3,63.0
6951,2025-05-16,34529.0,2403381.0,70.0,70.0,69.3,69.8,-0.2,74.0
6951,2025-05-19,32018.0,2227132.0,69.6,69.6,69.3,69.3,-0.5,72.0
6951,2025-05-20,5830.0,405001.0,69.3,69.5,69.3,69.5,0.2,23.0
6951,2025-05-21,25039.0,1751260.0,70.0,70.0,69.5,70.0,0.5,53.0
6951,2025-05-22,15987.0,1116913.0,70.3,70.3,69.4,69.7,-0.3,49.0
6951,2025-05-23,36000.0,2528513.0,69.8,70.6,69.8,70.6,0.9,42.0
6951,2025-05-26,120849.0,8652259.0,70.5,72.3,70.5,71.0,0.4,171.0
6951,2025-05-27,28535.0,2030549.0,71.8,71.8,70.9,70.9,-0.1,73.0
6951,2025-05-28,30936.0,2185978.0,71.0,71.0,70.5,70.6,-0.3,33.0
6951,2025-05-29,42468.0,3021336.0,70.6,71.5,70.6,71.0,0.4,31.0
6951,2025-06-02,86562.0,6203957.0,71.1,72.0,71.1,71.7,0.7,70.0
6951,2025-06-03,75578.0,5462920.0,72.0,73.1,72.0,73.1,1.4,86.0
6951,2025-06-04,102260.0,7465865.0,72.1,74.4,72.0,73.3,0.2,94.0
6951,2025-06-05,22321.0,1626950.0,73.0,73.0,72.7,72.9,-0.4,52.0
6951,2025-06-06,156015.0,11368993.0,72.9,73.2,72.6,73.0,0.1,138.0
6951,2025-06-09,80721.0,5604834.0,69.7,70.1,69.0,69.0,0.0,171.0
6951,2025-06-10,93392.0,6597720.0,71.1,71.1,70.0,70.6,1.6,74.0
6951,2025-06-11,103562.0,7369661.0,71.0,71.3,70.9,71.2,0.6,68.0
6951,2025-06-12,70224.0,4999714.0,71.0,71.5,71.0,71.3,0.1,61.0
6951,2025-06-13,34030.0,2417233.0,70.6,71.5,70.6,71.5,0.2,26.0
6951,2025-06-16,20352.0,1457599.0,71.4,72.0,71.4,72.0,0.5,27.0
6951,2025-06-17,60694.0,4402124.0,72.0,72.9,72.0,72.8,0.8,49.0
6951,2025-06-18,128761.0,9511281.0,72.9,74.7,72.9,74.7,1.9,99.0
6951,2025-06-19,53522.0,3990943.0,75.0,75.4,74.3,74.7,0.0,63.0
6951,2025-06-20,74868.0,5592537.0,74.7,74.9,74.5,74.8,0.1,80.0
6951,2025-06-23,55435.0,4131874.0,74.3,74.8,74.3,74.6,-0.2,47.0
6951,2025-06-24,156356.0,11978297.0,75.5,77.2,75.5,77.0,2.4,121.0
6951,2025-06-25,62925.0,4833841.0,76.7,77.0,76.6,76.9,-0.1,76.0
6951,2025-06-26,54658.0,4213388.0,76.9,77.5,76.7,77.1,0.2,69.0
6951,2025-06-27,82015.0,6354019.0,77.1,77.7,77.1,77.5,0.4,79.0
6951,2025-06-30,63644.0,4925506.0,77.5,77.6,77.0,77.5,0.0,70.0
6951,2025-07-01,26418.0,2048084.0,77.5,77.7,77.4,77.6,0.1,38.0
6951,2025-07-02,55578.0,4264606.0,77.8,77.8,76.2,76.2,-1.4,67.0
6951,2025-07-03,65232.0,4928521.0,75.8,76.2,74.9,76.2,0.0,91.0
6951,2025-07-04,69629.0,5172762.0,73.1,75.6,73.1,74.2,-2.0,181.0
6951,2025-07-07,3348.0,250066.0,74.5,74.7,74.5,74.7,0.5,10.0
6951,2025-07-08,25391.0,1880411.0,74.5,74.5,73.8,74.5,-0.2,36.0
6951,2025-07-09,26176.0,1935987.0,73.3,74.4,73.3,74.2,-0.3,37.0
6951,2025-07-10,25616.0,1895359.0,73.8,74.3,73.6,74.3,0.1,45.0
6951,2025-07-11,15964.0,1180260.0,73.5,74.2,73.4,74.0,-0.3,26.0
6951,2025-07-14,9968.0,737977.0,74.0,74.0,74.0,74.0,0.0,28.0
6951,2025-07-15,60427.0,4558709.0,74.6,76.0,74.6,75.3,1.3,53.0
6951,2025-07-16,25770.0,1942719.0,75.4,75.4,75.3,75.4,0.1,19.0
6951,2025-07-17,8556.0,645724.0,75.4,75.4,75.0,75.0,-0.4,20.0
6951,2025-07-18,8047.0,605337.0,75.9,75.9,74.8,74.8,-0.2,19.0
6951,2025-07-21,56267.0,4206081.0,74.8,74.8,74.5,74.5,-0.3,45.0
6951,2025-07-22,16227.0,1207817.0,75.1,75.1,74.3,74.3,-0.2,34.0
6951,2025-07-23,8545.0,635324.0,74.3,74.3,74.3,74.3,0.0,30.0
6951,2025-07-24,25311.0,1893614.0,74.1,75.4,74.1,74.3,0.0,31.0
6951,2025-07-25,55328.0,4169315.0,75.0,75.9,75.0,75.9,1.6,46.0
6951,2025-07-28,25219.0,1903237.0,75.5,75.6,75.3,75.5,-0.4,24.0
6951,2025-07-29,14157.0,1061656.0,75.2,75.4,74.5,74.5,-1.0,42.0
6951,2025-07-30,9739.0,728119.0,75.0,75.0,74.6,74.6,0.1,31.0
6951,2025-07-31,42093.0,3186097.0,75.0,76.0,75.0,76.0,1.4,51.0
6951,2025-08-01,24970.0,1897710.0,76.0,76.1,75.8,76.1,0.1,28.0
6951,2025-08-04,40778.0,3103674.0,77.0,77.0,75.7,76.4,0.3,52.0
6951,2025-08-05,31490.0,2388066.0,76.4,76.4,75.5,76.0,-0.4,29.0
6951,2025-08-06,60037.0,4637452.0,76.0,78.0,76.0,77.3,1.3,60.0
6951,2025-08-07,14697.0,1143331.0,78.0,78.0,77.7,77.7,0.4,25.0
6951,2025-08-08,30308.0,2369130.0,78.5,78.9,77.5,77.5,-0.2,71.0
6951,2025-08-11,22671.0,1736835.0,76.7,76.9,76.1,76.5,-1.0,71.0
6951,2025-08-12,31472.0,2414620.0,76.5,77.0,76.5,76.6,0.1,29.0
6951,2025-08-13,35675.0,2734466.0,78.2,78.2,76.4,76.4,-0.2,86.0
6951,2025-08-14,46497.0,3524077.0,76.4,76.4,75.5,75.7,-0.7,81.0
6951,2025-08-15,32014.0,2424875.0,75.6,76.0,75.5,75.6,-0.1,53.0
6951,2025-08-18,22413.0,1685311.0,75.2,75.6,75.0,75.2,-0.4,77.0
6951,2025-08-19,12499.0,940813.0,75.2,75.3,75.2,75.3,0.1,18.0
6951,2025-08-20,42158.0,3167171.0,75.2,75.6,74.8,75.0,-0.3,63.0
6951,2025-08-21,6874.0,521687.0,75.7,76.0,75.7,75.9,0.9,20.0
6951,2025-08-22,51565.0,3871642.0,75.4,75.4,74.8,75.3,-0.6,56.0
6951,2025-08-25,17915.0,1346833.0,75.3,75.3,75.0,75.0,-0.3,54.0
6951,2025-08-26,34793.0,2599538.0,74.7,74.7,74.5,74.5,-0.5,136.0
6951,2025-08-27,16340.0,1217063.0,74.2,74.5,74.2,74.5,0.0,51.0
6951,2025-08-28,43203.0,3219410.0,74.7,75.1,74.1,75.1,0.6,126.0
6951,2025-08-29,14828.0,1123794.0,76.0,76.0,75.5,75.8,0.7,29.0
6951,2025-09-01,28840.0,2165981.0,75.6,75.6,74.9,75.3,-0.5,50.0
6951,2025-09-02,13912.0,1047573.0,74.7,75.6,74.7,75.0,-0.3,23.0
6951,2025-09-03,19890.0,1490175.0,75.0,75.0,74.7,74.8,-0.2,54.0
6951,2025-09-04,31724.0,2367021.0,75.2,75.2,74.3,74.5,-0.3,107.0
6951,2025-09-05,6647.0,494266.0,74.1,74.4,74.1,74.2,-0.3,39.0
6951,2025-09-08,11770.0,877921.0,74.9,74.9,74.3,74.4,0.2,48.0
6951,2025-09-09,98830.0,7541415.0,75.5,76.7,75.5,76.5,2.1,99.0
6951,2025-09-10,50728.0,3875596.0,76.4,76.8,75.8,76.8,0.3,103.0
6951,2025-09-11,19617.0,1495236.0,76.5,76.5,76.0,76.1,-0.7,30.0
6951,2025-09-12,14232.0,1077322.0,76.0,76.0,75.5,76.0,-0.1,44.0
6951,2025-09-15,12306.0,930077.0,75.5,75.8,75.5,75.8,-0.2,39.0
6951,2025-09-16,24748.0,1865729.0,75.8,75.8,75.0,75.3,-0.5,69.0
6951,2025-09-17,13993.0,1049851.0,75.0,75.0,75.0,75.0,-0.3,63.0
6951,2025-09-18,21635.0,1624618.0,75.0,75.4,74.9,75.4,0.4,37.0
6951,2025-09-19,5801.0,436036.0,75.1,75.1,75.1,75.1,-0.3,16.0
6951,2025-09-22,15689.0,1181099.0,75.1,75.4,75.1,75.3,0.2,29.0
6951,2025-09-23,22603.0,1692980.0,74.6,75.1,74.5,75.0,-0.3,50.0
6951,2025-09-24,187972.0,14098316.0,75.0,75.1,74.8,75.0,0.0,58.0
6951,2025-09-25,12773.0,957770.0,75.0,75.0,74.9,74.9,-0.1,28.0
6951,2025-09-26,37949.0,2830335.0,75.0,75.0,74.0,74.6,-0.3,87.0
6951,2025-09-30,20836.0,1553389.0,74.5,74.8,74.5,74.5,-0.1,68.0
6951,2025-10-01,26460.0,1977843.0,75.0,75.0,74.5,74.5,0.0,56.0
6951,2025-10-02,1786.0,133096.0,74.5,74.5,74.5,74.5,0.0,21.0
6951,2025-10-03,14570.0,1081339.0,74.2,74.5,74.0,74.0,-0.5,99.0
6951,2025-10-07,74227.0,5455169.0,74.0,74.0,73.2,73.3,-0.7,194.0
6951,2025-10-08,22185.0,1620285.0,73.0,73.4,72.8,73.3,0.0,132.0
6951,2025-10-09,173365.0,12960021.0,75.3,75.5,74.0,74.8,1.5,162.0
6951,2025-10-13,46829.0,3477866.0,73.4,74.6,73.4,74.6,-0.2,119.0
6951,2025-10-14,51435.0,3818137.0,74.8,74.8,73.9,74.3,-0.3,95.0
6951,2025-10-15,24918.0,1849055.0,74.8,74.8,73.9,73.9,-0.4,55.0
6951,2025-10-16,63794.0,4712908.0,74.0,74.3,73.6,74.3,0.4,79.0
6951,2025-10-17,4809.0,356896.0,74.5,74.5,73.9,73.9,-0.4,20.0
6951,2025-10-20,34432.0,2551076.0,74.1,74.4,74.0,74.4,0.5,48.0
6951,2025-10-21,53037.0,3932291.0,74.0,74.5,73.8,74.4,0.0,54.0
6951,2025-10-22,35029.0,2619972.0,74.4,75.0,74.4,74.9,0.5,35.0
6951,2025-10-23,28755.0,2152670.0,74.9,75.0,74.8,74.8,-0.1,35.0
6951,2025-10-27,50293.0,3731447.0,74.6,74.6,73.9,74.5,-0.3,95.0
6951,2025-10-28,26259.0,1949121.0,74.5,74.5,74.0,74.1,-0.4,30.0
6951,2025-10-29,33230.0,2468821.0,74.1,74.5,74.1,74.5,0.4,42.0
6951,2025-10-30,39582.0,2946872.0,74.9,74.9,74.1,74.7,0.2,56.0
6951,2025-10-31,12648.0,944926.0,74.7,74.9,74.6,74.9,0.2,24.0
6951,2025-11-03,26191.0,1963896.0,75.2,75.3,74.8,75.0,0.1,81.0
6951,2025-11-04,26368.0,1979430.0,75.3,75.4,74.9,75.0,0.0,67.0
6951,2025-11-05,36957.0,2763941.0,74.6,75.3,74.5,75.3,0.3,65.0
6951,2025-11-06,42649.0,3214370.0,75.5,75.5,75.2,75.3,0.0,55.0
6951,2025-11-07,92771.0,6954423.0,75.9,76.5,74.3,74.6,-0.7,116.0
6951,2025-11-10,55343.0,4133373.0,74.7,75.0,74.5,75.0,0.4,73.0
6951,2025-11-11,22443.0,1681308.0,75.1,75.1,74.8,74.9,-0.1,63.0
6951,2025-11-12,45666.0,3408426.0,74.9,74.9,74.5,74.6,-0.3,95.0
6951,2025-11-13,34802.0,2590041.0,74.6,74.6,74.3,74.3,-0.3,70.0
6951,2025-11-14,66146.0,4870961.0,74.0,74.0,73.2,73.5,-0.8,241.0
6951,2025-11-17,19758.0,1457721.0,73.9,74.0,73.6,73.6,0.1,42.0
6951,2025-11-18,31828.0,2333906.0,73.7,73.8,73.1,73.4,-0.2,90.0
6951,2025-11-19,48011.0,3489330.0,73.4,73.4,72.3,72.8,-0.6,126.0
6951,2025-11-20,27539.0,2009975.0,73.0,73.0,72.8,73.0,0.2,19.0
6951,2025-11-21,27962.0,2036713.0,72.1,73.3,72.1,72.8,-0.2,75.0
6951,2025-11-24,19512.0,1419163.0,72.6,73.0,72.5,72.9,0.1,57.0
6951,2025-11-25,8752.0,638045.0,73.2,73.2,72.8,72.9,0.0,37.0
6951,2025-11-26,7543.0,551566.0,73.3,73.3,72.9,73.0,0.1,34.0
6951,2025-11-27,7906.0,578013.0,73.7,73.7,73.0,73.0,0.0,21.0
6951,2025-11-28,132627.0,9619514.0,73.1,73.1,72.0,72.5,-0.5,219.0
6951,2025-12-01,11213.0,811811.0,72.3,72.4,72.3,72.4,-0.1,32.0
6951,2025-12-02,19674.0,1428374.0,72.5,73.1,72.5,72.5,0.1,28.0
6951,2025-12-03,14270.0,1034874.0,72.4,72.7,72.4,72.7,0.2,61.0
6951,2025-12-04,4294.0,312171.0,72.7,72.7,72.6,72.6,-0.1,28.0
6951,2025-12-05,23985.0,1736630.0,72.5,72.5,72.3,72.4,-0.2,60.0
6951,2025-12-08,39618.0,2869720.0,72.4,72.5,72.3,72.3,-0.1,56.0
6951,2025-12-09,10974.0,793948.0,72.3,72.4,72.3,72.4,0.1,41.0
6951,2025-12-10,11026.0,797204.0,72.3,72.4,72.2,72.4,0.0,45.0
6951,2025-12-11,35907.0,2593537.0,72.9,72.9,72.0,72.0,-0.4,94.0
6951,2025-12-12,47043.0,3389232.0,72.9,72.9,71.7,72.0,0.0,101.0
6951,2025-12-15,29504.0,2125238.0,72.1,72.1,71.9,72.0,0.0,124.0
6951,2025-12-16,23296.0,1674018.0,71.9,72.4,71.7,72.4,0.4,102.0
6951,2025-12-17,30393.0,2189025.0,72.0,72.3,71.9,71.9,-0.5,105.0
6951,2025-12-18,5794.0,416564.0,71.9,71.9,71.8,71.8,-0.1,61.0
6951,2025-12-19,41442.0,2971330.0,71.8,72.0,71.6,71.7,-0.1,147.0
6951,2025-12-22,22684.0,1628086.0,71.5,72.2,71.5,71.7,0.0,45.0
6951,2025-12-23,8151.0,584859.0,71.7,71.8,71.7,71.7,0.0,32.0
6951,2025-12-24,18002.0,1290950.0,71.6,71.9,71.6,71.8,0.1,62.0
6951,2025-12-26,166882.0,12011036.0,72.7,72.7,71.6,72.0,0.2,125.0
6951,2025-12-29,101924.0,7518253.0,72.5,74.7,72.2,74.2,2.2,103.0
6951,2025-12-30,81355.0,6059521.0,75.0,75.1,73.8,74.2,0.0,83.0
6951,2025-12-31,43766.0,3237125.0,74.7,74.8,73.5,73.8,-0.4,82.0
6951,2026-01-02,26341.0,1941137.0,73.8,74.4,73.3,73.3,-0.5,67.0
6951,2026-01-05,45093.0,3296641.0,73.0,73.4,73.0,73.4,0.1,83.0
6951,2026-01-06,18871.0,1384433.0,73.0,73.9,73.0,73.9,0.5,64.0
6951,2026-01-07,159128.0,11617969.0,73.3,73.3,72.9,73.0,-0.9,123.0
6951,2026-01-08,65537.0,4784471.0,73.2,73.2,72.9,73.0,0.0,79.0
6951,2026-01-09,40174.0,2968180.0,74.0,74.3,73.5,73.9,0.9,58.0
6951,2026-01-12,284912.0,21946570.0,73.9,79.0,73.9,78.4,4.5,375.0
6951,2026-01-13,218213.0,17226528.0,79.3,81.5,77.1,78.4,0.0,331.0
6951,2026-01-14,96898.0,7644347.0,79.2,80.0,78.0,78.5,0.1,158.0
6951,2026-01-15,116815.0,8978063.0,78.1,78.1,76.0,76.5,-2.0,207.0
6951,2026-01-16,117421.0,8907719.0,77.2,77.2,75.3,75.8,-0.7,220.0
6951,2026-01-19,65098.0,4914496.0,75.2,75.8,75.2,75.4,-0.4,126.0
6951,2026-01-20,93243.0,7027314.0,75.7,75.9,75.1,75.4,0.0,118.0
6951,2026-01-21,68662.0,5168054.0,75.7,75.7,75.1,75.4,0.0,107.0
6951,2026-01-22,141603.0,10642531.0,75.5,75.5,74.6,74.8,-0.6,210.0
6951,2026-01-23,36600.0,2760484.0,75.3,75.6,75.3,75.4,0.6,59.0
6951,2026-01-26,80611.0,6033808.0,75.2,75.2,74.5,74.5,-0.9,256.0
6951,2026-01-27,256810.0,19581158.0,75.1,77.3,75.0,76.7,2.2,270.0
6951,2026-01-28,309158.0,24336003.0,77.2,80.8,76.9,78.6,1.9,660.0
6951,2026-01-29,178803.0,13851326.0,78.6,78.6,76.9,77.7,-0.9,344.0
6951,2026-01-30,99547.0,7712644.0,77.7,78.0,76.9,77.9,0.2,150.0
6951,2026-02-02,149018.0,11509524.0,77.5,77.8,76.8,77.1,-0.8,230.0
6951,2026-02-03,82511.0,6372601.0,77.2,77.6,76.9,77.5,0.4,102.0
6951,2026-02-04,32582.0,2536154.0,77.8,78.1,77.5,78.0,0.5,38.0
6951,2026-02-05,65691.0,5123752.0,78.0,78.3,77.8,78.0,0.0,86.0
6951,2026-02-06,52491.0,4055045.0,77.7,77.8,76.7,77.8,-0.2,68.0
6951,2026-02-09,58684.0,4581441.0,78.0,78.5,77.9,77.9,0.1,55.0
6951,2026-02-10,121630.0,9333985.0,77.0,77.6,76.1,77.0,-0.9,174.0
6951,2026-02-11,36912.0,2838389.0,76.6,77.4,76.5,77.4,0.4,69.0
6951,2026-02-23,60360.0,4683135.0,77.3,78.1,77.3,77.5,0.1,83.0
6951,2026-02-24,216988.0,16539978.0,77.5,77.5,75.8,75.9,-1.6,350.0
6951,2026-02-25,105184.0,7927386.0,75.7,75.9,75.0,75.6,-0.3,250.0
6951,2026-02-26,204391.0,15349461.0,75.5,75.6,74.9,75.2,-0.4,294.0
6951,2026-03-02,180683.0,13520908.0,75.0,75.2,74.2,74.8,-0.4,201.0
6951,2026-03-03,80677.0,6006845.0,74.6,74.8,74.0,74.5,-0.3,125.0
6951,2026-03-04,89340.0,6588824.0,74.0,74.1,73.3,73.6,-0.9,180.0
6951,2026-03-05,58819.0,4352785.0,74.1,74.2,73.8,74.1,0.5,87.0
6951,2026-03-06,343421.0,26446646.0,75.4,78.2,75.4,77.3,3.2,352.0
6951,2026-03-09,273167.0,20512188.0,75.0,75.8,74.6,74.8,-2.5,441.0
6951,2026-03-10,95850.0,7248965.0,75.5,76.2,75.4,75.7,0.9,109.0
6951,2026-03-11,66722.0,5125192.0,75.9,77.6,75.9,77.5,1.8,115.0
6951,2026-03-12,101228.0,7874463.0,77.4,78.2,77.4,78.2,0.7,167.0
6951,2026-03-13,151816.0,11993699.0,77.9,79.9,77.9,79.9,1.7,176.0
6951,2026-03-16,129814.0,10375245.0,79.9,80.8,79.6,80.0,0.1,212.0
6951,2026-03-17,142354.0,11420169.0,80.0,81.2,79.3,79.3,-0.7,167.0
6951,2026-03-18,100570.0,7948379.0,79.3,79.5,78.5,79.1,-0.2,235.0
6951,2026-03-19,33502.0,2646506.0,78.8,79.2,78.6,78.9,-0.2,63.0
6951,2026-03-20,69656.0,5507897.0,78.7,80.1,78.5,79.2,0.3,86.0
6951,2026-03-23,65823.0,5180636.0,78.7,79.0,77.5,78.7,-0.5,103.0
6951,2026-03-24,62833.0,4986130.0,78.8,79.9,78.8,79.1,0.4,81.0
6951,2026-03-25,47110.0,3753021.0,79.4,79.9,79.4,79.5,0.4,136.0
6951,2026-03-26,32048.0,2546024.0,79.6,79.9,79.3,79.7,0.2,52.0
6951,2026-03-27,38756.0,3079967.0,79.5,79.8,79.2,79.7,0.0,41.0
6951,2026-03-30,68338.0,5409514.0,79.5,79.5,78.9,79.1,-0.6,80.0
6951,2026-03-31,90477.0,7101295.0,78.8,79.0,78.0,78.1,-1.0,155.0
6951,2026-04-01,44276.0,3489124.0,78.9,79.0,78.5,78.8,0.7,61.0
6951,2026-04-02,18718.0,1471893.0,78.5,78.7,78.5,78.6,-0.2,33.0
6951,2026-04-07,62644.0,4898205.0,78.5,78.5,78.0,78.1,-0.5,74.0
6951,2026-04-08,62079.0,4869841.0,78.2,79.1,78.0,78.3,0.2,75.0
6951,2026-04-09,33338.0,2609421.0,78.3,78.7,77.9,78.5,0.2,68.0
6951,2026-04-10,67149.0,5314257.0,78.8,79.6,78.7,79.6,1.1,78.0
6951,2026-04-13,51786.0,4097949.0,79.1,79.5,78.9,79.3,-0.3,66.0
6951,2026-04-14,47120.0,3752874.0,79.7,80.1,79.0,79.9,0.6,78.0
6951,2026-04-15,64578.0,5143234.0,80.0,80.0,79.2,79.6,-0.3,83.0
6951,2026-04-16,186276.0,15115827.0,79.6,82.3,79.6,82.2,2.6,218.0
6951,2026-04-17,40242.0,3302603.0,81.6,82.4,81.6,82.1,-0.1,61.0
6951,2026-04-20,56176.0,4601180.0,82.0,82.2,81.6,81.7,-0.4,72.0
6951,2026-04-21,50470.0,4079457.0,81.5,81.5,80.0,80.8,-0.9,121.0
6951,2026-04-22,37919.0,3057859.0,81.3,81.3,80.2,80.2,-0.6,311.0
6951,2026-04-23,153508.0,12193666.0,80.2,80.2,79.0,79.1,-1.1,359.0
6951,2026-04-24,85578.0,6810904.0,79.0,80.0,78.8,79.6,0.5,73.0
6951,2026-04-27,56676.0,4501158.0,79.6,79.7,79.2,79.6,0.0,106.0
6951,2026-04-28,18544.0,1482632.0,79.7,80.3,79.7,80.1,0.5,86.0
6951,2026-04-29,98124.0,7996695.0,84.4,84.4,79.5,81.8,1.7,97.0
6951,2026-04-30,56196.0,4530545.0,81.0,81.3,79.8,81.1,-0.7,79.0
6951,2026-05-04,55498.0,4498274.0,81.1,81.7,80.4,81.3,0.2,123.0
6951,2026-05-05,40785.0,3290975.0,81.0,81.0,80.5,80.5,-0.8,81.0
6951,2026-05-06,57854.0,4683940.0,81.9,81.9,80.6,80.7,0.2,89.0
6951,2026-05-07,51813.0,4191917.0,81.0,81.1,80.4,81.1,0.4,86.0
6951,2026-05-08,63788.0,5275724.0,81.7,83.1,81.7,82.0,0.9,69.0
6951,2026-05-11,53922.0,4415696.0,81.6,82.6,81.4,81.8,-0.2,210.0
6951,2026-05-12,174615.0,13977151.0,81.6,81.6,79.2,79.7,-2.1,195.0
6951,2026-05-13,53834.0,4289596.0,79.3,79.9,79.3,79.7,0.0,66.0
6951,2026-05-14,65821.0,5269326.0,79.7,80.7,79.6,80.1,0.4,84.0
6951,2026-05-15,50568.0,4038714.0,80.2,80.2,79.6,79.8,-0.3,80.0
6951,2026-05-18,21829.0,1743808.0,79.8,80.5,79.7,79.8,0.0,56.0
6951,2026-05-19,35928.0,2881206.0,80.5,80.8,79.9,80.3,0.5,43.0
6951,2026-05-20,33414.0,2694408.0,80.1,81.0,80.1,81.0,0.7,54.0
6951,2026-05-21,49791.0,4066227.0,81.2,82.0,81.2,81.6,0.6,58.0
6951,2026-05-22,45547.0,3710482.0,81.6,81.8,81.0,81.0,-0.6,53.0
6951,2026-05-25,63620.0,5124307.0,81.0,81.0,80.0,81.0,0.0,106.0
6951,2026-05-26,25349.0,2052512.0,81.0,81.4,80.5,81.0,0.0,59.0
6951,2026-05-27,29619.0,2398424.0,81.8,81.8,80.6,80.7,-0.3,69.0
6951,2026-05-28,34514.0,2809759.0,81.8,81.9,81.0,81.4,0.7,62.0
6951,2026-05-29,43873.0,3618420.0,81.9,82.9,81.9,82.7,1.3,78.0
6951,2026-06-01,125066.0,10190946.0,83.0,83.0,81.1,81.1,-1.6,489.0
6951,2026-06-02,48703.0,3974110.0,81.9,82.4,81.0,82.2,1.1,310.0
6951,2026-06-03,40431.0,3329447.0,82.4,82.5,81.9,82.0,-0.2,93.0
6951,2026-06-04,49673.0,4105290.0,82.4,83.0,82.0,82.9,0.9,87.0
6951,2026-06-05,109477.0,9002555.0,82.5,83.0,81.6,82.0,-0.9,141.0
6951,2026-06-08,82852.0,6756190.0,81.6,82.6,80.6,81.4,-0.6,115.0
6951,2026-06-09,106943.0,8903292.0,81.4,85.1,81.4,83.2,1.8,128.0
6951,2026-06-10,111274.0,9254164.0,82.8,83.6,82.8,83.0,-0.2,177.0
6951,2026-06-11,127158.0,10052624.0,82.0,82.0,78.3,79.5,0.0,209.0
6951,2026-06-12,80373.0,6427675.0,79.5,80.5,78.9,79.6,0.1,103.0
6951,2026-06-15,49276.0,3915550.0,80.1,80.2,79.0,79.0,-0.6,104.0
6951,2026-06-16,35905.0,2839521.0,79.3,79.3,78.8,79.2,0.2,63.0
6951,2026-06-17,34015.0,2673636.0,78.6,78.8,78.3,78.6,-0.6,146.0
6951,2026-06-18,18000.0,1417538.0,78.6,78.8,78.6,78.8,0.2,41.0
6951,2026-06-22,80055.0,6223556.0,78.6,78.6,77.3,77.6,-1.2,210.0
6951,2026-06-23,55571.0,4285040.0,77.2,78.0,76.8,77.7,0.1,90.0
6951,2026-06-24,21244.0,1642832.0,77.4,77.5,77.3,77.3,-0.4,42.0
6951,2026-06-25,15687.0,1214021.0,77.9,77.9,77.1,77.4,0.1,45.0
6951,2026-06-26,61205.0,4722527.0,77.2,77.6,77.0,77.0,-0.4,70.0
6951,2026-06-29,57265.0,4419044.0,77.7,77.9,76.6,76.6,-0.4,59.0
6951,2026-06-30,34834.0,2696505.0,76.6,77.8,76.5,77.4,0.8,40.0
6951,2026-07-01,18367.0,1426942.0,77.6,77.9,77.4,77.9,0.5,35.0
6951,2026-07-02,30716.0,2417518.0,77.9,79.4,77.9,78.9,1.0,35.0
6951,2026-07-03,23682.0,1866594.0,78.2,79.5,77.8,79.1,0.2,41.0
6951,2026-07-06,19109.0,1515738.0,79.2,79.4,79.1,79.4,0.3,52.0
6951,2026-07-07,25531.0,2022130.0,79.5,79.6,78.9,78.9,-0.5,58.0
6951,2026-07-08,32350.0,2553455.0,78.9,79.2,78.5,78.6,-0.3,33.0
6951,2026-07-09,54508.0,4280741.0,78.3,79.0,77.9,78.7,0.1,100.0
6951,2026-07-13,109163.0,7888965.0,72.0,72.8,71.2,72.1,0.0,211.0
6951,2026-07-14,64933.0,4672381.0,72.0,72.2,71.6,71.9,-0.2,129.0
6951,2026-07-15,46868.0,3430984.0,72.2,74.4,72.2,73.6,1.7,56.0
6951,2026-07-16,19572.0,1436558.0,74.2,74.2,73.1,73.3,-0.3,48.0
6951,2026-07-17,94574.0,6825073.0,73.1,73.1,71.5,72.2,-1.1,150.0
6951,2026-07-20,66284.0,4743902.0,71.6,72.2,71.3,71.7,-0.5,97.0
6951,2026-07-21,29326.0,2109605.0,71.7,72.3,71.7,72.3,0.6,59.0
6951,2026-07-22,22360.0,1610469.0,72.0,72.3,71.8,71.8,-0.5,99.0
6951,2026-07-23,15717.0,1130890.0,71.8,72.0,71.8,72.0,0.2,51.0
6951,2026-07-24,12351.0,888456.0,71.7,72.0,71.7,72.0,0.0,29.0
6951,2026-07-27,23687.0,1703786.0,71.9,72.0,71.8,71.9,-0.1,42.0
6951,2026-07-28,59972.0,4273195.0,71.8,71.8,70.9,71.2,-0.7,115.0
6951,2026-07-29,46008.0,3259118.0,71.4,71.4,70.3,70.9,-0.3,112.0
6951,2026-07-30,18316.0,1292780.0,70.4,70.7,70.1,70.5,-0.4,90.0
6951,2026-07-31,7756.0,553517.0,71.5,71.5,70.6,71.4,0.9,19.0
6951,2026-08-03,20043.0,1430374.0,71.4,71.5,71.0,71.3,-0.1,44.0
6951,2026-08-04,27810.0,1976519.0,70.7,71.5,70.7,71.0,-0.3,41.0
6951,2026-08-05,10192.0,724167.0,71.0,71.2,70.9,71.2,0.2,33.0
6951,2026-08-06,31933.0,2265244.0,71.2,71.2,70.8,70.8,-0.4,61.0
6951,2026-08-07,8361.0,592684.0,71.0,71.0,70.7,70.8,0.0,18.0
6951,2026-08-10,45974.0,3288203.0,71.9,71.9,71.0,71.4,0.6,81.0
6951,2026-08-11,6436.0,460260.0,71.4,71.6,71.4,71.4,0.0,16.0
6951,2026-08-12,18592.0,1340670.0,72.4,72.4,71.6,72.3,0.9,51.0
6951,2026-08-13,18408.0,1328307.0,72.2,72.5,72.0,72.1,-0.2,41.0
6951,2026-08-14,16560.0,1187938.0,72.6,72.6,71.4,71.5,-0.6,30.0
6951,2026-08-17,23360.0,1677034.0,72.5,72.5,71.4,71.5,0.0,46.0
6951,2026-08-18,8739.0,627555.0,72.1,72.1,71.5,72.0,0.5,31.0
6951,2026-08-19,14226.0,1017997.0,71.9,72.0,71.3,72.0,0.0,23.0
6951,2026-08-20,5676.0,407333.0,71.4,72.0,71.4,71.7,-0.3,19.0
6951,2026-08-21,91851.0,6530930.0,71.8,71.8,70.7,71.8,0.1,127.0
6951,2026-08-24,18080.0,1295562.0,71.6,72.2,71.2,71.2,-0.6,33.0
6951,2026-08-25,10386.0,743297.0,71.5,71.8,71.5,71.8,0.6,35.0
6951,2026-08-26,10554.0,757235.0,71.5,71.8,71.5,71.8,0.0,33.0
6951,2026-08-27,1636.0,117378.0,71.6,71.6,71.6,71.6,-0.2,16.0
6951,2026-08-28,12627.0,904976.0,71.7,72.0,71.2,72.0,0.4,37.0
6951,2026-08-31,18403.0,1312249.0,71.3,71.7,71.0,71.7,-0.3,50.0
6951,2026-09-01,3928.0,281437.0,71.7,71.7,71.7,71.7,0.0,25.0
6951,2026-09-02,14630.0,1044439.0,71.3,71.7,71.3,71.7,0.0,26.0
6951,2026-09-03,16784.0,1199699.0,71.0,72.0,71.0,71.8,0.1,41.0
6951,2026-09-04,50851.0,3620817.0,71.0,71.6,70.9,71.0,-0.8,226.0
6951,2026-09-07,31476.0,2240001.0,71.1,71.3,71.0,71.3,0.3,122.0
6951,2026-09-08,19881.0,1414411.0,71.3,71.3,70.8,71.0,-0.3,144.0
6951,2026-09-09,53332.0,3769079.0,70.8,70.9,70.4,70.8,-0.2,150.0
6951,2026-09-10,7607.0,537805.0,70.8,70.8,70.5,70.5,-0.3,44.0
6951,2026-09-11,31044.0,2178980.0,70.3,70.5,70.0,70.2,-0.3,120.0
6951,2026-09-14,27574.0,1925414.0,69.6,69.9,69.6,69.9,-0.3,124.0
6951,2026-09-15,13758.0,961691.0,70.0,70.0,69.8,69.9,0.0,91.0
6955,2024-12-06,167020.0,23599940.0,133.0,147.5,132.0,147.5,0.0,116.0
6955,2024-12-09,26000.0,3728000.0,147.0,147.0,141.5,142.0,-5.5,21.0
6955,2024-12-10,40010.0,5618395.0,142.0,143.5,137.0,139.5,-2.5,32.0
6955,2024-12-11,10010.0,1418900.0,142.0,142.5,140.0,140.0,0.5,11.0
6955,2024-12-12,24000.0,3381000.0,139.5,142.0,139.0,141.0,1.0,18.0
6955,2024-12-13,5000.0,700000.0,141.0,141.0,139.5,140.0,-1.0,5.0
6955,2024-12-16,20000.0,2761000.0,140.0,140.0,135.5,140.0,0.0,14.0
6955,2024-12-17,13000.0,1787500.0,136.0,139.0,136.0,137.0,-3.0,10.0
6955,2024-12-18,11000.0,1535000.0,139.0,140.0,139.0,140.0,3.0,10.0
6955,2024-12-19,5000.0,689000.0,138.0,138.0,137.5,137.5,-2.5,5.0
6955,2024-12-20,2000.0,280000.0,139.0,141.0,139.0,141.0,3.5,2.0
6955,2024-12-23,4000.0,556500.0,139.0,139.5,139.0,139.0,-2.0,4.0
6955,2024-12-24,2000.0,281000.0,140.0,141.0,140.0,141.0,2.0,2.0
6955,2024-12-25,6000.0,845000.0,140.0,141.0,140.0,141.0,0.0,4.0
6955,2024-12-26,16000.0,2246500.0,141.0,141.0,140.0,140.5,-0.5,12.0
6955,2024-12-27,19000.0,2675000.0,140.5,141.0,140.5,141.0,0.5,14.0
6955,2024-12-30,51002.0,7378280.0,141.0,151.5,141.0,151.5,10.5,31.0
6955,2024-12-31,37035.0,5555767.0,146.0,152.0,146.0,150.5,-1.0,29.0
6955,2025-01-02,25060.0,3871000.0,151.0,157.0,151.0,156.0,5.5,21.0
6955,2025-01-03,12000.0,1856000.0,155.0,155.5,154.0,154.0,-2.0,12.0
6955,2025-01-06,4000.0,617500.0,154.5,154.5,154.0,154.0,0.0,2.0
6955,2025-01-07,18888.0,2934072.0,155.0,156.0,155.0,156.0,2.0,24.0
6955,2025-01-08,1000.0,156000.0,156.0,156.0,156.0,156.0,0.0,1.0
6955,2025-01-09,23481.0,3578450.0,156.0,156.0,147.5,147.5,-8.5,20.0
6955,2025-01-10,2638.0,390510.0,149.0,149.0,149.0,149.0,1.5,6.0
6955,2025-01-13,18012.0,2598792.0,145.0,145.5,143.0,145.5,-3.5,15.0
6955,2025-01-14,19002.0,2768290.0,147.0,148.0,144.5,145.0,-0.5,18.0
6955,2025-01-15,13009.0,1855715.0,144.0,144.0,142.0,142.0,-3.0,13.0
6955,2025-01-16,6000.0,858500.0,143.0,144.0,142.5,144.0,2.0,6.0
6955,2025-01-17,25000.0,3619000.0,144.0,146.0,143.5,146.0,2.0,19.0
6955,2025-01-20,15022.0,2154712.0,144.5,144.5,142.0,144.0,-2.0,14.0
6955,2025-01-21,5005.0,715212.0,143.5,143.5,142.5,142.5,-1.5,5.0
6955,2025-01-22,12000.0,1720500.0,142.5,144.0,142.5,144.0,1.5,8.0
6955,2025-02-03,47115.0,6620100.0,143.0,143.0,138.5,140.0,-4.0,29.0
6955,2025-02-04,9005.0,1265200.0,140.0,141.5,140.0,141.5,1.5,13.0
6955,2025-02-05,5001.0,713141.0,142.0,143.0,142.0,142.5,1.0,6.0
6955,2025-02-06,24746.0,3606874.0,143.5,150.0,143.5,147.5,5.0,28.0
6955,2025-02-07,1001.0,148148.0,148.0,148.0,148.0,148.0,0.5,2.0
6955,2025-02-10,1000.0,147000.0,147.0,147.0,147.0,147.0,-1.0,1.0
6955,2025-02-11,15000.0,2158000.0,146.0,146.0,142.5,144.0,-3.0,11.0
6955,2025-02-12,6000.0,854000.0,142.0,143.0,142.0,143.0,-1.0,6.0
6955,2025-02-13,27201.0,3969648.0,143.5,148.0,143.5,148.0,5.0,22.0
6955,2025-02-14,6000.0,889500.0,148.0,148.5,148.0,148.5,0.5,6.0
6955,2025-02-17,14001.0,2054648.0,148.5,148.5,146.0,147.0,-1.5,10.0
6955,2025-02-18,13000.0,1868000.0,143.5,147.0,141.5,147.0,0.0,8.0
6955,2025-02-19,54139.0,7723433.0,143.5,144.0,141.5,142.0,-5.0,38.0
6955,2025-02-20,9000.0,1281500.0,143.0,143.0,142.0,142.5,0.5,8.0
6955,2025-02-21,17145.0,2441090.0,142.5,143.0,142.0,142.0,-0.5,15.0
6955,2025-02-24,23503.0,3353176.0,143.0,143.5,142.0,142.5,0.5,22.0
6955,2025-02-25,82099.0,11688558.0,143.5,148.0,139.0,147.0,4.5,63.0
6955,2025-02-26,8077.0,1185550.0,147.0,147.0,146.0,147.0,0.0,12.0
6955,2025-02-27,73109.0,10630954.0,146.5,147.0,142.0,146.5,-0.5,43.0
6955,2025-03-03,31.0,4587.0,,,,,0.0,3.0
6955,2025-03-04,32050.0,4638800.0,149.0,149.0,143.0,147.0,0.0,20.0
6955,2025-03-05,1011.0,147611.0,146.0,146.0,146.0,146.0,-1.0,3.0
6955,2025-03-06,0.0,0.0,,,,,0.0,0.0
6955,2025-03-07,1023.0,149841.0,146.5,146.5,146.5,146.5,0.0,3.0
6955,2025-03-10,25045.0,3778341.0,146.0,153.0,146.0,151.0,4.5,24.0
6955,2025-03-11,19067.0,2848764.0,145.5,151.5,145.5,151.0,0.0,19.0
6955,2025-03-12,12160.0,1833480.0,149.0,153.5,149.0,153.5,2.5,11.0
6955,2025-03-13,3130.0,474325.0,152.5,152.5,151.0,151.0,-2.5,6.0
6955,2025-03-14,45564.0,6933091.0,150.0,155.0,150.0,155.0,4.0,23.0
6955,2025-03-17,6460.0,1004040.0,154.5,157.0,154.5,157.0,2.0,14.0
6955,2025-03-18,29867.0,4788319.0,159.0,163.0,158.0,163.0,6.0,37.0
6955,2025-03-19,70084.0,11363219.0,163.5,167.5,151.5,155.0,-8.0,75.0
6955,2025-03-20,25547.0,4138789.0,161.0,164.5,160.5,160.5,5.5,38.0
6955,2025-03-21,4050.0,649250.0,160.0,160.5,160.0,160.5,0.0,5.0
6955,2025-03-24,13310.0,2184135.0,164.5,165.0,161.0,163.5,3.0,18.0
6955,2025-03-25,11530.0,1897420.0,165.0,165.0,164.0,164.5,1.0,11.0
6955,2025-03-26,18157.0,2997272.0,164.0,166.0,164.0,165.5,1.0,21.0
6955,2025-03-27,1131.0,186530.0,165.0,165.0,165.0,165.0,0.0,5.0
6955,2025-03-28,7228.0,1165118.0,161.5,161.5,161.0,161.0,-4.0,10.0
6955,2025-03-31,61761.0,9367194.0,157.5,157.5,145.0,154.5,-6.5,54.0
6955,2025-04-01,8001.0,1244155.0,154.5,156.0,154.5,155.0,0.5,8.0
6955,2025-04-02,6194.0,956004.0,154.0,155.5,154.0,154.0,-1.0,8.0
6955,2025-04-07,20304.0,2826756.0,139.0,140.0,139.0,139.0,-15.0,29.0
6955,2025-04-08,35088.0,4575441.0,128.5,133.0,128.5,131.5,-7.5,38.0
6955,2025-04-09,44431.0,5561277.0,130.0,130.5,120.0,125.0,-6.5,40.0
6955,2025-04-10,10000.0,1353500.0,131.0,137.5,131.0,137.5,12.5,9.0
6955,2025-04-11,11000.0,1522500.0,135.0,142.5,135.0,139.5,2.0,8.0
6955,2025-04-14,11440.0,1567529.0,136.5,140.0,134.5,140.0,0.5,16.0
6955,2025-04-15,15000.0,2130000.0,140.0,143.5,140.0,143.5,3.5,12.0
6955,2025-04-16,9150.0,1313250.0,143.5,145.0,143.0,143.0,-0.5,11.0
6955,2025-04-17,1000.0,143000.0,143.0,143.0,143.0,143.0,0.0,1.0
6955,2025-04-18,1000.0,142000.0,142.0,142.0,142.0,142.0,-1.0,1.0
6955,2025-04-21,3043.0,425719.0,140.0,140.0,140.0,140.0,-2.0,4.0
6955,2025-04-22,2000.0,279500.0,141.0,141.0,138.5,138.5,-1.5,2.0
6955,2025-04-23,5107.0,712517.0,140.0,140.0,139.0,139.5,1.0,9.0
6955,2025-04-24,9010.0,1263395.0,140.0,142.5,139.5,142.5,3.0,7.0
6955,2025-04-25,5046.0,706578.0,140.0,141.0,139.5,141.0,-1.5,6.0
6955,2025-04-28,3470.0,493770.0,142.5,142.5,142.5,142.5,1.5,8.0
6955,2025-04-29,3268.0,469814.0,143.5,144.0,143.5,144.0,1.5,7.0
6955,2025-04-30,3119.0,456772.0,146.0,148.0,145.0,148.0,4.0,6.0
6955,2025-05-02,4050.0,591000.0,145.5,146.0,145.5,146.0,-2.0,4.0
6955,2025-05-05,2203.0,320544.0,145.5,145.5,145.0,145.0,-1.0,18.0
6955,2025-05-06,1019.0,147820.0,145.0,145.0,145.0,145.0,0.0,12.0
6955,2025-05-07,0.0,0.0,,,,,0.0,0.0
6955,2025-05-08,5000.0,741500.0,147.5,149.0,147.5,149.0,0.0,4.0
6955,2025-05-09,3000.0,450000.0,150.0,150.0,150.0,150.0,1.0,2.0
6955,2025-05-12,16201.0,2397599.0,149.5,150.5,146.0,150.5,0.5,16.0
6955,2025-05-13,23183.0,3590361.0,150.5,158.0,150.5,158.0,7.5,24.0
6955,2025-05-14,10069.0,1617684.0,160.0,162.5,159.0,160.0,2.0,66.0
6955,2025-05-15,38153.0,6243492.0,162.0,165.0,161.0,164.0,4.0,26.0
6955,2025-05-16,24000.0,3932500.0,161.0,164.0,161.0,164.0,0.0,7.0
6955,2025-05-19,3080.0,493120.0,160.0,160.0,160.0,160.0,-4.0,14.0
6955,2025-05-20,24001.0,3844159.0,160.5,163.0,160.0,160.0,0.0,10.0
6955,2025-05-21,29274.0,4737570.0,160.5,165.0,160.5,162.0,2.0,35.0
6955,2025-05-22,50193.0,8582952.0,164.0,176.5,164.0,176.5,14.5,59.0
6955,2025-05-23,63145.0,11625059.0,176.5,194.0,174.5,193.5,17.0,138.0
6955,2025-05-26,37734.0,7147107.0,191.5,195.5,186.0,187.5,-6.0,166.0
6955,2025-05-27,27309.0,5001120.0,185.5,185.5,180.5,185.0,-2.5,30.0
6955,2025-05-28,5005.0,929910.0,186.0,187.0,185.0,185.0,0.0,4.0
6955,2025-05-29,7882.0,1473230.0,185.5,188.0,185.5,188.0,3.0,24.0
6955,2025-06-02,14100.0,2668350.0,188.0,192.5,187.0,189.0,1.0,12.0
6955,2025-06-03,8016.0,1511610.0,188.0,192.5,187.0,188.0,-1.0,12.0
6955,2025-06-04,2010.0,376974.0,187.5,187.5,187.5,187.5,-0.5,5.0
6955,2025-06-05,6000.0,1122000.0,188.0,188.0,185.0,188.0,0.5,6.0
6955,2025-06-06,8001.0,1508187.0,187.0,190.5,186.5,190.5,2.5,6.0
6955,2025-06-09,10302.0,1973529.0,191.5,192.5,191.0,191.5,1.0,14.0
6955,2025-06-10,4028.0,771390.0,191.5,192.0,191.0,191.0,-0.5,6.0
6955,2025-06-11,10047.0,1889761.0,189.0,189.0,185.0,185.0,-6.0,25.0
6955,2025-06-12,11150.0,2081587.0,186.0,187.5,185.0,187.5,2.5,13.0
6955,2025-06-13,15050.0,2825350.0,187.0,189.0,187.0,189.0,1.5,13.0
6955,2025-06-16,16054.0,3053759.0,188.5,191.5,188.5,191.0,2.0,16.0
6955,2025-06-17,9000.0,1702000.0,188.0,190.5,187.5,190.5,-0.5,7.0
6955,2025-06-18,10026.0,1900942.0,188.0,191.0,188.0,191.0,0.5,12.0
6955,2025-06-19,2010.0,376434.0,187.0,187.5,187.0,187.5,-3.5,4.0
6955,2025-06-20,19015.0,3602275.0,188.0,191.0,188.0,191.0,3.5,14.0
6955,2025-06-23,14001.0,2640187.0,187.5,189.0,187.5,189.0,-2.0,9.0
6955,2025-06-24,18000.0,3396000.0,189.5,190.0,186.5,190.0,1.0,14.0
6955,2025-06-25,9000.0,1706000.0,188.5,191.0,188.5,189.5,-0.5,8.0
6955,2025-06-26,5000.0,949500.0,189.5,190.0,189.5,190.0,0.5,5.0
6955,2025-06-27,2150.0,408050.0,190.0,190.0,190.0,190.0,0.0,3.0
6955,2025-06-30,11832.0,2247170.0,190.5,191.0,190.0,190.0,0.0,29.0
6955,2025-07-01,9004.0,1705768.0,190.0,191.0,188.0,188.0,-2.0,10.0
6955,2025-07-02,2016.0,379508.0,188.0,188.5,188.0,188.5,0.5,3.0
6955,2025-07-03,2604.0,495927.0,191.0,191.0,191.0,191.0,2.5,10.0
6955,2025-07-04,4146.0,781698.0,188.0,190.0,188.0,190.0,-1.0,9.0
6955,2025-07-07,50.0,9400.0,,,,,0.0,1.0
6955,2025-07-08,6020.0,1121879.0,187.0,187.0,185.5,187.0,0.0,8.0
6955,2025-07-09,13029.0,2448437.0,187.0,189.5,187.0,189.5,2.5,8.0
6955,2025-07-10,0.0,0.0,,,,,0.0,0.0
6955,2025-07-11,2230.0,417413.0,187.0,187.5,187.0,187.5,0.0,7.0
6955,2025-07-14,8060.0,1517340.0,186.0,189.0,186.0,188.0,0.5,66.0
6955,2025-07-15,2000.0,375000.0,187.5,187.5,187.5,187.5,-0.5,2.0
6955,2025-07-16,0.0,0.0,,,,,0.0,0.0
6955,2025-07-17,1000.0,187500.0,187.5,187.5,187.5,187.5,0.0,1.0
6955,2025-07-18,9000.0,1669500.0,187.0,187.0,181.5,186.5,-1.0,8.0
6955,2025-07-21,1221.0,227406.0,186.5,186.5,186.5,186.5,0.0,6.0
6955,2025-07-22,20011.0,3786568.0,188.5,190.0,187.0,187.0,0.5,19.0
6955,2025-07-23,3150.0,588125.0,187.0,187.0,186.5,186.5,-0.5,4.0
6955,2025-07-24,17000.0,3207000.0,186.0,190.0,186.0,187.5,1.0,11.0
6955,2025-07-25,11000.0,2052500.0,187.5,190.0,180.0,187.0,-0.5,10.0
6955,2025-07-28,58436.0,11099684.0,187.5,192.0,187.5,189.0,2.0,38.0
6955,2025-07-29,28258.0,5399752.0,191.0,192.5,190.0,191.0,2.0,22.0
6955,2025-07-30,1.0,193.0,,,,,0.0,1.0
6955,2025-07-31,3049.0,583909.0,191.5,191.5,191.5,191.5,0.0,25.0
6955,2025-08-01,16800.0,3253174.0,191.0,196.0,191.0,196.0,4.5,36.0
6955,2025-08-04,34418.0,6878897.0,195.0,205.0,195.0,204.0,8.0,43.0
6955,2025-08-05,11521.0,2364271.0,205.0,207.5,205.0,205.0,1.0,29.0
6955,2025-08-06,8120.0,1665630.0,205.0,205.5,205.0,205.5,0.5,10.0
6955,2025-08-07,25920.0,5397001.0,205.5,215.0,205.5,215.0,9.5,46.0
6955,2025-08-08,6070.0,1283692.0,213.0,213.0,210.5,212.5,-2.5,11.0
6955,2025-08-11,13476.0,2770290.0,209.5,209.5,202.0,202.0,-10.5,29.0
6955,2025-08-12,6020.0,1242100.0,205.5,208.5,205.5,205.5,3.5,26.0
6955,2025-08-13,9607.0,1924131.0,203.0,203.0,199.0,200.0,-5.5,214.0
6955,2025-08-14,8217.0,1620483.0,198.0,198.0,196.5,197.0,-3.0,12.0
6955,2025-08-15,58.0,11368.0,,,,,0.0,2.0
6955,2025-08-18,10238.0,1996171.0,197.0,197.0,193.5,193.5,0.0,81.0
6955,2025-08-19,16007.0,3093346.0,194.0,196.0,192.0,192.0,-1.5,14.0
6955,2025-08-20,2323.0,445516.0,192.0,192.0,191.5,191.5,-0.5,5.0
6955,2025-08-21,2323.0,448683.0,193.0,193.0,193.0,193.0,1.5,321.0
6955,2025-08-22,3536.0,683908.0,193.5,193.5,193.5,193.5,0.5,118.0
6955,2025-08-25,18224.0,3173430.0,168.5,176.5,168.5,173.0,0.0,39.0
6955,2025-08-26,23761.0,4105213.0,174.0,174.0,171.0,171.0,-2.0,127.0
6955,2025-08-27,2035.0,348490.0,171.0,171.5,171.0,171.5,0.5,5.0
6955,2025-08-28,43227.0,7349356.0,169.5,172.5,167.0,171.5,0.0,37.0
6955,2025-08-29,21318.0,3601060.0,170.0,170.5,167.5,167.5,-4.0,22.0
6955,2025-09-01,14004.0,2355710.0,168.0,170.0,168.0,168.0,0.5,13.0
6955,2025-09-02,12410.0,2062470.0,167.0,167.0,165.5,166.0,-2.0,12.0
6955,2025-09-03,6000.0,1005500.0,166.5,169.0,166.5,169.0,3.0,5.0
6955,2025-09-04,0.0,0.0,,,,,0.0,0.0
6955,2025-09-05,12340.0,2095300.0,169.0,171.0,169.0,171.0,0.0,12.0
6955,2025-09-08,5202.0,884442.0,170.0,170.0,170.0,170.0,-1.0,6.0
6955,2025-09-09,2000.0,341000.0,170.0,171.0,170.0,171.0,1.0,2.0
6955,2025-09-10,9000.0,1527000.0,170.0,171.0,168.0,168.0,-3.0,8.0
6955,2025-09-11,1000.0,167500.0,167.5,167.5,167.5,167.5,-0.5,1.0
6955,2025-09-12,1003.0,168040.0,167.5,167.5,167.5,167.5,0.0,2.0
6955,2025-09-15,17070.0,2887865.0,166.5,171.0,166.5,170.0,2.5,16.0
6955,2025-09-16,0.0,0.0,,,,,0.0,0.0
6955,2025-09-17,2050.0,349756.0,170.5,171.0,170.5,171.0,0.0,33.0
6955,2025-09-18,2034.0,343296.0,168.5,169.0,168.5,169.0,-2.0,5.0
6955,2025-09-19,3006.0,506516.0,168.5,168.5,168.5,168.5,-0.5,5.0
6955,2025-09-22,32.0,5440.0,,,,,0.0,1.0
6955,2025-09-23,0.0,0.0,,,,,0.0,0.0
6955,2025-09-24,1000.0,168000.0,168.0,168.0,168.0,168.0,0.0,1.0
6955,2025-09-25,1000.0,167500.0,167.5,167.5,167.5,167.5,-0.5,1.0
6955,2025-09-26,34462.0,5819645.0,167.0,170.0,167.0,170.0,2.5,43.0
6955,2025-09-30,250.0,42500.0,,,,,0.0,1.0
6955,2025-10-01,1283.0,217954.0,170.0,170.0,170.0,170.0,0.0,4.0
6955,2025-10-02,10.0,1700.0,,,,,0.0,2.0
6955,2025-10-03,302.0,51340.0,,,,,0.0,2.0
6955,2025-10-07,1017.0,170860.0,168.0,168.0,168.0,168.0,0.0,11.0
6955,2025-10-08,5082.0,849772.0,167.5,167.5,167.0,167.0,-1.0,14.0
6955,2025-10-09,13014.0,2145361.0,166.0,167.0,162.5,167.0,0.0,15.0
6955,2025-10-13,10596.0,1754077.0,166.0,166.0,165.0,165.0,-2.0,20.0
6955,2025-10-14,14842.0,2463630.0,165.5,168.0,164.5,164.5,-0.5,19.0
6955,2025-10-15,6725.0,1099330.0,164.0,164.5,163.0,163.0,-1.5,84.0
6955,2025-10-16,6205.0,1002532.0,162.0,162.0,161.5,161.5,-1.5,14.0
6955,2025-10-17,577.0,93012.0,,,,,0.0,11.0
6955,2025-10-20,12394.0,2023224.0,164.0,164.0,162.5,162.5,0.0,70.0
6955,2025-10-21,565.0,91297.0,,,,,0.0,5.0
6955,2025-10-22,8275.0,1351558.0,162.5,164.0,162.5,163.5,0.0,36.0
6955,2025-10-23,6005.0,991830.0,164.5,165.5,164.5,165.5,2.0,11.0
6955,2025-10-27,23195.0,3871502.0,165.0,172.0,164.0,172.0,6.5,26.0
6955,2025-10-28,1016.0,172720.0,170.0,170.0,170.0,170.0,-2.0,17.0
6955,2025-10-29,0.0,0.0,,,,,0.0,0.0
6955,2025-10-30,3266.0,544288.0,168.0,168.0,166.0,166.0,0.0,23.0
6955,2025-10-31,5740.0,958580.0,166.0,168.5,166.0,168.5,2.5,7.0
6955,2025-11-03,0.0,0.0,,,,,0.0,0.0
6955,2025-11-04,0.0,0.0,,,,,0.0,0.0
6955,2025-11-05,0.0,0.0,,,,,0.0,0.0
6955,2025-11-06,1.0,178.0,,,,,0.0,1.0
6955,2025-11-07,16155.0,2661469.0,166.0,166.0,163.5,164.5,0.0,41.0
6955,2025-11-10,0.0,0.0,,,,,0.0,0.0
6955,2025-11-11,0.0,0.0,,,,,0.0,0.0
6955,2025-11-12,1122.0,184630.0,164.5,164.5,164.5,164.5,0.0,2.0
6955,2025-11-13,13009.0,2115482.0,163.5,164.0,158.0,164.0,-0.5,10.0
6955,2025-11-14,2100.0,342400.0,162.5,163.5,162.5,163.5,-0.5,3.0
6955,2025-11-17,2467.0,404771.0,164.0,164.0,164.0,164.0,0.5,7.0
6955,2025-11-18,1.0,164.0,,,,,0.0,1.0
6955,2025-11-19,6400.0,1035700.0,161.5,163.0,161.5,163.0,0.0,5.0
6955,2025-11-20,3301.0,534763.0,162.0,162.0,162.0,162.0,-1.0,6.0
6955,2025-11-21,77.0,12512.0,,,,,0.0,1.0
6955,2025-11-24,3101.0,499112.0,161.0,161.0,161.0,161.0,0.0,4.0
6955,2025-11-25,7251.0,1168838.0,161.0,162.0,161.0,161.5,0.5,8.0
6955,2025-11-26,1049.0,170962.0,163.0,163.0,163.0,163.0,1.5,2.0
6955,2025-11-27,5101.0,816463.0,161.0,161.0,159.0,159.0,-4.0,7.0
6955,2025-11-28,6650.0,1053159.0,158.5,158.5,158.0,158.0,-1.0,12.0
6955,2025-12-01,0.0,0.0,,,,,0.0,0.0
6955,2025-12-02,5004.0,791136.0,158.5,158.5,158.0,158.0,0.0,5.0
6955,2025-12-03,10007.0,1547606.0,157.5,157.5,153.0,153.0,-5.0,8.0
6955,2025-12-04,2007.0,304106.0,151.5,151.5,151.5,151.5,-1.5,4.0
6955,2025-12-05,3106.0,469418.0,151.0,151.5,150.5,151.5,0.0,5.0
6955,2025-12-08,1950.0,304302.0,151.0,151.0,151.0,151.0,-0.5,5.0
6955,2025-12-09,2000.0,304000.0,152.5,152.5,151.5,151.5,0.5,2.0
6955,2025-12-10,0.0,0.0,,,,,0.0,0.0
6955,2025-12-11,2000.0,305000.0,152.0,153.0,152.0,153.0,0.0,2.0
6955,2025-12-12,3289.0,497639.0,150.0,153.0,150.0,153.0,0.0,9.0
6955,2025-12-15,0.0,0.0,,,,,0.0,0.0
6955,2025-12-16,1315.0,198551.0,151.0,151.0,151.0,151.0,0.0,9.0
6955,2025-12-17,2150.0,325400.0,150.5,153.0,150.5,153.0,2.0,5.0
6955,2025-12-18,0.0,0.0,,,,,0.0,0.0
6955,2025-12-19,2000.0,304000.0,152.5,152.5,151.5,151.5,0.0,2.0
6955,2025-12-22,3000.0,453000.0,151.0,151.0,151.0,151.0,-0.5,3.0
6955,2025-12-23,0.0,0.0,,,,,0.0,0.0
6955,2025-12-24,1560.0,236855.0,152.5,152.5,152.5,152.5,0.0,10.0
6955,2025-12-26,6334.0,952373.0,150.5,151.0,150.0,151.0,-1.5,9.0
6955,2025-12-29,11200.0,1678099.0,150.5,150.5,148.5,150.0,-1.0,11.0
6955,2025-12-30,1000.0,149000.0,149.0,149.0,149.0,149.0,-1.0,1.0
6955,2025-12-31,4150.0,614350.0,148.0,148.0,148.0,148.0,-1.0,5.0
6955,2026-01-02,25944.0,3871616.0,147.0,162.0,147.0,162.0,14.0,31.0
6955,2026-01-05,6066.0,967720.0,160.0,160.0,159.0,160.0,-2.0,12.0
6955,2026-01-06,2008.0,319276.0,159.0,159.0,159.0,159.0,-1.0,3.0
6955,2026-01-07,5000.0,789500.0,157.0,160.0,157.0,157.5,-1.5,5.0
6955,2026-01-08,5236.0,821315.0,157.0,157.5,156.0,157.5,0.0,10.0
6955,2026-01-09,26383.0,4248386.0,159.0,163.0,159.0,163.0,5.5,25.0
6955,2026-01-12,2000.0,325500.0,162.5,163.0,162.5,163.0,0.0,2.0
6955,2026-01-13,6000.0,969000.0,162.0,162.0,161.0,161.5,-1.5,4.0
6955,2026-01-14,70.0,11340.0,,,,,0.0,1.0
6955,2026-01-15,9000.0,1458000.0,161.5,162.5,161.5,162.0,0.0,9.0
6955,2026-01-16,4000.0,648000.0,162.0,162.0,162.0,162.0,0.0,4.0
6955,2026-01-19,11207.0,1789359.0,161.0,161.0,159.0,159.0,-3.0,92.0
6955,2026-01-20,15300.0,2447950.0,157.5,162.0,157.5,159.5,0.5,16.0
6955,2026-01-21,9000.0,1443000.0,160.0,162.0,159.5,162.0,2.5,9.0
6955,2026-01-22,20001.0,3217160.0,160.0,162.0,160.0,162.0,0.0,15.0
6955,2026-01-23,1724.0,276475.0,162.0,162.0,162.0,162.0,0.0,10.0
6955,2026-01-26,37.0,6021.0,,,,,0.0,8.0
6955,2026-01-27,6034.0,965940.0,160.0,161.5,159.5,161.5,0.0,16.0
6955,2026-01-28,23533.0,3874044.0,161.5,168.0,161.5,168.0,6.5,44.0
6955,2026-01-29,0.0,0.0,,,,,0.0,0.0
6955,2026-01-30,16000.0,2680500.0,166.0,174.5,165.0,174.5,0.0,12.0
6955,2026-02-02,24015.0,4039599.0,166.0,174.0,163.5,174.0,-0.5,23.0
6955,2026-02-03,2067.0,347240.0,168.0,168.0,168.0,168.0,-6.0,8.0
6955,2026-02-04,7.0,1179.0,,,,,0.0,3.0
6955,2026-02-05,38275.0,6512268.0,168.0,174.0,168.0,174.0,0.0,41.0
6955,2026-02-06,19265.0,3274394.0,168.0,172.5,168.0,172.5,-1.5,59.0
6955,2026-02-09,20441.0,3516152.0,169.0,177.0,169.0,177.0,4.5,20.0
6955,2026-02-10,4039.0,694212.0,173.0,173.0,171.0,171.0,-6.0,10.0
6955,2026-02-11,15100.0,2571999.0,170.0,173.0,167.5,171.5,0.5,59.0
6955,2026-02-23,4000.0,682500.0,170.0,172.0,170.0,170.5,-1.0,4.0
6955,2026-02-24,11814.0,1998883.0,172.0,172.0,166.0,170.0,-0.5,22.0
6955,2026-02-25,3043.0,515767.0,169.0,171.0,168.5,171.0,1.0,6.0
6955,2026-02-26,6580.0,1121600.0,170.0,171.0,170.0,171.0,0.0,10.0
6955,2026-03-02,4269.0,727995.0,171.0,171.0,170.0,170.0,-1.0,4.0
6955,2026-03-03,24224.0,3993924.0,168.0,168.0,162.0,164.0,-6.0,122.0
6955,2026-03-04,34585.0,5749460.0,164.0,167.0,164.0,166.5,2.5,56.0
6955,2026-03-05,9355.0,1570148.0,168.0,169.0,166.5,169.0,2.5,37.0
6955,2026-03-06,7687.0,1310123.0,169.0,172.0,169.0,172.0,3.0,22.0
6955,2026-03-09,10011.0,1671385.0,168.0,168.0,165.5,165.5,-6.5,12.0
6955,2026-03-10,8040.0,1356486.0,167.0,170.0,167.0,169.0,3.5,9.0
6955,2026-03-11,2226.0,376956.0,169.0,169.5,169.0,169.5,0.5,11.0
6955,2026-03-12,16509.0,2770464.0,170.0,170.0,164.0,165.5,-4.0,22.0
6955,2026-03-13,23001.0,3815677.0,167.5,167.5,165.0,165.5,0.0,17.0
6955,2026-03-16,25253.0,4262581.0,165.5,174.0,165.0,174.0,8.5,26.0
6955,2026-03-17,3845.0,656272.0,174.0,174.5,173.0,173.0,-1.0,10.0
6955,2026-03-18,13172.0,2220193.0,170.0,170.0,166.0,167.0,-6.0,17.0
6955,2026-03-19,27153.0,4484514.0,167.0,167.5,163.5,165.5,0.0,25.0
6955,2026-03-20,0.0,0.0,,,,,0.0,0.0
6955,2026-03-23,15629.0,2592090.0,164.5,167.0,164.0,167.0,0.0,28.0
6955,2026-03-24,10020.0,1667847.0,166.0,168.5,165.5,168.5,1.5,28.0
6955,2026-03-25,0.0,0.0,,,,,0.0,0.0
6955,2026-03-26,5001.0,835165.0,167.5,167.5,166.0,166.0,0.0,5.0
6955,2026-03-27,1000.0,166000.0,166.0,166.0,166.0,166.0,0.0,1.0
6955,2026-03-30,11072.0,1833785.0,165.0,166.0,165.0,165.5,-0.5,10.0
6955,2026-03-31,13389.0,2202685.0,165.0,165.0,164.0,164.5,-1.0,10.0
6955,2026-04-01,3061.0,503565.0,165.0,165.0,163.5,163.5,-1.0,4.0
6955,2026-04-02,11009.0,1793967.0,163.5,163.5,162.0,162.0,-1.5,18.0
6955,2026-04-07,12324.0,1979549.0,162.0,162.0,159.0,162.0,0.0,28.0
6955,2026-04-08,14000.0,2306500.0,162.0,166.0,162.0,165.5,3.5,9.0
6955,2026-04-09,4345.0,714097.0,164.5,164.5,164.0,164.0,-1.5,3.0
6955,2026-04-10,23000.0,3829500.0,162.0,170.0,162.0,168.0,4.0,16.0
6955,2026-04-13,8000.0,1329000.0,168.0,168.0,165.0,165.0,-3.0,7.0
6955,2026-04-14,5003.0,823480.0,164.0,166.0,164.0,165.0,0.0,7.0
6955,2026-04-15,16097.0,2701971.0,166.0,171.0,165.0,166.0,1.0,14.0
6955,2026-04-16,3024.0,506084.0,167.0,168.0,167.0,168.0,2.0,5.0
6955,2026-04-17,16005.0,2638818.0,169.0,169.0,162.5,165.0,-3.0,17.0
6955,2026-04-20,4002.0,657314.0,164.0,165.0,164.0,165.0,0.0,5.0
6955,2026-04-21,4004.0,657658.0,164.0,165.0,164.0,164.0,-1.0,5.0
6955,2026-04-22,1046.0,171544.0,164.0,164.0,164.0,164.0,0.0,3.0
6955,2026-04-23,15000.0,2459000.0,165.0,165.0,162.5,164.5,0.5,12.0
6955,2026-04-24,1.0,164.0,,,,,0.0,1.0
6955,2026-04-27,3041.0,500847.0,165.0,165.0,164.0,164.0,0.0,4.0
6955,2026-04-28,28000.0,4594000.0,163.0,166.0,158.5,164.0,0.0,17.0
6955,2026-04-29,43004.0,7138156.0,165.0,167.0,164.5,167.0,3.0,32.0
6955,2026-04-30,17000.0,2827500.0,167.0,167.5,165.0,166.5,-0.5,13.0
6955,2026-05-04,35036.0,5782959.0,164.0,168.0,160.0,165.5,-1.0,40.0
6955,2026-05-05,47036.0,7566386.0,161.5,163.0,158.0,162.5,-3.0,32.0
6955,2026-05-06,21012.0,3379448.0,161.5,162.5,159.5,160.0,-2.5,16.0
6955,2026-05-07,42025.0,6772075.0,158.0,164.5,158.0,161.0,1.0,31.0
6955,2026-05-08,15218.0,2429897.0,161.0,161.0,159.0,159.0,-2.0,15.0
6955,2026-05-11,6000.0,954000.0,159.0,159.5,158.5,158.5,-0.5,5.0
6955,2026-05-12,18006.0,2840445.0,158.5,159.5,157.0,159.5,1.0,14.0
6955,2026-05-13,12000.0,1892000.0,157.0,160.0,157.0,157.0,-2.5,7.0
6955,2026-05-14,17005.0,2637280.0,156.5,156.5,154.0,154.5,-2.5,11.0
6955,2026-05-15,12115.0,1850767.0,153.5,154.0,151.0,153.0,-1.5,12.0
6955,2026-05-18,11563.0,1757334.0,153.5,154.0,148.0,151.0,-2.0,15.0
6955,2026-05-19,132.0,19923.0,,,,,0.0,2.0
6955,2026-05-20,0.0,0.0,,,,,0.0,0.0
6955,2026-05-21,13489.0,2051817.0,153.0,153.0,151.5,152.0,0.0,14.0
6955,2026-05-22,3016.0,457412.0,152.0,152.0,151.5,151.5,-0.5,5.0
6955,2026-05-25,5309.0,805663.0,152.0,152.0,151.5,151.5,0.0,8.0
6955,2026-05-26,3059.0,463169.0,151.5,151.5,151.0,151.5,0.0,5.0
6955,2026-05-27,15001.0,2256652.0,151.5,151.5,149.5,149.5,-2.0,13.0
6955,2026-05-28,7000.0,1050500.0,150.0,150.5,150.0,150.0,0.5,6.0
6955,2026-05-29,36110.0,5299516.0,150.0,150.0,145.0,145.5,-4.5,35.0
6955,2026-06-01,23009.0,3313340.0,145.0,145.0,141.5,145.0,-0.5,20.0
6955,2026-06-02,4000.0,581000.0,145.0,146.0,144.0,146.0,1.0,4.0
6955,2026-06-03,5000.0,730000.0,146.0,146.0,146.0,146.0,0.0,5.0
6955,2026-06-04,1000.0,146000.0,146.0,146.0,146.0,146.0,0.0,1.0
6955,2026-06-05,3001.0,435140.0,145.0,145.0,145.0,145.0,-1.0,4.0
6955,2026-06-08,9001.0,1289141.0,144.0,144.0,142.5,143.5,-1.5,9.0
6955,2026-06-09,4082.0,579766.0,142.0,142.0,142.0,142.0,-1.5,8.0
6955,2026-06-10,27010.0,3776935.0,141.0,141.0,138.0,138.0,-4.0,23.0
6955,2026-06-11,5550.0,773650.0,139.5,139.5,139.0,139.0,1.0,12.0
6955,2026-06-12,12022.0,1674602.0,140.5,140.5,138.0,138.0,-1.0,11.0
6955,2026-06-15,9472.0,1298325.0,137.0,137.0,137.0,137.0,-1.0,11.0
6955,2026-06-16,20430.0,2768329.0,136.5,136.5,134.5,135.5,-1.5,21.0
6955,2026-06-17,20331.0,2715317.0,134.0,134.5,133.0,133.0,-2.5,25.0
6955,2026-06-18,4590.0,609562.0,133.0,133.0,132.5,132.5,-0.5,9.0
6955,2026-06-22,29629.0,3835198.0,131.0,131.0,127.5,128.0,-4.5,44.0
6955,2026-06-23,15791.0,1996608.0,128.0,128.0,125.5,126.5,-1.5,44.0
6955,2026-06-24,4205.0,534021.0,126.0,127.5,126.0,127.5,1.0,18.0
6955,2026-06-25,6800.0,856933.0,127.0,127.0,126.0,126.5,-1.0,21.0
6955,2026-06-26,12016.0,1497928.0,125.0,125.0,124.0,124.0,-2.5,13.0
6955,2026-06-29,150.0,17474.0,,,,,0.0,5.0
6955,2026-06-30,46114.0,5604783.0,124.0,124.0,117.0,121.5,0.0,44.0
6955,2026-07-01,56650.0,6980556.0,122.0,127.5,121.5,122.0,0.5,76.0
6955,2026-07-02,9013.0,1092082.0,122.0,122.0,120.5,122.0,0.0,13.0
6955,2026-07-03,20025.0,2393999.0,120.5,120.5,119.0,120.5,-1.5,32.0
6955,2026-07-06,26012.0,3126947.0,119.0,121.5,119.0,120.5,0.0,24.0
6955,2026-07-07,5037.0,608457.0,121.5,121.5,120.0,120.0,-0.5,24.0
6955,2026-07-08,12070.0,1440910.0,120.0,120.0,118.0,118.0,-2.0,49.0
6955,2026-07-09,13001.0,1528118.0,118.5,118.5,117.0,117.0,-1.0,12.0
6955,2026-07-13,17234.0,1983817.0,117.0,117.0,114.0,114.0,-3.0,23.0
6955,2026-07-14,24190.0,2695565.0,113.5,113.5,109.5,110.5,-3.5,20.0
6955,2026-07-15,14600.0,1641017.0,111.0,115.0,111.0,115.0,4.5,19.0
6955,2026-07-16,8129.0,924333.0,114.0,114.5,113.0,113.0,-2.0,10.0
6955,2026-07-17,34001.0,3760113.0,111.0,112.0,109.0,112.0,-1.0,22.0
6955,2026-07-20,3001.0,337113.0,112.0,112.5,112.0,112.5,0.5,4.0
6955,2026-07-21,1504.0,170618.0,113.5,113.5,113.5,113.5,1.0,3.0
6955,2026-07-22,7325.0,835227.0,114.0,114.5,114.0,114.0,0.5,9.0
6955,2026-07-23,1545.0,177947.0,115.0,115.0,115.0,115.0,1.0,3.0
6955,2026-07-24,3000.0,344500.0,114.5,115.5,114.5,115.5,0.5,3.0
6955,2026-07-27,11000.0,1267000.0,115.5,115.5,115.0,115.0,-0.5,9.0
6955,2026-07-28,7402.0,839928.0,114.0,114.0,113.0,113.0,-2.0,10.0
6955,2026-07-29,7462.0,829004.0,112.0,112.0,110.0,112.0,-1.0,10.0
6955,2026-07-30,1005.0,113560.0,113.0,113.0,113.0,113.0,1.0,2.0
6955,2026-07-31,25776.0,2994916.0,114.0,118.5,114.0,114.0,1.0,25.0
6955,2026-08-03,140.0,16311.0,,,,,0.0,3.0
6955,2026-08-04,27000.0,3162000.0,115.5,119.5,115.5,117.0,0.0,18.0
6955,2026-08-05,10100.0,1203150.0,117.0,121.0,117.0,121.0,4.0,7.0
6955,2026-08-06,2007.0,244399.0,121.0,122.5,121.0,122.5,1.5,3.0
6955,2026-08-07,1410.0,172430.0,122.0,122.0,122.0,122.0,-0.5,3.0
6955,2026-08-10,4330.0,535597.0,123.0,124.5,123.0,124.5,2.5,9.0
6955,2026-08-11,0.0,0.0,,,,,0.0,0.0
6955,2026-08-12,8130.0,1006815.0,123.0,125.0,123.0,125.0,0.0,6.0
6955,2026-08-13,8150.0,1033750.0,128.0,128.0,125.5,125.5,0.5,8.0
6955,2026-08-14,8070.0,1005214.0,126.0,126.0,123.0,123.0,-2.5,10.0
6955,2026-08-17,14114.0,1711908.0,122.0,123.0,120.0,120.0,-3.0,20.0
6955,2026-08-18,9020.0,1080400.0,121.5,121.5,119.0,119.0,-1.0,16.0
6955,2026-08-19,10862.0,1308578.0,120.0,122.5,119.5,119.5,0.5,16.0
6955,2026-08-20,5105.0,612152.0,120.0,121.0,119.5,119.5,0.0,6.0
6955,2026-08-21,5000.0,600000.0,120.0,120.5,119.5,119.5,0.0,4.0
6955,2026-08-24,11357.0,1353537.0,119.5,120.0,118.5,120.0,0.5,26.0
6955,2026-08-25,9361.0,1116843.0,119.0,120.0,118.5,120.0,0.0,30.0
6955,2026-08-26,32000.0,3268200.0,98.0,107.0,97.8,107.0,0.0,24.0
6955,2026-08-27,13197.0,1396641.0,107.0,108.0,103.5,108.0,1.0,21.0
6955,2026-08-28,15045.0,1635905.0,108.0,109.5,108.0,108.5,0.5,15.0
6955,2026-08-31,5322.0,573776.0,108.0,108.0,107.0,108.0,-0.5,8.0
6955,2026-09-01,8064.0,856816.0,107.0,107.0,105.5,105.5,-2.5,8.0
6955,2026-09-02,9120.0,946970.0,104.5,104.5,103.0,103.0,-2.5,10.0
6955,2026-09-03,4000.0,405900.0,102.5,102.5,98.9,98.9,-4.1,3.0
6955,2026-09-04,3000.0,300000.0,100.0,100.0,100.0,100.0,1.1,3.0
6955,2026-09-07,25384.0,2522042.0,100.0,100.5,99.0,100.0,0.0,24.0
6955,2026-09-08,2264.0,226325.0,99.9,99.9,99.9,99.9,-0.1,29.0
6955,2026-09-09,4282.0,424013.0,99.2,99.2,98.7,98.7,-1.2,7.0
6955,2026-09-10,6000.0,599000.0,100.5,100.5,99.5,99.5,0.8,3.0
6955,2026-09-11,1002.0,99194.0,99.0,99.0,99.0,99.0,-0.5,2.0
6955,2026-09-14,0.0,0.0,,,,,0.0,0.0
6955,2026-09-15,5000.0,490200.0,98.5,98.5,97.7,97.7,0.0,3.0
6969,2024-09-09,729789.0,26083570.0,38.85,38.85,33.3,34.5,0.0,448.0
6969,2024-09-10,412964.0,14487756.0,36.1,36.3,34.45,34.5,0.0,240.0
6969,2024-09-11,295000.0,10148850.0,34.8,34.9,33.9,34.1,-0.4,150.0
6969,2024-09-12,292173.0,9810387.0,34.1,34.15,32.7,33.75,-0.35,164.0
6969,2024-09-13,122050.0,4106625.0,33.55,33.9,33.5,33.5,-0.25,75.0
6969,2024-09-16,344300.0,12447749.0,33.6,36.85,33.5,35.6,2.1,211.0
6969,2024-09-18,822000.0,31876900.0,38.25,39.15,37.0,38.5,2.9,338.0
6969,2024-09-19,875104.0,35641149.0,39.8,42.35,37.5,42.35,3.85,432.0
6969,2024-09-20,562756.0,26023341.0,45.0,46.55,44.5,46.55,4.2,243.0
6969,2024-09-23,483000.0,24729600.0,51.2,51.2,51.2,51.2,4.65,155.0
6969,2024-09-24,373000.0,20999900.0,56.3,56.3,56.3,56.3,5.1,104.0
6969,2024-09-25,405000.0,25069500.0,61.9,61.9,61.9,61.9,5.6,88.0
6969,2024-09-26,2113014.0,129239482.0,67.0,67.0,55.8,63.0,1.1,827.0
6969,2024-09-27,296000.0,18309100.0,60.8,63.0,60.3,62.9,-0.1,196.0
6969,2024-09-30,180148.0,11228646.0,62.9,62.9,61.0,62.2,-0.7,113.0
6969,2024-10-01,367002.0,23454229.0,66.0,66.0,62.0,64.4,2.2,261.0
6969,2024-10-04,174000.0,11143600.0,64.5,64.5,63.7,63.8,-0.6,100.0
6969,2024-10-07,147002.0,9342627.0,63.7,64.0,62.5,63.4,-0.4,89.0
6969,2024-10-08,196000.0,12120700.0,63.4,63.4,61.0,61.5,-1.9,92.0
6969,2024-10-09,154015.0,9346600.0,61.0,61.7,60.0,60.0,-1.5,103.0
6969,2024-10-11,136003.0,8323984.0,61.0,61.5,61.0,61.3,1.3,78.0
6969,2024-10-14,61000.0,3695600.0,61.0,61.3,60.1,60.7,-0.6,44.0
6969,2024-10-15,340003.0,21804694.0,60.7,64.8,60.7,64.7,4.0,171.0
6969,2024-10-16,269003.0,18011801.0,64.0,69.7,63.3,67.3,2.6,178.0
6969,2024-10-17,238143.0,15850936.0,67.3,67.9,64.7,65.0,-2.3,130.0
6969,2024-10-18,112000.0,7236000.0,67.6,67.7,62.8,63.0,-2.0,72.0
6969,2024-10-21,128000.0,7905600.0,61.5,63.8,60.7,61.5,-1.5,78.0
6969,2024-10-22,29000.0,1783700.0,61.0,61.9,61.0,61.9,0.4,20.0
6969,2024-10-23,80000.0,4861500.0,61.9,61.9,60.5,60.8,-1.1,58.0
6969,2024-10-24,83000.0,4977100.0,60.8,60.8,59.0,59.1,-1.7,62.0
6969,2024-10-25,181010.0,10152164.0,59.0,59.0,55.0,56.2,-2.9,126.0
6969,2024-10-28,255014.0,13246614.0,55.5,55.5,50.8,50.8,-5.4,156.0
6969,2024-10-29,325004.0,15474632.0,50.8,50.8,45.75,45.75,-5.05,215.0
6969,2024-10-30,66003.0,3026844.0,43.7,49.7,43.7,48.1,2.35,52.0
6969,2024-11-01,320000.0,16797900.0,48.1,52.9,47.85,52.9,4.8,178.0
6969,2024-11-04,210032.0,11079592.0,53.0,57.0,50.5,52.9,0.0,150.0
6969,2024-11-05,177000.0,8961100.0,51.5,51.6,49.5,49.75,-3.15,102.0
6969,2024-11-06,91003.0,4569348.0,49.1,52.0,49.1,49.35,-0.4,52.0
6969,2024-11-07,151030.0,7354112.0,49.5,49.5,48.0,48.6,-0.75,106.0
6969,2024-11-08,156000.0,7426600.0,48.75,49.3,46.8,48.0,-0.6,105.0
6969,2024-11-11,48025.0,2327922.0,48.3,48.9,48.1,48.9,0.9,27.0
6969,2024-11-12,16000.0,778950.0,48.6,49.0,48.45,48.7,-0.2,14.0
6969,2024-11-13,115004.0,5775099.0,48.7,52.9,48.7,49.7,1.0,84.0
6969,2024-11-14,60000.0,2997000.0,50.0,51.0,49.65,50.1,0.4,48.0
6969,2024-11-15,31000.0,1555450.0,49.7,51.4,49.6,50.6,0.5,29.0
6969,2024-11-18,31030.0,1546938.0,50.3,50.3,49.5,49.5,-1.1,29.0
6969,2024-11-19,40000.0,1979800.0,49.15,50.4,49.15,50.0,0.5,28.0
6969,2024-11-20,44040.0,2220012.0,52.0,52.0,50.0,50.1,0.1,21.0
6969,2024-11-21,9051.0,448175.0,49.5,50.0,49.4,49.4,-0.7,13.0
6969,2024-11-22,33000.0,1632500.0,49.35,49.6,49.35,49.45,0.05,23.0
6969,2024-11-25,32000.0,1602900.0,49.6,50.5,49.6,50.3,0.85,22.0
6969,2024-11-26,64020.0,3207650.0,50.0,50.6,49.85,49.85,-0.45,38.0
6969,2024-11-27,101030.0,5004579.0,50.6,50.6,49.15,49.15,-0.7,66.0
6969,2024-11-28,59000.0,2862500.0,49.7,49.7,48.0,48.0,-1.15,30.0
6969,2024-11-29,45000.0,2107500.0,48.0,48.0,46.0,48.0,0.0,33.0
6969,2024-12-02,9020.0,436215.0,50.0,50.0,48.05,48.1,0.1,9.0
6969,2024-12-03,22017.0,1070041.0,48.1,49.0,48.1,48.95,0.85,17.0
6969,2024-12-04,25000.0,1205400.0,48.65,48.65,48.0,48.1,-0.85,17.0
6969,2024-12-05,27000.0,1305550.0,48.3,48.75,48.3,48.5,0.4,10.0
6969,2024-12-06,13000.0,627700.0,49.4,49.4,48.0,48.1,-0.4,11.0
6969,2024-12-09,28040.0,1337780.0,48.1,48.35,47.3,47.4,-0.7,21.0
6969,2024-12-10,26000.0,1230700.0,47.8,48.0,46.9,47.2,-0.2,24.0
6969,2024-12-11,68025.0,3149795.0,47.2,47.2,45.65,45.7,-1.5,48.0
6969,2024-12-12,66000.0,3002750.0,45.45,46.0,45.0,45.55,-0.15,45.0
6969,2024-12-13,127000.0,5505400.0,45.1,45.45,42.2,44.3,-1.25,84.0
6969,2024-12-16,33000.0,1426000.0,42.85,43.5,42.85,43.45,-0.85,21.0
6969,2024-12-17,131043.0,5451111.0,43.0,43.1,40.1,43.1,-0.35,57.0
6969,2024-12-18,9000.0,390850.0,43.1,43.7,42.3,43.7,0.6,7.0
6969,2024-12-19,9000.0,386200.0,43.5,43.5,42.7,42.75,-0.95,9.0
6969,2024-12-20,9000.0,377100.0,42.75,42.75,41.5,42.0,-0.75,9.0
6969,2024-12-23,19000.0,806350.0,41.15,42.95,41.15,42.9,0.9,11.0
6969,2024-12-24,15000.0,645600.0,43.3,43.3,42.9,43.15,0.25,15.0
6969,2024-12-25,21000.0,914550.0,43.15,43.8,43.15,43.5,0.35,16.0
6969,2024-12-26,18000.0,770850.0,43.0,43.0,42.55,43.0,-0.5,16.0
6969,2024-12-27,23000.0,986650.0,43.0,43.5,42.1,43.5,0.5,14.0
6969,2024-12-30,25035.0,1085755.0,43.4,44.0,42.6,43.0,-0.5,21.0
6969,2024-12-31,15000.0,655800.0,43.6,44.0,43.0,43.5,0.5,11.0
6969,2025-01-02,34000.0,1474600.0,43.1,43.6,43.05,43.6,0.1,20.0
6969,2025-01-03,20030.0,861652.0,43.65,43.65,42.05,43.45,-0.15,14.0
6969,2025-01-06,98000.0,4245850.0,43.55,43.7,43.0,43.6,0.15,34.0
6969,2025-01-07,126000.0,5453800.0,43.95,44.1,42.8,43.55,-0.05,35.0
6969,2025-01-08,46000.0,1991800.0,43.8,44.0,42.0,44.0,0.45,24.0
6969,2025-01-09,29001.0,1264248.0,44.0,44.05,42.5,42.5,-1.5,19.0
6969,2025-01-10,37000.0,1568550.0,42.7,42.85,41.75,42.25,-0.25,28.0
6969,2025-01-13,128003.0,5557385.0,43.7,45.0,42.0,42.3,0.05,75.0
6969,2025-01-14,20000.0,849900.0,42.4,43.0,42.2,43.0,0.7,13.0
6969,2025-01-15,27000.0,1147300.0,42.75,42.85,42.0,42.5,-0.5,17.0
6969,2025-01-16,22000.0,943100.0,43.25,43.25,42.5,42.9,0.4,15.0
6969,2025-01-17,48038.0,2015508.0,43.0,43.0,41.45,41.6,-1.3,66.0
6969,2025-01-20,47000.0,1955650.0,41.9,41.9,41.5,41.6,0.0,25.0
6969,2025-01-21,70000.0,2915650.0,41.6,41.8,41.5,41.75,0.15,37.0
6969,2025-01-22,93000.0,3872250.0,41.75,41.75,41.5,41.6,-0.15,33.0
6969,2025-02-03,19080.0,794436.0,41.5,41.9,41.5,41.8,0.2,20.0
6969,2025-02-04,24003.0,1009826.0,42.0,42.2,42.0,42.15,0.35,12.0
6969,2025-02-05,14003.0,587974.0,42.25,42.25,41.8,41.8,-0.35,16.0
6969,2025-02-06,61000.0,2583200.0,41.75,42.7,41.75,42.3,0.5,35.0
6969,2025-02-07,36004.0,1510022.0,42.0,42.05,41.6,42.0,-0.3,28.0
6969,2025-02-10,41034.0,1682032.0,42.0,42.0,40.5,40.7,-1.3,35.0
6969,2025-02-11,43017.0,1722827.0,40.75,40.75,39.55,39.85,-0.85,39.0
6969,2025-02-12,36037.0,1421629.0,39.5,39.65,39.4,39.45,-0.4,35.0
6969,2025-02-13,146046.0,5633884.0,39.6,39.6,38.35,38.4,-1.05,80.0
6969,2025-02-14,46011.0,1767037.0,38.45,38.5,38.3,38.3,-0.1,34.0
6969,2025-02-17,40024.0,1530101.0,38.35,38.4,38.0,38.2,-0.1,37.0
6969,2025-02-18,56000.0,2133800.0,38.2,38.5,37.95,38.5,0.3,40.0
6969,2025-02-19,6000.0,230800.0,38.45,38.5,38.45,38.45,-0.05,4.0
6969,2025-02-20,110043.0,4081166.0,38.45,38.45,36.05,36.6,-1.85,98.0
6969,2025-02-21,39000.0,1444500.0,36.85,37.25,36.85,37.1,0.5,26.0
6969,2025-02-24,77000.0,2849150.0,37.05,37.1,36.9,37.0,-0.1,34.0
6969,2025-02-25,27000.0,997750.0,37.0,37.1,36.85,36.85,-0.15,26.0
6969,2025-02-26,12192.0,450024.0,36.8,37.1,36.8,36.95,0.1,12.0
6969,2025-02-27,50000.0,1840350.0,37.5,37.5,36.5,36.65,-0.3,23.0
6969,2025-03-03,11000.0,404550.0,37.0,37.0,36.6,36.75,0.1,11.0
6969,2025-03-04,26000.0,946650.0,36.5,36.9,36.0,36.55,-0.2,20.0
6969,2025-03-05,9000.0,329450.0,36.55,36.65,36.55,36.6,0.05,9.0
6969,2025-03-06,31000.0,1116700.0,36.0,36.1,35.9,36.0,-0.6,26.0
6969,2025-03-07,24000.0,857850.0,36.0,36.0,35.55,35.55,-0.45,20.0
6969,2025-03-10,9000.0,319700.0,35.55,35.55,35.5,35.5,-0.05,6.0
6969,2025-03-11,68046.0,2315181.0,35.0,35.0,33.65,33.7,-1.8,58.0
6969,2025-03-12,32000.0,1066900.0,33.55,33.55,33.15,33.15,-0.55,26.0
6969,2025-03-13,115386.0,3705321.0,32.2,33.15,31.5,31.5,-1.65,92.0
6969,2025-03-14,114165.0,3907316.0,31.6,34.65,31.6,34.65,3.15,74.0
6969,2025-03-17,91265.0,3306230.0,34.5,38.1,32.75,38.1,3.45,67.0
6969,2025-03-18,131103.0,5413839.0,40.5,41.9,40.4,41.0,2.9,95.0
6969,2025-03-19,51011.0,1996154.0,41.5,41.5,38.8,38.85,-2.15,48.0
6969,2025-03-20,50000.0,1938450.0,38.9,39.05,38.1,38.1,-0.75,36.0
6969,2025-03-21,45000.0,1700150.0,38.1,38.15,37.55,38.15,0.05,34.0
6969,2025-03-24,33000.0,1268650.0,38.85,38.9,37.7,37.7,-0.45,29.0
6969,2025-03-25,51045.0,1822941.0,37.1,37.1,34.6,35.15,-2.55,52.0
6969,2025-03-26,19025.0,676225.0,35.0,35.7,35.0,35.7,0.55,21.0
6969,2025-03-27,4000.0,143950.0,36.1,36.2,35.5,35.5,-0.2,4.0
6969,2025-03-28,36000.0,1227400.0,35.35,35.35,33.65,33.9,-1.6,31.0
6969,2025-03-31,29000.0,960050.0,35.3,35.3,32.2,32.55,-1.35,21.0
6969,2025-04-01,11000.0,375850.0,34.5,34.6,33.65,33.65,1.1,11.0
6969,2025-04-02,2000.0,67350.0,33.65,33.7,33.65,33.7,0.05,2.0
6969,2025-04-07,47115.0,1429938.0,30.35,30.35,30.35,30.35,-3.35,42.0
6969,2025-04-08,154117.0,4222749.0,27.35,29.05,27.35,29.05,-1.3,89.0
6969,2025-04-09,87000.0,2344150.0,29.2,29.2,26.15,26.15,-2.9,52.0
6969,2025-04-10,199000.0,5554200.0,28.45,28.75,27.0,28.75,2.6,112.0
6969,2025-04-11,56000.0,1541150.0,27.15,28.2,27.05,27.65,-1.1,28.0
6969,2025-04-14,53000.0,1479450.0,30.0,30.0,27.4,27.4,-0.25,41.0
6969,2025-04-15,41000.0,1161500.0,27.5,28.9,27.5,28.0,0.6,34.0
6969,2025-04-16,41000.0,1120700.0,28.0,28.0,26.9,27.5,-0.5,30.0
6969,2025-04-17,45000.0,1215250.0,27.0,27.5,26.75,26.75,-0.75,30.0
6969,2025-04-18,28150.0,749230.0,26.8,26.8,26.5,26.5,-0.25,24.0
6969,2025-04-21,21000.0,564400.0,26.1,27.05,26.1,26.6,0.1,15.0
6969,2025-04-22,42015.0,1170359.0,27.0,29.0,27.0,27.25,0.65,31.0
6969,2025-04-23,75000.0,2030200.0,27.4,27.4,26.3,27.0,-0.25,49.0
6969,2025-04-24,34000.0,910750.0,26.6,27.1,26.5,27.0,0.0,18.0
6969,2025-04-25,26000.0,708300.0,27.0,27.55,27.0,27.1,0.1,18.0
6969,2025-04-28,37000.0,1037250.0,27.4,28.9,27.4,28.1,1.0,25.0
6969,2025-04-29,37000.0,1063950.0,28.4,29.0,28.4,29.0,0.9,18.0
6969,2025-04-30,74000.0,2207750.0,29.0,30.65,29.0,30.0,1.0,41.0
6969,2025-05-02,71000.0,2148100.0,30.1,30.55,29.95,30.55,0.55,36.0
6969,2025-05-05,67010.0,2004454.0,30.6,30.6,29.5,29.9,-0.65,34.0
6969,2025-05-06,73018.0,2120881.0,29.5,29.6,28.25,29.0,-0.9,38.0
6969,2025-05-07,36000.0,1044350.0,29.0,29.05,29.0,29.05,0.05,19.0
6969,2025-05-08,57000.0,1656200.0,29.05,29.5,29.0,29.0,-0.05,28.0
6969,2025-05-09,81000.0,2343700.0,29.0,29.05,28.8,28.8,-0.2,41.0
6969,2025-05-12,33000.0,962250.0,28.8,29.5,28.8,29.5,0.7,27.0
6969,2025-05-13,67004.0,2115928.0,29.5,32.45,29.5,30.4,0.9,35.0
6969,2025-05-14,14093.0,431426.0,30.3,30.8,30.3,30.7,0.3,73.0
6969,2025-05-15,34000.0,1010400.0,30.0,30.1,28.8,30.1,-0.6,24.0
6969,2025-05-16,2050.0,61705.0,30.1,30.1,30.1,30.1,0.0,3.0
6969,2025-05-19,35000.0,1014500.0,28.8,29.45,28.0,29.2,-0.9,26.0
6969,2025-05-20,32000.0,958700.0,31.5,31.5,29.6,30.3,1.1,22.0
6969,2025-05-21,23300.0,706188.0,30.35,30.45,30.0,30.15,-0.15,20.0
6969,2025-05-22,35000.0,1051500.0,30.0,30.25,29.95,30.25,0.1,24.0
6969,2025-05-23,7000.0,210350.0,30.0,30.15,30.0,30.1,-0.15,6.0
6969,2025-05-26,46500.0,1399863.0,30.1,30.25,30.0,30.25,0.15,86.0
6969,2025-05-27,29024.0,877474.0,30.1,30.4,30.1,30.4,0.15,21.0
6969,2025-05-28,50000.0,1519100.0,30.2,30.8,30.0,30.45,0.05,34.0
6969,2025-05-29,43000.0,1303850.0,30.95,30.95,30.0,30.5,0.05,28.0
6969,2025-06-02,48000.0,1458300.0,31.0,31.0,29.6,30.85,0.35,31.0
6969,2025-06-03,5001.0,151030.0,30.05,30.65,30.05,30.1,-0.75,6.0
6969,2025-06-04,46000.0,1374850.0,30.1,30.2,29.5,29.5,-0.6,23.0
6969,2025-06-05,11000.0,333500.0,30.2,30.4,30.2,30.4,0.9,5.0
6969,2025-06-06,19154.0,572819.0,29.7,30.4,29.7,29.8,-0.6,18.0
6969,2025-06-09,19000.0,572050.0,29.8,30.3,29.8,30.15,0.35,16.0
6969,2025-06-10,28000.0,844000.0,30.15,30.35,30.0,30.35,0.2,23.0
6969,2025-06-11,31000.0,931500.0,30.2,30.2,29.8,30.1,-0.25,23.0
6969,2025-06-12,48000.0,1438350.0,30.0,30.1,29.55,30.1,0.0,27.0
6969,2025-06-13,56000.0,1691250.0,29.1,32.0,29.1,30.1,0.0,32.0
6969,2025-06-16,39000.0,1167000.0,30.1,30.3,29.0,30.15,0.05,28.0
6969,2025-06-17,84000.0,2598650.0,30.1,33.0,30.0,31.45,1.3,36.0
6969,2025-06-18,59009.0,1876897.0,31.2,33.0,31.2,32.8,1.35,47.0
6969,2025-06-19,69876.0,2417984.0,32.55,35.85,32.55,35.0,2.2,64.0
6969,2025-06-20,75233.0,2578470.0,33.8,36.5,32.8,35.6,0.6,73.0
6969,2025-06-23,71012.0,2470680.0,35.0,36.0,33.0,36.0,0.4,50.0
6969,2025-06-24,86030.0,3053164.0,35.6,37.0,35.0,35.1,-0.9,55.0
6969,2025-06-25,36000.0,1254550.0,35.1,35.1,34.4,34.65,-0.45,17.0
6969,2025-06-26,28000.0,985350.0,34.5,35.75,34.5,34.9,0.25,18.0
6969,2025-06-27,17000.0,595350.0,35.2,35.2,34.8,34.95,0.05,13.0
6969,2025-06-30,26000.0,914800.0,35.0,35.6,35.0,35.6,0.65,15.0
6969,2025-07-01,70006.0,2584966.0,36.0,38.15,36.0,38.15,2.55,50.0
6969,2025-07-02,69534.0,2760268.0,38.5,40.35,38.5,39.55,1.4,61.0
6969,2025-07-03,113950.0,4675301.0,38.9,42.0,38.8,41.85,2.3,93.0
6969,2025-07-04,77393.0,3117059.0,41.55,41.55,38.85,40.75,-1.1,58.0
6969,2025-07-07,67657.0,2780480.0,41.95,42.1,39.6,40.6,-0.15,62.0
6969,2025-07-08,45118.0,1801253.0,39.35,41.0,39.35,41.0,0.4,29.0
6969,2025-07-09,46147.0,1864162.0,40.5,40.9,40.0,40.9,-0.1,35.0
6969,2025-07-10,68000.0,2801950.0,41.0,41.7,40.5,41.3,0.4,37.0
6969,2025-07-11,88026.0,3672916.0,41.75,42.4,41.1,42.0,0.7,58.0
6969,2025-07-14,187000.0,7874250.0,41.95,42.25,41.5,42.05,0.05,86.0
6969,2025-07-15,119000.0,5027250.0,42.1,42.55,42.05,42.5,0.45,51.0
6969,2025-07-16,76498.0,3292877.0,42.55,43.95,42.5,42.9,0.4,113.0
6969,2025-07-17,185100.0,7973694.0,43.0,43.4,42.95,43.25,0.35,84.0
6969,2025-07-18,143000.0,6162200.0,43.0,43.45,43.0,43.15,-0.1,67.0
6969,2025-07-21,30380.0,1312334.0,43.2,43.3,43.15,43.2,0.05,28.0
6969,2025-07-22,50001.0,2165693.0,43.85,43.85,43.2,43.25,0.05,35.0
6969,2025-07-23,65050.0,2836057.0,43.7,44.05,43.3,44.05,0.8,46.0
6969,2025-07-24,204483.0,9600254.0,44.95,48.45,44.95,48.3,4.25,136.0
6969,2025-07-25,78525.0,3736224.0,47.6,48.8,46.6,48.8,0.5,44.0
6969,2025-07-28,167752.0,8331974.0,47.2,51.5,47.1,49.0,0.2,92.0
6969,2025-07-29,119566.0,6045551.0,49.3,52.8,48.9,52.5,3.5,116.0
6969,2025-07-30,66851.0,3497549.0,52.7,53.7,51.4,51.9,-0.6,155.0
6969,2025-07-31,97672.0,4779999.0,51.7,51.9,46.8,47.7,-4.2,91.0
6969,2025-08-01,63033.0,3148085.0,47.7,50.9,47.7,50.3,2.6,45.0
6969,2025-08-04,22210.0,1095564.0,50.3,50.5,48.85,48.95,-1.35,24.0
6969,2025-08-05,25462.0,1266596.0,50.0,50.0,49.0,49.0,0.05,19.0
6969,2025-08-06,60310.0,2849685.0,48.05,48.05,46.5,47.65,-1.35,44.0
6969,2025-08-07,47105.0,2273020.0,47.75,50.0,47.75,50.0,2.35,31.0
6969,2025-08-08,10150.0,498459.0,49.95,49.95,48.35,49.5,-0.5,12.0
6969,2025-08-11,3153.0,156394.0,49.8,49.8,49.5,49.5,0.0,5.0
6969,2025-08-12,30321.0,1412812.0,47.9,47.9,46.0,46.75,-2.75,44.0
6969,2025-08-13,54642.0,2472209.0,46.7,46.75,44.0,44.0,-2.75,51.0
6969,2025-08-14,199048.0,8117603.0,43.5,43.5,39.65,42.7,-1.3,115.0
6969,2025-08-15,37009.0,1560492.0,42.7,43.0,41.65,42.7,0.0,31.0
6969,2025-08-18,23659.0,994147.0,42.7,42.7,41.7,41.9,-0.8,26.0
6969,2025-08-19,48751.0,2016118.0,41.9,41.9,41.0,41.8,-0.1,29.0
6969,2025-08-20,59906.0,2387387.0,41.0,41.0,39.25,39.25,-2.55,61.0
6969,2025-08-21,20250.0,798110.0,39.25,39.5,39.25,39.3,0.05,14.0
6969,2025-08-22,44276.0,1713729.0,39.0,39.1,38.0,38.9,-0.4,33.0
6969,2025-08-25,495971.0,19544513.0,38.9,42.15,38.9,42.15,3.25,139.0
6969,2025-08-26,67373.0,2846903.0,42.15,42.8,41.25,41.8,-0.35,111.0
6969,2025-08-27,3032.0,127482.0,41.8,42.2,41.8,42.2,0.4,4.0
6969,2025-08-28,19192.0,793743.0,41.5,41.5,41.2,41.3,-0.9,25.0
6969,2025-08-29,39216.0,1601419.0,40.75,44.45,40.5,44.45,3.15,48.0
6969,2025-09-01,35763.0,1475710.0,42.3,42.3,40.5,41.0,-3.45,75.0
6969,2025-09-02,20429.0,829251.0,40.75,40.75,40.1,40.5,-0.5,22.0
6969,2025-09-03,18168.0,729521.0,40.15,40.4,39.9,40.4,-0.1,13.0
6969,2025-09-04,28038.0,1123520.0,40.7,40.7,39.8,40.0,-0.4,25.0
6969,2025-09-05,37215.0,1488896.0,40.5,40.6,39.55,39.6,-0.4,34.0
6969,2025-09-08,15100.0,596401.0,39.1,40.0,39.0,39.4,-0.2,18.0
6969,2025-09-09,16000.0,632400.0,40.0,40.0,39.35,39.35,-0.05,15.0
6969,2025-09-10,15000.0,590400.0,39.35,39.5,39.25,39.5,0.15,11.0
6969,2025-09-11,34023.0,1355947.0,39.3,40.15,39.3,39.65,0.15,25.0
6969,2025-09-12,16000.0,635150.0,39.5,39.85,39.5,39.65,0.0,7.0
6969,2025-09-15,30000.0,1198850.0,39.6,40.75,39.5,40.55,0.9,16.0
6969,2025-09-16,73000.0,2948600.0,41.5,41.5,39.2,40.7,0.15,37.0
6969,2025-09-17,27143.0,1074942.0,39.85,39.85,39.1,39.8,-0.9,47.0
6969,2025-09-18,23000.0,927100.0,39.65,41.8,39.55,41.8,2.0,17.0
6969,2025-09-19,45032.0,1807838.0,40.4,40.4,39.7,40.1,-1.7,29.0
6969,2025-09-22,2000.0,79000.0,39.5,39.5,39.5,39.5,-0.6,1.0
6969,2025-09-23,16000.0,630000.0,39.5,39.5,39.25,39.35,-0.15,13.0
6969,2025-09-24,28200.0,1106160.0,39.4,39.7,38.95,38.95,-0.4,18.0
6969,2025-09-25,35085.0,1454367.0,40.05,42.75,39.45,39.45,0.5,25.0
6969,2025-09-26,21136.0,771434.0,39.3,39.3,35.8,38.65,-0.8,24.0
6969,2025-09-30,34026.0,1290027.0,37.8,38.45,37.55,37.8,-0.85,32.0
6969,2025-10-01,28005.0,1064338.0,37.35,38.2,37.35,38.15,0.35,16.0
6969,2025-10-02,12000.0,460550.0,38.8,38.8,38.15,38.15,0.0,9.0
6969,2025-10-03,42000.0,1622650.0,38.0,39.0,38.0,39.0,0.85,22.0
6969,2025-10-07,38001.0,1475387.0,39.5,39.5,37.7,38.95,-0.05,26.0
6969,2025-10-08,19002.0,737027.0,38.5,38.95,38.5,38.95,0.0,12.0
6969,2025-10-09,38108.0,1451995.0,38.1,38.5,37.7,38.5,-0.45,23.0
6969,2025-10-13,70000.0,2637850.0,38.2,38.2,37.25,37.3,-1.2,30.0
6969,2025-10-14,16000.0,600350.0,37.55,37.55,37.5,37.5,0.2,9.0
6969,2025-10-15,25800.0,967381.0,37.7,37.7,37.25,37.5,0.0,49.0
6969,2025-10-16,24066.0,905476.0,37.5,38.0,37.5,37.95,0.45,15.0
6969,2025-10-17,26027.0,969725.0,37.4,37.85,37.05,37.85,-0.1,18.0
6969,2025-10-20,2000.0,75600.0,37.8,37.8,37.8,37.8,-0.05,2.0
6969,2025-10-21,52026.0,1892736.0,37.75,37.75,35.8,36.0,-1.8,33.0
6969,2025-10-22,37000.0,1334500.0,36.2,36.2,35.8,36.2,0.2,23.0
6969,2025-10-23,76048.0,2736677.0,35.8,36.2,35.5,35.5,-0.7,25.0
6969,2025-10-27,20101.0,749886.0,35.5,38.5,35.5,37.05,1.55,14.0
6969,2025-10-28,31000.0,1139500.0,37.0,37.0,36.5,36.5,-0.55,9.0
6969,2025-10-29,34022.0,1270610.0,37.1,37.8,37.1,37.3,0.8,25.0
6969,2025-10-30,22632.0,823864.0,36.0,36.95,35.95,36.4,-0.9,32.0
6969,2025-10-31,11000.0,399600.0,36.4,36.4,36.3,36.3,-0.1,6.0
6969,2025-11-03,20072.0,698136.0,33.85,36.75,33.5,36.05,-0.25,22.0
6969,2025-11-04,59000.0,2117150.0,36.0,36.0,35.7,35.7,-0.35,24.0
6969,2025-11-05,22000.0,781300.0,35.55,35.95,35.1,35.4,-0.3,10.0
6969,2025-11-06,20000.0,703100.0,35.4,35.4,35.0,35.3,-0.1,13.0
6969,2025-11-07,17000.0,604300.0,35.5,35.95,35.2,35.35,0.05,10.0
6969,2025-11-10,21229.0,754796.0,36.0,36.0,35.25,35.25,-0.1,17.0
6969,2025-11-11,23048.0,802271.0,34.8,35.15,34.65,34.65,-0.6,22.0
6969,2025-11-12,29019.0,1000201.0,34.5,34.8,34.2,34.8,0.15,18.0
6969,2025-11-13,30369.0,1084305.0,38.2,38.2,34.8,35.0,0.2,24.0
6969,2025-11-14,39040.0,1353841.0,34.2,35.0,34.2,34.65,-0.35,22.0
6969,2025-11-17,34000.0,1174500.0,34.65,35.0,34.4,34.4,-0.25,27.0
6969,2025-11-18,13130.0,445781.0,34.05,34.2,33.6,33.6,-0.8,17.0
6969,2025-11-19,68089.0,2235320.0,33.4,33.7,32.4,32.7,-0.9,51.0
6969,2025-11-20,51355.0,1653569.0,32.8,32.8,32.0,32.1,-0.6,41.0
6969,2025-11-21,31137.0,980238.0,32.0,32.0,31.35,31.35,-0.75,27.0
6969,2025-11-24,54032.0,1655476.0,31.4,31.4,30.0,30.5,-0.85,41.0
6969,2025-11-25,61005.0,1829799.0,30.0,30.15,29.85,29.85,-0.65,47.0
6969,2025-11-26,103293.0,3174385.0,29.9,32.8,29.8,32.8,2.95,45.0
6969,2025-11-27,89001.0,3105584.0,33.15,35.35,33.15,35.0,2.2,56.0
6969,2025-11-28,68047.0,2292811.0,35.55,35.55,33.0,33.3,-1.7,55.0
6969,2025-12-01,34220.0,1129876.0,33.3,33.3,32.7,32.9,-0.4,21.0
6969,2025-12-02,0.0,0.0,,,,,0.0,0.0
6969,2025-12-03,24069.0,794434.0,32.9,33.25,32.7,33.2,0.0,15.0
6969,2025-12-04,14000.0,454700.0,33.0,33.0,32.3,32.4,-0.8,9.0
6969,2025-12-05,27000.0,863400.0,32.5,32.5,31.5,31.5,-0.9,20.0
6969,2025-12-08,24000.0,753900.0,31.4,31.6,31.1,31.1,-0.4,19.0
6969,2025-12-09,21000.0,650600.0,31.1,31.2,30.8,31.2,0.1,16.0
6969,2025-12-10,28002.0,878012.0,31.2,31.7,31.2,31.6,0.4,21.0
6969,2025-12-11,11000.0,346200.0,31.5,31.65,31.3,31.3,-0.3,10.0
6969,2025-12-12,24196.0,748932.0,31.3,31.3,30.75,31.1,-0.2,44.0
6969,2025-12-15,27100.0,856114.0,32.8,32.8,30.8,30.8,-0.3,19.0
6969,2025-12-16,30000.0,921550.0,30.8,31.2,30.4,30.6,-0.2,28.0
6969,2025-12-17,34005.0,1038803.0,31.0,31.05,30.3,30.5,-0.1,26.0
6969,2025-12-18,51000.0,1533850.0,30.3,30.3,29.8,29.9,-0.6,31.0
6969,2025-12-19,37000.0,1109950.0,29.9,30.4,29.8,30.1,0.2,20.0
6969,2025-12-22,45014.0,1324464.0,30.1,30.1,29.05,29.5,-0.6,36.0
6969,2025-12-23,29000.0,849950.0,29.5,29.5,29.0,29.2,-0.3,19.0
6969,2025-12-24,29756.0,863221.0,29.0,29.15,28.95,29.1,-0.1,37.0
6969,2025-12-26,20161.0,589142.0,29.45,29.45,29.1,29.35,0.25,9.0
6969,2025-12-29,12000.0,353650.0,29.5,29.5,29.4,29.4,0.05,11.0
6969,2025-12-30,5000.0,146000.0,29.4,29.4,29.1,29.2,-0.2,5.0
6969,2025-12-31,1000.0,29800.0,29.8,29.8,29.8,29.8,0.6,1.0
6969,2026-01-02,13000.0,395500.0,30.3,30.65,30.3,30.65,0.85,10.0
6969,2026-01-05,46072.0,1376451.0,30.15,30.15,29.75,30.0,-0.65,42.0
6969,2026-01-06,93007.0,2714855.0,30.4,30.4,28.7,29.0,-1.0,53.0
6969,2026-01-07,21000.0,610950.0,29.05,29.15,29.05,29.1,0.1,19.0
6969,2026-01-08,2000.0,59000.0,29.5,29.5,29.5,29.5,0.4,2.0
6969,2026-01-09,19000.0,563100.0,29.5,29.75,29.5,29.75,0.25,10.0
6969,2026-01-12,28160.0,920832.0,32.7,32.7,32.7,32.7,2.95,22.0
6969,2026-01-13,86283.0,3101823.0,35.95,35.95,35.9,35.95,3.25,71.0
6969,2026-01-14,601221.0,23705576.0,39.5,39.5,38.25,39.5,3.55,264.0
6969,2026-01-15,340128.0,12464627.0,39.7,39.7,35.55,37.25,-2.25,205.0
6969,2026-01-16,138147.0,4790012.0,36.6,36.6,33.9,35.1,-2.15,146.0
6969,2026-01-19,86740.0,3070741.0,35.1,37.0,34.5,35.3,0.2,65.0
6969,2026-01-20,108010.0,3672820.0,35.3,35.9,33.0,33.0,-2.3,62.0
6969,2026-01-21,59506.0,1876218.0,31.85,31.95,30.3,30.55,-2.45,49.0
6969,2026-01-22,44050.0,1378210.0,31.1,32.6,30.8,32.6,2.05,27.0
6969,2026-01-23,43356.0,1450644.0,32.6,33.75,32.6,33.25,0.65,46.0
6969,2026-01-26,30054.0,1006577.0,34.2,34.25,32.8,33.8,0.55,35.0
6969,2026-01-27,83015.0,2813360.0,33.5,34.5,33.3,34.5,0.7,51.0
6969,2026-01-28,21052.0,718444.0,34.5,34.5,33.7,33.7,-0.8,14.0
6969,2026-01-29,19000.0,619505.0,32.55,33.4,32.55,32.6,-1.1,15.0
6969,2026-01-30,41426.0,1321769.0,31.6,33.8,31.1,31.1,-1.5,37.0
6969,2026-02-02,30409.0,922405.0,29.9,31.0,29.9,30.8,-0.3,29.0
6969,2026-02-03,7050.0,218723.0,30.75,31.15,30.7,31.15,0.35,8.0
6969,2026-02-04,12010.0,374161.0,31.1,31.35,31.05,31.2,0.0,12.0
6969,2026-02-05,20100.0,630926.0,31.5,31.6,31.05,31.05,-0.15,13.0
6969,2026-02-06,17666.0,548702.0,30.6,31.65,30.6,31.6,0.55,16.0
6969,2026-02-09,18000.0,563300.0,31.55,31.55,31.0,31.45,-0.15,12.0
6969,2026-02-10,61026.0,1896167.0,30.7,31.45,30.5,31.05,-0.4,36.0
6969,2026-02-11,97213.0,3093938.0,30.95,32.8,30.95,31.85,0.8,76.0
6969,2026-02-23,89228.0,2780868.0,32.75,32.75,30.7,30.75,-1.1,69.0
6969,2026-02-24,48748.0,1507264.0,31.4,31.4,30.5,31.05,0.3,47.0
6969,2026-02-25,100225.0,3056112.0,31.05,31.05,29.85,31.0,-0.05,67.0
6969,2026-02-26,70112.0,2188166.0,31.1,31.45,31.0,31.2,0.2,60.0
6969,2026-03-02,103244.0,3244625.0,31.05,32.0,30.8,32.0,0.8,73.0
6969,2026-03-03,51000.0,1592800.0,32.0,32.0,30.7,30.9,-1.1,35.0
6969,2026-03-04,53000.0,1643650.0,31.2,31.2,30.5,31.0,0.1,36.0
6969,2026-03-05,32000.0,1008800.0,31.5,32.0,31.1,31.1,0.1,23.0
6969,2026-03-06,10000.0,310250.0,31.1,31.1,30.9,30.9,-0.2,9.0
6969,2026-03-09,53000.0,1589350.0,30.9,30.9,29.7,29.9,-1.0,42.0
6969,2026-03-10,382643.0,10982317.0,29.0,29.25,28.25,29.0,-0.9,320.0
6969,2026-03-11,158282.0,4569154.0,29.0,29.15,28.6,28.95,-0.05,137.0
6969,2026-03-12,142761.0,4054392.0,28.7,28.7,28.1,28.1,-0.85,117.0
6969,2026-03-13,77341.0,2171253.0,28.15,28.35,27.75,28.0,-0.1,76.0
6969,2026-03-16,81175.0,2276237.0,28.15,28.25,27.8,28.25,0.25,60.0
6969,2026-03-17,107021.0,3045185.0,28.35,28.65,28.2,28.55,0.3,90.0
6969,2026-03-18,65514.0,1863772.0,28.55,28.6,28.3,28.45,-0.1,46.0
6969,2026-03-19,112184.0,3151773.0,28.15,28.3,28.0,28.3,-0.15,84.0
6969,2026-03-20,124360.0,3508505.0,28.35,28.45,28.0,28.1,-0.2,71.0
6969,2026-03-23,150123.0,4222772.0,27.9,28.5,27.75,28.15,0.05,111.0
6969,2026-03-24,191009.0,5401954.0,28.7,28.75,28.1,28.1,-0.05,81.0
6969,2026-03-25,66492.0,1874950.0,28.2,28.25,28.1,28.15,0.05,33.0
6969,2026-03-26,152197.0,4270007.0,28.2,28.45,27.9,28.2,0.05,75.0
6969,2026-03-27,30174.0,847456.0,28.0,28.3,28.0,28.1,-0.1,14.0
6969,2026-03-30,27026.0,759530.0,28.0,28.2,28.0,28.15,0.05,19.0
6969,2026-03-31,107252.0,3026811.0,28.05,28.4,28.0,28.4,0.25,80.0
6969,2026-04-01,77220.0,2204319.0,28.3,28.7,28.3,28.6,0.2,49.0
6969,2026-04-02,24000.0,678200.0,28.5,28.5,28.1,28.15,-0.45,17.0
6969,2026-04-07,68100.0,1912186.0,28.25,28.25,28.0,28.05,-0.1,33.0
6969,2026-04-08,201106.0,5860305.0,28.25,30.4,28.1,29.15,1.1,128.0
6969,2026-04-09,44000.0,1279300.0,29.45,29.45,28.7,29.0,-0.15,37.0
6969,2026-04-10,96164.0,2747210.0,28.75,28.9,28.5,28.8,-0.2,41.0
6969,2026-04-13,85100.0,2420709.0,28.8,28.8,28.2,28.3,-0.5,60.0
6969,2026-04-14,195897.0,5692040.0,28.1,30.0,28.05,29.45,1.15,132.0
6969,2026-04-15,38620.0,1126770.0,29.1,29.4,28.8,29.4,-0.05,40.0
6969,2026-04-16,68661.0,2032793.0,29.4,29.8,29.35,29.35,-0.05,85.0
6969,2026-04-17,68764.0,2025191.0,29.3,29.8,29.2,29.8,0.45,57.0
6969,2026-04-20,152482.0,4780062.0,30.0,32.0,30.0,31.8,2.0,150.0
6969,2026-04-21,177266.0,5629460.0,31.9,32.35,31.3,31.75,-0.05,161.0
6969,2026-04-22,90190.0,2809038.0,31.65,31.65,30.9,31.45,-0.3,77.0
6969,2026-04-23,123311.0,3812156.0,31.1,31.15,30.45,30.45,-1.0,82.0
6969,2026-04-24,116300.0,3441940.0,30.0,30.0,29.1,29.5,-0.95,52.0
6969,2026-04-27,131230.0,3805647.0,29.0,29.2,28.8,28.85,-0.65,84.0
6969,2026-04-28,71041.0,2025673.0,28.9,28.9,28.3,28.45,-0.4,40.0
6969,2026-04-29,31200.0,885280.0,28.45,28.55,28.2,28.55,0.1,23.0
6969,2026-04-30,76052.0,2152136.0,28.6,28.6,28.15,28.5,-0.05,45.0
6969,2026-05-04,173100.0,4928910.0,28.3,29.3,28.05,29.1,0.6,78.0
6969,2026-05-05,117213.0,3354009.0,28.5,28.85,28.5,28.85,-0.25,45.0
6969,2026-05-06,58119.0,1679350.0,29.8,29.8,28.55,29.0,0.15,56.0
6969,2026-05-07,33845.0,973328.0,29.0,29.0,28.5,28.8,-0.2,30.0
6969,2026-05-08,40550.0,1168467.0,28.8,28.95,28.5,28.95,0.15,29.0
6969,2026-05-11,70040.0,1996241.0,29.0,29.15,28.3,28.5,-0.45,37.0
6969,2026-05-12,84000.0,2378450.0,28.5,28.55,28.2,28.45,-0.05,37.0
6969,2026-05-13,23000.0,648600.0,28.2,28.2,28.2,28.2,-0.25,11.0
6969,2026-05-14,58000.0,1636350.0,28.25,28.5,28.1,28.2,0.0,32.0
6969,2026-05-15,103649.0,2905591.0,28.0,28.2,27.85,28.2,0.0,56.0
6969,2026-05-18,61149.0,1720751.0,28.2,28.3,28.0,28.05,-0.15,30.0
6969,2026-05-19,40136.0,1123578.0,28.2,28.2,27.8,28.05,0.0,28.0
6969,2026-05-20,14100.0,395300.0,28.05,28.2,27.95,28.05,0.0,14.0
6969,2026-05-21,38010.0,1068030.0,28.05,28.3,28.0,28.1,0.05,24.0
6969,2026-05-22,65248.0,1824618.0,27.9,28.1,27.85,28.0,-0.1,39.0
6969,2026-05-25,75700.0,2114400.0,28.0,28.1,27.8,27.8,-0.2,51.0
6969,2026-05-26,118930.0,3319350.0,28.5,28.55,27.6,28.0,0.2,102.0
6969,2026-05-27,56005.0,1564489.0,28.05,28.05,27.8,28.0,0.0,38.0
6969,2026-05-28,97280.0,2728875.0,28.0,28.3,27.8,27.8,-0.2,54.0
6969,2026-05-29,33000.0,919450.0,28.1,28.1,27.75,28.0,0.2,23.0
6969,2026-06-01,121278.0,3375180.0,27.6,28.2,27.6,28.2,0.2,50.0
6969,2026-06-02,25118.0,699754.0,28.0,28.0,27.75,27.8,-0.4,19.0
6969,2026-06-03,60350.0,1669907.0,27.7,27.9,27.6,27.8,0.0,37.0
6969,2026-06-04,37053.0,1029064.0,27.85,27.9,27.7,27.7,-0.1,26.0
6969,2026-06-05,129450.0,3545292.0,28.1,28.1,27.0,27.55,-0.15,63.0
6969,2026-06-08,98101.0,2631577.0,26.5,27.55,26.5,27.05,-0.5,58.0
6969,2026-06-09,102004.0,2782209.0,27.05,27.6,27.05,27.25,0.2,55.0
6969,2026-06-10,75062.0,2039048.0,27.35,27.35,26.8,26.8,-0.45,48.0
6969,2026-06-11,51166.0,1360843.0,26.8,26.8,26.45,26.75,-0.05,39.0
6969,2026-06-12,29000.0,783250.0,27.0,27.3,26.8,27.0,0.25,23.0
6969,2026-06-15,150426.0,4016850.0,27.0,27.0,26.6,26.65,-0.35,68.0
6969,2026-06-16,55055.0,1479607.0,27.0,27.5,26.6,26.6,-0.05,24.0
6969,2026-06-17,17015.0,451347.0,26.5,26.75,26.35,26.6,0.0,17.0
6969,2026-06-18,121264.0,3183096.0,26.3,26.55,26.05,26.4,-0.2,71.0
6969,2026-06-22,132584.0,3421971.0,26.6,26.6,25.35,25.7,-0.7,96.0
6969,2026-06-23,68119.0,1740708.0,25.7,25.8,25.5,25.6,-0.1,35.0
6969,2026-06-24,21029.0,535491.0,25.55,25.6,25.4,25.6,0.0,20.0
6969,2026-06-25,33193.0,828489.0,24.95,25.3,24.75,25.3,-0.3,27.0
6969,2026-06-26,36501.0,905104.0,25.0,25.0,24.5,24.5,-0.8,40.0
6969,2026-06-29,61092.0,1479983.0,24.5,24.5,24.0,24.2,-0.3,41.0
6969,2026-06-30,163853.0,3844212.0,23.6,23.85,23.0,23.75,-0.45,97.0
6969,2026-07-01,94443.0,2218525.0,23.45,23.75,23.35,23.75,0.0,56.0
6969,2026-07-02,111236.0,2614748.0,23.45,23.8,23.4,23.5,-0.25,60.0
6969,2026-07-03,168849.0,4295345.0,23.7,25.85,23.35,25.85,2.35,102.0
6969,2026-07-06,264854.0,6848284.0,25.85,26.25,25.6,25.6,-0.25,149.0
6969,2026-07-07,141769.0,3548297.0,25.4,25.5,24.6,25.0,-0.6,77.0
6969,2026-07-08,195794.0,5281496.0,25.4,27.5,25.15,27.5,2.5,209.0
6969,2026-07-09,249003.0,6508681.0,26.75,26.75,25.65,26.0,-1.5,135.0
6969,2026-07-13,130245.0,3231833.0,25.5,25.5,24.5,24.6,-1.4,83.0
6969,2026-07-14,24000.0,598350.0,24.8,25.75,24.5,25.75,1.15,20.0
6969,2026-07-15,60949.0,1541667.0,25.75,25.85,25.0,25.85,0.1,60.0
6969,2026-07-16,17220.0,439542.0,25.4,25.7,25.3,25.7,-0.15,16.0
6969,2026-07-17,105642.0,2595957.0,25.3,25.3,24.0,24.0,-1.7,66.0
6969,2026-07-20,1630161.0,43036199.0,26.4,26.4,26.35,26.4,2.4,447.0
6969,2026-07-21,1054372.0,30552638.0,29.0,29.0,28.0,29.0,2.6,243.0
6969,2026-07-22,488278.0,15576065.0,31.9,31.9,31.9,31.9,2.9,139.0
6969,2026-07-23,710445.0,24901090.0,35.05,35.05,35.05,35.05,3.15,227.0
6969,2026-07-24,1417973.0,54662848.0,38.55,38.55,38.55,38.55,3.5,305.0
6969,2026-07-27,990598.0,36869879.0,39.75,39.8,34.7,34.7,-3.85,465.0
6969,2026-07-28,261620.0,8175612.0,31.25,31.25,31.25,31.25,-3.45,199.0
6969,2026-07-29,698820.0,19996461.0,29.0,30.05,28.15,28.15,-3.1,422.0
6969,2026-07-30,280124.0,8360523.0,28.15,30.5,28.15,29.25,1.1,247.0
6969,2026-07-31,287570.0,9204424.0,32.15,32.15,31.1,32.15,2.9,201.0
6969,2026-08-03,260180.0,8617831.0,32.0,34.85,32.0,33.4,1.25,212.0
6969,2026-08-04,138477.0,4760893.0,33.4,34.9,33.4,34.45,1.05,129.0
6969,2026-08-05,206182.0,7116844.0,35.2,35.25,33.7,34.1,-0.35,187.0
6969,2026-08-06,116745.0,4032591.0,34.15,35.0,34.1,34.8,0.7,101.0
6969,2026-08-07,220105.0,8006776.0,38.25,38.25,35.5,35.5,0.7,161.0
6969,2026-08-10,278521.0,9693837.0,34.5,35.55,34.15,34.3,-1.2,207.0
6969,2026-08-11,201387.0,6655967.0,34.0,34.0,32.5,32.8,-1.5,155.0
6969,2026-08-12,110163.0,3627509.0,32.8,33.35,32.6,33.25,0.45,94.0
6969,2026-08-13,165536.0,5503024.0,33.45,34.0,32.45,33.1,-0.15,134.0
6969,2026-08-14,135413.0,4335848.0,33.1,33.1,31.4,31.4,-1.7,143.0
6969,2026-08-17,177182.0,5764068.0,31.7,33.6,31.25,32.9,1.5,112.0
6969,2026-08-18,110649.0,3590643.0,32.7,33.0,31.85,32.2,-0.7,85.0
6969,2026-08-19,452747.0,15764268.0,32.2,35.4,32.2,35.0,2.8,441.0
6969,2026-08-20,305907.0,10493326.0,33.5,35.55,33.0,34.7,-0.3,230.0
6969,2026-08-21,324743.0,11553778.0,35.9,36.5,34.75,35.25,0.55,205.0
6969,2026-08-24,90278.0,3080058.0,35.25,35.25,33.6,34.3,-0.95,83.0
6969,2026-08-25,56606.0,1882720.0,33.55,33.55,33.05,33.2,-1.1,59.0
6969,2026-08-26,160552.0,5444016.0,33.3,34.45,33.2,33.65,0.45,95.0
6969,2026-08-27,157122.0,5356463.0,33.8,34.8,33.6,34.8,1.15,108.0
6969,2026-08-28,206523.0,7206180.0,36.05,36.05,34.2,35.15,0.35,140.0
6969,2026-08-31,70897.0,2443820.0,34.9,34.9,34.2,34.6,-0.55,75.0
6969,2026-09-01,120191.0,4220464.0,34.95,35.65,34.7,34.9,0.3,92.0
6969,2026-09-02,158748.0,5526885.0,35.1,36.0,34.0,34.4,-0.5,110.0
6969,2026-09-03,92510.0,3105180.0,34.0,34.0,33.3,33.35,-1.05,86.0
6969,2026-09-04,84665.0,2786879.0,33.35,33.4,32.6,33.4,0.05,72.0
6969,2026-09-07,61310.0,2072265.0,33.5,34.1,33.4,33.8,0.4,49.0
6969,2026-09-08,799920.0,29425044.0,34.45,37.15,34.45,36.95,3.15,1651.0
6969,2026-09-09,448985.0,15675435.0,34.75,35.55,34.2,34.5,-2.45,297.0
6969,2026-09-10,110164.0,3816965.0,34.55,35.2,34.25,34.25,-0.25,79.0
6969,2026-09-11,178075.0,5911048.0,34.0,34.0,32.85,33.65,-0.6,93.0
6969,2026-09-14,158049.0,5187833.0,33.3,33.55,32.5,32.65,-1.0,119.0
6969,2026-09-15,157126.0,5058517.0,32.1,32.8,31.7,32.2,-0.45,110.0
6988,2024-10-23,283000.0,7675250.0,28.8,32.0,24.5,25.1,0.0,115.0
6988,2024-10-24,69000.0,1680750.0,25.15,25.15,24.0,24.2,-0.9,36.0
6988,2024-10-25,94000.0,2203950.0,24.7,24.7,23.0,23.8,-0.4,38.0
6988,2024-10-28,75000.0,1775850.0,23.05,24.5,23.0,24.25,0.45,28.0
6988,2024-10-29,19000.0,449450.0,23.7,24.0,23.5,23.5,-0.75,7.0
6988,2024-10-30,23000.0,541550.0,23.9,23.9,23.5,23.8,0.3,11.0
6988,2024-11-01,20000.0,473600.0,23.7,23.8,23.5,23.8,0.0,13.0
6988,2024-11-04,32000.0,750550.0,23.3,23.6,23.3,23.6,-0.2,13.0
6988,2024-11-05,21000.0,482800.0,23.0,23.0,22.8,23.0,-0.6,8.0
6988,2024-11-06,29000.0,667900.0,23.0,23.2,23.0,23.0,0.0,11.0
6988,2024-11-07,26000.0,595750.0,22.9,23.0,22.9,22.95,-0.05,7.0
6988,2024-11-08,20000.0,458200.0,23.0,23.0,22.8,22.9,-0.05,13.0
6988,2024-11-11,20000.0,455350.0,22.5,22.95,22.5,22.95,0.05,10.0
6988,2024-11-12,20000.0,455450.0,22.9,22.95,22.6,22.6,-0.35,9.0
6988,2024-11-13,84000.0,1923250.0,22.9,23.55,22.5,23.55,0.95,44.0
6988,2024-11-14,67000.0,1540300.0,23.1,23.5,22.8,23.0,-0.55,27.0
6988,2024-11-15,80000.0,1834050.0,23.0,23.3,22.5,23.3,0.3,30.0
6988,2024-11-18,10000.0,232100.0,23.0,23.3,23.0,23.3,0.0,9.0
6988,2024-11-19,23000.0,533100.0,23.1,23.25,23.1,23.25,-0.05,22.0
6988,2024-11-20,14000.0,323550.0,23.0,23.15,23.0,23.15,-0.1,12.0
6988,2024-11-21,10000.0,230250.0,23.0,23.05,23.0,23.05,-0.1,7.0
6988,2024-11-22,10000.0,230300.0,23.0,23.05,23.0,23.05,0.0,8.0
6988,2024-11-25,14000.0,321800.0,23.0,23.0,22.9,23.0,-0.05,10.0
6988,2024-11-26,21000.0,483650.0,22.95,23.2,22.95,23.2,0.2,16.0
6988,2024-11-27,11000.0,254100.0,23.05,23.15,23.0,23.0,-0.2,9.0
6988,2024-11-28,19000.0,437100.0,23.0,23.05,23.0,23.05,0.05,11.0
6988,2024-11-29,32000.0,741500.0,23.0,23.5,23.0,23.5,0.45,20.0
6988,2024-12-02,38000.0,896500.0,23.45,23.75,23.45,23.7,0.2,27.0
6988,2024-12-03,66000.0,1612650.0,23.75,24.9,23.75,24.9,1.2,41.0
6988,2024-12-04,55000.0,1399300.0,25.0,25.9,25.0,25.85,0.95,36.0
6988,2024-12-05,68000.0,1834750.0,26.3,27.8,26.3,27.15,1.3,43.0
6988,2024-12-06,8000.0,212750.0,26.6,26.65,26.5,26.65,-0.5,7.0
6988,2024-12-09,241000.0,7012150.0,29.25,29.3,27.6,28.6,1.95,62.0
6988,2024-12-10,156000.0,4104650.0,28.2,28.2,25.75,27.0,-1.6,75.0
6988,2024-12-11,85000.0,2095400.0,25.8,25.8,24.3,25.7,-1.3,40.0
6988,2024-12-12,1000.0,24600.0,24.6,24.6,24.6,24.6,-1.1,1.0
6988,2024-12-13,6000.0,154250.0,25.3,25.85,25.3,25.75,1.15,6.0
6988,2024-12-16,11000.0,287300.0,26.4,26.4,26.05,26.1,0.35,8.0
6988,2024-12-17,14000.0,368100.0,26.4,26.6,26.0,26.0,-0.1,10.0
6988,2024-12-18,37000.0,967350.0,26.2,26.65,26.0,26.0,0.0,17.0
6988,2024-12-19,8000.0,207000.0,26.3,26.3,25.5,25.5,-0.5,8.0
6988,2024-12-20,3000.0,77250.0,25.75,25.75,25.75,25.75,0.25,2.0
6988,2024-12-23,59000.0,1519550.0,25.9,26.25,25.45,25.75,0.0,25.0
6988,2024-12-24,13000.0,333700.0,25.75,25.75,25.55,25.75,0.0,9.0
6988,2024-12-25,13000.0,331500.0,25.6,25.8,25.35,25.5,-0.25,10.0
6988,2024-12-26,10000.0,254500.0,25.5,25.5,25.0,25.0,-0.5,4.0
6988,2024-12-27,2000.0,50150.0,25.1,25.1,25.05,25.05,0.05,2.0
6988,2024-12-30,6000.0,151150.0,25.0,25.45,25.0,25.45,0.4,5.0
6988,2024-12-31,3000.0,76450.0,25.5,25.5,25.45,25.45,0.0,2.0
6988,2025-01-02,25000.0,654400.0,25.5,27.35,25.5,27.35,1.9,17.0
6988,2025-01-03,82000.0,2157850.0,26.9,27.0,25.9,26.2,-1.15,37.0
6988,2025-01-06,61001.0,1662728.0,27.0,27.8,26.9,27.25,1.05,42.0
6988,2025-01-07,58050.0,1561524.0,27.0,27.7,26.3,26.45,-0.8,44.0
6988,2025-01-08,62000.0,1681500.0,26.45,27.7,26.45,27.05,0.6,32.0
6988,2025-01-09,13003.0,345832.0,26.65,27.0,26.55,27.0,-0.05,8.0
6988,2025-01-10,52001.0,1402427.0,27.05,27.05,26.9,26.9,-0.1,14.0
6988,2025-01-13,47000.0,1251000.0,26.9,27.0,26.25,26.7,-0.2,22.0
6988,2025-01-14,57051.0,1506227.0,26.6,26.7,26.25,26.3,-0.4,24.0
6988,2025-01-15,152000.0,4287900.0,28.7,28.75,27.5,28.25,1.95,78.0
6988,2025-01-16,112000.0,3137750.0,28.25,28.3,27.25,28.3,0.05,64.0
6988,2025-01-17,106000.0,3043650.0,28.5,29.2,28.1,29.2,0.9,79.0
6988,2025-01-20,125000.0,3660550.0,29.2,29.5,29.2,29.35,0.15,61.0
6988,2025-01-21,368887.0,10831839.0,29.25,29.55,29.1,29.55,0.2,85.0
6988,2025-01-22,61367.0,1787661.0,29.25,29.35,28.9,29.35,-0.2,59.0
6988,2025-02-03,43000.0,1268200.0,29.0,30.0,29.0,29.45,0.1,36.0
6988,2025-02-04,36000.0,1064750.0,29.95,30.0,29.4,29.5,0.05,24.0
6988,2025-02-05,43001.0,1265879.0,29.6,29.6,28.7,29.6,0.1,29.0
6988,2025-02-06,68000.0,1980400.0,29.5,29.7,28.55,29.6,0.0,48.0
6988,2025-02-07,239000.0,7181250.0,29.5,30.5,29.3,29.3,-0.3,25.0
6988,2025-02-10,34000.0,1000800.0,29.7,29.7,29.3,29.6,0.3,18.0
6988,2025-02-11,47000.0,1392800.0,29.6,29.75,29.5,29.6,0.0,32.0
6988,2025-02-12,30000.0,878450.0,29.95,30.4,29.0,29.0,-0.6,16.0
6988,2025-02-13,22000.0,633600.0,29.5,29.5,28.55,29.0,0.0,16.0
6988,2025-02-14,10000.0,287450.0,29.0,29.15,28.5,28.5,-0.5,9.0
6988,2025-02-17,21000.0,607350.0,29.35,29.35,28.65,29.0,0.5,9.0
6988,2025-02-18,23000.0,668650.0,29.7,29.7,28.95,29.0,0.0,17.0
6988,2025-02-19,14000.0,404700.0,29.0,29.0,28.8,28.8,-0.2,9.0
6988,2025-02-20,9000.0,262850.0,29.25,29.3,28.95,28.95,0.15,8.0
6988,2025-02-21,14002.0,404458.0,29.0,29.0,28.7,29.0,0.05,13.0
6988,2025-02-24,75000.0,2217100.0,29.45,30.0,29.0,29.5,0.5,41.0
6988,2025-02-25,89000.0,2634500.0,29.5,30.0,29.4,29.6,0.1,46.0
6988,2025-02-26,22000.0,644800.0,29.6,29.6,29.0,29.0,-0.6,14.0
6988,2025-02-27,29000.0,828100.0,28.7,28.7,28.5,28.55,-0.45,18.0
6988,2025-03-03,20000.0,571100.0,28.55,28.6,28.5,28.55,0.0,16.0
6988,2025-03-04,4000.0,113100.0,28.3,28.3,28.25,28.25,-0.3,2.0
6988,2025-03-05,81020.0,2208640.0,28.25,28.25,26.85,26.9,-1.35,57.0
6988,2025-03-06,8000.0,212050.0,26.55,26.55,26.5,26.5,-0.4,8.0
6988,2025-03-07,105000.0,2935950.0,25.9,29.15,25.9,29.15,2.65,64.0
6988,2025-03-10,51197.0,1466536.0,29.0,29.0,28.0,29.0,-0.15,36.0
6988,2025-03-11,43000.0,1235750.0,28.15,29.2,28.1,29.1,0.1,28.0
6988,2025-03-12,31001.0,875928.0,29.0,29.0,28.0,28.5,-0.6,18.0
6988,2025-03-13,22000.0,617550.0,28.15,28.15,27.95,27.95,-0.55,9.0
6988,2025-03-14,25001.0,677927.0,27.15,27.5,26.85,27.5,-0.45,21.0
6988,2025-03-17,7000.0,193450.0,27.8,27.8,27.3,27.5,0.0,5.0
6988,2025-03-18,26000.0,694650.0,26.8,26.9,26.5,26.55,-0.95,13.0
6988,2025-03-19,8000.0,213050.0,26.6,26.65,26.6,26.65,0.1,4.0
6988,2025-03-20,3000.0,79000.0,26.1,26.45,26.1,26.45,-0.2,3.0
6988,2025-03-21,59000.0,1544850.0,26.45,26.45,26.0,26.0,-0.45,29.0
6988,2025-03-24,0.0,0.0,,,,,0.0,0.0
6988,2025-03-25,35032.0,880068.0,26.05,26.05,24.95,25.4,0.0,26.0
6988,2025-03-26,22011.0,551130.0,25.05,25.25,24.8,25.25,-0.15,16.0
6988,2025-03-27,14000.0,348950.0,25.0,25.0,24.85,24.85,-0.4,12.0
6988,2025-03-28,32000.0,784500.0,24.6,25.0,24.4,24.4,-0.45,17.0
6988,2025-03-31,59104.0,1307246.0,22.0,23.5,22.0,23.5,-0.9,36.0
6988,2025-04-01,6000.0,139750.0,23.4,23.5,23.0,23.4,-0.1,6.0
6988,2025-04-02,12000.0,277500.0,23.35,23.45,23.0,23.45,0.05,6.0
6988,2025-04-07,3171.0,67065.0,21.15,21.15,21.15,21.15,-2.3,11.0
6988,2025-04-08,42000.0,805750.0,19.05,19.5,19.05,19.15,-2.0,24.0
6988,2025-04-09,39000.0,718500.0,19.15,19.15,18.05,18.1,-1.05,13.0
6988,2025-04-10,14000.0,277950.0,19.9,19.9,19.6,19.85,1.75,11.0
6988,2025-04-11,1000.0,19650.0,19.65,19.65,19.65,19.65,-0.2,1.0
6988,2025-04-14,19069.0,362111.0,19.25,19.25,18.5,19.0,-0.65,15.0
6988,2025-04-15,10020.0,197268.0,19.1,20.9,19.1,20.9,1.9,10.0
6988,2025-04-16,1020.0,20576.0,20.2,20.2,20.2,20.2,-0.7,3.0
6988,2025-04-17,0.0,0.0,,,,,0.0,0.0
6988,2025-04-18,1002.0,20240.0,20.2,20.2,20.2,20.2,0.0,2.0
6988,2025-04-21,5000.0,97300.0,20.1,20.1,19.3,19.3,-0.9,4.0
6988,2025-04-22,2001.0,38319.0,19.0,19.3,19.0,19.3,0.0,3.0
6988,2025-04-23,0.0,0.0,,,,,0.0,0.0
6988,2025-04-24,5000.0,100000.0,20.0,20.0,20.0,20.0,0.0,4.0
6988,2025-04-25,1159.0,24080.0,20.9,20.9,20.9,20.9,0.9,4.0
6988,2025-04-28,0.0,0.0,,,,,0.0,0.0
6988,2025-04-29,13000.0,260800.0,20.1,20.1,20.0,20.0,0.0,8.0
6988,2025-04-30,7375.0,146657.0,20.0,20.0,19.9,20.0,0.0,13.0
6988,2025-05-02,3000.0,60000.0,20.0,20.0,20.0,20.0,0.0,1.0
6988,2025-05-05,0.0,0.0,,,,,0.0,0.0
6988,2025-05-06,0.0,0.0,,,,,0.0,0.0
6988,2025-05-07,1000.0,19400.0,19.4,19.4,19.4,19.4,0.0,1.0
6988,2025-05-08,2000.0,38600.0,19.3,19.3,19.3,19.3,-0.1,1.0
6988,2025-05-09,2000.0,38000.0,19.0,19.0,19.0,19.0,-0.3,1.0
6988,2025-05-12,1000.0,19300.0,19.3,19.3,19.3,19.3,0.3,1.0
6988,2025-05-13,15000.0,291300.0,19.3,19.65,19.3,19.4,0.1,9.0
6988,2025-05-14,12110.0,238513.0,19.4,19.9,19.4,19.9,0.5,77.0
6988,2025-05-15,9000.0,181300.0,19.9,20.3,19.9,20.3,0.4,8.0
6988,2025-05-16,1000.0,20300.0,20.3,20.3,20.3,20.3,0.0,1.0
6988,2025-05-19,5000.0,99000.0,19.8,19.8,19.8,19.8,-0.5,2.0
6988,2025-05-20,2000.0,39700.0,19.8,19.9,19.8,19.9,0.1,2.0
6988,2025-05-21,1400.0,28638.0,19.9,19.9,19.9,19.9,0.0,4.0
6988,2025-05-22,6000.0,117000.0,19.35,19.8,19.35,19.8,-0.1,3.0
6988,2025-05-23,0.0,0.0,,,,,0.0,0.0
6988,2025-05-26,2600.0,51757.0,19.8,19.8,19.65,19.65,0.0,59.0
6988,2025-05-27,1000.0,19500.0,19.5,19.5,19.5,19.5,-0.15,1.0
6988,2025-05-28,26000.0,494300.0,19.25,19.5,18.25,19.5,0.0,9.0
6988,2025-05-29,2000.0,39000.0,19.5,19.5,19.5,19.5,0.0,2.0
6988,2025-06-02,0.0,0.0,,,,,0.0,0.0
6988,2025-06-03,1.0,19.0,,,,,0.0,1.0
6988,2025-06-04,0.0,0.0,,,,,0.0,0.0
6988,2025-06-05,3000.0,56100.0,18.8,18.8,18.5,18.5,0.0,2.0
6988,2025-06-06,5005.0,94094.0,18.8,18.8,18.8,18.8,0.3,5.0
6988,2025-06-09,0.0,0.0,,,,,0.0,0.0
6988,2025-06-10,5000.0,95000.0,19.0,19.0,19.0,19.0,0.0,5.0
6988,2025-06-11,2000.0,37300.0,18.8,18.8,18.5,18.5,-0.5,2.0
6988,2025-06-12,1000.0,18550.0,18.55,18.55,18.55,18.55,0.05,1.0
6988,2025-06-13,6000.0,108750.0,18.55,18.55,18.0,18.0,-0.55,4.0
6988,2025-06-16,21000.0,373600.0,17.7,17.8,17.7,17.8,-0.2,5.0
6988,2025-06-17,2000.0,36000.0,17.8,18.2,17.8,18.2,0.4,2.0
6988,2025-06-18,10000.0,178000.0,18.2,18.2,17.7,18.05,-0.15,4.0
6988,2025-06-19,18000.0,310200.0,17.2,17.3,17.2,17.25,-0.8,12.0
6988,2025-06-20,1000.0,17200.0,17.2,17.2,17.2,17.2,-0.05,1.0
6988,2025-06-23,3000.0,49400.0,16.5,16.5,16.45,16.45,-0.75,3.0
6988,2025-06-24,29084.0,491064.0,16.7,18.05,16.5,18.0,1.55,27.0
6988,2025-06-25,2001.0,34968.0,17.5,17.5,17.45,17.45,-0.55,3.0
6988,2025-06-26,7000.0,125350.0,17.95,17.95,17.9,17.9,0.45,7.0
6988,2025-06-27,7000.0,125550.0,17.9,18.1,17.85,18.1,0.2,7.0
6988,2025-06-30,1054.0,19085.0,18.1,18.1,18.1,18.1,0.0,2.0
6988,2025-07-01,18000.0,325500.0,18.1,18.2,18.0,18.0,-0.1,16.0
6988,2025-07-02,14000.0,248500.0,17.75,17.85,17.7,17.7,0.0,10.0
6988,2025-07-03,1000.0,17700.0,17.7,17.7,17.7,17.7,0.0,1.0
6988,2025-07-04,14000.0,246700.0,17.7,17.7,17.55,17.6,-0.1,10.0
6988,2025-07-07,27000.0,473200.0,17.5,17.75,17.45,17.5,-0.1,10.0
6988,2025-07-08,1000.0,17750.0,17.75,17.75,17.75,17.75,0.25,1.0
6988,2025-07-09,0.0,0.0,,,,,0.0,0.0
6988,2025-07-10,2000.0,35350.0,17.7,17.7,17.65,17.65,0.0,2.0
6988,2025-07-11,28000.0,504500.0,17.65,18.85,17.65,18.85,1.2,17.0
6988,2025-07-14,12247.0,224614.0,18.85,18.85,18.0,18.0,-0.85,12.0
6988,2025-07-15,12000.0,215850.0,18.5,18.5,17.8,18.0,0.0,12.0
6988,2025-07-16,31000.0,557600.0,17.75,18.2,17.75,18.1,0.1,15.0
6988,2025-07-17,4018.0,70924.0,17.5,17.85,17.5,17.75,-0.35,5.0
6988,2025-07-18,3000.0,53500.0,17.9,17.9,17.7,17.7,-0.05,2.0
6988,2025-07-21,36000.0,624850.0,17.75,17.75,17.2,17.75,0.05,17.0
6988,2025-07-22,1000.0,17750.0,17.75,17.75,17.75,17.75,0.0,1.0
6988,2025-07-23,1000.0,17500.0,17.5,17.5,17.5,17.5,-0.25,1.0
6988,2025-07-24,2000.0,35000.0,17.5,17.5,17.5,17.5,0.0,1.0
6988,2025-07-25,20000.0,352200.0,17.55,17.7,17.55,17.7,0.2,12.0
6988,2025-07-28,3005.0,52937.0,17.55,17.75,17.55,17.75,0.05,5.0
6988,2025-07-29,1000.0,17600.0,17.6,17.6,17.6,17.6,-0.15,1.0
6988,2025-07-30,16035.0,305109.0,18.55,19.35,18.55,18.8,1.2,21.0
6988,2025-07-31,1100.0,20870.0,18.9,18.9,18.9,18.9,0.1,2.0
6988,2025-08-01,37400.0,673887.0,18.5,18.5,17.7,17.75,-1.15,24.0
6988,2025-08-04,28000.0,494850.0,18.35,18.35,17.5,17.65,-0.1,15.0
6988,2025-08-05,18095.0,318321.0,17.65,18.25,17.3,17.4,-0.25,19.0
6988,2025-08-06,2000.0,34650.0,17.3,17.35,17.3,17.35,-0.05,2.0
6988,2025-08-07,7000.0,120800.0,17.25,17.35,17.2,17.2,-0.15,7.0
6988,2025-08-08,5000.0,86950.0,17.2,17.6,17.2,17.6,0.4,4.0
6988,2025-08-11,33000.0,583350.0,17.6,17.75,17.6,17.7,0.1,12.0
6988,2025-08-12,7000.0,124750.0,18.0,18.0,17.75,17.75,0.05,2.0
6988,2025-08-13,2000.0,36300.0,18.2,18.2,18.1,18.1,0.35,2.0
6988,2025-08-14,22000.0,382350.0,17.55,17.55,17.05,17.05,-1.05,14.0
6988,2025-08-15,33000.0,581100.0,17.35,17.9,17.35,17.9,0.85,13.0
6988,2025-08-18,30099.0,527032.0,17.5,17.9,17.2,17.9,0.0,17.0
6988,2025-08-19,24000.0,437750.0,17.8,19.4,17.8,19.4,1.5,16.0
6988,2025-08-20,49001.0,919271.0,18.0,19.9,18.0,18.05,-1.35,29.0
6988,2025-08-21,7000.0,123650.0,18.05,18.05,17.2,17.9,-0.15,7.0
6988,2025-08-22,21000.0,385700.0,18.1,18.9,18.05,18.5,0.6,12.0
6988,2025-08-25,24000.0,431850.0,18.5,18.5,17.65,18.15,-0.35,10.0
6988,2025-08-26,45000.0,812750.0,18.0,18.7,17.95,18.2,0.05,22.0
6988,2025-08-27,31000.0,554500.0,18.5,18.5,17.5,17.5,-0.7,16.0
6988,2025-08-28,19312.0,338063.0,17.5,17.6,17.45,17.45,-0.05,14.0
6988,2025-08-29,16000.0,277700.0,17.4,17.7,17.2,17.7,0.25,7.0
6988,2025-09-01,4012.0,71112.0,17.8,17.8,17.7,17.7,0.0,3.0
6988,2025-09-02,18000.0,322050.0,17.8,18.3,17.6,17.8,0.1,12.0
6988,2025-09-03,17000.0,298800.0,17.75,17.9,17.4,17.4,-0.4,10.0
6988,2025-09-04,65000.0,1133600.0,17.4,17.6,17.2,17.5,0.1,19.0
6988,2025-09-05,26000.0,455200.0,17.55,17.55,17.45,17.5,0.0,11.0
6988,2025-09-08,25000.0,435950.0,17.5,17.5,17.35,17.35,-0.15,13.0
6988,2025-09-09,6000.0,104400.0,17.4,17.4,17.4,17.4,0.05,6.0
6988,2025-09-10,84000.0,1483000.0,17.7,17.75,17.5,17.75,0.35,37.0
6988,2025-09-11,5000.0,87500.0,17.5,17.5,17.5,17.5,-0.25,2.0
6988,2025-09-12,28000.0,498700.0,17.7,17.95,17.7,17.95,0.45,12.0
6988,2025-09-15,10000.0,176250.0,17.95,17.95,17.55,17.65,-0.3,5.0
6988,2025-09-16,2000.0,35300.0,17.7,17.7,17.6,17.6,-0.05,2.0
6988,2025-09-17,6100.0,107360.0,17.6,17.65,17.6,17.65,0.05,39.0
6988,2025-09-18,1000.0,17500.0,17.5,17.5,17.5,17.5,-0.15,1.0
6988,2025-09-19,4000.0,69800.0,17.45,17.45,17.45,17.45,-0.05,4.0
6988,2025-09-22,51000.0,893650.0,17.6,17.6,17.45,17.45,0.0,19.0
6988,2025-09-23,11009.0,187757.0,17.0,17.15,17.0,17.15,-0.3,6.0
6988,2025-09-24,7001.0,120118.0,17.15,17.2,17.15,17.15,0.0,6.0
6988,2025-09-25,22001.0,374167.0,17.1,17.1,17.0,17.0,-0.15,14.0
6988,2025-09-26,17000.0,286600.0,16.9,17.0,16.75,16.95,-0.05,11.0
6988,2025-09-30,0.0,0.0,,,,,0.0,0.0
6988,2025-10-01,6000.0,101400.0,16.95,16.95,16.85,16.9,0.0,5.0
6988,2025-10-02,32000.0,524400.0,16.6,16.6,16.25,16.45,-0.45,17.0
6988,2025-10-03,26000.0,424650.0,16.45,16.45,16.15,16.15,-0.3,15.0
6988,2025-10-07,11000.0,177950.0,16.2,16.3,16.05,16.3,0.15,9.0
6988,2025-10-08,6001.0,97066.0,16.2,16.2,16.15,16.15,-0.15,7.0
6988,2025-10-09,5000.0,81150.0,16.2,16.3,16.2,16.3,0.15,5.0
6988,2025-10-13,17000.0,276900.0,16.1,16.7,16.1,16.7,0.4,13.0
6988,2025-10-14,30000.0,497900.0,16.7,17.05,16.05,16.1,-0.6,17.0
6988,2025-10-15,15000.0,242950.0,16.3,16.3,16.1,16.1,0.0,15.0
6988,2025-10-16,6000.0,96350.0,16.1,16.1,16.0,16.0,-0.1,5.0
6988,2025-10-17,22000.0,352600.0,16.05,16.05,16.0,16.05,0.05,11.0
6988,2025-10-20,4000.0,64800.0,16.2,16.2,16.2,16.2,0.15,3.0
6988,2025-10-21,44010.0,686410.0,15.9,15.9,15.15,15.5,-0.7,21.0
6988,2025-10-22,3000.0,46400.0,15.4,15.5,15.4,15.5,0.0,3.0
6988,2025-10-23,26050.0,403525.0,15.45,15.7,15.45,15.7,0.2,14.0
6988,2025-10-27,26000.0,405400.0,15.6,15.65,15.45,15.45,-0.25,15.0
6988,2025-10-28,25000.0,390050.0,15.65,15.8,15.5,15.8,0.35,14.0
6988,2025-10-29,7000.0,109200.0,15.9,15.9,15.55,15.55,-0.25,3.0
6988,2025-10-30,67200.0,1021710.0,15.55,15.55,14.75,14.85,-0.7,27.0
6988,2025-10-31,6650.0,100320.0,15.2,15.2,14.95,14.95,0.1,10.0
6988,2025-11-03,19045.0,274053.0,14.0,14.6,14.0,14.5,-0.45,13.0
6988,2025-11-04,3000.0,43500.0,14.5,14.5,14.5,14.5,0.0,3.0
6988,2025-11-05,21000.0,298450.0,14.0,14.45,13.95,14.45,-0.05,10.0
6988,2025-11-06,13000.0,190600.0,14.55,14.8,14.55,14.65,0.2,12.0
6988,2025-11-07,12049.0,178014.0,14.6,14.85,14.6,14.85,0.2,16.0
6988,2025-11-10,16012.0,231580.0,14.75,14.75,14.15,14.3,-0.55,19.0
6988,2025-11-11,9000.0,131650.0,14.5,14.7,14.5,14.6,0.3,9.0
6988,2025-11-12,11007.0,161806.0,14.85,14.85,14.55,14.55,-0.05,14.0
6988,2025-11-13,17000.0,247650.0,14.6,14.6,14.4,14.5,-0.05,9.0
6988,2025-11-14,67694.0,1037176.0,15.95,15.95,14.9,15.05,0.55,58.0
6988,2025-11-17,31080.0,454134.0,15.15,15.15,14.35,14.4,-0.65,22.0
6988,2025-11-18,67046.0,928993.0,14.6,14.6,13.45,13.8,-0.6,41.0
6988,2025-11-19,10000.0,140800.0,14.4,14.4,14.0,14.0,0.2,7.0
6988,2025-11-20,20000.0,286050.0,15.0,15.0,14.15,14.2,0.2,14.0
6988,2025-11-21,3148.0,45568.0,14.6,14.6,14.3,14.3,0.1,4.0
6988,2025-11-24,22067.0,315508.0,14.6,14.6,14.1,14.3,0.0,15.0
6988,2025-11-25,2001.0,29015.0,14.55,14.55,14.45,14.45,0.15,3.0
6988,2025-11-26,3000.0,43550.0,14.6,14.6,14.4,14.55,0.1,3.0
6988,2025-11-27,4150.0,62865.0,15.3,15.3,15.1,15.1,0.55,5.0
6988,2025-11-28,10002.0,152280.0,15.25,15.3,15.0,15.3,0.2,8.0
6988,2025-12-01,3000.0,45000.0,15.0,15.0,15.0,15.0,-0.3,3.0
6988,2025-12-02,5000.0,75100.0,15.05,15.05,15.0,15.0,0.0,5.0
6988,2025-12-03,1000.0,15000.0,15.0,15.0,15.0,15.0,0.0,1.0
6988,2025-12-04,2000.0,29350.0,14.6,14.75,14.6,14.75,-0.25,2.0
6988,2025-12-05,38000.0,555750.0,14.75,14.85,14.5,14.65,-0.1,24.0
6988,2025-12-08,13002.0,188427.0,14.65,14.65,14.15,14.65,0.0,14.0
6988,2025-12-09,9000.0,131500.0,14.6,14.65,14.55,14.6,-0.05,9.0
6988,2025-12-10,32000.0,462050.0,14.6,14.6,14.2,14.2,-0.4,16.0
6988,2025-12-11,117000.0,1644050.0,14.2,14.25,14.0,14.2,0.0,32.0
6988,2025-12-12,88000.0,1226450.0,14.15,14.15,13.85,13.95,-0.25,28.0
6988,2025-12-15,150000.0,2012550.0,14.05,14.05,13.1,13.6,-0.35,47.0
6988,2025-12-16,85376.0,1090043.0,13.2,13.2,12.5,12.95,-0.65,47.0
6988,2025-12-17,65150.0,810964.0,12.6,12.6,12.35,12.35,-0.6,31.0
6988,2025-12-18,58050.0,759952.0,12.5,13.55,12.5,13.1,0.75,37.0
6988,2025-12-19,33026.0,426888.0,13.0,13.0,12.8,12.85,-0.25,17.0
6988,2025-12-22,10012.0,127656.0,12.7,12.8,12.7,12.75,-0.1,10.0
6988,2025-12-23,15004.0,194902.0,12.75,13.05,12.75,13.05,0.3,10.0
6988,2025-12-24,7513.0,97669.0,13.0,13.0,13.0,13.0,-0.05,6.0
6988,2025-12-26,3000.0,38850.0,12.95,12.95,12.95,12.95,-0.05,1.0
6988,2025-12-29,35000.0,455650.0,13.05,13.1,12.8,12.8,-0.15,17.0
6988,2025-12-30,76000.0,1026300.0,12.8,14.05,12.7,13.8,1.0,46.0
6988,2025-12-31,49001.0,667964.0,13.7,13.8,13.45,13.6,-0.2,26.0
6988,2026-01-02,25000.0,334450.0,13.35,13.6,13.1,13.5,-0.1,12.0
6988,2026-01-05,23000.0,306300.0,13.35,13.45,13.2,13.45,-0.05,12.0
6988,2026-01-06,36000.0,485600.0,13.5,13.55,13.4,13.55,0.1,20.0
6988,2026-01-07,40000.0,548100.0,13.55,13.85,13.5,13.8,0.25,19.0
6988,2026-01-08,38499.0,538210.0,13.8,14.1,13.8,14.05,0.25,28.0
6988,2026-01-09,29000.0,420150.0,13.8,15.45,13.7,15.45,1.4,19.0
6988,2026-01-12,89851.0,1442819.0,14.8,16.95,14.8,16.45,1.0,70.0
6988,2026-01-13,18000.0,294500.0,16.0,16.45,16.0,16.45,0.0,11.0
6988,2026-01-14,4000.0,65200.0,16.3,16.3,16.3,16.3,-0.15,4.0
6988,2026-01-15,9202.0,152050.0,16.65,16.65,16.15,16.3,0.0,18.0
6988,2026-01-16,25500.0,407350.0,15.8,16.15,15.75,15.85,-0.45,14.0
6988,2026-01-19,20012.0,322232.0,16.0,16.5,16.0,16.0,0.15,12.0
6988,2026-01-20,52475.0,860641.0,15.9,16.5,15.9,16.5,0.5,27.0
6988,2026-01-21,128339.0,2283048.0,16.5,18.15,16.5,18.15,1.65,74.0
6988,2026-01-22,221325.0,4337919.0,18.2,19.95,18.2,19.95,1.8,121.0
6988,2026-01-23,80465.0,1523650.0,18.85,19.4,18.3,19.1,-0.85,53.0
6988,2026-01-26,67472.0,1285370.0,18.5,19.4,18.45,19.2,0.1,36.0
6988,2026-01-27,56518.0,1075812.0,18.8,19.2,18.8,19.2,0.0,64.0
6988,2026-01-28,90034.0,1717586.0,19.0,19.35,18.5,19.2,0.0,37.0
6988,2026-01-29,118000.0,2250500.0,19.0,19.3,18.9,19.25,0.05,45.0
6988,2026-01-30,89000.0,1700850.0,18.9,19.3,18.75,19.3,0.05,39.0
6988,2026-02-02,94402.0,1828494.0,19.3,19.5,19.0,19.5,0.2,56.0
6988,2026-02-03,64750.0,1270337.0,19.5,19.8,19.3,19.75,0.25,43.0
6988,2026-02-04,118750.0,2363034.0,19.75,20.0,19.6,20.0,0.25,68.0
6988,2026-02-05,57179.0,1145537.0,20.4,20.5,19.75,20.0,0.0,32.0
6988,2026-02-06,199985.0,4150110.0,20.0,21.4,20.0,21.0,1.0,105.0
6988,2026-02-09,386187.0,8058835.0,21.0,21.1,18.95,18.95,-2.05,105.0
6988,2026-02-10,35038.0,664198.0,18.95,19.05,18.65,19.0,0.05,24.0
6988,2026-02-11,252775.0,4956317.0,19.2,19.95,18.1,18.1,-0.9,84.0
6988,2026-02-23,21150.0,386264.0,18.1,18.35,18.05,18.35,0.25,21.0
6988,2026-02-24,26006.0,465308.0,18.35,18.35,17.35,18.15,-0.2,16.0
6988,2026-02-25,49061.0,861195.0,17.75,17.75,17.15,17.55,-0.6,23.0
6988,2026-02-26,170531.0,2784549.0,17.0,18.0,15.8,18.0,0.45,90.0
6988,2026-03-02,68542.0,1120536.0,17.3,17.3,16.2,16.2,-1.8,39.0
6988,2026-03-03,36300.0,572324.0,16.2,16.2,15.6,15.6,-0.6,22.0
6988,2026-03-04,108048.0,1579361.0,16.0,16.0,14.2,14.2,-1.4,50.0
6988,2026-03-05,80116.0,1136234.0,14.3,14.5,14.0,14.0,-0.2,45.0
6988,2026-03-06,21033.0,303458.0,14.0,14.65,14.0,14.65,0.65,21.0
6988,2026-03-09,21000.0,293100.0,14.1,14.1,13.55,14.05,-0.6,17.0
6988,2026-03-10,12028.0,175794.0,14.5,14.75,14.5,14.5,0.45,18.0
6988,2026-03-11,31201.0,465074.0,14.75,15.15,14.75,14.95,0.45,22.0
6988,2026-03-12,21018.0,312862.0,14.9,14.95,14.8,14.8,-0.15,18.0
6988,2026-03-13,35154.0,504229.0,14.05,16.25,13.85,15.75,0.95,27.0
6988,2026-03-16,38325.0,559211.0,15.0,15.25,14.35,14.4,-1.35,40.0
6988,2026-03-17,35166.0,508545.0,14.3,14.6,14.25,14.6,0.2,27.0
6988,2026-03-18,14001.0,203016.0,14.4,14.6,14.4,14.5,-0.1,10.0
6988,2026-03-19,25520.0,362657.0,14.5,14.5,13.8,13.8,-0.7,28.0
6988,2026-03-20,49043.0,718034.0,14.2,14.95,14.2,14.3,0.5,33.0
6988,2026-03-23,36014.0,518691.0,14.25,14.7,14.25,14.3,0.0,30.0
6988,2026-03-24,45000.0,643950.0,14.3,14.5,14.1,14.3,0.0,25.0
6988,2026-03-25,11101.0,159330.0,14.4,14.5,14.15,14.15,-0.15,13.0
6988,2026-03-26,23000.0,326900.0,14.3,14.3,14.15,14.15,0.0,14.0
6988,2026-03-27,33015.0,459712.0,13.9,14.0,13.9,13.9,-0.25,19.0
6988,2026-03-30,41000.0,560700.0,13.9,14.0,13.55,13.65,-0.25,21.0
6988,2026-03-31,27398.0,367152.0,13.1,13.7,12.75,13.6,-0.05,21.0
6988,2026-04-01,45464.0,677886.0,14.0,14.95,14.0,14.95,1.35,23.0
6988,2026-04-02,96235.0,1411776.0,14.0,15.35,14.0,15.35,0.4,44.0
6988,2026-04-07,67002.0,990130.0,15.35,15.35,14.45,14.8,-0.55,42.0
6988,2026-04-08,32200.0,479996.0,15.0,15.25,14.8,14.8,0.0,32.0
6988,2026-04-09,36418.0,543164.0,14.75,15.0,14.7,15.0,0.2,27.0
6988,2026-04-10,22000.0,328700.0,14.95,15.0,14.8,14.8,-0.2,20.0
6988,2026-04-13,21132.0,315429.0,14.8,15.1,14.8,14.8,0.0,24.0
6988,2026-04-14,27200.0,407950.0,14.85,15.15,14.85,14.85,0.05,23.0
6988,2026-04-15,28117.0,422556.0,14.9,15.2,14.9,14.95,0.1,25.0
6988,2026-04-16,25010.0,375549.0,15.0,15.15,14.7,14.7,-0.25,20.0
6988,2026-04-17,14000.0,208400.0,14.9,15.0,14.8,14.85,0.15,11.0
6988,2026-04-20,72000.0,1070900.0,14.8,15.05,14.75,14.75,-0.1,42.0
6988,2026-04-21,28000.0,415950.0,14.9,15.0,14.7,14.75,0.0,21.0
6988,2026-04-22,52000.0,759750.0,14.75,14.75,14.4,14.5,-0.25,27.0
6988,2026-04-23,23000.0,328050.0,14.5,14.5,14.1,14.2,-0.3,17.0
6988,2026-04-24,37000.0,522550.0,14.5,14.5,14.0,14.0,-0.2,21.0
6988,2026-04-27,84000.0,1142150.0,13.8,13.9,13.45,13.5,-0.5,41.0
6988,2026-04-28,100100.0,1356449.0,13.5,14.2,13.2,14.0,0.5,52.0
6988,2026-04-29,16000.0,220650.0,14.0,14.1,13.5,13.5,-0.5,11.0
6988,2026-04-30,45000.0,612900.0,13.6,13.8,13.5,13.6,0.1,27.0
6988,2026-05-04,37007.0,518249.0,14.0,14.6,13.7,13.8,0.2,31.0
6988,2026-05-05,96971.0,1414937.0,13.95,15.15,13.9,14.3,0.5,62.0
6988,2026-05-06,51003.0,755644.0,15.1,15.1,14.3,14.4,0.1,34.0
6988,2026-05-07,34000.0,493800.0,14.7,14.7,14.15,14.15,-0.25,25.0
6988,2026-05-08,114320.0,1701014.0,14.2,15.1,14.2,14.5,0.35,60.0
6988,2026-05-11,92000.0,1378950.0,15.0,15.25,14.5,14.9,0.4,47.0
6988,2026-05-12,90431.0,1383645.0,15.0,15.6,15.0,15.1,0.2,52.0
6988,2026-05-13,143200.0,2245478.0,15.5,16.0,15.25,15.25,0.15,74.0
6988,2026-05-14,89060.0,1409170.0,15.0,16.1,15.0,15.55,0.3,51.0
6988,2026-05-15,135077.0,2220165.0,16.0,17.1,15.5,17.1,1.55,653.0
6988,2026-05-18,114399.0,1985308.0,16.3,18.15,16.3,17.2,0.1,77.0
6988,2026-05-19,100017.0,1701364.0,17.25,17.5,16.7,16.85,-0.35,45.0
6988,2026-05-20,80000.0,1367050.0,17.2,17.4,16.75,16.9,0.05,46.0
6988,2026-05-21,127839.0,2133013.0,16.95,17.2,16.3,16.7,-0.2,61.0
6988,2026-05-22,93271.0,1587064.0,16.95,17.4,16.7,16.7,0.0,61.0
6988,2026-05-25,135145.0,2306467.0,16.7,17.45,16.65,16.65,-0.05,75.0
6988,2026-05-26,49000.0,823650.0,16.65,17.0,16.5,16.55,-0.1,37.0
6988,2026-05-27,123070.0,2067521.0,17.3,17.3,16.45,16.45,-0.1,64.0
6988,2026-05-28,102537.0,1746031.0,17.0,17.75,16.4,16.45,0.0,54.0
6988,2026-05-29,85036.0,1344368.0,16.45,16.45,15.55,15.8,-0.65,46.0
6988,2026-06-01,77314.0,1214401.0,15.75,16.1,15.3,15.35,-0.45,63.0
6988,2026-06-02,33020.0,503707.0,15.4,15.4,15.05,15.2,-0.15,18.0
6988,2026-06-03,34041.0,511356.0,15.05,15.1,14.7,14.7,-0.5,56.0
6988,2026-06-04,34091.0,504564.0,14.5,15.05,14.5,14.55,-0.15,21.0
6988,2026-06-05,45020.0,665938.0,14.75,15.0,14.35,14.35,-0.2,23.0
6988,2026-06-08,38026.0,558561.0,14.25,15.75,14.25,14.6,0.25,22.0
6988,2026-06-09,22052.0,322625.0,14.55,14.7,14.55,14.6,0.0,15.0
6988,2026-06-10,46000.0,672700.0,14.8,14.8,14.6,14.6,0.0,22.0
6988,2026-06-11,33799.0,479248.0,14.65,14.65,13.85,13.85,-0.75,42.0
6988,2026-06-12,38372.0,541313.0,13.85,14.4,13.85,13.9,0.05,24.0
6988,2026-06-15,76022.0,1088164.0,13.9,14.8,13.9,14.05,0.15,48.0
6988,2026-06-16,47000.0,657000.0,14.2,14.2,13.8,13.9,-0.15,26.0
6988,2026-06-17,32000.0,453150.0,14.8,14.8,13.9,13.9,0.0,20.0
6988,2026-06-18,66010.0,942841.0,14.25,15.05,14.0,14.0,0.1,40.0
6988,2026-06-22,39378.0,552821.0,14.0,14.15,13.95,13.95,-0.05,28.0
6988,2026-06-23,39100.0,546600.0,14.0,14.3,13.85,13.85,-0.1,27.0
6988,2026-06-24,34040.0,466698.0,13.75,13.85,13.6,13.65,-0.2,28.0
6988,2026-06-25,56000.0,765700.0,13.85,13.95,13.35,13.6,-0.05,31.0
6988,2026-06-26,31000.0,412300.0,13.35,13.4,13.2,13.35,-0.25,19.0
6988,2026-06-29,16008.0,212908.0,13.3,13.3,13.3,13.3,-0.05,5.0
6988,2026-06-30,19000.0,256300.0,13.55,13.55,13.45,13.45,0.15,9.0
6988,2026-07-01,17001.0,231164.0,13.45,13.7,13.45,13.55,0.1,11.0
6988,2026-07-02,55000.0,739850.0,13.35,13.7,13.35,13.6,0.05,24.0
6988,2026-07-03,34050.0,458387.0,13.55,13.55,13.4,13.55,-0.05,15.0
6988,2026-07-06,46000.0,620100.0,13.4,13.55,13.4,13.5,-0.05,12.0
6988,2026-07-07,87000.0,1177900.0,13.6,13.6,13.45,13.45,-0.05,22.0
6988,2026-07-08,28000.0,378700.0,13.6,13.6,13.45,13.6,0.15,13.0
6988,2026-07-09,37001.0,500062.0,13.6,13.6,13.4,13.6,0.0,19.0
6988,2026-07-13,15000.0,203700.0,13.6,13.6,13.5,13.6,0.0,11.0
6988,2026-07-14,56114.0,743332.0,13.35,13.4,13.2,13.25,-0.35,25.0
6988,2026-07-15,24000.0,321850.0,13.1,13.6,13.1,13.6,0.35,14.0
6988,2026-07-16,22050.0,292467.0,13.5,13.5,13.15,13.3,-0.3,14.0
6988,2026-07-17,89109.0,1154391.0,13.05,13.3,12.55,12.8,-0.5,32.0
6988,2026-07-20,15000.0,195700.0,12.95,13.35,12.95,13.1,0.3,9.0
6988,2026-07-21,69000.0,887450.0,13.05,13.05,12.4,12.8,-0.3,31.0
6988,2026-07-22,24000.0,307250.0,12.8,12.85,12.7,12.8,0.0,14.0
6988,2026-07-23,15000.0,196350.0,13.1,13.4,12.85,12.9,0.1,12.0
6988,2026-07-24,14000.0,177700.0,12.65,12.85,12.6,12.85,-0.05,7.0
6988,2026-07-27,0.0,0.0,,,,,0.0,0.0
6988,2026-07-28,25800.0,322500.0,12.6,12.65,12.3,12.55,0.0,15.0
6988,2026-07-29,60000.0,734300.0,12.95,12.95,11.95,12.8,0.25,31.0
6988,2026-07-30,37000.0,449350.0,12.6,12.6,11.95,11.95,-0.85,19.0
6988,2026-07-31,12000.0,146250.0,12.8,12.8,12.05,12.1,0.15,11.0
6988,2026-08-03,35004.0,420298.0,12.0,12.2,11.95,11.95,-0.15,17.0
6988,2026-08-04,7113.0,85332.0,12.2,12.2,11.9,11.9,-0.05,8.0
6988,2026-08-05,13000.0,156100.0,12.15,12.15,11.9,11.9,0.0,8.0
6988,2026-08-06,40000.0,491200.0,11.95,12.65,11.95,12.65,0.75,25.0
6988,2026-08-07,12001.0,152463.0,13.4,13.4,12.5,12.65,0.0,10.0
6988,2026-08-10,61000.0,770500.0,12.65,12.85,12.45,12.55,-0.1,29.0
6988,2026-08-11,28000.0,351450.0,12.55,12.7,12.45,12.7,0.15,14.0
6988,2026-08-12,81000.0,1046900.0,12.7,13.15,12.7,13.0,0.3,35.0
6988,2026-08-13,48078.0,602360.0,12.8,12.8,12.45,12.5,-0.5,23.0
6988,2026-08-14,56000.0,707300.0,12.7,12.8,12.5,12.5,0.0,21.0
6988,2026-08-17,51000.0,632700.0,12.5,12.55,12.2,12.2,-0.3,26.0
6988,2026-08-18,25000.0,305350.0,12.35,12.35,12.1,12.2,0.0,10.0
6988,2026-08-19,41000.0,489500.0,11.9,12.0,11.9,11.95,-0.25,26.0
6988,2026-08-20,24000.0,286350.0,12.05,12.05,11.85,11.85,-0.1,13.0
6988,2026-08-21,29010.0,342320.0,11.95,11.95,11.75,11.8,-0.05,22.0
6988,2026-08-24,105423.0,1220760.0,11.8,11.8,11.2,11.75,-0.05,47.0
6988,2026-08-25,71024.0,815327.0,11.6,11.6,11.35,11.55,-0.2,41.0
6988,2026-08-26,70060.0,803990.0,11.5,11.75,11.35,11.7,0.15,28.0
6988,2026-08-27,19000.0,221600.0,11.7,11.8,11.65,11.65,-0.05,10.0
6988,2026-08-28,41000.0,472900.0,11.55,11.65,11.5,11.65,0.0,16.0
6988,2026-08-31,54000.0,618400.0,11.5,11.5,11.35,11.5,-0.15,20.0
6988,2026-09-01,53000.0,604450.0,11.4,11.45,11.35,11.4,-0.1,26.0
6988,2026-09-02,44000.0,500250.0,11.4,11.4,11.3,11.3,-0.1,17.0
6988,2026-09-03,43444.0,490468.0,11.3,11.35,11.25,11.3,0.0,17.0
6988,2026-09-04,25000.0,290350.0,11.4,11.9,11.4,11.85,0.55,13.0
6988,2026-09-07,17056.0,204660.0,11.85,12.25,11.8,12.25,0.4,17.0
6988,2026-09-08,78421.0,956149.0,12.5,12.5,11.7,11.95,-0.3,59.0
6988,2026-09-09,42000.0,499400.0,11.95,12.0,11.7,12.0,0.05,17.0
6988,2026-09-10,57000.0,682700.0,12.05,12.15,11.9,11.9,-0.1,21.0
6988,2026-09-11,24000.0,285600.0,11.95,11.95,11.85,11.9,0.0,10.0
6988,2026-09-14,24000.0,285600.0,11.9,12.0,11.85,12.0,0.1,10.0
6988,2026-09-15,11001.0,130412.0,11.95,11.95,11.8,11.8,-0.2,6.0
7610,2025-09-09,2444202.0,285246584.0,109.0,124.5,108.0,117.0,0.0,2057.0
7610,2025-09-10,1092963.0,122805724.0,115.0,117.0,110.0,111.5,-5.5,1280.0
7610,2025-09-11,582631.0,65497535.0,113.0,116.0,110.0,111.0,-0.5,1693.0
7610,2025-09-12,818490.0,86705440.0,112.0,112.0,103.0,107.5,-3.5,1306.0
7610,2025-09-15,553738.0,57335393.0,106.0,106.0,101.0,104.0,-3.5,2311.0
7610,2025-09-16,301716.0,31765262.0,104.0,107.5,102.5,104.5,0.5,1934.0
7610,2025-09-17,496230.0,53685079.0,105.0,111.0,105.0,107.0,2.5,585.0
7610,2025-09-18,614046.0,63476567.0,109.0,109.5,100.5,102.0,-5.0,733.0
7610,2025-09-19,1025881.0,100261780.0,102.0,102.0,96.0,96.0,-6.0,1210.0
7610,2025-09-22,1223659.0,117819783.0,96.0,105.5,88.8,105.5,9.5,2017.0
7610,2025-09-23,853136.0,91280683.0,108.5,109.0,104.0,105.5,0.0,1390.0
7610,2025-09-24,423298.0,43521327.0,104.5,106.0,101.0,102.5,-3.0,918.0
7610,2025-09-25,369552.0,38971472.0,105.0,108.0,103.5,106.0,3.5,648.0
7610,2025-09-26,283916.0,28769428.0,104.0,104.0,100.0,100.0,-6.0,1007.0
7610,2025-09-30,143850.0,14609417.0,103.0,103.0,100.5,101.0,1.0,203.0
7610,2025-10-01,158133.0,16091935.0,101.5,103.0,100.0,101.5,0.5,230.0
7610,2025-10-02,332441.0,33316787.0,103.0,103.5,98.0,99.0,-2.5,744.0
7610,2025-10-03,174473.0,17340583.0,99.5,100.0,98.8,99.0,0.0,251.0
7610,2025-10-07,388946.0,37851758.0,98.9,99.7,95.0,97.4,-1.6,569.0
7610,2025-10-08,231277.0,22177910.0,97.5,97.5,95.2,95.8,-1.6,377.0
7610,2025-10-09,336998.0,32299999.0,96.2,98.7,93.5,97.3,1.5,433.0
7610,2025-10-13,712776.0,76267032.0,107.0,107.0,107.0,107.0,9.7,361.0
7610,2025-10-14,1986627.0,226122527.0,109.5,117.5,109.0,117.5,10.5,2915.0
7610,2025-10-15,1627741.0,189599878.0,120.5,122.5,110.5,114.0,-3.5,1655.0
7610,2025-10-16,884476.0,93690163.0,109.5,112.0,103.0,106.0,-8.0,991.0
7610,2025-10-17,348238.0,36794138.0,104.0,109.0,102.5,106.0,0.0,722.0
7610,2025-10-20,345285.0,36382247.0,106.0,109.0,103.0,103.5,-2.5,601.0
7610,2025-10-21,705496.0,76418436.0,103.5,113.5,102.0,113.5,10.0,1237.0
7610,2025-10-22,571543.0,62228994.0,110.5,112.0,106.0,110.0,-3.5,1623.0
7610,2025-10-23,943065.0,107824679.0,108.5,118.0,108.0,116.5,6.5,1118.0
7610,2025-10-27,1247634.0,149143093.0,124.0,124.0,116.0,116.5,0.0,1581.0
7610,2025-10-28,533191.0,58942397.0,110.5,114.0,109.0,111.0,-5.5,748.0
7610,2025-10-29,392319.0,43042296.0,110.0,112.0,108.5,108.5,-2.5,585.0
7610,2025-10-30,658369.0,72636950.0,108.5,116.0,105.5,114.0,5.5,733.0
7610,2025-10-31,597616.0,64582366.0,110.0,110.0,107.0,107.5,-6.5,716.0
7610,2025-11-03,232052.0,24889471.0,108.5,109.0,106.0,108.0,0.5,252.0
7610,2025-11-04,495178.0,51905686.0,108.5,108.5,103.0,103.0,-5.0,630.0
7610,2025-11-05,224889.0,23093492.0,103.5,104.5,101.0,102.5,-0.5,282.0
7610,2025-11-06,157039.0,16203666.0,104.0,105.0,102.0,104.5,2.0,179.0
7610,2025-11-07,99888.0,10366138.0,101.0,106.0,101.0,105.0,0.5,175.0
7610,2025-11-10,174860.0,18184579.0,105.0,106.0,103.0,104.5,-0.5,627.0
7610,2025-11-11,244792.0,25990955.0,106.0,109.5,104.5,105.0,0.5,306.0
7610,2025-11-12,119168.0,12609431.0,108.0,108.0,105.0,105.5,0.5,325.0
7610,2025-11-13,162735.0,17000260.0,105.5,106.0,103.5,103.5,-2.0,236.0
7610,2025-11-14,177335.0,18195662.0,102.0,105.0,102.0,102.0,-1.5,425.0
7610,2025-11-17,89262.0,9158322.0,103.0,104.0,102.0,102.0,0.0,139.0
7610,2025-11-18,328047.0,32634505.0,102.5,102.5,97.8,98.3,-3.7,471.0
7610,2025-11-19,234456.0,22803141.0,98.3,98.9,96.0,96.7,-1.6,330.0
7610,2025-11-20,162469.0,16002603.0,98.3,99.7,97.0,99.0,2.3,217.0
7610,2025-11-21,189161.0,18385234.0,97.2,98.5,96.8,96.9,-2.1,229.0
7610,2025-11-24,91164.0,8949469.0,98.3,99.5,97.0,97.5,0.6,125.0
7610,2025-11-25,116853.0,11694116.0,99.5,102.0,98.2,99.7,2.2,178.0
7610,2025-11-26,108989.0,10929420.0,100.0,101.5,99.6,99.7,0.0,387.0
7610,2025-11-27,158761.0,16047589.0,100.0,103.5,99.8,103.5,3.8,250.0
7610,2025-11-28,129447.0,13272504.0,105.0,105.0,101.5,102.0,-1.5,272.0
7610,2025-12-01,154904.0,16029276.0,102.0,105.5,102.0,102.0,0.0,182.0
7610,2025-12-02,166929.0,16974792.0,105.0,105.0,100.5,101.0,-1.0,406.0
7610,2025-12-03,263891.0,27345060.0,101.0,105.5,101.0,103.0,2.0,229.0
7610,2025-12-04,516164.0,55362134.0,104.5,109.0,103.5,107.5,4.5,630.0
7610,2025-12-05,386097.0,41654950.0,110.0,112.0,105.5,106.5,-1.0,540.0
7610,2025-12-08,765204.0,84371209.0,109.0,113.5,105.5,110.5,4.0,945.0
7610,2025-12-09,503982.0,56760033.0,110.0,115.0,109.5,114.5,4.0,790.0
7610,2025-12-10,1086701.0,127735963.0,116.0,122.0,112.5,116.5,2.0,1734.0
7610,2025-12-11,594525.0,69846122.0,118.0,119.5,115.0,116.0,-0.5,927.0
7610,2025-12-12,933375.0,112709685.0,118.5,123.5,118.0,119.5,3.5,1460.0
7610,2025-12-15,391046.0,45261405.0,117.0,118.0,113.5,117.0,-2.5,470.0
7610,2025-12-16,383105.0,43464626.0,117.0,117.0,111.5,113.5,-3.5,584.0
7610,2025-12-17,190456.0,21414067.0,114.0,114.5,111.5,112.5,-1.0,472.0
7610,2025-12-18,136012.0,15182448.0,111.0,112.5,110.5,111.5,-1.0,154.0
7610,2025-12-19,145846.0,16387205.0,113.0,114.0,111.5,111.5,0.0,355.0
7610,2025-12-22,405451.0,47061278.0,113.0,117.5,113.0,116.0,4.5,469.0
7610,2025-12-23,1442438.0,180709352.0,116.5,127.5,116.5,127.5,11.5,2305.0
7610,2025-12-24,753836.0,94074596.0,125.0,127.5,123.0,124.5,-3.0,4408.0
7610,2025-12-26,1326673.0,173024816.0,126.0,135.0,126.0,131.5,7.0,1435.0
7610,2025-12-29,1045409.0,150126082.0,138.5,144.5,138.0,144.5,13.0,640.0
7610,2025-12-30,2747940.0,417014713.0,147.5,158.0,144.5,154.0,9.5,2783.0
7610,2025-12-31,2398036.0,356982037.0,159.5,159.5,139.5,143.0,-11.0,2691.0
7610,2026-01-02,1103829.0,163396491.0,147.0,152.5,143.5,147.0,4.0,2352.0
7610,2026-01-05,1036252.0,147052492.0,150.0,150.0,139.0,141.0,-6.0,1674.0
7610,2026-01-06,632481.0,90501287.0,140.0,146.0,137.0,146.0,5.0,930.0
7610,2026-01-07,891137.0,132864908.0,146.5,152.0,142.0,152.0,6.0,1562.0
7610,2026-01-08,641798.0,96721638.0,153.0,153.5,147.0,153.0,1.0,1306.0
7610,2026-01-09,1771065.0,284555217.0,154.5,168.0,150.0,167.0,14.0,3289.0
7610,2026-01-12,2165711.0,379415908.0,171.0,183.5,161.0,183.5,16.5,6649.0
7610,2026-01-13,2555152.0,483891478.0,186.0,197.0,181.5,193.5,10.0,4399.0
7610,2026-01-14,1733216.0,333766541.0,190.5,199.0,184.5,195.0,1.5,1950.0
7610,2026-01-15,974847.0,189319890.0,197.5,198.0,188.5,196.0,1.0,2492.0
7610,2026-01-16,1045983.0,202962254.0,198.0,199.0,188.5,195.0,-1.0,3349.0
7610,2026-01-19,1084727.0,210249714.0,193.0,197.5,188.0,195.0,0.0,2577.0
7610,2026-01-20,1194739.0,239458452.0,192.5,210.0,191.0,204.0,9.0,5278.0
7610,2026-01-21,1690430.0,329524106.0,204.0,206.0,188.0,191.0,-13.0,5806.0
7610,2026-01-22,802272.0,154549787.0,195.0,197.5,189.5,189.5,-1.5,1663.0
7610,2026-01-23,815311.0,153124621.0,189.5,194.0,181.5,189.0,-0.5,1413.0
7610,2026-01-26,730631.0,141338805.0,189.0,197.0,187.0,193.5,4.5,1620.0
7610,2026-01-27,577519.0,110421563.0,193.5,194.5,189.0,192.5,-1.0,1368.0
7610,2026-01-28,1784632.0,358302129.0,196.0,206.5,195.0,202.0,9.5,2142.0
7610,2026-01-29,1792437.0,384057662.0,205.0,221.5,204.0,219.0,17.0,5467.0
7610,2026-01-30,1478227.0,307802384.0,216.5,219.0,201.5,206.0,-13.0,3341.0
7610,2026-02-02,1332431.0,257090558.0,195.5,200.0,189.5,191.0,-15.0,2053.0
7610,2026-02-03,732142.0,142290774.0,192.0,198.0,191.0,195.5,4.5,1551.0
7610,2026-02-04,1230569.0,242659878.0,195.0,207.5,189.0,207.0,11.5,1533.0
7610,2026-02-05,893467.0,185770159.0,202.5,212.5,202.5,205.0,-2.0,1741.0
7610,2026-02-06,1581673.0,331073737.0,203.0,223.0,193.0,219.5,14.5,3344.0
7610,2026-02-09,2036408.0,486668698.0,234.0,241.0,227.5,241.0,21.5,4936.0
7610,2026-02-10,2346565.0,586456450.0,251.0,265.0,235.0,265.0,24.0,3966.0
7610,2026-02-11,1453260.0,391841931.0,264.0,277.0,257.5,274.0,9.0,2126.0
7610,2026-02-23,1369280.0,384142787.0,280.0,290.0,270.0,285.5,11.5,2086.0
7610,2026-02-24,589800.0,166938317.0,282.0,289.0,277.0,285.0,-0.5,1083.0
7610,2026-02-25,740337.0,219622416.0,291.0,303.0,288.5,303.0,18.0,1272.0
7610,2026-02-26,748264.0,238768763.0,300.0,329.5,300.0,327.0,24.0,1243.0
7610,2026-03-02,400977.0,134861544.0,320.5,350.0,320.5,327.0,0.0,736.0
7610,2026-03-03,639322.0,197638592.0,328.0,331.0,294.5,300.0,-27.0,1419.0
7610,2026-03-04,745430.0,204190752.0,282.0,282.0,270.0,270.0,-30.0,1138.0
7610,2026-03-05,446375.0,126084570.0,286.5,291.0,262.0,288.5,18.5,742.0
7610,2026-03-06,239080.0,67743403.0,270.0,289.0,270.0,288.5,0.0,428.0
7610,2026-03-09,253998.0,69646554.0,263.5,285.5,263.5,285.5,-3.0,410.0
7610,2026-03-10,322115.0,99517168.0,314.0,314.0,305.0,310.0,24.5,518.0
7610,2026-03-11,311321.0,105442631.0,326.0,341.0,326.0,341.0,31.0,512.0
7610,2026-03-12,444369.0,149889251.0,330.0,343.5,330.0,332.0,-9.0,731.0
7610,2026-03-13,632877.0,202757129.0,337.0,337.0,310.0,321.0,-11.0,900.0
7610,2026-03-16,1936239.0,603744834.0,332.5,339.5,299.0,310.0,-11.0,5146.0
7610,2026-03-17,1592588.0,502011714.0,309.5,337.5,299.0,314.0,4.0,2391.0
7610,2026-03-18,1086707.0,347533794.0,327.5,328.0,313.0,321.0,7.0,3647.0
7610,2026-03-19,1258964.0,395955458.0,315.0,324.0,305.0,320.0,-1.0,1957.0
7610,2026-03-20,1110561.0,358643518.0,317.0,337.0,311.0,320.0,0.0,1948.0
7610,2026-03-23,919202.0,291306449.0,309.5,326.0,307.0,324.5,4.5,1446.0
7610,2026-03-24,2035721.0,704168639.0,335.0,356.5,329.5,356.5,32.0,2966.0
7610,2026-03-25,1835028.0,680177800.0,365.0,392.0,351.0,380.0,23.5,2955.0
7610,2026-03-26,1527848.0,567798506.0,378.0,386.0,364.0,368.0,-12.0,2648.0
7610,2026-03-27,1129464.0,406370683.0,361.0,369.5,348.5,368.0,0.0,2009.0
7610,2026-03-30,940503.0,339841181.0,361.0,369.5,351.5,364.0,-4.0,1484.0
7610,2026-03-31,979185.0,346623637.0,364.5,367.5,344.0,351.0,-13.0,1683.0
7610,2026-04-01,939128.0,340730760.0,356.5,370.0,355.0,366.5,15.5,1172.0
7610,2026-04-02,1131430.0,429278537.0,375.0,391.0,369.5,378.0,11.5,1875.0
7610,2026-04-07,1289315.0,526605636.0,385.0,415.5,385.0,415.5,37.5,2323.0
7610,2026-04-08,1010341.0,445806970.0,436.5,456.5,426.0,443.0,27.5,2213.0
7610,2026-04-09,1072458.0,476235102.0,443.0,456.0,430.5,452.5,9.5,1645.0
7610,2026-04-10,1469844.0,708625351.0,456.0,497.5,455.0,497.5,45.0,2546.0
7610,2026-04-13,1678647.0,882551721.0,513.0,547.0,500.0,547.0,49.5,2389.0
7610,2026-04-14,774103.0,465235903.0,601.0,601.0,601.0,601.0,54.0,570.0
7610,2026-04-15,1242955.0,770562764.0,601.0,655.0,572.0,655.0,54.0,2778.0
7610,2026-04-16,946792.0,618356001.0,643.0,681.0,630.0,647.0,-8.0,2583.0
7610,2026-04-17,783092.0,494391562.0,634.0,645.0,615.0,638.0,-9.0,2404.0
7610,2026-04-20,299625.0,190410333.0,621.0,648.0,621.0,640.0,2.0,791.0
7610,2026-04-21,378822.0,239530714.0,650.0,650.0,620.0,628.0,-12.0,875.0
7610,2026-04-22,410735.0,271535894.0,632.0,690.0,632.0,670.0,42.0,839.0
7610,2026-04-23,384570.0,245304449.0,686.0,686.0,605.0,638.0,-32.0,992.0
7610,2026-04-24,533444.0,317579700.0,641.0,649.0,575.0,587.0,-51.0,1450.0
7610,2026-04-27,755549.0,409355603.0,582.0,582.0,529.0,575.0,-12.0,1764.0
7610,2026-04-28,319192.0,197643760.0,594.0,632.0,594.0,632.0,57.0,688.0
7610,2026-04-29,286257.0,188088832.0,638.0,679.0,638.0,638.0,6.0,701.0
7610,2026-04-30,291338.0,188761183.0,643.0,658.0,640.0,640.0,2.0,603.0
7610,2026-05-04,296155.0,195171074.0,675.0,675.0,652.0,663.0,23.0,594.0
7610,2026-05-05,1177726.0,824109196.0,673.0,729.0,645.0,729.0,66.0,1900.0
7610,2026-05-06,2022124.0,1385945793.0,730.0,755.0,657.0,690.0,-39.0,4721.0
7610,2026-05-07,1077301.0,787543978.0,681.0,759.0,677.0,759.0,69.0,2948.0
7610,2026-05-08,1187186.0,940915451.0,762.0,825.0,750.0,792.0,33.0,3698.0
7610,2026-05-11,787778.0,629742477.0,786.0,835.0,760.0,830.0,38.0,2081.0
7610,2026-05-12,1361131.0,1113793977.0,869.0,869.0,782.0,795.0,-35.0,4177.0
7610,2026-05-13,963950.0,798719411.0,800.0,859.0,773.0,858.0,63.0,2268.0
7610,2026-05-14,923893.0,821252241.0,870.0,918.0,861.0,870.0,12.0,3598.0
7610,2026-05-15,2158268.0,2060596840.0,957.0,957.0,927.0,948.0,78.0,3420.0
7610,2026-05-18,1237094.0,1232946479.0,953.0,1040.0,926.0,1030.0,82.0,4525.0
7610,2026-05-19,889345.0,896728938.0,1035.0,1040.0,981.0,1020.0,-10.0,3027.0
7610,2026-05-20,790400.0,863233705.0,1020.0,1120.0,1005.0,1120.0,100.0,2349.0
7610,2026-05-21,960132.0,1158783220.0,1170.0,1230.0,1155.0,1230.0,110.0,1835.0
7610,2026-05-22,1894605.0,2373850885.0,1270.0,1310.0,1215.0,1250.0,20.0,5308.0
7610,2026-05-25,188863.0,232764080.0,1210.0,1295.0,1185.0,1250.0,0.0,1113.0
7610,2026-05-26,153642.0,193841925.0,1300.0,1300.0,1240.0,1260.0,10.0,669.0
7610,2026-05-27,229649.0,286244155.0,1280.0,1290.0,1220.0,1230.0,-30.0,1141.0
7610,2026-05-28,363665.0,476104900.0,1225.0,1345.0,1225.0,1345.0,115.0,1123.0
7610,2026-05-29,338129.0,497140860.0,1470.0,1475.0,1450.0,1475.0,130.0,1108.0
7610,2026-06-01,343996.0,547351580.0,1580.0,1620.0,1515.0,1615.0,140.0,1512.0
7610,2026-06-02,323349.0,546919095.0,1635.0,1730.0,1635.0,1685.0,70.0,1224.0
7610,2026-06-03,300781.0,503680235.0,1705.0,1705.0,1660.0,1660.0,-25.0,1450.0
7610,2026-06-04,220826.0,389423890.0,1665.0,1810.0,1665.0,1730.0,70.0,1021.0
7610,2026-06-05,211781.0,376543860.0,1730.0,1800.0,1730.0,1750.0,20.0,1103.0
7610,2026-06-08,243199.0,397380815.0,1575.0,1780.0,1575.0,1780.0,30.0,1452.0
7610,2026-06-09,216824.0,411755460.0,1895.0,1915.0,1875.0,1915.0,135.0,1102.0
7610,2026-06-10,335812.0,613240225.0,1950.0,2000.0,1725.0,1725.0,-190.0,3080.0
7610,2026-06-11,376067.0,589955915.0,1605.0,1605.0,1555.0,1555.0,-170.0,3068.0
7610,2026-06-12,398655.0,630163915.0,1670.0,1670.0,1490.0,1590.0,35.0,1734.0
7610,2026-06-15,403024.0,702047175.0,1700.0,1745.0,1700.0,1745.0,155.0,869.0
7610,2026-06-16,212232.0,406424280.0,1915.0,1915.0,1915.0,1915.0,170.0,888.0
7610,2026-06-17,673205.0,1393995900.0,1945.0,2105.0,1945.0,2105.0,190.0,1833.0
7610,2026-06-18,1985805.0,4485610045.0,2290.0,2315.0,2055.0,2315.0,210.0,4550.0
7610,2026-06-22,974501.0,2393060785.0,2480.0,2545.0,2335.0,2505.0,190.0,5003.0
7610,2026-06-23,907048.0,2221447105.0,2505.0,2510.0,2400.0,2415.0,-90.0,5088.0
7610,2026-06-24,156512.0,373226850.0,2315.0,2425.0,2315.0,2360.0,-55.0,1349.0
7610,2026-06-25,223895.0,499339025.0,2440.0,2440.0,2125.0,2250.0,-110.0,2132.0
7610,2026-06-26,407268.0,836596890.0,2220.0,2220.0,2025.0,2025.0,-225.0,2357.0
7610,2026-06-29,196749.0,418190125.0,2220.0,2220.0,2050.0,2100.0,75.0,1134.0
7610,2026-06-30,197995.0,428885505.0,2195.0,2230.0,2110.0,2230.0,130.0,1079.0
7610,2026-07-01,202305.0,485152905.0,2295.0,2450.0,2250.0,2430.0,200.0,1312.0
7610,2026-07-02,175411.0,436309260.0,2400.0,2515.0,2400.0,2495.0,65.0,1131.0
7610,2026-07-03,207916.0,522675770.0,2500.0,2570.0,2445.0,2550.0,55.0,1211.0
7610,2026-07-06,138191.0,351533445.0,2590.0,2590.0,2475.0,2545.0,-5.0,994.0
7610,2026-07-07,181959.0,442343720.0,2475.0,2530.0,2330.0,2400.0,-145.0,1609.0
7610,2026-07-08,1114430.0,2741194330.0,2400.0,2575.0,2330.0,2485.0,85.0,3412.0
7610,2026-07-09,900686.0,2389088145.0,2700.0,2730.0,2600.0,2650.0,165.0,4618.0
7610,2026-07-13,567676.0,1350508875.0,2380.0,2425.0,2290.0,2425.0,0.0,2926.0
7610,2026-07-14,869056.0,2125507255.0,2465.0,2530.0,2345.0,2430.0,5.0,4520.0
7610,2026-07-15,532978.0,1320686200.0,2430.0,2585.0,2430.0,2430.0,0.0,2312.0
7610,2026-07-16,762473.0,1948485960.0,2440.0,2640.0,2440.0,2600.0,170.0,3264.0
7610,2026-07-17,903514.0,2220125965.0,2565.0,2570.0,2365.0,2410.0,-190.0,5028.0
7610,2026-07-20,623678.0,1395227940.0,2410.0,2410.0,2170.0,2170.0,-240.0,3931.0
7610,2026-07-21,497188.0,980962540.0,2025.0,2060.0,1955.0,1955.0,-215.0,3951.0
7610,2026-07-22,1446339.0,2699345940.0,1805.0,1960.0,1765.0,1835.0,-120.0,6702.0
7610,2026-07-23,1435626.0,2464429250.0,1860.0,1900.0,1655.0,1655.0,-180.0,7831.0
7610,2026-07-24,1438190.0,2449403160.0,1655.0,1785.0,1650.0,1660.0,5.0,5645.0
7610,2026-07-27,161857.0,241976215.0,1495.0,1495.0,1495.0,1495.0,-165.0,1619.0
7610,2026-07-28,159557.0,215401950.0,1350.0,1350.0,1350.0,1350.0,-145.0,1061.0
7610,2026-07-29,141751.0,172227465.0,1215.0,1215.0,1215.0,1215.0,-135.0,850.0
7610,2026-07-30,1259699.0,1451165175.0,1095.0,1305.0,1095.0,1095.0,-120.0,4169.0
7610,2026-07-31,77895.0,93474000.0,1200.0,1200.0,1200.0,1200.0,105.0,282.0
7610,2026-08-03,133469.0,176179080.0,1320.0,1320.0,1320.0,1320.0,120.0,323.0
7610,2026-08-04,283829.0,411515240.0,1450.0,1450.0,1450.0,1450.0,130.0,1353.0
7610,2026-08-05,268832.0,428062040.0,1595.0,1595.0,1580.0,1595.0,145.0,985.0
7610,2026-08-06,280013.0,474772230.0,1565.0,1750.0,1565.0,1750.0,155.0,1499.0
7610,2026-08-07,342028.0,640251555.0,1750.0,1925.0,1750.0,1850.0,100.0,2049.0
7610,2026-08-10,998950.0,1987939890.0,2035.0,2035.0,1860.0,1950.0,100.0,4804.0
7610,2026-08-11,165927.0,305470735.0,1890.0,1940.0,1800.0,1870.0,-80.0,1803.0
7610,2026-08-12,227207.0,419934470.0,1870.0,1895.0,1790.0,1895.0,25.0,1290.0
7610,2026-08-13,252647.0,466239495.0,1935.0,1935.0,1790.0,1810.0,-85.0,2039.0
7610,2026-08-14,271924.0,484871770.0,1795.0,1870.0,1730.0,1750.0,-60.0,2289.0
7610,2026-08-17,289949.0,511527805.0,1700.0,1850.0,1700.0,1850.0,100.0,1801.0
7610,2026-08-18,795040.0,1461516945.0,1925.0,1945.0,1740.0,1740.0,-110.0,4516.0
7610,2026-08-19,752418.0,1233212410.0,1635.0,1725.0,1585.0,1605.0,-135.0,6040.0
7610,2026-08-20,743581.0,1162854380.0,1670.0,1690.0,1515.0,1535.0,-70.0,4669.0
7610,2026-08-21,656762.0,1060861505.0,1550.0,1685.0,1490.0,1685.0,150.0,2913.0
7610,2026-08-24,900470.0,1567591175.0,1770.0,1820.0,1660.0,1710.0,25.0,3424.0
7610,2026-08-25,529555.0,861022310.0,1665.0,1690.0,1590.0,1635.0,-75.0,3107.0
7610,2026-08-26,492577.0,798724000.0,1615.0,1670.0,1590.0,1610.0,-25.0,2626.0
7610,2026-08-27,382223.0,617593870.0,1610.0,1655.0,1595.0,1595.0,-15.0,2287.0
7610,2026-08-28,1189663.0,1787303035.0,1625.0,1625.0,1445.0,1495.0,-100.0,8383.0
7610,2026-08-31,457229.0,685495385.0,1460.0,1535.0,1450.0,1505.0,10.0,2769.0
7610,2026-09-01,609180.0,960810435.0,1525.0,1630.0,1485.0,1605.0,100.0,2722.0
7610,2026-09-02,446636.0,692353065.0,1595.0,1595.0,1520.0,1520.0,-85.0,3702.0
7610,2026-09-03,1152011.0,1906168455.0,1540.0,1670.0,1540.0,1655.0,135.0,3734.0
7610,2026-09-04,395227.0,719313140.0,1820.0,1820.0,1820.0,1820.0,165.0,1454.0
7610,2026-09-07,327155.0,654310000.0,2000.0,2000.0,2000.0,2000.0,180.0,1465.0
7610,2026-09-08,2424763.0,5075985000.0,2000.0,2170.0,2000.0,2065.0,65.0,9064.0
7610,2026-09-09,1223081.0,2486135300.0,2065.0,2110.0,1985.0,2030.0,-35.0,5187.0
7610,2026-09-10,1027843.0,2064361670.0,2110.0,2115.0,1940.0,2035.0,5.0,4358.0
7610,2026-09-11,587269.0,1164776940.0,2000.0,2035.0,1950.0,1975.0,-60.0,3534.0
7610,2026-09-14,972335.0,1766127265.0,1920.0,1920.0,1780.0,1780.0,-195.0,6442.0
7610,2026-09-15,878535.0,1496451125.0,1695.0,1755.0,1655.0,1655.0,-125.0,5667.0
7631,2025-03-13,440574.0,40234560.0,90.8,93.0,88.7,91.0,0.0,224.0
7631,2025-03-14,161318.0,15182921.0,91.0,98.0,90.8,97.0,6.0,147.0
7631,2025-03-17,201636.0,20421648.0,99.0,106.0,98.8,99.7,2.7,157.0
7631,2025-03-18,106598.0,10613062.0,99.8,100.0,99.1,99.2,-0.5,76.0
7631,2025-03-19,64605.0,6320092.0,99.2,99.2,96.0,99.0,-0.2,54.0
7631,2025-03-20,65724.0,6532036.0,98.0,100.5,97.8,100.0,1.0,59.0
7631,2025-03-21,59303.0,6090926.0,99.5,106.0,99.4,104.5,4.5,70.0
7631,2025-03-24,33275.0,3402081.0,104.5,104.5,100.0,102.5,-2.0,41.0
7631,2025-03-25,48600.0,5020650.0,103.0,105.0,102.0,105.0,2.5,37.0
7631,2025-03-26,55505.0,5893941.0,105.0,108.0,105.0,105.5,0.5,56.0
7631,2025-03-27,113743.0,12516959.0,105.5,114.5,105.0,114.5,9.0,145.0
7631,2025-03-28,62517.0,7237727.0,114.0,119.0,114.0,116.0,1.5,79.0
7631,2025-03-31,70635.0,7775960.0,110.0,113.0,106.5,106.5,0.0,64.0
7631,2025-04-01,46084.0,5076190.0,111.0,112.0,108.0,112.0,5.5,39.0
7631,2025-04-02,29270.0,3217956.0,112.5,112.5,108.5,109.5,-2.5,26.0
7631,2025-04-07,5173.0,510056.0,98.6,98.6,98.6,98.6,-10.9,10.0
7631,2025-04-08,93950.0,8404230.0,90.0,94.0,88.8,88.8,-9.8,82.0
7631,2025-04-09,77942.0,6420187.0,88.8,89.0,80.0,84.8,-4.0,86.0
7631,2025-04-10,75041.0,6934807.0,92.8,93.2,90.0,93.2,8.4,39.0
7631,2025-04-11,29163.0,2705704.0,95.0,95.0,91.5,94.5,1.3,75.0
7631,2025-04-14,32000.0,3004000.0,93.5,96.0,93.0,94.5,0.0,19.0
7631,2025-04-15,43203.0,4215419.0,94.7,100.0,94.6,99.9,5.4,32.0
7631,2025-04-16,19001.0,1852695.0,98.1,99.0,96.0,99.0,-0.9,12.0
7631,2025-04-17,12001.0,1157798.0,96.1,98.8,96.0,98.7,-0.3,7.0
7631,2025-04-18,20000.0,1967300.0,96.4,100.0,96.0,100.0,1.3,15.0
7631,2025-04-21,13068.0,1274610.0,97.2,99.1,96.9,99.1,-0.9,39.0
7631,2025-04-22,2000.0,196000.0,98.0,98.0,98.0,98.0,-1.1,2.0
7631,2025-04-23,19499.0,1932069.0,96.8,100.0,96.8,99.5,1.5,25.0
7631,2025-04-24,6000.0,588100.0,97.6,99.0,97.5,99.0,-0.5,5.0
7631,2025-04-25,37000.0,3691700.0,99.5,100.5,98.8,100.5,1.5,26.0
7631,2025-04-28,7050.0,706140.0,101.0,101.0,99.8,100.0,-0.5,7.0
7631,2025-04-29,29000.0,2921000.0,100.0,102.0,100.0,101.5,1.5,21.0
7631,2025-04-30,7299.0,743207.0,101.5,102.0,101.5,101.5,0.0,9.0
7631,2025-05-02,20026.0,2056678.0,102.0,103.5,101.5,103.0,1.5,16.0
7631,2025-05-05,20000.0,1977600.0,100.0,100.0,96.1,98.8,-4.2,15.0
7631,2025-05-06,31000.0,3065500.0,99.0,100.5,98.0,99.7,0.9,24.0
7631,2025-05-07,10100.0,998380.0,98.0,99.7,98.0,99.6,-0.1,10.0
7631,2025-05-08,100.0,9029.0,,,,,0.0,3.0
7631,2025-05-09,11000.0,1075300.0,98.0,98.5,97.0,98.4,0.0,11.0
7631,2025-05-12,5000.0,494900.0,100.0,100.0,98.5,98.5,0.1,4.0
7631,2025-05-13,3001.0,295098.0,98.5,98.5,98.0,98.5,0.0,4.0
7631,2025-05-14,6051.0,596448.0,98.8,98.8,98.2,98.3,-0.2,55.0
7631,2025-05-15,21810.0,2036186.0,90.2,100.0,90.2,98.5,0.2,29.0
7631,2025-05-16,22013.0,2149369.0,95.3,98.8,95.2,98.8,0.3,23.0
7631,2025-05-19,5000.0,489800.0,98.0,98.0,97.9,97.9,-0.9,4.0
7631,2025-05-20,7257.0,709825.0,98.8,98.8,96.6,98.0,0.1,9.0
7631,2025-05-21,7201.0,709597.0,98.0,99.0,98.0,99.0,1.0,8.0
7631,2025-05-22,8300.0,818300.0,99.0,99.0,98.0,99.0,0.0,11.0
7631,2025-05-23,0.0,0.0,,,,,0.0,0.0
7631,2025-05-26,11200.0,1107170.0,99.1,99.1,98.0,99.0,0.0,97.0
7631,2025-05-27,13100.0,1276900.0,98.9,98.9,97.0,98.5,-0.5,44.0
7631,2025-05-28,9000.0,875900.0,97.2,97.6,97.0,97.0,-1.5,8.0
7631,2025-05-29,3150.0,306098.0,97.0,97.6,97.0,97.6,0.6,55.0
7631,2025-06-02,17000.0,1638800.0,95.9,97.5,95.9,97.0,-0.6,11.0
7631,2025-06-03,7076.0,682064.0,95.4,97.3,95.4,97.3,0.3,7.0
7631,2025-06-04,33000.0,3165300.0,95.0,97.3,95.0,96.8,-0.5,26.0
7631,2025-06-05,17000.0,1655200.0,97.0,99.0,96.0,98.0,1.2,17.0
7631,2025-06-06,5001.0,486888.0,97.5,98.0,97.1,98.0,0.0,6.0
7631,2025-06-09,24031.0,2338442.0,97.2,98.0,96.0,98.0,0.0,24.0
7631,2025-06-10,10000.0,972900.0,98.0,98.0,96.0,97.4,-0.6,10.0
7631,2025-06-11,63597.0,6571640.0,96.2,107.0,96.2,103.5,6.1,68.0
7631,2025-06-12,24000.0,2465300.0,99.3,104.0,99.3,102.5,-1.0,20.0
7631,2025-06-13,36298.0,3732642.0,99.5,105.0,99.5,104.0,1.5,29.0
7631,2025-06-16,47075.0,4847660.0,104.0,105.0,102.0,105.0,1.0,33.0
7631,2025-06-17,118768.0,13211408.0,105.0,115.0,105.0,114.0,9.0,112.0
7631,2025-06-18,122448.0,14303504.0,112.0,120.0,112.0,119.0,5.0,105.0
7631,2025-06-19,58394.0,6685012.0,119.0,119.0,112.0,118.0,-1.0,182.0
7631,2025-06-20,37350.0,4322350.0,115.5,117.0,115.0,117.0,-1.0,29.0
7631,2025-06-23,48573.0,5661812.0,116.5,119.5,114.0,116.5,-0.5,238.0
7631,2025-06-24,122037.0,14679005.0,118.0,122.0,117.0,121.5,5.0,194.0
7631,2025-06-25,54100.0,6516450.0,122.5,123.0,118.5,120.5,-1.0,36.0
7631,2025-06-26,64464.0,7529602.0,120.5,120.5,115.0,119.5,-1.0,712.0
7631,2025-06-27,33540.0,3955817.0,119.0,121.0,115.0,117.0,0.0,61.0
7631,2025-06-30,40200.0,4703600.0,114.0,120.0,113.5,120.0,3.0,37.0
7631,2025-07-01,25046.0,2990526.0,118.0,120.0,118.0,120.0,0.0,23.0
7631,2025-07-02,14048.0,1650260.0,116.0,120.5,116.0,120.5,0.5,33.0
7631,2025-07-03,36667.0,4291821.0,118.0,119.0,115.0,118.0,-2.5,52.0
7631,2025-07-04,14498.0,1711631.0,118.0,118.5,118.0,118.5,0.5,16.0
7631,2025-07-07,6000.0,701000.0,116.0,118.5,116.0,118.5,0.0,3.0
7631,2025-07-08,5000.0,587500.0,117.0,118.5,116.5,118.5,0.0,5.0
7631,2025-07-09,11026.0,1279724.0,116.5,117.5,115.0,117.5,-1.0,14.0
7631,2025-07-10,17016.0,1989388.0,116.0,118.0,115.5,117.5,0.0,16.0
7631,2025-07-11,19040.0,2192530.0,115.0,117.5,114.0,117.5,0.0,16.0
7631,2025-07-14,38025.0,4421030.0,116.0,118.5,114.5,118.5,1.0,36.0
7631,2025-07-15,53000.0,6176000.0,115.5,118.5,115.0,118.0,-0.5,36.0
7631,2025-07-16,51034.0,5917944.0,117.5,118.0,114.5,118.0,0.0,36.0
7631,2025-07-17,17000.0,1963000.0,115.5,117.0,114.5,115.0,-3.0,10.0
7631,2025-07-18,38000.0,4508000.0,118.0,120.0,116.0,119.5,4.5,29.0
7631,2025-07-21,1008.0,120976.0,120.0,120.0,120.0,120.0,0.5,3.0
7631,2025-07-22,13141.0,1532840.0,116.0,118.0,115.5,118.0,-2.0,16.0
7631,2025-07-23,20227.0,2347105.0,118.0,118.0,114.0,117.0,-1.0,18.0
7631,2025-07-24,7000.0,821000.0,115.5,118.0,115.5,117.5,0.5,7.0
7631,2025-07-25,60025.0,7157625.0,118.0,125.0,116.0,125.0,7.5,46.0
7631,2025-07-28,25297.0,3168438.0,128.0,128.0,123.0,125.5,0.5,34.0
7631,2025-07-29,23525.0,2861551.0,122.0,125.0,119.0,124.5,-1.0,27.0
7631,2025-07-30,13000.0,1559000.0,119.0,120.5,119.0,120.5,-4.0,9.0
7631,2025-07-31,36005.0,4323105.0,117.0,124.0,117.0,121.0,0.5,28.0
7631,2025-08-01,35499.0,4534783.0,120.0,133.0,120.0,133.0,12.0,65.0
7631,2025-08-04,40922.0,5267948.0,131.5,131.5,126.5,131.0,-2.0,45.0
7631,2025-08-05,10976.0,1435498.0,131.0,131.0,130.5,130.5,-0.5,23.0
7631,2025-08-06,9137.0,1164899.0,126.5,128.0,126.0,128.0,-2.5,27.0
7631,2025-08-07,19177.0,2456233.0,128.0,129.0,127.0,129.0,1.0,18.0
7631,2025-08-08,14300.0,1845600.0,128.5,130.0,128.5,130.0,1.0,14.0
7631,2025-08-11,5020.0,643556.0,128.0,129.0,128.0,129.0,-1.0,5.0
7631,2025-08-12,24004.0,3117028.0,129.5,131.5,127.5,131.0,2.0,19.0
7631,2025-08-13,85740.0,11840541.0,133.0,141.0,133.0,140.0,9.0,103.0
7631,2025-08-14,83704.0,11936169.0,140.0,146.0,139.0,146.0,6.0,89.0
7631,2025-08-15,50525.0,7495758.0,150.0,150.5,145.5,149.5,3.5,109.0
7631,2025-08-18,49735.0,7529177.0,152.0,153.0,149.5,151.5,2.0,54.0
7631,2025-08-19,45126.0,6595150.0,151.5,151.5,144.0,147.5,-4.0,44.0
7631,2025-08-20,48078.0,6808051.0,147.5,147.5,139.5,141.5,-6.0,50.0
7631,2025-08-21,33298.0,4574993.0,137.0,142.0,136.0,142.0,0.5,76.0
7631,2025-08-22,17003.0,2365411.0,140.0,141.0,137.0,141.0,-1.0,16.0
7631,2025-08-25,16020.0,2336430.0,144.5,146.5,144.5,146.5,5.5,20.0
7631,2025-08-26,28227.0,4031786.0,145.5,145.5,141.0,144.0,-2.5,36.0
7631,2025-08-27,71153.0,10017131.0,142.5,143.5,139.0,141.5,-2.5,58.0
7631,2025-08-28,23914.0,3335488.0,138.5,141.0,138.5,140.0,-1.5,32.0
7631,2025-08-29,46128.0,6508333.0,139.0,143.5,138.0,143.5,3.5,32.0
7631,2025-09-01,33108.0,4712986.0,143.5,143.5,141.0,141.0,-2.5,64.0
7631,2025-09-02,14115.0,2033695.0,142.0,155.0,139.5,139.5,-1.5,20.0
7631,2025-09-03,46026.0,6503082.0,137.0,145.0,136.5,144.5,5.0,36.0
7631,2025-09-04,15056.0,2138127.0,143.0,143.0,140.5,143.0,-1.5,31.0
7631,2025-09-05,35019.0,5050301.0,139.0,147.5,139.0,147.5,4.5,29.0
7631,2025-09-08,8058.0,1188044.0,146.0,148.0,146.0,148.0,0.5,6.0
7631,2025-09-09,40072.0,5911076.0,148.0,150.0,145.5,150.0,2.0,29.0
7631,2025-09-10,8123.0,1215629.0,148.5,151.0,148.5,150.5,0.5,11.0
7631,2025-09-11,21010.0,3070470.0,146.0,149.0,145.0,149.0,-1.5,11.0
7631,2025-09-12,9105.0,1329494.0,145.0,147.5,144.5,147.0,-2.0,12.0
7631,2025-09-15,2220.0,321106.0,141.5,148.0,141.5,148.0,1.0,13.0
7631,2025-09-16,15010.0,2208974.0,146.0,149.0,145.0,149.0,1.0,13.0
7631,2025-09-17,6050.0,892132.0,147.5,148.0,146.5,148.0,-1.0,36.0
7631,2025-09-18,15166.0,2226042.0,148.0,148.0,146.0,147.5,-0.5,18.0
7631,2025-09-19,10013.0,1461857.0,145.5,147.0,142.5,147.0,-0.5,12.0
7631,2025-09-22,79.0,11328.0,,,,,0.0,4.0
7631,2025-09-23,12048.0,1744460.0,144.0,146.0,143.5,146.0,0.0,10.0
7631,2025-09-24,19031.0,2740032.0,144.0,145.0,143.0,144.5,-1.5,26.0
7631,2025-09-25,2001.0,288145.0,144.0,144.0,144.0,144.0,-0.5,3.0
7631,2025-09-26,0.0,0.0,,,,,0.0,0.0
7631,2025-09-30,33125.0,4640532.0,140.5,142.0,137.5,140.0,0.0,31.0
7631,2025-10-01,34016.0,4688516.0,136.0,140.0,135.5,139.5,-0.5,22.0
7631,2025-10-02,24148.0,3326528.0,136.5,138.5,136.0,138.5,-1.0,27.0
7631,2025-10-03,19005.0,2604197.0,138.5,138.5,136.0,138.0,-0.5,12.0
7631,2025-10-07,15560.0,2144489.0,138.0,138.5,136.5,138.0,0.0,17.0
7631,2025-10-08,1000.0,138000.0,138.0,138.0,138.0,138.0,0.0,1.0
7631,2025-10-09,5000.0,683500.0,137.0,137.5,136.0,137.5,-0.5,5.0
7631,2025-10-13,40006.0,5309267.0,137.0,137.0,130.0,132.5,-5.0,22.0
7631,2025-10-14,16589.0,2161733.0,131.0,131.0,130.0,130.0,-2.5,52.0
7631,2025-10-15,3400.0,455000.0,135.0,135.0,135.0,135.0,5.0,32.0
7631,2025-10-16,15068.0,1991876.0,134.5,135.0,131.0,135.0,0.0,13.0
7631,2025-10-17,1469.0,198319.0,135.0,135.0,135.0,135.0,0.0,3.0
7631,2025-10-20,0.0,0.0,,,,,0.0,0.0
7631,2025-10-21,12317.0,1652795.0,134.0,138.0,131.5,137.0,0.0,12.0
7631,2025-10-22,5000.0,669000.0,134.0,134.0,133.0,134.0,-3.0,4.0
7631,2025-10-23,0.0,0.0,,,,,0.0,0.0
7631,2025-10-27,10.0,1460.0,,,,,0.0,1.0
7631,2025-10-28,9011.0,1167433.0,131.5,131.5,128.0,131.5,0.0,9.0
7631,2025-10-29,18500.0,2432248.0,132.0,132.5,130.5,131.5,0.0,16.0
7631,2025-10-30,23050.0,2980575.0,130.5,133.5,124.5,133.5,2.0,20.0
7631,2025-10-31,21000.0,2770000.0,129.0,134.0,129.0,134.0,0.5,14.0
7631,2025-11-03,4011.0,527018.0,131.0,132.0,131.0,132.0,-2.0,7.0
7631,2025-11-04,0.0,0.0,,,,,0.0,0.0
7631,2025-11-05,15011.0,1958853.0,129.0,132.0,129.0,130.0,0.0,12.0
7631,2025-11-06,9028.0,1166066.0,128.0,130.0,128.0,128.5,-1.5,13.0
7631,2025-11-07,0.0,0.0,,,,,0.0,0.0
7631,2025-11-10,2001.0,257121.0,129.0,129.0,128.0,128.0,0.0,3.0
7631,2025-11-11,4000.0,516000.0,130.0,130.0,128.0,128.0,0.0,4.0
7631,2025-11-12,18051.0,2308552.0,127.0,128.5,127.0,128.5,0.5,37.0
7631,2025-11-13,2000.0,256500.0,128.0,128.5,128.0,128.5,0.0,2.0
7631,2025-11-14,20000.0,2556000.0,125.5,130.0,125.5,130.0,1.5,15.0
7631,2025-11-17,20000.0,2574000.0,130.0,130.0,125.5,129.5,-0.5,12.0
7631,2025-11-18,1008.0,122024.0,121.0,121.0,121.0,121.0,-8.5,6.0
7631,2025-11-19,7090.0,864480.0,121.0,124.5,121.0,124.0,3.0,5.0
7631,2025-11-20,5000.0,630500.0,125.0,129.0,124.5,127.0,3.0,4.0
7631,2025-11-21,19121.0,2410873.0,123.0,128.0,123.0,127.5,0.5,31.0
7631,2025-11-24,12101.0,1509472.0,124.0,127.0,123.0,127.0,-0.5,13.0
7631,2025-11-25,13001.0,1614138.0,124.0,125.0,123.5,125.0,-2.0,9.0
7631,2025-11-26,3050.0,386500.0,125.0,127.5,125.0,127.5,2.5,3.0
7631,2025-11-27,8009.0,1032627.0,125.0,129.5,125.0,129.5,2.0,9.0
7631,2025-11-28,5000.0,634500.0,125.0,129.0,125.0,129.0,-0.5,4.0
7631,2025-12-01,3098.0,400690.0,129.0,130.0,129.0,130.0,1.0,5.0
7631,2025-12-02,4000.0,516000.0,129.0,129.0,129.0,129.0,-1.0,3.0
7631,2025-12-03,2003.0,258391.0,129.0,129.0,129.0,129.0,0.0,3.0
7631,2025-12-04,0.0,0.0,,,,,0.0,0.0
7631,2025-12-05,0.0,0.0,,,,,0.0,0.0
7631,2025-12-08,8002.0,1010258.0,126.5,126.5,126.0,126.0,0.0,7.0
7631,2025-12-09,13003.0,1633382.0,125.5,126.5,125.0,126.5,0.5,10.0
7631,2025-12-10,3018.0,377773.0,125.0,125.5,125.0,125.5,-1.0,6.0
7631,2025-12-11,32000.0,4112500.0,129.0,129.0,127.5,127.5,2.0,22.0
7631,2025-12-12,37104.0,4672300.0,127.0,127.5,124.5,126.0,-1.5,28.0
7631,2025-12-15,76426.0,10224802.0,127.5,138.5,127.5,135.0,9.0,55.0
7631,2025-12-16,16103.0,2154400.0,133.0,135.0,133.0,135.0,0.0,18.0
7631,2025-12-17,9951.0,1340885.0,136.0,136.0,133.0,135.0,0.0,20.0
7631,2025-12-18,9568.0,1272896.0,131.5,134.0,131.5,134.0,-1.0,9.0
7631,2025-12-19,26018.0,3451403.0,133.0,133.5,132.0,132.0,-2.0,18.0
7631,2025-12-22,10005.0,1308160.0,131.0,132.0,130.0,132.0,0.0,10.0
7631,2025-12-23,18011.0,2349942.0,129.5,131.0,129.5,131.0,-1.0,15.0
7631,2025-12-24,10000.0,1300500.0,130.0,130.5,129.5,130.5,-0.5,8.0
7631,2025-12-26,13163.0,1699488.0,128.0,130.5,128.0,128.0,-2.5,16.0
7631,2025-12-29,18486.0,2351059.0,128.0,128.5,125.0,128.0,0.0,31.0
7631,2025-12-30,21010.0,2688795.0,126.0,129.0,126.0,129.0,0.0,15.0
7631,2025-12-31,32746.0,4145496.0,127.0,128.0,126.0,128.0,-1.0,32.0
7631,2026-01-02,7060.0,894679.0,126.0,128.0,125.5,128.0,0.0,12.0
7631,2026-01-05,85365.0,11293141.0,129.0,140.0,129.0,140.0,12.0,65.0
7631,2026-01-06,18360.0,2544561.0,140.0,140.0,136.0,137.0,-3.0,32.0
7631,2026-01-07,27022.0,3678992.0,136.0,138.0,134.0,136.5,-0.5,20.0
7631,2026-01-08,30142.0,4102649.0,135.0,137.0,135.0,136.0,-0.5,24.0
7631,2026-01-09,589359.0,88109167.0,149.5,149.5,149.5,149.5,13.5,167.0
7631,2026-01-12,187176.0,26466805.0,148.0,148.5,135.0,135.0,-14.5,196.0
7631,2026-01-13,274655.0,34111901.0,128.5,133.5,121.5,130.0,-5.0,163.0
7631,2026-01-14,42542.0,5394761.0,129.0,130.0,123.5,130.0,0.0,52.0
7631,2026-01-15,14104.0,1810566.0,127.0,130.0,127.0,128.0,-2.0,14.0
7631,2026-01-16,24481.0,3183568.0,129.0,132.0,128.0,128.0,0.0,31.0
7631,2026-01-19,25197.0,3157328.0,126.0,126.5,124.5,124.5,-3.5,33.0
7631,2026-01-20,24503.0,3041055.0,124.5,125.5,123.0,123.5,-1.0,31.0
7631,2026-01-21,15536.0,1916237.0,123.5,124.0,122.5,124.0,0.5,24.0
7631,2026-01-22,9015.0,1117905.0,124.0,124.5,123.5,123.5,-0.5,11.0
7631,2026-01-23,13335.0,1615095.0,119.5,124.0,119.5,122.5,-1.0,20.0
7631,2026-01-26,17245.0,2067937.0,118.5,122.5,118.0,122.5,0.0,18.0
7631,2026-01-27,6570.0,794064.0,120.0,122.5,120.0,122.5,0.0,13.0
7631,2026-01-28,17042.0,2084624.0,122.0,123.5,122.0,123.5,1.0,11.0
7631,2026-01-29,10252.0,1250270.0,122.0,123.0,121.5,123.0,-0.5,16.0
7631,2026-01-30,61001.0,7489632.0,123.0,125.0,121.0,122.5,-0.5,21.0
7631,2026-02-02,12004.0,1458980.0,122.0,122.0,120.5,122.0,-0.5,11.0
7631,2026-02-03,6000.0,726000.0,121.5,121.5,120.5,120.5,-1.5,6.0
7631,2026-02-04,21000.0,2529500.0,120.0,121.0,120.0,121.0,0.5,6.0
7631,2026-02-05,5154.0,628633.0,122.5,122.5,121.0,121.0,0.0,9.0
7631,2026-02-06,38194.0,4502292.0,120.0,121.5,114.0,121.0,0.0,95.0
7631,2026-02-09,45309.0,5424992.0,121.0,121.0,117.5,121.0,0.0,36.0
7631,2026-02-10,13408.0,1617963.0,121.5,122.0,119.0,120.5,-0.5,18.0
7631,2026-02-11,27158.0,3232464.0,120.0,121.0,116.0,121.0,0.5,24.0
7631,2026-02-23,26020.0,3079420.0,120.0,121.0,117.5,121.0,0.0,18.0
7631,2026-02-24,36161.0,4327437.0,118.0,121.5,118.0,120.0,-1.0,26.0
7631,2026-02-25,3001.0,359118.0,119.5,120.0,119.5,120.0,0.0,4.0
7631,2026-02-26,16235.0,1944542.0,119.5,121.0,119.5,121.0,1.0,17.0
7631,2026-03-02,1013.0,122573.0,121.0,121.0,121.0,121.0,0.0,8.0
7631,2026-03-03,38011.0,4418805.0,117.0,119.5,113.0,118.0,-3.0,27.0
7631,2026-03-04,194001.0,20967346.0,112.0,114.5,106.5,113.0,-5.0,55.0
7631,2026-03-05,36000.0,4078500.0,116.5,117.0,111.5,113.0,0.0,19.0
7631,2026-03-06,27002.0,2961205.0,111.0,111.0,108.5,110.5,-2.5,19.0
7631,2026-03-09,15534.0,1687626.0,111.5,111.5,106.0,110.0,-0.5,18.0
7631,2026-03-10,15013.0,1663433.0,112.0,112.0,109.5,110.0,0.0,13.0
7631,2026-03-11,15508.0,1794912.0,115.0,118.0,114.0,118.0,8.0,15.0
7631,2026-03-12,40609.0,4724782.0,121.5,121.5,113.5,120.0,2.0,33.0
7631,2026-03-13,13659.0,1593853.0,118.5,118.5,115.0,117.5,-2.5,16.0
7631,2026-03-16,16453.0,1906034.0,114.5,118.5,114.5,118.5,1.0,22.0
7631,2026-03-17,18000.0,2133500.0,118.0,119.5,118.0,118.0,-0.5,10.0
7631,2026-03-18,14728.0,1718473.0,118.0,118.0,116.0,116.0,-2.0,15.0
7631,2026-03-19,31480.0,3595459.0,116.0,117.0,112.5,117.0,1.0,61.0
7631,2026-03-20,12000.0,1391000.0,116.0,116.0,115.0,116.0,-1.0,12.0
7631,2026-03-23,60154.0,6851458.0,114.0,115.5,110.0,114.5,-1.5,38.0
7631,2026-03-24,38001.0,4324622.0,114.0,117.0,110.5,117.0,2.5,21.0
7631,2026-03-25,75112.0,8693820.0,115.5,119.5,113.5,115.5,-1.5,51.0
7631,2026-03-26,48114.0,5491937.0,111.0,117.5,110.5,116.5,1.0,33.0
7631,2026-03-27,34500.0,3942200.0,112.5,116.0,112.5,114.5,0.0,19.0
7631,2026-03-30,83130.0,9280903.0,111.0,114.5,108.5,113.0,-1.5,49.0
7631,2026-03-31,51076.0,5609721.0,114.0,114.0,107.5,111.0,-2.0,38.0
7631,2026-04-01,175009.0,19517003.0,112.0,114.5,110.0,111.5,0.5,68.0
7631,2026-04-02,34169.0,3831358.0,112.5,114.0,111.0,111.5,0.0,31.0
7631,2026-04-07,57206.0,6330752.0,111.0,112.0,108.0,110.5,-1.0,35.0
7631,2026-04-08,85237.0,9430701.0,111.0,112.0,110.0,111.0,0.5,56.0
7631,2026-04-09,58108.0,6373980.0,112.0,112.0,107.5,110.0,-1.0,37.0
7631,2026-04-10,118121.0,13196431.0,110.0,115.0,109.5,111.0,1.0,54.0
7631,2026-04-13,30154.0,3275368.0,110.0,110.0,108.0,108.5,-2.5,23.0
7631,2026-04-14,251158.0,28379093.0,108.5,119.0,108.5,118.5,10.0,817.0
7631,2026-04-15,89223.0,10917879.0,114.5,127.0,114.5,125.0,6.5,89.0
7631,2026-04-16,181240.0,24534444.0,131.0,137.5,130.0,137.5,12.5,200.0
7631,2026-04-17,434653.0,61786421.0,144.0,150.0,136.5,137.0,-0.5,464.0
7631,2026-04-20,152169.0,20598857.0,137.0,140.0,133.0,137.5,0.5,188.0
7631,2026-04-21,97794.0,13202935.0,138.0,139.5,131.0,134.0,-3.5,136.0
7631,2026-04-22,131105.0,18251805.0,134.0,142.0,134.0,140.5,6.5,134.0
7631,2026-04-23,103562.0,14068243.0,141.0,142.0,131.0,136.0,-4.5,114.0
7631,2026-04-24,31357.0,4214717.0,138.0,138.0,132.5,132.5,-3.5,49.0
7631,2026-04-27,57224.0,7326083.0,133.0,133.0,125.5,128.0,-4.5,78.0
7631,2026-04-28,27524.0,3519201.0,124.0,132.0,122.5,131.0,3.0,38.0
7631,2026-04-29,46250.0,5939300.0,129.0,130.5,127.0,127.0,-4.0,43.0
7631,2026-04-30,29609.0,3721278.0,127.0,127.0,124.5,125.0,-2.0,60.0
7631,2026-05-04,60924.0,7621633.0,129.0,129.0,123.5,126.0,1.0,84.0
7631,2026-05-05,66343.0,8360076.0,126.5,128.0,124.5,127.0,1.0,79.0
7631,2026-05-06,84012.0,10722538.0,126.0,129.5,126.0,127.5,0.5,80.0
7631,2026-05-07,77030.0,9867389.0,129.0,129.5,127.5,128.0,0.5,90.0
7631,2026-05-08,143812.0,17714540.0,127.5,127.5,120.0,123.5,-4.5,194.0
7631,2026-05-11,107597.0,13652974.0,123.5,131.5,122.0,128.5,5.0,95.0
7631,2026-05-12,153762.0,18941086.0,122.0,129.0,120.5,127.5,-1.0,137.0
7631,2026-05-13,30156.0,3774997.0,128.0,128.0,123.5,126.0,-1.5,34.0
7631,2026-05-14,60314.0,7479592.0,124.5,126.0,123.0,123.0,-3.0,60.0
7631,2026-05-15,26308.0,3219107.0,123.0,124.0,120.5,123.0,0.0,48.0
7631,2026-05-18,20728.0,2533608.0,120.0,124.0,120.0,124.0,1.0,29.0
7631,2026-05-19,20059.0,2458278.0,124.0,124.0,120.0,123.5,-0.5,23.0
7631,2026-05-20,3729.0,453530.0,122.0,122.0,122.0,122.0,-1.5,14.0
7631,2026-05-21,13568.0,1690882.0,122.5,127.0,122.0,127.0,5.0,23.0
7631,2026-05-22,40491.0,5108093.0,126.0,127.5,124.5,126.0,-1.0,54.0
7631,2026-05-25,32541.0,4055649.0,126.0,126.0,123.5,125.5,-0.5,45.0
7631,2026-05-26,32195.0,4050531.0,126.0,127.5,125.0,127.5,2.0,33.0
7631,2026-05-27,51565.0,6503311.0,126.0,127.0,125.5,126.0,-1.5,59.0
7631,2026-05-28,29216.0,3624657.0,125.0,126.0,122.5,122.5,-3.5,37.0
7631,2026-05-29,24988.0,3139692.0,124.5,128.0,124.5,125.0,2.5,36.0
7631,2026-06-01,20894.0,2629140.0,126.0,127.5,125.0,125.0,0.0,25.0
7631,2026-06-02,15500.0,1941715.0,125.0,126.5,124.0,125.0,0.0,23.0
7631,2026-06-03,19114.0,2417880.0,122.5,128.5,122.5,127.0,2.0,30.0
7631,2026-06-04,444.0,55400.0,,,,,0.0,7.0
7631,2026-06-05,18315.0,2304550.0,127.0,127.0,124.0,126.5,0.0,26.0
7631,2026-06-08,36319.0,4427666.0,120.0,124.5,119.0,123.5,-3.0,46.0
7631,2026-06-09,12489.0,1549621.0,123.5,125.5,123.0,123.5,0.0,22.0
7631,2026-06-10,121460.0,15576590.0,129.5,132.5,125.5,126.5,3.0,102.0
7631,2026-06-11,73254.0,9317247.0,127.0,131.5,124.0,127.0,0.5,79.0
7631,2026-06-12,36129.0,4537586.0,128.0,128.0,124.5,125.0,-2.0,29.0
7631,2026-06-15,107471.0,14050852.0,126.5,137.5,125.0,136.0,11.0,102.0
7631,2026-06-16,55987.0,7316426.0,131.5,133.0,128.5,130.0,-6.0,75.0
7631,2026-06-17,22533.0,2915290.0,128.5,130.0,128.0,129.5,-0.5,22.0
7631,2026-06-18,32065.0,4250487.0,130.0,134.5,130.0,131.5,2.0,30.0
7631,2026-06-22,110187.0,15030872.0,132.5,139.0,132.5,139.0,7.5,97.0
7631,2026-06-23,49652.0,6761979.0,139.0,139.0,134.0,137.5,-1.5,61.0
7631,2026-06-24,278819.0,41097544.0,137.5,150.0,137.5,150.0,12.5,293.0
7631,2026-06-25,503827.0,81358722.0,149.5,165.0,149.0,162.5,12.5,1964.0
7631,2026-06-26,635519.0,102681843.0,169.0,169.0,153.5,164.0,1.5,663.0
7631,2026-06-29,1311212.0,229647424.0,175.0,178.5,167.0,177.0,0.0,1377.0
7631,2026-06-30,686077.0,112114655.0,173.0,173.0,159.5,160.0,-17.0,980.0
7631,2026-07-01,238636.0,37372411.0,162.0,162.0,151.0,159.5,-0.5,353.0
7631,2026-07-02,151736.0,23408173.0,152.5,158.0,150.0,156.5,-3.0,228.0
7631,2026-07-03,115798.0,18265909.0,155.0,161.5,154.5,160.5,4.0,144.0
7631,2026-07-06,185798.0,29032890.0,162.5,162.5,153.5,154.5,-6.0,251.0
7631,2026-07-07,98274.0,15053198.0,155.0,159.0,150.0,154.5,0.0,147.0
7631,2026-07-08,103217.0,15451219.0,150.0,154.0,144.5,153.5,-1.0,181.0
7631,2026-07-09,71533.0,10886930.0,153.5,155.0,150.0,153.5,0.0,124.0
7631,2026-07-13,161057.0,23755320.0,158.0,158.0,145.0,145.0,-8.5,301.0
7631,2026-07-14,142109.0,19886586.0,143.0,148.0,135.5,148.0,3.0,231.0
7631,2026-07-15,64721.0,9380751.0,145.0,147.0,142.0,145.5,-2.5,103.0
7631,2026-07-16,44605.0,6416119.0,141.5,145.0,141.5,144.5,-1.0,49.0
7631,2026-07-17,41562.0,5802241.0,142.0,142.0,137.5,138.5,-6.0,99.0
7631,2026-07-20,38076.0,5253957.0,139.0,139.5,136.5,138.5,0.0,77.0
7631,2026-07-21,39726.0,5565588.0,147.5,147.5,138.5,140.0,1.5,159.0
7631,2026-07-22,32012.0,4469270.0,141.0,141.0,138.0,139.0,-1.0,48.0
7631,2026-07-23,15977.0,2225353.0,141.5,141.5,138.0,139.0,0.0,42.0
7631,2026-07-24,134150.0,18539722.0,137.0,140.0,137.0,139.0,0.0,77.0
7631,2026-07-27,28968.0,3983128.0,139.0,139.0,136.5,138.5,-0.5,47.0
7631,2026-07-28,47647.0,6349527.0,136.5,136.5,131.0,132.0,-6.5,150.0
7631,2026-07-29,145700.0,18210330.0,130.0,130.5,119.0,130.0,-2.0,317.0
7631,2026-07-30,31186.0,4003524.0,130.0,133.5,121.5,129.5,-0.5,97.0
7631,2026-07-31,45547.0,6032144.0,138.0,138.0,127.0,135.0,5.5,68.0
7631,2026-08-03,26433.0,3508443.0,128.5,137.0,128.5,132.5,-2.5,50.0
7631,2026-08-04,39868.0,5256092.0,136.0,136.0,129.0,132.5,0.0,59.0
7631,2026-08-05,31600.0,4275051.0,133.0,137.0,133.0,133.5,1.0,47.0
7631,2026-08-06,22954.0,3031262.0,134.0,134.0,130.5,132.0,-1.5,44.0
7631,2026-08-07,14198.0,1873670.0,135.0,135.0,130.5,131.5,-0.5,17.0
7631,2026-08-10,103048.0,14121368.0,134.5,140.0,132.5,138.5,7.0,103.0
7631,2026-08-11,61825.0,8405554.0,138.5,139.5,134.0,138.0,-0.5,176.0
7631,2026-08-12,44875.0,6301165.0,140.0,142.0,139.5,139.5,1.5,70.0
7631,2026-08-13,768078.0,113913376.0,153.0,153.0,138.0,148.0,8.5,525.0
7631,2026-08-14,145258.0,21076496.0,145.0,147.5,143.0,145.0,-3.0,221.0
7631,2026-08-17,113010.0,16427661.0,147.5,147.5,144.0,145.0,0.0,102.0
7631,2026-08-18,61590.0,8932847.0,145.0,146.5,144.0,144.5,-0.5,60.0
7631,2026-08-19,100765.0,14936015.0,144.0,155.0,143.0,145.0,0.5,117.0
7631,2026-08-20,26650.0,3862349.0,145.5,146.0,143.0,146.0,1.0,39.0
7631,2026-08-21,58451.0,8483168.0,147.5,148.0,143.5,147.5,1.5,73.0
7631,2026-08-24,33444.0,4868392.0,146.5,146.5,144.5,144.5,-3.0,131.0
7631,2026-08-25,30450.0,4404419.0,144.0,147.0,143.0,147.0,2.5,41.0
7631,2026-08-26,43221.0,6323081.0,145.5,147.5,145.5,146.0,-1.0,42.0
7631,2026-08-27,61742.0,8986646.0,147.0,147.0,145.0,146.5,0.5,72.0
7631,2026-08-28,36003.0,5238542.0,146.5,147.0,144.5,145.0,-1.5,47.0
7631,2026-08-31,23591.0,3381749.0,144.0,144.5,142.5,144.0,-1.0,37.0
7631,2026-09-01,114334.0,16915677.0,145.0,151.5,145.0,147.0,3.0,108.0
7631,2026-09-02,53545.0,7776443.0,145.5,146.5,144.5,144.5,-2.5,51.0
7631,2026-09-03,31354.0,4494704.0,144.0,144.5,141.0,141.0,-3.5,45.0
7631,2026-09-04,66565.0,9592034.0,144.5,146.5,142.0,146.0,5.0,60.0
7631,2026-09-07,17434.0,2538635.0,146.5,146.5,145.0,145.5,-0.5,33.0
7631,2026-09-08,17687.0,2537816.0,146.0,146.0,142.0,142.0,-3.5,72.0
7631,2026-09-09,18471.0,2643062.0,143.0,144.0,142.0,144.0,2.0,30.0
7631,2026-09-10,72415.0,10147670.0,142.0,142.0,138.0,141.5,-2.5,76.0
7631,2026-09-11,93268.0,12864148.0,140.0,140.0,136.0,138.0,-3.5,96.0
7631,2026-09-14,55086.0,7425752.0,138.0,138.0,133.5,134.0,-4.0,100.0
7631,2026-09-15,13246.0,1775010.0,133.5,135.0,133.0,134.0,0.0,21.0
7730,2025-11-04,389102.0,36618432.0,96.5,97.0,88.4,88.6,0.0,344.0
7730,2025-11-05,204436.0,17156859.0,87.0,87.5,82.0,87.0,-1.6,167.0
7730,2025-11-06,102066.0,8612912.0,87.2,87.6,83.1,83.9,-3.1,150.0
7730,2025-11-07,122799.0,10260095.0,82.0,84.7,80.0,84.0,0.1,66.0
7730,2025-11-10,128682.0,10504867.0,83.5,84.1,80.0,81.0,-3.0,152.0
7730,2025-11-11,116328.0,9234510.0,80.0,82.1,78.0,79.6,-1.4,91.0
7730,2025-11-12,81220.0,6430471.0,78.1,79.9,78.1,79.9,0.3,60.0
7730,2025-11-13,150452.0,12574166.0,79.9,87.5,79.9,82.1,2.2,175.0
7730,2025-11-14,63430.0,5196743.0,81.5,83.0,81.5,81.6,-0.5,88.0
7730,2025-11-17,60125.0,4826929.0,80.1,82.0,80.0,80.0,-1.6,51.0
7730,2025-11-18,22085.0,1754504.0,79.7,81.0,78.8,78.8,-1.2,23.0
7730,2025-11-19,28300.0,2230540.0,79.7,79.7,78.1,79.0,0.2,30.0
7730,2025-11-20,9035.0,726488.0,81.0,81.2,80.0,80.0,1.0,11.0
7730,2025-11-21,39262.0,3076975.0,80.0,80.0,78.0,78.5,-1.5,34.0
7730,2025-11-24,32258.0,2576957.0,79.8,80.5,79.2,79.2,0.7,26.0
7730,2025-11-25,12020.0,975389.0,80.1,82.0,80.1,82.0,2.8,13.0
7730,2025-11-26,14132.0,1151104.0,81.3,82.0,81.2,82.0,0.0,18.0
7730,2025-11-27,53000.0,4368300.0,81.5,85.0,81.5,85.0,3.0,30.0
7730,2025-11-28,23770.0,2039823.0,85.6,87.7,84.0,84.4,-0.6,33.0
7730,2025-12-01,11220.0,950426.0,86.9,86.9,84.2,84.2,-0.2,16.0
7730,2025-12-02,35235.0,2870760.0,82.0,82.8,81.1,81.2,-3.0,31.0
7730,2025-12-03,9150.0,752250.0,81.0,83.0,81.0,81.8,0.6,30.0
7730,2025-12-04,25250.0,2072915.0,82.0,82.9,81.3,82.5,0.7,27.0
7730,2025-12-05,43050.0,3558500.0,81.0,83.5,81.0,83.5,1.0,28.0
7730,2025-12-08,80330.0,6520461.0,82.5,82.5,80.0,81.9,-1.6,56.0
7730,2025-12-09,29838.0,2445540.0,81.5,83.5,81.4,83.5,1.6,24.0
7730,2025-12-10,26005.0,2157817.0,84.0,84.0,82.4,83.0,-0.5,20.0
7730,2025-12-11,18940.0,1554386.0,81.5,83.0,81.5,82.0,-1.0,22.0
7730,2025-12-12,9092.0,750005.0,82.5,83.0,82.0,83.0,1.0,13.0
7730,2025-12-15,20300.0,1709620.0,82.5,87.3,82.5,87.3,4.3,13.0
7730,2025-12-16,14006.0,1170708.0,83.7,84.2,83.0,83.5,-3.8,14.0
7730,2025-12-17,5000.0,418500.0,83.5,84.0,83.5,84.0,0.5,5.0
7730,2025-12-18,14000.0,1181100.0,83.8,85.0,83.8,85.0,1.0,10.0
7730,2025-12-19,22115.0,1898800.0,85.0,86.7,85.0,86.5,1.5,27.0
7730,2025-12-22,28050.0,2448825.0,86.5,88.8,86.5,88.0,1.5,22.0
7730,2025-12-23,24180.0,2176372.0,90.0,90.5,89.7,89.7,1.7,23.0
7730,2025-12-24,84341.0,8005655.0,91.0,98.6,91.0,98.6,8.9,134.0
7730,2025-12-26,48071.0,4588795.0,98.8,98.8,94.5,95.4,-3.2,93.0
7730,2025-12-29,116762.0,11786329.0,97.8,104.0,97.0,101.5,6.1,87.0
7730,2025-12-30,133506.0,13774647.0,101.5,104.5,101.0,102.0,0.5,83.0
7730,2025-12-31,85347.0,8734636.0,104.5,104.5,101.0,103.5,1.5,70.0
7730,2026-01-02,60069.0,6194514.0,103.5,104.0,102.0,102.5,-1.0,65.0
7730,2026-01-05,90928.0,8768032.0,102.5,102.5,92.3,93.7,-8.8,78.0
7730,2026-01-06,22197.0,2127791.0,95.9,96.9,94.0,95.5,1.8,30.0
7730,2026-01-07,36351.0,3487559.0,95.5,98.0,95.5,95.6,0.1,31.0
7730,2026-01-08,30718.0,2988790.0,96.3,99.0,96.2,99.0,3.4,40.0
7730,2026-01-09,12200.0,1187780.0,98.5,98.5,96.4,96.4,-2.6,12.0
7730,2026-01-12,56636.0,5629444.0,97.0,101.0,97.0,98.5,2.1,93.0
7730,2026-01-13,46403.0,4526302.0,101.5,101.5,96.2,96.2,-2.3,123.0
7730,2026-01-14,21100.0,2095000.0,99.0,100.0,98.1,99.9,3.7,19.0
7730,2026-01-15,14398.0,1427197.0,99.9,100.0,98.5,99.9,0.0,20.0
7730,2026-01-16,108732.0,11198533.0,102.0,104.5,100.0,102.5,2.6,114.0
7730,2026-01-19,26061.0,2715374.0,105.0,105.0,103.5,104.0,1.5,23.0
7730,2026-01-20,30661.0,3173583.0,103.0,104.0,103.0,104.0,0.0,34.0
7730,2026-01-21,43450.0,4410500.0,103.0,103.5,100.0,103.0,-1.0,33.0
7730,2026-01-22,39000.0,3994500.0,104.0,104.0,101.5,102.5,-0.5,28.0
7730,2026-01-23,52200.0,5263000.0,101.5,102.0,100.0,101.5,-1.0,37.0
7730,2026-01-26,18146.0,1852818.0,105.0,105.0,101.0,102.0,0.5,20.0
7730,2026-01-27,61476.0,6138775.0,103.0,103.0,99.0,100.0,-2.0,93.0
7730,2026-01-28,41050.0,4072100.0,100.0,100.0,98.6,99.0,-1.0,32.0
7730,2026-01-29,6000.0,599900.0,100.5,100.5,99.5,99.5,0.5,6.0
7730,2026-01-30,61855.0,5952863.0,98.2,98.2,95.3,95.4,-4.1,68.0
7730,2026-02-02,20150.0,1974104.0,98.4,99.9,97.0,97.5,2.1,17.0
7730,2026-02-03,54729.0,5375900.0,97.5,100.5,96.1,100.5,3.0,56.0
7730,2026-02-04,32000.0,3224000.0,102.0,102.5,98.2,100.5,0.0,25.0
7730,2026-02-05,30239.0,3026825.0,102.0,102.0,98.8,100.0,-0.5,37.0
7730,2026-02-06,31728.0,3158730.0,100.0,100.0,98.2,99.1,-0.9,42.0
7730,2026-02-09,67705.0,6852338.0,100.5,103.5,99.2,101.5,2.4,63.0
7730,2026-02-10,48431.0,4922307.0,103.5,103.5,100.0,102.0,0.5,78.0
7730,2026-02-11,85450.0,8625178.0,100.0,103.0,99.6,102.5,0.5,76.0
7730,2026-02-23,69219.0,6922943.0,100.5,102.5,98.0,101.0,-1.5,56.0
7730,2026-02-24,60361.0,6026818.0,102.0,102.0,99.0,99.1,-1.9,60.0
7730,2026-02-25,32750.0,3250359.0,99.1,100.0,98.3,100.0,0.9,36.0
7730,2026-02-26,68603.0,6854396.0,99.3,100.0,99.3,100.0,0.0,32.0
7730,2026-03-02,171529.0,18382862.0,100.0,110.0,100.0,110.0,10.0,146.0
7730,2026-03-03,130572.0,14669225.0,109.5,115.5,108.5,112.0,2.0,158.0
7730,2026-03-04,48539.0,5345511.0,112.0,115.0,108.0,110.0,-2.0,140.0
7730,2026-03-05,93668.0,10577375.0,114.0,114.5,110.0,114.5,4.5,85.0
7730,2026-03-06,76374.0,8829593.0,112.0,118.5,111.0,116.0,1.5,80.0
7730,2026-03-09,100990.0,11548665.0,112.0,118.0,110.0,118.0,2.0,116.0
7730,2026-03-10,213074.0,26880460.0,119.0,129.5,118.5,128.5,10.5,496.0
7730,2026-03-11,139424.0,18106993.0,129.0,133.5,126.0,130.5,2.0,142.0
7730,2026-03-12,279642.0,39419980.0,131.5,143.5,131.5,143.5,13.0,1026.0
7730,2026-03-13,226201.0,32451676.0,144.0,147.5,139.5,145.0,1.5,519.0
7730,2026-03-16,143968.0,21015529.0,145.5,151.5,142.0,142.5,-2.5,297.0
7730,2026-03-17,50999.0,7261340.0,141.5,144.5,141.0,142.5,0.0,132.0
7730,2026-03-18,57515.0,8241239.0,142.0,146.5,140.0,143.0,0.5,60.0
7730,2026-03-19,51534.0,7338258.0,142.0,143.0,141.5,142.5,-0.5,62.0
7730,2026-03-20,40242.0,5752336.0,143.0,144.5,142.0,143.0,0.5,62.0
7730,2026-03-23,149088.0,21425776.0,140.5,152.0,140.0,151.5,8.5,176.0
7730,2026-03-24,241460.0,38018186.0,152.5,161.5,151.5,161.0,9.5,313.0
7730,2026-03-25,189221.0,31581625.0,161.0,172.0,158.5,170.0,9.0,1594.0
7730,2026-03-26,133440.0,23036918.0,173.0,176.5,170.0,171.5,1.5,232.0
7730,2026-03-27,141936.0,23443610.0,168.5,170.0,161.0,168.0,-3.5,129.0
7730,2026-03-30,167834.0,29180473.0,162.5,180.0,161.5,174.0,6.0,270.0
7730,2026-03-31,124941.0,21359489.0,173.5,178.0,166.5,169.0,-5.0,176.0
7730,2026-04-01,118771.0,20438930.0,175.0,179.0,166.0,166.0,-3.0,216.0
7730,2026-04-02,71377.0,11830245.0,166.5,167.5,163.0,167.5,1.5,94.0
7730,2026-04-07,110212.0,18989253.0,169.0,174.5,168.5,172.0,4.5,557.0
7730,2026-04-08,259605.0,46867930.0,175.5,188.0,173.0,187.0,15.0,219.0
7730,2026-04-09,210597.0,40696868.0,189.0,197.5,188.0,197.0,10.0,543.0
7730,2026-04-10,112160.0,21211307.0,196.5,196.5,184.5,187.0,-10.0,126.0
7730,2026-04-13,80321.0,15220492.0,187.0,193.0,186.0,189.5,2.5,88.0
7730,2026-04-14,82608.0,15732268.0,188.0,195.0,185.0,190.0,0.5,82.0
7730,2026-04-15,80392.0,15574320.0,199.0,199.0,190.5,191.0,1.0,80.0
7730,2026-04-16,69100.0,13301800.0,191.0,195.5,189.5,191.0,0.0,55.0
7730,2026-04-17,197698.0,35861920.0,194.5,194.5,172.5,172.5,-18.5,209.0
7730,2026-04-20,164668.0,28161310.0,172.5,179.5,164.0,179.0,6.5,162.0
7730,2026-04-21,69436.0,12387737.0,180.5,181.5,176.0,178.0,-1.0,75.0
7730,2026-04-22,82720.0,14963247.0,180.0,185.0,176.0,180.0,2.0,340.0
7730,2026-04-23,38947.0,6802852.0,180.0,180.0,169.0,173.5,-6.5,53.0
7730,2026-04-24,102861.0,17659413.0,175.0,176.0,168.0,170.0,-3.5,90.0
7730,2026-04-27,86174.0,14092175.0,170.0,170.0,160.0,163.5,-6.5,83.0
7730,2026-04-28,58170.0,9361722.0,169.0,169.0,158.0,163.5,0.0,67.0
7730,2026-04-29,24116.0,3954965.0,168.5,168.5,161.0,165.0,1.5,24.0
7730,2026-04-30,23127.0,3761724.0,163.5,164.5,161.5,162.0,-3.0,32.0
7730,2026-05-04,51431.0,8358302.0,166.5,166.5,161.0,162.5,0.5,43.0
7730,2026-05-05,34023.0,5642834.0,168.0,168.0,164.0,167.0,4.5,38.0
7730,2026-05-06,23614.0,3982468.0,172.0,172.5,166.5,166.5,-0.5,31.0
7730,2026-05-07,61601.0,10408720.0,167.0,172.5,166.5,169.5,3.0,56.0
7730,2026-05-08,119223.0,20572491.0,178.5,178.5,168.0,168.0,-1.5,98.0
7730,2026-05-11,121329.0,21399979.0,168.0,182.0,168.0,181.0,13.0,110.0
7730,2026-05-12,82200.0,14919059.0,184.0,185.0,175.0,175.0,-6.0,85.0
7730,2026-05-13,49053.0,8415191.0,175.0,175.0,170.0,171.0,-4.0,47.0
7730,2026-05-14,27322.0,4675232.0,171.0,173.0,169.0,171.0,0.0,35.0
7730,2026-05-15,248303.0,45048990.0,173.0,188.0,173.0,181.0,10.0,298.0
7730,2026-05-18,368718.0,71408984.0,177.0,199.0,176.0,199.0,18.0,941.0
7730,2026-05-19,172736.0,37742812.0,218.5,218.5,218.5,218.5,19.5,123.0
7730,2026-05-20,479936.0,110726544.0,239.0,239.5,222.5,226.0,7.5,843.0
7730,2026-05-21,266492.0,58737612.0,231.5,231.5,211.5,222.5,-3.5,305.0
7730,2026-05-22,634782.0,150761776.0,227.0,244.5,227.0,230.0,7.5,623.0
7730,2026-05-25,271730.0,58660993.0,225.0,229.0,207.5,219.0,-11.0,352.0
7730,2026-05-26,130787.0,28835612.0,220.5,225.5,215.5,216.0,-3.0,458.0
7730,2026-05-27,155242.0,32833919.0,212.0,214.5,209.0,212.0,-4.0,621.0
7730,2026-05-28,134789.0,29266524.0,213.0,224.0,210.5,214.0,2.0,147.0
7730,2026-05-29,79623.0,16957726.0,215.5,216.5,210.0,213.5,-0.5,80.0
7730,2026-06-01,106682.0,23118953.0,214.0,223.0,213.0,215.0,1.5,132.0
7730,2026-06-02,117468.0,24513700.0,212.5,214.0,205.5,206.5,-8.5,137.0
7730,2026-06-03,177987.0,35804956.0,206.5,207.5,198.0,200.5,-6.0,213.0
7730,2026-06-04,178130.0,34247852.0,199.0,199.0,184.5,186.0,-14.5,229.0
7730,2026-06-05,110192.0,20363389.0,189.0,189.0,181.0,185.0,-1.0,129.0
7730,2026-06-08,87382.0,15287890.0,167.0,181.0,167.0,179.5,-5.5,86.0
7730,2026-06-09,70017.0,12854218.0,173.5,188.5,173.5,187.0,7.5,82.0
7730,2026-06-10,115860.0,21820928.0,188.5,197.0,183.0,183.0,-4.0,114.0
7730,2026-06-11,102986.0,18393608.0,176.5,185.0,172.5,179.0,-4.0,108.0
7730,2026-06-12,74669.0,13735877.0,180.5,188.0,180.5,180.5,1.5,70.0
7730,2026-06-15,162742.0,29306640.0,180.5,184.5,175.0,175.5,-5.0,133.0
7730,2026-06-16,110323.0,19114834.0,178.0,178.5,170.5,173.0,-2.5,114.0
7730,2026-06-17,49343.0,8453625.0,169.0,174.5,168.5,170.5,-2.5,66.0
7730,2026-06-18,138784.0,24533489.0,172.5,185.5,170.5,180.5,10.0,170.0
7730,2026-06-22,234803.0,44563528.0,193.0,194.0,184.0,187.5,7.0,239.0
7730,2026-06-23,128471.0,24063160.0,190.5,192.5,183.0,185.5,-2.0,131.0
7730,2026-06-24,102695.0,18822388.0,184.5,187.0,179.5,182.5,-3.0,103.0
7730,2026-06-25,104337.0,19014397.0,184.5,185.0,179.5,179.5,-3.0,96.0
7730,2026-06-26,154763.0,27728890.0,178.5,184.5,173.5,173.5,-6.0,132.0
7730,2026-06-29,40308.0,7242137.0,178.5,181.5,178.0,179.0,5.5,42.0
7730,2026-06-30,38981.0,7201116.0,180.0,188.0,179.0,188.0,9.0,53.0
7730,2026-07-01,126649.0,23993999.0,190.0,194.0,187.0,187.5,-0.5,133.0
7730,2026-07-02,87870.0,16605878.0,184.5,191.5,184.5,190.5,3.0,69.0
7730,2026-07-03,103796.0,19888920.0,190.5,195.0,188.5,191.5,1.0,119.0
7730,2026-07-06,62380.0,11917108.0,189.0,193.0,189.0,190.0,-1.5,64.0
7730,2026-07-07,105168.0,19100573.0,189.0,189.0,177.0,180.0,-10.0,133.0
7730,2026-07-08,98219.0,17956396.0,180.0,186.5,177.0,186.0,6.0,88.0
7730,2026-07-09,97920.0,18112526.0,184.5,188.5,182.5,183.0,-3.0,106.0
7730,2026-07-13,153792.0,27762000.0,186.0,187.0,174.5,174.5,-8.5,196.0
7730,2026-07-14,118016.0,20348846.0,174.5,177.0,169.0,177.0,2.5,143.0
7730,2026-07-15,71304.0,12829418.0,179.5,182.5,178.0,179.0,2.0,65.0
7730,2026-07-16,79456.0,14307025.0,181.0,184.0,176.5,180.0,1.0,78.0
7730,2026-07-17,121284.0,20797759.0,175.0,175.5,168.0,168.0,-12.0,139.0
7730,2026-07-20,85425.0,14162957.0,167.5,172.0,162.0,166.0,-2.0,98.0
7730,2026-07-21,53227.0,8851800.0,169.0,169.5,163.0,168.0,2.0,55.0
7730,2026-07-22,63291.0,10824121.0,172.0,174.0,169.0,169.0,1.0,247.0
7730,2026-07-23,66215.0,11220859.0,172.5,172.5,167.0,171.5,2.5,59.0
7730,2026-07-24,46276.0,7696861.0,173.0,173.0,162.0,166.5,-5.0,59.0
7730,2026-07-27,75301.0,12181490.0,162.0,164.0,159.5,163.0,-3.5,80.0
7730,2026-07-28,245485.0,37109221.0,160.0,161.5,147.0,147.0,-16.0,187.0
7730,2026-07-29,117493.0,16780167.0,148.0,150.0,135.5,145.0,-2.0,141.0
7730,2026-07-30,114093.0,16016438.0,146.5,148.5,135.5,137.5,-7.5,126.0
7730,2026-07-31,83668.0,12244991.0,141.0,151.0,141.0,151.0,13.5,82.0
7730,2026-08-03,53843.0,8272198.0,148.5,157.5,148.5,152.0,1.0,77.0
7730,2026-08-04,104502.0,16216057.0,153.0,158.0,153.0,157.0,5.0,165.0
7730,2026-08-05,107955.0,16978510.0,160.0,161.0,154.5,160.0,3.0,81.0
7730,2026-08-06,64745.0,10223522.0,157.0,162.0,155.5,160.0,0.0,69.0
7730,2026-08-07,34037.0,5348892.0,161.5,161.5,153.0,153.0,-7.0,32.0
7730,2026-08-10,65489.0,10407484.0,162.0,162.0,156.0,156.0,3.0,68.0
7730,2026-08-11,88221.0,14421603.0,160.0,166.0,159.0,163.0,7.0,81.0
7730,2026-08-12,41266.0,6844009.0,164.0,168.0,163.5,168.0,5.0,56.0
7730,2026-08-13,161513.0,28160011.0,172.5,177.0,171.0,175.0,7.0,138.0
7730,2026-08-14,103035.0,17730560.0,179.5,180.0,166.5,168.0,-7.0,325.0
7730,2026-08-17,78955.0,13480984.0,171.5,174.0,166.5,173.0,5.0,79.0
7730,2026-08-18,71913.0,11930953.0,173.5,174.0,157.0,157.0,-16.0,64.0
7730,2026-08-19,129033.0,21238251.0,161.0,171.0,160.0,163.5,6.5,293.0
7730,2026-08-20,59170.0,9791640.0,164.5,168.5,163.5,163.5,0.0,54.0
7730,2026-08-21,29154.0,4818024.0,164.5,167.0,162.5,167.0,3.5,29.0
7730,2026-08-24,84540.0,14594688.0,170.0,175.0,170.0,172.5,5.5,81.0
7730,2026-08-25,425531.0,75122534.0,174.0,186.0,172.0,182.5,10.0,237.0
7730,2026-08-26,125803.0,22841131.0,185.0,187.5,178.0,179.0,-3.5,128.0
7730,2026-08-27,130715.0,24022825.0,179.0,187.5,177.5,185.0,6.0,140.0
7730,2026-08-28,153791.0,27000898.0,176.5,181.0,172.0,177.0,0.0,262.0
7730,2026-08-31,51514.0,8961725.0,172.5,176.5,171.5,173.0,-4.0,59.0
7730,2026-09-01,21200.0,3674465.0,171.0,175.0,171.0,173.0,0.0,23.0
7730,2026-09-02,27156.0,4668388.0,173.0,173.0,170.5,171.0,-2.0,32.0
7730,2026-09-03,343073.0,62795546.0,173.0,188.0,173.0,188.0,17.0,228.0
7730,2026-09-04,253549.0,46478986.0,190.0,193.0,175.5,186.5,-1.5,257.0
7730,2026-09-07,194952.0,34798133.0,179.5,185.0,173.0,180.5,-6.0,291.0
7730,2026-09-08,79384.0,13970403.0,182.0,182.0,172.5,172.5,-8.0,112.0
7730,2026-09-09,27130.0,4740908.0,172.5,176.0,172.5,175.0,2.5,35.0
7730,2026-09-10,45161.0,7884395.0,177.0,177.5,172.5,173.0,-2.0,51.0
7730,2026-09-11,70771.0,11933058.0,171.0,172.0,167.5,172.0,-1.0,79.0
7730,2026-09-14,25500.0,4282820.0,168.0,169.5,166.0,168.0,-4.0,26.0
7730,2026-09-15,95271.0,16098916.0,168.0,171.0,167.0,169.0,1.0,70.0
7740,2025-06-16,1035937.0,225025493.0,208.0,226.0,207.5,217.0,0.0,796.0
7740,2025-06-17,505969.0,103697070.0,213.0,216.0,200.0,204.5,-12.5,437.0
7740,2025-06-18,354742.0,76089132.0,203.0,219.5,203.0,214.5,10.0,324.0
7740,2025-06-19,281426.0,61738238.0,218.0,224.5,214.0,216.5,2.0,501.0
7740,2025-06-20,310727.0,65899958.0,218.0,222.0,206.5,208.0,-8.5,1148.0
7740,2025-06-23,347233.0,71124102.0,208.0,211.0,203.0,203.5,-4.5,249.0
7740,2025-06-24,159244.0,32866870.0,207.0,209.0,204.5,205.0,1.5,368.0
7740,2025-06-25,207230.0,43712127.0,206.5,218.0,205.5,212.5,7.5,370.0
7740,2025-06-26,193686.0,41521006.0,213.5,217.0,212.0,213.0,0.5,195.0
7740,2025-06-27,100253.0,21132845.0,213.5,213.5,208.0,210.0,-3.0,103.0
7740,2025-06-30,147184.0,30492005.0,211.0,211.5,204.5,204.5,-5.5,161.0
7740,2025-07-01,112156.0,23133530.0,207.0,212.0,204.0,205.0,0.5,117.0
7740,2025-07-02,117759.0,24065360.0,207.0,208.0,202.0,203.5,-1.5,183.0
7740,2025-07-03,188939.0,39447621.0,204.5,211.5,204.0,209.0,5.5,248.0
7740,2025-07-04,426342.0,93735182.0,212.0,225.0,212.0,221.5,12.5,843.0
7740,2025-07-07,225348.0,50058591.0,219.5,225.0,218.5,220.0,-1.5,814.0
7740,2025-07-08,153372.0,32865222.0,215.5,218.0,211.0,218.0,-2.0,258.0
7740,2025-07-09,387796.0,87152922.0,215.5,228.0,215.5,228.0,10.0,702.0
7740,2025-07-10,564523.0,135772503.0,228.0,248.5,227.0,245.0,17.0,2116.0
7740,2025-07-11,739064.0,175247795.0,228.0,259.0,220.5,240.0,-5.0,1852.0
7740,2025-07-14,213384.0,51677173.0,245.5,248.0,239.0,239.5,-0.5,903.0
7740,2025-07-15,112872.0,27070510.0,242.5,243.5,237.5,237.5,-2.0,367.0
7740,2025-07-16,155176.0,36332653.0,240.0,240.5,230.5,233.5,-4.0,189.0
7740,2025-07-17,173415.0,40585129.0,233.5,237.0,232.0,233.5,0.0,207.0
7740,2025-07-18,52473.0,12152677.0,233.5,233.5,231.0,231.0,-2.5,90.0
7740,2025-07-21,207603.0,47043511.0,230.5,231.0,224.0,225.0,-6.0,229.0
7740,2025-07-22,72391.0,16117950.0,224.5,225.0,220.5,223.0,-2.0,94.0
7740,2025-07-23,50561.0,11278839.0,223.0,224.0,221.0,222.0,-1.0,62.0
7740,2025-07-24,90659.0,20759737.0,222.5,235.0,221.5,229.0,7.0,86.0
7740,2025-07-25,106743.0,24092108.0,229.0,230.0,223.5,224.0,-5.0,123.0
7740,2025-07-28,137613.0,30720891.0,226.0,227.0,221.5,222.5,-1.5,97.0
7740,2025-07-29,220173.0,48241978.0,229.5,230.0,213.0,220.0,-2.5,212.0
7740,2025-07-30,67567.0,14737883.0,219.5,222.0,216.0,217.5,-2.5,82.0
7740,2025-07-31,229069.0,48539487.0,219.5,219.5,208.0,213.5,-4.0,251.0
7740,2025-08-01,111653.0,24407878.0,210.0,223.0,210.0,223.0,9.5,108.0
7740,2025-08-04,173634.0,38328831.0,223.0,227.5,216.0,225.0,2.0,324.0
7740,2025-08-05,215295.0,49119503.0,227.0,232.5,223.5,223.5,-1.5,265.0
7740,2025-08-06,158193.0,34978641.0,227.0,227.0,218.0,219.0,-4.5,147.0
7740,2025-08-07,108865.0,23948114.0,219.0,224.5,218.0,219.0,0.0,116.0
7740,2025-08-08,491191.0,112376182.0,220.5,234.5,219.0,230.0,11.0,492.0
7740,2025-08-11,477051.0,111534129.0,234.0,239.5,230.0,233.0,3.0,561.0
7740,2025-08-12,677630.0,161283901.0,233.0,245.0,226.0,242.5,9.5,719.0
7740,2025-08-13,343504.0,81863512.0,242.5,244.0,234.5,235.0,-7.5,655.0
7740,2025-08-14,430697.0,104588218.0,236.5,252.0,234.0,248.0,13.0,620.0
7740,2025-08-15,310467.0,78911969.0,251.0,257.5,251.0,255.0,7.0,1069.0
7740,2025-08-18,490561.0,131754613.0,255.0,277.5,254.0,270.0,15.0,1400.0
7740,2025-08-19,516766.0,139656518.0,270.5,277.0,265.5,267.0,-3.0,2214.0
7740,2025-08-20,601344.0,155146717.0,261.5,264.0,254.0,258.0,-9.0,1798.0
7740,2025-08-21,132130.0,33929613.0,258.5,259.0,253.0,258.0,0.0,225.0
7740,2025-08-22,318786.0,83904062.0,258.0,269.5,256.0,258.0,0.0,341.0
7740,2025-08-25,434150.0,111972361.0,259.0,266.5,246.5,246.5,-11.5,434.0
7740,2025-08-26,277033.0,67362689.0,251.0,251.0,239.5,241.0,-5.5,345.0
7740,2025-08-27,106588.0,25852548.0,242.5,246.0,241.0,242.5,1.5,129.0
7740,2025-08-28,148618.0,35726428.0,242.0,244.0,235.0,240.5,-2.0,131.0
7740,2025-08-29,112405.0,27260040.0,240.0,244.5,240.0,241.0,0.5,117.0
7740,2025-09-01,191284.0,46459780.0,240.0,247.5,237.5,241.5,0.5,194.0
7740,2025-09-02,554430.0,142582705.0,242.0,264.0,242.0,262.5,21.0,2394.0
7740,2025-09-03,319476.0,81417285.0,265.0,265.0,250.0,250.0,-12.5,648.0
7740,2025-09-04,186867.0,46926146.0,253.5,257.0,245.5,245.5,-4.5,280.0
7740,2025-09-05,187893.0,47016454.0,245.5,254.5,245.5,250.0,4.5,184.0
7740,2025-09-08,661818.0,157279016.0,250.0,253.0,230.5,235.0,-15.0,726.0
7740,2025-09-09,406867.0,93566688.0,236.5,236.5,225.5,230.0,-5.0,411.0
7740,2025-09-10,96527.0,22460308.0,233.0,235.0,230.5,232.0,2.0,87.0
7740,2025-09-11,328995.0,74536907.0,232.5,232.5,223.0,225.0,-7.0,353.0
7740,2025-09-12,98891.0,22430894.0,226.5,231.0,224.5,224.5,-0.5,122.0
7740,2025-09-15,93222.0,20765960.0,223.0,225.0,220.5,225.0,0.5,116.0
7740,2025-09-16,51661.0,11574778.0,226.0,226.0,222.5,224.0,-1.0,57.0
7740,2025-09-17,94743.0,21187083.0,224.0,225.5,222.0,222.0,-2.0,106.0
7740,2025-09-18,144829.0,31472674.0,223.0,223.0,214.0,214.0,-8.0,238.0
7740,2025-09-19,119368.0,25663602.0,214.0,220.0,211.0,212.5,-1.5,161.0
7740,2025-09-22,75447.0,16274673.0,214.0,219.0,213.0,214.0,1.5,92.0
7740,2025-09-23,134324.0,29140447.0,215.0,222.0,213.5,213.5,-0.5,172.0
7740,2025-09-24,246203.0,51961550.0,214.0,214.0,208.0,213.0,-0.5,230.0
7740,2025-09-25,44822.0,9589550.0,213.0,217.0,212.5,213.0,0.0,70.0
7740,2025-09-26,137829.0,28852186.0,212.5,212.5,206.5,211.5,-1.5,155.0
7740,2025-09-30,72611.0,15515264.0,210.0,215.5,210.0,213.5,2.0,427.0
7740,2025-10-01,58847.0,12651944.0,213.5,217.0,213.5,213.5,0.0,73.0
7740,2025-10-02,105486.0,22711937.0,214.5,220.0,212.0,220.0,6.5,129.0
7740,2025-10-03,374654.0,88354720.0,221.0,240.0,221.0,235.0,15.0,2462.0
7740,2025-10-07,267106.0,63884221.0,238.5,243.0,233.0,238.0,3.0,590.0
7740,2025-10-08,134066.0,31835576.0,236.5,239.0,234.5,236.0,-2.0,127.0
7740,2025-10-09,168918.0,38765578.0,236.0,236.5,226.0,226.5,-9.5,1178.0
7740,2025-10-13,371187.0,86576760.0,228.0,240.0,228.0,231.0,4.5,564.0
7740,2025-10-14,274157.0,62825794.0,233.0,240.5,218.5,221.0,-10.0,287.0
7740,2025-10-15,105428.0,23266777.0,221.0,225.0,219.0,219.0,-2.0,134.0
7740,2025-10-16,103988.0,22626216.0,219.0,225.0,213.0,218.5,-0.5,127.0
7740,2025-10-17,51448.0,11120945.0,219.5,219.5,215.0,215.5,-3.0,59.0
7740,2025-10-20,140136.0,29674196.0,214.5,215.5,209.0,211.5,-4.0,194.0
7740,2025-10-21,151446.0,31425706.0,209.0,212.0,204.0,207.0,-4.5,227.0
7740,2025-10-22,55687.0,11453631.0,210.0,210.0,204.0,206.5,-0.5,130.0
7740,2025-10-23,29213.0,6010584.0,200.5,208.0,200.5,206.0,-0.5,34.0
7740,2025-10-27,148608.0,29812479.0,205.0,205.0,198.5,199.5,-6.5,256.0
7740,2025-10-28,86821.0,17720247.0,205.0,215.5,199.5,203.0,3.5,112.0
7740,2025-10-29,77608.0,15638700.0,203.5,203.5,199.0,202.0,-1.0,82.0
7740,2025-10-30,76556.0,15475810.0,205.0,207.0,199.0,205.0,3.0,617.0
7740,2025-10-31,73059.0,14850595.0,205.0,205.0,201.0,203.0,-2.0,108.0
7740,2025-11-03,400529.0,82829376.0,204.5,216.5,204.0,212.0,9.0,146.0
7740,2025-11-04,99799.0,20631370.0,210.5,210.5,204.0,205.0,-7.0,104.0
7740,2025-11-05,85150.0,17513065.0,202.0,211.5,202.0,207.0,2.0,70.0
7740,2025-11-06,27108.0,5539575.0,207.0,208.0,203.0,204.0,-3.0,44.0
7740,2025-11-07,7598.0,1559442.0,206.0,206.0,204.0,204.0,0.0,20.0
7740,2025-11-10,161149.0,32071381.0,205.0,205.0,195.5,196.0,-8.0,226.0
7740,2025-11-11,363463.0,65850368.0,181.0,195.0,176.5,176.5,-19.5,518.0
7740,2025-11-12,191034.0,30477754.0,176.0,176.0,159.0,159.0,-17.5,264.0
7740,2025-11-13,455099.0,70645230.0,152.0,169.5,144.5,167.5,8.5,428.0
7740,2025-11-14,234090.0,37836691.0,167.0,168.0,155.5,167.0,-0.5,211.0
7740,2025-11-17,166388.0,28386737.0,172.0,176.5,162.5,162.5,-4.5,375.0
7740,2025-11-18,253306.0,38540100.0,165.0,165.0,146.5,154.5,-8.0,353.0
7740,2025-11-19,167408.0,24476367.0,153.5,153.5,143.0,148.0,-6.5,193.0
7740,2025-11-20,152124.0,22096400.0,151.5,153.0,141.5,144.5,-3.5,165.0
7740,2025-11-21,116928.0,16876403.0,144.5,147.5,140.0,144.0,-0.5,111.0
7740,2025-11-24,121963.0,17241902.0,141.0,149.5,139.0,140.5,-3.5,129.0
7740,2025-11-25,145263.0,20348090.0,145.5,145.5,135.5,139.5,-1.0,145.0
7740,2025-11-26,71811.0,10365617.0,137.5,147.0,137.5,146.5,7.0,91.0
7740,2025-11-27,168939.0,25592975.0,148.0,156.0,148.0,149.0,2.5,148.0
7740,2025-11-28,126262.0,19305020.0,151.0,156.0,149.5,153.0,4.0,114.0
7740,2025-12-01,90600.0,13439402.0,149.0,151.5,146.0,146.5,-6.5,86.0
7740,2025-12-02,82896.0,12346088.0,146.5,153.5,143.0,150.0,3.5,83.0
7740,2025-12-03,15296.0,2274146.0,150.0,151.0,147.5,148.5,-1.5,23.0
7740,2025-12-04,13620.0,2026271.0,152.0,152.0,148.0,148.0,-0.5,25.0
7740,2025-12-05,93111.0,14408553.0,149.5,157.0,149.5,155.0,7.0,102.0
7740,2025-12-08,72457.0,11590165.0,155.0,162.5,154.0,162.5,7.5,82.0
7740,2025-12-09,62793.0,10439533.0,161.0,169.0,160.0,168.5,6.0,77.0
7740,2025-12-10,358269.0,59273095.0,165.0,170.5,165.0,166.0,-2.5,239.0
7740,2025-12-11,149661.0,23611349.0,161.0,161.5,155.0,161.5,-4.5,122.0
7740,2025-12-12,92278.0,14141525.0,162.5,162.5,148.0,153.0,-8.5,134.0
7740,2025-12-15,57255.0,8648712.0,153.0,157.0,146.0,157.0,4.0,45.0
7740,2025-12-16,45011.0,6789155.0,153.0,153.5,149.5,150.0,-7.0,44.0
7740,2025-12-17,50248.0,7556065.0,156.5,156.5,148.0,149.0,-1.0,66.0
7740,2025-12-18,76209.0,10952141.0,147.5,147.5,141.5,145.0,-4.0,74.0
7740,2025-12-19,60524.0,8761446.0,147.0,147.0,143.0,145.0,0.0,60.0
7740,2025-12-22,71482.0,10748484.0,146.0,153.0,145.5,150.0,5.0,57.0
7740,2025-12-23,45123.0,6848626.0,149.5,153.5,148.5,153.0,3.0,38.0
7740,2025-12-24,47506.0,7204992.0,153.0,153.5,150.5,151.0,-2.0,170.0
7740,2025-12-26,165033.0,25588632.0,154.0,160.0,151.0,151.0,0.0,146.0
7740,2025-12-29,87640.0,13716676.0,152.5,158.5,152.5,155.5,4.5,90.0
7740,2025-12-30,83993.0,13448265.0,156.0,162.0,155.5,158.5,3.0,86.0
7740,2025-12-31,167765.0,27185516.0,163.0,167.0,156.0,158.0,-0.5,227.0
7740,2026-01-02,42068.0,6730758.0,158.5,163.0,158.5,160.5,2.5,86.0
7740,2026-01-05,84736.0,13558023.0,161.0,162.5,157.0,160.0,-0.5,78.0
7740,2026-01-06,88625.0,14277190.0,160.0,163.5,158.0,158.0,-2.0,70.0
7740,2026-01-07,81435.0,12798890.0,158.0,160.0,155.5,157.0,-1.0,71.0
7740,2026-01-08,61191.0,9482590.0,156.0,157.0,153.0,153.0,-4.0,57.0
7740,2026-01-09,82988.0,12623667.0,152.5,154.0,150.0,153.5,0.5,169.0
7740,2026-01-12,96414.0,15256379.0,155.0,160.0,155.0,159.5,6.0,118.0
7740,2026-01-13,468496.0,80757056.0,175.0,175.0,167.0,175.0,15.5,681.0
7740,2026-01-14,356435.0,63409950.0,178.0,182.5,173.0,173.0,-2.0,588.0
7740,2026-01-15,287500.0,51079155.0,177.0,182.0,172.0,175.5,2.5,297.0
7740,2026-01-16,189468.0,33124824.0,180.0,180.5,170.0,170.0,-5.5,1756.0
7740,2026-01-19,257803.0,46029175.0,172.5,181.0,172.5,179.0,9.0,278.0
7740,2026-01-20,116162.0,20467570.0,177.5,178.0,174.0,174.0,-5.0,420.0
7740,2026-01-21,115688.0,19802191.0,174.0,174.0,168.0,168.5,-5.5,108.0
7740,2026-01-22,102469.0,17178881.0,171.0,171.0,166.5,168.0,-0.5,92.0
7740,2026-01-23,123125.0,20577150.0,170.0,172.5,164.0,164.0,-4.0,141.0
7740,2026-01-26,63556.0,10605326.0,164.5,170.0,164.0,164.0,0.0,72.0
7740,2026-01-27,101777.0,16434704.0,165.0,165.0,160.0,160.0,-4.0,112.0
7740,2026-01-28,119707.0,19282913.0,160.5,165.0,159.5,159.5,-0.5,127.0
7740,2026-01-29,90489.0,14060668.0,156.5,157.5,154.0,156.0,-3.5,171.0
7740,2026-01-30,117074.0,17675306.0,154.5,155.5,148.0,153.0,-3.0,291.0
7740,2026-02-02,68965.0,10291495.0,153.0,153.0,148.0,149.0,-4.0,74.0
7740,2026-02-03,98581.0,14495959.0,149.0,151.5,145.0,145.5,-3.5,101.0
7740,2026-02-04,40263.0,5960450.0,145.5,149.5,145.5,149.5,4.0,40.0
7740,2026-02-05,61588.0,8954572.0,149.5,149.5,144.0,145.0,-4.5,76.0
7740,2026-02-06,44862.0,6342812.0,142.5,142.5,138.0,141.0,-4.0,57.0
7740,2026-02-09,79801.0,11243905.0,142.0,145.0,138.5,139.0,-2.0,82.0
7740,2026-02-10,85209.0,12338584.0,142.5,148.0,142.5,145.5,6.5,108.0
7740,2026-02-11,358809.0,56847452.0,146.5,160.0,146.5,160.0,14.5,313.0
7740,2026-02-23,393996.0,68134277.0,161.0,176.0,161.0,176.0,16.0,590.0
7740,2026-02-24,529882.0,97263866.0,192.0,192.0,177.0,180.5,4.5,663.0
7740,2026-02-25,327900.0,58719715.0,180.5,185.5,173.5,180.0,-0.5,345.0
7740,2026-02-26,323582.0,57921757.0,180.0,185.0,173.0,185.0,5.0,909.0
7740,2026-03-02,462250.0,83172114.0,180.0,185.0,175.0,179.5,-5.5,405.0
7740,2026-03-03,454253.0,83418367.0,183.0,188.5,179.0,184.5,5.0,380.0
7740,2026-03-04,379937.0,68172075.0,180.0,185.0,174.5,185.0,0.5,630.0
7740,2026-03-05,588850.0,110258253.0,183.0,193.0,181.5,188.5,3.5,477.0
7740,2026-03-06,583275.0,111866172.0,188.5,196.0,186.0,196.0,7.5,386.0
7740,2026-03-09,366050.0,68912137.0,185.0,194.5,181.5,189.5,-6.5,349.0
7740,2026-03-10,517691.0,101055859.0,195.0,200.0,187.0,200.0,10.5,425.0
7740,2026-03-11,792054.0,157243266.0,203.0,204.0,194.5,202.0,2.0,734.0
7740,2026-03-12,578070.0,114434483.0,199.5,204.5,194.5,198.0,-4.0,648.0
7740,2026-03-13,425215.0,84698373.0,200.0,204.0,194.0,204.0,6.0,347.0
7740,2026-03-16,426695.0,86113491.0,204.0,205.0,196.5,196.5,-7.5,343.0
7740,2026-03-17,295817.0,58810111.0,201.0,201.5,196.5,200.0,3.5,279.0
7740,2026-03-18,286701.0,57333764.0,200.0,202.0,198.0,200.5,0.5,626.0
7740,2026-03-19,360953.0,70585723.0,200.5,200.5,192.0,194.0,-6.5,780.0
7740,2026-03-20,467634.0,89548525.0,198.5,198.5,185.0,192.0,-2.0,388.0
7740,2026-03-23,167483.0,31302944.0,192.0,192.0,185.0,185.0,-7.0,173.0
7740,2026-03-24,104555.0,19299133.0,189.0,189.0,182.0,182.5,-2.5,136.0
7740,2026-03-25,167046.0,31626996.0,186.0,193.5,184.5,189.0,6.5,315.0
7740,2026-03-26,268068.0,50131618.0,198.0,198.0,183.0,185.0,-4.0,509.0
7740,2026-03-27,79347.0,14646678.0,185.0,187.5,182.0,187.5,2.5,73.0
7740,2026-03-30,120913.0,22385594.0,188.0,188.0,182.0,185.0,-2.5,120.0
7740,2026-03-31,187002.0,33946702.0,185.0,186.0,179.0,179.0,-6.0,188.0
7740,2026-04-01,129536.0,23505499.0,182.0,185.0,178.5,178.5,-0.5,135.0
7740,2026-04-02,143187.0,25373070.0,184.0,184.0,173.5,173.5,-5.0,154.0
7740,2026-04-07,123632.0,21242315.0,177.5,177.5,169.5,169.5,-4.0,125.0
7740,2026-04-08,178440.0,30748737.0,171.0,176.0,169.5,174.0,4.5,169.0
7740,2026-04-09,315841.0,53173180.0,175.0,175.0,165.0,166.0,-8.0,829.0
7740,2026-04-10,218836.0,38124724.0,171.0,179.0,169.0,176.0,10.0,223.0
7740,2026-04-13,595573.0,106154755.0,185.0,185.0,173.0,173.0,-3.0,484.0
7740,2026-04-14,500770.0,91555914.0,178.5,188.5,174.5,181.0,8.0,443.0
7740,2026-04-15,360634.0,64692509.0,185.0,185.0,176.5,178.0,-3.0,407.0
7740,2026-04-16,199153.0,35568358.0,180.5,184.0,175.5,180.5,2.5,182.0
7740,2026-04-17,106375.0,19060610.0,180.5,180.5,178.0,178.0,-2.5,110.0
7740,2026-04-20,208719.0,36346199.0,177.0,177.0,172.0,173.0,-5.0,194.0
7740,2026-04-21,428356.0,77972976.0,173.5,188.0,173.0,188.0,15.0,370.0
7740,2026-04-22,666170.0,130813950.0,194.5,200.0,185.5,200.0,12.0,569.0
7740,2026-04-23,540446.0,107824053.0,200.0,205.5,194.0,199.0,-1.0,1108.0
7740,2026-04-24,580213.0,113715754.0,205.0,205.0,188.0,197.0,-2.0,512.0
7740,2026-04-27,302369.0,56888901.0,197.0,197.0,185.0,185.0,-12.0,289.0
7740,2026-04-28,104454.0,19282466.0,185.5,187.0,182.5,183.5,-1.5,112.0
7740,2026-04-29,187396.0,33696128.0,183.5,185.0,177.5,181.0,-2.5,189.0
7740,2026-04-30,227066.0,41815012.0,184.0,190.5,177.5,190.0,9.0,223.0
7740,2026-05-04,441856.0,83747022.0,191.0,195.0,185.5,186.5,-3.5,494.0
7740,2026-05-05,216093.0,39684483.0,188.0,189.5,180.0,180.0,-6.5,299.0
7740,2026-05-06,309744.0,55040913.0,187.0,187.0,173.0,175.0,-5.0,300.0
7740,2026-05-07,484949.0,82344752.0,175.0,175.0,167.0,168.5,-6.5,461.0
7740,2026-05-08,283105.0,48447383.0,175.5,175.5,168.0,170.5,2.0,216.0
7740,2026-05-11,208867.0,35297776.0,171.5,173.0,166.5,171.0,0.5,212.0
7740,2026-05-12,278706.0,48401008.0,176.0,179.5,169.5,170.0,-1.0,285.0
7740,2026-05-13,74739.0,12660811.0,170.0,170.5,167.0,169.0,-1.0,81.0
7740,2026-05-14,164530.0,27970202.0,176.0,176.0,166.5,168.5,-0.5,170.0
7740,2026-05-15,227666.0,38443023.0,168.5,172.5,165.0,165.0,-3.5,184.0
7740,2026-05-18,232140.0,36981661.0,160.0,162.0,157.0,159.5,-5.5,257.0
7740,2026-05-19,129079.0,21197808.0,159.5,168.0,159.5,164.5,5.0,137.0
7740,2026-05-20,122250.0,19795427.0,165.5,165.5,160.0,160.0,-4.5,157.0
7740,2026-05-21,739060.0,130046060.0,176.0,176.0,171.5,176.0,16.0,364.0
7740,2026-05-22,669373.0,122320130.0,184.5,188.5,176.0,182.5,6.5,670.0
7740,2026-05-25,475397.0,83604039.0,184.5,184.5,170.0,174.5,-8.0,511.0
7740,2026-05-26,309398.0,54199200.0,172.5,180.0,171.0,171.5,-3.0,290.0
7740,2026-05-27,403831.0,67399400.0,178.0,178.0,164.0,165.5,-6.0,528.0
7740,2026-05-28,1094666.0,195387004.0,169.5,182.0,167.0,179.0,13.5,921.0
7740,2026-05-29,1313126.0,251132049.0,188.0,196.0,185.0,185.0,6.0,1480.0
7740,2026-06-01,777796.0,136582913.0,191.0,191.0,172.0,172.0,-13.0,1000.0
7740,2026-06-02,320497.0,54412254.0,173.5,173.5,167.0,169.0,-3.0,391.0
7740,2026-06-03,996859.0,180547329.0,172.0,185.5,167.0,185.5,16.5,1337.0
7740,2026-06-04,610279.0,111831571.0,185.5,188.5,177.0,181.5,-4.0,1079.0
7740,2026-06-05,305330.0,53115415.0,179.5,179.5,172.0,172.5,-9.0,358.0
7740,2026-06-08,366750.0,60743837.0,158.0,172.5,158.0,170.5,-2.0,444.0
7740,2026-06-09,154402.0,26270479.0,169.0,173.5,168.0,170.0,-0.5,180.0
7740,2026-06-10,109339.0,18475054.0,171.5,171.5,167.0,169.0,-1.0,154.0
7740,2026-06-11,114478.0,19374335.0,173.0,173.0,165.0,169.0,0.0,148.0
7740,2026-06-12,284976.0,48087151.0,174.0,174.0,167.5,168.5,-0.5,224.0
7740,2026-06-15,331448.0,55941803.0,172.5,175.0,165.5,165.5,-3.0,316.0
7740,2026-06-16,279351.0,45894097.0,167.5,168.0,162.5,164.0,-1.5,340.0
7740,2026-06-17,435352.0,70182040.0,166.5,167.5,158.5,163.0,-1.0,478.0
7740,2026-06-18,635924.0,99522841.0,163.0,163.0,153.0,156.0,-7.0,711.0
7740,2026-06-22,245761.0,39464870.0,159.0,162.0,158.5,161.0,5.0,246.0
7740,2026-06-23,152988.0,24311420.0,164.0,164.0,155.5,155.5,-5.5,196.0
7740,2026-06-24,117520.0,18166496.0,154.5,156.0,154.0,154.0,-1.5,182.0
7740,2026-06-25,383641.0,60150407.0,160.0,163.5,153.0,156.5,2.5,375.0
7740,2026-06-26,776046.0,111367984.0,155.0,155.0,141.0,141.5,-15.0,819.0
7740,2026-06-29,340327.0,50660272.0,143.0,153.0,141.0,149.5,8.0,323.0
7740,2026-06-30,214514.0,32778923.0,151.5,157.5,149.5,151.5,2.0,203.0
7740,2026-07-01,132174.0,19853637.0,151.5,153.0,147.5,151.0,-0.5,158.0
7740,2026-07-02,67637.0,10144762.0,150.5,151.0,148.5,149.0,-2.0,151.0
7740,2026-07-03,131628.0,19728122.0,152.0,153.0,147.5,150.0,1.0,126.0
7740,2026-07-06,76454.0,11267137.0,150.0,152.0,145.0,145.0,-5.0,117.0
7740,2026-07-07,152017.0,22359376.0,145.5,151.0,144.0,145.0,0.0,167.0
7740,2026-07-08,60947.0,8843567.0,146.0,146.5,144.0,145.0,0.0,197.0
7740,2026-07-09,130733.0,19132331.0,145.0,148.5,142.5,147.5,2.5,144.0
7740,2026-07-13,283965.0,43786191.0,146.5,158.5,146.5,156.0,8.5,290.0
7740,2026-07-14,147421.0,22196312.0,156.0,156.0,148.5,148.5,-7.5,192.0
7740,2026-07-15,361201.0,57906752.0,152.0,163.0,151.0,163.0,14.5,1184.0
7740,2026-07-16,176649.0,28329993.0,161.5,164.0,157.5,158.5,-4.5,235.0
7740,2026-07-17,303480.0,46939572.0,156.0,159.0,152.0,153.0,-5.5,350.0
7740,2026-07-20,184522.0,28912540.0,154.0,159.5,152.5,159.5,6.5,214.0
7740,2026-07-21,158981.0,25766464.0,162.5,163.5,159.5,162.0,2.5,271.0
7740,2026-07-22,187740.0,30646212.0,163.0,166.0,160.5,163.0,1.0,192.0
7740,2026-07-23,237836.0,37860672.0,164.0,165.0,156.0,157.0,-6.0,374.0
7740,2026-07-24,320279.0,45572468.0,142.5,145.0,140.5,142.0,0.0,348.0
7740,2026-07-27,116279.0,16924395.0,145.0,147.5,141.0,146.0,4.0,146.0
7740,2026-07-28,193069.0,27258075.0,146.0,147.0,139.0,140.5,-5.5,344.0
7740,2026-07-29,211298.0,30222326.0,142.5,147.5,140.0,145.0,4.5,223.0
7740,2026-07-30,140019.0,19836925.0,145.0,145.0,140.0,140.5,-4.5,338.0
7740,2026-07-31,155264.0,22497793.0,144.0,149.0,141.0,141.0,0.5,277.0
7740,2026-08-03,103258.0,14725209.0,141.5,144.0,140.5,142.5,1.5,100.0
7740,2026-08-04,230602.0,34266597.0,143.5,155.0,142.5,153.0,10.5,222.0
7740,2026-08-05,179046.0,27616022.0,153.5,157.0,152.0,153.5,0.5,229.0
7740,2026-08-06,135108.0,20920074.0,155.0,157.0,153.5,155.0,1.5,112.0
7740,2026-08-07,293304.0,47300966.0,154.5,165.5,154.5,161.0,6.0,302.0
7740,2026-08-10,915698.0,157475677.0,163.0,177.0,160.0,177.0,16.0,1289.0
7740,2026-08-11,797718.0,128126498.0,166.0,166.0,159.5,159.5,-17.5,1025.0
7740,2026-08-12,812724.0,121076612.0,152.5,155.0,144.0,148.0,-11.5,734.0
7740,2026-08-13,319305.0,46178303.0,148.0,148.5,143.0,143.0,-5.0,353.0
7740,2026-08-14,177829.0,25448192.0,143.0,145.5,141.0,141.0,-2.0,211.0
7740,2026-08-17,77771.0,10978370.0,141.5,142.5,140.0,142.0,1.0,93.0
7740,2026-08-18,79717.0,11388307.0,143.0,144.5,141.0,141.5,-0.5,113.0
7740,2026-08-19,52074.0,7405193.0,142.0,143.0,141.5,142.0,0.5,79.0
7740,2026-08-20,75893.0,10755760.0,142.0,143.0,141.0,141.0,-1.0,75.0
7740,2026-08-21,95271.0,13335980.0,141.0,141.5,139.0,139.5,-1.5,137.0
7740,2026-08-24,79234.0,10944788.0,139.5,139.5,137.0,139.0,-0.5,103.0
7740,2026-08-25,189339.0,25510510.0,137.0,137.0,133.0,134.0,-5.0,248.0
7740,2026-08-26,123681.0,16624763.0,134.5,138.0,133.0,135.0,1.0,123.0
7740,2026-08-27,101562.0,13795871.0,135.0,138.0,134.5,136.5,1.5,106.0
7740,2026-08-28,86566.0,11706924.0,135.5,136.5,134.0,134.0,-2.5,139.0
7740,2026-08-31,169280.0,22068071.0,133.0,133.0,128.0,129.5,-4.5,248.0
7740,2026-09-01,126904.0,16525018.0,127.0,134.5,127.0,132.5,3.0,170.0
7740,2026-09-02,37438.0,4884674.0,131.0,131.5,130.0,130.5,-2.0,63.0
7740,2026-09-03,81783.0,10614400.0,130.5,131.5,128.0,129.0,-1.5,119.0
7740,2026-09-04,78660.0,10206239.0,129.0,135.0,128.0,132.0,3.0,112.0
7740,2026-09-07,89412.0,11510189.0,131.0,131.0,127.5,128.0,-4.0,127.0
7740,2026-09-08,48133.0,6166000.0,130.0,130.0,127.5,129.0,1.0,97.0
7740,2026-09-09,118214.0,15235043.0,128.0,133.0,126.5,133.0,4.0,131.0
7740,2026-09-10,90407.0,11905728.0,134.0,134.0,129.5,132.0,-1.0,111.0
7740,2026-09-11,222207.0,28100826.0,123.0,135.0,123.0,129.0,-3.0,345.0
7740,2026-09-14,139213.0,17413596.0,126.0,128.0,124.0,124.0,-5.0,215.0
7740,2026-09-15,177665.0,21856131.0,126.0,126.0,121.5,123.5,-0.5,209.0
7803,2026-05-20,920496.0,21115098.0,22.25,24.3,20.0,22.95,0.0,564.0
7803,2026-05-21,448396.0,10215891.0,22.2,23.45,22.05,22.8,-0.15,286.0
7803,2026-05-22,518300.0,12083460.0,23.0,23.95,22.95,23.9,1.1,256.0
7803,2026-05-25,1106004.0,28665896.0,25.0,27.3,25.0,25.25,1.35,402.0
7803,2026-05-26,425273.0,10519960.0,26.0,26.0,24.1,24.1,-1.15,220.0
7803,2026-05-27,387085.0,9090901.0,24.35,24.5,22.95,23.3,-0.8,264.0
7803,2026-05-28,403764.0,9100285.0,23.3,23.3,22.0,22.4,-0.9,279.0
7803,2026-05-29,168518.0,3778778.0,22.1,22.65,22.1,22.4,0.0,99.0
7803,2026-06-01,177388.0,4029831.0,23.05,23.55,22.4,22.7,0.3,120.0
7803,2026-06-02,262731.0,5970622.0,23.2,23.2,22.2,23.15,0.45,118.0
7803,2026-06-03,188549.0,4237609.0,23.15,23.15,22.1,22.2,-0.95,161.0
7803,2026-06-04,382297.0,8711154.0,22.25,23.8,22.1,23.0,0.8,209.0
7803,2026-06-05,278808.0,6542790.0,23.5,24.0,22.9,23.25,0.25,176.0
7803,2026-06-08,140469.0,3143520.0,21.1,22.85,21.1,22.8,-0.45,79.0
7803,2026-06-09,163141.0,3811066.0,22.8,23.9,22.8,23.35,0.55,99.0
7803,2026-06-10,227732.0,5302467.0,23.35,23.9,22.75,22.75,-0.6,147.0
7803,2026-06-11,188268.0,4261493.0,22.45,23.4,22.4,22.8,0.05,87.0
7803,2026-06-12,135012.0,3063026.0,22.7,22.95,22.6,22.8,0.0,49.0
7803,2026-06-15,198948.0,4603362.0,22.55,23.4,22.55,23.35,0.55,103.0
7803,2026-06-16,133211.0,3078277.0,23.15,23.35,23.0,23.1,-0.25,60.0
7803,2026-06-17,103929.0,2413066.0,23.15,23.4,23.0,23.0,-0.1,70.0
7803,2026-06-18,112784.0,2592086.0,23.0,23.2,22.9,23.0,0.0,71.0
7803,2026-06-22,199448.0,4532573.0,23.0,23.05,22.5,22.75,-0.25,120.0
7803,2026-06-23,148120.0,3344905.0,22.7,22.75,22.5,22.5,-0.25,77.0
7803,2026-06-24,193359.0,4309840.0,22.5,22.5,22.15,22.25,-0.25,101.0
7803,2026-06-25,171306.0,3750000.0,22.3,22.4,21.6,21.8,-0.45,107.0
7803,2026-06-26,130632.0,2855920.0,21.8,22.25,21.6,21.7,-0.1,71.0
7803,2026-06-29,246533.0,5504394.0,21.7,23.45,21.35,23.3,1.6,114.0
7803,2026-06-30,213507.0,4985971.0,23.0,23.8,22.9,23.75,0.45,119.0
7803,2026-07-01,288550.0,6898005.0,23.75,24.45,23.6,23.7,-0.05,151.0
7803,2026-07-02,364115.0,8683439.0,23.5,24.25,23.5,23.95,0.25,219.0
7803,2026-07-03,306409.0,7229274.0,23.8,24.1,23.0,23.8,-0.15,184.0
7803,2026-07-06,166730.0,3910951.0,23.85,24.0,23.1,23.35,-0.45,127.0
7803,2026-07-07,110500.0,2555624.0,23.15,23.4,22.9,22.9,-0.45,78.0
7803,2026-07-08,111228.0,2561653.0,22.9,23.25,22.75,23.2,0.3,74.0
7803,2026-07-09,122790.0,2796758.0,23.25,23.25,22.65,22.7,-0.5,84.0
7803,2026-07-13,192652.0,4301436.0,22.55,22.55,22.15,22.15,-0.55,117.0
7803,2026-07-14,164029.0,3664192.0,22.75,22.75,22.1,22.5,0.35,91.0
7803,2026-07-15,101060.0,2308504.0,22.7,23.2,22.3,22.95,0.45,70.0
7803,2026-07-16,67337.0,1536591.0,23.0,23.05,22.55,22.6,-0.35,61.0
7803,2026-07-17,392163.0,8484220.0,22.3,22.35,20.85,21.15,-1.45,193.0
7803,2026-07-20,98016.0,2058536.0,21.15,21.25,20.5,21.25,0.1,71.0
7803,2026-07-21,71015.0,1516074.0,21.25,21.55,21.05,21.5,0.25,48.0
7803,2026-07-22,66338.0,1405164.0,21.1,21.45,21.0,21.1,-0.4,49.0
7803,2026-07-23,84045.0,1741399.0,21.5,21.5,20.5,20.95,-0.15,47.0
7803,2026-07-24,79415.0,1652682.0,20.5,21.2,20.5,21.15,0.2,54.0
7803,2026-07-27,32000.0,666450.0,21.15,21.6,20.5,20.85,-0.3,29.0
7803,2026-07-28,134262.0,2707897.0,20.35,20.4,20.0,20.0,-0.85,104.0
7803,2026-07-29,201971.0,3990455.0,20.0,20.15,19.1,19.7,-0.3,136.0
7803,2026-07-30,85120.0,1640975.0,19.1,19.7,19.0,19.05,-0.65,60.0
7803,2026-07-31,34160.0,673118.0,19.9,19.9,19.25,19.8,0.75,31.0
7803,2026-08-03,55470.0,1081148.0,19.3,19.75,19.3,19.5,-0.3,46.0
7803,2026-08-04,71100.0,1412720.0,19.55,20.2,19.55,19.75,0.25,47.0
7803,2026-08-05,52637.0,1047401.0,21.6,21.6,19.75,19.75,0.0,40.0
7803,2026-08-06,66050.0,1312107.0,19.4,20.7,19.2,20.7,0.95,38.0
7803,2026-08-07,37100.0,753350.0,22.65,22.65,19.5,19.8,-0.9,30.0
7803,2026-08-10,45607.0,890249.0,19.15,19.7,19.15,19.7,-0.1,31.0
7803,2026-08-11,12202.0,240861.0,19.7,19.9,19.5,19.75,0.05,13.0
7803,2026-08-12,22538.0,445058.0,19.6,20.0,19.6,19.6,-0.15,23.0
7803,2026-08-13,13841.0,269998.0,19.6,19.65,19.3,19.65,0.05,23.0
7803,2026-08-14,22140.0,431238.0,19.25,19.7,19.25,19.7,0.05,25.0
7803,2026-08-17,60070.0,1163217.0,19.5,20.05,19.1,19.95,0.25,51.0
7803,2026-08-18,32290.0,621822.0,19.85,19.85,19.1,19.1,-0.85,28.0
7803,2026-08-19,21330.0,409442.0,19.25,19.45,19.1,19.15,0.05,21.0
7803,2026-08-20,51055.0,951601.0,19.0,19.15,18.1,19.15,0.0,44.0
7803,2026-08-21,35708.0,684092.0,19.2,19.6,19.05,19.6,0.45,31.0
7803,2026-08-24,28000.0,543800.0,19.45,19.9,19.35,19.6,0.0,19.0
7803,2026-08-25,17564.0,342063.0,19.55,19.8,19.05,19.75,0.15,20.0
7803,2026-08-26,54399.0,1048451.0,19.35,19.65,19.0,19.6,-0.15,51.0
7803,2026-08-27,18606.0,359267.0,19.1,19.55,19.1,19.15,-0.45,29.0
7803,2026-08-28,36265.0,697029.0,19.25,19.4,19.2,19.2,0.05,24.0
7803,2026-08-31,26010.0,496692.0,18.7,19.2,18.7,19.1,-0.1,19.0
7803,2026-09-01,45362.0,871012.0,19.1,19.9,19.0,19.3,0.2,33.0
7803,2026-09-02,14631.0,281870.0,19.3,19.4,19.1,19.4,0.1,17.0
7803,2026-09-03,12120.0,231739.0,19.1,19.4,18.95,19.1,-0.3,15.0
7803,2026-09-04,13000.0,254250.0,19.8,19.8,19.4,19.5,0.4,11.0
7803,2026-09-07,58827.0,1136088.0,19.75,19.75,19.0,19.5,0.0,41.0
7803,2026-09-08,14831.0,290666.0,19.05,19.8,19.05,19.25,-0.25,41.0
7803,2026-09-09,23410.0,452164.0,19.2,19.65,19.2,19.3,0.05,21.0
7803,2026-09-10,57125.0,1091712.0,19.1,19.65,18.95,19.6,0.3,31.0
7803,2026-09-11,61035.0,1154472.0,19.0,19.05,18.65,19.05,-0.55,35.0
7803,2026-09-14,49100.0,928840.0,19.0,19.1,18.8,19.0,-0.05,33.0
7803,2026-09-15,35210.0,654107.0,18.6,19.0,18.5,18.55,-0.45,33.0
7823,2026-02-05,823224.0,127389163.0,165.0,165.0,146.0,148.0,0.0,644.0
7823,2026-02-06,619706.0,79999033.0,150.0,150.0,110.0,131.0,-17.0,657.0
7823,2026-02-09,362621.0,41731414.0,128.5,128.5,110.0,113.5,-17.5,997.0
7823,2026-02-10,264079.0,29114519.0,113.5,113.5,106.5,109.5,-4.0,294.0
7823,2026-02-11,248480.0,26066827.0,109.0,110.0,101.0,104.5,-5.0,300.0
7823,2026-02-23,271867.0,26660088.0,102.0,107.0,95.0,97.0,-7.5,394.0
7823,2026-02-24,234744.0,21474658.0,95.2,95.2,90.1,90.2,-6.8,419.0
7823,2026-02-25,145002.0,13115814.0,93.4,93.4,88.0,89.5,-0.7,262.0
7823,2026-02-26,121088.0,10836756.0,89.5,91.6,88.9,90.9,1.4,215.0
7823,2026-03-02,79884.0,7249070.0,89.4,92.1,88.9,91.8,0.9,95.0
7823,2026-03-03,51856.0,4680624.0,92.6,92.6,89.5,90.3,-1.5,85.0
7823,2026-03-04,50560.0,4477827.0,89.0,89.0,88.2,88.8,-1.5,73.0
7823,2026-03-05,29042.0,2585966.0,88.8,90.0,88.8,89.8,1.0,50.0
7823,2026-03-06,72310.0,6225786.0,88.8,89.0,81.2,86.0,-3.8,107.0
7823,2026-03-09,73104.0,5827084.0,80.3,84.4,77.7,82.5,-3.5,115.0
7823,2026-03-10,31712.0,2678246.0,84.9,86.7,82.2,84.4,1.9,54.0
7823,2026-03-11,21874.0,1810026.0,84.0,84.0,82.5,82.8,-1.6,62.0
7823,2026-03-12,17779.0,1443552.0,80.5,82.6,80.5,82.6,-0.2,36.0
7823,2026-03-13,17844.0,1453409.0,82.6,82.6,80.8,82.0,-0.6,38.0
7823,2026-03-16,96197.0,7606086.0,82.0,82.0,76.0,78.5,-3.5,140.0
7823,2026-03-17,92442.0,7609308.0,78.9,85.5,78.9,83.0,4.5,140.0
7823,2026-03-18,31190.0,2566266.0,83.0,83.5,81.9,82.6,-0.4,89.0
7823,2026-03-19,25573.0,2049624.0,80.2,81.1,79.5,81.0,-1.6,38.0
7823,2026-03-20,16689.0,1338499.0,80.2,81.0,80.0,81.0,0.0,29.0
7823,2026-03-23,20182.0,1640346.0,81.0,82.0,80.5,80.7,-0.3,23.0
7823,2026-03-24,3140.0,253530.0,80.5,81.3,80.5,81.3,0.6,6.0
7823,2026-03-25,23131.0,1937728.0,81.2,86.5,81.2,85.8,4.5,33.0
7823,2026-03-26,28060.0,2319189.0,85.5,85.5,82.0,82.5,-3.3,24.0
7823,2026-03-27,5522.0,454765.0,82.2,83.0,82.2,83.0,0.5,23.0
7823,2026-03-30,6370.0,519203.0,82.8,82.8,80.6,81.5,-1.5,24.0
7823,2026-03-31,13614.0,1095838.0,80.3,81.0,80.0,81.0,-0.5,21.0
7823,2026-04-01,27218.0,2238019.0,81.0,82.7,81.0,82.2,1.2,26.0
7823,2026-04-02,2054.0,169326.0,82.4,82.5,82.4,82.5,0.3,8.0
7823,2026-04-07,26369.0,2048808.0,80.5,81.0,75.2,79.9,-2.6,31.0
7823,2026-04-08,20211.0,1607436.0,78.9,80.5,78.0,80.5,0.6,33.0
7823,2026-04-09,16142.0,1296839.0,82.0,82.0,79.8,80.5,0.0,18.0
7823,2026-04-10,19146.0,1551935.0,80.6,81.5,80.6,81.0,0.5,24.0
7823,2026-04-13,35200.0,2773488.0,79.0,80.0,78.1,79.0,-2.0,45.0
7823,2026-04-14,29141.0,2313130.0,79.5,80.0,79.0,79.0,0.0,32.0
7823,2026-04-15,8145.0,648430.0,79.5,79.9,79.4,79.8,0.8,17.0
7823,2026-04-16,20149.0,1607346.0,79.9,80.0,78.7,80.0,0.2,27.0
7823,2026-04-17,12459.0,993203.0,79.5,79.9,79.5,79.6,-0.4,63.0
7823,2026-04-20,58078.0,4561766.0,79.0,80.0,78.0,78.0,-1.6,77.0
7823,2026-04-21,19802.0,1559957.0,78.5,79.5,78.3,78.8,0.8,44.0
7823,2026-04-22,19209.0,1507437.0,78.6,78.8,78.2,78.8,0.0,31.0
7823,2026-04-23,28168.0,2190068.0,78.6,78.6,77.4,77.6,-1.2,34.0
7823,2026-04-24,16697.0,1276426.0,76.5,76.8,76.2,76.8,-0.8,28.0
7823,2026-04-27,36811.0,2934435.0,77.0,80.0,77.0,80.0,3.2,42.0
7823,2026-04-28,24158.0,1928329.0,79.5,80.1,79.1,80.1,0.1,33.0
7823,2026-04-29,30220.0,2431464.0,80.1,80.9,79.7,80.9,0.8,26.0
7823,2026-04-30,38833.0,3205185.0,81.5,83.2,81.5,82.6,1.7,102.0
7823,2026-05-04,100650.0,8668020.0,83.0,90.0,83.0,90.0,7.4,149.0
7823,2026-05-05,75908.0,6618694.0,90.0,90.0,85.8,86.1,-3.9,101.0
7823,2026-05-06,71412.0,6344330.0,86.1,93.8,85.8,93.6,7.5,141.0
7823,2026-05-07,56495.0,5117162.0,93.6,93.6,88.5,90.6,-3.0,111.0
7823,2026-05-08,32803.0,2925697.0,90.6,90.6,88.0,89.9,-0.7,51.0
7823,2026-05-11,46147.0,4129511.0,89.9,90.7,88.9,89.0,-0.9,53.0
7823,2026-05-12,38704.0,3447890.0,88.4,90.0,87.3,90.0,1.0,53.0
7823,2026-05-13,32149.0,2891209.0,89.8,90.5,87.0,90.2,0.2,50.0
7823,2026-05-14,219792.0,21031985.0,90.2,99.1,90.0,98.5,8.3,259.0
7823,2026-05-15,191738.0,19248143.0,97.1,102.5,96.1,100.0,1.5,220.0
7823,2026-05-18,99166.0,9837925.0,99.9,100.0,97.2,99.9,-0.1,173.0
7823,2026-05-19,46860.0,4677166.0,99.9,100.0,99.0,100.0,0.1,92.0
7823,2026-05-20,227915.0,23666591.0,100.0,108.5,97.1,107.0,7.0,241.0
7823,2026-05-21,84962.0,9231315.0,107.5,111.0,106.5,109.0,2.0,101.0
7823,2026-05-22,107216.0,11141082.0,109.0,109.0,100.0,107.0,-2.0,247.0
7823,2026-05-25,28523.0,2964851.0,107.0,107.0,102.0,102.0,-5.0,52.0
7823,2026-05-26,74461.0,7423996.0,100.0,102.0,98.0,100.5,-1.5,97.0
7823,2026-05-27,52703.0,5167086.0,100.0,100.0,94.0,98.9,-1.6,284.0
7823,2026-05-28,17222.0,1667985.0,98.8,99.0,93.3,99.0,0.1,25.0
7823,2026-05-29,40048.0,3951538.0,98.4,100.0,94.2,99.7,0.7,80.0
7823,2026-06-01,39937.0,3928058.0,99.7,99.9,95.0,98.9,-0.8,49.0
7823,2026-06-02,17493.0,1715263.0,98.8,98.9,96.1,98.4,-0.5,35.0
7823,2026-06-03,34890.0,3378636.0,96.1,98.4,96.0,98.0,-0.4,45.0
7823,2026-06-04,18027.0,1756309.0,95.3,98.0,95.2,97.8,-0.2,20.0
7823,2026-06-05,15149.0,1453193.0,97.8,97.8,94.1,94.1,-3.7,19.0
7823,2026-06-08,59262.0,5162524.0,87.0,92.0,85.5,90.0,-4.1,79.0
7823,2026-06-09,42159.0,3682654.0,86.1,89.0,86.0,86.0,-4.0,44.0
7823,2026-06-10,31545.0,2642071.0,84.0,86.0,82.7,84.9,-1.1,41.0
7823,2026-06-11,11002.0,923338.0,83.5,84.5,83.5,83.5,-1.4,23.0
7823,2026-06-12,13219.0,1100918.0,83.0,83.8,82.8,83.5,0.0,26.0
7823,2026-06-15,20481.0,1719866.0,83.9,84.7,82.8,83.0,-0.5,25.0
7823,2026-06-16,18068.0,1477373.0,83.0,83.0,81.0,82.0,-1.0,21.0
7823,2026-06-17,2093.0,170215.0,82.0,82.0,82.0,82.0,0.0,25.0
7823,2026-06-18,12160.0,998149.0,82.4,82.5,82.0,82.1,0.1,23.0
7823,2026-06-22,18204.0,1479867.0,81.5,82.0,81.0,81.5,-0.6,50.0
7823,2026-06-23,16379.0,1329963.0,81.5,81.7,80.3,80.3,-1.2,26.0
7823,2026-06-24,58549.0,4685583.0,81.5,81.5,79.5,80.2,-0.1,69.0
7823,2026-06-25,23100.0,1862250.0,80.2,81.2,80.0,80.5,0.3,23.0
7823,2026-06-26,21777.0,1728165.0,79.5,79.5,79.0,79.0,-1.5,37.0
7823,2026-06-29,30885.0,2444630.0,81.5,81.5,78.5,78.7,-0.3,35.0
7823,2026-06-30,4363.0,342597.0,78.0,78.9,78.0,78.9,0.2,12.0
7823,2026-07-01,37300.0,2924769.0,79.4,79.4,77.9,78.0,-0.9,45.0
7823,2026-07-02,13736.0,1077625.0,77.8,79.0,77.8,79.0,1.0,22.0
7823,2026-07-03,35348.0,2830209.0,79.7,80.9,79.1,80.9,1.9,39.0
7823,2026-07-06,31808.0,2563725.0,81.5,81.5,80.0,80.0,-0.9,42.0
7823,2026-07-07,24820.0,1992118.0,81.0,81.0,80.0,80.0,0.0,51.0
7823,2026-07-08,84285.0,6911823.0,80.0,83.8,80.0,83.8,3.8,89.0
7823,2026-07-09,136682.0,11930230.0,83.8,90.0,83.8,88.8,5.0,166.0
7823,2026-07-13,48957.0,4319079.0,89.9,91.0,85.0,87.9,-0.9,75.0
7823,2026-07-14,36336.0,3074580.0,85.0,86.5,83.5,83.8,-4.1,49.0
7823,2026-07-15,17040.0,1436451.0,84.2,84.8,83.6,84.8,1.0,20.0
7823,2026-07-16,35244.0,2948122.0,82.0,84.9,82.0,84.9,0.1,37.0
7823,2026-07-17,34358.0,2864272.0,84.8,84.8,82.6,83.9,-1.0,44.0
7823,2026-07-20,21600.0,1803598.0,84.0,84.0,83.0,84.0,0.1,23.0
7823,2026-07-21,17110.0,1434640.0,83.8,84.0,83.7,83.7,-0.3,19.0
7823,2026-07-22,9728.0,811886.0,84.0,84.0,83.0,83.1,-0.6,45.0
7823,2026-07-23,10046.0,834421.0,83.0,83.9,82.9,83.9,0.8,11.0
7823,2026-07-24,10235.0,846389.0,83.2,83.2,82.0,83.1,-0.8,17.0
7823,2026-07-27,16016.0,1314142.0,82.9,82.9,81.0,81.5,-1.6,17.0
7823,2026-07-28,18558.0,1489447.0,81.2,81.2,79.6,80.0,-1.5,22.0
7823,2026-07-29,44302.0,3433405.0,82.6,82.6,76.3,76.8,-3.2,49.0
7823,2026-07-30,15476.0,1191760.0,76.8,78.2,76.1,76.7,-0.1,30.0
7823,2026-07-31,21103.0,1635644.0,76.7,80.0,76.7,80.0,3.3,18.0
7823,2026-08-03,25067.0,1951919.0,77.4,79.1,76.2,78.3,-1.7,27.0
7823,2026-08-04,12127.0,972233.0,78.1,81.2,78.1,81.0,2.7,16.0
7823,2026-08-05,36170.0,2999410.0,81.0,84.5,80.6,84.5,3.5,36.0
7823,2026-08-06,14359.0,1216533.0,84.0,85.0,84.0,85.0,0.5,61.0
7823,2026-08-07,32565.0,2765636.0,85.1,85.8,84.5,85.1,0.1,32.0
7823,2026-08-10,38308.0,3215947.0,85.1,85.3,82.1,83.7,-1.4,40.0
7823,2026-08-11,16204.0,1365037.0,85.2,85.3,83.1,84.5,0.8,17.0
7823,2026-08-12,55100.0,4665087.0,83.4,86.9,83.0,85.4,0.9,46.0
7823,2026-08-13,41057.0,3495984.0,86.0,86.0,84.0,85.3,-0.1,43.0
7823,2026-08-14,51208.0,4340613.0,85.3,85.4,84.0,84.8,-0.5,41.0
7823,2026-08-17,38687.0,3202810.0,77.7,84.9,77.7,84.4,-0.4,41.0
7823,2026-08-18,24008.0,2011673.0,84.3,84.4,83.1,83.5,-0.9,19.0
7823,2026-08-19,8012.0,665916.0,84.4,84.4,81.3,83.9,0.4,14.0
7823,2026-08-20,40906.0,3399372.0,84.0,84.0,81.8,84.0,0.1,44.0
7823,2026-08-21,26021.0,2173048.0,84.0,84.1,83.0,84.0,0.0,25.0
7823,2026-08-24,15279.0,1276158.0,83.8,83.9,83.1,83.8,-0.2,17.0
7823,2026-08-25,31124.0,2595663.0,83.8,83.8,82.7,82.7,-1.1,32.0
7823,2026-08-26,41211.0,3438546.0,82.7,84.0,82.5,83.4,0.7,40.0
7823,2026-08-27,29856.0,2491016.0,83.7,83.8,82.6,83.5,0.1,32.0
7823,2026-08-28,40710.0,3388357.0,83.5,83.9,82.5,83.4,-0.1,41.0
7823,2026-08-31,6600.0,546800.0,83.3,83.3,82.4,82.9,-0.5,9.0
7823,2026-09-01,31477.0,2633815.0,83.3,84.5,82.8,83.8,0.9,33.0
7823,2026-09-02,11100.0,925900.0,82.4,83.9,82.4,83.6,-0.2,12.0
7823,2026-09-03,30216.0,2513817.0,84.1,84.1,82.5,83.7,0.1,34.0
7823,2026-09-04,11322.0,939416.0,84.0,84.0,82.6,83.0,-0.7,13.0
7823,2026-09-07,27071.0,2243574.0,83.8,83.8,81.6,83.2,0.2,33.0
7823,2026-09-08,61019.0,4934250.0,81.5,82.8,79.0,80.7,-2.5,89.0
7823,2026-09-09,12120.0,978348.0,81.0,81.0,80.1,80.1,-0.6,16.0
7823,2026-09-10,6193.0,489785.0,79.2,79.2,79.0,79.1,-1.0,10.0
7823,2026-09-11,33000.0,2653600.0,79.9,81.0,79.2,81.0,1.9,26.0
7823,2026-09-14,162402.0,13659373.0,82.3,87.1,81.7,81.8,0.8,143.0
7823,2026-09-15,72158.0,5889171.0,82.2,83.5,80.3,80.3,-1.5,72.0
7827,2026-05-29,2545365.0,354915327.0,141.0,150.0,136.0,137.0,0.0,745.0
7827,2026-06-01,1579044.0,231048127.0,137.0,155.0,135.0,153.5,16.5,858.0
7827,2026-06-02,1901199.0,306962610.0,151.5,167.5,151.5,166.0,12.5,1171.0
7827,2026-06-03,2455596.0,390589092.0,167.5,170.0,155.0,159.0,-7.0,947.0
7827,2026-06-04,1874612.0,300375671.0,158.5,167.0,157.0,161.5,2.5,590.0
7827,2026-06-05,1198813.0,188124737.0,161.5,162.0,155.0,159.5,-2.0,534.0
7827,2026-06-08,1704086.0,261804664.0,157.0,157.0,147.0,156.5,-3.0,564.0
7827,2026-06-09,1314647.0,202713995.0,155.0,158.5,148.5,158.0,1.5,749.0
7827,2026-06-10,519286.0,80334219.0,156.0,158.0,153.0,155.5,-2.5,288.0
7827,2026-06-11,575371.0,88900484.0,153.0,158.5,153.0,157.0,1.5,272.0
7827,2026-06-12,444597.0,70308666.0,157.5,162.0,154.5,160.0,3.0,266.0
7827,2026-06-15,669654.0,108838053.0,160.5,165.5,159.0,163.5,3.5,467.0
7827,2026-06-16,945773.0,159788426.0,165.5,172.0,162.0,169.5,6.0,843.0
7827,2026-06-17,676166.0,115223497.0,170.0,174.5,166.5,166.5,-3.0,3288.0
7827,2026-06-18,463065.0,76411237.0,165.0,168.0,161.0,164.5,-2.0,2937.0
7827,2026-06-22,1262383.0,196504167.0,163.0,164.0,148.5,159.0,-5.5,2572.0
7827,2026-06-23,745582.0,119958672.0,163.0,164.0,156.0,161.0,2.0,471.0
7827,2026-06-24,297488.0,47691181.0,161.0,162.5,158.0,160.0,-1.0,218.0
7827,2026-06-25,643001.0,107405737.0,160.5,173.5,160.5,169.0,9.0,971.0
7827,2026-06-26,852556.0,146203240.0,168.0,178.0,166.5,174.5,5.5,3065.0
7827,2026-06-29,425216.0,72966075.0,176.0,178.0,168.0,171.5,-3.0,2176.0
7827,2026-06-30,418204.0,71530014.0,171.0,173.0,168.5,173.0,1.5,493.0
7827,2026-07-01,259637.0,45269894.0,178.5,178.5,170.5,170.5,-2.5,1505.0
7827,2026-07-02,962248.0,155468919.0,168.0,169.0,153.5,162.0,-8.5,1363.0
7827,2026-07-03,695782.0,111944731.0,159.0,164.5,154.0,161.5,-0.5,767.0
7827,2026-07-06,356957.0,55883197.0,161.5,161.5,153.0,156.0,-5.5,518.0
7827,2026-07-07,1043387.0,175843584.0,155.5,171.5,155.5,171.5,15.5,2076.0
7827,2026-07-08,666915.0,115356520.0,169.0,178.0,168.5,168.5,-3.0,1709.0
7827,2026-07-09,967424.0,172095363.0,166.5,185.0,166.5,185.0,16.5,962.0
7827,2026-07-13,806692.0,143165081.0,183.5,187.0,167.5,171.0,-14.0,1918.0
7827,2026-07-14,356547.0,58880009.0,171.0,171.0,162.0,164.5,-6.5,750.0
7827,2026-07-15,236793.0,38377125.0,163.0,165.0,159.0,165.0,0.5,261.0
7827,2026-07-16,154112.0,25496658.0,163.0,170.0,161.5,169.5,4.5,172.0
7827,2026-07-17,222940.0,36019644.0,165.5,167.0,158.5,159.0,-10.5,376.0
7827,2026-07-20,282591.0,43702631.0,161.0,161.0,152.0,154.5,-4.5,301.0
7827,2026-07-21,453610.0,69060469.0,153.0,158.0,146.5,156.0,1.5,502.0
7827,2026-07-22,174932.0,26743142.0,153.0,155.0,150.5,155.0,-1.0,255.0
7827,2026-07-23,148666.0,22394148.0,155.0,155.0,148.0,149.0,-6.0,243.0
7827,2026-07-24,854103.0,117774541.0,146.0,146.0,134.5,140.0,-9.0,955.0
7827,2026-07-27,316714.0,43753221.0,136.0,142.0,132.0,141.5,1.5,281.0
7827,2026-07-28,227278.0,31771949.0,139.5,142.5,137.0,140.0,-1.5,225.0
7827,2026-07-29,503003.0,69336315.0,141.5,142.0,133.0,141.0,1.0,555.0
7827,2026-07-30,352464.0,49075207.0,138.0,141.0,136.0,140.0,-1.0,348.0
7827,2026-07-31,173341.0,24515259.0,142.0,144.0,140.0,142.5,2.5,162.0
7827,2026-08-03,243657.0,36368398.0,144.5,152.0,144.5,150.5,8.0,258.0
7827,2026-08-04,182069.0,27707026.0,149.0,154.5,149.0,153.5,3.0,153.0
7827,2026-08-05,269742.0,41641769.0,156.0,157.0,152.0,156.0,2.5,407.0
7827,2026-08-06,397467.0,61712485.0,156.0,157.5,151.0,156.5,0.5,325.0
7827,2026-08-07,328362.0,50386330.0,156.0,156.5,151.0,156.0,-0.5,558.0
7827,2026-08-10,287699.0,45236954.0,156.0,160.5,153.5,160.0,4.0,298.0
7827,2026-08-11,151772.0,24414824.0,159.0,162.5,158.5,161.0,1.0,155.0
7827,2026-08-12,361615.0,58471829.0,160.0,164.5,159.5,162.0,1.0,471.0
7827,2026-08-13,215040.0,34792953.0,162.0,163.5,159.0,159.0,-3.0,258.0
7827,2026-08-14,253121.0,40345988.0,159.5,164.0,154.0,161.0,2.0,360.0
7827,2026-08-17,112017.0,17671076.0,161.0,161.0,154.0,157.0,-4.0,738.0
7827,2026-08-18,202923.0,31270332.0,156.0,156.0,151.5,156.0,-1.0,1053.0
7827,2026-08-19,111968.0,17220545.0,155.0,155.0,152.5,153.5,-2.5,131.0
7827,2026-08-20,342667.0,54079468.0,155.0,159.5,155.0,159.5,6.0,322.0
7827,2026-08-21,382371.0,61747488.0,159.5,165.5,158.0,161.0,1.5,555.0
7827,2026-08-24,302703.0,48138519.0,161.5,161.5,155.5,159.0,-2.0,595.0
7827,2026-08-25,195586.0,31133349.0,159.0,160.0,156.0,159.0,0.0,309.0
7827,2026-08-26,505450.0,82085938.0,160.0,164.5,160.0,164.0,5.0,401.0
7827,2026-08-27,370131.0,59797848.0,159.0,164.5,156.0,162.0,-2.0,544.0
7827,2026-08-28,389436.0,60993593.0,161.0,161.5,152.5,159.5,-2.5,836.0
7827,2026-08-31,237261.0,36411252.0,157.0,157.0,151.0,154.5,-5.0,279.0
7827,2026-09-01,88106.0,13497988.0,153.0,155.0,152.0,154.0,-0.5,111.0
7827,2026-09-02,82673.0,12562879.0,153.0,153.0,151.0,152.0,-2.0,157.0
7827,2026-09-03,130656.0,19710849.0,152.0,152.5,148.5,151.5,-0.5,154.0
7827,2026-09-04,141733.0,21164341.0,151.5,153.0,145.0,151.0,-0.5,191.0
7827,2026-09-07,147036.0,22432238.0,152.5,154.5,151.0,154.0,3.0,136.0
7827,2026-09-08,114971.0,17473155.0,154.0,154.0,151.0,151.0,-3.0,149.0
7827,2026-09-09,140490.0,21210808.0,150.5,153.0,149.5,151.5,0.5,151.0
7827,2026-09-10,113955.0,17277251.0,150.0,154.0,150.0,153.0,1.5,276.0
7827,2026-09-11,127913.0,19484151.0,152.0,152.5,151.5,152.5,-0.5,240.0
7827,2026-09-14,81945.0,12364142.0,150.5,152.5,149.5,152.0,-0.5,216.0
7827,2026-09-15,100172.0,14971371.0,151.0,151.0,148.0,149.5,-2.5,170.0
7835,2026-07-24,1010424.0,47229001.0,49.1,50.0,37.9,39.95,0.0,277.0
7835,2026-07-27,189670.0,6596780.0,38.1,38.1,32.8,36.4,-3.55,143.0
7835,2026-07-28,63008.0,2186288.0,35.0,35.45,34.0,35.35,-1.05,51.0
7835,2026-07-29,75177.0,2506665.0,35.2,35.2,32.0,33.0,-2.35,63.0
7835,2026-07-30,118646.0,3580623.0,34.7,34.7,29.0,30.6,-2.4,99.0
7835,2026-07-31,91417.0,2652710.0,29.75,30.0,28.4,29.8,-0.8,88.0
7835,2026-08-03,29199.0,840259.0,29.5,29.5,28.15,29.0,-0.8,33.0
7835,2026-08-04,23104.0,664947.0,29.1,29.1,28.35,28.8,-0.2,38.0
7835,2026-08-05,52310.0,1466899.0,28.35,28.35,27.75,28.05,-0.75,66.0
7835,2026-08-06,149680.0,3863200.0,27.1,27.1,25.25,25.25,-2.8,123.0
7835,2026-08-07,84657.0,2169149.0,25.5,27.3,24.4,27.3,2.05,66.0
7835,2026-08-10,62484.0,1635702.0,27.0,27.0,25.55,25.55,-1.75,58.0
7835,2026-08-11,28062.0,698297.0,25.55,25.55,24.6,24.8,-0.75,26.0
7835,2026-08-12,66102.0,1671206.0,25.0,25.5,24.8,25.0,0.2,36.0
7835,2026-08-13,43002.0,1071054.0,25.0,25.0,24.8,24.85,-0.15,30.0
7835,2026-08-14,26014.0,633702.0,24.85,24.85,24.0,24.1,-0.75,23.0
7835,2026-08-17,30054.0,709588.0,24.0,24.0,23.4,23.4,-0.7,20.0
7835,2026-08-18,73195.0,1622310.0,22.9,22.9,21.7,22.0,-1.4,46.0
7835,2026-08-19,161604.0,3245966.0,20.15,21.45,19.8,21.45,-0.55,108.0
7835,2026-08-20,18500.0,385100.0,20.95,21.0,20.7,20.7,-0.75,17.0
7835,2026-08-21,60107.0,1227987.0,21.4,21.4,19.85,20.65,-0.05,42.0
7835,2026-08-24,20011.0,425761.0,20.85,22.1,20.7,20.7,0.05,22.0
7835,2026-08-25,29010.0,608960.0,20.7,21.4,20.6,21.0,0.3,15.0
7835,2026-08-26,18210.0,387210.0,21.95,21.95,21.0,21.0,0.0,24.0
7835,2026-08-27,57727.0,1301666.0,21.8,23.1,21.4,23.1,2.1,39.0
7835,2026-08-28,162300.0,4121840.0,25.4,25.4,25.2,25.4,2.3,93.0
7835,2026-08-31,242920.0,6693463.0,27.8,27.9,25.5,27.9,2.5,174.0
7835,2026-09-01,160920.0,4487618.0,28.85,28.85,27.1,28.0,0.1,150.0
7835,2026-09-02,43232.0,1140543.0,28.7,28.7,25.9,26.2,-1.8,50.0
7835,2026-09-03,83195.0,2023074.0,25.4,26.7,23.7,23.75,-2.45,71.0
7835,2026-09-04,81300.0,1885460.0,23.9,23.9,23.0,23.0,-0.75,47.0
7835,2026-09-07,73153.0,1633047.0,23.0,23.4,21.05,23.2,0.2,57.0
7835,2026-09-08,46000.0,1018950.0,21.8,23.1,21.75,23.1,-0.1,33.0
7835,2026-09-09,30000.0,662700.0,22.9,22.9,21.7,22.9,-0.2,25.0
7835,2026-09-10,19000.0,421250.0,22.5,23.0,21.8,22.5,-0.4,16.0
7835,2026-09-11,34557.0,734010.0,22.4,22.4,20.9,21.6,-0.9,27.0
7835,2026-09-14,47160.0,965160.0,21.6,21.6,20.15,20.85,-0.75,39.0
7835,2026-09-15,12053.0,255597.0,20.75,21.7,20.75,21.25,0.4,17.0
8162,2024-03-07,1272000.0,59026150.0,47.0,48.5,44.9,45.9,0.0,588.0
8162,2024-03-08,799000.0,35546100.0,46.45,46.45,42.5,43.05,-2.85,341.0
8162,2024-03-11,249000.0,11128050.0,43.0,45.4,43.0,45.0,1.95,147.0
8162,2024-03-12,393000.0,18236750.0,45.45,47.2,45.2,46.9,1.9,220.0
8162,2024-03-13,363200.0,17358510.0,47.05,48.55,47.05,47.1,0.2,134.0
8162,2024-03-14,283278.0,12686067.0,46.7,46.8,44.0,44.2,-2.9,175.0
8162,2024-03-15,132300.0,5882580.0,44.2,45.8,43.6,44.35,0.15,60.0
8162,2024-03-18,119724.0,5330850.0,44.45,44.75,44.35,44.45,0.1,60.0
8162,2024-03-19,178000.0,7824500.0,44.5,44.5,43.35,43.5,-0.95,101.0
8162,2024-03-20,67000.0,2910800.0,43.5,44.0,43.0,44.0,0.5,46.0
8162,2024-03-21,115247.0,4982321.0,43.5,44.0,42.8,43.15,-0.85,68.0
8162,2024-03-22,80093.0,3448194.0,42.75,43.3,42.75,43.15,0.0,44.0
8162,2024-03-25,61000.0,2626150.0,42.95,43.45,42.85,42.9,-0.25,42.0
8162,2024-03-26,83100.0,3506334.0,42.6,42.6,41.5,41.55,-1.35,69.0
8162,2024-03-27,99150.0,4186405.0,40.9,44.2,40.9,41.85,0.3,43.0
8162,2024-03-28,179190.0,7417249.0,41.3,42.25,40.4,41.95,0.1,76.0
8162,2024-03-29,18039.0,742133.0,41.5,41.75,41.0,41.0,-0.95,16.0
8162,2024-04-01,30000.0,1232150.0,41.05,41.2,41.0,41.2,0.2,15.0
8162,2024-04-02,36090.0,1498184.0,41.6,41.85,41.4,41.85,0.65,23.0
8162,2024-04-03,31040.0,1293156.0,41.5,41.95,41.4,41.6,-0.25,16.0
8162,2024-04-08,41218.0,1715966.0,41.5,42.0,41.15,41.15,-0.45,33.0
8162,2024-04-09,66050.0,2725295.0,40.9,42.0,40.85,41.0,-0.15,37.0
8162,2024-04-10,52100.0,2155350.0,41.0,41.5,41.0,41.1,0.1,23.0
8162,2024-04-11,113122.0,4768625.0,41.1,44.0,40.95,41.9,0.8,42.0
8162,2024-04-12,125200.0,5493120.0,41.9,44.5,41.9,42.55,0.65,62.0
8162,2024-04-15,50120.0,2100292.0,42.55,42.55,41.6,41.65,-0.9,35.0
8162,2024-04-16,250125.0,9846531.0,41.65,41.65,38.0,38.25,-3.4,170.0
8162,2024-04-17,19000.0,749000.0,38.8,39.9,38.8,39.55,1.3,17.0
8162,2024-04-18,47692.0,1864494.0,39.5,39.5,38.9,38.9,-0.65,38.0
8162,2024-04-19,77004.0,2969354.0,39.5,39.5,38.2,38.3,-0.6,48.0
8162,2024-04-22,90000.0,3427650.0,38.35,38.85,35.55,38.85,0.55,53.0
8162,2024-04-23,6100.0,236800.0,38.6,39.0,38.3,38.3,-0.55,5.0
8162,2024-04-24,43000.0,1714500.0,39.3,40.2,39.2,40.0,1.7,35.0
8162,2024-04-25,7000.0,284650.0,40.1,41.2,40.1,40.45,0.45,7.0
8162,2024-04-26,27000.0,1091000.0,40.45,40.5,40.2,40.2,-0.25,14.0
8162,2024-04-29,18100.0,728620.0,40.4,40.4,40.2,40.2,0.0,12.0
8162,2024-04-30,26000.0,1041200.0,40.2,40.2,39.9,39.9,-0.3,16.0
8162,2024-05-02,14000.0,565350.0,40.1,41.0,40.0,40.0,0.1,11.0
8162,2024-05-03,50100.0,2008234.0,40.0,41.0,39.85,39.85,-0.15,25.0
8162,2024-05-06,107100.0,4173115.0,40.5,40.5,38.4,38.8,-1.05,66.0
8162,2024-05-07,6000.0,234150.0,39.0,39.1,39.0,39.05,0.25,6.0
8162,2024-05-08,12001.0,474039.0,39.2,40.35,39.15,39.2,0.15,10.0
8162,2024-05-09,36000.0,1411250.0,39.2,39.95,38.85,39.95,0.75,25.0
8162,2024-05-10,40251.0,1594238.0,39.95,40.05,39.35,39.35,-0.6,21.0
8162,2024-05-13,42000.0,1617750.0,39.5,39.5,38.05,38.1,-1.25,25.0
8162,2024-05-14,22112.0,849428.0,38.7,38.7,38.15,38.5,0.4,17.0
8162,2024-05-15,29000.0,1117300.0,38.65,38.7,38.35,38.35,-0.15,13.0
8162,2024-05-16,20000.0,789450.0,39.95,39.95,39.05,39.5,1.15,20.0
8162,2024-05-17,16100.0,625460.0,38.8,38.95,38.7,38.8,-0.7,16.0
8162,2024-05-20,6000.0,237050.0,39.5,39.85,39.4,39.4,0.6,6.0
8162,2024-05-21,11200.0,437950.0,39.0,39.45,38.95,39.45,0.05,11.0
8162,2024-05-22,23025.0,898120.0,39.1,39.75,38.8,38.8,-0.65,25.0
8162,2024-05-23,26100.0,1006595.0,38.9,38.9,38.35,38.4,-0.4,25.0
8162,2024-05-24,34058.0,1319383.0,38.65,38.9,38.6,38.7,0.3,16.0
8162,2024-05-27,12250.0,474950.0,38.8,38.8,38.7,38.8,0.1,12.0
8162,2024-05-28,47050.0,1820090.0,38.8,39.5,38.3,38.8,0.0,29.0
8162,2024-05-29,32000.0,1257750.0,41.9,41.9,38.5,38.5,-0.3,25.0
8162,2024-05-30,11750.0,453037.0,38.6,39.1,38.4,38.4,-0.1,12.0
8162,2024-05-31,16455.0,631071.0,38.6,38.6,38.2,38.25,-0.15,19.0
8162,2024-06-03,30145.0,1153695.0,38.25,38.3,38.25,38.25,0.0,16.0
8162,2024-06-04,45050.0,1715152.0,38.5,38.5,37.9,38.05,-0.2,32.0
8162,2024-06-05,81233.0,3035836.0,38.1,38.1,36.8,36.85,-1.2,59.0
8162,2024-06-06,64100.0,2319655.0,36.05,36.5,36.05,36.3,-0.55,39.0
8162,2024-06-07,42000.0,1576650.0,36.5,37.95,36.5,37.5,1.2,36.0
8162,2024-06-11,76000.0,2932950.0,37.7,39.0,37.7,38.85,1.35,43.0
8162,2024-06-12,44050.0,1702375.0,38.9,39.0,37.8,37.8,-1.05,27.0
8162,2024-06-13,100100.0,3819160.0,37.5,39.9,37.5,38.5,0.7,39.0
8162,2024-06-14,14100.0,545450.0,38.25,39.4,38.25,38.55,0.05,13.0
8162,2024-06-17,10000.0,384950.0,38.55,38.8,38.4,38.4,-0.15,7.0
8162,2024-06-18,22000.0,849750.0,38.7,38.8,38.5,38.6,0.2,17.0
8162,2024-06-19,16000.0,617200.0,38.2,39.0,38.2,38.95,0.35,14.0
8162,2024-06-20,54050.0,2156155.0,39.4,41.95,39.3,40.2,1.25,43.0
8162,2024-06-21,53200.0,2124850.0,40.0,40.2,39.7,39.7,-0.5,32.0
8162,2024-06-24,9000.0,358400.0,40.4,40.4,39.5,39.5,-0.2,8.0
8162,2024-06-25,18000.0,713250.0,39.9,39.9,39.3,39.85,0.35,16.0
8162,2024-06-26,19000.0,755600.0,39.85,39.85,39.55,39.7,-0.15,16.0
8162,2024-06-27,16200.0,636910.0,39.35,39.7,39.05,39.2,-0.5,17.0
8162,2024-06-28,20000.0,780700.0,39.4,39.4,38.6,38.6,-0.6,16.0
8162,2024-07-01,18000.0,698100.0,38.7,39.0,38.7,39.0,0.4,18.0
8162,2024-07-02,26000.0,1014150.0,39.0,39.05,38.9,38.9,-0.1,21.0
8162,2024-07-03,11000.0,429250.0,39.0,39.2,38.85,38.85,-0.05,10.0
8162,2024-07-04,26000.0,1006900.0,38.5,38.9,38.5,38.65,0.0,19.0
8162,2024-07-05,18000.0,693500.0,38.65,38.65,38.4,38.4,-0.25,16.0
8162,2024-07-08,27000.0,1038150.0,38.55,38.6,38.25,38.6,0.2,17.0
8162,2024-07-09,6000.0,230550.0,38.6,38.6,38.1,38.1,-0.5,6.0
8162,2024-07-10,26000.0,1013800.0,38.6,39.5,38.5,39.0,0.9,18.0
8162,2024-07-11,55100.0,2170839.0,39.35,39.5,39.3,39.4,0.4,27.0
8162,2024-07-12,7000.0,275400.0,38.7,39.5,38.7,39.5,0.1,7.0
8162,2024-07-15,8000.0,311300.0,38.6,39.75,38.6,38.85,-0.65,5.0
8162,2024-07-16,10001.0,389839.0,38.8,39.0,38.8,39.0,0.15,10.0
8162,2024-07-17,25000.0,973600.0,38.8,39.05,38.75,38.75,-0.25,19.0
8162,2024-07-18,9000.0,345800.0,38.45,38.5,38.3,38.5,-0.25,8.0
8162,2024-07-19,9000.0,344250.0,38.15,38.5,38.1,38.1,-0.4,8.0
8162,2024-07-22,18400.0,707549.0,37.9,39.0,37.9,38.5,0.4,18.0
8162,2024-07-23,10000.0,385250.0,38.6,38.85,38.4,38.85,0.35,8.0
8162,2024-07-26,11000.0,425100.0,38.5,39.0,38.0,38.9,0.05,9.0
8162,2024-07-29,11000.0,421050.0,38.2,38.5,38.15,38.5,-0.4,6.0
8162,2024-07-30,26128.0,995176.0,38.5,38.5,38.0,38.05,-0.45,12.0
8162,2024-07-31,22000.0,831200.0,37.85,38.2,37.2,37.2,-0.85,20.0
8162,2024-08-01,8000.0,305900.0,38.2,38.45,38.0,38.45,1.25,8.0
8162,2024-08-02,10000.0,374950.0,37.55,37.9,37.3,37.9,-0.55,10.0
8162,2024-08-05,85146.0,2943485.0,36.9,36.9,34.15,34.15,-3.75,57.0
8162,2024-08-06,50000.0,1706550.0,34.15,34.15,34.0,34.0,-0.15,21.0
8162,2024-08-07,14000.0,496800.0,34.0,35.8,34.0,35.5,1.5,11.0
8162,2024-08-08,5000.0,174500.0,35.05,35.05,34.75,34.75,-0.75,4.0
8162,2024-08-09,21000.0,747000.0,35.15,36.4,35.0,35.0,0.25,15.0
8162,2024-08-12,9000.0,329850.0,36.9,37.0,35.7,35.7,0.7,7.0
8162,2024-08-13,12072.0,429664.0,35.0,35.7,35.0,35.7,0.0,9.0
8162,2024-08-14,22000.0,782600.0,35.5,35.85,35.3,35.5,-0.2,14.0
8162,2024-08-15,2000.0,71050.0,35.55,35.55,35.5,35.5,0.0,2.0
8162,2024-08-16,13000.0,464350.0,36.3,36.3,35.3,36.0,0.5,12.0
8162,2024-08-19,31000.0,1090150.0,35.0,36.0,35.0,35.5,-0.5,13.0
8162,2024-08-20,14100.0,496600.0,35.5,35.5,35.0,35.5,0.0,8.0
8162,2024-08-21,8000.0,284750.0,35.0,35.85,35.0,35.85,0.35,7.0
8162,2024-08-22,5050.0,179337.0,35.55,35.55,35.5,35.5,-0.35,5.0
8162,2024-08-23,43209.0,1560174.0,35.3,36.75,35.3,36.75,1.25,29.0
8162,2024-08-26,26000.0,962300.0,37.0,37.1,37.0,37.0,0.25,14.0
8162,2024-08-27,8050.0,307635.0,38.35,38.35,37.55,37.55,0.55,6.0
8162,2024-08-28,18000.0,680400.0,37.8,37.8,37.8,37.8,0.25,8.0
8162,2024-08-29,13050.0,488977.0,37.6,37.6,37.4,37.4,-0.4,9.0
8162,2024-08-30,22050.0,825115.0,37.5,37.5,37.3,37.3,-0.1,19.0
8162,2024-09-02,4000.0,147550.0,37.0,37.0,36.55,37.0,-0.3,4.0
8162,2024-09-03,13000.0,477750.0,37.0,37.0,36.2,36.55,-0.45,10.0
8162,2024-09-04,45100.0,1577515.0,34.8,35.25,34.5,34.5,-2.05,32.0
8162,2024-09-05,11001.0,385134.0,35.05,35.05,35.0,35.05,0.55,8.0
8162,2024-09-06,14000.0,495050.0,35.4,35.5,35.25,35.25,0.2,9.0
8162,2024-09-09,7000.0,245000.0,35.0,35.0,35.0,35.0,-0.25,5.0
8162,2024-09-10,12000.0,419350.0,34.8,35.0,34.55,35.0,0.0,8.0
8162,2024-09-11,9002.0,311768.0,35.0,35.0,34.4,34.4,-0.6,10.0
8162,2024-09-12,0.0,0.0,,,,,0.0,0.0
8162,2024-09-13,4007.0,138844.0,34.6,34.75,34.6,34.75,0.0,5.0
8162,2024-09-16,4000.0,138450.0,34.6,34.75,34.55,34.75,0.0,4.0
8162,2024-09-18,6000.0,208500.0,34.7,35.0,34.1,35.0,0.25,5.0
8162,2024-09-19,3000.0,104850.0,34.95,35.0,34.9,35.0,0.0,3.0
8162,2024-09-20,3000.0,106750.0,35.05,36.2,35.05,35.5,0.5,3.0
8162,2024-09-23,17000.0,603400.0,35.6,35.65,35.0,35.55,0.05,15.0
8162,2024-09-24,20000.0,707400.0,35.5,35.5,35.0,35.5,-0.05,9.0
8162,2024-09-25,18050.0,642625.0,35.55,36.0,35.4,36.0,0.5,18.0
8162,2024-09-26,11050.0,395947.0,35.65,36.0,35.45,36.0,0.0,12.0
8162,2024-09-27,26000.0,915900.0,35.45,35.5,35.05,35.35,-0.65,15.0
8162,2024-09-30,21000.0,730100.0,34.75,35.0,34.55,35.0,-0.35,19.0
8162,2024-10-01,24100.0,829870.0,35.0,35.0,34.35,34.6,-0.4,16.0
8162,2024-10-04,58000.0,1998600.0,34.55,34.65,34.4,34.5,-0.1,32.0
8162,2024-10-07,37000.0,1262750.0,34.5,35.5,34.0,35.5,1.0,24.0
8162,2024-10-08,5050.0,175650.0,34.8,35.0,34.3,34.8,-0.7,6.0
8162,2024-10-09,22000.0,756000.0,34.65,35.0,34.05,35.0,0.2,18.0
8162,2024-10-11,55000.0,1876450.0,34.1,35.0,33.9,34.5,-0.5,34.0
8162,2024-10-14,47146.0,1599664.0,34.0,34.5,33.75,34.0,-0.5,28.0
8162,2024-10-15,8000.0,270850.0,33.85,34.0,33.8,34.0,0.0,5.0
8162,2024-10-16,10000.0,339750.0,34.0,34.05,33.8,34.0,0.0,9.0
8162,2024-10-17,5000.0,172100.0,34.5,34.5,34.1,34.1,0.1,5.0
8162,2024-10-18,24000.0,826600.0,34.5,34.5,34.3,34.5,0.4,14.0
8162,2024-10-21,17101.0,597114.0,34.5,35.0,34.5,35.0,0.5,14.0
8162,2024-10-22,28500.0,1013099.0,35.5,35.8,35.0,35.8,0.8,20.0
8162,2024-10-23,27000.0,983050.0,36.0,36.5,36.0,36.5,0.7,18.0
8162,2024-10-24,20139.0,729704.0,36.5,36.5,35.25,36.1,-0.4,18.0
8162,2024-10-25,1141.0,40505.0,35.5,35.5,35.5,35.5,-0.6,2.0
8162,2024-10-28,29280.0,1068594.0,35.1,37.1,35.0,36.3,0.8,23.0
8162,2024-10-29,21100.0,776939.0,36.3,37.05,36.1,36.3,0.0,21.0
8162,2024-10-30,11021.0,406574.0,36.75,37.35,36.3,36.8,0.5,12.0
8162,2024-11-01,19000.0,710200.0,36.8,37.55,36.8,37.5,0.7,15.0
8162,2024-11-04,16000.0,596400.0,37.5,37.5,36.5,36.5,-1.0,15.0
8162,2024-11-05,1000.0,36500.0,36.5,36.5,36.5,36.5,0.0,1.0
8162,2024-11-06,45583.0,1697582.0,36.0,38.0,36.0,38.0,1.5,23.0
8162,2024-11-07,129000.0,4927550.0,38.2,38.8,37.8,38.8,0.8,38.0
8162,2024-11-08,105004.0,4187411.0,38.6,40.45,38.4,40.45,1.65,67.0
8162,2024-11-11,32000.0,1258050.0,39.9,40.0,38.8,38.85,-1.6,17.0
8162,2024-11-12,42000.0,1619950.0,38.8,39.5,38.5,38.6,-0.25,15.0
8162,2024-11-13,57000.0,2205350.0,38.6,38.9,38.6,38.6,0.0,16.0
8162,2024-11-14,21000.0,810900.0,38.65,39.5,38.15,38.15,-0.45,14.0
8162,2024-11-15,12000.0,459850.0,38.65,38.65,38.0,38.5,0.35,9.0
8162,2024-11-18,1000.0,38800.0,38.8,38.8,38.8,38.8,0.3,1.0
8162,2024-11-19,38000.0,1512650.0,39.6,40.0,39.35,40.0,1.2,31.0
8162,2024-11-20,18000.0,716100.0,40.0,40.2,39.4,40.0,0.0,15.0
8162,2024-11-21,16000.0,628950.0,39.8,39.8,39.1,39.5,-0.5,12.0
8162,2024-11-22,21000.0,814150.0,39.1,39.1,38.5,38.8,-0.7,15.0
8162,2024-11-25,3000.0,118250.0,39.5,39.5,39.35,39.4,0.6,3.0
8162,2024-11-26,8000.0,312650.0,38.65,39.4,38.65,39.0,-0.4,8.0
8162,2024-11-27,0.0,0.0,,,,,0.0,0.0
8162,2024-11-28,10000.0,385750.0,38.5,38.85,38.5,38.85,0.0,8.0
8162,2024-11-29,9000.0,345050.0,38.0,39.05,37.9,39.05,0.2,6.0
8162,2024-12-02,3000.0,117350.0,39.05,39.25,39.05,39.25,0.2,3.0
8162,2024-12-03,12000.0,468200.0,39.05,39.05,38.95,38.95,-0.3,11.0
8162,2024-12-04,111000.0,4333200.0,38.95,39.5,38.95,39.4,0.45,19.0
8162,2024-12-05,16000.0,626200.0,39.3,39.4,38.95,39.2,-0.2,16.0
8162,2024-12-06,104001.0,4244040.0,39.5,43.1,39.3,41.0,1.8,53.0
8162,2024-12-09,38000.0,1587350.0,42.0,42.0,41.0,41.45,0.45,35.0
8162,2024-12-10,23170.0,955236.0,41.2,41.8,40.5,41.5,0.05,21.0
8162,2024-12-11,12000.0,490650.0,41.0,41.5,40.0,40.95,-0.55,11.0
8162,2024-12-12,10000.0,401700.0,40.85,40.85,39.25,40.4,-0.55,10.0
8162,2024-12-13,15564.0,628375.0,40.0,40.5,40.0,40.5,0.1,17.0
8162,2024-12-16,10000.0,406250.0,40.5,40.7,40.35,40.7,0.2,9.0
8162,2024-12-17,10000.0,404400.0,40.35,40.7,40.3,40.7,0.0,8.0
8162,2024-12-18,6000.0,241950.0,40.1,40.7,40.05,40.5,-0.2,6.0
8162,2024-12-19,16000.0,633300.0,39.55,40.3,39.0,40.3,-0.2,13.0
8162,2024-12-20,11000.0,435100.0,40.5,40.5,39.35,39.4,-0.9,9.0
8162,2024-12-23,16000.0,640050.0,39.9,40.4,39.5,40.1,0.7,15.0
8162,2024-12-24,5000.0,199250.0,39.1,40.3,39.1,40.0,-0.1,5.0
8162,2024-12-25,2000.0,80850.0,40.35,40.5,40.35,40.5,0.5,2.0
8162,2024-12-26,15000.0,594000.0,39.4,40.3,39.4,40.0,-0.5,6.0
8162,2024-12-27,3000.0,123000.0,40.7,41.4,40.7,40.9,0.9,3.0
8162,2024-12-30,19022.0,767495.0,40.8,40.8,39.9,40.8,-0.1,21.0
8162,2024-12-31,5000.0,200650.0,40.2,40.45,39.9,40.45,-0.35,5.0
8162,2025-01-02,9000.0,362050.0,40.45,40.45,39.9,40.3,-0.15,9.0
8162,2025-01-03,21000.0,847300.0,40.45,40.5,39.9,40.3,0.0,21.0
8162,2025-01-06,196979.0,8599061.0,43.9,44.3,42.0,42.8,2.5,119.0
8162,2025-01-07,117086.0,4695380.0,42.0,42.0,39.0,40.0,-2.8,109.0
8162,2025-01-08,11010.0,442280.0,40.1,40.4,40.1,40.4,0.4,13.0
8162,2025-01-09,32137.0,1257148.0,39.3,40.25,37.95,38.95,-1.45,30.0
8162,2025-01-10,16000.0,624500.0,38.7,39.35,38.7,39.3,0.35,13.0
8162,2025-01-13,21008.0,818420.0,40.25,40.25,38.0,39.5,0.2,21.0
8162,2025-01-14,23587.0,920406.0,38.25,39.9,38.05,39.85,0.35,25.0
8162,2025-01-15,9104.0,357361.0,39.85,39.85,38.7,39.8,-0.05,15.0
8162,2025-01-16,15003.0,580576.0,38.6,39.2,38.2,39.2,-0.6,12.0
8162,2025-01-17,32000.0,1269350.0,39.9,40.25,39.25,39.85,0.65,19.0
8162,2025-01-20,13000.0,516450.0,39.7,39.85,39.2,39.85,0.0,12.0
8162,2025-01-21,12050.0,477700.0,40.0,40.3,39.1,39.95,0.1,12.0
8162,2025-01-22,44000.0,1763650.0,39.85,40.3,39.8,40.3,0.35,21.0
8162,2025-02-03,36150.0,1449246.0,40.1,40.35,39.75,40.35,0.05,23.0
8162,2025-02-04,51008.0,2061125.0,40.3,40.8,39.65,39.65,-0.7,26.0
8162,2025-02-05,4003.0,159570.0,40.15,40.15,39.7,39.8,0.15,6.0
8162,2025-02-06,5010.0,200791.0,39.8,40.35,39.8,40.35,0.55,6.0
8162,2025-02-07,34000.0,1377900.0,40.35,41.0,40.2,40.4,0.05,20.0
8162,2025-02-10,34010.0,1353164.0,40.55,40.6,39.0,40.2,-0.2,26.0
8162,2025-02-11,16000.0,634650.0,40.2,40.2,39.4,40.15,-0.05,11.0
8162,2025-02-12,11100.0,441025.0,39.95,39.95,39.5,39.5,-0.65,11.0
8162,2025-02-13,11000.0,436600.0,40.4,40.4,39.55,40.15,0.65,7.0
8162,2025-02-14,62000.0,2424450.0,39.65,39.7,38.6,39.55,-0.6,23.0
8162,2025-02-17,17000.0,663950.0,39.0,39.7,38.85,39.7,0.15,6.0
8162,2025-02-18,3281.0,131062.0,39.95,40.0,39.95,40.0,0.3,4.0
8162,2025-02-19,17000.0,673400.0,39.85,39.85,39.0,39.8,-0.2,12.0
8162,2025-02-20,7000.0,274950.0,39.2,39.75,39.2,39.75,-0.05,5.0
8162,2025-02-21,24000.0,950200.0,40.2,40.4,39.15,39.75,0.0,14.0
8162,2025-02-24,11138.0,435244.0,39.05,39.5,39.0,39.1,-0.65,12.0
8162,2025-02-25,32202.0,1265128.0,39.35,39.5,39.0,39.0,-0.1,15.0
8162,2025-02-26,7000.0,273900.0,39.05,39.65,39.0,39.65,0.65,7.0
8162,2025-02-27,30500.0,1217050.0,39.65,40.3,39.1,39.1,-0.55,21.0
8162,2025-03-03,50.0,1900.0,,,,,0.0,1.0
8162,2025-03-04,16691.0,648608.0,38.5,39.9,38.5,39.9,0.0,8.0
8162,2025-03-05,25003.0,979467.0,40.2,40.2,38.5,39.8,-0.1,20.0
8162,2025-03-06,19100.0,749685.0,39.15,39.45,38.6,39.35,-0.45,14.0
8162,2025-03-07,4712.0,185832.0,39.9,39.9,39.05,39.8,0.45,7.0
8162,2025-03-10,10204.0,403761.0,39.8,40.0,39.05,39.85,0.05,10.0
8162,2025-03-11,32254.0,1238021.0,38.8,39.1,38.0,38.9,-0.95,31.0
8162,2025-03-12,5311.0,205045.0,38.6,38.85,38.5,38.85,-0.05,8.0
8162,2025-03-13,4101.0,157822.0,38.6,38.65,38.05,38.65,-0.2,6.0
8162,2025-03-14,4000.0,155500.0,38.75,38.95,38.75,38.9,0.25,4.0
8162,2025-03-17,31.0,1231.0,,,,,0.0,2.0
8162,2025-03-18,24590.0,933378.0,38.1,38.5,37.5,38.5,0.0,17.0
8162,2025-03-19,15150.0,578125.0,37.65,38.75,37.65,38.25,-0.25,16.0
8162,2025-03-20,11100.0,422650.0,38.8,38.8,37.8,37.8,-0.45,12.0
8162,2025-03-21,7000.0,268450.0,38.75,38.95,37.9,38.35,0.55,7.0
8162,2025-03-24,8003.0,304673.0,38.95,38.95,37.9,37.9,-0.45,10.0
8162,2025-03-25,1000.0,38450.0,38.45,38.45,38.45,38.45,0.55,1.0
8162,2025-03-26,24296.0,919340.0,38.0,38.2,37.6,37.95,-0.5,23.0
8162,2025-03-27,14050.0,526975.0,37.9,37.9,37.2,37.8,-0.15,12.0
8162,2025-03-28,36584.0,1345731.0,36.9,37.2,36.5,36.65,-1.15,29.0
8162,2025-03-31,65652.0,2273887.0,36.0,36.2,33.85,34.9,-1.75,47.0
8162,2025-04-01,40000.0,1455600.0,34.55,37.0,34.55,36.75,1.85,28.0
8162,2025-04-02,14009.0,519642.0,36.3,37.9,36.3,37.35,0.6,13.0
8162,2025-04-07,16015.0,539022.0,33.7,33.7,33.65,33.65,-3.7,15.0
8162,2025-04-08,53950.0,1711850.0,33.65,33.65,30.6,30.65,-3.0,49.0
8162,2025-04-09,93550.0,2713718.0,30.0,30.65,27.6,29.9,-0.75,67.0
8162,2025-04-10,51198.0,1617997.0,30.8,32.8,30.8,32.6,2.7,27.0
8162,2025-04-11,12537.0,408152.0,31.45,34.1,31.45,34.1,1.5,14.0
8162,2025-04-14,58200.0,1964500.0,35.25,35.6,32.85,33.9,-0.2,40.0
8162,2025-04-15,25650.0,875315.0,33.5,35.65,33.5,35.6,1.7,22.0
8162,2025-04-16,22001.0,753934.0,34.95,35.45,33.15,33.15,-2.45,17.0
8162,2025-04-17,39025.0,1288378.0,32.8,33.15,32.8,33.15,0.0,27.0
8162,2025-04-18,14129.0,460898.0,32.9,32.9,32.3,32.5,-0.65,34.0
8162,2025-04-21,13072.0,422621.0,32.75,32.75,32.15,32.4,-0.1,14.0
8162,2025-04-22,29005.0,923360.0,32.35,32.35,31.1,31.7,-0.7,20.0
8162,2025-04-23,33107.0,1065775.0,31.7,32.95,31.55,32.95,1.25,29.0
8162,2025-04-24,10004.0,328080.0,32.6,33.0,32.6,33.0,0.05,10.0
8162,2025-04-25,21000.0,705300.0,33.0,34.15,33.0,34.15,1.15,16.0
8162,2025-04-28,4000.0,137050.0,34.2,34.45,34.2,34.45,0.3,4.0
8162,2025-04-29,10000.0,345500.0,34.45,34.7,34.45,34.6,0.15,8.0
8162,2025-04-30,7015.0,241817.0,34.35,34.6,34.35,34.6,0.0,7.0
8162,2025-05-02,4000.0,138750.0,34.6,34.8,34.6,34.8,0.2,3.0
8162,2025-05-05,18009.0,612105.0,34.0,34.15,33.9,34.05,-0.75,12.0
8162,2025-05-06,23000.0,778850.0,33.95,34.15,33.35,34.1,0.05,15.0
8162,2025-05-07,22060.0,747240.0,33.85,34.1,33.4,34.1,0.0,15.0
8162,2025-05-08,10105.0,344580.0,34.1,34.2,34.0,34.15,0.05,8.0
8162,2025-05-09,33111.0,1137613.0,34.15,36.75,33.35,36.75,2.6,25.0
8162,2025-05-12,50025.0,1758622.0,35.9,36.05,34.7,34.9,-1.85,39.0
8162,2025-05-13,6026.0,209811.0,35.2,35.2,34.55,34.9,0.0,7.0
8162,2025-05-14,23165.0,813160.0,34.9,35.5,34.9,35.0,0.1,81.0
8162,2025-05-15,131.0,4570.0,,,,,0.0,15.0
8162,2025-05-16,10168.0,352480.0,34.2,34.95,34.2,34.9,0.0,9.0
8162,2025-05-19,8000.0,276950.0,34.9,34.9,34.05,34.85,-0.05,7.0
8162,2025-05-20,13000.0,452300.0,34.8,34.8,34.75,34.8,-0.05,7.0
8162,2025-05-21,43600.0,1512579.0,34.5,35.2,34.5,35.2,0.4,24.0
8162,2025-05-22,64000.0,2272300.0,35.1,36.8,35.0,35.0,-0.2,35.0
8162,2025-05-23,28000.0,992000.0,35.2,35.85,35.2,35.8,0.8,24.0
8162,2025-05-26,110340.0,4188960.0,35.8,39.35,35.8,39.35,3.55,139.0
8162,2025-05-27,57430.0,2219923.0,39.55,39.55,37.9,38.9,-0.45,49.0
8162,2025-05-28,21005.0,803795.0,38.5,39.15,37.8,39.05,0.15,22.0
8162,2025-05-29,17000.0,651750.0,38.5,38.95,38.0,38.9,-0.15,14.0
8162,2025-06-02,13003.0,494016.0,38.2,38.2,37.6,37.95,-0.95,12.0
8162,2025-06-03,20007.0,772186.0,38.45,39.0,38.1,38.1,0.15,17.0
8162,2025-06-04,16000.0,616500.0,38.45,38.7,38.2,38.7,0.6,14.0
8162,2025-06-05,11035.0,427153.0,38.7,38.8,38.7,38.8,0.1,10.0
8162,2025-06-06,20000.0,775750.0,38.8,39.05,38.6,38.9,0.1,14.0
8162,2025-06-09,35000.0,1362650.0,38.9,39.0,38.6,38.95,0.05,21.0
8162,2025-06-10,3005.0,117044.0,38.95,38.95,38.95,38.95,0.0,4.0
8162,2025-06-11,27000.0,1056350.0,38.95,39.8,38.9,38.9,-0.05,23.0
8162,2025-06-12,55132.0,2165334.0,38.8,40.0,38.8,39.65,0.75,34.0
8162,2025-06-13,12000.0,469300.0,40.25,40.25,38.2,39.1,-0.55,10.0
8162,2025-06-16,46000.0,1762850.0,39.1,39.1,37.8,38.95,-0.15,28.0
8162,2025-06-17,3073.0,118638.0,38.25,38.8,38.25,38.8,-0.15,6.0
8162,2025-06-18,11000.0,425200.0,38.0,39.3,38.0,38.85,0.0,6.0
8162,2025-06-19,10000.0,385350.0,39.35,39.35,38.0,38.3,-0.55,9.0
8162,2025-06-20,12001.0,452888.0,39.2,39.2,37.15,37.4,-0.9,11.0
8162,2025-06-23,40142.0,1470398.0,38.5,38.5,35.3,36.1,-1.3,29.0
8162,2025-06-24,26218.0,975048.0,36.6,38.6,36.6,37.4,1.3,25.0
8162,2025-06-25,20001.0,743087.0,37.2,37.4,36.75,37.0,-0.4,11.0
8162,2025-06-26,24000.0,899000.0,37.0,38.45,37.0,38.45,1.45,17.0
8162,2025-06-27,38003.0,1468516.0,38.95,38.95,38.2,38.7,0.25,21.0
8162,2025-06-30,28020.0,1095043.0,39.8,39.8,38.7,38.7,0.0,18.0
8162,2025-07-01,23003.0,888374.0,38.7,38.95,38.35,38.75,0.05,19.0
8162,2025-07-02,75008.0,2819818.0,38.6,38.65,36.4,38.3,-0.45,40.0
8162,2025-07-03,20003.0,758376.0,38.7,38.7,37.75,37.95,-0.35,19.0
8162,2025-07-04,57000.0,2162350.0,38.0,38.4,37.5,38.0,0.05,29.0
8162,2025-07-07,11011.0,415642.0,37.35,38.0,37.35,37.95,-0.05,8.0
8162,2025-07-08,20000.0,745300.0,37.25,38.0,37.0,37.0,-0.95,11.0
8162,2025-07-09,22015.0,814655.0,37.55,37.55,36.6,37.3,0.3,15.0
8162,2025-07-10,4000.0,148400.0,37.2,37.3,36.9,37.3,0.0,4.0
8162,2025-07-11,24002.0,898682.0,37.3,38.0,37.1,37.75,0.45,21.0
8162,2025-07-14,10000.0,371200.0,38.65,38.65,36.6,37.1,-0.65,6.0
8162,2025-07-15,20000.0,740550.0,37.0,37.35,36.9,36.9,-0.2,14.0
8162,2025-07-16,29000.0,1058750.0,36.5,36.8,36.2,36.7,-0.2,21.0
8162,2025-07-17,20000.0,728950.0,36.4,36.9,36.3,36.5,-0.2,12.0
8162,2025-07-18,25300.0,923019.0,37.6,38.45,36.1,36.75,0.25,17.0
8162,2025-07-21,9000.0,330300.0,36.85,36.85,36.5,36.8,0.05,5.0
8162,2025-07-22,11000.0,398400.0,36.1,36.6,36.05,36.5,-0.3,8.0
8162,2025-07-23,3000.0,108650.0,36.25,36.25,36.2,36.2,-0.3,3.0
8162,2025-07-24,4000.0,145400.0,36.4,36.4,36.3,36.3,0.1,4.0
8162,2025-07-25,6000.0,216150.0,35.75,36.3,35.75,36.3,0.0,3.0
8162,2025-07-28,15000.0,543850.0,36.3,36.55,36.05,36.55,0.25,12.0
8162,2025-07-29,16000.0,575900.0,36.3,36.3,35.8,35.8,-0.75,11.0
8162,2025-07-30,1000.0,35800.0,35.8,35.8,35.8,35.8,0.0,1.0
8162,2025-07-31,56140.0,1997663.0,35.8,36.1,35.0,35.85,0.05,32.0
8162,2025-08-01,48000.0,1709350.0,35.8,36.2,35.3,35.55,-0.3,24.0
8162,2025-08-04,5107.0,183566.0,36.0,36.0,35.8,35.9,0.35,9.0
8162,2025-08-05,41000.0,1470900.0,35.95,36.0,35.65,35.8,-0.1,31.0
8162,2025-08-06,27000.0,961350.0,35.8,35.8,35.5,35.5,-0.3,12.0
8162,2025-08-07,68407.0,2506431.0,38.0,38.0,36.0,36.2,0.7,32.0
8162,2025-08-08,54228.0,1996045.0,35.9,37.8,35.9,37.5,1.3,42.0
8162,2025-08-11,35000.0,1321300.0,37.9,37.9,37.25,37.9,0.4,21.0
8162,2025-08-12,58578.0,2240361.0,37.85,39.5,37.85,39.5,1.6,90.0
8162,2025-08-13,169491.0,6558991.0,40.0,40.0,37.75,38.7,-0.8,114.0
8162,2025-08-14,112014.0,4330757.0,39.15,39.2,38.5,38.65,-0.05,47.0
8162,2025-08-15,41000.0,1584850.0,38.8,38.95,38.5,38.7,0.05,23.0
8162,2025-08-18,76082.0,2945039.0,38.7,38.95,38.5,38.5,-0.2,45.0
8162,2025-08-19,80009.0,3043640.0,38.6,38.6,37.8,38.25,-0.25,52.0
8162,2025-08-20,43003.0,1633469.0,37.7,38.25,37.7,38.2,-0.05,28.0
8162,2025-08-21,29000.0,1111850.0,38.3,38.7,38.2,38.4,0.2,23.0
8162,2025-08-22,48014.0,1832558.0,38.4,38.75,37.95,37.95,-0.45,29.0
8162,2025-08-25,88165.0,3323019.0,37.85,37.95,37.5,37.8,-0.15,38.0
8162,2025-08-26,84000.0,3194350.0,37.65,38.5,37.65,37.95,0.15,42.0
8162,2025-08-27,71000.0,2715800.0,38.4,38.75,37.85,38.55,0.6,40.0
8162,2025-08-28,78000.0,3024350.0,38.8,39.1,38.35,38.4,-0.15,51.0
8162,2025-08-29,15000.0,576950.0,38.35,38.8,38.35,38.4,0.0,15.0
8162,2025-09-01,91000.0,3468200.0,38.8,38.8,37.9,38.0,-0.4,28.0
8162,2025-09-02,84167.0,3204322.0,38.0,38.4,37.8,38.25,0.25,50.0
8162,2025-09-03,95151.0,3633768.0,38.2,38.5,37.7,38.35,0.1,61.0
8162,2025-09-04,296076.0,12184034.0,38.5,42.15,38.35,41.5,3.15,180.0
8162,2025-09-05,416567.0,18404903.0,42.0,45.5,42.0,44.0,2.5,445.0
8162,2025-09-08,682020.0,31088899.0,45.8,47.95,42.75,43.0,-1.0,492.0
8162,2025-09-09,327190.0,14428715.0,43.3,45.0,42.55,44.2,1.2,238.0
8162,2025-09-10,217697.0,9671264.0,44.55,45.5,43.65,44.3,0.1,170.0
8162,2025-09-11,188380.0,8120361.0,44.25,44.25,42.2,42.85,-1.45,167.0
8162,2025-09-12,280997.0,12439217.0,43.0,45.4,42.9,44.5,1.65,208.0
8162,2025-09-15,295686.0,12755099.0,44.95,44.95,41.85,44.4,-0.1,242.0
8162,2025-09-16,233241.0,10305209.0,45.0,45.5,43.15,43.6,-0.8,167.0
8162,2025-09-17,336553.0,14705463.0,42.7,45.0,41.9,44.5,0.9,279.0
8162,2025-09-18,721339.0,33714001.0,47.95,48.0,45.35,47.45,2.95,504.0
8162,2025-09-19,522590.0,23920733.0,47.5,47.8,44.3,44.3,-3.15,399.0
8162,2025-09-22,257370.0,11169970.0,44.5,45.0,42.8,43.3,-1.0,216.0
8162,2025-09-23,139367.0,5974543.0,43.7,44.1,42.4,43.2,-0.1,140.0
8162,2025-09-24,111731.0,4882985.0,43.5,44.2,42.9,44.0,0.8,94.0
8162,2025-09-25,111779.0,4859645.0,44.05,44.05,43.05,43.7,-0.3,133.0
8162,2025-09-26,276097.0,11416289.0,43.45,43.45,40.5,40.75,-2.95,288.0
8162,2025-09-30,63151.0,2600492.0,40.75,41.5,40.75,41.45,0.7,63.0
8162,2025-10-01,162812.0,6770425.0,41.5,42.55,40.5,41.65,0.2,171.0
8162,2025-10-02,267204.0,10833349.0,41.75,41.8,39.7,40.8,-0.85,192.0
8162,2025-10-03,218383.0,9119364.0,40.45,42.45,40.45,41.85,1.05,151.0
8162,2025-10-07,166588.0,6982515.0,42.0,42.75,41.0,41.95,0.1,116.0
8162,2025-10-08,196215.0,8059229.0,41.9,41.9,40.7,40.7,-1.25,114.0
8162,2025-10-09,86010.0,3535395.0,40.6,41.65,40.55,40.75,0.05,74.0
8162,2025-10-13,210098.0,8158923.0,38.8,39.2,38.55,39.15,-1.6,166.0
8162,2025-10-14,231545.0,8971876.0,39.15,40.05,38.1,38.25,-0.9,164.0
8162,2025-10-15,180322.0,6942883.0,38.4,39.0,38.25,38.65,0.4,121.0
8162,2025-10-16,85940.0,3325217.0,38.25,39.0,38.25,38.65,0.0,96.0
8162,2025-10-17,110387.0,4212941.0,38.5,38.8,38.0,38.3,-0.35,89.0
8162,2025-10-20,180202.0,6820482.0,38.4,38.4,37.45,38.0,-0.3,100.0
8162,2025-10-21,197330.0,7873874.0,38.3,40.95,38.3,39.55,1.55,139.0
8162,2025-10-22,94020.0,3652886.0,39.55,39.55,38.4,38.6,-0.95,62.0
8162,2025-10-23,46004.0,1744600.0,38.3,38.3,37.7,37.9,-0.7,40.0
8162,2025-10-27,44380.0,1687448.0,38.2,38.2,37.9,38.15,0.25,42.0
8162,2025-10-28,196384.0,7322288.0,38.15,38.15,36.7,36.7,-1.45,167.0
8162,2025-10-29,77050.0,2839960.0,36.85,37.3,36.75,36.8,0.1,58.0
8162,2025-10-30,52848.0,1948126.0,36.85,37.0,36.75,37.0,0.2,83.0
8162,2025-10-31,25137.0,928178.0,37.0,37.15,36.7,37.0,0.0,26.0
8162,2025-11-03,21144.0,777436.0,37.0,37.0,36.7,37.0,0.0,22.0
8162,2025-11-04,88293.0,3230587.0,36.8,37.2,36.25,36.45,-0.55,84.0
8162,2025-11-05,100000.0,3603400.0,36.2,36.75,35.3,36.5,0.05,80.0
8162,2025-11-06,63000.0,2313650.0,36.8,37.0,36.5,36.5,0.0,48.0
8162,2025-11-07,44007.0,1596555.0,36.3,37.0,36.0,36.55,0.05,36.0
8162,2025-11-10,64051.0,2347073.0,36.6,37.0,36.0,36.8,0.25,43.0
8162,2025-11-11,191186.0,6842615.0,36.8,36.8,35.05,35.95,-0.85,136.0
8162,2025-11-12,238569.0,8377992.0,35.6,35.95,34.6,34.8,-1.15,197.0
8162,2025-11-13,178925.0,6147455.0,34.4,35.1,34.05,35.05,0.25,94.0
8162,2025-11-14,71092.0,2481654.0,35.0,35.15,34.55,34.7,-0.35,30.0
8162,2025-11-17,80103.0,2716649.0,34.15,34.35,33.65,33.7,-1.0,64.0
8162,2025-11-18,52000.0,1763200.0,33.55,34.35,33.55,33.75,0.05,34.0
8162,2025-11-19,36140.0,1209503.0,32.85,33.7,32.85,33.4,-0.35,29.0
8162,2025-11-20,16330.0,556988.0,34.0,34.3,34.0,34.3,0.9,16.0
8162,2025-11-21,46213.0,1543148.0,33.65,34.2,32.8,33.0,-1.3,33.0
8162,2025-11-24,30210.0,1011855.0,33.05,33.7,33.05,33.6,0.6,21.0
8162,2025-11-25,55281.0,1862716.0,33.3,34.05,33.3,33.5,-0.1,39.0
8162,2025-11-26,69113.0,2392311.0,33.8,35.15,33.8,34.2,0.7,46.0
8162,2025-11-27,63170.0,2158526.0,34.85,34.85,33.8,33.9,-0.3,44.0
8162,2025-11-28,26299.0,894878.0,33.95,34.1,33.9,34.1,0.2,17.0
8162,2025-12-01,34114.0,1163231.0,34.1,34.2,34.05,34.05,-0.05,23.0
8162,2025-12-02,6006.0,204104.0,33.95,34.0,33.95,34.0,-0.05,9.0
8162,2025-12-03,86003.0,2970102.0,34.1,35.1,34.05,34.5,0.5,50.0
8162,2025-12-04,26033.0,892976.0,34.5,34.5,34.05,34.05,-0.45,22.0
8162,2025-12-05,13000.0,441450.0,34.05,34.05,33.75,33.75,-0.3,10.0
8162,2025-12-08,15000.0,504100.0,33.15,33.85,33.15,33.85,0.1,13.0
8162,2025-12-09,14245.0,480614.0,33.8,34.0,33.5,33.5,-0.35,12.0
8162,2025-12-10,183973.0,6401581.0,33.5,35.65,33.5,35.05,1.55,99.0
8162,2025-12-11,39248.0,1374512.0,35.2,35.35,34.8,34.8,-0.25,38.0
8162,2025-12-12,54240.0,1893671.0,35.3,35.3,34.55,34.65,-0.15,43.0
8162,2025-12-15,57022.0,1953945.0,34.2,34.7,34.05,34.35,-0.3,53.0
8162,2025-12-16,52116.0,1779675.0,34.35,34.7,33.85,34.0,-0.35,43.0
8162,2025-12-17,18010.0,613939.0,34.2,34.45,33.85,33.85,-0.15,19.0
8162,2025-12-18,35325.0,1190053.0,33.85,33.9,33.5,33.55,-0.3,32.0
8162,2025-12-19,10038.0,339789.0,34.0,34.0,33.7,33.7,0.15,14.0
8162,2025-12-22,35243.0,1192547.0,33.8,34.25,33.7,33.75,0.05,31.0
8162,2025-12-23,69100.0,2369600.0,33.8,34.7,33.8,34.2,0.45,47.0
8162,2025-12-24,15148.0,519601.0,34.1,34.65,34.1,34.3,0.1,17.0
8162,2025-12-26,218711.0,7821754.0,34.7,37.5,34.3,35.4,1.1,186.0
8162,2025-12-29,103110.0,3717700.0,35.8,36.6,35.45,36.2,0.8,86.0
8162,2025-12-30,85130.0,3017259.0,36.2,36.2,35.0,35.6,-0.6,73.0
8162,2025-12-31,35762.0,1292513.0,35.8,36.45,35.8,36.05,0.45,55.0
8162,2026-01-02,180530.0,6671768.0,36.55,37.55,36.2,37.55,1.5,120.0
8162,2026-01-05,278373.0,10755924.0,37.55,39.8,37.3,39.4,1.85,218.0
8162,2026-01-06,106773.0,4207167.0,39.4,39.85,38.85,38.85,-0.55,90.0
8162,2026-01-07,86236.0,3300817.0,38.85,38.85,37.75,37.75,-1.1,79.0
8162,2026-01-08,65911.0,2467343.0,37.9,38.0,37.2,37.45,-0.3,78.0
8162,2026-01-09,30790.0,1164504.0,38.0,38.0,37.5,37.5,0.05,33.0
8162,2026-01-12,105121.0,3884277.0,38.0,38.05,36.5,36.5,-1.0,90.0
8162,2026-01-13,79252.0,2923164.0,36.8,37.65,36.55,37.05,0.55,64.0
8162,2026-01-14,42059.0,1556034.0,37.2,37.2,36.8,37.05,0.0,36.0
8162,2026-01-15,57127.0,2085878.0,37.05,37.05,36.35,36.35,-0.7,48.0
8162,2026-01-16,29748.0,1085239.0,36.6,36.6,36.3,36.4,0.05,44.0
8162,2026-01-19,42259.0,1520986.0,36.4,36.4,35.85,35.9,-0.5,49.0
8162,2026-01-20,89004.0,3208340.0,36.0,36.45,35.35,35.4,-0.5,67.0
8162,2026-01-21,995693.0,37936017.0,35.4,38.9,35.05,38.9,3.5,516.0
8162,2026-01-22,770494.0,30180343.0,41.1,41.35,37.95,38.9,0.0,536.0
8162,2026-01-23,628009.0,25343069.0,40.15,41.6,39.1,39.75,0.85,477.0
8162,2026-01-26,200679.0,7811559.0,39.9,39.9,38.4,38.8,-0.95,196.0
8162,2026-01-27,147963.0,5680326.0,39.1,39.1,38.15,38.3,-0.5,107.0
8162,2026-01-28,126934.0,4919169.0,38.35,39.5,38.2,38.65,0.35,129.0
8162,2026-01-29,123827.0,4691158.0,38.65,38.65,37.5,37.9,-0.75,101.0
8162,2026-01-30,162986.0,6014208.0,37.95,38.0,36.4,36.85,-1.05,180.0
8162,2026-02-02,74924.0,2719512.0,36.35,36.65,36.0,36.35,-0.5,70.0
8162,2026-02-03,61757.0,2253552.0,36.6,37.25,36.2,36.6,0.25,57.0
8162,2026-02-04,30772.0,1129744.0,36.8,37.0,36.6,36.8,0.2,34.0
8162,2026-02-05,38046.0,1396221.0,36.8,37.0,36.5,36.85,0.05,29.0
8162,2026-02-06,72431.0,2609155.0,36.5,36.5,35.8,35.8,-1.05,50.0
8162,2026-02-09,61301.0,2239973.0,36.1,36.9,35.85,36.25,0.45,168.0
8162,2026-02-10,39020.0,1431931.0,36.5,36.9,36.45,36.9,0.65,33.0
8162,2026-02-11,85538.0,3137037.0,36.9,36.9,36.5,36.9,0.0,52.0
8162,2026-02-23,104499.0,3938916.0,36.9,38.1,36.9,38.0,1.1,68.0
8162,2026-02-24,102555.0,3818866.0,37.6,38.0,36.95,37.15,-0.85,85.0
8162,2026-02-25,255325.0,9691012.0,37.1,38.8,37.0,38.1,0.95,162.0
8162,2026-02-26,260415.0,10152106.0,38.55,40.15,38.0,39.95,1.85,222.0
8162,2026-03-02,1394390.0,59622076.0,40.85,43.9,39.95,43.9,3.95,1085.0
8162,2026-03-03,672979.0,28062787.0,43.9,43.9,40.2,41.95,-1.95,582.0
8162,2026-03-04,162342.0,6404778.0,41.25,41.25,39.0,39.45,-2.5,211.0
8162,2026-03-05,191000.0,7716323.0,39.95,41.55,39.65,39.75,0.3,176.0
8162,2026-03-06,195720.0,7649155.0,38.7,40.0,38.4,39.45,-0.3,168.0
8162,2026-03-09,198505.0,7330868.0,36.45,37.7,36.45,37.5,-1.95,150.0
8162,2026-03-10,59296.0,2251874.0,38.0,38.75,37.55,37.7,0.2,93.0
8162,2026-03-11,98530.0,3818531.0,37.6,39.4,37.55,38.55,0.85,77.0
8162,2026-03-12,370564.0,13798566.0,38.45,38.45,36.8,37.1,-1.45,247.0
8162,2026-03-13,95333.0,3541931.0,36.8,37.65,36.6,37.25,0.15,81.0
8162,2026-03-16,85783.0,3191696.0,37.25,37.7,36.9,37.3,0.05,84.0
8162,2026-03-17,160548.0,6095690.0,37.9,38.8,37.5,38.0,0.7,132.0
8162,2026-03-18,161469.0,6185856.0,38.2,38.9,38.0,38.75,0.75,129.0
8162,2026-03-19,133874.0,5146294.0,38.5,39.5,37.85,37.95,-0.8,140.0
8162,2026-03-20,386019.0,15122713.0,38.1,40.05,38.1,39.15,1.2,263.0
8162,2026-03-23,176775.0,6726402.0,37.6,39.0,37.6,38.1,-1.05,145.0
8162,2026-03-24,198742.0,7680811.0,38.55,39.5,37.7,38.9,0.8,175.0
8162,2026-03-25,140097.0,5525119.0,39.4,39.85,38.9,39.75,0.85,115.0
8162,2026-03-26,120530.0,4831335.0,39.95,40.8,39.5,39.5,-0.25,179.0
8162,2026-03-27,83126.0,3215650.0,38.9,39.1,38.35,39.1,-0.4,63.0
8162,2026-03-30,121132.0,4666213.0,38.55,39.25,37.85,39.05,-0.05,79.0
8162,2026-03-31,133530.0,5208322.0,38.75,40.2,38.2,38.2,-0.85,128.0
8162,2026-04-01,52964.0,2061796.0,39.25,39.25,38.7,38.7,0.5,46.0
8162,2026-04-02,35086.0,1352499.0,38.95,38.95,38.25,38.25,-0.45,32.0
8162,2026-04-07,97090.0,3756237.0,38.7,38.95,38.5,38.5,0.25,51.0
8162,2026-04-08,178377.0,7135121.0,38.95,40.75,38.95,40.2,1.7,144.0
8162,2026-04-09,800395.0,34256504.0,40.3,44.2,39.55,42.7,2.5,836.0
8162,2026-04-10,1126867.0,48744046.0,45.5,45.6,41.7,43.1,0.4,920.0
8162,2026-04-13,231876.0,9892876.0,43.75,43.75,42.25,42.55,-0.55,208.0
8162,2026-04-14,350319.0,14801787.0,42.5,42.6,41.65,42.5,-0.05,272.0
8162,2026-04-15,315985.0,13389104.0,42.4,43.0,41.95,42.35,-0.15,269.0
8162,2026-04-16,220395.0,9285550.0,42.8,42.95,41.7,41.9,-0.45,157.0
8162,2026-04-17,469477.0,20269305.0,42.0,44.1,41.95,43.15,1.25,341.0
8162,2026-04-20,1273455.0,52610794.0,43.5,44.1,38.85,41.2,-1.95,827.0
8162,2026-04-21,348531.0,14976467.0,41.6,43.75,41.55,43.5,2.3,267.0
8162,2026-04-22,1966480.0,92333166.0,44.5,47.85,43.6,47.85,4.35,1056.0
8162,2026-04-23,3279575.0,171146557.0,52.6,52.6,49.8,52.6,4.75,1649.0
8162,2026-04-24,4584284.0,253780744.0,57.8,57.8,52.4,53.6,1.0,3380.0
8162,2026-04-27,1900468.0,93764390.0,52.4,52.6,48.25,48.8,-4.8,1352.0
8162,2026-04-28,606502.0,29453859.0,48.8,49.65,47.25,48.7,-0.1,578.0
8162,2026-04-29,1175853.0,61889692.0,49.1,53.5,48.8,53.5,4.8,764.0
8162,2026-04-30,1417562.0,73622142.0,53.5,53.7,50.4,50.7,-2.8,1197.0
8162,2026-05-04,681968.0,35074664.0,50.8,52.7,50.8,50.8,0.1,485.0
8162,2026-05-05,548974.0,28362737.0,50.2,52.8,49.8,52.0,1.2,607.0
8162,2026-05-06,1274197.0,69260860.0,53.0,57.2,52.3,52.8,0.8,1075.0
8162,2026-05-07,1073248.0,57569873.0,51.5,57.5,50.7,56.2,3.4,877.0
8162,2026-05-08,898690.0,50405661.0,56.1,58.9,53.9,54.7,-1.5,1046.0
8162,2026-05-11,776883.0,43299085.0,56.7,57.0,54.8,55.0,0.3,595.0
8162,2026-05-12,768683.0,41369077.0,56.8,56.8,52.3,54.2,-0.8,571.0
8162,2026-05-13,258056.0,13750057.0,53.5,53.8,52.6,53.3,-0.9,296.0
8162,2026-05-14,828291.0,45745628.0,54.0,56.4,53.7,56.2,2.9,615.0
8162,2026-05-15,454892.0,24906150.0,56.4,56.4,53.5,53.7,-2.5,627.0
8162,2026-05-18,353685.0,18717045.0,53.5,53.9,51.6,53.2,-0.5,253.0
8162,2026-05-19,511239.0,27561759.0,53.2,55.4,52.3,53.5,0.3,374.0
8162,2026-05-20,378400.0,20477407.0,53.5,55.1,53.2,54.1,0.6,293.0
8162,2026-05-21,575305.0,32023493.0,54.5,56.4,54.3,55.3,1.2,373.0
8162,2026-05-22,821554.0,48944306.0,56.0,60.8,55.7,60.8,5.5,481.0
8162,2026-05-25,515574.0,34440333.0,66.8,66.8,66.8,66.8,6.0,131.0
8162,2026-05-26,2166923.0,157629432.0,73.4,73.4,69.9,73.4,6.6,1285.0
8162,2026-05-27,1890926.0,138420576.0,75.3,76.0,70.5,71.0,-2.4,1426.0
8162,2026-05-28,1621735.0,122167728.0,72.1,78.0,69.6,77.0,6.0,1513.0
8162,2026-05-29,1161366.0,85604618.0,75.4,75.9,71.8,73.5,-3.5,1235.0
8162,2026-06-01,792209.0,62574919.0,74.3,80.8,73.5,80.8,7.3,532.0
8162,2026-06-02,1620127.0,133610571.0,82.7,87.6,78.2,80.8,0.0,1342.0
8162,2026-06-03,1108678.0,87567523.0,80.8,85.0,75.5,76.9,-3.9,1170.0
8162,2026-06-04,657699.0,50183927.0,77.0,78.0,74.5,75.8,-1.1,531.0
8162,2026-06-05,845372.0,59868368.0,75.9,75.9,68.3,70.7,-5.1,756.0
8162,2026-06-08,589668.0,38098531.0,63.7,66.8,63.7,66.5,-4.2,514.0
8162,2026-06-09,460757.0,31764573.0,66.8,72.0,66.4,69.0,2.5,386.0
8162,2026-06-10,495920.0,33929804.0,68.8,70.9,66.4,66.4,-2.6,436.0
8162,2026-06-11,327246.0,21224443.0,66.0,67.0,63.0,64.9,-1.5,329.0
8162,2026-06-12,463365.0,31280296.0,66.0,70.0,65.5,66.9,2.0,354.0
8162,2026-06-15,714716.0,50861392.0,68.1,73.4,67.8,72.9,6.0,864.0
8162,2026-06-16,380378.0,27044074.0,75.0,75.0,69.3,70.0,-2.9,565.0
8162,2026-06-17,402122.0,28604521.0,68.5,72.6,67.7,72.3,0.0,349.0
8162,2026-06-18,1448712.0,112630188.0,72.9,79.5,72.9,78.4,6.1,1070.0
8162,2026-06-22,1803891.0,149929660.0,81.3,86.2,79.1,86.2,7.8,1759.0
8162,2026-06-23,1746007.0,150393091.0,87.0,89.9,81.9,82.6,-3.6,1632.0
8162,2026-06-24,1256819.0,104947274.0,80.6,86.0,79.5,85.0,2.4,1258.0
8162,2026-06-25,1365426.0,114025965.0,85.0,86.5,80.3,84.0,-1.0,1451.0
8162,2026-06-26,1048918.0,87282925.0,84.0,86.4,80.6,80.7,-3.3,1208.0
8162,2026-06-29,713013.0,55706741.0,80.1,80.7,76.8,77.5,-3.2,684.0
8162,2026-06-30,297760.0,23684240.0,78.2,80.5,78.2,79.2,1.7,249.0
8162,2026-07-01,323121.0,25455026.0,80.9,80.9,77.2,77.2,-2.0,343.0
8162,2026-07-02,242056.0,19027076.0,76.7,80.0,75.9,79.0,1.8,449.0
8162,2026-07-03,449921.0,35835180.0,78.0,81.9,77.6,79.2,0.2,493.0
8162,2026-07-06,2052450.0,176840413.0,81.9,87.1,81.8,85.8,6.6,1504.0
8162,2026-07-07,793315.0,64961179.0,85.8,87.1,77.5,79.1,-6.7,1081.0
8162,2026-07-08,424014.0,33402887.0,79.2,81.0,77.2,79.6,0.5,415.0
8162,2026-07-09,217951.0,17207733.0,80.1,80.3,78.0,78.1,-1.5,239.0
8162,2026-07-13,611245.0,45444238.0,78.9,79.6,70.3,72.5,-5.6,560.0
8162,2026-07-14,521087.0,35648260.0,71.1,71.7,65.8,69.4,-3.1,721.0
8162,2026-07-15,254347.0,17690226.0,71.5,71.5,68.0,70.4,1.0,219.0
8162,2026-07-16,163728.0,11552581.0,70.9,71.9,69.4,70.5,0.1,174.0
8162,2026-07-17,434937.0,29100892.0,68.3,70.1,65.0,66.0,-4.5,506.0
8162,2026-07-20,672611.0,41162515.0,65.0,65.3,59.4,61.0,-5.0,633.0
8162,2026-07-21,216564.0,13347355.0,62.2,62.9,60.8,61.9,0.9,246.0
8162,2026-07-22,220536.0,13995841.0,62.1,64.6,62.1,64.5,2.6,219.0
8162,2026-07-23,242645.0,15025375.0,64.0,64.0,61.0,61.3,-3.2,291.0
8162,2026-07-24,108878.0,6529593.0,61.3,61.6,59.0,59.6,-1.7,139.0
8162,2026-07-27,208881.0,12036151.0,59.0,59.6,56.7,57.5,-2.1,182.0
8162,2026-07-28,260583.0,14094944.0,56.2,56.2,53.2,53.3,-4.2,246.0
8162,2026-07-29,548956.0,26887162.0,53.1,53.6,48.0,49.0,-4.3,415.0
8162,2026-07-30,413566.0,19459019.0,48.65,49.6,44.7,45.5,-3.5,348.0
8162,2026-07-31,318562.0,15423097.0,47.5,49.15,47.5,48.2,2.7,306.0
8162,2026-08-03,251557.0,12601593.0,48.5,51.1,48.2,49.8,1.6,233.0
8162,2026-08-04,165665.0,8506727.0,49.9,52.6,49.6,51.9,2.1,133.0
8162,2026-08-05,198425.0,10589053.0,52.3,54.7,52.3,52.5,0.6,180.0
8162,2026-08-06,182472.0,9693078.0,50.7,54.4,50.7,54.0,1.5,171.0
8162,2026-08-07,131726.0,7018601.0,54.1,54.3,52.6,52.8,-1.2,141.0
8162,2026-08-10,227023.0,12521713.0,54.5,56.1,54.2,54.4,1.6,213.0
8162,2026-08-11,183745.0,10287231.0,55.1,57.0,54.7,55.9,1.5,176.0
8162,2026-08-12,161377.0,9339899.0,57.3,58.8,57.0,57.8,1.9,129.0
8162,2026-08-13,175193.0,10351157.0,58.5,60.5,58.2,59.5,1.7,153.0
8162,2026-08-14,197855.0,11763959.0,59.5,60.4,58.2,59.6,0.1,177.0
8162,2026-08-17,137218.0,8255338.0,59.8,60.9,59.0,60.8,1.2,152.0
8162,2026-08-18,264327.0,15455625.0,61.5,61.5,56.7,56.8,-4.0,302.0
8162,2026-08-19,161089.0,9164948.0,55.9,58.8,55.9,57.0,0.2,275.0
8162,2026-08-20,82250.0,4734264.0,57.4,58.8,56.3,58.8,1.8,77.0
8162,2026-08-21,106566.0,6273696.0,58.8,60.0,58.0,59.1,0.3,101.0
8162,2026-08-24,92856.0,5573259.0,59.9,60.9,59.4,60.5,1.4,95.0
8162,2026-08-25,303901.0,19250075.0,60.5,66.5,58.6,66.4,5.9,265.0
8162,2026-08-26,236766.0,15686904.0,66.4,67.7,65.2,66.2,-0.2,293.0
8162,2026-08-27,207024.0,13239487.0,66.2,66.4,62.4,62.8,-3.4,406.0
8162,2026-08-28,163081.0,10311066.0,63.0,64.2,62.5,63.6,0.8,144.0
8162,2026-08-31,113946.0,7066415.0,62.8,62.8,61.3,62.5,-1.1,169.0
8162,2026-09-01,98639.0,6191200.0,62.6,63.7,62.1,62.8,0.3,102.0
8162,2026-09-02,104586.0,6503803.0,62.8,63.0,61.5,62.2,-0.6,93.0
8162,2026-09-03,106107.0,6423198.0,61.8,61.8,58.9,58.9,-3.3,112.0
8162,2026-09-04,54307.0,3288634.0,59.3,61.8,59.3,60.6,1.7,72.0
8162,2026-09-07,61644.0,3752265.0,60.9,62.1,60.3,61.1,0.5,63.0
8162,2026-09-08,194256.0,12004321.0,61.5,64.5,60.0,61.2,0.1,209.0
8162,2026-09-09,44692.0,2682994.0,61.4,61.4,59.5,60.2,-1.0,64.0
8162,2026-09-10,78301.0,4676966.0,60.1,60.5,59.3,60.5,0.3,99.0
8162,2026-09-11,87496.0,5289047.0,59.9,61.7,59.3,61.2,0.7,108.0
8162,2026-09-14,99050.0,5937408.0,60.0,61.0,59.1,60.4,-0.8,88.0
8162,2026-09-15,96728.0,5681576.0,59.0,59.7,58.1,58.8,-1.6,98.0
8487,2024-03-26,347500.0,26804998.0,78.0,78.7,75.1,78.4,0.0,219.0
8487,2024-03-27,69022.0,5430421.0,79.2,79.2,78.0,78.5,0.1,54.0
8487,2024-03-28,103051.0,8268035.0,79.0,81.6,79.0,81.0,2.5,79.0
8487,2024-03-29,280761.0,23987198.0,81.5,88.2,81.5,86.0,5.0,147.0
8487,2024-04-01,151681.0,13434328.0,87.1,92.0,87.0,88.0,2.0,121.0
8487,2024-04-02,112100.0,9580340.0,88.0,88.0,84.0,84.5,-3.5,97.0
8487,2024-04-03,98245.0,8015860.0,82.2,83.2,80.7,82.5,-2.0,80.0
8487,2024-04-08,51040.0,4299547.0,82.9,85.0,82.9,84.0,1.5,42.0
8487,2024-04-09,44110.0,3696161.0,84.2,84.2,83.5,84.1,0.1,47.0
8487,2024-04-10,97423.0,7837247.0,83.4,83.4,80.0,81.4,-2.7,71.0
8487,2024-04-11,26194.0,2130390.0,81.4,81.7,80.8,81.7,0.3,25.0
8487,2024-04-12,13001.0,1048581.0,81.4,81.4,80.5,81.0,-0.7,13.0
8487,2024-04-15,43301.0,3468588.0,80.8,80.8,79.7,79.9,-1.1,47.0
8487,2024-04-16,31730.0,2481498.0,79.5,79.5,77.4,77.4,-2.5,41.0
8487,2024-04-17,21234.0,1682103.0,77.8,79.8,77.8,79.3,1.9,24.0
8487,2024-04-18,14110.0,1130666.0,79.5,80.4,79.5,80.0,0.7,14.0
8487,2024-04-19,18380.0,1451740.0,78.8,79.5,78.7,78.9,-1.1,24.0
8487,2024-04-22,7391.0,583998.0,78.9,80.0,78.8,78.8,-0.1,11.0
8487,2024-04-23,7262.0,574345.0,78.9,79.7,78.8,79.7,0.9,12.0
8487,2024-04-24,24075.0,1944656.0,80.4,81.0,80.4,80.6,0.9,20.0
8487,2024-04-25,6350.0,504900.0,79.7,79.7,79.5,79.5,-1.1,15.0
8487,2024-04-26,1016.0,80772.0,79.5,79.5,79.5,79.5,0.0,2.0
8487,2024-04-29,9113.0,724248.0,79.5,79.7,79.2,79.7,0.2,10.0
8487,2024-04-30,4050.0,323780.0,79.7,80.3,79.7,79.9,0.2,13.0
8487,2024-05-02,6040.0,484403.0,79.9,80.5,79.9,80.5,0.6,9.0
8487,2024-05-03,76159.0,6045779.0,80.1,80.1,78.1,78.1,-2.4,61.0
8487,2024-05-06,21101.0,1664957.0,78.2,79.5,78.1,79.1,1.0,22.0
8487,2024-05-07,6089.0,482031.0,79.0,79.5,79.0,79.5,0.4,11.0
8487,2024-05-08,13200.0,1057939.0,79.8,80.7,79.8,80.7,1.2,15.0
8487,2024-05-09,9000.0,722300.0,80.2,80.8,80.0,80.8,0.1,6.0
8487,2024-05-10,44025.0,3615810.0,81.0,83.5,80.9,83.3,2.5,53.0
8487,2024-05-13,53376.0,4474308.0,83.5,84.8,83.0,84.8,1.5,46.0
8487,2024-05-14,44001.0,3739684.0,85.2,85.8,84.5,85.3,0.5,38.0
8487,2024-05-15,31051.0,2586633.0,84.6,84.6,82.5,83.0,-2.3,27.0
8487,2024-05-16,55100.0,4580329.0,84.8,84.8,82.1,82.1,-0.9,26.0
8487,2024-05-17,4343.0,356926.0,82.2,82.2,82.2,82.2,0.1,7.0
8487,2024-05-20,13050.0,1072200.0,82.4,82.4,82.0,82.0,-0.2,13.0
8487,2024-05-21,15172.0,1250693.0,81.5,83.1,81.0,83.1,1.1,16.0
8487,2024-05-22,139236.0,11870841.0,83.8,86.6,83.5,85.8,2.7,97.0
8487,2024-05-23,40223.0,3438632.0,85.0,86.8,84.8,85.1,-0.7,33.0
8487,2024-05-24,35002.0,3006070.0,86.1,86.8,85.0,86.0,0.9,18.0
8487,2024-05-27,69170.0,5980869.0,86.5,87.3,85.6,85.7,-0.3,41.0
8487,2024-05-28,33070.0,2821950.0,85.5,85.8,84.8,85.0,-0.7,33.0
8487,2024-05-29,32070.0,2707150.0,85.0,85.0,84.0,84.0,-1.0,24.0
8487,2024-05-30,6129.0,519736.0,85.0,85.0,84.5,84.5,0.5,8.0
8487,2024-05-31,19000.0,1611900.0,85.5,85.6,84.1,84.1,-0.4,18.0
8487,2024-06-03,87521.0,7319743.0,84.1,84.6,81.0,83.3,-0.8,83.0
8487,2024-06-04,55000.0,4496700.0,80.8,82.4,80.8,81.3,0.0,36.0
8487,2024-06-05,56120.0,4604751.0,81.8,82.4,81.6,81.6,0.3,40.0
8487,2024-06-06,11267.0,918527.0,81.1,82.0,81.1,82.0,0.4,16.0
8487,2024-06-07,27328.0,2223532.0,82.0,82.0,81.2,81.5,-0.5,23.0
8487,2024-06-11,13070.0,1057070.0,81.2,81.2,80.6,81.2,-0.3,13.0
8487,2024-06-12,18270.0,1474015.0,81.2,81.2,80.2,80.8,-0.4,20.0
8487,2024-06-13,8000.0,644300.0,80.2,81.1,80.2,80.8,0.0,7.0
8487,2024-06-14,8131.0,654645.0,80.2,80.6,80.2,80.4,-0.4,12.0
8487,2024-06-17,25100.0,2042500.0,81.1,82.0,81.0,81.5,1.1,13.0
8487,2024-06-18,43100.0,3533249.0,82.5,82.9,81.5,81.5,0.0,25.0
8487,2024-06-19,10120.0,833988.0,82.4,82.5,82.0,82.5,1.0,13.0
8487,2024-06-20,2154.0,177628.0,82.6,82.6,82.4,82.4,-0.1,7.0
8487,2024-06-21,22200.0,1811058.0,81.5,81.9,81.3,81.3,-1.1,21.0
8487,2024-06-24,13050.0,1068375.0,82.0,82.4,81.0,82.4,1.1,13.0
8487,2024-06-25,1080.0,88992.0,82.4,82.4,82.4,82.4,0.0,3.0
8487,2024-06-26,23000.0,1917500.0,82.4,83.8,82.4,82.9,0.5,13.0
8487,2024-06-27,10055.0,827015.0,82.9,82.9,82.0,82.1,-0.8,10.0
8487,2024-06-28,14096.0,1163019.0,82.5,82.8,82.4,82.8,0.7,13.0
8487,2024-07-01,20045.0,1679857.0,83.0,84.0,83.0,83.6,0.8,15.0
8487,2024-07-02,7150.0,596594.0,83.9,83.9,83.0,83.3,-0.3,10.0
8487,2024-07-03,51050.0,4288465.0,83.9,84.8,83.7,84.1,0.8,26.0
8487,2024-07-04,33050.0,2781965.0,83.5,85.2,83.2,84.8,0.7,27.0
8487,2024-07-05,27100.0,2280780.0,84.8,84.8,83.6,84.0,-0.8,24.0
8487,2024-07-08,24050.0,2036710.0,85.7,85.7,84.1,84.9,0.9,19.0
8487,2024-07-09,49050.0,4177630.0,85.0,85.6,85.0,85.0,0.1,33.0
8487,2024-07-10,87050.0,7511850.0,85.4,87.3,85.4,85.5,0.5,59.0
8487,2024-07-11,34134.0,2910336.0,85.5,86.1,84.7,85.0,-0.5,32.0
8487,2024-07-12,5238.0,445139.0,85.1,85.1,85.0,85.0,0.0,7.0
8487,2024-07-15,29033.0,2439865.0,83.0,85.0,83.0,84.0,-1.0,24.0
8487,2024-07-16,43300.0,3608659.0,83.4,84.0,83.2,83.2,-0.8,29.0
8487,2024-07-17,9108.0,770485.0,83.2,85.5,83.2,84.5,1.3,9.0
8487,2024-07-18,25377.0,2136979.0,85.2,85.2,84.0,84.2,-0.3,22.0
8487,2024-07-19,26203.0,2185567.0,84.0,84.0,83.1,83.1,-1.1,29.0
8487,2024-07-22,26000.0,2157600.0,83.4,83.4,82.4,83.1,0.0,18.0
8487,2024-07-23,21100.0,1743149.0,83.1,83.3,82.5,82.5,-0.6,14.0
8487,2024-07-26,21000.0,1711200.0,82.5,83.4,81.0,83.4,0.9,14.0
8487,2024-07-29,33050.0,2722000.0,82.5,83.0,82.0,82.9,-0.5,22.0
8487,2024-07-30,24020.0,1957440.0,82.5,82.9,80.0,82.0,-0.9,19.0
8487,2024-07-31,40000.0,3232600.0,80.5,82.3,80.0,81.6,-0.4,28.0
8487,2024-08-01,37030.0,2999421.0,80.2,81.6,80.2,80.3,-1.3,29.0
8487,2024-08-02,57000.0,4433700.0,80.0,80.0,75.7,75.8,-4.5,39.0
8487,2024-08-05,84601.0,6058308.0,75.9,75.9,69.0,69.9,-5.9,56.0
8487,2024-08-06,41000.0,2835700.0,68.0,71.7,67.7,69.8,-0.1,31.0
8487,2024-08-07,26000.0,1911900.0,69.9,75.0,69.9,71.7,1.9,20.0
8487,2024-08-08,38000.0,2816600.0,74.3,74.9,73.3,73.3,1.6,31.0
8487,2024-08-09,13032.0,991932.0,77.5,77.5,75.1,75.8,2.5,15.0
8487,2024-08-12,19050.0,1427000.0,75.0,76.2,74.2,76.0,0.2,14.0
8487,2024-08-13,25115.0,1858918.0,72.0,76.0,72.0,73.0,-3.0,18.0
8487,2024-08-14,18083.0,1330242.0,73.5,75.0,72.9,73.5,0.5,19.0
8487,2024-08-15,9075.0,671612.0,77.0,77.0,73.5,73.5,0.0,11.0
8487,2024-08-16,12035.0,881637.0,73.2,74.4,72.5,73.7,0.2,13.0
8487,2024-08-19,5010.0,368633.0,75.0,75.0,73.0,73.3,-0.4,4.0
8487,2024-08-20,15110.0,1124962.0,74.8,76.0,73.3,73.3,0.0,16.0
8487,2024-08-21,4001.0,298170.0,75.2,75.2,74.0,74.0,0.7,5.0
8487,2024-08-22,7000.0,522300.0,74.0,74.9,74.0,74.9,0.9,7.0
8487,2024-08-23,20415.0,1556597.0,75.5,78.0,75.0,75.8,0.9,24.0
8487,2024-08-26,1000.0,75000.0,75.0,75.0,75.0,75.0,-0.8,1.0
8487,2024-08-27,6212.0,462602.0,75.0,75.0,73.6,73.6,-1.4,6.0
8487,2024-08-28,8010.0,611660.0,79.0,79.0,75.0,75.0,1.4,6.0
8487,2024-08-29,7065.0,520958.0,75.0,75.0,73.2,73.2,-1.8,6.0
8487,2024-08-30,13010.0,979640.0,73.2,75.5,73.2,75.4,2.2,10.0
8487,2024-09-02,7120.0,533680.0,75.0,75.3,73.6,75.3,-0.1,8.0
8487,2024-09-03,20010.0,1485053.0,73.8,76.5,73.5,76.5,1.2,16.0
8487,2024-09-04,16000.0,1185600.0,74.5,76.0,72.5,73.1,-3.4,13.0
8487,2024-09-05,5052.0,380000.0,73.3,76.8,73.3,76.2,3.1,7.0
8487,2024-09-06,3070.0,225031.0,73.3,73.3,73.3,73.3,-2.9,5.0
8487,2024-09-09,13000.0,984600.0,78.5,78.5,73.6,73.8,0.5,8.0
8487,2024-09-10,14105.0,1047349.0,74.5,74.5,74.1,74.5,0.7,9.0
8487,2024-09-11,11100.0,828270.0,74.5,75.0,74.0,75.0,0.5,7.0
8487,2024-09-12,5030.0,372296.0,76.5,76.5,73.2,73.2,-1.8,7.0
8487,2024-09-13,5103.0,380839.0,75.4,75.4,74.4,74.5,1.3,6.0
8487,2024-09-16,13011.0,974017.0,73.2,76.0,73.2,76.0,1.5,11.0
8487,2024-09-18,1000.0,76000.0,76.0,76.0,76.0,76.0,0.0,1.0
8487,2024-09-19,2135.0,161690.0,75.8,75.9,75.8,75.9,-0.1,7.0
8487,2024-09-20,5153.0,387858.0,76.0,76.0,74.5,74.5,-1.4,9.0
8487,2024-09-23,6157.0,457495.0,74.2,75.1,74.0,74.5,0.0,8.0
8487,2024-09-24,28100.0,2087400.0,74.5,75.5,72.8,73.8,-0.7,25.0
8487,2024-09-25,4007.0,299917.0,75.0,75.0,74.5,74.5,0.7,5.0
8487,2024-09-26,5203.0,387163.0,74.6,74.7,73.4,74.7,0.2,9.0
8487,2024-09-27,21138.0,1551574.0,74.9,74.9,73.0,73.0,-1.7,23.0
8487,2024-09-30,11000.0,802200.0,73.1,74.6,72.2,73.1,0.1,11.0
8487,2024-10-01,11000.0,820300.0,74.8,75.0,73.4,73.4,0.3,11.0
8487,2024-10-04,25100.0,1840040.0,73.5,73.7,72.9,73.5,0.1,22.0
8487,2024-10-07,8219.0,603587.0,74.4,74.4,73.1,73.2,-0.3,13.0
8487,2024-10-08,8000.0,589200.0,75.0,75.0,73.2,73.5,0.3,5.0
8487,2024-10-09,16150.0,1182350.0,74.7,74.7,72.0,72.0,-1.5,19.0
8487,2024-10-11,70289.0,5130065.0,73.0,73.0,72.2,73.0,1.0,17.0
8487,2024-10-14,8025.0,573291.0,71.0,73.1,71.0,71.4,-1.6,9.0
8487,2024-10-15,52050.0,3675610.0,71.6,72.6,70.0,70.2,-1.2,33.0
8487,2024-10-16,31000.0,2171500.0,70.2,71.3,69.5,69.5,-0.7,21.0
8487,2024-10-17,27109.0,1890974.0,70.0,70.1,69.5,69.5,0.0,21.0
8487,2024-10-18,56051.0,3827088.0,69.5,69.5,67.5,68.5,-1.0,37.0
8487,2024-10-21,16120.0,1100360.0,69.8,69.8,67.5,67.5,-1.0,16.0
8487,2024-10-22,43186.0,2850838.0,67.5,67.5,65.5,65.7,-1.8,34.0
8487,2024-10-23,16225.0,1076061.0,66.0,66.6,66.0,66.2,0.5,14.0
8487,2024-10-24,16697.0,1095622.0,66.6,66.6,65.5,65.5,-0.7,26.0
8487,2024-10-25,22128.0,1442356.0,65.5,65.5,64.7,64.7,-0.8,23.0
8487,2024-10-28,87.0,5628.0,,,,,0.0,3.0
8487,2024-10-29,16170.0,1044663.0,64.0,65.0,63.5,64.9,0.0,16.0
8487,2024-10-30,4052.0,265380.0,65.0,66.0,65.0,66.0,1.1,5.0
8487,2024-11-01,12020.0,794138.0,65.4,67.0,65.4,67.0,1.0,12.0
8487,2024-11-04,25001.0,1726370.0,68.0,70.0,67.1,69.6,2.6,25.0
8487,2024-11-05,68087.0,4679903.0,70.0,70.2,67.6,69.0,-0.6,44.0
8487,2024-11-06,21199.0,1466050.0,70.6,70.6,68.5,69.9,0.9,16.0
8487,2024-11-07,10030.0,691370.0,69.9,69.9,68.3,69.5,-0.4,10.0
8487,2024-11-08,5050.0,349700.0,69.9,69.9,68.5,68.5,-1.0,5.0
8487,2024-11-11,24033.0,1618644.0,68.5,68.5,66.0,68.0,-0.5,17.0
8487,2024-11-12,9050.0,611890.0,67.8,67.8,67.0,67.8,-0.2,7.0
8487,2024-11-13,4000.0,271300.0,66.5,68.8,66.5,68.0,0.2,4.0
8487,2024-11-14,47000.0,3200300.0,68.0,68.6,67.2,67.2,-0.8,24.0
8487,2024-11-15,5000.0,339100.0,67.2,68.0,67.2,68.0,0.8,3.0
8487,2024-11-18,3488.0,239515.0,69.6,69.6,68.0,68.0,0.0,6.0
8487,2024-11-19,4192.0,288448.0,68.8,68.8,68.8,68.8,0.8,7.0
8487,2024-11-20,11029.0,749798.0,68.0,69.0,67.0,68.7,-0.1,11.0
8487,2024-11-21,3000.0,205600.0,68.0,68.8,68.0,68.8,0.1,3.0
8487,2024-11-22,9013.0,629307.0,70.0,70.0,69.6,69.6,0.8,7.0
8487,2024-11-25,51150.0,3694975.0,72.6,72.7,71.6,72.7,3.1,38.0
8487,2024-11-26,11000.0,784000.0,71.0,72.0,71.0,72.0,-0.7,5.0
8487,2024-11-27,12081.0,870640.0,72.0,72.2,71.8,72.0,0.0,13.0
8487,2024-11-28,7000.0,497700.0,72.0,72.6,70.3,71.4,-0.6,6.0
8487,2024-11-29,13032.0,921811.0,71.4,71.4,70.3,71.3,-0.1,13.0
8487,2024-12-02,19000.0,1334900.0,70.0,71.3,70.0,71.3,0.0,11.0
8487,2024-12-03,5050.0,356400.0,71.3,71.3,70.0,70.0,-1.3,5.0
8487,2024-12-04,14033.0,973626.0,70.0,70.8,68.6,70.8,0.8,16.0
8487,2024-12-05,1265.0,89244.0,70.8,70.8,70.8,70.8,0.0,9.0
8487,2024-12-06,6000.0,425300.0,70.8,71.0,70.7,71.0,0.2,4.0
8487,2024-12-09,35120.0,2482223.0,72.1,72.1,70.1,70.1,-0.9,22.0
8487,2024-12-10,27115.0,1931165.0,74.9,74.9,71.0,72.0,1.9,18.0
8487,2024-12-11,21051.0,1497915.0,72.0,72.0,70.8,70.9,-1.1,17.0
8487,2024-12-12,18200.0,1277800.0,71.0,71.0,70.0,70.0,-0.9,25.0
8487,2024-12-13,32000.0,2208800.0,71.0,71.0,67.5,69.0,-1.0,29.0
8487,2024-12-16,135.0,9315.0,,,,,0.0,7.0
8487,2024-12-17,20117.0,1392377.0,69.0,70.4,68.9,69.0,0.0,19.0
8487,2024-12-18,10000.0,693300.0,70.0,70.0,69.0,69.4,0.4,6.0
8487,2024-12-19,4212.0,292828.0,69.4,70.0,69.4,70.0,0.6,14.0
8487,2024-12-20,7000.0,489700.0,70.0,70.0,69.7,70.0,0.0,6.0
8487,2024-12-23,1188.0,83254.0,70.0,70.0,70.0,70.0,0.0,2.0
8487,2024-12-24,2000.0,142000.0,71.0,71.0,71.0,71.0,1.0,2.0
8487,2024-12-25,17230.0,1231730.0,71.0,72.0,71.0,72.0,1.0,13.0
8487,2024-12-26,5000.0,355200.0,71.1,71.1,71.0,71.1,-0.9,5.0
8487,2024-12-27,2114.0,150705.0,71.3,71.3,71.3,71.3,0.2,4.0
8487,2024-12-30,15110.0,1086765.0,71.3,72.0,71.3,72.0,0.7,15.0
8487,2024-12-31,21060.0,1532544.0,72.0,73.1,72.0,73.0,1.0,17.0
8487,2025-01-02,20096.0,1486304.0,73.7,74.0,73.7,74.0,1.0,21.0
8487,2025-01-03,30105.0,2264180.0,74.5,76.0,74.5,75.3,1.3,25.0
8487,2025-01-06,38058.0,2840127.0,75.3,75.3,74.3,75.0,-0.3,27.0
8487,2025-01-07,6045.0,446630.0,74.2,74.2,73.3,73.3,-1.7,18.0
8487,2025-01-08,0.0,0.0,,,,,0.0,0.0
8487,2025-01-09,2207.0,160109.0,72.0,72.8,72.0,72.8,0.0,20.0
8487,2025-01-10,1038.0,75741.0,73.0,73.0,73.0,73.0,0.2,11.0
8487,2025-01-13,1013.0,73257.0,72.3,72.3,72.3,72.3,-0.7,4.0
8487,2025-01-14,23263.0,1656705.0,71.1,71.5,71.0,71.4,-0.9,37.0
8487,2025-01-15,7117.0,507752.0,71.4,71.4,71.0,71.4,0.0,26.0
8487,2025-01-16,13177.0,940145.0,71.9,71.9,71.1,71.2,-0.2,24.0
8487,2025-01-17,14513.0,1035805.0,71.3,71.5,71.2,71.2,0.0,25.0
8487,2025-01-20,22221.0,1601587.0,72.2,72.5,71.2,72.5,1.3,42.0
8487,2025-01-21,3312.0,240072.0,73.2,73.2,71.6,71.6,-0.9,17.0
8487,2025-01-22,267.0,19224.0,,,,,0.0,10.0
8487,2025-02-03,23167.0,1667630.0,71.0,72.2,71.0,72.0,0.0,23.0
8487,2025-02-04,42043.0,3050390.0,72.0,74.5,72.0,72.0,0.0,36.0
8487,2025-02-05,31719.0,2328613.0,72.1,74.8,72.1,72.5,0.5,37.0
8487,2025-02-06,31477.0,2301955.0,73.0,74.0,72.8,73.5,1.0,43.0
8487,2025-02-07,13505.0,993384.0,73.3,73.8,73.1,73.8,0.3,27.0
8487,2025-02-10,48157.0,3557027.0,73.8,74.5,73.6,73.6,-0.2,49.0
8487,2025-02-11,46162.0,3362110.0,73.1,73.6,72.5,73.6,0.0,53.0
8487,2025-02-12,10062.0,736012.0,73.6,73.6,72.7,73.6,0.0,51.0
8487,2025-02-13,11058.0,813737.0,73.6,73.6,73.5,73.5,-0.1,42.0
8487,2025-02-14,10059.0,736600.0,73.5,73.5,73.1,73.1,-0.4,60.0
8487,2025-02-17,24652.0,1837604.0,73.3,75.9,73.3,74.1,1.0,73.0
8487,2025-02-18,30279.0,2256145.0,74.2,75.3,74.0,74.0,-0.1,102.0
8487,2025-02-19,33274.0,2432169.0,73.3,73.5,73.0,73.5,-0.5,86.0
8487,2025-02-20,32348.0,2367251.0,73.6,73.6,73.1,73.1,-0.4,66.0
8487,2025-02-21,45063.0,3294075.0,73.1,73.5,73.0,73.0,-0.1,115.0
8487,2025-02-24,20416.0,1491311.0,73.1,73.1,73.0,73.0,0.0,78.0
8487,2025-02-25,13541.0,991917.0,73.0,73.7,73.0,73.3,0.3,70.0
8487,2025-02-26,156037.0,11849100.0,75.5,77.0,75.0,76.6,3.3,207.0
8487,2025-02-27,126414.0,9738741.0,77.0,78.5,76.0,76.8,0.2,985.0
8487,2025-03-03,147718.0,11465095.0,76.9,78.3,76.5,78.3,1.5,1117.0
8487,2025-03-04,71603.0,5574688.0,78.0,78.2,77.3,77.6,-0.7,770.0
8487,2025-03-05,74900.0,5919551.0,78.3,79.5,78.3,79.2,1.6,606.0
8487,2025-03-06,169198.0,13738010.0,79.7,82.5,79.7,80.0,0.8,757.0
8487,2025-03-07,108645.0,8581914.0,80.0,80.5,78.2,78.3,-1.7,785.0
8487,2025-03-10,45140.0,3601623.0,80.0,82.8,79.0,79.3,1.0,816.0
8487,2025-03-11,69794.0,5557784.0,80.0,80.3,78.3,80.0,0.7,1001.0
8487,2025-03-12,87453.0,6965831.0,80.0,81.0,79.0,80.1,0.1,1032.0
8487,2025-03-13,45794.0,3678082.0,81.0,81.0,80.0,80.1,0.0,1013.0
8487,2025-03-14,76145.0,6050929.0,80.1,80.1,79.1,80.0,-0.1,958.0
8487,2025-03-17,56573.0,4560829.0,81.0,81.0,80.0,80.6,0.6,1751.0
8487,2025-03-18,81583.0,6630745.0,81.0,81.6,80.7,81.6,1.0,1307.0
8487,2025-03-19,102015.0,8396707.0,82.2,82.5,81.6,82.5,0.9,1788.0
8487,2025-03-20,64489.0,5260645.0,82.5,82.5,81.3,81.3,-1.2,684.0
8487,2025-03-21,35665.0,2903023.0,82.3,82.3,81.3,81.5,0.2,338.0
8487,2025-03-24,43589.0,3553544.0,81.5,81.8,81.3,81.3,-0.2,279.0
8487,2025-03-25,20807.0,1684497.0,81.3,81.3,80.8,80.8,-0.5,317.0
8487,2025-03-26,18703.0,1506583.0,80.1,81.0,80.1,80.3,-0.5,168.0
8487,2025-03-27,19821.0,1591772.0,80.3,80.3,80.2,80.3,0.0,66.0
8487,2025-03-28,28835.0,2291230.0,80.2,80.2,79.1,79.5,-0.8,95.0
8487,2025-03-31,104562.0,8129181.0,79.0,79.0,76.7,77.7,-1.8,203.0
8487,2025-04-01,20409.0,1596929.0,77.8,78.7,77.8,78.5,0.8,43.0
8487,2025-04-02,12200.0,959728.0,78.8,78.8,78.5,78.6,0.1,28.0
8487,2025-04-07,104701.0,7601147.0,70.9,74.9,70.8,73.5,-5.1,195.0
8487,2025-04-08,61152.0,4578550.0,74.0,75.9,74.0,75.9,2.4,121.0
8487,2025-04-09,50756.0,3827958.0,77.5,77.5,73.1,75.7,-0.2,122.0
8487,2025-04-10,28574.0,2255019.0,81.4,81.4,78.2,78.9,3.2,66.0
8487,2025-04-11,10418.0,821057.0,78.9,78.9,78.7,78.8,-0.1,38.0
8487,2025-04-14,17433.0,1357123.0,76.9,78.8,76.9,77.9,-0.9,87.0
8487,2025-04-15,15954.0,1247187.0,78.0,78.7,78.0,78.7,0.8,44.0
8487,2025-04-16,8125.0,646265.0,81.7,81.7,78.2,78.7,0.0,34.0
8487,2025-04-17,15163.0,1196160.0,78.7,79.2,78.6,79.0,0.3,31.0
8487,2025-04-18,34075.0,2697855.0,79.2,79.5,79.0,79.0,0.0,50.0
8487,2025-04-21,9360.0,739673.0,79.0,79.0,79.0,79.0,0.0,50.0
8487,2025-04-22,42388.0,3285713.0,78.6,78.6,77.0,77.3,-1.7,59.0
8487,2025-04-23,18264.0,1428260.0,78.0,78.5,78.0,78.1,0.8,29.0
8487,2025-04-24,3177.0,248410.0,78.1,78.1,78.1,78.1,0.0,24.0
8487,2025-04-25,10598.0,834037.0,78.5,79.6,78.5,78.6,0.5,47.0
8487,2025-04-28,5354.0,423071.0,79.0,79.0,79.0,79.0,0.4,33.0
8487,2025-04-29,21221.0,1695554.0,79.2,80.1,79.2,80.1,1.1,31.0
8487,2025-04-30,2367.0,189529.0,80.1,80.1,80.0,80.0,-0.1,29.0
8487,2025-05-02,27529.0,2212722.0,80.3,80.8,80.1,80.1,0.1,51.0
8487,2025-05-05,69750.0,5680757.0,80.1,82.4,80.1,81.9,1.8,125.0
8487,2025-05-06,14754.0,1208290.0,81.8,82.0,81.7,81.7,-0.2,44.0
8487,2025-05-07,10384.0,843739.0,81.7,81.7,80.8,81.6,-0.1,116.0
8487,2025-05-08,21377.0,1743565.0,80.5,82.0,80.5,82.0,0.4,40.0
8487,2025-05-09,41762.0,3443563.0,82.0,82.8,82.0,82.7,0.7,73.0
8487,2025-05-12,48572.0,3967486.0,82.7,82.7,81.0,81.0,-1.7,69.0
8487,2025-05-13,43057.0,3447897.0,80.0,80.5,79.9,79.9,-1.1,87.0
8487,2025-05-14,50062.0,3989396.0,79.9,80.7,78.6,80.7,0.8,203.0
8487,2025-05-15,7551.0,605037.0,80.7,80.7,79.2,80.0,-0.7,29.0
8487,2025-05-16,50569.0,4022512.0,80.1,80.5,79.0,79.0,-1.0,155.0
8487,2025-05-19,33191.0,2613132.0,78.8,79.0,78.4,78.5,-0.5,65.0
8487,2025-05-20,24850.0,1961460.0,80.4,80.4,78.4,78.5,0.0,44.0
8487,2025-05-21,17867.0,1419794.0,79.1,80.0,79.1,80.0,1.5,59.0
8487,2025-05-22,12703.0,1010170.0,79.5,79.6,79.4,79.5,-0.5,38.0
8487,2025-05-23,17351.0,1383786.0,81.5,81.5,79.2,79.5,0.0,66.0
8487,2025-05-26,24940.0,1985852.0,79.5,80.8,79.4,80.8,1.3,117.0
8487,2025-05-27,15025.0,1219624.0,81.4,81.5,80.9,81.0,0.2,41.0
8487,2025-05-28,26221.0,2111544.0,80.3,81.0,80.2,81.0,0.0,62.0
8487,2025-05-29,32327.0,2625605.0,81.0,82.0,80.6,82.0,1.0,88.0
8487,2025-06-02,105641.0,8713050.0,82.0,84.0,81.9,81.9,-0.1,172.0
8487,2025-06-03,64174.0,4992131.0,77.0,78.5,77.0,77.7,0.0,125.0
8487,2025-06-04,50186.0,3875395.0,77.7,77.7,77.0,77.6,-0.1,88.0
8487,2025-06-05,22831.0,1763087.0,77.5,77.5,77.0,77.0,-0.6,75.0
8487,2025-06-06,12035.0,925510.0,77.0,77.0,76.6,76.6,-0.4,24.0
8487,2025-06-09,8289.0,636188.0,77.0,77.0,76.5,77.0,0.4,40.0
8487,2025-06-10,7558.0,582800.0,77.0,77.2,77.0,77.0,0.0,35.0
8487,2025-06-11,3787.0,293340.0,77.1,77.5,77.1,77.4,0.4,33.0
8487,2025-06-12,7394.0,575584.0,77.7,78.3,77.7,77.8,0.4,37.0
8487,2025-06-13,10075.0,779430.0,77.2,77.8,77.0,77.8,0.0,47.0
8487,2025-06-16,7276.0,563519.0,77.3,78.0,77.0,78.0,0.2,23.0
8487,2025-06-17,37028.0,2877681.0,78.0,78.8,76.7,77.9,-0.1,49.0
8487,2025-06-18,32043.0,2485735.0,77.9,78.1,77.0,77.9,0.0,40.0
8487,2025-06-19,23028.0,1775869.0,77.8,78.0,76.7,76.7,-1.2,32.0
8487,2025-06-20,5116.0,392487.0,76.7,76.7,76.7,76.7,0.0,18.0
8487,2025-06-23,8508.0,647148.0,76.0,76.1,76.0,76.0,-0.7,38.0
8487,2025-06-24,13465.0,1038143.0,77.4,77.6,76.9,76.9,0.9,55.0
8487,2025-06-25,35479.0,2735300.0,77.0,77.7,76.9,77.0,0.1,76.0
8487,2025-06-26,37612.0,2925784.0,78.5,78.5,77.5,77.7,0.7,62.0
8487,2025-06-27,28767.0,2226581.0,77.6,77.6,77.2,77.5,-0.2,59.0
8487,2025-06-30,46861.0,3637148.0,77.6,77.7,77.1,77.2,-0.3,74.0
8487,2025-07-01,34247.0,2654421.0,78.4,78.4,77.2,77.5,0.3,55.0
8487,2025-07-02,32406.0,2522839.0,78.0,78.5,77.5,77.5,0.0,59.0
8487,2025-07-03,20774.0,1612168.0,77.5,78.0,77.3,77.5,0.0,35.0
8487,2025-07-04,22936.0,1779017.0,77.6,77.8,77.3,77.3,-0.2,46.0
8487,2025-07-07,20416.0,1587347.0,78.0,78.2,77.3,77.3,0.0,28.0
8487,2025-07-08,59971.0,4682298.0,79.0,79.0,77.5,77.6,0.3,80.0
8487,2025-07-09,17430.0,1353860.0,77.7,77.8,77.6,77.7,0.1,39.0
8487,2025-07-10,17189.0,1337641.0,77.7,78.0,77.7,77.8,0.1,30.0
8487,2025-07-11,25373.0,1972573.0,77.8,77.9,77.5,77.8,0.0,47.0
8487,2025-07-14,28233.0,2197097.0,77.9,77.9,77.7,77.7,-0.1,35.0
8487,2025-07-15,19643.0,1527058.0,77.7,77.9,77.6,77.6,-0.1,33.0
8487,2025-07-16,32306.0,2536353.0,78.2,79.5,78.2,79.0,1.4,33.0
8487,2025-07-17,22095.0,1745875.0,79.1,79.2,79.0,79.1,0.1,52.0
8487,2025-07-18,69536.0,5578897.0,80.0,80.5,80.0,80.1,1.0,80.0
8487,2025-07-21,10326.0,828633.0,80.2,80.3,80.2,80.2,0.1,32.0
8487,2025-07-22,22255.0,1775149.0,80.0,80.0,79.4,80.0,-0.2,53.0
8487,2025-07-23,5589.0,447014.0,79.8,80.0,79.8,80.0,0.0,36.0
8487,2025-07-24,3258.0,260716.0,80.0,80.0,80.0,80.0,0.0,25.0
8487,2025-07-25,22404.0,1799805.0,80.1,80.5,80.0,80.3,0.3,45.0
8487,2025-07-28,17604.0,1419286.0,80.5,81.0,80.4,80.6,0.3,39.0
8487,2025-07-29,9367.0,752940.0,80.6,80.9,80.1,80.6,0.0,51.0
8487,2025-07-30,11627.0,935213.0,80.5,80.7,80.2,80.7,0.1,43.0
8487,2025-07-31,22188.0,1793410.0,80.7,80.9,80.7,80.9,0.2,96.0
8487,2025-08-01,20505.0,1653016.0,80.5,80.8,80.4,80.8,-0.1,110.0
8487,2025-08-04,9838.0,790738.0,80.1,80.5,80.1,80.5,-0.3,48.0
8487,2025-08-05,37200.0,3023846.0,81.0,81.7,80.6,81.4,0.9,82.0
8487,2025-08-06,18199.0,1466296.0,80.2,81.4,80.2,81.4,0.0,41.0
8487,2025-08-07,10927.0,890610.0,81.5,81.6,81.4,81.4,0.0,87.0
8487,2025-08-08,32593.0,2638279.0,81.2,81.4,80.5,81.1,-0.3,74.0
8487,2025-08-11,27263.0,2207269.0,80.8,81.5,80.0,81.3,0.2,56.0
8487,2025-08-12,40015.0,3270750.0,80.5,82.0,80.5,81.4,0.1,57.0
8487,2025-08-13,16779.0,1366991.0,81.6,81.6,81.4,81.5,0.1,44.0
8487,2025-08-14,33464.0,2714771.0,80.9,81.6,80.8,81.0,-0.5,67.0
8487,2025-08-15,10472.0,846375.0,80.9,80.9,80.7,80.7,-0.3,39.0
8487,2025-08-18,44793.0,3590224.0,81.5,81.5,79.8,79.8,-0.9,68.0
8487,2025-08-19,23079.0,1837540.0,80.0,80.0,79.5,79.8,0.0,78.0
8487,2025-08-20,24371.0,1948587.0,80.0,80.7,79.5,80.0,0.2,30.0
8487,2025-08-21,61462.0,4952286.0,80.3,81.0,79.8,81.0,1.0,46.0
8487,2025-08-22,6236.0,505447.0,81.0,81.1,81.0,81.0,0.0,13.0
8487,2025-08-25,43170.0,3495639.0,81.0,81.2,80.0,81.1,0.1,36.0
8487,2025-08-26,43334.0,3511236.0,79.8,81.4,79.8,81.2,0.1,63.0
8487,2025-08-27,20582.0,1669293.0,81.2,81.2,81.0,81.0,-0.2,46.0
8487,2025-08-28,10222.0,830309.0,81.0,81.5,81.0,81.1,0.1,24.0
8487,2025-08-29,12011.0,968560.0,80.6,80.7,80.2,80.7,-0.4,28.0
8487,2025-09-01,10211.0,824506.0,80.7,80.9,80.6,80.9,0.2,22.0
8487,2025-09-02,9354.0,757379.0,81.0,81.0,80.8,80.9,0.0,16.0
8487,2025-09-03,27565.0,2220305.0,80.9,80.9,80.3,80.3,-0.6,31.0
8487,2025-09-04,11220.0,903994.0,80.3,81.5,80.3,80.4,0.1,22.0
8487,2025-09-05,4832.0,388275.0,80.3,80.5,80.3,80.5,0.1,29.0
8487,2025-09-08,13399.0,1077541.0,80.5,80.7,80.2,80.6,0.1,30.0
8487,2025-09-09,12600.0,1015840.0,80.2,81.2,80.2,80.5,-0.1,51.0
8487,2025-09-10,18260.0,1466086.0,80.5,80.5,80.2,80.5,0.0,47.0
8487,2025-09-11,9745.0,781634.0,80.2,80.2,80.2,80.2,-0.3,27.0
8487,2025-09-12,2106.0,168681.0,80.2,80.2,80.2,80.2,0.0,18.0
8487,2025-09-15,8434.0,677849.0,80.3,80.4,80.3,80.4,0.2,25.0
8487,2025-09-16,13355.0,1074752.0,80.5,80.6,80.3,80.3,-0.1,33.0
8487,2025-09-17,11086.0,890509.0,80.4,80.4,80.3,80.4,0.1,45.0
8487,2025-09-18,10065.0,809329.0,80.4,80.5,80.4,80.5,0.1,15.0
8487,2025-09-19,6604.0,531319.0,80.3,80.5,80.3,80.4,-0.1,20.0
8487,2025-09-22,13253.0,1067445.0,80.5,81.0,80.3,80.7,0.3,24.0
8487,2025-09-23,20565.0,1652427.0,80.5,80.5,80.2,80.5,-0.2,38.0
8487,2025-09-24,15163.0,1216870.0,80.8,80.8,80.1,80.5,0.0,27.0
8487,2025-09-25,7486.0,601785.0,80.4,80.5,80.2,80.3,-0.2,31.0
8487,2025-09-26,6325.0,506706.0,80.0,80.3,80.0,80.3,0.0,22.0
8487,2025-09-30,8264.0,663399.0,80.3,80.3,80.2,80.2,-0.1,26.0
8487,2025-10-01,20361.0,1632214.0,80.2,80.2,80.0,80.0,-0.2,27.0
8487,2025-10-02,7503.0,609644.0,81.3,81.6,80.9,80.9,0.9,26.0
8487,2025-10-03,3330.0,269138.0,80.7,81.0,80.7,81.0,0.1,11.0
8487,2025-10-07,7870.0,634209.0,81.0,81.0,80.3,80.3,-0.7,45.0
8487,2025-10-08,9345.0,750116.0,80.3,80.4,80.1,80.1,-0.2,23.0
8487,2025-10-09,3544.0,283932.0,80.1,80.2,80.1,80.2,0.1,22.0
8487,2025-10-13,24013.0,1921252.0,79.8,80.1,79.8,80.0,-0.2,32.0
8487,2025-10-14,13032.0,1043278.0,80.0,80.3,79.9,79.9,-0.1,25.0
8487,2025-10-15,22874.0,1830267.0,79.9,80.1,79.9,80.1,0.2,67.0
8487,2025-10-16,2266.0,181931.0,80.3,80.3,80.3,80.3,0.2,21.0
8487,2025-10-17,15273.0,1222307.0,80.0,80.1,80.0,80.1,-0.2,27.0
8487,2025-10-20,145313.0,11273401.0,78.0,79.0,76.7,77.6,-2.5,170.0
8487,2025-10-21,56137.0,4369284.0,77.6,78.0,77.1,77.9,0.3,76.0
8487,2025-10-22,15696.0,1223539.0,77.9,78.0,77.9,77.9,0.0,24.0
8487,2025-10-23,3391.0,263810.0,77.7,77.9,77.6,77.6,-0.3,18.0
8487,2025-10-27,53681.0,4130481.0,77.6,77.6,76.3,76.3,-1.3,134.0
8487,2025-10-28,16572.0,1261915.0,76.3,76.4,76.0,76.0,-0.3,47.0
8487,2025-10-29,30237.0,2296883.0,76.0,76.2,75.8,75.9,-0.1,68.0
8487,2025-10-30,13984.0,1060937.0,75.9,75.9,75.7,75.7,-0.2,50.0
8487,2025-10-31,5862.0,443723.0,75.7,75.7,75.5,75.5,-0.2,41.0
8487,2025-11-03,18321.0,1379540.0,75.0,75.7,74.7,75.6,0.1,40.0
8487,2025-11-04,21477.0,1630027.0,75.6,76.2,75.6,76.2,0.6,30.0
8487,2025-11-05,19476.0,1470504.0,75.4,76.0,75.0,76.0,-0.2,36.0
8487,2025-11-06,16588.0,1260094.0,76.0,76.4,75.3,76.4,0.4,62.0
8487,2025-11-07,8131.0,622551.0,76.8,76.8,76.2,76.2,-0.2,45.0
8487,2025-11-10,31375.0,2373547.0,76.2,76.6,75.1,75.5,-0.7,49.0
8487,2025-11-11,10565.0,798850.0,75.5,75.8,75.5,75.8,0.3,42.0
8487,2025-11-12,23629.0,1800358.0,75.1,77.1,75.1,76.1,0.3,41.0
8487,2025-11-13,29370.0,2226301.0,76.1,76.1,75.0,76.1,0.0,53.0
8487,2025-11-14,6461.0,494296.0,76.6,76.7,76.3,76.3,0.2,25.0
8487,2025-11-17,5481.0,414544.0,75.6,75.6,75.6,75.6,-0.7,31.0
8487,2025-11-18,3741.0,292015.0,79.9,79.9,76.0,76.0,0.4,38.0
8487,2025-11-19,21456.0,1616746.0,76.2,76.2,74.2,74.2,-1.8,50.0
8487,2025-11-20,6381.0,481633.0,74.6,76.4,74.6,74.9,0.7,32.0
8487,2025-11-21,25137.0,1900637.0,74.6,76.7,74.3,76.2,1.3,68.0
8487,2025-11-24,14937.0,1150358.0,77.6,77.7,76.2,76.2,0.0,38.0
8487,2025-11-25,24511.0,1857981.0,76.5,77.3,75.2,76.0,-0.2,83.0
8487,2025-11-26,14487.0,1114576.0,77.0,77.4,76.6,76.6,0.6,34.0
8487,2025-11-27,5409.0,416061.0,76.6,77.5,76.6,77.5,0.9,36.0
8487,2025-11-28,1412.0,109428.0,77.5,77.5,77.5,77.5,0.0,23.0
8487,2025-12-01,1576.0,122236.0,77.6,77.6,77.6,77.6,0.1,37.0
8487,2025-12-02,2270.0,176120.0,77.6,77.6,77.6,77.6,0.0,29.0
8487,2025-12-03,10542.0,821866.0,78.0,78.0,77.8,77.8,0.2,27.0
8487,2025-12-04,37210.0,2862551.0,77.5,78.2,76.2,77.2,-0.6,52.0
8487,2025-12-05,18262.0,1397246.0,78.0,78.0,76.0,76.5,-0.7,35.0
8487,2025-12-08,12157.0,927201.0,76.6,76.6,75.7,76.0,-0.5,26.0
8487,2025-12-09,2488.0,191676.0,76.9,77.0,76.9,77.0,1.0,21.0
8487,2025-12-10,10186.0,795156.0,78.0,78.2,78.0,78.0,1.0,27.0
8487,2025-12-11,13169.0,1023253.0,77.5,78.2,76.9,76.9,-1.1,26.0
8487,2025-12-12,11913.0,931912.0,78.3,78.4,78.0,78.0,1.1,29.0
8487,2025-12-15,3070.0,236820.0,76.7,77.9,76.7,77.9,-0.1,18.0
8487,2025-12-16,5214.0,406067.0,79.0,79.0,77.2,77.9,0.0,35.0
8487,2025-12-17,13238.0,1033288.0,77.8,78.4,77.3,78.4,0.5,25.0
8487,2025-12-18,5718.0,447474.0,78.3,78.3,78.3,78.3,-0.1,16.0
8487,2025-12-19,10468.0,824595.0,78.8,79.0,78.5,78.7,0.4,43.0
8487,2025-12-22,30691.0,2427962.0,78.7,79.9,78.7,78.7,0.0,94.0
8487,2025-12-23,5055.0,399022.0,78.8,79.3,78.6,78.7,0.0,15.0
8487,2025-12-24,1336.0,105219.0,78.7,78.7,78.7,78.7,0.0,23.0
8487,2025-12-26,3244.0,254564.0,78.2,78.9,78.2,78.2,-0.5,18.0
8487,2025-12-29,8503.0,658705.0,77.5,77.5,77.2,77.3,-0.9,36.0
8487,2025-12-30,11086.0,860877.0,77.5,77.9,77.4,77.9,0.6,36.0
8487,2025-12-31,2026.0,157043.0,77.5,77.5,77.5,77.5,-0.4,10.0
8487,2026-01-02,57722.0,4523772.0,77.6,79.8,77.5,78.8,1.3,81.0
8487,2026-01-05,37530.0,2962698.0,78.8,79.2,78.5,79.0,0.2,53.0
8487,2026-01-06,5184.0,409412.0,78.8,79.0,78.8,79.0,0.0,38.0
8487,2026-01-07,54164.0,4336755.0,79.0,80.9,79.0,80.1,1.1,112.0
8487,2026-01-08,24374.0,1969444.0,80.6,81.3,80.2,80.2,0.1,53.0
8487,2026-01-09,9234.0,738208.0,80.2,80.2,79.7,79.9,-0.3,21.0
8487,2026-01-12,10260.0,819434.0,80.5,80.5,79.4,79.4,-0.5,35.0
8487,2026-01-13,11468.0,905692.0,79.1,79.1,78.8,79.0,-0.4,55.0
8487,2026-01-14,6484.0,510719.0,79.0,79.0,78.6,78.8,-0.2,61.0
8487,2026-01-15,60428.0,4854208.0,79.9,81.2,79.5,80.1,1.3,74.0
8487,2026-01-16,19947.0,1605554.0,81.0,81.0,80.2,80.5,0.4,63.0
8487,2026-01-19,30925.0,2496400.0,82.0,82.0,80.5,81.0,0.5,68.0
8487,2026-01-20,5150.0,416189.0,80.7,81.0,80.6,80.7,-0.3,28.0
8487,2026-01-21,45143.0,3646371.0,80.6,80.8,80.5,80.8,0.1,76.0
8487,2026-01-22,27315.0,2207136.0,80.8,81.0,80.5,80.5,-0.3,66.0
8487,2026-01-23,9185.0,738862.0,80.5,80.5,80.4,80.4,-0.1,27.0
8487,2026-01-26,16643.0,1338365.0,80.6,80.6,80.2,80.2,-0.2,69.0
8487,2026-01-27,28589.0,2297341.0,80.3,80.3,80.2,80.3,0.1,95.0
8487,2026-01-28,45492.0,3645512.0,80.4,80.5,79.7,80.0,-0.3,73.0
8487,2026-01-29,14155.0,1133113.0,80.0,80.7,79.9,79.9,-0.1,34.0
8487,2026-01-30,46406.0,3756016.0,82.2,82.3,80.5,80.7,0.8,73.0
8487,2026-02-02,12069.0,971441.0,80.5,80.7,80.3,80.5,-0.2,65.0
8487,2026-02-03,21827.0,1751175.0,80.4,80.8,80.0,80.0,-0.5,51.0
8487,2026-02-04,5491.0,444483.0,81.0,81.0,80.9,80.9,0.9,30.0
8487,2026-02-05,6814.0,550696.0,81.2,81.2,80.3,80.3,-0.6,47.0
8487,2026-02-06,4584.0,367443.0,80.1,80.2,80.1,80.2,-0.1,28.0
8487,2026-02-09,38199.0,3121460.0,80.9,82.4,80.8,81.8,1.6,85.0
8487,2026-02-10,11422.0,929446.0,80.5,81.8,80.5,81.4,-0.4,52.0
8487,2026-02-11,43301.0,3559473.0,81.4,82.7,81.4,82.6,1.2,101.0
8487,2026-02-23,29809.0,2453727.0,82.6,82.6,81.8,82.3,-0.3,106.0
8487,2026-02-24,19819.0,1627024.0,82.0,82.3,81.4,82.1,-0.2,97.0
8487,2026-02-25,25122.0,2065713.0,82.0,82.4,82.0,82.3,0.2,128.0
8487,2026-02-26,18303.0,1506296.0,82.3,82.4,82.2,82.4,0.1,122.0
8487,2026-03-02,25544.0,2135609.0,84.2,84.2,83.0,83.7,1.3,293.0
8487,2026-03-03,23924.0,2005131.0,83.7,84.7,83.5,83.7,0.0,74.0
8487,2026-03-04,49812.0,4189356.0,84.8,84.9,83.4,83.9,0.2,173.0
8487,2026-03-05,71894.0,6140887.0,85.1,86.8,83.9,84.0,0.1,311.0
8487,2026-03-06,28381.0,2347246.0,83.5,83.9,82.0,82.6,-1.4,240.0
8487,2026-03-09,30359.0,2477170.0,84.6,84.6,80.0,81.2,-1.4,319.0
8487,2026-03-10,32101.0,2612250.0,81.3,82.6,80.6,82.0,0.8,199.0
8487,2026-03-11,26670.0,2164719.0,82.0,82.0,81.0,81.0,-1.0,158.0
8487,2026-03-12,11764.0,957530.0,80.8,82.0,80.5,82.0,1.0,193.0
8487,2026-03-13,16821.0,1362568.0,82.0,82.0,80.6,80.7,-1.3,212.0
8487,2026-03-16,36326.0,2913382.0,80.6,80.6,79.3,79.3,-1.4,1035.0
8487,2026-03-17,33163.0,2650344.0,81.4,81.6,79.2,79.9,0.6,492.0
8487,2026-03-18,19667.0,1585859.0,79.9,81.8,79.9,80.5,0.6,567.0
8487,2026-03-19,17690.0,1409529.0,79.7,80.0,79.6,79.6,-0.9,692.0
8487,2026-03-20,8801.0,700122.0,79.6,79.9,79.2,79.9,0.3,210.0
8487,2026-03-23,4376.0,344782.0,78.0,79.1,78.0,79.1,-0.8,315.0
8487,2026-03-24,28134.0,2238249.0,80.6,80.6,78.6,80.0,0.9,283.0
8487,2026-03-25,18021.0,1445182.0,79.9,80.8,79.9,79.9,-0.1,115.0
8487,2026-03-26,7196.0,575357.0,79.9,80.0,79.9,79.9,0.0,72.0
8487,2026-03-27,25378.0,2035535.0,79.5,81.3,79.5,80.6,0.7,74.0
8487,2026-03-30,3383.0,270988.0,79.6,79.7,79.6,79.7,-0.9,52.0
8487,2026-03-31,49279.0,3848246.0,78.2,79.0,77.8,77.8,-1.9,71.0
8487,2026-04-01,10568.0,841143.0,79.8,79.9,79.0,79.0,1.2,41.0
8487,2026-04-02,9857.0,791873.0,79.5,81.0,79.5,80.4,1.4,43.0
8487,2026-04-07,41289.0,3276278.0,80.0,80.4,78.7,78.7,-1.7,84.0
8487,2026-04-08,16233.0,1293121.0,79.9,80.0,79.2,79.5,0.8,34.0
8487,2026-04-09,57223.0,4589791.0,80.0,81.0,79.5,79.5,0.0,59.0
8487,2026-04-10,80639.0,6447640.0,79.6,81.5,79.1,79.5,0.0,79.0
8487,2026-04-13,76117.0,6050467.0,79.2,80.3,79.0,79.9,0.4,112.0
8487,2026-04-14,20260.0,1616693.0,79.5,80.3,79.5,79.6,-0.3,50.0
8487,2026-04-15,18282.0,1458059.0,79.5,80.3,79.3,80.3,0.7,41.0
8487,2026-04-16,23467.0,1880812.0,80.2,80.5,79.7,79.7,-0.6,34.0
8487,2026-04-17,48615.0,3846054.0,79.7,79.7,78.3,79.4,-0.3,96.0
8487,2026-04-20,24207.0,1907880.0,79.0,79.5,78.3,79.5,0.1,34.0
8487,2026-04-21,35665.0,2788031.0,79.5,79.5,77.7,78.7,-0.8,64.0
8487,2026-04-22,64789.0,5083277.0,78.8,78.9,78.0,78.3,-0.4,119.0
8487,2026-04-23,28161.0,2204868.0,78.3,79.2,77.6,78.5,0.2,57.0
8487,2026-04-24,24494.0,1918603.0,78.1,78.9,78.0,78.9,0.4,50.0
8487,2026-04-27,9807.0,775124.0,78.9,79.2,78.9,79.0,0.1,58.0
8487,2026-04-28,48936.0,3818380.0,79.0,79.0,77.7,78.0,-1.0,85.0
8487,2026-04-29,48824.0,3790058.0,78.0,78.0,77.5,77.5,-0.5,75.0
8487,2026-04-30,79546.0,6133728.0,77.5,77.9,76.7,77.1,-0.4,64.0
8487,2026-05-04,59601.0,4576293.0,77.4,77.5,76.5,76.5,-0.6,68.0
8487,2026-05-05,28503.0,2178804.0,76.7,76.7,76.1,76.1,-0.4,51.0
8487,2026-05-06,28068.0,2149377.0,76.5,77.0,76.1,76.6,0.5,59.0
8487,2026-05-07,248827.0,19389236.0,78.5,80.5,77.0,78.9,2.3,183.0
8487,2026-05-08,105013.0,8135174.0,78.5,78.7,76.4,78.7,-0.2,152.0
8487,2026-05-11,104366.0,8078229.0,78.7,78.7,76.9,77.8,-0.9,161.0
8487,2026-05-12,26102.0,2028315.0,77.7,78.0,77.4,77.6,-0.2,88.0
8487,2026-05-13,22873.0,1792897.0,79.9,79.9,78.0,78.0,0.4,49.0
8487,2026-05-14,76070.0,5947139.0,78.7,79.0,77.5,78.2,0.2,88.0
8487,2026-05-15,77586.0,6068274.0,77.8,78.8,77.8,78.2,0.0,70.0
8487,2026-05-18,35516.0,2799339.0,78.4,79.0,78.4,78.5,0.3,60.0
8487,2026-05-19,20358.0,1600653.0,78.7,78.8,78.5,78.6,0.1,39.0
8487,2026-05-20,16203.0,1274484.0,78.3,79.0,78.2,79.0,0.4,34.0
8487,2026-05-21,6063.0,479915.0,79.0,79.2,79.0,79.2,0.2,22.0
8487,2026-05-22,41537.0,3319225.0,79.0,80.5,79.0,80.4,1.2,86.0
8487,2026-05-25,72566.0,5866308.0,80.4,81.7,80.4,81.1,0.7,117.0
8487,2026-05-26,52440.0,4281458.0,81.0,81.9,81.0,81.7,0.6,80.0
8487,2026-05-27,89250.0,7335633.0,81.7,82.8,81.6,81.6,-0.1,110.0
8487,2026-05-28,61605.0,4990807.0,81.6,81.6,80.5,80.7,-0.9,94.0
8487,2026-05-29,65829.0,5346867.0,81.0,81.9,80.5,80.7,0.0,100.0
8487,2026-06-01,101806.0,8325554.0,82.2,82.2,81.1,82.0,1.3,142.0
8487,2026-06-02,78621.0,6149403.0,78.9,79.0,77.4,78.5,0.0,140.0
8487,2026-06-03,106679.0,8365118.0,78.4,79.0,77.5,78.4,-0.1,115.0
8487,2026-06-04,50195.0,3963518.0,78.7,79.6,78.4,79.4,1.0,96.0
8487,2026-06-05,59631.0,4769323.0,79.4,80.5,79.4,80.0,0.6,82.0
8487,2026-06-08,55665.0,4374718.0,78.0,78.8,78.0,78.8,-1.2,82.0
8487,2026-06-09,79580.0,6369541.0,79.6,81.5,78.9,81.5,2.7,98.0
8487,2026-06-10,66438.0,5334990.0,81.7,81.7,79.6,80.2,-1.3,110.0
8487,2026-06-11,303422.0,25154838.0,84.1,84.9,81.0,83.1,2.9,332.0
8487,2026-06-12,183316.0,15298465.0,84.9,85.2,82.0,82.0,-1.1,237.0
8487,2026-06-15,123454.0,9996015.0,82.8,82.8,80.0,80.6,-1.4,181.0
8487,2026-06-16,119749.0,9409069.0,80.6,80.6,77.7,78.6,-2.0,195.0
8487,2026-06-17,43608.0,3438703.0,78.6,79.3,78.1,79.3,0.7,65.0
8487,2026-06-18,25829.0,2043531.0,79.5,79.9,78.6,78.6,-0.7,49.0
8487,2026-06-22,48189.0,3780806.0,78.5,79.1,78.0,79.0,0.4,95.0
8487,2026-06-23,56010.0,4375027.0,78.0,78.8,77.6,78.8,-0.2,75.0
8487,2026-06-24,15745.0,1234262.0,77.7,78.8,77.7,78.8,0.0,44.0
8487,2026-06-25,18528.0,1455207.0,78.8,78.8,78.3,78.8,0.0,41.0
8487,2026-06-26,33736.0,2634008.0,78.8,78.8,77.7,77.7,-1.1,75.0
8487,2026-06-29,30286.0,2356017.0,77.7,78.2,77.6,77.6,-0.1,48.0
8487,2026-06-30,18479.0,1452254.0,78.6,79.0,78.1,78.8,1.2,39.0
8487,2026-07-01,52775.0,4123265.0,77.3,78.9,77.2,77.8,-1.0,248.0
8487,2026-07-02,38288.0,2980115.0,77.7,78.4,77.2,78.0,0.2,84.0
8487,2026-07-03,28322.0,2209931.0,77.9,78.3,77.7,78.3,0.3,43.0
8487,2026-07-06,30500.0,2378994.0,78.3,78.3,77.6,78.3,0.0,53.0
8487,2026-07-07,21205.0,1648980.0,77.9,77.9,77.6,77.7,-0.6,47.0
8487,2026-07-08,12220.0,949415.0,77.5,77.8,77.5,77.8,0.1,23.0
8487,2026-07-09,68244.0,5335787.0,78.7,78.7,77.5,78.6,0.8,72.0
8487,2026-07-13,90540.0,6969375.0,78.5,78.5,76.4,77.0,-1.6,162.0
8487,2026-07-14,40039.0,3057504.0,76.8,77.6,75.8,75.9,-1.1,96.0
8487,2026-07-15,41626.0,3167655.0,75.9,76.9,75.4,76.1,0.2,80.0
8487,2026-07-16,18318.0,1400053.0,75.1,76.9,75.1,76.9,0.8,67.0
8487,2026-07-17,57433.0,4361252.0,75.5,76.8,75.5,76.0,-0.9,69.0
8487,2026-07-20,50667.0,3785949.0,75.7,76.5,73.2,75.1,-0.9,100.0
8487,2026-07-21,28443.0,2138897.0,75.1,75.6,75.0,75.0,-0.1,52.0
8487,2026-07-22,36242.0,2724349.0,75.1,75.5,75.0,75.2,0.2,45.0
8487,2026-07-23,30302.0,2285995.0,75.2,75.8,75.2,75.6,0.4,40.0
8487,2026-07-24,31257.0,2363439.0,76.3,76.3,75.4,75.4,-0.2,28.0
8487,2026-07-27,19266.0,1453433.0,75.5,75.5,75.3,75.3,-0.1,29.0
8487,2026-07-28,17724.0,1338871.0,77.1,77.1,75.0,75.0,-0.3,31.0
8487,2026-07-29,31375.0,2332938.0,76.0,76.0,74.1,74.5,-0.5,71.0
8487,2026-07-30,14712.0,1090923.0,74.5,74.5,74.0,74.1,-0.4,43.0
8487,2026-07-31,24650.0,1846816.0,74.3,76.0,74.2,75.0,0.9,36.0
8487,2026-08-03,29512.0,2220707.0,75.3,75.5,75.0,75.2,0.2,45.0
8487,2026-08-04,22161.0,1669537.0,76.4,76.4,74.8,75.0,-0.2,28.0
8487,2026-08-05,24266.0,1810208.0,75.0,75.0,74.1,74.9,-0.1,45.0
8487,2026-08-06,91458.0,6563235.0,70.6,72.7,70.3,72.4,-2.5,153.0
8487,2026-08-07,20286.0,1468930.0,72.0,72.9,72.0,72.9,0.5,58.0
8487,2026-08-10,22777.0,1651004.0,73.0,73.0,72.0,72.6,-0.3,82.0
8487,2026-08-11,36287.0,2623759.0,72.3,72.4,71.9,72.1,-0.5,78.0
8487,2026-08-12,6559.0,473668.0,72.1,72.4,72.1,72.4,0.3,25.0
8487,2026-08-13,12590.0,914430.0,73.1,73.1,72.2,72.2,-0.2,32.0
8487,2026-08-14,9475.0,685694.0,72.1,73.3,72.1,72.2,0.0,28.0
8487,2026-08-17,18914.0,1360853.0,72.1,72.2,71.8,72.0,-0.2,43.0
8487,2026-08-18,15336.0,1098222.0,72.9,72.9,71.3,71.3,-0.7,52.0
8487,2026-08-19,4506.0,321314.0,71.3,71.3,71.0,71.0,-0.3,22.0
8487,2026-08-20,28798.0,2032756.0,71.0,71.0,70.4,70.6,-0.4,67.0
8487,2026-08-21,10411.0,736129.0,70.6,70.9,70.6,70.9,0.3,36.0
8487,2026-08-24,6464.0,460510.0,71.0,71.3,71.0,71.3,0.4,22.0
8487,2026-08-25,8125.0,580801.0,71.6,71.6,71.3,71.3,0.0,19.0
8487,2026-08-26,2330.0,166776.0,71.7,71.7,71.6,71.6,0.3,23.0
8487,2026-08-27,30290.0,2157775.0,71.0,72.0,71.0,71.4,-0.2,31.0
8487,2026-08-28,10090.0,720411.0,72.5,72.5,70.9,71.9,0.5,20.0
8487,2026-08-31,30901.0,2184740.0,71.9,71.9,70.4,70.5,-1.4,59.0
8487,2026-09-01,8735.0,617289.0,71.0,71.0,70.5,70.5,0.0,36.0
8487,2026-09-02,20040.0,1408249.0,70.5,71.0,70.0,71.0,0.5,50.0
8487,2026-09-03,9643.0,680332.0,70.6,70.6,70.4,70.4,-0.6,30.0
8487,2026-09-04,2295.0,161717.0,70.4,70.5,70.4,70.5,0.1,14.0
8487,2026-09-07,17916.0,1268731.0,70.2,71.4,70.2,71.4,0.9,47.0
8487,2026-09-08,6339.0,451487.0,71.5,71.5,70.5,71.3,-0.1,47.0
8487,2026-09-09,3747.0,265856.0,71.2,71.2,70.4,70.9,-0.4,21.0
8487,2026-09-10,3104.0,218840.0,70.2,71.1,70.2,71.1,0.2,9.0
8487,2026-09-11,2762.0,194967.0,70.5,70.5,70.5,70.5,-0.6,24.0
8487,2026-09-14,10025.0,702866.0,70.3,70.3,70.0,70.1,-0.4,21.0
8487,2026-09-15,7216.0,507309.0,70.5,70.5,70.0,70.0,-0.1,14.0
